draw,regime_id,pcm_id,valid,latent_heat_mult,annual_ghi_scale,annual_tamb_offset_C,demand_multiplier,timing_shift_hours,mains_delta_C,state,cluster_id,pcm_name,mains_temp_C,useful_energy_kWh,solar_fraction,delivery_temp_hours,unmet_energy_kWh,pump_energy_kWh,collector_energy_kWh,loss_energy_kWh,charge_energy_kWh,discharge_energy_kWh,residual_pct_of_collector,pcm_mass_kg,max_water_temp_C,max_pcm_temp_C,n_safety_violations,final_f_melt,complete_melt_cycles,n_hours_simulated,mean_f_melt,min_f_melt,max_f_melt
0,0,RT42,True,1.0027278014886263,0.9760180974198183,-0.3328477236458541,1.0623096416682967,0.13875159554154715,-0.5645711328923446,uttarakhand,0,RT42,20.065428867107656,1527.5406568191825,0.36999850415979696,1024,2557.789543821919,8.77368679523442e-10,1611.3441567174332,84.49247473525094,9.12775490742126,9.131831984393227,0.005762013072568411,0.49618403750283674,72.11497577571843,72.07549137582997,2726,0.0,251,8784,0.30168155700414545,0.0,1.0
1,0,RT42,True,0.9904745097860911,1.012301442226795,-0.7865928149071711,0.9699090627602712,-0.05531410292628236,1.1974168792691255,uttarakhand,0,RT42,21.827416879269123,1507.2410225560782,0.4054022639946179,1242,2074.3402810499465,8.725489428549615e-10,1605.0002896915605,98.35593692316675,9.553259174032389,9.556841382983333,0.006486696526463586,0.49618403750283674,72.23105116812091,72.11991927399194,2331,0.0,272,8784,0.3664760914724236,0.0,1.0
2,0,RT42,True,0.9955626091426788,1.0458459176244876,0.7747648784248966,0.975208508065082,0.3645996273997223,0.42853790746818765,uttarakhand,0,RT42,21.058537907468185,1611.7321667850983,0.42837935657931847,1676,2059.799350204647,8.774971202071668e-10,1704.6231842212956,93.4713462838135,10.430712098443362,10.434485187223032,0.002808868940194608,0.49618403750283674,77.07039570358172,77.0263789261349,8734,0.0,305,8784,0.38698545198349643,0.0,1.0
3,0,RT42,True,1.0270657485904662,0.9870710763013232,-0.12149231548696685,1.1122939259823352,-0.22276802506325522,-0.6457954404349979,uttarakhand,0,RT42,19.984204559565,1557.7712932816794,0.3537052881606345,760,2754.857178185408,8.98243501694513e-10,1636.083870135167,79.05800729380357,8.893370149868039,8.89745242703444,0.009060462120646049,0.49618403750283674,70.6953643525889,70.51262608005274,553,0.0,225,8784,0.28076162998483767,0.0,1.0
4,0,RT42,True,0.9214307907468922,0.9792616230811133,-0.3019019557211333,1.0407189161778767,0.14784662737783028,1.8891536028248375,uttarakhand,0,RT42,22.519153602824836,1471.7336112877265,0.39137326187279065,1324,2222.356072996084,8.62251211013403e-10,1567.1626464891285,96.04427166559141,9.181414248213608,9.184845550139082,0.009845404672444196,0.49618403750283674,73.82687564060458,73.78943982710497,4955,0.0,285,8784,0.35648541282736407,0.0,1.0
5,0,RT42,True,1.0378207918001432,1.0164007884380244,-0.05918004584798012,0.8531446248407042,-0.39928446367684134,-0.9816150450765089,uttarakhand,0,RT42,19.64838495492349,1537.9106373575232,0.4356575481927999,1362,1865.7190598408097,8.855985163520126e-10,1630.4172997517705,93.12591126668525,9.99832039083893,10.002430727116165,0.000991972851262492,0.49618403750283674,73.41286820593291,73.4054691152645,3071,0.0,274,8784,0.3732379107099928,0.0,1.0
6,0,RT42,True,0.9030848976492496,1.0016859829611588,0.06535278181266957,0.8770619683630116,0.3209050310258025,-0.01722991929008444,uttarakhand,0,RT42,20.612770080709915,1511.7288538731316,0.4406007528606458,1668,1840.8138405400803,8.721925199569959e-10,1607.5978663544934,96.45130903946881,9.619278315578061,9.623141405571804,0.0019265585866154085,0.49618403750283674,77.44484163188417,77.40415034576569,8344,0.0,303,8784,0.3828526275631995,0.0,1.0
7,0,RT42,True,1.0225585677314264,1.0339261372596384,0.5676098238593239,0.8673301158050837,-0.3282610873007652,-1.33985195412229,uttarakhand,0,RT42,19.290148045877707,1592.4099441350636,0.4375056751378016,1408,1912.8431395036437,8.923673404001058e-10,1681.528214936953,89.75162210203109,10.087917229376599,10.092115256688464,0.0007092356657491013,0.49618403750283674,74.18315096049142,74.17859380353289,3561,0.0,271,8784,0.377474175644739,0.0,1.0
8,0,RT42,True,1.006883670871499,1.0059985739069608,-0.8236981011857444,0.9831238687394735,0.01331288937738806,-1.5754512102623948,uttarakhand,0,RT42,19.054548789737606,1563.372585950729,0.3935353861792663,1195,2355.6436252838253,8.78466847371851e-10,1650.8844530486017,88.20603829272753,9.527964729513165,9.532285363041163,0.002846350523788013,0.49618403750283674,74.05692878312723,74.01464310334345,5034,0.0,261,8784,0.31788671371798133,0.0,1.0
9,0,RT42,True,1.0847442618539016,1.00048078614071,-0.015175680592220922,1.0394457123696257,-0.4041164944427166,0.4434166553495924,uttarakhand,0,RT42,21.07341665534959,1539.3502745598473,0.38211402171080755,1030,2371.954508472287,8.896411868817247e-10,1626.2204078562447,87.51448383163235,9.777379574105298,9.781157639157835,0.006817792315318039,0.49618403750283674,71.56280813640615,71.35357072394834,1347,0.0,250,8784,0.33100239229108525,0.0,1.0
10,0,RT42,True,0.9020232832061246,1.0197786815388798,0.6848656202684793,1.0149743591966922,0.3715078060366036,-0.6503025617295286,uttarakhand,0,RT42,19.97969743827047,1607.3878148051494,0.4018641979599874,1366,2326.853269497494,8.815879559935284e-10,1692.0707699897919,85.32412757105743,9.301933684798101,9.306006630316926,0.0027140810147902113,0.49618403750283674,74.92220482402358,74.87814368507745,6002,0.0,281,8784,0.34710646268392137,0.0,1.0
11,0,RT42,True,0.9134935132391789,1.008326178381004,-0.1038906661511296,0.9952690275614118,0.2640444459233401,-0.4133846285244367,uttarakhand,0,RT42,20.216615371475562,1562.40283712814,0.40143468337894617,1334,2265.2970061681767,8.768773939069011e-10,1651.5401287675477,89.77845946089985,9.24459507516006,9.248609110310765,0.0035264022396706,0.49618403750283674,75.2247637040684,75.17812714842174,5965,0.0,281,8784,0.3447975180413661,0.0,1.0
12,0,RT42,True,1.0504365512131673,0.9544638661911995,-0.47783022507381956,1.1253630150837233,-0.08602037238041638,-1.4240229791090315,uttarakhand,0,RT42,19.205977020890966,1525.4976666216755,0.33689944268309446,597,2933.8474198511694,9.010788297945544e-10,1599.3631871753569,74.66442704088966,8.4404316283344,8.444728921058813,0.009795445382350774,0.49618403750283674,68.8034461812402,68.63628392395859,266,0.0,193,8784,0.24182201920994514,0.0,1.0
13,0,RT42,True,0.9058205572802017,1.0176285230644972,-0.3723552453170951,0.9866621382032511,0.39945807488591545,-1.357916332333855,uttarakhand,0,RT42,19.272083667666145,1588.0031128939697,0.40000457779616627,1285,2322.4617758765658,8.793113448692746e-10,1675.2754396773762,87.95004354067129,9.139704395113698,9.143969182322857,0.002521819119406779,0.49618403750283674,75.49089585994903,75.44763482864725,5561,0.0,277,8784,0.333700987126876,0.0,1.0
14,0,RT42,True,0.9600854441850354,1.0135702904114035,0.16916371523304818,0.819119279647695,0.13766575158358685,-4.68362436354397e-05,uttarakhand,0,RT42,20.629953163756362,1510.1659095068032,0.46628707565912264,1923,1639.3004959333664,8.674659027848265e-10,1610.327407279545,100.72191039944012,10.285137588170713,10.288958249294991,0.001114541357813005,0.49618403750283674,80.13515163905596,80.10086343146301,10852,0.0,316,8784,0.403926008090196,0.0,1.0
15,0,RT42,True,1.054544912688406,1.0178401052973087,0.01527173964042372,0.9280007133658924,0.3945622880493379,1.4211356708649712,uttarakhand,0,RT42,22.05113567086497,1516.3821836524555,0.4368638917535793,1730,1864.7684557549699,8.627585517152289e-10,1616.8595645320029,101.01889293261586,10.792745703785556,10.796259192367017,0.003920553441419737,0.49618403750283674,78.02785404450364,77.99195624616912,8823,0.0,309,8784,0.39559588747047486,0.0,1.0
16,0,RT42,True,0.9999334194716939,1.0248820211889669,0.9256642159612409,1.0825650839859864,-0.25762723119552977,0.7684833525142887,uttarakhand,0,RT42,21.398483352514287,1603.29907139415,0.3840794058929632,1093,2434.820039711721,8.961852397327129e-10,1687.3632425769924,84.7041776438636,9.601301126492197,9.60499144247227,0.0074024941933716875,0.49618403750283674,73.36742585325854,73.15812713712877,1905,0.0,267,8784,0.3465062187676446,0.0,1.0
17,0,RT42,True,0.962391242107807,1.0293079729326093,0.9694842686323477,1.07588985125486,-0.233560278086539,-1.8991864108155978,uttarakhand,0,RT42,18.7308135891844,1668.0839918675613,0.37332494443366726,925,2691.6951003639824,9.111100472166946e-10,1741.0793144405648,73.70336525291572,9.083861513053654,9.088259218206844,0.0025749982867420153,0.49618403750283674,71.02440921498204,70.89733239140486,1324,0.0,243,8784,0.3016195896416113,0.0,1.0
18,0,RT42,True,0.9016644983749538,1.0014674180953114,-0.24655275818946384,1.19255344409748,-0.13280534217037387,1.8151090614510377,uttarakhand,0,RT42,22.445109061451035,1541.3347707956468,0.351781761543428,871,2719.5488050943877,8.859709943357044e-10,1628.7482135095236,88.30633359967987,8.520524956263516,8.52396282009417,0.02643763111200301,0.49618403750283674,72.51963436987982,72.31667559723252,965,0.0,250,8784,0.3141328060374961,0.0,1.0
19,0,RT42,True,0.9409482268032529,0.9889733637003486,0.25864205330246137,0.8534586446740223,0.26513593816431036,-1.3252223663272353,uttarakhand,0,RT42,19.304777633672764,1515.2435617480326,0.4376224705586167,1519,1880.9631549468536,8.762223464183735e-10,1604.9992255171926,90.39018624605558,9.689641771155785,9.693836757839037,0.0008534314688155135,0.49618403750283674,77.62842797632717,77.58753344682708,7797,0.0,288,8784,0.36207585103182144,0.0,1.0
20,0,RT42,True,1.024264590201542,1.0055552896039166,-1.067577747778084,0.9569788295839298,0.4056138502095382,-0.188112438474481,uttarakhand,0,RT42,20.44188756152552,1517.74953269699,0.40783878073508095,1363,2138.5433221621643,8.68541593513642e-10,1613.4177986163595,96.30618911882104,9.95412388698359,9.958084057001326,0.0041038067040042436,0.49618403750283674,74.7374391332881,74.69690182945709,6181,0.0,280,8784,0.34653869770326606,0.0,1.0
21,0,RT42,True,1.0254757476798455,0.9900957080299456,-0.3023884958719595,0.8858816187200232,-0.3351919786375058,0.4391805260014592,uttarakhand,0,RT42,21.069180526001457,1473.9433870299517,0.4229492324404196,1286,1888.2066041109638,8.762287684523283e-10,1569.206415186038,95.83122669832706,9.772930729670064,9.776683312121076,0.0025482184911048197,0.49618403750283674,73.32374866695716,73.18420968544685,2391,0.0,273,8784,0.3711967853541918,0.0,1.0
22,0,RT42,True,1.0486741266636168,0.9600366853786247,-0.16629767976841694,1.1583070550667907,-0.3983869723018263,-1.2857153921247821,uttarakhand,0,RT42,19.344284607875217,1543.0625082217553,0.3326626749033136,579,3025.377944981209,9.034292943122153e-10,1615.1922243352317,72.94601596200988,8.468668074029024,8.472926692110658,0.011278885490514966,0.49618403750283674,68.80614994216675,68.59122799257894,156,0.0,194,8784,0.2401503201715669,0.0,1.0
23,0,RT42,True,0.9500374378323783,1.0060001291640268,-0.7448164830846286,0.9125197518110296,0.4206813888283951,-1.4729110636301654,uttarakhand,0,RT42,19.157088936369835,1537.9495548706327,0.4158951946206302,1366,2098.879364687989,8.760393184436953e-10,1629.0772183070592,91.79426079104657,9.513884872577426,9.518157254455808,0.0018129432391905506,0.49618403750283674,75.59724180591883,75.56020780391222,6390,0.0,281,8784,0.34216581988209704,0.0,1.0
24,0,RT42,True,0.9348695932165391,1.0067206034279939,0.35687748561246413,1.1267668799209867,-0.40280177888833446,0.7078209081858806,uttarakhand,0,RT42,21.33782090818588,1571.9799936194547,0.3648112422046986,942,2619.0581707515903,8.969783609566663e-10,1654.9100369035532,83.64920791017785,8.86147808430374,8.865200999011709,0.01191675450423284,0.49618403750283674,71.38983197271752,71.21594883766696,1152,0.0,255,8784,0.31768678615075246,0.0,1.0
25,0,RT42,True,0.997326367188861,1.0203667898401856,0.9202490402910052,0.8118393767823371,0.10420024947956252,-0.3781203289234796,uttarakhand,0,RT42,20.25187967107652,1540.116549127978,0.47298728570864546,1971,1624.9866514498642,8.73733808165228e-10,1636.605225299723,97.05578602831503,10.682250860086853,10.686149485152024,0.0005115272367636942,0.49618403750283674,80.58504897973337,80.54448522318836,12072,0.0,317,8784,0.4079816698925056,0.0,1.0
26,0,RT42,True,0.9512205890117458,0.9715895823784068,-0.29609368870715264,0.9627804889242642,0.04035406061015989,-1.9924343980977395,uttarakhand,0,RT42,18.63756560190226,1527.4860003625963,0.3889293202175884,1101,2355.7410826968635,8.807209813765774e-10,1609.2606440047964,82.47423833560755,8.963077094307106,8.967497310820985,0.0019650945357344326,0.49618403750283674,72.43445821725271,72.39202859423372,3644,0.0,253,8784,0.3046050271019998,0.0,1.0
27,0,RT42,True,0.9623044969764534,1.000268743469995,0.11769439009856471,1.1859728646547998,-0.3390731319055308,-0.4152730553985515,uttarakhand,0,RT42,20.21472694460145,1596.136204346164,0.3429023727006386,716,2963.5025179081285,9.035192027908575e-10,1672.415649639544,77.08988195013595,8.598431006594726,8.602456979818333,0.013457089824767869,0.49618403750283674,70.58619721611167,70.39280440532566,537,0.0,226,8784,0.2732439006278423,0.0,1.0
28,0,RT42,True,0.9023838588971405,1.0117377965156804,0.007988929650994167,0.8760116683510079,-0.2525409370268821,0.8409996331129079,uttarakhand,0,RT42,21.470999633112907,1500.932807186398,0.43612360564259456,1481,1799.1999192103362,8.768260176330103e-10,1598.9518384027801,98.56081788744018,9.264280454685881,9.267919889274413,0.0023313761721124033,0.49618403750283674,74.18128653961031,74.0926288682069,3553,0.0,283,8784,0.3940253035359187,0.0,1.0
29,0,RT42,True,1.021731801394452,0.9995818376484008,-0.2817420266195007,1.1654087260592667,-0.45857052557926303,1.771110756933738,uttarakhand,0,RT42,22.401110756933736,1531.731674265188,0.356707346971591,907,2641.663672547781,8.828819958848894e-10,1619.9448158377097,89.05008989309523,9.25645440109662,9.25989917278265,0.023040425697630065,0.49618403750283674,72.04466594026856,71.85032021460361,1045,0.0,251,8784,0.31834230947564146,0.0,1.0
30,0,RT42,True,0.907318857724594,0.9901055027021283,-0.3058556831070869,1.0561004261704616,-0.2525879389970612,-1.3604517337307875,uttarakhand,0,RT42,19.26954826626921,1563.0354083311247,0.3646110067452667,823,2632.7699535829693,8.976173533599258e-10,1641.8804088712623,79.56523783304398,8.320254582412362,8.324519644823878,0.005163229019350746,0.49618403750283674,69.98403497989845,69.8631403737846,695,0.0,230,8784,0.2860312780145082,0.0,1.0
31,0,RT42,True,1.026722435725286,0.990662719552517,-0.4925589198427773,1.0343430893162346,0.2739382868546174,1.6730440663845614,uttarakhand,0,RT42,22.30304406638456,1488.5993517039644,0.3947525873620603,1353,2213.750448201903,8.609892812928477e-10,1585.0335090792712,97.05177451080739,9.937153592196621,9.940642330156091,0.009124467386107345,0.49618403750283674,73.61021280566601,73.56729919664545,5483,0.0,284,8784,0.3556718231852304,0.0,1.0
32,0,RT42,True,0.9539646882178064,0.9989354410564092,-0.1670529725079882,0.9969422853925014,-0.39619673428414504,-1.5409714967064407,uttarakhand,0,RT42,19.08902850329356,1565.9960197960202,0.38229279947709927,950,2430.325249266351,8.957710185270152e-10,1646.878344600755,81.57153960751359,8.815389996388303,8.819690061910016,0.0028179379731992165,0.49618403750283674,70.52212170133438,70.386521217848,1058,0.0,237,8784,0.30727306510460456,0.0,1.0
33,0,RT42,True,0.9125243163698039,1.0062215888006176,-0.8176912674339816,0.8121210939812513,0.4114280852885823,-1.36081222220293,uttarakhand,0,RT42,19.269187777797068,1504.2121603009602,0.45298177257263106,1671,1742.993193305001,8.703333410557956e-10,1602.564832625204,98.9848935287048,9.696900959872897,9.70108934134839,0.0007957525535193407,0.49618403750283674,77.90547409236996,77.86760037589713,8975,0.0,295,8784,0.3766979160084069,0.0,1.0
34,0,RT42,True,0.9053038549541854,0.992217749703646,-0.07043306692052179,0.9381968668971529,-0.419310369768224,0.2303178047871981,uttarakhand,0,RT42,20.860317804787197,1505.2783260122521,0.4075480792810924,1187,2067.9068144488697,8.817099746431585e-10,1596.0303229370206,91.34660213382749,8.8921739930868,8.895998579949762,0.003217764240524474,0.49618403750283674,72.73006888415537,72.66116214885503,1921,0.0,269,8784,0.35652396460173963,0.0,1.0
35,0,RT42,True,1.036838693367069,1.0186807866456464,-0.8046436134238001,0.9700010571859939,0.04406755184684141,-0.39023697697875237,uttarakhand,0,RT42,20.239763023021247,1552.7228566561466,0.4084190117848744,1391,2180.328163188137,8.729663750783051e-10,1646.8799138933202,94.80048007483043,10.11041249155275,10.114426708274744,0.003668284539646548,0.49618403750283674,75.26482522474767,75.22462702567405,6407,0.0,279,8784,0.3483059469220835,0.0,1.0
36,0,RT42,True,0.9339480635060488,0.9952709252811157,-0.7434663903325144,0.9319714504585671,0.40437051728488393,0.6872461828659375,uttarakhand,0,RT42,21.317246182865937,1487.1454475199364,0.4202746389272295,1509,1978.5399193387973,8.625498356037866e-10,1585.882714216069,99.32693543936375,9.57109624032986,9.574811894252477,0.004360304762725389,0.49618403750283674,76.2928439566325,76.24993696916397,7018,0.0,294,8784,0.36959429514969805,0.0,1.0
37,0,RT42,True,0.9468835975436652,1.0065896878898108,0.16402021947376344,1.1363932380971367,0.07527129997081561,0.9408763998885896,uttarakhand,0,RT42,21.57087639988859,1569.5819536832232,0.37192590598311814,1172,2590.6101123412172,8.739168361400615e-10,1657.04061776523,88.14482716493178,9.20284427947058,9.206534013197667,0.010325669008453739,0.49618403750283674,72.99656538815967,72.95300734635917,4115,0.0,271,8784,0.33144251018039256,0.0,1.0
38,0,RT42,True,1.0929403148714099,0.9487528375783791,-0.07204322721331982,1.147995654903092,0.22932134701074547,1.2843849665578526,uttarakhand,0,RT42,21.91438496655785,1469.8734721026733,0.3517713017440546,938,2668.403492997967,8.703108639361205e-10,1555.128605324545,85.98755763534488,9.454809626986723,9.458409121206751,0.015194357852324428,0.49618403750283674,69.60466523632509,69.5643413953426,1545,0.0,248,8784,0.2996351778216313,0.0,1.0
39,0,RT42,True,0.9500011889039041,1.0203865865201827,0.602462313261526,1.0180739259070994,0.46610133902228823,-1.1445624412193114,uttarakhand,0,RT42,19.48543755878069,1618.3567183263217,0.39769240218332225,1297,2388.9324328398825,8.853159468474025e-10,1701.0876535214716,83.39329581511822,9.482259050858444,9.48645854727137,0.002388351415477564,0.49618403750283674,75.65231481184675,75.6083890252323,5590,0.0,276,8784,0.3360601743097192,0.0,1.0
40,0,RT42,True,1.0664181231872667,0.989520733548838,0.5054957439609741,0.9114218747589645,-0.16221259936871135,-0.545287979204069,uttarakhand,0,RT42,20.08471202079593,1522.5630773927621,0.41396576896967086,1187,2040.0212133037976,8.886393495463233e-10,1608.9033605533868,86.94954758578366,9.905904724751696,9.90991685314697,0.0016633326922316362,0.49618403750283674,74.46657344505239,74.29888849308267,1994,0.0,262,8784,0.3529125884131092,0.0,1.0
41,0,RT42,True,1.0530268869779063,1.0359897828334745,0.7567809969286156,1.0781596237912412,-0.21528331760182184,-0.2757566861438461,uttarakhand,0,RT42,20.354243313856152,1638.8037753075103,0.3819004688480673,1055,2522.336829428822,9.015058950685434e-10,1720.1820019268969,82.03912547420113,9.848133115639374,9.852101254755139,0.005094483708535888,0.49618403750283674,72.63547267806273,72.47173065098207,1851,0.0,262,8784,0.33210770029867215,0.0,1.0
42,0,RT42,True,1.0481478953501742,0.9994502593168132,0.09549002264001646,0.9702580707929458,0.11354437708273313,-0.9146792676473536,uttarakhand,0,RT42,19.715320732352644,1558.1657120312098,0.40438782746471924,1310,2234.461472451279,8.782420761746871e-10,1644.7998766764824,87.28464613994615,10.086372315244363,10.090512764107636,0.0024974772205497054,0.49618403750283674,73.92110057193244,73.88485242257046,5924,0.0,279,8784,0.33762579207737015,0.0,1.0
43,0,RT42,True,1.0994766302194552,1.0076302429858328,0.0368364209517419,1.0210243418640743,0.015056284684203725,0.9664211676293015,uttarakhand,0,RT42,21.596421167629302,1540.0225339200756,0.40271237203768406,1434,2211.5244375358134,8.689493926853092e-10,1633.0849026222738,93.66557394828533,10.60679268738082,10.610454367202173,0.0057590482890846825,0.49618403750283674,74.73718512288625,74.69342602920311,6182,0.0,287,8784,0.35846029133915186,0.0,1.0
44,0,RT42,True,0.9253839313876762,0.9607962758467262,-0.1156031703592864,1.114950223860662,0.06626652607022454,-1.476867588095494,uttarakhand,0,RT42,19.153132411904505,1545.3412384743415,0.34825991660184097,801,2861.8050353867575,8.832865840400945e-10,1621.0388556124956,76.43878316818623,8.263957144414322,8.268282948730487,0.005734451453509588,0.49618403750283674,69.26426679868574,69.2218403678287,1243,0.0,237,8784,0.2687760089608904,0.0,1.0
45,0,RT42,True,1.0583967613150473,1.0223064124878758,0.6274680373515887,0.8982227241159236,0.3595684766842102,-1.3785762026798767,uttarakhand,0,RT42,19.251423797320122,1588.7334092017165,0.43440932605164795,1561,1994.391212519997,8.807306144276209e-10,1676.8218729964142,88.72860772972258,10.656600788236867,10.660816711677567,0.0008902135361870253,0.49618403750283674,76.78136586361249,76.74333511500667,8132,0.0,295,8784,0.3653554596534309,0.0,1.0
46,0,RT42,True,1.0676267269106092,1.0151786672887593,0.11575440191232925,0.9439108437730763,-0.3513047849821692,1.5514192549817962,uttarakhand,0,RT42,22.181419254981794,1513.865675045869,0.41984827167988215,1376,1944.9417473235405,8.76941614248578e-10,1610.8015644275033,97.47749660702641,10.305298991360491,10.308768366770002,0.004515321770569452,0.49618403750283674,74.68543275440909,74.5364252723437,3003,0.0,279,8784,0.38782762769029266,0.0,1.0
47,0,RT42,True,0.9892878686995411,1.0011199357388694,0.1596278088918059,0.8461332830467643,-0.40564523019519394,-1.0531932339196004,uttarakhand,0,RT42,19.5768067660804,1520.7883782354315,0.43481609923208797,1336,1857.5153882876828,8.860705358658376e-10,1611.3617571019547,91.19231021142664,9.613265995376645,9.61738369685379,0.0008876292402398537,0.49618403750283674,73.99046754705475,73.93775898336206,2821,0.0,275,8784,0.3704765922612673,0.0,1.0
48,0,RT42,True,0.9199020828424949,1.0224675461687276,0.4897901814980312,0.8552013961206574,0.3528566675772067,0.6024005804365031,uttarakhand,0,RT42,21.2324005804365,1528.7640049355477,0.4610224897153352,1951,1692.9406420631067,8.681851706153303e-10,1628.5137483445867,100.28997615160624,10.043112797434533,10.046799744933615,0.0015833921326268803,0.49618403750283674,78.66082861162074,78.62179867694758,10831,0.0,320,8784,0.4096152204426578,0.0,1.0
49,0,RT42,True,0.9069069289386071,1.0149261009732986,-0.8551230587682956,0.9314961389975551,-0.11349595454043937,0.38629382044242,uttarakhand,0,RT42,21.01629382044242,1513.5985326687862,0.41282777503073453,1254,2023.948906702584,8.76459961683596e-10,1610.3767591564003,97.37582233117405,9.040598281033379,9.044382113200857,0.0039029458347112854,0.49618403750283674,72.51205921524729,72.43934130069798,2536,0.0,275,8784,0.36459868679711716,0.0,1.0
50,0,RT42,True,0.9301959617739177,1.0161052631875314,0.4803944666254203,0.8737460209637512,-0.15820386550986743,-1.809897164690192,uttarakhand,0,RT42,18.820102835309807,1575.6332879746694,0.4272847910698594,1266,1992.038231196325,8.935233065563962e-10,1661.1415659746986,86.16632457951074,9.258700645879538,9.263024341962899,0.0006203356868027542,0.49618403750283674,73.30487948395198,73.27468507089111,2721,0.0,269,8784,0.35930065183199716,0.0,1.0
51,0,RT42,True,1.0210340459136105,1.0156516059945815,-0.7701396028408536,0.895065076685975,0.19309908675433596,1.6047188797420135,uttarakhand,0,RT42,22.23471887974201,1484.3035273767794,0.44456521562147533,1804,1762.3364545628672,8.572677124731568e-10,1590.6719442970189,106.90741764478364,10.558383470142395,10.561843052771266,0.004536004538751231,0.49618403750283674,77.6958463342497,77.65645675642631,9397,0.0,313,8784,0.40091342468378705,0.0,1.0
52,0,RT42,True,1.021587999814371,0.9731307449634746,-0.28697737210757623,1.0032369651002406,-0.4173606375106004,-1.7441611722927841,uttarakhand,0,RT42,18.885838827707214,1532.9910463912465,0.3721207471092164,842,2502.2852674251644,8.968531312900151e-10,1611.398124044688,79.11297200981362,8.838731501914808,8.843089253886676,0.0031651880938068904,0.49618403750283674,69.74989265729268,69.588711502592,527,0.0,219,8784,0.28689093388996995,0.0,1.0
53,0,RT42,True,1.0982017933242283,0.9942642564329315,0.6745381247985915,0.8099063447807324,-0.483234645284631,1.6511317648813706,uttarakhand,0,RT42,22.28113176488137,1450.5650009227204,0.46251717756970034,1764,1540.5434352277143,8.721860979225617e-10,1552.036043802741,101.94901567548699,10.902407699736179,10.905796655295001,0.0016703413858234397,0.49618403750283674,75.31842176404926,75.28825312628084,5548,0.0,295,8784,0.4267532823710025,0.0,1.0
54,0,RT42,True,1.0109734478650776,0.9971050006701939,0.0964479633142073,1.157504159466107,-0.46278337620534904,0.14188413348261486,uttarakhand,0,RT42,20.771884133482615,1570.968926415293,0.3509274209471209,800,2803.597771770375,8.97665518616292e-10,1650.6930637010307,80.50331593435834,8.971633198357718,8.975508831600282,0.013647264562572698,0.49618403750283674,70.52005482216586,70.35106756307121,678,0.0,234,8784,0.2898318333406171,0.0,1.0
55,0,RT42,True,1.034452656466918,1.0010798531834268,0.839612308166974,0.8774942346629352,-0.3356950812084666,0.36432838828402225,uttarakhand,0,RT42,20.99432838828402,1516.9560308595223,0.434858073035175,1421,1836.4697916574103,8.84471449349622e-10,1608.666484193776,92.26352318933287,10.100566470297851,10.104318444026068,0.0015557887949138843,0.49618403750283674,73.7111678982065,73.67136156089497,3325,0.0,278,8784,0.387718906827909,0.0,1.0
56,0,RT42,True,0.9251357057500558,1.0006147101013754,-0.2445293237380665,1.126268395113895,-0.3074567144798136,1.5616115986445984,uttarakhand,0,RT42,22.1916115986446,1532.0903858417291,0.3655298666961524,962,2537.043796559747,8.834471348946039e-10,1620.9842713533635,89.65546824337416,8.771759509351867,8.775258861989549,0.017671378353898225,0.49618403750283674,71.03508850141706,70.88963307108118,1221,0.0,255,8784,0.32619988417562606,0.0,1.0
57,0,RT42,True,0.9250795993451308,0.9741479551855364,-0.0793947715083406,1.164658215540756,0.08170730508891655,0.08299482171048833,uttarakhand,0,RT42,20.71299482171049,1540.9312242632943,0.34902808267211927,905,2834.88062393023,8.78598499072986e-10,1622.273038840675,82.0855643818846,8.476316869323565,8.48023512843114,0.011150720786829774,0.49618403750283674,69.70958275192763,69.6672160639572,1718,0.0,245,8784,0.29117499068891217,0.0,1.0
58,0,RT42,True,1.0076012118008615,0.9723902284341955,-0.33005263188742306,0.9787928543875232,-0.10810870147530105,-1.8522841077099823,uttarakhand,0,RT42,18.77771589229002,1526.6093975871552,0.3778545626483889,875,2427.428492431932,8.971581779145574e-10,1605.8460645526377,79.9366519270371,8.83493073416776,8.839312902825688,0.002488369399909087,0.49618403750283674,69.29147696591086,69.12251042632296,556,0.0,224,8784,0.2909209625460595,0.0,1.0
59,0,RT42,True,1.0525378333909332,1.0124955202533417,0.814671477161839,0.9049987332214772,-0.042642570898941634,-0.7660115631535596,uttarakhand,0,RT42,19.86398843684644,1565.0998425027692,0.42285536492258846,1289,2009.6363216501088,8.923866065027134e-10,1651.3920346149248,86.90275061131358,10.046164738489132,10.050222259298659,0.001123090312518073,0.49618403750283674,72.9856643666536,72.94510783084654,2678,0.0,268,8784,0.36590648124804287,0.0,1.0
60,0,RT42,True,1.0861920369545206,1.0421001629384166,0.719601620889013,1.1466687643077027,0.13124826532015532,0.8216685583556176,uttarakhand,0,RT42,21.451668558355617,1642.810724897817,0.3824361500368183,1324,2581.0691611856964,8.794365745359821e-10,1729.564048161752,87.41395371171701,10.452738425057921,10.456450969791232,0.008141938892736402,0.49618403750283674,74.96610921153771,74.92071632369095,5525,0.0,283,8784,0.34616848856444615,0.0,1.0
61,0,RT42,True,0.9884120153372704,0.9801538142221529,-0.21338287778247844,1.0537687889008907,-0.1686292406045682,1.4562438271916038,uttarakhand,0,RT42,22.086243827191602,1484.9448303928953,0.3768021754733051,1005,2340.3919941419695,8.788585914578083e-10,1574.7887210945646,90.51038636733932,9.1338710977734,9.137387114164202,0.01193131924032596,0.49618403750283674,70.38888283638012,70.24915119094231,1099,0.0,257,8784,0.33438274056702944,0.0,1.0
62,0,RT42,True,1.085756946521818,1.0034847121914123,-0.2534236767755895,1.0012657512365282,0.34185584567497485,1.0453292093724276,uttarakhand,0,RT42,21.67532920937243,1519.0753645465284,0.40574181113565944,1425,2151.733445705318,8.679603994183118e-10,1614.291926671129,95.81242742805324,10.491723635297404,10.495361446521253,0.0056796203139227504,0.49618403750283674,76.25343299798324,76.21034435505804,6375,0.0,286,8784,0.3603365986717183,0.0,1.0
63,0,RT42,True,1.0428859114303315,0.9762335266929141,-0.39323036185565935,1.041555038501124,-0.09485850576494159,-1.8634857595768746,uttarakhand,0,RT42,18.766514240423124,1547.8631418051648,0.36183404803063723,776,2650.5461644230636,9.01268279803424e-10,1624.6175276837555,77.48439475194748,8.804269801600405,8.808667735778961,0.0041061939548915,0.49618403750283674,69.19384011368719,69.06107035777414,414,0.0,216,8784,0.27288747110723455,0.0,1.0
64,0,RT42,True,1.0595054342470678,1.0058252819482114,0.4222959507397518,1.1890249712871348,-0.4643102962174963,-0.7505635196346057,uttarakhand,0,RT42,19.879436480365392,1621.6406001949297,0.3436810384731551,731,3001.014426293341,9.07202239405263e-10,1695.5118738090705,74.669376012068,9.151719865493847,9.155833288452714,0.011464949934777953,0.49618403750283674,71.7665039022237,71.55753529572384,606,0.0,220,8784,0.27150234670940815,0.0,1.0
65,0,RT42,True,1.0297830797146164,0.9958457144576737,-0.2577767076559539,0.819550132111615,0.327509888919983,0.08655154802894938,uttarakhand,0,RT42,20.71655154802895,1472.5157834513873,0.45813576874413353,1788,1660.302761868735,8.657287425333838e-10,1573.1002106147525,101.14828990167494,10.606916766379557,10.610732686904676,0.0014240744103326557,0.49618403750283674,77.91508762842298,77.88170951008445,9497,0.0,309,8784,0.39238926767166904,0.0,1.0
66,0,RT42,True,0.9940376501255631,1.0119035306356339,-0.2822230091253006,1.0384110687312633,-0.029253654199111856,-1.800473301689562,uttarakhand,0,RT42,18.82952669831044,1601.134450262457,0.3731597304537999,886,2590.4108924108364,9.010884628456981e-10,1680.4366939536496,80.02031257950598,8.972917746356947,8.97729718078534,0.003489252524300655,0.49618403750283674,71.55344500611606,71.35250353729768,1081,0.0,231,8784,0.2955700330272022,0.0,1.0
67,0,RT42,True,0.9759425733411239,0.9887440396419857,-0.24284983678029218,0.9091660930835606,0.3205383422706024,-1.6507260410868954,uttarakhand,0,RT42,18.979273958913105,1531.262156203541,0.413907815076465,1318,2110.3776684461673,8.770732659501277e-10,1618.5264322410976,87.93534962289205,9.600563119827244,9.604879513219952,0.0015319538436677149,0.49618403750283674,74.68823073897902,74.64977084992152,5901,0.0,273,8784,0.3359994456610013,0.0,1.0
68,0,RT42,True,1.0245191708391066,0.9662035655166836,-0.18416409040922843,1.0959670050405028,0.2721470855018133,-0.5553867642729684,uttarakhand,0,RT42,20.074613235727032,1523.3031544540856,0.35871456041557226,931,2685.2683578814804,8.783833609272793e-10,1604.3450166031969,81.7494819136577,9.060752563021923,9.064834082360699,0.006888623539129934,0.49618403750283674,69.94452664417895,69.90526864140325,1998,0.0,246,8784,0.2893705547570159,0.0,1.0
69,0,RT42,True,0.9142480905819872,1.003805250818385,0.6576213004330009,1.0140166273084006,0.13603710968507976,0.5025256935596962,uttarakhand,0,RT42,21.132525693559696,1556.819914343409,0.40378264943099207,1406,2228.2172805249415,8.7514344467249e-10,1645.3707964808978,89.15020307007647,9.384249670054515,9.38801639945368,0.00414500923415371,0.49618403750283674,74.19397606522452,74.15441896197983,6385,0.0,288,8784,0.3584391227817601,0.0,1.0
70,0,RT42,True,0.9569912395659143,1.0006888971742072,-0.542064490372156,0.8986159683752104,-0.2996253735169069,-1.6502045570893715,uttarakhand,0,RT42,18.97979544291063,1535.4044384470128,0.41046383611343096,1124,2098.1102409890177,8.878943935791058e-10,1623.1212463942904,88.38478029637638,9.135859268181079,9.140165684142007,0.0014676813460508438,0.49618403750283674,71.62796206987578,71.5532001546073,1544,0.0,255,8784,0.33789719856078615,0.0,1.0
71,0,RT42,True,0.9789275491260205,1.0209977123169656,-0.8893479014519708,1.1778874526643106,0.2613314976907468,-0.863383557790045,uttarakhand,0,RT42,19.766616442209955,1618.0114038661739,0.3508236921052599,920,2951.564473130206,8.798251076054606e-10,1701.5976892021179,84.37230944190452,8.922343195210045,8.926522624104269,0.009897859664508974,0.49618403750283674,72.18544175454883,72.14072571991773,2534,0.0,245,8784,0.28784383213713455,0.0,1.0
72,0,RT42,True,1.069988987725356,1.0004981224978566,-0.0007400184619925781,0.9385428502425107,-0.49401116968832337,1.8014578972897195,uttarakhand,0,RT42,22.431457897289718,1483.4773897363305,0.41850699659634094,1351,1920.929661590781,8.714860961946023e-10,1581.1660417269914,98.22636276206941,10.23314004688984,10.236541918040775,0.0052484290614654575,0.49618403750283674,74.7028006354085,74.56310609053142,2686,0.0,277,8784,0.38746431955985833,0.0,1.0
73,0,RT42,True,0.9118251211118635,1.0174892189614075,-0.7864501935148502,0.9039402793030712,-0.4037632299068069,-0.29592750600890483,uttarakhand,0,RT42,20.334072493991094,1525.297063223385,0.4188584842121251,1260,1989.6589286050441,8.807659356155799e-10,1620.6520901653323,95.96511934691443,9.094183164791696,9.098138623010282,0.0024312924694284434,0.49618403750283674,73.99937547746144,73.84234449640601,2613,0.0,272,8784,0.3637343239293366,0.0,1.0
74,0,RT42,True,1.0517396980596943,0.9970259760945495,0.14384931247461913,1.0701381931638438,0.27545779712448837,0.4064752928770141,uttarakhand,0,RT42,21.036475292877014,1551.364914156481,0.38271068279495324,1225,2442.7504436971326,8.747484895691509e-10,1638.547328014906,87.82861826381622,9.882350510384247,9.886164535250161,0.0064168529612746855,0.49618403750283674,73.64958137310418,73.60255017422847,4452,0.0,270,8784,0.331174327671791,0.0,1.0
75,0,RT42,True,1.0204666487293585,1.0343105176258698,0.084222430945606,0.9285749668028568,-0.2818743872153212,1.0851757946751497,uttarakhand,0,RT42,21.715175794675147,1548.1100079529665,0.427484307582944,1460,1919.8040949598403,8.791764821506287e-10,1645.6467532362774,98.08224373773649,10.144083482383285,10.147669112404369,0.0031771798562489602,0.49618403750283674,75.42251540024631,75.28570368606032,3551,0.0,281,8784,0.3940565512902901,0.0,1.0
76,0,RT42,True,1.0087513174552056,1.0094132442565271,0.5968241528605867,1.1237744545811215,0.438888791675635,1.2976835471850867,uttarakhand,0,RT42,21.927683547185087,1570.4184388221609,0.3797942994778015,1265,2497.9987891880937,8.75137022638238e-10,1658.151965924334,88.38418203344735,9.768677374284442,9.772260099179006,0.009534128320157188,0.49618403750283674,72.5803506204371,72.53505631053568,4626,0.0,278,8784,0.3440256206016857,0.0,1.0
77,0,RT42,True,0.9887171695122724,0.9825982717434175,-0.4557400957771527,0.8005455598214221,0.3719240818531532,1.310204923288219,uttarakhand,0,RT42,21.940204923288217,1417.0673384292268,0.4675769039655493,1931,1526.9559125524772,8.554406437429135e-10,1523.7039327322832,107.14616753221377,10.390125538124916,10.393613973504944,0.002406208891653463,0.49618403750283674,78.28592033524352,78.24634958134413,10524,0.0,316,8784,0.41009679278998157,0.0,1.0
78,0,RT42,True,1.0462259061258237,1.0284878500353576,0.9064376172766835,1.001793676083787,0.4247953138503957,-1.7354895871183138,uttarakhand,0,RT42,18.894510412881687,1645.6956813353822,0.4028400030624615,1328,2375.7738494475075,8.871911808341742e-10,1726.0630842054047,81.04267841135481,10.218886890533922,10.223236852111459,0.0012758765523864964,0.49618403750283674,75.24359022447717,75.1990827476817,6151,0.0,280,8784,0.33484830357784096,0.0,1.0
79,0,RT42,True,0.9710765280316215,0.9698081877379859,-0.154671299472213,0.9992452622467849,-0.1956112868013683,-0.6210825646558469,uttarakhand,0,RT42,20.008917435344152,1503.5897227256287,0.3778416466547523,919,2380.4783724198824,8.896861411213023e-10,1586.1183166943802,83.19317465627628,8.752546982699071,8.756609021717939,0.004514152360690027,0.49618403750283674,69.90505062838425,69.7798880243074,793,0.0,235,8784,0.3062690481251589,0.0,1.0
80,0,RT42,True,0.9400573041593048,1.0081834795913236,-0.8233751534535787,0.8746051683426529,0.09044998275921023,0.2664824678020259,uttarakhand,0,RT42,20.896482467802024,1494.505117486425,0.44025219672654425,1654,1819.0682042390074,8.629576347755646e-10,1595.8866804005436,101.96161573666116,9.827539460235705,9.831341164050219,0.002603342009438743,0.49618403750283674,77.45711646026614,77.42179762503113,8497,0.0,300,8784,0.3822631942658403,0.0,1.0
81,0,RT42,True,0.9602950851802605,1.0177298812883926,0.432907100128761,0.8123534248908332,0.27845024705609434,-0.6774499019052107,uttarakhand,0,RT42,19.95255009809479,1532.9340023288569,0.467561771520029,1898,1659.284776567538,8.730338064373257e-10,1629.9725829098913,97.62483310185974,10.34266291924692,10.346649300649187,0.000559638832115745,0.49618403750283674,79.001968527784,78.96084088452722,10972,0.0,312,8784,0.39958943493160815,0.0,1.0
82,0,RT42,True,1.0840574933374834,1.0036502375765997,-0.4314653264443608,0.8633989159374538,0.03664985301510171,1.7989618614642815,uttarakhand,0,RT42,22.42896186146428,1458.5202864546675,0.45444658532118387,1875,1658.0627394523506,8.572548684047253e-10,1564.931321987836,106.92131332550906,11.08621421057974,11.089612949917596,0.0035860982724610344,0.49618403750283674,77.62095300906759,77.58672447682429,10084,0.0,316,8784,0.4081634147837457,0.0,1.0
83,0,RT42,True,1.0017327753397332,1.0165126954119266,0.193299960477689,0.9003744984926889,0.043638854163539076,-0.7201018780089266,uttarakhand,0,RT42,19.909898121991073,1559.5175273729794,0.43408211559960985,1595,1957.4889823300948,8.73749863250819e-10,1651.762142747885,92.860458000168,10.260253061892517,10.264302810919885,0.001538992487410617,0.49618403750283674,77.46643793013872,77.42297386523842,8039,0.0,290,8784,0.370850500158604,0.0,1.0
84,0,RT42,True,1.0406391720093755,0.9896052249360268,-0.3426463609909259,0.879575901145749,-0.3722600038228211,1.261723227703949,uttarakhand,0,RT42,21.89172322770395,1454.2514359402264,0.4293508457586632,1386,1801.257426707603,8.708984800652212e-10,1553.5649417004213,99.84510589411128,10.012685962840187,10.016210184132312,0.003296812032321511,0.49618403750283674,73.3400416079538,73.29724752067102,2835,0.0,278,8784,0.38729824638981925,0.0,1.0
85,0,RT42,True,0.9497069022572392,0.9731597747027857,-0.39717423536533514,0.8730054185308402,0.33897589897143154,-1.1211680094549497,uttarakhand,0,RT42,19.508831990545048,1481.8539270447814,0.4233301888596056,1375,1959.8249404892215,8.725682089578954e-10,1572.756833037201,91.54067882753846,9.49270047052083,9.496861381322974,0.0015310029482819077,0.49618403750283674,75.32419509974446,75.2872924967633,6583,0.0,282,8784,0.3471750295704601,0.0,1.0
86,0,RT42,True,0.9782708248537012,1.0024371676715491,-0.9815092112482198,1.1389520308678582,-0.3292628988295885,-1.031923864423713,uttarakhand,0,RT42,19.598076135576285,1579.6492306768062,0.34660635460957434,718,2888.5538622902095,8.976141423428442e-10,1660.1502052052492,81.31598871192979,8.54615719707627,8.550352911937004,0.011687850970947584,0.49618403750283674,71.41129279545335,71.19198103938126,552,0.0,215,8784,0.26771920925911424,0.0,1.0
87,0,RT42,True,0.935777132268949,1.0075272673388616,0.6441960976618575,0.8589063888580571,0.20410609079288722,1.8436681942710562,uttarakhand,0,RT42,22.473668194271056,1484.4600232640532,0.46306195392505456,2016,1620.7551684949794,8.619622194742444e-10,1587.2051014700598,103.23237941975134,10.157889113837953,10.161251233764204,0.0025758458485843835,0.49618403750283674,78.8408363890061,78.79964648357422,11388,0.0,322,8784,0.4204207521105994,0.0,1.0
88,0,RT42,True,1.0080265667065416,1.0154666694411134,0.08362405542801798,1.1416536884773278,-0.0034754332622125572,-0.9255762722005993,uttarakhand,0,RT42,19.7044237277994,1621.3457999293307,0.3545200795052881,801,2850.3316959081103,9.04598104536639e-10,1698.5122937942795,77.92720835640492,9.02025602549688,9.024411465612408,0.008726551428527548,0.49618403750283674,70.53042439075784,70.35018606846697,834,0.0,232,8784,0.2847432647452502,0.0,1.0
89,0,RT42,True,1.0494099999187765,1.0202963582646105,0.7780415148423878,0.9593965717629479,0.1862476562190467,0.7309132196937678,uttarakhand,0,RT42,21.360913219693767,1561.3694679626306,0.4269637986545697,1624,2010.1962119509403,8.734319725577526e-10,1654.2051525795664,93.40061384838282,10.687096330286996,10.690791359106008,0.0029505708221503396,0.49618403750283674,76.03167268211722,75.99226041067642,7976,0.0,298,8784,0.3828174306053775,0.0,1.0
90,0,RT42,True,1.0944543324965632,1.0083432819073492,0.029131808597025848,1.1839215835252188,0.15428823385385315,0.909873070118647,uttarakhand,0,RT42,21.539873070118645,1579.7940195495748,0.3602509301439403,1083,2752.1271658457426,8.751787658606415e-10,1666.0106987179963,86.95396993100172,9.939669035739414,9.943367322863018,0.013234920621843366,0.49618403750283674,72.64813228208921,72.60551440980962,3135,0.0,258,8784,0.31543977756122016,0.0,1.0
91,0,RT42,True,0.958876194907542,1.0135694165589975,-0.35175199458139866,1.0425015198945848,-0.3653681883209595,-1.7581238086299669,uttarakhand,0,RT42,18.87187619137003,1602.9731120288868,0.37246963565236846,882,2599.9407455826686,9.005008467162723e-10,1682.6772157053376,80.42581949815919,8.78869344831383,8.793062513355936,0.0038304594856357747,0.49618403750283674,71.01924972453232,70.82748631145566,1032,0.0,238,8784,0.2946959167085927,0.0,1.0
92,0,RT42,True,0.9463295449971262,0.9974095378969785,0.30631680020623137,1.1459696457411277,-0.06622651039829097,1.5428152944614464,uttarakhand,0,RT42,22.172815294461444,1544.3320864170535,0.3624833903713871,932,2595.5712350120475,8.8999118774567e-10,1629.7579883306194,86.17979174346935,8.885774273592899,8.889274607625861,0.017093387823122863,0.49618403750283674,72.1522642837526,71.9390867234626,1138,0.0,254,8784,0.32378145658692076,0.0,1.0
93,0,RT42,True,0.9848667964277491,1.0062698407259236,0.4682785037805748,0.9276747220917329,-0.3488557559996025,0.058491914379963816,uttarakhand,0,RT42,20.688491914379963,1535.2991078476227,0.4161250043155198,1247,2026.9956973798407,8.852998917616286e-10,1624.6331171799013,89.91915564988841,9.572242181477213,9.576096404996443,0.002197326158930895,0.49618403750283674,74.16791837365766,74.04082103819457,2250,0.0,271,8784,0.3666482941768368,0.0,1.0
94,0,RT42,True,0.9601764986845028,1.0008719406515756,-0.14576724284349363,0.8838319908245029,-0.08476666473892125,0.7029332714732881,uttarakhand,0,RT42,21.332933271473287,1488.2955910300639,0.42923645831690993,1381,1846.325474685577,8.768773939066363e-10,1585.1235599228235,97.37900780644898,9.49397526279377,9.497652228080677,0.002441087295817502,0.49618403750283674,73.8429777886583,73.83043801052892,2940,0.0,280,8784,0.38333341044034874,0.0,1.0
95,0,RT42,True,0.9456297082597948,0.9932779644887866,-0.2890081334299142,1.0757321988586477,0.25080193235598147,0.20371117253285753,uttarakhand,0,RT42,20.83371117253286,1543.2277529043236,0.3768781401274387,1169,2496.073622141402,8.746296819365079e-10,1631.0287317365537,88.47119253724198,9.112293446277155,9.116171944632413,0.007088821911176227,0.49618403750283674,72.92601815441671,72.8845863405925,4070,0.0,269,8784,0.324120032520226,0.0,1.0
96,0,RT42,True,0.9559948769019861,1.0049300760974016,-0.017308390773660698,1.1304002625002738,-0.022083049181103154,0.5675848792927707,uttarakhand,0,RT42,21.19758487929277,1566.307282704663,0.3613414784105148,900,2654.7824000702935,8.932985353593889e-10,1650.0327676665863,84.473156734333,8.890780254376132,8.894540166278059,0.013210276362313792,0.49618403750283674,71.62141542712044,71.43203890394892,1097,0.0,246,8784,0.31024334941378634,0.0,1.0
97,0,RT42,True,0.9206197368354924,1.009412035659784,0.23035884069058582,0.8523885000581929,-0.022089492875629335,-0.3164202536096399,uttarakhand,0,RT42,20.31357974639036,1518.5548089663607,0.4385254128368651,1441,1813.9469465856052,8.831517213213246e-10,1612.0917423064388,94.12137208902351,9.293094388436227,9.297026666667414,0.0011546172162001849,0.49618403750283674,74.17667726775093,74.0403833146942,3406,0.0,278,8784,0.38322903188848967,0.0,1.0
98,0,RT42,True,1.0417004286535676,1.0075666854868015,-0.24235357753311415,1.197976017506774,0.4328941426712313,-1.8776778556202829,uttarakhand,0,RT42,18.752322144379715,1640.2492807335473,0.33983611324186425,794,3155.1259395882225,8.876246681430451e-10,1714.8755902943653,75.42080401967468,9.030357830625945,9.034799152171953,0.00711779550957787,0.49618403750283674,69.79691447615726,69.75164601524716,1428,0.0,230,8784,0.2624745406393677,0.0,1.0
99,0,RT42,True,1.046574816466469,1.0010218403159787,0.5292535791231647,0.8682171955828156,-0.3781691736095161,1.7474366814179292,uttarakhand,0,RT42,22.37743668141793,1474.1526757007277,0.44325400217057975,1590,1704.7022248841947,8.741833505591468e-10,1573.3871436205204,99.72647683246812,10.349286933838934,10.352678519922476,0.0025064413003861715,0.49618403750283674,75.35432426669145,75.33127147993807,4373,0.0,287,8784,0.4107919647182429,0.0,1.0
100,0,RT42,True,0.9107385149314019,0.9885707437128994,0.2769393632236796,0.9796209280686164,0.23356579394500288,-0.1623709309658934,uttarakhand,0,RT42,20.467629069034107,1528.7997401380355,0.40256738565459615,1321,2206.705410961689,8.759237218280021e-10,1616.4710970602994,88.2919463799121,9.179544544011094,9.183484952648197,0.003284960434498723,0.49618403750283674,74.78194317636529,74.73579060680638,5535,0.0,283,8784,0.3459491211556219,0.0,1.0
101,0,RT42,True,0.9347973699458367,0.9995925728741697,0.3854466838370257,1.1061307396378304,0.21268208584852166,0.6512974732298273,uttarakhand,0,RT42,21.281297473229827,1564.5347084051339,0.37688976492263104,1209,2527.1744670891744,8.759558319989998e-10,1650.516964971936,86.64103058974494,9.153526737326505,9.157282707596245,0.007869143372859416,0.49618403750283674,73.38551412575028,73.34167648358383,4350,0.0,268,8784,0.33232709714508385,0.0,1.0
102,0,RT42,True,1.0970890512903466,1.0101152406267833,0.21487804394246457,1.1224637058502962,0.3698356686966173,0.8791715411987204,uttarakhand,0,RT42,21.509171541198718,1575.0712019187688,0.3765585519238851,1217,2545.4942506839375,8.748737192360309e-10,1662.8522161120743,88.44994856094317,10.21395124593788,10.217652791998157,0.009105629374518942,0.49618403750283674,73.88215550571114,73.8349270978187,4445,0.0,271,8784,0.33267878470577594,0.0,1.0
103,0,RT42,True,0.9212300329571417,1.005798542114575,0.04540701553588866,1.1656652549409179,-0.4435879426803726,1.2164872312679904,uttarakhand,0,RT42,21.84648723126799,1561.1684927204074,0.35672897196417974,893,2695.252745947729,8.907457767643406e-10,1646.0812132964252,85.71294012164707,8.711476690058346,8.71506711511102,0.018591371822660865,0.49618403750283674,73.44336688274797,73.25991023307955,1088,0.0,254,8784,0.3131047415457164,0.0,1.0
104,0,RT42,True,1.0784882573872923,1.006054898026504,0.03427298160155619,0.8550665506981103,0.22752588989158784,-0.39120318362623063,uttarakhand,0,RT42,20.238796816373767,1517.1121876328157,0.44723245805569556,1679,1795.9407284817778,8.707860944668942e-10,1613.1539597332924,96.63498646861044,10.900640105868755,10.904593000809415,0.001429468107742925,0.49618403750283674,78.30677066760632,78.26665846492537,8931,0.0,298,8784,0.38096920914026705,0.0,1.0
105,0,RT42,True,1.0917820690740776,1.0082288137185706,0.46757722182882877,1.0202768914214486,0.18456795456244635,-0.6000572679612324,uttarakhand,0,RT42,20.029942732038766,1585.7870128983643,0.3957641339879988,1279,2358.908997199774,8.799792364260981e-10,1670.3804084002415,85.24072101734319,10.336440095065644,10.340504674754369,0.0032213525721072195,0.49618403750283674,75.27099258563734,75.22513810701167,5396,0.0,274,8784,0.33432374726854025,0.0,1.0
106,0,RT42,True,0.9681304520918173,0.995334586961594,0.39236139584658547,1.139113700131098,-0.3935677048016467,-0.052670268209476845,uttarakhand,0,RT42,20.57732973179052,1576.609451767223,0.35516651878869854,818,2759.280185165583,9.006292874001872e-10,1654.9094851900454,79.0423654682546,8.802057814229347,8.805979446764884,0.010804321976847652,0.49618403750283674,70.18240462147328,69.96722328310413,744,0.0,238,8784,0.2937128795710471,0.0,1.0
107,0,RT42,True,1.029645159484571,0.9878864447430318,-0.28132179694332465,0.9953436354355606,0.23393816591698025,-1.957952198728019,uttarakhand,0,RT42,18.67204780127198,1559.9748045866627,0.3847828914431449,1098,2449.2466281124894,8.825865823120058e-10,1641.4801446509657,82.21305126652157,9.480633992546618,9.485059812598319,0.002347586577385385,0.49618403750283674,71.73042702675261,71.6916099156747,3834,0.0,255,8784,0.30306106969085217,0.0,1.0
108,0,RT42,True,1.0039089991183086,0.9952268752143147,-0.2983611054344842,1.163203325939121,-0.4575486964334001,-0.03057406216742642,uttarakhand,0,RT42,20.59942593783257,1566.5092101583277,0.34694069414717077,757,2851.4327367164396,8.977201059070827e-10,1646.9123967586381,81.21473285034183,8.820664836084784,8.82458688061555,0.015053449456094718,0.49618403750283674,71.8126423924728,71.60343492032342,614,0.0,226,8784,0.28144474192488,0.0,1.0
109,0,RT42,True,1.0499106278327124,1.012326400963893,0.773131237778903,0.9611469619528006,0.04852723503735834,-1.0320286458440608,uttarakhand,0,RT42,19.597971354155938,1590.7108168939856,0.41380318546104633,1409,2186.9299831723356,8.818287822760617e-10,1675.4090874119402,85.33669080857355,10.353150977225715,10.35730295216446,0.001590353627830793,0.49618403750283674,75.36458651480255,75.32085228121986,6379,0.0,284,8784,0.3498835059353925,0.0,1.0
110,0,RT42,True,1.058096049375232,1.0207456319130777,0.25929479275652667,0.9046904403849195,0.4683910547580161,-1.3113010590388545,uttarakhand,0,RT42,19.318698940961145,1579.2085005237439,0.4303142183789448,1537,2018.8693612732393,8.784507922861877e-10,1668.615660967754,90.04960639783857,10.572855893474022,10.577062073926767,0.0011564133686089413,0.49618403750283674,76.09781119730572,76.06425612485886,7723,0.0,288,8784,0.361075301425271,0.0,1.0
111,0,RT42,True,0.9036539340112593,1.0234262416145055,-0.9647882906746583,0.861210349335269,0.08019488588080448,-0.6236776395945309,uttarakhand,0,RT42,20.00632236040547,1526.0177627015419,0.4437187153621239,1666,1834.5623312928285,8.67250764639157e-10,1626.2967263512157,100.89502461303321,9.634577475807397,9.638609538378436,0.0018016881178301476,0.49618403750283674,77.98222219589437,77.93897132226702,8576,0.0,303,8784,0.3795316035044287,0.0,1.0
112,0,RT42,True,0.9169378682359597,1.029580643118914,0.19712516612273667,0.955989360236265,0.30992635877009733,0.17272515767975438,uttarakhand,0,RT42,20.802725157679752,1577.6165330563738,0.4254170743636053,1588,2047.609597342714,8.747966548255815e-10,1671.7135796823038,94.69205180430171,9.717789198225976,9.72163452382614,0.002833843776229689,0.49618403750283674,77.29162544463404,77.25247097954488,8230,0.0,299,8784,0.37846156781538054,0.0,1.0
113,0,RT42,True,1.0447106669454036,0.9904053876135488,-0.9849270820057092,1.1706061460161394,-0.04635825738950161,0.0693642963834975,uttarakhand,0,RT42,20.699364296383497,1542.9244897645688,0.3414158956272094,707,2884.0192212084594,8.920590827586797e-10,1626.0746948445458,84.02542957042287,8.855366577372457,8.859274900528197,0.01933638563203691,0.49618403750283674,68.85809124979201,68.69380257711435,457,0.0,218,8784,0.27304240247508516,0.0,1.0
114,0,RT42,True,1.0755294914700915,0.9789119958273684,0.3178959631441728,1.1989567250362139,0.020418147402628706,-0.1962498714369456,uttarakhand,0,RT42,20.433750128563055,1569.4496781261296,0.34269113989516053,857,2974.8721134467496,8.808108898553246e-10,1646.878633915853,78.18614119070679,9.284220890211767,9.28821307810103,0.010858935477234004,0.49618403750283674,70.03056062814605,69.98710417315874,1517,0.0,242,8784,0.28001609629087976,0.0,1.0
115,0,RT42,True,1.000063686296668,1.016640434444784,0.1909790283461961,0.9417373485638146,0.4267731604361181,-1.1893478445298888,uttarakhand,0,RT42,19.44065215547011,1582.4927094321397,0.4174677551762721,1428,2140.3899818514597,8.782966634653806e-10,1670.4222041321905,88.58086796783304,10.049615727869785,10.053812859057544,0.0017998255187109179,0.49618403750283674,75.936536540898,75.89563045469605,6940,0.0,284,8784,0.3516792006022384,0.0,1.0
116,0,RT42,True,0.933620911641312,0.9850877978651817,0.16914414852708592,1.0100211266158583,0.30757004882759553,1.941747427121153,uttarakhand,0,RT42,22.571747427121153,1485.308069251644,0.4055915191256282,1454,2102.386981261237,8.641842433079466e-10,1580.8605817780108,96.1211748482488,9.511675974089457,9.515077084489583,0.007216029163157037,0.49618403750283674,75.85525933648341,75.81098671143835,6041,0.0,292,8784,0.37187689496859644,0.0,1.0
117,0,RT42,True,1.0021424572784703,1.0182608073607897,0.8660721929801345,1.0698773387761609,-0.33874277261694297,-1.2220772127686712,uttarakhand,0,RT42,19.40792278723133,1633.6734240934898,0.3748117089828954,935,2612.479278876075,9.069100368490244e-10,1709.6560846283335,76.66924881228732,9.266290352249374,9.270506165230916,0.0035952124375371666,0.49618403750283674,72.73818827795992,72.55927320856357,1367,0.0,243,8784,0.30893289647378663,0.0,1.0
118,0,RT42,True,0.9462277656771382,1.0044622134471313,-0.29156772337780834,1.0847540366131496,0.20293672061408274,0.5892122707706045,uttarakhand,0,RT42,21.219212270770605,1551.3858700290452,0.3799690596694074,1209,2471.418973670523,8.719549046916083e-10,1641.209102486086,90.48771933625052,9.238382558430157,9.242160134734126,0.007983977996630637,0.49618403750283674,74.34363316975318,74.30590945973134,4450,0.0,274,8784,0.33399061438300376,0.0,1.0
119,0,RT42,True,0.9113588525788004,1.0008198309720837,0.13815446222143063,1.1667439176965069,-0.35608039647444045,-1.6802304605106686,uttarakhand,0,RT42,18.94976953948933,1623.4499868640232,0.34148761622451973,660,3045.814034089773,9.10772890421325e-10,1695.0917689494436,72.4392889130301,8.240635015753918,8.244996983190184,0.008361631392910022,0.49618403750283674,70.97259212879575,70.78258620531756,517,0.0,216,8784,0.25617173731643683,0.0,1.0
0,1,Myristic acid (C14),True,1.0378558693561353,0.9600203963826565,-0.5291922889969238,0.8817221837039638,0.39309620916998633,-0.27103958262093863,uttarakhand,1,Myristic acid (C14),7.178960417379061,1436.632161692246,0.29802240248837875,36,3383.8514552996185,2.3811117408246744e-11,1515.969893435941,80.6802730717029,2.1903122048670878,2.1984377903581507,0.0007413268122252318,0.43068941783878667,53.22980556005035,52.29714884842429,0,0.0,0,8784,7.639258089311468e-05,0.0,0.14637396270013542
1,1,Myristic acid (C14),True,1.0084982969304208,1.0004036000020415,-0.21023161310662197,0.8623053123634252,0.1310870537337565,1.2758047122366452,uttarakhand,1,Myristic acid (C14),8.725804712236645,1462.172623988586,0.32172682954935683,119,3082.076245752642,2.362752088028089e-11,1551.1022443972877,90.18624697572375,2.3986917616046557,2.4065096899080185,0.0008231338314622779,0.43068941783878667,56.150680839129905,53.97981979434073,0,0.0,0,8784,0.002766792056924386,0.0,0.9655194040112196
2,1,Myristic acid (C14),True,1.0175658763652116,0.9653613039145091,0.39663102534673367,1.1510760994743194,0.06088968333179301,-1.3131762458584304,uttarakhand,1,Myristic acid (C14),6.13682375414157,1564.8199136852606,0.242743943983162,0,4881.417254188207,2.433226109386138e-11,1623.9485374953006,60.573211680527024,2.1554078945444517,2.1637701052604243,0.0028363366927433597,0.43068941783878667,49.358918538248545,49.30997948895804,0,0.0,0,8784,0.0,0.0,0.0
3,1,Myristic acid (C14),True,0.9907550686741349,1.003010376001898,-0.015252507018447645,1.1147016419011317,0.18491242779250905,1.7303499423903812,uttarakhand,1,Myristic acid (C14),9.180349942390382,1531.050658072678,0.2635320033916344,25,4278.3948284893495,2.393984301921441e-11,1609.2249426455148,79.50073362155676,2.1372293233084694,2.1450008125960305,0.005952610017669315,0.43068941783878667,52.39119567598986,52.03374038276097,0,0.0,0,8784,2.266099333380723e-06,0.0,0.015994308180753064
4,1,Myristic acid (C14),True,0.9034774662602874,1.0254028518039835,-1.0519206205218337,0.8676192672904673,-0.3524048646976895,1.6883256903776727,uttarakhand,1,Myristic acid (C14),9.138325690377673,1460.916553230765,0.32113032845225065,143,3072.7753918584613,2.398379176316024e-11,1554.7287292405058,95.06537502896231,2.6977515153518685,2.705494979328614,0.001960887857030448,0.43068941783878667,60.011345866283364,59.834110808879814,0,0.0,1,8784,0.0035363019462993058,0.0,1.0
5,1,Myristic acid (C14),True,0.9081098524055735,0.9890753640450707,0.7088448514272794,1.112982958914614,0.1622897955215442,-0.9037721210809293,uttarakhand,1,Myristic acid (C14),6.546227878919071,1587.3834177206807,0.2570735098002759,6,4587.339734024304,2.428649198773953e-11,1650.0558337410748,64.08022001926719,2.2109939367253446,2.2192686725989677,0.002070529716689448,0.43068941783878667,51.09838689803687,51.03224305209222,0,0.0,0,8784,0.0,0.0,0.0
6,1,Myristic acid (C14),True,1.031747918291704,0.9512021358549555,-0.139387887676588,1.0710331268760966,0.4262789815482422,1.5518880702955204,uttarakhand,1,Myristic acid (C14),9.001888070295522,1445.2617575271538,0.25778383138567806,3,4160.985809769924,2.386650842872369e-11,1521.1720233599858,77.23307096116537,2.0444493037282614,2.05225296048026,0.005456421441150668,0.43068941783878667,50.863355803988426,50.81299066321893,0,0.0,0,8784,0.0,0.0,0.0
7,1,Myristic acid (C14),True,1.0315454626403877,1.0742945865291968,0.7465654422448154,1.015641507499596,0.04764152961400925,-0.7530391638390443,uttarakhand,1,Myristic acid (C14),6.696960836160956,1682.8216572362687,0.299672549479466,95,3932.41217596483,2.427114893511916e-11,1756.5506387831153,75.10233376730811,2.5069912946515793,2.515221079745388,0.000710493554893207,0.43068941783878667,55.87899397586045,53.5996813145419,0,0.0,0,8784,0.0013617406058228558,0.0,0.7691888686025792
8,1,Myristic acid (C14),True,0.972925613280591,1.0351933807224059,0.18830404032107848,0.9257166265829098,0.1284928487286614,-0.8175012875343022,uttarakhand,1,Myristic acid (C14),6.632498712465698,1588.4491954896434,0.3098827206009306,93,3537.239198085179,2.4096654218029513e-11,1666.0123405453476,78.93215021231282,2.442046664330203,2.450279691305171,0.0004306865178283749,0.43068941783878667,55.704654689872804,53.56818953493973,0,0.0,0,8784,0.0013724954194904175,0.0,0.7565713092132246
9,1,Myristic acid (C14),True,0.997411231568637,1.0150189071698699,0.3704477141945424,1.0163052731862696,-0.4963721863669993,0.6830517813045476,uttarakhand,1,Myristic acid (C14),8.133051781304548,1546.4204427613279,0.28399035210413104,102,3889.675951989032,2.4344223473869825e-11,1621.2813261072663,76.19490518032649,2.483068390844118,2.491017396596551,0.003266389282705519,0.43068941783878667,60.041164166699915,53.92282544388239,0,0.0,0,8784,0.001177998756104746,0.0,0.9022860784421853
10,1,Myristic acid (C14),True,0.9294887914095569,0.9969595017369542,0.5333253515263164,0.9996964607182678,-0.2660970095759233,-0.6730207826422894,uttarakhand,1,Myristic acid (C14),6.776979217357711,1547.2475869986818,0.280169271108047,68,3971.1173033890946,2.4499474362249506e-11,1615.0395162455654,69.17625035158926,2.3920618382370766,2.4002719835845583,0.0017971514205849589,0.43068941783878667,57.76600059747944,53.05043982071234,0,0.0,0,8784,0.0003743619737226692,0.0,0.5040308006905815
11,1,Myristic acid (C14),True,0.9033637222914312,1.0017871610261506,-1.0745911135574644,0.8546095919832633,0.1947370818587717,0.5948188032900776,uttarakhand,1,Myristic acid (C14),8.044818803290077,1459.4372585603846,0.3187681676000812,115,3118.5115775492595,2.3617898965925733e-11,1549.8326105971564,91.69281764683296,2.372235473663662,2.3801944939408264,0.0008688741082559391,0.43068941783878667,56.579222999167634,55.535723958473554,0,0.0,1,8784,0.00240931402982072,0.0,1.0
12,1,Myristic acid (C14),True,0.9132234620387499,0.9467198770085666,0.02140015394186519,0.896245395777738,-0.3769884612867541,0.43851276186389043,uttarakhand,1,Myristic acid (C14),7.888512761863891,1409.5141014330343,0.29222803995129776,64,3410.514761489867,2.4138522548061498e-11,1485.801113487011,77.60081468699154,2.2725224517926894,2.280506295265708,0.0015359186868372776,0.43068941783878667,57.39632147546757,53.32832700988161,0,0.0,0,8784,0.00035916865193665596,0.0,0.608277168725176
13,1,Myristic acid (C14),True,1.0681033091935297,1.0005689345025361,0.47993425149193747,0.984382551783489,-0.31017353060877373,0.823844289995173,uttarakhand,1,Myristic acid (C14),8.273844289995173,1514.3798628350862,0.2881883378507001,99,3732.814805947393,2.4272709245554785e-11,1589.810326791216,76.74419619782843,2.4210665657694266,2.4289822247494772,0.0026508873621912637,0.43068941783878667,58.462646102905715,53.397709792889565,0,0.0,0,8784,0.0007459972469176992,0.0,0.6509773685847381
14,1,Myristic acid (C14),True,0.9375874177621593,0.9702651806780065,0.13794976187120575,1.1551443734959213,-0.3881083629444033,1.1064602364579548,uttarakhand,1,Myristic acid (C14),8.556460236457955,1500.044761236148,0.24527526790570053,32,4612.971320057177,2.4391032786949637e-11,1568.6452494710422,70.04645189772356,2.1913322251350427,2.19921292713049,0.011748306336753929,0.43068941783878667,55.685637089445436,52.52719180006105,0,0.0,0,8784,0.00011416567973548548,0.0,0.26313128079435955
15,1,Myristic acid (C14),True,0.9797821846143662,0.9769767825560262,-0.667894266325966,0.9453529481156864,-0.34513174892588117,-0.6348806973327781,uttarakhand,1,Myristic acid (C14),6.815119302667222,1477.7894804190296,0.2832734436676817,52,3735.7539709376715,2.429533374687652e-11,1552.158508250212,75.75118678651933,2.335049386851207,2.343254146988337,0.0018272276701770539,0.43068941783878667,56.83018412023212,52.81564054542463,0,0.0,0,8784,0.0003036039032386516,0.0,0.392261236463423
16,1,Myristic acid (C14),True,1.001330285069938,1.0191874278174198,0.0681186369675853,1.1214423386021677,-0.2915328432864739,1.4893108067780467,uttarakhand,1,Myristic acid (C14),8.939310806778046,1551.0860907641297,0.26334922249264336,82,4330.7578157719845,2.4323419334723794e-11,1626.1963150889517,76.50436159001981,2.3638749578704026,2.3716782862392667,0.009496571582024972,0.43068941783878667,59.307653145793765,53.70587903358599,0,0.0,0,8784,0.0007063432644677965,0.0,0.8263200252204693
17,1,Myristic acid (C14),True,1.0915738418102083,1.020089653087671,-1.184487445133305,0.9948721330913282,0.40577004448968956,-1.1228869955055587,uttarakhand,1,Myristic acid (C14),6.327113004494441,1563.9725611938563,0.28193000308475913,32,3983.3183087424236,2.402487993797489e-11,1641.3400585759937,78.7761088108171,2.2733042316687424,2.2816215829295254,0.0013878834838767634,0.43068941783878667,52.74981318028008,52.116384628494515,0,0.0,0,8784,2.001489353976092e-05,0.0,0.05645138328412777
18,1,Myristic acid (C14),True,0.9352336847010166,1.0155557627902478,-0.8413883590341849,1.0407545222032482,0.4831737138383536,1.3890024951857862,uttarakhand,1,Myristic acid (C14),8.839002495185786,1519.2253785073374,0.27775514747978336,42,3950.1875535359754,2.3805136218242182e-11,1603.3989752488562,85.48838404780437,2.1872535736332064,2.1950904999689036,0.004084923274424798,0.43068941783878667,53.93698493674567,52.58887780364988,0,0.0,0,8784,0.00021987544772225873,0.0,0.29380979738972685
19,1,Myristic acid (C14),True,0.9732496457268985,0.9652716132086835,-0.7688362712726088,1.0446007600017242,-0.29267385533026946,-0.7485148641103581,uttarakhand,1,Myristic acid (C14),6.701485135889643,1486.6629759753187,0.2573619494332736,23,4288.442571155226,2.440845625348467e-11,1555.291215499433,70.06148758195586,2.2405128792444007,2.2487549791803825,0.0044237830056626706,0.43068941783878667,55.343223264871106,52.41333517611518,0,0.0,0,8784,7.558355480536776e-05,0.0,0.20472624020141172
20,1,Myristic acid (C14),True,1.034833343499571,1.0540890764745672,0.8770206350211844,0.8129717948332542,-0.24210876693385164,-0.17589972738381254,uttarakhand,1,Myristic acid (C14),7.274100272616188,1564.7010137896814,0.35022139893356685,209,2881.583200229789,2.430703607514409e-11,1648.8624838079636,85.47911639636456,3.1759397202048483,3.1840064735515643,0.0001869825548630458,0.43068941783878667,62.777753309552246,61.57298706102692,0,0.0,4,8784,0.006389177085804838,0.0,1.0
21,1,Myristic acid (C14),True,0.9485158532877782,1.0178112632463936,-1.1477697249441317,1.012778258093556,-0.11621167991898562,-1.3594947747295256,uttarakhand,1,Myristic acid (C14),6.0905052252704746,1560.8224807873164,0.2746342552470259,57,4118.403698549144,2.4448764273080342e-11,1633.7179008198145,74.33511756067384,2.4106385142900124,2.418998631836436,0.002553863070366711,0.43068941783878667,58.43123665040257,53.47661972538585,0,0.0,0,8784,0.0004100623236186103,0.0,0.7069554473423725
22,1,Myristic acid (C14),True,0.9965179929799681,0.9928076588810112,-0.21637808729082092,1.04421989583354,-0.2306470346403534,0.43987964139112146,uttarakhand,1,Myristic acid (C14),7.889879641391122,1513.400335339432,0.2693032508445823,66,4102.1797359553975,2.4329140472989228e-11,1586.7952914727814,74.76822265348625,2.3117991259152557,2.3198054112936504,0.004783181153127703,0.43068941783878667,57.13919929832069,52.88545701358568,0,0.0,0,8784,0.0002927677449631319,0.0,0.42278316281497375
23,1,Myristic acid (C14),True,0.9767496862453093,0.9648674471660764,0.3175873284947793,1.0685580014048772,0.24407685616820807,-1.9872266478617595,uttarakhand,1,Myristic acid (C14),5.462773352138241,1556.0915117346942,0.256099863263079,0,4519.9639644409845,2.4300014678184622e-11,1615.9263190796792,61.28788676971573,2.198828162248879,2.207313578330884,0.0012091551903356788,0.43068941783878667,49.55615648044421,49.50848006143521,0,0.0,0,8784,0.0,0.0,0.0
24,1,Myristic acid (C14),True,1.0994200002805512,1.0061047549347861,0.2294302626636841,0.8908849518455011,0.0676129521863017,-0.9495231288878951,uttarakhand,1,Myristic acid (C14),6.500476871112105,1538.7701672565186,0.31098829379563875,85,3409.037535503808,2.4020459058406252e-11,1615.3299973006947,77.9311938967312,2.385018722270978,2.3932664354036755,0.00033068558411073043,0.43068941783878667,55.094021671152994,53.079594285860466,0,0.0,0,8784,0.0009406477024488625,0.0,0.5166550025093808
25,1,Myristic acid (C14),True,0.9173453228440451,0.9800726638291933,-0.9111521597258886,0.9377956338392487,-0.26498009275298917,-0.20145217075239907,uttarakhand,1,Myristic acid (C14),7.248547829247601,1461.6880241899469,0.2852639898331293,61,3658.506277715023,2.420353548289374e-11,1539.4237006514952,79.10003748533732,2.32250953001143,2.330631149324551,0.0022206868269293036,0.43068941783878667,56.60364425874547,52.9470800954316,0,0.0,0,8784,0.0003730869567041481,0.0,0.44235020175031864
26,1,Myristic acid (C14),True,1.0262505333189837,0.9536287938761008,0.06850786498032617,1.0266234736744213,-0.3274117974946775,0.8998702911104175,uttarakhand,1,Myristic acid (C14),8.349870291110417,1446.3593889461142,0.2647726522168675,38,4013.7310172166226,2.426906852120464e-11,1518.416356252138,73.40572774699098,2.2053608187972396,2.213271075559471,0.0051819562458885905,0.43068941783878667,57.463399452834466,52.81216156536361,0,0.0,0,8784,0.0001563364583857602,0.0,0.40071770612651686
27,1,Myristic acid (C14),True,1.0819726850639202,1.0667509737971235,0.8687687377385692,1.1293262608723884,0.04390682838845095,1.499272832419761,uttarakhand,1,Myristic acid (C14),8.949272832419762,1652.0760016830802,0.27910024602365113,63,4266.917268495856,2.409145318324304e-11,1729.2020624087763,78.4355635327156,2.31551559472354,2.323327414432768,0.0038964687197222663,0.43068941783878667,54.10111338511206,52.564032104177485,0,0.0,0,8784,0.0003865729942300957,0.0,0.28087497460606337
28,1,Myristic acid (C14),True,1.0308879216441804,0.9695496905377743,0.204346807425126,0.9664466701402923,-0.3870899200609911,-1.5136958640046538,uttarakhand,1,Myristic acid (C14),5.936304135995346,1511.356813081759,0.2778222335211641,39,3926.467365333308,2.4517417932263403e-11,1576.6879550665838,66.75239857997873,2.3363841643708216,2.3447597878198296,0.0011995646637978834,0.43068941783878667,55.40572375191428,52.55112742667354,0,0.0,0,8784,0.000110215115521609,0.0,0.2670673164695756
29,1,Myristic acid (C14),True,1.0866390139545128,1.080587974324519,0.8047340871611618,0.8686633454703959,-0.07734668372999132,-1.2140367539400967,uttarakhand,1,Myristic acid (C14),6.235963246059903,1643.4483444697385,0.33632900942418475,179,3221.22283010015,2.4473469188314597e-11,1721.8420317734326,79.77297888165185,3.208072845445255,3.2163545618353617,0.00021259339171791043,0.43068941783878667,63.626021097089776,62.27863831476414,0,0.0,3,8784,0.005533617006742769,0.0,1.0
30,1,Myristic acid (C14),True,1.0920271833149902,1.0712600472837146,0.8974474682020744,0.8546148875464218,0.1070302688263488,0.8845110576353439,uttarakhand,1,Myristic acid (C14),8.334511057635344,1591.9933430860049,0.3499326730273157,277,2955.3188135628448,2.382646046086737e-11,1681.0127928215684,90.2828984050846,2.9601568708296804,2.9680281979203817,0.0002643294783528595,0.43068941783878667,59.81961908940895,59.73510268187777,0,0.0,11,8784,0.009846771227896291,0.0,1.0
31,1,Myristic acid (C14),True,0.9836365358211914,1.0171678600037135,0.20942567396060457,1.171674269242798,-0.480142207625621,0.18893524414002938,uttarakhand,1,Myristic acid (C14),7.638935244140029,1595.6714290351865,0.2515741304168435,53,4742.655882482514,2.4594913350583066e-11,1662.4271042786618,68.20937311000412,2.3413115356749783,2.34936972361497,0.008517923833131382,0.43068941783878667,59.70996758335265,53.4331299347345,0,0.0,0,8784,0.00029461468311355943,0.0,0.7114955034164782
32,1,Myristic acid (C14),True,0.9160348144524422,0.9614711123362415,-0.8094022807072031,1.0520912231090411,0.41960126290886135,-1.4315758787302686,uttarakhand,1,Myristic acid (C14),6.018424121269732,1506.9356070208462,0.2550713376881105,2,4400.86383995542,2.4130460944142315e-11,1574.341644788169,68.8459831886325,2.146898705005417,2.1552871647242364,0.002153474049746232,0.43068941783878667,50.50527037181135,50.45253415615657,0,0.0,0,8784,0.0,0.0,0.0
33,1,Myristic acid (C14),True,1.0461801472349475,1.0091045403642642,0.14227112836706243,1.1128340367570686,0.07278841019124227,-0.6087164693765041,uttarakhand,1,Myristic acid (C14),6.841283530623496,1597.3579477439253,0.26049014997724995,14,4534.630942265437,2.418559191288e-11,1665.209199406958,69.25386433392242,2.2240305228908355,2.232253944460363,0.0026123170380423404,0.43068941783878667,52.503956452101185,52.05220578513779,0,0.0,0,8784,3.7675449767498224e-06,0.0,0.026071530976369987
34,1,Myristic acid (C14),True,0.952790740647205,1.0401720101668062,-0.962399718649861,1.0980960417343635,-0.4362695064092531,-0.7451702718302808,uttarakhand,1,Myristic acid (C14),6.704829728169719,1604.743058342482,0.2640417379535519,76,4467.165335370026,2.4479190326581685e-11,1677.078956292912,73.79040756054853,2.423058736009645,2.4313032687838794,0.005331548000890833,0.43068941783878667,59.42036190131269,53.47446085458337,0,0.0,0,8784,0.0004774355394165535,0.0,0.7202621029877053
35,1,Myristic acid (C14),True,0.93406775741229,1.0121738678234196,0.2233334921866662,1.1269526002314247,-0.1847671787890336,0.22179118206699666,uttarakhand,1,Myristic acid (C14),7.671791182066997,1575.8331367561668,0.2584628573299862,65,4516.141216191762,2.4537441916191324e-11,1644.091471124301,69.67703653203199,2.351110729812439,2.3591611960527645,0.006616008696309426,0.43068941783878667,58.02477014499633,53.07806878662159,0,0.0,0,8784,0.00035259381271950335,0.0,0.5324291700583554
36,1,Myristic acid (C14),True,1.0300705288368257,1.0663413916056752,0.9137151804464386,0.980015232290188,-0.02991424546175714,-0.8466697446184503,uttarakhand,1,Myristic acid (C14),6.60333025538155,1653.7164938685075,0.3033150392436046,144,3782.898841318673,2.458347107405143e-11,1725.291037486888,72.95264155943565,2.836424297299207,2.844659368591917,0.0009113639925262169,0.43068941783878667,62.583590368751985,60.55549512568484,0,0.0,3,8784,0.0026754312353322015,0.0,1.0
37,1,Myristic acid (C14),True,1.072770019262954,1.0594581561604832,0.7842848079157786,1.1598295041147086,-0.26971205922828534,0.14200086282833935,uttarakhand,1,Myristic acid (C14),7.592000862828339,1668.0638716992876,0.26499483142884206,103,4615.634289586714,2.468749176978364e-11,1735.444405820157,68.79682141183292,2.5521076416829676,2.560168952088691,0.005953395725436203,0.43068941783878667,59.94235986172591,53.518905928591806,0,0.0,0,8784,0.0010346850769215015,0.0,0.7498604687929105
38,1,Myristic acid (C14),True,1.0813501644669004,1.0225305908982603,0.17974025103460115,0.910218323458145,-0.2528896703635696,-0.9967207776645739,uttarakhand,1,Myristic acid (C14),6.453279222335427,1558.093601572738,0.3070465120735618,122,3506.744940592121,2.4377510096503648e-11,1632.8044744578033,76.09082485844444,2.614918846979273,2.6231780268871456,0.000654714767699513,0.43068941783878667,60.50764287592875,54.92409518022811,0,0.0,0,8784,0.0013613898408577916,0.0,0.9267110878999859
39,1,Myristic acid (C14),True,1.055375316242074,1.017034991670189,-0.2179498555290424,1.192071788626946,0.1058902714345078,0.3666635641622058,uttarakhand,1,Myristic acid (C14),7.816663564162206,1596.9908167315473,0.24873099416908517,8,4823.228891108638,2.417310942939222e-11,1668.067100356822,72.49451172144785,2.1653268058204733,2.1733713112871684,0.006592503361477614,0.43068941783878667,51.36161504445861,51.3081997248277,0,0.0,0,8784,0.0,0.0,0.0
40,1,Myristic acid (C14),True,0.9398287398307424,0.9589721355578218,-0.8208965396437302,0.9167556739804187,-0.354485952013442,-1.05370729420624,uttarakhand,1,Myristic acid (C14),6.39629270579376,1447.975147768969,0.283569247103703,43,3656.371417080877,2.4284411573824935e-11,1521.303057006953,74.72616846783228,2.2886100416590587,2.296894599278529,0.0014317498053667205,0.43068941783878667,56.536652845396574,52.8822628100982,0,0.0,0,8784,0.00016156023209769116,0.0,0.4190585478866352
41,1,Myristic acid (C14),True,0.9745890866828454,1.0261438366265876,0.14587109137402268,0.8301726736232335,0.33611028478847027,1.7139398282715912,uttarakhand,1,Myristic acid (C14),9.163939828271591,1485.4439762223085,0.3430363241920651,218,2843.496446720808,2.3525060494985573e-11,1578.9312526176495,94.71105905181128,2.6644047635195984,2.6721227424026,0.0005278353879801637,0.43068941783878667,59.446555918077074,59.301033120487155,0,0.0,9,8784,0.007304037385052836,0.0,1.0
42,1,Myristic acid (C14),True,1.0939660582371726,1.0257382928157202,-0.8320010798000675,0.8028576952279025,0.3126871804067687,0.21054736337576374,uttarakhand,1,Myristic acid (C14),7.660547363375764,1487.48335225025,0.3426274281385575,178,2852.951945406906,2.3576810791111894e-11,1580.5518527243248,94.37112221211902,2.646076289754801,2.654084315273484,0.000298561751714704,0.43068941783878667,58.6019150584556,58.219942074360986,0,0.0,4,8784,0.005486956661797919,0.0,1.0
43,1,Myristic acid (C14),True,0.964210053123656,0.9469087556531892,0.19609839989856778,0.914978534640632,0.2879705662832538,-1.794984266045331,uttarakhand,1,Myristic acid (C14),5.655015733954669,1481.339182896933,0.2859549921188459,13,3698.9636318073285,2.4146064048502034e-11,1548.4953177334487,68.57712110933346,2.2172136026121994,2.2256345769332384,0.00037182250511470295,0.43068941783878667,52.09147067999299,52.001435587580914,0,0.0,0,8784,0.0,0.0,0.0
44,1,Myristic acid (C14),True,1.0157261143237972,1.0258071973452383,0.09558383007394192,0.9300233483717842,0.4275321909110841,1.0241470605984908,uttarakhand,1,Myristic acid (C14),8.47414706059849,1532.9353206326095,0.3108643330332538,101,3397.943901222692,2.3834522064786433e-11,1617.7456222989151,86.08978595158938,2.38065283212276,2.388534062435729,0.001090814979186246,0.43068941783878667,56.135840717581864,53.81159427071842,0,0.0,0,8784,0.0015885021748141992,0.0,0.8834265632290407
45,1,Myristic acid (C14),True,0.9485739389129333,0.9421502204568857,0.08276545170701172,0.9808840061978734,-0.2660260236810812,0.6662764828857024,uttarakhand,1,Myristic acid (C14),8.116276482885702,1424.4311297470438,0.27141292900996805,41,3821.584447882097,2.4230840915523163e-11,1496.795121632724,73.69940851477274,2.2009224603245983,2.2088772302131647,0.003520036194427776,0.43068941783878667,55.38477652498356,52.39149453239238,0,0.0,0,8784,0.00010514964341800473,0.0,0.19154614237152226
46,1,Myristic acid (C14),True,0.914278305648361,1.0717748699523868,0.9470523602583725,1.1872612165944914,-0.35105065256956514,-1.1109043654687638,uttarakhand,1,Myristic acid (C14),6.339095634531237,1727.0171108942425,0.26047916060932264,90,4894.276359550452,2.4941042215629362e-11,1787.9535843390852,62.39863425381831,2.5808262092091407,2.58913329656146,0.004438081063401699,0.43068941783878667,60.65818037093034,54.85108500902921,0,0.0,1,8784,0.000904757060604842,0.0,1.0
47,1,Myristic acid (C14),True,0.9793703044491479,0.9912174658435782,0.14592103296733355,0.933412853169869,-0.4261814014691909,-1.5254241682023157,uttarakhand,1,Myristic acid (C14),5.924575831797684,1530.9388403200514,0.2911208772840075,72,3723.4157098787796,2.4514557363130594e-11,1599.8532655711656,70.32812318781532,2.430880696247921,2.4392522061335518,0.0007816226525857204,0.43068941783878667,57.60445464949919,52.99247118618873,0,0.0,0,8784,0.0004481277701483281,0.0,0.4748021764708779
48,1,Myristic acid (C14),True,1.0380131127078647,0.9633122225461711,0.45529008129493537,1.0695550568835004,-0.11313999168361988,-1.733058158687812,uttarakhand,1,Myristic acid (C14),5.716941841312188,1540.7852424892662,0.2547401660611587,24,4506.584612518177,2.4783970965075322e-11,1598.756303567323,59.42740257613765,2.296503178413153,2.3049284457428474,0.0024959678226248684,0.43068941783878667,55.28409373340299,52.309328897778265,0,0.0,0,8784,4.7993869146818765e-05,0.0,0.15148693193429313
49,1,Myristic acid (C14),True,0.9012579966036192,0.9796397180657178,0.37430097037966026,0.9836642127106925,0.1580975845879632,-1.8304097108249353,uttarakhand,1,Myristic acid (C14),5.619590289175065,1552.2317561704701,0.2784941195025219,17,4021.398550085586,2.4243323399010993e-11,1617.4255740091455,66.62374420418675,2.2591888649954783,2.2676302353421747,0.0005503285851209133,0.43068941783878667,51.68617577199311,51.641748568648154,0,0.0,0,8784,0.0,0.0,0.0
50,1,Myristic acid (C14),True,1.0847349443795342,1.0194416012883296,-0.22551440451951507,1.0575261214376896,0.45228102595311703,1.548720130695144,uttarakhand,1,Myristic acid (C14),8.998720130695144,1540.8218391713012,0.2783152475115206,52,3995.168586133096,2.3879250963950835e-11,1622.621484405702,83.10337724876122,2.207435894380436,2.2152389185184687,0.003950046584916293,0.43068941783878667,54.24459603300587,52.63263182018526,0,0.0,0,8784,0.00022209210835226755,0.0,0.3127458798763894
51,1,Myristic acid (C14),True,1.0881544409364547,0.9638882108359048,-0.7895276207327683,0.8007166836103758,0.1863471707263511,1.6781272289689695,uttarakhand,1,Myristic acid (C14),9.12812722896897,1368.713463709569,0.3275249391604107,126,2809.821048551681,2.3417139023164005e-11,1462.4991900996492,95.01637054926665,2.324098293702726,2.3318265184898217,0.0008367150061381673,0.43068941783878667,55.85313148073636,53.631211336242714,0,0.0,0,8784,0.0025534782668857788,0.0,0.7990762009898419
52,1,Myristic acid (C14),True,1.0162884667330847,1.0124849459293148,-0.8563156995776694,1.0211396223659734,0.2519608000761149,-0.9531866613698696,uttarakhand,1,Myristic acid (C14),6.4968133386301306,1561.472378443296,0.2753085691568302,22,4110.1567798509595,2.4070388992357387e-11,1636.2094508931393,76.14177385720046,2.2424256583911983,2.250712323319411,0.001687362070267469,0.43068941783878667,52.256578725941665,52.0149072885318,0,0.0,0,8784,5.560479983945076e-07,0.0,0.0029126217846135154
53,1,Myristic acid (C14),True,0.9167919689600422,1.023143063242549,-0.10360228123186747,0.8948192268699962,0.4275424455628539,0.14405598261423513,uttarakhand,1,Myristic acid (C14),7.594055982614235,1532.7507954290904,0.3163417928787796,118,3312.0748120808526,2.382958108173919e-11,1616.4927967614426,85.05866353041249,2.442096145915952,2.4501364049855274,0.0005962663229386757,0.43068941783878667,56.82286925299118,55.923587084822465,0,0.0,1,8784,0.00241894477146343,0.0,1.0
54,1,Myristic acid (C14),True,1.0464392944373306,0.9883165970873607,-0.893696510332491,1.1614112433607753,-0.24653006992394388,0.2141692277244589,uttarakhand,1,Myristic acid (C14),7.664169227724459,1525.2140052020995,0.24284668479835403,25,4753.100576490941,2.4422499047408415e-11,1595.3393292629241,71.62914243217386,2.228094951750404,2.236155712785976,0.011969003523512722,0.43068941783878667,55.83386137278346,52.374551833351404,0,0.0,0,8784,9.193928684324188e-05,0.0,0.1754228732482713
55,1,Myristic acid (C14),True,0.9735315087462069,0.9594006920152043,0.5019366452638006,1.135945495861213,0.1482212942728559,0.8222840779953282,uttarakhand,1,Myristic acid (C14),8.272284077995328,1502.7305717924128,0.2482997949729111,5,4549.103721122933,2.406726837148544e-11,1570.8280187603,69.4590481442824,2.078258666527228,2.0862042441240263,0.005186969617724232,0.43068941783878667,50.626699450275595,50.56571487827362,0,0.0,0,8784,0.0,0.0,0.0
56,1,Myristic acid (C14),True,1.0583866581523114,0.959267909916578,-0.8158423844400633,0.9769304821127998,-0.050125908552083875,1.3404249852558077,uttarakhand,1,Myristic acid (C14),8.790424985255807,1410.0924686277579,0.2741068897758516,51,3731.071177104556,2.4102895459773467e-11,1490.3978468943003,81.63017123477913,2.200313251523514,2.2081393939638265,0.005275105632780867,0.43068941783878667,56.828876991504636,52.755585953225385,0,0.0,0,8784,0.00020721535721055615,0.0,0.35252160339357325
57,1,Myristic acid (C14),True,1.0686374232416653,0.9799874154608812,-0.8614462998068304,0.9051560096724455,0.4257735003189136,-0.609953410713854,uttarakhand,1,Myristic acid (C14),6.840046589286146,1473.9835141717213,0.2955140927635148,42,3513.7898139077,2.3852465634799985e-11,1553.616557786516,80.9984473577135,2.230577168139262,2.23877742850158,0.0008284739102747569,0.43068941783878667,53.62561306051719,52.399004507269645,0,0.0,0,8784,0.00015651445119855588,0.0,0.1994039919634024
58,1,Myristic acid (C14),True,0.9081412907299913,0.9719564036583213,0.4473400801911506,0.8662448243595229,-0.06392685556055411,1.7626102494823783,uttarakhand,1,Myristic acid (C14),9.212610249482378,1417.9316770883054,0.31328793633818286,127,3097.706776933446,2.4036322214504446e-11,1501.7539854159816,85.05984161694904,2.4635433538175597,2.4712623309278903,0.0014531082516313506,0.43068941783878667,58.37721350325003,53.92242890685977,0,0.0,0,8784,0.001709548831572231,0.0,0.8883738484653034
59,1,Myristic acid (C14),True,0.9411908708240446,0.951578214930494,0.4822107005629708,0.9737957382068794,0.08132272933437179,1.5327873624533077,uttarakhand,1,Myristic acid (C14),8.982787362453308,1436.3212615001914,0.28164663454337036,31,3663.2892185883643,2.384674449653476e-11,1513.822813818917,78.77319955479516,2.1121378512128834,2.1199298899672088,0.002322202832830603,0.43068941783878667,53.03051770836608,52.22157315729607,0,0.0,0,8784,3.985855272538556e-05,0.0,0.1050633141576499
60,1,Myristic acid (C14),True,1.0968322431573965,1.0219578184960063,-0.9164461333640581,1.0152443212047089,-0.45913889669656827,-1.2304544798865917,uttarakhand,1,Myristic acid (C14),6.219545520113408,1570.1481622541937,0.2763599496979342,69,4106.506296290461,2.4450844686994847e-11,1642.8606096304138,74.14368062115611,2.4276640548479067,2.4359963690857738,0.0025055322947724564,0.43068941783878667,58.76580566798369,53.14966881686546,0,0.0,0,8784,0.0003821383789946265,0.0,0.5522625678816011
61,1,Myristic acid (C14),True,0.9546328389330124,0.9710880076581315,0.5893644885658303,1.0186936659426644,-0.3405109342859661,0.33270752963416017,uttarakhand,1,Myristic acid (C14),7.782707529634161,1495.4586351039616,0.2721349502367767,56,3996.5376851522615,2.443628178959265e-11,1564.5874302249463,70.4792109973666,2.2870184281284858,2.2950347294162983,0.0032110097586013817,0.43068941783878667,57.02977098936631,52.777596583001355,0,0.0,0,8784,0.00021247084094619135,0.0,0.38441800338000626
62,1,Myristic acid (C14),True,0.937592214161707,0.9834969994836382,-0.6748787580403717,1.189669628905397,0.33700453539274267,0.43558776520349607,uttarakhand,1,Myristic acid (C14),7.885587765203496,1534.982433259624,0.2399437524115885,0,4861.854023508796,2.4057386405390952e-11,1606.2267651880534,72.68304114124497,2.09029086864407,2.098324575369937,0.008313267793926238,0.43068941783878667,49.01943143155178,48.9868670996764,0,0.0,0,8784,0.0,0.0,0.0
63,1,Myristic acid (C14),True,0.9440020334631664,0.9723464685257949,0.3788678083948235,0.8470301046774062,0.14900169614629022,1.0024177983756708,uttarakhand,1,Myristic acid (C14),8.45241779837567,1436.3184309152796,0.3196434263496186,97,3056.8930917925736,2.3678491021189243e-11,1520.348123506825,85.29492040170128,2.3062844754269407,2.314148059304104,0.0005522628617902782,0.43068941783878667,55.56055487191744,53.7425715761399,0,0.0,0,8784,0.0015610459704924215,0.0,0.8588564879255497
64,1,Myristic acid (C14),True,0.9545078481895485,1.0093925199565987,0.08041275456372526,0.8820274697546964,0.48302729577087444,-0.16699538120722845,uttarakhand,1,Myristic acid (C14),7.283004618792772,1519.1391426338485,0.3157730272097077,98,3291.4105929434777,2.3881851481344258e-11,1600.3664840918143,82.55749604071008,2.389463442287924,2.3975605832991556,0.0004353249290493679,0.43068941783878667,56.28661973942842,54.960630910236056,0,0.0,1,8784,0.001598625676090626,0.0,1.0
65,1,Myristic acid (C14),True,1.0600680193303234,0.9730318973560653,0.3249982699472327,0.854282131786918,-0.37790655433893283,-1.0327005616177045,uttarakhand,1,Myristic acid (C14),6.417299438382296,1474.0576828347612,0.30966239386205163,83,3281.527557420126,2.4287012091217948e-11,1547.5743848800569,74.89094706771613,2.4251005029580686,2.433354400542062,0.00042096297285584204,0.43068941783878667,57.86692838383862,53.46989017856409,0,0.0,0,8784,0.0004859855848554621,0.0,0.619214097649029
66,1,Myristic acid (C14),True,1.083192690193183,1.0325806050655797,0.040111077464537605,0.8070201327396546,0.27597874072254003,0.6786190900681892,uttarakhand,1,Myristic acid (C14),8.12861909006819,1508.6095581192976,0.3495229931683478,236,2806.2907598574184,2.36291678746302e-11,1600.42808223703,93.09183448693297,2.8024782999418636,2.8103865423903978,0.00023766682851360872,0.43068941783878667,58.782031617434924,58.59165002711288,0,0.0,8,8784,0.008042602337459315,0.0,1.0
67,1,Myristic acid (C14),True,1.083257459230722,0.9912856969668319,0.4181721801943873,1.197185176163433,-0.41942106149383873,-1.515188740980142,uttarakhand,1,Myristic acid (C14),5.934811259019858,1606.7711953872645,0.23848807715126152,23,5129.000436728887,2.4944422888241095e-11,1662.6094770699656,57.344556386783374,2.3084377851619515,2.3168311331954325,0.0059481322052981145,0.43068941783878667,56.31278188401328,52.42733997586664,0,0.0,0,8784,6.327032787363e-05,0.0,0.19457802093142285
68,1,Myristic acid (C14),True,1.0823127678480577,0.9684292055456445,-0.8613898832256335,1.1899061861454217,0.2755836275061374,-0.8461768898681221,uttarakhand,1,Myristic acid (C14),6.603823110131878,1534.8771734625125,0.23279900367270945,0,5057.925342560571,2.4154125652421226e-11,1600.1622235892114,66.76515581913468,2.09071850570642,2.0990038697341653,0.006460846045002145,0.43068941783878667,47.57599712817331,47.52741514738424,0,0.0,0,8784,0.0,0.0,0.0
69,1,Myristic acid (C14),True,1.0767154106102415,1.0094102308198971,0.17552100274109714,0.8109917155246962,-0.3712374087518472,0.18701416248091274,uttarakhand,1,Myristic acid (C14),7.637014162480913,1478.8146318369518,0.33565319351927847,146,2914.049303345335,2.415048492806944e-11,1563.7728803922637,86.2619032344793,2.7233634750712037,2.7313697400723997,0.000399608407991107,0.43068941783878667,62.13758783976652,61.19875585297029,0,0.0,2,8784,0.002676663911594268,0.0,1.0
70,1,Myristic acid (C14),True,0.914440161597654,0.9752621784680597,-0.8288906932222706,0.855954364521704,-0.48169703091286764,-1.1453211886325056,uttarakhand,1,Myristic acid (C14),6.304678811367495,1455.8919511211736,0.3045610927368242,71,3320.8066828144556,2.423214117421964e-11,1533.785557553089,79.28086061928212,2.3892947335334154,2.397581228525647,0.0006658104986631214,0.43068941783878667,57.74522844671552,53.47356180957925,0,0.0,0,8784,0.0004642247342679969,0.0,0.6387452406868274
71,1,Myristic acid (C14),True,0.9961674952284073,1.0234560832281112,-0.9468152020329407,1.1961653974925879,0.1359821306810146,0.853583310037457,uttarakhand,1,Myristic acid (C14),8.303583310037457,1579.7326147170713,0.24805765232562293,3,4788.214269050854,2.4016818334055675e-11,1656.358925600583,78.06111258613763,2.143882899082097,2.151837780471838,0.00917509341052552,0.43068941783878667,51.30573166302752,51.248083970876976,0,0.0,0,8784,0.0,0.0,0.0
72,1,Myristic acid (C14),True,1.0629196016382023,1.0150978799025476,-0.10535447409782406,1.1231472984312127,0.057042252522579995,1.8662178142530745,uttarakhand,1,Myristic acid (C14),9.316217814253076,1545.7008621215457,0.2649329746531681,26,4288.288957158673,2.390603629310169e-11,1625.3169564528157,80.94357421211674,2.1506684618981375,2.158412698371291,0.006433637004170918,0.43068941783878667,53.108291166989716,52.20003136615081,0,0.0,0,8784,2.9020675696155376e-05,0.0,0.09762557911547226
73,1,Myristic acid (C14),True,1.015326833811669,0.9573609016847551,0.5471617533035451,0.8320822472885754,0.09908253748581075,1.2010191235004055,uttarakhand,1,Myristic acid (C14),8.651019123500406,1408.807071943493,0.3206874757425786,93,2984.0064070166645,2.3652225795517033e-11,1492.5842564761572,85.0294689339312,2.2822606230170197,2.290080019791967,0.0005384364670920511,0.43068941783878667,56.084403709058726,53.86190595862735,0,0.0,0,8784,0.0014913000932294499,0.0,0.9129902499536526
74,1,Myristic acid (C14),True,1.0677101902911144,0.9538691014906278,0.4712958617479303,0.9272577107589842,-0.18755937342580653,1.6989686883607282,uttarakhand,1,Myristic acid (C14),9.148968688360728,1411.7832402878153,0.2914925882004571,82,3426.4700468198844,2.4155165859378412e-11,1490.4164192803598,79.89534024260415,2.2696801865669887,2.277420218392695,0.0027160435252185254,0.43068941783878667,57.66280952245728,53.017329562080434,0,0.0,0,8784,0.00043209215382596615,0.0,0.46718946047453963
75,1,Myristic acid (C14),True,0.9390104383105148,0.9674002990182264,0.36606676002160116,0.8544579556313854,-0.47998267593633115,0.6348798726350267,uttarakhand,1,Myristic acid (C14),8.084879872635026,1430.7881616949696,0.3122167469063589,110,3144.93789208603,2.4143983634586863e-11,1510.6266982494808,81.12844049414497,2.4165081467082077,2.4244406944614245,0.0008934461338920737,0.43068941783878667,58.702615322219295,53.77762144941204,0,0.0,0,8784,0.0010375548995799,0.0,0.8251343530024983
76,1,Myristic acid (C14),True,0.9295813609616954,1.0150144839304562,-1.0017687115176317,1.0464435657694737,0.3291708209172579,-1.1179421202498814,uttarakhand,1,Myristic acid (C14),6.332057879750119,1574.627279627968,0.2698923576610667,15,4259.557603644999,2.4104975873688127e-11,1648.4211452297582,75.21500061485207,2.2436907889183253,2.252018902051128,0.001956592505645205,0.43068941783878667,51.69516334876888,51.63556577064688,0,0.0,0,8784,0.0,0.0,0.0
77,1,Myristic acid (C14),True,0.9684957833055601,1.0071278027466177,0.40530305170051806,1.1411461947234092,0.22937329526311945,-1.348467864465705,uttarakhand,1,Myristic acid (C14),6.1015321355342955,1624.4322279016371,0.25398130581230915,1,4771.32965130528,2.4354885595182976e-11,1686.5631894875132,63.56921456791742,2.240449414328406,2.248817991360055,0.0022471527032810767,0.43068941783878667,50.023072202182206,49.97628506704907,0,0.0,0,8784,0.0,0.0,0.0
78,1,Myristic acid (C14),True,1.0740265757738952,1.0145943763539838,0.1517530307325758,0.9965034186980825,-0.2768749453944499,1.6853769265513976,uttarakhand,1,Myristic acid (C14),9.135376926551398,1510.6769328067244,0.28972108819904074,123,3692.787137242799,2.4198074396366962e-11,1591.580242970818,82.19527244901617,2.464041100479346,2.4717928320230316,0.004206675672111463,0.43068941783878667,60.67855545786998,57.0254581108073,0,0.0,1,8784,0.0011783981201250182,0.0,1.0
79,1,Myristic acid (C14),True,0.9177373530773539,1.0180784405700574,0.18936428542803674,0.8458624965115573,0.28517040834628304,-0.10674725098140359,uttarakhand,1,Myristic acid (C14),7.343252749018596,1522.5998426208944,0.3304709525679794,135,3084.295586492173,2.384804475523158e-11,1606.700816463051,85.42156171229192,2.5030599863014276,2.511132466714435,0.000273985842825113,0.43068941783878667,57.206477590968554,56.448987289850045,0,0.0,3,8784,0.0031620068560859927,0.0,1.0
80,1,Myristic acid (C14),True,0.9424865909390844,1.0613588935152711,0.6795232869959923,1.146265347031431,0.02209517709119846,0.16546490140115067,uttarakhand,1,Myristic acid (C14),7.61546490140115,1678.0676320072844,0.27051810987580105,42,4524.870613956623,2.42352617950918e-11,1749.2059267985967,72.50545668920185,2.3260148388955546,2.334082287193432,0.002997353432979277,0.43068941783878667,54.04414251406202,52.61979424216354,0,0.0,0,8784,0.0002278379404505338,0.0,0.30896306173808175
81,1,Myristic acid (C14),True,0.9661882369919803,1.029246919409678,-0.13375656786309786,0.8932643630871016,-0.2802201753954958,1.1212898634735304,uttarakhand,1,Myristic acid (C14),8.571289863473531,1509.4058516028663,0.3179354715771344,144,3222.5966219315883,2.4136442134145678e-11,1595.944781596173,87.81420234799506,2.7204380569643725,2.728282670253659,0.00149420729959176,0.43068941783878667,61.33827474605303,59.558394250035484,0,0.0,2,8784,0.0029607027597890285,0.0,1.0
82,1,Myristic acid (C14),True,0.9924869348064029,1.0718149701154087,0.6472999176103149,0.8271796767787376,0.3510769802740795,-0.42410657824087883,uttarakhand,1,Myristic acid (C14),7.025893421759122,1606.7779155684284,0.3537902813432138,273,2932.7784793271776,2.3919558983547084e-11,1693.30110911601,87.85088077275906,2.9436626406213247,2.9517704050916693,8.656315305181736e-05,0.43068941783878667,59.933449388062584,59.91938417345658,0,0.0,11,8784,0.009754267553098831,0.0,1.0
83,1,Myristic acid (C14),True,0.9796384365724444,1.0292579080338389,-0.09349256437343673,1.0744427921810336,-0.28190186401285633,-1.5875840410690647,uttarakhand,1,Myristic acid (C14),5.862415958930935,1621.308516491526,0.267537972075199,55,4434.8203600560255,2.4674489182817627e-11,1686.5798224501345,66.72616501259492,2.4454337104965638,2.4538347510200773,0.0026855645014218685,0.43068941783878667,58.2078247084439,52.93456220945918,0,0.0,0,8784,0.00033886606814297705,0.0,0.4641970350720996
84,1,Myristic acid (C14),True,1.0456399737049016,0.9408201152043958,0.07229575269759403,1.073278207792538,0.06954941992122332,-0.09007549347950938,uttarakhand,1,Myristic acid (C14),7.359924506520491,1472.9763534514793,0.25208826666416706,1,4369.982383367998,2.4054525836258333e-11,1540.1249628163953,68.52532002963461,2.0826249127197123,2.090745705886572,0.0030379410156093256,0.43068941783878667,50.30351815659897,50.259082571973885,0,0.0,0,8784,0.0,0.0,0.0
85,1,Myristic acid (C14),True,1.0547841668314903,1.016117609726355,0.029821621197405182,0.800940317861016,-0.4926596528096,0.0968755834609718,uttarakhand,1,Myristic acid (C14),7.546875583460972,1484.406567088707,0.3401593724434532,154,2864.4940858584955,2.4110697011952052e-11,1570.9568019836363,87.8569160760874,2.8196774732785834,2.8276974781211814,0.00034443864441872105,0.43068941783878667,61.465716473986774,59.41471727569282,0,0.0,3,8784,0.0035288180622550566,0.0,1.0
86,1,Myristic acid (C14),True,1.069728207406191,0.9779521089430651,-0.8677954004737135,1.1023307358390686,0.056898095313100305,0.9674855074087003,uttarakhand,1,Myristic acid (C14),8.417485507408701,1486.3373095946008,0.25396088582753185,5,4365.99591961855,2.39481646748729e-11,1563.4021099185204,78.43769537844504,2.0793696550278185,2.087297726681462,0.006248242839596987,0.43068941783878667,51.72345229123879,51.65979739631892,0,0.0,0,8784,0.0,0.0,0.0
87,1,Myristic acid (C14),True,0.9863614309064884,1.0058530389278746,0.05948226845386418,0.9842672010862399,-0.2551924265939405,-1.8247121756247218,uttarakhand,1,Myristic acid (C14),5.625287824375278,1573.1664211926125,0.28184134171117026,67,4004.681915331266,2.4579310246223282e-11,1639.5936405920315,67.86595328234719,2.4436598897745974,2.4520962003302813,0.0011672350117912893,0.43068941783878667,58.49451909992082,53.3586537579907,0,0.0,0,8784,0.00035598784084292853,0.0,0.6540808272606436
88,1,Myristic acid (C14),True,1.0644941142823972,1.009551823354297,-1.1214494578421155,1.0294564396984982,-0.19901061499202377,1.1467994325896789,uttarakhand,1,Myristic acid (C14),8.596799432589679,1497.9708654714634,0.27481454689566776,84,3946.299443044582,2.4143723582847933e-11,1580.1184359218005,83.51133791277248,2.3443881206750006,2.3522581569150365,0.006650962073148441,0.43068941783878667,60.065929609438314,53.71099656845941,0,0.0,0,8784,0.0006270489526836172,0.0,0.8259262851299016
89,1,Myristic acid (C14),True,1.0035297701097177,0.9783572975228225,0.523814160659204,1.1562298440367473,-0.017408820198800523,-0.22347729388159232,uttarakhand,1,Myristic acid (C14),7.226522706118407,1548.0205128639823,0.24507487615278645,25,4766.7423157331,2.4688271925002256e-11,1609.5491397235153,62.976168834177905,2.252265498351197,2.260404106336976,0.00699448449380012,0.43068941783878667,56.232047996912534,52.52664870977017,0,0.0,0,8784,7.802438784374338e-05,0.0,0.2633243548850845
90,1,Myristic acid (C14),True,0.9972720069369927,1.0624885375261401,0.9258996343048402,1.013998567223408,0.11723469333200132,-1.3912900176627496,uttarakhand,1,Myristic acid (C14),6.05870998233725,1685.3784908008765,0.29625768102711425,74,4003.3436800989107,2.431093685123638e-11,1754.8539307299884,70.87972384202237,2.462581369182642,2.4709330728696095,0.000497647365279827,0.43068941783878667,54.644539855493534,52.90252648066735,0,0.0,0,8784,0.0006148703404225554,0.0,0.44744563307280044
91,1,Myristic acid (C14),True,1.015575910591981,0.9639580872145469,0.593352414340074,0.8919502235593035,0.41838469421652014,-0.23492044701961046,uttarakhand,1,Myristic acid (C14),7.21507955298039,1472.3720713786677,0.30218632833387704,58,3399.9292892284207,2.3949985037048256e-11,1547.0825808437494,76.0444209601015,2.240260075644717,2.2483685735014785,0.00048574959619371316,0.43068941783878667,53.785039657188726,52.55924030453573,0,0.0,0,8784,0.00022789518464331633,0.0,0.2794258594882258
92,1,Myristic acid (C14),True,0.9977869316147816,1.0633402364157318,0.7608317081616118,0.9545167067969227,-0.2645248584268045,1.4371752012080075,uttarakhand,1,Myristic acid (C14),8.887175201208008,1587.7962975010644,0.3149095248831718,175,3432.47864980203,2.427244919381404e-11,1670.9095151578256,84.37837999551672,2.95380182985245,2.9615898192519308,0.001787712314965317,0.43068941783878667,61.65327328303745,59.795789739058705,0,0.0,4,8784,0.004656409010937882,0.0,1.0
93,1,Myristic acid (C14),True,0.9512380325753481,1.030302352652531,-0.8728617015112391,1.1931908243739113,-0.012842210827161415,1.3039417272524716,uttarakhand,1,Myristic acid (C14),8.75394172725247,1566.5239069832187,0.24895734991109086,71,4719.065656055161,2.4359826578229993e-11,1642.719382876844,77.72209916280099,2.312382771559449,2.3202309490931787,0.016689774262390496,0.43068941783878667,58.13476592017526,53.013611815145154,0,0.0,0,8784,0.0004401387152477278,0.0,0.5012991652281101
94,1,Myristic acid (C14),True,0.9533760255143731,1.0027465571251706,0.12301266895475972,1.1074474666246523,0.07517364788243641,1.2491307273309986,uttarakhand,1,Myristic acid (C14),8.699130727331,1542.225947588772,0.2640847815613956,19,4297.433588133987,2.4053225577561706e-11,1617.9347950580286,77.04213989026802,2.150576200271658,2.158438411003604,0.004750598602613038,0.43068941783878667,52.4081549410101,52.0401611102557,0,0.0,0,8784,2.950471374210916e-06,0.0,0.01938874839836062
95,1,Myristic acid (C14),True,1.015216757383056,1.0326757213938051,-0.28654940137644214,1.1011073473861095,0.10645485467171367,-0.18094206106415722,uttarakhand,1,Myristic acid (C14),7.269057938935843,1608.8778056637004,0.26781535026290104,26,4398.370514375746,2.4143983634587432e-11,1682.4616938515994,74.96979808570909,2.250103774213946,2.258245767409552,0.0029697708105537748,0.43068941783878667,53.68553233763607,52.45139499083162,0,0.0,0,8784,7.536015886963313e-05,0.0,0.22566031996199434
96,1,Myristic acid (C14),True,1.0175112068775656,0.9754285673218054,0.4710702857117947,1.198592912803723,0.03397407129184005,-1.2613695748679676,uttarakhand,1,Myristic acid (C14),6.1886304251320325,1588.1109008746587,0.23686796502410146,0,5116.315096888638,2.4345783784306472e-11,1645.9750413803124,59.323351238276146,2.158199466476348,2.1665576908702255,0.003754340369862048,0.43068941783878667,48.08001791384827,48.024310793028086,0,0.0,0,8784,0.0,0.0,0.0
97,1,Myristic acid (C14),True,1.0716673726654338,0.9712154768572424,-0.8042250019830155,1.0941677542616641,0.13910743015994165,-1.214616235379402,uttarakhand,1,Myristic acid (C14),6.2353837646205985,1527.7371795691413,0.24987868675646197,0,4586.037534675966,2.4121879236744467e-11,1595.0210800788843,68.72556984531727,2.1446080480326652,2.1529568544574946,0.00294058047036641,0.43068941783878667,49.789508936523475,49.74747825444567,0,0.0,0,8784,0.0,0.0,0.0
98,1,Myristic acid (C14),True,0.9474724363145205,1.0199699090299406,0.0768869785407457,1.1277933915635945,-0.3060949116784959,-1.7968982983458277,uttarakhand,1,Myristic acid (C14),5.6531017016541725,1631.8279330801179,0.2553974994147774,49,4754.625870399884,2.4793852931169762e-11,1692.5375565967827,62.19173106839281,2.3998420677217482,2.4082861588966917,0.0035642492284414184,0.43068941783878667,57.82755700209312,52.85914527005283,0,0.0,0,8784,0.00017378622125563373,0.0,0.4295214746283998
99,1,Myristic acid (C14),True,1.010211656875498,0.9639301041074793,-0.6556660875415237,1.1931227095919394,0.03301379687923656,-1.1147890336523893,uttarakhand,1,Myristic acid (C14),6.335210966347611,1538.7182013493862,0.23132248576509884,0,5112.810761287923,2.4205875948547634e-11,1601.4323450439226,64.19649585218373,2.0947976964361468,2.1031344073435894,0.0056854934620865485,0.43068941783878667,49.27097948377826,49.21903828143317,0,0.0,0,8784,0.0,0.0,0.0
100,1,Myristic acid (C14),True,1.036404056685147,0.988819129423446,0.47898262269958547,0.9579665189076612,-0.3908211032973814,0.4723970484306923,uttarakhand,1,Myristic acid (C14),7.9223970484306925,1500.0234137732261,0.2909542284968313,88,3649.0066654790944,2.4297154109051664e-11,1574.567979357387,75.865254118264,2.408712461861568,2.4166919450136057,0.001967143750871876,0.43068941783878667,60.05374365078668,53.7812286585671,0,0.0,0,8784,0.0007473298632149304,0.0,0.8275429355657739
101,1,Myristic acid (C14),True,0.9178930227328801,0.959826623188365,-0.6366070723462748,0.9301235469773411,-0.2455193915393853,1.3615520224936164,uttarakhand,1,Myristic acid (C14),8.811552022493617,1403.014263541448,0.2865178477139574,64,3489.7815623095657,2.403580211102661e-11,1485.0740214727657,83.35412937721834,2.243137566469155,2.250954568940086,0.003417519388850164,0.43068941783878667,56.81322190995815,52.96833060455377,0,0.0,0,8784,0.0004001808663540757,0.0,0.45832480373471174
102,1,Myristic acid (C14),True,0.9742340976421817,1.0158394629894676,-1.121969798198791,1.0590514462476117,-0.23849899407050124,-0.7710909039061025,uttarakhand,1,Myristic acid (C14),6.678909096093898,1556.255323742591,0.26543128473183575,53,4302.7680340715415,2.4387392062598957e-11,1629.1995869499951,74.38532514845123,2.366034710950374,2.374283207784344,0.004593139922705835,0.43068941783878667,58.02486469511495,52.96849925164086,0,0.0,0,8784,0.00030200667061090465,0.0,0.47657953920060586
103,1,Myristic acid (C14),True,0.962316880018951,0.9760790072338529,-0.8727933853190311,0.8165149840306278,0.23724465651477145,-0.454376876135262,uttarakhand,1,Myristic acid (C14),6.995623123864738,1434.755794350079,0.3200180513223404,95,3048.4092115076382,2.3643384036379898e-11,1519.9783348546468,86.56511783147144,2.3056590259393306,2.313805110969953,0.00035632379731154564,0.43068941783878667,55.06170451726915,53.21625702723162,0,0.0,0,8784,0.0010399022663906254,0.0,0.5903616561150942
104,1,Myristic acid (C14),True,0.9955846524227798,1.0043248011293058,-0.13963245309289052,1.1068147878091428,0.2126177329432647,1.9324129687603908,uttarakhand,1,Myristic acid (C14),9.382412968760391,1522.8116168291297,0.265293427535479,30,4216.985046151894,2.3905776241362368e-11,1602.7271793031273,81.23714882245443,2.129910858180705,2.1376463997582182,0.006310054821154936,0.43068941783878667,52.76736841647467,52.14060239798451,0,0.0,0,8784,1.77179387833089e-05,0.0,0.0688851894821452
105,1,Myristic acid (C14),True,1.0951664319944512,1.0012461498702416,0.27102564034640786,0.8325555902601962,-0.032504681610255104,0.053450542665702816,uttarakhand,1,Myristic acid (C14),7.503450542665703,1479.494009898231,0.3262615093900628,129,3043.3880601238197,2.417414963634839e-11,1561.3399155132056,83.16037188453237,2.6731308720443177,2.6811699362259844,0.0004970851065624453,0.43068941783878667,61.0383221012259,59.814315154761594,0,0.0,2,8784,0.002354145561343574,0.0,1.0
106,1,Myristic acid (C14),True,1.0315474549803887,1.0671120124183373,0.7039741797848282,0.8595877349019304,0.22217735624886104,0.9785539294134753,uttarakhand,1,Myristic acid (C14),8.428553929413475,1582.7634392243485,0.34666648750590223,265,2980.7073669802257,2.382125942608073e-11,1672.3623480212016,90.85941254005441,2.8891248286961697,2.8969816724419073,0.000334870782278003,0.43068941783878667,59.78911294819887,59.74303291603722,0,0.0,13,8784,0.009486375126547462,0.0,1.0
107,1,Myristic acid (C14),True,0.9893935550694961,1.0081560523643849,0.09758882847350378,1.119697150217756,0.4999393824890195,-1.0158620790159327,uttarakhand,1,Myristic acid (C14),6.4341379209840674,1607.0106471289357,0.2580248446492017,7,4620.993013120546,2.42209589494287e-11,1672.946835510256,67.3591131204204,2.2343295569141306,2.2426327565130246,0.0024603973804598533,0.43068941783878667,51.23612142657408,51.17684895862383,0,0.0,0,8784,0.0,0.0,0.0
108,1,Myristic acid (C14),True,1.0355389187080757,1.0200415704534451,0.07889121202965844,1.1384295423779196,0.16407666083312256,1.4427584258574413,uttarakhand,1,Myristic acid (C14),8.89275842585744,1570.5212449907615,0.2628394688545441,26,4404.388602106006,2.401057709231181e-11,1647.2203185624237,78.04261182542605,2.174357712660796,2.182187422780794,0.005847383801931352,0.43068941783878667,53.13710786506388,52.217003620325464,0,0.0,0,8784,4.066833606624424e-05,0.0,0.10515644602552762
109,1,Myristic acid (C14),True,0.9420898643983978,1.0326875125169361,-0.9831587032552187,1.0877623562787933,-0.3939835504702095,1.9807571561660562,uttarakhand,1,Myristic acid (C14),9.430757156166056,1528.2857756884648,0.2705864925488016,111,4109.640119792002,2.413514187544963e-11,1612.29366708662,85.40261022575326,2.378725916342018,2.3864366301332134,0.011246801942913187,0.43068941783878667,58.678239934698816,53.63988881035488,0,0.0,0,8784,0.0008965177557232488,0.0,0.7807077828998472
110,1,Myristic acid (C14),True,1.0978616210887777,0.9543561409013586,0.37194110590004437,1.0320988206992405,0.054153178206693964,-0.44895298955415974,uttarakhand,1,Myristic acid (C14),7.00104701044584,1496.568670085386,0.26412568680965265,1,4169.479754773765,2.4143463531108747e-11,1563.5302977689846,68.33621542025243,2.145671275743205,2.1538548630258396,0.0017143093330506025,0.43068941783878667,50.29297523412694,50.241665545337796,0,0.0,0,8784,0.0,0.0,0.0
111,1,Myristic acid (C14),True,1.0439763573774699,1.082988459062328,1.0747292543747538,1.0255623853115374,-0.0763061666020709,-0.31299274151602186,uttarakhand,1,Myristic acid (C14),7.137007258483978,1684.8491815462364,0.2987940541835543,151,3935.4031402028495,2.4608696092766034e-11,1756.8950557927953,73.40656357414449,2.9045498696938585,2.912685504117382,0.0015132627104539025,0.43068941783878667,62.357983611977396,59.79947563744748,0,0.0,3,8784,0.003100963008838023,0.0,1.0
112,1,Myristic acid (C14),True,1.063279518563331,1.0132701212602768,-0.024823474578883842,0.8228663803289658,0.16741080537730124,0.3257091671851229,uttarakhand,1,Myristic acid (C14),7.7757091671851235,1491.442300953671,0.33612308107313893,160,2944.9526479569363,2.3715158316434673e-11,1579.1972263648272,89.05005455862593,2.561627493209934,2.569609709170494,0.00028814007752374533,0.43068941783878667,57.34569579785201,56.37442203130332,0,0.0,2,8784,0.004129678461204099,0.0,1.0
113,1,Myristic acid (C14),True,1.0784030117547871,0.9726106734402731,-0.7320017320272049,0.8305503546455895,-0.18257821938291396,-1.688120172291431,uttarakhand,1,Myristic acid (C14),5.761879827708569,1456.971604730302,0.3101929697491542,72,3235.856930973075,2.4238122364224232e-11,1533.6103321586827,78.05005644232341,2.434790567235507,2.4431768785610837,0.0003848063041589116,0.43068941783878667,58.504823802916455,53.55184132954552,0,0.0,0,8784,0.0006253879692165266,0.0,0.7411939515795527
114,1,Myristic acid (C14),True,0.9304244646507857,1.0119127115139916,0.054774975607064985,1.166207730497474,-0.034727157901182526,0.8271398348560295,uttarakhand,1,Myristic acid (C14),8.27713983485603,1568.8058311366824,0.25221203133245085,64,4645.4471651089825,2.4420938736972227e-11,1638.9813467428978,71.62527959723032,2.329640112966893,2.3375741494743014,0.010551787763018043,0.43068941783878667,58.30457277917198,53.16007438001552,0,0.0,0,8784,0.0004515845899039449,0.0,0.5736915854732428
115,1,Myristic acid (C14),True,0.9035431618825173,1.015361638075581,-0.29232705581565865,1.009201061824944,-0.4722243881844017,0.0027521864230539705,uttarakhand,1,Myristic acid (C14),7.452752186423054,1543.8485023999795,0.2811232555030042,93,3940.965830969041,2.4362947199101852e-11,1618.8958489430916,76.41729690857098,2.4235647471034603,2.431652170875242,0.0030579631669667446,0.43068941783878667,60.18745386045023,55.613862490237096,0,0.0,1,8784,0.0007397005819019637,0.0,1.0
116,1,Myristic acid (C14),True,1.0647853022407656,0.9999951398497534,0.3832536493686476,0.8870819072696393,0.40134023807864927,-1.8850131602092928,uttarakhand,1,Myristic acid (C14),5.564986839790707,1554.7437853960994,0.30892681308813574,68,3477.8603635934433,2.4127080271530996e-11,1626.5753995926632,73.25011399399881,2.379467898689303,2.3878909049701313,0.00016510317027888831,0.43068941783878667,54.52842146334093,52.82815464004177,0,0.0,0,8784,0.00044142011890147725,0.0,0.4083119181391468
117,1,Myristic acid (C14),True,0.9216520033951905,1.0113030432549888,-0.3596702394212258,1.0346061989477735,0.2919997423348444,1.4877073506781704,uttarakhand,1,Myristic acid (C14),8.93770735067817,1520.1160095684866,0.2802438413305821,42,3903.9363030854415,2.3863647859591143e-11,1602.6201873453458,83.80356891839676,2.1894719928439157,2.197286389950112,0.0035261845780007396,0.43068941783878667,53.310508641089925,52.313335406324,0,0.0,0,8784,0.00011652624987566149,0.0,0.1559149500627085
118,1,Myristic acid (C14),True,0.9196839194428784,0.9944585158715868,0.16257476826842399,1.0691036723964376,0.008805802615870495,-0.5519012362923004,uttarakhand,1,Myristic acid (C14),6.8980987637077,1562.3807793317853,0.2655593427198367,14,4320.878184655148,2.4184031602444052e-11,1631.0641679925136,70.07128662439511,2.2072174702034077,2.2154280509097535,0.0019893521053630354,0.43068941783878667,52.34633821345179,52.02668666222511,0,0.0,0,8784,1.5621180457569635e-06,0.0,0.011025948574788664
119,1,Myristic acid (C14),True,0.9736274771057909,0.9551459546769665,-0.7938447073962108,0.9633573088916103,0.4801833192106455,0.14575736823200458,uttarakhand,1,Myristic acid (C14),7.595757368232005,1440.686577821323,0.27622581367091337,10,3774.8427139129717,2.3807736735635414e-11,1518.42235559437,79.08240100410639,2.120403439724569,2.128474379501165,0.00202847716113863,0.43068941783878667,50.94844225467272,50.88910514225164,0,0.0,0,8784,0.0,0.0,0.0
0,2,RT42,True,0.9501286393659554,1.006177181267804,0.5305880561222116,0.8217302752454858,0.16392040453685597,0.4289071972802505,uttarakhand,2,RT42,17.43890719728025,1585.9498110946151,0.4496287268809962,1468,1880.1092285109626,2.8075595734747685e-11,1670.2823359832466,85.05893510353589,9.793666296718289,9.798186402699079,0.0005356515690637159,0.48170969465035074,76.59129857834114,76.55644439351826,5372,0.0,302,8784,0.37163670316561986,0.0,1.0
1,2,RT42,True,1.0608894928997978,0.9608573401116802,0.03234104563750742,1.1787409783991367,0.0005714787070192351,0.2581956860577046,uttarakhand,2,RT42,17.268195686057705,1613.6032217113018,0.3262729679606774,538,3318.7257439695013,2.8379174392519025e-11,1677.6830805692189,64.8991318302455,8.047730660480768,8.0524200931463,0.0038903701702326177,0.48170969465035074,65.85820644875378,65.81819097329469,92,0.0,188,8784,0.21542038484731243,0.0,1.0
2,2,RT42,True,0.922710209718026,1.0083305450367301,0.3253279595542054,0.9043964161456924,-0.25062892605806997,1.8588124182898396,uttarakhand,2,RT42,18.868812418289842,1574.863463304786,0.41512579996385823,1196,2102.403391926861,2.8463112724181412e-11,1658.8118220837946,84.6386660978127,9.01871849826214,9.022928233057355,0.002400281685231011,0.48170969465035074,73.15263958084482,73.11677428620374,1920,0.0,257,8784,0.3447595948882036,0.0,1.0
3,2,RT42,True,0.951880601166539,1.015021519150211,-1.001222448270629,0.9541927852697543,0.0017425748569402932,1.5756406499632276,uttarakhand,2,RT42,18.585640649963228,1584.1673610650103,0.4049642836107932,1170,2277.22757349959,2.7961512681807426e-11,1672.442760549263,88.99391762172169,9.204734340894316,9.209049743759918,0.0027001488398170417,0.48170969465035074,73.29297053089016,73.24923346648697,2535,0.0,271,8784,0.33660150944759515,0.0,1.0
4,2,RT42,True,0.9248132406750966,0.9798691315629792,-0.48603731352882745,1.1353906651018157,0.034230993426826894,-0.8057824858274301,uttarakhand,2,RT42,16.204217514172573,1646.4470153855843,0.3346065212380014,566,3259.7585197780563,2.8407898150510644e-11,1711.199925328925,65.60411627039265,7.538615768546285,7.5435773856522115,0.002249266974763753,0.48170969465035074,66.00023627477583,65.95415265371514,222,0.0,187,8784,0.21784943889249295,0.0,1.0
5,2,RT42,True,1.078733534474343,1.0184235065117426,-0.0003324477248159291,0.9720675966118903,-0.30525279443474407,-1.4512349482904128,uttarakhand,2,RT42,15.558765051709589,1678.8338381303379,0.38095614214094986,768,2646.035484940508,2.903596392594952e-11,1747.0794744913665,69.10020786684474,9.04612987077233,9.051208160469818,0.0009575375730342959,0.48170969465035074,69.80522687005784,69.58219656055964,740,0.0,217,8784,0.2629947283734592,0.0,1.0
6,2,RT42,True,0.998862017927451,1.006515571957991,-0.18496165598803468,1.0274990962618826,-0.1528206810345153,-1.5992620336570638,uttarakhand,2,RT42,15.410737966342937,1675.146849507296,0.3602632629138439,620,2902.8400024873295,2.915755778486443e-11,1739.6184707321806,65.34449581040805,8.282399838321243,8.287533315015237,0.0013277350634167489,0.48170969465035074,68.7125271905837,68.48080802426335,435,0.0,202,8784,0.23181347225304527,0.0,1.0
7,2,RT42,True,0.9729934460620892,1.0062594245001877,0.10154225910685388,1.1920863303017524,0.2538680956093663,-0.5749362241681637,uttarakhand,2,RT42,16.43506377583184,1709.734062178814,0.33297863711177456,605,3407.472354707194,2.8519951255888545e-11,1772.612674109527,63.7228963565107,7.968051963722319,7.9729525552366765,0.002523214276296313,0.48170969465035074,66.83010948972537,66.78312234598422,261,0.0,193,8784,0.2247842328677287,0.0,1.0
8,2,RT42,True,1.070368624628225,1.0415226251466694,0.9245688449708434,0.952118736299205,-0.01690226831103625,-1.7902683187575188,uttarakhand,2,RT42,15.219731681242482,1735.8869870554345,0.39577074233736076,915,2554.6114454142294,2.914862601559677e-11,1801.8056247463642,66.78025502387977,9.447510226670799,9.45265744402801,0.0004938383779341321,0.48170969465035074,73.74221176602708,73.6073797727137,1340,0.0,225,8784,0.28673819349213525,0.0,1.0
9,2,RT42,True,0.9421546245864275,1.00191170541375,0.3647036625501866,0.8545037741594268,0.38187631639452635,0.0006166014182604762,uttarakhand,2,RT42,17.010616601418263,1597.7655260326392,0.43298182830857435,1310,2040.7237750107472,2.815719962670759e-11,1678.5211843844115,81.5105061339882,9.461380557446548,9.466032073117459,0.0005387877426227934,0.48170969465035074,75.12226850225156,75.07907195350262,3862,0.0,282,8784,0.3494837964518153,0.0,1.0
10,2,RT42,True,0.9879786526978543,1.03264594461631,-0.7741857047817008,0.8595845240723348,0.2738078415085251,0.16733128017590548,uttarakhand,2,RT42,17.177331280175906,1614.8616625442116,0.43592443038557904,1364,2031.8836293239065,2.80705208658442e-11,1703.1858331341407,89.07936991051247,9.891061506523856,9.895688212481572,0.0008647232572855091,0.48170969465035074,76.67112000153158,76.63110180272895,4355,0.0,290,8784,0.35708998502492395,0.0,1.0
11,2,RT42,True,1.0270198126353485,1.0163921510226492,-0.9416646984904471,0.9205703698443125,0.1823038621898987,1.4599949803422767,uttarakhand,2,RT42,18.46999498034228,1580.992719599402,0.41612594569707484,1252,2163.7110966372934,2.794415663015895e-11,1670.4782641073475,90.1957331974548,9.83489437907845,9.83922630421784,0.0019908038830710397,0.48170969465035074,73.63923906251401,73.59871134582215,2961,0.0,275,8784,0.34527879457524546,0.0,1.0
12,2,RT42,True,1.034882006070823,1.0153857193202664,0.3716491660948037,1.0429144206570005,-0.44571935594097434,-0.5984831984043075,uttarakhand,2,RT42,16.411516801595695,1683.0892346514438,0.3656161149296091,695,2837.202086053505,2.9042865747657524e-11,1749.3445482579016,67.07825761427618,8.7727797055177,8.777652091565802,0.0016875481483745534,0.48170969465035074,70.440513698583,70.24026051745768,654,0.0,210,8784,0.2532373429169271,0.0,1.0
13,2,RT42,True,0.9151856084842999,0.968485247799914,-0.3468115515433101,1.093343441494938,0.3119011607077603,-0.46531753446556534,uttarakhand,2,RT42,16.544682465534436,1616.0046576580273,0.3441733820299274,625,3062.738113953266,2.8332384101235097e-11,1682.6401574540234,67.46210660151749,7.566877635546806,7.5717439185213316,0.002046517153356726,0.48170969465035074,66.80016704130568,66.7596208735203,292,0.0,197,8784,0.23181213526234015,0.0,1.0
14,2,RT42,True,0.9375396903205659,1.0110072197578837,0.0064712834390835625,1.1924017323306746,0.20716040928113388,-1.1379812164598624,uttarakhand,2,RT42,15.872018783540138,1730.0269992175229,0.33147854393947396,581,3473.3425058788775,2.855720079363627e-11,1791.2275121675755,62.069880592663786,7.813719688050665,7.818765781875296,0.002144375461543574,0.48170969465035074,67.01491773890093,66.96925075156835,232,0.0,190,8784,0.2184059873382811,0.0,1.0
15,2,RT42,True,1.0595201364947175,0.9611546715363785,-0.43889084997017724,1.015001090715549,-0.18574246868626054,-0.6769233259864222,uttarakhand,2,RT42,16.33307667401358,1579.6697343200324,0.3544671373555377,543,2816.3547525031186,2.89226928520332e-11,1646.485646902781,67.65095682484484,8.229457094399674,8.234354889947795,0.0021930805384466163,0.48170969465035074,68.00238480180167,67.8172214541541,234,0.0,190,8784,0.22654184405728037,0.0,1.0
16,2,RT42,True,0.9439436174437306,1.0101805625089766,0.6454583781404836,0.9886100144466743,-0.018750002006673316,-0.5010652576471037,uttarakhand,2,RT42,16.5089347423529,1662.3224263829002,0.38042579139876453,800,2619.0655078659033,2.8977602933565715e-11,1730.2032306573972,68.68615306845359,8.461330187094601,8.46616664708097,0.0011362961513584732,0.48170969465035074,70.622160725421,70.40931509105798,813,0.0,226,8784,0.2729999743871551,0.0,1.0
17,2,RT42,True,1.0124709668975218,0.9315910545493492,-0.137267111226265,1.0424951730474048,-0.3146183606694143,-0.9205392894542732,uttarakhand,2,RT42,16.08946071054573,1551.656902821139,0.3384022277708406,394,2986.082806169093,2.9047027140155288e-11,1612.5302550464787,61.72210395759538,7.664408795650983,7.669370715348118,0.0022325637161201718,0.48170969465035074,65.21381786195923,65.00044453102336,1,0.0,178,8784,0.19853295035975702,0.0,1.0
18,2,RT42,True,1.0434461088837321,0.9605037120011399,-0.3529350209191068,1.1631289670720633,-0.4149037993746164,1.5370438467265024,uttarakhand,2,RT42,18.547043846726503,1564.6737935340975,0.327924398848753,457,3139.10999529747,2.889366460190686e-11,1634.0527465485923,70.24175542655071,8.134443303876111,8.138784594847364,0.011257593422569922,0.48170969465035074,68.02048302132718,67.77690735356933,125,0.0,195,8784,0.21799105698794388,0.0,1.0
19,2,RT42,True,0.9987704644938983,0.943146923114895,-0.0036460697214762312,0.8938261729007807,-0.0806313620389445,-0.9796021479655717,uttarakhand,2,RT42,16.03039785203443,1532.2214448559391,0.3851162431597027,721,2383.6122672526776,2.8764255444882904e-11,1601.0682917918375,69.67120054777085,8.157397405493501,8.162338829027226,0.0009958968596350017,0.48170969465035074,68.4050614061214,68.25689384287199,267,0.0,205,8784,0.2573687421812025,0.0,1.0
20,2,RT42,True,0.9398702147637966,0.9997196368300368,0.3959907582761923,1.1092260049332343,0.4390350768776039,1.7437641915282245,uttarakhand,2,RT42,18.753764191528226,1633.3542497679412,0.36476238993361354,861,2810.949317504948,2.8222563938175863e-11,1707.9515522939253,75.32251246134324,8.531647845167482,8.535943092110257,0.003294244115939993,0.48170969465035074,69.8417273516229,69.79848356851824,1005,0.0,238,8784,0.2936457015778019,0.0,1.0
21,2,RT42,True,0.9108471920357658,0.9299104833927767,0.11716821275772145,1.0003156298418583,0.4388271721986734,1.6569419827046445,uttarakhand,2,RT42,18.666941982704646,1493.1525230540963,0.369553478760683,789,2522.825159987213,2.8091835315234773e-11,1567.9812752059488,75.54344815482776,7.916550045314558,7.920848124364908,0.0028771318771527734,0.48170969465035074,69.0332433044038,68.99377953225367,645,0.0,231,8784,0.2793148144929733,0.0,1.0
22,2,RT42,True,1.059414078003404,0.9603912644669061,-0.4269325572324446,0.8369654665681119,0.022773414603085795,0.025456212240853038,uttarakhand,2,RT42,17.035456212240856,1512.6933241035442,0.4212483771978751,1124,2038.6651272745976,2.804819144267015e-11,1594.2458990647713,82.31219680518458,9.65523249205224,9.659887169743008,0.0008192025226413009,0.48170969465035074,72.78447804386425,72.75557374552933,2140,0.0,263,8784,0.31948780513910346,0.0,1.0
23,2,RT42,True,0.9681496290557702,1.0171394417006396,-0.12001751786829463,0.9161172071806777,-0.21143184716889152,0.48650585193452667,uttarakhand,2,RT42,17.49650585193453,1613.7325747774546,0.4055926164227759,1059,2259.7705772672157,2.85938413471221e-11,1693.8211365254206,80.84380177944868,9.015729723497252,9.02029566130605,0.0016459300627963643,0.48170969465035074,72.87148418797585,72.72993286631561,1432,0.0,248,8784,0.31633185164928806,0.0,1.0
24,2,RT42,True,1.0153127038414576,1.0096649030521654,-0.08217121278167266,0.8165541855172759,-0.20381347940801742,1.7868154655377664,uttarakhand,2,RT42,18.79681546553777,1537.5659186411417,0.4430156280783163,1393,1811.8656930082557,2.8227638807081822e-11,1628.6385100157386,91.74858018963357,9.934194409115724,9.938387500543655,0.001785384938022696,0.48170969465035074,74.04545679589363,74.01246708589659,3035,0.0,272,8784,0.37720533860065103,0.0,1.0
25,2,RT42,True,1.0461314610850014,1.0199399364538062,-0.9076023128382854,0.9649319761061858,0.19544267276343286,-0.8842963154387906,uttarakhand,2,RT42,16.12570368456121,1654.7013421544357,0.3910902090227414,953,2541.0838808045764,2.828376685714643e-11,1731.9952208938616,78.11909997228864,9.214082059977965,9.21902617985791,0.0009363286042256882,0.48170969465035074,72.53781954885262,72.4940652571502,1658,0.0,239,8784,0.28971484400583997,0.0,1.0
26,2,RT42,True,1.0595950504347853,0.9702766483056193,-0.3761644548187411,1.1702773454945996,0.1846873221709464,-0.6901561891739503,uttarakhand,2,RT42,16.31984381082605,1640.0187672384131,0.32480051492745077,498,3397.770649651609,2.8402721784228374e-11,1702.6774199284735,63.514825406761275,7.879203736628105,7.884136174987215,0.0029206024864216807,0.48170969465035074,66.7023824830871,66.6559823947056,105,0.0,173,8784,0.20120819219843883,0.0,1.0
27,2,RT42,True,0.9553918805892273,0.9977531696674158,-0.4993587992570084,0.9263345127242794,0.20887546033653814,1.4691670266167716,uttarakhand,2,RT42,18.47916702661677,1563.4338249130203,0.41028653412153626,1178,2198.3945507032995,2.8002923612055626e-11,1649.2327197959628,86.50607969549131,9.262703982612289,9.267030422998372,0.001906487752215508,0.48170969465035074,73.2130550417755,73.17483860911265,2262,0.0,273,8784,0.33875284154008745,0.0,1.0
28,2,RT42,True,0.9274925348980225,1.0102568837641743,0.4470246575158805,0.8890183593751827,0.030498059768693908,0.4013938650138633,uttarakhand,2,RT42,17.411393865013864,1614.9538561025543,0.4261566802500213,1281,2122.6036604943365,2.816765385664738e-11,1695.5330443002822,81.31772513721202,9.39350058008902,9.398065486910163,0.0006745558907964676,0.48170969465035074,74.20196305030748,74.16202779650857,3429,0.0,279,8784,0.3500486402978005,0.0,1.0
29,2,RT42,True,1.0701610273007127,0.9324047175143795,-0.1474988133557694,1.07449099558563,0.18604950420451472,-0.17713454208599577,uttarakhand,2,RT42,16.832865457914007,1553.1510797260355,0.3400475087946673,562,3002.7727693073925,2.8318478960439563e-11,1618.1877570370784,65.8466881595534,7.970560626520115,7.9753496436559,0.0021318568630749215,0.48170969465035074,67.03554457132383,66.98918117176994,142,0.0,183,8784,0.21825325976909557,0.0,1.0
30,2,RT42,True,1.0793584699972496,1.0045922220746115,0.4251654081958191,1.0248946872731874,0.35106047199876167,-0.9181323393074923,uttarakhand,2,RT42,16.091867660692508,1677.8019814679724,0.3744657117415222,839,2775.4492785036246,2.84543839496642e-11,1744.8959559882276,67.91949152012936,9.10844939232015,9.113400116776072,0.0008672255459015477,0.48170969465035074,71.11932812025441,71.07327424991394,1000,0.0,224,8784,0.269186047609602,0.0,1.0
31,2,RT42,True,1.0293579598148723,1.0133793759235945,0.27154332385456137,0.836779448133341,0.0890880143236763,1.7945419295089806,uttarakhand,2,RT42,18.804541929508982,1568.451355615867,0.4532525257388451,1593,1822.1671840828374,2.7929744002475663e-11,1659.2925320923803,91.5056201307252,10.443578660827617,10.44776958219839,0.0010850183393371492,0.48170969465035074,76.20479402807705,76.17205659861003,6393,0.0,312,8784,0.38778852773207984,0.0,1.0
32,2,RT42,True,0.9947921368852886,1.0119656360446947,-0.06228717967377047,0.8114067810646604,0.17179279675159387,0.5983617360580524,uttarakhand,2,RT42,17.608361736058054,1573.6829467663651,0.45347165899129627,1508,1833.9322926150041,2.7975925309492676e-11,1662.4255197279904,89.46310082358633,10.132044991351858,10.136529280156102,0.0006473254249180286,0.48170969465035074,76.68308538579356,76.64122925814756,5585,0.0,303,8784,0.37545953875474875,0.0,1.0
33,2,RT42,True,0.902422612997548,0.9987917503748761,-0.06960378953556681,1.0522919328608673,-0.2704668450653822,1.6165345276065768,uttarakhand,2,RT42,18.62653452760658,1599.7629153323235,0.3666235290218538,768,2669.68316735272,2.8712085792560737e-11,1675.7272166391535,76.71760022837356,8.154343341231847,8.158648911855193,0.0049030254372149935,0.48170969465035074,70.70046765101294,70.4695364324623,637,0.0,229,8784,0.2762589065787185,0.0,1.0
34,2,RT42,True,0.966527462657086,1.029599352429895,-0.11579219299717759,1.0675485736908739,-0.3543166561426848,-1.0279333416648946,uttarakhand,2,RT42,15.982066658335107,1710.2826252082893,0.35869360464091093,647,2973.4470194384826,2.916709853840269e-11,1776.5931665526805,67.16287097028443,8.396792793698515,8.40178288513673,0.0018856132585100245,0.48170969465035074,73.11120541284929,72.87130667127879,621,0.0,212,8784,0.24010059636461983,0.0,1.0
35,2,RT42,True,1.0771622937447376,1.0256984175764425,0.992639665379859,1.0048851328960657,0.35011936873909544,-0.20611898224036196,uttarakhand,2,RT42,16.80388101775964,1702.3049851405544,0.39329189702158684,1046,2583.9409943944797,2.8428705113016063e-11,1772.8144553457419,71.29027157397691,9.802521169862429,9.80727763926335,0.0006976453279909047,0.48170969465035074,71.61629215939725,71.56413204818345,1842,0.0,250,8784,0.3073567913783135,0.0,1.0
36,2,RT42,True,1.0890857737039705,1.0094354954710303,0.06326386609774917,1.0116137648993613,0.07901611035631151,0.23373574589321988,uttarakhand,2,RT42,17.243735745893222,1647.251645786897,0.3840568704085726,949,2605.8461714577966,2.8299092961233355e-11,1721.9176324151256,75.4383822493963,9.48246976077872,9.487132337480613,0.0014045958823266707,0.48170969465035074,70.6690868060248,70.62680263447166,1353,0.0,238,8784,0.29333991627833184,0.0,1.0
37,2,RT42,True,1.0783757565888739,0.9806090797185301,-0.5855780161118153,0.9819711962641179,-0.3806600087053479,-0.20825932583183882,uttarakhand,2,RT42,16.801740674168162,1583.8424783256264,0.3701540184335017,697,2621.485671638857,2.8765473413419602e-11,1656.3536703014277,73.31915200854046,8.697390528119168,8.702160636932161,0.0022061408070846674,0.48170969465035074,69.02430862994622,68.85856000788047,528,0.0,206,8784,0.2535507287990344,0.0,1.0
38,2,RT42,True,1.0390549855886877,1.0257437053499734,1.0174600730759225,0.9281985249203907,0.27615159975730663,-1.3620408208794355,uttarakhand,2,RT42,15.647959179120566,1704.3808582304673,0.4112464736632735,1118,2396.768022741558,2.8442610253811177e-11,1774.0396018336219,70.489878933671,9.778131709686217,9.783153396141149,0.0003091436341288419,0.48170969465035074,73.1666504167519,73.12905401241385,2484,0.0,257,8784,0.31619283188600344,0.0,1.0
39,2,RT42,True,0.918128073129994,1.0171679608509283,0.30892954187688454,0.9506014599363384,-0.3625817302847667,0.5600396347882675,uttarakhand,2,RT42,17.57003963478827,1631.2060682261724,0.39689462950061927,983,2373.7618947148267,2.8732689760308035e-11,1707.7075661927963,77.25223440985486,8.673966346598352,8.67852090072935,0.0015146210259160335,0.48170969465035074,71.66219944494482,71.57958319038477,1459,0.0,242,8784,0.30817469142902887,0.0,1.0
40,2,RT42,True,0.9204587218668959,0.9814233683689829,-0.21819497041537125,0.8962728170241355,0.4575977469039588,0.22622249732567523,uttarakhand,2,RT42,17.236222497325677,1564.2564201371904,0.40984526602903104,1081,2212.5808615179903,2.8124720465727704e-11,1644.0264770013312,80.52672744485494,8.823574423831888,8.828204159832396,0.0009466879800418701,0.48170969465035074,73.88706315574625,73.85283037860356,2036,0.0,261,8784,0.3198272154639485,0.0,1.0
41,2,RT42,True,0.9824134383005776,1.0284754368535947,-0.1881921214432181,1.1897808320142353,-0.3405761832954797,1.292527257793144,uttarakhand,2,RT42,18.302527257793145,1685.2088514596312,0.3396389211257296,609,3179.5974259525756,2.8964915761306824e-11,1756.466584878141,72.11240028793516,8.476734707129856,8.481140909913648,0.009210423604409112,0.48170969465035074,71.61614639616761,71.36049020079665,663,0.0,215,8784,0.2419391747822815,0.0,1.0
42,2,RT42,True,1.0864286453880978,1.0083395555220127,0.5260723336692612,1.1543595746722337,-0.27922572014048963,-1.2761788487074819,uttarakhand,2,RT42,15.73382115129252,1723.0279179082852,0.3342489742800412,464,3362.154715355858,2.943637108239255e-11,1780.2151534632553,58.064295749426584,8.621828592548045,8.626889516124889,0.00241471003517791,0.48170969465035074,68.98406863666462,68.74325194700704,288,0.0,192,8784,0.2059703359476634,0.0,1.0
43,2,RT42,True,1.0792859784982198,0.9348958903171146,0.22442530737859281,0.8972483164441966,0.31605372631037143,-0.116507373585653,uttarakhand,2,RT42,16.89349262641435,1513.672528241696,0.39457853167550194,889,2296.058235805987,2.8179123060366327e-11,1586.2360145271007,73.3348399516426,9.051741106234113,9.056448830226847,0.0008458559218628914,0.48170969465035074,70.01403361470078,69.97334297789,1084,0.0,233,8784,0.2824964019346652,0.0,1.0
44,2,RT42,True,0.9769679628566292,1.0070004331960085,0.18471635227245842,0.9397254343574031,-0.3566750175507457,-0.21018249562938696,uttarakhand,2,RT42,16.799817504370615,1626.5590475032282,0.3932394146651821,899,2416.8955241296394,2.8788919307752425e-11,1700.1353616300503,74.36673990589179,8.76153566398535,8.766286722666718,0.0013615928872329876,0.48170969465035074,72.67164599900491,72.49731929152601,1014,0.0,233,8784,0.2908120103019154,0.0,1.0
45,2,RT42,True,1.075392072482758,0.9848258716893791,-0.36307716595274975,0.8829416022220657,-0.4963170326321621,1.9813951859204977,uttarakhand,2,RT42,18.9913951859205,1514.043725293555,0.4122349330049392,1110,2054.551541612216,2.827605305641621e-11,1600.6071369367075,87.26191325208043,9.658835546563806,9.663013273270339,0.0034294913528090556,0.48170969465035074,71.26796365250806,71.26113319321851,1379,0.0,247,8784,0.3353175141477313,0.0,1.0
46,2,RT42,True,1.0041898908661293,0.9703437897124093,-0.44599315985115806,1.1069404557872553,-0.04305481825432411,-1.7105522734361935,uttarakhand,2,RT42,15.299447726563809,1639.185951966533,0.32913728978840084,361,3289.980793490367,2.926950939286127e-11,1697.929658743704,59.64552427273872,7.778517173876804,7.783695198142354,0.002498956806087733,0.48170969465035074,65.8681239436888,65.64503658752892,34,0.0,171,8784,0.18577278688594603,0.0,1.0
47,2,RT42,True,0.9241394308306364,0.9657671565289262,-0.48969001500852183,1.1605418183584442,-0.08976479719718977,0.5511525444234695,uttarakhand,2,RT42,17.56115254442347,1592.4670489285277,0.32504033391204445,417,3244.1661928934686,2.9037486386616994e-11,1658.6139546352897,67.01889935533376,7.540344807352909,7.544945883755074,0.008263159049902597,0.48170969465035074,68.04357960275621,67.83690333887473,140,0.0,191,8784,0.20275649429802042,0.0,1.0
48,2,RT42,True,1.0203930009138942,0.9913842421010525,0.3321920180014732,0.902417965365408,-0.366901639432593,1.2457997541975403,uttarakhand,2,RT42,18.255799754197543,1563.5663599798243,0.40815591850474553,1078,2164.604191441134,2.84878780844273e-11,1643.6758020769762,80.82230102846022,9.30801207559591,9.312378698005418,0.001733288338646166,0.48170969465035074,72.11363562106894,71.9522798841204,1283,0.0,244,8784,0.3250661496699784,0.0,1.0
49,2,RT42,True,1.0723096077133594,1.033198359430329,0.8207014587101032,0.8479920406115382,-0.1955456645294953,-0.8537363869526247,uttarakhand,2,RT42,16.156263613047376,1662.8207993216488,0.43084588539189683,1214,2085.446354993631,2.87268029123809e-11,1739.2254804746344,77.20662484929306,9.96476234555836,9.969631743761541,0.0005242074929013968,0.48170969465035074,74.72882563028378,74.71735276253804,2448,0.0,247,8784,0.33789277575592724,0.0,1.0
50,2,RT42,True,0.91834360403776,0.9204930691114832,-0.14887772102301589,0.8122100043477912,-0.2820547619430561,0.9744059350341008,uttarakhand,2,RT42,17.984405935034104,1423.2055254419015,0.413135366410308,968,1948.3496641271615,2.823961549769259e-11,1503.783590864596,81.30497738857349,8.176803897851439,8.181218895603319,0.00213677073039641,0.48170969465035074,68.42239267462323,68.39355131077068,534,0.0,231,8784,0.3079404982144504,0.0,1.0
51,2,RT42,True,0.9361845675494422,1.0064111409010652,0.1442061111822226,0.8111504855285568,0.3754491038725729,0.602705294267631,uttarakhand,2,RT42,17.612705294267634,1569.8264773648625,0.4527904278127123,1500,1835.392085918839,2.8014189821021555e-11,1657.330895240111,88.22387468054046,9.69574582299012,9.700230534950128,0.0005777129449831369,0.48170969465035074,76.35243616793127,76.31683071028638,5641,0.0,305,8784,0.3743405187458985,0.0,1.0
52,2,RT42,True,0.9531208571476981,1.0431548808292794,0.9936858899616406,0.9217936120910116,-0.14755115963861376,-0.5951134248436434,uttarakhand,2,RT42,16.41488657515636,1701.1595131114443,0.41084651722099375,1091,2328.6704182672215,2.894481928045381e-11,1773.7351519879135,73.37136341825202,9.19451478512107,9.199343563335164,0.0006609069584986788,0.48170969465035074,73.63949211364714,73.51659876393926,1899,0.0,249,8784,0.32041093101663,0.0,1.0
53,2,RT42,True,1.0914284416970377,0.9564603920962993,-0.25647733851224735,1.1033062730270107,0.28406175367299913,0.754049144161598,uttarakhand,2,RT42,17.7640491441616,1571.8015833172915,0.34413962338498993,640,2978.153167206488,2.8246821811529783e-11,1641.9105800611485,70.88931977018659,8.404786807273963,8.409342163981758,0.0033644351958781902,0.48170969465035074,67.24710003748055,67.20857010287128,279,0.0,206,8784,0.2394423120641346,0.0,1.0
54,2,RT42,True,1.0504708987943305,1.003994370366997,0.43008125411107523,0.8286126122346035,0.39311644651195765,-1.2742033237577952,uttarakhand,2,RT42,15.735796676242206,1620.9855526964755,0.4368403990058731,1279,2041.3747271755901,2.828599979946501e-11,1698.045131670365,77.87440260436264,10.090008819321547,10.094959208871265,0.00026877532669118383,0.48170969465035074,74.09977688107269,74.05368131255003,3940,0.0,274,8784,0.336306317303736,0.0,1.0
55,2,RT42,True,1.0224043134738947,1.048161623320778,1.1120835245256995,0.8771030931555001,-0.2642370105016566,0.2280677331515708,uttarakhand,2,RT42,17.238067733151574,1679.4480453561525,0.431202085840217,1310,2086.782611164926,2.8695338725182263e-11,1758.4441862683113,79.7434147037586,10.082342814116732,10.086941936765678,0.0007271394483387814,0.48170969465035074,74.95995530603994,74.93507324426145,3098,0.0,261,8784,0.3583089196934193,0.0,1.0
56,2,RT42,True,0.9858186991051703,1.0180040509502557,-0.2606712868600447,1.0646166480549637,0.12097702324178428,-0.011524812765054904,uttarakhand,2,RT42,16.998475187234945,1673.5022350736265,0.3690643483772795,843,2830.162625750463,2.8328730195626322e-11,1746.5996436232672,73.89159934480719,8.626859089906143,8.631600260768305,0.0016609146464185225,0.48170969465035074,69.54979843058028,69.50400616978212,1012,0.0,231,8784,0.2765563340387683,0.0,1.0
57,2,RT42,True,1.0782820597075111,1.0439012332155826,1.0467640417970272,0.9863759338459799,-0.39231443449269887,1.859417751438992,uttarakhand,2,RT42,18.869417751438995,1669.8063341079876,0.40301742908969884,1153,2340.401815943608,2.8673415291520665e-11,1748.7786152252197,79.6606800007908,10.142069858563275,10.146287581111588,0.0020722476032563847,0.48170969465035074,75.17311231677581,74.95090612066079,2255,0.0,256,8784,0.3420393930485887,0.0,1.0
58,2,RT42,True,1.0971421188303745,1.0285928373687905,0.9610754258670197,0.9805901871854199,0.32497342696861253,-0.87296992258291,uttarakhand,2,RT42,16.13703007741709,1713.8536461330816,0.39787453303085785,1031,2552.6933516070353,2.845296298637261e-11,1783.0543735336423,70.01274797086401,9.91012840393488,9.91504552411614,0.0005007088363093699,0.48170969465035074,72.60726574688417,72.56108356542148,1748,0.0,245,8784,0.3042650221899335,0.0,1.0
59,2,RT42,True,0.9936695327262322,1.0275348986191177,0.11477720899965524,0.9302021564840107,0.19994370609533452,-0.2847707319097088,uttarakhand,2,RT42,16.725229268090292,1663.0758524066175,0.4121724233467027,1158,2322.9584048746497,2.8256870051961732e-11,1741.1065910793445,78.81178861307708,9.592741929351698,9.597501950231111,0.0006803427751582609,0.48170969465035074,73.12496740549973,73.07802447620648,2786,0.0,269,8784,0.327433276481072,0.0,1.0
60,2,RT42,True,1.057437639185327,0.9559565684950719,-0.1022581809918402,1.0597810672265802,0.22095835691318388,-0.16031422006748564,uttarakhand,2,RT42,16.849685779932514,1586.370301578202,0.35149424266487594,656,2908.819047107152,2.831523104434254e-11,1653.7758987811137,68.20882891182887,8.286545549167695,8.291323218601669,0.0018256768613052826,0.48170969465035074,67.97200508041584,67.92443196514783,428,0.0,202,8784,0.23828880081617823,0.0,1.0
61,2,RT42,True,1.0294638878289446,0.9671703694064631,-0.5021930366978999,0.8567973055600924,-0.12534283368121335,-0.08523342297112757,uttarakhand,2,RT42,16.924766577028873,1521.985934415166,0.40551858382553563,951,2150.8907710701515,2.845631239985025e-11,1600.672648424317,79.46429577913595,8.793809329787875,8.798504443913632,0.0013937787043703347,0.48170969465035074,70.85743911033128,70.82638571534989,778,0.0,225,8784,0.2941035794874163,0.0,1.0
62,2,RT42,True,0.9549514950617072,0.977352845408565,-0.47121556130096065,0.8986679970417196,-0.43765277841887895,-0.8137211410811469,uttarakhand,2,RT42,16.196278858918856,1569.7361102963243,0.39204304495558717,820,2357.955914117964,2.863890618297938e-11,1643.6306560706144,74.71419229400784,8.25451494381801,8.259416695555156,0.0012054808251776138,0.48170969465035074,70.86661573762929,70.77903165291191,594,0.0,217,8784,0.2735751150504089,0.0,1.0
63,2,RT42,True,1.0936052273249004,1.0069471958987524,0.42435561605449296,1.0520310480686215,-0.22769489570770118,-0.6916007685724241,uttarakhand,2,RT42,16.318399231427577,1675.8153969856626,0.36047532729507603,644,2893.1946170721394,2.9095542886870328e-11,1740.4475758514627,65.46079275045761,8.882599622037437,8.887495470788684,0.001731913177444288,0.48170969465035074,70.74750151536006,70.51175193591342,579,0.0,204,8784,0.24417780559902597,0.0,1.0
64,2,RT42,True,0.9175665806235124,0.9621177897915782,-0.34081710778096713,0.9572559018247246,-0.1376043166602111,-0.5162778969519799,uttarakhand,2,RT42,16.49372210304802,1560.9005952205205,0.3714149076848626,677,2574.052373253485,2.8751466775247616e-11,1630.9326536945412,70.84716973764378,7.809943084421324,7.814789878745439,0.001666271867597164,0.48170969465035074,68.6990892098703,68.55479869554861,382,0.0,208,8784,0.2478371708093701,0.0,1.0
65,2,RT42,True,0.9986635575663557,1.055067149587927,1.0809444652064615,1.0129677167327162,-0.010508710674393296,-1.2865395914785096,uttarakhand,2,RT42,15.723460408521492,1767.441577024907,0.3842218275645598,861,2729.706345566825,2.9224241562251066e-11,1832.3971527289134,65.7976398185027,9.127298069895577,9.132334516317727,0.0007236025545494467,0.48170969465035074,73.61886852495371,73.34567879065108,1442,0.0,232,8784,0.2813165287462914,0.0,1.0
66,2,RT42,True,0.9443732456213798,1.0303448460473008,0.4226651150801945,1.1040579179241161,-0.24281647049332544,1.5679350100140734,uttarakhand,2,RT42,18.577935010014073,1673.7803048320236,0.3638823001102075,798,2817.4947957007184,2.891974942807149e-11,1747.3183999423043,74.30194810422266,8.652857078046221,8.65717978355129,0.00509474089320912,0.48170969465035074,72.67502263667078,72.46509590621808,1001,0.0,234,8784,0.28045592198474645,0.0,1.0
67,2,RT42,True,1.0726034359727978,0.9340768579533705,-0.053092028888381215,0.8067058833761954,0.19156873779708605,0.7925576118097397,uttarakhand,2,RT42,17.802557611809743,1454.9942449549171,0.42951284519273336,1167,1891.8274933153991,2.7895640883446277e-11,1537.9226652304783,83.64175554603464,9.818926152002025,9.823363556910444,0.0008886035870993581,0.48170969465035074,73.84165005611324,73.80169119382583,2125,0.0,268,8784,0.33268533780849985,0.0,1.0
68,2,RT42,True,1.0510747737579877,1.0153847163934013,-0.24751511248447722,1.0569984891722963,-0.2670128396708292,-0.09750666941989428,uttarakhand,2,RT42,16.91249333058011,1662.0002782714682,0.3615514779819555,673,2850.7777313391584,2.8987143687102365e-11,1732.3894737564763,71.2015055068712,8.764752252266959,8.769503017363126,0.002602696160833759,0.48170969465035074,70.44917395012006,70.19569460107135,628,0.0,213,8784,0.2519927124389575,0.0,1.0
69,2,RT42,True,0.9549548486326958,1.0301174163959212,0.9683738590365539,1.093022598435304,0.22789554214693142,0.5141809153101042,uttarakhand,2,RT42,17.524180915310104,1716.3836278788922,0.3736704618132415,936,2838.51511872585,2.839206455953601e-11,1786.1188191141387,70.4963488414179,8.864325923665698,8.868925580176244,0.0014863590101361595,0.48170969465035074,71.34701375218049,71.30362093214485,1373,0.0,242,8784,0.296297191579614,0.0,1.0
70,2,RT42,True,1.0344603443590579,0.9982438690025235,0.3797010880118183,0.885140427616,0.26355059023789784,0.4325776248153903,uttarakhand,2,RT42,17.442577624815392,1594.9997146958547,0.42350585718497624,1248,2121.0756259703808,2.8156996631950902e-11,1675.2479162750121,80.9871789517577,9.896167853793337,9.900729571532581,0.0007475094733886091,0.48170969465035074,74.07814981866763,74.03486633808166,3162,0.0,271,8784,0.340767926953703,0.0,1.0
71,2,RT42,True,0.9111725491879649,1.011945718567142,-0.18816225231902983,0.9819562716952346,0.03729512085589348,0.6781619941678714,uttarakhand,2,RT42,17.688161994167874,1627.5966288898605,0.39493910927280984,1059,2451.04879321452,2.8154763689633338e-11,1706.9723487372298,80.12608244781252,8.760134355974303,8.764684683713297,0.0015425899868940938,0.48170969465035074,72.72098164275107,72.68017756233766,1878,0.0,260,8784,0.31715979190646365,0.0,1.0
72,2,RT42,True,1.0266955117900975,0.9322874569182664,0.04466252861835879,1.175997002971902,-0.35685000704697734,1.6726799176597784,uttarakhand,2,RT42,18.68267991765978,1528.159124956158,0.31913939151863435,379,3201.459985086829,2.8960043887157248e-11,1593.919701918147,66.62582938363153,7.850307875718046,7.854616548903555,0.012133927285512621,0.48170969465035074,66.97158808634147,66.74767511933236,40,0.0,187,8784,0.20344418963824104,0.0,1.0
73,2,RT42,True,0.9228003180628505,1.0229014904902385,0.035021375002415644,1.0985420040536347,-0.14043115612341728,1.8937346749225545,uttarakhand,2,RT42,18.903734674922557,1642.6112552635484,0.3629125088715579,786,2778.5808736065974,2.879673460586277e-11,1718.8277735381992,76.98716694601634,8.458419023260864,8.462659296103343,0.00660648000354866,0.48170969465035074,70.84576718648776,70.6322690981247,898,0.0,233,8784,0.2795252271652312,0.0,1.0
74,2,RT42,True,1.0962171340464584,1.0285365571749143,-0.7748270937532495,0.8951701621429332,-0.09836408434118282,1.165732706514941,uttarakhand,2,RT42,18.175732706514943,1592.5298863821492,0.41525040662785406,1161,2126.83110428363,2.837572348167131e-11,1680.2738106092752,88.47736832097782,9.992088616458853,9.996481038174931,0.0025883920849002293,0.48170969465035074,72.08341902195708,72.07566000528416,1930,0.0,249,8784,0.3377061760159091,0.0,1.0
75,2,RT42,True,1.01627064901226,0.9761466075811673,-0.36698968237710294,1.102161399505226,-0.09100942278586477,0.45253974704216793,uttarakhand,2,RT42,17.462539747042168,1598.1103167713925,0.3412500886392258,509,3016.1190562567394,2.8953040568073008e-11,1666.394247639606,69.10648943290842,8.125909442145083,8.130527916492413,0.005034664003786227,0.48170969465035074,69.46757356293236,69.22332860106918,264,0.0,202,8784,0.22534068231186294,0.0,1.0
76,2,RT42,True,1.0245957410213662,0.966634440795003,-0.25515506858754655,1.007600846856307,0.014457363766850029,-1.4313037118532232,uttarakhand,2,RT42,15.578696288146778,1612.1286747045242,0.3618557129188883,683,2825.7503370249633,2.8394804988741968e-11,1677.8911511930385,66.61763477656109,8.225877284543555,8.230965276788279,0.0009053006300873628,0.48170969465035074,69.31586626484646,69.27326194512095,698,0.0,203,8784,0.23940002109046826,0.0,1.0
77,2,RT42,True,1.0953130038547065,0.9787389577065038,-0.4709853854743532,0.9434030681186464,0.11050096768513784,0.6362658286820779,uttarakhand,2,RT42,17.64626582868208,1559.136152077873,0.39427490045106284,1004,2360.4582888798514,2.8068389420903333e-11,1638.7531469954677,80.36493301397579,9.488691692441616,9.493237843895887,0.0015156528727159186,0.48170969465035074,72.24913993439678,72.20499267895252,1326,0.0,246,8784,0.30029004788019986,0.0,1.0
78,2,RT42,True,1.088804336771902,0.99704662827678,0.15250552411784157,0.9125696741886284,0.4456102358277314,1.8602008135985617,uttarakhand,2,RT42,18.870200813598565,1564.1031085844038,0.42041011821623,1273,2102.1427784350903,2.8028602448704663e-11,1649.5291707374324,86.10198797974547,10.323250356021056,10.327466843086427,0.0014518636840517042,0.48170969465035074,73.7640042955283,73.72821715143829,2894,0.0,277,8784,0.35266075485811427,0.0,1.0
79,2,RT42,True,0.9357845797034309,1.0421693831150523,1.0248519251930515,0.8162594032292605,-0.4008989029223381,1.638413016461591,uttarakhand,2,RT42,18.648413016461593,1616.0953089157358,0.45753493976909065,1591,1772.3870197451247,2.8391049585758894e-11,1705.1402305342153,89.71198279979976,9.8893193672955,9.893534159370187,0.0009077374315034373,0.48170969465035074,76.04132382996545,76.01672116694378,4609,0.0,297,8784,0.40917790824530537,0.0,1.0
80,2,RT42,True,0.9418822897543148,1.0098095424866866,0.03950123501826281,0.927852005679029,0.014849979544907188,-0.8918658703929783,uttarakhand,2,RT42,16.11813412960702,1648.1407940947981,0.40413627400461527,1048,2391.619253753089,2.8358164435265356e-11,1722.6557781229665,75.33023719452372,8.933984739529196,8.938907019715115,0.0006395973274381998,0.48170969465035074,72.35562352679136,72.31245393717597,2068,0.0,256,8784,0.30701471193521607,0.0,1.0
81,2,RT42,True,0.9808321860214287,1.0152718344384677,0.28889655540049264,0.8265440467543331,-0.38028657276805033,0.1879827387764741,uttarakhand,2,RT42,17.197982738776474,1594.0003147962457,0.43576492081446927,1256,1953.1054938240661,2.8494170921867596e-11,1676.844261633939,83.59350941178771,9.550452447215607,9.555053820796921,0.0008678932054301192,0.48170969465035074,74.1147992438615,74.06581478896622,2355,0.0,255,8784,0.351628862707034,0.0,1.0
82,2,RT42,True,1.0018410198263281,1.0009699084482089,0.21125803924017275,0.8554342025307671,-0.16380791910120795,-0.743334916589975,uttarakhand,2,RT42,16.266665083410025,1602.758777378985,0.4169542668119931,1063,2148.065764736303,2.8673922778410992e-11,1678.8576480838587,76.89944856382394,9.10698812929066,9.111840009083199,0.0006880120789943983,0.48170969465035074,72.1949464277429,72.11471336871729,1244,0.0,238,8784,0.3135315695652663,0.0,1.0
83,2,RT42,True,0.9052121858343622,0.9574702452102493,-0.14559018361323608,1.0591771166357486,0.008450413401284274,1.7834394217224032,uttarakhand,2,RT42,18.793439421722404,1541.4086611324406,0.3618324857249777,787,2693.073777153139,2.811010484328516e-11,1617.3923924560327,76.71161536107381,7.922684617116349,7.926969577571521,0.0037799048579826187,0.48170969465035074,68.56433381707839,68.52148892002725,760,0.0,229,8784,0.27767222890655474,0.0,1.0
84,2,RT42,True,1.0566647918929222,1.0180587715866711,0.8778142292595212,1.152328892426941,0.2813012068626626,-0.20801728802906672,uttarakhand,2,RT42,16.801982711970936,1727.9928977185332,0.3510392664324974,735,3169.6118446000205,2.851264344466939e-11,1791.552065932667,64.36434587724152,8.863999171203352,8.868789062036251,0.0016488083623271616,0.48170969465035074,69.44761306364485,69.39910040447582,726,0.0,219,8784,0.2557520994075179,0.0,1.0
85,2,RT42,True,1.019665505011814,1.0164353347732176,-0.11588461033814099,1.0843601433792962,-0.026475188644703218,0.36942470582423903,uttarakhand,2,RT42,17.379424705824242,1665.1550168365832,0.35780182148605,678,2900.2357062580363,2.8969889132832177e-11,1735.854136180432,71.50467104886224,8.654995708994422,8.659629818256036,0.0036577149506286095,0.48170969465035074,70.20634068792717,70.00552481927315,630,0.0,217,8784,0.2542976681004136,0.0,1.0
86,2,RT42,True,0.9174969510963757,1.0225734346321023,-0.12924053703212135,0.8455101970172418,0.1175662699387281,-1.6178823458886051,uttarakhand,2,RT42,15.392117654111397,1649.5631361680198,0.43180410617660314,1242,2122.711777548476,2.8246111329887845e-11,1727.9448386832407,79.22114217925844,9.253319692111022,9.258379567052883,0.0003202504755868189,0.48170969465035074,73.95044265020415,73.90468462333287,3868,0.0,268,8784,0.3330180502011827,0.0,1.0
87,2,RT42,True,1.022079469114558,0.918997973701935,0.052138549957244686,1.0569172394365023,0.039064916632632785,-0.34746656079923177,uttarakhand,2,RT42,16.66253343920077,1535.0298016845136,0.33995500970122894,542,2969.2459811128256,2.833908292818589e-11,1598.1882045161271,63.97000799627895,7.659099122012755,7.663923419520963,0.0017855103939019262,0.48170969465035074,66.53971421510478,66.4980290094054,146,0.0,183,8784,0.21374800417203335,0.0,1.0
88,2,RT42,True,1.0907238301481985,1.0069479305698816,-0.06479541329103897,0.8487268164905669,0.03297299485984273,1.4005996100356595,uttarakhand,2,RT42,18.41059961003566,1564.110444456219,0.44260229077073276,1432,1907.978821701221,2.796019321589307e-11,1653.3193495055818,89.89548008161275,10.678495776708688,10.682791660411674,0.0010581336579807026,0.48170969465035074,75.64874432883126,75.61459891021798,4899,0.0,299,8784,0.37137727015510036,0.0,1.0
89,2,RT42,True,0.9526455236532687,0.9978812849436898,-0.7316692476774286,1.1314501865413593,0.12560791019817108,0.259504436465694,uttarakhand,2,RT42,17.269504436465695,1642.713068792844,0.3451190207830459,676,3096.3458182419613,2.8286608783730227e-11,1714.6068657999933,72.70459572382055,7.959341735770288,7.964028123211475,0.003349086230797551,0.48170969465035074,67.94574574825823,67.9005227142963,581,0.0,209,8784,0.2465541426610215,0.0,1.0
90,2,RT42,True,1.0786573120756116,0.9968685245596367,-0.14336548398869126,1.1854859345521809,-0.043521030492735924,-1.2170094903175546,uttarakhand,2,RT42,15.792990509682447,1695.3165626853304,0.3217532544397964,372,3511.545464043542,2.937922805854326e-11,1753.5225008927457,59.111178736162884,8.33191184074986,8.33696673332588,0.004131590689035365,0.48170969465035074,67.74208603011066,67.53066622226483,153,0.0,179,8784,0.18826354885302365,0.0,1.0
91,2,RT42,True,0.9080341625219681,1.0200684716066732,0.02636707034240321,1.0446582788080032,0.3721062719737219,-1.6234739179737563,uttarakhand,2,RT42,15.386526082026245,1715.896562324783,0.3684593838267022,773,2915.5452680466938,2.8471638503934755e-11,1781.9673814220746,66.93717801006977,8.176889344878305,8.182033032973163,0.000806234314852933,0.48170969465035074,70.64804828762259,70.60309374571987,865,0.0,223,8784,0.2621119848780781,0.0,1.0
92,2,RT42,True,0.9850176364853528,1.0019160229884034,0.3399053957794835,1.1231113061184317,0.05530924092158629,-0.8513131884104359,uttarakhand,2,RT42,16.158686811589565,1698.9377774621482,0.3479387510860735,681,3164.152897490155,2.8502493706863447e-11,1762.1343739687443,64.03307377006794,8.231119018619541,8.23607617409841,0.0014058983280340427,0.48170969465035074,68.4125073002168,68.36150489045444,640,0.0,206,8784,0.24091835710239534,0.0,1.0
93,2,RT42,True,1.025569441521457,1.0110857109830522,0.06124959716235327,0.8929042066721248,-0.09463371970845857,1.5912076523572005,uttarakhand,2,RT42,18.601207652357203,1576.8626465009745,0.4174176007899292,1190,2085.3273381963304,2.840018434978416e-11,1661.7532979386367,85.592805611897,9.627918332572897,9.632190500331609,0.002298262394841935,0.48170969465035074,73.30909354522024,73.14542634326705,1836,0.0,255,8784,0.34432458690667267,0.0,1.0
94,2,RT42,True,1.0579779166927046,1.0197964711287941,-0.7960405152549284,0.8403662833922969,0.18910602594663772,-0.3493610702445684,uttarakhand,2,RT42,16.660638929755432,1599.939589952376,0.4357606451849605,1313,2018.3121274740217,2.8079858624625452e-11,1686.4136453572748,87.25136931019613,10.254060175505911,10.258807899829131,0.0006343675872185625,0.48170969465035074,74.40579644845621,74.37504942974391,4045,0.0,281,8784,0.3466853424258122,0.0,1.0
95,2,RT42,True,0.9931518869455764,1.0257624851299312,0.3256033017320528,1.024710408946605,0.4578506395585088,0.5877690195001124,uttarakhand,2,RT42,17.597769019500113,1674.621022368022,0.3887656288585002,1037,2591.0923514563387,2.8322843347699886e-11,1750.309055611301,76.44011464551392,9.290959995474816,9.29553160552029,0.0013426536230811519,0.48170969465035074,70.99762560211056,70.95361986091763,1771,0.0,257,8784,0.3124041659201827,0.0,1.0
96,2,RT42,True,0.9432748918392122,0.9623219619674461,-0.3763353832756867,0.9442032044474186,0.14621868486155787,-1.935383040844354,uttarakhand,2,RT42,15.074616959155648,1597.670243193198,0.37657046777301195,759,2624.781053245752,2.8394297501852927e-11,1664.8085737851547,68.01202338056588,8.012705676940199,8.017903687886381,0.0006017056554696555,0.48170969465035074,69.37597734971237,69.33177876168567,776,0.0,213,8784,0.25158823105903905,0.0,1.0
97,2,RT42,True,0.9854623297631977,1.0239948524629752,-0.9289557155427937,0.8843230370526847,-0.3539709133492156,1.6177333280654262,uttarakhand,2,RT42,18.62773332806543,1568.0905947874753,0.41871332814401174,1199,2058.9522049227144,2.8281026427941398e-11,1658.6454911297922,91.2700334152106,9.429286945462914,9.43355831449094,0.0030917290964515612,0.48170969465035074,73.69073437329925,73.4783184868414,1991,0.0,258,8784,0.34591446083818567,0.0,1.0
98,2,RT42,True,0.905691472463984,0.9920414624429069,0.07032103209182505,1.099436165860235,-0.23487789214138044,0.9105708918829372,uttarakhand,2,RT42,17.92057089188294,1620.1996196890689,0.3498791019706392,614,2927.45238344492,2.8938323448255604e-11,1689.8271303759211,70.42177783987282,7.923934720719674,7.928427950976915,0.004889593935829716,0.48170969465035074,71.50701795391876,71.23607844560959,533,0.0,215,8784,0.24376942799319792,0.0,1.0
99,2,RT42,True,0.9174777447352679,0.990739383705926,0.0765955637934046,1.0018174999652236,0.33579620330494286,0.4460637454829448,uttarakhand,2,RT42,17.456063745482947,1611.2718457760936,0.38215024078251825,912,2571.82041525008,2.8202873446833174e-11,1685.7958923351987,75.2848053863474,8.426381530614666,8.430988935688,0.0014507101525615778,0.48170969465035074,71.34952272204681,71.30643109382217,1152,0.0,242,8784,0.29356793586249436,0.0,1.0
100,2,RT42,True,1.0842505497648764,0.9564127542188138,0.13581576147409136,0.8219122703676056,-0.29761414744394155,0.6470181882016748,uttarakhand,2,RT42,17.657018188201675,1494.6143182994563,0.4213542310787185,1078,1963.8909366648174,2.8355119513925162e-11,1575.2942562837343,81.41168281136645,9.418927287469971,9.423421541695818,0.0012596964438731093,0.48170969465035074,70.70320667909658,70.67819079012276,1214,0.0,237,8784,0.3222886316678904,0.0,1.0
101,2,RT42,True,0.9080648779308289,1.0083736572806907,-0.04523100096640231,0.9293028737792122,-0.09526491653868463,-0.7837310100221493,uttarakhand,2,RT42,16.226268989977854,1633.3693056231464,0.39340080035644354,891,2430.732773487933,2.8806681348913008e-11,1706.248697339092,73.69621262793959,8.334418790726234,8.339313989074794,0.0010798519467461584,0.48170969465035074,71.34326952634196,71.20119522507147,983,0.0,231,8784,0.2848840065841945,0.0,1.0
102,2,RT42,True,1.0450192618584038,0.9865524922598495,0.3150390472789619,1.0158178816557895,0.43573030272855595,-1.9094917589759213,uttarakhand,2,RT42,15.10050824102408,1670.3236704189774,0.3665206961147527,721,2867.2558670640383,2.8533450407172117e-11,1732.7769622971366,63.32912327807198,8.572194666830423,8.577399370528262,0.0006175080407766463,0.48170969465035074,68.98955918556302,68.94601783509209,746,0.0,209,8784,0.24502038556932468,0.0,1.0
103,2,RT42,True,0.9208635166740899,1.0445515166169965,0.8957321398513901,0.9850967168549607,-0.27010185345705706,1.4827467772902674,uttarakhand,2,RT42,18.492746777290268,1674.2234308071054,0.400811847451259,1119,2374.3880401980023,2.8726701415003014e-11,1752.369532894765,78.85432180787646,9.140428194734584,9.144743659875502,0.0019955168208315444,0.48170969465035074,74.86499960517077,74.66165881388082,2174,0.0,258,8784,0.3340232862983739,0.0,1.0
104,2,RT42,True,0.9770479975786128,1.0087212895046378,0.158777704377581,1.0242954512801727,0.20492447467799302,-1.7685092894738443,uttarakhand,2,RT42,15.241490710526158,1698.4071928466485,0.37053373358135877,766,2861.263868100165,2.850574162296219e-11,1763.3591098417114,65.82120114805014,8.443542662322708,8.448713198389745,0.000652421949333006,0.48170969465035074,70.32277726900769,70.28544779603519,949,0.0,218,8784,0.25835551569870946,0.0,1.0
105,2,RT42,True,0.9255564553783813,0.9605202474204986,0.192161745604323,1.1062792690842276,-0.1329566891958004,1.2798402341237707,uttarakhand,2,RT42,18.289840234123773,1571.3083693507963,0.34241147430903374,534,2945.211544570058,2.889539005733546e-11,1639.610332696663,69.09659506375606,7.783906254117425,7.788309648332425,0.006242669781429323,0.48170969465035074,69.4408878853498,69.2055765407182,329,0.0,205,8784,0.2337403299208356,0.0,1.0
106,2,RT42,True,1.0074893840562398,0.9512690683115169,0.0569166036890997,0.839380403056691,0.44030066514689614,-0.3314113042939413,uttarakhand,2,RT42,16.67858869570606,1518.6069833623324,0.41810139755674836,1061,2077.9188862089977,2.809315478115061e-11,1595.8454171398216,78.01078316512107,9.220074954242731,9.224806118208662,0.000587583199125901,0.48170969465035074,72.14068137273476,72.0964006199691,2025,0.0,256,8784,0.31265669111688515,0.0,1.0
107,2,RT42,True,0.9876047902050336,1.0363953134483326,0.7911862585663282,1.0555183045875183,0.24727895923043108,-1.3522664834986564,uttarakhand,2,RT42,15.657733516501345,1756.0339685413383,0.3753112517529482,866,2891.062429912807,2.8529695004184673e-11,1820.777067507131,65.58896004750761,8.84059663413428,8.84565971201296,0.0006200450392552078,0.48170969465035074,72.40593083789122,72.359286986114,1222,0.0,234,8784,0.27675413559969453,0.0,1.0
108,2,RT42,True,1.0203912357195606,0.9681744886556358,-0.39343080042406314,1.1439435727389715,0.10887555598529852,-0.08650380566452931,uttarakhand,2,RT42,16.92349619433547,1616.0987644435618,0.33311101820357947,573,3221.6384977443913,2.8374607010506623e-11,1682.426315022386,67.15272917338011,7.902653667356536,7.907429555601292,0.0031231803166966087,0.48170969465035074,65.8948854403008,65.85195523047618,182,0.0,185,8784,0.2195285049463198,0.0,1.0
109,2,RT42,True,1.043081567712618,1.0328466072722988,-0.07560961739257507,0.9062702316387985,0.3087227673284143,1.0401157822024003,uttarakhand,2,RT42,18.0501157822024,1629.7862460072436,0.42831267178201293,1377,2113.414257145222,2.8040477641938124e-11,1716.142627852926,87.07184362331279,10.27886974542213,10.283291911808494,0.0011140448013572369,0.48170969465035074,76.03548123544138,75.99368651408241,4384,0.0,289,8784,0.3605437869093734,0.0,1.0
110,2,RT42,True,1.0938330673277559,1.0311519187923133,-0.9161659528821091,0.9308418281587196,0.07820185648096067,-1.21634695716343,uttarakhand,2,RT42,15.79365304283657,1667.8526870454714,0.4036374372015077,1059,2424.331601896912,2.826458385269361e-11,1746.6357460171087,79.62061011247047,9.804954467434904,9.809972214245137,0.0007252439266231956,0.48170969465035074,72.55098711884851,72.51104051056996,2215,0.0,245,8784,0.3017782878625203,0.0,1.0
111,2,RT42,True,0.9496373104471825,1.0221890131494442,0.05200233160201401,0.8303748189096164,-0.4277937522418046,1.5043911977188613,uttarakhand,2,RT42,18.51439119771886,1571.5984497024263,0.4412115919577273,1380,1865.231398015961,2.832751222709278e-11,1661.2181503084407,90.31108543643288,9.609033648122603,9.613303819169465,0.0016741857159268323,0.48170969465035074,74.5914368137795,74.52543264388518,3100,0.0,277,8784,0.37776436459817303,0.0,1.0
112,2,RT42,True,1.0586975701249428,1.0037679277255318,-0.9559586443762472,0.8584362514080468,0.14600694033578632,1.9166111924220837,uttarakhand,2,RT42,18.926611192422087,1529.6060336296146,0.4353606808945345,1389,1922.9449404084064,2.7771814082213858e-11,1623.6083768271287,94.68052044040469,10.301163316657506,10.305346182639513,0.0020584081466578524,0.48170969465035074,75.22088260235452,75.18717116775193,4027,0.0,289,8784,0.36693886709804907,0.0,1.0
113,2,RT42,True,1.0361911234581702,1.0152128192777936,0.5363133778570532,1.0690231445277771,0.07082035748979698,0.8697004942901554,uttarakhand,2,RT42,17.879700494290155,1667.4105029727752,0.3754820839500852,910,2737.856359130513,2.8311374143978584e-11,1740.4233078791526,73.75891693256601,9.223763446178861,9.2282697374437,0.0018166231103088632,0.48170969465035074,70.55477273429231,70.50335235892967,1218,0.0,238,8784,0.29566232562654643,0.0,1.0
114,2,RT42,True,0.9233627970380226,1.0093848893896884,0.21287211257797597,0.8363136143429439,-0.2588059467281906,-1.3641050494249525,uttarakhand,2,RT42,15.645894950575048,1621.1228021765655,0.4230605263050192,1108,2116.2994711592046,2.8673212296765003e-11,1696.6403468298338,76.34702379463275,8.75922092539035,8.764220652991304,0.0005037594058956811,0.48170969465035074,71.22723615371535,71.06246240008267,1453,0.0,238,8784,0.3148097242280027,0.0,1.0
115,2,RT42,True,0.9689524053992448,1.0069282434544966,-0.20245303354690228,0.8871391600043307,0.4969806277386537,-1.2150799370124186,uttarakhand,2,RT42,15.794920062987583,1629.488788298807,0.4134160865274856,1078,2272.5401873809938,2.828681177848921e-11,1705.7154945651437,77.05207979722695,9.150400984505664,9.155384936389678,0.0004597450193836596,0.48170969465035074,73.44277535194809,73.39818477162092,2433,0.0,251,8784,0.311069219856404,0.0,1.0
116,2,RT42,True,0.9420347495684631,1.0520662496197088,0.9503956065920315,0.9641603252156878,-0.15831811503113047,0.9035443120260163,uttarakhand,2,RT42,17.91354431202602,1695.335337974922,0.40682854808170954,1168,2342.881418773979,2.874984281720087e-11,1772.6421970380939,78.03722827813348,9.341895236740266,9.346354954162575,0.0014648848113836413,0.48170969465035074,74.55326198775977,74.37062485768826,2368,0.0,258,8784,0.33633679936079214,0.0,1.0
117,2,RT42,True,1.0525809889295314,1.0256918946575204,0.18696419032837236,1.1207735352698576,0.17189164042241123,0.6777296820584375,uttarakhand,2,RT42,17.68772968205844,1695.6841070980179,0.36276227701344477,846,2946.3604845579152,2.8384756748315228e-11,1768.0011095666794,73.08741401707618,9.102831706437149,9.107398572858845,0.0024242897370560365,0.48170969465035074,70.00660107120356,69.95624393537761,936,0.0,231,8784,0.2792409004827054,0.0,1.0
118,2,RT42,True,1.0944514301009094,0.9953877556841314,-0.16025498941157423,1.1056222502912598,-0.32199070084365355,1.051724942628805,uttarakhand,2,RT42,18.061724942628807,1619.7773131352653,0.3494310051488496,613,2932.990470301224,2.885702404842934e-11,1691.0309102412468,72.05737406400664,8.821001948822241,8.825464225053373,0.005842221977045612,0.48170969465035074,69.21694688342315,68.98681673210491,406,0.0,213,8784,0.24609044877353678,0.0,1.0
119,2,RT42,True,1.0648931693552686,0.9931165560595705,-0.4682113716614999,0.9410271154755326,0.4072083401585954,-1.752540767098301,uttarakhand,2,RT42,15.2574592329017,1632.8249922671125,0.38726208088221925,863,2557.62892112079,2.834984165026264e-11,1703.5671528607224,71.60541299841843,9.019338913561565,9.024490246028748,0.0005638000531974237,0.48170969465035074,70.64670106354134,70.60249232760897,1140,0.0,227,8784,0.26882042745507595,0.0,1.0
0,3,RT42,True,0.9278134765311287,0.99688309566834,-0.12152334953964786,0.8328299579581957,0.29624978571767546,-0.7515943765762088,uttarakhand,3,RT42,21.068405623423793,1522.4337241704425,0.46839565982821807,1990,1635.3709838997936,2.9452680774958336e-10,1596.8430379340084,74.92309994871219,33.062344334970625,33.074881820779694,0.0003278917639257714,1.6891347380088313,79.06418549297778,79.01691668670964,8451,0.0,290,8784,0.39094956816186194,0.0,1.0
1,3,RT42,True,0.907418798926433,0.9897844709659238,-0.4157559640687627,1.0361351580991343,-0.4701040412399069,0.7141990705087826,uttarakhand,3,RT42,22.534199070508784,1534.843163290135,0.39813614034547284,1399,2186.7846041544763,3.0019150611903574e-10,1602.6931398865568,68.3602368154852,29.228480955160816,29.23993063331707,0.00421710920723579,1.6891347380088313,72.87333835830547,72.71612158029205,848,0.0,258,8784,0.36295481111547734,0.0,1.0
2,3,RT42,True,0.9863837283094863,0.976831716235563,0.2722077183418393,0.866814633795254,-0.19387379122627968,-1.895965768019921,uttarakhand,3,RT42,19.92403423198008,1538.7040388896448,0.4352155311662589,1587,1879.8691688276201,3.013821001198559e-10,1600.7173616835184,62.589716891017645,31.160339506051997,31.173963759352198,0.00013372121454605768,1.6891347380088313,72.33732865603406,72.18435674029016,1246,0.0,255,8784,0.36603598700581635,0.0,1.0
3,3,RT42,True,0.9755840962339494,0.9686587140781187,0.22335835032327156,0.8632078298265776,0.14927969343603464,-0.4938754388518545,uttarakhand,3,RT42,21.326124561148145,1495.5052639177677,0.4520511564503785,1829,1731.5731515409896,2.9546235101037243e-10,1565.3508569912335,70.35066032806115,33.221809950905254,33.23416814724712,0.0004732543873513806,1.6891347380088313,77.34054320954444,77.29641736298822,7102,0.0,282,8784,0.37616912987126794,0.0,1.0
4,3,RT42,True,0.9926014845680583,0.9897873973138178,-0.07251945558636999,0.8082014529049317,-0.47575513859609475,1.0583563539080143,uttarakhand,3,RT42,22.878356353908014,1467.171454971113,0.47351899076413584,2104,1473.3889414712994,2.960303211457836e-10,1547.7863768424606,81.0300449287619,33.433349606105075,33.444260462505355,0.0003250462172234286,1.6891347380088313,75.90807514407491,75.86787445066761,3877,0.0,281,8784,0.4284094024045075,0.0,1.0
5,3,RT42,True,1.0863977990839666,0.9658655365547252,-0.3294044344444964,0.8486328220146808,-0.3804585161492863,1.1447614323727469,uttarakhand,3,RT42,22.964761432372747,1439.7683119837968,0.4516582581616897,1884,1606.202884811281,2.962714405429252e-10,1517.188624080876,77.84095670911617,34.27270471367576,34.28361778572558,0.0006846699674898757,1.6891347380088313,75.30444562559151,75.24562604203683,1830,0.0,272,8784,0.40626452096653104,0.0,1.0
6,3,RT42,True,1.083614562384399,0.9935757680089052,0.3887908863485626,1.0520924758082453,0.1725461278478212,-1.7962986651125004,uttarakhand,3,RT42,20.023701334887498,1622.1387343106771,0.3938794745639599,1385,2440.562737785706,2.9928811211118533e-10,1677.942574319772,56.399785899258106,33.26123126480966,33.27495847530627,0.000922688067253725,1.6891347380088313,74.13178121430703,74.07401433833067,3497,0.0,251,8784,0.3186727031947915,0.0,1.0
7,3,RT42,True,1.041260110332536,0.9898281399153799,-0.3500563009510244,0.9161619218623659,0.436532122973873,-1.2667662431483069,uttarakhand,3,RT42,20.553233756851693,1548.0399309589313,0.4330192684373486,1671,1952.887427516504,2.9656078381942285e-10,1615.7535601806542,68.26763290043856,33.91007789212072,33.923212709818195,0.0005773295766676261,1.6891347380088313,76.06587966406559,76.01043358732232,6202,0.0,272,8784,0.3533769263714415,0.0,1.0
8,3,RT42,True,0.9444865236030641,1.005557242564467,0.05508092408621712,1.0282106619600504,0.2604482577380193,-0.09039763134094425,uttarakhand,3,RT42,21.729602368659055,1585.070564964408,0.4119890419129938,1633,2182.219855012407,2.966915241147538e-10,1651.6239021080553,67.06937798275885,31.66266741875236,31.674848644286126,0.0017610650386296867,1.6891347380088313,76.30828494014641,76.25982278846021,5305,0.0,269,8784,0.3558430029264462,0.0,1.0
9,3,RT42,True,0.9282992843195192,1.0062661931325694,0.0032046334294756063,0.9749972177574698,-0.04256443873871063,1.5280911619711635,uttarakhand,3,RT42,23.348091161971162,1532.130089325549,0.42549306741959714,1768,1906.013764191473,2.988155180928729e-10,1605.8225845201425,74.1286417062413,31.0445112516179,31.055169097183345,0.0025799239735810288,1.6891347380088313,74.05977231412768,73.90961960473042,1785,0.0,275,8784,0.3998197833682,0.0,1.0
10,3,RT42,True,0.97474861417676,1.0209422139460445,0.9743655124961532,1.1412177276790725,0.24165480692968588,1.8852638020721058,uttarakhand,3,RT42,23.705263802072107,1607.7688226743435,0.4029115597800905,1691,2287.573484979161,2.96333595765318e-10,1675.0310046685272,67.73435152175469,32.92432601805857,32.93477875189735,0.005366948640545473,1.6891347380088313,76.31428507258124,76.25890478854697,5668,0.0,276,8784,0.3745513541724735,0.0,1.0
11,3,RT42,True,0.9588203520554265,1.0243446306538522,0.5667882019917159,1.078737972173837,-0.4951794831175015,1.0196471469529116,uttarakhand,3,RT42,22.839647146952913,1610.1603614075766,0.4021638716664513,1543,2236.313029961715,3.0264985232782416e-10,1675.6545307977296,65.99117441763772,31.340695472184613,31.35186823045337,0.0042441471688401105,1.6891347380088313,74.89015113545801,74.6549906134958,1279,0.0,267,8784,0.3785638480280023,0.0,1.0
12,3,RT42,True,1.0407934365471248,0.9859989199309793,0.3095318985606652,1.079637889750628,-0.0769535894557748,-0.7916235878596156,uttarakhand,3,RT42,21.028376412140386,1592.5653059464678,0.38177920512070285,1159,2468.8438600700206,3.0492494779474765e-10,1648.7133420987955,56.71662011803998,31.02989395785772,31.042699697720426,0.002662835195855029,1.6891347380088313,72.69558801773229,72.46182072686908,491,0.0,232,8784,0.3315965887915944,0.0,1.0
13,3,RT42,True,1.0545556305187236,1.0178896078142712,-0.012982608178399795,0.8886383630189137,0.45749923888454314,1.1052053220177633,uttarakhand,3,RT42,22.925205322017764,1533.7360889889567,0.46682354626399036,2120,1637.7976928044545,2.936577062782532e-10,1613.8102719332373,80.50319246116617,36.820157831806156,36.83112295740568,0.0009724799587022135,1.6891347380088313,80.97334520700895,80.91563819619292,9378,0.0,297,8784,0.41048965849341035,0.0,1.0
14,3,RT42,True,1.0869305169082457,1.0012034258743003,-0.2716476011682261,1.0602026694603062,0.44873513199449944,-1.3245307980653203,uttarakhand,3,RT42,20.49546920193468,1608.8300082497103,0.3931498237835084,1417,2423.584418471984,2.9852081660750003e-10,1669.617329787464,61.3696956643445,33.31869458488229,33.332022047361264,0.0015595929649379258,1.6891347380088313,74.01443215282335,73.96322217941268,3690,0.0,252,8784,0.3215190057543682,0.0,1.0
15,3,RT42,True,0.9347302081244853,1.0316316793792017,0.5081873427734682,0.9213177797350713,-0.3546537484679744,1.98894100064257,uttarakhand,3,RT42,23.80894100064257,1552.1374150487536,0.45255027805479175,2090,1686.5756041127465,2.978221061767585e-10,1630.4122672007898,78.66043067441034,32.589418353363676,32.59957806007017,0.0012883406388838011,1.6891347380088313,77.3329165444283,77.10785376026334,3530,0.0,289,8784,0.4331101401893705,0.0,1.0
16,3,RT42,True,0.9969202373798687,0.9996564288927908,0.04165537829987011,1.063519730726246,-0.03728264686157423,0.6745084705175355,uttarakhand,3,RT42,22.494508470517538,1566.858746167429,0.3955717711011135,1404,2257.401266257379,3.0182361652705707e-10,1631.9781959767292,65.63443791656852,31.280894673528003,31.292370841076,0.00433581924507413,1.6891347380088313,73.94779102041939,73.6883708741822,915,0.0,253,8784,0.36304748590288205,0.0,1.0
17,3,RT42,True,0.9622489487494236,1.0060613091724517,-0.04150677589709793,0.8832563430649109,0.21756748562485084,-1.4191535168948177,uttarakhand,3,RT42,20.400846483105184,1568.8960676595116,0.4494597955575568,1824,1837.61344324178,2.9658007337119085e-10,1637.7450371066393,69.40266808410861,33.18928303850052,33.20246914060235,0.00036598559461960284,1.6891347380088313,76.5056528342126,76.45203939135308,7263,0.0,282,8784,0.37162110235869555,0.0,1.0
18,3,RT42,True,0.9664523292750472,0.9930619585030483,-0.10294223831067495,1.0014764883395466,-0.07156211359029618,1.2810751860046028,uttarakhand,3,RT42,23.101075186004604,1524.8978479007367,0.41314667541672423,1625,2018.3864010004067,2.990512792811699e-10,1595.686118186579,71.2510455100361,31.13906687615774,31.149976738204046,0.00330830705575793,1.6891347380088313,73.6143861884378,73.42703589472222,1320,0.0,266,8784,0.38332905132137896,0.0,1.0
19,3,RT42,True,0.9003693915488882,0.9668283329573525,-0.42129706680946616,0.953104706932316,0.07135559113997414,-1.9682514389947352,uttarakhand,3,RT42,19.851748561005266,1539.858490203426,0.40921841777479906,1447,2167.348521916482,2.972487778324774e-10,1601.119980941751,61.85858965697969,29.506878028380175,29.520704193251646,0.0006610258418448477,1.6891347380088313,74.33857686755343,74.29299834945746,3906,0.0,257,8784,0.3273319967198135,0.0,1.0
20,3,RT42,True,1.072382604496442,0.9925676316731843,-0.3169366324739876,1.1046743062221474,0.21756333654972293,0.04534344856649808,uttarakhand,3,RT42,21.8653434485665,1573.6425642134855,0.3865299781847784,1422,2434.267378723543,2.969872972418882e-10,1637.9960427143503,64.90214631258638,32.908354088958134,32.920507975070535,0.0038684129588384963,1.6891347380088313,73.65914699604734,73.60352425003387,3172,0.0,257,8784,0.32975135442386366,0.0,1.0
21,3,RT42,True,0.9095311473666938,0.9868019339934438,-0.05596071496077685,0.9998279225254065,-0.07322470967974049,-0.2585982193724159,uttarakhand,3,RT42,21.561401780627584,1550.9190197999583,0.40378341287282393,1398,2164.395211367135,3.013520941504595e-10,1614.6013842085856,64.20449441791267,29.226479070846406,29.238764833391873,0.0017879814413339673,1.6891347380088313,72.55488890655631,72.36474324835324,714,0.0,250,8784,0.35760909263806995,0.0,1.0
22,3,RT42,True,1.089053660474335,0.9625158276679381,-0.33879269667854905,0.8716027988385069,-0.3987418243026173,1.0635105863603185,uttarakhand,3,RT42,22.88351058636032,1443.649560223067,0.44230376453316456,1787,1682.8633648965922,2.965747151624085e-10,1519.0786891878922,75.85962719826344,33.83916161687428,33.850180355527165,0.0009147439415387718,1.6891347380088313,72.48492162100018,72.48465103311652,1640,0.0,264,8784,0.3960384029522593,0.0,1.0
23,3,RT42,True,0.9620031728339836,1.0150032993049733,1.0130845824891967,0.8768571593552804,-0.328681242350528,-0.9533293663863152,uttarakhand,3,RT42,20.866670633613687,1592.368159117715,0.450206977933824,1894,1793.1526315301423,3.0202401353706347e-10,1657.6887776087126,65.84350199522748,32.26925397519337,32.28199570293873,0.00012517221127461342,1.6891347380088313,75.57825910491349,75.56514828657606,2360,0.0,271,8784,0.3977701032691731,0.0,1.0
24,3,RT42,True,1.0615825554312908,1.017750195707372,-0.24491623352199438,0.8174278623717796,0.37554458831834714,1.406215630654612,uttarakhand,3,RT42,23.22621563065461,1496.928243342692,0.4933197076114164,2328,1415.7685932951333,2.916783839384127e-10,1583.633952324814,87.10741473719266,37.742284877623,37.75287100818498,0.0007094198515002928,1.6891347380088313,81.47137219671922,81.4223145481121,12223,0.0,309,8784,0.4303052423424445,0.0,1.0
25,3,RT42,True,1.042936779069371,0.9908337258431722,-0.6024061719570272,1.156254622117983,0.35488732761561803,1.9439447652191166,uttarakhand,3,RT42,23.763944765219115,1533.0991991799635,0.3837713162745321,1497,2386.673392068392,2.945225211825732e-10,1604.8188964703588,72.27208374844766,32.613116770389034,32.623584969477406,0.010536258608486462,1.6891347380088313,74.24670047004946,74.19604006810971,3501,0.0,266,8784,0.34828289357040404,0.0,1.0
26,3,RT42,True,1.0345289411736234,1.0207140989558123,0.9842291382800084,1.1186621621961883,0.20193965480459597,-1.5284023220188079,uttarakhand,3,RT42,20.291597677981194,1682.6674132321946,0.38737283598265093,1409,2599.40265567734,3.0047120461967475e-10,1735.9398161470297,53.85991784849563,32.77248525555662,32.785978911861335,0.001222867275553997,1.6891347380088313,73.3978690487395,73.34480408193687,3737,0.0,254,8784,0.32298174064774565,0.0,1.0
27,3,RT42,True,0.9652052883813241,1.0194290113997153,-0.7809576661958538,0.9204164751597952,-0.17424016449808122,0.47578729811536036,uttarakhand,3,RT42,22.29578729811536,1539.6180825815093,0.4356640674103889,1805,1837.2445329726604,2.979517748303247e-10,1615.9401745863054,76.79238451952766,31.81313903398997,31.824733900757256,0.0011636842470949178,1.6891347380088313,75.36395875718134,75.33852361061429,2018,0.0,269,8784,0.39480067359992915,0.0,1.0
28,3,RT42,True,0.9907483423314896,1.0185538937503034,0.5988456628734072,0.8703576175168678,-0.16251359460581238,1.2250468075417613,uttarakhand,3,RT42,23.045046807541762,1538.3625389913418,0.4628243727395923,2113,1608.9838305113528,2.97958204680903e-10,1615.1576869967853,77.20714220138555,33.770376115271404,33.78119235134892,0.0004761691929035293,1.6891347380088313,76.10010949985738,75.94765940417156,3819,0.0,284,8784,0.43039721308660617,0.0,1.0
29,3,RT42,True,1.0842541635185936,0.9977747738613032,0.3082523748100558,0.9230185546203696,0.45287631033996756,1.7943155200584031,uttarakhand,3,RT42,23.614315520058405,1507.6644312745775,0.45552370780189044,2037,1692.9995154832848,2.937605838877014e-10,1585.7536488981445,78.49344289825683,36.95977141557531,36.97016809220888,0.0015923795885435061,1.6891347380088313,78.41012864311743,78.36013337599067,8092,0.0,299,8784,0.4061190152276257,0.0,1.0
30,3,RT42,True,1.0931680306019744,0.989173719577155,-0.5619767762869922,1.0977738430029902,0.1629711470372649,0.6973268778072943,uttarakhand,3,RT42,22.517326877807296,1548.1425878132338,0.3904062621382244,1460,2348.0720081841646,2.961482017399574e-10,1616.4470249944243,68.83542062442622,33.60273442817278,33.614309484268,0.004991430350658612,1.6891347380088313,74.24106474209228,74.18556639238977,3707,0.0,261,8784,0.3385072740411931,0.0,1.0
31,3,RT42,True,0.9210374645842104,0.998993747065505,0.10515782456882536,0.8130493188650028,-0.1582152721087997,-1.9771830799019683,uttarakhand,3,RT42,19.84281692009803,1549.8583729191555,0.45898416663421215,1861,1693.6228387041353,3.0012506432958145e-10,1617.6880666502323,68.40306540412762,30.916520991062608,30.930119064590972,4.218080285348225e-05,1.6891347380088313,74.86128388685553,74.77033646703414,2342,0.0,264,8784,0.3882547800012174,0.0,1.0
32,3,RT42,True,0.9946192470952677,0.9914555635280061,-0.15918107163531214,1.116270988810362,-0.34803776671966835,-0.7462365026020485,uttarakhand,3,RT42,21.07376349739795,1597.5654617209543,0.3720048859750321,1058,2588.9096762000445,3.0474384033646793e-10,1654.723942732342,57.755812647715665,29.84266761986173,29.855484473897192,0.004347436820548802,1.6891347380088313,71.75402353074895,71.52095579115287,390,0.0,231,8784,0.3234153934737969,0.0,1.0
33,3,RT42,True,1.069064854691779,0.9755139412063457,-0.5115456697166687,1.0466749475606223,-0.4584358819777722,0.9666287483086755,uttarakhand,3,RT42,22.786628748308676,1509.2189989036854,0.392838943331711,1331,2207.990229424177,2.9987108523135135e-10,1576.9591175834926,68.25449283312044,31.997797898977495,32.00902738647859,0.005393269050417055,1.6891347380088313,72.27163499110615,72.0492115774589,654,0.0,248,8784,0.3564818666588603,0.0,1.0
34,3,RT42,True,0.9896476139921044,0.9680427709822297,-0.12391665353333775,0.8579070335495675,0.44653152266099827,-1.6754632718750972,uttarakhand,3,RT42,20.144536728124905,1511.7692533023867,0.4449332628428613,1683,1815.132400017476,2.963485987499565e-10,1578.3895150371377,67.1852659844098,32.85012099958454,32.86351373062599,0.00030214366591000926,1.6891347380088313,76.79140062203086,76.73832113144897,6324,0.0,271,8784,0.3569796219246547,0.0,1.0
35,3,RT42,True,0.9698572956173677,0.9882668987841738,-0.6264094917547094,1.0103359319089908,-0.07416659090581545,0.1905934909778786,uttarakhand,3,RT42,22.01059349097788,1532.693370592962,0.40098920570386376,1393,2162.684662366151,3.007348284938639e-10,1600.271726610982,68.09576485781135,30.360092494023075,30.372000541915913,0.002937879442773394,1.6891347380088313,72.355495250345,72.16842012551541,756,0.0,251,8784,0.35893890399127654,0.0,1.0
36,3,RT42,True,0.9698181135511844,1.020839334156121,0.6214133694228405,0.9392829377846872,-0.38569185772301284,-1.424940347628647,uttarakhand,3,RT42,20.39505965237135,1621.2949710996968,0.4273860826388497,1621,2032.9260754132085,3.039711866239505e-10,1682.926805489958,62.18807266706025,31.70311948126924,31.716363823537094,0.00029750521129290764,1.6891347380088313,75.07824138055662,74.93742587416003,1630,0.0,263,8784,0.3746511478447244,0.0,1.0
37,3,RT42,True,0.9533195219117663,0.9669151530467872,-0.34899323047350866,0.9905044609310362,0.2800259375600259,0.3339020886206705,uttarakhand,3,RT42,22.153902088620672,1502.2772817026232,0.4122857291545602,1572,2069.5984067374175,2.9515478982384196e-10,1571.268631282738,69.49085539592899,31.17411453791633,31.18593682896124,0.0021760707781610803,1.6891347380088313,75.28391866368385,75.23137902162759,4687,0.0,269,8784,0.3520840019550172,0.0,1.0
38,3,RT42,True,0.9036327447018482,1.0183275112770604,0.6424072834105975,1.1446129036773875,-0.4500414120367604,1.3683240692837746,uttarakhand,3,RT42,23.188324069283773,1610.974264184797,0.386452130180151,1395,2403.9759304917407,3.0393582244574625e-10,1674.3297293293183,63.89167617345451,29.772409799753216,29.783285422061443,0.007664217584770518,1.6891347380088313,73.59230841901379,73.34583203065466,1072,0.0,263,8784,0.36804143199178907,0.0,1.0
39,3,RT42,True,0.9129105357363025,0.9767129040134702,-0.09784897506051873,0.8088160103056821,-0.21639267866632939,-0.39239554611467575,uttarakhand,3,RT42,21.427604453885323,1478.5727579995923,0.46148142979529483,1919,1588.898446883138,2.977395897608552e-10,1552.1600814697424,74.07774505909539,30.73027715937021,30.742477822972397,0.00014630446166889686,1.6891347380088313,74.19595897210753,74.11275764937253,2327,0.0,273,8784,0.4015717928619965,0.0,1.0
40,3,RT42,True,1.01917156061984,1.0229216900538165,0.9620886304611016,0.9737179747646612,-0.25077447721826795,0.7321009168990291,uttarakhand,3,RT42,22.55210091689903,1596.73875844559,0.4310452505273833,1842,1941.418152028034,3.0160178668170783e-10,1664.3187295366702,68.03462634619228,33.42632152153008,33.43765511081689,0.0011490567629182707,1.6891347380088313,75.22648645504329,75.06558393874337,2000,0.0,271,8784,0.4002425269208456,0.0,1.0
41,3,RT42,True,0.9324594836154647,0.9933654342121877,-0.4919773554556852,1.072142239643541,-0.18320952823087067,1.607088792317224,uttarakhand,3,RT42,23.427088792317225,1527.4650999376877,0.3941075752428259,1427,2203.8707901270195,3.0024615984907364e-10,1598.0742378685102,71.1239623735198,29.832628865198597,29.843288296199972,0.007509235714182135,1.6891347380088313,73.00236718402893,72.78336500864815,970,0.0,262,8784,0.3700486072234837,0.0,1.0
42,3,RT42,True,1.0945794391538095,1.0010506880756922,-0.8336495234857073,1.049844502369374,-0.2051976965300567,1.3090551796164145,uttarakhand,3,RT42,23.129055179616415,1531.6584595242302,0.3992999241155476,1463,2163.5386881661475,2.989248255529167e-10,1603.9482279809806,72.80409132691081,33.20287529789048,33.21381359541298,0.00639588135969419,1.6891347380088313,72.60924049651737,72.35452580601856,892,0.0,255,8784,0.36995340317894837,0.0,1.0
43,3,RT42,True,0.9146892099265839,1.0043732443338236,-0.8098110056995893,1.1811502078415097,-0.23787331352803198,-1.173566942418419,uttarakhand,3,RT42,20.646433057581582,1623.6331898060705,0.35451369626359874,902,2857.2754414686337,3.0620020149500664e-10,1679.8608631658708,56.9008651479469,27.79845817950543,27.811684103211718,0.007324306665552571,1.6891347380088313,71.1016303296296,70.82929362061303,308,0.0,221,8784,0.30157707376311854,0.0,1.0
44,3,RT42,True,0.9199822727965158,0.9789154533757537,-0.1891119029850501,1.0859076667367558,0.27310694204401487,1.4508375793747041,uttarakhand,3,RT42,23.270837579374703,1519.4590259404788,0.3967003979047342,1557,2235.683654338265,2.9452573610784666e-10,1589.1877332916663,70.22316034677972,30.3632879950207,30.374156266291777,0.0054699742121680816,1.6891347380088313,74.1284910522218,74.07826387269554,3930,0.0,270,8784,0.3552216694423954,0.0,1.0
45,3,RT42,True,0.9632715422822011,1.0056608449184257,0.9382012236811339,0.9179875049029576,0.11130392732951278,0.7297312618374656,uttarakhand,3,RT42,22.549731261837465,1553.4599279359584,0.45566832509553057,2012,1751.2415010632837,2.955416525010046e-10,1625.2422336752545,72.22875071878069,34.16214889280818,34.17345691973561,0.0007640062277467756,1.6891347380088313,78.49303806780867,78.44054738307092,8115,0.0,294,8784,0.4005922999688224,0.0,1.0
46,3,RT42,True,1.0732363322298901,0.993663491562185,-0.8734654228238358,0.823370142553555,0.34493859480590916,-0.12209529983261058,uttarakhand,3,RT42,21.69790470016739,1484.3734727476565,0.47060984806770967,2013,1575.0292543143796,2.922795749685439e-10,1564.805866543894,80.9168704583784,36.221744915037974,36.233736210721354,0.0005714917878293835,1.6891347380088313,79.72748535043164,79.67672207445037,8393,0.0,287,8784,0.39134675260873675,0.0,1.0
47,3,RT42,True,0.9460238834612408,0.9888578841547786,0.21110741621006393,0.9841587049478574,-0.3176497485626929,-1.9132465709497901,uttarakhand,3,RT42,19.90675342905021,1592.5765205411312,0.40162934656973215,1286,2262.577848442781,3.0526680151772974e-10,1649.0056975935197,57.02118858636061,29.636986154878254,29.65074715966384,0.0005746902578558688,1.6891347380088313,72.37930670764813,72.2203948250872,632,0.0,242,8784,0.34032816535523674,0.0,1.0
48,3,RT42,True,0.9584192497314133,1.0136866729321627,0.6056345940411302,0.9817021470438013,0.39227568761576437,1.175591659591178,uttarakhand,3,RT42,22.995591659591177,1567.796821021534,0.43891531103847115,1918,1899.0740016980749,2.949811838579491e-10,1640.2837280001227,72.92881599574432,33.60311686297911,33.61411702184305,0.0016122011225886722,1.6891347380088313,77.96587331311768,77.91413073044333,7524,0.0,291,8784,0.3939452726908367,0.0,1.0
49,3,RT42,True,1.028571916408722,1.0111824618584084,0.0038516402812606987,1.122195501318818,-0.34970659428225015,-0.36686654561100296,uttarakhand,3,RT42,21.453133454388997,1623.11432452541,0.3784347057415067,1183,2542.21799567055,3.0556257464489433e-10,1682.2378977912779,59.70629530733141,31.253617939716136,31.266071561305527,0.004714704091662155,1.6891347380088313,72.85945723642608,72.61933140967975,670,0.0,239,8784,0.33619270501318965,0.0,1.0
50,3,RT42,True,0.9132831748632704,1.0361750959617857,0.8055231013160054,1.1558727682895846,0.25848438322348377,-0.3607184797350955,uttarakhand,3,RT42,21.459281520264906,1684.350295055506,0.38869985275387375,1500,2574.7110544501743,2.9960531807361526e-10,1743.1892708887908,59.39120963116866,30.82827882470939,30.840763972430594,0.0026927324036345574,1.6891347380088313,75.23200906290653,75.1728006788732,4320,0.0,266,8784,0.34164283056629746,0.0,1.0
51,3,RT42,True,0.9260811139274554,1.0213570923723172,-0.6789123439764866,0.9473113715277522,0.022106916324061032,-0.19358506546484122,uttarakhand,3,RT42,21.62641493453516,1568.513500467598,0.43610718416868355,1820,1935.096328195375,2.953680465350627e-10,1642.8455040269264,74.8422173133902,32.18539883189556,32.197636442068514,0.0012074761385572927,1.6891347380088313,76.83867918268602,76.78925258783022,7083,0.0,281,8784,0.37444742249252416,0.0,1.0
52,3,RT42,True,0.920273328849049,0.9848971118623173,-0.6161121574314522,1.0593947024385282,0.20382020621381036,1.634886209406067,uttarakhand,3,RT42,23.454886209406066,1507.2079609805476,0.4044299889941184,1609,2138.327754934552,2.9385810328829923e-10,1581.046834569153,74.32408301359857,30.740420618353063,30.75113080070175,0.005516796271999472,1.6891347380088313,75.02080566698959,74.97079080205566,4808,0.0,273,8784,0.3636488458652345,0.0,1.0
53,3,RT42,True,0.9757073329934008,1.0248044233464317,-0.0492050040156708,0.8349152198651598,0.4692838162858063,0.13175649912281928,uttarakhand,3,RT42,21.95175649912282,1543.6904998822645,0.4814811045815035,2192,1550.285544900757,2.944228584983908e-10,1623.6485216163028,80.42506127187332,35.328439366581605,35.34017425711945,0.0004366031891843013,1.6891347380088313,80.87269748156159,80.82474778619897,10751,0.0,302,8784,0.4141017200975756,0.0,1.0
54,3,RT42,True,0.913856353171233,1.0112481894858483,-0.90789278229281,0.9915691967960765,-0.4694192287408159,-1.2891139083942376,uttarakhand,3,RT42,20.530886091605762,1586.1445119645932,0.40290521522093525,1347,2227.5755666462496,3.0176467622993133e-10,1651.1679062759194,65.59799845472519,29.362256686889168,29.375515958263648,0.0013554706150177393,1.6891347380088313,73.44298979800723,73.3029725779796,904,0.0,247,8784,0.34840861642928345,0.0,1.0
55,3,RT42,True,1.0208579688969865,0.9824185531936963,-0.3970449310101465,0.8292390897863383,0.49329218312747913,-0.7526278693535216,uttarakhand,3,RT42,21.06737213064648,1492.6122223283196,0.463376065876268,1915,1643.7537236767473,2.9420745850364073e-10,1567.0286321491683,74.93201937841334,34.60536424839083,34.61791954077455,0.0003822502903673079,1.6891347380088313,78.94017687393585,78.89274404681166,7859,0.0,282,8784,0.3799841765288605,0.0,1.0
56,3,RT42,True,0.9694190461646153,0.9901415195891655,0.4089450466130015,1.0964352042522396,-0.0816143287909673,-0.26114856652516627,uttarakhand,3,RT42,21.558851433474835,1592.047051062516,0.3815746491848109,1189,2462.1610105833493,3.0457344929586026e-10,1649.5634658009142,58.072113351180555,30.049416660177908,30.061741721195812,0.003646087048992198,1.6891347380088313,71.61160997576076,71.3974382470028,606,0.0,240,8784,0.33946698929325386,0.0,1.0
57,3,RT42,True,0.9766726614993045,0.9948899195016181,-0.13978869794830917,0.8662662576072542,0.06078519227908763,0.5145098179136243,uttarakhand,3,RT42,22.334509817913624,1504.688351924517,0.46370435032106627,2025,1640.9415250278341,2.937123600082479e-10,1582.2606814616397,78.0285424113213,34.1202071296083,34.131683175465184,0.0007533305227929187,1.6891347380088313,78.7831020016976,78.73491734066661,8346,0.0,291,8784,0.3974864870094562,0.0,1.0
58,3,RT42,True,1.0514921482579775,0.9904747790910307,-0.06485045550230295,1.0936976182508897,-0.02863974936437641,-1.141388919304421,uttarakhand,3,RT42,20.67861108069558,1600.9887464396234,0.3756093813428465,1068,2556.4496136703156,3.055582880778058e-10,1656.8488801326134,56.456358738724866,30.859343683455865,30.872485725383008,0.0030883117923387834,1.6891347380088313,72.24455440134803,72.02816054837456,382,0.0,225,8784,0.32146814137926105,0.0,1.0
59,3,RT42,True,0.9514240310485284,1.0199470410102076,1.0575571047153103,0.9596962567855792,-0.07140088130396305,-0.5744826165046475,uttarakhand,3,RT42,21.245517383495354,1620.3557444909466,0.42795037004557224,1706,2015.4504753130211,3.0324461350733176e-10,1682.657623406261,62.816405419466385,31.610473573409244,31.62297484218728,0.0004894373500976181,1.6891347380088313,75.42315912419063,75.27773799070492,1845,0.0,266,8784,0.3843064979801717,0.0,1.0
60,3,RT42,True,0.9023793759055857,0.9658379778736673,-0.39987595918356683,1.1014525860142643,0.1255170667241272,1.589996638080215,uttarakhand,3,RT42,23.409996638080216,1496.4889609653617,0.38851721433124575,1481,2286.4804788493752,2.947154167002433e-10,1566.2345670911466,70.25997867970104,29.562421426999258,29.573198895367014,0.0071735809919362716,1.6891347380088313,73.10043933276235,73.04983215183199,3188,0.0,269,8784,0.3475801688022122,0.0,1.0
61,3,RT42,True,1.0652390342087739,0.9982055965023576,-0.14485555374373546,0.9345692413260761,-0.20888560371661058,0.9085390769170889,uttarakhand,3,RT42,22.728539076917087,1520.4312447156037,0.4319822000311503,1772,1848.3358865990804,2.9882730615229933e-10,1593.5404577133158,73.55938629681083,33.65395739843161,33.66515380831597,0.001433278843403862,1.6891347380088313,73.91770104466778,73.81272534878849,1738,0.0,268,8784,0.39362863746722315,0.0,1.0
62,3,RT42,True,0.9037708695617208,1.0246830123555455,1.0069406091669255,0.9011915836309677,-0.47149408716399077,-0.17067237546301195,uttarakhand,3,RT42,21.649327624536987,1596.8381323700667,0.4485201437878801,1939,1798.9090530989947,3.008055568503286e-10,1664.6789726189966,68.32605305123563,31.344667137961714,31.356749586325165,0.00025751580884745504,1.6891347380088313,75.84944928694043,75.82776013239045,2600,0.0,275,8784,0.40625149240312264,0.0,1.0
63,3,RT42,True,0.9696491973564115,1.0335059961501494,0.4559064343773684,0.928864084360416,-0.43321707615119043,1.7195523578944556,uttarakhand,3,RT42,23.539552357894458,1563.3374905957075,0.44944106720303656,2068,1727.635957637104,2.983247061645165e-10,1640.3527583037583,77.41538178663642,33.2789788757796,33.289400082037695,0.0012009284202628041,1.6891347380088313,74.83138209698558,74.69337675416322,3121,0.0,282,8784,0.4275348007363184,0.0,1.0
64,3,RT42,True,0.9655300873348373,0.9858998178985883,0.037864873839350555,1.1653190419942234,-0.4528076844222495,1.6885438648029538,uttarakhand,3,RT42,23.508543864802952,1547.6701754331375,0.3728736802276793,1212,2471.751264275381,3.025051806895648e-10,1612.0741297108675,64.99543994457758,30.036548452226498,30.04714681810258,0.012429155650595729,1.6891347380088313,71.99324397864517,71.75814489351288,686,0.0,250,8784,0.35196566312862504,0.0,1.0
65,3,RT42,True,0.9346287063083575,0.9789394395632471,-0.35011727275908744,0.8483151808297026,-0.46862853547966765,0.4838126971853378,uttarakhand,3,RT42,22.30381269718534,1473.0279966902629,0.4516825464792278,1895,1644.7820583661576,2.9664651516063143e-10,1548.9419910742324,76.36678818030755,31.15578688961122,31.16728395855921,0.00046901610385538745,1.6891347380088313,73.65550307625543,73.61569243588781,1920,0.0,273,8784,0.40357697765017503,0.0,1.0
66,3,RT42,True,0.9857450107522047,1.0038721843000487,-0.7734284835373508,0.8362914052618062,0.1931124043190987,0.6853442503685554,uttarakhand,3,RT42,22.505344250368555,1490.4554045525124,0.4749180248100727,2136,1541.4594107016092,2.918648496055081e-10,1574.0747398526041,84.06639924812129,34.895970093638134,34.90728497559142,0.0007939528588711263,1.6891347380088313,80.4767117929548,80.4324203809029,9374,0.0,298,8784,0.4080833235005034,0.0,1.0
67,3,RT42,True,1.0914335266830244,0.9551586052685765,-0.32337321591594115,0.8263732851566254,-0.2633994107555908,0.742108935040164,uttarakhand,3,RT42,22.562108935040165,1427.1971911219775,0.4546885465699928,1864,1578.5948414579761,2.960485390558197e-10,1503.475029484401,76.71488345165102,34.14772100750732,34.158963127379934,0.000459928700807499,1.6891347380088313,73.81504413840698,73.79076469443112,1788,0.0,268,8784,0.40230695498151814,0.0,1.0
68,3,RT42,True,1.0487060279268388,1.007333890443319,-0.6821989637063067,1.1006061336531356,-0.4930480289124607,0.6586250277668135,uttarakhand,3,RT42,22.478625027766814,1570.8382974084136,0.38491711905714354,1297,2378.6730906400758,3.014410404169779e-10,1637.8482397318398,67.57321403485506,31.83504725945512,31.846582883558092,0.007046769391657928,1.6891347380088313,73.88992184303245,73.62141862933936,737,0.0,244,8784,0.35120636097858093,0.0,1.0
69,3,RT42,True,0.9895622434560425,0.9856601699824336,-0.3068197259298706,1.1260527737834458,0.08359461035763605,-0.5997236580655336,uttarakhand,3,RT42,21.220276341934465,1583.7247419456608,0.375204521773593,1317,2585.1295106725074,2.982539778080273e-10,1643.9288373643558,60.78371810068115,30.623763278913255,30.636502326250707,0.003583708285172578,1.6891347380088313,72.34675858914709,72.29537199801197,2272,0.0,247,8784,0.3138707102761096,0.0,1.0
70,3,RT42,True,0.9469810338393808,1.000227290378757,0.33371380089143227,1.0108743205131174,-0.4285810366022459,-1.9730369682279405,uttarakhand,3,RT42,19.84696303177206,1621.2206299603574,0.39745703226121654,1254,2344.8513160816315,3.0666207909568083e-10,1676.4271217943142,55.80474804663721,29.914021265600407,29.927843519870354,0.0007193673437809529,1.6891347380088313,72.38804478914591,72.18975698021667,725,0.0,239,8784,0.33805396976716834,0.0,1.0
71,3,RT42,True,0.9373804974035935,0.9920351709166109,-0.5903681948557792,1.0541623505946862,-0.3125323349396293,-0.5105031724273088,uttarakhand,3,RT42,21.30949682757269,1566.5785956239627,0.3867535132747496,1226,2367.989642390408,3.035275269332622e-10,1629.2682506449526,63.25582442159059,29.23295048647886,29.245530349230396,0.0033803481669996784,1.6891347380088313,71.8648844926519,71.62480767075557,557,0.0,243,8784,0.33921723249295044,0.0,1.0
72,3,RT42,True,1.0560044262630985,0.988822119524083,0.08300100826345812,1.1790660974014235,0.46729147745864197,-1.4460505887719663,uttarakhand,3,RT42,20.373949411228033,1629.6352643645316,0.3602233024209395,1164,2853.24715713398,2.996996225489068e-10,1682.653947592825,53.637026282595535,31.262921701308944,31.27641800107981,0.00308013981833148,1.6891347380088313,70.93796452591991,70.88517594286829,1473,0.0,242,8784,0.2928110150094487,0.0,1.0
73,3,RT42,True,1.0565050910005487,0.991027355363346,-0.5285475058267423,0.9057523656946744,-0.25036464016435866,0.7414945669696786,uttarakhand,3,RT42,22.561494566969678,1498.571989878297,0.43658310791981636,1776,1787.7173531453568,2.974331002161146e-10,1573.7895932399792,75.67007400630114,33.44572375029869,33.45703839197996,0.0011422765229933648,1.6891347380088313,73.17721562658372,73.03064905752058,1734,0.0,265,8784,0.3943262824966523,0.0,1.0
74,3,RT42,True,0.9802322867153624,1.005640313500403,-0.4881061766361071,0.9384752113788573,-0.10218228687910846,-0.36314568582279483,uttarakhand,3,RT42,21.456854314177207,1554.2269141281267,0.4244814643342444,1619,1968.262502485413,3.0016042850785435e-10,1623.9269061998739,70.21283614793329,31.52643203805833,31.538786646554893,0.0009497128640615379,1.6891347380088313,73.94166695453555,73.76856055670049,1506,0.0,264,8784,0.3768207328358697,0.0,1.0
75,3,RT42,True,0.9471828066069558,1.021371192025933,0.6568269848378303,0.8305808398490454,0.4331067122996609,0.37289420308628607,uttarakhand,3,RT42,22.192894203086286,1548.3111050599994,0.48730053629071957,2268,1511.8183910364976,2.9480972117552905e-10,1626.4449567369636,78.5821285504083,34.99158634716218,35.00304115978615,0.0003293894134715339,1.6891347380088313,81.28255112989933,81.23561018769391,11599,0.0,312,8784,0.422725772428082,0.0,1.0
76,3,RT42,True,1.0069543951108315,0.9950173022895884,-0.6060802165473832,0.8276802329361406,-0.18100065590458725,-0.9337830246452947,uttarakhand,3,RT42,20.886216975354706,1511.3809379958402,0.4545006678330695,1849,1678.2417112410126,2.9821861362978784e-10,1585.001982797453,74.14554104681541,32.56387492899176,32.576629156250576,0.0001774519369648183,1.6891347380088313,73.60961761965281,73.59605652119211,2120,0.0,264,8784,0.39157830609367655,0.0,1.0
77,3,RT42,True,1.065820128944631,1.0115865691019696,0.08753767229922463,0.9627460361711175,-0.47098799540572234,-1.5985870247282032,uttarakhand,3,RT42,20.221412975271797,1608.865448299929,0.4150896377297677,1465,2140.938563146381,3.0367005528800416e-10,1669.9893495468666,61.696996670296876,32.82444230908531,32.837908029145154,0.0005048984591666482,1.6891347380088313,72.92022355894939,72.76900106603533,1084,0.0,246,8784,0.3575662478529192,0.0,1.0
78,3,RT42,True,1.0507587686737114,1.014480294725617,1.0102719725837181,1.0368638846619351,0.20063573319060113,1.3886634112585279,uttarakhand,3,RT42,23.208663411258527,1586.3253518918941,0.42623657134415915,1830,2034.9233479888435,2.9630037487060343e-10,1655.2433265313687,69.36095667346125,35.36707259768396,35.37792067350432,0.0022184596269564185,1.6891347380088313,77.58422731446223,77.52975432798776,6618,0.0,284,8784,0.385167728993182,0.0,1.0
79,3,RT42,True,1.0915336255684036,0.9560846463355803,-0.31185344137325066,0.9730608766586553,-0.09342780407362594,0.8355564778174736,uttarakhand,3,RT42,22.655556477817473,1471.0611572667435,0.40862025210621533,1441,2008.9753694997219,2.9893232704526475e-10,1539.5286493451736,68.94294141944991,32.55539171044978,32.56669642400363,0.0026997414278110347,1.6891347380088313,71.36736254280088,71.21627947712555,646,0.0,250,8784,0.3659474069673626,0.0,1.0
80,3,RT42,True,0.9017420146869731,0.991015551444114,-0.5287827265055651,1.0437413391914658,0.4946513645534939,0.7092515258897456,uttarakhand,3,RT42,22.529251525889745,1536.704694982638,0.40537505797620577,1585,2176.7350115311992,2.9486651818907907e-10,1607.3970672040568,71.19514124548846,30.304558963405526,30.316079877894722,0.0034688279230952507,1.6891347380088313,75.24361880833672,75.19241480213171,4649,0.0,269,8784,0.35557806429829536,0.0,1.0
81,3,RT42,True,1.0233497759443517,0.9868456802595912,-0.09082917987657008,0.9001112019718766,-0.18355365573066584,-0.08612846237323835,uttarakhand,3,RT42,21.73387153762676,1518.9352135735205,0.43492306296352046,1704,1835.5623484021498,2.9926989420120175e-10,1588.9015038109126,70.45491449519848,32.52555170739616,32.537604614678976,0.0005953661779956739,1.6891347380088313,73.82875406724419,73.81558529383835,1604,0.0,262,8784,0.3853246282540562,0.0,1.0
82,3,RT42,True,1.0480748035652678,0.9942314032721528,0.03765207005640116,0.9458210887800582,0.05292248458871862,0.5580993131567262,uttarakhand,3,RT42,22.378099313156728,1531.919853079651,0.43797859533114103,1835,1874.625291515154,2.945353808837413e-10,1604.4658079250937,73.01523653708766,34.943094751153176,34.954637142176814,0.0013066771635475997,1.6891347380088313,77.33818823352266,77.28784674608683,6949,0.0,281,8784,0.3788028849167234,0.0,1.0
83,3,RT42,True,1.0155800951198528,0.999449726211564,0.0886923350418684,0.8579550516397298,-0.40798090303374557,-1.2654257763609582,uttarakhand,3,RT42,20.554574223639044,1550.111796830714,0.4466895865572018,1774,1784.638597104308,3.0056550909499444e-10,1617.8810967353684,68.31218415374117,32.671552690825045,32.68461502133122,0.00016005899027349973,1.6891347380088313,74.75554867388361,74.60637457640973,1885,0.0,263,8784,0.3849348572052883,0.0,1.0
84,3,RT42,True,0.972292134932778,1.0000344828229142,0.14541263601785456,1.1149777381929713,0.2360246250126058,-1.0977491182869565,uttarakhand,3,RT42,20.722250881713045,1624.9440024013222,0.3815867517532153,1363,2577.3994381267207,2.9949601061357845e-10,1682.5707206512966,58.20890781720516,30.755243949748184,30.768390025384413,0.002193045329525878,1.6891347380088313,72.7778377009963,72.72203204011836,2796,0.0,251,8784,0.31829934419970846,0.0,1.0
85,3,RT42,True,0.9422815358856723,1.027036644432857,-0.17813728454108269,1.1444998645671063,0.3710398003405446,-0.5834664939107168,uttarakhand,3,RT42,21.236533506089284,1650.7082025546188,0.38297130245779043,1415,2593.3515744672422,2.984093658639442e-10,1712.6115456853304,62.48169161402712,30.60782127623705,30.62053284788514,0.00346318289280966,1.6891347380088313,72.84342199505217,72.78859594219722,3523,0.0,257,8784,0.3289644459726309,0.0,1.0
86,3,RT42,True,1.0022599538173715,1.0079389139620574,0.665108702293887,1.1556201077996429,-0.01985773361779153,-1.2467486937253685,uttarakhand,3,RT42,20.57325130627463,1658.7521553421464,0.36754676825026367,1015,2745.9008390383165,3.080059178689316e-10,1709.512562743614,51.37267348088506,30.323171508063464,30.336420582683445,0.0035541777628984206,1.6891347380088313,70.92651526373822,70.6794494172173,418,0.0,230,8784,0.31896399584133933,0.0,1.0
87,3,RT42,True,0.9604100493655034,1.0116918430527557,-0.40805199215239063,1.0873179413903058,-0.3359633275028129,-1.5558244322916317,uttarakhand,3,RT42,20.264175567708367,1632.7031665801433,0.37900143924109075,1117,2563.4579339697366,3.0603195373790783e-10,1690.0083914461172,57.91651544801577,29.642158855392925,29.655671067059913,0.002593592421854071,1.6891347380088313,72.01002979484879,71.74451891159107,570,0.0,234,8784,0.3240845544830385,0.0,1.0
88,3,RT42,True,0.9365667059367668,0.9630830551036283,-0.3507039548084319,1.0274613982670882,0.1456684938221796,-1.7599674693047396,uttarakhand,3,RT42,20.06003253069526,1551.9964425563176,0.38756979706170447,1314,2405.318005797603,2.9807930020031213e-10,1609.9346115279457,58.53802586218585,29.49392334050796,29.50763414173274,0.0012617785170047624,1.6891347380088313,72.66483708161495,72.61033436512471,2434,0.0,247,8784,0.31007596516592717,0.0,1.0
89,3,RT42,True,1.0129208339509785,1.000096034414258,-0.8000590511139889,1.143529491690019,-0.4056970596360938,-0.7652855621127874,uttarakhand,3,RT42,21.054714437887213,1601.0278631668593,0.3644788080492529,1016,2685.6802683806422,3.047095477999799e-10,1660.2057024073176,59.81368720328029,29.794973110110146,29.807803875495605,0.00660229334991449,1.6891347380088313,71.59519163413651,71.36448653778467,344,0.0,225,8784,0.3144477113240717,0.0,1.0
90,3,RT42,True,0.9286449620685004,1.0091629555113506,0.01950138365785302,0.8918678736146021,0.024675861447920555,1.987333978961907,uttarakhand,3,RT42,23.807333978961907,1503.9085671826758,0.4687735626764399,2191,1584.3786051755733,2.925249809327029e-10,1586.7517449356587,83.23340719065789,33.86861993578746,33.87882537741305,0.0014383014851941933,1.6891347380088313,79.76927235865342,79.72198024950612,9486,0.0,309,8784,0.422496235719244,0.0,1.0
91,3,RT42,True,0.9176849872321693,1.0028274323965207,-0.13644832421677255,1.04156368841514,-0.08529636942795549,1.2631512272135073,uttarakhand,3,RT42,23.083151227213506,1546.9705844883588,0.4041802959298645,1543,2132.6715241198417,3.0016150014963696e-10,1616.5843145386768,70.10217353299431,30.05901774581949,30.069970724889732,0.004691345315214694,1.6891347380088313,73.25382553973118,73.04348775431646,1146,0.0,265,8784,0.37755626064755715,0.0,1.0
92,3,RT42,True,1.0387253085832207,1.0148118795869498,0.5001228820394408,0.9983717439602455,0.411285690373033,-0.055962628636990974,uttarakhand,3,RT42,21.76403737136301,1600.8083708466204,0.42625914214571614,1748,2064.950860588486,2.9698408231660597e-10,1667.7314160059248,67.4258483052415,34.57003131270552,34.58215694169532,0.001151110231090793,1.6891347380088313,76.4704837681329,76.41434518112601,6372,0.0,277,8784,0.3682880698678775,0.0,1.0
93,3,RT42,True,1.0618316709229678,0.9944025924365013,-0.42388492812798156,1.0196169458059336,-0.0827219371521275,0.7869329563059528,uttarakhand,3,RT42,22.606932956305954,1537.8058738923255,0.40492646643396746,1476,2122.0098894454154,3.001400673143394e-10,1607.1710696348903,69.86181911885804,32.68032321908636,32.69170949673708,0.003593937685938068,1.6891347380088313,72.15306802909329,71.94592896053803,1032,0.0,254,8784,0.36943542087893316,0.0,1.0
94,3,RT42,True,1.0928925940612506,0.9762634262553435,-0.5048356548613278,1.0865654292736289,-0.23089983170023198,-1.980497240421644,uttarakhand,3,RT42,19.839502759578355,1588.6545234849098,0.36759415695663533,927,2645.9968185240837,3.0615197761557227e-10,1642.178709804402,54.15807218020761,30.59768586126842,30.61160316257795,0.0025514707152765733,1.6891347380088313,70.92301237615594,70.77185627320335,243,0.0,213,8784,0.3010626714304526,0.0,1.0
95,3,RT42,True,1.09005332269488,1.0173630076971742,-0.7661446119857491,0.8996700893803101,-0.00616316604169409,-0.04654242142279097,uttarakhand,3,RT42,21.773457578577208,1543.9760602148185,0.4400421599099308,1808,1815.4962579289117,2.9870728227461524e-10,1619.114378854381,75.62785204542928,34.394181349689816,34.406214166848265,0.0007122059599621467,1.6891347380088313,73.04416183918765,72.86452962641353,1772,0.0,265,8784,0.39170697205235416,0.0,1.0
96,3,RT42,True,0.9945783898125076,0.9970833136140295,-0.10009797170890493,1.1922480085856795,0.31597297573051875,-1.6729708365475142,uttarakhand,3,RT42,20.147029163452487,1644.7471895589108,0.3570626138603673,1148,2921.60773741764,2.998035718000931e-10,1697.6259702370055,53.514639824758206,29.988764058243678,30.00247757632797,0.0033089652318264275,1.6891347380088313,71.45554466333165,71.40164576302051,1416,0.0,239,8784,0.28947970710721627,0.0,1.0
97,3,RT42,True,1.0753979756675736,0.9868069225883038,-0.039185985459966044,1.1430226196023427,0.0876934332972229,-1.0009850151710746,uttarakhand,3,RT42,20.819014984828925,1604.1351784459375,0.3700883623621547,1256,2682.4613168002493,2.9870192406577385e-10,1660.8000116194826,57.25834780022837,32.08751546201758,32.100598753969464,0.0031284385606905234,1.6891347380088313,71.22961711979829,71.18110661379119,2102,0.0,245,8784,0.30442158766789906,0.0,1.0
98,3,RT42,True,0.9286092323868692,0.990892119443588,-0.07267742378920586,0.9782748842219426,0.19861989075646458,0.8141711633043807,uttarakhand,3,RT42,22.63417116330438,1526.472675205569,0.42728190155029966,1762,1957.5347523467362,2.948986674420401e-10,1598.6298459552613,72.62543586105012,31.83200311060312,31.843369443748436,0.0019140591386988834,1.6891347380088313,75.80862013925577,75.75867769175188,6203,0.0,281,8784,0.3747613688800147,0.0,1.0
99,3,RT42,True,0.9193698748369741,0.9976117585112472,0.004396965305554423,0.8383334568857385,0.03176769259380563,0.6252812863826369,uttarakhand,3,RT42,22.445281286382638,1499.0456056962903,0.47541421145615603,2141,1547.1355485604631,2.925496286932964e-10,1578.4549764607914,79.85356151061045,33.434237710418635,33.44555663047473,0.0005939727892402601,1.6891347380088313,79.67708225185164,79.6269875070606,9546,0.0,301,8784,0.41055476774286115,0.0,1.0
100,3,RT42,True,0.9015499681857326,0.9901237813484667,-0.5542472482302375,0.8889922073593812,0.38643283062410116,-1.9659694761575186,uttarakhand,3,RT42,19.854030523842482,1551.139342163647,0.4367451608240305,1666,1927.2196014126557,2.9690799575123786e-10,1618.356994919674,67.80428409878475,30.898789815017338,30.912516260797506,0.0003800969304447732,1.6891347380088313,76.56880797393715,76.51926675854507,6236,0.0,270,8784,0.35231870808607874,0.0,1.0
101,3,RT42,True,0.9392086709021849,1.0063016077335492,0.14972866808124702,0.8309165135119704,-0.022325293090002196,1.3624233487534947,uttarakhand,3,RT42,23.182423348753495,1493.459945576168,0.4716671939098781,2150,1503.0850753440618,2.9640432412172844e-10,1574.1385133834324,81.07922133913614,32.521798050151574,32.53245324574937,0.0003832705890208331,1.6891347380088313,75.52094608099569,75.49223013825863,4214,0.0,286,8784,0.4344639343588627,0.0,1.0
102,3,RT42,True,1.0132367528964485,1.0067028163304623,-0.7860115651698367,1.1715409388144673,0.3523819098391441,-0.9048283698857178,uttarakhand,3,RT42,20.915171630114283,1621.1076108388154,0.36605905094421254,1245,2757.857636996517,2.9833756586568337e-10,1681.7580717832413,61.272141745239544,30.77267125899305,30.785712288134235,0.0049152270461352435,1.6891347380088313,72.44222395785904,72.38736155421559,2011,0.0,243,8784,0.30454254988480167,0.0,1.0
103,3,RT42,True,1.0963265158098177,0.9783784167705961,0.5095937738660935,0.8051686301181086,-0.37464288736387596,-1.2963643992266594,uttarakhand,3,RT42,20.52363560077334,1512.6209132342733,0.46255626961900187,1861,1628.518990221568,2.998839449325003e-10,1580.411623351034,68.3249350928293,34.60880047268156,34.62174994787678,5.0202898591014286e-05,1.6891347380088313,74.20138597113485,74.17520888584785,2335,0.0,263,8784,0.3942317137082224,0.0,1.0
104,3,RT42,True,1.0343270061713223,1.0262419811701002,0.8384304259063833,1.1867424439202243,-0.46175490554196974,0.35506488653452006,uttarakhand,3,RT42,22.17506488653452,1659.441283869544,0.37416620643787424,1221,2638.449031970184,3.066267149174998e-10,1716.3920812944089,57.52886354568982,31.968815259287755,31.980591016312093,0.006744620015405402,1.6891347380088313,72.94074360055166,72.68975005620837,787,0.0,245,8784,0.3453800353221918,0.0,1.0
105,3,RT42,True,1.0236125081166025,1.0320678906797665,0.950270277748234,1.0419191864048494,0.49197607240197316,-1.6631129767868615,uttarakhand,3,RT42,20.156887023213137,1681.2826019878016,0.41035352998054364,1572,2340.8248795613117,3.000136135860449e-10,1738.41593037896,57.71342639206523,33.609315427529005,33.62286708804746,0.0005931280091300734,1.6891347380088313,75.79719308389126,75.7423187968019,5513,0.0,267,8784,0.3433694988382153,0.0,1.0
106,3,RT42,True,0.9138122679866734,1.0144353078937656,-0.15160743189943127,0.8303084930610061,-0.11925561388896788,-0.6794252149149349,uttarakhand,3,RT42,21.140574785085064,1543.292483124998,0.46192540657329684,1979,1646.1473489846283,2.988905330163877e-10,1617.5302317338592,74.7452172576169,31.384076947541498,31.39655597208739,0.00015180676132294746,1.6891347380088313,75.78241849958916,75.73816403670584,3009,0.0,275,8784,0.4063648367071901,0.0,1.0
107,3,RT42,True,0.9150524689134667,1.0226055796599152,1.0695038814035969,0.864893708235324,0.17123588288795755,-0.220767585891966,uttarakhand,3,RT42,21.599232414108034,1583.0968290666542,0.4735050910266224,2134,1651.1481986223102,2.9632716591467785e-10,1654.8904081717678,72.27744664941815,33.789932982151164,33.801986970019264,0.00028225729157592216,1.6891347380088313,80.90978728546206,80.85815361861773,9777,0.0,304,8784,0.40909015491548884,0.0,1.0
108,3,RT42,True,1.0201341937017057,1.022067322989149,0.5314764547986148,0.9102604158220594,0.3467706518733288,0.6939938061666786,uttarakhand,3,RT42,22.513993806166678,1567.4499819856017,0.4610371452599481,2076,1721.6116593741117,2.949458196797036e-10,1642.575744168286,75.57443197549978,35.88258598900986,35.8939252037798,0.0007743456521465265,1.6891347380088313,78.98707090774764,78.93971802727545,8946,0.0,297,8784,0.405221732073232,0.0,1.0
109,3,RT42,True,1.0070639279654108,1.0093020480877168,-0.038682993673371836,0.8779065245067454,-0.0727245554384226,0.8506988452517379,uttarakhand,3,RT42,22.67069884525174,1521.9849052939821,0.4529643232602776,1983,1675.6816645201347,2.977545927455793e-10,1598.5808763179136,77.03163928074177,33.3654549644825,33.37662453893592,0.0006213321757890157,1.6891347380088313,74.76290017884203,74.7349733811244,2668,0.0,276,8784,0.41343836494108294,0.0,1.0
110,3,RT42,True,1.0447322261012628,0.9678946974845142,-0.2577651399867774,0.9072939237724434,0.03646172766998623,1.9729148039174698,uttarakhand,3,RT42,23.79291480391747,1443.8368557122737,0.44943266063684806,1941,1671.3839637271005,2.91964512289678e-10,1523.5534213912392,80.11967658789398,35.150208001529265,35.160472200622095,0.002111825472761464,1.6891347380088313,77.89553920826832,77.84749308180585,7217,0.0,287,8784,0.3968050273963638,0.0,1.0
111,3,RT42,True,0.9434932651857167,0.9814472517339834,-0.3906049755657056,0.8338783407648342,-0.00920986916741029,-0.6839941341927251,uttarakhand,3,RT42,21.136005865807274,1494.1349502496291,0.45073984124271294,1811,1687.8594617775711,2.982421897486003e-10,1566.4118645752894,72.7874374328452,31.06381621419033,31.07633321491369,0.00020672095002086273,1.6891347380088313,74.34526402222436,74.26490704855864,1979,0.0,268,8784,0.39077082164706667,0.0,1.0
112,3,RT42,True,1.0741495858634615,0.9559785008234902,-0.42775503446251173,1.0455213896946993,0.45663308431559324,1.7736500375689541,uttarakhand,3,RT42,23.593650037568956,1465.2772513656155,0.40177435200867495,1564,2108.654315436361,2.9366842269592417e-10,1537.4938541225667,72.69366646985047,33.3783220236297,33.38890755626147,0.005636508453026522,1.6891347380088313,73.06818509135098,73.02179241565692,3814,0.0,266,8784,0.353428873563988,0.0,1.0
113,3,RT42,True,0.9928081292959401,1.0228480413203784,-0.28778540669711633,0.8771735759036118,0.019895124150217547,0.031802038932768006,uttarakhand,3,RT42,21.851802038932767,1552.3850736920265,0.4636072621005971,2040,1690.9006453452525,2.9399420179243006e-10,1630.1062727892545,78.20345623931831,34.99534491942161,35.00727183438268,0.0006546260835114706,1.6891347380088313,79.1823983043104,79.12838982474767,9127,0.0,291,8784,0.3982140289080828,0.0,1.0
114,3,RT42,True,1.0702701560997703,1.0153740532100648,-0.015630186950143204,0.8508788359071979,0.11333202786483465,-1.4441637868948054,uttarakhand,3,RT42,20.375836213105195,1573.1155472677299,0.46419239635433485,1934,1724.3354524575363,2.9600781666873e-10,1644.5592185731052,71.99367994714288,36.25217875320524,36.265335486197344,0.0002444572807275691,1.6891347380088313,78.40019450461628,78.35545541601726,8486,0.0,283,8784,0.3802288873479443,0.0,1.0
115,3,RT42,True,1.0450028053467846,0.9918240692133647,-0.04732920736420671,0.859619795100196,-0.1805199669515617,1.1749884709490845,uttarakhand,3,RT42,22.994988470949085,1485.170393011923,0.45654776641559214,1995,1610.6872325568474,2.97055882314841e-10,1562.980086412168,78.22799782751117,34.12310007573484,34.13398507408269,0.0006265168150459299,1.6891347380088313,75.06745057183637,75.03393361844505,2504,0.0,276,8784,0.41654653358507027,0.0,1.0
116,3,RT42,True,1.0773543550977374,0.9885894508152261,-0.11619498693386718,0.8900066739994686,-0.3992571238444752,1.0351497551313473,uttarakhand,3,RT42,22.855149755131347,1490.5013301210406,0.4442894751945221,1867,1714.0693882458554,2.9734093902433745e-10,1565.8299647721788,75.76019069774338,34.233777706845224,34.244807434742526,0.0009148075240955891,1.6891347380088313,74.91480349840829,74.85268661686446,1918,0.0,270,8784,0.40412698513038126,0.0,1.0
117,3,RT42,True,1.0866444180895969,1.0004215653283972,-0.032470268777995165,0.9505450432600215,-0.23693706812163362,0.5450014020718421,uttarakhand,3,RT42,22.365001402071844,1539.7440646071127,0.4264876112833542,1715,1923.4195034701793,2.9968569120601006e-10,1610.1887480222574,70.91568208321473,33.948730338077056,33.96028211779783,0.0013734841342718698,1.6891347380088313,73.49805901692021,73.4858792854461,1494,0.0,265,8784,0.3864872567851339,0.0,1.0
118,3,RT42,True,0.9349072612733936,1.0218284301455027,-0.23478946760843106,0.8915403614999426,-0.11822283871266026,1.337231016359218,uttarakhand,3,RT42,23.15723101635922,1527.9013560599594,0.452805399972102,2040,1671.8957322816589,2.97215556937805e-10,1607.5033483350715,80.01873165624798,32.12189060001897,32.1326513291344,0.0009794760788039167,1.6891347380088313,76.04228693444145,75.99475273990637,2995,0.0,282,8784,0.42149133460868327,0.0,1.0
119,3,RT42,True,1.0443986837261467,1.0032724039773466,-0.24702663639280129,0.9862399641722233,0.17826667034314836,-1.3401801796517918,uttarakhand,3,RT42,20.479819820348208,1592.5678777065732,0.41499194093078595,1573,2174.5155274712724,2.9782210617675265e-10,1656.9131460702367,64.91440003504712,33.266285623005665,33.27957871667575,0.0009013546614499991,1.6891347380088313,77.39292614380415,77.34040872396373,5260,0.0,261,8784,0.34010334170958106,0.0,1.0
0,4,savE® OM42,True,1.082816998673075,1.0213666181468661,-1.0797505783619616,0.9709070469249752,0.27322739446337296,-0.7504837315686883,uttarakhand,4,savE® OM42,15.71951626843131,1652.2534753030823,0.3855320056665298,755,2611.09651439684,2.7518326317702656e-11,1728.6007770981655,77.1819003192341,8.908598010006004,8.916271312850578,0.0002942666863733969,0.45771585408829424,68.39752116866006,68.33093752152345,308,0.0,154,8784,0.17532128336496422,0.0,1.0
1,4,savE® OM42,True,0.9054425324783727,1.012219259620168,0.04043192954916314,0.9444206781266578,-0.12581464184795743,-0.9937031524241648,uttarakhand,4,savE® OM42,15.476296847575835,1650.8318768134084,0.38532341554269345,629,2558.7543492729837,2.8046956452805443e-11,1720.1229620636977,70.13437975782712,8.76846013096201,8.776191467477803,0.00023532461859069654,0.45771585408829424,70.32439677385518,70.0363087266058,508,0.0,170,8784,0.17835779753476724,0.0,1.0
2,4,savE® OM42,True,1.0786824223484581,0.9819666576112578,-0.4991352460523105,1.1767844864056345,0.01585668566993348,1.602087132716095,uttarakhand,4,savE® OM42,18.072087132716092,1605.7457999625135,0.333476621327904,468,3197.2891543442397,2.749760535197614e-11,1677.5042650229632,72.52489460591528,7.664757603464774,7.671724751536038,0.0033023268807019814,0.45771585408829424,64.26846323334017,64.19470499799101,0,0.0,114,8784,0.12769987495692342,0.0,1.0
3,4,savE® OM42,True,1.0718201117141288,0.9944198470894521,-0.9743220069934446,1.0374510792555742,0.25044560719219977,-0.5912986078728135,uttarakhand,4,savE® OM42,15.878701392127185,1630.5427807050687,0.3590265181837947,560,2896.8919970276283,2.764441977738557e-11,1701.627146701099,71.92007718515015,8.016193550204125,8.0238461501456,0.000567066127453765,0.45771585408829424,66.17637834655577,66.11780863707483,69,0.0,125,8784,0.13875397256308744,0.0,1.0
4,4,savE® OM42,True,0.9432536807868216,1.015348521119009,-0.4380770430316089,1.070970975325955,-0.1525655944470864,-0.6567761561376555,uttarakhand,4,savE® OM42,15.813223843862342,1672.7359333916672,0.3499501268626345,444,3038.6563733955777,2.8151543317729444e-11,1738.9745285392523,67.08619492330679,8.476942980300171,8.484616093797905,0.0010428953477118839,0.45771585408829424,69.62750208637317,69.23619655587078,263,0.0,143,8784,0.13801663653121674,0.0,1.0
5,4,savE® OM42,True,0.9519296060838568,1.018481198745469,-1.055546626113035,1.1715059896570237,0.1341932137963423,0.8054000554640988,uttarakhand,4,savE® OM42,17.275400055464097,1668.9588130386696,0.33931950722407656,524,3233.7720781387534,2.754425207576842e-11,1742.548435819297,74.38983457071447,7.587984550958473,7.595217971251958,0.0025519876261775355,0.45771585408829424,66.20983036582567,66.14379268549355,67,0.0,125,8784,0.1372414319760873,0.0,1.0
6,4,savE® OM42,True,0.9566752936964158,0.9805352022510782,-0.2120041589733908,0.8554240091839149,-0.2733061579654087,1.9342447922593857,uttarakhand,4,savE® OM42,18.404244792259384,1507.2314881581203,0.41820189810560304,968,2007.6201189882818,2.7542582614074136e-11,1592.7540136613036,86.1995193012561,9.414022866234918,9.420747317497112,0.0004202540980990923,0.45771585408829424,71.25404999943953,71.24315480390622,827,0.0,198,8784,0.23949603668548147,0.0,1.0
7,4,savE® OM42,True,1.0133196294293874,1.0387633207824873,0.6703772154300263,0.8193242665300504,-0.34816957748308475,0.8610189958688497,uttarakhand,4,savE® OM42,17.33101899586885,1616.1131655334198,0.4462729305880968,1269,1892.2835957333025,2.7748122809647294e-11,1700.810065043007,85.41759160924259,10.642920279396094,10.649935148134244,0.00010187189324010893,0.45771585408829424,73.76079758074769,73.51550157568255,1643,0.0,219,8784,0.28010367035070793,0.0,1.0
8,4,savE® OM42,True,0.9635821801925367,0.9959319238341571,-1.0684278953108348,0.8721917821416202,-0.029267706205556077,1.3639814552180125,uttarakhand,4,savE® OM42,17.833981455218012,1525.328068052999,0.40925037538731424,859,2115.98125507876,2.7550242497139043e-11,1612.1111538219616,87.4959493805253,9.293274600569259,9.300205692353689,0.0004869295527490352,0.45771585408829424,72.06174806445821,71.68979654149297,733,0.0,187,8784,0.22354457041356154,0.0,1.0
9,4,savE® OM42,True,1.000667941447758,1.0168012724780315,0.40414572838893653,0.8725580474683523,0.3944606053137961,-1.921432738468705,uttarakhand,4,savE® OM42,14.548567261531293,1674.5993232193737,0.4186142888684983,955,2296.103903761062,2.768448685803216e-11,1745.3941128609788,71.67144875558448,9.262484236621983,9.270436536759718,2.148714011172512e-05,0.45771585408829424,72.67275537859341,72.60309669452599,500,0.0,177,8784,0.2067041889743557,0.0,1.0
10,4,savE® OM42,True,1.0045808351216632,1.001460897109383,-0.4258735471235491,0.9724178111531655,-0.03313949674181493,0.8783234179638795,uttarakhand,4,savE® OM42,17.34832341796388,1589.983036992131,0.3801134961370831,655,2512.8677659933496,2.7809009059650132e-11,1666.6664345117347,77.43585486853189,9.113038052902356,9.12017099301389,0.0008188019253510778,0.45771585408829424,71.1695061908778,70.86890781621813,606,0.0,170,8784,0.18580684232493905,0.0,1.0
11,4,savE® OM42,True,1.0230293539809314,0.9904256229016721,-0.14038036704168913,1.0918864732288325,-0.2128215074381088,0.7144318293376632,uttarakhand,4,savE® OM42,17.18443182933766,1617.8607106240113,0.3457933731062627,439,2992.756731155207,2.7974776785463822e-11,1686.0290095842984,68.95798931494107,8.606861036592994,8.614081835953993,0.002145231721288311,0.45771585408829424,69.6892142393209,69.25686118595364,221,0.0,139,8784,0.14051389969239336,0.0,1.0
12,4,savE® OM42,True,0.9452628459623528,1.0005020090524765,-0.17106375339620622,1.0289208341655325,-0.07535850381259535,-0.6330497998358324,uttarakhand,4,savE® OM42,15.836950200164166,1645.2608984764672,0.35846260653592943,468,2879.1191211564487,2.808761275522669e-11,1711.4739066477255,67.05119275904462,8.49377565095008,8.501427513396903,0.0007177457503622382,0.45771585408829424,68.03412487480443,67.71457216207574,189,0.0,148,8784,0.146316886706258,0.0,1.0
13,4,savE® OM42,True,0.9446786214939511,0.9969125426461842,0.04515889002111084,0.9994568940449787,-0.09335665037262042,0.8231183721412849,uttarakhand,4,savE® OM42,17.293118372141283,1604.116811605564,0.37329365293318084,600,2615.57009735947,2.7880304894330604e-11,1676.868614178623,73.50845160823697,8.783201197500425,8.790355556770308,0.0008523297659171104,0.45771585408829424,71.07677355366857,70.64815078680837,489,0.0,167,8784,0.17653428772236449,0.0,1.0
14,4,savE® OM42,True,0.9110376912460718,0.9615032537020368,0.0190103842730332,1.0091456105512595,0.4417762654216292,1.7047632357808413,uttarakhand,4,savE® OM42,18.17476323578084,1543.1243892216326,0.3733673482826726,698,2569.4345695918264,2.7416685561649926e-11,1618.689345690171,76.27450470134237,7.82086992084894,7.827747893623786,0.0008353629110292338,0.45771585408829424,67.3160365262576,67.25546645903681,151,0.0,157,8784,0.17629721486627728,0.0,1.0
15,4,savE® OM42,True,1.0286189086171866,1.0038689806587286,0.10656083733576585,0.9081413549367925,0.42095212222489176,0.9375394080096293,uttarakhand,4,savE® OM42,17.40753940800963,1597.156454417909,0.4157889707147172,1065,2207.696744337855,2.7396455614068187e-11,1677.8745836700805,81.44975315949588,9.527722347295963,9.534790869064183,0.00021672175590047547,0.45771585408829424,71.05157660855771,70.98705468228124,726,0.0,185,8784,0.2272365895932569,0.0,1.0
16,4,savE® OM42,True,1.0687805102852284,0.9981002806554141,0.3474108728773503,0.8611275391676529,0.4662178452351986,-0.3697513558901946,uttarakhand,4,savE® OM42,16.100248644109804,1606.9593275555346,0.424527915573888,1064,2144.802542424724,2.7531092789477175e-11,1683.5923544457964,77.4253097323446,9.776192787071604,9.783639001309375,5.5601124398332054e-05,0.45771585408829424,70.70029283342646,70.64951796448103,526,0.0,186,8784,0.22251989052919804,0.0,1.0
17,4,savE® OM42,True,1.0010511949042749,1.005331407509448,-0.45534424345121305,0.8965713067614841,0.41045158240720625,1.7122904039182028,uttarakhand,4,savE® OM42,18.182290403918202,1562.2271350185351,0.4209926376519383,1149,2108.807312758578,2.7196414821720896e-11,1649.1407516118106,87.60532809377884,9.501671731055936,9.508490845748478,0.0003366309124791964,0.45771585408829424,70.28973971301542,70.22555389221922,521,0.0,200,8784,0.241059110213421,0.0,1.0
18,4,savE® OM42,True,1.0862304678900536,1.0098878124249522,-1.0598277502076903,0.8279559535105616,0.36425279934947885,1.2920617014851232,uttarakhand,4,savE® OM42,17.762061701485123,1543.5797716965958,0.44230778962827644,1300,1900.5011419885514,2.704940398905328e-11,1636.0624781421216,93.18521177107397,10.365269176954111,10.372167835490966,0.00017980040839317383,0.45771585408829424,72.20023641339138,72.13917002394892,1070,0.0,210,8784,0.2576010554495397,0.0,1.0
19,4,savE® OM42,True,1.0871658696272102,0.9941579170498982,0.40845307566534883,1.1657012434603715,0.45066953521809205,1.8498372179978682,uttarakhand,4,savE® OM42,18.31983721799787,1640.112096296492,0.34585794474984544,566,3084.223192865792,2.7587658079802418e-11,1710.5171549756321,71.13862664382712,8.288041026831877,8.29491081805401,0.0022756194769055714,0.45771585408829424,65.36560802754282,65.28980003856509,24,0.0,137,8784,0.14973997557473415,0.0,1.0
20,4,savE® OM42,True,0.9974820360335499,0.9897480889899114,-0.16697037585741628,0.9982931376509316,-0.3596010993387134,-1.8058132184442441,uttarakhand,4,savE® OM42,14.664186781555754,1647.6735025497378,0.3590028672575042,425,2886.877306587007,2.8200939743134813e-11,1709.6626263366168,62.88462725485818,8.44410968383056,8.452142183517854,0.000334078690997455,0.45771585408829424,68.60005856354144,68.20401700676206,144,0.0,130,8784,0.13377319992924916,0.0,1.0
21,4,savE® OM42,True,0.9051313473349891,1.001191954666688,0.2681729520495462,0.92210610047363,-0.05184766153820264,0.1207744030879434,uttarakhand,4,savE® OM42,16.59077440308794,1606.957392246701,0.39519927008613975,739,2378.804077892842,2.7910944426589953e-11,1680.4092755507072,74.23297635958963,8.899707489539617,8.907061492065072,0.0003081196943646638,0.45771585408829424,71.30470038433353,70.89941598648028,619,0.0,183,8784,0.1993321936179724,0.0,1.0
22,4,savE® OM42,True,1.0093572058311433,1.0263221685452,0.6369006805345496,0.8321539483423981,-0.41210642961614685,0.8893159215941218,uttarakhand,4,savE® OM42,17.35931592159412,1601.575861115863,0.43794372504854895,1187,1949.1344356293332,2.776354077940602e-11,1684.4960598071707,83.64334837117852,10.386458619542458,10.393487456878761,0.0001065278399838385,0.45771585408829424,74.10375406697572,74.05570509688769,1424,0.0,214,8784,0.2673415465101185,0.0,1.0
23,4,savE® OM42,True,0.937905562301609,1.032627826474891,0.10223597286064921,1.1949264117852043,0.03974208883127939,1.6836280976159497,uttarakhand,4,savE® OM42,18.15362809761595,1699.9773654955738,0.3474622217058725,607,3170.3400450575336,2.7618788630206945e-11,1772.3545023935183,73.13062666038661,8.002664333261677,8.009601615342735,0.002679041437454983,0.45771585408829424,66.10343337860957,66.02497354163843,59,0.0,145,8784,0.1593020606579503,0.0,1.0
24,4,savE® OM42,True,1.0079528204029193,0.9759683727445252,0.1990813733380039,1.1961278517830587,-0.18101719511115455,-0.2633948283774479,uttarakhand,4,savE® OM42,16.206605171622552,1648.5330618460855,0.3147097823416849,296,3536.5762107776877,2.8313382898381687e-11,1705.6224334537794,57.955729762970684,7.844095022884365,7.8516552769286365,0.0032762151250938865,0.45771585408829424,67.15661636087594,66.7389664561799,45,0.0,107,8784,0.09251301852179492,0.0,1.0
25,4,savE® OM42,True,0.9766466338767837,1.0100177708973592,0.1872801554142749,0.8383139596936685,0.1588859291596687,-1.936551856357926,uttarakhand,4,savE® OM42,14.533448143642072,1646.612860611281,0.42767526159373226,1024,2172.537328858408,2.762232396085208e-11,1719.9657862290894,74.22681338306906,9.30003943909804,9.307975837635555,1.3629592897076493e-05,0.45771585408829424,72.02059778288435,71.97265001506783,689,0.0,181,8784,0.21532517518838498,0.0,1.0
26,4,savE® OM42,True,1.0452442359563359,0.9973546767949727,-0.23729172572984428,0.9017248229356889,-0.09325816938985898,0.32414272825970647,uttarakhand,4,savE® OM42,16.794142728259704,1578.927587030146,0.39931378433391795,768,2296.336090310263,2.779349288626234e-11,1656.2313685760787,78.07328653220522,9.508603953522496,9.515886403146022,0.00033519759426038615,0.45771585408829424,70.19352430890082,70.00225216361122,684,0.0,177,8784,0.2037712573697619,0.0,1.0
27,4,savE® OM42,True,1.005062008093734,1.0074017258772179,0.4397057547567661,0.9230138314316684,-0.0680193164906816,-0.786361778155424,uttarakhand,4,savE® OM42,15.683638221844575,1641.7044247676781,0.39362759108221135,696,2452.155133138796,2.8056973222967156e-11,1711.1455695639393,70.26846928142456,9.30641101715137,9.31405294948871,0.00018069811306330058,0.45771585408829424,71.4090237538312,71.11333863770307,552,0.0,173,8784,0.19033711225777566,0.0,1.0
28,4,savE® OM42,True,0.9016090453801789,1.0349042223208307,0.7543506349431057,0.8779314607352136,-0.017966448432966242,-0.8373567078923312,uttarakhand,4,savE® OM42,15.632643292107668,1673.1221811787045,0.4170117319504332,925,2245.7717858770384,2.7999327692722617e-11,1746.101653008394,73.80237420163282,9.466464047997958,9.474090057324945,7.766382380083327e-05,0.45771585408829424,71.814210501625,71.56640552628156,1093,0.0,196,8784,0.2270319879544888,0.0,1.0
29,4,savE® OM42,True,0.9295340921302979,0.9687791337760077,0.06258538585980872,1.1367460117066788,-0.2209912669466375,-1.6556520532449501,uttarakhand,4,savE® OM42,14.81434794675505,1654.3227678220203,0.3198145921579578,270,3473.4049340874744,2.8379081126207156e-11,1707.8733559368136,54.459271969160916,7.474533583525898,7.482553687153869,0.0012285818799601597,0.45771585408829424,67.00522752032089,66.56630417244052,38,0.0,103,8784,0.08586565346822676,0.0,1.0
30,4,savE® OM42,True,0.9449308309873427,1.0140534366036194,0.17059629416599567,0.9140143714998381,0.45728340626729247,-0.3137048910496478,uttarakhand,4,savE® OM42,16.156295108950353,1641.2477802642654,0.40997099813597104,994,2330.2544520365027,2.758805089431835e-11,1716.840504620404,76.39037061824834,8.916532827050451,8.924004904065116,0.00011290826716537665,0.45771585408829424,69.93327465142019,69.87140817720514,483,0.0,177,8784,0.2118556572564907,0.0,1.0
31,4,savE® OM42,True,0.933625637127445,0.9898989607498005,0.4530049203343251,1.028079086373186,0.39295304539762643,1.6079171557370437,uttarakhand,4,savE® OM42,18.077917155737044,1603.9530224980538,0.37921901004988257,764,2601.089030001332,2.7500649664476004e-11,1678.5970800026623,75.35769624929347,8.26527389593745,8.272183600952536,0.0007345057722132442,0.45771585408829424,67.34014604881746,67.27771810516273,176,0.0,165,8784,0.1900369124175736,0.0,1.0
32,4,savE® OM42,True,1.03376162205162,1.007231605450831,-0.32801576233680635,0.9818260555076588,0.22127270804889365,1.1137907647857563,uttarakhand,4,savE® OM42,17.583790764785753,1609.6590717394056,0.3916160207236947,848,2472.1431356594226,2.7426505924553462e-11,1689.0509030816352,80.12653598059177,8.92993101427746,8.936985885411362,0.0005316434413440239,0.45771585408829424,69.21380958385666,69.14739215303868,332,0.0,169,8784,0.19921646824856823,0.0,1.0
33,4,savE® OM42,True,0.9492366881360323,0.9843779986518489,-0.47562348195615234,0.9946779237995612,0.4785983264908512,1.2713701137665678,uttarakhand,4,savE® OM42,17.741370113766568,1573.728127226026,0.3807598771544427,747,2536.801865571464,2.7392920283423072e-11,1652.0976603936626,79.10107447987036,8.16882449983725,8.17584458786106,0.0007035735772172602,0.45771585408829424,67.98172114131435,67.9170321314374,176,0.0,160,8784,0.1839987749690267,0.0,1.0
34,4,savE® OM42,True,1.0449173088153159,1.0136156961568594,0.4056577798022515,0.9284279006641643,0.26362499583036536,1.907492255548589,uttarakhand,4,savE® OM42,18.37749225554859,1602.3744661715775,0.41921084776934603,1176,2177.0181525425496,2.7347844817695042e-11,1685.506697240346,83.81269021419808,9.894052625667848,9.9008061568477,0.00031676232480520015,0.45771585408829424,72.04062368149314,71.97340504631492,762,0.0,201,8784,0.2450096862988052,0.0,1.0
35,4,savE® OM42,True,1.034507193748636,0.968201201612859,0.005828583725588213,1.0202377308168473,-0.10514130229415708,-0.052884765262319,uttarakhand,4,savE® OM42,16.41711523473768,1585.1094656132777,0.3550157469515769,429,2821.418794552959,2.8031047464901734e-11,1651.0857628853687,66.78345039825251,8.51151181649901,8.518971125415854,0.0008245027291269674,0.45771585408829424,68.12099217329673,67.78799538688149,103,0.0,132,8784,0.1396997668892516,0.0,1.0
36,4,savE® OM42,True,1.0630258496802696,1.0070981626848357,-0.2835516643721578,1.1687339304774034,-0.05266835850952922,0.6132466011992084,uttarakhand,4,savE® OM42,17.083246601199207,1659.4693713727524,0.33088085409836887,406,3286.511578204316,2.8038903755224683e-11,1725.6745898328966,67.03462732757126,8.67782121087203,8.685090392043842,0.003925892393642695,0.45771585408829424,68.97380798154693,68.54525304077536,169,0.0,131,8784,0.12382483239219266,0.0,1.0
37,4,savE® OM42,True,0.9923176419131681,0.9840621914584422,-0.13289434891622462,0.8276676216842178,-0.10661941120655938,-1.0703976451420192,uttarakhand,4,savE® OM42,15.39960235485798,1564.3571607151375,0.41430993220681267,783,2141.430473194015,2.789464262416992e-11,1639.0125042660763,75.48771019215249,9.239418248296936,9.24710161041935,7.032821504537046e-05,0.45771585408829424,72.70366723346788,72.63939499131355,584,0.0,173,8784,0.20509306193890248,0.0,1.0
38,4,savE® OM42,True,1.0466140860354363,0.9779352628483622,-0.20063906056201622,1.067949766074813,-0.3681966953601802,-1.6259995079967253,uttarakhand,4,savE® OM42,14.844000492003273,1643.4785543577677,0.3376326736875418,324,3175.0329680772406,2.8269093061686228e-11,1701.9888677039173,59.40563292411593,8.161526895524629,8.169516704912713,0.0007461562953015065,0.45771585408829424,66.60288938392394,66.1722749957128,71,0.0,111,8784,0.10787645292449305,0.0,1.0
39,4,savE® OM42,True,0.9124546072759471,0.9836823676209462,-0.34189348827855537,1.0346677092451495,-0.4760058949283339,-0.623259719990807,uttarakhand,4,savE® OM42,15.846740280009191,1618.8367216327513,0.35165215554389384,412,2925.0964507720682,2.8107253481034026e-11,1684.3443965009787,66.34837444914483,8.097584474637925,8.105238847455933,0.0008536231894847592,0.45771585408829424,67.85272898367131,67.62643491534888,158,0.0,137,8784,0.13530109982826724,0.0,1.0
40,4,savE® OM42,True,1.054940744895449,0.976500630009925,-0.06938343973196359,1.0107569413813577,0.41602558391730204,1.9015256015153383,uttarakhand,4,savE® OM42,18.371525601515337,1558.4991709219557,0.3782349904507817,743,2537.758658005241,2.7425720295521212e-11,1636.2591061809621,78.45972025295833,8.590197769859147,8.597011943045556,0.000885776228439459,0.45771585408829424,67.1566878921267,67.0911664833618,131,0.0,157,8784,0.1825783917156613,0.0,1.0
41,4,savE® OM42,True,1.0524991613320527,1.0215976827762525,0.6370044088820697,1.1655057391782808,0.2655756144937125,1.7221047795406745,uttarakhand,4,savE® OM42,18.192104779540674,1690.2839644813591,0.3543974941943957,667,3055.72043988703,2.7665631761257295e-11,1760.9932806930174,71.44230395957429,8.573079193969548,8.579982188770238,0.0018658709393453634,0.45771585408829424,67.1349589599887,67.06577399294501,85,0.0,146,8784,0.16607109948815904,0.0,1.0
42,4,savE® OM42,True,1.0265106393974994,0.9941729601585465,-0.03204173436987705,0.838360691448319,-0.45646328575633,0.22752875180477394,uttarakhand,4,savE® OM42,16.69752875180477,1558.452520298853,0.42040670058094587,921,2065.997485333163,2.7712769503194323e-11,1638.2971367739087,80.60877889499307,9.753163973542899,9.76043327487224,0.00014890812434102308,0.45771585408829424,72.25307718872057,71.87243804835671,846,0.0,187,8784,0.22849961659865262,0.0,1.0
43,4,savE® OM42,True,1.0214789097495112,1.0198757677380994,0.5344822410622747,1.1157496631267116,-0.18002717773085564,-1.5788300713106365,uttarakhand,4,savE® OM42,14.891169928689362,1736.4287251977637,0.34055478175528153,411,3298.0778966238804,2.837937573709405e-11,1792.8488715903593,57.31404228255553,8.729082274716832,8.737060266321416,0.0007445212674519403,0.45771585408829424,69.5358256600121,69.09057797657204,195,0.0,133,8784,0.12213027175107802,0.0,1.0
44,4,savE® OM42,True,0.9702318686881254,1.013113004662792,0.44524955594305304,0.9936520542706926,-0.43050557184483973,-0.28442998141170905,uttarakhand,4,savE® OM42,16.18557001858829,1656.9380967046181,0.3755985138957194,581,2678.5477750180567,2.8118743305631107e-11,1724.691272398159,68.56390004168094,8.99192148064539,8.999438430710738,0.0004333955918569354,0.45771585408829424,70.29306364040873,69.96715324152774,490,0.0,165,8784,0.1736331486220943,0.0,1.0
45,4,savE® OM42,True,1.077812460588976,1.004512671382127,0.383142487285049,1.1646463636335884,0.015251909778958184,-1.3022198108167151,uttarakhand,4,savE® OM42,15.167780189183283,1727.5764079647308,0.3325991644181998,423,3456.6948036729573,2.793441509393024e-11,1785.0054652131303,58.309283266288716,7.75530242639757,7.76320999666339,0.0006407712740317009,0.45771585408829424,65.18566996343964,65.11159664392697,12,0.0,105,8784,0.11032719528634478,0.0,1.0
46,4,savE® OM42,True,1.0948245047101084,1.011819695153098,-0.2917079714707185,1.198423315821897,0.15284596193604616,-0.03792740850204579,uttarakhand,4,savE® OM42,16.432072591497953,1702.461248869162,0.3303813780664864,446,3439.231131333566,2.7823641400377116e-11,1767.537424592657,65.90970907346613,7.833731570581421,7.841236959380139,0.0018209721558511249,0.45771585408829424,64.90164673079806,64.82394344112991,0,0.0,107,8784,0.11760390536709853,0.0,1.0
47,4,savE® OM42,True,0.978977162720872,1.003441969768956,0.10234857025475322,0.9301377656410785,-0.056105461421330105,-0.5930431134993333,uttarakhand,4,savE® OM42,15.876956886500665,1627.0275634789202,0.3897665004759443,651,2472.8065439258376,2.8012290571755572e-11,1697.974889814168,71.7675426649317,9.084265941619305,9.091859242782556,0.00024556929317971993,0.45771585408829424,70.75520587273357,70.35545035470666,473,0.0,168,8784,0.18480677960326872,0.0,1.0
48,4,savE® OM42,True,1.0603303432240683,0.9900454005708612,-0.3570026219771621,0.8037056289975183,-0.4973216950200886,1.24890319440577,uttarakhand,4,savE® OM42,17.71890319440577,1511.6927203273412,0.435257550829684,1083,1870.6596926514583,2.754110955963855e-11,1599.2247617308096,88.23596777201149,10.196462686466536,10.203371625219875,0.0001686611946234161,0.45771585408829424,71.99969367375218,71.89481495525864,994,0.0,197,8784,0.2539676989289271,0.0,1.0
49,4,savE® OM42,True,1.0988346883138105,1.0034141002858892,0.405902956013005,0.8532071424983977,0.40596474511127967,-1.4924651537088014,uttarakhand,4,savE® OM42,14.977534846291197,1638.6441934849136,0.4235892881767681,1010,2199.0358048163835,2.761024491448061e-11,1711.427712234417,73.63486013798058,9.795776828923875,9.803578485932091,1.8770861253365627e-05,0.45771585408829424,70.22180632628168,70.1663428157455,587,0.0,176,8784,0.2112514802475808,0.0,1.0
50,4,savE® OM42,True,1.0863107078642136,1.0116205975354355,-0.15541699307696327,0.9514753306235677,-0.40703058047771634,-1.5708407238630975,uttarakhand,4,savE® OM42,14.899159276136901,1661.2811451715654,0.3797488590770418,565,2644.7320999618732,2.80986115616787e-11,1728.5503952351316,68.14579453830815,9.300704587911595,9.308635860388472,0.00021692115528247467,0.45771585408829424,71.25796655670125,70.9579351814045,393,0.0,150,8784,0.16564177612480435,0.0,1.0
51,4,savE® OM42,True,1.0091948552907737,0.9988374140867994,0.11932235792596109,0.8348651493928788,-0.18033222537358007,0.6066133999821601,uttarakhand,4,savE® OM42,17.076613399982158,1560.7480779588043,0.42576416933615324,1008,2015.1630206501836,2.7687334763273833e-11,1642.2808787333827,82.27448899662942,9.851595774287091,9.858731706707298,0.00014211098566356293,0.45771585408829424,71.59047116930073,71.30516076679329,955,0.0,190,8784,0.24038071503088113,0.0,1.0
52,4,savE® OM42,True,1.060301129445794,0.9884521802486004,-0.4151417327113991,1.1650178264380895,-0.337498708757088,-1.3553430498306431,uttarakhand,4,savE® OM42,15.114656950169355,1674.434911965345,0.3181249234017438,291,3538.176134865635,2.8317114636285134e-11,1731.5623791330838,58.03496533780544,7.957664101192217,7.965594072113741,0.00201903506793811,0.45771585408829424,66.14268919687278,65.76404428642613,15,0.0,100,8784,0.0891199384153013,0.0,1.0
53,4,savE® OM42,True,0.9887024991378606,0.9910730671612642,0.3348861945581709,1.036837541817672,0.3149216652517254,0.36659514864339116,uttarakhand,4,savE® OM42,16.83659514864339,1631.2803988139308,0.36909951086625836,661,2769.681013784678,2.7664944335854098e-11,1700.6401845844937,70.13857576148285,8.172103161393027,8.17942421549248,0.0004958403559164925,0.45771585408829424,65.77170077849281,65.71023992471089,50,0.0,147,8784,0.16391431755211963,0.0,1.0
54,4,savE® OM42,True,0.938687159994315,1.013729304510777,-0.27856762788624434,1.0496320558447951,0.3246453558151594,-0.8118162590437654,uttarakhand,4,savE® OM42,15.658183740956233,1685.2495394074917,0.36402846147209833,615,2926.827247297758,2.7758434190696804e-11,1753.403527059388,68.99774816494775,7.950610362099197,7.958326833330554,0.0003996383057743054,0.45771585408829424,66.21968053816327,66.15598038497355,68,0.0,140,8784,0.1529810436813577,0.0,1.0
55,4,savE® OM42,True,0.9493143091298953,1.032103126161909,0.7495961985747449,0.8553305165949939,0.40252319266760883,-1.470430828893007,uttarakhand,4,savE® OM42,14.999569171106991,1687.2825776931147,0.4336069880755443,1164,2164.8325393998853,2.7624680847948902e-11,1761.0045219224994,74.57050537544237,9.583434651452947,9.591220209655322,1.42481186988925e-05,0.45771585408829424,71.61258957017455,71.54754237649594,1107,0.0,198,8784,0.23559069219353163,0.0,1.0
56,4,savE® OM42,True,0.9287784281025688,1.0067008311203705,0.39875099417730714,0.8780079947581362,0.4683963128835955,-1.5212550971793792,uttarakhand,4,savE® OM42,14.94874490282062,1649.738817978903,0.4148582988879099,941,2299.122741776977,2.7657677267305226e-11,1720.8339531307408,71.95246132525608,8.831412677214843,8.83924929354121,2.6137540438119235e-05,0.45771585408829424,71.35765344061741,71.30495810764029,488,0.0,175,8784,0.20542526384372556,0.0,1.0
57,4,savE® OM42,True,1.0173703743551816,1.0244809710166392,0.2554178039407692,1.1732694175956264,-0.44447515862140696,-0.3111242068708586,uttarakhand,4,savE® OM42,16.15887579312914,1722.5662489696192,0.33267623650163136,412,3382.814521331624,2.82780295919284e-11,1783.495614465778,61.78241718084091,8.72229240698573,8.729862428291447,0.0022966473988979236,0.45771585408829424,70.85167154513807,70.40011494268411,229,0.0,136,8784,0.12273290801492666,0.0,1.0
58,4,savE® OM42,True,1.002113110102686,0.9720647910672945,0.43504372277782594,1.0434449396939218,0.09827341666588874,-0.25116845659704845,uttarakhand,4,savE® OM42,16.21883154340295,1623.488091257218,0.35909030967889943,545,2884.297847780638,2.773594555964754e-11,1688.1328583589282,65.45666556282174,7.8920112695924844,7.899535599214691,0.0004394861013697091,0.45771585408829424,65.29158172590567,65.2188643138567,19,0.0,132,8784,0.14391810349269044,0.0,1.0
59,4,savE® OM42,True,1.039084991477657,1.0146499161994937,0.4081857468110819,0.9450034832982169,0.249619177944451,-0.8193384773538424,uttarakhand,4,savE® OM42,15.650661522646157,1669.0243168985585,0.3986141127858339,868,2492.3216063450827,2.7695289257226245e-11,1739.7022581670751,71.50518233162713,9.100104922636929,9.107753408243427,0.00011276756048843842,0.45771585408829424,69.28296002554853,69.21481662508984,255,0.0,168,8784,0.19213357953407334,0.0,1.0
60,4,savE® OM42,True,0.9809135237902282,1.0007091699544826,0.42624076817214623,1.0141489714934246,0.12897053823895532,-1.2601221087112013,uttarakhand,4,savE® OM42,15.209877891288798,1680.029989616554,0.37075504339005283,637,2834.5003459636237,2.7793296479004733e-11,1743.9237175409319,64.7540159848694,8.135067815342419,8.142905585414834,0.00018461820878737798,0.45771585408829424,66.49558891006257,66.43286237518555,102,0.0,143,8784,0.15362173904945084,0.0,1.0
61,4,savE® OM42,True,1.0827571839754422,1.010499156730682,-0.2890595017252421,1.02714535899727,-0.29250714195084193,-1.976168228118265,uttarakhand,4,savE® OM42,14.493831771881734,1691.5987126721184,0.3561893281324662,434,2997.7330034129222,2.8240810416523624e-11,1753.5689832229123,62.87805412241132,8.879823467344098,8.887921066181908,0.00040136376162279767,0.45771585408829424,68.92344043299627,68.5592511454307,168,0.0,132,8784,0.13406663683461603,0.0,1.0
62,4,savE® OM42,True,0.904822209574526,0.9876775638376948,0.4517468347147108,0.9273423616264248,0.37011520347947535,0.1759553860135865,uttarakhand,4,savE® OM42,16.645955386013586,1602.283596387909,0.40125009370738307,862,2364.466287492321,2.7585595803592496e-11,1675.8772218379927,74.36697113436904,8.461151211441987,8.468473495545158,0.00016592651645144476,0.45771585408829424,68.12363742355811,68.0696245371879,351,0.0,174,8784,0.20269292851720244,0.0,1.0
63,4,savE® OM42,True,1.015104000340254,1.0239256965179029,-1.2166533062351201,1.134851451439502,-0.4866504057207309,0.2464025597442463,uttarakhand,4,savE® OM42,16.716402559744246,1662.9629088812696,0.3373573292170895,421,3195.5656209588265,2.7988427089899916e-11,1734.0455013863104,71.92594218090582,8.597375161176029,8.604771282666173,0.00347853404012335,0.45771585408829424,69.60060803735927,69.20625799510493,174,0.0,135,8784,0.13058323290775956,0.0,1.0
64,4,savE® OM42,True,0.9713359682717659,1.0211372453809202,0.043050251021578015,1.1990191808844717,0.431048413908077,1.0510839467014748,uttarakhand,4,savE® OM42,17.521083946701474,1697.815566089851,0.33972961569151927,544,3282.831096581148,2.768517428343567e-11,1766.7581694990367,69.72392447218887,7.879908949787803,7.887050704910611,0.0023229010765749777,0.45771585408829424,65.73012939237687,65.65301470839171,42,0.0,133,8784,0.14237584255222283,0.0,1.0
65,4,savE® OM42,True,0.9703556506950793,0.9953981636784385,0.4016883037343538,0.9324549502366669,-0.07339407653209673,-1.7451745103835021,uttarakhand,4,savE® OM42,14.724825489616496,1647.8497977102438,0.3829809245117448,547,2591.1627031467565,2.8148302597971143e-11,1711.9459847518249,64.9783800684503,8.802042478311591,8.81001518983694,0.0001421915844018579,0.45771585408829424,68.93703738686915,68.66318629363708,326,0.0,155,8784,0.1650618112229231,0.0,1.0
66,4,savE® OM42,True,0.9498608775493573,1.0058443231421081,-1.0281108876246392,1.158852474541697,0.46735939122069603,-1.206801609017941,uttarakhand,4,savE® OM42,15.263198390982058,1692.3258632102738,0.3284339089438315,384,3451.483516048084,2.7789564741101563e-11,1756.5900676316412,65.15064716946299,7.167899205870942,7.175793116458808,0.001131268987577637,0.45771585408829424,63.67707892998656,63.60618831436925,0,0.0,101,8784,0.10812958591151195,0.0,1.0
67,4,savE® OM42,True,1.0755439849727675,1.0131362648489763,-0.9545286033129631,1.0300372886943445,0.010362235260722663,-0.6395221191701772,uttarakhand,4,savE® OM42,15.830477880829822,1657.0178246977487,0.3665306303232555,623,2846.535048463587,2.7645008999159734e-11,1729.5437554415805,73.36240340357638,8.391742923511213,8.399407364191976,0.0004845655855353425,0.45771585408829424,67.3321566991717,67.27054380288958,129,0.0,137,8784,0.15162004701066867,0.0,1.0
68,4,savE® OM42,True,1.0831463356489448,1.0020218890828119,0.3479485317763149,1.0566916737449579,0.49263379657841166,-0.3561538325559668,uttarakhand,4,savE® OM42,16.11384616744403,1673.599492754313,0.36388476927022595,616,2908.0737818481653,2.777689647295566e-11,1739.8024181680064,67.02093924202643,8.472737505992663,8.480300234911855,0.00040787755153802685,0.45771585408829424,66.63532860407484,66.56611487961231,76,0.0,142,8784,0.15153972815600852,0.0,1.0
69,4,savE® OM42,True,0.9636977242012263,0.9599806049269087,0.17613050621840196,0.8846753626561864,0.12492896554092459,1.9207491274494117,uttarakhand,4,savE® OM42,18.39074912744941,1503.7029816245592,0.41452914117508366,1018,2090.270458931012,2.7221063932609134e-11,1585.9188788379947,82.89291629863558,8.928322847794693,8.935060718603653,0.0002851602519513175,0.45771585408829424,69.36705180871115,69.30043116246966,463,0.0,182,8784,0.22587846478835805,0.0,1.0
70,4,savE® OM42,True,0.9950744565634875,1.0326963990827929,0.8130168869453414,1.021837800655861,0.27428583572344023,1.3902394836986405,uttarakhand,4,savE® OM42,17.86023948369864,1680.56330809143,0.3950577371927916,962,2536.515909426471,2.760435269673835e-11,1756.3121932772713,76.46854825554801,9.274623843048056,9.281592764339779,0.0004789399458176271,0.45771585408829424,69.52600301766435,69.46810329128425,381,0.0,177,8784,0.21844609046781624,0.0,1.0
71,4,savE® OM42,True,0.932616716762679,0.9967521018983342,-0.1905431188490899,0.9485267924710352,0.1966157447281892,-1.7964819303076491,uttarakhand,4,savE® OM42,14.67351806969235,1653.6291332887135,0.3839846617244299,679,2635.3638314123855,2.7746649755212434e-11,1721.0966436497217,68.35216697552704,8.0867260655421,8.09471830859897,9.180372020853571e-05,0.45771585408829424,67.7354477900973,67.67078571807325,181,0.0,151,8784,0.1638340583860226,0.0,1.0
72,4,savE® OM42,True,0.9155388195721171,1.0032465355395441,-0.8804640994180913,1.163559698570161,0.38194590017156704,-0.55089985785549,uttarakhand,4,savE® OM42,15.919100142144508,1677.3700363596681,0.33042384720973916,432,3389.992713260139,2.7743998257228614e-11,1743.4492071251664,66.93436323055467,7.130057645405154,7.137730325217076,0.001476920235152208,0.45771585408829424,63.047006236506505,62.97212262533466,0,0.0,109,8784,0.11519204814886913,0.0,1.0
73,4,savE® OM42,True,1.0942592304871082,1.0216674756955928,0.4973166305219552,0.9985375809892588,0.1056721484471399,0.740992727497261,uttarakhand,4,savE® OM42,17.21099272749726,1663.7957576097301,0.3932035828031918,898,2536.499341473941,2.7597478442705893e-11,1738.3936552806933,75.34936189792141,9.420493060025459,9.427665042510396,0.0003538695608425523,0.45771585408829424,69.60349626728309,69.53774078181847,319,0.0,170,8784,0.20188972756241064,0.0,1.0
74,4,savE® OM42,True,0.9550993558819699,0.9974755918693795,-0.11200353156254389,1.124947143903594,-0.08983600601308517,0.5889232347582705,uttarakhand,4,savE® OM42,17.058923234758268,1640.1383704012444,0.3392441402692111,422,3126.1513135527157,2.8073569636274505e-11,1706.6960769644168,67.36449916466825,8.328946393607927,8.336217798313902,0.0026223544518615798,0.45771585408829424,69.62478139014257,69.16144012496201,170,0.0,140,8784,0.1331188926280543,0.0,1.0
75,4,savE® OM42,True,0.9663662541793179,0.9900322010019986,-0.3496311730955712,0.9942166936065402,-0.3039266332331093,-1.9448553421805324,uttarakhand,4,savE® OM42,14.525144657819467,1645.3364945534847,0.35856939819603595,418,2888.354022756065,2.8176585243133785e-11,1707.734935814019,63.301625873197416,8.29555440112163,8.303633564026038,0.0003233330776098341,0.45771585408829424,68.6701156896534,68.24909738405871,156,0.0,127,8784,0.13220454108705487,0.0,1.0
76,4,savE® OM42,True,0.9391369941961014,0.9980299551073037,0.3052572658743664,1.1828158065164738,-0.20121948691660407,-1.0789853406142003,uttarakhand,4,savE® OM42,15.3910146593858,1703.191950435048,0.32067424735870953,316,3550.4477721484254,2.840726556774051e-11,1758.3788906784514,56.07736918519432,7.922775194096241,7.930610016980514,0.0019261428820514532,0.45771585408829424,67.44106992866622,67.03154896073757,58,0.0,117,8784,0.0974552778023741,0.0,1.0
77,4,savE® OM42,True,0.9477632530959184,1.021363777035372,0.26031153566210097,1.1726457508873067,-0.13242883335331568,1.0004961054883936,uttarakhand,4,savE® OM42,17.470496105488394,1687.1061466277006,0.3379168061122879,474,3224.4518902997556,2.8084077424581336e-11,1753.4612789082407,67.15727393041226,8.619821243629422,8.62695576999332,0.003600854374702569,0.45771585408829424,69.87002608295418,69.40808206500884,285,0.0,153,8784,0.1400402184982744,0.0,1.0
78,4,savE® OM42,True,0.9449181640684771,0.9724594832277725,0.14283720447600173,1.0275262312391056,0.36617575736413366,-0.8218074365020862,uttarakhand,4,savE® OM42,15.648192563497913,1624.7976849547556,0.35903824242122206,539,2888.508780425989,2.773201741448608e-11,1688.9868100524097,65.03036318784234,7.621716605432313,7.629426249169219,0.00033643272743437885,0.45771585408829424,64.55241764941374,64.49466308097091,0,0.0,127,8784,0.1381020283277166,0.0,1.0
79,4,savE® OM42,True,1.0890130312322106,1.0159584586452604,0.6615054173085897,1.1640013588541063,0.12941731239355103,-1.406789809786845,uttarakhand,4,savE® OM42,15.063210190213153,1751.5205947601219,0.3363214847181686,440,3445.825705852195,2.7934022279414078e-11,1808.0198519410867,57.38234145043259,7.983437015298904,7.991371276943105,0.0005455822452987246,0.45771585408829424,63.846947957275574,63.773772194091336,0,0.0,108,8784,0.1158727090902884,0.0,1.0
80,4,savE® OM42,True,0.9941865498432879,1.022157883785034,-0.0354162905781958,1.1977814090512893,-0.18431736674032106,-0.5119609374455805,uttarakhand,4,savE® OM42,15.958039062554418,1723.9410130787728,0.32485726231781686,365,3514.6881801846803,2.835453021894785e-11,1784.1259443905556,61.06101613050122,8.477351387126408,8.48499826488679,0.0028589998087825727,0.45771585408829424,68.08490505572024,67.61709483693194,151,0.0,128,8784,0.11065323126443383,0.0,1.0
81,4,savE® OM42,True,1.0180961433267903,0.9972501429635322,-1.0453812222701793,0.8299016582671006,-0.07244051233089821,-1.7513832029251146,uttarakhand,4,savE® OM42,14.718616797074883,1579.9824499136948,0.410324384542503,725,2204.369878433121,2.7836407872151328e-11,1656.623734766168,77.51363426800478,9.219372428393529,9.227292836194252,7.650435805358447e-05,0.45771585408829424,71.33804816388029,71.08579696328461,517,0.0,168,8784,0.19412352466959687,0.0,1.0
82,4,savE® OM42,True,0.9788132807394397,0.9536044701560701,0.0584156756273969,0.9376246302254658,-0.37666193406188,-1.8287755410960504,uttarakhand,4,savE® OM42,14.641224458903949,1580.5714754027674,0.36688081403616124,405,2679.85170569803,2.8147222358051894e-11,1641.9866977129986,62.30442149730825,8.139513770077622,8.147523394566226,0.00020061851855381632,0.45771585408829424,67.94549565093125,67.62252716859625,87,0.0,126,8784,0.13517545683827295,0.0,1.0
83,4,savE® OM42,True,0.9115082217570546,0.9953841347947043,0.3830709266170358,0.9055894015040937,0.0976297099215554,0.8549781058777537,uttarakhand,4,savE® OM42,17.324978105877754,1589.2159191565465,0.414072688701679,1034,2213.5535029171433,2.7403526275358852e-11,1667.7306700704135,79.24858942158913,8.878341442871594,8.885424977868905,0.00019752942119510676,0.45771585408829424,69.50226648625988,69.44859457508426,457,0.0,189,8784,0.22692841936357971,0.0,1.0
84,4,savE® OM42,True,1.0664167231168387,0.9837663447729446,0.053034581410772746,0.978443106391136,-0.37594282776986265,-1.5448370678060344,uttarakhand,4,savE® OM42,14.925162932193965,1631.0675543758882,0.36506543393220836,442,2782.0137636556587,2.812993851934143e-11,1693.8118132814848,63.62201630206389,8.760161686647827,8.768093967362061,0.0002828777642555995,0.45771585408829424,66.77223735036392,66.55769861454296,89,0.0,130,8784,0.14231813647642594,0.0,1.0
85,4,savE® OM42,True,0.909499510817666,0.9621340079815905,0.20157383217610014,1.1871897364224457,0.26718353707563836,0.11669456445323867,uttarakhand,4,savE® OM42,16.58669456445324,1628.7337299446724,0.3209245428659657,356,3439.1939808667903,2.772808926932474e-11,1689.2643914637165,61.35236186105458,6.808710983528952,6.816159872327362,0.0017678304928702235,0.45771585408829424,61.12904016229389,61.05849274487345,0,0.0,97,8784,0.1046415951389853,0.0,1.0
86,4,savE® OM42,True,1.0613997854125083,1.0190736648598742,0.37480936942899545,0.8281664772576179,-0.3679768335061463,-0.6910658655139539,uttarakhand,4,savE® OM42,15.778934134486045,1622.025408286872,0.42965719138307035,1004,2063.698328890076,2.7894053402395545e-11,1699.3900647109567,78.17363207468883,10.256156086467026,10.26370158634443,5.394709215116684e-05,0.45771585408829424,71.42050516022498,71.36315815064438,1127,0.0,191,8784,0.2383301895123169,0.0,1.0
87,4,savE® OM42,True,1.0124800282842248,0.9911585520078989,-0.24702524482505417,1.1231471592843068,-0.4726858313578055,-0.04004700864038879,uttarakhand,4,savE® OM42,16.42995299135961,1639.6066155473166,0.3343219923613293,369,3204.4380865203225,2.814879361611647e-11,1703.5753273695668,64.80393381458997,8.330902063148873,8.338381602591198,0.0022474287297200427,0.45771585408829424,67.99136680831259,67.52609322382051,119,0.0,123,8784,0.11912056698091433,0.0,1.0
88,4,savE® OM42,True,1.093923138443614,0.9810972621746343,0.5406438599867887,0.8415271892473162,0.3032090436086433,1.3219816360956256,uttarakhand,4,savE® OM42,17.791981636095624,1539.0130120842718,0.43589706855813504,1215,1952.0438867808925,2.7255336999142745e-11,1621.5754820224038,83.2596417726448,10.199442417223707,10.206317093485463,0.00010689072449028451,0.45771585408829424,70.84206133831894,70.78509327808723,718,0.0,197,8784,0.24679625011435824,0.0,1.0
89,4,savE® OM42,True,0.9114433823877858,0.9695875889741412,0.2017953560022462,1.1563027533905441,0.38696718632133587,1.93157736734292,uttarakhand,4,savE® OM42,18.40157736734292,1590.4163336509055,0.3394175035742515,508,3081.5065031911654,2.7514692783428424e-11,1660.5120944052571,70.82824425915142,7.342410550067497,7.349253764192277,0.002547672708870211,0.45771585408829424,63.98126636959682,63.90846393417419,0,0.0,130,8784,0.14116857422938656,0.0,1.0
90,4,savE® OM42,True,1.0030295639857436,1.023654726912918,-0.9040220244873507,0.802167888550297,-0.3590878089814258,1.2651911464608334,uttarakhand,4,savE® OM42,17.73519114646083,1546.186827581973,0.44298628358936254,1225,1840.599596562141,2.749014187616859e-11,1638.9562250055321,93.47266634037531,10.280828903043298,10.287730526801468,0.00019160309490984167,0.45771585408829424,72.4713938732437,72.24712201971458,1373,0.0,212,8784,0.27149291757247646,0.0,1.0
91,4,savE® OM42,True,1.0307273847538507,0.9667096290214401,0.1242997622386849,0.8425486574086323,-0.4226456814564642,-0.5868198052680089,uttarakhand,4,savE® OM42,15.88318019473199,1541.9251352031395,0.4077510317779228,729,2173.536355160351,2.7836604279409396e-11,1615.218220424027,74.10060581003464,9.212638252265506,9.220169040392785,0.00011986190368358198,0.45771585408829424,68.89238125675983,68.88869550956606,339,0.0,170,8784,0.19823123940005508,0.0,1.0
92,4,savE® OM42,True,1.0284674814330614,1.0141602507583989,-1.0081687872127456,0.948109571435748,-0.41135030635039327,0.4638516463673774,uttarakhand,4,savE® OM42,16.933851646367376,1598.5483592516202,0.3865150562972006,684,2455.5292559134273,2.7755684489083342e-11,1678.2420047162223,80.46663350681176,9.309325249749905,9.316595199559927,0.0006625497924822452,0.45771585408829424,70.887652494566,70.55835640482373,538,0.0,173,8784,0.1917450968491016,0.0,1.0
93,4,savE® OM42,True,1.0638248633975587,1.003819443943927,0.2011489164125274,0.963988323619666,0.41986637627041656,-1.4397570222962717,uttarakhand,4,savE® OM42,15.030242977703727,1670.0480086654145,0.3851483740666637,725,2646.2677094595074,2.7776012640294283e-11,1737.0682711346756,67.88569264070128,8.722166158608914,8.730041402093741,0.000117890183048972,0.45771585408829424,68.92001460585153,68.85965475522825,208,0.0,151,8784,0.16681659890423653,0.0,1.0
94,4,savE® OM42,True,0.9878752135911987,0.999789472414672,0.3306394535629458,1.123765965403853,-0.25409621195475396,1.634772467511243,uttarakhand,4,savE® OM42,18.104772467511243,1631.199899583291,0.3471823863019614,497,2987.39401402653,2.79456103076399e-11,1700.6370816318113,70.19357896185039,8.781796334862012,8.788713573033663,0.00316377918594111,0.45771585408829424,69.78813693169693,69.36926216553313,292,0.0,154,8784,0.15412715677789904,0.0,1.0
95,4,savE® OM42,True,0.9949736528306953,0.9797222276129343,0.17902907494864506,1.0606674968307352,-0.016634910428277028,1.9395521234191007,uttarakhand,4,savE® OM42,18.4095521234191,1572.2615422306908,0.3576376657480056,519,2747.9838412759555,2.7832086912473727e-11,1644.9493236950377,73.40972860307826,8.739011575275097,8.745815466288139,0.002332740979454682,0.45771585408829424,69.63709968305223,69.25323412778013,268,0.0,156,8784,0.16496980649195353,0.0,1.0
96,4,savE® OM42,True,1.0575362075770935,0.9895276012291233,-0.5310903934335358,1.1387124389860588,-0.45726610795674705,1.7783540993083866,uttarakhand,4,savE® OM42,18.248354099308386,1592.6760496693123,0.3372136157243457,428,3059.517550472736,2.7853200692716706e-11,1664.9452381741198,73.05347905713386,8.664845051590646,8.671725252269734,0.005279552316175782,0.45771585408829424,68.85217684626551,68.45274688250817,158,0.0,135,8784,0.1389325959397563,0.0,1.0
97,4,savE® OM42,True,1.0790404221580705,1.0107801450265443,-0.2000356330661056,0.9816209288761535,-0.45418048149927537,0.9294422436431344,uttarakhand,4,savE® OM42,17.399442243643133,1612.3376212092467,0.38190601045335804,674,2525.3549191825346,2.782825697094122e-11,1688.572216940814,76.98448525902226,9.612690399142888,9.619808990304232,0.0007997248324951099,0.45771585408829424,72.60515143480417,72.31138518126161,614,0.0,168,8784,0.1914002350968221,0.0,1.0
98,4,savE® OM42,True,1.0139582376841032,1.0106049338618606,0.4566424814952812,0.8142998581268353,0.41973362658411995,1.3065064343193624,uttarakhand,4,savE® OM42,17.776506434319362,1570.925956568745,0.45585819900861524,1463,1822.922207083576,2.7238053160432244e-11,1658.2693912357724,88.03635762022873,10.407136340149783,10.413988929715543,7.138701271514109e-05,0.45771585408829424,73.4458672870606,73.38711185353972,1523,0.0,228,8784,0.27905784649447096,0.0,1.0
99,4,savE® OM42,True,1.0332697449391852,1.0157380547355181,0.39726308850608055,0.8776651540516256,0.25944023118087767,0.8049515690086251,uttarakhand,4,savE® OM42,17.274951569008625,1611.15561075987,0.43051668860048353,1221,2088.282354871085,2.7392527468906646e-11,1692.83222680332,82.40855754747214,9.961225611513767,9.96830624948662,0.00011654025450074195,0.45771585408829424,71.30409821841752,71.2425410538299,957,0.0,200,8784,0.24592969177847235,0.0,1.0
100,4,savE® OM42,True,0.9670354892350342,1.009637033942113,0.19667133454856484,0.8525578342308064,-0.285354096930331,0.16618494387467875,uttarakhand,4,savE® OM42,16.636184943874678,1593.7923805623725,0.420840209224736,945,2103.2796531813833,2.7805670136262758e-11,1672.800619168024,79.77519380191573,9.626158390041724,9.633444288409649,0.00015005418447811204,0.45771585408829424,71.57671919099226,71.42238231620468,934,0.0,192,8784,0.2333651927875439,0.0,1.0
101,4,savE® OM42,True,1.0487665721842494,0.9983814062025556,-0.8627151131959087,1.03827035293742,0.37774152910537795,0.4144682117903544,uttarakhand,4,savE® OM42,16.884468211790352,1615.9848303132535,0.36558740178989757,639,2784.92208229411,2.753885087617133e-11,1691.202228913164,76.00199995566363,8.23899088966865,8.246317518510761,0.0007801669746571618,0.45771585408829424,67.34695892467848,67.28527109331274,125,0.0,141,8784,0.15790816722770024,0.0,1.0
102,4,savE® OM42,True,1.006070752060599,0.9992911464965345,0.29301462836169967,0.8055152931043532,0.12819048172343184,-1.3727223320956043,uttarakhand,4,savE® OM42,15.097277667904395,1607.2338734525053,0.4403892385802425,1149,2008.7144936998873,2.751135386004087e-11,1683.8290186557476,77.43069920806964,9.666929134027376,9.674637380883183,1.4993961928555148e-05,0.45771585408829424,70.10797453715912,70.05134722880503,765,0.0,196,8784,0.23241513551476609,0.0,1.0
103,4,savE® OM42,True,1.0115384229988222,1.0125141494620518,-0.27577052629335086,1.04399422780555,0.43084182837486507,0.7523753824870547,uttarakhand,4,savE® OM42,17.222375382487055,1643.0496951472646,0.37301437066133614,723,2739.2534976263546,2.755515267859131e-11,1717.9404374906196,75.65326606107521,8.461926715813316,8.469127106082372,0.0007207560197644962,0.45771585408829424,67.43649366585896,67.37586531420871,208,0.0,150,8784,0.1749997212283864,0.0,1.0
104,4,savE® OM42,True,1.062342392969695,1.0303451811255961,0.10495441823468059,1.1912505212293483,0.13209629491444042,-0.0539995317971238,uttarakhand,4,savE® OM42,16.416000468202874,1737.0565038677305,0.3386071121698456,507,3378.2680253532485,2.780871444876353e-11,1801.8173059423482,65.58561906775846,8.15668331382964,8.164182990919077,0.0013590785795863077,0.45771585408829424,65.77943630916538,65.69982125850251,44,0.0,120,8784,0.1313118723494631,0.0,1.0
105,4,savE® OM42,True,1.028551642258638,0.9667810858464878,0.09716892037436525,0.8117079810033894,-0.07241762773420668,0.5919543931117195,uttarakhand,4,savE® OM42,17.06195439311172,1503.1822665944817,0.4239159159960363,925,1966.4485260993258,2.7648838940691594e-11,1583.473621071106,81.03011263804696,9.569810582277244,9.576930321102612,0.00013624048283809517,0.45771585408829424,71.09744191746742,70.82270571214625,663,0.0,184,8784,0.22819346437579635,0.0,1.0
106,4,savE® OM42,True,1.0901162514350116,1.0065438223025513,-0.21359278597093068,1.1148999117257987,-0.26166307727463844,-0.37303315660516656,uttarakhand,4,savE® OM42,16.09696684339483,1672.0092864154324,0.3395813011419069,405,3187.0792297104035,2.815969421893949e-11,1735.923983280713,64.75870849854687,8.805775305892903,8.813363923822536,0.0016547150171292771,0.45771585408829424,68.7438103324695,68.34820673963911,142,0.0,126,8784,0.12658676856624085,0.0,1.0
107,4,savE® OM42,True,0.960032768156813,1.0121029094814626,0.047524603119815254,0.8495198639138175,0.11371490330378409,-0.3196919143198391,uttarakhand,4,savE® OM42,16.15030808568016,1613.9366550458735,0.4317697439570509,1147,2086.17951380113,2.7459993362054745e-11,1693.9128889532412,80.76512132511304,9.439836696567774,9.44726278328048,5.359240040822624e-05,0.45771585408829424,70.69811464454928,70.64058000940027,769,0.0,199,8784,0.23692888329580244,0.0,1.0
108,4,savE® OM42,True,1.061522378627904,0.9839742083618918,0.03560436901187604,1.0058425329822165,-0.08173775009373396,0.11651489826801242,uttarakhand,4,savE® OM42,16.58651489826801,1600.2814363642576,0.36414393846549686,499,2728.410116636879,2.796967019675388e-11,1668.647526034215,69.16169829977416,8.914434850339493,8.921831835138496,0.0007484329958383074,0.45771585408829424,68.58861426551262,68.19067151133042,225,0.0,148,8784,0.15610631619632329,0.0,1.0
109,4,savE® OM42,True,0.9242206199436623,1.0050733799847387,0.4372483320061145,0.8028805230241297,-0.21246020371447727,-0.5803396003527816,uttarakhand,4,savE® OM42,15.889660399647218,1586.9120924980791,0.4349789605956015,1040,1975.6074211029613,2.7866065368120178e-11,1664.9189302108596,78.80670348918557,9.556305516696062,9.563798721904568,3.347023767860443e-05,0.45771585408829424,72.29557711077378,72.25621815309024,1092,0.0,199,8784,0.24267617501235833,0.0,1.0
110,4,savE® OM42,True,0.9974248204886758,0.9918146972977698,-0.37851270903369383,1.167364800065005,-0.2069476812146186,-0.590624400528402,uttarakhand,4,savE® OM42,15.879375599471597,1661.470389010899,0.3215616559264396,328,3450.110561667694,2.8223919392329442e-11,1721.8301567294598,61.23563465060934,7.962034804316704,7.969705781733516,0.0027189320568624725,0.45771585408829424,66.8915501721343,66.48345976635959,60,0.0,111,8784,0.09924043490635236,0.0,1.0
111,4,savE® OM42,True,0.9251648665814961,1.0327304035962583,0.6369039489916045,0.9127078072522303,0.0623311559875801,1.9036269387901292,uttarakhand,4,savE® OM42,18.373626938790128,1629.6049136135127,0.43159115321081754,1324,2094.792677233695,2.7352853202775838e-11,1714.1369441898928,85.20840820953849,9.65389822466807,9.660635745136542,0.00022866246316740357,0.45771585408829424,71.90210911315742,71.83319213387051,1012,0.0,221,8784,0.2680181878157345,0.0,1.0
112,4,savE® OM42,True,0.9895182452757441,0.972415548858346,-0.25453166675634653,1.0595460306701363,-0.09732475630531467,1.558470196560367,uttarakhand,4,savE® OM42,18.028470196560367,1559.1063980467777,0.352033130530237,464,2802.432174641814,2.7809107263279288e-11,1631.516839286153,73.15694771170568,8.471005825922928,8.47794461205698,0.0024709747776986233,0.45771585408829424,67.73078225711198,67.37699529228527,184,0.0,142,8784,0.15233898741624574,0.0,1.0
113,4,savE® OM42,True,1.0652402515463606,0.9900227146310563,-0.45328488308434045,1.0804298019098486,-0.27014597362442394,-0.48352543917155044,uttarakhand,4,savE® OM42,15.986474560828448,1632.1599509293662,0.3414616147072024,390,3089.7857144193354,2.8121787618131447e-11,1696.9196896151468,65.60353171448062,8.505384897797649,8.513004019353241,0.0013780812039566074,0.45771585408829424,67.73760078481828,67.33559540827376,104,0.0,124,8784,0.12294109679459735,0.0,1.0
114,4,savE® OM42,True,0.961895452863588,0.9895786026474136,-0.36380830368740036,1.0677629081663629,-0.005281008989556746,-0.17141355154226368,uttarakhand,4,savE® OM42,16.298586448457733,1624.9093352181906,0.34644951781372435,421,3002.62537245624,2.807317682175838e-11,1691.228592590918,67.14499487810704,8.281810131427639,8.289324916011008,0.0013506143406733205,0.45771585408829424,68.94662947055839,68.52146828529922,175,0.0,135,8784,0.13236354951328957,0.0,1.0
115,4,savE® OM42,True,0.9002960566116249,1.0235993613843621,0.21884225897973655,1.0616943109138326,-0.28830687828193224,0.851626133237553,uttarakhand,4,savE® OM42,17.32162613323755,1664.8611798936477,0.3645749400181444,585,2814.6430717983544,2.8019459436675235e-11,1735.8567190428687,71.76260330819113,8.760733299345237,8.76789623655621,0.0013365398383031117,0.45771585408829424,70.86252359620883,70.51161351638709,557,0.0,170,8784,0.17265011142395692,0.0,1.0
116,4,savE® OM42,True,0.9265900604836415,0.9585284406567167,0.22154492512083274,0.8434221885042106,-0.3862165585755688,-0.5237628611399634,uttarakhand,4,savE® OM42,15.946237138860035,1532.1408224437412,0.40597151385167063,700,2178.2938463933588,2.7885215075782437e-11,1604.5891673109777,73.25344868729005,8.696834417849798,8.704351001720168,0.00011837081849337717,0.45771585408829424,69.62875146163826,69.403925313583,317,0.0,175,8784,0.19510230903681208,0.0,1.0
117,4,savE® OM42,True,1.0153166469424126,1.010406191847697,-0.49669303444169555,0.8861400953853368,0.21594924713322017,-0.6380074759676977,uttarakhand,4,savE® OM42,15.831992524032302,1618.752444610207,0.4131948714897107,951,2268.375799030696,2.746775144874874e-11,1697.0754248658097,79.13644276761235,9.204777630044411,9.21234420981261,0.00010890266140320679,0.45771585408829424,71.0215287417857,70.95238651472934,478,0.0,173,8784,0.20844908350773858,0.0,1.0
118,4,savE® OM42,True,1.0091042738778295,0.9840158269611112,-0.220268972612207,1.1583570914022991,0.35653561063376227,0.10144541123110518,uttarakhand,4,savE® OM42,16.571445411231103,1645.7328469408933,0.33188009420682485,435,3303.037732472217,2.7725339567711666e-11,1710.6539931138955,65.73878260954461,7.3987777009444065,7.406228045702984,0.0014934102333729038,0.45771585408829424,64.2216368953878,64.15029611428204,0,0.0,104,8784,0.11673293623918542,0.0,1.0
119,4,savE® OM42,True,1.0739115766503893,1.0115299770795012,-1.029679745034521,0.92561934058376,-0.1338161135443775,1.7388643041627505,uttarakhand,4,savE® OM42,18.20886430416275,1559.7363325504518,0.39888885866051216,838,2258.355481946906,2.7569981426575355e-11,1646.0098258539415,86.97728372925059,9.830359551700527,9.837200382515585,0.0008451530949675665,0.45771585408829424,71.66934221258111,71.32991385729855,808,0.0,185,8784,0.21963321535832417,0.0,1.0
