timestamp_utc,GHI_Wm2,GHI_clearsky_Wm2,T_amb_C,RH_pct,wind_ms,point_id,cluster_id,year
2016-01-01 00:00:00+00:00,0.0,0.0,16.24,100.0,2.6,TNP_0006,0,2016
2016-01-01 01:00:00+00:00,43.53,47.55,17.48,98.59,3.01,TNP_0006,0,2016
2016-01-01 02:00:00+00:00,231.35,258.5,20.0,88.23,3.58,TNP_0006,0,2016
2016-01-01 03:00:00+00:00,457.27,484.42,23.13,76.14,3.91,TNP_0006,0,2016
2016-01-01 04:00:00+00:00,623.78,674.88,25.1,69.05,4.89,TNP_0006,0,2016
2016-01-01 05:00:00+00:00,671.33,805.38,26.19,65.91,5.47,TNP_0006,0,2016
2016-01-01 06:00:00+00:00,734.05,842.78,26.91,63.82,5.8,TNP_0006,0,2016
2016-01-01 07:00:00+00:00,735.3,829.12,27.27,62.73,5.94,TNP_0006,0,2016
2016-01-01 08:00:00+00:00,603.83,735.67,27.34,62.32,6.0,TNP_0006,0,2016
2016-01-01 09:00:00+00:00,507.52,576.4,27.03,62.68,5.9,TNP_0006,0,2016
2016-01-01 10:00:00+00:00,316.65,368.17,26.18,65.67,5.46,TNP_0006,0,2016
2016-01-01 11:00:00+00:00,137.85,152.23,24.74,74.75,4.12,TNP_0006,0,2016
2016-01-01 12:00:00+00:00,10.88,11.27,22.46,85.36,3.13,TNP_0006,0,2016
2016-01-01 13:00:00+00:00,0.0,0.0,21.28,88.83,3.16,TNP_0006,0,2016
2016-01-01 14:00:00+00:00,0.0,0.0,20.65,90.36,3.24,TNP_0006,0,2016
2016-01-01 15:00:00+00:00,0.0,0.0,20.15,91.64,3.28,TNP_0006,0,2016
2016-01-01 16:00:00+00:00,0.0,0.0,19.7,92.94,3.27,TNP_0006,0,2016
2016-01-01 17:00:00+00:00,0.0,0.0,19.25,94.61,3.26,TNP_0006,0,2016
2016-01-01 18:00:00+00:00,0.0,0.0,18.81,96.32,3.22,TNP_0006,0,2016
2016-01-01 19:00:00+00:00,0.0,0.0,18.35,98.23,3.15,TNP_0006,0,2016
2016-01-01 20:00:00+00:00,0.0,0.0,17.93,100.0,3.13,TNP_0006,0,2016
2016-01-01 21:00:00+00:00,0.0,0.0,17.56,100.0,3.2,TNP_0006,0,2016
2016-01-01 22:00:00+00:00,0.0,0.0,17.26,100.0,3.3,TNP_0006,0,2016
2016-01-01 23:00:00+00:00,0.0,0.0,16.94,100.0,3.3,TNP_0006,0,2016
2016-01-02 00:00:00+00:00,0.0,0.0,16.61,100.0,3.21,TNP_0006,0,2016
2016-01-02 01:00:00+00:00,40.97,49.03,17.5,98.08,3.6,TNP_0006,0,2016
2016-01-02 02:00:00+00:00,207.18,265.12,19.9,88.24,4.03,TNP_0006,0,2016
2016-01-02 03:00:00+00:00,420.95,494.7,23.0,76.36,4.64,TNP_0006,0,2016
2016-01-02 04:00:00+00:00,609.25,687.0,25.09,67.68,5.59,TNP_0006,0,2016
2016-01-02 05:00:00+00:00,747.72,819.28,26.19,64.09,5.58,TNP_0006,0,2016
2016-01-02 06:00:00+00:00,721.17,838.08,26.87,62.17,5.42,TNP_0006,0,2016
2016-01-02 07:00:00+00:00,751.6,824.83,27.26,61.02,5.32,TNP_0006,0,2016
2016-01-02 08:00:00+00:00,645.45,731.1,27.35,60.45,5.32,TNP_0006,0,2016
2016-01-02 09:00:00+00:00,504.98,559.15,27.02,61.1,5.38,TNP_0006,0,2016
2016-01-02 10:00:00+00:00,333.5,347.5,26.2,63.48,5.26,TNP_0006,0,2016
2016-01-02 11:00:00+00:00,133.75,141.18,24.57,72.52,4.07,TNP_0006,0,2016
2016-01-02 12:00:00+00:00,11.35,11.6,21.68,85.1,3.05,TNP_0006,0,2016
2016-01-02 13:00:00+00:00,0.0,0.0,20.48,88.16,3.06,TNP_0006,0,2016
2016-01-02 14:00:00+00:00,0.0,0.0,19.8,89.85,3.03,TNP_0006,0,2016
2016-01-02 15:00:00+00:00,0.0,0.0,19.19,91.6,2.93,TNP_0006,0,2016
2016-01-02 16:00:00+00:00,0.0,0.0,18.64,93.41,2.86,TNP_0006,0,2016
2016-01-02 17:00:00+00:00,0.0,0.0,18.15,95.39,2.85,TNP_0006,0,2016
2016-01-02 18:00:00+00:00,0.0,0.0,17.67,97.42,2.86,TNP_0006,0,2016
2016-01-02 19:00:00+00:00,0.0,0.0,17.18,99.69,2.85,TNP_0006,0,2016
2016-01-02 20:00:00+00:00,0.0,0.0,16.69,100.0,2.83,TNP_0006,0,2016
2016-01-02 21:00:00+00:00,0.0,0.0,16.24,100.0,2.8,TNP_0006,0,2016
2016-01-02 22:00:00+00:00,0.0,0.0,15.86,100.0,2.79,TNP_0006,0,2016
2016-01-02 23:00:00+00:00,0.0,0.0,15.53,100.0,2.78,TNP_0006,0,2016
2016-01-03 00:00:00+00:00,0.0,0.0,15.22,100.0,2.74,TNP_0006,0,2016
2016-01-03 01:00:00+00:00,42.58,45.28,16.38,100.0,2.74,TNP_0006,0,2016
2016-01-03 02:00:00+00:00,244.9,255.2,19.36,87.92,3.33,TNP_0006,0,2016
2016-01-03 03:00:00+00:00,476.0,483.67,22.28,77.24,2.99,TNP_0006,0,2016
2016-01-03 04:00:00+00:00,678.6,679.08,24.66,66.13,3.93,TNP_0006,0,2016
2016-01-03 05:00:00+00:00,813.65,813.7,25.88,61.45,4.3,TNP_0006,0,2016
2016-01-03 06:00:00+00:00,868.62,870.62,26.73,58.73,4.62,TNP_0006,0,2016
2016-01-03 07:00:00+00:00,858.45,861.83,27.18,57.57,4.89,TNP_0006,0,2016
2016-01-03 08:00:00+00:00,774.47,776.35,27.28,57.43,5.15,TNP_0006,0,2016
2016-01-03 09:00:00+00:00,620.53,623.33,27.0,58.47,5.2,TNP_0006,0,2016
2016-01-03 10:00:00+00:00,414.35,417.4,26.27,61.31,4.92,TNP_0006,0,2016
2016-01-03 11:00:00+00:00,185.75,186.45,24.59,72.3,3.56,TNP_0006,0,2016
2016-01-03 12:00:00+00:00,14.6,14.65,21.4,86.46,2.8,TNP_0006,0,2016
2016-01-03 13:00:00+00:00,0.0,0.0,20.14,89.76,2.91,TNP_0006,0,2016
2016-01-03 14:00:00+00:00,0.0,0.0,19.46,91.74,2.91,TNP_0006,0,2016
2016-01-03 15:00:00+00:00,0.0,0.0,18.81,94.26,2.89,TNP_0006,0,2016
2016-01-03 16:00:00+00:00,0.0,0.0,18.15,98.23,2.83,TNP_0006,0,2016
2016-01-03 17:00:00+00:00,0.0,0.0,17.55,100.0,2.76,TNP_0006,0,2016
2016-01-03 18:00:00+00:00,0.0,0.0,17.08,100.0,2.71,TNP_0006,0,2016
2016-01-03 19:00:00+00:00,0.0,0.0,16.69,100.0,2.69,TNP_0006,0,2016
2016-01-03 20:00:00+00:00,0.0,0.0,16.39,100.0,2.66,TNP_0006,0,2016
2016-01-03 21:00:00+00:00,0.0,0.0,16.15,100.0,2.63,TNP_0006,0,2016
2016-01-03 22:00:00+00:00,0.0,0.0,15.99,100.0,2.7,TNP_0006,0,2016
2016-01-03 23:00:00+00:00,0.0,0.0,15.89,100.0,2.84,TNP_0006,0,2016
2016-01-04 00:00:00+00:00,0.0,0.0,15.73,100.0,2.84,TNP_0006,0,2016
2016-01-04 01:00:00+00:00,45.17,50.17,16.93,100.0,2.74,TNP_0006,0,2016
2016-01-04 02:00:00+00:00,240.4,271.02,19.97,89.87,3.17,TNP_0006,0,2016
2016-01-04 03:00:00+00:00,476.67,500.75,22.91,77.72,3.28,TNP_0006,0,2016
2016-01-04 04:00:00+00:00,668.58,692.65,24.95,68.19,4.11,TNP_0006,0,2016
2016-01-04 05:00:00+00:00,773.78,825.33,26.12,63.34,4.32,TNP_0006,0,2016
2016-01-04 06:00:00+00:00,822.97,861.2,26.88,60.31,4.47,TNP_0006,0,2016
2016-01-04 07:00:00+00:00,794.72,849.8,27.29,58.72,4.59,TNP_0006,0,2016
2016-01-04 08:00:00+00:00,694.22,762.58,27.32,58.12,4.61,TNP_0006,0,2016
2016-01-04 09:00:00+00:00,553.35,609.22,26.95,59.04,4.47,TNP_0006,0,2016
2016-01-04 10:00:00+00:00,338.83,404.02,26.19,61.74,4.28,TNP_0006,0,2016
2016-01-04 11:00:00+00:00,151.77,176.6,24.48,73.35,3.17,TNP_0006,0,2016
2016-01-04 12:00:00+00:00,12.5,13.9,21.55,85.83,2.73,TNP_0006,0,2016
2016-01-04 13:00:00+00:00,0.0,0.0,20.45,88.71,2.9,TNP_0006,0,2016
2016-01-04 14:00:00+00:00,0.0,0.0,19.87,90.48,2.9,TNP_0006,0,2016
2016-01-04 15:00:00+00:00,0.0,0.0,19.34,92.02,2.86,TNP_0006,0,2016
2016-01-04 16:00:00+00:00,0.0,0.0,18.83,93.71,2.84,TNP_0006,0,2016
2016-01-04 17:00:00+00:00,0.0,0.0,18.36,95.78,2.81,TNP_0006,0,2016
2016-01-04 18:00:00+00:00,0.0,0.0,18.0,97.68,2.8,TNP_0006,0,2016
2016-01-04 19:00:00+00:00,0.0,0.0,17.7,99.39,2.86,TNP_0006,0,2016
2016-01-04 20:00:00+00:00,0.0,0.0,17.51,100.0,3.03,TNP_0006,0,2016
2016-01-04 21:00:00+00:00,0.0,0.0,17.39,100.0,3.26,TNP_0006,0,2016
2016-01-04 22:00:00+00:00,0.0,0.0,17.24,100.0,3.35,TNP_0006,0,2016
2016-01-04 23:00:00+00:00,0.0,0.0,17.06,100.0,3.28,TNP_0006,0,2016
2016-01-05 00:00:00+00:00,0.0,0.0,16.88,100.0,3.19,TNP_0006,0,2016
2016-01-05 01:00:00+00:00,35.47,38.7,17.81,96.37,3.51,TNP_0006,0,2016
2016-01-05 02:00:00+00:00,203.75,227.02,20.11,87.51,3.84,TNP_0006,0,2016
2016-01-05 03:00:00+00:00,418.45,451.52,23.11,76.78,4.08,TNP_0006,0,2016
2016-01-05 04:00:00+00:00,609.95,643.1,25.33,67.82,4.66,TNP_0006,0,2016
2016-01-05 05:00:00+00:00,716.75,770.9,26.58,64.33,4.24,TNP_0006,0,2016
2016-01-05 06:00:00+00:00,784.0,829.08,27.43,62.89,4.07,TNP_0006,0,2016
2016-01-05 07:00:00+00:00,731.1,817.03,27.87,62.67,4.16,TNP_0006,0,2016
2016-01-05 08:00:00+00:00,618.0,728.17,27.86,63.28,4.28,TNP_0006,0,2016
2016-01-05 09:00:00+00:00,481.77,575.53,27.52,64.56,4.36,TNP_0006,0,2016
2016-01-05 10:00:00+00:00,301.92,374.33,26.7,67.74,4.29,TNP_0006,0,2016
2016-01-05 11:00:00+00:00,131.68,158.45,25.41,75.38,3.48,TNP_0006,0,2016
2016-01-05 12:00:00+00:00,11.32,13.05,22.91,87.36,2.56,TNP_0006,0,2016
2016-01-05 13:00:00+00:00,0.0,0.0,21.8,90.18,2.62,TNP_0006,0,2016
2016-01-05 14:00:00+00:00,0.0,0.0,21.22,91.27,2.65,TNP_0006,0,2016
2016-01-05 15:00:00+00:00,0.0,0.0,20.76,91.74,2.73,TNP_0006,0,2016
2016-01-05 16:00:00+00:00,0.0,0.0,20.45,92.0,2.85,TNP_0006,0,2016
2016-01-05 17:00:00+00:00,0.0,0.0,20.03,93.16,2.91,TNP_0006,0,2016
2016-01-05 18:00:00+00:00,0.0,0.0,19.66,94.57,3.01,TNP_0006,0,2016
2016-01-05 19:00:00+00:00,0.0,0.0,19.48,95.17,3.38,TNP_0006,0,2016
2016-01-05 20:00:00+00:00,0.0,0.0,19.33,95.47,3.73,TNP_0006,0,2016
2016-01-05 21:00:00+00:00,0.0,0.0,19.15,95.61,3.81,TNP_0006,0,2016
2016-01-05 22:00:00+00:00,0.0,0.0,18.92,95.73,3.72,TNP_0006,0,2016
2016-01-05 23:00:00+00:00,0.0,0.0,18.48,96.31,3.52,TNP_0006,0,2016
2016-01-06 00:00:00+00:00,0.0,0.0,18.16,96.13,3.41,TNP_0006,0,2016
2016-01-06 01:00:00+00:00,28.85,35.22,18.66,92.71,3.87,TNP_0006,0,2016
2016-01-06 02:00:00+00:00,163.77,211.45,20.54,85.29,3.98,TNP_0006,0,2016
2016-01-06 03:00:00+00:00,351.98,428.0,23.44,74.35,4.56,TNP_0006,0,2016
2016-01-06 04:00:00+00:00,491.33,617.97,25.35,67.28,4.81,TNP_0006,0,2016
2016-01-06 05:00:00+00:00,530.3,749.15,26.61,63.41,4.6,TNP_0006,0,2016
2016-01-06 06:00:00+00:00,593.92,817.05,27.34,61.76,4.47,TNP_0006,0,2016
2016-01-06 07:00:00+00:00,602.2,802.1,27.76,61.41,4.52,TNP_0006,0,2016
2016-01-06 08:00:00+00:00,507.25,711.05,27.79,62.11,4.66,TNP_0006,0,2016
2016-01-06 09:00:00+00:00,301.1,560.67,27.38,64.23,4.73,TNP_0006,0,2016
2016-01-06 10:00:00+00:00,197.75,353.9,26.63,67.84,4.75,TNP_0006,0,2016
2016-01-06 11:00:00+00:00,99.57,147.62,25.27,76.01,4.0,TNP_0006,0,2016
2016-01-06 12:00:00+00:00,10.38,12.68,23.26,85.92,3.16,TNP_0006,0,2016
2016-01-06 13:00:00+00:00,0.0,0.0,22.3,88.89,3.3,TNP_0006,0,2016
2016-01-06 14:00:00+00:00,0.0,0.0,21.74,90.67,3.23,TNP_0006,0,2016
2016-01-06 15:00:00+00:00,0.0,0.0,21.25,92.12,3.09,TNP_0006,0,2016
2016-01-06 16:00:00+00:00,0.0,0.0,20.76,93.59,2.88,TNP_0006,0,2016
2016-01-06 17:00:00+00:00,0.0,0.0,20.46,94.32,2.81,TNP_0006,0,2016
2016-01-06 18:00:00+00:00,0.0,0.0,20.02,95.58,2.67,TNP_0006,0,2016
2016-01-06 19:00:00+00:00,0.0,0.0,19.53,97.01,2.56,TNP_0006,0,2016
2016-01-06 20:00:00+00:00,0.0,0.0,19.16,97.6,2.58,TNP_0006,0,2016
2016-01-06 21:00:00+00:00,0.0,0.0,18.86,97.61,2.77,TNP_0006,0,2016
2016-01-06 22:00:00+00:00,0.0,0.0,18.5,97.77,2.89,TNP_0006,0,2016
2016-01-06 23:00:00+00:00,0.0,0.0,18.1,97.95,2.82,TNP_0006,0,2016
2016-01-07 00:00:00+00:00,0.0,0.0,17.71,98.26,2.68,TNP_0006,0,2016
2016-01-07 01:00:00+00:00,35.7,39.28,18.45,94.39,3.0,TNP_0006,0,2016
2016-01-07 02:00:00+00:00,197.07,234.93,20.54,86.03,3.51,TNP_0006,0,2016
2016-01-07 03:00:00+00:00,389.77,455.95,23.55,76.12,4.68,TNP_0006,0,2016
2016-01-07 04:00:00+00:00,591.6,644.67,25.36,70.56,5.06,TNP_0006,0,2016
2016-01-07 05:00:00+00:00,734.53,780.28,26.49,67.34,4.9,TNP_0006,0,2016
2016-01-07 06:00:00+00:00,776.45,826.7,27.25,65.25,4.79,TNP_0006,0,2016
2016-01-07 07:00:00+00:00,715.28,814.25,27.69,63.94,4.69,TNP_0006,0,2016
2016-01-07 08:00:00+00:00,572.6,726.55,27.71,63.51,4.63,TNP_0006,0,2016
2016-01-07 09:00:00+00:00,415.3,574.75,27.3,64.4,4.61,TNP_0006,0,2016
2016-01-07 10:00:00+00:00,244.02,373.52,26.51,66.87,4.51,TNP_0006,0,2016
2016-01-07 11:00:00+00:00,113.35,163.88,25.13,74.23,3.65,TNP_0006,0,2016
2016-01-07 12:00:00+00:00,11.12,14.18,22.82,85.67,2.69,TNP_0006,0,2016
2016-01-07 13:00:00+00:00,0.0,0.0,21.6,89.18,2.74,TNP_0006,0,2016
2016-01-07 14:00:00+00:00,0.0,0.0,20.85,91.27,2.68,TNP_0006,0,2016
2016-01-07 15:00:00+00:00,0.0,0.0,20.24,92.88,2.61,TNP_0006,0,2016
2016-01-07 16:00:00+00:00,0.0,0.0,19.73,94.21,2.62,TNP_0006,0,2016
2016-01-07 17:00:00+00:00,0.0,0.0,19.32,95.55,2.65,TNP_0006,0,2016
2016-01-07 18:00:00+00:00,0.0,0.0,19.25,95.71,2.74,TNP_0006,0,2016
2016-01-07 19:00:00+00:00,0.0,0.0,18.99,96.79,2.8,TNP_0006,0,2016
2016-01-07 20:00:00+00:00,0.0,0.0,18.53,98.84,2.76,TNP_0006,0,2016
2016-01-07 21:00:00+00:00,0.0,0.0,18.09,100.0,2.56,TNP_0006,0,2016
2016-01-07 22:00:00+00:00,0.0,0.0,17.6,100.0,2.5,TNP_0006,0,2016
2016-01-07 23:00:00+00:00,0.0,0.0,17.29,100.0,2.57,TNP_0006,0,2016
2016-01-08 00:00:00+00:00,0.0,0.0,17.01,100.0,2.58,TNP_0006,0,2016
2016-01-08 01:00:00+00:00,33.17,37.78,17.93,95.58,2.85,TNP_0006,0,2016
2016-01-08 02:00:00+00:00,207.62,232.15,20.21,85.44,3.32,TNP_0006,0,2016
2016-01-08 03:00:00+00:00,434.75,453.4,23.19,73.8,4.0,TNP_0006,0,2016
2016-01-08 04:00:00+00:00,597.45,642.1,25.0,67.54,4.46,TNP_0006,0,2016
2016-01-08 05:00:00+00:00,700.55,773.62,26.19,63.63,4.44,TNP_0006,0,2016
2016-01-08 06:00:00+00:00,700.9,807.55,26.9,61.25,4.48,TNP_0006,0,2016
2016-01-08 07:00:00+00:00,692.88,791.33,27.19,60.14,4.61,TNP_0006,0,2016
2016-01-08 08:00:00+00:00,559.75,687.47,26.99,60.65,4.68,TNP_0006,0,2016
2016-01-08 09:00:00+00:00,422.65,520.92,26.42,62.73,4.58,TNP_0006,0,2016
2016-01-08 10:00:00+00:00,272.15,330.75,25.63,66.98,4.21,TNP_0006,0,2016
2016-01-08 11:00:00+00:00,118.4,144.3,24.27,77.66,2.99,TNP_0006,0,2016
2016-01-08 12:00:00+00:00,11.23,13.05,22.45,87.44,2.37,TNP_0006,0,2016
2016-01-08 13:00:00+00:00,0.0,0.0,21.75,90.12,2.41,TNP_0006,0,2016
2016-01-08 14:00:00+00:00,0.0,0.0,21.36,91.5,2.47,TNP_0006,0,2016
2016-01-08 15:00:00+00:00,0.0,0.0,21.02,92.65,2.51,TNP_0006,0,2016
2016-01-08 16:00:00+00:00,0.0,0.0,20.56,94.06,2.57,TNP_0006,0,2016
2016-01-08 17:00:00+00:00,0.0,0.0,20.18,95.51,2.61,TNP_0006,0,2016
2016-01-08 18:00:00+00:00,0.0,0.0,19.82,97.26,2.55,TNP_0006,0,2016
2016-01-08 19:00:00+00:00,0.0,0.0,19.36,99.3,2.51,TNP_0006,0,2016
2016-01-08 20:00:00+00:00,0.0,0.0,19.07,99.8,2.62,TNP_0006,0,2016
2016-01-08 21:00:00+00:00,0.0,0.0,18.87,99.25,2.65,TNP_0006,0,2016
2016-01-08 22:00:00+00:00,0.0,0.0,18.58,98.93,2.51,TNP_0006,0,2016
2016-01-08 23:00:00+00:00,0.0,0.0,18.2,99.1,2.39,TNP_0006,0,2016
2016-01-09 00:00:00+00:00,0.0,0.0,17.88,99.01,2.38,TNP_0006,0,2016
2016-01-09 01:00:00+00:00,30.2,35.33,18.45,95.24,2.77,TNP_0006,0,2016
2016-01-09 02:00:00+00:00,181.55,224.2,20.3,86.75,3.25,TNP_0006,0,2016
2016-01-09 03:00:00+00:00,381.15,448.77,23.12,74.57,3.66,TNP_0006,0,2016
2016-01-09 04:00:00+00:00,551.65,643.72,24.94,66.94,3.85,TNP_0006,0,2016
2016-01-09 05:00:00+00:00,672.3,780.78,26.15,61.94,3.93,TNP_0006,0,2016
2016-01-09 06:00:00+00:00,706.53,807.2,26.85,58.84,4.06,TNP_0006,0,2016
2016-01-09 07:00:00+00:00,726.83,801.83,27.17,57.4,4.2,TNP_0006,0,2016
2016-01-09 08:00:00+00:00,655.55,720.78,27.22,57.38,4.32,TNP_0006,0,2016
2016-01-09 09:00:00+00:00,541.42,573.25,26.82,58.75,4.28,TNP_0006,0,2016
2016-01-09 10:00:00+00:00,346.33,376.35,26.05,62.08,4.16,TNP_0006,0,2016
2016-01-09 11:00:00+00:00,151.12,164.82,24.5,72.97,3.13,TNP_0006,0,2016
2016-01-09 12:00:00+00:00,13.73,15.02,22.16,85.35,2.48,TNP_0006,0,2016
2016-01-09 13:00:00+00:00,0.0,0.0,21.24,88.38,2.6,TNP_0006,0,2016
2016-01-09 14:00:00+00:00,0.0,0.0,20.68,90.28,2.63,TNP_0006,0,2016
2016-01-09 15:00:00+00:00,0.0,0.0,20.02,92.22,2.63,TNP_0006,0,2016
2016-01-09 16:00:00+00:00,0.0,0.0,19.38,93.8,2.62,TNP_0006,0,2016
2016-01-09 17:00:00+00:00,0.0,0.0,18.78,95.39,2.61,TNP_0006,0,2016
2016-01-09 18:00:00+00:00,0.0,0.0,18.26,96.8,2.57,TNP_0006,0,2016
2016-01-09 19:00:00+00:00,0.0,0.0,17.75,98.27,2.49,TNP_0006,0,2016
2016-01-09 20:00:00+00:00,0.0,0.0,17.29,99.68,2.44,TNP_0006,0,2016
2016-01-09 21:00:00+00:00,0.0,0.0,16.94,100.0,2.46,TNP_0006,0,2016
2016-01-09 22:00:00+00:00,0.0,0.0,16.7,100.0,2.63,TNP_0006,0,2016
2016-01-09 23:00:00+00:00,0.0,0.0,16.51,100.0,2.86,TNP_0006,0,2016
2016-01-10 00:00:00+00:00,0.0,0.0,16.26,100.0,2.96,TNP_0006,0,2016
2016-01-10 01:00:00+00:00,38.42,38.95,17.15,95.81,3.33,TNP_0006,0,2016
2016-01-10 02:00:00+00:00,235.18,241.5,19.51,85.84,3.67,TNP_0006,0,2016
2016-01-10 03:00:00+00:00,449.9,468.88,22.76,75.26,4.07,TNP_0006,0,2016
2016-01-10 04:00:00+00:00,649.28,662.85,24.79,68.92,4.19,TNP_0006,0,2016
2016-01-10 05:00:00+00:00,702.55,799.7,26.08,64.4,4.01,TNP_0006,0,2016
2016-01-10 06:00:00+00:00,776.1,851.28,27.01,60.85,3.92,TNP_0006,0,2016
2016-01-10 07:00:00+00:00,740.9,843.67,27.52,58.81,3.96,TNP_0006,0,2016
2016-01-10 08:00:00+00:00,625.2,760.53,27.59,58.2,4.13,TNP_0006,0,2016
2016-01-10 09:00:00+00:00,551.92,610.7,27.25,59.07,4.32,TNP_0006,0,2016
2016-01-10 10:00:00+00:00,361.15,409.33,26.48,61.85,4.42,TNP_0006,0,2016
2016-01-10 11:00:00+00:00,163.35,185.38,24.96,70.32,3.77,TNP_0006,0,2016
2016-01-10 12:00:00+00:00,16.08,17.05,22.14,84.61,2.82,TNP_0006,0,2016
2016-01-10 13:00:00+00:00,0.0,0.0,21.02,88.18,2.98,TNP_0006,0,2016
2016-01-10 14:00:00+00:00,0.0,0.0,20.43,90.16,2.98,TNP_0006,0,2016
2016-01-10 15:00:00+00:00,0.0,0.0,19.86,92.18,2.86,TNP_0006,0,2016
2016-01-10 16:00:00+00:00,0.0,0.0,19.32,93.94,2.71,TNP_0006,0,2016
2016-01-10 17:00:00+00:00,0.0,0.0,18.82,95.95,2.65,TNP_0006,0,2016
2016-01-10 18:00:00+00:00,0.0,0.0,18.39,97.78,2.7,TNP_0006,0,2016
2016-01-10 19:00:00+00:00,0.0,0.0,17.98,99.47,2.77,TNP_0006,0,2016
2016-01-10 20:00:00+00:00,0.0,0.0,17.5,100.0,2.8,TNP_0006,0,2016
2016-01-10 21:00:00+00:00,0.0,0.0,17.03,100.0,2.79,TNP_0006,0,2016
2016-01-10 22:00:00+00:00,0.0,0.0,16.61,100.0,2.84,TNP_0006,0,2016
2016-01-10 23:00:00+00:00,0.0,0.0,16.27,100.0,2.95,TNP_0006,0,2016
2016-01-11 00:00:00+00:00,0.0,0.0,15.95,100.0,3.01,TNP_0006,0,2016
2016-01-11 01:00:00+00:00,32.8,35.17,16.88,95.47,3.36,TNP_0006,0,2016
2016-01-11 02:00:00+00:00,220.75,227.1,19.35,84.57,3.58,TNP_0006,0,2016
2016-01-11 03:00:00+00:00,445.35,450.52,22.71,73.18,3.92,TNP_0006,0,2016
2016-01-11 04:00:00+00:00,646.85,647.53,24.83,66.41,4.52,TNP_0006,0,2016
2016-01-11 05:00:00+00:00,776.62,782.58,26.09,62.37,4.52,TNP_0006,0,2016
2016-01-11 06:00:00+00:00,852.53,853.05,26.95,59.63,4.5,TNP_0006,0,2016
2016-01-11 07:00:00+00:00,819.55,847.58,27.43,58.12,4.53,TNP_0006,0,2016
2016-01-11 08:00:00+00:00,730.05,765.75,27.53,57.8,4.56,TNP_0006,0,2016
2016-01-11 09:00:00+00:00,585.78,613.08,27.14,58.87,4.57,TNP_0006,0,2016
2016-01-11 10:00:00+00:00,384.58,407.23,26.36,61.63,4.5,TNP_0006,0,2016
2016-01-11 11:00:00+00:00,173.15,181.85,24.78,70.63,3.55,TNP_0006,0,2016
2016-01-11 12:00:00+00:00,16.42,16.98,22.15,84.41,2.64,TNP_0006,0,2016
2016-01-11 13:00:00+00:00,0.0,0.0,21.04,88.22,2.68,TNP_0006,0,2016
2016-01-11 14:00:00+00:00,0.0,0.0,20.34,90.61,2.65,TNP_0006,0,2016
2016-01-11 15:00:00+00:00,0.0,0.0,19.69,92.49,2.6,TNP_0006,0,2016
2016-01-11 16:00:00+00:00,0.0,0.0,19.16,93.9,2.59,TNP_0006,0,2016
2016-01-11 17:00:00+00:00,0.0,0.0,18.66,95.23,2.57,TNP_0006,0,2016
2016-01-11 18:00:00+00:00,0.0,0.0,18.19,96.51,2.58,TNP_0006,0,2016
2016-01-11 19:00:00+00:00,0.0,0.0,17.72,98.24,2.57,TNP_0006,0,2016
2016-01-11 20:00:00+00:00,0.0,0.0,17.27,100.0,2.58,TNP_0006,0,2016
2016-01-11 21:00:00+00:00,0.0,0.0,16.83,100.0,2.57,TNP_0006,0,2016
2016-01-11 22:00:00+00:00,0.0,0.0,16.42,100.0,2.58,TNP_0006,0,2016
2016-01-11 23:00:00+00:00,0.0,0.0,16.08,100.0,2.6,TNP_0006,0,2016
2016-01-12 00:00:00+00:00,0.0,0.0,15.77,100.0,2.6,TNP_0006,0,2016
2016-01-12 01:00:00+00:00,35.88,36.15,16.93,97.35,2.8,TNP_0006,0,2016
2016-01-12 02:00:00+00:00,229.85,232.9,19.52,85.66,3.28,TNP_0006,0,2016
2016-01-12 03:00:00+00:00,457.85,463.42,22.65,73.63,3.2,TNP_0006,0,2016
2016-01-12 04:00:00+00:00,657.78,661.33,24.72,65.64,3.56,TNP_0006,0,2016
2016-01-12 05:00:00+00:00,796.17,796.95,26.0,61.15,3.64,TNP_0006,0,2016
2016-01-12 06:00:00+00:00,846.0,852.75,26.94,57.73,3.88,TNP_0006,0,2016
2016-01-12 07:00:00+00:00,839.75,848.6,27.49,55.56,4.19,TNP_0006,0,2016
2016-01-12 08:00:00+00:00,762.28,766.42,27.63,54.61,4.48,TNP_0006,0,2016
2016-01-12 09:00:00+00:00,609.58,615.85,27.3,55.46,4.64,TNP_0006,0,2016
2016-01-12 10:00:00+00:00,405.9,412.95,26.51,58.2,4.68,TNP_0006,0,2016
2016-01-12 11:00:00+00:00,186.6,187.93,24.79,68.29,3.85,TNP_0006,0,2016
2016-01-12 12:00:00+00:00,17.85,18.12,21.88,82.38,3.06,TNP_0006,0,2016
2016-01-12 13:00:00+00:00,0.0,0.0,20.78,86.17,3.24,TNP_0006,0,2016
2016-01-12 14:00:00+00:00,0.0,0.0,20.21,88.55,3.22,TNP_0006,0,2016
2016-01-12 15:00:00+00:00,0.0,0.0,19.63,91.1,3.01,TNP_0006,0,2016
2016-01-12 16:00:00+00:00,0.0,0.0,19.12,93.2,2.83,TNP_0006,0,2016
2016-01-12 17:00:00+00:00,0.0,0.0,18.62,95.69,2.67,TNP_0006,0,2016
2016-01-12 18:00:00+00:00,0.0,0.0,18.16,98.07,2.56,TNP_0006,0,2016
2016-01-12 19:00:00+00:00,0.0,0.0,17.69,100.0,2.44,TNP_0006,0,2016
2016-01-12 20:00:00+00:00,0.0,0.0,17.29,100.0,2.33,TNP_0006,0,2016
2016-01-12 21:00:00+00:00,0.0,0.0,16.94,100.0,2.28,TNP_0006,0,2016
2016-01-12 22:00:00+00:00,0.0,0.0,16.7,100.0,2.24,TNP_0006,0,2016
2016-01-12 23:00:00+00:00,0.0,0.0,16.51,100.0,2.22,TNP_0006,0,2016
2016-01-13 00:00:00+00:00,0.0,0.0,16.4,100.0,2.22,TNP_0006,0,2016
2016-01-13 01:00:00+00:00,32.72,35.4,17.55,98.51,2.4,TNP_0006,0,2016
2016-01-13 02:00:00+00:00,205.8,229.68,19.79,88.17,2.96,TNP_0006,0,2016
2016-01-13 03:00:00+00:00,421.58,457.92,22.74,76.69,2.21,TNP_0006,0,2016
2016-01-13 04:00:00+00:00,601.15,654.1,24.79,68.83,2.55,TNP_0006,0,2016
2016-01-13 05:00:00+00:00,721.38,795.35,26.13,63.65,2.81,TNP_0006,0,2016
2016-01-13 06:00:00+00:00,750.0,795.28,27.01,60.26,3.06,TNP_0006,0,2016
2016-01-13 07:00:00+00:00,727.83,789.03,27.61,58.36,3.24,TNP_0006,0,2016
2016-01-13 08:00:00+00:00,592.78,708.58,27.81,57.74,3.41,TNP_0006,0,2016
2016-01-13 09:00:00+00:00,465.38,560.6,27.58,58.45,3.67,TNP_0006,0,2016
2016-01-13 10:00:00+00:00,300.88,363.85,26.86,60.97,3.85,TNP_0006,0,2016
2016-01-13 11:00:00+00:00,146.38,158.5,25.25,70.6,3.23,TNP_0006,0,2016
2016-01-13 12:00:00+00:00,16.75,15.7,22.77,82.35,2.88,TNP_0006,0,2016
2016-01-13 13:00:00+00:00,0.0,0.0,21.53,85.96,3.21,TNP_0006,0,2016
2016-01-13 14:00:00+00:00,0.0,0.0,20.79,88.43,3.32,TNP_0006,0,2016
2016-01-13 15:00:00+00:00,0.0,0.0,20.09,91.38,3.04,TNP_0006,0,2016
2016-01-13 16:00:00+00:00,0.0,0.0,19.4,94.34,2.64,TNP_0006,0,2016
2016-01-13 17:00:00+00:00,0.0,0.0,18.78,96.94,2.42,TNP_0006,0,2016
2016-01-13 18:00:00+00:00,0.0,0.0,18.24,99.5,2.32,TNP_0006,0,2016
2016-01-13 19:00:00+00:00,0.0,0.0,17.75,100.0,2.26,TNP_0006,0,2016
2016-01-13 20:00:00+00:00,0.0,0.0,17.28,100.0,2.28,TNP_0006,0,2016
2016-01-13 21:00:00+00:00,0.0,0.0,16.86,100.0,2.36,TNP_0006,0,2016
2016-01-13 22:00:00+00:00,0.0,0.0,16.48,100.0,2.47,TNP_0006,0,2016
2016-01-13 23:00:00+00:00,0.0,0.0,16.13,100.0,2.57,TNP_0006,0,2016
2016-01-14 00:00:00+00:00,0.0,0.0,15.82,100.0,2.64,TNP_0006,0,2016
2016-01-14 01:00:00+00:00,31.62,32.3,16.97,97.66,2.71,TNP_0006,0,2016
2016-01-14 02:00:00+00:00,213.77,217.6,19.48,85.45,3.23,TNP_0006,0,2016
2016-01-14 03:00:00+00:00,439.42,444.62,22.12,73.61,2.72,TNP_0006,0,2016
2016-01-14 04:00:00+00:00,642.0,643.67,24.27,62.6,3.42,TNP_0006,0,2016
2016-01-14 05:00:00+00:00,784.22,785.4,25.4,57.79,3.65,TNP_0006,0,2016
2016-01-14 06:00:00+00:00,839.25,840.08,26.23,54.53,3.92,TNP_0006,0,2016
2016-01-14 07:00:00+00:00,834.8,836.53,26.68,52.89,4.16,TNP_0006,0,2016
2016-01-14 08:00:00+00:00,746.97,753.85,26.76,52.75,4.25,TNP_0006,0,2016
2016-01-14 09:00:00+00:00,596.85,604.15,26.38,54.23,4.2,TNP_0006,0,2016
2016-01-14 10:00:00+00:00,396.85,402.55,25.48,60.04,3.71,TNP_0006,0,2016
2016-01-14 11:00:00+00:00,179.68,181.43,23.81,72.6,2.82,TNP_0006,0,2016
2016-01-14 12:00:00+00:00,17.92,18.12,21.38,82.54,2.72,TNP_0006,0,2016
2016-01-14 13:00:00+00:00,0.0,0.0,20.3,85.79,2.92,TNP_0006,0,2016
2016-01-14 14:00:00+00:00,0.0,0.0,19.53,88.6,2.9,TNP_0006,0,2016
2016-01-14 15:00:00+00:00,0.0,0.0,18.74,91.51,2.81,TNP_0006,0,2016
2016-01-14 16:00:00+00:00,0.0,0.0,18.18,93.5,2.75,TNP_0006,0,2016
2016-01-14 17:00:00+00:00,0.0,0.0,17.7,95.64,2.72,TNP_0006,0,2016
2016-01-14 18:00:00+00:00,0.0,0.0,17.24,98.09,2.68,TNP_0006,0,2016
2016-01-14 19:00:00+00:00,0.0,0.0,16.78,100.0,2.6,TNP_0006,0,2016
2016-01-14 20:00:00+00:00,0.0,0.0,16.36,100.0,2.51,TNP_0006,0,2016
2016-01-14 21:00:00+00:00,0.0,0.0,16.0,100.0,2.43,TNP_0006,0,2016
2016-01-14 22:00:00+00:00,0.0,0.0,15.71,100.0,2.38,TNP_0006,0,2016
2016-01-14 23:00:00+00:00,0.0,0.0,15.45,100.0,2.35,TNP_0006,0,2016
2016-01-15 00:00:00+00:00,0.0,0.0,15.22,100.0,2.37,TNP_0006,0,2016
2016-01-15 01:00:00+00:00,33.53,33.92,16.52,100.0,2.41,TNP_0006,0,2016
2016-01-15 02:00:00+00:00,222.65,225.55,19.41,86.8,3.21,TNP_0006,0,2016
2016-01-15 03:00:00+00:00,449.45,454.27,22.72,72.74,2.7,TNP_0006,0,2016
2016-01-15 04:00:00+00:00,651.35,653.22,24.64,65.25,2.81,TNP_0006,0,2016
2016-01-15 05:00:00+00:00,796.42,796.65,25.9,60.54,2.88,TNP_0006,0,2016
2016-01-15 06:00:00+00:00,864.28,869.33,26.78,57.28,3.02,TNP_0006,0,2016
2016-01-15 07:00:00+00:00,859.92,863.1,27.12,56.16,3.12,TNP_0006,0,2016
2016-01-15 08:00:00+00:00,780.75,781.2,27.16,56.4,3.18,TNP_0006,0,2016
2016-01-15 09:00:00+00:00,624.67,628.9,27.06,57.17,3.43,TNP_0006,0,2016
2016-01-15 10:00:00+00:00,421.0,424.75,26.5,59.53,3.71,TNP_0006,0,2016
2016-01-15 11:00:00+00:00,198.93,201.43,25.08,68.07,3.22,TNP_0006,0,2016
2016-01-15 12:00:00+00:00,20.2,20.33,22.0,83.32,2.64,TNP_0006,0,2016
2016-01-15 13:00:00+00:00,0.0,0.0,20.76,86.65,2.91,TNP_0006,0,2016
2016-01-15 14:00:00+00:00,0.0,0.0,20.09,88.6,3.01,TNP_0006,0,2016
2016-01-15 15:00:00+00:00,0.0,0.0,19.43,91.03,2.94,TNP_0006,0,2016
2016-01-15 16:00:00+00:00,0.0,0.0,18.82,93.55,2.78,TNP_0006,0,2016
2016-01-15 17:00:00+00:00,0.0,0.0,18.28,96.14,2.63,TNP_0006,0,2016
2016-01-15 18:00:00+00:00,0.0,0.0,17.79,99.18,2.52,TNP_0006,0,2016
2016-01-15 19:00:00+00:00,0.0,0.0,17.36,100.0,2.44,TNP_0006,0,2016
2016-01-15 20:00:00+00:00,0.0,0.0,17.0,100.0,2.41,TNP_0006,0,2016
2016-01-15 21:00:00+00:00,0.0,0.0,16.68,100.0,2.37,TNP_0006,0,2016
2016-01-15 22:00:00+00:00,0.0,0.0,16.4,100.0,2.31,TNP_0006,0,2016
2016-01-15 23:00:00+00:00,0.0,0.0,16.2,100.0,2.3,TNP_0006,0,2016
2016-01-16 00:00:00+00:00,0.0,0.0,16.12,100.0,2.33,TNP_0006,0,2016
2016-01-16 01:00:00+00:00,33.5,33.92,17.5,99.66,2.54,TNP_0006,0,2016
2016-01-16 02:00:00+00:00,204.52,207.95,20.15,87.52,2.96,TNP_0006,0,2016
2016-01-16 03:00:00+00:00,446.23,451.12,22.85,76.04,2.7,TNP_0006,0,2016
2016-01-16 04:00:00+00:00,648.3,648.3,24.82,67.67,2.86,TNP_0006,0,2016
2016-01-16 05:00:00+00:00,784.05,789.65,26.3,62.25,3.09,TNP_0006,0,2016
2016-01-16 06:00:00+00:00,818.9,842.65,27.31,58.9,3.25,TNP_0006,0,2016
2016-01-16 07:00:00+00:00,782.35,837.78,27.94,56.77,3.27,TNP_0006,0,2016
2016-01-16 08:00:00+00:00,663.25,754.88,28.05,55.96,3.18,TNP_0006,0,2016
2016-01-16 09:00:00+00:00,538.38,602.88,27.79,56.49,3.0,TNP_0006,0,2016
2016-01-16 10:00:00+00:00,351.6,399.48,27.05,59.11,2.89,TNP_0006,0,2016
2016-01-16 11:00:00+00:00,164.07,179.57,25.56,68.21,2.79,TNP_0006,0,2016
2016-01-16 12:00:00+00:00,18.1,18.73,22.97,79.89,2.92,TNP_0006,0,2016
2016-01-16 13:00:00+00:00,0.0,0.0,22.0,81.86,3.94,TNP_0006,0,2016
2016-01-16 14:00:00+00:00,0.0,0.0,21.31,85.17,4.16,TNP_0006,0,2016
2016-01-16 15:00:00+00:00,0.0,0.0,20.74,88.42,3.85,TNP_0006,0,2016
2016-01-16 16:00:00+00:00,0.0,0.0,20.16,91.8,2.99,TNP_0006,0,2016
2016-01-16 17:00:00+00:00,0.0,0.0,19.71,94.45,2.2,TNP_0006,0,2016
2016-01-16 18:00:00+00:00,0.0,0.0,19.43,95.72,1.91,TNP_0006,0,2016
2016-01-16 19:00:00+00:00,0.0,0.0,19.18,96.4,1.86,TNP_0006,0,2016
2016-01-16 20:00:00+00:00,0.0,0.0,18.95,96.94,1.89,TNP_0006,0,2016
2016-01-16 21:00:00+00:00,0.0,0.0,18.8,96.88,1.96,TNP_0006,0,2016
2016-01-16 22:00:00+00:00,0.0,0.0,18.62,96.81,2.02,TNP_0006,0,2016
2016-01-16 23:00:00+00:00,0.0,0.0,18.38,97.19,2.04,TNP_0006,0,2016
2016-01-17 00:00:00+00:00,0.0,0.0,18.16,97.39,2.03,TNP_0006,0,2016
2016-01-17 01:00:00+00:00,25.95,29.4,18.82,94.46,2.11,TNP_0006,0,2016
2016-01-17 02:00:00+00:00,179.0,201.2,20.56,85.78,2.81,TNP_0006,0,2016
2016-01-17 03:00:00+00:00,362.15,409.52,23.03,74.6,2.88,TNP_0006,0,2016
2016-01-17 04:00:00+00:00,542.85,601.97,24.77,67.33,3.02,TNP_0006,0,2016
2016-01-17 05:00:00+00:00,696.12,740.83,26.04,63.0,3.07,TNP_0006,0,2016
2016-01-17 06:00:00+00:00,764.42,804.58,26.77,60.72,3.17,TNP_0006,0,2016
2016-01-17 07:00:00+00:00,679.22,791.1,26.9,59.96,3.28,TNP_0006,0,2016
2016-01-17 08:00:00+00:00,587.65,703.83,26.72,60.12,3.37,TNP_0006,0,2016
2016-01-17 09:00:00+00:00,469.58,556.75,26.25,61.3,3.37,TNP_0006,0,2016
2016-01-17 10:00:00+00:00,277.15,353.75,25.61,63.94,3.33,TNP_0006,0,2016
2016-01-17 11:00:00+00:00,132.88,156.55,24.34,71.05,3.0,TNP_0006,0,2016
2016-01-17 12:00:00+00:00,15.8,17.2,21.83,82.4,2.62,TNP_0006,0,2016
2016-01-17 13:00:00+00:00,0.0,0.0,20.55,85.44,2.97,TNP_0006,0,2016
2016-01-17 14:00:00+00:00,0.0,0.0,19.87,87.22,3.05,TNP_0006,0,2016
2016-01-17 15:00:00+00:00,0.0,0.0,19.32,89.54,2.78,TNP_0006,0,2016
2016-01-17 16:00:00+00:00,0.0,0.0,18.88,91.68,2.43,TNP_0006,0,2016
2016-01-17 17:00:00+00:00,0.0,0.0,18.5,93.42,2.2,TNP_0006,0,2016
2016-01-17 18:00:00+00:00,0.0,0.0,18.2,94.26,2.04,TNP_0006,0,2016
2016-01-17 19:00:00+00:00,0.0,0.0,17.96,95.02,1.87,TNP_0006,0,2016
2016-01-17 20:00:00+00:00,0.0,0.0,17.66,96.62,1.87,TNP_0006,0,2016
2016-01-17 21:00:00+00:00,0.0,0.0,17.26,98.88,2.04,TNP_0006,0,2016
2016-01-17 22:00:00+00:00,0.0,0.0,16.95,100.0,2.25,TNP_0006,0,2016
2016-01-17 23:00:00+00:00,0.0,0.0,16.76,100.0,2.35,TNP_0006,0,2016
2016-01-18 00:00:00+00:00,0.0,0.0,16.61,100.0,2.41,TNP_0006,0,2016
2016-01-18 01:00:00+00:00,25.08,25.9,17.83,96.7,2.67,TNP_0006,0,2016
2016-01-18 02:00:00+00:00,175.82,179.52,20.47,85.25,3.19,TNP_0006,0,2016
2016-01-18 03:00:00+00:00,371.23,380.4,23.6,72.38,2.78,TNP_0006,0,2016
2016-01-18 04:00:00+00:00,551.85,571.67,25.54,64.83,2.69,TNP_0006,0,2016
2016-01-18 05:00:00+00:00,648.12,711.38,26.98,60.48,2.63,TNP_0006,0,2016
2016-01-18 06:00:00+00:00,793.88,861.3,27.97,58.01,2.66,TNP_0006,0,2016
2016-01-18 07:00:00+00:00,757.35,848.28,28.57,56.71,2.78,TNP_0006,0,2016
2016-01-18 08:00:00+00:00,644.67,758.08,28.69,56.67,3.0,TNP_0006,0,2016
2016-01-18 09:00:00+00:00,498.35,599.2,28.38,57.86,3.33,TNP_0006,0,2016
2016-01-18 10:00:00+00:00,301.48,387.62,27.48,61.53,3.71,TNP_0006,0,2016
2016-01-18 11:00:00+00:00,143.5,171.18,25.95,69.88,3.7,TNP_0006,0,2016
2016-01-18 12:00:00+00:00,17.02,18.38,23.58,81.74,3.34,TNP_0006,0,2016
2016-01-18 13:00:00+00:00,0.0,0.0,22.38,86.83,3.5,TNP_0006,0,2016
2016-01-18 14:00:00+00:00,0.0,0.0,21.74,90.13,3.28,TNP_0006,0,2016
2016-01-18 15:00:00+00:00,0.0,0.0,21.2,92.99,2.85,TNP_0006,0,2016
2016-01-18 16:00:00+00:00,0.0,0.0,20.68,95.53,2.39,TNP_0006,0,2016
2016-01-18 17:00:00+00:00,0.0,0.0,20.22,97.79,2.11,TNP_0006,0,2016
2016-01-18 18:00:00+00:00,0.0,0.0,19.85,99.74,1.92,TNP_0006,0,2016
2016-01-18 19:00:00+00:00,0.0,0.0,19.68,100.0,1.71,TNP_0006,0,2016
2016-01-18 20:00:00+00:00,0.0,0.0,19.69,99.49,1.47,TNP_0006,0,2016
2016-01-18 21:00:00+00:00,0.0,0.0,19.55,99.69,1.44,TNP_0006,0,2016
2016-01-18 22:00:00+00:00,0.0,0.0,19.3,100.0,1.59,TNP_0006,0,2016
2016-01-18 23:00:00+00:00,0.0,0.0,19.07,100.0,1.74,TNP_0006,0,2016
2016-01-19 00:00:00+00:00,0.0,0.0,18.84,100.0,1.83,TNP_0006,0,2016
2016-01-19 01:00:00+00:00,24.8,31.55,19.92,97.14,2.0,TNP_0006,0,2016
2016-01-19 02:00:00+00:00,169.45,217.23,22.51,85.58,2.33,TNP_0006,0,2016
2016-01-19 03:00:00+00:00,379.98,445.6,25.3,73.78,2.53,TNP_0006,0,2016
2016-01-19 04:00:00+00:00,535.83,645.05,26.89,67.99,2.74,TNP_0006,0,2016
2016-01-19 05:00:00+00:00,575.62,790.2,28.13,63.79,2.86,TNP_0006,0,2016
2016-01-19 06:00:00+00:00,707.6,838.65,29.0,61.01,3.06,TNP_0006,0,2016
2016-01-19 07:00:00+00:00,722.33,837.5,29.47,59.57,3.28,TNP_0006,0,2016
2016-01-19 08:00:00+00:00,620.92,757.78,29.49,59.4,3.41,TNP_0006,0,2016
2016-01-19 09:00:00+00:00,534.38,610.53,29.15,60.3,3.41,TNP_0006,0,2016
2016-01-19 10:00:00+00:00,348.5,410.85,28.36,63.21,3.38,TNP_0006,0,2016
2016-01-19 11:00:00+00:00,166.12,189.98,26.96,70.53,3.22,TNP_0006,0,2016
2016-01-19 12:00:00+00:00,19.62,20.88,24.72,82.53,2.66,TNP_0006,0,2016
2016-01-19 13:00:00+00:00,0.0,0.0,23.53,86.63,2.99,TNP_0006,0,2016
2016-01-19 14:00:00+00:00,0.0,0.0,22.84,89.23,3.04,TNP_0006,0,2016
2016-01-19 15:00:00+00:00,0.0,0.0,22.26,91.68,2.88,TNP_0006,0,2016
2016-01-19 16:00:00+00:00,0.0,0.0,21.7,94.02,2.53,TNP_0006,0,2016
2016-01-19 17:00:00+00:00,0.0,0.0,21.17,96.22,2.17,TNP_0006,0,2016
2016-01-19 18:00:00+00:00,0.0,0.0,20.72,97.98,1.94,TNP_0006,0,2016
2016-01-19 19:00:00+00:00,0.0,0.0,20.36,99.53,1.8,TNP_0006,0,2016
2016-01-19 20:00:00+00:00,0.0,0.0,20.15,100.0,1.63,TNP_0006,0,2016
2016-01-19 21:00:00+00:00,0.0,0.0,20.09,100.0,1.54,TNP_0006,0,2016
2016-01-19 22:00:00+00:00,0.0,0.0,20.05,100.0,1.54,TNP_0006,0,2016
2016-01-19 23:00:00+00:00,0.0,0.0,19.99,100.0,1.61,TNP_0006,0,2016
2016-01-20 00:00:00+00:00,0.0,0.0,19.88,100.0,1.7,TNP_0006,0,2016
2016-01-20 01:00:00+00:00,23.88,31.33,20.89,96.26,1.88,TNP_0006,0,2016
2016-01-20 02:00:00+00:00,165.57,215.98,23.38,83.88,2.71,TNP_0006,0,2016
2016-01-20 03:00:00+00:00,369.6,437.12,25.59,73.25,3.27,TNP_0006,0,2016
2016-01-20 04:00:00+00:00,518.88,630.25,26.96,68.06,3.11,TNP_0006,0,2016
2016-01-20 05:00:00+00:00,571.78,765.12,28.16,64.1,2.91,TNP_0006,0,2016
2016-01-20 06:00:00+00:00,567.22,773.95,29.15,61.06,2.77,TNP_0006,0,2016
2016-01-20 07:00:00+00:00,523.05,776.78,29.77,59.13,2.71,TNP_0006,0,2016
2016-01-20 08:00:00+00:00,490.8,693.83,29.99,58.31,2.79,TNP_0006,0,2016
2016-01-20 09:00:00+00:00,367.42,540.65,29.77,58.79,2.98,TNP_0006,0,2016
2016-01-20 10:00:00+00:00,256.23,344.7,28.98,61.6,3.25,TNP_0006,0,2016
2016-01-20 11:00:00+00:00,116.57,147.38,27.56,68.89,3.25,TNP_0006,0,2016
2016-01-20 12:00:00+00:00,13.95,17.15,25.32,80.69,2.8,TNP_0006,0,2016
2016-01-20 13:00:00+00:00,0.0,0.0,24.18,84.82,3.22,TNP_0006,0,2016
2016-01-20 14:00:00+00:00,0.0,0.0,23.49,87.87,3.2,TNP_0006,0,2016
2016-01-20 15:00:00+00:00,0.0,0.0,22.96,90.52,2.92,TNP_0006,0,2016
2016-01-20 16:00:00+00:00,0.0,0.0,22.47,92.92,2.51,TNP_0006,0,2016
2016-01-20 17:00:00+00:00,0.0,0.0,22.01,95.11,2.15,TNP_0006,0,2016
2016-01-20 18:00:00+00:00,0.0,0.0,21.58,96.92,1.9,TNP_0006,0,2016
2016-01-20 19:00:00+00:00,0.0,0.0,21.23,98.4,1.78,TNP_0006,0,2016
2016-01-20 20:00:00+00:00,0.0,0.0,21.01,99.3,1.7,TNP_0006,0,2016
2016-01-20 21:00:00+00:00,0.0,0.0,20.9,99.63,1.67,TNP_0006,0,2016
2016-01-20 22:00:00+00:00,0.0,0.0,20.82,99.7,1.7,TNP_0006,0,2016
2016-01-20 23:00:00+00:00,0.0,0.0,20.73,99.89,1.72,TNP_0006,0,2016
2016-01-21 00:00:00+00:00,0.0,0.0,20.59,100.0,1.77,TNP_0006,0,2016
2016-01-21 01:00:00+00:00,17.77,26.42,21.56,95.62,2.05,TNP_0006,0,2016
2016-01-21 02:00:00+00:00,117.38,181.23,23.84,84.46,2.63,TNP_0006,0,2016
2016-01-21 03:00:00+00:00,250.38,385.7,26.21,73.42,3.01,TNP_0006,0,2016
2016-01-21 04:00:00+00:00,405.38,565.67,27.77,67.21,3.17,TNP_0006,0,2016
2016-01-21 05:00:00+00:00,594.22,708.47,28.99,63.17,3.27,TNP_0006,0,2016
2016-01-21 06:00:00+00:00,591.35,754.5,29.82,60.8,3.45,TNP_0006,0,2016
2016-01-21 07:00:00+00:00,435.7,753.17,30.32,59.39,3.7,TNP_0006,0,2016
2016-01-21 08:00:00+00:00,477.98,675.25,30.45,58.94,4.0,TNP_0006,0,2016
2016-01-21 09:00:00+00:00,464.7,543.53,29.96,60.4,4.38,TNP_0006,0,2016
2016-01-21 10:00:00+00:00,282.1,356.9,28.9,64.29,4.93,TNP_0006,0,2016
2016-01-21 11:00:00+00:00,137.32,161.82,27.38,71.22,5.03,TNP_0006,0,2016
2016-01-21 12:00:00+00:00,17.45,19.17,25.43,80.74,4.4,TNP_0006,0,2016
2016-01-21 13:00:00+00:00,0.0,0.0,24.22,86.72,4.08,TNP_0006,0,2016
2016-01-21 14:00:00+00:00,0.0,0.0,23.51,90.04,3.65,TNP_0006,0,2016
2016-01-21 15:00:00+00:00,0.0,0.0,22.91,92.74,3.09,TNP_0006,0,2016
2016-01-21 16:00:00+00:00,0.0,0.0,22.38,94.96,2.68,TNP_0006,0,2016
2016-01-21 17:00:00+00:00,0.0,0.0,21.9,96.85,2.4,TNP_0006,0,2016
2016-01-21 18:00:00+00:00,0.0,0.0,21.45,98.64,2.18,TNP_0006,0,2016
2016-01-21 19:00:00+00:00,0.0,0.0,21.05,100.0,2.06,TNP_0006,0,2016
2016-01-21 20:00:00+00:00,0.0,0.0,20.7,100.0,2.01,TNP_0006,0,2016
2016-01-21 21:00:00+00:00,0.0,0.0,20.38,100.0,2.01,TNP_0006,0,2016
2016-01-21 22:00:00+00:00,0.0,0.0,20.11,100.0,2.03,TNP_0006,0,2016
2016-01-21 23:00:00+00:00,0.0,0.0,19.89,100.0,2.01,TNP_0006,0,2016
2016-01-22 00:00:00+00:00,0.0,0.0,19.73,100.0,2.07,TNP_0006,0,2016
2016-01-22 01:00:00+00:00,20.2,27.6,20.89,95.99,2.53,TNP_0006,0,2016
2016-01-22 02:00:00+00:00,148.88,196.65,23.1,85.86,3.37,TNP_0006,0,2016
2016-01-22 03:00:00+00:00,332.05,416.95,25.4,75.14,3.84,TNP_0006,0,2016
2016-01-22 04:00:00+00:00,545.53,613.2,27.14,67.06,3.92,TNP_0006,0,2016
2016-01-22 05:00:00+00:00,546.7,759.7,28.56,61.01,3.86,TNP_0006,0,2016
2016-01-22 06:00:00+00:00,707.9,775.22,29.48,57.09,3.82,TNP_0006,0,2016
2016-01-22 07:00:00+00:00,677.28,775.97,30.1,54.92,3.86,TNP_0006,0,2016
2016-01-22 08:00:00+00:00,555.3,698.65,30.23,54.52,4.02,TNP_0006,0,2016
2016-01-22 09:00:00+00:00,460.92,554.95,29.81,55.96,4.34,TNP_0006,0,2016
2016-01-22 10:00:00+00:00,298.17,364.1,28.92,59.05,4.7,TNP_0006,0,2016
2016-01-22 11:00:00+00:00,145.98,167.32,27.32,66.69,4.42,TNP_0006,0,2016
2016-01-22 12:00:00+00:00,19.08,20.52,25.18,78.18,3.58,TNP_0006,0,2016
2016-01-22 13:00:00+00:00,0.0,0.0,24.03,84.19,3.61,TNP_0006,0,2016
2016-01-22 14:00:00+00:00,0.0,0.0,23.29,88.84,3.3,TNP_0006,0,2016
2016-01-22 15:00:00+00:00,0.0,0.0,22.68,92.6,2.9,TNP_0006,0,2016
2016-01-22 16:00:00+00:00,0.0,0.0,22.28,94.73,2.83,TNP_0006,0,2016
2016-01-22 17:00:00+00:00,0.0,0.0,21.94,96.44,2.77,TNP_0006,0,2016
2016-01-22 18:00:00+00:00,0.0,0.0,21.6,98.1,2.66,TNP_0006,0,2016
2016-01-22 19:00:00+00:00,0.0,0.0,21.37,98.86,2.61,TNP_0006,0,2016
2016-01-22 20:00:00+00:00,0.0,0.0,21.14,99.25,2.58,TNP_0006,0,2016
2016-01-22 21:00:00+00:00,0.0,0.0,20.9,99.48,2.54,TNP_0006,0,2016
2016-01-22 22:00:00+00:00,0.0,0.0,20.69,99.56,2.46,TNP_0006,0,2016
2016-01-22 23:00:00+00:00,0.0,0.0,20.5,99.81,2.4,TNP_0006,0,2016
2016-01-23 00:00:00+00:00,0.0,0.0,20.33,100.0,2.29,TNP_0006,0,2016
2016-01-23 01:00:00+00:00,27.25,29.83,21.31,95.18,2.79,TNP_0006,0,2016
2016-01-23 02:00:00+00:00,176.25,219.52,23.41,86.85,3.52,TNP_0006,0,2016
2016-01-23 03:00:00+00:00,373.35,449.35,25.5,77.89,4.24,TNP_0006,0,2016
2016-01-23 04:00:00+00:00,538.62,648.72,27.07,71.03,4.46,TNP_0006,0,2016
2016-01-23 05:00:00+00:00,662.15,792.08,28.53,65.75,4.61,TNP_0006,0,2016
2016-01-23 06:00:00+00:00,684.8,836.35,29.75,61.51,4.75,TNP_0006,0,2016
2016-01-23 07:00:00+00:00,712.7,837.15,30.38,59.22,4.88,TNP_0006,0,2016
2016-01-23 08:00:00+00:00,633.15,762.1,30.44,58.63,5.03,TNP_0006,0,2016
2016-01-23 09:00:00+00:00,512.88,614.38,29.96,59.75,5.15,TNP_0006,0,2016
2016-01-23 10:00:00+00:00,346.52,414.98,29.09,62.65,5.19,TNP_0006,0,2016
2016-01-23 11:00:00+00:00,172.57,195.05,27.59,69.2,4.91,TNP_0006,0,2016
2016-01-23 12:00:00+00:00,22.7,23.73,25.5,80.16,4.0,TNP_0006,0,2016
2016-01-23 13:00:00+00:00,0.0,0.0,24.41,85.73,4.14,TNP_0006,0,2016
2016-01-23 14:00:00+00:00,0.0,0.0,23.75,89.35,4.07,TNP_0006,0,2016
2016-01-23 15:00:00+00:00,0.0,0.0,23.24,92.27,3.65,TNP_0006,0,2016
2016-01-23 16:00:00+00:00,0.0,0.0,22.81,94.66,3.02,TNP_0006,0,2016
2016-01-23 17:00:00+00:00,0.0,0.0,22.48,96.26,2.66,TNP_0006,0,2016
2016-01-23 18:00:00+00:00,0.0,0.0,22.3,96.51,2.69,TNP_0006,0,2016
2016-01-23 19:00:00+00:00,0.0,0.0,22.07,97.2,2.59,TNP_0006,0,2016
2016-01-23 20:00:00+00:00,0.0,0.0,21.71,98.43,2.52,TNP_0006,0,2016
2016-01-23 21:00:00+00:00,0.0,0.0,21.4,99.48,2.5,TNP_0006,0,2016
2016-01-23 22:00:00+00:00,0.0,0.0,21.25,99.54,2.65,TNP_0006,0,2016
2016-01-23 23:00:00+00:00,0.0,0.0,21.15,99.45,2.66,TNP_0006,0,2016
2016-01-24 00:00:00+00:00,0.0,0.0,20.9,100.0,2.55,TNP_0006,0,2016
2016-01-24 01:00:00+00:00,29.77,32.58,21.85,94.97,3.35,TNP_0006,0,2016
2016-01-24 02:00:00+00:00,211.05,229.55,24.16,84.17,4.3,TNP_0006,0,2016
2016-01-24 03:00:00+00:00,434.83,460.7,26.32,73.97,4.65,TNP_0006,0,2016
2016-01-24 04:00:00+00:00,560.05,661.22,28.09,66.92,4.53,TNP_0006,0,2016
2016-01-24 05:00:00+00:00,663.53,805.25,29.49,61.77,4.37,TNP_0006,0,2016
2016-01-24 06:00:00+00:00,666.62,852.15,30.33,58.97,4.3,TNP_0006,0,2016
2016-01-24 07:00:00+00:00,648.7,850.83,30.78,57.61,4.32,TNP_0006,0,2016
2016-01-24 08:00:00+00:00,586.15,771.38,30.74,57.87,4.36,TNP_0006,0,2016
2016-01-24 09:00:00+00:00,392.73,624.47,30.4,59.18,4.38,TNP_0006,0,2016
2016-01-24 10:00:00+00:00,250.75,420.85,29.57,62.3,4.48,TNP_0006,0,2016
2016-01-24 11:00:00+00:00,124.03,197.77,28.07,69.52,4.44,TNP_0006,0,2016
2016-01-24 12:00:00+00:00,15.75,23.92,26.13,80.26,3.84,TNP_0006,0,2016
2016-01-24 13:00:00+00:00,0.0,0.0,25.0,86.37,4.15,TNP_0006,0,2016
2016-01-24 14:00:00+00:00,0.0,0.0,24.22,90.74,3.93,TNP_0006,0,2016
2016-01-24 15:00:00+00:00,0.0,0.0,23.6,93.69,3.55,TNP_0006,0,2016
2016-01-24 16:00:00+00:00,0.0,0.0,23.08,95.73,3.01,TNP_0006,0,2016
2016-01-24 17:00:00+00:00,0.0,0.0,22.63,97.06,2.58,TNP_0006,0,2016
2016-01-24 18:00:00+00:00,0.0,0.0,22.21,98.33,2.35,TNP_0006,0,2016
2016-01-24 19:00:00+00:00,0.0,0.0,21.93,98.63,2.34,TNP_0006,0,2016
2016-01-24 20:00:00+00:00,0.0,0.0,21.76,98.4,2.52,TNP_0006,0,2016
2016-01-24 21:00:00+00:00,0.0,0.0,21.63,97.93,2.65,TNP_0006,0,2016
2016-01-24 22:00:00+00:00,0.0,0.0,21.42,98.03,2.61,TNP_0006,0,2016
2016-01-24 23:00:00+00:00,0.0,0.0,21.19,98.24,2.61,TNP_0006,0,2016
2016-01-25 00:00:00+00:00,0.0,0.0,21.01,98.23,2.6,TNP_0006,0,2016
2016-01-25 01:00:00+00:00,21.92,31.3,21.83,93.75,3.2,TNP_0006,0,2016
2016-01-25 02:00:00+00:00,159.95,217.75,24.05,82.25,3.9,TNP_0006,0,2016
2016-01-25 03:00:00+00:00,396.73,445.73,26.22,71.9,4.16,TNP_0006,0,2016
2016-01-25 04:00:00+00:00,543.15,643.62,28.04,64.81,4.12,TNP_0006,0,2016
2016-01-25 05:00:00+00:00,699.8,784.1,29.4,59.91,4.06,TNP_0006,0,2016
2016-01-25 06:00:00+00:00,673.83,854.38,30.22,57.1,4.06,TNP_0006,0,2016
2016-01-25 07:00:00+00:00,620.03,849.35,30.68,55.64,4.11,TNP_0006,0,2016
2016-01-25 08:00:00+00:00,516.8,761.25,30.75,55.34,4.21,TNP_0006,0,2016
2016-01-25 09:00:00+00:00,397.45,598.17,30.36,56.33,4.34,TNP_0006,0,2016
2016-01-25 10:00:00+00:00,250.23,398.65,29.48,59.18,4.47,TNP_0006,0,2016
2016-01-25 11:00:00+00:00,134.73,184.7,27.93,65.54,4.29,TNP_0006,0,2016
2016-01-25 12:00:00+00:00,19.62,23.4,25.8,76.38,3.45,TNP_0006,0,2016
2016-01-25 13:00:00+00:00,0.0,0.0,24.48,82.68,3.52,TNP_0006,0,2016
2016-01-25 14:00:00+00:00,0.0,0.0,23.67,86.72,3.52,TNP_0006,0,2016
2016-01-25 15:00:00+00:00,0.0,0.0,22.99,90.29,3.1,TNP_0006,0,2016
2016-01-25 16:00:00+00:00,0.0,0.0,22.34,93.81,2.51,TNP_0006,0,2016
2016-01-25 17:00:00+00:00,0.0,0.0,21.79,96.43,2.11,TNP_0006,0,2016
2016-01-25 18:00:00+00:00,0.0,0.0,21.47,97.73,1.96,TNP_0006,0,2016
2016-01-25 19:00:00+00:00,0.0,0.0,21.22,98.67,1.9,TNP_0006,0,2016
2016-01-25 20:00:00+00:00,0.0,0.0,21.1,98.71,1.81,TNP_0006,0,2016
2016-01-25 21:00:00+00:00,0.0,0.0,21.04,98.58,1.71,TNP_0006,0,2016
2016-01-25 22:00:00+00:00,0.0,0.0,20.93,98.76,1.65,TNP_0006,0,2016
2016-01-25 23:00:00+00:00,0.0,0.0,20.94,98.38,1.65,TNP_0006,0,2016
2016-01-26 00:00:00+00:00,0.0,0.0,20.91,98.33,1.71,TNP_0006,0,2016
2016-01-26 01:00:00+00:00,27.52,30.12,21.67,94.43,2.4,TNP_0006,0,2016
2016-01-26 02:00:00+00:00,184.98,211.62,23.62,83.96,3.18,TNP_0006,0,2016
2016-01-26 03:00:00+00:00,392.05,438.4,25.62,73.34,3.52,TNP_0006,0,2016
2016-01-26 04:00:00+00:00,566.53,637.12,27.47,63.86,3.57,TNP_0006,0,2016
2016-01-26 05:00:00+00:00,713.17,778.12,29.08,56.33,3.56,TNP_0006,0,2016
2016-01-26 06:00:00+00:00,822.65,861.0,30.14,52.23,3.57,TNP_0006,0,2016
2016-01-26 07:00:00+00:00,780.2,859.65,30.75,50.27,3.59,TNP_0006,0,2016
2016-01-26 08:00:00+00:00,682.88,782.08,30.88,49.91,3.65,TNP_0006,0,2016
2016-01-26 09:00:00+00:00,557.25,634.45,30.57,51.05,3.67,TNP_0006,0,2016
2016-01-26 10:00:00+00:00,395.0,430.55,29.61,54.24,3.8,TNP_0006,0,2016
2016-01-26 11:00:00+00:00,190.3,205.1,28.01,61.71,3.81,TNP_0006,0,2016
2016-01-26 12:00:00+00:00,24.35,25.52,25.63,73.81,3.5,TNP_0006,0,2016
2016-01-26 13:00:00+00:00,0.0,0.0,24.27,80.17,4.08,TNP_0006,0,2016
2016-01-26 14:00:00+00:00,0.0,0.0,23.37,85.3,3.96,TNP_0006,0,2016
2016-01-26 15:00:00+00:00,0.0,0.0,22.69,89.39,3.51,TNP_0006,0,2016
2016-01-26 16:00:00+00:00,0.0,0.0,22.14,92.65,3.01,TNP_0006,0,2016
2016-01-26 17:00:00+00:00,0.0,0.0,21.63,95.33,2.44,TNP_0006,0,2016
2016-01-26 18:00:00+00:00,0.0,0.0,21.17,97.33,2.09,TNP_0006,0,2016
2016-01-26 19:00:00+00:00,0.0,0.0,20.76,98.91,1.91,TNP_0006,0,2016
2016-01-26 20:00:00+00:00,0.0,0.0,20.4,100.0,1.85,TNP_0006,0,2016
2016-01-26 21:00:00+00:00,0.0,0.0,20.13,100.0,1.87,TNP_0006,0,2016
2016-01-26 22:00:00+00:00,0.0,0.0,19.92,100.0,1.95,TNP_0006,0,2016
2016-01-26 23:00:00+00:00,0.0,0.0,19.72,100.0,2.02,TNP_0006,0,2016
2016-01-27 00:00:00+00:00,0.0,0.0,19.49,100.0,2.06,TNP_0006,0,2016
2016-01-27 01:00:00+00:00,27.2,30.65,20.63,95.16,2.45,TNP_0006,0,2016
2016-01-27 02:00:00+00:00,181.18,214.82,23.21,81.43,2.99,TNP_0006,0,2016
2016-01-27 03:00:00+00:00,410.62,442.48,25.58,69.06,2.98,TNP_0006,0,2016
2016-01-27 04:00:00+00:00,590.7,638.12,27.55,60.41,2.92,TNP_0006,0,2016
2016-01-27 05:00:00+00:00,746.17,779.3,29.18,55.25,2.97,TNP_0006,0,2016
2016-01-27 06:00:00+00:00,808.53,841.1,30.14,52.87,3.14,TNP_0006,0,2016
2016-01-27 07:00:00+00:00,831.65,857.22,30.65,51.68,3.39,TNP_0006,0,2016
2016-01-27 08:00:00+00:00,732.4,787.38,30.88,50.65,3.66,TNP_0006,0,2016
2016-01-27 09:00:00+00:00,593.1,645.65,30.71,50.36,3.94,TNP_0006,0,2016
2016-01-27 10:00:00+00:00,421.7,447.52,29.98,51.8,4.24,TNP_0006,0,2016
2016-01-27 11:00:00+00:00,206.88,221.18,28.27,59.28,4.14,TNP_0006,0,2016
2016-01-27 12:00:00+00:00,28.05,29.23,25.46,72.16,3.85,TNP_0006,0,2016
2016-01-27 13:00:00+00:00,0.0,0.0,23.95,78.64,4.64,TNP_0006,0,2016
2016-01-27 14:00:00+00:00,0.0,0.0,22.84,84.05,4.19,TNP_0006,0,2016
2016-01-27 15:00:00+00:00,0.0,0.0,22.01,87.7,3.47,TNP_0006,0,2016
2016-01-27 16:00:00+00:00,0.0,0.0,21.32,90.7,2.73,TNP_0006,0,2016
2016-01-27 17:00:00+00:00,0.0,0.0,20.69,93.43,2.14,TNP_0006,0,2016
2016-01-27 18:00:00+00:00,0.0,0.0,20.2,95.53,1.86,TNP_0006,0,2016
2016-01-27 19:00:00+00:00,0.0,0.0,19.81,97.2,1.75,TNP_0006,0,2016
2016-01-27 20:00:00+00:00,0.0,0.0,19.48,98.66,1.72,TNP_0006,0,2016
2016-01-27 21:00:00+00:00,0.0,0.0,19.13,100.0,1.8,TNP_0006,0,2016
2016-01-27 22:00:00+00:00,0.0,0.0,18.79,100.0,1.91,TNP_0006,0,2016
2016-01-27 23:00:00+00:00,0.0,0.0,18.5,100.0,1.99,TNP_0006,0,2016
2016-01-28 00:00:00+00:00,0.0,0.0,18.25,100.0,2.03,TNP_0006,0,2016
2016-01-28 01:00:00+00:00,28.88,33.12,19.52,97.15,2.12,TNP_0006,0,2016
2016-01-28 02:00:00+00:00,215.05,233.12,22.33,82.69,2.19,TNP_0006,0,2016
2016-01-28 03:00:00+00:00,461.52,469.98,25.37,66.83,2.24,TNP_0006,0,2016
2016-01-28 04:00:00+00:00,672.38,676.12,27.42,57.83,2.49,TNP_0006,0,2016
2016-01-28 05:00:00+00:00,825.28,825.28,29.11,51.47,2.79,TNP_0006,0,2016
2016-01-28 06:00:00+00:00,896.85,898.95,30.37,47.3,3.06,TNP_0006,0,2016
2016-01-28 07:00:00+00:00,897.22,898.5,31.09,44.67,3.33,TNP_0006,0,2016
2016-01-28 08:00:00+00:00,820.22,820.3,31.28,43.48,3.58,TNP_0006,0,2016
2016-01-28 09:00:00+00:00,669.53,669.6,31.02,43.19,3.7,TNP_0006,0,2016
2016-01-28 10:00:00+00:00,463.88,463.9,30.18,44.61,3.77,TNP_0006,0,2016
2016-01-28 11:00:00+00:00,232.68,232.75,28.43,52.45,3.32,TNP_0006,0,2016
2016-01-28 12:00:00+00:00,31.23,31.25,24.66,71.62,2.63,TNP_0006,0,2016
2016-01-28 13:00:00+00:00,0.0,0.0,22.97,77.86,2.84,TNP_0006,0,2016
2016-01-28 14:00:00+00:00,0.0,0.0,22.05,82.61,2.8,TNP_0006,0,2016
2016-01-28 15:00:00+00:00,0.0,0.0,21.2,87.21,2.65,TNP_0006,0,2016
2016-01-28 16:00:00+00:00,0.0,0.0,20.45,91.23,2.48,TNP_0006,0,2016
2016-01-28 17:00:00+00:00,0.0,0.0,19.76,95.13,2.35,TNP_0006,0,2016
2016-01-28 18:00:00+00:00,0.0,0.0,19.18,98.93,2.14,TNP_0006,0,2016
2016-01-28 19:00:00+00:00,0.0,0.0,18.89,100.0,1.8,TNP_0006,0,2016
2016-01-28 20:00:00+00:00,0.0,0.0,18.76,100.0,1.5,TNP_0006,0,2016
2016-01-28 21:00:00+00:00,0.0,0.0,18.41,100.0,1.52,TNP_0006,0,2016
2016-01-28 22:00:00+00:00,0.0,0.0,17.92,100.0,1.75,TNP_0006,0,2016
2016-01-28 23:00:00+00:00,0.0,0.0,17.48,100.0,1.95,TNP_0006,0,2016
2016-01-29 00:00:00+00:00,0.0,0.0,17.15,100.0,2.09,TNP_0006,0,2016
2016-01-29 01:00:00+00:00,33.95,34.65,18.6,100.0,2.12,TNP_0006,0,2016
2016-01-29 02:00:00+00:00,229.45,235.23,21.91,83.98,2.24,TNP_0006,0,2016
2016-01-29 03:00:00+00:00,461.98,472.55,25.31,67.05,2.03,TNP_0006,0,2016
2016-01-29 04:00:00+00:00,678.6,679.78,27.61,55.67,2.71,TNP_0006,0,2016
2016-01-29 05:00:00+00:00,828.7,829.72,29.35,48.16,3.43,TNP_0006,0,2016
2016-01-29 06:00:00+00:00,894.4,894.7,30.49,43.31,4.08,TNP_0006,0,2016
2016-01-29 07:00:00+00:00,894.67,895.62,31.11,40.64,4.62,TNP_0006,0,2016
2016-01-29 08:00:00+00:00,811.45,817.25,31.16,39.85,5.08,TNP_0006,0,2016
2016-01-29 09:00:00+00:00,663.12,668.17,30.69,40.54,5.26,TNP_0006,0,2016
2016-01-29 10:00:00+00:00,459.42,462.75,29.64,43.51,5.21,TNP_0006,0,2016
2016-01-29 11:00:00+00:00,227.02,229.23,27.66,52.91,4.35,TNP_0006,0,2016
2016-01-29 12:00:00+00:00,31.17,31.3,24.09,71.45,2.99,TNP_0006,0,2016
2016-01-29 13:00:00+00:00,0.0,0.0,22.56,79.65,3.04,TNP_0006,0,2016
2016-01-29 14:00:00+00:00,0.0,0.0,21.8,85.44,2.95,TNP_0006,0,2016
2016-01-29 15:00:00+00:00,0.0,0.0,21.11,90.95,2.77,TNP_0006,0,2016
2016-01-29 16:00:00+00:00,0.0,0.0,20.45,96.38,2.58,TNP_0006,0,2016
2016-01-29 17:00:00+00:00,0.0,0.0,19.79,100.0,2.39,TNP_0006,0,2016
2016-01-29 18:00:00+00:00,0.0,0.0,19.24,100.0,2.28,TNP_0006,0,2016
2016-01-29 19:00:00+00:00,0.0,0.0,18.86,100.0,2.2,TNP_0006,0,2016
2016-01-29 20:00:00+00:00,0.0,0.0,18.55,100.0,2.23,TNP_0006,0,2016
2016-01-29 21:00:00+00:00,0.0,0.0,18.2,100.0,2.34,TNP_0006,0,2016
2016-01-29 22:00:00+00:00,0.0,0.0,17.92,100.0,2.42,TNP_0006,0,2016
2016-01-29 23:00:00+00:00,0.0,0.0,17.74,100.0,2.38,TNP_0006,0,2016
2016-01-30 00:00:00+00:00,0.0,0.0,17.74,100.0,2.25,TNP_0006,0,2016
2016-01-30 01:00:00+00:00,33.9,34.47,19.47,100.0,2.05,TNP_0006,0,2016
2016-01-30 02:00:00+00:00,238.02,243.85,22.66,83.56,2.69,TNP_0006,0,2016
2016-01-30 03:00:00+00:00,479.35,490.38,25.01,70.31,3.01,TNP_0006,0,2016
2016-01-30 04:00:00+00:00,678.95,704.75,27.05,59.43,3.32,TNP_0006,0,2016
2016-01-30 05:00:00+00:00,842.47,853.97,28.79,51.18,3.7,TNP_0006,0,2016
2016-01-30 06:00:00+00:00,891.03,901.17,30.02,46.09,4.06,TNP_0006,0,2016
2016-01-30 07:00:00+00:00,891.35,906.2,30.72,43.37,4.38,TNP_0006,0,2016
2016-01-30 08:00:00+00:00,806.7,828.97,30.88,42.5,4.58,TNP_0006,0,2016
2016-01-30 09:00:00+00:00,673.3,679.83,30.47,43.04,4.71,TNP_0006,0,2016
2016-01-30 10:00:00+00:00,470.42,472.95,29.49,45.27,4.78,TNP_0006,0,2016
2016-01-30 11:00:00+00:00,231.35,236.05,27.7,53.18,4.06,TNP_0006,0,2016
2016-01-30 12:00:00+00:00,31.95,32.83,24.11,71.86,2.75,TNP_0006,0,2016
2016-01-30 13:00:00+00:00,0.0,0.0,22.48,80.0,2.76,TNP_0006,0,2016
2016-01-30 14:00:00+00:00,0.0,0.0,21.72,85.21,2.67,TNP_0006,0,2016
2016-01-30 15:00:00+00:00,0.0,0.0,21.07,90.12,2.52,TNP_0006,0,2016
2016-01-30 16:00:00+00:00,0.0,0.0,20.5,94.72,2.38,TNP_0006,0,2016
2016-01-30 17:00:00+00:00,0.0,0.0,19.94,99.59,2.29,TNP_0006,0,2016
2016-01-30 18:00:00+00:00,0.0,0.0,19.43,100.0,2.2,TNP_0006,0,2016
2016-01-30 19:00:00+00:00,0.0,0.0,19.06,100.0,2.08,TNP_0006,0,2016
2016-01-30 20:00:00+00:00,0.0,0.0,18.86,100.0,1.99,TNP_0006,0,2016
2016-01-30 21:00:00+00:00,0.0,0.0,18.67,100.0,1.97,TNP_0006,0,2016
2016-01-30 22:00:00+00:00,0.0,0.0,18.48,100.0,2.02,TNP_0006,0,2016
2016-01-30 23:00:00+00:00,0.0,0.0,18.27,100.0,2.08,TNP_0006,0,2016
2016-01-31 00:00:00+00:00,0.0,0.0,18.05,100.0,2.23,TNP_0006,0,2016
2016-01-31 01:00:00+00:00,31.95,33.72,19.69,100.0,2.26,TNP_0006,0,2016
2016-01-31 02:00:00+00:00,224.82,249.98,22.83,84.75,3.28,TNP_0006,0,2016
2016-01-31 03:00:00+00:00,460.65,497.12,25.2,71.43,3.68,TNP_0006,0,2016
2016-01-31 04:00:00+00:00,659.7,707.28,27.27,60.28,4.03,TNP_0006,0,2016
2016-01-31 05:00:00+00:00,773.35,857.62,28.89,52.95,4.48,TNP_0006,0,2016
2016-01-31 06:00:00+00:00,868.67,899.38,30.01,48.45,4.93,TNP_0006,0,2016
2016-01-31 07:00:00+00:00,864.33,903.55,30.62,45.9,5.33,TNP_0006,0,2016
2016-01-31 08:00:00+00:00,762.83,827.88,30.8,44.8,5.6,TNP_0006,0,2016
2016-01-31 09:00:00+00:00,638.58,680.97,30.33,45.53,5.81,TNP_0006,0,2016
2016-01-31 10:00:00+00:00,443.62,477.48,29.2,48.17,5.76,TNP_0006,0,2016
2016-01-31 11:00:00+00:00,209.23,242.15,27.32,55.85,4.69,TNP_0006,0,2016
2016-01-31 12:00:00+00:00,31.23,35.3,24.19,73.08,2.84,TNP_0006,0,2016
2016-01-31 13:00:00+00:00,0.0,0.0,22.53,82.15,2.66,TNP_0006,0,2016
2016-01-31 14:00:00+00:00,0.0,0.0,21.5,88.0,2.57,TNP_0006,0,2016
2016-01-31 15:00:00+00:00,0.0,0.0,20.65,93.23,2.51,TNP_0006,0,2016
2016-01-31 16:00:00+00:00,0.0,0.0,19.93,98.35,2.45,TNP_0006,0,2016
2016-01-31 17:00:00+00:00,0.0,0.0,19.25,100.0,2.39,TNP_0006,0,2016
2016-01-31 18:00:00+00:00,0.0,0.0,18.68,100.0,2.33,TNP_0006,0,2016
2016-01-31 19:00:00+00:00,0.0,0.0,18.25,100.0,2.27,TNP_0006,0,2016
2016-01-31 20:00:00+00:00,0.0,0.0,17.93,100.0,2.25,TNP_0006,0,2016
2016-01-31 21:00:00+00:00,0.0,0.0,17.76,100.0,2.12,TNP_0006,0,2016
2016-01-31 22:00:00+00:00,0.0,0.0,17.74,100.0,1.92,TNP_0006,0,2016
2016-01-31 23:00:00+00:00,0.0,0.0,17.59,100.0,1.85,TNP_0006,0,2016
2016-02-01 00:00:00+00:00,0.0,0.0,17.2,100.0,1.96,TNP_0006,0,2016
2016-02-01 01:00:00+00:00,34.05,40.45,18.44,100.0,2.03,TNP_0006,0,2016
2016-02-01 02:00:00+00:00,178.45,260.67,21.93,82.83,1.89,TNP_0006,0,2016
2016-02-01 03:00:00+00:00,337.98,499.75,24.75,66.71,1.65,TNP_0006,0,2016
2016-02-01 04:00:00+00:00,537.2,709.85,26.89,55.25,2.23,TNP_0006,0,2016
2016-02-01 05:00:00+00:00,702.0,855.95,28.74,46.72,2.8,TNP_0006,0,2016
2016-02-01 06:00:00+00:00,792.22,915.42,30.01,41.74,3.3,TNP_0006,0,2016
2016-02-01 07:00:00+00:00,701.75,918.42,30.76,38.97,3.76,TNP_0006,0,2016
2016-02-01 08:00:00+00:00,697.72,841.22,30.97,37.79,4.18,TNP_0006,0,2016
2016-02-01 09:00:00+00:00,601.47,690.42,30.65,38.03,4.4,TNP_0006,0,2016
2016-02-01 10:00:00+00:00,419.48,483.4,29.7,40.34,4.41,TNP_0006,0,2016
2016-02-01 11:00:00+00:00,209.25,244.27,27.74,49.82,3.6,TNP_0006,0,2016
2016-02-01 12:00:00+00:00,33.25,36.28,24.02,69.46,2.67,TNP_0006,0,2016
2016-02-01 13:00:00+00:00,0.0,0.0,22.41,76.93,2.78,TNP_0006,0,2016
2016-02-01 14:00:00+00:00,0.0,0.0,21.56,82.22,2.73,TNP_0006,0,2016
2016-02-01 15:00:00+00:00,0.0,0.0,20.78,87.17,2.64,TNP_0006,0,2016
2016-02-01 16:00:00+00:00,0.0,0.0,20.05,91.82,2.53,TNP_0006,0,2016
2016-02-01 17:00:00+00:00,0.0,0.0,19.32,96.98,2.43,TNP_0006,0,2016
2016-02-01 18:00:00+00:00,0.0,0.0,18.62,100.0,2.33,TNP_0006,0,2016
2016-02-01 19:00:00+00:00,0.0,0.0,18.03,100.0,2.21,TNP_0006,0,2016
2016-02-01 20:00:00+00:00,0.0,0.0,17.59,100.0,2.12,TNP_0006,0,2016
2016-02-01 21:00:00+00:00,0.0,0.0,17.26,100.0,2.11,TNP_0006,0,2016
2016-02-01 22:00:00+00:00,0.0,0.0,16.94,100.0,2.15,TNP_0006,0,2016
2016-02-01 23:00:00+00:00,0.0,0.0,16.6,100.0,2.2,TNP_0006,0,2016
2016-02-02 00:00:00+00:00,0.0,0.0,16.23,100.0,2.32,TNP_0006,0,2016
2016-02-02 01:00:00+00:00,37.08,42.38,17.92,100.0,2.44,TNP_0006,0,2016
2016-02-02 02:00:00+00:00,239.43,270.55,21.57,82.99,3.06,TNP_0006,0,2016
2016-02-02 03:00:00+00:00,476.38,516.97,24.66,66.84,3.37,TNP_0006,0,2016
2016-02-02 04:00:00+00:00,650.17,726.47,26.97,56.11,3.73,TNP_0006,0,2016
2016-02-02 05:00:00+00:00,802.5,876.6,28.92,48.9,4.0,TNP_0006,0,2016
2016-02-02 06:00:00+00:00,908.88,927.15,30.46,43.26,4.34,TNP_0006,0,2016
2016-02-02 07:00:00+00:00,912.2,929.2,31.34,39.71,4.66,TNP_0006,0,2016
2016-02-02 08:00:00+00:00,838.88,850.78,31.55,38.34,4.88,TNP_0006,0,2016
2016-02-02 09:00:00+00:00,683.92,699.92,31.21,38.1,5.02,TNP_0006,0,2016
2016-02-02 10:00:00+00:00,478.67,491.75,30.22,39.61,4.99,TNP_0006,0,2016
2016-02-02 11:00:00+00:00,237.95,250.52,28.21,47.95,4.02,TNP_0006,0,2016
2016-02-02 12:00:00+00:00,34.9,37.53,24.08,69.06,2.7,TNP_0006,0,2016
2016-02-02 13:00:00+00:00,0.0,0.0,22.22,77.88,2.74,TNP_0006,0,2016
2016-02-02 14:00:00+00:00,0.0,0.0,21.29,83.32,2.63,TNP_0006,0,2016
2016-02-02 15:00:00+00:00,0.0,0.0,20.45,88.19,2.48,TNP_0006,0,2016
2016-02-02 16:00:00+00:00,0.0,0.0,19.75,92.58,2.25,TNP_0006,0,2016
2016-02-02 17:00:00+00:00,0.0,0.0,19.29,96.02,1.96,TNP_0006,0,2016
2016-02-02 18:00:00+00:00,0.0,0.0,19.04,98.54,1.65,TNP_0006,0,2016
2016-02-02 19:00:00+00:00,0.0,0.0,18.86,100.0,1.32,TNP_0006,0,2016
2016-02-02 20:00:00+00:00,0.0,0.0,18.56,100.0,1.09,TNP_0006,0,2016
2016-02-02 21:00:00+00:00,0.0,0.0,18.32,100.0,1.06,TNP_0006,0,2016
2016-02-02 22:00:00+00:00,0.0,0.0,18.11,100.0,1.11,TNP_0006,0,2016
2016-02-02 23:00:00+00:00,0.0,0.0,18.04,100.0,1.14,TNP_0006,0,2016
2016-02-03 00:00:00+00:00,0.0,0.0,17.9,100.0,1.14,TNP_0006,0,2016
2016-02-03 01:00:00+00:00,32.72,35.7,18.62,97.26,1.13,TNP_0006,0,2016
2016-02-03 02:00:00+00:00,204.02,245.12,21.09,85.22,0.91,TNP_0006,0,2016
2016-02-03 03:00:00+00:00,411.0,495.33,24.18,69.42,1.28,TNP_0006,0,2016
2016-02-03 04:00:00+00:00,612.83,703.72,26.48,57.98,1.76,TNP_0006,0,2016
2016-02-03 05:00:00+00:00,782.2,849.65,28.87,45.38,2.74,TNP_0006,0,2016
2016-02-03 06:00:00+00:00,762.28,929.47,30.41,38.93,3.4,TNP_0006,0,2016
2016-02-03 07:00:00+00:00,912.33,929.53,31.29,35.84,3.86,TNP_0006,0,2016
2016-02-03 08:00:00+00:00,823.78,845.97,31.63,34.65,4.25,TNP_0006,0,2016
2016-02-03 09:00:00+00:00,687.38,691.65,31.31,34.92,4.57,TNP_0006,0,2016
2016-02-03 10:00:00+00:00,490.5,491.38,30.3,37.36,4.74,TNP_0006,0,2016
2016-02-03 11:00:00+00:00,249.32,250.82,28.25,46.96,3.91,TNP_0006,0,2016
2016-02-03 12:00:00+00:00,37.67,38.05,24.35,65.86,2.95,TNP_0006,0,2016
2016-02-03 13:00:00+00:00,0.0,0.0,22.56,74.81,3.02,TNP_0006,0,2016
2016-02-03 14:00:00+00:00,0.0,0.0,21.55,82.01,2.85,TNP_0006,0,2016
2016-02-03 15:00:00+00:00,0.0,0.0,20.63,89.04,2.63,TNP_0006,0,2016
2016-02-03 16:00:00+00:00,0.0,0.0,19.82,95.75,2.51,TNP_0006,0,2016
2016-02-03 17:00:00+00:00,0.0,0.0,19.09,100.0,2.43,TNP_0006,0,2016
2016-02-03 18:00:00+00:00,0.0,0.0,18.52,100.0,2.35,TNP_0006,0,2016
2016-02-03 19:00:00+00:00,0.0,0.0,18.14,100.0,2.25,TNP_0006,0,2016
2016-02-03 20:00:00+00:00,0.0,0.0,18.03,100.0,2.13,TNP_0006,0,2016
2016-02-03 21:00:00+00:00,0.0,0.0,18.03,100.0,2.02,TNP_0006,0,2016
2016-02-03 22:00:00+00:00,0.0,0.0,18.09,100.0,1.89,TNP_0006,0,2016
2016-02-03 23:00:00+00:00,0.0,0.0,18.1,100.0,1.81,TNP_0006,0,2016
2016-02-04 00:00:00+00:00,0.0,0.0,18.03,100.0,1.79,TNP_0006,0,2016
2016-02-04 01:00:00+00:00,33.08,36.38,19.2,100.0,1.66,TNP_0006,0,2016
2016-02-04 02:00:00+00:00,208.07,255.15,22.45,83.36,2.34,TNP_0006,0,2016
2016-02-04 03:00:00+00:00,421.8,502.95,25.11,68.25,2.95,TNP_0006,0,2016
2016-02-04 04:00:00+00:00,651.85,710.4,27.58,54.43,3.77,TNP_0006,0,2016
2016-02-04 05:00:00+00:00,818.6,867.0,29.6,44.18,4.64,TNP_0006,0,2016
2016-02-04 06:00:00+00:00,897.3,912.53,30.88,38.85,5.24,TNP_0006,0,2016
2016-02-04 07:00:00+00:00,900.35,911.55,31.55,36.26,5.64,TNP_0006,0,2016
2016-02-04 08:00:00+00:00,815.9,834.62,31.66,35.49,5.91,TNP_0006,0,2016
2016-02-04 09:00:00+00:00,618.72,685.25,31.16,36.14,6.0,TNP_0006,0,2016
2016-02-04 10:00:00+00:00,404.95,474.55,30.04,38.65,5.85,TNP_0006,0,2016
2016-02-04 11:00:00+00:00,198.18,236.43,28.07,46.53,4.89,TNP_0006,0,2016
2016-02-04 12:00:00+00:00,33.97,35.58,24.27,65.86,3.07,TNP_0006,0,2016
2016-02-04 13:00:00+00:00,0.0,0.0,22.53,76.51,2.89,TNP_0006,0,2016
2016-02-04 14:00:00+00:00,0.0,0.0,21.73,83.34,2.7,TNP_0006,0,2016
2016-02-04 15:00:00+00:00,0.0,0.0,21.05,89.11,2.55,TNP_0006,0,2016
2016-02-04 16:00:00+00:00,0.0,0.0,20.47,94.01,2.43,TNP_0006,0,2016
2016-02-04 17:00:00+00:00,0.0,0.0,19.98,98.38,2.26,TNP_0006,0,2016
2016-02-04 18:00:00+00:00,0.0,0.0,19.64,100.0,2.09,TNP_0006,0,2016
2016-02-04 19:00:00+00:00,0.0,0.0,19.5,100.0,1.99,TNP_0006,0,2016
2016-02-04 20:00:00+00:00,0.0,0.0,19.35,100.0,2.08,TNP_0006,0,2016
2016-02-04 21:00:00+00:00,0.0,0.0,19.18,100.0,2.21,TNP_0006,0,2016
2016-02-04 22:00:00+00:00,0.0,0.0,18.78,100.0,2.3,TNP_0006,0,2016
2016-02-04 23:00:00+00:00,0.0,0.0,18.37,100.0,2.32,TNP_0006,0,2016
2016-02-05 00:00:00+00:00,0.0,0.0,18.11,100.0,2.29,TNP_0006,0,2016
2016-02-05 01:00:00+00:00,30.45,37.5,19.82,98.8,2.32,TNP_0006,0,2016
2016-02-05 02:00:00+00:00,180.12,245.45,23.33,79.42,2.88,TNP_0006,0,2016
2016-02-05 03:00:00+00:00,371.02,480.83,26.32,62.04,3.6,TNP_0006,0,2016
2016-02-05 04:00:00+00:00,600.4,692.3,28.17,53.01,3.7,TNP_0006,0,2016
2016-02-05 05:00:00+00:00,658.17,842.35,29.7,46.66,3.62,TNP_0006,0,2016
2016-02-05 06:00:00+00:00,770.12,847.42,30.82,42.9,3.65,TNP_0006,0,2016
2016-02-05 07:00:00+00:00,763.15,867.97,31.45,41.13,3.84,TNP_0006,0,2016
2016-02-05 08:00:00+00:00,712.9,795.22,31.6,40.81,4.17,TNP_0006,0,2016
2016-02-05 09:00:00+00:00,496.77,647.4,31.19,41.75,4.46,TNP_0006,0,2016
2016-02-05 10:00:00+00:00,339.23,437.85,30.2,44.21,4.76,TNP_0006,0,2016
2016-02-05 11:00:00+00:00,173.4,214.4,28.4,50.74,4.74,TNP_0006,0,2016
2016-02-05 12:00:00+00:00,27.0,31.33,25.48,64.63,3.83,TNP_0006,0,2016
2016-02-05 13:00:00+00:00,0.0,0.0,23.88,72.95,4.28,TNP_0006,0,2016
2016-02-05 14:00:00+00:00,0.0,0.0,22.85,79.35,3.91,TNP_0006,0,2016
2016-02-05 15:00:00+00:00,0.0,0.0,21.98,84.66,3.17,TNP_0006,0,2016
2016-02-05 16:00:00+00:00,0.0,0.0,21.2,89.24,2.54,TNP_0006,0,2016
2016-02-05 17:00:00+00:00,0.0,0.0,20.55,92.77,2.25,TNP_0006,0,2016
2016-02-05 18:00:00+00:00,0.0,0.0,19.97,96.01,2.13,TNP_0006,0,2016
2016-02-05 19:00:00+00:00,0.0,0.0,19.5,98.9,2.06,TNP_0006,0,2016
2016-02-05 20:00:00+00:00,0.0,0.0,19.16,100.0,1.97,TNP_0006,0,2016
2016-02-05 21:00:00+00:00,0.0,0.0,18.93,100.0,1.93,TNP_0006,0,2016
2016-02-05 22:00:00+00:00,0.0,0.0,18.76,100.0,1.93,TNP_0006,0,2016
2016-02-05 23:00:00+00:00,0.0,0.0,18.64,100.0,1.93,TNP_0006,0,2016
2016-02-06 00:00:00+00:00,0.0,0.0,18.53,100.0,1.93,TNP_0006,0,2016
2016-02-06 01:00:00+00:00,27.02,33.35,19.78,96.51,2.04,TNP_0006,0,2016
2016-02-06 02:00:00+00:00,180.73,224.07,22.19,83.75,2.25,TNP_0006,0,2016
2016-02-06 03:00:00+00:00,382.8,457.08,25.12,68.86,2.84,TNP_0006,0,2016
2016-02-06 04:00:00+00:00,524.3,656.7,27.08,60.09,3.07,TNP_0006,0,2016
2016-02-06 05:00:00+00:00,685.95,816.12,28.73,53.77,3.07,TNP_0006,0,2016
2016-02-06 06:00:00+00:00,828.9,892.05,30.04,49.29,3.06,TNP_0006,0,2016
2016-02-06 07:00:00+00:00,820.35,887.88,30.92,46.36,3.12,TNP_0006,0,2016
2016-02-06 08:00:00+00:00,710.0,803.6,31.19,45.12,3.28,TNP_0006,0,2016
2016-02-06 09:00:00+00:00,589.55,646.05,30.84,45.69,3.55,TNP_0006,0,2016
2016-02-06 10:00:00+00:00,401.7,435.55,29.86,48.78,3.89,TNP_0006,0,2016
2016-02-06 11:00:00+00:00,194.75,211.57,28.25,55.97,3.96,TNP_0006,0,2016
2016-02-06 12:00:00+00:00,28.83,31.38,25.72,69.08,3.4,TNP_0006,0,2016
2016-02-06 13:00:00+00:00,0.0,0.0,24.36,76.34,3.79,TNP_0006,0,2016
2016-02-06 14:00:00+00:00,0.0,0.0,23.55,81.64,3.51,TNP_0006,0,2016
2016-02-06 15:00:00+00:00,0.0,0.0,22.9,85.87,3.1,TNP_0006,0,2016
2016-02-06 16:00:00+00:00,0.0,0.0,22.32,89.6,2.66,TNP_0006,0,2016
2016-02-06 17:00:00+00:00,0.0,0.0,21.76,93.03,2.29,TNP_0006,0,2016
2016-02-06 18:00:00+00:00,0.0,0.0,21.28,95.99,2.05,TNP_0006,0,2016
2016-02-06 19:00:00+00:00,0.0,0.0,20.9,98.36,1.89,TNP_0006,0,2016
2016-02-06 20:00:00+00:00,0.0,0.0,20.7,99.69,1.64,TNP_0006,0,2016
2016-02-06 21:00:00+00:00,0.0,0.0,20.68,99.9,1.36,TNP_0006,0,2016
2016-02-06 22:00:00+00:00,0.0,0.0,20.48,100.0,1.37,TNP_0006,0,2016
2016-02-06 23:00:00+00:00,0.0,0.0,20.19,100.0,1.62,TNP_0006,0,2016
2016-02-07 00:00:00+00:00,0.0,0.0,20.06,100.0,1.86,TNP_0006,0,2016
2016-02-07 01:00:00+00:00,26.45,30.65,21.38,94.9,2.5,TNP_0006,0,2016
2016-02-07 02:00:00+00:00,180.7,200.95,24.03,80.83,2.69,TNP_0006,0,2016
2016-02-07 03:00:00+00:00,393.08,419.12,26.54,67.53,2.29,TNP_0006,0,2016
2016-02-07 04:00:00+00:00,584.9,618.55,28.65,56.99,2.2,TNP_0006,0,2016
2016-02-07 05:00:00+00:00,652.25,768.8,30.41,49.89,2.34,TNP_0006,0,2016
2016-02-07 06:00:00+00:00,844.9,866.97,31.61,45.85,2.56,TNP_0006,0,2016
2016-02-07 07:00:00+00:00,854.12,884.67,32.3,43.85,2.72,TNP_0006,0,2016
2016-02-07 08:00:00+00:00,781.55,814.97,32.58,43.17,2.88,TNP_0006,0,2016
2016-02-07 09:00:00+00:00,651.55,669.78,32.5,43.44,3.12,TNP_0006,0,2016
2016-02-07 10:00:00+00:00,461.05,467.65,31.87,45.17,3.49,TNP_0006,0,2016
2016-02-07 11:00:00+00:00,232.62,236.55,30.37,51.03,3.69,TNP_0006,0,2016
2016-02-07 12:00:00+00:00,36.15,36.55,27.43,65.48,3.29,TNP_0006,0,2016
2016-02-07 13:00:00+00:00,0.0,0.0,26.05,72.17,4.67,TNP_0006,0,2016
2016-02-07 14:00:00+00:00,0.0,0.0,24.99,79.92,5.22,TNP_0006,0,2016
2016-02-07 15:00:00+00:00,0.0,0.0,24.07,86.54,4.49,TNP_0006,0,2016
2016-02-07 16:00:00+00:00,0.0,0.0,23.39,90.77,3.66,TNP_0006,0,2016
2016-02-07 17:00:00+00:00,0.0,0.0,22.84,93.8,2.82,TNP_0006,0,2016
2016-02-07 18:00:00+00:00,0.0,0.0,22.28,96.65,2.12,TNP_0006,0,2016
2016-02-07 19:00:00+00:00,0.0,0.0,21.79,99.09,1.81,TNP_0006,0,2016
2016-02-07 20:00:00+00:00,0.0,0.0,21.42,100.0,1.79,TNP_0006,0,2016
2016-02-07 21:00:00+00:00,0.0,0.0,21.12,100.0,1.86,TNP_0006,0,2016
2016-02-07 22:00:00+00:00,0.0,0.0,20.89,100.0,1.9,TNP_0006,0,2016
2016-02-07 23:00:00+00:00,0.0,0.0,20.73,100.0,1.91,TNP_0006,0,2016
2016-02-08 00:00:00+00:00,0.0,0.0,20.62,100.0,1.95,TNP_0006,0,2016
2016-02-08 01:00:00+00:00,30.02,36.17,22.07,94.96,2.5,TNP_0006,0,2016
2016-02-08 02:00:00+00:00,178.98,237.38,24.7,80.39,3.28,TNP_0006,0,2016
2016-02-08 03:00:00+00:00,416.2,473.98,27.06,67.4,3.36,TNP_0006,0,2016
2016-02-08 04:00:00+00:00,588.4,678.92,29.12,58.01,3.36,TNP_0006,0,2016
2016-02-08 05:00:00+00:00,707.7,826.42,30.83,51.54,3.54,TNP_0006,0,2016
2016-02-08 06:00:00+00:00,800.53,856.03,32.1,47.03,3.87,TNP_0006,0,2016
2016-02-08 07:00:00+00:00,759.0,845.55,32.87,44.28,4.28,TNP_0006,0,2016
2016-02-08 08:00:00+00:00,681.6,767.8,33.07,43.21,4.64,TNP_0006,0,2016
2016-02-08 09:00:00+00:00,577.0,621.75,32.65,43.86,5.02,TNP_0006,0,2016
2016-02-08 10:00:00+00:00,384.35,421.92,31.56,46.45,5.3,TNP_0006,0,2016
2016-02-08 11:00:00+00:00,198.6,210.5,29.82,52.13,5.09,TNP_0006,0,2016
2016-02-08 12:00:00+00:00,30.8,32.47,27.05,64.49,3.72,TNP_0006,0,2016
2016-02-08 13:00:00+00:00,0.0,0.0,25.41,72.53,3.68,TNP_0006,0,2016
2016-02-08 14:00:00+00:00,0.0,0.0,24.45,78.26,3.6,TNP_0006,0,2016
2016-02-08 15:00:00+00:00,0.0,0.0,23.63,83.72,3.23,TNP_0006,0,2016
2016-02-08 16:00:00+00:00,0.0,0.0,22.93,88.29,2.8,TNP_0006,0,2016
2016-02-08 17:00:00+00:00,0.0,0.0,22.31,91.99,2.45,TNP_0006,0,2016
2016-02-08 18:00:00+00:00,0.0,0.0,21.74,95.19,2.2,TNP_0006,0,2016
2016-02-08 19:00:00+00:00,0.0,0.0,21.24,98.02,2.07,TNP_0006,0,2016
2016-02-08 20:00:00+00:00,0.0,0.0,20.83,100.0,2.05,TNP_0006,0,2016
2016-02-08 21:00:00+00:00,0.0,0.0,20.47,100.0,2.04,TNP_0006,0,2016
2016-02-08 22:00:00+00:00,0.0,0.0,20.11,100.0,2.0,TNP_0006,0,2016
2016-02-08 23:00:00+00:00,0.0,0.0,19.8,100.0,1.94,TNP_0006,0,2016
2016-02-09 00:00:00+00:00,0.0,0.0,19.6,100.0,1.93,TNP_0006,0,2016
2016-02-09 01:00:00+00:00,32.53,36.83,21.12,95.7,2.33,TNP_0006,0,2016
2016-02-09 02:00:00+00:00,185.02,240.57,23.89,80.0,2.99,TNP_0006,0,2016
2016-02-09 03:00:00+00:00,409.7,480.52,26.31,66.95,3.07,TNP_0006,0,2016
2016-02-09 04:00:00+00:00,649.88,687.95,28.35,57.08,3.01,TNP_0006,0,2016
2016-02-09 05:00:00+00:00,793.92,837.67,30.11,49.37,2.9,TNP_0006,0,2016
2016-02-09 06:00:00+00:00,881.28,894.6,31.43,44.12,2.92,TNP_0006,0,2016
2016-02-09 07:00:00+00:00,872.2,893.0,32.35,40.84,3.12,TNP_0006,0,2016
2016-02-09 08:00:00+00:00,764.28,810.38,32.77,39.28,3.48,TNP_0006,0,2016
2016-02-09 09:00:00+00:00,631.62,654.1,32.65,39.01,3.86,TNP_0006,0,2016
2016-02-09 10:00:00+00:00,443.5,447.1,31.89,40.23,4.23,TNP_0006,0,2016
2016-02-09 11:00:00+00:00,214.65,216.05,30.18,46.32,4.11,TNP_0006,0,2016
2016-02-09 12:00:00+00:00,34.05,34.2,26.86,62.08,3.19,TNP_0006,0,2016
2016-02-09 13:00:00+00:00,0.0,0.0,25.34,69.79,3.8,TNP_0006,0,2016
2016-02-09 14:00:00+00:00,0.0,0.0,24.35,77.14,3.85,TNP_0006,0,2016
2016-02-09 15:00:00+00:00,0.0,0.0,23.37,84.6,3.36,TNP_0006,0,2016
2016-02-09 16:00:00+00:00,0.0,0.0,22.47,90.72,2.74,TNP_0006,0,2016
2016-02-09 17:00:00+00:00,0.0,0.0,21.63,95.79,2.26,TNP_0006,0,2016
2016-02-09 18:00:00+00:00,0.0,0.0,20.93,99.78,2.03,TNP_0006,0,2016
2016-02-09 19:00:00+00:00,0.0,0.0,20.35,100.0,1.95,TNP_0006,0,2016
2016-02-09 20:00:00+00:00,0.0,0.0,19.86,100.0,2.0,TNP_0006,0,2016
2016-02-09 21:00:00+00:00,0.0,0.0,19.48,100.0,2.15,TNP_0006,0,2016
2016-02-09 22:00:00+00:00,0.0,0.0,19.19,100.0,2.24,TNP_0006,0,2016
2016-02-09 23:00:00+00:00,0.0,0.0,18.95,100.0,2.21,TNP_0006,0,2016
2016-02-10 00:00:00+00:00,0.0,0.0,18.79,100.0,2.12,TNP_0006,0,2016
2016-02-10 01:00:00+00:00,31.62,35.9,20.51,98.15,2.11,TNP_0006,0,2016
2016-02-10 02:00:00+00:00,185.12,236.35,23.66,80.37,2.29,TNP_0006,0,2016
2016-02-10 03:00:00+00:00,410.25,475.98,26.32,64.8,2.29,TNP_0006,0,2016
2016-02-10 04:00:00+00:00,643.5,685.72,28.59,52.99,2.31,TNP_0006,0,2016
2016-02-10 05:00:00+00:00,823.95,838.95,30.54,44.39,2.33,TNP_0006,0,2016
2016-02-10 06:00:00+00:00,890.88,901.45,31.98,39.05,2.39,TNP_0006,0,2016
2016-02-10 07:00:00+00:00,866.17,901.03,32.93,36.3,2.52,TNP_0006,0,2016
2016-02-10 08:00:00+00:00,810.25,819.47,33.36,35.29,2.72,TNP_0006,0,2016
2016-02-10 09:00:00+00:00,662.35,664.1,33.23,35.53,3.09,TNP_0006,0,2016
2016-02-10 10:00:00+00:00,448.4,450.2,32.45,36.99,3.58,TNP_0006,0,2016
2016-02-10 11:00:00+00:00,212.8,215.9,30.67,43.18,3.86,TNP_0006,0,2016
2016-02-10 12:00:00+00:00,32.53,33.3,27.12,58.15,3.65,TNP_0006,0,2016
2016-02-10 13:00:00+00:00,0.0,0.0,25.48,65.3,5.11,TNP_0006,0,2016
2016-02-10 14:00:00+00:00,0.0,0.0,24.17,74.08,5.35,TNP_0006,0,2016
2016-02-10 15:00:00+00:00,0.0,0.0,23.19,81.46,4.73,TNP_0006,0,2016
2016-02-10 16:00:00+00:00,0.0,0.0,22.49,86.77,3.7,TNP_0006,0,2016
2016-02-10 17:00:00+00:00,0.0,0.0,21.86,91.1,2.61,TNP_0006,0,2016
2016-02-10 18:00:00+00:00,0.0,0.0,21.27,94.88,1.88,TNP_0006,0,2016
2016-02-10 19:00:00+00:00,0.0,0.0,20.84,97.54,1.57,TNP_0006,0,2016
2016-02-10 20:00:00+00:00,0.0,0.0,20.55,98.98,1.37,TNP_0006,0,2016
2016-02-10 21:00:00+00:00,0.0,0.0,20.25,100.0,1.4,TNP_0006,0,2016
2016-02-10 22:00:00+00:00,0.0,0.0,19.91,100.0,1.48,TNP_0006,0,2016
2016-02-10 23:00:00+00:00,0.0,0.0,19.59,100.0,1.55,TNP_0006,0,2016
2016-02-11 00:00:00+00:00,0.0,0.0,19.32,100.0,1.6,TNP_0006,0,2016
2016-02-11 01:00:00+00:00,34.88,35.58,20.55,95.93,1.7,TNP_0006,0,2016
2016-02-11 02:00:00+00:00,217.35,232.85,23.61,77.83,1.77,TNP_0006,0,2016
2016-02-11 03:00:00+00:00,440.5,471.95,26.45,60.41,2.32,TNP_0006,0,2016
2016-02-11 04:00:00+00:00,663.83,683.25,28.82,46.99,2.57,TNP_0006,0,2016
2016-02-11 05:00:00+00:00,834.65,837.28,30.76,39.0,2.72,TNP_0006,0,2016
2016-02-11 06:00:00+00:00,888.83,889.95,32.15,35.53,2.86,TNP_0006,0,2016
2016-02-11 07:00:00+00:00,890.2,891.58,33.06,34.09,3.05,TNP_0006,0,2016
2016-02-11 08:00:00+00:00,807.67,813.12,33.41,33.82,3.32,TNP_0006,0,2016
2016-02-11 09:00:00+00:00,660.03,662.58,33.23,34.38,3.6,TNP_0006,0,2016
2016-02-11 10:00:00+00:00,454.27,455.45,32.36,36.17,3.85,TNP_0006,0,2016
2016-02-11 11:00:00+00:00,221.52,222.88,30.57,42.07,3.95,TNP_0006,0,2016
2016-02-11 12:00:00+00:00,34.53,34.8,26.9,57.35,3.42,TNP_0006,0,2016
2016-02-11 13:00:00+00:00,0.0,0.0,25.2,63.97,4.64,TNP_0006,0,2016
2016-02-11 14:00:00+00:00,0.0,0.0,23.93,71.84,4.83,TNP_0006,0,2016
2016-02-11 15:00:00+00:00,0.0,0.0,22.87,79.23,4.19,TNP_0006,0,2016
2016-02-11 16:00:00+00:00,0.0,0.0,22.1,84.7,3.39,TNP_0006,0,2016
2016-02-11 17:00:00+00:00,0.0,0.0,21.38,89.6,2.5,TNP_0006,0,2016
2016-02-11 18:00:00+00:00,0.0,0.0,20.68,94.4,1.91,TNP_0006,0,2016
2016-02-11 19:00:00+00:00,0.0,0.0,20.15,98.01,1.62,TNP_0006,0,2016
2016-02-11 20:00:00+00:00,0.0,0.0,19.99,99.14,1.22,TNP_0006,0,2016
2016-02-11 21:00:00+00:00,0.0,0.0,19.76,100.0,1.17,TNP_0006,0,2016
2016-02-11 22:00:00+00:00,0.0,0.0,19.31,100.0,1.39,TNP_0006,0,2016
2016-02-11 23:00:00+00:00,0.0,0.0,18.98,100.0,1.51,TNP_0006,0,2016
2016-02-12 00:00:00+00:00,0.0,0.0,18.8,100.0,1.49,TNP_0006,0,2016
2016-02-12 01:00:00+00:00,32.1,36.2,20.06,95.56,1.47,TNP_0006,0,2016
2016-02-12 02:00:00+00:00,204.4,231.35,23.17,78.12,1.47,TNP_0006,0,2016
2016-02-12 03:00:00+00:00,446.6,469.23,26.13,60.74,2.05,TNP_0006,0,2016
2016-02-12 04:00:00+00:00,670.85,680.4,28.77,46.54,2.5,TNP_0006,0,2016
2016-02-12 05:00:00+00:00,814.83,837.85,30.96,37.55,2.95,TNP_0006,0,2016
2016-02-12 06:00:00+00:00,866.38,884.15,32.33,34.3,3.3,TNP_0006,0,2016
2016-02-12 07:00:00+00:00,878.9,891.17,33.12,33.29,3.61,TNP_0006,0,2016
2016-02-12 08:00:00+00:00,774.35,817.25,33.41,33.27,3.85,TNP_0006,0,2016
2016-02-12 09:00:00+00:00,648.95,670.83,33.13,34.02,4.2,TNP_0006,0,2016
2016-02-12 10:00:00+00:00,455.02,468.17,32.15,36.27,4.55,TNP_0006,0,2016
2016-02-12 11:00:00+00:00,227.73,236.0,30.28,42.22,4.51,TNP_0006,0,2016
2016-02-12 12:00:00+00:00,37.65,38.15,26.68,57.41,3.33,TNP_0006,0,2016
2016-02-12 13:00:00+00:00,0.0,0.0,24.92,64.73,3.83,TNP_0006,0,2016
2016-02-12 14:00:00+00:00,0.0,0.0,23.9,70.74,3.96,TNP_0006,0,2016
2016-02-12 15:00:00+00:00,0.0,0.0,22.99,77.31,3.59,TNP_0006,0,2016
2016-02-12 16:00:00+00:00,0.0,0.0,22.23,83.27,3.07,TNP_0006,0,2016
2016-02-12 17:00:00+00:00,0.0,0.0,21.52,88.95,2.5,TNP_0006,0,2016
2016-02-12 18:00:00+00:00,0.0,0.0,20.96,93.72,2.21,TNP_0006,0,2016
2016-02-12 19:00:00+00:00,0.0,0.0,20.46,98.28,2.05,TNP_0006,0,2016
2016-02-12 20:00:00+00:00,0.0,0.0,20.11,100.0,1.93,TNP_0006,0,2016
2016-02-12 21:00:00+00:00,0.0,0.0,19.95,100.0,1.67,TNP_0006,0,2016
2016-02-12 22:00:00+00:00,0.0,0.0,20.18,100.0,1.23,TNP_0006,0,2016
2016-02-12 23:00:00+00:00,0.0,0.0,20.29,100.0,1.0,TNP_0006,0,2016
2016-02-13 00:00:00+00:00,0.0,0.0,19.9,100.0,1.25,TNP_0006,0,2016
2016-02-13 01:00:00+00:00,41.0,43.65,20.87,96.49,1.63,TNP_0006,0,2016
2016-02-13 02:00:00+00:00,248.85,266.33,23.93,79.75,1.09,TNP_0006,0,2016
2016-02-13 03:00:00+00:00,481.5,510.95,26.88,62.25,1.7,TNP_0006,0,2016
2016-02-13 04:00:00+00:00,691.22,720.62,29.29,49.5,2.36,TNP_0006,0,2016
2016-02-13 05:00:00+00:00,836.67,871.15,31.11,42.29,2.65,TNP_0006,0,2016
2016-02-13 06:00:00+00:00,902.67,904.97,32.43,38.42,2.85,TNP_0006,0,2016
2016-02-13 07:00:00+00:00,901.35,904.58,33.25,36.66,3.03,TNP_0006,0,2016
2016-02-13 08:00:00+00:00,823.9,825.0,33.58,36.21,3.22,TNP_0006,0,2016
2016-02-13 09:00:00+00:00,668.83,672.42,33.4,36.68,3.5,TNP_0006,0,2016
2016-02-13 10:00:00+00:00,462.42,464.35,32.56,38.35,3.95,TNP_0006,0,2016
2016-02-13 11:00:00+00:00,229.25,229.8,30.82,43.83,4.22,TNP_0006,0,2016
2016-02-13 12:00:00+00:00,37.55,37.9,27.49,58.3,3.48,TNP_0006,0,2016
2016-02-13 13:00:00+00:00,0.0,0.0,25.89,65.54,4.56,TNP_0006,0,2016
2016-02-13 14:00:00+00:00,0.0,0.0,24.73,73.41,4.54,TNP_0006,0,2016
2016-02-13 15:00:00+00:00,0.0,0.0,23.74,81.01,3.94,TNP_0006,0,2016
2016-02-13 16:00:00+00:00,0.0,0.0,22.92,87.21,3.35,TNP_0006,0,2016
2016-02-13 17:00:00+00:00,0.0,0.0,22.16,92.31,2.66,TNP_0006,0,2016
2016-02-13 18:00:00+00:00,0.0,0.0,21.42,96.89,2.23,TNP_0006,0,2016
2016-02-13 19:00:00+00:00,0.0,0.0,20.79,100.0,2.07,TNP_0006,0,2016
2016-02-13 20:00:00+00:00,0.0,0.0,20.22,100.0,2.04,TNP_0006,0,2016
2016-02-13 21:00:00+00:00,0.0,0.0,19.8,100.0,2.05,TNP_0006,0,2016
2016-02-13 22:00:00+00:00,0.0,0.0,19.48,100.0,2.07,TNP_0006,0,2016
2016-02-13 23:00:00+00:00,0.0,0.0,19.23,100.0,2.1,TNP_0006,0,2016
2016-02-14 00:00:00+00:00,0.0,0.0,19.02,100.0,2.15,TNP_0006,0,2016
2016-02-14 01:00:00+00:00,36.1,41.03,20.85,97.15,2.22,TNP_0006,0,2016
2016-02-14 02:00:00+00:00,209.1,256.62,23.95,78.89,2.96,TNP_0006,0,2016
2016-02-14 03:00:00+00:00,425.3,503.02,26.45,63.66,3.28,TNP_0006,0,2016
2016-02-14 04:00:00+00:00,651.1,716.97,28.58,52.67,3.46,TNP_0006,0,2016
2016-02-14 05:00:00+00:00,729.45,872.2,30.36,44.66,3.67,TNP_0006,0,2016
2016-02-14 06:00:00+00:00,921.3,939.25,31.58,39.61,3.96,TNP_0006,0,2016
2016-02-14 07:00:00+00:00,927.62,940.0,32.35,36.63,4.32,TNP_0006,0,2016
2016-02-14 08:00:00+00:00,841.58,861.58,32.58,35.35,4.72,TNP_0006,0,2016
2016-02-14 09:00:00+00:00,705.47,711.0,32.33,35.21,4.91,TNP_0006,0,2016
2016-02-14 10:00:00+00:00,500.62,502.25,31.37,37.04,4.94,TNP_0006,0,2016
2016-02-14 11:00:00+00:00,258.3,260.23,29.55,42.58,4.82,TNP_0006,0,2016
2016-02-14 12:00:00+00:00,42.83,43.3,26.23,57.64,3.46,TNP_0006,0,2016
2016-02-14 13:00:00+00:00,0.0,0.0,24.48,67.01,3.84,TNP_0006,0,2016
2016-02-14 14:00:00+00:00,0.0,0.0,23.5,73.93,3.85,TNP_0006,0,2016
2016-02-14 15:00:00+00:00,0.0,0.0,22.58,80.23,3.48,TNP_0006,0,2016
2016-02-14 16:00:00+00:00,0.0,0.0,21.81,84.69,3.17,TNP_0006,0,2016
2016-02-14 17:00:00+00:00,0.0,0.0,21.08,88.35,2.87,TNP_0006,0,2016
2016-02-14 18:00:00+00:00,0.0,0.0,20.43,91.37,2.62,TNP_0006,0,2016
2016-02-14 19:00:00+00:00,0.0,0.0,19.83,94.21,2.42,TNP_0006,0,2016
2016-02-14 20:00:00+00:00,0.0,0.0,19.32,96.83,2.29,TNP_0006,0,2016
2016-02-14 21:00:00+00:00,0.0,0.0,18.92,99.11,2.24,TNP_0006,0,2016
2016-02-14 22:00:00+00:00,0.0,0.0,18.62,100.0,2.24,TNP_0006,0,2016
2016-02-14 23:00:00+00:00,0.0,0.0,18.4,100.0,2.27,TNP_0006,0,2016
2016-02-15 00:00:00+00:00,0.0,0.0,18.27,100.0,2.32,TNP_0006,0,2016
2016-02-15 01:00:00+00:00,41.2,44.03,20.19,91.96,3.1,TNP_0006,0,2016
2016-02-15 02:00:00+00:00,229.43,259.95,23.78,74.47,2.84,TNP_0006,0,2016
2016-02-15 03:00:00+00:00,450.85,496.65,27.41,59.33,3.2,TNP_0006,0,2016
2016-02-15 04:00:00+00:00,564.92,707.88,29.49,52.19,3.52,TNP_0006,0,2016
2016-02-15 05:00:00+00:00,771.08,851.72,31.18,46.74,3.73,TNP_0006,0,2016
2016-02-15 06:00:00+00:00,864.5,941.17,32.47,42.85,4.06,TNP_0006,0,2016
2016-02-15 07:00:00+00:00,888.08,940.7,33.29,40.72,4.64,TNP_0006,0,2016
2016-02-15 08:00:00+00:00,800.8,865.58,33.45,40.44,5.13,TNP_0006,0,2016
2016-02-15 09:00:00+00:00,656.4,718.15,33.02,41.74,5.45,TNP_0006,0,2016
2016-02-15 10:00:00+00:00,466.95,508.92,31.89,44.68,5.63,TNP_0006,0,2016
2016-02-15 11:00:00+00:00,220.57,265.02,30.12,50.04,5.59,TNP_0006,0,2016
2016-02-15 12:00:00+00:00,38.05,44.92,27.62,60.35,4.68,TNP_0006,0,2016
2016-02-15 13:00:00+00:00,0.0,0.0,25.71,70.27,4.41,TNP_0006,0,2016
2016-02-15 14:00:00+00:00,0.0,0.0,24.55,77.22,4.26,TNP_0006,0,2016
2016-02-15 15:00:00+00:00,0.0,0.0,23.68,82.77,3.92,TNP_0006,0,2016
2016-02-15 16:00:00+00:00,0.0,0.0,23.0,87.09,3.54,TNP_0006,0,2016
2016-02-15 17:00:00+00:00,0.0,0.0,22.39,90.98,3.17,TNP_0006,0,2016
2016-02-15 18:00:00+00:00,0.0,0.0,21.83,94.36,2.77,TNP_0006,0,2016
2016-02-15 19:00:00+00:00,0.0,0.0,21.35,97.21,2.46,TNP_0006,0,2016
2016-02-15 20:00:00+00:00,0.0,0.0,20.96,99.42,2.2,TNP_0006,0,2016
2016-02-15 21:00:00+00:00,0.0,0.0,20.71,100.0,2.0,TNP_0006,0,2016
2016-02-15 22:00:00+00:00,0.0,0.0,20.66,100.0,1.88,TNP_0006,0,2016
2016-02-15 23:00:00+00:00,0.0,0.0,20.61,100.0,1.81,TNP_0006,0,2016
2016-02-16 00:00:00+00:00,0.0,0.0,20.62,100.0,1.79,TNP_0006,0,2016
2016-02-16 01:00:00+00:00,40.3,42.05,22.09,91.86,2.51,TNP_0006,0,2016
2016-02-16 02:00:00+00:00,225.12,252.38,24.77,77.1,3.12,TNP_0006,0,2016
2016-02-16 03:00:00+00:00,436.6,486.38,27.24,64.87,3.46,TNP_0006,0,2016
2016-02-16 04:00:00+00:00,636.45,698.28,29.5,55.4,3.88,TNP_0006,0,2016
2016-02-16 05:00:00+00:00,768.65,851.78,31.42,47.92,4.4,TNP_0006,0,2016
2016-02-16 06:00:00+00:00,873.12,940.0,32.78,42.96,4.9,TNP_0006,0,2016
2016-02-16 07:00:00+00:00,866.75,943.55,33.53,39.89,5.31,TNP_0006,0,2016
2016-02-16 08:00:00+00:00,747.03,863.6,33.62,38.65,5.62,TNP_0006,0,2016
2016-02-16 09:00:00+00:00,647.92,709.58,33.12,39.06,5.88,TNP_0006,0,2016
2016-02-16 10:00:00+00:00,467.23,501.08,31.99,41.14,6.16,TNP_0006,0,2016
2016-02-16 11:00:00+00:00,239.48,260.27,30.17,45.91,6.28,TNP_0006,0,2016
2016-02-16 12:00:00+00:00,43.08,45.05,27.39,56.67,5.13,TNP_0006,0,2016
2016-02-16 13:00:00+00:00,0.0,0.0,25.44,67.52,4.49,TNP_0006,0,2016
2016-02-16 14:00:00+00:00,0.0,0.0,24.34,76.0,3.85,TNP_0006,0,2016
2016-02-16 15:00:00+00:00,0.0,0.0,23.5,83.3,3.12,TNP_0006,0,2016
2016-02-16 16:00:00+00:00,0.0,0.0,22.84,88.95,2.65,TNP_0006,0,2016
2016-02-16 17:00:00+00:00,0.0,0.0,22.32,93.23,2.45,TNP_0006,0,2016
2016-02-16 18:00:00+00:00,0.0,0.0,21.93,96.31,2.41,TNP_0006,0,2016
2016-02-16 19:00:00+00:00,0.0,0.0,21.66,97.95,2.49,TNP_0006,0,2016
2016-02-16 20:00:00+00:00,0.0,0.0,21.41,98.9,2.55,TNP_0006,0,2016
2016-02-16 21:00:00+00:00,0.0,0.0,21.13,99.32,2.41,TNP_0006,0,2016
2016-02-16 22:00:00+00:00,0.0,0.0,20.8,99.71,2.28,TNP_0006,0,2016
2016-02-16 23:00:00+00:00,0.0,0.0,20.53,99.61,2.24,TNP_0006,0,2016
2016-02-17 00:00:00+00:00,0.0,0.0,20.32,99.14,2.22,TNP_0006,0,2016
2016-02-17 01:00:00+00:00,33.67,37.1,21.5,91.18,3.19,TNP_0006,0,2016
2016-02-17 02:00:00+00:00,178.88,227.3,24.47,75.72,3.92,TNP_0006,0,2016
2016-02-17 03:00:00+00:00,382.27,446.38,27.26,63.01,4.42,TNP_0006,0,2016
2016-02-17 04:00:00+00:00,579.38,660.58,29.43,54.24,4.5,TNP_0006,0,2016
2016-02-17 05:00:00+00:00,722.67,814.4,31.29,47.69,4.61,TNP_0006,0,2016
2016-02-17 06:00:00+00:00,764.7,863.65,32.61,43.94,4.81,TNP_0006,0,2016
2016-02-17 07:00:00+00:00,795.97,880.92,33.3,42.42,5.1,TNP_0006,0,2016
2016-02-17 08:00:00+00:00,644.25,819.38,33.39,42.43,5.46,TNP_0006,0,2016
2016-02-17 09:00:00+00:00,572.92,678.95,32.82,43.87,6.11,TNP_0006,0,2016
2016-02-17 10:00:00+00:00,385.25,472.77,31.63,46.85,6.92,TNP_0006,0,2016
2016-02-17 11:00:00+00:00,185.15,233.95,29.85,52.08,7.24,TNP_0006,0,2016
2016-02-17 12:00:00+00:00,34.15,38.47,27.65,60.36,6.5,TNP_0006,0,2016
2016-02-17 13:00:00+00:00,0.0,0.0,25.94,69.49,5.32,TNP_0006,0,2016
2016-02-17 14:00:00+00:00,0.0,0.0,24.98,76.57,4.63,TNP_0006,0,2016
2016-02-17 15:00:00+00:00,0.0,0.0,24.52,81.25,4.28,TNP_0006,0,2016
2016-02-17 16:00:00+00:00,0.0,0.0,24.14,85.26,3.36,TNP_0006,0,2016
2016-02-17 17:00:00+00:00,0.0,0.0,23.88,87.78,3.03,TNP_0006,0,2016
2016-02-17 18:00:00+00:00,0.0,0.0,23.74,89.09,3.05,TNP_0006,0,2016
2016-02-17 19:00:00+00:00,0.0,0.0,23.51,90.74,2.91,TNP_0006,0,2016
2016-02-17 20:00:00+00:00,0.0,0.0,23.24,92.49,2.83,TNP_0006,0,2016
2016-02-17 21:00:00+00:00,0.0,0.0,23.02,93.88,2.8,TNP_0006,0,2016
2016-02-17 22:00:00+00:00,0.0,0.0,22.75,95.45,2.5,TNP_0006,0,2016
2016-02-17 23:00:00+00:00,0.0,0.0,22.54,96.5,2.44,TNP_0006,0,2016
2016-02-18 00:00:00+00:00,0.0,0.0,22.44,97.06,2.55,TNP_0006,0,2016
2016-02-18 01:00:00+00:00,32.88,38.45,23.56,91.04,3.83,TNP_0006,0,2016
2016-02-18 02:00:00+00:00,178.27,233.48,26.02,76.23,5.13,TNP_0006,0,2016
2016-02-18 03:00:00+00:00,403.42,474.8,28.34,63.18,5.96,TNP_0006,0,2016
2016-02-18 04:00:00+00:00,564.12,687.33,30.21,55.44,6.23,TNP_0006,0,2016
2016-02-18 05:00:00+00:00,652.78,836.78,31.77,49.62,6.42,TNP_0006,0,2016
2016-02-18 06:00:00+00:00,787.4,906.3,32.82,45.38,6.55,TNP_0006,0,2016
2016-02-18 07:00:00+00:00,775.55,917.7,33.21,43.18,6.62,TNP_0006,0,2016
2016-02-18 08:00:00+00:00,704.28,846.25,33.0,42.77,6.62,TNP_0006,0,2016
2016-02-18 09:00:00+00:00,560.58,704.03,32.38,43.34,6.75,TNP_0006,0,2016
2016-02-18 10:00:00+00:00,423.12,502.95,31.38,45.07,6.78,TNP_0006,0,2016
2016-02-18 11:00:00+00:00,225.4,266.5,29.83,49.2,6.42,TNP_0006,0,2016
2016-02-18 12:00:00+00:00,44.12,47.17,27.46,58.59,4.79,TNP_0006,0,2016
2016-02-18 13:00:00+00:00,0.0,0.0,25.64,68.58,3.87,TNP_0006,0,2016
2016-02-18 14:00:00+00:00,0.0,0.0,24.6,75.98,3.35,TNP_0006,0,2016
2016-02-18 15:00:00+00:00,0.0,0.0,23.7,82.94,2.74,TNP_0006,0,2016
2016-02-18 16:00:00+00:00,0.0,0.0,22.96,88.67,2.34,TNP_0006,0,2016
2016-02-18 17:00:00+00:00,0.0,0.0,22.37,93.05,2.2,TNP_0006,0,2016
2016-02-18 18:00:00+00:00,0.0,0.0,21.85,96.97,2.09,TNP_0006,0,2016
2016-02-18 19:00:00+00:00,0.0,0.0,21.44,99.55,2.03,TNP_0006,0,2016
2016-02-18 20:00:00+00:00,0.0,0.0,21.19,100.0,1.98,TNP_0006,0,2016
2016-02-18 21:00:00+00:00,0.0,0.0,21.07,100.0,1.95,TNP_0006,0,2016
2016-02-18 22:00:00+00:00,0.0,0.0,21.03,99.5,1.98,TNP_0006,0,2016
2016-02-18 23:00:00+00:00,0.0,0.0,21.0,98.45,2.12,TNP_0006,0,2016
2016-02-19 00:00:00+00:00,0.0,0.0,20.97,97.44,2.29,TNP_0006,0,2016
2016-02-19 01:00:00+00:00,39.42,41.6,21.97,90.67,3.34,TNP_0006,0,2016
2016-02-19 02:00:00+00:00,224.0,243.93,24.41,78.03,3.77,TNP_0006,0,2016
2016-02-19 03:00:00+00:00,434.48,472.95,27.09,66.16,4.17,TNP_0006,0,2016
2016-02-19 04:00:00+00:00,623.95,687.97,29.37,57.25,4.33,TNP_0006,0,2016
2016-02-19 05:00:00+00:00,754.95,846.33,31.28,50.76,4.43,TNP_0006,0,2016
2016-02-19 06:00:00+00:00,826.2,916.85,32.69,46.43,4.59,TNP_0006,0,2016
2016-02-19 07:00:00+00:00,834.05,925.08,33.55,43.8,4.85,TNP_0006,0,2016
2016-02-19 08:00:00+00:00,720.62,845.17,33.88,42.63,5.21,TNP_0006,0,2016
2016-02-19 09:00:00+00:00,634.88,695.62,33.51,43.14,5.65,TNP_0006,0,2016
2016-02-19 10:00:00+00:00,455.92,491.4,32.55,45.21,6.14,TNP_0006,0,2016
2016-02-19 11:00:00+00:00,226.35,254.25,30.81,50.03,6.29,TNP_0006,0,2016
2016-02-19 12:00:00+00:00,40.38,44.88,28.44,59.05,5.4,TNP_0006,0,2016
2016-02-19 13:00:00+00:00,0.0,0.0,26.51,68.81,4.61,TNP_0006,0,2016
2016-02-19 14:00:00+00:00,0.0,0.0,25.35,76.06,4.11,TNP_0006,0,2016
2016-02-19 15:00:00+00:00,0.0,0.0,24.45,82.52,3.1,TNP_0006,0,2016
2016-02-19 16:00:00+00:00,0.0,0.0,23.73,87.97,2.23,TNP_0006,0,2016
2016-02-19 17:00:00+00:00,0.0,0.0,23.2,91.76,1.86,TNP_0006,0,2016
2016-02-19 18:00:00+00:00,0.0,0.0,22.79,94.41,1.75,TNP_0006,0,2016
2016-02-19 19:00:00+00:00,0.0,0.0,22.45,96.44,1.75,TNP_0006,0,2016
2016-02-19 20:00:00+00:00,0.0,0.0,22.2,97.67,1.76,TNP_0006,0,2016
2016-02-19 21:00:00+00:00,0.0,0.0,22.11,97.82,1.77,TNP_0006,0,2016
2016-02-19 22:00:00+00:00,0.0,0.0,21.76,99.62,1.86,TNP_0006,0,2016
2016-02-19 23:00:00+00:00,0.0,0.0,21.43,100.0,1.92,TNP_0006,0,2016
2016-02-20 00:00:00+00:00,0.0,0.0,21.19,100.0,1.97,TNP_0006,0,2016
2016-02-20 01:00:00+00:00,40.58,43.67,22.87,92.59,2.71,TNP_0006,0,2016
2016-02-20 02:00:00+00:00,219.8,253.07,26.01,75.88,3.01,TNP_0006,0,2016
2016-02-20 03:00:00+00:00,433.73,491.55,28.79,63.0,2.57,TNP_0006,0,2016
2016-02-20 04:00:00+00:00,641.25,698.15,31.17,53.56,2.4,TNP_0006,0,2016
2016-02-20 05:00:00+00:00,815.88,849.53,33.11,46.44,2.55,TNP_0006,0,2016
2016-02-20 06:00:00+00:00,879.85,925.9,34.58,41.3,2.88,TNP_0006,0,2016
2016-02-20 07:00:00+00:00,824.3,925.15,35.5,37.94,3.31,TNP_0006,0,2016
2016-02-20 08:00:00+00:00,758.53,846.6,35.89,36.18,3.79,TNP_0006,0,2016
2016-02-20 09:00:00+00:00,642.9,696.28,35.55,36.26,4.3,TNP_0006,0,2016
2016-02-20 10:00:00+00:00,471.92,489.55,34.55,38.23,4.81,TNP_0006,0,2016
2016-02-20 11:00:00+00:00,242.27,253.57,32.77,43.18,5.13,TNP_0006,0,2016
2016-02-20 12:00:00+00:00,42.65,43.88,29.79,54.86,4.35,TNP_0006,0,2016
2016-02-20 13:00:00+00:00,0.0,0.0,27.83,65.17,4.98,TNP_0006,0,2016
2016-02-20 14:00:00+00:00,0.0,0.0,26.5,74.49,4.92,TNP_0006,0,2016
2016-02-20 15:00:00+00:00,0.0,0.0,25.43,82.86,4.34,TNP_0006,0,2016
2016-02-20 16:00:00+00:00,0.0,0.0,24.66,88.85,3.77,TNP_0006,0,2016
2016-02-20 17:00:00+00:00,0.0,0.0,24.21,92.14,3.23,TNP_0006,0,2016
2016-02-20 18:00:00+00:00,0.0,0.0,23.81,94.63,2.86,TNP_0006,0,2016
2016-02-20 19:00:00+00:00,0.0,0.0,23.41,96.75,2.31,TNP_0006,0,2016
2016-02-20 20:00:00+00:00,0.0,0.0,23.08,98.35,1.84,TNP_0006,0,2016
2016-02-20 21:00:00+00:00,0.0,0.0,22.78,99.62,1.57,TNP_0006,0,2016
2016-02-20 22:00:00+00:00,0.0,0.0,22.72,99.36,1.3,TNP_0006,0,2016
2016-02-20 23:00:00+00:00,0.0,0.0,22.81,98.31,1.02,TNP_0006,0,2016
2016-02-21 00:00:00+00:00,0.0,0.0,22.73,98.19,0.99,TNP_0006,0,2016
2016-02-21 01:00:00+00:00,45.08,53.4,23.82,91.69,1.22,TNP_0006,0,2016
2016-02-21 02:00:00+00:00,227.05,287.48,26.3,75.76,1.46,TNP_0006,0,2016
2016-02-21 03:00:00+00:00,450.58,534.65,28.62,63.44,1.48,TNP_0006,0,2016
2016-02-21 04:00:00+00:00,702.1,745.08,31.02,52.01,1.62,TNP_0006,0,2016
2016-02-21 05:00:00+00:00,871.38,896.53,33.43,41.36,1.99,TNP_0006,0,2016
2016-02-21 06:00:00+00:00,919.08,951.08,35.22,34.85,2.43,TNP_0006,0,2016
2016-02-21 07:00:00+00:00,898.28,951.67,36.29,31.24,2.85,TNP_0006,0,2016
2016-02-21 08:00:00+00:00,841.92,873.62,36.74,29.35,3.27,TNP_0006,0,2016
2016-02-21 09:00:00+00:00,689.28,723.75,36.44,29.1,3.67,TNP_0006,0,2016
2016-02-21 10:00:00+00:00,491.08,514.95,35.49,30.27,4.1,TNP_0006,0,2016
2016-02-21 11:00:00+00:00,258.98,271.75,33.64,34.7,4.41,TNP_0006,0,2016
2016-02-21 12:00:00+00:00,47.28,48.25,29.89,48.64,3.66,TNP_0006,0,2016
2016-02-21 13:00:00+00:00,0.0,0.0,27.98,57.1,4.93,TNP_0006,0,2016
2016-02-21 14:00:00+00:00,0.0,0.0,26.61,66.88,5.3,TNP_0006,0,2016
2016-02-21 15:00:00+00:00,0.0,0.0,25.47,76.65,4.62,TNP_0006,0,2016
2016-02-21 16:00:00+00:00,0.0,0.0,24.62,84.22,3.69,TNP_0006,0,2016
2016-02-21 17:00:00+00:00,0.0,0.0,23.91,89.94,2.86,TNP_0006,0,2016
2016-02-21 18:00:00+00:00,0.0,0.0,23.18,95.1,2.01,TNP_0006,0,2016
2016-02-21 19:00:00+00:00,0.0,0.0,22.6,99.06,1.71,TNP_0006,0,2016
2016-02-21 20:00:00+00:00,0.0,0.0,22.37,100.0,1.45,TNP_0006,0,2016
2016-02-21 21:00:00+00:00,0.0,0.0,22.66,98.77,0.98,TNP_0006,0,2016
2016-02-21 22:00:00+00:00,0.0,0.0,22.93,96.9,0.54,TNP_0006,0,2016
2016-02-21 23:00:00+00:00,0.0,0.0,23.09,95.69,0.4,TNP_0006,0,2016
2016-02-22 00:00:00+00:00,0.0,0.0,23.01,95.91,0.46,TNP_0006,0,2016
2016-02-22 01:00:00+00:00,53.22,56.22,23.86,91.21,0.68,TNP_0006,0,2016
2016-02-22 02:00:00+00:00,273.9,293.83,26.24,76.28,1.1,TNP_0006,0,2016
2016-02-22 03:00:00+00:00,515.22,542.45,28.73,62.11,1.41,TNP_0006,0,2016
2016-02-22 04:00:00+00:00,744.8,753.9,31.54,46.4,1.77,TNP_0006,0,2016
2016-02-22 05:00:00+00:00,898.95,905.72,33.76,36.59,2.21,TNP_0006,0,2016
2016-02-22 06:00:00+00:00,972.35,974.38,35.31,30.96,2.69,TNP_0006,0,2016
2016-02-22 07:00:00+00:00,971.25,974.0,36.29,27.52,3.19,TNP_0006,0,2016
2016-02-22 08:00:00+00:00,893.42,895.0,36.69,25.61,3.73,TNP_0006,0,2016
2016-02-22 09:00:00+00:00,740.12,742.5,36.49,24.84,4.19,TNP_0006,0,2016
2016-02-22 10:00:00+00:00,531.28,531.53,35.55,25.66,4.64,TNP_0006,0,2016
2016-02-22 11:00:00+00:00,283.75,284.12,33.67,29.7,4.91,TNP_0006,0,2016
2016-02-22 12:00:00+00:00,52.5,52.62,29.54,43.94,3.83,TNP_0006,0,2016
2016-02-22 13:00:00+00:00,0.0,0.0,27.38,53.92,4.7,TNP_0006,0,2016
2016-02-22 14:00:00+00:00,0.0,0.0,25.97,64.38,4.7,TNP_0006,0,2016
2016-02-22 15:00:00+00:00,0.0,0.0,24.68,74.89,4.13,TNP_0006,0,2016
2016-02-22 16:00:00+00:00,0.0,0.0,23.63,83.45,3.45,TNP_0006,0,2016
2016-02-22 17:00:00+00:00,0.0,0.0,22.69,90.25,2.79,TNP_0006,0,2016
2016-02-22 18:00:00+00:00,0.0,0.0,21.82,95.95,2.25,TNP_0006,0,2016
2016-02-22 19:00:00+00:00,0.0,0.0,21.09,100.0,2.05,TNP_0006,0,2016
2016-02-22 20:00:00+00:00,0.0,0.0,20.55,100.0,1.96,TNP_0006,0,2016
2016-02-22 21:00:00+00:00,0.0,0.0,20.25,100.0,1.79,TNP_0006,0,2016
2016-02-22 22:00:00+00:00,0.0,0.0,20.35,100.0,1.49,TNP_0006,0,2016
2016-02-22 23:00:00+00:00,0.0,0.0,20.59,100.0,1.2,TNP_0006,0,2016
2016-02-23 00:00:00+00:00,0.0,0.0,20.67,100.0,1.0,TNP_0006,0,2016
2016-02-23 01:00:00+00:00,56.67,58.62,22.04,92.89,1.05,TNP_0006,0,2016
2016-02-23 02:00:00+00:00,277.77,301.38,24.98,74.63,2.23,TNP_0006,0,2016
2016-02-23 03:00:00+00:00,508.23,555.08,27.43,61.34,2.41,TNP_0006,0,2016
2016-02-23 04:00:00+00:00,740.38,770.22,29.89,49.19,2.33,TNP_0006,0,2016
2016-02-23 05:00:00+00:00,921.45,922.28,32.12,38.94,2.24,TNP_0006,0,2016
2016-02-23 06:00:00+00:00,986.85,988.1,33.84,32.44,2.17,TNP_0006,0,2016
2016-02-23 07:00:00+00:00,988.12,988.92,34.99,28.59,2.27,TNP_0006,0,2016
2016-02-23 08:00:00+00:00,907.22,908.85,35.56,26.42,2.58,TNP_0006,0,2016
2016-02-23 09:00:00+00:00,751.88,752.62,35.53,25.6,3.03,TNP_0006,0,2016
2016-02-23 10:00:00+00:00,535.72,536.8,34.75,26.32,3.61,TNP_0006,0,2016
2016-02-23 11:00:00+00:00,284.27,285.15,33.06,29.91,4.1,TNP_0006,0,2016
2016-02-23 12:00:00+00:00,52.58,52.75,28.9,44.73,3.32,TNP_0006,0,2016
2016-02-23 13:00:00+00:00,0.0,0.0,26.81,52.37,4.49,TNP_0006,0,2016
2016-02-23 14:00:00+00:00,0.0,0.0,25.54,60.5,5.06,TNP_0006,0,2016
2016-02-23 15:00:00+00:00,0.0,0.0,24.23,70.0,4.62,TNP_0006,0,2016
2016-02-23 16:00:00+00:00,0.0,0.0,23.2,77.82,3.77,TNP_0006,0,2016
2016-02-23 17:00:00+00:00,0.0,0.0,22.31,83.99,2.87,TNP_0006,0,2016
2016-02-23 18:00:00+00:00,0.0,0.0,21.49,89.11,2.25,TNP_0006,0,2016
2016-02-23 19:00:00+00:00,0.0,0.0,20.75,93.89,2.01,TNP_0006,0,2016
2016-02-23 20:00:00+00:00,0.0,0.0,20.18,97.72,1.85,TNP_0006,0,2016
2016-02-23 21:00:00+00:00,0.0,0.0,20.04,98.68,1.49,TNP_0006,0,2016
2016-02-23 22:00:00+00:00,0.0,0.0,20.22,97.45,0.99,TNP_0006,0,2016
2016-02-23 23:00:00+00:00,0.0,0.0,20.19,97.33,0.51,TNP_0006,0,2016
2016-02-24 00:00:00+00:00,0.0,0.0,19.9,98.77,0.56,TNP_0006,0,2016
2016-02-24 01:00:00+00:00,54.78,57.62,21.17,91.41,0.95,TNP_0006,0,2016
2016-02-24 02:00:00+00:00,279.85,296.42,24.74,71.17,0.89,TNP_0006,0,2016
2016-02-24 03:00:00+00:00,529.08,549.5,27.91,54.06,1.42,TNP_0006,0,2016
2016-02-24 04:00:00+00:00,748.1,764.53,30.44,42.91,1.36,TNP_0006,0,2016
2016-02-24 05:00:00+00:00,912.53,918.65,32.53,35.21,1.35,TNP_0006,0,2016
2016-02-24 06:00:00+00:00,997.5,998.47,34.32,28.98,1.57,TNP_0006,0,2016
2016-02-24 07:00:00+00:00,996.6,996.7,35.59,24.86,2.04,TNP_0006,0,2016
2016-02-24 08:00:00+00:00,904.62,914.53,36.25,22.64,2.6,TNP_0006,0,2016
2016-02-24 09:00:00+00:00,756.78,758.15,36.19,21.93,3.05,TNP_0006,0,2016
2016-02-24 10:00:00+00:00,540.92,541.75,35.44,22.58,3.46,TNP_0006,0,2016
2016-02-24 11:00:00+00:00,288.25,289.12,33.74,26.02,3.77,TNP_0006,0,2016
2016-02-24 12:00:00+00:00,54.0,54.17,29.14,42.04,3.08,TNP_0006,0,2016
2016-02-24 13:00:00+00:00,0.0,0.0,26.96,48.83,4.06,TNP_0006,0,2016
2016-02-24 14:00:00+00:00,0.0,0.0,25.94,56.0,4.72,TNP_0006,0,2016
2016-02-24 15:00:00+00:00,0.0,0.0,24.72,65.81,4.44,TNP_0006,0,2016
2016-02-24 16:00:00+00:00,0.0,0.0,23.73,74.78,3.73,TNP_0006,0,2016
2016-02-24 17:00:00+00:00,0.0,0.0,22.84,82.52,2.8,TNP_0006,0,2016
2016-02-24 18:00:00+00:00,0.0,0.0,22.04,89.14,2.17,TNP_0006,0,2016
2016-02-24 19:00:00+00:00,0.0,0.0,21.48,94.34,1.85,TNP_0006,0,2016
2016-02-24 20:00:00+00:00,0.0,0.0,21.37,96.46,1.35,TNP_0006,0,2016
2016-02-24 21:00:00+00:00,0.0,0.0,21.58,96.01,0.57,TNP_0006,0,2016
2016-02-24 22:00:00+00:00,0.0,0.0,21.3,97.63,0.71,TNP_0006,0,2016
2016-02-24 23:00:00+00:00,0.0,0.0,20.7,100.0,1.29,TNP_0006,0,2016
2016-02-25 00:00:00+00:00,0.0,0.0,20.37,100.0,1.5,TNP_0006,0,2016
2016-02-25 01:00:00+00:00,52.8,57.7,22.1,91.56,1.95,TNP_0006,0,2016
2016-02-25 02:00:00+00:00,238.77,294.48,25.73,74.37,0.55,TNP_0006,0,2016
2016-02-25 03:00:00+00:00,452.12,544.1,28.9,58.79,0.89,TNP_0006,0,2016
2016-02-25 04:00:00+00:00,676.25,757.58,31.33,48.18,1.25,TNP_0006,0,2016
2016-02-25 05:00:00+00:00,845.28,909.3,33.37,40.6,1.73,TNP_0006,0,2016
2016-02-25 06:00:00+00:00,915.97,973.17,35.0,35.16,2.26,TNP_0006,0,2016
2016-02-25 07:00:00+00:00,900.08,971.45,36.09,31.7,2.89,TNP_0006,0,2016
2016-02-25 08:00:00+00:00,819.78,888.55,36.56,30.11,3.61,TNP_0006,0,2016
2016-02-25 09:00:00+00:00,697.75,731.35,36.41,29.98,4.43,TNP_0006,0,2016
2016-02-25 10:00:00+00:00,503.55,513.47,35.44,31.83,5.19,TNP_0006,0,2016
2016-02-25 11:00:00+00:00,255.35,262.5,33.65,36.56,5.75,TNP_0006,0,2016
2016-02-25 12:00:00+00:00,44.5,45.25,30.61,47.52,5.11,TNP_0006,0,2016
2016-02-25 13:00:00+00:00,0.0,0.0,28.46,58.63,5.57,TNP_0006,0,2016
2016-02-25 14:00:00+00:00,0.0,0.0,27.05,68.51,5.22,TNP_0006,0,2016
2016-02-25 15:00:00+00:00,0.0,0.0,26.02,76.69,4.47,TNP_0006,0,2016
2016-02-25 16:00:00+00:00,0.0,0.0,25.3,82.63,3.84,TNP_0006,0,2016
2016-02-25 17:00:00+00:00,0.0,0.0,24.7,87.4,3.34,TNP_0006,0,2016
2016-02-25 18:00:00+00:00,0.0,0.0,24.09,92.04,2.73,TNP_0006,0,2016
2016-02-25 19:00:00+00:00,0.0,0.0,23.49,96.45,2.1,TNP_0006,0,2016
2016-02-25 20:00:00+00:00,0.0,0.0,23.02,99.9,1.91,TNP_0006,0,2016
2016-02-25 21:00:00+00:00,0.0,0.0,22.78,100.0,1.85,TNP_0006,0,2016
2016-02-25 22:00:00+00:00,0.0,0.0,22.56,100.0,1.9,TNP_0006,0,2016
2016-02-25 23:00:00+00:00,0.0,0.0,22.43,100.0,1.95,TNP_0006,0,2016
2016-02-26 00:00:00+00:00,0.0,0.0,22.28,100.0,2.03,TNP_0006,0,2016
2016-02-26 01:00:00+00:00,53.1,59.4,24.29,91.91,2.9,TNP_0006,0,2016
2016-02-26 02:00:00+00:00,232.77,298.3,27.19,72.71,4.07,TNP_0006,0,2016
2016-02-26 03:00:00+00:00,440.92,547.2,29.49,60.06,4.21,TNP_0006,0,2016
2016-02-26 04:00:00+00:00,660.47,757.17,31.57,51.42,4.41,TNP_0006,0,2016
2016-02-26 05:00:00+00:00,813.8,907.22,33.38,44.61,4.7,TNP_0006,0,2016
2016-02-26 06:00:00+00:00,903.33,974.53,34.65,40.02,5.02,TNP_0006,0,2016
2016-02-26 07:00:00+00:00,889.97,974.9,35.48,37.03,5.36,TNP_0006,0,2016
2016-02-26 08:00:00+00:00,749.03,896.0,35.63,36.04,5.74,TNP_0006,0,2016
2016-02-26 09:00:00+00:00,665.53,742.12,35.07,36.6,6.14,TNP_0006,0,2016
2016-02-26 10:00:00+00:00,495.4,530.45,33.89,38.54,6.52,TNP_0006,0,2016
2016-02-26 11:00:00+00:00,257.75,283.2,32.05,42.31,6.65,TNP_0006,0,2016
2016-02-26 12:00:00+00:00,49.85,52.47,29.34,50.37,5.67,TNP_0006,0,2016
2016-02-26 13:00:00+00:00,0.0,0.0,27.17,59.32,4.98,TNP_0006,0,2016
2016-02-26 14:00:00+00:00,0.0,0.0,25.79,66.51,4.39,TNP_0006,0,2016
2016-02-26 15:00:00+00:00,0.0,0.0,24.66,73.54,3.42,TNP_0006,0,2016
2016-02-26 16:00:00+00:00,0.0,0.0,23.8,79.32,2.72,TNP_0006,0,2016
2016-02-26 17:00:00+00:00,0.0,0.0,23.11,83.74,2.31,TNP_0006,0,2016
2016-02-26 18:00:00+00:00,0.0,0.0,22.54,86.99,2.08,TNP_0006,0,2016
2016-02-26 19:00:00+00:00,0.0,0.0,22.11,89.58,1.98,TNP_0006,0,2016
2016-02-26 20:00:00+00:00,0.0,0.0,21.81,91.53,1.98,TNP_0006,0,2016
2016-02-26 21:00:00+00:00,0.0,0.0,21.59,93.04,2.1,TNP_0006,0,2016
2016-02-26 22:00:00+00:00,0.0,0.0,21.44,93.9,2.22,TNP_0006,0,2016
2016-02-26 23:00:00+00:00,0.0,0.0,21.34,94.51,2.3,TNP_0006,0,2016
2016-02-27 00:00:00+00:00,0.0,0.0,21.28,94.86,2.34,TNP_0006,0,2016
2016-02-27 01:00:00+00:00,38.28,50.75,22.89,86.3,3.5,TNP_0006,0,2016
2016-02-27 02:00:00+00:00,182.55,267.25,25.97,71.35,3.84,TNP_0006,0,2016
2016-02-27 03:00:00+00:00,440.33,513.58,28.63,61.19,4.28,TNP_0006,0,2016
2016-02-27 04:00:00+00:00,603.28,724.62,30.81,53.54,4.8,TNP_0006,0,2016
2016-02-27 05:00:00+00:00,762.17,873.92,32.71,47.55,5.34,TNP_0006,0,2016
2016-02-27 06:00:00+00:00,820.47,931.08,34.28,42.59,5.86,TNP_0006,0,2016
2016-02-27 07:00:00+00:00,819.95,934.85,35.12,39.66,6.31,TNP_0006,0,2016
2016-02-27 08:00:00+00:00,636.45,858.22,35.2,38.75,6.69,TNP_0006,0,2016
2016-02-27 09:00:00+00:00,558.97,709.38,34.5,39.69,6.93,TNP_0006,0,2016
2016-02-27 10:00:00+00:00,440.38,502.9,33.34,41.89,6.99,TNP_0006,0,2016
2016-02-27 11:00:00+00:00,211.1,263.6,31.65,46.01,6.85,TNP_0006,0,2016
2016-02-27 12:00:00+00:00,39.33,47.92,29.4,53.99,5.95,TNP_0006,0,2016
2016-02-27 13:00:00+00:00,0.0,0.0,27.57,63.14,5.09,TNP_0006,0,2016
2016-02-27 14:00:00+00:00,0.0,0.0,26.45,70.83,4.54,TNP_0006,0,2016
2016-02-27 15:00:00+00:00,0.0,0.0,25.67,77.53,3.97,TNP_0006,0,2016
2016-02-27 16:00:00+00:00,0.0,0.0,25.11,83.13,3.37,TNP_0006,0,2016
2016-02-27 17:00:00+00:00,0.0,0.0,24.67,87.6,2.93,TNP_0006,0,2016
2016-02-27 18:00:00+00:00,0.0,0.0,24.39,90.62,2.72,TNP_0006,0,2016
2016-02-27 19:00:00+00:00,0.0,0.0,24.15,92.64,2.35,TNP_0006,0,2016
2016-02-27 20:00:00+00:00,0.0,0.0,23.84,94.59,1.93,TNP_0006,0,2016
2016-02-27 21:00:00+00:00,0.0,0.0,23.58,95.89,1.65,TNP_0006,0,2016
2016-02-27 22:00:00+00:00,0.0,0.0,23.38,96.79,1.62,TNP_0006,0,2016
2016-02-27 23:00:00+00:00,0.0,0.0,23.22,97.44,1.71,TNP_0006,0,2016
2016-02-28 00:00:00+00:00,0.0,0.0,23.04,98.24,1.86,TNP_0006,0,2016
2016-02-28 01:00:00+00:00,47.58,58.0,24.49,89.83,2.98,TNP_0006,0,2016
2016-02-28 02:00:00+00:00,207.5,291.58,27.07,74.58,3.72,TNP_0006,0,2016
2016-02-28 03:00:00+00:00,410.98,536.85,29.56,60.92,4.0,TNP_0006,0,2016
2016-02-28 04:00:00+00:00,600.22,744.35,31.76,51.3,4.37,TNP_0006,0,2016
2016-02-28 05:00:00+00:00,621.38,892.85,33.5,45.07,4.77,TNP_0006,0,2016
2016-02-28 06:00:00+00:00,789.35,940.5,34.68,41.32,5.24,TNP_0006,0,2016
2016-02-28 07:00:00+00:00,686.35,940.95,35.27,39.33,5.76,TNP_0006,0,2016
2016-02-28 08:00:00+00:00,710.0,862.2,35.27,38.71,6.26,TNP_0006,0,2016
2016-02-28 09:00:00+00:00,557.38,710.97,34.66,39.61,6.47,TNP_0006,0,2016
2016-02-28 10:00:00+00:00,387.65,502.6,33.54,41.77,6.59,TNP_0006,0,2016
2016-02-28 11:00:00+00:00,188.48,260.15,31.82,45.94,6.62,TNP_0006,0,2016
2016-02-28 12:00:00+00:00,40.33,46.35,29.39,54.14,5.67,TNP_0006,0,2016
2016-02-28 13:00:00+00:00,0.0,0.0,27.48,63.5,4.76,TNP_0006,0,2016
2016-02-28 14:00:00+00:00,0.0,0.0,26.28,71.32,4.01,TNP_0006,0,2016
2016-02-28 15:00:00+00:00,0.0,0.0,25.41,77.92,3.76,TNP_0006,0,2016
2016-02-28 16:00:00+00:00,0.0,0.0,24.79,83.34,3.62,TNP_0006,0,2016
2016-02-28 17:00:00+00:00,0.0,0.0,24.34,87.13,3.41,TNP_0006,0,2016
2016-02-28 18:00:00+00:00,0.0,0.0,24.03,89.27,3.14,TNP_0006,0,2016
2016-02-28 19:00:00+00:00,0.0,0.0,23.68,91.09,2.7,TNP_0006,0,2016
2016-02-28 20:00:00+00:00,0.0,0.0,23.38,92.29,2.42,TNP_0006,0,2016
2016-02-28 21:00:00+00:00,0.0,0.0,23.4,91.59,2.41,TNP_0006,0,2016
2016-02-28 22:00:00+00:00,0.0,0.0,23.34,91.26,2.31,TNP_0006,0,2016
2016-02-28 23:00:00+00:00,0.0,0.0,23.24,91.12,2.28,TNP_0006,0,2016
2016-02-29 00:00:00+00:00,0.0,0.0,23.03,91.79,2.01,TNP_0006,0,2016
2016-02-29 01:00:00+00:00,46.62,57.3,23.6,88.4,2.69,TNP_0006,0,2016
2016-02-29 02:00:00+00:00,213.45,287.3,25.2,77.34,3.45,TNP_0006,0,2016
2016-02-29 03:00:00+00:00,433.85,535.92,26.87,67.26,3.73,TNP_0006,0,2016
2016-02-29 04:00:00+00:00,572.75,747.4,28.51,59.0,3.79,TNP_0006,0,2016
2016-02-29 05:00:00+00:00,693.47,899.28,29.97,51.81,3.88,TNP_0006,0,2016
2016-02-29 06:00:00+00:00,766.88,939.92,31.36,45.66,4.04,TNP_0006,0,2016
2016-02-29 07:00:00+00:00,811.72,937.1,32.43,41.18,4.34,TNP_0006,0,2016
2016-02-29 08:00:00+00:00,688.28,854.08,32.53,39.72,4.77,TNP_0006,0,2016
2016-02-29 09:00:00+00:00,631.3,699.05,31.93,40.93,5.29,TNP_0006,0,2016
2016-02-29 10:00:00+00:00,406.62,483.5,31.08,43.64,5.74,TNP_0006,0,2016
2016-02-29 11:00:00+00:00,207.95,244.32,29.61,49.24,5.63,TNP_0006,0,2016
2016-02-29 12:00:00+00:00,41.75,42.92,27.53,59.5,4.49,TNP_0006,0,2016
2016-02-29 13:00:00+00:00,0.0,0.0,26.22,67.98,4.18,TNP_0006,0,2016
2016-02-29 14:00:00+00:00,0.0,0.0,25.49,74.23,3.96,TNP_0006,0,2016
2016-02-29 15:00:00+00:00,0.0,0.0,24.9,79.69,3.65,TNP_0006,0,2016
2016-02-29 16:00:00+00:00,0.0,0.0,24.44,84.07,3.33,TNP_0006,0,2016
2016-02-29 17:00:00+00:00,0.0,0.0,23.98,87.91,2.88,TNP_0006,0,2016
2016-02-29 18:00:00+00:00,0.0,0.0,23.47,91.71,2.31,TNP_0006,0,2016
2016-02-29 19:00:00+00:00,0.0,0.0,23.1,94.35,2.0,TNP_0006,0,2016
2016-02-29 20:00:00+00:00,0.0,0.0,22.81,96.1,1.79,TNP_0006,0,2016
2016-02-29 21:00:00+00:00,0.0,0.0,22.68,96.52,1.68,TNP_0006,0,2016
2016-02-29 22:00:00+00:00,0.0,0.0,22.55,96.71,1.7,TNP_0006,0,2016
2016-02-29 23:00:00+00:00,0.0,0.0,22.3,97.52,1.78,TNP_0006,0,2016
2016-03-01 00:00:00+00:00,0.0,0.0,22.07,98.27,1.85,TNP_0006,0,2016
2016-03-01 01:00:00+00:00,47.5,52.7,23.57,89.8,3.04,TNP_0006,0,2016
2016-03-01 02:00:00+00:00,213.2,269.0,25.99,76.22,3.73,TNP_0006,0,2016
2016-03-01 03:00:00+00:00,444.58,514.53,28.61,62.91,3.74,TNP_0006,0,2016
2016-03-01 04:00:00+00:00,642.2,725.2,31.02,52.89,3.44,TNP_0006,0,2016
2016-03-01 05:00:00+00:00,778.47,875.7,32.89,45.72,3.57,TNP_0006,0,2016
2016-03-01 06:00:00+00:00,811.7,927.78,34.33,40.65,4.07,TNP_0006,0,2016
2016-03-01 07:00:00+00:00,737.33,926.95,35.19,37.65,4.56,TNP_0006,0,2016
2016-03-01 08:00:00+00:00,689.45,845.22,35.35,36.49,4.99,TNP_0006,0,2016
2016-03-01 09:00:00+00:00,588.65,687.6,34.49,37.47,5.48,TNP_0006,0,2016
2016-03-01 10:00:00+00:00,406.7,472.83,33.29,39.75,6.03,TNP_0006,0,2016
2016-03-01 11:00:00+00:00,196.98,239.48,31.67,44.3,6.35,TNP_0006,0,2016
2016-03-01 12:00:00+00:00,39.12,42.15,29.41,52.88,5.46,TNP_0006,0,2016
2016-03-01 13:00:00+00:00,0.0,0.0,27.56,62.19,4.72,TNP_0006,0,2016
2016-03-01 14:00:00+00:00,0.0,0.0,26.39,69.65,4.53,TNP_0006,0,2016
2016-03-01 15:00:00+00:00,0.0,0.0,25.48,76.26,4.28,TNP_0006,0,2016
2016-03-01 16:00:00+00:00,0.0,0.0,24.8,81.33,3.67,TNP_0006,0,2016
2016-03-01 17:00:00+00:00,0.0,0.0,24.29,84.79,3.29,TNP_0006,0,2016
2016-03-01 18:00:00+00:00,0.0,0.0,23.93,86.9,3.07,TNP_0006,0,2016
2016-03-01 19:00:00+00:00,0.0,0.0,23.55,88.9,2.47,TNP_0006,0,2016
2016-03-01 20:00:00+00:00,0.0,0.0,23.18,90.8,2.04,TNP_0006,0,2016
2016-03-01 21:00:00+00:00,0.0,0.0,22.81,92.61,1.9,TNP_0006,0,2016
2016-03-01 22:00:00+00:00,0.0,0.0,22.4,94.61,1.86,TNP_0006,0,2016
2016-03-01 23:00:00+00:00,0.0,0.0,22.07,95.87,1.87,TNP_0006,0,2016
2016-03-02 00:00:00+00:00,0.0,0.0,21.96,95.82,1.91,TNP_0006,0,2016
2016-03-02 01:00:00+00:00,49.8,55.58,23.52,86.24,2.86,TNP_0006,0,2016
2016-03-02 02:00:00+00:00,220.27,277.38,26.38,69.11,3.66,TNP_0006,0,2016
2016-03-02 03:00:00+00:00,442.62,524.65,28.77,57.6,4.07,TNP_0006,0,2016
2016-03-02 04:00:00+00:00,524.28,734.6,31.04,48.76,4.3,TNP_0006,0,2016
2016-03-02 05:00:00+00:00,733.38,887.5,32.99,42.1,4.4,TNP_0006,0,2016
2016-03-02 06:00:00+00:00,862.92,932.33,34.45,37.69,4.5,TNP_0006,0,2016
2016-03-02 07:00:00+00:00,779.58,929.08,35.17,35.4,4.73,TNP_0006,0,2016
2016-03-02 08:00:00+00:00,746.58,846.88,35.22,34.66,5.05,TNP_0006,0,2016
2016-03-02 09:00:00+00:00,622.3,693.67,34.58,35.49,5.42,TNP_0006,0,2016
2016-03-02 10:00:00+00:00,439.88,478.95,33.28,37.97,5.78,TNP_0006,0,2016
2016-03-02 11:00:00+00:00,221.05,244.45,31.5,42.59,5.89,TNP_0006,0,2016
2016-03-02 12:00:00+00:00,40.33,43.08,29.37,50.38,5.46,TNP_0006,0,2016
2016-03-02 13:00:00+00:00,0.0,0.0,27.66,58.72,5.06,TNP_0006,0,2016
2016-03-02 14:00:00+00:00,0.0,0.0,26.32,66.93,4.07,TNP_0006,0,2016
2016-03-02 15:00:00+00:00,0.0,0.0,25.21,74.53,3.52,TNP_0006,0,2016
2016-03-02 16:00:00+00:00,0.0,0.0,24.53,80.11,3.36,TNP_0006,0,2016
2016-03-02 17:00:00+00:00,0.0,0.0,24.09,84.44,2.84,TNP_0006,0,2016
2016-03-02 18:00:00+00:00,0.0,0.0,23.69,88.11,2.57,TNP_0006,0,2016
2016-03-02 19:00:00+00:00,0.0,0.0,23.41,90.95,2.72,TNP_0006,0,2016
2016-03-02 20:00:00+00:00,0.0,0.0,23.12,93.21,2.53,TNP_0006,0,2016
2016-03-02 21:00:00+00:00,0.0,0.0,22.83,94.95,2.22,TNP_0006,0,2016
2016-03-02 22:00:00+00:00,0.0,0.0,22.59,95.9,1.96,TNP_0006,0,2016
2016-03-02 23:00:00+00:00,0.0,0.0,22.44,96.25,1.88,TNP_0006,0,2016
2016-03-03 00:00:00+00:00,0.0,0.0,22.29,96.45,1.85,TNP_0006,0,2016
2016-03-03 01:00:00+00:00,52.5,58.05,23.46,89.0,2.98,TNP_0006,0,2016
2016-03-03 02:00:00+00:00,221.2,282.17,25.35,76.58,3.61,TNP_0006,0,2016
2016-03-03 03:00:00+00:00,438.9,529.75,26.91,66.32,3.75,TNP_0006,0,2016
2016-03-03 04:00:00+00:00,663.2,740.28,28.47,57.09,4.01,TNP_0006,0,2016
2016-03-03 05:00:00+00:00,827.0,892.78,29.89,49.56,4.45,TNP_0006,0,2016
2016-03-03 06:00:00+00:00,926.33,968.22,30.88,44.93,4.73,TNP_0006,0,2016
2016-03-03 07:00:00+00:00,908.15,965.17,31.49,42.33,4.77,TNP_0006,0,2016
2016-03-03 08:00:00+00:00,832.92,881.72,31.76,40.95,4.76,TNP_0006,0,2016
2016-03-03 09:00:00+00:00,670.72,725.22,31.68,40.75,4.71,TNP_0006,0,2016
2016-03-03 10:00:00+00:00,466.9,510.77,30.98,42.31,4.78,TNP_0006,0,2016
2016-03-03 11:00:00+00:00,240.05,264.85,29.52,47.07,4.62,TNP_0006,0,2016
2016-03-03 12:00:00+00:00,45.4,47.28,27.19,57.94,3.35,TNP_0006,0,2016
2016-03-03 13:00:00+00:00,0.0,0.0,25.77,65.85,2.85,TNP_0006,0,2016
2016-03-03 14:00:00+00:00,0.0,0.0,25.02,70.95,2.7,TNP_0006,0,2016
2016-03-03 15:00:00+00:00,0.0,0.0,24.37,75.97,2.51,TNP_0006,0,2016
2016-03-03 16:00:00+00:00,0.0,0.0,23.79,80.86,2.31,TNP_0006,0,2016
2016-03-03 17:00:00+00:00,0.0,0.0,23.2,85.7,2.1,TNP_0006,0,2016
2016-03-03 18:00:00+00:00,0.0,0.0,22.47,91.25,2.05,TNP_0006,0,2016
2016-03-03 19:00:00+00:00,0.0,0.0,22.02,95.35,2.08,TNP_0006,0,2016
2016-03-03 20:00:00+00:00,0.0,0.0,21.44,99.64,1.97,TNP_0006,0,2016
2016-03-03 21:00:00+00:00,0.0,0.0,20.86,100.0,2.06,TNP_0006,0,2016
2016-03-03 22:00:00+00:00,0.0,0.0,20.64,100.0,2.12,TNP_0006,0,2016
2016-03-03 23:00:00+00:00,0.0,0.0,20.58,100.0,2.13,TNP_0006,0,2016
2016-03-04 00:00:00+00:00,0.0,0.0,20.65,100.0,2.06,TNP_0006,0,2016
2016-03-04 01:00:00+00:00,58.55,60.8,22.27,93.88,2.49,TNP_0006,0,2016
2016-03-04 02:00:00+00:00,264.17,289.12,24.39,82.14,3.04,TNP_0006,0,2016
2016-03-04 03:00:00+00:00,495.85,537.67,26.3,70.52,3.12,TNP_0006,0,2016
2016-03-04 04:00:00+00:00,656.67,753.3,28.14,59.34,3.12,TNP_0006,0,2016
2016-03-04 05:00:00+00:00,776.88,904.7,29.76,50.87,3.16,TNP_0006,0,2016
2016-03-04 06:00:00+00:00,810.78,943.22,31.14,44.84,3.22,TNP_0006,0,2016
2016-03-04 07:00:00+00:00,705.53,943.55,32.21,40.56,3.38,TNP_0006,0,2016
2016-03-04 08:00:00+00:00,698.45,857.15,32.81,37.84,3.75,TNP_0006,0,2016
2016-03-04 09:00:00+00:00,487.15,697.92,32.84,36.37,4.15,TNP_0006,0,2016
2016-03-04 10:00:00+00:00,335.42,483.35,32.17,37.03,4.55,TNP_0006,0,2016
2016-03-04 11:00:00+00:00,167.98,238.77,30.82,40.73,4.58,TNP_0006,0,2016
2016-03-04 12:00:00+00:00,36.8,42.08,28.16,52.38,3.37,TNP_0006,0,2016
2016-03-04 13:00:00+00:00,0.0,0.0,26.55,60.51,3.62,TNP_0006,0,2016
2016-03-04 14:00:00+00:00,0.0,0.0,25.62,67.31,3.8,TNP_0006,0,2016
2016-03-04 15:00:00+00:00,0.0,0.0,24.56,75.83,3.21,TNP_0006,0,2016
2016-03-04 16:00:00+00:00,0.0,0.0,23.72,83.24,2.67,TNP_0006,0,2016
2016-03-04 17:00:00+00:00,0.0,0.0,22.94,90.05,2.32,TNP_0006,0,2016
2016-03-04 18:00:00+00:00,0.0,0.0,22.23,96.18,2.12,TNP_0006,0,2016
2016-03-04 19:00:00+00:00,0.0,0.0,21.75,100.0,2.03,TNP_0006,0,2016
2016-03-04 20:00:00+00:00,0.0,0.0,21.53,100.0,1.95,TNP_0006,0,2016
2016-03-04 21:00:00+00:00,0.0,0.0,21.45,100.0,1.87,TNP_0006,0,2016
2016-03-04 22:00:00+00:00,0.0,0.0,21.28,100.0,1.89,TNP_0006,0,2016
2016-03-04 23:00:00+00:00,0.0,0.0,21.23,100.0,1.83,TNP_0006,0,2016
2016-03-05 00:00:00+00:00,0.0,0.0,21.27,100.0,1.67,TNP_0006,0,2016
2016-03-05 01:00:00+00:00,47.7,53.83,23.15,91.34,1.67,TNP_0006,0,2016
2016-03-05 02:00:00+00:00,192.48,260.38,25.86,76.06,1.98,TNP_0006,0,2016
2016-03-05 03:00:00+00:00,432.73,502.15,28.57,60.37,1.98,TNP_0006,0,2016
2016-03-05 04:00:00+00:00,651.95,719.2,31.12,47.71,1.98,TNP_0006,0,2016
2016-03-05 05:00:00+00:00,755.8,873.9,33.23,39.59,2.11,TNP_0006,0,2016
2016-03-05 06:00:00+00:00,891.95,955.35,34.85,34.21,2.43,TNP_0006,0,2016
2016-03-05 07:00:00+00:00,877.72,953.97,36.0,30.63,2.9,TNP_0006,0,2016
2016-03-05 08:00:00+00:00,733.88,869.97,36.5,28.74,3.46,TNP_0006,0,2016
2016-03-05 09:00:00+00:00,685.62,712.38,36.39,28.11,4.14,TNP_0006,0,2016
2016-03-05 10:00:00+00:00,485.52,497.8,35.54,29.1,4.88,TNP_0006,0,2016
2016-03-05 11:00:00+00:00,247.82,254.5,33.83,32.76,5.5,TNP_0006,0,2016
2016-03-05 12:00:00+00:00,44.83,45.3,30.72,42.5,5.05,TNP_0006,0,2016
2016-03-05 13:00:00+00:00,0.0,0.0,28.39,52.81,5.94,TNP_0006,0,2016
2016-03-05 14:00:00+00:00,0.0,0.0,26.74,63.14,5.64,TNP_0006,0,2016
2016-03-05 15:00:00+00:00,0.0,0.0,25.56,72.36,4.92,TNP_0006,0,2016
2016-03-05 16:00:00+00:00,0.0,0.0,24.68,79.76,4.17,TNP_0006,0,2016
2016-03-05 17:00:00+00:00,0.0,0.0,23.93,85.72,3.44,TNP_0006,0,2016
2016-03-05 18:00:00+00:00,0.0,0.0,23.2,91.14,2.67,TNP_0006,0,2016
2016-03-05 19:00:00+00:00,0.0,0.0,22.54,95.71,1.97,TNP_0006,0,2016
2016-03-05 20:00:00+00:00,0.0,0.0,22.05,98.9,1.77,TNP_0006,0,2016
2016-03-05 21:00:00+00:00,0.0,0.0,21.82,100.0,1.65,TNP_0006,0,2016
2016-03-05 22:00:00+00:00,0.0,0.0,21.78,99.87,1.5,TNP_0006,0,2016
2016-03-05 23:00:00+00:00,0.0,0.0,21.98,98.17,1.32,TNP_0006,0,2016
2016-03-06 00:00:00+00:00,0.0,0.0,22.06,97.29,1.27,TNP_0006,0,2016
2016-03-06 01:00:00+00:00,55.28,57.67,23.46,88.25,1.61,TNP_0006,0,2016
2016-03-06 02:00:00+00:00,239.93,272.15,25.86,72.08,1.69,TNP_0006,0,2016
2016-03-06 03:00:00+00:00,456.88,515.03,28.28,57.98,1.63,TNP_0006,0,2016
2016-03-06 04:00:00+00:00,713.95,740.3,30.99,44.7,1.72,TNP_0006,0,2016
2016-03-06 05:00:00+00:00,892.75,895.38,33.2,35.55,1.88,TNP_0006,0,2016
2016-03-06 06:00:00+00:00,984.62,984.62,34.78,30.38,2.23,TNP_0006,0,2016
2016-03-06 07:00:00+00:00,970.4,982.12,35.76,27.59,2.74,TNP_0006,0,2016
2016-03-06 08:00:00+00:00,893.78,897.78,36.29,26.17,3.32,TNP_0006,0,2016
2016-03-06 09:00:00+00:00,731.7,739.22,36.24,25.87,3.95,TNP_0006,0,2016
2016-03-06 10:00:00+00:00,517.38,522.17,35.45,26.96,4.7,TNP_0006,0,2016
2016-03-06 11:00:00+00:00,269.3,273.3,33.76,30.48,5.33,TNP_0006,0,2016
2016-03-06 12:00:00+00:00,50.38,50.62,30.59,40.28,4.66,TNP_0006,0,2016
2016-03-06 13:00:00+00:00,0.0,0.0,28.34,49.9,5.34,TNP_0006,0,2016
2016-03-06 14:00:00+00:00,0.0,0.0,26.9,59.35,5.21,TNP_0006,0,2016
2016-03-06 15:00:00+00:00,0.0,0.0,25.76,68.71,4.55,TNP_0006,0,2016
2016-03-06 16:00:00+00:00,0.0,0.0,24.97,76.25,3.85,TNP_0006,0,2016
2016-03-06 17:00:00+00:00,0.0,0.0,24.36,82.11,3.29,TNP_0006,0,2016
2016-03-06 18:00:00+00:00,0.0,0.0,23.86,86.8,2.86,TNP_0006,0,2016
2016-03-06 19:00:00+00:00,0.0,0.0,23.58,89.72,2.51,TNP_0006,0,2016
2016-03-06 20:00:00+00:00,0.0,0.0,23.36,91.84,2.29,TNP_0006,0,2016
2016-03-06 21:00:00+00:00,0.0,0.0,23.18,93.26,2.08,TNP_0006,0,2016
2016-03-06 22:00:00+00:00,0.0,0.0,23.0,94.23,1.89,TNP_0006,0,2016
2016-03-06 23:00:00+00:00,0.0,0.0,22.99,94.11,1.71,TNP_0006,0,2016
2016-03-07 00:00:00+00:00,0.0,0.0,22.86,94.49,1.47,TNP_0006,0,2016
2016-03-07 01:00:00+00:00,52.88,62.7,24.15,86.46,2.3,TNP_0006,0,2016
2016-03-07 02:00:00+00:00,211.8,291.95,26.41,71.68,2.83,TNP_0006,0,2016
2016-03-07 03:00:00+00:00,465.0,542.9,28.63,60.39,2.63,TNP_0006,0,2016
2016-03-07 04:00:00+00:00,699.8,759.5,30.96,50.19,2.45,TNP_0006,0,2016
2016-03-07 05:00:00+00:00,810.12,913.62,33.12,41.27,2.39,TNP_0006,0,2016
2016-03-07 06:00:00+00:00,963.83,984.88,34.88,34.86,2.56,TNP_0006,0,2016
2016-03-07 07:00:00+00:00,980.08,982.83,36.05,30.83,2.99,TNP_0006,0,2016
2016-03-07 08:00:00+00:00,882.7,899.38,36.46,28.97,3.54,TNP_0006,0,2016
2016-03-07 09:00:00+00:00,731.55,742.35,36.25,28.32,4.15,TNP_0006,0,2016
2016-03-07 10:00:00+00:00,507.0,526.88,35.35,29.18,4.87,TNP_0006,0,2016
2016-03-07 11:00:00+00:00,262.88,277.85,33.72,32.31,5.52,TNP_0006,0,2016
2016-03-07 12:00:00+00:00,50.35,51.17,30.81,40.87,5.07,TNP_0006,0,2016
2016-03-07 13:00:00+00:00,0.0,0.0,28.43,50.69,5.57,TNP_0006,0,2016
2016-03-07 14:00:00+00:00,0.0,0.0,26.81,60.02,5.2,TNP_0006,0,2016
2016-03-07 15:00:00+00:00,0.0,0.0,25.53,68.77,4.34,TNP_0006,0,2016
2016-03-07 16:00:00+00:00,0.0,0.0,24.52,76.22,3.54,TNP_0006,0,2016
2016-03-07 17:00:00+00:00,0.0,0.0,23.64,82.59,2.87,TNP_0006,0,2016
2016-03-07 18:00:00+00:00,0.0,0.0,22.78,88.7,2.31,TNP_0006,0,2016
2016-03-07 19:00:00+00:00,0.0,0.0,22.02,94.25,2.0,TNP_0006,0,2016
2016-03-07 20:00:00+00:00,0.0,0.0,21.56,97.97,1.91,TNP_0006,0,2016
2016-03-07 21:00:00+00:00,0.0,0.0,21.38,99.59,1.79,TNP_0006,0,2016
2016-03-07 22:00:00+00:00,0.0,0.0,21.25,100.0,1.72,TNP_0006,0,2016
2016-03-07 23:00:00+00:00,0.0,0.0,21.36,99.46,1.58,TNP_0006,0,2016
2016-03-08 00:00:00+00:00,0.0,0.0,21.43,98.92,1.46,TNP_0006,0,2016
2016-03-08 01:00:00+00:00,63.78,68.75,23.26,87.82,1.78,TNP_0006,0,2016
2016-03-08 02:00:00+00:00,268.23,307.83,25.95,71.31,1.86,TNP_0006,0,2016
2016-03-08 03:00:00+00:00,500.83,558.6,28.33,58.58,1.84,TNP_0006,0,2016
2016-03-08 04:00:00+00:00,718.08,771.9,30.76,48.2,1.86,TNP_0006,0,2016
2016-03-08 05:00:00+00:00,880.92,924.05,33.06,39.76,1.93,TNP_0006,0,2016
2016-03-08 06:00:00+00:00,966.05,981.95,34.89,33.66,2.06,TNP_0006,0,2016
2016-03-08 07:00:00+00:00,962.9,977.33,36.14,29.83,2.34,TNP_0006,0,2016
2016-03-08 08:00:00+00:00,889.6,891.17,36.77,27.74,2.82,TNP_0006,0,2016
2016-03-08 09:00:00+00:00,728.3,731.33,36.58,27.42,3.47,TNP_0006,0,2016
2016-03-08 10:00:00+00:00,509.73,512.3,35.59,29.05,4.41,TNP_0006,0,2016
2016-03-08 11:00:00+00:00,260.77,262.83,33.82,33.43,5.38,TNP_0006,0,2016
2016-03-08 12:00:00+00:00,48.0,48.35,31.12,42.46,5.68,TNP_0006,0,2016
2016-03-08 13:00:00+00:00,0.0,0.0,28.88,52.6,6.02,TNP_0006,0,2016
2016-03-08 14:00:00+00:00,0.0,0.0,27.39,60.92,6.07,TNP_0006,0,2016
2016-03-08 15:00:00+00:00,0.0,0.0,26.39,66.76,5.45,TNP_0006,0,2016
2016-03-08 16:00:00+00:00,0.0,0.0,25.72,70.74,4.5,TNP_0006,0,2016
2016-03-08 17:00:00+00:00,0.0,0.0,25.04,74.93,3.43,TNP_0006,0,2016
2016-03-08 18:00:00+00:00,0.0,0.0,24.26,79.61,2.36,TNP_0006,0,2016
2016-03-08 19:00:00+00:00,0.0,0.0,23.38,84.98,1.66,TNP_0006,0,2016
2016-03-08 20:00:00+00:00,0.0,0.0,22.78,89.05,1.39,TNP_0006,0,2016
2016-03-08 21:00:00+00:00,0.0,0.0,22.61,90.53,0.99,TNP_0006,0,2016
2016-03-08 22:00:00+00:00,0.0,0.0,22.39,91.95,0.74,TNP_0006,0,2016
2016-03-08 23:00:00+00:00,0.0,0.0,22.0,94.2,0.89,TNP_0006,0,2016
2016-03-09 00:00:00+00:00,0.0,0.0,21.45,97.3,1.18,TNP_0006,0,2016
2016-03-09 01:00:00+00:00,55.6,67.65,23.1,87.41,1.41,TNP_0006,0,2016
2016-03-09 02:00:00+00:00,218.5,296.73,26.48,67.46,0.74,TNP_0006,0,2016
2016-03-09 03:00:00+00:00,457.75,543.33,29.61,49.15,0.73,TNP_0006,0,2016
2016-03-09 04:00:00+00:00,644.38,750.42,32.23,38.08,1.03,TNP_0006,0,2016
2016-03-09 05:00:00+00:00,828.15,903.1,34.13,32.09,1.28,TNP_0006,0,2016
2016-03-09 06:00:00+00:00,864.03,948.85,35.46,28.32,1.51,TNP_0006,0,2016
2016-03-09 07:00:00+00:00,862.65,943.28,36.22,26.18,1.92,TNP_0006,0,2016
2016-03-09 08:00:00+00:00,742.05,855.5,36.57,25.17,2.59,TNP_0006,0,2016
2016-03-09 09:00:00+00:00,645.9,694.78,36.71,24.75,3.43,TNP_0006,0,2016
2016-03-09 10:00:00+00:00,441.3,476.62,36.05,25.68,4.21,TNP_0006,0,2016
2016-03-09 11:00:00+00:00,201.2,228.75,34.46,28.83,4.72,TNP_0006,0,2016
2016-03-09 12:00:00+00:00,40.15,40.7,31.33,38.29,3.95,TNP_0006,0,2016
2016-03-09 13:00:00+00:00,0.0,0.0,29.26,47.14,4.73,TNP_0006,0,2016
2016-03-09 14:00:00+00:00,0.0,0.0,28.07,55.45,5.01,TNP_0006,0,2016
2016-03-09 15:00:00+00:00,0.0,0.0,26.95,64.19,4.59,TNP_0006,0,2016
2016-03-09 16:00:00+00:00,0.0,0.0,26.05,71.81,3.99,TNP_0006,0,2016
2016-03-09 17:00:00+00:00,0.0,0.0,25.36,77.66,3.31,TNP_0006,0,2016
2016-03-09 18:00:00+00:00,0.0,0.0,24.89,81.81,2.78,TNP_0006,0,2016
2016-03-09 19:00:00+00:00,0.0,0.0,24.31,86.13,2.02,TNP_0006,0,2016
2016-03-09 20:00:00+00:00,0.0,0.0,23.69,90.42,1.68,TNP_0006,0,2016
2016-03-09 21:00:00+00:00,0.0,0.0,23.35,92.94,1.43,TNP_0006,0,2016
2016-03-09 22:00:00+00:00,0.0,0.0,23.24,93.75,1.07,TNP_0006,0,2016
2016-03-09 23:00:00+00:00,0.0,0.0,23.3,93.51,0.81,TNP_0006,0,2016
2016-03-10 00:00:00+00:00,0.0,0.0,23.35,93.25,0.6,TNP_0006,0,2016
2016-03-10 01:00:00+00:00,52.08,65.82,24.21,87.94,0.6,TNP_0006,0,2016
2016-03-10 02:00:00+00:00,202.93,291.98,26.04,76.54,0.96,TNP_0006,0,2016
2016-03-10 03:00:00+00:00,394.62,536.5,27.71,66.75,1.36,TNP_0006,0,2016
2016-03-10 04:00:00+00:00,591.35,746.33,29.24,58.4,1.81,TNP_0006,0,2016
2016-03-10 05:00:00+00:00,739.85,900.75,30.65,51.1,2.14,TNP_0006,0,2016
2016-03-10 06:00:00+00:00,840.03,950.65,31.94,44.98,2.33,TNP_0006,0,2016
2016-03-10 07:00:00+00:00,852.7,948.03,33.08,40.18,2.45,TNP_0006,0,2016
2016-03-10 08:00:00+00:00,771.1,860.1,34.01,36.45,2.71,TNP_0006,0,2016
2016-03-10 09:00:00+00:00,624.83,695.72,34.48,34.2,2.92,TNP_0006,0,2016
2016-03-10 10:00:00+00:00,411.33,471.35,34.47,33.21,3.13,TNP_0006,0,2016
2016-03-10 11:00:00+00:00,212.3,221.8,33.6,34.67,3.37,TNP_0006,0,2016
2016-03-10 12:00:00+00:00,35.53,36.05,30.64,45.9,2.5,TNP_0006,0,2016
2016-03-10 13:00:00+00:00,0.0,0.0,28.78,52.48,3.07,TNP_0006,0,2016
2016-03-10 14:00:00+00:00,0.0,0.0,28.15,56.92,3.55,TNP_0006,0,2016
2016-03-10 15:00:00+00:00,0.0,0.0,27.46,63.25,4.08,TNP_0006,0,2016
2016-03-10 16:00:00+00:00,0.0,0.0,26.64,70.89,4.24,TNP_0006,0,2016
2016-03-10 17:00:00+00:00,0.0,0.0,25.85,78.3,3.61,TNP_0006,0,2016
2016-03-10 18:00:00+00:00,0.0,0.0,25.15,84.81,2.8,TNP_0006,0,2016
2016-03-10 19:00:00+00:00,0.0,0.0,24.71,89.16,2.24,TNP_0006,0,2016
2016-03-10 20:00:00+00:00,0.0,0.0,24.43,91.87,1.76,TNP_0006,0,2016
2016-03-10 21:00:00+00:00,0.0,0.0,24.21,93.79,1.41,TNP_0006,0,2016
2016-03-10 22:00:00+00:00,0.0,0.0,24.03,95.25,1.2,TNP_0006,0,2016
2016-03-10 23:00:00+00:00,0.0,0.0,23.98,95.74,1.01,TNP_0006,0,2016
2016-03-11 00:00:00+00:00,0.0,0.0,24.02,95.49,0.8,TNP_0006,0,2016
2016-03-11 01:00:00+00:00,43.88,51.03,25.29,87.27,0.7,TNP_0006,0,2016
2016-03-11 02:00:00+00:00,211.6,235.68,27.78,70.72,0.37,TNP_0006,0,2016
2016-03-11 03:00:00+00:00,408.38,450.45,30.66,54.81,0.42,TNP_0006,0,2016
2016-03-11 04:00:00+00:00,616.65,663.1,33.2,43.78,0.6,TNP_0006,0,2016
2016-03-11 05:00:00+00:00,776.45,815.33,35.6,34.28,0.89,TNP_0006,0,2016
2016-03-11 06:00:00+00:00,958.17,982.47,37.4,28.45,1.21,TNP_0006,0,2016
2016-03-11 07:00:00+00:00,958.67,973.47,38.53,25.01,1.51,TNP_0006,0,2016
2016-03-11 08:00:00+00:00,868.58,888.5,39.04,23.18,1.86,TNP_0006,0,2016
2016-03-11 09:00:00+00:00,711.95,731.83,38.94,22.34,2.29,TNP_0006,0,2016
2016-03-11 10:00:00+00:00,493.1,518.3,38.24,22.66,2.98,TNP_0006,0,2016
2016-03-11 11:00:00+00:00,242.95,272.83,36.79,24.8,3.83,TNP_0006,0,2016
2016-03-11 12:00:00+00:00,44.83,50.5,33.46,33.73,3.7,TNP_0006,0,2016
2016-03-11 13:00:00+00:00,0.0,0.0,31.23,42.26,5.21,TNP_0006,0,2016
2016-03-11 14:00:00+00:00,0.0,0.0,29.66,52.52,5.85,TNP_0006,0,2016
2016-03-11 15:00:00+00:00,0.0,0.0,28.25,63.1,5.15,TNP_0006,0,2016
2016-03-11 16:00:00+00:00,0.0,0.0,27.23,71.46,4.08,TNP_0006,0,2016
2016-03-11 17:00:00+00:00,0.0,0.0,26.41,77.92,3.14,TNP_0006,0,2016
2016-03-11 18:00:00+00:00,0.0,0.0,25.68,83.21,2.16,TNP_0006,0,2016
2016-03-11 19:00:00+00:00,0.0,0.0,25.18,86.79,1.64,TNP_0006,0,2016
2016-03-11 20:00:00+00:00,0.0,0.0,24.86,89.26,1.25,TNP_0006,0,2016
2016-03-11 21:00:00+00:00,0.0,0.0,24.81,90.01,0.94,TNP_0006,0,2016
2016-03-11 22:00:00+00:00,0.0,0.0,24.69,90.92,0.74,TNP_0006,0,2016
2016-03-11 23:00:00+00:00,0.0,0.0,24.6,91.51,0.58,TNP_0006,0,2016
2016-03-12 00:00:00+00:00,0.0,0.0,24.52,92.08,0.58,TNP_0006,0,2016
2016-03-12 01:00:00+00:00,66.68,70.22,25.81,83.99,1.08,TNP_0006,0,2016
2016-03-12 02:00:00+00:00,278.17,300.55,28.2,69.15,1.69,TNP_0006,0,2016
2016-03-12 03:00:00+00:00,509.17,550.95,30.7,56.55,1.95,TNP_0006,0,2016
2016-03-12 04:00:00+00:00,726.05,762.9,33.11,46.1,2.02,TNP_0006,0,2016
2016-03-12 05:00:00+00:00,868.15,912.03,35.25,37.99,2.01,TNP_0006,0,2016
2016-03-12 06:00:00+00:00,969.62,994.9,36.96,32.14,2.12,TNP_0006,0,2016
2016-03-12 07:00:00+00:00,959.47,987.62,38.16,28.31,2.43,TNP_0006,0,2016
2016-03-12 08:00:00+00:00,873.67,903.0,38.71,26.17,2.94,TNP_0006,0,2016
2016-03-12 09:00:00+00:00,720.97,747.15,38.61,25.33,3.57,TNP_0006,0,2016
2016-03-12 10:00:00+00:00,510.92,532.35,37.79,25.97,4.24,TNP_0006,0,2016
2016-03-12 11:00:00+00:00,248.45,283.02,36.26,28.29,4.95,TNP_0006,0,2016
2016-03-12 12:00:00+00:00,43.3,53.25,33.61,34.38,4.97,TNP_0006,0,2016
2016-03-12 13:00:00+00:00,0.0,0.0,31.21,42.38,5.86,TNP_0006,0,2016
2016-03-12 14:00:00+00:00,0.0,0.0,29.49,50.75,5.65,TNP_0006,0,2016
2016-03-12 15:00:00+00:00,0.0,0.0,28.21,58.36,4.75,TNP_0006,0,2016
2016-03-12 16:00:00+00:00,0.0,0.0,27.29,64.42,3.94,TNP_0006,0,2016
2016-03-12 17:00:00+00:00,0.0,0.0,26.55,69.21,3.06,TNP_0006,0,2016
2016-03-12 18:00:00+00:00,0.0,0.0,25.89,73.23,2.2,TNP_0006,0,2016
2016-03-12 19:00:00+00:00,0.0,0.0,25.28,76.85,1.53,TNP_0006,0,2016
2016-03-12 20:00:00+00:00,0.0,0.0,24.8,79.58,1.29,TNP_0006,0,2016
2016-03-12 21:00:00+00:00,0.0,0.0,24.51,81.31,1.17,TNP_0006,0,2016
2016-03-12 22:00:00+00:00,0.0,0.0,24.22,83.05,1.04,TNP_0006,0,2016
2016-03-12 23:00:00+00:00,0.0,0.0,23.95,84.81,0.96,TNP_0006,0,2016
2016-03-13 00:00:00+00:00,0.0,0.0,23.71,86.64,0.96,TNP_0006,0,2016
2016-03-13 01:00:00+00:00,63.25,73.1,25.31,78.7,1.42,TNP_0006,0,2016
2016-03-13 02:00:00+00:00,262.77,310.05,28.68,61.67,1.16,TNP_0006,0,2016
2016-03-13 03:00:00+00:00,515.53,559.62,31.86,49.09,0.96,TNP_0006,0,2016
2016-03-13 04:00:00+00:00,747.25,768.45,34.28,41.67,0.81,TNP_0006,0,2016
2016-03-13 05:00:00+00:00,832.3,916.5,36.26,36.1,0.92,TNP_0006,0,2016
2016-03-13 06:00:00+00:00,964.88,987.58,37.67,31.86,1.29,TNP_0006,0,2016
2016-03-13 07:00:00+00:00,857.4,979.55,38.25,29.41,1.82,TNP_0006,0,2016
2016-03-13 08:00:00+00:00,854.28,893.45,38.31,28.14,2.55,TNP_0006,0,2016
2016-03-13 09:00:00+00:00,696.12,732.38,37.78,28.08,3.27,TNP_0006,0,2016
2016-03-13 10:00:00+00:00,487.4,516.47,36.9,28.84,3.98,TNP_0006,0,2016
2016-03-13 11:00:00+00:00,241.0,267.65,35.47,31.15,4.53,TNP_0006,0,2016
2016-03-13 12:00:00+00:00,42.55,48.17,33.24,36.45,4.47,TNP_0006,0,2016
2016-03-13 13:00:00+00:00,0.0,0.0,31.41,42.19,5.17,TNP_0006,0,2016
2016-03-13 14:00:00+00:00,0.0,0.0,29.97,49.34,5.24,TNP_0006,0,2016
2016-03-13 15:00:00+00:00,0.0,0.0,28.81,57.56,4.97,TNP_0006,0,2016
2016-03-13 16:00:00+00:00,0.0,0.0,27.88,65.75,4.37,TNP_0006,0,2016
2016-03-13 17:00:00+00:00,0.0,0.0,27.2,72.33,3.75,TNP_0006,0,2016
2016-03-13 18:00:00+00:00,0.0,0.0,26.55,77.37,3.07,TNP_0006,0,2016
2016-03-13 19:00:00+00:00,0.0,0.0,25.95,81.33,2.47,TNP_0006,0,2016
2016-03-13 20:00:00+00:00,0.0,0.0,25.38,84.95,2.1,TNP_0006,0,2016
2016-03-13 21:00:00+00:00,0.0,0.0,24.91,88.04,1.83,TNP_0006,0,2016
2016-03-13 22:00:00+00:00,0.0,0.0,24.47,90.84,1.55,TNP_0006,0,2016
2016-03-13 23:00:00+00:00,0.0,0.0,24.08,93.4,1.33,TNP_0006,0,2016
2016-03-14 00:00:00+00:00,0.0,0.0,23.76,95.45,1.29,TNP_0006,0,2016
2016-03-14 01:00:00+00:00,71.4,73.8,25.47,85.0,2.0,TNP_0006,0,2016
2016-03-14 02:00:00+00:00,294.58,311.92,28.34,67.37,2.74,TNP_0006,0,2016
2016-03-14 03:00:00+00:00,536.7,561.85,31.06,52.83,2.59,TNP_0006,0,2016
2016-03-14 04:00:00+00:00,756.3,773.45,33.57,42.37,2.29,TNP_0006,0,2016
2016-03-14 05:00:00+00:00,855.95,922.85,35.76,34.84,2.16,TNP_0006,0,2016
2016-03-14 06:00:00+00:00,980.88,1003.75,37.39,30.11,2.22,TNP_0006,0,2016
2016-03-14 07:00:00+00:00,938.25,997.62,38.46,27.19,2.45,TNP_0006,0,2016
2016-03-14 08:00:00+00:00,813.53,912.83,39.01,25.4,2.86,TNP_0006,0,2016
2016-03-14 09:00:00+00:00,699.67,755.03,38.94,24.66,3.44,TNP_0006,0,2016
2016-03-14 10:00:00+00:00,504.65,539.78,38.22,24.97,4.11,TNP_0006,0,2016
2016-03-14 11:00:00+00:00,269.02,290.05,36.78,26.86,4.82,TNP_0006,0,2016
2016-03-14 12:00:00+00:00,53.55,55.78,34.11,32.43,4.83,TNP_0006,0,2016
2016-03-14 13:00:00+00:00,0.0,0.0,31.61,40.5,5.83,TNP_0006,0,2016
2016-03-14 14:00:00+00:00,0.0,0.0,29.76,50.55,5.98,TNP_0006,0,2016
2016-03-14 15:00:00+00:00,0.0,0.0,28.32,60.77,5.2,TNP_0006,0,2016
2016-03-14 16:00:00+00:00,0.0,0.0,27.28,68.87,4.5,TNP_0006,0,2016
2016-03-14 17:00:00+00:00,0.0,0.0,26.47,74.04,3.6,TNP_0006,0,2016
2016-03-14 18:00:00+00:00,0.0,0.0,25.75,77.85,2.85,TNP_0006,0,2016
2016-03-14 19:00:00+00:00,0.0,0.0,25.09,81.47,2.09,TNP_0006,0,2016
2016-03-14 20:00:00+00:00,0.0,0.0,24.55,84.6,1.54,TNP_0006,0,2016
2016-03-14 21:00:00+00:00,0.0,0.0,24.1,87.31,1.2,TNP_0006,0,2016
2016-03-14 22:00:00+00:00,0.0,0.0,23.74,89.43,1.06,TNP_0006,0,2016
2016-03-14 23:00:00+00:00,0.0,0.0,23.47,91.15,1.02,TNP_0006,0,2016
2016-03-15 00:00:00+00:00,0.0,0.0,23.26,92.6,1.08,TNP_0006,0,2016
2016-03-15 01:00:00+00:00,80.05,84.6,24.99,83.34,1.86,TNP_0006,0,2016
2016-03-15 02:00:00+00:00,284.58,326.85,28.02,67.53,2.51,TNP_0006,0,2016
2016-03-15 03:00:00+00:00,523.12,571.6,30.97,53.16,2.49,TNP_0006,0,2016
2016-03-15 04:00:00+00:00,694.1,779.03,33.58,42.82,2.37,TNP_0006,0,2016
2016-03-15 05:00:00+00:00,848.45,926.88,35.74,35.68,2.09,TNP_0006,0,2016
2016-03-15 06:00:00+00:00,933.17,985.58,37.47,30.51,1.85,TNP_0006,0,2016
2016-03-15 07:00:00+00:00,892.2,975.7,38.67,26.95,1.91,TNP_0006,0,2016
2016-03-15 08:00:00+00:00,833.1,886.78,39.25,24.67,2.26,TNP_0006,0,2016
2016-03-15 09:00:00+00:00,666.2,724.8,39.2,23.52,2.83,TNP_0006,0,2016
2016-03-15 10:00:00+00:00,480.88,506.12,38.45,23.67,3.54,TNP_0006,0,2016
2016-03-15 11:00:00+00:00,233.75,259.48,37.01,25.28,4.43,TNP_0006,0,2016
2016-03-15 12:00:00+00:00,41.3,45.92,34.46,30.11,4.84,TNP_0006,0,2016
2016-03-15 13:00:00+00:00,0.0,0.0,31.96,37.75,6.25,TNP_0006,0,2016
2016-03-15 14:00:00+00:00,0.0,0.0,29.88,48.59,6.46,TNP_0006,0,2016
2016-03-15 15:00:00+00:00,0.0,0.0,28.25,60.31,5.96,TNP_0006,0,2016
2016-03-15 16:00:00+00:00,0.0,0.0,27.12,69.33,4.89,TNP_0006,0,2016
2016-03-15 17:00:00+00:00,0.0,0.0,26.4,75.09,3.73,TNP_0006,0,2016
2016-03-15 18:00:00+00:00,0.0,0.0,25.85,78.86,2.87,TNP_0006,0,2016
2016-03-15 19:00:00+00:00,0.0,0.0,25.38,81.81,2.24,TNP_0006,0,2016
2016-03-15 20:00:00+00:00,0.0,0.0,24.89,84.77,1.57,TNP_0006,0,2016
2016-03-15 21:00:00+00:00,0.0,0.0,24.49,87.36,1.03,TNP_0006,0,2016
2016-03-15 22:00:00+00:00,0.0,0.0,24.17,89.37,0.72,TNP_0006,0,2016
2016-03-15 23:00:00+00:00,0.0,0.0,23.98,90.6,0.61,TNP_0006,0,2016
2016-03-16 00:00:00+00:00,0.0,0.0,23.74,92.09,0.83,TNP_0006,0,2016
2016-03-16 01:00:00+00:00,73.97,80.9,25.4,82.93,1.29,TNP_0006,0,2016
2016-03-16 02:00:00+00:00,281.9,314.73,28.38,65.61,1.41,TNP_0006,0,2016
2016-03-16 03:00:00+00:00,537.03,559.33,31.38,50.25,1.56,TNP_0006,0,2016
2016-03-16 04:00:00+00:00,749.17,768.38,34.11,39.6,1.74,TNP_0006,0,2016
2016-03-16 05:00:00+00:00,894.22,915.9,36.39,32.81,1.92,TNP_0006,0,2016
2016-03-16 06:00:00+00:00,909.65,963.72,38.1,28.93,2.25,TNP_0006,0,2016
2016-03-16 07:00:00+00:00,862.08,955.78,39.16,26.89,2.66,TNP_0006,0,2016
2016-03-16 08:00:00+00:00,709.3,868.4,39.58,26.06,3.08,TNP_0006,0,2016
2016-03-16 09:00:00+00:00,645.9,707.58,39.01,26.66,3.65,TNP_0006,0,2016
2016-03-16 10:00:00+00:00,461.08,491.08,38.16,27.77,4.48,TNP_0006,0,2016
2016-03-16 11:00:00+00:00,223.73,248.88,36.7,30.33,5.32,TNP_0006,0,2016
2016-03-16 12:00:00+00:00,41.55,44.03,34.52,35.45,5.72,TNP_0006,0,2016
2016-03-16 13:00:00+00:00,0.0,0.0,32.29,43.19,6.0,TNP_0006,0,2016
2016-03-16 14:00:00+00:00,0.0,0.0,30.46,52.34,5.75,TNP_0006,0,2016
2016-03-16 15:00:00+00:00,0.0,0.0,29.0,62.06,5.48,TNP_0006,0,2016
2016-03-16 16:00:00+00:00,0.0,0.0,27.99,69.6,4.5,TNP_0006,0,2016
2016-03-16 17:00:00+00:00,0.0,0.0,27.24,75.44,3.34,TNP_0006,0,2016
2016-03-16 18:00:00+00:00,0.0,0.0,26.63,80.17,2.47,TNP_0006,0,2016
2016-03-16 19:00:00+00:00,0.0,0.0,26.11,84.1,1.82,TNP_0006,0,2016
2016-03-16 20:00:00+00:00,0.0,0.0,25.69,86.98,1.46,TNP_0006,0,2016
2016-03-16 21:00:00+00:00,0.0,0.0,25.43,88.8,1.21,TNP_0006,0,2016
2016-03-16 22:00:00+00:00,0.0,0.0,25.22,90.12,0.93,TNP_0006,0,2016
2016-03-16 23:00:00+00:00,0.0,0.0,25.03,91.04,0.84,TNP_0006,0,2016
2016-03-17 00:00:00+00:00,0.0,0.0,24.98,90.83,0.68,TNP_0006,0,2016
2016-03-17 01:00:00+00:00,71.0,74.62,26.13,84.36,0.65,TNP_0006,0,2016
2016-03-17 02:00:00+00:00,278.02,304.2,28.72,66.32,0.28,TNP_0006,0,2016
2016-03-17 03:00:00+00:00,502.6,551.1,32.43,43.33,0.63,TNP_0006,0,2016
2016-03-17 04:00:00+00:00,714.95,762.03,35.3,32.71,1.43,TNP_0006,0,2016
2016-03-17 05:00:00+00:00,865.97,912.35,37.38,27.96,1.99,TNP_0006,0,2016
2016-03-17 06:00:00+00:00,917.05,966.35,38.92,25.35,2.5,TNP_0006,0,2016
2016-03-17 07:00:00+00:00,910.03,958.8,39.72,24.25,3.03,TNP_0006,0,2016
2016-03-17 08:00:00+00:00,849.8,870.95,39.75,24.38,3.61,TNP_0006,0,2016
2016-03-17 09:00:00+00:00,691.8,709.6,39.05,25.51,4.27,TNP_0006,0,2016
2016-03-17 10:00:00+00:00,485.8,493.02,37.98,27.23,5.03,TNP_0006,0,2016
2016-03-17 11:00:00+00:00,245.07,250.68,36.51,29.82,5.64,TNP_0006,0,2016
2016-03-17 12:00:00+00:00,43.88,44.47,34.42,34.21,5.74,TNP_0006,0,2016
2016-03-17 13:00:00+00:00,0.0,0.0,32.29,40.34,5.62,TNP_0006,0,2016
2016-03-17 14:00:00+00:00,0.0,0.0,30.6,46.82,5.3,TNP_0006,0,2016
2016-03-17 15:00:00+00:00,0.0,0.0,29.19,53.5,4.62,TNP_0006,0,2016
2016-03-17 16:00:00+00:00,0.0,0.0,28.09,59.48,3.79,TNP_0006,0,2016
2016-03-17 17:00:00+00:00,0.0,0.0,27.13,65.09,3.01,TNP_0006,0,2016
2016-03-17 18:00:00+00:00,0.0,0.0,26.21,70.7,2.26,TNP_0006,0,2016
2016-03-17 19:00:00+00:00,0.0,0.0,25.33,76.22,1.58,TNP_0006,0,2016
2016-03-17 20:00:00+00:00,0.0,0.0,24.59,81.07,1.27,TNP_0006,0,2016
2016-03-17 21:00:00+00:00,0.0,0.0,24.08,84.61,1.07,TNP_0006,0,2016
2016-03-17 22:00:00+00:00,0.0,0.0,23.84,86.44,0.74,TNP_0006,0,2016
2016-03-17 23:00:00+00:00,0.0,0.0,23.61,88.0,0.55,TNP_0006,0,2016
2016-03-18 00:00:00+00:00,0.0,0.0,23.34,89.51,0.63,TNP_0006,0,2016
2016-03-18 01:00:00+00:00,73.03,77.45,24.76,81.76,0.7,TNP_0006,0,2016
2016-03-18 02:00:00+00:00,261.65,299.25,27.96,61.17,0.81,TNP_0006,0,2016
2016-03-18 03:00:00+00:00,481.27,542.7,31.56,41.41,1.79,TNP_0006,0,2016
2016-03-18 04:00:00+00:00,701.12,752.8,34.78,29.88,2.9,TNP_0006,0,2016
2016-03-18 05:00:00+00:00,880.92,903.28,36.98,25.65,3.55,TNP_0006,0,2016
2016-03-18 06:00:00+00:00,984.3,986.17,38.5,23.7,4.02,TNP_0006,0,2016
2016-03-18 07:00:00+00:00,978.5,979.8,39.42,22.72,4.49,TNP_0006,0,2016
2016-03-18 08:00:00+00:00,890.78,894.28,39.7,22.47,4.97,TNP_0006,0,2016
2016-03-18 09:00:00+00:00,733.6,734.55,39.29,22.91,5.47,TNP_0006,0,2016
2016-03-18 10:00:00+00:00,516.38,517.45,38.19,24.21,5.99,TNP_0006,0,2016
2016-03-18 11:00:00+00:00,268.38,269.23,36.37,26.81,6.37,TNP_0006,0,2016
2016-03-18 12:00:00+00:00,50.47,50.62,33.76,31.66,6.04,TNP_0006,0,2016
2016-03-18 13:00:00+00:00,0.0,0.0,31.26,38.11,5.56,TNP_0006,0,2016
2016-03-18 14:00:00+00:00,0.0,0.0,29.5,44.53,5.06,TNP_0006,0,2016
2016-03-18 15:00:00+00:00,0.0,0.0,28.05,51.7,4.19,TNP_0006,0,2016
2016-03-18 16:00:00+00:00,0.0,0.0,26.87,59.06,3.25,TNP_0006,0,2016
2016-03-18 17:00:00+00:00,0.0,0.0,25.84,66.27,2.43,TNP_0006,0,2016
2016-03-18 18:00:00+00:00,0.0,0.0,24.87,73.45,1.77,TNP_0006,0,2016
2016-03-18 19:00:00+00:00,0.0,0.0,24.04,79.96,1.42,TNP_0006,0,2016
2016-03-18 20:00:00+00:00,0.0,0.0,23.54,84.35,1.06,TNP_0006,0,2016
2016-03-18 21:00:00+00:00,0.0,0.0,23.23,86.75,0.75,TNP_0006,0,2016
2016-03-18 22:00:00+00:00,0.0,0.0,22.87,88.53,0.86,TNP_0006,0,2016
2016-03-18 23:00:00+00:00,0.0,0.0,22.6,89.53,0.98,TNP_0006,0,2016
2016-03-19 00:00:00+00:00,0.0,0.0,22.48,89.67,0.93,TNP_0006,0,2016
2016-03-19 01:00:00+00:00,94.38,95.9,24.32,79.85,0.99,TNP_0006,0,2016
2016-03-19 02:00:00+00:00,337.17,341.8,28.16,58.35,1.84,TNP_0006,0,2016
2016-03-19 03:00:00+00:00,589.05,592.03,31.84,39.54,2.23,TNP_0006,0,2016
2016-03-19 04:00:00+00:00,800.75,801.85,34.92,28.66,2.11,TNP_0006,0,2016
2016-03-19 05:00:00+00:00,948.5,948.5,37.25,23.32,1.91,TNP_0006,0,2016
2016-03-19 06:00:00+00:00,1018.6,1019.47,38.92,20.51,1.86,TNP_0006,0,2016
2016-03-19 07:00:00+00:00,1008.12,1010.75,40.0,18.9,2.07,TNP_0006,0,2016
2016-03-19 08:00:00+00:00,921.17,921.17,40.47,18.05,2.43,TNP_0006,0,2016
2016-03-19 09:00:00+00:00,758.7,758.72,40.33,17.86,2.76,TNP_0006,0,2016
2016-03-19 10:00:00+00:00,537.7,537.9,39.58,18.23,3.35,TNP_0006,0,2016
2016-03-19 11:00:00+00:00,282.0,282.27,38.08,19.75,4.14,TNP_0006,0,2016
2016-03-19 12:00:00+00:00,53.28,53.38,34.93,25.22,4.0,TNP_0006,0,2016
2016-03-19 13:00:00+00:00,0.0,0.0,32.21,32.44,5.12,TNP_0006,0,2016
2016-03-19 14:00:00+00:00,0.0,0.0,30.56,39.76,5.66,TNP_0006,0,2016
2016-03-19 15:00:00+00:00,0.0,0.0,29.05,47.33,5.14,TNP_0006,0,2016
2016-03-19 16:00:00+00:00,0.0,0.0,27.94,53.13,4.35,TNP_0006,0,2016
2016-03-19 17:00:00+00:00,0.0,0.0,26.98,58.01,3.52,TNP_0006,0,2016
2016-03-19 18:00:00+00:00,0.0,0.0,26.09,62.74,2.96,TNP_0006,0,2016
2016-03-19 19:00:00+00:00,0.0,0.0,25.33,67.25,2.69,TNP_0006,0,2016
2016-03-19 20:00:00+00:00,0.0,0.0,24.64,71.61,2.35,TNP_0006,0,2016
2016-03-19 21:00:00+00:00,0.0,0.0,24.04,75.53,2.01,TNP_0006,0,2016
2016-03-19 22:00:00+00:00,0.0,0.0,23.55,78.83,1.82,TNP_0006,0,2016
2016-03-19 23:00:00+00:00,0.0,0.0,23.25,81.08,1.62,TNP_0006,0,2016
2016-03-20 00:00:00+00:00,0.0,0.0,23.18,82.14,1.34,TNP_0006,0,2016
2016-03-20 01:00:00+00:00,89.07,89.65,25.13,73.43,1.36,TNP_0006,0,2016
2016-03-20 02:00:00+00:00,319.35,325.85,28.94,53.67,2.32,TNP_0006,0,2016
2016-03-20 03:00:00+00:00,564.05,574.0,32.19,39.71,2.6,TNP_0006,0,2016
2016-03-20 04:00:00+00:00,783.4,784.38,34.92,31.57,2.79,TNP_0006,0,2016
2016-03-20 05:00:00+00:00,933.58,933.97,37.21,26.42,3.22,TNP_0006,0,2016
2016-03-20 06:00:00+00:00,992.8,993.8,38.89,23.64,3.7,TNP_0006,0,2016
2016-03-20 07:00:00+00:00,985.72,985.8,39.9,22.06,4.09,TNP_0006,0,2016
2016-03-20 08:00:00+00:00,894.58,897.33,40.3,21.26,4.47,TNP_0006,0,2016
2016-03-20 09:00:00+00:00,735.53,735.97,40.05,21.12,4.84,TNP_0006,0,2016
2016-03-20 10:00:00+00:00,517.4,517.53,39.16,21.59,5.32,TNP_0006,0,2016
2016-03-20 11:00:00+00:00,267.25,267.5,37.54,23.14,5.68,TNP_0006,0,2016
2016-03-20 12:00:00+00:00,49.92,50.03,34.82,27.08,4.98,TNP_0006,0,2016
2016-03-20 13:00:00+00:00,0.0,0.0,32.22,31.98,4.84,TNP_0006,0,2016
2016-03-20 14:00:00+00:00,0.0,0.0,30.54,35.98,4.52,TNP_0006,0,2016
2016-03-20 15:00:00+00:00,0.0,0.0,29.09,40.27,3.85,TNP_0006,0,2016
2016-03-20 16:00:00+00:00,0.0,0.0,27.89,44.88,3.33,TNP_0006,0,2016
2016-03-20 17:00:00+00:00,0.0,0.0,26.86,50.06,2.94,TNP_0006,0,2016
2016-03-20 18:00:00+00:00,0.0,0.0,25.93,55.76,2.59,TNP_0006,0,2016
2016-03-20 19:00:00+00:00,0.0,0.0,25.12,61.47,2.29,TNP_0006,0,2016
2016-03-20 20:00:00+00:00,0.0,0.0,24.51,66.41,1.98,TNP_0006,0,2016
2016-03-20 21:00:00+00:00,0.0,0.0,24.11,69.99,1.62,TNP_0006,0,2016
2016-03-20 22:00:00+00:00,0.0,0.0,23.76,72.67,1.33,TNP_0006,0,2016
2016-03-20 23:00:00+00:00,0.0,0.0,23.72,73.36,1.06,TNP_0006,0,2016
2016-03-21 00:00:00+00:00,0.0,0.0,23.74,73.44,0.81,TNP_0006,0,2016
2016-03-21 01:00:00+00:00,78.88,91.93,25.24,67.29,0.78,TNP_0006,0,2016
2016-03-21 02:00:00+00:00,287.15,328.35,29.16,50.43,1.54,TNP_0006,0,2016
2016-03-21 03:00:00+00:00,536.85,575.17,32.48,38.14,1.92,TNP_0006,0,2016
2016-03-21 04:00:00+00:00,751.05,783.22,35.36,29.81,2.09,TNP_0006,0,2016
2016-03-21 05:00:00+00:00,914.42,929.75,37.77,24.61,2.41,TNP_0006,0,2016
2016-03-21 06:00:00+00:00,956.62,962.03,39.48,21.93,2.76,TNP_0006,0,2016
2016-03-21 07:00:00+00:00,942.25,951.75,40.5,20.67,3.08,TNP_0006,0,2016
2016-03-21 08:00:00+00:00,811.9,860.47,40.87,20.35,3.42,TNP_0006,0,2016
2016-03-21 09:00:00+00:00,664.0,696.33,40.61,20.65,3.73,TNP_0006,0,2016
2016-03-21 10:00:00+00:00,449.98,477.5,39.72,21.56,4.15,TNP_0006,0,2016
2016-03-21 11:00:00+00:00,214.77,236.18,38.16,23.52,4.66,TNP_0006,0,2016
2016-03-21 12:00:00+00:00,39.85,41.05,35.7,27.67,4.58,TNP_0006,0,2016
2016-03-21 13:00:00+00:00,0.0,0.0,33.42,32.78,5.36,TNP_0006,0,2016
2016-03-21 14:00:00+00:00,0.0,0.0,31.84,37.87,5.74,TNP_0006,0,2016
2016-03-21 15:00:00+00:00,0.0,0.0,30.46,43.84,5.25,TNP_0006,0,2016
2016-03-21 16:00:00+00:00,0.0,0.0,29.38,49.71,4.56,TNP_0006,0,2016
2016-03-21 17:00:00+00:00,0.0,0.0,28.45,55.27,3.98,TNP_0006,0,2016
2016-03-21 18:00:00+00:00,0.0,0.0,27.6,60.41,3.6,TNP_0006,0,2016
2016-03-21 19:00:00+00:00,0.0,0.0,26.91,64.84,3.36,TNP_0006,0,2016
2016-03-21 20:00:00+00:00,0.0,0.0,26.37,68.08,2.96,TNP_0006,0,2016
2016-03-21 21:00:00+00:00,0.0,0.0,25.88,70.4,2.4,TNP_0006,0,2016
2016-03-21 22:00:00+00:00,0.0,0.0,25.36,72.22,2.1,TNP_0006,0,2016
2016-03-21 23:00:00+00:00,0.0,0.0,25.0,73.09,1.98,TNP_0006,0,2016
2016-03-22 00:00:00+00:00,0.0,0.0,24.78,73.46,1.82,TNP_0006,0,2016
2016-03-22 01:00:00+00:00,77.8,79.35,26.78,64.96,2.25,TNP_0006,0,2016
2016-03-22 02:00:00+00:00,277.42,293.77,30.5,50.88,2.84,TNP_0006,0,2016
2016-03-22 03:00:00+00:00,514.8,534.95,33.84,38.46,2.8,TNP_0006,0,2016
2016-03-22 04:00:00+00:00,739.47,742.0,36.46,30.3,2.35,TNP_0006,0,2016
2016-03-22 05:00:00+00:00,884.08,885.97,38.58,25.42,1.91,TNP_0006,0,2016
2016-03-22 06:00:00+00:00,954.38,964.25,40.16,22.71,1.66,TNP_0006,0,2016
2016-03-22 07:00:00+00:00,946.85,946.85,41.18,21.24,1.75,TNP_0006,0,2016
2016-03-22 08:00:00+00:00,832.97,852.45,41.58,20.7,2.09,TNP_0006,0,2016
2016-03-22 09:00:00+00:00,657.92,684.55,41.31,20.8,2.58,TNP_0006,0,2016
2016-03-22 10:00:00+00:00,430.3,462.58,40.42,21.63,3.36,TNP_0006,0,2016
2016-03-22 11:00:00+00:00,205.12,221.43,38.78,23.91,4.41,TNP_0006,0,2016
2016-03-22 12:00:00+00:00,37.72,38.78,36.73,28.26,5.18,TNP_0006,0,2016
2016-03-22 13:00:00+00:00,0.0,0.0,34.69,34.94,6.11,TNP_0006,0,2016
2016-03-22 14:00:00+00:00,0.0,0.0,32.79,44.1,7.18,TNP_0006,0,2016
2016-03-22 15:00:00+00:00,0.0,0.0,30.99,54.73,6.87,TNP_0006,0,2016
2016-03-22 16:00:00+00:00,0.0,0.0,29.85,62.38,6.01,TNP_0006,0,2016
2016-03-22 17:00:00+00:00,0.0,0.0,29.21,67.53,5.3,TNP_0006,0,2016
2016-03-22 18:00:00+00:00,0.0,0.0,28.78,71.31,4.64,TNP_0006,0,2016
2016-03-22 19:00:00+00:00,0.0,0.0,28.46,73.71,3.78,TNP_0006,0,2016
2016-03-22 20:00:00+00:00,0.0,0.0,28.01,76.1,2.58,TNP_0006,0,2016
2016-03-22 21:00:00+00:00,0.0,0.0,27.33,79.08,1.51,TNP_0006,0,2016
2016-03-22 22:00:00+00:00,0.0,0.0,26.88,80.81,1.18,TNP_0006,0,2016
2016-03-22 23:00:00+00:00,0.0,0.0,26.74,81.13,0.75,TNP_0006,0,2016
2016-03-23 00:00:00+00:00,0.0,0.0,26.52,82.09,0.38,TNP_0006,0,2016
2016-03-23 01:00:00+00:00,77.35,78.88,27.96,74.53,0.37,TNP_0006,0,2016
2016-03-23 02:00:00+00:00,274.77,288.62,31.13,57.94,1.21,TNP_0006,0,2016
2016-03-23 03:00:00+00:00,501.12,525.47,34.15,44.41,1.38,TNP_0006,0,2016
2016-03-23 04:00:00+00:00,728.4,730.95,36.71,33.84,1.73,TNP_0006,0,2016
2016-03-23 05:00:00+00:00,883.0,883.47,38.74,27.19,2.09,TNP_0006,0,2016
2016-03-23 06:00:00+00:00,980.78,982.9,40.16,23.59,2.43,TNP_0006,0,2016
2016-03-23 07:00:00+00:00,967.4,971.03,41.02,21.62,2.8,TNP_0006,0,2016
2016-03-23 08:00:00+00:00,867.53,870.95,41.32,20.68,3.24,TNP_0006,0,2016
2016-03-23 09:00:00+00:00,696.38,701.08,41.14,20.41,3.88,TNP_0006,0,2016
2016-03-23 10:00:00+00:00,478.95,485.2,40.25,21.12,4.83,TNP_0006,0,2016
2016-03-23 11:00:00+00:00,237.05,241.43,38.57,23.42,5.91,TNP_0006,0,2016
2016-03-23 12:00:00+00:00,41.42,42.25,36.15,28.31,6.54,TNP_0006,0,2016
2016-03-23 13:00:00+00:00,0.0,0.0,33.73,36.06,6.44,TNP_0006,0,2016
2016-03-23 14:00:00+00:00,0.0,0.0,31.87,45.1,6.19,TNP_0006,0,2016
2016-03-23 15:00:00+00:00,0.0,0.0,30.46,53.62,5.43,TNP_0006,0,2016
2016-03-23 16:00:00+00:00,0.0,0.0,29.4,60.6,4.48,TNP_0006,0,2016
2016-03-23 17:00:00+00:00,0.0,0.0,28.49,66.74,3.62,TNP_0006,0,2016
2016-03-23 18:00:00+00:00,0.0,0.0,27.71,72.16,2.8,TNP_0006,0,2016
2016-03-23 19:00:00+00:00,0.0,0.0,27.08,76.67,2.01,TNP_0006,0,2016
2016-03-23 20:00:00+00:00,0.0,0.0,26.69,79.75,1.62,TNP_0006,0,2016
2016-03-23 21:00:00+00:00,0.0,0.0,26.42,82.06,1.4,TNP_0006,0,2016
2016-03-23 22:00:00+00:00,0.0,0.0,26.2,84.1,1.16,TNP_0006,0,2016
2016-03-23 23:00:00+00:00,0.0,0.0,26.12,85.38,1.11,TNP_0006,0,2016
2016-03-24 00:00:00+00:00,0.0,0.0,26.15,86.04,1.15,TNP_0006,0,2016
2016-03-24 01:00:00+00:00,90.38,100.1,27.37,80.04,2.16,TNP_0006,0,2016
2016-03-24 02:00:00+00:00,284.98,340.48,29.73,66.11,2.78,TNP_0006,0,2016
2016-03-24 03:00:00+00:00,515.53,587.9,32.16,54.2,2.9,TNP_0006,0,2016
2016-03-24 04:00:00+00:00,738.88,795.38,34.69,42.78,3.0,TNP_0006,0,2016
2016-03-24 05:00:00+00:00,921.55,941.67,36.97,33.15,3.32,TNP_0006,0,2016
2016-03-24 06:00:00+00:00,978.92,982.1,38.74,27.07,3.66,TNP_0006,0,2016
2016-03-24 07:00:00+00:00,964.72,970.8,39.88,23.18,4.06,TNP_0006,0,2016
2016-03-24 08:00:00+00:00,877.25,879.88,40.35,20.53,4.53,TNP_0006,0,2016
2016-03-24 09:00:00+00:00,707.12,713.0,40.05,19.08,5.07,TNP_0006,0,2016
2016-03-24 10:00:00+00:00,488.55,489.23,38.99,18.85,5.78,TNP_0006,0,2016
2016-03-24 11:00:00+00:00,241.7,242.32,37.18,20.23,6.38,TNP_0006,0,2016
2016-03-24 12:00:00+00:00,44.4,44.55,34.67,23.93,6.13,TNP_0006,0,2016
2016-03-24 13:00:00+00:00,0.0,0.0,32.19,30.0,5.62,TNP_0006,0,2016
2016-03-24 14:00:00+00:00,0.0,0.0,30.43,37.48,5.24,TNP_0006,0,2016
2016-03-24 15:00:00+00:00,0.0,0.0,28.9,47.11,4.49,TNP_0006,0,2016
2016-03-24 16:00:00+00:00,0.0,0.0,27.61,57.32,3.77,TNP_0006,0,2016
2016-03-24 17:00:00+00:00,0.0,0.0,26.54,66.77,3.18,TNP_0006,0,2016
2016-03-24 18:00:00+00:00,0.0,0.0,25.64,75.24,2.6,TNP_0006,0,2016
2016-03-24 19:00:00+00:00,0.0,0.0,24.89,82.47,1.93,TNP_0006,0,2016
2016-03-24 20:00:00+00:00,0.0,0.0,24.3,88.18,1.34,TNP_0006,0,2016
2016-03-24 21:00:00+00:00,0.0,0.0,23.87,92.38,0.97,TNP_0006,0,2016
2016-03-24 22:00:00+00:00,0.0,0.0,23.71,94.33,0.75,TNP_0006,0,2016
2016-03-24 23:00:00+00:00,0.0,0.0,23.73,94.53,0.55,TNP_0006,0,2016
2016-03-25 00:00:00+00:00,0.0,0.0,23.74,94.45,0.51,TNP_0006,0,2016
2016-03-25 01:00:00+00:00,85.32,104.75,25.18,85.39,0.98,TNP_0006,0,2016
2016-03-25 02:00:00+00:00,259.9,348.65,27.78,67.12,1.72,TNP_0006,0,2016
2016-03-25 03:00:00+00:00,535.8,600.88,30.76,48.78,2.07,TNP_0006,0,2016
2016-03-25 04:00:00+00:00,749.9,811.85,33.6,36.42,2.39,TNP_0006,0,2016
2016-03-25 05:00:00+00:00,958.4,959.58,35.98,28.73,2.73,TNP_0006,0,2016
2016-03-25 06:00:00+00:00,986.33,988.33,37.76,23.74,3.06,TNP_0006,0,2016
2016-03-25 07:00:00+00:00,971.6,979.0,38.87,20.81,3.38,TNP_0006,0,2016
2016-03-25 08:00:00+00:00,871.05,888.22,39.34,19.36,3.78,TNP_0006,0,2016
2016-03-25 09:00:00+00:00,719.65,723.97,39.06,19.16,4.27,TNP_0006,0,2016
2016-03-25 10:00:00+00:00,502.5,503.15,38.05,20.32,4.91,TNP_0006,0,2016
2016-03-25 11:00:00+00:00,250.52,250.77,36.28,23.38,5.57,TNP_0006,0,2016
2016-03-25 12:00:00+00:00,46.03,46.05,33.68,29.55,5.72,TNP_0006,0,2016
2016-03-25 13:00:00+00:00,0.0,0.0,31.12,38.84,5.87,TNP_0006,0,2016
2016-03-25 14:00:00+00:00,0.0,0.0,29.24,49.05,6.0,TNP_0006,0,2016
2016-03-25 15:00:00+00:00,0.0,0.0,27.69,59.44,5.79,TNP_0006,0,2016
2016-03-25 16:00:00+00:00,0.0,0.0,26.64,66.76,4.73,TNP_0006,0,2016
2016-03-25 17:00:00+00:00,0.0,0.0,25.77,72.64,3.66,TNP_0006,0,2016
2016-03-25 18:00:00+00:00,0.0,0.0,24.91,78.16,2.62,TNP_0006,0,2016
2016-03-25 19:00:00+00:00,0.0,0.0,24.0,83.74,1.75,TNP_0006,0,2016
2016-03-25 20:00:00+00:00,0.0,0.0,23.23,88.42,1.45,TNP_0006,0,2016
2016-03-25 21:00:00+00:00,0.0,0.0,22.78,91.24,1.16,TNP_0006,0,2016
2016-03-25 22:00:00+00:00,0.0,0.0,22.67,91.82,0.8,TNP_0006,0,2016
2016-03-25 23:00:00+00:00,0.0,0.0,22.52,92.48,0.63,TNP_0006,0,2016
2016-03-26 00:00:00+00:00,0.0,0.0,22.25,93.74,0.74,TNP_0006,0,2016
2016-03-26 01:00:00+00:00,100.53,107.7,23.86,83.37,1.01,TNP_0006,0,2016
2016-03-26 02:00:00+00:00,319.83,353.75,26.84,63.34,1.18,TNP_0006,0,2016
2016-03-26 03:00:00+00:00,570.97,607.92,30.08,44.73,1.52,TNP_0006,0,2016
2016-03-26 04:00:00+00:00,818.03,819.67,33.49,29.68,2.25,TNP_0006,0,2016
2016-03-26 05:00:00+00:00,969.97,970.12,36.01,22.51,2.85,TNP_0006,0,2016
2016-03-26 06:00:00+00:00,1011.4,1012.97,37.81,18.67,3.34,TNP_0006,0,2016
2016-03-26 07:00:00+00:00,1001.33,1003.25,38.98,16.53,3.7,TNP_0006,0,2016
2016-03-26 08:00:00+00:00,912.05,912.53,39.47,15.7,4.01,TNP_0006,0,2016
2016-03-26 09:00:00+00:00,744.4,746.7,39.23,15.78,4.36,TNP_0006,0,2016
2016-03-26 10:00:00+00:00,523.12,524.65,38.26,16.92,4.87,TNP_0006,0,2016
2016-03-26 11:00:00+00:00,271.05,272.35,36.53,19.6,5.35,TNP_0006,0,2016
2016-03-26 12:00:00+00:00,49.8,50.03,33.67,25.42,4.9,TNP_0006,0,2016
2016-03-26 13:00:00+00:00,0.0,0.0,31.01,34.37,5.4,TNP_0006,0,2016
2016-03-26 14:00:00+00:00,0.0,0.0,29.37,43.93,5.69,TNP_0006,0,2016
2016-03-26 15:00:00+00:00,0.0,0.0,27.9,53.75,4.99,TNP_0006,0,2016
2016-03-26 16:00:00+00:00,0.0,0.0,26.74,62.4,4.33,TNP_0006,0,2016
2016-03-26 17:00:00+00:00,0.0,0.0,25.75,69.52,3.56,TNP_0006,0,2016
2016-03-26 18:00:00+00:00,0.0,0.0,24.8,75.83,2.71,TNP_0006,0,2016
2016-03-26 19:00:00+00:00,0.0,0.0,23.9,81.52,2.07,TNP_0006,0,2016
2016-03-26 20:00:00+00:00,0.0,0.0,23.17,86.08,1.79,TNP_0006,0,2016
2016-03-26 21:00:00+00:00,0.0,0.0,22.65,89.27,1.61,TNP_0006,0,2016
2016-03-26 22:00:00+00:00,0.0,0.0,22.4,90.77,1.31,TNP_0006,0,2016
2016-03-26 23:00:00+00:00,0.0,0.0,22.29,91.5,1.02,TNP_0006,0,2016
2016-03-27 00:00:00+00:00,0.0,0.0,22.12,92.39,0.93,TNP_0006,0,2016
2016-03-27 01:00:00+00:00,104.0,108.75,23.97,81.99,1.18,TNP_0006,0,2016
2016-03-27 02:00:00+00:00,305.77,349.1,27.46,62.33,2.03,TNP_0006,0,2016
2016-03-27 03:00:00+00:00,518.17,598.03,30.42,46.88,2.08,TNP_0006,0,2016
2016-03-27 04:00:00+00:00,746.22,803.92,33.17,35.6,1.89,TNP_0006,0,2016
2016-03-27 05:00:00+00:00,935.1,946.97,35.53,28.42,1.88,TNP_0006,0,2016
2016-03-27 06:00:00+00:00,991.38,994.22,37.4,23.95,2.04,TNP_0006,0,2016
2016-03-27 07:00:00+00:00,975.83,984.15,38.7,21.33,2.24,TNP_0006,0,2016
2016-03-27 08:00:00+00:00,886.92,890.95,39.37,20.06,2.45,TNP_0006,0,2016
2016-03-27 09:00:00+00:00,726.95,727.58,39.28,19.74,2.7,TNP_0006,0,2016
2016-03-27 10:00:00+00:00,504.8,505.0,38.63,20.05,3.21,TNP_0006,0,2016
2016-03-27 11:00:00+00:00,255.7,256.08,37.21,21.82,3.96,TNP_0006,0,2016
2016-03-27 12:00:00+00:00,46.92,47.05,34.54,26.81,4.11,TNP_0006,0,2016
2016-03-27 13:00:00+00:00,0.0,0.0,31.99,34.74,5.37,TNP_0006,0,2016
2016-03-27 14:00:00+00:00,0.0,0.0,30.32,43.68,6.42,TNP_0006,0,2016
2016-03-27 15:00:00+00:00,0.0,0.0,28.65,53.56,5.85,TNP_0006,0,2016
2016-03-27 16:00:00+00:00,0.0,0.0,27.45,62.11,5.26,TNP_0006,0,2016
2016-03-27 17:00:00+00:00,0.0,0.0,26.62,68.35,4.28,TNP_0006,0,2016
2016-03-27 18:00:00+00:00,0.0,0.0,25.94,73.46,3.24,TNP_0006,0,2016
2016-03-27 19:00:00+00:00,0.0,0.0,25.25,78.35,1.96,TNP_0006,0,2016
2016-03-27 20:00:00+00:00,0.0,0.0,24.61,82.88,1.29,TNP_0006,0,2016
2016-03-27 21:00:00+00:00,0.0,0.0,24.29,85.55,1.01,TNP_0006,0,2016
2016-03-27 22:00:00+00:00,0.0,0.0,24.15,86.97,0.76,TNP_0006,0,2016
2016-03-27 23:00:00+00:00,0.0,0.0,23.94,88.59,0.78,TNP_0006,0,2016
2016-03-28 00:00:00+00:00,0.0,0.0,23.67,90.37,0.95,TNP_0006,0,2016
2016-03-28 01:00:00+00:00,93.9,103.35,25.48,80.77,1.22,TNP_0006,0,2016
2016-03-28 02:00:00+00:00,282.88,331.62,28.52,63.7,1.3,TNP_0006,0,2016
2016-03-28 03:00:00+00:00,544.17,574.15,31.62,47.46,0.9,TNP_0006,0,2016
2016-03-28 04:00:00+00:00,766.15,778.7,34.62,35.7,1.06,TNP_0006,0,2016
2016-03-28 05:00:00+00:00,889.17,922.4,37.01,28.74,1.52,TNP_0006,0,2016
2016-03-28 06:00:00+00:00,992.15,1004.25,38.78,24.44,2.05,TNP_0006,0,2016
2016-03-28 07:00:00+00:00,972.3,993.15,39.9,22.06,2.75,TNP_0006,0,2016
2016-03-28 08:00:00+00:00,880.62,901.17,40.34,21.22,3.68,TNP_0006,0,2016
2016-03-28 09:00:00+00:00,707.72,736.53,40.11,21.61,4.75,TNP_0006,0,2016
2016-03-28 10:00:00+00:00,496.9,515.83,39.04,23.55,5.85,TNP_0006,0,2016
2016-03-28 11:00:00+00:00,235.43,266.27,37.11,28.11,6.98,TNP_0006,0,2016
2016-03-28 12:00:00+00:00,40.25,47.53,34.33,37.08,7.77,TNP_0006,0,2016
2016-03-28 13:00:00+00:00,0.0,0.0,31.7,50.21,8.26,TNP_0006,0,2016
2016-03-28 14:00:00+00:00,0.0,0.0,29.68,63.57,8.05,TNP_0006,0,2016
2016-03-28 15:00:00+00:00,0.0,0.0,28.43,72.02,7.18,TNP_0006,0,2016
2016-03-28 16:00:00+00:00,0.0,0.0,27.88,75.06,6.35,TNP_0006,0,2016
2016-03-28 17:00:00+00:00,0.0,0.0,27.6,76.13,5.78,TNP_0006,0,2016
2016-03-28 18:00:00+00:00,0.0,0.0,27.36,76.57,5.29,TNP_0006,0,2016
2016-03-28 19:00:00+00:00,0.0,0.0,27.16,76.95,4.69,TNP_0006,0,2016
2016-03-28 20:00:00+00:00,0.0,0.0,26.97,77.42,4.02,TNP_0006,0,2016
2016-03-28 21:00:00+00:00,0.0,0.0,26.75,78.55,3.12,TNP_0006,0,2016
2016-03-28 22:00:00+00:00,0.0,0.0,26.53,79.86,2.43,TNP_0006,0,2016
2016-03-28 23:00:00+00:00,0.0,0.0,26.33,81.16,1.67,TNP_0006,0,2016
2016-03-29 00:00:00+00:00,0.0,0.0,26.13,82.52,1.02,TNP_0006,0,2016
2016-03-29 01:00:00+00:00,101.0,118.97,27.23,76.37,1.68,TNP_0006,0,2016
2016-03-29 02:00:00+00:00,285.05,362.3,29.56,63.75,2.14,TNP_0006,0,2016
2016-03-29 03:00:00+00:00,514.2,606.28,32.07,52.94,2.37,TNP_0006,0,2016
2016-03-29 04:00:00+00:00,741.15,808.75,34.38,44.15,2.71,TNP_0006,0,2016
2016-03-29 05:00:00+00:00,907.8,949.4,36.33,37.54,3.09,TNP_0006,0,2016
2016-03-29 06:00:00+00:00,977.83,1015.17,37.84,32.97,3.6,TNP_0006,0,2016
2016-03-29 07:00:00+00:00,935.5,1002.58,38.78,30.36,4.19,TNP_0006,0,2016
2016-03-29 08:00:00+00:00,818.92,911.42,38.94,29.86,4.76,TNP_0006,0,2016
2016-03-29 09:00:00+00:00,661.38,749.62,38.34,31.1,5.25,TNP_0006,0,2016
2016-03-29 10:00:00+00:00,485.48,532.1,37.11,33.69,5.75,TNP_0006,0,2016
2016-03-29 11:00:00+00:00,229.62,283.55,35.41,37.81,6.12,TNP_0006,0,2016
2016-03-29 12:00:00+00:00,42.47,53.65,33.3,44.08,6.14,TNP_0006,0,2016
2016-03-29 13:00:00+00:00,0.0,0.0,31.71,50.31,5.71,TNP_0006,0,2016
2016-03-29 14:00:00+00:00,0.0,0.0,30.68,55.47,5.07,TNP_0006,0,2016
2016-03-29 15:00:00+00:00,0.0,0.0,29.71,60.65,4.34,TNP_0006,0,2016
2016-03-29 16:00:00+00:00,0.0,0.0,28.76,66.2,3.85,TNP_0006,0,2016
2016-03-29 17:00:00+00:00,0.0,0.0,27.81,72.13,3.45,TNP_0006,0,2016
2016-03-29 18:00:00+00:00,0.0,0.0,26.91,78.15,2.93,TNP_0006,0,2016
2016-03-29 19:00:00+00:00,0.0,0.0,26.09,83.82,2.39,TNP_0006,0,2016
2016-03-29 20:00:00+00:00,0.0,0.0,25.41,88.85,1.95,TNP_0006,0,2016
2016-03-29 21:00:00+00:00,0.0,0.0,24.96,92.37,1.54,TNP_0006,0,2016
2016-03-29 22:00:00+00:00,0.0,0.0,24.64,94.77,1.32,TNP_0006,0,2016
2016-03-29 23:00:00+00:00,0.0,0.0,24.41,96.13,1.28,TNP_0006,0,2016
2016-03-30 00:00:00+00:00,0.0,0.0,24.34,96.14,1.2,TNP_0006,0,2016
2016-03-30 01:00:00+00:00,114.8,127.75,26.14,85.1,1.75,TNP_0006,0,2016
2016-03-30 02:00:00+00:00,316.6,375.42,28.71,68.54,2.06,TNP_0006,0,2016
2016-03-30 03:00:00+00:00,549.78,621.1,31.74,52.1,2.45,TNP_0006,0,2016
2016-03-30 04:00:00+00:00,766.22,826.12,34.48,40.59,2.94,TNP_0006,0,2016
2016-03-30 05:00:00+00:00,896.28,969.58,36.79,32.66,3.34,TNP_0006,0,2016
2016-03-30 06:00:00+00:00,1015.8,1025.3,38.53,27.63,3.71,TNP_0006,0,2016
2016-03-30 07:00:00+00:00,1011.25,1015.3,39.61,24.62,4.13,TNP_0006,0,2016
2016-03-30 08:00:00+00:00,920.75,925.45,39.99,23.38,4.65,TNP_0006,0,2016
2016-03-30 09:00:00+00:00,760.38,762.9,39.67,23.48,5.22,TNP_0006,0,2016
2016-03-30 10:00:00+00:00,543.0,543.53,38.61,25.08,5.85,TNP_0006,0,2016
2016-03-30 11:00:00+00:00,284.55,290.15,36.8,28.61,6.35,TNP_0006,0,2016
2016-03-30 12:00:00+00:00,53.4,54.67,34.36,34.7,6.48,TNP_0006,0,2016
2016-03-30 13:00:00+00:00,0.0,0.0,32.16,42.55,5.98,TNP_0006,0,2016
2016-03-30 14:00:00+00:00,0.0,0.0,30.61,50.24,5.53,TNP_0006,0,2016
2016-03-30 15:00:00+00:00,0.0,0.0,29.25,58.33,5.07,TNP_0006,0,2016
2016-03-30 16:00:00+00:00,0.0,0.0,28.19,65.45,4.09,TNP_0006,0,2016
2016-03-30 17:00:00+00:00,0.0,0.0,27.23,72.13,3.17,TNP_0006,0,2016
2016-03-30 18:00:00+00:00,0.0,0.0,26.38,78.37,2.58,TNP_0006,0,2016
2016-03-30 19:00:00+00:00,0.0,0.0,25.61,84.3,2.14,TNP_0006,0,2016
2016-03-30 20:00:00+00:00,0.0,0.0,25.04,89.13,1.83,TNP_0006,0,2016
2016-03-30 21:00:00+00:00,0.0,0.0,24.69,92.41,1.66,TNP_0006,0,2016
2016-03-30 22:00:00+00:00,0.0,0.0,24.56,93.94,1.48,TNP_0006,0,2016
2016-03-30 23:00:00+00:00,0.0,0.0,24.45,94.96,1.23,TNP_0006,0,2016
2016-03-31 00:00:00+00:00,0.0,0.0,24.47,94.91,1.1,TNP_0006,0,2016
2016-03-31 01:00:00+00:00,103.82,119.28,26.11,84.21,1.79,TNP_0006,0,2016
2016-03-31 02:00:00+00:00,297.4,363.73,28.53,68.18,2.05,TNP_0006,0,2016
2016-03-31 03:00:00+00:00,541.83,612.75,31.24,53.58,2.14,TNP_0006,0,2016
2016-03-31 04:00:00+00:00,761.72,817.53,33.53,42.74,2.13,TNP_0006,0,2016
2016-03-31 05:00:00+00:00,922.67,960.92,35.46,35.06,2.06,TNP_0006,0,2016
2016-03-31 06:00:00+00:00,1012.25,1021.78,37.15,29.46,2.09,TNP_0006,0,2016
2016-03-31 07:00:00+00:00,952.17,1008.17,38.45,25.65,2.23,TNP_0006,0,2016
2016-03-31 08:00:00+00:00,881.97,914.65,39.17,23.4,2.51,TNP_0006,0,2016
2016-03-31 09:00:00+00:00,739.95,750.05,39.25,22.48,2.96,TNP_0006,0,2016
2016-03-31 10:00:00+00:00,525.05,529.88,38.62,22.95,3.51,TNP_0006,0,2016
2016-03-31 11:00:00+00:00,271.52,279.25,37.3,24.89,4.1,TNP_0006,0,2016
2016-03-31 12:00:00+00:00,51.25,51.75,35.09,29.29,4.15,TNP_0006,0,2016
2016-03-31 13:00:00+00:00,0.0,0.0,32.84,36.47,4.81,TNP_0006,0,2016
2016-03-31 14:00:00+00:00,0.0,0.0,31.39,44.86,5.82,TNP_0006,0,2016
2016-03-31 15:00:00+00:00,0.0,0.0,29.81,54.85,5.49,TNP_0006,0,2016
2016-03-31 16:00:00+00:00,0.0,0.0,28.56,63.87,4.99,TNP_0006,0,2016
2016-03-31 17:00:00+00:00,0.0,0.0,27.63,70.4,4.17,TNP_0006,0,2016
2016-03-31 18:00:00+00:00,0.0,0.0,26.86,75.19,3.23,TNP_0006,0,2016
2016-03-31 19:00:00+00:00,0.0,0.0,26.17,79.41,2.4,TNP_0006,0,2016
2016-03-31 20:00:00+00:00,0.0,0.0,25.5,83.58,1.73,TNP_0006,0,2016
2016-03-31 21:00:00+00:00,0.0,0.0,24.94,87.19,1.35,TNP_0006,0,2016
2016-03-31 22:00:00+00:00,0.0,0.0,24.58,89.67,1.23,TNP_0006,0,2016
2016-03-31 23:00:00+00:00,0.0,0.0,24.45,90.82,1.13,TNP_0006,0,2016
2016-04-01 00:00:00+00:00,0.0,0.0,24.56,90.49,0.98,TNP_0006,0,2016
2016-04-01 01:00:00+00:00,127.45,137.57,26.33,79.98,1.84,TNP_0006,0,2016
2016-04-01 02:00:00+00:00,355.27,386.85,28.98,64.41,2.19,TNP_0006,0,2016
2016-04-01 03:00:00+00:00,604.4,632.4,31.78,49.44,1.98,TNP_0006,0,2016
2016-04-01 04:00:00+00:00,762.12,835.15,34.45,37.51,1.93,TNP_0006,0,2016
2016-04-01 05:00:00+00:00,858.2,976.38,36.73,29.45,2.08,TNP_0006,0,2016
2016-04-01 06:00:00+00:00,1018.2,1027.88,38.52,24.36,2.34,TNP_0006,0,2016
2016-04-01 07:00:00+00:00,1011.1,1014.55,39.75,21.25,2.65,TNP_0006,0,2016
2016-04-01 08:00:00+00:00,895.6,921.97,40.31,19.67,3.03,TNP_0006,0,2016
2016-04-01 09:00:00+00:00,759.85,760.17,40.21,19.26,3.48,TNP_0006,0,2016
2016-04-01 10:00:00+00:00,538.9,539.4,39.42,19.91,4.17,TNP_0006,0,2016
2016-04-01 11:00:00+00:00,285.62,286.2,37.91,22.07,4.93,TNP_0006,0,2016
2016-04-01 12:00:00+00:00,53.28,53.45,35.49,26.95,4.94,TNP_0006,0,2016
2016-04-01 13:00:00+00:00,0.0,0.0,33.02,34.83,5.2,TNP_0006,0,2016
2016-04-01 14:00:00+00:00,0.0,0.0,31.47,42.93,5.32,TNP_0006,0,2016
2016-04-01 15:00:00+00:00,0.0,0.0,30.03,51.05,4.62,TNP_0006,0,2016
2016-04-01 16:00:00+00:00,0.0,0.0,28.89,57.93,3.83,TNP_0006,0,2016
2016-04-01 17:00:00+00:00,0.0,0.0,27.92,63.67,2.92,TNP_0006,0,2016
2016-04-01 18:00:00+00:00,0.0,0.0,27.06,68.73,2.16,TNP_0006,0,2016
2016-04-01 19:00:00+00:00,0.0,0.0,26.33,73.21,1.73,TNP_0006,0,2016
2016-04-01 20:00:00+00:00,0.0,0.0,25.73,77.22,1.52,TNP_0006,0,2016
2016-04-01 21:00:00+00:00,0.0,0.0,25.24,80.73,1.37,TNP_0006,0,2016
2016-04-01 22:00:00+00:00,0.0,0.0,24.87,83.68,1.25,TNP_0006,0,2016
2016-04-01 23:00:00+00:00,0.0,0.0,24.64,85.82,1.05,TNP_0006,0,2016
2016-04-02 00:00:00+00:00,0.0,0.0,24.47,87.63,0.89,TNP_0006,0,2016
2016-04-02 01:00:00+00:00,126.82,130.93,26.52,77.47,1.3,TNP_0006,0,2016
2016-04-02 02:00:00+00:00,358.35,373.67,29.41,62.62,1.63,TNP_0006,0,2016
2016-04-02 03:00:00+00:00,606.6,618.03,32.23,49.47,1.64,TNP_0006,0,2016
2016-04-02 04:00:00+00:00,811.92,820.45,34.92,38.97,1.87,TNP_0006,0,2016
2016-04-02 05:00:00+00:00,928.65,961.05,37.26,31.35,2.29,TNP_0006,0,2016
2016-04-02 06:00:00+00:00,1008.33,1011.92,39.05,26.52,2.8,TNP_0006,0,2016
2016-04-02 07:00:00+00:00,995.12,997.7,40.23,23.56,3.37,TNP_0006,0,2016
2016-04-02 08:00:00+00:00,905.2,906.17,40.76,21.94,3.99,TNP_0006,0,2016
2016-04-02 09:00:00+00:00,739.78,740.9,40.61,21.38,4.65,TNP_0006,0,2016
2016-04-02 10:00:00+00:00,519.78,521.4,39.74,21.84,5.28,TNP_0006,0,2016
2016-04-02 11:00:00+00:00,270.05,271.92,38.15,23.73,5.75,TNP_0006,0,2016
2016-04-02 12:00:00+00:00,49.03,49.3,35.73,27.93,5.45,TNP_0006,0,2016
2016-04-02 13:00:00+00:00,0.0,0.0,33.27,34.22,5.2,TNP_0006,0,2016
2016-04-02 14:00:00+00:00,0.0,0.0,31.65,40.54,5.0,TNP_0006,0,2016
2016-04-02 15:00:00+00:00,0.0,0.0,30.15,47.32,3.98,TNP_0006,0,2016
2016-04-02 16:00:00+00:00,0.0,0.0,28.89,53.79,3.14,TNP_0006,0,2016
2016-04-02 17:00:00+00:00,0.0,0.0,27.77,60.1,2.44,TNP_0006,0,2016
2016-04-02 18:00:00+00:00,0.0,0.0,26.81,66.09,2.07,TNP_0006,0,2016
2016-04-02 19:00:00+00:00,0.0,0.0,25.99,71.8,1.89,TNP_0006,0,2016
2016-04-02 20:00:00+00:00,0.0,0.0,25.34,76.82,1.78,TNP_0006,0,2016
2016-04-02 21:00:00+00:00,0.0,0.0,24.83,81.08,1.65,TNP_0006,0,2016
2016-04-02 22:00:00+00:00,0.0,0.0,24.45,84.45,1.54,TNP_0006,0,2016
2016-04-02 23:00:00+00:00,0.0,0.0,24.22,86.7,1.42,TNP_0006,0,2016
2016-04-03 00:00:00+00:00,0.0,0.0,24.14,87.86,1.24,TNP_0006,0,2016
2016-04-03 01:00:00+00:00,122.2,124.43,26.37,77.16,1.9,TNP_0006,0,2016
2016-04-03 02:00:00+00:00,346.92,359.92,29.58,61.31,2.43,TNP_0006,0,2016
2016-04-03 03:00:00+00:00,582.45,603.03,32.6,46.44,1.9,TNP_0006,0,2016
2016-04-03 04:00:00+00:00,754.45,806.75,35.44,34.61,1.23,TNP_0006,0,2016
2016-04-03 05:00:00+00:00,941.15,947.33,37.91,26.84,1.39,TNP_0006,0,2016
2016-04-03 06:00:00+00:00,998.6,1001.7,39.64,22.81,2.0,TNP_0006,0,2016
2016-04-03 07:00:00+00:00,967.1,986.9,40.7,20.58,2.59,TNP_0006,0,2016
2016-04-03 08:00:00+00:00,893.2,894.1,41.14,19.46,3.05,TNP_0006,0,2016
2016-04-03 09:00:00+00:00,717.33,728.03,40.97,19.03,3.54,TNP_0006,0,2016
2016-04-03 10:00:00+00:00,500.9,508.42,40.18,19.34,4.22,TNP_0006,0,2016
2016-04-03 11:00:00+00:00,243.62,261.52,38.7,20.8,4.94,TNP_0006,0,2016
2016-04-03 12:00:00+00:00,44.53,46.78,36.27,24.56,4.88,TNP_0006,0,2016
2016-04-03 13:00:00+00:00,0.0,0.0,33.72,30.96,5.19,TNP_0006,0,2016
2016-04-03 14:00:00+00:00,0.0,0.0,32.06,38.09,5.42,TNP_0006,0,2016
2016-04-03 15:00:00+00:00,0.0,0.0,30.46,46.3,4.57,TNP_0006,0,2016
2016-04-03 16:00:00+00:00,0.0,0.0,29.18,53.97,3.66,TNP_0006,0,2016
2016-04-03 17:00:00+00:00,0.0,0.0,27.99,61.02,2.7,TNP_0006,0,2016
2016-04-03 18:00:00+00:00,0.0,0.0,26.91,67.44,2.08,TNP_0006,0,2016
2016-04-03 19:00:00+00:00,0.0,0.0,26.06,72.81,1.82,TNP_0006,0,2016
2016-04-03 20:00:00+00:00,0.0,0.0,25.43,77.04,1.73,TNP_0006,0,2016
2016-04-03 21:00:00+00:00,0.0,0.0,25.0,80.11,1.62,TNP_0006,0,2016
2016-04-03 22:00:00+00:00,0.0,0.0,24.74,82.12,1.48,TNP_0006,0,2016
2016-04-03 23:00:00+00:00,0.0,0.0,24.58,83.5,1.31,TNP_0006,0,2016
2016-04-04 00:00:00+00:00,0.0,0.0,24.5,84.4,1.09,TNP_0006,0,2016
2016-04-04 01:00:00+00:00,130.48,131.0,26.68,74.42,1.69,TNP_0006,0,2016
2016-04-04 02:00:00+00:00,364.12,366.33,29.72,59.96,2.43,TNP_0006,0,2016
2016-04-04 03:00:00+00:00,608.25,612.6,32.67,45.43,2.37,TNP_0006,0,2016
2016-04-04 04:00:00+00:00,811.38,815.88,35.4,34.67,2.35,TNP_0006,0,2016
2016-04-04 05:00:00+00:00,942.05,956.22,37.54,28.38,2.48,TNP_0006,0,2016
2016-04-04 06:00:00+00:00,1015.25,1019.1,39.16,24.43,2.76,TNP_0006,0,2016
2016-04-04 07:00:00+00:00,1000.85,1004.42,40.23,21.96,3.18,TNP_0006,0,2016
2016-04-04 08:00:00+00:00,909.45,912.97,40.67,20.85,3.73,TNP_0006,0,2016
2016-04-04 09:00:00+00:00,746.15,747.8,40.49,20.7,4.25,TNP_0006,0,2016
2016-04-04 10:00:00+00:00,522.4,526.7,39.63,21.45,4.87,TNP_0006,0,2016
2016-04-04 11:00:00+00:00,273.92,276.38,38.05,23.42,5.4,TNP_0006,0,2016
2016-04-04 12:00:00+00:00,50.47,50.7,35.68,27.32,5.26,TNP_0006,0,2016
2016-04-04 13:00:00+00:00,0.0,0.0,33.17,33.36,5.19,TNP_0006,0,2016
2016-04-04 14:00:00+00:00,0.0,0.0,31.55,39.1,5.12,TNP_0006,0,2016
2016-04-04 15:00:00+00:00,0.0,0.0,29.98,45.55,4.1,TNP_0006,0,2016
2016-04-04 16:00:00+00:00,0.0,0.0,28.62,52.14,3.13,TNP_0006,0,2016
2016-04-04 17:00:00+00:00,0.0,0.0,27.38,58.67,2.38,TNP_0006,0,2016
2016-04-04 18:00:00+00:00,0.0,0.0,26.34,64.77,2.05,TNP_0006,0,2016
2016-04-04 19:00:00+00:00,0.0,0.0,25.52,70.05,1.95,TNP_0006,0,2016
2016-04-04 20:00:00+00:00,0.0,0.0,24.9,74.58,1.9,TNP_0006,0,2016
2016-04-04 21:00:00+00:00,0.0,0.0,24.47,78.09,1.8,TNP_0006,0,2016
2016-04-04 22:00:00+00:00,0.0,0.0,24.21,80.67,1.64,TNP_0006,0,2016
2016-04-04 23:00:00+00:00,0.0,0.0,24.1,82.5,1.39,TNP_0006,0,2016
2016-04-05 00:00:00+00:00,0.0,0.0,24.19,83.25,1.02,TNP_0006,0,2016
2016-04-05 01:00:00+00:00,139.65,140.48,26.42,74.28,1.14,TNP_0006,0,2016
2016-04-05 02:00:00+00:00,380.83,381.92,30.02,57.05,2.03,TNP_0006,0,2016
2016-04-05 03:00:00+00:00,628.75,629.22,33.05,41.99,1.86,TNP_0006,0,2016
2016-04-05 04:00:00+00:00,810.35,831.55,35.56,32.49,1.7,TNP_0006,0,2016
2016-04-05 05:00:00+00:00,968.22,972.15,37.65,26.32,1.77,TNP_0006,0,2016
2016-04-05 06:00:00+00:00,1007.33,1013.45,39.25,22.54,1.92,TNP_0006,0,2016
2016-04-05 07:00:00+00:00,961.55,996.97,40.29,20.45,2.13,TNP_0006,0,2016
2016-04-05 08:00:00+00:00,869.78,899.83,40.76,19.52,2.42,TNP_0006,0,2016
2016-04-05 09:00:00+00:00,681.12,731.45,40.64,19.34,2.86,TNP_0006,0,2016
2016-04-05 10:00:00+00:00,477.83,508.65,39.9,20.03,3.47,TNP_0006,0,2016
2016-04-05 11:00:00+00:00,248.2,259.6,38.47,22.14,4.18,TNP_0006,0,2016
2016-04-05 12:00:00+00:00,44.7,45.85,36.13,27.07,4.63,TNP_0006,0,2016
2016-04-05 13:00:00+00:00,0.0,0.0,33.59,36.23,5.63,TNP_0006,0,2016
2016-04-05 14:00:00+00:00,0.0,0.0,32.0,46.69,6.9,TNP_0006,0,2016
2016-04-05 15:00:00+00:00,0.0,0.0,30.54,56.33,6.51,TNP_0006,0,2016
2016-04-05 16:00:00+00:00,0.0,0.0,29.61,62.25,5.89,TNP_0006,0,2016
2016-04-05 17:00:00+00:00,0.0,0.0,28.97,65.51,4.97,TNP_0006,0,2016
2016-04-05 18:00:00+00:00,0.0,0.0,28.44,68.06,4.05,TNP_0006,0,2016
2016-04-05 19:00:00+00:00,0.0,0.0,27.95,70.48,3.37,TNP_0006,0,2016
2016-04-05 20:00:00+00:00,0.0,0.0,27.49,72.96,2.78,TNP_0006,0,2016
2016-04-05 21:00:00+00:00,0.0,0.0,27.02,75.76,2.18,TNP_0006,0,2016
2016-04-05 22:00:00+00:00,0.0,0.0,26.67,78.24,1.76,TNP_0006,0,2016
2016-04-05 23:00:00+00:00,0.0,0.0,26.33,80.63,1.45,TNP_0006,0,2016
2016-04-06 00:00:00+00:00,0.0,0.0,26.12,82.43,1.28,TNP_0006,0,2016
2016-04-06 01:00:00+00:00,124.75,125.47,28.08,73.12,2.02,TNP_0006,0,2016
2016-04-06 02:00:00+00:00,338.05,339.67,30.76,59.77,2.12,TNP_0006,0,2016
2016-04-06 03:00:00+00:00,579.78,581.88,33.45,47.29,1.89,TNP_0006,0,2016
2016-04-06 04:00:00+00:00,780.9,783.05,35.9,37.96,1.56,TNP_0006,0,2016
2016-04-06 05:00:00+00:00,850.65,912.65,37.98,31.42,1.24,TNP_0006,0,2016
2016-04-06 06:00:00+00:00,1000.6,1006.42,39.56,26.99,1.27,TNP_0006,0,2016
2016-04-06 07:00:00+00:00,957.92,988.2,40.61,24.17,1.67,TNP_0006,0,2016
2016-04-06 08:00:00+00:00,837.25,892.05,41.09,22.69,2.28,TNP_0006,0,2016
2016-04-06 09:00:00+00:00,673.3,722.9,41.01,22.22,2.99,TNP_0006,0,2016
2016-04-06 10:00:00+00:00,450.12,499.58,40.32,22.62,3.73,TNP_0006,0,2016
2016-04-06 11:00:00+00:00,234.1,253.55,38.92,24.54,4.74,TNP_0006,0,2016
2016-04-06 12:00:00+00:00,42.62,44.28,36.79,29.08,5.94,TNP_0006,0,2016
2016-04-06 13:00:00+00:00,0.0,0.0,34.55,37.03,7.33,TNP_0006,0,2016
2016-04-06 14:00:00+00:00,0.0,0.0,32.55,47.12,8.08,TNP_0006,0,2016
2016-04-06 15:00:00+00:00,0.0,0.0,30.86,56.69,7.5,TNP_0006,0,2016
2016-04-06 16:00:00+00:00,0.0,0.0,29.9,62.63,6.4,TNP_0006,0,2016
2016-04-06 17:00:00+00:00,0.0,0.0,29.37,65.85,5.36,TNP_0006,0,2016
2016-04-06 18:00:00+00:00,0.0,0.0,28.99,68.13,4.48,TNP_0006,0,2016
2016-04-06 19:00:00+00:00,0.0,0.0,28.65,70.38,3.75,TNP_0006,0,2016
2016-04-06 20:00:00+00:00,0.0,0.0,28.31,72.83,3.01,TNP_0006,0,2016
2016-04-06 21:00:00+00:00,0.0,0.0,28.06,74.87,2.24,TNP_0006,0,2016
2016-04-06 22:00:00+00:00,0.0,0.0,27.88,76.29,1.63,TNP_0006,0,2016
2016-04-06 23:00:00+00:00,0.0,0.0,27.7,77.52,0.89,TNP_0006,0,2016
2016-04-07 00:00:00+00:00,2.8,2.83,27.51,78.61,0.59,TNP_0006,0,2016
2016-04-07 01:00:00+00:00,97.68,99.1,28.62,72.78,0.68,TNP_0006,0,2016
2016-04-07 02:00:00+00:00,296.88,308.45,30.88,59.01,0.45,TNP_0006,0,2016
2016-04-07 03:00:00+00:00,530.08,541.28,33.8,43.98,0.58,TNP_0006,0,2016
2016-04-07 04:00:00+00:00,721.12,737.33,36.33,35.53,0.95,TNP_0006,0,2016
2016-04-07 05:00:00+00:00,862.2,873.55,38.41,30.25,1.3,TNP_0006,0,2016
2016-04-07 06:00:00+00:00,932.28,987.15,39.89,26.97,1.71,TNP_0006,0,2016
2016-04-07 07:00:00+00:00,884.4,969.78,40.69,25.22,2.24,TNP_0006,0,2016
2016-04-07 08:00:00+00:00,775.95,876.08,40.89,24.56,2.87,TNP_0006,0,2016
2016-04-07 09:00:00+00:00,604.17,708.72,40.37,25.02,3.67,TNP_0006,0,2016
2016-04-07 10:00:00+00:00,408.73,489.23,39.33,26.61,4.83,TNP_0006,0,2016
2016-04-07 11:00:00+00:00,207.75,248.5,37.56,30.47,6.18,TNP_0006,0,2016
2016-04-07 12:00:00+00:00,39.97,43.85,35.43,37.12,7.31,TNP_0006,0,2016
2016-04-07 13:00:00+00:00,0.0,0.0,33.3,46.48,7.83,TNP_0006,0,2016
2016-04-07 14:00:00+00:00,0.0,0.0,31.69,55.63,7.46,TNP_0006,0,2016
2016-04-07 15:00:00+00:00,0.0,0.0,30.68,62.08,6.56,TNP_0006,0,2016
2016-04-07 16:00:00+00:00,0.0,0.0,30.07,65.96,5.68,TNP_0006,0,2016
2016-04-07 17:00:00+00:00,0.0,0.0,29.62,68.63,4.88,TNP_0006,0,2016
2016-04-07 18:00:00+00:00,0.0,0.0,29.2,71.01,4.14,TNP_0006,0,2016
2016-04-07 19:00:00+00:00,0.0,0.0,28.78,73.31,3.41,TNP_0006,0,2016
2016-04-07 20:00:00+00:00,0.0,0.0,28.42,75.25,2.66,TNP_0006,0,2016
2016-04-07 21:00:00+00:00,0.0,0.0,28.14,76.68,2.13,TNP_0006,0,2016
2016-04-07 22:00:00+00:00,0.0,0.0,27.82,78.26,1.41,TNP_0006,0,2016
2016-04-07 23:00:00+00:00,0.0,0.0,27.55,79.6,0.95,TNP_0006,0,2016
2016-04-08 00:00:00+00:00,3.35,3.42,27.39,80.32,0.72,TNP_0006,0,2016
2016-04-08 01:00:00+00:00,115.97,119.1,28.52,74.16,1.21,TNP_0006,0,2016
2016-04-08 02:00:00+00:00,342.38,357.17,30.57,62.41,1.54,TNP_0006,0,2016
2016-04-08 03:00:00+00:00,594.22,599.4,32.86,51.17,1.64,TNP_0006,0,2016
2016-04-08 04:00:00+00:00,782.95,799.33,35.15,41.9,1.96,TNP_0006,0,2016
2016-04-08 05:00:00+00:00,838.8,936.58,37.22,35.08,2.49,TNP_0006,0,2016
2016-04-08 06:00:00+00:00,932.38,982.7,38.82,30.86,2.98,TNP_0006,0,2016
2016-04-08 07:00:00+00:00,874.42,964.03,39.85,28.54,3.44,TNP_0006,0,2016
2016-04-08 08:00:00+00:00,738.4,867.08,40.25,27.67,3.81,TNP_0006,0,2016
2016-04-08 09:00:00+00:00,577.95,698.47,39.87,28.04,4.2,TNP_0006,0,2016
2016-04-08 10:00:00+00:00,398.12,476.83,38.96,29.57,4.83,TNP_0006,0,2016
2016-04-08 11:00:00+00:00,189.35,235.82,37.25,33.07,5.5,TNP_0006,0,2016
2016-04-08 12:00:00+00:00,36.85,41.75,35.41,37.72,6.04,TNP_0006,0,2016
2016-04-08 13:00:00+00:00,0.0,0.0,33.67,43.45,6.44,TNP_0006,0,2016
2016-04-08 14:00:00+00:00,0.0,0.0,32.21,49.43,6.72,TNP_0006,0,2016
2016-04-08 15:00:00+00:00,0.0,0.0,30.96,55.32,6.23,TNP_0006,0,2016
2016-04-08 16:00:00+00:00,0.0,0.0,30.04,60.22,5.48,TNP_0006,0,2016
2016-04-08 17:00:00+00:00,0.0,0.0,29.37,64.23,4.68,TNP_0006,0,2016
2016-04-08 18:00:00+00:00,0.0,0.0,28.88,67.51,3.89,TNP_0006,0,2016
2016-04-08 19:00:00+00:00,0.0,0.0,28.48,70.34,3.24,TNP_0006,0,2016
2016-04-08 20:00:00+00:00,0.0,0.0,28.12,72.84,2.61,TNP_0006,0,2016
2016-04-08 21:00:00+00:00,0.0,0.0,27.78,75.24,2.13,TNP_0006,0,2016
2016-04-08 22:00:00+00:00,0.0,0.0,27.5,77.38,1.87,TNP_0006,0,2016
2016-04-08 23:00:00+00:00,0.0,0.0,27.33,79.1,1.87,TNP_0006,0,2016
2016-04-09 00:00:00+00:00,2.12,3.45,27.2,80.63,1.91,TNP_0006,0,2016
2016-04-09 01:00:00+00:00,68.3,112.75,27.96,77.35,2.37,TNP_0006,0,2016
2016-04-09 02:00:00+00:00,204.32,341.08,29.58,68.1,2.55,TNP_0006,0,2016
2016-04-09 03:00:00+00:00,449.3,578.4,31.43,58.79,2.39,TNP_0006,0,2016
2016-04-09 04:00:00+00:00,685.53,771.45,33.33,50.3,2.2,TNP_0006,0,2016
2016-04-09 05:00:00+00:00,784.65,908.53,34.91,43.66,2.06,TNP_0006,0,2016
2016-04-09 06:00:00+00:00,949.65,999.5,35.96,39.1,2.03,TNP_0006,0,2016
2016-04-09 07:00:00+00:00,892.53,978.3,36.41,36.73,2.01,TNP_0006,0,2016
2016-04-09 08:00:00+00:00,678.17,880.75,36.43,35.78,2.08,TNP_0006,0,2016
2016-04-09 09:00:00+00:00,520.83,713.28,36.09,35.8,2.14,TNP_0006,0,2016
2016-04-09 10:00:00+00:00,306.27,487.88,35.51,36.71,2.26,TNP_0006,0,2016
2016-04-09 11:00:00+00:00,153.55,244.82,34.75,38.47,2.37,TNP_0006,0,2016
2016-04-09 12:00:00+00:00,28.98,41.65,33.64,42.06,2.11,TNP_0006,0,2016
2016-04-09 13:00:00+00:00,0.0,0.0,32.32,46.41,2.31,TNP_0006,0,2016
2016-04-09 14:00:00+00:00,0.0,0.0,31.61,50.18,2.86,TNP_0006,0,2016
2016-04-09 15:00:00+00:00,0.0,0.0,30.84,55.25,3.59,TNP_0006,0,2016
2016-04-09 16:00:00+00:00,0.0,0.0,30.07,60.97,4.29,TNP_0006,0,2016
2016-04-09 17:00:00+00:00,0.0,0.0,29.26,66.97,4.3,TNP_0006,0,2016
2016-04-09 18:00:00+00:00,0.0,0.0,28.6,72.11,3.81,TNP_0006,0,2016
2016-04-09 19:00:00+00:00,0.0,0.0,28.05,76.41,3.37,TNP_0006,0,2016
2016-04-09 20:00:00+00:00,0.0,0.0,27.64,79.3,2.85,TNP_0006,0,2016
2016-04-09 21:00:00+00:00,0.0,0.0,27.34,81.27,2.25,TNP_0006,0,2016
2016-04-09 22:00:00+00:00,0.0,0.0,27.04,83.11,1.66,TNP_0006,0,2016
2016-04-09 23:00:00+00:00,0.0,0.0,26.85,84.31,1.32,TNP_0006,0,2016
2016-04-10 00:00:00+00:00,3.67,3.92,26.73,85.1,1.2,TNP_0006,0,2016
2016-04-10 01:00:00+00:00,113.3,122.57,27.58,79.85,1.63,TNP_0006,0,2016
2016-04-10 02:00:00+00:00,327.2,354.4,29.19,69.43,1.81,TNP_0006,0,2016
2016-04-10 03:00:00+00:00,574.9,588.67,31.0,59.72,1.81,TNP_0006,0,2016
2016-04-10 04:00:00+00:00,722.4,785.12,33.03,50.69,1.64,TNP_0006,0,2016
2016-04-10 05:00:00+00:00,912.3,927.8,34.95,43.05,1.25,TNP_0006,0,2016
2016-04-10 06:00:00+00:00,905.62,1019.97,36.63,36.79,0.87,TNP_0006,0,2016
2016-04-10 07:00:00+00:00,956.17,1003.88,37.89,32.21,0.64,TNP_0006,0,2016
2016-04-10 08:00:00+00:00,787.1,911.05,38.57,29.43,0.56,TNP_0006,0,2016
2016-04-10 09:00:00+00:00,642.58,747.67,38.54,28.31,0.66,TNP_0006,0,2016
2016-04-10 10:00:00+00:00,452.65,527.62,37.95,28.43,0.99,TNP_0006,0,2016
2016-04-10 11:00:00+00:00,233.73,277.42,36.88,29.99,1.67,TNP_0006,0,2016
2016-04-10 12:00:00+00:00,43.8,50.78,35.35,34.38,2.27,TNP_0006,0,2016
2016-04-10 13:00:00+00:00,0.0,0.0,33.62,39.86,3.03,TNP_0006,0,2016
2016-04-10 14:00:00+00:00,0.0,0.0,32.7,44.1,4.32,TNP_0006,0,2016
2016-04-10 15:00:00+00:00,0.0,0.0,31.54,51.26,5.36,TNP_0006,0,2016
2016-04-10 16:00:00+00:00,0.0,0.0,30.38,59.09,5.55,TNP_0006,0,2016
2016-04-10 17:00:00+00:00,0.0,0.0,29.42,66.02,5.29,TNP_0006,0,2016
2016-04-10 18:00:00+00:00,0.0,0.0,28.79,70.21,4.59,TNP_0006,0,2016
2016-04-10 19:00:00+00:00,0.0,0.0,28.41,72.28,3.82,TNP_0006,0,2016
2016-04-10 20:00:00+00:00,0.0,0.0,28.15,73.53,3.14,TNP_0006,0,2016
2016-04-10 21:00:00+00:00,0.0,0.0,27.92,74.7,2.4,TNP_0006,0,2016
2016-04-10 22:00:00+00:00,0.0,0.0,27.72,75.8,1.67,TNP_0006,0,2016
2016-04-10 23:00:00+00:00,0.0,0.0,27.49,77.04,1.11,TNP_0006,0,2016
2016-04-11 00:00:00+00:00,3.88,4.15,27.3,77.95,0.88,TNP_0006,0,2016
2016-04-11 01:00:00+00:00,115.55,123.65,28.18,73.41,1.52,TNP_0006,0,2016
2016-04-11 02:00:00+00:00,334.33,371.48,29.94,64.14,2.11,TNP_0006,0,2016
2016-04-11 03:00:00+00:00,587.97,611.03,32.16,54.72,2.08,TNP_0006,0,2016
2016-04-11 04:00:00+00:00,790.88,805.83,34.31,47.04,1.78,TNP_0006,0,2016
2016-04-11 05:00:00+00:00,852.85,940.67,36.19,40.81,1.51,TNP_0006,0,2016
2016-04-11 06:00:00+00:00,963.0,1002.33,37.75,35.67,1.32,TNP_0006,0,2016
2016-04-11 07:00:00+00:00,931.25,984.75,38.82,31.81,1.23,TNP_0006,0,2016
2016-04-11 08:00:00+00:00,760.97,882.03,39.26,29.73,1.36,TNP_0006,0,2016
2016-04-11 09:00:00+00:00,663.3,712.85,39.24,28.52,1.69,TNP_0006,0,2016
2016-04-11 10:00:00+00:00,469.42,488.92,38.79,28.19,2.35,TNP_0006,0,2016
2016-04-11 11:00:00+00:00,235.18,244.8,37.66,29.44,3.22,TNP_0006,0,2016
2016-04-11 12:00:00+00:00,42.2,43.12,36.24,31.93,4.04,TNP_0006,0,2016
2016-04-11 13:00:00+00:00,0.0,0.0,34.68,36.05,5.06,TNP_0006,0,2016
2016-04-11 14:00:00+00:00,0.0,0.0,33.26,41.88,6.19,TNP_0006,0,2016
2016-04-11 15:00:00+00:00,0.0,0.0,31.74,49.81,6.09,TNP_0006,0,2016
2016-04-11 16:00:00+00:00,0.0,0.0,30.53,57.54,5.56,TNP_0006,0,2016
2016-04-11 17:00:00+00:00,0.0,0.0,29.64,63.56,4.86,TNP_0006,0,2016
2016-04-11 18:00:00+00:00,0.0,0.0,29.0,67.47,4.21,TNP_0006,0,2016
2016-04-11 19:00:00+00:00,0.0,0.0,28.49,70.58,3.66,TNP_0006,0,2016
2016-04-11 20:00:00+00:00,0.0,0.0,28.04,73.47,2.98,TNP_0006,0,2016
2016-04-11 21:00:00+00:00,0.0,0.0,27.65,76.09,2.04,TNP_0006,0,2016
2016-04-11 22:00:00+00:00,0.0,0.0,27.27,78.5,1.13,TNP_0006,0,2016
2016-04-11 23:00:00+00:00,0.0,0.0,26.91,80.78,0.74,TNP_0006,0,2016
2016-04-12 00:00:00+00:00,4.47,4.47,26.74,82.09,0.67,TNP_0006,0,2016
2016-04-12 01:00:00+00:00,130.45,131.35,28.14,75.28,1.4,TNP_0006,0,2016
2016-04-12 02:00:00+00:00,368.5,371.42,30.84,61.29,2.15,TNP_0006,0,2016
2016-04-12 03:00:00+00:00,609.28,614.17,33.43,49.93,2.36,TNP_0006,0,2016
2016-04-12 04:00:00+00:00,805.97,811.78,35.94,41.12,2.32,TNP_0006,0,2016
2016-04-12 05:00:00+00:00,946.28,946.95,38.12,34.77,2.13,TNP_0006,0,2016
2016-04-12 06:00:00+00:00,1003.65,1005.33,39.8,29.93,2.08,TNP_0006,0,2016
2016-04-12 07:00:00+00:00,946.7,985.53,40.83,26.57,2.22,TNP_0006,0,2016
2016-04-12 08:00:00+00:00,862.5,886.72,41.26,24.59,2.53,TNP_0006,0,2016
2016-04-12 09:00:00+00:00,681.3,716.03,41.14,23.75,2.82,TNP_0006,0,2016
2016-04-12 10:00:00+00:00,478.45,491.83,40.58,23.82,3.18,TNP_0006,0,2016
2016-04-12 11:00:00+00:00,239.27,246.48,39.52,24.93,3.73,TNP_0006,0,2016
2016-04-12 12:00:00+00:00,42.4,42.7,37.6,28.17,4.31,TNP_0006,0,2016
2016-04-12 13:00:00+00:00,0.0,0.0,35.47,33.85,5.57,TNP_0006,0,2016
2016-04-12 14:00:00+00:00,0.0,0.0,33.89,41.02,7.03,TNP_0006,0,2016
2016-04-12 15:00:00+00:00,0.0,0.0,32.18,50.66,7.33,TNP_0006,0,2016
2016-04-12 16:00:00+00:00,0.0,0.0,30.78,60.42,6.91,TNP_0006,0,2016
2016-04-12 17:00:00+00:00,0.0,0.0,30.01,66.56,5.76,TNP_0006,0,2016
2016-04-12 18:00:00+00:00,0.0,0.0,29.58,69.77,4.5,TNP_0006,0,2016
2016-04-12 19:00:00+00:00,0.0,0.0,29.33,70.85,3.13,TNP_0006,0,2016
2016-04-12 20:00:00+00:00,0.0,0.0,29.07,71.17,2.02,TNP_0006,0,2016
2016-04-12 21:00:00+00:00,0.0,0.0,28.75,71.64,1.47,TNP_0006,0,2016
2016-04-12 22:00:00+00:00,0.0,0.0,28.42,72.38,1.27,TNP_0006,0,2016
2016-04-12 23:00:00+00:00,0.0,0.0,28.06,73.53,1.15,TNP_0006,0,2016
2016-04-13 00:00:00+00:00,4.38,4.75,27.77,74.58,1.1,TNP_0006,0,2016
2016-04-13 01:00:00+00:00,127.1,135.65,29.17,68.15,2.66,TNP_0006,0,2016
2016-04-13 02:00:00+00:00,351.0,378.58,31.63,56.69,3.9,TNP_0006,0,2016
2016-04-13 03:00:00+00:00,599.47,616.88,34.32,46.37,3.84,TNP_0006,0,2016
2016-04-13 04:00:00+00:00,812.2,812.42,36.87,38.78,3.31,TNP_0006,0,2016
2016-04-13 05:00:00+00:00,940.47,948.88,39.02,33.1,2.57,TNP_0006,0,2016
2016-04-13 06:00:00+00:00,970.85,976.88,40.78,28.65,1.81,TNP_0006,0,2016
2016-04-13 07:00:00+00:00,952.65,958.42,41.96,25.63,1.2,TNP_0006,0,2016
2016-04-13 08:00:00+00:00,833.25,860.15,42.57,23.84,0.71,TNP_0006,0,2016
2016-04-13 09:00:00+00:00,683.15,692.3,42.56,23.03,0.38,TNP_0006,0,2016
2016-04-13 10:00:00+00:00,451.7,471.77,42.04,22.9,0.26,TNP_0006,0,2016
2016-04-13 11:00:00+00:00,220.75,230.43,40.94,23.79,1.11,TNP_0006,0,2016
2016-04-13 12:00:00+00:00,38.55,39.92,39.27,26.63,2.25,TNP_0006,0,2016
2016-04-13 13:00:00+00:00,0.0,0.0,37.47,30.74,3.81,TNP_0006,0,2016
2016-04-13 14:00:00+00:00,0.0,0.0,36.07,35.78,5.93,TNP_0006,0,2016
2016-04-13 15:00:00+00:00,0.0,0.0,34.43,43.08,6.59,TNP_0006,0,2016
2016-04-13 16:00:00+00:00,0.0,0.0,33.09,50.21,6.37,TNP_0006,0,2016
2016-04-13 17:00:00+00:00,0.0,0.0,32.26,55.17,5.92,TNP_0006,0,2016
2016-04-13 18:00:00+00:00,0.0,0.0,31.74,58.33,5.54,TNP_0006,0,2016
2016-04-13 19:00:00+00:00,0.0,0.0,31.28,60.88,5.15,TNP_0006,0,2016
2016-04-13 20:00:00+00:00,0.0,0.0,30.92,62.8,4.65,TNP_0006,0,2016
2016-04-13 21:00:00+00:00,0.0,0.0,30.57,64.44,3.94,TNP_0006,0,2016
2016-04-13 22:00:00+00:00,0.0,0.0,30.24,66.0,3.17,TNP_0006,0,2016
2016-04-13 23:00:00+00:00,0.0,0.0,29.92,67.48,2.54,TNP_0006,0,2016
2016-04-14 00:00:00+00:00,4.18,4.35,29.55,69.21,2.04,TNP_0006,0,2016
2016-04-14 01:00:00+00:00,108.28,113.68,30.32,65.91,2.53,TNP_0006,0,2016
2016-04-14 02:00:00+00:00,303.23,333.65,32.23,57.01,2.63,TNP_0006,0,2016
2016-04-14 03:00:00+00:00,560.88,564.7,34.51,47.93,2.74,TNP_0006,0,2016
2016-04-14 04:00:00+00:00,756.1,758.2,36.65,40.67,2.57,TNP_0006,0,2016
2016-04-14 05:00:00+00:00,891.03,891.25,38.41,35.05,2.27,TNP_0006,0,2016
2016-04-14 06:00:00+00:00,942.45,948.05,39.52,31.75,2.29,TNP_0006,0,2016
2016-04-14 07:00:00+00:00,881.12,912.65,40.12,29.93,2.74,TNP_0006,0,2016
2016-04-14 08:00:00+00:00,774.3,786.0,40.22,29.28,3.48,TNP_0006,0,2016
2016-04-14 09:00:00+00:00,567.97,572.42,39.77,29.76,4.29,TNP_0006,0,2016
2016-04-14 10:00:00+00:00,361.77,363.98,38.85,31.24,5.1,TNP_0006,0,2016
2016-04-14 11:00:00+00:00,207.98,209.02,37.54,34.1,5.84,TNP_0006,0,2016
2016-04-14 12:00:00+00:00,34.9,34.97,35.89,38.8,6.36,TNP_0006,0,2016
2016-04-14 13:00:00+00:00,0.0,0.0,34.17,45.33,6.54,TNP_0006,0,2016
2016-04-14 14:00:00+00:00,0.0,0.0,32.68,52.54,6.85,TNP_0006,0,2016
2016-04-14 15:00:00+00:00,0.0,0.0,31.49,59.04,6.48,TNP_0006,0,2016
2016-04-14 16:00:00+00:00,0.0,0.0,30.64,63.95,5.82,TNP_0006,0,2016
2016-04-14 17:00:00+00:00,0.0,0.0,30.03,67.59,5.21,TNP_0006,0,2016
2016-04-14 18:00:00+00:00,0.0,0.0,29.53,70.66,4.53,TNP_0006,0,2016
2016-04-14 19:00:00+00:00,0.0,0.0,29.05,73.73,3.63,TNP_0006,0,2016
2016-04-14 20:00:00+00:00,0.0,0.0,28.58,76.81,2.57,TNP_0006,0,2016
2016-04-14 21:00:00+00:00,0.0,0.0,28.18,79.46,1.81,TNP_0006,0,2016
2016-04-14 22:00:00+00:00,0.0,0.0,27.87,81.5,1.37,TNP_0006,0,2016
2016-04-14 23:00:00+00:00,0.0,0.0,27.62,83.13,1.19,TNP_0006,0,2016
2016-04-15 00:00:00+00:00,3.62,4.4,27.54,83.83,1.15,TNP_0006,0,2016
2016-04-15 01:00:00+00:00,87.9,106.7,28.72,77.38,1.56,TNP_0006,0,2016
2016-04-15 02:00:00+00:00,247.1,313.3,30.94,64.61,1.41,TNP_0006,0,2016
2016-04-15 03:00:00+00:00,498.85,541.17,33.29,52.02,1.19,TNP_0006,0,2016
2016-04-15 04:00:00+00:00,714.5,737.88,35.37,43.09,1.14,TNP_0006,0,2016
2016-04-15 05:00:00+00:00,806.28,878.33,37.08,36.88,1.37,TNP_0006,0,2016
2016-04-15 06:00:00+00:00,967.05,978.65,38.45,32.44,1.61,TNP_0006,0,2016
2016-04-15 07:00:00+00:00,942.65,954.08,39.6,29.2,1.87,TNP_0006,0,2016
2016-04-15 08:00:00+00:00,819.03,853.75,40.43,27.12,2.32,TNP_0006,0,2016
2016-04-15 09:00:00+00:00,676.7,685.5,40.8,26.08,3.05,TNP_0006,0,2016
2016-04-15 10:00:00+00:00,450.27,468.42,40.42,26.41,4.02,TNP_0006,0,2016
2016-04-15 11:00:00+00:00,215.02,232.27,39.16,28.77,5.12,TNP_0006,0,2016
2016-04-15 12:00:00+00:00,38.47,41.15,37.08,33.9,6.02,TNP_0006,0,2016
2016-04-15 13:00:00+00:00,0.0,0.0,34.81,42.18,6.67,TNP_0006,0,2016
2016-04-15 14:00:00+00:00,0.0,0.0,32.92,51.61,7.04,TNP_0006,0,2016
2016-04-15 15:00:00+00:00,0.0,0.0,31.43,59.98,6.74,TNP_0006,0,2016
2016-04-15 16:00:00+00:00,0.0,0.0,30.62,64.12,5.74,TNP_0006,0,2016
2016-04-15 17:00:00+00:00,0.0,0.0,30.15,66.01,4.94,TNP_0006,0,2016
2016-04-15 18:00:00+00:00,0.0,0.0,29.74,67.65,4.24,TNP_0006,0,2016
2016-04-15 19:00:00+00:00,0.0,0.0,29.33,69.56,3.6,TNP_0006,0,2016
2016-04-15 20:00:00+00:00,0.0,0.0,28.95,71.62,2.91,TNP_0006,0,2016
2016-04-15 21:00:00+00:00,0.0,0.0,28.59,73.63,2.13,TNP_0006,0,2016
2016-04-15 22:00:00+00:00,0.0,0.0,28.27,75.5,1.55,TNP_0006,0,2016
2016-04-15 23:00:00+00:00,0.0,0.0,28.0,77.23,1.33,TNP_0006,0,2016
2016-04-16 00:00:00+00:00,5.18,5.3,27.81,78.68,1.37,TNP_0006,0,2016
2016-04-16 01:00:00+00:00,125.03,130.2,28.99,73.66,2.4,TNP_0006,0,2016
2016-04-16 02:00:00+00:00,346.23,361.9,31.32,62.08,2.67,TNP_0006,0,2016
2016-04-16 03:00:00+00:00,589.4,595.9,33.93,50.25,2.51,TNP_0006,0,2016
2016-04-16 04:00:00+00:00,762.88,791.12,36.27,41.34,2.26,TNP_0006,0,2016
2016-04-16 05:00:00+00:00,802.12,925.58,38.28,34.78,2.42,TNP_0006,0,2016
2016-04-16 06:00:00+00:00,940.72,973.05,39.63,30.67,2.82,TNP_0006,0,2016
2016-04-16 07:00:00+00:00,891.7,953.8,40.51,28.36,3.26,TNP_0006,0,2016
2016-04-16 08:00:00+00:00,798.55,858.1,40.85,27.48,3.71,TNP_0006,0,2016
2016-04-16 09:00:00+00:00,669.85,691.9,40.46,27.91,4.18,TNP_0006,0,2016
2016-04-16 10:00:00+00:00,453.33,471.75,39.62,29.31,4.84,TNP_0006,0,2016
2016-04-16 11:00:00+00:00,213.7,233.0,38.23,32.13,5.52,TNP_0006,0,2016
2016-04-16 12:00:00+00:00,38.85,40.78,36.32,36.78,6.05,TNP_0006,0,2016
2016-04-16 13:00:00+00:00,0.0,0.0,34.33,43.42,6.38,TNP_0006,0,2016
2016-04-16 14:00:00+00:00,0.0,0.0,32.7,50.89,6.69,TNP_0006,0,2016
2016-04-16 15:00:00+00:00,0.0,0.0,31.29,58.74,6.44,TNP_0006,0,2016
2016-04-16 16:00:00+00:00,0.0,0.0,30.33,64.95,5.61,TNP_0006,0,2016
2016-04-16 17:00:00+00:00,0.0,0.0,29.69,69.39,4.85,TNP_0006,0,2016
2016-04-16 18:00:00+00:00,0.0,0.0,29.24,72.4,4.34,TNP_0006,0,2016
2016-04-16 19:00:00+00:00,0.0,0.0,28.95,74.35,3.77,TNP_0006,0,2016
2016-04-16 20:00:00+00:00,0.0,0.0,28.69,75.86,3.17,TNP_0006,0,2016
2016-04-16 21:00:00+00:00,0.0,0.0,28.45,77.01,2.42,TNP_0006,0,2016
2016-04-16 22:00:00+00:00,0.0,0.0,28.21,77.98,1.82,TNP_0006,0,2016
2016-04-16 23:00:00+00:00,0.0,0.0,27.95,79.26,1.43,TNP_0006,0,2016
2016-04-17 00:00:00+00:00,4.62,5.07,27.7,80.68,1.44,TNP_0006,0,2016
2016-04-17 01:00:00+00:00,99.07,116.53,28.85,74.66,2.46,TNP_0006,0,2016
2016-04-17 02:00:00+00:00,295.27,359.58,30.8,64.06,2.32,TNP_0006,0,2016
2016-04-17 03:00:00+00:00,527.15,602.45,32.68,55.37,2.1,TNP_0006,0,2016
2016-04-17 04:00:00+00:00,730.9,797.3,34.28,48.77,2.17,TNP_0006,0,2016
2016-04-17 05:00:00+00:00,824.8,933.58,35.68,43.18,2.38,TNP_0006,0,2016
2016-04-17 06:00:00+00:00,920.95,976.72,36.65,39.16,2.73,TNP_0006,0,2016
2016-04-17 07:00:00+00:00,886.55,947.58,37.31,36.38,3.12,TNP_0006,0,2016
2016-04-17 08:00:00+00:00,784.7,853.75,37.71,34.32,3.51,TNP_0006,0,2016
2016-04-17 09:00:00+00:00,620.15,668.65,37.76,33.29,3.96,TNP_0006,0,2016
2016-04-17 10:00:00+00:00,444.77,466.55,37.41,33.54,4.46,TNP_0006,0,2016
2016-04-17 11:00:00+00:00,215.95,230.07,36.48,35.43,4.99,TNP_0006,0,2016
2016-04-17 12:00:00+00:00,40.58,41.4,34.82,39.86,5.29,TNP_0006,0,2016
2016-04-17 13:00:00+00:00,0.0,0.0,33.23,45.89,5.26,TNP_0006,0,2016
2016-04-17 14:00:00+00:00,0.0,0.0,32.17,51.85,5.14,TNP_0006,0,2016
2016-04-17 15:00:00+00:00,0.0,0.0,31.14,58.48,4.58,TNP_0006,0,2016
2016-04-17 16:00:00+00:00,0.0,0.0,30.21,65.12,3.99,TNP_0006,0,2016
2016-04-17 17:00:00+00:00,0.0,0.0,29.39,71.05,3.37,TNP_0006,0,2016
2016-04-17 18:00:00+00:00,0.0,0.0,28.65,76.3,2.93,TNP_0006,0,2016
2016-04-17 19:00:00+00:00,0.0,0.0,28.1,79.88,2.42,TNP_0006,0,2016
2016-04-17 20:00:00+00:00,0.0,0.0,27.68,82.4,2.0,TNP_0006,0,2016
2016-04-17 21:00:00+00:00,0.0,0.0,27.48,83.47,2.04,TNP_0006,0,2016
2016-04-17 22:00:00+00:00,0.0,0.0,27.31,84.48,2.0,TNP_0006,0,2016
2016-04-17 23:00:00+00:00,0.0,0.0,27.1,85.79,1.81,TNP_0006,0,2016
2016-04-18 00:00:00+00:00,5.57,5.72,26.96,86.73,1.74,TNP_0006,0,2016
2016-04-18 01:00:00+00:00,125.18,128.6,28.01,81.08,2.45,TNP_0006,0,2016
2016-04-18 02:00:00+00:00,356.25,369.12,30.03,68.86,2.76,TNP_0006,0,2016
2016-04-18 03:00:00+00:00,601.78,613.0,32.35,55.77,2.83,TNP_0006,0,2016
2016-04-18 04:00:00+00:00,794.15,809.7,34.65,44.86,2.97,TNP_0006,0,2016
2016-04-18 05:00:00+00:00,868.65,945.22,36.79,36.07,3.33,TNP_0006,0,2016
2016-04-18 06:00:00+00:00,967.47,1003.25,38.57,30.15,3.81,TNP_0006,0,2016
2016-04-18 07:00:00+00:00,930.0,981.75,39.75,26.97,4.29,TNP_0006,0,2016
2016-04-18 08:00:00+00:00,799.12,880.08,40.23,25.82,4.76,TNP_0006,0,2016
2016-04-18 09:00:00+00:00,664.28,710.35,40.08,26.3,5.13,TNP_0006,0,2016
2016-04-18 10:00:00+00:00,459.1,489.92,39.17,28.53,5.49,TNP_0006,0,2016
2016-04-18 11:00:00+00:00,222.82,247.02,37.62,32.61,5.79,TNP_0006,0,2016
2016-04-18 12:00:00+00:00,42.25,44.2,35.45,39.07,5.92,TNP_0006,0,2016
2016-04-18 13:00:00+00:00,0.0,0.0,33.4,47.07,5.9,TNP_0006,0,2016
2016-04-18 14:00:00+00:00,0.0,0.0,32.07,53.79,5.93,TNP_0006,0,2016
2016-04-18 15:00:00+00:00,0.0,0.0,31.0,59.47,5.5,TNP_0006,0,2016
2016-04-18 16:00:00+00:00,0.0,0.0,30.15,64.32,5.26,TNP_0006,0,2016
2016-04-18 17:00:00+00:00,0.0,0.0,29.48,68.4,4.51,TNP_0006,0,2016
2016-04-18 18:00:00+00:00,0.0,0.0,28.88,72.12,3.62,TNP_0006,0,2016
2016-04-18 19:00:00+00:00,0.0,0.0,28.35,75.42,2.79,TNP_0006,0,2016
2016-04-18 20:00:00+00:00,0.0,0.0,27.88,78.36,2.07,TNP_0006,0,2016
2016-04-18 21:00:00+00:00,0.0,0.0,27.59,80.48,1.84,TNP_0006,0,2016
2016-04-18 22:00:00+00:00,0.0,0.0,27.39,82.26,1.64,TNP_0006,0,2016
2016-04-18 23:00:00+00:00,0.0,0.0,27.18,83.88,1.48,TNP_0006,0,2016
2016-04-19 00:00:00+00:00,5.82,6.03,27.04,85.02,1.34,TNP_0006,0,2016
2016-04-19 01:00:00+00:00,126.18,133.8,28.16,79.07,2.06,TNP_0006,0,2016
2016-04-19 02:00:00+00:00,341.1,374.35,30.32,66.27,2.38,TNP_0006,0,2016
2016-04-19 03:00:00+00:00,596.7,613.05,32.93,53.92,2.38,TNP_0006,0,2016
2016-04-19 04:00:00+00:00,647.6,806.42,35.31,44.78,2.36,TNP_0006,0,2016
2016-04-19 05:00:00+00:00,931.67,939.33,37.42,37.54,2.41,TNP_0006,0,2016
2016-04-19 06:00:00+00:00,998.95,1008.2,39.07,32.32,2.59,TNP_0006,0,2016
2016-04-19 07:00:00+00:00,792.83,988.45,40.26,28.91,2.89,TNP_0006,0,2016
2016-04-19 08:00:00+00:00,819.88,891.85,40.83,27.26,3.33,TNP_0006,0,2016
2016-04-19 09:00:00+00:00,663.85,726.38,40.84,26.74,4.02,TNP_0006,0,2016
2016-04-19 10:00:00+00:00,475.35,506.48,40.07,28.02,4.94,TNP_0006,0,2016
2016-04-19 11:00:00+00:00,237.32,260.73,38.51,31.5,5.89,TNP_0006,0,2016
2016-04-19 12:00:00+00:00,43.92,46.4,36.32,37.45,6.63,TNP_0006,0,2016
2016-04-19 13:00:00+00:00,0.0,0.0,34.21,45.02,7.02,TNP_0006,0,2016
2016-04-19 14:00:00+00:00,0.0,0.0,32.66,51.91,7.25,TNP_0006,0,2016
2016-04-19 15:00:00+00:00,0.0,0.0,31.47,57.51,6.66,TNP_0006,0,2016
2016-04-19 16:00:00+00:00,0.0,0.0,30.59,61.98,5.83,TNP_0006,0,2016
2016-04-19 17:00:00+00:00,0.0,0.0,29.88,65.95,5.01,TNP_0006,0,2016
2016-04-19 18:00:00+00:00,0.0,0.0,29.28,69.51,4.13,TNP_0006,0,2016
2016-04-19 19:00:00+00:00,0.0,0.0,28.77,72.69,3.2,TNP_0006,0,2016
2016-04-19 20:00:00+00:00,0.0,0.0,28.33,75.54,2.33,TNP_0006,0,2016
2016-04-19 21:00:00+00:00,0.0,0.0,28.0,77.76,1.78,TNP_0006,0,2016
2016-04-19 22:00:00+00:00,0.0,0.0,27.71,79.77,1.39,TNP_0006,0,2016
2016-04-19 23:00:00+00:00,0.0,0.0,27.46,81.45,1.15,TNP_0006,0,2016
2016-04-20 00:00:00+00:00,5.4,6.95,27.33,82.48,1.09,TNP_0006,0,2016
2016-04-20 01:00:00+00:00,124.25,154.7,28.38,77.05,1.51,TNP_0006,0,2016
2016-04-20 02:00:00+00:00,330.17,398.65,30.32,66.35,1.72,TNP_0006,0,2016
2016-04-20 03:00:00+00:00,600.95,633.03,32.72,55.03,1.87,TNP_0006,0,2016
2016-04-20 04:00:00+00:00,797.35,824.53,34.96,46.01,1.97,TNP_0006,0,2016
2016-04-20 05:00:00+00:00,808.05,955.35,37.03,38.39,2.03,TNP_0006,0,2016
2016-04-20 06:00:00+00:00,990.28,1009.17,38.7,32.51,2.11,TNP_0006,0,2016
2016-04-20 07:00:00+00:00,957.58,987.28,39.92,28.55,2.33,TNP_0006,0,2016
2016-04-20 08:00:00+00:00,829.25,886.2,40.58,26.5,2.7,TNP_0006,0,2016
2016-04-20 09:00:00+00:00,682.67,721.15,40.53,25.93,3.14,TNP_0006,0,2016
2016-04-20 10:00:00+00:00,494.8,507.5,39.82,26.55,3.63,TNP_0006,0,2016
2016-04-20 11:00:00+00:00,236.98,263.2,38.52,28.68,4.27,TNP_0006,0,2016
2016-04-20 12:00:00+00:00,42.0,47.53,36.7,32.97,4.91,TNP_0006,0,2016
2016-04-20 13:00:00+00:00,0.0,0.0,34.64,40.2,5.69,TNP_0006,0,2016
2016-04-20 14:00:00+00:00,0.0,0.0,33.04,48.4,6.35,TNP_0006,0,2016
2016-04-20 15:00:00+00:00,0.0,0.0,31.61,56.69,6.29,TNP_0006,0,2016
2016-04-20 16:00:00+00:00,0.0,0.0,30.58,63.14,5.97,TNP_0006,0,2016
2016-04-20 17:00:00+00:00,0.0,0.0,29.83,67.84,5.42,TNP_0006,0,2016
2016-04-20 18:00:00+00:00,0.0,0.0,29.21,71.86,4.94,TNP_0006,0,2016
2016-04-20 19:00:00+00:00,0.0,0.0,28.66,75.28,4.54,TNP_0006,0,2016
2016-04-20 20:00:00+00:00,0.0,0.0,28.2,77.92,4.19,TNP_0006,0,2016
2016-04-20 21:00:00+00:00,0.0,0.0,27.9,79.18,3.7,TNP_0006,0,2016
2016-04-20 22:00:00+00:00,0.0,0.0,27.67,79.79,3.03,TNP_0006,0,2016
2016-04-20 23:00:00+00:00,0.0,0.0,27.38,80.93,2.22,TNP_0006,0,2016
2016-04-21 00:00:00+00:00,6.62,7.1,27.09,82.19,1.63,TNP_0006,0,2016
2016-04-21 01:00:00+00:00,124.95,152.48,28.34,74.64,2.28,TNP_0006,0,2016
2016-04-21 02:00:00+00:00,341.38,396.38,31.08,59.89,2.53,TNP_0006,0,2016
2016-04-21 03:00:00+00:00,577.35,629.28,33.81,48.54,2.51,TNP_0006,0,2016
2016-04-21 04:00:00+00:00,735.42,818.97,36.26,40.06,2.21,TNP_0006,0,2016
2016-04-21 05:00:00+00:00,925.95,949.42,38.45,33.1,1.97,TNP_0006,0,2016
2016-04-21 06:00:00+00:00,982.62,1004.38,40.18,27.97,1.99,TNP_0006,0,2016
2016-04-21 07:00:00+00:00,914.25,980.2,41.31,24.74,2.18,TNP_0006,0,2016
2016-04-21 08:00:00+00:00,826.9,878.7,41.81,23.12,2.45,TNP_0006,0,2016
2016-04-21 09:00:00+00:00,658.5,709.17,41.64,22.59,2.77,TNP_0006,0,2016
2016-04-21 10:00:00+00:00,444.17,485.77,40.95,22.79,3.06,TNP_0006,0,2016
2016-04-21 11:00:00+00:00,207.05,238.93,39.74,24.05,3.42,TNP_0006,0,2016
2016-04-21 12:00:00+00:00,37.42,41.78,37.89,26.94,3.54,TNP_0006,0,2016
2016-04-21 13:00:00+00:00,0.0,0.0,35.55,32.86,4.02,TNP_0006,0,2016
2016-04-21 14:00:00+00:00,0.0,0.0,34.29,39.4,5.63,TNP_0006,0,2016
2016-04-21 15:00:00+00:00,0.0,0.0,32.72,48.46,6.27,TNP_0006,0,2016
2016-04-21 16:00:00+00:00,0.0,0.0,31.45,57.21,6.27,TNP_0006,0,2016
2016-04-21 17:00:00+00:00,0.0,0.0,30.54,63.69,5.75,TNP_0006,0,2016
2016-04-21 18:00:00+00:00,0.0,0.0,29.94,67.96,5.24,TNP_0006,0,2016
2016-04-21 19:00:00+00:00,0.0,0.0,29.55,70.32,4.55,TNP_0006,0,2016
2016-04-21 20:00:00+00:00,0.0,0.0,29.23,71.63,3.66,TNP_0006,0,2016
2016-04-21 21:00:00+00:00,0.0,0.0,28.92,72.47,2.69,TNP_0006,0,2016
2016-04-21 22:00:00+00:00,0.0,0.0,28.57,73.53,1.89,TNP_0006,0,2016
2016-04-21 23:00:00+00:00,0.0,0.0,28.23,74.76,1.36,TNP_0006,0,2016
2016-04-22 00:00:00+00:00,6.18,6.28,27.99,75.66,1.16,TNP_0006,0,2016
2016-04-22 01:00:00+00:00,122.18,134.1,29.14,69.9,2.39,TNP_0006,0,2016
2016-04-22 02:00:00+00:00,339.6,369.6,31.34,58.57,3.53,TNP_0006,0,2016
2016-04-22 03:00:00+00:00,599.35,606.8,34.04,46.99,3.61,TNP_0006,0,2016
2016-04-22 04:00:00+00:00,799.03,804.22,36.64,38.48,3.21,TNP_0006,0,2016
2016-04-22 05:00:00+00:00,922.28,938.0,38.83,32.49,2.64,TNP_0006,0,2016
2016-04-22 06:00:00+00:00,962.22,970.4,40.48,28.22,2.09,TNP_0006,0,2016
2016-04-22 07:00:00+00:00,938.35,951.83,41.57,25.24,1.73,TNP_0006,0,2016
2016-04-22 08:00:00+00:00,798.1,852.7,42.11,23.36,1.61,TNP_0006,0,2016
2016-04-22 09:00:00+00:00,671.35,686.72,42.13,22.38,1.76,TNP_0006,0,2016
2016-04-22 10:00:00+00:00,464.08,469.88,41.66,22.04,2.14,TNP_0006,0,2016
2016-04-22 11:00:00+00:00,226.68,233.65,40.67,22.61,2.7,TNP_0006,0,2016
2016-04-22 12:00:00+00:00,40.6,41.12,38.81,25.08,3.06,TNP_0006,0,2016
2016-04-22 13:00:00+00:00,0.0,0.0,36.17,30.61,3.89,TNP_0006,0,2016
2016-04-22 14:00:00+00:00,0.0,0.0,34.86,36.6,5.42,TNP_0006,0,2016
2016-04-22 15:00:00+00:00,0.0,0.0,33.18,45.97,5.99,TNP_0006,0,2016
2016-04-22 16:00:00+00:00,0.0,0.0,31.88,55.18,5.77,TNP_0006,0,2016
2016-04-22 17:00:00+00:00,0.0,0.0,31.14,61.18,5.35,TNP_0006,0,2016
2016-04-22 18:00:00+00:00,0.0,0.0,30.65,64.62,4.7,TNP_0006,0,2016
2016-04-22 19:00:00+00:00,0.0,0.0,30.2,67.05,3.97,TNP_0006,0,2016
2016-04-22 20:00:00+00:00,0.0,0.0,29.74,68.9,3.27,TNP_0006,0,2016
2016-04-22 21:00:00+00:00,0.0,0.0,29.25,70.22,2.68,TNP_0006,0,2016
2016-04-22 22:00:00+00:00,0.0,0.0,28.77,71.25,2.3,TNP_0006,0,2016
2016-04-22 23:00:00+00:00,0.0,0.0,28.29,72.4,2.06,TNP_0006,0,2016
2016-04-23 00:00:00+00:00,6.28,6.28,27.95,73.15,1.99,TNP_0006,0,2016
2016-04-23 01:00:00+00:00,134.55,134.93,29.46,65.37,3.68,TNP_0006,0,2016
2016-04-23 02:00:00+00:00,359.48,360.42,32.17,53.29,4.54,TNP_0006,0,2016
2016-04-23 03:00:00+00:00,605.67,607.12,35.5,41.09,3.98,TNP_0006,0,2016
2016-04-23 04:00:00+00:00,802.33,802.65,38.52,32.07,3.2,TNP_0006,0,2016
2016-04-23 05:00:00+00:00,934.85,935.35,40.91,26.46,2.3,TNP_0006,0,2016
2016-04-23 06:00:00+00:00,959.25,963.6,42.53,23.26,1.42,TNP_0006,0,2016
2016-04-23 07:00:00+00:00,908.55,934.67,43.54,21.46,0.69,TNP_0006,0,2016
2016-04-23 08:00:00+00:00,830.28,838.05,43.99,20.56,0.35,TNP_0006,0,2016
2016-04-23 09:00:00+00:00,665.08,673.92,43.85,20.27,1.0,TNP_0006,0,2016
2016-04-23 10:00:00+00:00,438.8,459.08,43.21,20.4,2.16,TNP_0006,0,2016
2016-04-23 11:00:00+00:00,199.12,224.93,41.76,21.93,3.64,TNP_0006,0,2016
2016-04-23 12:00:00+00:00,34.0,39.53,39.74,25.67,5.31,TNP_0006,0,2016
2016-04-23 13:00:00+00:00,0.0,0.0,37.22,33.0,7.23,TNP_0006,0,2016
2016-04-23 14:00:00+00:00,0.0,0.0,34.7,43.0,8.19,TNP_0006,0,2016
2016-04-23 15:00:00+00:00,0.0,0.0,32.92,51.54,7.34,TNP_0006,0,2016
2016-04-23 16:00:00+00:00,0.0,0.0,32.11,55.86,6.15,TNP_0006,0,2016
2016-04-23 17:00:00+00:00,0.0,0.0,31.75,58.11,5.24,TNP_0006,0,2016
2016-04-23 18:00:00+00:00,0.0,0.0,31.5,59.87,4.39,TNP_0006,0,2016
2016-04-23 19:00:00+00:00,0.0,0.0,31.2,61.56,3.55,TNP_0006,0,2016
2016-04-23 20:00:00+00:00,0.0,0.0,30.86,62.92,2.73,TNP_0006,0,2016
2016-04-23 21:00:00+00:00,0.0,0.0,30.49,64.02,2.17,TNP_0006,0,2016
2016-04-23 22:00:00+00:00,0.0,0.0,30.12,64.9,1.93,TNP_0006,0,2016
2016-04-23 23:00:00+00:00,0.0,0.0,29.78,65.52,2.12,TNP_0006,0,2016
2016-04-24 00:00:00+00:00,5.85,6.75,29.52,65.52,2.83,TNP_0006,0,2016
2016-04-24 01:00:00+00:00,114.93,130.55,30.29,61.51,4.3,TNP_0006,0,2016
2016-04-24 02:00:00+00:00,314.62,357.52,32.27,52.98,4.69,TNP_0006,0,2016
2016-04-24 03:00:00+00:00,554.92,587.1,34.92,43.81,4.15,TNP_0006,0,2016
2016-04-24 04:00:00+00:00,777.3,777.33,37.64,36.24,3.22,TNP_0006,0,2016
2016-04-24 05:00:00+00:00,903.6,906.22,39.82,31.03,2.19,TNP_0006,0,2016
2016-04-24 06:00:00+00:00,970.42,971.28,41.4,27.52,1.48,TNP_0006,0,2016
2016-04-24 07:00:00+00:00,945.08,948.3,42.53,25.08,1.47,TNP_0006,0,2016
2016-04-24 08:00:00+00:00,816.6,840.28,43.08,23.75,1.96,TNP_0006,0,2016
2016-04-24 09:00:00+00:00,621.78,672.3,43.08,23.2,2.72,TNP_0006,0,2016
2016-04-24 10:00:00+00:00,401.25,455.02,42.35,23.71,3.71,TNP_0006,0,2016
2016-04-24 11:00:00+00:00,182.55,218.52,40.85,25.7,4.99,TNP_0006,0,2016
2016-04-24 12:00:00+00:00,32.35,38.35,38.98,29.27,6.48,TNP_0006,0,2016
2016-04-24 13:00:00+00:00,0.0,0.0,36.72,35.59,8.07,TNP_0006,0,2016
2016-04-24 14:00:00+00:00,0.0,0.0,34.12,45.44,8.98,TNP_0006,0,2016
2016-04-24 15:00:00+00:00,0.0,0.0,32.01,55.39,8.45,TNP_0006,0,2016
2016-04-24 16:00:00+00:00,0.0,0.0,31.04,61.24,7.65,TNP_0006,0,2016
2016-04-24 17:00:00+00:00,0.0,0.0,30.63,64.36,6.96,TNP_0006,0,2016
2016-04-24 18:00:00+00:00,0.0,0.0,30.4,66.26,6.23,TNP_0006,0,2016
2016-04-24 19:00:00+00:00,0.0,0.0,30.23,67.29,5.41,TNP_0006,0,2016
2016-04-24 20:00:00+00:00,0.0,0.0,30.04,68.25,4.45,TNP_0006,0,2016
2016-04-24 21:00:00+00:00,0.0,0.0,29.79,69.43,3.4,TNP_0006,0,2016
2016-04-24 22:00:00+00:00,0.0,0.0,29.53,70.61,2.57,TNP_0006,0,2016
2016-04-24 23:00:00+00:00,0.0,0.0,29.22,71.93,1.91,TNP_0006,0,2016
2016-04-25 00:00:00+00:00,5.32,6.85,29.11,72.45,1.84,TNP_0006,0,2016
2016-04-25 01:00:00+00:00,101.62,123.72,30.19,66.95,2.39,TNP_0006,0,2016
2016-04-25 02:00:00+00:00,279.3,341.7,32.13,57.41,2.45,TNP_0006,0,2016
2016-04-25 03:00:00+00:00,540.8,570.62,34.17,48.79,2.44,TNP_0006,0,2016
2016-04-25 04:00:00+00:00,760.58,762.25,36.24,41.02,2.54,TNP_0006,0,2016
2016-04-25 05:00:00+00:00,875.5,891.65,38.16,34.81,2.77,TNP_0006,0,2016
2016-04-25 06:00:00+00:00,959.35,961.08,39.72,30.6,3.13,TNP_0006,0,2016
2016-04-25 07:00:00+00:00,939.12,939.2,40.86,27.95,3.57,TNP_0006,0,2016
2016-04-25 08:00:00+00:00,823.47,833.53,41.32,26.83,4.06,TNP_0006,0,2016
2016-04-25 09:00:00+00:00,673.1,673.95,41.21,26.75,4.56,TNP_0006,0,2016
2016-04-25 10:00:00+00:00,453.62,454.33,40.3,27.89,5.09,TNP_0006,0,2016
2016-04-25 11:00:00+00:00,219.93,221.05,38.71,30.57,5.75,TNP_0006,0,2016
2016-04-25 12:00:00+00:00,42.03,42.38,36.81,34.65,6.4,TNP_0006,0,2016
2016-04-25 13:00:00+00:00,0.0,0.0,34.76,40.72,6.72,TNP_0006,0,2016
2016-04-25 14:00:00+00:00,0.0,0.0,33.02,47.75,6.87,TNP_0006,0,2016
2016-04-25 15:00:00+00:00,0.0,0.0,31.59,54.59,6.41,TNP_0006,0,2016
2016-04-25 16:00:00+00:00,0.0,0.0,30.59,60.37,5.66,TNP_0006,0,2016
2016-04-25 17:00:00+00:00,0.0,0.0,29.88,65.24,4.97,TNP_0006,0,2016
2016-04-25 18:00:00+00:00,0.0,0.0,29.34,69.47,4.42,TNP_0006,0,2016
2016-04-25 19:00:00+00:00,0.0,0.0,28.89,73.33,3.84,TNP_0006,0,2016
2016-04-25 20:00:00+00:00,0.0,0.0,28.53,76.64,3.2,TNP_0006,0,2016
2016-04-25 21:00:00+00:00,0.0,0.0,28.21,79.57,2.46,TNP_0006,0,2016
2016-04-25 22:00:00+00:00,0.0,0.0,27.94,82.01,2.03,TNP_0006,0,2016
2016-04-25 23:00:00+00:00,0.0,0.0,27.71,84.05,2.01,TNP_0006,0,2016
2016-04-26 00:00:00+00:00,5.97,7.68,27.54,85.46,2.09,TNP_0006,0,2016
2016-04-26 01:00:00+00:00,114.65,140.32,28.62,79.4,2.6,TNP_0006,0,2016
2016-04-26 02:00:00+00:00,307.62,377.65,30.52,67.46,2.69,TNP_0006,0,2016
2016-04-26 03:00:00+00:00,566.5,614.33,32.32,57.43,3.03,TNP_0006,0,2016
2016-04-26 04:00:00+00:00,720.3,810.47,33.91,50.58,3.44,TNP_0006,0,2016
2016-04-26 05:00:00+00:00,901.12,943.15,35.26,45.54,3.73,TNP_0006,0,2016
2016-04-26 06:00:00+00:00,958.55,985.7,36.17,41.95,3.84,TNP_0006,0,2016
2016-04-26 07:00:00+00:00,940.53,967.42,36.85,39.06,3.9,TNP_0006,0,2016
2016-04-26 08:00:00+00:00,815.75,874.42,37.2,37.4,4.03,TNP_0006,0,2016
2016-04-26 09:00:00+00:00,711.6,712.12,37.16,36.67,4.13,TNP_0006,0,2016
2016-04-26 10:00:00+00:00,496.95,497.05,36.95,36.08,4.34,TNP_0006,0,2016
2016-04-26 11:00:00+00:00,246.77,257.95,36.3,36.95,4.63,TNP_0006,0,2016
2016-04-26 12:00:00+00:00,45.83,47.53,34.87,40.48,4.6,TNP_0006,0,2016
2016-04-26 13:00:00+00:00,0.0,0.0,32.95,46.85,4.04,TNP_0006,0,2016
2016-04-26 14:00:00+00:00,0.0,0.0,31.92,52.14,4.39,TNP_0006,0,2016
2016-04-26 15:00:00+00:00,0.0,0.0,30.96,57.92,4.62,TNP_0006,0,2016
2016-04-26 16:00:00+00:00,0.0,0.0,30.07,63.54,4.21,TNP_0006,0,2016
2016-04-26 17:00:00+00:00,0.0,0.0,29.34,68.25,3.29,TNP_0006,0,2016
2016-04-26 18:00:00+00:00,0.0,0.0,28.69,72.37,2.46,TNP_0006,0,2016
2016-04-26 19:00:00+00:00,0.0,0.0,28.11,76.11,1.68,TNP_0006,0,2016
2016-04-26 20:00:00+00:00,0.0,0.0,27.66,79.17,1.16,TNP_0006,0,2016
2016-04-26 21:00:00+00:00,0.0,0.0,27.29,81.64,0.95,TNP_0006,0,2016
2016-04-26 22:00:00+00:00,0.0,0.0,26.93,84.04,0.93,TNP_0006,0,2016
2016-04-26 23:00:00+00:00,0.0,0.0,26.6,86.39,0.99,TNP_0006,0,2016
2016-04-27 00:00:00+00:00,8.15,8.62,26.45,87.75,1.25,TNP_0006,0,2016
2016-04-27 01:00:00+00:00,141.95,157.48,27.81,80.29,1.6,TNP_0006,0,2016
2016-04-27 02:00:00+00:00,352.27,399.25,30.05,66.0,1.19,TNP_0006,0,2016
2016-04-27 03:00:00+00:00,604.72,631.67,32.25,54.14,1.37,TNP_0006,0,2016
2016-04-27 04:00:00+00:00,805.65,821.85,34.18,45.99,2.06,TNP_0006,0,2016
2016-04-27 05:00:00+00:00,905.62,951.15,35.71,40.97,2.92,TNP_0006,0,2016
2016-04-27 06:00:00+00:00,987.67,1001.72,36.73,38.0,3.8,TNP_0006,0,2016
2016-04-27 07:00:00+00:00,964.83,982.72,37.32,36.25,4.45,TNP_0006,0,2016
2016-04-27 08:00:00+00:00,826.33,887.4,37.3,36.08,4.9,TNP_0006,0,2016
2016-04-27 09:00:00+00:00,685.75,723.7,36.92,36.89,5.12,TNP_0006,0,2016
2016-04-27 10:00:00+00:00,440.77,508.35,36.16,38.44,5.23,TNP_0006,0,2016
2016-04-27 11:00:00+00:00,228.68,265.83,35.11,40.76,5.23,TNP_0006,0,2016
2016-04-27 12:00:00+00:00,45.42,49.9,33.83,44.11,4.91,TNP_0006,0,2016
2016-04-27 13:00:00+00:00,0.0,0.0,32.54,48.38,3.94,TNP_0006,0,2016
2016-04-27 14:00:00+00:00,0.0,0.0,31.68,52.19,3.63,TNP_0006,0,2016
2016-04-27 15:00:00+00:00,0.0,0.0,30.8,56.62,3.32,TNP_0006,0,2016
2016-04-27 16:00:00+00:00,0.0,0.0,29.97,61.4,3.08,TNP_0006,0,2016
2016-04-27 17:00:00+00:00,0.0,0.0,29.25,66.04,2.85,TNP_0006,0,2016
2016-04-27 18:00:00+00:00,0.0,0.0,28.54,70.71,2.49,TNP_0006,0,2016
2016-04-27 19:00:00+00:00,0.0,0.0,27.92,74.93,2.19,TNP_0006,0,2016
2016-04-27 20:00:00+00:00,0.0,0.0,27.42,78.52,1.97,TNP_0006,0,2016
2016-04-27 21:00:00+00:00,0.0,0.0,26.96,81.65,1.81,TNP_0006,0,2016
2016-04-27 22:00:00+00:00,0.0,0.0,26.64,83.97,1.78,TNP_0006,0,2016
2016-04-27 23:00:00+00:00,0.0,0.0,26.33,86.2,1.69,TNP_0006,0,2016
2016-04-28 00:00:00+00:00,8.9,8.93,26.22,87.4,1.84,TNP_0006,0,2016
2016-04-28 01:00:00+00:00,152.93,155.2,27.77,79.43,3.02,TNP_0006,0,2016
2016-04-28 02:00:00+00:00,386.42,394.42,30.31,65.12,2.93,TNP_0006,0,2016
2016-04-28 03:00:00+00:00,617.88,628.15,33.02,50.74,2.57,TNP_0006,0,2016
2016-04-28 04:00:00+00:00,751.72,819.9,35.56,39.3,2.56,TNP_0006,0,2016
2016-04-28 05:00:00+00:00,944.88,951.15,37.78,31.39,2.81,TNP_0006,0,2016
2016-04-28 06:00:00+00:00,1010.22,1018.62,39.49,26.64,3.18,TNP_0006,0,2016
2016-04-28 07:00:00+00:00,940.83,996.8,40.6,23.99,3.59,TNP_0006,0,2016
2016-04-28 08:00:00+00:00,871.97,898.97,41.04,22.93,4.03,TNP_0006,0,2016
2016-04-28 09:00:00+00:00,708.47,734.67,40.94,22.59,4.39,TNP_0006,0,2016
2016-04-28 10:00:00+00:00,496.67,517.95,40.21,23.25,4.91,TNP_0006,0,2016
2016-04-28 11:00:00+00:00,245.32,272.7,38.75,25.44,5.58,TNP_0006,0,2016
2016-04-28 12:00:00+00:00,47.83,51.38,36.62,29.65,5.92,TNP_0006,0,2016
2016-04-28 13:00:00+00:00,0.0,0.0,34.26,36.36,5.85,TNP_0006,0,2016
2016-04-28 14:00:00+00:00,0.0,0.0,32.56,43.45,5.59,TNP_0006,0,2016
2016-04-28 15:00:00+00:00,0.0,0.0,31.06,51.15,4.8,TNP_0006,0,2016
2016-04-28 16:00:00+00:00,0.0,0.0,29.78,59.01,4.04,TNP_0006,0,2016
2016-04-28 17:00:00+00:00,0.0,0.0,28.68,66.65,3.39,TNP_0006,0,2016
2016-04-28 18:00:00+00:00,0.0,0.0,27.76,73.62,2.84,TNP_0006,0,2016
2016-04-28 19:00:00+00:00,0.0,0.0,27.0,79.67,2.23,TNP_0006,0,2016
2016-04-28 20:00:00+00:00,0.0,0.0,26.41,84.52,1.73,TNP_0006,0,2016
2016-04-28 21:00:00+00:00,0.0,0.0,25.99,87.87,1.38,TNP_0006,0,2016
2016-04-28 22:00:00+00:00,0.0,0.0,25.67,90.24,1.17,TNP_0006,0,2016
2016-04-28 23:00:00+00:00,0.0,0.0,25.48,91.7,1.01,TNP_0006,0,2016
2016-04-29 00:00:00+00:00,8.07,8.98,25.47,92.11,0.9,TNP_0006,0,2016
2016-04-29 01:00:00+00:00,140.62,152.75,27.61,79.91,1.64,TNP_0006,0,2016
2016-04-29 02:00:00+00:00,358.65,388.6,30.87,60.2,2.32,TNP_0006,0,2016
2016-04-29 03:00:00+00:00,611.17,615.7,33.27,48.01,2.65,TNP_0006,0,2016
2016-04-29 04:00:00+00:00,800.08,804.35,34.95,40.67,2.89,TNP_0006,0,2016
2016-04-29 05:00:00+00:00,859.83,939.35,36.29,35.71,3.18,TNP_0006,0,2016
2016-04-29 06:00:00+00:00,980.83,997.5,37.29,32.31,3.49,TNP_0006,0,2016
2016-04-29 07:00:00+00:00,956.88,970.67,38.01,29.95,3.7,TNP_0006,0,2016
2016-04-29 08:00:00+00:00,829.3,864.2,38.51,28.35,3.86,TNP_0006,0,2016
2016-04-29 09:00:00+00:00,684.47,695.03,38.87,26.84,4.03,TNP_0006,0,2016
2016-04-29 10:00:00+00:00,473.88,481.52,38.46,26.6,4.29,TNP_0006,0,2016
2016-04-29 11:00:00+00:00,239.32,247.38,37.37,27.74,4.57,TNP_0006,0,2016
2016-04-29 12:00:00+00:00,44.95,45.83,35.55,30.91,4.26,TNP_0006,0,2016
2016-04-29 13:00:00+00:00,0.0,0.0,32.89,37.81,3.23,TNP_0006,0,2016
2016-04-29 14:00:00+00:00,0.0,0.0,31.83,43.51,3.72,TNP_0006,0,2016
2016-04-29 15:00:00+00:00,0.0,0.0,30.74,50.31,3.76,TNP_0006,0,2016
2016-04-29 16:00:00+00:00,0.0,0.0,29.77,57.29,3.5,TNP_0006,0,2016
2016-04-29 17:00:00+00:00,0.0,0.0,28.89,63.65,2.9,TNP_0006,0,2016
2016-04-29 18:00:00+00:00,0.0,0.0,28.11,69.16,2.32,TNP_0006,0,2016
2016-04-29 19:00:00+00:00,0.0,0.0,27.5,73.49,2.09,TNP_0006,0,2016
2016-04-29 20:00:00+00:00,0.0,0.0,27.02,76.9,1.99,TNP_0006,0,2016
2016-04-29 21:00:00+00:00,0.0,0.0,26.6,79.65,1.81,TNP_0006,0,2016
2016-04-29 22:00:00+00:00,0.0,0.0,26.19,82.03,1.63,TNP_0006,0,2016
2016-04-29 23:00:00+00:00,0.0,0.0,25.83,83.89,1.5,TNP_0006,0,2016
2016-04-30 00:00:00+00:00,8.9,8.93,25.66,84.74,1.32,TNP_0006,0,2016
2016-04-30 01:00:00+00:00,144.75,146.3,28.02,71.95,2.16,TNP_0006,0,2016
2016-04-30 02:00:00+00:00,362.95,376.8,31.05,55.53,2.28,TNP_0006,0,2016
2016-04-30 03:00:00+00:00,593.4,609.85,34.02,42.4,2.1,TNP_0006,0,2016
2016-04-30 04:00:00+00:00,797.35,801.03,36.69,32.99,2.34,TNP_0006,0,2016
2016-04-30 05:00:00+00:00,927.97,931.0,38.83,27.41,2.82,TNP_0006,0,2016
2016-04-30 06:00:00+00:00,1005.75,1012.83,40.36,24.37,3.35,TNP_0006,0,2016
2016-04-30 07:00:00+00:00,869.33,987.85,41.33,22.86,3.89,TNP_0006,0,2016
2016-04-30 08:00:00+00:00,865.33,886.97,41.67,22.59,4.45,TNP_0006,0,2016
2016-04-30 09:00:00+00:00,679.15,721.12,41.4,23.15,5.01,TNP_0006,0,2016
2016-04-30 10:00:00+00:00,466.23,505.33,40.47,24.78,5.65,TNP_0006,0,2016
2016-04-30 11:00:00+00:00,231.4,263.1,38.82,27.97,6.36,TNP_0006,0,2016
2016-04-30 12:00:00+00:00,45.78,49.78,36.57,33.14,6.92,TNP_0006,0,2016
2016-04-30 13:00:00+00:00,0.0,0.0,34.38,39.77,7.02,TNP_0006,0,2016
2016-04-30 14:00:00+00:00,0.0,0.0,32.77,45.95,6.85,TNP_0006,0,2016
2016-04-30 15:00:00+00:00,0.0,0.0,31.53,51.52,5.98,TNP_0006,0,2016
2016-04-30 16:00:00+00:00,0.0,0.0,30.6,56.59,4.87,TNP_0006,0,2016
2016-04-30 17:00:00+00:00,0.0,0.0,29.82,61.41,4.13,TNP_0006,0,2016
2016-04-30 18:00:00+00:00,0.0,0.0,29.11,66.0,3.58,TNP_0006,0,2016
2016-04-30 19:00:00+00:00,0.0,0.0,28.51,69.98,3.01,TNP_0006,0,2016
2016-04-30 20:00:00+00:00,0.0,0.0,28.02,73.15,2.54,TNP_0006,0,2016
2016-04-30 21:00:00+00:00,0.0,0.0,27.54,75.76,2.03,TNP_0006,0,2016
2016-04-30 22:00:00+00:00,0.0,0.0,27.05,77.97,1.5,TNP_0006,0,2016
2016-04-30 23:00:00+00:00,0.0,0.0,26.55,80.02,1.26,TNP_0006,0,2016
2016-05-01 00:00:00+00:00,9.4,9.4,26.26,80.99,1.15,TNP_0006,0,2016
2016-05-01 01:00:00+00:00,155.68,156.18,28.25,70.12,2.03,TNP_0006,0,2016
2016-05-01 02:00:00+00:00,387.95,388.75,31.36,53.98,2.5,TNP_0006,0,2016
2016-05-01 03:00:00+00:00,622.0,622.8,34.17,41.96,2.16,TNP_0006,0,2016
2016-05-01 04:00:00+00:00,809.97,810.7,36.75,32.63,1.75,TNP_0006,0,2016
2016-05-01 05:00:00+00:00,936.62,944.08,38.9,26.01,1.68,TNP_0006,0,2016
2016-05-01 06:00:00+00:00,1020.8,1021.47,40.58,21.54,1.99,TNP_0006,0,2016
2016-05-01 07:00:00+00:00,995.15,996.92,41.69,19.04,2.46,TNP_0006,0,2016
2016-05-01 08:00:00+00:00,887.33,897.92,42.19,17.92,2.97,TNP_0006,0,2016
2016-05-01 09:00:00+00:00,727.47,734.25,42.07,17.83,3.48,TNP_0006,0,2016
2016-05-01 10:00:00+00:00,516.12,518.53,41.21,18.91,4.13,TNP_0006,0,2016
2016-05-01 11:00:00+00:00,273.5,274.98,39.7,21.46,4.98,TNP_0006,0,2016
2016-05-01 12:00:00+00:00,52.88,53.1,37.5,26.61,5.83,TNP_0006,0,2016
2016-05-01 13:00:00+00:00,0.0,0.0,34.87,35.81,6.68,TNP_0006,0,2016
2016-05-01 14:00:00+00:00,0.0,0.0,32.97,45.53,7.35,TNP_0006,0,2016
2016-05-01 15:00:00+00:00,0.0,0.0,31.48,53.49,6.73,TNP_0006,0,2016
2016-05-01 16:00:00+00:00,0.0,0.0,30.48,59.05,6.12,TNP_0006,0,2016
2016-05-01 17:00:00+00:00,0.0,0.0,29.74,63.26,5.36,TNP_0006,0,2016
2016-05-01 18:00:00+00:00,0.0,0.0,29.09,67.45,4.63,TNP_0006,0,2016
2016-05-01 19:00:00+00:00,0.0,0.0,28.58,71.08,4.0,TNP_0006,0,2016
2016-05-01 20:00:00+00:00,0.0,0.0,28.14,73.99,3.22,TNP_0006,0,2016
2016-05-01 21:00:00+00:00,0.0,0.0,27.68,76.4,1.94,TNP_0006,0,2016
2016-05-01 22:00:00+00:00,0.0,0.0,27.2,78.53,1.25,TNP_0006,0,2016
2016-05-01 23:00:00+00:00,0.0,0.0,26.86,79.98,1.14,TNP_0006,0,2016
2016-05-02 00:00:00+00:00,8.5,8.62,26.81,80.09,1.02,TNP_0006,0,2016
2016-05-02 01:00:00+00:00,146.45,147.93,28.92,69.3,1.71,TNP_0006,0,2016
2016-05-02 02:00:00+00:00,386.35,388.62,31.97,55.84,2.78,TNP_0006,0,2016
2016-05-02 03:00:00+00:00,625.03,625.2,34.62,45.5,2.81,TNP_0006,0,2016
2016-05-02 04:00:00+00:00,815.9,816.45,37.03,37.1,2.57,TNP_0006,0,2016
2016-05-02 05:00:00+00:00,933.58,948.88,39.19,30.24,2.19,TNP_0006,0,2016
2016-05-02 06:00:00+00:00,1001.8,1014.9,40.92,25.06,1.86,TNP_0006,0,2016
2016-05-02 07:00:00+00:00,989.88,990.28,42.19,21.5,1.77,TNP_0006,0,2016
2016-05-02 08:00:00+00:00,885.47,888.92,42.86,19.44,2.03,TNP_0006,0,2016
2016-05-02 09:00:00+00:00,715.3,720.78,42.86,18.55,2.63,TNP_0006,0,2016
2016-05-02 10:00:00+00:00,500.33,503.88,42.19,18.64,3.64,TNP_0006,0,2016
2016-05-02 11:00:00+00:00,256.48,263.92,40.78,20.06,4.99,TNP_0006,0,2016
2016-05-02 12:00:00+00:00,47.8,49.58,38.54,23.96,6.23,TNP_0006,0,2016
2016-05-02 13:00:00+00:00,0.0,0.0,35.72,32.53,7.21,TNP_0006,0,2016
2016-05-02 14:00:00+00:00,0.0,0.0,33.32,44.9,7.82,TNP_0006,0,2016
2016-05-02 15:00:00+00:00,0.0,0.0,31.49,56.64,7.49,TNP_0006,0,2016
2016-05-02 16:00:00+00:00,0.0,0.0,30.51,63.02,6.51,TNP_0006,0,2016
2016-05-02 17:00:00+00:00,0.0,0.0,29.92,66.85,5.69,TNP_0006,0,2016
2016-05-02 18:00:00+00:00,0.0,0.0,29.48,69.89,4.88,TNP_0006,0,2016
2016-05-02 19:00:00+00:00,0.0,0.0,29.1,72.63,4.02,TNP_0006,0,2016
2016-05-02 20:00:00+00:00,0.0,0.0,28.78,74.81,3.09,TNP_0006,0,2016
2016-05-02 21:00:00+00:00,0.0,0.0,28.47,76.78,2.25,TNP_0006,0,2016
2016-05-02 22:00:00+00:00,0.0,0.0,28.17,78.58,1.78,TNP_0006,0,2016
2016-05-02 23:00:00+00:00,0.0,0.0,27.86,80.47,1.37,TNP_0006,0,2016
2016-05-03 00:00:00+00:00,9.2,9.25,27.66,81.86,1.39,TNP_0006,0,2016
2016-05-03 01:00:00+00:00,157.35,159.57,29.15,73.48,2.32,TNP_0006,0,2016
2016-05-03 02:00:00+00:00,393.4,401.08,31.63,59.69,2.38,TNP_0006,0,2016
2016-05-03 03:00:00+00:00,620.72,632.97,33.93,49.06,2.38,TNP_0006,0,2016
2016-05-03 04:00:00+00:00,818.65,821.45,36.29,39.25,2.56,TNP_0006,0,2016
2016-05-03 05:00:00+00:00,906.03,949.0,38.49,31.4,2.83,TNP_0006,0,2016
2016-05-03 06:00:00+00:00,1006.22,1009.5,40.22,26.32,3.14,TNP_0006,0,2016
2016-05-03 07:00:00+00:00,985.42,985.85,41.33,23.22,3.49,TNP_0006,0,2016
2016-05-03 08:00:00+00:00,868.35,888.42,41.76,21.65,3.92,TNP_0006,0,2016
2016-05-03 09:00:00+00:00,718.88,725.95,41.55,21.25,4.42,TNP_0006,0,2016
2016-05-03 10:00:00+00:00,506.55,513.1,40.73,21.97,5.05,TNP_0006,0,2016
2016-05-03 11:00:00+00:00,251.48,271.98,39.24,24.17,5.73,TNP_0006,0,2016
2016-05-03 12:00:00+00:00,46.12,52.22,37.13,28.54,6.23,TNP_0006,0,2016
2016-05-03 13:00:00+00:00,0.0,0.0,34.84,35.52,6.19,TNP_0006,0,2016
2016-05-03 14:00:00+00:00,0.0,0.0,33.17,43.45,5.92,TNP_0006,0,2016
2016-05-03 15:00:00+00:00,0.0,0.0,31.78,52.08,5.71,TNP_0006,0,2016
2016-05-03 16:00:00+00:00,0.0,0.0,30.67,60.09,5.41,TNP_0006,0,2016
2016-05-03 17:00:00+00:00,0.0,0.0,29.77,67.14,5.0,TNP_0006,0,2016
2016-05-03 18:00:00+00:00,0.0,0.0,29.01,73.48,4.71,TNP_0006,0,2016
2016-05-03 19:00:00+00:00,0.0,0.0,28.47,78.32,4.29,TNP_0006,0,2016
2016-05-03 20:00:00+00:00,0.0,0.0,28.1,81.82,3.81,TNP_0006,0,2016
2016-05-03 21:00:00+00:00,0.0,0.0,27.89,83.97,3.09,TNP_0006,0,2016
2016-05-03 22:00:00+00:00,0.0,0.0,27.69,85.64,2.11,TNP_0006,0,2016
2016-05-03 23:00:00+00:00,0.0,0.0,27.48,87.04,1.49,TNP_0006,0,2016
2016-05-04 00:00:00+00:00,8.68,8.7,27.38,87.4,1.39,TNP_0006,0,2016
2016-05-04 01:00:00+00:00,149.32,151.07,28.35,81.25,1.99,TNP_0006,0,2016
2016-05-04 02:00:00+00:00,375.25,381.12,30.11,69.16,1.98,TNP_0006,0,2016
2016-05-04 03:00:00+00:00,604.92,614.4,32.26,56.44,1.91,TNP_0006,0,2016
2016-05-04 04:00:00+00:00,804.67,806.72,34.75,45.02,2.05,TNP_0006,0,2016
2016-05-04 05:00:00+00:00,903.33,934.97,37.09,36.48,2.31,TNP_0006,0,2016
2016-05-04 06:00:00+00:00,972.2,995.17,38.89,31.0,2.69,TNP_0006,0,2016
2016-05-04 07:00:00+00:00,931.03,971.5,40.16,27.58,3.1,TNP_0006,0,2016
2016-05-04 08:00:00+00:00,834.97,871.4,40.78,25.82,3.5,TNP_0006,0,2016
2016-05-04 09:00:00+00:00,647.6,706.62,40.76,25.34,3.88,TNP_0006,0,2016
2016-05-04 10:00:00+00:00,451.7,492.83,40.06,26.01,4.4,TNP_0006,0,2016
2016-05-04 11:00:00+00:00,218.1,254.02,38.73,28.19,5.13,TNP_0006,0,2016
2016-05-04 12:00:00+00:00,41.62,47.3,36.76,32.48,5.87,TNP_0006,0,2016
2016-05-04 13:00:00+00:00,0.0,0.0,34.7,39.13,6.53,TNP_0006,0,2016
2016-05-04 14:00:00+00:00,0.0,0.0,32.91,47.44,7.04,TNP_0006,0,2016
2016-05-04 15:00:00+00:00,0.0,0.0,31.29,56.2,6.71,TNP_0006,0,2016
2016-05-04 16:00:00+00:00,0.0,0.0,30.32,62.31,5.79,TNP_0006,0,2016
2016-05-04 17:00:00+00:00,0.0,0.0,29.71,66.69,4.99,TNP_0006,0,2016
2016-05-04 18:00:00+00:00,0.0,0.0,29.19,70.54,4.42,TNP_0006,0,2016
2016-05-04 19:00:00+00:00,0.0,0.0,28.69,74.23,3.71,TNP_0006,0,2016
2016-05-04 20:00:00+00:00,0.0,0.0,28.27,77.47,2.98,TNP_0006,0,2016
2016-05-04 21:00:00+00:00,0.0,0.0,27.87,80.44,2.18,TNP_0006,0,2016
2016-05-04 22:00:00+00:00,0.0,0.0,27.57,82.76,1.52,TNP_0006,0,2016
2016-05-04 23:00:00+00:00,0.0,0.0,27.35,84.44,1.16,TNP_0006,0,2016
2016-05-05 00:00:00+00:00,8.23,10.0,27.26,85.35,0.97,TNP_0006,0,2016
2016-05-05 01:00:00+00:00,132.1,152.9,28.45,78.62,1.62,TNP_0006,0,2016
2016-05-05 02:00:00+00:00,344.98,387.62,30.4,65.7,2.06,TNP_0006,0,2016
2016-05-05 03:00:00+00:00,595.72,616.88,32.49,53.92,2.25,TNP_0006,0,2016
2016-05-05 04:00:00+00:00,718.7,806.08,34.55,44.94,2.4,TNP_0006,0,2016
2016-05-05 05:00:00+00:00,893.25,931.78,36.59,37.25,2.57,TNP_0006,0,2016
2016-05-05 06:00:00+00:00,917.3,965.28,38.29,31.62,2.76,TNP_0006,0,2016
2016-05-05 07:00:00+00:00,862.6,939.08,39.47,27.94,2.92,TNP_0006,0,2016
2016-05-05 08:00:00+00:00,755.65,837.7,40.05,25.95,3.13,TNP_0006,0,2016
2016-05-05 09:00:00+00:00,591.92,672.22,40.0,25.49,3.58,TNP_0006,0,2016
2016-05-05 10:00:00+00:00,395.02,459.7,39.32,26.43,4.34,TNP_0006,0,2016
2016-05-05 11:00:00+00:00,186.5,228.43,37.94,29.16,5.25,TNP_0006,0,2016
2016-05-05 12:00:00+00:00,38.25,42.2,35.96,34.33,6.12,TNP_0006,0,2016
2016-05-05 13:00:00+00:00,0.0,0.0,33.91,42.16,6.72,TNP_0006,0,2016
2016-05-05 14:00:00+00:00,0.0,0.0,32.19,50.41,7.04,TNP_0006,0,2016
2016-05-05 15:00:00+00:00,0.0,0.0,30.94,56.7,6.29,TNP_0006,0,2016
2016-05-05 16:00:00+00:00,0.0,0.0,30.21,60.53,5.05,TNP_0006,0,2016
2016-05-05 17:00:00+00:00,0.0,0.0,29.68,63.56,4.0,TNP_0006,0,2016
2016-05-05 18:00:00+00:00,0.0,0.0,29.17,66.66,3.11,TNP_0006,0,2016
2016-05-05 19:00:00+00:00,0.0,0.0,28.67,69.72,2.35,TNP_0006,0,2016
2016-05-05 20:00:00+00:00,0.0,0.0,28.24,72.5,1.69,TNP_0006,0,2016
2016-05-05 21:00:00+00:00,0.0,0.0,27.92,74.75,1.43,TNP_0006,0,2016
2016-05-05 22:00:00+00:00,0.0,0.0,27.66,76.86,1.2,TNP_0006,0,2016
2016-05-05 23:00:00+00:00,0.0,0.0,27.44,78.82,1.05,TNP_0006,0,2016
2016-05-06 00:00:00+00:00,8.55,10.12,27.36,80.01,1.07,TNP_0006,0,2016
2016-05-06 01:00:00+00:00,126.47,149.02,28.64,74.55,2.27,TNP_0006,0,2016
2016-05-06 02:00:00+00:00,330.0,381.55,30.54,64.23,2.92,TNP_0006,0,2016
2016-05-06 03:00:00+00:00,591.3,607.72,32.64,53.84,2.75,TNP_0006,0,2016
2016-05-06 04:00:00+00:00,782.2,792.75,34.81,44.8,2.22,TNP_0006,0,2016
2016-05-06 05:00:00+00:00,876.17,917.88,36.74,37.36,1.68,TNP_0006,0,2016
2016-05-06 06:00:00+00:00,942.5,969.5,38.26,31.87,1.52,TNP_0006,0,2016
2016-05-06 07:00:00+00:00,895.92,945.1,39.27,28.47,1.76,TNP_0006,0,2016
2016-05-06 08:00:00+00:00,686.88,846.53,39.71,26.87,2.07,TNP_0006,0,2016
2016-05-06 09:00:00+00:00,624.42,682.28,39.68,26.39,2.52,TNP_0006,0,2016
2016-05-06 10:00:00+00:00,405.0,468.23,39.0,27.16,3.07,TNP_0006,0,2016
2016-05-06 11:00:00+00:00,197.15,233.88,37.87,29.16,3.78,TNP_0006,0,2016
2016-05-06 12:00:00+00:00,40.03,43.1,36.36,32.85,4.57,TNP_0006,0,2016
2016-05-06 13:00:00+00:00,0.0,0.0,34.63,38.95,5.42,TNP_0006,0,2016
2016-05-06 14:00:00+00:00,0.0,0.0,33.0,47.14,6.31,TNP_0006,0,2016
2016-05-06 15:00:00+00:00,0.0,0.0,31.44,56.74,6.35,TNP_0006,0,2016
2016-05-06 16:00:00+00:00,0.0,0.0,30.41,63.79,5.66,TNP_0006,0,2016
2016-05-06 17:00:00+00:00,0.0,0.0,29.79,68.1,4.82,TNP_0006,0,2016
2016-05-06 18:00:00+00:00,0.0,0.0,29.36,71.0,4.21,TNP_0006,0,2016
2016-05-06 19:00:00+00:00,0.0,0.0,29.01,73.19,3.78,TNP_0006,0,2016
2016-05-06 20:00:00+00:00,0.0,0.0,28.71,75.06,3.45,TNP_0006,0,2016
2016-05-06 21:00:00+00:00,0.0,0.0,28.44,76.98,2.98,TNP_0006,0,2016
2016-05-06 22:00:00+00:00,0.0,0.0,28.1,79.95,2.25,TNP_0006,0,2016
2016-05-06 23:00:00+00:00,0.0,0.0,27.7,84.33,1.53,TNP_0006,0,2016
2016-05-07 00:00:00+00:00,8.7,9.55,27.49,87.03,1.28,TNP_0006,0,2016
2016-05-07 01:00:00+00:00,131.62,138.32,28.01,83.5,1.93,TNP_0006,0,2016
2016-05-07 02:00:00+00:00,334.52,355.45,28.95,77.68,2.35,TNP_0006,0,2016
2016-05-07 03:00:00+00:00,581.12,585.55,29.97,70.55,2.51,TNP_0006,0,2016
2016-05-07 04:00:00+00:00,729.15,773.53,31.19,62.91,2.38,TNP_0006,0,2016
2016-05-07 05:00:00+00:00,893.9,901.53,32.5,55.23,2.16,TNP_0006,0,2016
2016-05-07 06:00:00+00:00,957.58,966.1,33.64,49.35,1.96,TNP_0006,0,2016
2016-05-07 07:00:00+00:00,841.03,936.58,34.55,45.27,1.89,TNP_0006,0,2016
2016-05-07 08:00:00+00:00,768.47,826.9,35.03,42.97,1.9,TNP_0006,0,2016
2016-05-07 09:00:00+00:00,608.83,646.95,35.26,41.61,2.08,TNP_0006,0,2016
2016-05-07 10:00:00+00:00,358.6,453.48,35.05,41.45,2.47,TNP_0006,0,2016
2016-05-07 11:00:00+00:00,177.35,227.43,34.26,43.43,2.93,TNP_0006,0,2016
2016-05-07 12:00:00+00:00,33.85,42.25,32.66,53.22,2.89,TNP_0006,0,2016
2016-05-07 13:00:00+00:00,0.0,0.0,31.03,61.65,3.49,TNP_0006,0,2016
2016-05-07 14:00:00+00:00,0.0,0.0,30.29,63.79,4.66,TNP_0006,0,2016
2016-05-07 15:00:00+00:00,0.0,0.0,29.6,68.27,5.14,TNP_0006,0,2016
2016-05-07 16:00:00+00:00,0.0,0.0,29.03,73.12,4.74,TNP_0006,0,2016
2016-05-07 17:00:00+00:00,0.0,0.0,28.57,77.12,3.87,TNP_0006,0,2016
2016-05-07 18:00:00+00:00,0.0,0.0,28.2,79.95,3.2,TNP_0006,0,2016
2016-05-07 19:00:00+00:00,0.0,0.0,27.9,82.03,2.81,TNP_0006,0,2016
2016-05-07 20:00:00+00:00,0.0,0.0,27.6,84.08,2.31,TNP_0006,0,2016
2016-05-07 21:00:00+00:00,0.0,0.0,27.38,85.75,1.75,TNP_0006,0,2016
2016-05-07 22:00:00+00:00,0.0,0.0,27.22,86.88,1.4,TNP_0006,0,2016
2016-05-07 23:00:00+00:00,0.0,0.0,27.01,87.81,1.25,TNP_0006,0,2016
2016-05-08 00:00:00+00:00,9.73,10.48,26.88,88.19,1.04,TNP_0006,0,2016
2016-05-08 01:00:00+00:00,146.73,151.82,28.13,79.17,1.3,TNP_0006,0,2016
2016-05-08 02:00:00+00:00,369.17,384.15,30.0,66.74,1.39,TNP_0006,0,2016
2016-05-08 03:00:00+00:00,608.15,608.33,32.04,55.51,1.02,TNP_0006,0,2016
2016-05-08 04:00:00+00:00,789.55,793.58,34.07,46.69,0.3,TNP_0006,0,2016
2016-05-08 05:00:00+00:00,897.25,919.15,35.87,40.33,0.57,TNP_0006,0,2016
2016-05-08 06:00:00+00:00,930.58,946.6,37.26,36.02,1.18,TNP_0006,0,2016
2016-05-08 07:00:00+00:00,887.45,923.12,38.09,33.62,1.54,TNP_0006,0,2016
2016-05-08 08:00:00+00:00,775.22,827.38,38.33,32.74,1.74,TNP_0006,0,2016
2016-05-08 09:00:00+00:00,611.2,663.88,38.01,32.96,1.77,TNP_0006,0,2016
2016-05-08 10:00:00+00:00,395.58,454.62,37.26,34.05,1.69,TNP_0006,0,2016
2016-05-08 11:00:00+00:00,179.45,227.73,36.05,37.49,1.43,TNP_0006,0,2016
2016-05-08 12:00:00+00:00,31.75,42.95,34.85,42.91,1.41,TNP_0006,0,2016
2016-05-08 13:00:00+00:00,0.0,0.0,33.14,57.66,2.0,TNP_0006,0,2016
2016-05-08 14:00:00+00:00,0.0,0.0,31.74,64.04,2.58,TNP_0006,0,2016
2016-05-08 15:00:00+00:00,0.0,0.0,30.75,65.41,2.85,TNP_0006,0,2016
2016-05-08 16:00:00+00:00,0.0,0.0,30.01,67.94,2.91,TNP_0006,0,2016
2016-05-08 17:00:00+00:00,0.0,0.0,29.38,71.41,2.86,TNP_0006,0,2016
2016-05-08 18:00:00+00:00,0.0,0.0,28.8,75.07,2.69,TNP_0006,0,2016
2016-05-08 19:00:00+00:00,0.0,0.0,28.3,78.65,2.31,TNP_0006,0,2016
2016-05-08 20:00:00+00:00,0.0,0.0,27.91,81.81,1.82,TNP_0006,0,2016
2016-05-08 21:00:00+00:00,0.0,0.0,27.63,84.31,1.42,TNP_0006,0,2016
2016-05-08 22:00:00+00:00,0.0,0.0,27.44,86.11,1.16,TNP_0006,0,2016
2016-05-08 23:00:00+00:00,0.0,0.0,27.26,87.7,1.01,TNP_0006,0,2016
2016-05-09 00:00:00+00:00,8.4,9.95,27.16,88.3,1.05,TNP_0006,0,2016
2016-05-09 01:00:00+00:00,115.12,138.68,27.7,83.42,1.86,TNP_0006,0,2016
2016-05-09 02:00:00+00:00,312.3,355.9,28.77,76.62,2.39,TNP_0006,0,2016
2016-05-09 03:00:00+00:00,536.35,576.92,30.17,67.14,2.63,TNP_0006,0,2016
2016-05-09 04:00:00+00:00,743.62,766.12,31.84,58.03,2.6,TNP_0006,0,2016
2016-05-09 05:00:00+00:00,875.3,891.22,33.64,50.38,2.49,TNP_0006,0,2016
2016-05-09 06:00:00+00:00,849.6,942.6,34.9,44.89,2.45,TNP_0006,0,2016
2016-05-09 07:00:00+00:00,794.25,910.1,35.77,40.71,2.44,TNP_0006,0,2016
2016-05-09 08:00:00+00:00,780.72,810.75,36.21,37.84,2.49,TNP_0006,0,2016
2016-05-09 09:00:00+00:00,636.75,644.67,36.33,36.11,2.66,TNP_0006,0,2016
2016-05-09 10:00:00+00:00,403.38,440.73,36.04,35.7,3.03,TNP_0006,0,2016
2016-05-09 11:00:00+00:00,204.98,224.35,35.26,37.09,3.54,TNP_0006,0,2016
2016-05-09 12:00:00+00:00,42.42,43.8,33.33,45.73,3.39,TNP_0006,0,2016
2016-05-09 13:00:00+00:00,0.0,0.0,31.13,54.91,4.09,TNP_0006,0,2016
2016-05-09 14:00:00+00:00,0.0,0.0,30.18,59.13,5.28,TNP_0006,0,2016
2016-05-09 15:00:00+00:00,0.0,0.0,29.27,65.93,5.65,TNP_0006,0,2016
2016-05-09 16:00:00+00:00,0.0,0.0,28.61,72.28,4.89,TNP_0006,0,2016
2016-05-09 17:00:00+00:00,0.0,0.0,28.18,76.6,3.83,TNP_0006,0,2016
2016-05-09 18:00:00+00:00,0.0,0.0,27.83,79.71,3.0,TNP_0006,0,2016
2016-05-09 19:00:00+00:00,0.0,0.0,27.47,82.49,2.34,TNP_0006,0,2016
2016-05-09 20:00:00+00:00,0.0,0.0,27.08,85.07,1.8,TNP_0006,0,2016
2016-05-09 21:00:00+00:00,0.0,0.0,26.75,87.01,1.39,TNP_0006,0,2016
2016-05-09 22:00:00+00:00,0.0,0.0,26.53,88.12,1.14,TNP_0006,0,2016
2016-05-09 23:00:00+00:00,0.0,0.0,26.39,88.44,0.95,TNP_0006,0,2016
2016-05-10 00:00:00+00:00,10.82,10.98,26.38,88.33,0.7,TNP_0006,0,2016
2016-05-10 01:00:00+00:00,140.05,154.65,27.65,81.75,0.89,TNP_0006,0,2016
2016-05-10 02:00:00+00:00,344.33,390.83,29.49,69.93,1.34,TNP_0006,0,2016
2016-05-10 03:00:00+00:00,547.35,616.88,31.79,53.93,1.74,TNP_0006,0,2016
2016-05-10 04:00:00+00:00,711.45,797.55,33.84,43.28,2.26,TNP_0006,0,2016
2016-05-10 05:00:00+00:00,731.62,917.17,35.5,37.09,2.65,TNP_0006,0,2016
2016-05-10 06:00:00+00:00,828.8,970.72,36.71,33.38,3.03,TNP_0006,0,2016
2016-05-10 07:00:00+00:00,662.65,944.88,37.47,31.24,3.51,TNP_0006,0,2016
2016-05-10 08:00:00+00:00,566.47,847.72,37.77,30.36,4.12,TNP_0006,0,2016
2016-05-10 09:00:00+00:00,338.2,690.65,37.43,31.03,4.72,TNP_0006,0,2016
2016-05-10 10:00:00+00:00,55.53,491.15,36.49,33.37,5.31,TNP_0006,0,2016
2016-05-10 11:00:00+00:00,39.08,255.43,34.66,39.95,5.44,TNP_0006,0,2016
2016-05-10 12:00:00+00:00,12.75,50.0,32.2,50.85,5.2,TNP_0006,0,2016
2016-05-10 13:00:00+00:00,0.0,0.0,30.16,59.14,5.15,TNP_0006,0,2016
2016-05-10 14:00:00+00:00,0.0,0.0,29.15,64.48,4.72,TNP_0006,0,2016
2016-05-10 15:00:00+00:00,0.0,0.0,28.42,69.44,3.83,TNP_0006,0,2016
2016-05-10 16:00:00+00:00,0.0,0.0,27.8,74.36,2.83,TNP_0006,0,2016
2016-05-10 17:00:00+00:00,0.0,0.0,27.31,78.67,2.15,TNP_0006,0,2016
2016-05-10 18:00:00+00:00,0.0,0.0,26.95,81.89,1.73,TNP_0006,0,2016
2016-05-10 19:00:00+00:00,0.0,0.0,26.63,84.18,1.51,TNP_0006,0,2016
2016-05-10 20:00:00+00:00,0.0,0.0,26.36,85.28,1.34,TNP_0006,0,2016
2016-05-10 21:00:00+00:00,0.0,0.0,26.24,85.44,1.05,TNP_0006,0,2016
2016-05-10 22:00:00+00:00,0.0,0.0,26.13,85.77,0.63,TNP_0006,0,2016
2016-05-10 23:00:00+00:00,0.0,0.0,25.89,86.18,0.29,TNP_0006,0,2016
2016-05-11 00:00:00+00:00,7.85,10.75,25.74,87.66,0.17,TNP_0006,0,2016
2016-05-11 01:00:00+00:00,112.4,154.07,27.17,77.78,0.49,TNP_0006,0,2016
2016-05-11 02:00:00+00:00,293.95,387.2,29.1,66.51,1.39,TNP_0006,0,2016
2016-05-11 03:00:00+00:00,581.78,610.33,31.04,55.44,1.79,TNP_0006,0,2016
2016-05-11 04:00:00+00:00,781.62,793.6,32.77,46.99,2.05,TNP_0006,0,2016
2016-05-11 05:00:00+00:00,790.1,916.45,34.23,41.39,2.15,TNP_0006,0,2016
2016-05-11 06:00:00+00:00,867.55,961.1,35.26,38.13,2.28,TNP_0006,0,2016
2016-05-11 07:00:00+00:00,771.72,937.35,35.79,36.48,2.51,TNP_0006,0,2016
2016-05-11 08:00:00+00:00,510.17,840.53,35.59,36.52,2.87,TNP_0006,0,2016
2016-05-11 09:00:00+00:00,325.6,679.75,34.9,37.97,3.22,TNP_0006,0,2016
2016-05-11 10:00:00+00:00,37.8,469.5,33.84,40.81,3.38,TNP_0006,0,2016
2016-05-11 11:00:00+00:00,30.15,241.05,32.52,45.24,3.52,TNP_0006,0,2016
2016-05-11 12:00:00+00:00,9.5,46.7,30.67,54.35,3.23,TNP_0006,0,2016
2016-05-11 13:00:00+00:00,0.0,0.0,28.87,65.23,3.08,TNP_0006,0,2016
2016-05-11 14:00:00+00:00,0.0,0.0,28.13,69.56,3.21,TNP_0006,0,2016
2016-05-11 15:00:00+00:00,0.0,0.0,27.61,73.08,2.94,TNP_0006,0,2016
2016-05-11 16:00:00+00:00,0.0,0.0,27.23,75.72,2.61,TNP_0006,0,2016
2016-05-11 17:00:00+00:00,0.0,0.0,26.87,78.01,2.38,TNP_0006,0,2016
2016-05-11 18:00:00+00:00,0.0,0.0,26.55,79.65,2.29,TNP_0006,0,2016
2016-05-11 19:00:00+00:00,0.0,0.0,26.25,81.04,2.26,TNP_0006,0,2016
2016-05-11 20:00:00+00:00,0.0,0.0,25.98,82.32,2.22,TNP_0006,0,2016
2016-05-11 21:00:00+00:00,0.0,0.0,25.71,83.65,2.19,TNP_0006,0,2016
2016-05-11 22:00:00+00:00,0.0,0.0,25.44,85.0,2.14,TNP_0006,0,2016
2016-05-11 23:00:00+00:00,0.0,0.0,25.23,86.14,2.06,TNP_0006,0,2016
2016-05-12 00:00:00+00:00,8.6,11.77,25.19,86.44,2.02,TNP_0006,0,2016
2016-05-12 01:00:00+00:00,93.72,168.12,26.71,77.78,2.73,TNP_0006,0,2016
2016-05-12 02:00:00+00:00,231.98,405.77,29.75,61.2,2.62,TNP_0006,0,2016
2016-05-12 03:00:00+00:00,391.5,630.6,32.36,48.91,1.86,TNP_0006,0,2016
2016-05-12 04:00:00+00:00,607.85,813.42,34.22,41.37,1.28,TNP_0006,0,2016
2016-05-12 05:00:00+00:00,865.85,934.95,35.55,36.52,0.97,TNP_0006,0,2016
2016-05-12 06:00:00+00:00,901.72,960.62,36.55,33.29,0.93,TNP_0006,0,2016
2016-05-12 07:00:00+00:00,866.72,939.85,37.14,31.46,1.29,TNP_0006,0,2016
2016-05-12 08:00:00+00:00,705.28,845.33,37.12,31.27,1.98,TNP_0006,0,2016
2016-05-12 09:00:00+00:00,601.65,685.97,36.33,32.89,2.52,TNP_0006,0,2016
2016-05-12 10:00:00+00:00,426.02,479.27,35.7,34.49,2.83,TNP_0006,0,2016
2016-05-12 11:00:00+00:00,206.02,248.8,34.94,36.89,3.08,TNP_0006,0,2016
2016-05-12 12:00:00+00:00,40.8,48.58,33.1,47.76,2.63,TNP_0006,0,2016
2016-05-12 13:00:00+00:00,0.0,0.0,30.77,57.83,2.98,TNP_0006,0,2016
2016-05-12 14:00:00+00:00,0.0,0.0,29.96,59.01,3.64,TNP_0006,0,2016
2016-05-12 15:00:00+00:00,0.0,0.0,29.25,61.13,4.18,TNP_0006,0,2016
2016-05-12 16:00:00+00:00,0.0,0.0,28.55,64.28,4.25,TNP_0006,0,2016
2016-05-12 17:00:00+00:00,0.0,0.0,27.94,67.59,4.0,TNP_0006,0,2016
2016-05-12 18:00:00+00:00,0.0,0.0,27.38,70.75,3.66,TNP_0006,0,2016
2016-05-12 19:00:00+00:00,0.0,0.0,26.93,73.2,3.36,TNP_0006,0,2016
2016-05-12 20:00:00+00:00,0.0,0.0,26.52,75.62,3.04,TNP_0006,0,2016
2016-05-12 21:00:00+00:00,0.0,0.0,26.18,77.94,2.54,TNP_0006,0,2016
2016-05-12 22:00:00+00:00,0.0,0.0,25.87,80.51,1.97,TNP_0006,0,2016
2016-05-12 23:00:00+00:00,0.0,0.0,25.65,82.39,1.66,TNP_0006,0,2016
2016-05-13 00:00:00+00:00,11.7,12.12,25.64,83.39,1.55,TNP_0006,0,2016
2016-05-13 01:00:00+00:00,162.35,169.85,27.21,76.47,2.25,TNP_0006,0,2016
2016-05-13 02:00:00+00:00,388.2,403.73,29.78,65.4,2.2,TNP_0006,0,2016
2016-05-13 03:00:00+00:00,619.6,624.85,32.37,53.76,1.65,TNP_0006,0,2016
2016-05-13 04:00:00+00:00,803.92,805.0,34.64,44.57,1.12,TNP_0006,0,2016
2016-05-13 05:00:00+00:00,887.0,926.58,36.62,37.45,0.8,TNP_0006,0,2016
2016-05-13 06:00:00+00:00,960.75,964.42,38.11,32.51,0.77,TNP_0006,0,2016
2016-05-13 07:00:00+00:00,927.45,941.83,39.19,29.37,0.95,TNP_0006,0,2016
2016-05-13 08:00:00+00:00,821.45,848.75,39.76,27.79,1.2,TNP_0006,0,2016
2016-05-13 09:00:00+00:00,647.45,692.08,39.85,27.15,1.6,TNP_0006,0,2016
2016-05-13 10:00:00+00:00,431.88,486.8,39.38,27.44,2.11,TNP_0006,0,2016
2016-05-13 11:00:00+00:00,223.12,257.1,38.32,29.08,2.74,TNP_0006,0,2016
2016-05-13 12:00:00+00:00,45.8,51.75,36.15,37.24,2.96,TNP_0006,0,2016
2016-05-13 13:00:00+00:00,0.0,0.0,33.38,48.7,3.61,TNP_0006,0,2016
2016-05-13 14:00:00+00:00,0.0,0.0,32.08,51.73,4.66,TNP_0006,0,2016
2016-05-13 15:00:00+00:00,0.0,0.0,30.79,57.86,4.94,TNP_0006,0,2016
2016-05-13 16:00:00+00:00,0.0,0.0,29.87,63.46,4.66,TNP_0006,0,2016
2016-05-13 17:00:00+00:00,0.0,0.0,29.2,68.07,3.97,TNP_0006,0,2016
2016-05-13 18:00:00+00:00,0.0,0.0,28.68,71.7,3.23,TNP_0006,0,2016
2016-05-13 19:00:00+00:00,0.0,0.0,28.24,74.48,2.59,TNP_0006,0,2016
2016-05-13 20:00:00+00:00,0.0,0.0,27.82,76.83,2.0,TNP_0006,0,2016
2016-05-13 21:00:00+00:00,0.0,0.0,27.45,78.89,1.49,TNP_0006,0,2016
2016-05-13 22:00:00+00:00,0.0,0.0,27.14,80.53,1.2,TNP_0006,0,2016
2016-05-13 23:00:00+00:00,0.0,0.0,26.9,81.91,1.03,TNP_0006,0,2016
2016-05-14 00:00:00+00:00,10.1,12.0,26.91,82.15,0.97,TNP_0006,0,2016
2016-05-14 01:00:00+00:00,141.4,164.93,28.53,73.71,1.45,TNP_0006,0,2016
2016-05-14 02:00:00+00:00,348.25,393.4,30.52,63.67,1.56,TNP_0006,0,2016
2016-05-14 03:00:00+00:00,590.58,612.72,32.55,54.22,1.33,TNP_0006,0,2016
2016-05-14 04:00:00+00:00,716.47,791.88,34.48,47.33,1.3,TNP_0006,0,2016
2016-05-14 05:00:00+00:00,877.45,911.83,36.1,42.31,1.76,TNP_0006,0,2016
2016-05-14 06:00:00+00:00,838.7,885.0,37.23,38.46,2.43,TNP_0006,0,2016
2016-05-14 07:00:00+00:00,714.85,872.05,37.81,35.73,3.11,TNP_0006,0,2016
2016-05-14 08:00:00+00:00,694.83,780.08,37.89,34.36,3.77,TNP_0006,0,2016
2016-05-14 09:00:00+00:00,551.15,628.53,37.34,34.67,4.48,TNP_0006,0,2016
2016-05-14 10:00:00+00:00,296.2,435.45,36.13,36.88,5.24,TNP_0006,0,2016
2016-05-14 11:00:00+00:00,148.82,219.73,34.82,40.31,5.9,TNP_0006,0,2016
2016-05-14 12:00:00+00:00,32.22,42.8,33.19,45.93,6.16,TNP_0006,0,2016
2016-05-14 13:00:00+00:00,0.0,0.0,31.37,53.48,5.83,TNP_0006,0,2016
2016-05-14 14:00:00+00:00,0.0,0.0,30.28,59.39,5.31,TNP_0006,0,2016
2016-05-14 15:00:00+00:00,0.0,0.0,29.49,64.5,4.54,TNP_0006,0,2016
2016-05-14 16:00:00+00:00,0.0,0.0,28.83,69.43,3.52,TNP_0006,0,2016
2016-05-14 17:00:00+00:00,0.0,0.0,28.24,74.13,2.44,TNP_0006,0,2016
2016-05-14 18:00:00+00:00,0.0,0.0,27.68,78.44,1.46,TNP_0006,0,2016
2016-05-14 19:00:00+00:00,0.0,0.0,27.28,81.04,0.94,TNP_0006,0,2016
2016-05-14 20:00:00+00:00,0.0,0.0,27.06,81.85,0.67,TNP_0006,0,2016
2016-05-14 21:00:00+00:00,0.0,0.0,26.73,83.24,0.66,TNP_0006,0,2016
2016-05-14 22:00:00+00:00,0.0,0.0,26.36,85.03,0.78,TNP_0006,0,2016
2016-05-14 23:00:00+00:00,0.0,0.0,26.07,86.54,0.91,TNP_0006,0,2016
2016-05-15 00:00:00+00:00,11.75,12.65,26.0,86.95,1.01,TNP_0006,0,2016
2016-05-15 01:00:00+00:00,116.7,174.23,27.36,79.69,1.3,TNP_0006,0,2016
2016-05-15 02:00:00+00:00,253.77,410.92,29.25,68.5,1.56,TNP_0006,0,2016
2016-05-15 03:00:00+00:00,338.77,632.0,30.92,58.09,2.42,TNP_0006,0,2016
2016-05-15 04:00:00+00:00,371.88,810.67,32.2,50.64,3.14,TNP_0006,0,2016
2016-05-15 05:00:00+00:00,380.67,930.45,33.29,44.45,3.68,TNP_0006,0,2016
2016-05-15 06:00:00+00:00,363.9,979.97,34.34,39.6,4.01,TNP_0006,0,2016
2016-05-15 07:00:00+00:00,467.35,956.35,35.15,36.3,4.34,TNP_0006,0,2016
2016-05-15 08:00:00+00:00,484.23,861.15,35.25,35.24,4.81,TNP_0006,0,2016
2016-05-15 09:00:00+00:00,354.02,701.75,34.33,37.17,5.24,TNP_0006,0,2016
2016-05-15 10:00:00+00:00,98.4,493.0,32.98,41.63,5.45,TNP_0006,0,2016
2016-05-15 11:00:00+00:00,51.92,261.73,31.27,50.37,5.13,TNP_0006,0,2016
2016-05-15 12:00:00+00:00,11.07,53.47,29.37,63.07,4.01,TNP_0006,0,2016
2016-05-15 13:00:00+00:00,0.0,0.0,28.06,74.13,2.69,TNP_0006,0,2016
2016-05-15 14:00:00+00:00,0.0,0.0,27.61,79.48,1.54,TNP_0006,0,2016
2016-05-15 15:00:00+00:00,0.0,0.0,27.38,81.75,0.93,TNP_0006,0,2016
2016-05-15 16:00:00+00:00,0.0,0.0,27.19,82.65,0.69,TNP_0006,0,2016
2016-05-15 17:00:00+00:00,0.0,0.0,26.91,83.74,0.36,TNP_0006,0,2016
2016-05-15 18:00:00+00:00,0.0,0.0,26.44,86.25,0.4,TNP_0006,0,2016
2016-05-15 19:00:00+00:00,0.0,0.0,25.96,87.92,1.2,TNP_0006,0,2016
2016-05-15 20:00:00+00:00,0.0,0.0,25.61,88.0,1.69,TNP_0006,0,2016
2016-05-15 21:00:00+00:00,0.0,0.0,25.38,88.18,2.01,TNP_0006,0,2016
2016-05-15 22:00:00+00:00,0.0,0.0,25.22,88.49,2.31,TNP_0006,0,2016
2016-05-15 23:00:00+00:00,0.0,0.0,25.1,88.67,2.74,TNP_0006,0,2016
2016-05-16 00:00:00+00:00,1.35,12.6,25.03,88.37,3.27,TNP_0006,0,2016
2016-05-16 01:00:00+00:00,12.25,169.45,25.6,84.93,4.15,TNP_0006,0,2016
2016-05-16 02:00:00+00:00,25.92,400.88,26.77,78.27,4.24,TNP_0006,0,2016
2016-05-16 03:00:00+00:00,40.9,619.4,28.39,67.4,4.58,TNP_0006,0,2016
2016-05-16 04:00:00+00:00,43.72,795.8,29.24,63.05,4.77,TNP_0006,0,2016
2016-05-16 05:00:00+00:00,76.03,912.9,29.58,62.84,4.89,TNP_0006,0,2016
2016-05-16 06:00:00+00:00,186.38,960.97,29.67,64.81,5.04,TNP_0006,0,2016
2016-05-16 07:00:00+00:00,219.8,936.8,29.58,68.13,4.91,TNP_0006,0,2016
2016-05-16 08:00:00+00:00,271.88,844.03,29.53,70.02,4.43,TNP_0006,0,2016
2016-05-16 09:00:00+00:00,192.4,688.95,29.29,71.65,4.09,TNP_0006,0,2016
2016-05-16 10:00:00+00:00,98.12,485.17,28.69,75.78,3.59,TNP_0006,0,2016
2016-05-16 11:00:00+00:00,51.72,256.83,27.87,80.82,3.26,TNP_0006,0,2016
2016-05-16 12:00:00+00:00,11.68,52.55,26.94,87.2,2.75,TNP_0006,0,2016
2016-05-16 13:00:00+00:00,0.0,0.0,26.36,90.74,2.48,TNP_0006,0,2016
2016-05-16 14:00:00+00:00,0.0,0.0,26.2,91.44,2.5,TNP_0006,0,2016
2016-05-16 15:00:00+00:00,0.0,0.0,26.06,91.56,2.6,TNP_0006,0,2016
2016-05-16 16:00:00+00:00,0.0,0.0,25.92,91.24,2.85,TNP_0006,0,2016
2016-05-16 17:00:00+00:00,0.0,0.0,25.78,90.63,3.3,TNP_0006,0,2016
2016-05-16 18:00:00+00:00,0.0,0.0,25.58,89.94,3.75,TNP_0006,0,2016
2016-05-16 19:00:00+00:00,0.0,0.0,25.36,89.53,4.03,TNP_0006,0,2016
2016-05-16 20:00:00+00:00,0.0,0.0,25.15,89.61,4.1,TNP_0006,0,2016
2016-05-16 21:00:00+00:00,0.0,0.0,25.01,89.04,4.01,TNP_0006,0,2016
2016-05-16 22:00:00+00:00,0.0,0.0,24.93,88.53,3.92,TNP_0006,0,2016
2016-05-16 23:00:00+00:00,0.0,0.0,24.86,87.24,4.38,TNP_0006,0,2016
2016-05-17 00:00:00+00:00,1.17,12.27,24.71,86.35,4.72,TNP_0006,0,2016
2016-05-17 01:00:00+00:00,18.1,161.3,25.04,83.34,4.99,TNP_0006,0,2016
2016-05-17 02:00:00+00:00,58.85,384.42,25.79,78.16,5.04,TNP_0006,0,2016
2016-05-17 03:00:00+00:00,143.6,598.42,27.32,66.18,5.65,TNP_0006,0,2016
2016-05-17 04:00:00+00:00,287.95,773.7,29.3,55.63,6.24,TNP_0006,0,2016
2016-05-17 05:00:00+00:00,380.67,889.8,31.12,49.68,6.12,TNP_0006,0,2016
2016-05-17 06:00:00+00:00,397.62,935.1,32.45,45.79,5.75,TNP_0006,0,2016
2016-05-17 07:00:00+00:00,435.6,909.47,33.18,43.17,5.33,TNP_0006,0,2016
2016-05-17 08:00:00+00:00,372.17,812.65,33.44,41.29,5.17,TNP_0006,0,2016
2016-05-17 09:00:00+00:00,299.8,645.97,33.32,40.69,5.0,TNP_0006,0,2016
2016-05-17 10:00:00+00:00,184.05,429.17,32.44,44.1,3.99,TNP_0006,0,2016
2016-05-17 11:00:00+00:00,104.95,208.52,30.99,53.76,2.38,TNP_0006,0,2016
2016-05-17 12:00:00+00:00,19.75,41.03,29.35,67.71,1.45,TNP_0006,0,2016
2016-05-17 13:00:00+00:00,0.0,0.0,28.66,66.92,1.14,TNP_0006,0,2016
2016-05-17 14:00:00+00:00,0.0,0.0,27.64,72.26,1.72,TNP_0006,0,2016
2016-05-17 15:00:00+00:00,0.0,0.0,26.88,73.54,2.44,TNP_0006,0,2016
2016-05-17 16:00:00+00:00,0.0,0.0,26.27,74.4,2.96,TNP_0006,0,2016
2016-05-17 17:00:00+00:00,0.0,0.0,25.68,75.69,3.52,TNP_0006,0,2016
2016-05-17 18:00:00+00:00,0.0,0.0,25.06,77.41,4.97,TNP_0006,0,2016
2016-05-17 19:00:00+00:00,0.0,0.0,24.68,81.29,5.87,TNP_0006,0,2016
2016-05-17 20:00:00+00:00,0.0,0.0,24.53,85.53,5.85,TNP_0006,0,2016
2016-05-17 21:00:00+00:00,0.0,0.0,24.56,88.32,5.38,TNP_0006,0,2016
2016-05-17 22:00:00+00:00,0.0,0.0,24.68,88.89,5.18,TNP_0006,0,2016
2016-05-17 23:00:00+00:00,0.0,0.0,24.67,89.12,4.93,TNP_0006,0,2016
2016-05-18 00:00:00+00:00,5.57,11.45,24.68,88.87,4.62,TNP_0006,0,2016
2016-05-18 01:00:00+00:00,63.67,146.02,25.6,84.34,4.92,TNP_0006,0,2016
2016-05-18 02:00:00+00:00,164.23,362.05,27.38,75.98,5.06,TNP_0006,0,2016
2016-05-18 03:00:00+00:00,262.77,576.88,30.11,64.12,5.32,TNP_0006,0,2016
2016-05-18 04:00:00+00:00,414.5,755.05,32.23,56.55,5.41,TNP_0006,0,2016
2016-05-18 05:00:00+00:00,492.77,873.1,33.33,52.84,5.29,TNP_0006,0,2016
2016-05-18 06:00:00+00:00,510.15,919.35,34.13,49.9,5.34,TNP_0006,0,2016
2016-05-18 07:00:00+00:00,633.65,896.83,34.81,47.28,5.51,TNP_0006,0,2016
2016-05-18 08:00:00+00:00,528.35,801.6,34.76,46.53,5.85,TNP_0006,0,2016
2016-05-18 09:00:00+00:00,333.52,642.22,33.92,48.64,6.21,TNP_0006,0,2016
2016-05-18 10:00:00+00:00,196.32,424.55,33.02,51.46,6.47,TNP_0006,0,2016
2016-05-18 11:00:00+00:00,102.88,205.07,32.07,54.96,6.04,TNP_0006,0,2016
2016-05-18 12:00:00+00:00,23.0,41.3,30.52,62.43,4.56,TNP_0006,0,2016
2016-05-18 13:00:00+00:00,0.0,0.0,28.76,71.42,3.86,TNP_0006,0,2016
2016-05-18 14:00:00+00:00,0.0,0.0,28.16,74.15,4.35,TNP_0006,0,2016
2016-05-18 15:00:00+00:00,0.0,0.0,27.64,76.67,4.89,TNP_0006,0,2016
2016-05-18 16:00:00+00:00,0.0,0.0,27.04,81.1,4.63,TNP_0006,0,2016
2016-05-18 17:00:00+00:00,0.0,0.0,26.54,84.99,4.22,TNP_0006,0,2016
2016-05-18 18:00:00+00:00,0.0,0.0,26.15,87.54,3.67,TNP_0006,0,2016
2016-05-18 19:00:00+00:00,0.0,0.0,25.83,88.95,3.46,TNP_0006,0,2016
2016-05-18 20:00:00+00:00,0.0,0.0,25.55,90.02,3.23,TNP_0006,0,2016
2016-05-18 21:00:00+00:00,0.0,0.0,25.3,91.11,2.7,TNP_0006,0,2016
2016-05-18 22:00:00+00:00,0.0,0.0,25.18,91.93,2.14,TNP_0006,0,2016
2016-05-18 23:00:00+00:00,0.0,0.0,25.24,91.6,1.99,TNP_0006,0,2016
2016-05-19 00:00:00+00:00,10.18,10.43,25.35,90.56,2.2,TNP_0006,0,2016
2016-05-19 01:00:00+00:00,126.7,139.68,25.92,87.51,2.54,TNP_0006,0,2016
2016-05-19 02:00:00+00:00,311.95,350.9,27.19,80.75,3.45,TNP_0006,0,2016
2016-05-19 03:00:00+00:00,524.92,565.6,29.16,69.9,5.53,TNP_0006,0,2016
2016-05-19 04:00:00+00:00,717.3,745.65,30.74,61.65,6.24,TNP_0006,0,2016
2016-05-19 05:00:00+00:00,760.22,870.08,31.87,55.94,6.21,TNP_0006,0,2016
2016-05-19 06:00:00+00:00,731.75,914.85,32.96,51.57,6.05,TNP_0006,0,2016
2016-05-19 07:00:00+00:00,687.88,881.97,34.05,48.27,5.87,TNP_0006,0,2016
2016-05-19 08:00:00+00:00,615.22,784.92,34.37,47.54,5.57,TNP_0006,0,2016
2016-05-19 09:00:00+00:00,490.83,614.88,34.11,48.67,5.28,TNP_0006,0,2016
2016-05-19 10:00:00+00:00,306.52,400.48,33.44,52.01,5.01,TNP_0006,0,2016
2016-05-19 11:00:00+00:00,158.12,196.73,31.98,61.25,4.09,TNP_0006,0,2016
2016-05-19 12:00:00+00:00,34.1,39.15,29.84,74.85,3.24,TNP_0006,0,2016
2016-05-19 13:00:00+00:00,0.0,0.0,28.43,81.88,3.06,TNP_0006,0,2016
2016-05-19 14:00:00+00:00,0.0,0.0,27.93,84.06,3.01,TNP_0006,0,2016
2016-05-19 15:00:00+00:00,0.0,0.0,27.52,85.7,2.79,TNP_0006,0,2016
2016-05-19 16:00:00+00:00,0.0,0.0,27.12,87.52,2.51,TNP_0006,0,2016
2016-05-19 17:00:00+00:00,0.0,0.0,26.74,88.77,2.57,TNP_0006,0,2016
2016-05-19 18:00:00+00:00,0.0,0.0,26.29,90.15,2.75,TNP_0006,0,2016
2016-05-19 19:00:00+00:00,0.0,0.0,25.99,91.61,2.91,TNP_0006,0,2016
2016-05-19 20:00:00+00:00,0.0,0.0,25.77,92.94,2.96,TNP_0006,0,2016
2016-05-19 21:00:00+00:00,0.0,0.0,25.57,94.26,2.76,TNP_0006,0,2016
2016-05-19 22:00:00+00:00,0.0,0.0,25.43,95.12,2.58,TNP_0006,0,2016
2016-05-19 23:00:00+00:00,0.0,0.0,25.3,95.57,2.57,TNP_0006,0,2016
2016-05-20 00:00:00+00:00,2.92,10.55,25.27,95.45,2.74,TNP_0006,0,2016
2016-05-20 01:00:00+00:00,49.97,137.3,25.96,91.65,3.93,TNP_0006,0,2016
2016-05-20 02:00:00+00:00,151.85,352.48,27.16,85.2,4.9,TNP_0006,0,2016
2016-05-20 03:00:00+00:00,363.25,569.85,28.85,73.95,6.22,TNP_0006,0,2016
2016-05-20 04:00:00+00:00,533.3,751.33,30.55,62.22,6.98,TNP_0006,0,2016
2016-05-20 05:00:00+00:00,620.88,874.5,32.09,53.68,7.09,TNP_0006,0,2016
2016-05-20 06:00:00+00:00,791.62,924.88,33.47,47.73,6.97,TNP_0006,0,2016
2016-05-20 07:00:00+00:00,728.12,904.28,34.41,44.12,6.87,TNP_0006,0,2016
2016-05-20 08:00:00+00:00,582.42,808.42,34.74,42.68,6.76,TNP_0006,0,2016
2016-05-20 09:00:00+00:00,517.05,648.17,34.68,42.82,6.4,TNP_0006,0,2016
2016-05-20 10:00:00+00:00,281.15,441.5,34.23,44.96,5.77,TNP_0006,0,2016
2016-05-20 11:00:00+00:00,148.12,219.3,33.19,50.32,4.84,TNP_0006,0,2016
2016-05-20 12:00:00+00:00,33.42,42.83,31.35,58.75,4.0,TNP_0006,0,2016
2016-05-20 13:00:00+00:00,0.0,0.0,29.82,63.49,4.28,TNP_0006,0,2016
2016-05-20 14:00:00+00:00,0.0,0.0,29.16,65.57,4.81,TNP_0006,0,2016
2016-05-20 15:00:00+00:00,0.0,0.0,28.42,68.54,4.99,TNP_0006,0,2016
2016-05-20 16:00:00+00:00,0.0,0.0,27.69,71.88,4.96,TNP_0006,0,2016
2016-05-20 17:00:00+00:00,0.0,0.0,27.07,74.92,4.82,TNP_0006,0,2016
2016-05-20 18:00:00+00:00,0.0,0.0,26.53,77.75,4.79,TNP_0006,0,2016
2016-05-20 19:00:00+00:00,0.0,0.0,26.05,80.25,4.89,TNP_0006,0,2016
2016-05-20 20:00:00+00:00,0.0,0.0,25.62,82.22,4.91,TNP_0006,0,2016
2016-05-20 21:00:00+00:00,0.0,0.0,25.2,83.7,4.56,TNP_0006,0,2016
2016-05-20 22:00:00+00:00,0.0,0.0,24.82,84.67,4.04,TNP_0006,0,2016
2016-05-20 23:00:00+00:00,0.0,0.0,24.53,85.57,3.49,TNP_0006,0,2016
2016-05-21 00:00:00+00:00,9.02,10.02,24.49,85.78,3.2,TNP_0006,0,2016
2016-05-21 01:00:00+00:00,104.32,128.62,25.84,79.36,4.0,TNP_0006,0,2016
2016-05-21 02:00:00+00:00,251.8,333.98,28.13,70.24,5.51,TNP_0006,0,2016
2016-05-21 03:00:00+00:00,452.27,552.78,30.63,60.8,6.57,TNP_0006,0,2016
2016-05-21 04:00:00+00:00,600.62,739.97,33.11,51.56,6.6,TNP_0006,0,2016
2016-05-21 05:00:00+00:00,786.6,858.65,35.35,44.16,6.21,TNP_0006,0,2016
2016-05-21 06:00:00+00:00,895.58,930.72,37.06,39.16,5.77,TNP_0006,0,2016
2016-05-21 07:00:00+00:00,826.62,912.05,38.21,35.97,5.4,TNP_0006,0,2016
2016-05-21 08:00:00+00:00,804.05,817.0,38.82,34.03,5.19,TNP_0006,0,2016
2016-05-21 09:00:00+00:00,636.85,660.4,38.79,33.56,4.85,TNP_0006,0,2016
2016-05-21 10:00:00+00:00,411.42,455.1,38.16,34.99,4.51,TNP_0006,0,2016
2016-05-21 11:00:00+00:00,214.02,230.38,36.96,38.72,4.02,TNP_0006,0,2016
2016-05-21 12:00:00+00:00,46.33,46.8,34.27,52.44,3.05,TNP_0006,0,2016
2016-05-21 13:00:00+00:00,0.0,0.0,32.01,59.76,3.06,TNP_0006,0,2016
2016-05-21 14:00:00+00:00,0.0,0.0,31.07,61.89,3.54,TNP_0006,0,2016
2016-05-21 15:00:00+00:00,0.0,0.0,30.33,64.43,3.98,TNP_0006,0,2016
2016-05-21 16:00:00+00:00,0.0,0.0,29.72,67.37,4.21,TNP_0006,0,2016
2016-05-21 17:00:00+00:00,0.0,0.0,29.18,70.43,4.36,TNP_0006,0,2016
2016-05-21 18:00:00+00:00,0.0,0.0,28.6,73.95,4.34,TNP_0006,0,2016
2016-05-21 19:00:00+00:00,0.0,0.0,28.11,76.89,4.31,TNP_0006,0,2016
2016-05-21 20:00:00+00:00,0.0,0.0,27.73,78.95,4.17,TNP_0006,0,2016
2016-05-21 21:00:00+00:00,0.0,0.0,27.31,81.5,3.6,TNP_0006,0,2016
2016-05-21 22:00:00+00:00,0.0,0.0,26.97,83.5,3.38,TNP_0006,0,2016
2016-05-21 23:00:00+00:00,0.0,0.0,26.73,84.91,3.31,TNP_0006,0,2016
2016-05-22 00:00:00+00:00,11.15,11.15,26.63,85.69,3.31,TNP_0006,0,2016
2016-05-22 01:00:00+00:00,143.5,143.6,27.79,80.45,4.32,TNP_0006,0,2016
2016-05-22 02:00:00+00:00,335.73,335.92,29.86,70.3,5.8,TNP_0006,0,2016
2016-05-22 03:00:00+00:00,564.65,564.92,32.17,58.51,6.53,TNP_0006,0,2016
2016-05-22 04:00:00+00:00,749.95,750.28,34.21,48.86,6.36,TNP_0006,0,2016
2016-05-22 05:00:00+00:00,867.33,876.55,35.93,42.2,5.9,TNP_0006,0,2016
2016-05-22 06:00:00+00:00,948.42,951.62,37.19,38.21,5.49,TNP_0006,0,2016
2016-05-22 07:00:00+00:00,918.4,931.05,37.95,35.92,5.21,TNP_0006,0,2016
2016-05-22 08:00:00+00:00,798.3,838.62,38.3,34.75,4.99,TNP_0006,0,2016
2016-05-22 09:00:00+00:00,663.55,681.75,38.23,34.44,4.79,TNP_0006,0,2016
2016-05-22 10:00:00+00:00,467.23,476.67,37.65,35.52,4.66,TNP_0006,0,2016
2016-05-22 11:00:00+00:00,240.65,249.1,36.54,39.32,4.35,TNP_0006,0,2016
2016-05-22 12:00:00+00:00,50.53,51.78,33.98,51.37,3.2,TNP_0006,0,2016
2016-05-22 13:00:00+00:00,0.0,0.0,31.75,59.6,3.23,TNP_0006,0,2016
2016-05-22 14:00:00+00:00,0.0,0.0,30.89,63.52,3.51,TNP_0006,0,2016
2016-05-22 15:00:00+00:00,0.0,0.0,30.1,67.86,3.75,TNP_0006,0,2016
2016-05-22 16:00:00+00:00,0.0,0.0,29.44,71.5,3.91,TNP_0006,0,2016
2016-05-22 17:00:00+00:00,0.0,0.0,28.93,74.06,4.27,TNP_0006,0,2016
2016-05-22 18:00:00+00:00,0.0,0.0,28.47,76.54,4.88,TNP_0006,0,2016
2016-05-22 19:00:00+00:00,0.0,0.0,27.99,79.54,5.38,TNP_0006,0,2016
2016-05-22 20:00:00+00:00,0.0,0.0,27.59,81.98,5.58,TNP_0006,0,2016
2016-05-22 21:00:00+00:00,0.0,0.0,27.27,83.42,5.5,TNP_0006,0,2016
2016-05-22 22:00:00+00:00,0.0,0.0,26.96,84.42,5.41,TNP_0006,0,2016
2016-05-22 23:00:00+00:00,0.0,0.0,26.67,85.41,5.24,TNP_0006,0,2016
2016-05-23 00:00:00+00:00,11.75,12.1,26.47,86.2,4.99,TNP_0006,0,2016
2016-05-23 01:00:00+00:00,150.5,155.07,27.27,82.36,5.21,TNP_0006,0,2016
2016-05-23 02:00:00+00:00,361.23,377.1,28.99,73.09,6.41,TNP_0006,0,2016
2016-05-23 03:00:00+00:00,590.67,595.35,30.88,62.81,6.8,TNP_0006,0,2016
2016-05-23 04:00:00+00:00,767.55,773.75,32.71,53.38,6.66,TNP_0006,0,2016
2016-05-23 05:00:00+00:00,893.6,894.7,34.4,45.77,6.23,TNP_0006,0,2016
2016-05-23 06:00:00+00:00,939.58,940.67,35.78,40.44,5.65,TNP_0006,0,2016
2016-05-23 07:00:00+00:00,890.35,918.85,36.8,37.1,5.04,TNP_0006,0,2016
2016-05-23 08:00:00+00:00,821.8,825.3,37.34,35.56,4.53,TNP_0006,0,2016
2016-05-23 09:00:00+00:00,664.47,668.2,37.44,35.51,4.05,TNP_0006,0,2016
2016-05-23 10:00:00+00:00,447.25,463.52,37.05,37.15,3.48,TNP_0006,0,2016
2016-05-23 11:00:00+00:00,226.52,239.07,35.83,43.84,2.6,TNP_0006,0,2016
2016-05-23 12:00:00+00:00,47.67,50.12,33.42,58.24,2.19,TNP_0006,0,2016
2016-05-23 13:00:00+00:00,0.0,0.0,31.86,62.91,2.64,TNP_0006,0,2016
2016-05-23 14:00:00+00:00,0.0,0.0,31.17,65.77,3.13,TNP_0006,0,2016
2016-05-23 15:00:00+00:00,0.0,0.0,30.48,69.04,3.55,TNP_0006,0,2016
2016-05-23 16:00:00+00:00,0.0,0.0,29.74,72.13,3.66,TNP_0006,0,2016
2016-05-23 17:00:00+00:00,0.0,0.0,29.14,73.86,3.75,TNP_0006,0,2016
2016-05-23 18:00:00+00:00,0.0,0.0,28.59,75.93,3.77,TNP_0006,0,2016
2016-05-23 19:00:00+00:00,0.0,0.0,28.09,78.08,4.03,TNP_0006,0,2016
2016-05-23 20:00:00+00:00,0.0,0.0,27.62,80.42,4.15,TNP_0006,0,2016
2016-05-23 21:00:00+00:00,0.0,0.0,27.16,82.95,3.76,TNP_0006,0,2016
2016-05-23 22:00:00+00:00,0.0,0.0,26.81,84.95,3.42,TNP_0006,0,2016
2016-05-23 23:00:00+00:00,0.0,0.0,26.53,86.45,3.27,TNP_0006,0,2016
2016-05-24 00:00:00+00:00,11.82,12.23,26.4,87.17,3.24,TNP_0006,0,2016
2016-05-24 01:00:00+00:00,146.15,152.93,27.55,81.28,4.28,TNP_0006,0,2016
2016-05-24 02:00:00+00:00,362.73,373.05,29.41,71.14,5.43,TNP_0006,0,2016
2016-05-24 03:00:00+00:00,589.7,590.95,31.42,59.87,5.86,TNP_0006,0,2016
2016-05-24 04:00:00+00:00,770.42,771.45,33.43,49.7,5.63,TNP_0006,0,2016
2016-05-24 05:00:00+00:00,893.9,894.35,35.21,42.03,5.16,TNP_0006,0,2016
2016-05-24 06:00:00+00:00,968.6,968.97,36.61,37.0,4.71,TNP_0006,0,2016
2016-05-24 07:00:00+00:00,942.0,947.45,37.62,33.87,4.48,TNP_0006,0,2016
2016-05-24 08:00:00+00:00,834.78,855.5,38.31,31.97,4.42,TNP_0006,0,2016
2016-05-24 09:00:00+00:00,678.8,699.53,38.62,31.03,4.41,TNP_0006,0,2016
2016-05-24 10:00:00+00:00,471.6,492.65,38.23,31.7,4.35,TNP_0006,0,2016
2016-05-24 11:00:00+00:00,241.2,259.75,37.09,35.6,4.03,TNP_0006,0,2016
2016-05-24 12:00:00+00:00,51.0,55.22,34.22,48.73,3.11,TNP_0006,0,2016
2016-05-24 13:00:00+00:00,0.0,0.0,32.13,55.26,3.67,TNP_0006,0,2016
2016-05-24 14:00:00+00:00,0.0,0.0,31.55,57.2,4.55,TNP_0006,0,2016
2016-05-24 15:00:00+00:00,0.0,0.0,30.93,60.43,5.37,TNP_0006,0,2016
2016-05-24 16:00:00+00:00,0.0,0.0,30.2,64.48,6.12,TNP_0006,0,2016
2016-05-24 17:00:00+00:00,0.0,0.0,29.46,68.61,6.94,TNP_0006,0,2016
2016-05-24 18:00:00+00:00,0.0,0.0,28.81,72.17,7.28,TNP_0006,0,2016
2016-05-24 19:00:00+00:00,0.0,0.0,28.3,74.72,7.2,TNP_0006,0,2016
2016-05-24 20:00:00+00:00,0.0,0.0,27.94,76.38,7.1,TNP_0006,0,2016
2016-05-24 21:00:00+00:00,0.0,0.0,27.75,76.93,6.45,TNP_0006,0,2016
2016-05-24 22:00:00+00:00,0.0,0.0,27.6,77.13,5.61,TNP_0006,0,2016
2016-05-24 23:00:00+00:00,0.0,0.0,27.46,77.25,4.91,TNP_0006,0,2016
2016-05-25 00:00:00+00:00,12.73,13.3,27.33,77.75,4.16,TNP_0006,0,2016
2016-05-25 01:00:00+00:00,172.18,174.27,28.07,74.18,4.39,TNP_0006,0,2016
2016-05-25 02:00:00+00:00,402.62,407.35,29.47,66.13,5.42,TNP_0006,0,2016
2016-05-25 03:00:00+00:00,627.05,627.28,31.43,55.47,6.55,TNP_0006,0,2016
2016-05-25 04:00:00+00:00,804.62,805.15,34.17,45.06,6.96,TNP_0006,0,2016
2016-05-25 05:00:00+00:00,924.97,925.03,36.59,38.15,6.71,TNP_0006,0,2016
2016-05-25 06:00:00+00:00,968.75,969.33,38.31,34.23,6.15,TNP_0006,0,2016
2016-05-25 07:00:00+00:00,948.9,949.08,39.34,31.97,5.56,TNP_0006,0,2016
2016-05-25 08:00:00+00:00,848.47,853.78,39.8,30.65,5.08,TNP_0006,0,2016
2016-05-25 09:00:00+00:00,655.12,698.05,39.63,30.56,4.9,TNP_0006,0,2016
2016-05-25 10:00:00+00:00,444.88,493.15,38.83,31.96,5.08,TNP_0006,0,2016
2016-05-25 11:00:00+00:00,229.85,263.55,37.16,36.39,5.52,TNP_0006,0,2016
2016-05-25 12:00:00+00:00,49.33,57.47,34.5,46.51,5.71,TNP_0006,0,2016
2016-05-25 13:00:00+00:00,0.0,0.0,32.42,54.02,6.16,TNP_0006,0,2016
2016-05-25 14:00:00+00:00,0.0,0.0,31.26,59.42,5.96,TNP_0006,0,2016
2016-05-25 15:00:00+00:00,0.0,0.0,30.42,63.81,5.57,TNP_0006,0,2016
2016-05-25 16:00:00+00:00,0.0,0.0,29.75,67.31,5.33,TNP_0006,0,2016
2016-05-25 17:00:00+00:00,0.0,0.0,29.16,70.55,5.27,TNP_0006,0,2016
2016-05-25 18:00:00+00:00,0.0,0.0,28.63,73.7,5.3,TNP_0006,0,2016
2016-05-25 19:00:00+00:00,0.0,0.0,28.18,76.61,5.22,TNP_0006,0,2016
2016-05-25 20:00:00+00:00,0.0,0.0,27.82,78.98,5.02,TNP_0006,0,2016
2016-05-25 21:00:00+00:00,0.0,0.0,27.53,80.73,4.46,TNP_0006,0,2016
2016-05-25 22:00:00+00:00,0.0,0.0,27.23,82.55,3.82,TNP_0006,0,2016
2016-05-25 23:00:00+00:00,0.0,0.0,26.95,84.17,3.42,TNP_0006,0,2016
2016-05-26 00:00:00+00:00,10.7,13.15,26.81,85.14,3.19,TNP_0006,0,2016
2016-05-26 01:00:00+00:00,151.82,165.93,28.08,78.66,4.4,TNP_0006,0,2016
2016-05-26 02:00:00+00:00,357.33,390.3,30.14,68.4,5.89,TNP_0006,0,2016
2016-05-26 03:00:00+00:00,598.2,606.28,32.16,59.06,6.47,TNP_0006,0,2016
2016-05-26 04:00:00+00:00,779.58,782.53,33.89,51.65,6.38,TNP_0006,0,2016
2016-05-26 05:00:00+00:00,897.15,901.75,35.34,46.15,6.12,TNP_0006,0,2016
2016-05-26 06:00:00+00:00,963.95,964.4,36.29,42.68,5.88,TNP_0006,0,2016
2016-05-26 07:00:00+00:00,942.6,942.75,36.55,41.25,5.75,TNP_0006,0,2016
2016-05-26 08:00:00+00:00,847.33,852.97,36.39,41.04,5.91,TNP_0006,0,2016
2016-05-26 09:00:00+00:00,681.72,698.38,35.82,42.21,6.17,TNP_0006,0,2016
2016-05-26 10:00:00+00:00,455.67,495.5,35.0,44.49,6.17,TNP_0006,0,2016
2016-05-26 11:00:00+00:00,232.88,260.58,34.02,47.55,5.81,TNP_0006,0,2016
2016-05-26 12:00:00+00:00,52.67,57.4,32.46,53.16,4.53,TNP_0006,0,2016
2016-05-26 13:00:00+00:00,0.0,0.0,30.94,59.09,3.74,TNP_0006,0,2016
2016-05-26 14:00:00+00:00,0.0,0.0,30.37,60.44,3.87,TNP_0006,0,2016
2016-05-26 15:00:00+00:00,0.0,0.0,29.9,61.39,4.22,TNP_0006,0,2016
2016-05-26 16:00:00+00:00,0.0,0.0,29.38,62.98,4.66,TNP_0006,0,2016
2016-05-26 17:00:00+00:00,0.0,0.0,28.81,65.56,4.8,TNP_0006,0,2016
2016-05-26 18:00:00+00:00,0.0,0.0,28.23,69.15,4.65,TNP_0006,0,2016
2016-05-26 19:00:00+00:00,0.0,0.0,27.78,72.85,4.29,TNP_0006,0,2016
2016-05-26 20:00:00+00:00,0.0,0.0,27.42,76.1,3.83,TNP_0006,0,2016
2016-05-26 21:00:00+00:00,0.0,0.0,27.13,78.77,3.05,TNP_0006,0,2016
2016-05-26 22:00:00+00:00,0.0,0.0,26.86,80.94,2.36,TNP_0006,0,2016
2016-05-26 23:00:00+00:00,0.0,0.0,26.61,82.7,2.07,TNP_0006,0,2016
2016-05-27 00:00:00+00:00,10.57,12.88,26.42,83.72,2.22,TNP_0006,0,2016
2016-05-27 01:00:00+00:00,141.62,163.6,26.94,80.0,3.24,TNP_0006,0,2016
2016-05-27 02:00:00+00:00,337.58,387.25,28.19,71.55,4.51,TNP_0006,0,2016
2016-05-27 03:00:00+00:00,594.28,603.45,29.74,62.37,4.75,TNP_0006,0,2016
2016-05-27 04:00:00+00:00,773.67,779.28,31.4,54.62,4.2,TNP_0006,0,2016
2016-05-27 05:00:00+00:00,869.12,897.47,32.76,49.3,3.45,TNP_0006,0,2016
2016-05-27 06:00:00+00:00,911.35,925.78,33.49,46.81,2.81,TNP_0006,0,2016
2016-05-27 07:00:00+00:00,874.85,897.3,33.72,46.17,2.37,TNP_0006,0,2016
2016-05-27 08:00:00+00:00,678.58,801.35,33.66,46.51,2.05,TNP_0006,0,2016
2016-05-27 09:00:00+00:00,405.52,634.92,33.41,47.5,1.73,TNP_0006,0,2016
2016-05-27 10:00:00+00:00,165.62,432.62,32.96,49.17,1.4,TNP_0006,0,2016
2016-05-27 11:00:00+00:00,62.42,213.93,32.13,52.58,1.24,TNP_0006,0,2016
2016-05-27 12:00:00+00:00,16.5,44.58,30.8,61.6,1.42,TNP_0006,0,2016
2016-05-27 13:00:00+00:00,0.0,0.0,29.21,74.87,1.61,TNP_0006,0,2016
2016-05-27 14:00:00+00:00,0.0,0.0,28.56,76.77,1.96,TNP_0006,0,2016
2016-05-27 15:00:00+00:00,0.0,0.0,28.05,77.39,2.37,TNP_0006,0,2016
2016-05-27 16:00:00+00:00,0.0,0.0,27.6,77.75,3.1,TNP_0006,0,2016
2016-05-27 17:00:00+00:00,0.0,0.0,27.31,78.44,4.1,TNP_0006,0,2016
2016-05-27 18:00:00+00:00,0.0,0.0,26.91,81.34,4.7,TNP_0006,0,2016
2016-05-27 19:00:00+00:00,0.0,0.0,26.56,84.43,5.01,TNP_0006,0,2016
2016-05-27 20:00:00+00:00,0.0,0.0,26.31,86.46,5.34,TNP_0006,0,2016
2016-05-27 21:00:00+00:00,0.0,0.0,26.06,87.8,5.37,TNP_0006,0,2016
2016-05-27 22:00:00+00:00,0.0,0.0,25.83,88.51,5.2,TNP_0006,0,2016
2016-05-27 23:00:00+00:00,0.0,0.0,25.71,88.45,4.59,TNP_0006,0,2016
2016-05-28 00:00:00+00:00,10.12,11.38,25.63,88.74,3.64,TNP_0006,0,2016
2016-05-28 01:00:00+00:00,123.07,142.07,26.55,84.25,3.7,TNP_0006,0,2016
2016-05-28 02:00:00+00:00,296.88,354.38,28.4,74.07,5.21,TNP_0006,0,2016
2016-05-28 03:00:00+00:00,529.6,571.3,30.31,64.21,6.2,TNP_0006,0,2016
2016-05-28 04:00:00+00:00,700.65,751.65,31.87,56.89,5.82,TNP_0006,0,2016
2016-05-28 05:00:00+00:00,860.6,875.2,33.09,51.87,4.86,TNP_0006,0,2016
2016-05-28 06:00:00+00:00,938.2,943.65,34.09,48.22,4.13,TNP_0006,0,2016
2016-05-28 07:00:00+00:00,904.5,922.8,34.62,46.18,3.69,TNP_0006,0,2016
2016-05-28 08:00:00+00:00,748.0,830.97,34.83,45.08,3.34,TNP_0006,0,2016
2016-05-28 09:00:00+00:00,596.9,675.22,34.59,45.26,2.97,TNP_0006,0,2016
2016-05-28 10:00:00+00:00,375.9,470.83,34.1,46.74,2.66,TNP_0006,0,2016
2016-05-28 11:00:00+00:00,210.07,244.32,33.25,51.66,2.38,TNP_0006,0,2016
2016-05-28 12:00:00+00:00,48.97,52.35,31.51,63.63,2.18,TNP_0006,0,2016
2016-05-28 13:00:00+00:00,0.0,0.0,29.97,71.82,2.55,TNP_0006,0,2016
2016-05-28 14:00:00+00:00,0.0,0.0,29.35,73.78,3.0,TNP_0006,0,2016
2016-05-28 15:00:00+00:00,0.0,0.0,28.72,76.56,3.23,TNP_0006,0,2016
2016-05-28 16:00:00+00:00,0.0,0.0,28.1,79.8,3.12,TNP_0006,0,2016
2016-05-28 17:00:00+00:00,0.0,0.0,27.54,82.41,3.27,TNP_0006,0,2016
2016-05-28 18:00:00+00:00,0.0,0.0,27.0,84.63,3.74,TNP_0006,0,2016
2016-05-28 19:00:00+00:00,0.0,0.0,26.51,86.87,4.02,TNP_0006,0,2016
2016-05-28 20:00:00+00:00,0.0,0.0,26.22,87.91,4.13,TNP_0006,0,2016
2016-05-28 21:00:00+00:00,0.0,0.0,26.01,88.79,3.81,TNP_0006,0,2016
2016-05-28 22:00:00+00:00,0.0,0.0,25.84,90.01,3.22,TNP_0006,0,2016
2016-05-28 23:00:00+00:00,0.0,0.0,25.72,91.15,2.89,TNP_0006,0,2016
2016-05-29 00:00:00+00:00,11.12,11.93,25.7,91.85,2.73,TNP_0006,0,2016
2016-05-29 01:00:00+00:00,143.38,152.02,26.32,89.27,3.17,TNP_0006,0,2016
2016-05-29 02:00:00+00:00,336.25,370.92,27.38,84.27,3.58,TNP_0006,0,2016
2016-05-29 03:00:00+00:00,580.25,588.55,29.01,74.86,4.64,TNP_0006,0,2016
2016-05-29 04:00:00+00:00,759.58,767.12,30.6,64.79,5.01,TNP_0006,0,2016
2016-05-29 05:00:00+00:00,825.4,889.6,31.95,57.58,4.56,TNP_0006,0,2016
2016-05-29 06:00:00+00:00,925.9,950.97,32.91,53.21,3.88,TNP_0006,0,2016
2016-05-29 07:00:00+00:00,919.83,930.2,33.41,50.86,3.26,TNP_0006,0,2016
2016-05-29 08:00:00+00:00,788.55,838.17,33.61,49.6,2.94,TNP_0006,0,2016
2016-05-29 09:00:00+00:00,676.62,680.05,33.55,49.1,3.03,TNP_0006,0,2016
2016-05-29 10:00:00+00:00,454.27,476.42,33.14,50.05,3.34,TNP_0006,0,2016
2016-05-29 11:00:00+00:00,234.23,249.23,32.2,54.53,3.29,TNP_0006,0,2016
2016-05-29 12:00:00+00:00,50.1,54.08,30.43,63.73,3.01,TNP_0006,0,2016
2016-05-29 13:00:00+00:00,0.0,0.0,28.9,68.51,3.48,TNP_0006,0,2016
2016-05-29 14:00:00+00:00,0.0,0.0,28.19,69.6,4.13,TNP_0006,0,2016
2016-05-29 15:00:00+00:00,0.0,0.0,27.45,71.9,4.21,TNP_0006,0,2016
2016-05-29 16:00:00+00:00,0.0,0.0,26.81,74.09,4.06,TNP_0006,0,2016
2016-05-29 17:00:00+00:00,0.0,0.0,26.27,76.18,3.9,TNP_0006,0,2016
2016-05-29 18:00:00+00:00,0.0,0.0,25.87,77.72,3.92,TNP_0006,0,2016
2016-05-29 19:00:00+00:00,0.0,0.0,25.74,77.6,4.77,TNP_0006,0,2016
2016-05-29 20:00:00+00:00,0.0,0.0,25.74,77.57,5.3,TNP_0006,0,2016
2016-05-29 21:00:00+00:00,0.0,0.0,25.67,78.65,4.96,TNP_0006,0,2016
2016-05-29 22:00:00+00:00,0.0,0.0,25.5,80.61,4.21,TNP_0006,0,2016
2016-05-29 23:00:00+00:00,0.0,0.0,25.29,82.76,3.64,TNP_0006,0,2016
2016-05-30 00:00:00+00:00,11.52,11.57,25.2,84.02,3.35,TNP_0006,0,2016
2016-05-30 01:00:00+00:00,145.5,145.82,26.3,78.6,3.84,TNP_0006,0,2016
2016-05-30 02:00:00+00:00,352.45,353.33,28.13,69.95,4.77,TNP_0006,0,2016
2016-05-30 03:00:00+00:00,572.88,573.05,30.04,61.56,5.12,TNP_0006,0,2016
2016-05-30 04:00:00+00:00,742.67,752.62,31.67,55.16,4.85,TNP_0006,0,2016
2016-05-30 05:00:00+00:00,867.38,871.17,32.91,50.88,4.46,TNP_0006,0,2016
2016-05-30 06:00:00+00:00,945.08,946.0,33.69,48.68,4.1,TNP_0006,0,2016
2016-05-30 07:00:00+00:00,890.45,922.75,33.87,48.41,3.81,TNP_0006,0,2016
2016-05-30 08:00:00+00:00,811.22,827.7,33.57,49.58,3.6,TNP_0006,0,2016
2016-05-30 09:00:00+00:00,631.92,669.5,33.09,51.33,3.4,TNP_0006,0,2016
2016-05-30 10:00:00+00:00,434.7,464.0,32.5,53.71,3.22,TNP_0006,0,2016
2016-05-30 11:00:00+00:00,219.68,241.62,31.67,59.34,2.64,TNP_0006,0,2016
2016-05-30 12:00:00+00:00,49.25,53.65,30.27,70.77,2.11,TNP_0006,0,2016
2016-05-30 13:00:00+00:00,0.0,0.0,28.83,78.96,2.05,TNP_0006,0,2016
2016-05-30 14:00:00+00:00,0.0,0.0,28.24,79.4,2.32,TNP_0006,0,2016
2016-05-30 15:00:00+00:00,0.0,0.0,27.61,80.24,2.75,TNP_0006,0,2016
2016-05-30 16:00:00+00:00,0.0,0.0,26.96,81.26,3.44,TNP_0006,0,2016
2016-05-30 17:00:00+00:00,0.0,0.0,26.33,82.94,4.03,TNP_0006,0,2016
2016-05-30 18:00:00+00:00,0.0,0.0,25.85,84.45,4.6,TNP_0006,0,2016
2016-05-30 19:00:00+00:00,0.0,0.0,25.46,86.47,4.72,TNP_0006,0,2016
2016-05-30 20:00:00+00:00,0.0,0.0,25.22,88.24,4.85,TNP_0006,0,2016
2016-05-30 21:00:00+00:00,0.0,0.0,25.12,89.09,4.95,TNP_0006,0,2016
2016-05-30 22:00:00+00:00,0.0,0.0,25.13,88.69,5.37,TNP_0006,0,2016
2016-05-30 23:00:00+00:00,0.0,0.0,25.15,87.54,5.88,TNP_0006,0,2016
2016-05-31 00:00:00+00:00,8.77,11.45,25.02,87.72,5.44,TNP_0006,0,2016
2016-05-31 01:00:00+00:00,131.75,146.5,25.82,83.09,5.54,TNP_0006,0,2016
2016-05-31 02:00:00+00:00,318.65,361.15,27.89,71.09,6.22,TNP_0006,0,2016
2016-05-31 03:00:00+00:00,562.58,577.75,30.72,54.69,6.71,TNP_0006,0,2016
2016-05-31 04:00:00+00:00,739.58,755.8,33.22,43.0,5.87,TNP_0006,0,2016
2016-05-31 05:00:00+00:00,869.95,873.9,35.12,36.96,4.61,TNP_0006,0,2016
2016-05-31 06:00:00+00:00,937.12,937.38,36.43,33.64,3.4,TNP_0006,0,2016
2016-05-31 07:00:00+00:00,907.67,913.28,37.24,31.64,2.31,TNP_0006,0,2016
2016-05-31 08:00:00+00:00,760.08,820.97,37.53,30.66,1.42,TNP_0006,0,2016
2016-05-31 09:00:00+00:00,632.25,667.75,37.2,31.02,1.03,TNP_0006,0,2016
2016-05-31 10:00:00+00:00,383.38,467.3,36.27,33.07,1.17,TNP_0006,0,2016
2016-05-31 11:00:00+00:00,186.32,244.82,34.86,39.19,1.31,TNP_0006,0,2016
2016-05-31 12:00:00+00:00,41.12,54.85,32.35,55.88,1.41,TNP_0006,0,2016
2016-05-31 13:00:00+00:00,0.0,0.0,30.03,68.9,1.65,TNP_0006,0,2016
2016-05-31 14:00:00+00:00,0.0,0.0,29.08,72.57,1.89,TNP_0006,0,2016
2016-05-31 15:00:00+00:00,0.0,0.0,28.25,75.65,2.42,TNP_0006,0,2016
2016-05-31 16:00:00+00:00,0.0,0.0,27.59,78.32,3.24,TNP_0006,0,2016
2016-05-31 17:00:00+00:00,0.0,0.0,27.0,80.9,3.69,TNP_0006,0,2016
2016-05-31 18:00:00+00:00,0.0,0.0,26.55,82.76,4.12,TNP_0006,0,2016
2016-05-31 19:00:00+00:00,0.0,0.0,26.15,84.94,4.27,TNP_0006,0,2016
2016-05-31 20:00:00+00:00,0.0,0.0,25.85,86.88,4.37,TNP_0006,0,2016
2016-05-31 21:00:00+00:00,0.0,0.0,25.63,88.41,4.25,TNP_0006,0,2016
2016-05-31 22:00:00+00:00,0.0,0.0,25.5,89.37,3.98,TNP_0006,0,2016
2016-05-31 23:00:00+00:00,0.0,0.0,25.38,90.17,3.67,TNP_0006,0,2016
2016-06-01 00:00:00+00:00,11.3,12.12,25.35,90.61,3.33,TNP_0006,0,2016
2016-06-01 01:00:00+00:00,121.8,154.43,26.1,87.16,3.69,TNP_0006,0,2016
2016-06-01 02:00:00+00:00,290.25,374.6,27.55,80.9,4.33,TNP_0006,0,2016
2016-06-01 03:00:00+00:00,514.53,591.38,29.16,73.17,5.29,TNP_0006,0,2016
2016-06-01 04:00:00+00:00,753.58,769.3,30.65,65.19,5.33,TNP_0006,0,2016
2016-06-01 05:00:00+00:00,873.0,890.53,31.93,58.64,5.06,TNP_0006,0,2016
2016-06-01 06:00:00+00:00,932.17,939.53,32.93,53.92,4.75,TNP_0006,0,2016
2016-06-01 07:00:00+00:00,874.33,920.17,33.57,50.72,4.59,TNP_0006,0,2016
2016-06-01 08:00:00+00:00,818.42,830.22,33.8,48.88,4.39,TNP_0006,0,2016
2016-06-01 09:00:00+00:00,628.3,677.8,33.76,48.07,4.07,TNP_0006,0,2016
2016-06-01 10:00:00+00:00,427.8,477.62,33.43,48.33,3.81,TNP_0006,0,2016
2016-06-01 11:00:00+00:00,222.93,254.15,32.65,51.99,3.22,TNP_0006,0,2016
2016-06-01 12:00:00+00:00,52.08,57.2,30.81,64.73,2.31,TNP_0006,0,2016
2016-06-01 13:00:00+00:00,0.0,0.0,29.21,71.76,2.34,TNP_0006,0,2016
2016-06-01 14:00:00+00:00,0.0,0.0,28.72,72.85,2.53,TNP_0006,0,2016
2016-06-01 15:00:00+00:00,0.0,0.0,28.19,74.68,2.96,TNP_0006,0,2016
2016-06-01 16:00:00+00:00,0.0,0.0,27.54,78.01,3.4,TNP_0006,0,2016
2016-06-01 17:00:00+00:00,0.0,0.0,26.97,80.87,3.86,TNP_0006,0,2016
2016-06-01 18:00:00+00:00,0.0,0.0,26.44,83.26,4.31,TNP_0006,0,2016
2016-06-01 19:00:00+00:00,0.0,0.0,25.98,85.64,4.71,TNP_0006,0,2016
2016-06-01 20:00:00+00:00,0.0,0.0,25.65,87.57,4.95,TNP_0006,0,2016
2016-06-01 21:00:00+00:00,0.0,0.0,25.45,88.55,4.85,TNP_0006,0,2016
2016-06-01 22:00:00+00:00,0.0,0.0,25.26,89.08,4.64,TNP_0006,0,2016
2016-06-01 23:00:00+00:00,0.0,0.0,25.09,89.43,4.38,TNP_0006,0,2016
2016-06-02 00:00:00+00:00,11.15,12.15,24.99,89.42,4.14,TNP_0006,0,2016
2016-06-02 01:00:00+00:00,149.2,156.48,25.65,85.98,4.31,TNP_0006,0,2016
2016-06-02 02:00:00+00:00,360.42,377.1,27.04,78.18,4.89,TNP_0006,0,2016
2016-06-02 03:00:00+00:00,586.42,592.35,28.66,69.48,5.32,TNP_0006,0,2016
2016-06-02 04:00:00+00:00,767.47,768.62,30.24,62.15,5.18,TNP_0006,0,2016
2016-06-02 05:00:00+00:00,880.85,888.25,31.48,56.93,4.92,TNP_0006,0,2016
2016-06-02 06:00:00+00:00,916.95,929.55,32.29,53.79,4.62,TNP_0006,0,2016
2016-06-02 07:00:00+00:00,876.35,909.33,32.83,51.73,4.38,TNP_0006,0,2016
2016-06-02 08:00:00+00:00,763.4,819.4,33.01,50.99,4.09,TNP_0006,0,2016
2016-06-02 09:00:00+00:00,559.5,663.4,32.79,51.44,3.84,TNP_0006,0,2016
2016-06-02 10:00:00+00:00,372.77,461.05,32.33,52.77,3.67,TNP_0006,0,2016
2016-06-02 11:00:00+00:00,171.77,238.9,31.58,56.21,3.23,TNP_0006,0,2016
2016-06-02 12:00:00+00:00,43.25,52.97,30.11,67.11,2.1,TNP_0006,0,2016
2016-06-02 13:00:00+00:00,0.0,0.0,28.62,75.9,1.87,TNP_0006,0,2016
2016-06-02 14:00:00+00:00,0.0,0.0,28.29,77.21,1.71,TNP_0006,0,2016
2016-06-02 15:00:00+00:00,0.0,0.0,27.98,77.99,1.66,TNP_0006,0,2016
2016-06-02 16:00:00+00:00,0.0,0.0,27.4,79.5,2.07,TNP_0006,0,2016
2016-06-02 17:00:00+00:00,0.0,0.0,26.96,79.73,2.68,TNP_0006,0,2016
2016-06-02 18:00:00+00:00,0.0,0.0,26.59,80.56,3.28,TNP_0006,0,2016
2016-06-02 19:00:00+00:00,0.0,0.0,26.25,82.14,3.73,TNP_0006,0,2016
2016-06-02 20:00:00+00:00,0.0,0.0,25.9,84.28,3.93,TNP_0006,0,2016
2016-06-02 21:00:00+00:00,0.0,0.0,25.56,86.49,3.5,TNP_0006,0,2016
2016-06-02 22:00:00+00:00,0.0,0.0,25.22,88.55,2.93,TNP_0006,0,2016
2016-06-02 23:00:00+00:00,0.0,0.0,24.95,89.92,2.61,TNP_0006,0,2016
2016-06-03 00:00:00+00:00,8.95,11.4,24.89,89.98,2.71,TNP_0006,0,2016
2016-06-03 01:00:00+00:00,107.82,142.57,25.98,83.65,3.77,TNP_0006,0,2016
2016-06-03 02:00:00+00:00,285.48,357.33,27.93,72.45,4.73,TNP_0006,0,2016
2016-06-03 03:00:00+00:00,497.5,571.3,30.07,62.57,5.02,TNP_0006,0,2016
2016-06-03 04:00:00+00:00,644.7,745.88,32.05,55.12,4.75,TNP_0006,0,2016
2016-06-03 05:00:00+00:00,807.88,868.03,33.71,49.12,4.41,TNP_0006,0,2016
2016-06-03 06:00:00+00:00,801.65,922.15,34.86,44.93,4.0,TNP_0006,0,2016
2016-06-03 07:00:00+00:00,786.95,901.7,35.49,42.26,3.56,TNP_0006,0,2016
2016-06-03 08:00:00+00:00,703.12,808.03,35.72,40.82,3.19,TNP_0006,0,2016
2016-06-03 09:00:00+00:00,584.25,653.58,35.47,40.5,2.84,TNP_0006,0,2016
2016-06-03 10:00:00+00:00,380.3,451.52,34.92,41.26,2.52,TNP_0006,0,2016
2016-06-03 11:00:00+00:00,193.48,230.7,34.03,44.61,2.19,TNP_0006,0,2016
2016-06-03 12:00:00+00:00,49.25,52.4,32.34,56.73,1.68,TNP_0006,0,2016
2016-06-03 13:00:00+00:00,0.0,0.0,30.37,67.24,1.98,TNP_0006,0,2016
2016-06-03 14:00:00+00:00,0.0,0.0,29.61,67.19,2.42,TNP_0006,0,2016
2016-06-03 15:00:00+00:00,0.0,0.0,29.04,66.96,3.31,TNP_0006,0,2016
2016-06-03 16:00:00+00:00,0.0,0.0,28.42,69.04,4.35,TNP_0006,0,2016
2016-06-03 17:00:00+00:00,0.0,0.0,27.62,73.55,4.86,TNP_0006,0,2016
2016-06-03 18:00:00+00:00,0.0,0.0,26.85,77.96,5.06,TNP_0006,0,2016
2016-06-03 19:00:00+00:00,0.0,0.0,26.25,80.94,5.02,TNP_0006,0,2016
2016-06-03 20:00:00+00:00,0.0,0.0,25.81,82.83,4.9,TNP_0006,0,2016
2016-06-03 21:00:00+00:00,0.0,0.0,25.49,84.11,4.24,TNP_0006,0,2016
2016-06-03 22:00:00+00:00,0.0,0.0,25.2,85.43,3.51,TNP_0006,0,2016
2016-06-03 23:00:00+00:00,0.0,0.0,24.98,86.49,2.99,TNP_0006,0,2016
2016-06-04 00:00:00+00:00,11.68,11.8,25.01,86.41,2.85,TNP_0006,0,2016
2016-06-04 01:00:00+00:00,143.3,148.07,26.25,79.9,3.73,TNP_0006,0,2016
2016-06-04 02:00:00+00:00,349.95,361.17,28.29,69.13,4.89,TNP_0006,0,2016
2016-06-04 03:00:00+00:00,572.0,575.62,30.48,58.51,5.0,TNP_0006,0,2016
2016-06-04 04:00:00+00:00,732.92,752.35,32.61,49.97,4.39,TNP_0006,0,2016
2016-06-04 05:00:00+00:00,850.35,873.1,34.26,44.66,3.62,TNP_0006,0,2016
2016-06-04 06:00:00+00:00,898.28,903.17,35.19,42.18,3.01,TNP_0006,0,2016
2016-06-04 07:00:00+00:00,848.47,882.58,35.51,41.26,2.64,TNP_0006,0,2016
2016-06-04 08:00:00+00:00,726.62,790.1,35.46,41.29,2.4,TNP_0006,0,2016
2016-06-04 09:00:00+00:00,484.33,633.95,34.98,42.65,2.24,TNP_0006,0,2016
2016-06-04 10:00:00+00:00,289.38,432.58,34.37,45.15,2.12,TNP_0006,0,2016
2016-06-04 11:00:00+00:00,108.15,218.82,33.36,50.79,1.9,TNP_0006,0,2016
2016-06-04 12:00:00+00:00,23.83,49.83,31.64,64.09,1.58,TNP_0006,0,2016
2016-06-04 13:00:00+00:00,0.0,0.0,30.25,70.0,1.62,TNP_0006,0,2016
2016-06-04 14:00:00+00:00,0.0,0.0,29.52,71.74,1.68,TNP_0006,0,2016
2016-06-04 15:00:00+00:00,0.0,0.0,28.8,74.3,1.78,TNP_0006,0,2016
2016-06-04 16:00:00+00:00,0.0,0.0,28.11,76.84,2.06,TNP_0006,0,2016
2016-06-04 17:00:00+00:00,0.0,0.0,27.46,79.21,2.53,TNP_0006,0,2016
2016-06-04 18:00:00+00:00,0.0,0.0,26.91,81.27,3.1,TNP_0006,0,2016
2016-06-04 19:00:00+00:00,0.0,0.0,26.5,83.06,3.65,TNP_0006,0,2016
2016-06-04 20:00:00+00:00,0.0,0.0,26.23,84.38,4.27,TNP_0006,0,2016
2016-06-04 21:00:00+00:00,0.0,0.0,26.03,85.59,4.25,TNP_0006,0,2016
2016-06-04 22:00:00+00:00,0.0,0.0,25.8,87.26,3.48,TNP_0006,0,2016
2016-06-04 23:00:00+00:00,0.0,0.0,25.59,88.99,2.77,TNP_0006,0,2016
2016-06-05 00:00:00+00:00,9.77,10.15,25.51,89.94,2.33,TNP_0006,0,2016
2016-06-05 01:00:00+00:00,119.78,122.82,26.36,85.41,3.03,TNP_0006,0,2016
2016-06-05 02:00:00+00:00,307.55,315.8,28.12,75.66,3.89,TNP_0006,0,2016
2016-06-05 03:00:00+00:00,534.85,534.9,30.17,62.81,4.66,TNP_0006,0,2016
2016-06-05 04:00:00+00:00,706.35,707.1,32.1,51.59,4.91,TNP_0006,0,2016
2016-06-05 05:00:00+00:00,801.83,830.9,33.82,44.45,4.87,TNP_0006,0,2016
2016-06-05 06:00:00+00:00,931.88,950.38,35.22,39.99,4.71,TNP_0006,0,2016
2016-06-05 07:00:00+00:00,853.2,930.42,36.17,37.17,4.62,TNP_0006,0,2016
2016-06-05 08:00:00+00:00,623.55,840.58,36.6,35.61,4.61,TNP_0006,0,2016
2016-06-05 09:00:00+00:00,479.2,687.95,36.5,35.3,4.62,TNP_0006,0,2016
2016-06-05 10:00:00+00:00,257.5,487.8,35.88,36.72,4.67,TNP_0006,0,2016
2016-06-05 11:00:00+00:00,138.82,264.25,34.48,42.22,4.25,TNP_0006,0,2016
2016-06-05 12:00:00+00:00,34.75,61.75,31.86,56.38,3.24,TNP_0006,0,2016
2016-06-05 13:00:00+00:00,0.0,0.0,29.77,64.8,3.48,TNP_0006,0,2016
2016-06-05 14:00:00+00:00,0.0,0.0,28.9,68.08,3.97,TNP_0006,0,2016
2016-06-05 15:00:00+00:00,0.0,0.0,28.16,71.41,4.32,TNP_0006,0,2016
2016-06-05 16:00:00+00:00,0.0,0.0,27.47,74.79,4.37,TNP_0006,0,2016
2016-06-05 17:00:00+00:00,0.0,0.0,26.84,77.79,4.31,TNP_0006,0,2016
2016-06-05 18:00:00+00:00,0.0,0.0,26.28,80.18,4.33,TNP_0006,0,2016
2016-06-05 19:00:00+00:00,0.0,0.0,25.77,82.54,4.13,TNP_0006,0,2016
2016-06-05 20:00:00+00:00,0.0,0.0,25.36,84.61,3.85,TNP_0006,0,2016
2016-06-05 21:00:00+00:00,0.0,0.0,25.01,86.81,3.21,TNP_0006,0,2016
2016-06-05 22:00:00+00:00,0.0,0.0,24.73,88.78,2.61,TNP_0006,0,2016
2016-06-05 23:00:00+00:00,0.0,0.0,24.55,90.09,2.27,TNP_0006,0,2016
2016-06-06 00:00:00+00:00,11.43,13.07,24.57,90.25,2.27,TNP_0006,0,2016
2016-06-06 01:00:00+00:00,150.62,169.3,25.61,84.43,3.19,TNP_0006,0,2016
2016-06-06 02:00:00+00:00,363.62,394.88,27.45,75.42,4.43,TNP_0006,0,2016
2016-06-06 03:00:00+00:00,588.62,609.28,29.42,65.61,5.42,TNP_0006,0,2016
2016-06-06 04:00:00+00:00,775.67,783.95,31.16,57.21,5.54,TNP_0006,0,2016
2016-06-06 05:00:00+00:00,898.35,902.28,32.85,50.08,5.34,TNP_0006,0,2016
2016-06-06 06:00:00+00:00,936.55,945.62,34.5,44.06,5.09,TNP_0006,0,2016
2016-06-06 07:00:00+00:00,885.2,927.78,35.83,39.67,4.9,TNP_0006,0,2016
2016-06-06 08:00:00+00:00,764.17,839.92,36.55,37.2,4.8,TNP_0006,0,2016
2016-06-06 09:00:00+00:00,574.05,690.4,36.55,36.52,4.78,TNP_0006,0,2016
2016-06-06 10:00:00+00:00,355.33,492.95,35.84,37.67,4.8,TNP_0006,0,2016
2016-06-06 11:00:00+00:00,178.23,269.9,34.54,42.02,4.39,TNP_0006,0,2016
2016-06-06 12:00:00+00:00,40.0,65.1,32.44,52.58,3.16,TNP_0006,0,2016
2016-06-06 13:00:00+00:00,0.0,0.0,30.75,59.36,3.19,TNP_0006,0,2016
2016-06-06 14:00:00+00:00,0.0,0.0,30.11,60.62,3.85,TNP_0006,0,2016
2016-06-06 15:00:00+00:00,0.0,0.0,29.44,62.72,4.47,TNP_0006,0,2016
2016-06-06 16:00:00+00:00,0.0,0.0,28.61,66.6,4.41,TNP_0006,0,2016
2016-06-06 17:00:00+00:00,0.0,0.0,27.85,71.32,3.86,TNP_0006,0,2016
2016-06-06 18:00:00+00:00,0.0,0.0,27.28,75.07,3.69,TNP_0006,0,2016
2016-06-06 19:00:00+00:00,0.0,0.0,26.78,78.76,3.47,TNP_0006,0,2016
2016-06-06 20:00:00+00:00,0.0,0.0,26.37,81.99,3.2,TNP_0006,0,2016
2016-06-06 21:00:00+00:00,0.0,0.0,26.06,84.72,2.8,TNP_0006,0,2016
2016-06-06 22:00:00+00:00,0.0,0.0,25.83,86.81,2.5,TNP_0006,0,2016
2016-06-06 23:00:00+00:00,0.0,0.0,25.64,88.52,2.32,TNP_0006,0,2016
2016-06-07 00:00:00+00:00,12.07,12.43,25.59,89.44,2.29,TNP_0006,0,2016
2016-06-07 01:00:00+00:00,153.77,162.7,26.29,86.28,3.07,TNP_0006,0,2016
2016-06-07 02:00:00+00:00,356.95,386.77,27.68,80.45,4.16,TNP_0006,0,2016
2016-06-07 03:00:00+00:00,568.53,600.83,29.12,73.42,4.79,TNP_0006,0,2016
2016-06-07 04:00:00+00:00,734.55,776.28,30.24,67.71,5.01,TNP_0006,0,2016
2016-06-07 05:00:00+00:00,772.85,895.25,31.09,63.19,5.11,TNP_0006,0,2016
2016-06-07 06:00:00+00:00,681.22,912.35,31.7,59.89,5.16,TNP_0006,0,2016
2016-06-07 07:00:00+00:00,709.45,896.22,32.23,57.29,5.17,TNP_0006,0,2016
2016-06-07 08:00:00+00:00,648.42,808.9,32.49,55.74,5.12,TNP_0006,0,2016
2016-06-07 09:00:00+00:00,430.6,659.25,32.47,55.56,4.71,TNP_0006,0,2016
2016-06-07 10:00:00+00:00,88.78,462.67,32.11,57.15,4.04,TNP_0006,0,2016
2016-06-07 11:00:00+00:00,54.78,245.32,31.36,62.65,2.79,TNP_0006,0,2016
2016-06-07 12:00:00+00:00,16.73,56.75,30.05,73.78,2.08,TNP_0006,0,2016
2016-06-07 13:00:00+00:00,0.0,0.0,28.91,79.06,2.3,TNP_0006,0,2016
2016-06-07 14:00:00+00:00,0.0,0.0,28.41,80.68,2.43,TNP_0006,0,2016
2016-06-07 15:00:00+00:00,0.0,0.0,28.0,82.23,2.57,TNP_0006,0,2016
2016-06-07 16:00:00+00:00,0.0,0.0,27.64,83.8,2.68,TNP_0006,0,2016
2016-06-07 17:00:00+00:00,0.0,0.0,27.28,85.68,2.72,TNP_0006,0,2016
2016-06-07 18:00:00+00:00,0.0,0.0,26.93,87.6,2.69,TNP_0006,0,2016
2016-06-07 19:00:00+00:00,0.0,0.0,26.61,89.0,2.75,TNP_0006,0,2016
2016-06-07 20:00:00+00:00,0.0,0.0,26.33,90.03,2.77,TNP_0006,0,2016
2016-06-07 21:00:00+00:00,0.0,0.0,26.06,90.81,2.7,TNP_0006,0,2016
2016-06-07 22:00:00+00:00,0.0,0.0,25.83,91.48,2.54,TNP_0006,0,2016
2016-06-07 23:00:00+00:00,0.0,0.0,25.61,92.28,2.33,TNP_0006,0,2016
2016-06-08 00:00:00+00:00,7.35,11.9,25.55,92.51,2.21,TNP_0006,0,2016
2016-06-08 01:00:00+00:00,72.3,155.27,26.36,88.12,2.97,TNP_0006,0,2016
2016-06-08 02:00:00+00:00,185.7,376.98,27.74,80.98,3.68,TNP_0006,0,2016
2016-06-08 03:00:00+00:00,339.75,590.1,29.32,73.23,4.78,TNP_0006,0,2016
2016-06-08 04:00:00+00:00,524.62,762.9,30.63,66.57,5.65,TNP_0006,0,2016
2016-06-08 05:00:00+00:00,664.22,880.67,31.75,60.41,6.18,TNP_0006,0,2016
2016-06-08 06:00:00+00:00,674.85,919.15,32.72,54.62,6.5,TNP_0006,0,2016
2016-06-08 07:00:00+00:00,521.42,899.1,33.41,49.78,6.58,TNP_0006,0,2016
2016-06-08 08:00:00+00:00,511.95,809.22,33.83,46.51,6.61,TNP_0006,0,2016
2016-06-08 09:00:00+00:00,469.58,661.08,33.81,45.39,6.46,TNP_0006,0,2016
2016-06-08 10:00:00+00:00,297.58,468.62,33.32,46.27,6.14,TNP_0006,0,2016
2016-06-08 11:00:00+00:00,156.88,256.23,32.34,49.58,5.5,TNP_0006,0,2016
2016-06-08 12:00:00+00:00,39.38,62.22,30.47,57.02,4.55,TNP_0006,0,2016
2016-06-08 13:00:00+00:00,0.0,0.0,28.75,63.67,4.3,TNP_0006,0,2016
2016-06-08 14:00:00+00:00,0.0,0.0,27.86,67.7,4.28,TNP_0006,0,2016
2016-06-08 15:00:00+00:00,0.0,0.0,27.12,72.01,4.19,TNP_0006,0,2016
2016-06-08 16:00:00+00:00,0.0,0.0,26.55,75.79,4.01,TNP_0006,0,2016
2016-06-08 17:00:00+00:00,0.0,0.0,26.02,79.36,3.71,TNP_0006,0,2016
2016-06-08 18:00:00+00:00,0.0,0.0,25.53,82.33,3.53,TNP_0006,0,2016
2016-06-08 19:00:00+00:00,0.0,0.0,25.06,84.96,3.47,TNP_0006,0,2016
2016-06-08 20:00:00+00:00,0.0,0.0,24.56,87.6,3.36,TNP_0006,0,2016
2016-06-08 21:00:00+00:00,0.0,0.0,24.08,89.94,3.08,TNP_0006,0,2016
2016-06-08 22:00:00+00:00,0.0,0.0,23.67,91.88,2.87,TNP_0006,0,2016
2016-06-08 23:00:00+00:00,0.0,0.0,23.3,93.71,2.63,TNP_0006,0,2016
2016-06-09 00:00:00+00:00,7.7,11.0,23.24,94.0,2.57,TNP_0006,0,2016
2016-06-09 01:00:00+00:00,89.15,142.35,24.89,85.21,3.5,TNP_0006,0,2016
2016-06-09 02:00:00+00:00,233.1,356.1,27.6,70.28,4.49,TNP_0006,0,2016
2016-06-09 03:00:00+00:00,439.85,570.92,30.5,56.16,5.38,TNP_0006,0,2016
2016-06-09 04:00:00+00:00,540.75,744.12,32.81,48.15,5.84,TNP_0006,0,2016
2016-06-09 05:00:00+00:00,653.33,867.62,34.45,44.15,6.24,TNP_0006,0,2016
2016-06-09 06:00:00+00:00,743.38,891.78,35.35,42.29,6.7,TNP_0006,0,2016
2016-06-09 07:00:00+00:00,740.9,868.9,35.51,41.8,7.14,TNP_0006,0,2016
2016-06-09 08:00:00+00:00,563.05,771.55,35.13,42.32,7.42,TNP_0006,0,2016
2016-06-09 09:00:00+00:00,390.17,615.83,34.5,43.58,7.45,TNP_0006,0,2016
2016-06-09 10:00:00+00:00,316.75,422.85,33.63,45.95,7.22,TNP_0006,0,2016
2016-06-09 11:00:00+00:00,157.7,219.15,32.41,50.42,6.41,TNP_0006,0,2016
2016-06-09 12:00:00+00:00,42.7,52.38,30.75,57.72,5.02,TNP_0006,0,2016
2016-06-09 13:00:00+00:00,0.0,0.0,29.32,64.35,4.31,TNP_0006,0,2016
2016-06-09 14:00:00+00:00,0.0,0.0,28.59,68.57,3.82,TNP_0006,0,2016
2016-06-09 15:00:00+00:00,0.0,0.0,27.93,72.95,3.32,TNP_0006,0,2016
2016-06-09 16:00:00+00:00,0.0,0.0,27.41,76.41,3.17,TNP_0006,0,2016
2016-06-09 17:00:00+00:00,0.0,0.0,26.94,79.7,3.04,TNP_0006,0,2016
2016-06-09 18:00:00+00:00,0.0,0.0,26.54,82.52,2.9,TNP_0006,0,2016
2016-06-09 19:00:00+00:00,0.0,0.0,26.24,84.57,3.04,TNP_0006,0,2016
2016-06-09 20:00:00+00:00,0.0,0.0,26.11,85.64,3.73,TNP_0006,0,2016
2016-06-09 21:00:00+00:00,0.0,0.0,25.93,86.82,3.67,TNP_0006,0,2016
2016-06-09 22:00:00+00:00,0.0,0.0,25.55,88.44,3.04,TNP_0006,0,2016
2016-06-09 23:00:00+00:00,0.0,0.0,25.19,89.09,2.79,TNP_0006,0,2016
2016-06-10 00:00:00+00:00,7.78,11.73,25.04,88.53,2.83,TNP_0006,0,2016
2016-06-10 01:00:00+00:00,97.32,154.73,25.95,82.4,3.73,TNP_0006,0,2016
2016-06-10 02:00:00+00:00,254.45,373.98,27.56,69.75,4.94,TNP_0006,0,2016
2016-06-10 03:00:00+00:00,524.25,586.75,29.43,57.04,6.23,TNP_0006,0,2016
2016-06-10 04:00:00+00:00,714.2,761.58,31.18,48.09,6.94,TNP_0006,0,2016
2016-06-10 05:00:00+00:00,845.67,882.33,32.77,41.88,7.28,TNP_0006,0,2016
2016-06-10 06:00:00+00:00,778.35,947.0,34.13,37.76,7.33,TNP_0006,0,2016
2016-06-10 07:00:00+00:00,858.67,926.62,35.04,35.61,7.32,TNP_0006,0,2016
2016-06-10 08:00:00+00:00,683.9,836.45,35.47,35.02,7.37,TNP_0006,0,2016
2016-06-10 09:00:00+00:00,426.67,682.3,35.31,36.0,7.47,TNP_0006,0,2016
2016-06-10 10:00:00+00:00,357.62,481.7,34.71,38.45,7.77,TNP_0006,0,2016
2016-06-10 11:00:00+00:00,184.55,261.35,33.49,43.04,7.93,TNP_0006,0,2016
2016-06-10 12:00:00+00:00,47.97,64.38,31.57,50.05,7.36,TNP_0006,0,2016
2016-06-10 13:00:00+00:00,0.0,0.0,29.67,57.39,6.62,TNP_0006,0,2016
2016-06-10 14:00:00+00:00,0.0,0.0,28.66,62.08,6.46,TNP_0006,0,2016
2016-06-10 15:00:00+00:00,0.0,0.0,27.8,66.59,6.22,TNP_0006,0,2016
2016-06-10 16:00:00+00:00,0.0,0.0,27.11,70.65,5.88,TNP_0006,0,2016
2016-06-10 17:00:00+00:00,0.0,0.0,26.58,73.78,5.62,TNP_0006,0,2016
2016-06-10 18:00:00+00:00,0.0,0.0,26.13,76.27,5.32,TNP_0006,0,2016
2016-06-10 19:00:00+00:00,0.0,0.0,25.68,78.72,4.94,TNP_0006,0,2016
2016-06-10 20:00:00+00:00,0.0,0.0,25.24,81.03,4.71,TNP_0006,0,2016
2016-06-10 21:00:00+00:00,0.0,0.0,24.78,83.56,4.29,TNP_0006,0,2016
2016-06-10 22:00:00+00:00,0.0,0.0,24.39,85.86,4.23,TNP_0006,0,2016
2016-06-10 23:00:00+00:00,0.0,0.0,24.07,87.62,4.21,TNP_0006,0,2016
2016-06-11 00:00:00+00:00,7.88,11.95,23.96,88.28,4.19,TNP_0006,0,2016
2016-06-11 01:00:00+00:00,131.68,161.93,25.44,80.45,5.2,TNP_0006,0,2016
2016-06-11 02:00:00+00:00,338.65,384.75,27.83,67.78,6.6,TNP_0006,0,2016
2016-06-11 03:00:00+00:00,594.42,598.95,29.82,58.07,7.3,TNP_0006,0,2016
2016-06-11 04:00:00+00:00,769.95,772.12,31.67,50.66,7.65,TNP_0006,0,2016
2016-06-11 05:00:00+00:00,862.17,892.33,33.59,44.68,7.8,TNP_0006,0,2016
2016-06-11 06:00:00+00:00,854.12,929.7,35.44,40.01,7.77,TNP_0006,0,2016
2016-06-11 07:00:00+00:00,819.8,911.2,36.63,37.42,7.73,TNP_0006,0,2016
2016-06-11 08:00:00+00:00,747.1,822.53,37.02,36.89,7.91,TNP_0006,0,2016
2016-06-11 09:00:00+00:00,542.3,672.83,36.34,38.87,8.2,TNP_0006,0,2016
2016-06-11 10:00:00+00:00,363.4,477.35,34.96,42.69,8.31,TNP_0006,0,2016
2016-06-11 11:00:00+00:00,181.6,257.95,33.61,46.76,7.91,TNP_0006,0,2016
2016-06-11 12:00:00+00:00,41.28,63.33,31.87,52.72,6.7,TNP_0006,0,2016
2016-06-11 13:00:00+00:00,0.0,0.0,29.9,60.21,5.74,TNP_0006,0,2016
2016-06-11 14:00:00+00:00,0.0,0.0,28.79,65.03,5.69,TNP_0006,0,2016
2016-06-11 15:00:00+00:00,0.0,0.0,27.99,68.94,6.3,TNP_0006,0,2016
2016-06-11 16:00:00+00:00,0.0,0.0,27.1,74.37,6.21,TNP_0006,0,2016
2016-06-11 17:00:00+00:00,0.0,0.0,26.45,78.61,6.08,TNP_0006,0,2016
2016-06-11 18:00:00+00:00,0.0,0.0,25.96,81.57,5.96,TNP_0006,0,2016
2016-06-11 19:00:00+00:00,0.0,0.0,25.55,83.8,5.74,TNP_0006,0,2016
2016-06-11 20:00:00+00:00,0.0,0.0,25.21,85.46,5.45,TNP_0006,0,2016
2016-06-11 21:00:00+00:00,0.0,0.0,24.92,86.77,4.89,TNP_0006,0,2016
2016-06-11 22:00:00+00:00,0.0,0.0,24.69,87.62,4.34,TNP_0006,0,2016
2016-06-11 23:00:00+00:00,0.0,0.0,24.46,88.62,3.69,TNP_0006,0,2016
2016-06-12 00:00:00+00:00,10.23,11.35,24.37,89.06,3.21,TNP_0006,0,2016
2016-06-12 01:00:00+00:00,138.43,152.73,25.76,81.83,4.02,TNP_0006,0,2016
2016-06-12 02:00:00+00:00,339.35,372.38,28.31,67.96,5.88,TNP_0006,0,2016
2016-06-12 03:00:00+00:00,565.1,588.08,30.71,56.02,7.16,TNP_0006,0,2016
2016-06-12 04:00:00+00:00,712.28,765.05,32.85,47.17,7.74,TNP_0006,0,2016
2016-06-12 05:00:00+00:00,733.2,886.1,34.72,40.83,8.04,TNP_0006,0,2016
2016-06-12 06:00:00+00:00,754.8,938.53,36.16,36.5,8.25,TNP_0006,0,2016
2016-06-12 07:00:00+00:00,801.88,920.53,37.13,33.63,8.44,TNP_0006,0,2016
2016-06-12 08:00:00+00:00,739.12,832.1,37.56,32.12,8.62,TNP_0006,0,2016
2016-06-12 09:00:00+00:00,598.7,682.58,37.48,32.04,8.65,TNP_0006,0,2016
2016-06-12 10:00:00+00:00,426.65,486.23,36.6,34.06,8.61,TNP_0006,0,2016
2016-06-12 11:00:00+00:00,225.12,264.98,34.85,38.95,8.26,TNP_0006,0,2016
2016-06-12 12:00:00+00:00,57.3,66.15,32.66,45.92,7.41,TNP_0006,0,2016
2016-06-12 13:00:00+00:00,0.0,0.0,30.77,52.48,6.61,TNP_0006,0,2016
2016-06-12 14:00:00+00:00,0.0,0.0,29.59,57.63,5.88,TNP_0006,0,2016
2016-06-12 15:00:00+00:00,0.0,0.0,28.68,62.37,5.73,TNP_0006,0,2016
2016-06-12 16:00:00+00:00,0.0,0.0,27.97,66.89,5.97,TNP_0006,0,2016
2016-06-12 17:00:00+00:00,0.0,0.0,27.37,71.33,6.21,TNP_0006,0,2016
2016-06-12 18:00:00+00:00,0.0,0.0,26.88,74.82,6.2,TNP_0006,0,2016
2016-06-12 19:00:00+00:00,0.0,0.0,26.43,77.45,5.88,TNP_0006,0,2016
2016-06-12 20:00:00+00:00,0.0,0.0,25.97,79.81,5.42,TNP_0006,0,2016
2016-06-12 21:00:00+00:00,0.0,0.0,25.56,82.04,4.55,TNP_0006,0,2016
2016-06-12 22:00:00+00:00,0.0,0.0,25.23,83.92,3.66,TNP_0006,0,2016
2016-06-12 23:00:00+00:00,0.0,0.0,24.97,85.41,3.08,TNP_0006,0,2016
2016-06-13 00:00:00+00:00,10.18,11.35,24.97,85.76,2.85,TNP_0006,0,2016
2016-06-13 01:00:00+00:00,140.68,151.65,26.29,79.53,3.71,TNP_0006,0,2016
2016-06-13 02:00:00+00:00,341.1,371.48,28.46,69.8,4.98,TNP_0006,0,2016
2016-06-13 03:00:00+00:00,586.65,588.85,30.49,61.04,6.42,TNP_0006,0,2016
2016-06-13 04:00:00+00:00,743.0,768.8,31.99,53.68,7.27,TNP_0006,0,2016
2016-06-13 05:00:00+00:00,886.35,892.62,33.28,47.35,7.51,TNP_0006,0,2016
2016-06-13 06:00:00+00:00,903.15,933.78,34.51,42.41,7.5,TNP_0006,0,2016
2016-06-13 07:00:00+00:00,897.85,918.22,35.55,38.53,7.56,TNP_0006,0,2016
2016-06-13 08:00:00+00:00,771.92,831.5,35.97,36.38,7.75,TNP_0006,0,2016
2016-06-13 09:00:00+00:00,631.67,682.0,35.75,35.98,7.89,TNP_0006,0,2016
2016-06-13 10:00:00+00:00,420.25,484.02,34.84,37.77,7.92,TNP_0006,0,2016
2016-06-13 11:00:00+00:00,221.0,262.27,33.56,41.39,7.78,TNP_0006,0,2016
2016-06-13 12:00:00+00:00,58.4,65.53,31.78,47.72,6.83,TNP_0006,0,2016
2016-06-13 13:00:00+00:00,0.0,0.0,30.08,55.04,5.49,TNP_0006,0,2016
2016-06-13 14:00:00+00:00,0.0,0.0,29.13,60.03,4.75,TNP_0006,0,2016
2016-06-13 15:00:00+00:00,0.0,0.0,28.43,63.83,4.84,TNP_0006,0,2016
2016-06-13 16:00:00+00:00,0.0,0.0,27.76,67.56,5.1,TNP_0006,0,2016
2016-06-13 17:00:00+00:00,0.0,0.0,26.94,71.84,5.1,TNP_0006,0,2016
2016-06-13 18:00:00+00:00,0.0,0.0,26.11,75.64,4.85,TNP_0006,0,2016
2016-06-13 19:00:00+00:00,0.0,0.0,25.38,78.31,4.79,TNP_0006,0,2016
2016-06-13 20:00:00+00:00,0.0,0.0,24.78,80.17,4.77,TNP_0006,0,2016
2016-06-13 21:00:00+00:00,0.0,0.0,24.24,81.9,4.23,TNP_0006,0,2016
2016-06-13 22:00:00+00:00,0.0,0.0,23.73,83.92,3.55,TNP_0006,0,2016
2016-06-13 23:00:00+00:00,0.0,0.0,23.32,85.65,3.08,TNP_0006,0,2016
2016-06-14 00:00:00+00:00,11.18,11.27,23.17,86.35,3.05,TNP_0006,0,2016
2016-06-14 01:00:00+00:00,155.52,156.95,24.82,78.25,4.2,TNP_0006,0,2016
2016-06-14 02:00:00+00:00,364.92,366.3,27.75,64.76,6.13,TNP_0006,0,2016
2016-06-14 03:00:00+00:00,581.6,581.65,30.7,50.81,7.56,TNP_0006,0,2016
2016-06-14 04:00:00+00:00,749.03,761.12,33.19,40.24,7.93,TNP_0006,0,2016
2016-06-14 05:00:00+00:00,868.78,884.55,35.26,33.78,7.61,TNP_0006,0,2016
2016-06-14 06:00:00+00:00,940.12,942.85,36.87,29.99,7.16,TNP_0006,0,2016
2016-06-14 07:00:00+00:00,891.08,926.35,37.86,27.91,6.8,TNP_0006,0,2016
2016-06-14 08:00:00+00:00,745.62,838.42,38.28,27.0,6.61,TNP_0006,0,2016
2016-06-14 09:00:00+00:00,578.72,687.05,38.08,27.34,6.54,TNP_0006,0,2016
2016-06-14 10:00:00+00:00,381.92,487.3,37.27,29.0,6.51,TNP_0006,0,2016
2016-06-14 11:00:00+00:00,200.52,263.52,35.86,33.31,6.05,TNP_0006,0,2016
2016-06-14 12:00:00+00:00,55.33,65.72,33.35,44.33,5.14,TNP_0006,0,2016
2016-06-14 13:00:00+00:00,0.0,0.0,31.26,52.42,5.12,TNP_0006,0,2016
2016-06-14 14:00:00+00:00,0.0,0.0,30.27,55.94,5.45,TNP_0006,0,2016
2016-06-14 15:00:00+00:00,0.0,0.0,29.5,59.38,5.7,TNP_0006,0,2016
2016-06-14 16:00:00+00:00,0.0,0.0,28.72,63.93,5.71,TNP_0006,0,2016
2016-06-14 17:00:00+00:00,0.0,0.0,27.96,68.39,5.82,TNP_0006,0,2016
2016-06-14 18:00:00+00:00,0.0,0.0,27.31,71.99,5.87,TNP_0006,0,2016
2016-06-14 19:00:00+00:00,0.0,0.0,26.77,74.85,5.84,TNP_0006,0,2016
2016-06-14 20:00:00+00:00,0.0,0.0,26.24,77.54,5.82,TNP_0006,0,2016
2016-06-14 21:00:00+00:00,0.0,0.0,25.73,79.84,5.53,TNP_0006,0,2016
2016-06-14 22:00:00+00:00,0.0,0.0,25.21,81.85,5.09,TNP_0006,0,2016
2016-06-14 23:00:00+00:00,0.0,0.0,24.72,83.74,4.62,TNP_0006,0,2016
2016-06-15 00:00:00+00:00,10.8,11.43,24.45,84.73,4.34,TNP_0006,0,2016
2016-06-15 01:00:00+00:00,152.43,155.12,25.97,76.95,5.87,TNP_0006,0,2016
2016-06-15 02:00:00+00:00,358.88,377.83,28.54,64.06,8.23,TNP_0006,0,2016
2016-06-15 03:00:00+00:00,593.03,593.2,31.15,52.43,9.31,TNP_0006,0,2016
2016-06-15 04:00:00+00:00,748.88,774.88,33.54,43.09,9.58,TNP_0006,0,2016
2016-06-15 05:00:00+00:00,893.6,897.4,35.65,35.79,9.46,TNP_0006,0,2016
2016-06-15 06:00:00+00:00,956.35,958.55,37.25,30.72,9.29,TNP_0006,0,2016
2016-06-15 07:00:00+00:00,926.53,942.2,38.22,27.81,9.22,TNP_0006,0,2016
2016-06-15 08:00:00+00:00,855.55,856.38,38.54,26.74,9.21,TNP_0006,0,2016
2016-06-15 09:00:00+00:00,698.97,707.9,38.2,27.24,9.09,TNP_0006,0,2016
2016-06-15 10:00:00+00:00,505.3,510.42,37.27,29.01,8.79,TNP_0006,0,2016
2016-06-15 11:00:00+00:00,276.33,285.3,35.76,32.55,8.19,TNP_0006,0,2016
2016-06-15 12:00:00+00:00,71.6,74.9,33.35,40.0,6.88,TNP_0006,0,2016
2016-06-15 13:00:00+00:00,0.0,0.0,31.11,47.37,6.57,TNP_0006,0,2016
2016-06-15 14:00:00+00:00,0.0,0.0,30.11,51.3,7.36,TNP_0006,0,2016
2016-06-15 15:00:00+00:00,0.0,0.0,29.1,56.24,7.83,TNP_0006,0,2016
2016-06-15 16:00:00+00:00,0.0,0.0,28.05,62.26,7.42,TNP_0006,0,2016
2016-06-15 17:00:00+00:00,0.0,0.0,27.26,67.54,7.15,TNP_0006,0,2016
2016-06-15 18:00:00+00:00,0.0,0.0,26.66,71.71,6.87,TNP_0006,0,2016
2016-06-15 19:00:00+00:00,0.0,0.0,26.17,74.92,6.53,TNP_0006,0,2016
2016-06-15 20:00:00+00:00,0.0,0.0,25.72,77.7,5.94,TNP_0006,0,2016
2016-06-15 21:00:00+00:00,0.0,0.0,25.35,79.76,5.4,TNP_0006,0,2016
2016-06-15 22:00:00+00:00,0.0,0.0,25.07,81.24,4.85,TNP_0006,0,2016
2016-06-15 23:00:00+00:00,0.0,0.0,24.73,82.99,4.18,TNP_0006,0,2016
2016-06-16 00:00:00+00:00,8.62,11.48,24.58,83.67,4.16,TNP_0006,0,2016
2016-06-16 01:00:00+00:00,97.65,158.9,26.2,76.03,5.81,TNP_0006,0,2016
2016-06-16 02:00:00+00:00,256.17,384.1,28.83,63.76,8.32,TNP_0006,0,2016
2016-06-16 03:00:00+00:00,482.73,599.95,31.24,52.66,9.08,TNP_0006,0,2016
2016-06-16 04:00:00+00:00,665.9,775.97,33.53,43.93,8.78,TNP_0006,0,2016
2016-06-16 05:00:00+00:00,761.58,897.12,35.45,37.95,8.23,TNP_0006,0,2016
2016-06-16 06:00:00+00:00,880.7,903.35,36.91,33.93,7.74,TNP_0006,0,2016
2016-06-16 07:00:00+00:00,836.55,887.58,37.85,31.44,7.27,TNP_0006,0,2016
2016-06-16 08:00:00+00:00,682.97,802.9,38.23,30.4,6.88,TNP_0006,0,2016
2016-06-16 09:00:00+00:00,578.97,648.05,38.04,30.73,6.59,TNP_0006,0,2016
2016-06-16 10:00:00+00:00,393.23,450.77,37.1,32.68,6.49,TNP_0006,0,2016
2016-06-16 11:00:00+00:00,201.4,235.48,35.38,36.98,6.24,TNP_0006,0,2016
2016-06-16 12:00:00+00:00,52.55,59.1,33.2,45.96,5.17,TNP_0006,0,2016
2016-06-16 13:00:00+00:00,0.0,0.0,31.27,54.86,4.74,TNP_0006,0,2016
2016-06-16 14:00:00+00:00,0.0,0.0,30.3,59.37,4.78,TNP_0006,0,2016
2016-06-16 15:00:00+00:00,0.0,0.0,29.45,63.18,5.16,TNP_0006,0,2016
2016-06-16 16:00:00+00:00,0.0,0.0,28.76,66.28,5.89,TNP_0006,0,2016
2016-06-16 17:00:00+00:00,0.0,0.0,28.15,69.36,6.08,TNP_0006,0,2016
2016-06-16 18:00:00+00:00,0.0,0.0,27.68,71.92,6.28,TNP_0006,0,2016
2016-06-16 19:00:00+00:00,0.0,0.0,27.27,74.47,6.41,TNP_0006,0,2016
2016-06-16 20:00:00+00:00,0.0,0.0,26.94,76.9,6.6,TNP_0006,0,2016
2016-06-16 21:00:00+00:00,0.0,0.0,26.63,79.0,6.32,TNP_0006,0,2016
2016-06-16 22:00:00+00:00,0.0,0.0,26.42,79.71,5.86,TNP_0006,0,2016
2016-06-16 23:00:00+00:00,0.0,0.0,26.2,79.81,5.01,TNP_0006,0,2016
2016-06-17 00:00:00+00:00,10.15,10.45,26.04,79.63,3.97,TNP_0006,0,2016
2016-06-17 01:00:00+00:00,132.88,143.27,27.0,74.52,4.22,TNP_0006,0,2016
2016-06-17 02:00:00+00:00,329.73,358.58,28.82,63.62,5.32,TNP_0006,0,2016
2016-06-17 03:00:00+00:00,557.08,574.78,30.48,54.92,5.81,TNP_0006,0,2016
2016-06-17 04:00:00+00:00,742.25,754.28,31.85,49.52,5.73,TNP_0006,0,2016
2016-06-17 05:00:00+00:00,877.47,877.78,32.89,45.69,5.65,TNP_0006,0,2016
2016-06-17 06:00:00+00:00,930.97,933.53,33.43,43.53,5.83,TNP_0006,0,2016
2016-06-17 07:00:00+00:00,811.42,917.5,33.63,42.53,6.22,TNP_0006,0,2016
2016-06-17 08:00:00+00:00,770.97,832.0,33.48,42.73,6.53,TNP_0006,0,2016
2016-06-17 09:00:00+00:00,591.1,684.75,33.0,43.94,6.48,TNP_0006,0,2016
2016-06-17 10:00:00+00:00,374.33,485.95,32.38,45.62,6.05,TNP_0006,0,2016
2016-06-17 11:00:00+00:00,200.18,266.4,31.61,48.76,5.19,TNP_0006,0,2016
2016-06-17 12:00:00+00:00,52.95,67.4,30.09,58.85,3.54,TNP_0006,0,2016
2016-06-17 13:00:00+00:00,0.0,0.0,28.4,67.82,3.13,TNP_0006,0,2016
2016-06-17 14:00:00+00:00,0.0,0.0,27.79,70.16,3.68,TNP_0006,0,2016
2016-06-17 15:00:00+00:00,0.0,0.0,27.2,72.49,4.79,TNP_0006,0,2016
2016-06-17 16:00:00+00:00,0.0,0.0,26.54,75.55,5.8,TNP_0006,0,2016
2016-06-17 17:00:00+00:00,0.0,0.0,25.79,79.05,5.73,TNP_0006,0,2016
2016-06-17 18:00:00+00:00,0.0,0.0,25.22,80.8,5.54,TNP_0006,0,2016
2016-06-17 19:00:00+00:00,0.0,0.0,24.82,81.6,5.45,TNP_0006,0,2016
2016-06-17 20:00:00+00:00,0.0,0.0,24.54,82.42,5.29,TNP_0006,0,2016
2016-06-17 21:00:00+00:00,0.0,0.0,24.32,83.58,4.88,TNP_0006,0,2016
2016-06-17 22:00:00+00:00,0.0,0.0,24.18,84.72,4.46,TNP_0006,0,2016
2016-06-17 23:00:00+00:00,0.0,0.0,24.05,85.79,4.17,TNP_0006,0,2016
2016-06-18 00:00:00+00:00,9.07,10.4,24.03,86.07,4.17,TNP_0006,0,2016
2016-06-18 01:00:00+00:00,106.53,143.77,25.1,80.81,4.82,TNP_0006,0,2016
2016-06-18 02:00:00+00:00,248.0,359.05,27.24,68.89,6.43,TNP_0006,0,2016
2016-06-18 03:00:00+00:00,434.42,573.92,29.12,58.88,7.31,TNP_0006,0,2016
2016-06-18 04:00:00+00:00,479.5,753.5,30.48,52.71,7.36,TNP_0006,0,2016
2016-06-18 05:00:00+00:00,502.9,875.3,31.39,49.22,7.04,TNP_0006,0,2016
2016-06-18 06:00:00+00:00,525.9,886.28,32.13,46.75,6.56,TNP_0006,0,2016
2016-06-18 07:00:00+00:00,641.45,865.22,32.96,44.39,6.14,TNP_0006,0,2016
2016-06-18 08:00:00+00:00,608.25,769.97,33.69,42.52,5.73,TNP_0006,0,2016
2016-06-18 09:00:00+00:00,442.2,615.42,33.76,42.35,5.22,TNP_0006,0,2016
2016-06-18 10:00:00+00:00,275.5,417.23,32.91,45.24,4.6,TNP_0006,0,2016
2016-06-18 11:00:00+00:00,147.3,218.88,31.66,51.69,3.81,TNP_0006,0,2016
2016-06-18 12:00:00+00:00,34.6,53.8,29.48,65.6,3.2,TNP_0006,0,2016
2016-06-18 13:00:00+00:00,0.0,0.0,27.86,71.16,3.67,TNP_0006,0,2016
2016-06-18 14:00:00+00:00,0.0,0.0,27.24,71.64,4.46,TNP_0006,0,2016
2016-06-18 15:00:00+00:00,0.0,0.0,26.63,73.27,4.9,TNP_0006,0,2016
2016-06-18 16:00:00+00:00,0.0,0.0,25.98,76.07,4.7,TNP_0006,0,2016
2016-06-18 17:00:00+00:00,0.0,0.0,25.47,78.16,4.69,TNP_0006,0,2016
2016-06-18 18:00:00+00:00,0.0,0.0,25.12,79.67,4.96,TNP_0006,0,2016
2016-06-18 19:00:00+00:00,0.0,0.0,24.95,80.18,5.46,TNP_0006,0,2016
2016-06-18 20:00:00+00:00,0.0,0.0,24.74,80.99,5.58,TNP_0006,0,2016
2016-06-18 21:00:00+00:00,0.0,0.0,24.35,82.21,4.83,TNP_0006,0,2016
2016-06-18 22:00:00+00:00,0.0,0.0,23.88,83.91,3.78,TNP_0006,0,2016
2016-06-18 23:00:00+00:00,0.0,0.0,23.49,85.72,3.06,TNP_0006,0,2016
2016-06-19 00:00:00+00:00,7.12,9.0,23.39,86.19,2.77,TNP_0006,0,2016
2016-06-19 01:00:00+00:00,105.22,116.85,24.7,78.68,3.87,TNP_0006,0,2016
2016-06-19 02:00:00+00:00,273.6,304.83,26.8,67.39,5.0,TNP_0006,0,2016
2016-06-19 03:00:00+00:00,505.17,514.65,29.03,56.97,5.87,TNP_0006,0,2016
2016-06-19 04:00:00+00:00,615.53,695.47,30.77,50.43,5.7,TNP_0006,0,2016
2016-06-19 05:00:00+00:00,788.15,822.72,31.93,46.53,5.11,TNP_0006,0,2016
2016-06-19 06:00:00+00:00,789.88,928.22,32.58,44.3,4.53,TNP_0006,0,2016
2016-06-19 07:00:00+00:00,791.15,911.7,33.0,42.94,4.0,TNP_0006,0,2016
2016-06-19 08:00:00+00:00,698.1,823.25,33.4,41.84,3.57,TNP_0006,0,2016
2016-06-19 09:00:00+00:00,555.0,667.75,33.52,41.41,3.15,TNP_0006,0,2016
2016-06-19 10:00:00+00:00,370.92,463.98,33.29,42.03,2.52,TNP_0006,0,2016
2016-06-19 11:00:00+00:00,179.88,242.43,32.7,44.62,1.83,TNP_0006,0,2016
2016-06-19 12:00:00+00:00,48.62,61.88,31.11,57.48,1.11,TNP_0006,0,2016
2016-06-19 13:00:00+00:00,0.0,0.0,29.16,69.55,1.36,TNP_0006,0,2016
2016-06-19 14:00:00+00:00,0.0,0.0,28.4,70.79,1.89,TNP_0006,0,2016
2016-06-19 15:00:00+00:00,0.0,0.0,27.72,72.33,2.77,TNP_0006,0,2016
2016-06-19 16:00:00+00:00,0.0,0.0,27.06,75.38,3.24,TNP_0006,0,2016
2016-06-19 17:00:00+00:00,0.0,0.0,26.52,78.08,3.51,TNP_0006,0,2016
2016-06-19 18:00:00+00:00,0.0,0.0,26.17,78.93,4.21,TNP_0006,0,2016
2016-06-19 19:00:00+00:00,0.0,0.0,26.07,77.58,5.54,TNP_0006,0,2016
2016-06-19 20:00:00+00:00,0.0,0.0,25.8,78.45,5.36,TNP_0006,0,2016
2016-06-19 21:00:00+00:00,0.0,0.0,25.55,79.17,4.88,TNP_0006,0,2016
2016-06-19 22:00:00+00:00,0.0,0.0,25.34,79.73,4.3,TNP_0006,0,2016
2016-06-19 23:00:00+00:00,0.0,0.0,25.16,80.12,3.99,TNP_0006,0,2016
2016-06-20 00:00:00+00:00,9.1,10.02,25.04,80.82,3.49,TNP_0006,0,2016
2016-06-20 01:00:00+00:00,133.82,139.98,25.88,76.53,3.81,TNP_0006,0,2016
2016-06-20 02:00:00+00:00,333.1,352.52,27.3,69.15,4.51,TNP_0006,0,2016
2016-06-20 03:00:00+00:00,556.9,566.38,28.98,60.75,5.0,TNP_0006,0,2016
2016-06-20 04:00:00+00:00,741.38,744.15,30.74,53.64,4.76,TNP_0006,0,2016
2016-06-20 05:00:00+00:00,847.97,866.67,32.3,48.49,4.11,TNP_0006,0,2016
2016-06-20 06:00:00+00:00,903.75,926.42,33.04,46.29,3.32,TNP_0006,0,2016
2016-06-20 07:00:00+00:00,773.72,908.67,33.3,45.6,2.54,TNP_0006,0,2016
2016-06-20 08:00:00+00:00,536.9,818.62,33.06,46.33,1.64,TNP_0006,0,2016
2016-06-20 09:00:00+00:00,361.12,667.95,32.6,48.0,0.82,TNP_0006,0,2016
2016-06-20 10:00:00+00:00,215.65,466.15,31.85,50.76,0.2,TNP_0006,0,2016
2016-06-20 11:00:00+00:00,118.5,244.8,30.8,55.02,0.36,TNP_0006,0,2016
2016-06-20 12:00:00+00:00,32.38,61.97,29.62,62.38,0.74,TNP_0006,0,2016
2016-06-20 13:00:00+00:00,0.0,0.0,28.49,70.86,0.91,TNP_0006,0,2016
2016-06-20 14:00:00+00:00,0.0,0.0,27.77,73.95,1.08,TNP_0006,0,2016
2016-06-20 15:00:00+00:00,0.0,0.0,27.06,77.01,1.51,TNP_0006,0,2016
2016-06-20 16:00:00+00:00,0.0,0.0,26.5,80.21,1.95,TNP_0006,0,2016
2016-06-20 17:00:00+00:00,0.0,0.0,26.09,82.59,2.31,TNP_0006,0,2016
2016-06-20 18:00:00+00:00,0.0,0.0,25.76,83.77,2.58,TNP_0006,0,2016
2016-06-20 19:00:00+00:00,0.0,0.0,25.5,83.97,2.69,TNP_0006,0,2016
2016-06-20 20:00:00+00:00,0.0,0.0,25.24,84.04,2.74,TNP_0006,0,2016
2016-06-20 21:00:00+00:00,0.0,0.0,25.0,84.54,2.35,TNP_0006,0,2016
2016-06-20 22:00:00+00:00,0.0,0.0,24.8,85.7,1.82,TNP_0006,0,2016
2016-06-20 23:00:00+00:00,0.0,0.0,24.68,86.84,1.44,TNP_0006,0,2016
2016-06-21 00:00:00+00:00,7.85,9.4,24.69,86.53,1.26,TNP_0006,0,2016
2016-06-21 01:00:00+00:00,90.1,130.8,25.34,80.95,1.83,TNP_0006,0,2016
2016-06-21 02:00:00+00:00,236.68,341.35,26.39,74.67,2.91,TNP_0006,0,2016
2016-06-21 03:00:00+00:00,414.92,554.78,27.48,68.83,3.94,TNP_0006,0,2016
2016-06-21 04:00:00+00:00,623.05,730.55,28.58,63.52,4.33,TNP_0006,0,2016
2016-06-21 05:00:00+00:00,721.42,856.85,29.57,59.25,4.35,TNP_0006,0,2016
2016-06-21 06:00:00+00:00,818.95,911.8,30.25,56.47,4.25,TNP_0006,0,2016
2016-06-21 07:00:00+00:00,819.8,899.12,30.62,55.1,4.07,TNP_0006,0,2016
2016-06-21 08:00:00+00:00,533.4,814.9,30.64,55.17,3.94,TNP_0006,0,2016
2016-06-21 09:00:00+00:00,398.05,664.33,30.44,56.2,3.71,TNP_0006,0,2016
2016-06-21 10:00:00+00:00,276.12,464.23,29.98,58.51,3.36,TNP_0006,0,2016
2016-06-21 11:00:00+00:00,149.5,248.98,29.22,63.07,2.83,TNP_0006,0,2016
2016-06-21 12:00:00+00:00,41.15,62.95,27.99,72.34,1.97,TNP_0006,0,2016
2016-06-21 13:00:00+00:00,0.0,0.0,26.89,79.97,1.76,TNP_0006,0,2016
2016-06-21 14:00:00+00:00,0.0,0.0,26.44,81.29,2.18,TNP_0006,0,2016
2016-06-21 15:00:00+00:00,0.0,0.0,26.03,82.55,2.83,TNP_0006,0,2016
2016-06-21 16:00:00+00:00,0.0,0.0,25.61,84.37,3.12,TNP_0006,0,2016
2016-06-21 17:00:00+00:00,0.0,0.0,25.25,85.42,3.48,TNP_0006,0,2016
2016-06-21 18:00:00+00:00,0.0,0.0,24.93,85.74,3.93,TNP_0006,0,2016
2016-06-21 19:00:00+00:00,0.0,0.0,24.64,85.48,4.32,TNP_0006,0,2016
2016-06-21 20:00:00+00:00,0.0,0.0,24.39,84.65,4.56,TNP_0006,0,2016
2016-06-21 21:00:00+00:00,0.0,0.0,24.08,84.25,4.17,TNP_0006,0,2016
2016-06-21 22:00:00+00:00,0.0,0.0,23.75,84.41,3.55,TNP_0006,0,2016
2016-06-21 23:00:00+00:00,0.0,0.0,23.44,84.84,3.06,TNP_0006,0,2016
2016-06-22 00:00:00+00:00,5.93,9.6,23.28,84.73,2.91,TNP_0006,0,2016
2016-06-22 01:00:00+00:00,90.25,136.02,24.24,78.38,3.84,TNP_0006,0,2016
2016-06-22 02:00:00+00:00,234.15,345.4,26.0,66.62,5.2,TNP_0006,0,2016
2016-06-22 03:00:00+00:00,497.88,559.92,28.01,55.71,6.34,TNP_0006,0,2016
2016-06-22 04:00:00+00:00,600.35,742.53,29.93,47.88,6.76,TNP_0006,0,2016
2016-06-22 05:00:00+00:00,760.72,865.75,31.64,43.01,6.66,TNP_0006,0,2016
2016-06-22 06:00:00+00:00,778.05,921.78,33.06,40.0,6.33,TNP_0006,0,2016
2016-06-22 07:00:00+00:00,621.72,903.45,33.94,38.52,5.9,TNP_0006,0,2016
2016-06-22 08:00:00+00:00,524.97,811.03,33.87,39.19,5.55,TNP_0006,0,2016
2016-06-22 09:00:00+00:00,397.73,646.03,33.33,41.22,5.42,TNP_0006,0,2016
2016-06-22 10:00:00+00:00,185.85,447.62,32.63,44.14,5.25,TNP_0006,0,2016
2016-06-22 11:00:00+00:00,92.25,235.88,31.56,49.5,4.47,TNP_0006,0,2016
2016-06-22 12:00:00+00:00,30.45,61.1,29.85,60.28,3.44,TNP_0006,0,2016
2016-06-22 13:00:00+00:00,0.0,0.0,28.36,67.28,3.39,TNP_0006,0,2016
2016-06-22 14:00:00+00:00,0.0,0.0,27.63,69.59,4.18,TNP_0006,0,2016
2016-06-22 15:00:00+00:00,0.0,0.0,26.93,71.98,5.32,TNP_0006,0,2016
2016-06-22 16:00:00+00:00,0.0,0.0,26.15,76.24,5.76,TNP_0006,0,2016
2016-06-22 17:00:00+00:00,0.0,0.0,25.49,80.28,5.86,TNP_0006,0,2016
2016-06-22 18:00:00+00:00,0.0,0.0,25.06,83.25,5.93,TNP_0006,0,2016
2016-06-22 19:00:00+00:00,0.0,0.0,24.75,85.64,5.73,TNP_0006,0,2016
2016-06-22 20:00:00+00:00,0.0,0.0,24.49,87.79,5.06,TNP_0006,0,2016
2016-06-22 21:00:00+00:00,0.0,0.0,24.24,89.51,4.29,TNP_0006,0,2016
2016-06-22 22:00:00+00:00,0.0,0.0,23.98,90.36,3.93,TNP_0006,0,2016
2016-06-22 23:00:00+00:00,0.0,0.0,23.74,90.7,3.96,TNP_0006,0,2016
2016-06-23 00:00:00+00:00,6.05,9.5,23.56,90.71,3.87,TNP_0006,0,2016
2016-06-23 01:00:00+00:00,71.2,134.52,23.99,87.65,4.11,TNP_0006,0,2016
2016-06-23 02:00:00+00:00,165.8,347.25,25.01,78.91,5.57,TNP_0006,0,2016
2016-06-23 03:00:00+00:00,288.45,562.15,26.58,69.76,6.64,TNP_0006,0,2016
2016-06-23 04:00:00+00:00,346.2,741.28,28.51,63.03,7.71,TNP_0006,0,2016
2016-06-23 05:00:00+00:00,435.98,865.88,30.13,57.3,8.52,TNP_0006,0,2016
2016-06-23 06:00:00+00:00,451.45,924.22,31.09,52.64,8.67,TNP_0006,0,2016
2016-06-23 07:00:00+00:00,457.33,909.72,31.57,49.23,8.37,TNP_0006,0,2016
2016-06-23 08:00:00+00:00,371.75,824.15,31.66,47.35,7.89,TNP_0006,0,2016
2016-06-23 09:00:00+00:00,247.38,676.45,31.12,47.87,7.56,TNP_0006,0,2016
2016-06-23 10:00:00+00:00,137.73,475.17,30.36,49.8,7.67,TNP_0006,0,2016
2016-06-23 11:00:00+00:00,102.82,252.82,29.35,54.09,6.9,TNP_0006,0,2016
2016-06-23 12:00:00+00:00,31.4,66.22,27.79,62.6,5.26,TNP_0006,0,2016
2016-06-23 13:00:00+00:00,0.0,0.0,26.45,70.62,4.27,TNP_0006,0,2016
2016-06-23 14:00:00+00:00,0.0,0.0,25.84,74.91,3.94,TNP_0006,0,2016
2016-06-23 15:00:00+00:00,0.0,0.0,25.34,77.47,4.11,TNP_0006,0,2016
2016-06-23 16:00:00+00:00,0.0,0.0,24.85,79.11,4.38,TNP_0006,0,2016
2016-06-23 17:00:00+00:00,0.0,0.0,24.31,80.0,4.61,TNP_0006,0,2016
2016-06-23 18:00:00+00:00,0.0,0.0,23.77,80.2,4.66,TNP_0006,0,2016
2016-06-23 19:00:00+00:00,0.0,0.0,23.26,80.66,4.47,TNP_0006,0,2016
2016-06-23 20:00:00+00:00,0.0,0.0,22.9,81.02,4.31,TNP_0006,0,2016
2016-06-23 21:00:00+00:00,0.0,0.0,22.65,81.54,4.0,TNP_0006,0,2016
2016-06-23 22:00:00+00:00,0.0,0.0,22.43,82.44,3.73,TNP_0006,0,2016
2016-06-23 23:00:00+00:00,0.0,0.0,22.3,83.22,3.51,TNP_0006,0,2016
2016-06-24 00:00:00+00:00,7.3,9.48,22.37,83.3,3.38,TNP_0006,0,2016
2016-06-24 01:00:00+00:00,93.85,139.35,23.45,78.33,3.87,TNP_0006,0,2016
2016-06-24 02:00:00+00:00,240.52,353.77,25.58,70.37,5.38,TNP_0006,0,2016
2016-06-24 03:00:00+00:00,399.17,566.9,27.96,62.02,6.71,TNP_0006,0,2016
2016-06-24 04:00:00+00:00,462.58,744.3,30.0,53.79,7.15,TNP_0006,0,2016
2016-06-24 05:00:00+00:00,556.62,865.78,31.6,46.76,7.2,TNP_0006,0,2016
2016-06-24 06:00:00+00:00,594.42,920.95,32.79,41.71,7.03,TNP_0006,0,2016
2016-06-24 07:00:00+00:00,567.6,903.97,33.58,38.54,6.71,TNP_0006,0,2016
2016-06-24 08:00:00+00:00,511.4,814.67,33.94,36.92,6.34,TNP_0006,0,2016
2016-06-24 09:00:00+00:00,291.65,661.35,33.76,36.95,5.99,TNP_0006,0,2016
2016-06-24 10:00:00+00:00,164.88,461.48,33.1,38.76,5.62,TNP_0006,0,2016
2016-06-24 11:00:00+00:00,99.55,248.07,31.93,43.95,4.65,TNP_0006,0,2016
2016-06-24 12:00:00+00:00,26.38,65.07,29.95,54.07,3.49,TNP_0006,0,2016
2016-06-24 13:00:00+00:00,0.0,0.0,28.38,61.2,3.32,TNP_0006,0,2016
2016-06-24 14:00:00+00:00,0.0,0.0,27.73,64.04,3.53,TNP_0006,0,2016
2016-06-24 15:00:00+00:00,0.0,0.0,27.08,66.61,3.7,TNP_0006,0,2016
2016-06-24 16:00:00+00:00,0.0,0.0,26.49,68.61,3.78,TNP_0006,0,2016
2016-06-24 17:00:00+00:00,0.0,0.0,25.96,70.36,3.63,TNP_0006,0,2016
2016-06-24 18:00:00+00:00,0.0,0.0,25.39,72.16,3.47,TNP_0006,0,2016
2016-06-24 19:00:00+00:00,0.0,0.0,24.88,73.6,3.27,TNP_0006,0,2016
2016-06-24 20:00:00+00:00,0.0,0.0,24.41,74.95,3.06,TNP_0006,0,2016
2016-06-24 21:00:00+00:00,0.0,0.0,23.99,76.79,2.6,TNP_0006,0,2016
2016-06-24 22:00:00+00:00,0.0,0.0,23.63,78.64,2.19,TNP_0006,0,2016
2016-06-24 23:00:00+00:00,0.0,0.0,23.33,79.72,2.11,TNP_0006,0,2016
2016-06-25 00:00:00+00:00,7.45,9.15,23.21,79.89,2.24,TNP_0006,0,2016
2016-06-25 01:00:00+00:00,97.8,137.3,24.57,70.48,3.36,TNP_0006,0,2016
2016-06-25 02:00:00+00:00,248.5,346.73,26.7,60.2,4.76,TNP_0006,0,2016
2016-06-25 03:00:00+00:00,487.52,558.28,28.98,51.16,6.16,TNP_0006,0,2016
2016-06-25 04:00:00+00:00,615.1,732.67,31.28,43.63,7.2,TNP_0006,0,2016
2016-06-25 05:00:00+00:00,688.6,853.42,33.2,38.54,7.65,TNP_0006,0,2016
2016-06-25 06:00:00+00:00,777.58,900.83,34.52,35.57,7.79,TNP_0006,0,2016
2016-06-25 07:00:00+00:00,720.3,879.62,35.21,34.07,7.76,TNP_0006,0,2016
2016-06-25 08:00:00+00:00,547.97,791.42,35.34,33.74,7.71,TNP_0006,0,2016
2016-06-25 09:00:00+00:00,487.45,640.35,34.91,34.57,7.54,TNP_0006,0,2016
2016-06-25 10:00:00+00:00,236.43,444.48,33.93,36.9,7.17,TNP_0006,0,2016
2016-06-25 11:00:00+00:00,128.07,237.0,32.72,40.64,6.43,TNP_0006,0,2016
2016-06-25 12:00:00+00:00,34.45,61.72,30.83,47.41,5.25,TNP_0006,0,2016
2016-06-25 13:00:00+00:00,0.0,0.0,28.98,54.68,4.46,TNP_0006,0,2016
2016-06-25 14:00:00+00:00,0.0,0.0,28.01,59.55,3.76,TNP_0006,0,2016
2016-06-25 15:00:00+00:00,0.0,0.0,27.17,64.89,2.94,TNP_0006,0,2016
2016-06-25 16:00:00+00:00,0.0,0.0,26.56,69.08,2.47,TNP_0006,0,2016
2016-06-25 17:00:00+00:00,0.0,0.0,26.09,72.12,2.25,TNP_0006,0,2016
2016-06-25 18:00:00+00:00,0.0,0.0,25.66,74.56,2.16,TNP_0006,0,2016
2016-06-25 19:00:00+00:00,0.0,0.0,25.22,76.76,2.15,TNP_0006,0,2016
2016-06-25 20:00:00+00:00,0.0,0.0,24.82,78.65,2.26,TNP_0006,0,2016
2016-06-25 21:00:00+00:00,0.0,0.0,24.43,81.04,2.28,TNP_0006,0,2016
2016-06-25 22:00:00+00:00,0.0,0.0,24.09,83.03,2.4,TNP_0006,0,2016
2016-06-25 23:00:00+00:00,0.0,0.0,23.81,84.69,2.66,TNP_0006,0,2016
2016-06-26 00:00:00+00:00,5.47,8.2,23.75,85.53,2.97,TNP_0006,0,2016
2016-06-26 01:00:00+00:00,69.97,119.5,25.2,78.78,4.16,TNP_0006,0,2016
2016-06-26 02:00:00+00:00,186.55,320.98,27.33,67.92,5.51,TNP_0006,0,2016
2016-06-26 03:00:00+00:00,330.75,531.62,29.32,57.72,6.33,TNP_0006,0,2016
2016-06-26 04:00:00+00:00,451.55,710.5,31.0,50.17,6.56,TNP_0006,0,2016
2016-06-26 05:00:00+00:00,622.83,834.12,32.46,44.9,6.51,TNP_0006,0,2016
2016-06-26 06:00:00+00:00,590.8,908.1,33.82,40.82,6.3,TNP_0006,0,2016
2016-06-26 07:00:00+00:00,776.33,885.58,34.86,38.05,5.93,TNP_0006,0,2016
2016-06-26 08:00:00+00:00,643.15,791.12,35.41,36.6,5.64,TNP_0006,0,2016
2016-06-26 09:00:00+00:00,508.27,633.85,35.35,36.64,5.68,TNP_0006,0,2016
2016-06-26 10:00:00+00:00,315.12,425.98,34.64,38.69,5.87,TNP_0006,0,2016
2016-06-26 11:00:00+00:00,179.3,225.93,33.5,43.56,5.52,TNP_0006,0,2016
2016-06-26 12:00:00+00:00,48.22,59.42,31.5,53.91,4.7,TNP_0006,0,2016
2016-06-26 13:00:00+00:00,0.0,0.0,29.6,61.96,4.4,TNP_0006,0,2016
2016-06-26 14:00:00+00:00,0.0,0.0,28.7,65.4,4.72,TNP_0006,0,2016
2016-06-26 15:00:00+00:00,0.0,0.0,28.03,68.23,5.06,TNP_0006,0,2016
2016-06-26 16:00:00+00:00,0.0,0.0,27.4,71.66,5.25,TNP_0006,0,2016
2016-06-26 17:00:00+00:00,0.0,0.0,26.81,75.15,5.3,TNP_0006,0,2016
2016-06-26 18:00:00+00:00,0.0,0.0,26.32,77.9,5.28,TNP_0006,0,2016
2016-06-26 19:00:00+00:00,0.0,0.0,25.91,79.99,5.13,TNP_0006,0,2016
2016-06-26 20:00:00+00:00,0.0,0.0,25.51,81.77,4.88,TNP_0006,0,2016
2016-06-26 21:00:00+00:00,0.0,0.0,25.14,83.36,4.68,TNP_0006,0,2016
2016-06-26 22:00:00+00:00,0.0,0.0,24.78,84.82,4.45,TNP_0006,0,2016
2016-06-26 23:00:00+00:00,0.0,0.0,24.49,86.03,4.24,TNP_0006,0,2016
2016-06-27 00:00:00+00:00,6.75,8.23,24.41,86.28,4.14,TNP_0006,0,2016
2016-06-27 01:00:00+00:00,96.45,122.25,25.69,79.62,5.08,TNP_0006,0,2016
2016-06-27 02:00:00+00:00,247.88,324.15,28.07,66.76,6.82,TNP_0006,0,2016
2016-06-27 03:00:00+00:00,496.7,542.47,30.49,55.82,7.7,TNP_0006,0,2016
2016-06-27 04:00:00+00:00,651.92,725.7,32.62,48.28,7.91,TNP_0006,0,2016
2016-06-27 05:00:00+00:00,649.97,852.95,34.49,42.77,8.0,TNP_0006,0,2016
2016-06-27 06:00:00+00:00,789.22,902.47,35.8,39.13,8.12,TNP_0006,0,2016
2016-06-27 07:00:00+00:00,683.92,886.65,36.54,36.57,8.32,TNP_0006,0,2016
2016-06-27 08:00:00+00:00,547.45,795.83,36.75,35.06,8.64,TNP_0006,0,2016
2016-06-27 09:00:00+00:00,495.05,639.97,36.26,34.83,8.77,TNP_0006,0,2016
2016-06-27 10:00:00+00:00,334.65,449.48,35.14,35.95,8.46,TNP_0006,0,2016
2016-06-27 11:00:00+00:00,172.85,241.18,33.59,38.92,7.47,TNP_0006,0,2016
2016-06-27 12:00:00+00:00,46.85,63.1,31.51,45.48,5.76,TNP_0006,0,2016
2016-06-27 13:00:00+00:00,0.0,0.0,29.52,53.72,4.52,TNP_0006,0,2016
2016-06-27 14:00:00+00:00,0.0,0.0,28.54,58.97,3.91,TNP_0006,0,2016
2016-06-27 15:00:00+00:00,0.0,0.0,27.75,64.71,3.34,TNP_0006,0,2016
2016-06-27 16:00:00+00:00,0.0,0.0,27.26,68.63,3.57,TNP_0006,0,2016
2016-06-27 17:00:00+00:00,0.0,0.0,26.81,72.15,4.07,TNP_0006,0,2016
2016-06-27 18:00:00+00:00,0.0,0.0,26.39,75.36,4.6,TNP_0006,0,2016
2016-06-27 19:00:00+00:00,0.0,0.0,25.99,78.28,5.17,TNP_0006,0,2016
2016-06-27 20:00:00+00:00,0.0,0.0,25.56,80.86,5.39,TNP_0006,0,2016
2016-06-27 21:00:00+00:00,0.0,0.0,25.19,82.49,5.33,TNP_0006,0,2016
2016-06-27 22:00:00+00:00,0.0,0.0,24.89,83.49,5.18,TNP_0006,0,2016
2016-06-27 23:00:00+00:00,0.0,0.0,24.66,84.12,4.91,TNP_0006,0,2016
2016-06-28 00:00:00+00:00,5.75,8.07,24.53,84.48,4.69,TNP_0006,0,2016
2016-06-28 01:00:00+00:00,70.95,119.55,25.8,77.96,5.97,TNP_0006,0,2016
2016-06-28 02:00:00+00:00,189.98,322.67,27.91,66.44,8.24,TNP_0006,0,2016
2016-06-28 03:00:00+00:00,278.95,534.62,29.71,56.9,9.1,TNP_0006,0,2016
2016-06-28 04:00:00+00:00,457.52,714.25,31.08,51.17,9.37,TNP_0006,0,2016
2016-06-28 05:00:00+00:00,540.33,839.33,32.04,47.69,9.5,TNP_0006,0,2016
2016-06-28 06:00:00+00:00,470.38,897.97,32.65,45.57,9.46,TNP_0006,0,2016
2016-06-28 07:00:00+00:00,454.1,884.62,32.91,44.5,9.36,TNP_0006,0,2016
2016-06-28 08:00:00+00:00,450.23,800.42,33.07,44.03,9.24,TNP_0006,0,2016
2016-06-28 09:00:00+00:00,294.6,653.25,32.96,44.71,8.88,TNP_0006,0,2016
2016-06-28 10:00:00+00:00,237.02,458.3,32.37,47.18,8.43,TNP_0006,0,2016
2016-06-28 11:00:00+00:00,119.18,244.07,31.31,51.82,7.53,TNP_0006,0,2016
2016-06-28 12:00:00+00:00,31.58,63.95,29.93,58.07,6.2,TNP_0006,0,2016
2016-06-28 13:00:00+00:00,0.0,0.0,28.72,63.34,5.55,TNP_0006,0,2016
2016-06-28 14:00:00+00:00,0.0,0.0,28.06,66.26,5.54,TNP_0006,0,2016
2016-06-28 15:00:00+00:00,0.0,0.0,27.44,69.53,5.66,TNP_0006,0,2016
2016-06-28 16:00:00+00:00,0.0,0.0,26.8,73.21,5.64,TNP_0006,0,2016
2016-06-28 17:00:00+00:00,0.0,0.0,26.18,76.98,5.11,TNP_0006,0,2016
2016-06-28 18:00:00+00:00,0.0,0.0,25.68,80.22,4.16,TNP_0006,0,2016
2016-06-28 19:00:00+00:00,0.0,0.0,25.33,82.54,3.87,TNP_0006,0,2016
2016-06-28 20:00:00+00:00,0.0,0.0,25.06,84.37,3.87,TNP_0006,0,2016
2016-06-28 21:00:00+00:00,0.0,0.0,24.79,86.21,3.46,TNP_0006,0,2016
2016-06-28 22:00:00+00:00,0.0,0.0,24.54,87.9,3.09,TNP_0006,0,2016
2016-06-28 23:00:00+00:00,0.0,0.0,24.35,89.24,2.96,TNP_0006,0,2016
2016-06-29 00:00:00+00:00,4.55,7.72,24.27,90.02,3.01,TNP_0006,0,2016
2016-06-29 01:00:00+00:00,77.15,115.82,25.03,86.81,3.84,TNP_0006,0,2016
2016-06-29 02:00:00+00:00,220.65,317.83,26.64,77.89,5.26,TNP_0006,0,2016
2016-06-29 03:00:00+00:00,461.58,526.85,28.67,65.36,7.22,TNP_0006,0,2016
2016-06-29 04:00:00+00:00,597.62,716.6,30.73,54.25,8.45,TNP_0006,0,2016
2016-06-29 05:00:00+00:00,763.3,848.42,32.68,47.07,9.1,TNP_0006,0,2016
2016-06-29 06:00:00+00:00,656.42,909.58,34.01,43.37,9.53,TNP_0006,0,2016
2016-06-29 07:00:00+00:00,517.95,897.78,34.77,41.38,10.13,TNP_0006,0,2016
2016-06-29 08:00:00+00:00,394.05,814.72,34.82,40.58,10.7,TNP_0006,0,2016
2016-06-29 09:00:00+00:00,255.25,669.1,34.32,40.99,10.91,TNP_0006,0,2016
2016-06-29 10:00:00+00:00,123.53,475.85,33.38,43.25,10.6,TNP_0006,0,2016
2016-06-29 11:00:00+00:00,95.03,260.58,32.12,47.57,9.92,TNP_0006,0,2016
2016-06-29 12:00:00+00:00,29.67,70.18,30.51,54.15,8.61,TNP_0006,0,2016
2016-06-29 13:00:00+00:00,0.0,0.0,28.97,61.47,6.85,TNP_0006,0,2016
2016-06-29 14:00:00+00:00,0.0,0.0,28.04,66.89,5.78,TNP_0006,0,2016
2016-06-29 15:00:00+00:00,0.0,0.0,27.42,70.68,5.45,TNP_0006,0,2016
2016-06-29 16:00:00+00:00,0.0,0.0,26.96,73.38,5.58,TNP_0006,0,2016
2016-06-29 17:00:00+00:00,0.0,0.0,26.54,75.67,5.79,TNP_0006,0,2016
2016-06-29 18:00:00+00:00,0.0,0.0,26.12,77.75,5.84,TNP_0006,0,2016
2016-06-29 19:00:00+00:00,0.0,0.0,25.74,79.43,5.59,TNP_0006,0,2016
2016-06-29 20:00:00+00:00,0.0,0.0,25.43,80.69,5.28,TNP_0006,0,2016
2016-06-29 21:00:00+00:00,0.0,0.0,25.2,81.69,5.06,TNP_0006,0,2016
2016-06-29 22:00:00+00:00,0.0,0.0,25.04,82.87,4.96,TNP_0006,0,2016
2016-06-29 23:00:00+00:00,0.0,0.0,24.9,84.12,4.77,TNP_0006,0,2016
2016-06-30 00:00:00+00:00,7.38,8.0,24.87,84.45,4.63,TNP_0006,0,2016
2016-06-30 01:00:00+00:00,95.0,125.28,25.7,80.56,5.21,TNP_0006,0,2016
2016-06-30 02:00:00+00:00,221.9,334.75,27.16,72.6,6.76,TNP_0006,0,2016
2016-06-30 03:00:00+00:00,371.33,549.4,29.07,62.41,8.61,TNP_0006,0,2016
2016-06-30 04:00:00+00:00,549.12,728.6,31.23,53.18,9.65,TNP_0006,0,2016
2016-06-30 05:00:00+00:00,718.9,855.03,33.21,45.48,10.37,TNP_0006,0,2016
2016-06-30 06:00:00+00:00,738.85,906.7,34.47,40.22,10.75,TNP_0006,0,2016
2016-06-30 07:00:00+00:00,801.83,884.15,34.98,37.93,10.73,TNP_0006,0,2016
2016-06-30 08:00:00+00:00,694.17,795.97,34.9,37.57,10.53,TNP_0006,0,2016
2016-06-30 09:00:00+00:00,578.03,638.03,34.4,38.65,10.06,TNP_0006,0,2016
2016-06-30 10:00:00+00:00,383.75,442.42,33.61,40.87,9.37,TNP_0006,0,2016
2016-06-30 11:00:00+00:00,197.55,234.88,32.57,43.94,8.33,TNP_0006,0,2016
2016-06-30 12:00:00+00:00,57.97,64.68,31.19,48.83,6.71,TNP_0006,0,2016
2016-06-30 13:00:00+00:00,0.0,0.0,29.55,55.47,5.91,TNP_0006,0,2016
2016-06-30 14:00:00+00:00,0.0,0.0,28.78,59.13,6.06,TNP_0006,0,2016
2016-06-30 15:00:00+00:00,0.0,0.0,28.04,63.4,6.15,TNP_0006,0,2016
2016-06-30 16:00:00+00:00,0.0,0.0,27.21,68.9,5.83,TNP_0006,0,2016
2016-06-30 17:00:00+00:00,0.0,0.0,26.47,74.16,5.62,TNP_0006,0,2016
2016-06-30 18:00:00+00:00,0.0,0.0,25.88,78.47,5.63,TNP_0006,0,2016
2016-06-30 19:00:00+00:00,0.0,0.0,25.4,81.83,5.52,TNP_0006,0,2016
2016-06-30 20:00:00+00:00,0.0,0.0,25.02,84.18,5.33,TNP_0006,0,2016
2016-06-30 21:00:00+00:00,0.0,0.0,24.71,85.82,4.8,TNP_0006,0,2016
2016-06-30 22:00:00+00:00,0.0,0.0,24.47,86.76,4.15,TNP_0006,0,2016
2016-06-30 23:00:00+00:00,0.0,0.0,24.3,87.54,3.75,TNP_0006,0,2016
2016-07-01 00:00:00+00:00,8.02,8.18,24.39,87.13,3.69,TNP_0006,0,2016
2016-07-01 01:00:00+00:00,124.72,131.98,25.93,79.85,4.8,TNP_0006,0,2016
2016-07-01 02:00:00+00:00,315.92,347.88,28.35,67.39,7.28,TNP_0006,0,2016
2016-07-01 03:00:00+00:00,549.15,565.8,30.36,56.7,8.95,TNP_0006,0,2016
2016-07-01 04:00:00+00:00,722.85,747.15,32.17,48.41,9.9,TNP_0006,0,2016
2016-07-01 05:00:00+00:00,852.3,870.05,33.81,42.19,10.44,TNP_0006,0,2016
2016-07-01 06:00:00+00:00,887.5,931.12,35.21,37.72,10.74,TNP_0006,0,2016
2016-07-01 07:00:00+00:00,853.0,914.42,36.27,34.79,11.04,TNP_0006,0,2016
2016-07-01 08:00:00+00:00,775.7,833.12,36.71,33.35,11.43,TNP_0006,0,2016
2016-07-01 09:00:00+00:00,631.8,687.1,36.4,33.47,11.54,TNP_0006,0,2016
2016-07-01 10:00:00+00:00,422.8,492.05,35.42,34.83,11.25,TNP_0006,0,2016
2016-07-01 11:00:00+00:00,220.27,271.98,33.91,37.64,10.53,TNP_0006,0,2016
2016-07-01 12:00:00+00:00,60.6,75.28,31.97,42.45,9.0,TNP_0006,0,2016
2016-07-01 13:00:00+00:00,0.0,0.0,30.05,48.73,7.43,TNP_0006,0,2016
2016-07-01 14:00:00+00:00,0.0,0.0,28.85,54.36,6.74,TNP_0006,0,2016
2016-07-01 15:00:00+00:00,0.0,0.0,27.81,60.55,5.9,TNP_0006,0,2016
2016-07-01 16:00:00+00:00,0.0,0.0,26.91,66.63,5.37,TNP_0006,0,2016
2016-07-01 17:00:00+00:00,0.0,0.0,26.24,71.65,5.34,TNP_0006,0,2016
2016-07-01 18:00:00+00:00,0.0,0.0,25.77,75.71,5.5,TNP_0006,0,2016
2016-07-01 19:00:00+00:00,0.0,0.0,25.42,78.86,5.39,TNP_0006,0,2016
2016-07-01 20:00:00+00:00,0.0,0.0,25.17,81.06,5.14,TNP_0006,0,2016
2016-07-01 21:00:00+00:00,0.0,0.0,24.99,82.39,4.82,TNP_0006,0,2016
2016-07-01 22:00:00+00:00,0.0,0.0,24.84,83.26,4.62,TNP_0006,0,2016
2016-07-01 23:00:00+00:00,0.0,0.0,24.67,84.07,4.33,TNP_0006,0,2016
2016-07-02 00:00:00+00:00,6.43,8.2,24.64,83.82,4.16,TNP_0006,0,2016
2016-07-02 01:00:00+00:00,103.75,134.25,26.02,76.46,5.0,TNP_0006,0,2016
2016-07-02 02:00:00+00:00,287.95,351.33,28.18,63.1,7.12,TNP_0006,0,2016
2016-07-02 03:00:00+00:00,524.0,568.45,30.43,49.92,8.44,TNP_0006,0,2016
2016-07-02 04:00:00+00:00,687.9,750.38,32.46,41.18,9.05,TNP_0006,0,2016
2016-07-02 05:00:00+00:00,696.35,876.25,33.96,36.43,9.3,TNP_0006,0,2016
2016-07-02 06:00:00+00:00,913.22,918.83,35.07,33.52,9.45,TNP_0006,0,2016
2016-07-02 07:00:00+00:00,897.85,900.58,36.01,31.43,9.66,TNP_0006,0,2016
2016-07-02 08:00:00+00:00,771.58,809.78,36.55,30.56,9.96,TNP_0006,0,2016
2016-07-02 09:00:00+00:00,655.2,656.53,35.94,32.45,10.0,TNP_0006,0,2016
2016-07-02 10:00:00+00:00,457.08,461.5,34.82,36.06,9.61,TNP_0006,0,2016
2016-07-02 11:00:00+00:00,230.43,249.95,33.51,40.66,8.91,TNP_0006,0,2016
2016-07-02 12:00:00+00:00,63.38,68.7,31.79,46.9,7.8,TNP_0006,0,2016
2016-07-02 13:00:00+00:00,0.0,0.0,30.15,53.63,6.99,TNP_0006,0,2016
2016-07-02 14:00:00+00:00,0.0,0.0,29.16,58.77,6.71,TNP_0006,0,2016
2016-07-02 15:00:00+00:00,0.0,0.0,28.33,63.81,6.66,TNP_0006,0,2016
2016-07-02 16:00:00+00:00,0.0,0.0,27.64,68.43,6.73,TNP_0006,0,2016
2016-07-02 17:00:00+00:00,0.0,0.0,27.1,72.09,6.7,TNP_0006,0,2016
2016-07-02 18:00:00+00:00,0.0,0.0,26.66,74.55,6.62,TNP_0006,0,2016
2016-07-02 19:00:00+00:00,0.0,0.0,26.27,76.37,6.36,TNP_0006,0,2016
2016-07-02 20:00:00+00:00,0.0,0.0,25.94,77.65,6.06,TNP_0006,0,2016
2016-07-02 21:00:00+00:00,0.0,0.0,25.65,78.61,5.5,TNP_0006,0,2016
2016-07-02 22:00:00+00:00,0.0,0.0,25.4,79.32,4.99,TNP_0006,0,2016
2016-07-02 23:00:00+00:00,0.0,0.0,25.2,79.96,4.76,TNP_0006,0,2016
2016-07-03 00:00:00+00:00,7.53,7.57,25.12,80.09,4.82,TNP_0006,0,2016
2016-07-03 01:00:00+00:00,119.55,122.4,26.41,73.67,5.94,TNP_0006,0,2016
2016-07-03 02:00:00+00:00,319.95,327.55,28.57,61.85,7.84,TNP_0006,0,2016
2016-07-03 03:00:00+00:00,542.1,543.65,30.83,51.65,8.9,TNP_0006,0,2016
2016-07-03 04:00:00+00:00,715.72,727.15,33.14,44.6,9.26,TNP_0006,0,2016
2016-07-03 05:00:00+00:00,835.0,855.97,35.24,39.56,9.15,TNP_0006,0,2016
2016-07-03 06:00:00+00:00,899.28,929.55,36.89,35.97,8.96,TNP_0006,0,2016
2016-07-03 07:00:00+00:00,848.7,915.67,37.96,33.47,8.84,TNP_0006,0,2016
2016-07-03 08:00:00+00:00,818.33,832.83,38.41,32.1,8.72,TNP_0006,0,2016
2016-07-03 09:00:00+00:00,680.12,686.97,38.28,31.66,8.35,TNP_0006,0,2016
2016-07-03 10:00:00+00:00,482.55,492.0,37.32,32.93,7.87,TNP_0006,0,2016
2016-07-03 11:00:00+00:00,259.8,271.58,35.58,37.33,6.93,TNP_0006,0,2016
2016-07-03 12:00:00+00:00,72.32,74.88,33.43,44.79,5.52,TNP_0006,0,2016
2016-07-03 13:00:00+00:00,0.0,0.0,31.49,52.04,4.71,TNP_0006,0,2016
2016-07-03 14:00:00+00:00,0.0,0.0,30.45,55.62,4.75,TNP_0006,0,2016
2016-07-03 15:00:00+00:00,0.0,0.0,29.56,58.21,5.24,TNP_0006,0,2016
2016-07-03 16:00:00+00:00,0.0,0.0,28.83,60.39,6.02,TNP_0006,0,2016
2016-07-03 17:00:00+00:00,0.0,0.0,28.08,63.52,6.28,TNP_0006,0,2016
2016-07-03 18:00:00+00:00,0.0,0.0,27.37,66.48,5.98,TNP_0006,0,2016
2016-07-03 19:00:00+00:00,0.0,0.0,26.74,68.9,5.52,TNP_0006,0,2016
2016-07-03 20:00:00+00:00,0.0,0.0,26.17,70.85,5.13,TNP_0006,0,2016
2016-07-03 21:00:00+00:00,0.0,0.0,25.69,72.26,4.7,TNP_0006,0,2016
2016-07-03 22:00:00+00:00,0.0,0.0,25.27,73.55,4.32,TNP_0006,0,2016
2016-07-03 23:00:00+00:00,0.0,0.0,24.92,74.78,4.11,TNP_0006,0,2016
2016-07-04 00:00:00+00:00,7.62,7.82,24.77,75.55,4.02,TNP_0006,0,2016
2016-07-04 01:00:00+00:00,119.45,133.45,26.17,69.4,5.55,TNP_0006,0,2016
2016-07-04 02:00:00+00:00,296.45,349.95,28.46,59.24,7.35,TNP_0006,0,2016
2016-07-04 03:00:00+00:00,471.02,567.95,30.74,51.05,7.76,TNP_0006,0,2016
2016-07-04 04:00:00+00:00,650.05,750.12,32.93,45.2,7.73,TNP_0006,0,2016
2016-07-04 05:00:00+00:00,769.17,876.33,34.81,40.75,7.63,TNP_0006,0,2016
2016-07-04 06:00:00+00:00,882.9,915.58,36.09,37.86,7.53,TNP_0006,0,2016
2016-07-04 07:00:00+00:00,741.53,904.47,36.52,36.71,7.57,TNP_0006,0,2016
2016-07-04 08:00:00+00:00,557.88,823.67,36.3,36.96,7.67,TNP_0006,0,2016
2016-07-04 09:00:00+00:00,547.53,680.38,35.37,38.91,7.69,TNP_0006,0,2016
2016-07-04 10:00:00+00:00,368.17,486.62,34.39,41.34,7.55,TNP_0006,0,2016
2016-07-04 11:00:00+00:00,210.85,271.15,33.38,44.18,7.19,TNP_0006,0,2016
2016-07-04 12:00:00+00:00,59.83,74.9,31.89,48.84,6.14,TNP_0006,0,2016
2016-07-04 13:00:00+00:00,0.0,0.0,30.18,54.94,5.29,TNP_0006,0,2016
2016-07-04 14:00:00+00:00,0.0,0.0,29.24,58.59,5.59,TNP_0006,0,2016
2016-07-04 15:00:00+00:00,0.0,0.0,28.33,63.18,5.97,TNP_0006,0,2016
2016-07-04 16:00:00+00:00,0.0,0.0,27.57,67.9,6.17,TNP_0006,0,2016
2016-07-04 17:00:00+00:00,0.0,0.0,26.98,71.74,6.3,TNP_0006,0,2016
2016-07-04 18:00:00+00:00,0.0,0.0,26.49,74.89,6.24,TNP_0006,0,2016
2016-07-04 19:00:00+00:00,0.0,0.0,26.04,77.63,6.09,TNP_0006,0,2016
2016-07-04 20:00:00+00:00,0.0,0.0,25.7,79.66,6.06,TNP_0006,0,2016
2016-07-04 21:00:00+00:00,0.0,0.0,25.48,81.08,5.46,TNP_0006,0,2016
2016-07-04 22:00:00+00:00,0.0,0.0,25.3,82.37,4.59,TNP_0006,0,2016
2016-07-04 23:00:00+00:00,0.0,0.0,25.16,83.66,3.71,TNP_0006,0,2016
2016-07-05 00:00:00+00:00,7.57,7.82,25.12,84.33,3.13,TNP_0006,0,2016
2016-07-05 01:00:00+00:00,130.07,137.68,26.02,79.96,3.8,TNP_0006,0,2016
2016-07-05 02:00:00+00:00,336.33,355.23,27.6,72.16,5.0,TNP_0006,0,2016
2016-07-05 03:00:00+00:00,564.38,571.22,29.14,64.13,5.94,TNP_0006,0,2016
2016-07-05 04:00:00+00:00,748.55,750.58,30.59,56.97,6.37,TNP_0006,0,2016
2016-07-05 05:00:00+00:00,872.5,875.15,32.04,51.09,6.17,TNP_0006,0,2016
2016-07-05 06:00:00+00:00,894.9,937.12,33.42,46.12,5.75,TNP_0006,0,2016
2016-07-05 07:00:00+00:00,793.47,925.38,34.76,41.66,5.58,TNP_0006,0,2016
2016-07-05 08:00:00+00:00,679.25,842.62,35.72,38.45,5.71,TNP_0006,0,2016
2016-07-05 09:00:00+00:00,537.97,696.58,35.97,37.08,5.98,TNP_0006,0,2016
2016-07-05 10:00:00+00:00,349.33,501.3,35.52,37.65,6.43,TNP_0006,0,2016
2016-07-05 11:00:00+00:00,185.75,278.98,34.42,40.56,6.72,TNP_0006,0,2016
2016-07-05 12:00:00+00:00,51.45,76.97,32.47,47.73,6.17,TNP_0006,0,2016
2016-07-05 13:00:00+00:00,0.0,0.0,30.49,55.47,5.36,TNP_0006,0,2016
2016-07-05 14:00:00+00:00,0.0,0.0,29.72,59.35,5.21,TNP_0006,0,2016
2016-07-05 15:00:00+00:00,0.0,0.0,29.11,63.1,5.47,TNP_0006,0,2016
2016-07-05 16:00:00+00:00,0.0,0.0,28.46,67.41,5.51,TNP_0006,0,2016
2016-07-05 17:00:00+00:00,0.0,0.0,27.91,71.17,5.64,TNP_0006,0,2016
2016-07-05 18:00:00+00:00,0.0,0.0,27.44,74.1,5.79,TNP_0006,0,2016
2016-07-05 19:00:00+00:00,0.0,0.0,27.0,76.63,5.84,TNP_0006,0,2016
2016-07-05 20:00:00+00:00,0.0,0.0,26.59,78.8,5.7,TNP_0006,0,2016
2016-07-05 21:00:00+00:00,0.0,0.0,26.19,80.88,4.9,TNP_0006,0,2016
2016-07-05 22:00:00+00:00,0.0,0.0,25.8,82.94,3.9,TNP_0006,0,2016
2016-07-05 23:00:00+00:00,0.0,0.0,25.42,85.05,3.06,TNP_0006,0,2016
2016-07-06 00:00:00+00:00,5.7,7.32,25.31,85.8,2.76,TNP_0006,0,2016
2016-07-06 01:00:00+00:00,84.0,128.77,26.87,78.08,3.98,TNP_0006,0,2016
2016-07-06 02:00:00+00:00,227.27,341.8,29.15,66.91,5.22,TNP_0006,0,2016
2016-07-06 03:00:00+00:00,461.55,557.47,30.98,58.53,6.19,TNP_0006,0,2016
2016-07-06 04:00:00+00:00,651.3,740.83,32.25,53.32,6.81,TNP_0006,0,2016
2016-07-06 05:00:00+00:00,727.22,868.4,33.13,49.79,7.07,TNP_0006,0,2016
2016-07-06 06:00:00+00:00,802.83,915.53,33.81,47.13,7.19,TNP_0006,0,2016
2016-07-06 07:00:00+00:00,786.45,901.1,34.17,45.54,7.27,TNP_0006,0,2016
2016-07-06 08:00:00+00:00,700.05,816.9,34.01,45.66,7.38,TNP_0006,0,2016
2016-07-06 09:00:00+00:00,451.38,673.88,33.4,47.53,7.36,TNP_0006,0,2016
2016-07-06 10:00:00+00:00,285.9,481.8,32.63,50.26,7.17,TNP_0006,0,2016
2016-07-06 11:00:00+00:00,152.8,266.73,31.67,53.95,6.53,TNP_0006,0,2016
2016-07-06 12:00:00+00:00,45.33,74.15,30.41,59.61,4.99,TNP_0006,0,2016
2016-07-06 13:00:00+00:00,0.0,0.0,29.11,66.41,3.58,TNP_0006,0,2016
2016-07-06 14:00:00+00:00,0.0,0.0,28.57,69.51,3.38,TNP_0006,0,2016
2016-07-06 15:00:00+00:00,0.0,0.0,28.15,71.73,3.91,TNP_0006,0,2016
2016-07-06 16:00:00+00:00,0.0,0.0,27.79,73.82,4.67,TNP_0006,0,2016
2016-07-06 17:00:00+00:00,0.0,0.0,27.49,75.46,5.44,TNP_0006,0,2016
2016-07-06 18:00:00+00:00,0.0,0.0,27.11,77.26,5.25,TNP_0006,0,2016
2016-07-06 19:00:00+00:00,0.0,0.0,26.76,78.63,5.09,TNP_0006,0,2016
2016-07-06 20:00:00+00:00,0.0,0.0,26.45,79.62,4.99,TNP_0006,0,2016
2016-07-06 21:00:00+00:00,0.0,0.0,26.16,80.51,4.49,TNP_0006,0,2016
2016-07-06 22:00:00+00:00,0.0,0.0,25.9,81.33,3.99,TNP_0006,0,2016
2016-07-06 23:00:00+00:00,0.0,0.0,25.63,82.18,3.43,TNP_0006,0,2016
2016-07-07 00:00:00+00:00,6.12,7.07,25.46,82.52,3.02,TNP_0006,0,2016
2016-07-07 01:00:00+00:00,88.78,126.12,26.6,75.83,3.98,TNP_0006,0,2016
2016-07-07 02:00:00+00:00,242.1,339.55,28.61,63.79,5.42,TNP_0006,0,2016
2016-07-07 03:00:00+00:00,437.5,554.72,31.06,52.0,6.27,TNP_0006,0,2016
2016-07-07 04:00:00+00:00,621.8,735.42,33.02,44.28,6.63,TNP_0006,0,2016
2016-07-07 05:00:00+00:00,663.08,861.6,34.28,40.52,7.01,TNP_0006,0,2016
2016-07-07 06:00:00+00:00,712.95,922.4,35.07,38.54,7.59,TNP_0006,0,2016
2016-07-07 07:00:00+00:00,837.17,911.08,35.45,37.51,8.11,TNP_0006,0,2016
2016-07-07 08:00:00+00:00,687.8,827.97,35.35,37.37,8.71,TNP_0006,0,2016
2016-07-07 09:00:00+00:00,516.97,682.38,34.74,37.67,9.02,TNP_0006,0,2016
2016-07-07 10:00:00+00:00,303.42,488.3,34.06,37.51,8.88,TNP_0006,0,2016
2016-07-07 11:00:00+00:00,164.05,269.75,33.19,37.98,8.06,TNP_0006,0,2016
2016-07-07 12:00:00+00:00,47.92,74.1,31.62,41.37,6.65,TNP_0006,0,2016
2016-07-07 13:00:00+00:00,0.0,0.0,29.76,46.76,5.34,TNP_0006,0,2016
2016-07-07 14:00:00+00:00,0.0,0.0,28.6,50.93,4.46,TNP_0006,0,2016
2016-07-07 15:00:00+00:00,0.0,0.0,27.83,53.64,4.31,TNP_0006,0,2016
2016-07-07 16:00:00+00:00,0.0,0.0,27.29,55.68,4.78,TNP_0006,0,2016
2016-07-07 17:00:00+00:00,0.0,0.0,26.65,59.15,5.0,TNP_0006,0,2016
2016-07-07 18:00:00+00:00,0.0,0.0,26.09,62.35,5.2,TNP_0006,0,2016
2016-07-07 19:00:00+00:00,0.0,0.0,25.71,64.38,5.49,TNP_0006,0,2016
2016-07-07 20:00:00+00:00,0.0,0.0,25.42,66.22,5.69,TNP_0006,0,2016
2016-07-07 21:00:00+00:00,0.0,0.0,25.21,68.43,5.47,TNP_0006,0,2016
2016-07-07 22:00:00+00:00,0.0,0.0,25.07,70.76,5.23,TNP_0006,0,2016
2016-07-07 23:00:00+00:00,0.0,0.0,24.91,72.58,5.11,TNP_0006,0,2016
2016-07-08 00:00:00+00:00,7.03,7.12,24.85,72.67,5.19,TNP_0006,0,2016
2016-07-08 01:00:00+00:00,126.38,132.68,26.15,65.98,5.97,TNP_0006,0,2016
2016-07-08 02:00:00+00:00,327.12,350.08,28.57,54.3,7.76,TNP_0006,0,2016
2016-07-08 03:00:00+00:00,554.2,566.62,31.03,46.63,8.85,TNP_0006,0,2016
2016-07-08 04:00:00+00:00,697.47,746.62,33.11,41.23,9.47,TNP_0006,0,2016
2016-07-08 05:00:00+00:00,812.72,871.92,34.57,37.52,9.88,TNP_0006,0,2016
2016-07-08 06:00:00+00:00,827.75,919.8,35.36,35.84,10.26,TNP_0006,0,2016
2016-07-08 07:00:00+00:00,685.47,903.6,35.43,35.99,10.7,TNP_0006,0,2016
2016-07-08 08:00:00+00:00,525.17,818.83,35.08,37.16,10.89,TNP_0006,0,2016
2016-07-08 09:00:00+00:00,495.0,669.5,34.3,39.51,10.74,TNP_0006,0,2016
2016-07-08 10:00:00+00:00,298.48,480.55,33.23,42.74,10.49,TNP_0006,0,2016
2016-07-08 11:00:00+00:00,158.65,265.02,31.82,47.28,9.93,TNP_0006,0,2016
2016-07-08 12:00:00+00:00,45.9,72.3,30.3,53.19,8.67,TNP_0006,0,2016
2016-07-08 13:00:00+00:00,0.0,0.0,28.97,59.2,7.15,TNP_0006,0,2016
2016-07-08 14:00:00+00:00,0.0,0.0,28.14,62.88,6.5,TNP_0006,0,2016
2016-07-08 15:00:00+00:00,0.0,0.0,27.39,65.35,6.33,TNP_0006,0,2016
2016-07-08 16:00:00+00:00,0.0,0.0,26.75,66.7,6.22,TNP_0006,0,2016
2016-07-08 17:00:00+00:00,0.0,0.0,26.23,67.56,6.05,TNP_0006,0,2016
2016-07-08 18:00:00+00:00,0.0,0.0,25.82,68.13,5.85,TNP_0006,0,2016
2016-07-08 19:00:00+00:00,0.0,0.0,25.42,68.69,5.39,TNP_0006,0,2016
2016-07-08 20:00:00+00:00,0.0,0.0,25.03,69.5,4.77,TNP_0006,0,2016
2016-07-08 21:00:00+00:00,0.0,0.0,24.7,70.47,4.04,TNP_0006,0,2016
2016-07-08 22:00:00+00:00,0.0,0.0,24.5,71.35,3.53,TNP_0006,0,2016
2016-07-08 23:00:00+00:00,0.0,0.0,24.35,72.5,3.23,TNP_0006,0,2016
2016-07-09 00:00:00+00:00,4.65,6.5,24.31,73.5,3.21,TNP_0006,0,2016
2016-07-09 01:00:00+00:00,75.78,114.3,25.82,67.73,4.9,TNP_0006,0,2016
2016-07-09 02:00:00+00:00,204.77,314.33,28.2,61.85,7.4,TNP_0006,0,2016
2016-07-09 03:00:00+00:00,436.23,528.05,30.8,53.74,9.39,TNP_0006,0,2016
2016-07-09 04:00:00+00:00,619.22,711.28,33.02,45.47,10.8,TNP_0006,0,2016
2016-07-09 05:00:00+00:00,652.58,840.12,34.65,39.37,11.74,TNP_0006,0,2016
2016-07-09 06:00:00+00:00,827.7,923.88,35.57,35.69,12.41,TNP_0006,0,2016
2016-07-09 07:00:00+00:00,769.0,911.55,35.95,33.78,12.67,TNP_0006,0,2016
2016-07-09 08:00:00+00:00,639.88,831.88,35.79,33.42,12.57,TNP_0006,0,2016
2016-07-09 09:00:00+00:00,567.4,687.47,35.1,34.59,12.04,TNP_0006,0,2016
2016-07-09 10:00:00+00:00,389.67,492.48,34.21,37.15,11.36,TNP_0006,0,2016
2016-07-09 11:00:00+00:00,215.75,271.7,32.97,41.72,10.53,TNP_0006,0,2016
2016-07-09 12:00:00+00:00,68.57,75.3,31.4,48.44,9.23,TNP_0006,0,2016
2016-07-09 13:00:00+00:00,0.0,0.0,29.99,55.54,7.8,TNP_0006,0,2016
2016-07-09 14:00:00+00:00,0.0,0.0,29.17,60.67,6.86,TNP_0006,0,2016
2016-07-09 15:00:00+00:00,0.0,0.0,28.48,64.83,6.13,TNP_0006,0,2016
2016-07-09 16:00:00+00:00,0.0,0.0,27.85,68.49,5.29,TNP_0006,0,2016
2016-07-09 17:00:00+00:00,0.0,0.0,27.28,71.71,4.89,TNP_0006,0,2016
2016-07-09 18:00:00+00:00,0.0,0.0,26.78,74.6,4.84,TNP_0006,0,2016
2016-07-09 19:00:00+00:00,0.0,0.0,26.31,77.31,4.65,TNP_0006,0,2016
2016-07-09 20:00:00+00:00,0.0,0.0,25.94,79.53,4.5,TNP_0006,0,2016
2016-07-09 21:00:00+00:00,0.0,0.0,25.69,81.11,4.32,TNP_0006,0,2016
2016-07-09 22:00:00+00:00,0.0,0.0,25.45,82.7,4.09,TNP_0006,0,2016
2016-07-09 23:00:00+00:00,0.0,0.0,25.24,84.17,3.88,TNP_0006,0,2016
2016-07-10 00:00:00+00:00,5.43,6.32,25.19,84.65,3.78,TNP_0006,0,2016
2016-07-10 01:00:00+00:00,74.88,110.0,26.59,77.84,4.82,TNP_0006,0,2016
2016-07-10 02:00:00+00:00,201.77,308.08,29.02,64.99,7.5,TNP_0006,0,2016
2016-07-10 03:00:00+00:00,365.0,519.35,31.21,53.28,9.45,TNP_0006,0,2016
2016-07-10 04:00:00+00:00,463.92,700.7,32.94,45.51,10.56,TNP_0006,0,2016
2016-07-10 05:00:00+00:00,691.65,828.15,33.97,41.64,11.2,TNP_0006,0,2016
2016-07-10 06:00:00+00:00,815.15,924.75,34.19,41.01,11.52,TNP_0006,0,2016
2016-07-10 07:00:00+00:00,779.05,915.28,34.19,41.46,11.48,TNP_0006,0,2016
2016-07-10 08:00:00+00:00,745.4,833.33,34.21,41.58,11.23,TNP_0006,0,2016
2016-07-10 09:00:00+00:00,477.38,684.55,34.05,41.93,10.98,TNP_0006,0,2016
2016-07-10 10:00:00+00:00,350.98,484.65,33.72,42.83,10.75,TNP_0006,0,2016
2016-07-10 11:00:00+00:00,183.43,264.4,32.88,45.34,10.35,TNP_0006,0,2016
2016-07-10 12:00:00+00:00,53.65,72.07,31.53,49.83,9.57,TNP_0006,0,2016
2016-07-10 13:00:00+00:00,0.0,0.0,30.11,55.53,8.52,TNP_0006,0,2016
2016-07-10 14:00:00+00:00,0.0,0.0,29.19,60.29,7.62,TNP_0006,0,2016
2016-07-10 15:00:00+00:00,0.0,0.0,28.42,64.51,7.06,TNP_0006,0,2016
2016-07-10 16:00:00+00:00,0.0,0.0,27.73,68.28,6.59,TNP_0006,0,2016
2016-07-10 17:00:00+00:00,0.0,0.0,27.09,71.73,5.92,TNP_0006,0,2016
2016-07-10 18:00:00+00:00,0.0,0.0,26.61,74.34,5.49,TNP_0006,0,2016
2016-07-10 19:00:00+00:00,0.0,0.0,26.24,76.42,5.32,TNP_0006,0,2016
2016-07-10 20:00:00+00:00,0.0,0.0,25.95,78.06,5.1,TNP_0006,0,2016
2016-07-10 21:00:00+00:00,0.0,0.0,25.7,79.38,4.81,TNP_0006,0,2016
2016-07-10 22:00:00+00:00,0.0,0.0,25.49,80.32,4.51,TNP_0006,0,2016
2016-07-10 23:00:00+00:00,0.0,0.0,25.3,80.97,4.31,TNP_0006,0,2016
2016-07-11 00:00:00+00:00,4.7,6.28,25.22,81.06,4.4,TNP_0006,0,2016
2016-07-11 01:00:00+00:00,91.3,112.95,26.39,75.12,5.46,TNP_0006,0,2016
2016-07-11 02:00:00+00:00,247.77,315.1,28.4,65.61,7.13,TNP_0006,0,2016
2016-07-11 03:00:00+00:00,510.73,531.83,30.52,56.93,8.32,TNP_0006,0,2016
2016-07-11 04:00:00+00:00,700.55,718.35,32.46,49.83,9.19,TNP_0006,0,2016
2016-07-11 05:00:00+00:00,776.2,848.28,34.22,43.82,9.78,TNP_0006,0,2016
2016-07-11 06:00:00+00:00,746.2,895.15,35.45,39.46,10.13,TNP_0006,0,2016
2016-07-11 07:00:00+00:00,566.88,876.35,36.22,36.73,10.37,TNP_0006,0,2016
2016-07-11 08:00:00+00:00,486.2,788.17,36.52,35.44,10.69,TNP_0006,0,2016
2016-07-11 09:00:00+00:00,567.72,644.85,36.19,36.02,10.92,TNP_0006,0,2016
2016-07-11 10:00:00+00:00,393.12,458.02,35.06,38.62,10.99,TNP_0006,0,2016
2016-07-11 11:00:00+00:00,224.75,247.62,33.6,42.13,10.5,TNP_0006,0,2016
2016-07-11 12:00:00+00:00,64.97,68.5,32.02,46.6,9.34,TNP_0006,0,2016
2016-07-11 13:00:00+00:00,0.0,0.0,30.53,51.62,8.03,TNP_0006,0,2016
2016-07-11 14:00:00+00:00,0.0,0.0,29.61,55.58,7.44,TNP_0006,0,2016
2016-07-11 15:00:00+00:00,0.0,0.0,28.74,59.95,6.88,TNP_0006,0,2016
2016-07-11 16:00:00+00:00,0.0,0.0,27.92,64.48,6.38,TNP_0006,0,2016
2016-07-11 17:00:00+00:00,0.0,0.0,27.21,68.69,6.12,TNP_0006,0,2016
2016-07-11 18:00:00+00:00,0.0,0.0,26.62,72.23,5.89,TNP_0006,0,2016
2016-07-11 19:00:00+00:00,0.0,0.0,26.14,75.16,5.49,TNP_0006,0,2016
2016-07-11 20:00:00+00:00,0.0,0.0,25.82,77.2,5.23,TNP_0006,0,2016
2016-07-11 21:00:00+00:00,0.0,0.0,25.55,78.77,4.73,TNP_0006,0,2016
2016-07-11 22:00:00+00:00,0.0,0.0,25.32,80.08,4.15,TNP_0006,0,2016
2016-07-11 23:00:00+00:00,0.0,0.0,25.14,81.13,3.88,TNP_0006,0,2016
2016-07-12 00:00:00+00:00,4.47,6.15,25.06,81.86,3.88,TNP_0006,0,2016
2016-07-12 01:00:00+00:00,72.6,111.12,26.32,75.88,5.17,TNP_0006,0,2016
2016-07-12 02:00:00+00:00,226.32,313.3,28.51,64.5,7.47,TNP_0006,0,2016
2016-07-12 03:00:00+00:00,421.67,524.08,30.67,53.96,8.81,TNP_0006,0,2016
2016-07-12 04:00:00+00:00,607.28,705.38,32.76,45.01,9.28,TNP_0006,0,2016
2016-07-12 05:00:00+00:00,683.62,825.95,34.59,38.65,9.16,TNP_0006,0,2016
2016-07-12 06:00:00+00:00,729.97,937.85,35.76,35.16,9.06,TNP_0006,0,2016
2016-07-12 07:00:00+00:00,693.42,933.62,36.49,33.29,9.0,TNP_0006,0,2016
2016-07-12 08:00:00+00:00,570.42,850.47,36.59,33.05,8.8,TNP_0006,0,2016
2016-07-12 09:00:00+00:00,548.03,700.15,35.88,34.61,8.6,TNP_0006,0,2016
2016-07-12 10:00:00+00:00,388.85,496.58,34.6,37.6,8.7,TNP_0006,0,2016
2016-07-12 11:00:00+00:00,202.27,265.75,33.2,41.44,8.58,TNP_0006,0,2016
2016-07-12 12:00:00+00:00,59.45,70.85,31.67,46.55,7.8,TNP_0006,0,2016
2016-07-12 13:00:00+00:00,0.0,0.0,30.27,52.24,6.77,TNP_0006,0,2016
2016-07-12 14:00:00+00:00,0.0,0.0,29.43,56.69,6.12,TNP_0006,0,2016
2016-07-12 15:00:00+00:00,0.0,0.0,28.66,60.86,5.94,TNP_0006,0,2016
2016-07-12 16:00:00+00:00,0.0,0.0,27.95,64.72,5.91,TNP_0006,0,2016
2016-07-12 17:00:00+00:00,0.0,0.0,27.25,68.46,5.77,TNP_0006,0,2016
2016-07-12 18:00:00+00:00,0.0,0.0,26.61,72.23,5.42,TNP_0006,0,2016
2016-07-12 19:00:00+00:00,0.0,0.0,26.08,75.54,5.26,TNP_0006,0,2016
2016-07-12 20:00:00+00:00,0.0,0.0,25.69,78.05,5.1,TNP_0006,0,2016
2016-07-12 21:00:00+00:00,0.0,0.0,25.39,79.87,4.76,TNP_0006,0,2016
2016-07-12 22:00:00+00:00,0.0,0.0,25.13,81.26,4.37,TNP_0006,0,2016
2016-07-12 23:00:00+00:00,0.0,0.0,24.86,82.65,3.85,TNP_0006,0,2016
2016-07-13 00:00:00+00:00,6.12,6.2,24.72,83.45,3.31,TNP_0006,0,2016
2016-07-13 01:00:00+00:00,113.55,115.1,25.87,77.47,4.5,TNP_0006,0,2016
2016-07-13 02:00:00+00:00,314.6,318.58,28.02,66.46,6.31,TNP_0006,0,2016
2016-07-13 03:00:00+00:00,534.25,534.58,30.58,54.35,7.39,TNP_0006,0,2016
2016-07-13 04:00:00+00:00,718.97,719.47,33.05,44.49,7.85,TNP_0006,0,2016
2016-07-13 05:00:00+00:00,851.25,851.7,35.1,37.78,7.75,TNP_0006,0,2016
2016-07-13 06:00:00+00:00,910.67,919.97,36.75,33.33,7.44,TNP_0006,0,2016
2016-07-13 07:00:00+00:00,824.22,910.55,37.87,30.66,7.31,TNP_0006,0,2016
2016-07-13 08:00:00+00:00,685.05,829.33,38.22,29.75,7.4,TNP_0006,0,2016
2016-07-13 09:00:00+00:00,591.33,682.03,37.55,31.09,7.52,TNP_0006,0,2016
2016-07-13 10:00:00+00:00,386.35,484.65,36.32,33.86,7.71,TNP_0006,0,2016
2016-07-13 11:00:00+00:00,191.0,262.48,34.8,37.78,7.71,TNP_0006,0,2016
2016-07-13 12:00:00+00:00,52.92,71.65,33.06,43.02,7.0,TNP_0006,0,2016
2016-07-13 13:00:00+00:00,0.0,0.0,31.34,49.16,6.09,TNP_0006,0,2016
2016-07-13 14:00:00+00:00,0.0,0.0,30.34,53.43,5.92,TNP_0006,0,2016
2016-07-13 15:00:00+00:00,0.0,0.0,29.49,57.58,5.89,TNP_0006,0,2016
2016-07-13 16:00:00+00:00,0.0,0.0,28.74,61.54,5.94,TNP_0006,0,2016
2016-07-13 17:00:00+00:00,0.0,0.0,28.1,65.06,5.91,TNP_0006,0,2016
2016-07-13 18:00:00+00:00,0.0,0.0,27.57,67.8,5.95,TNP_0006,0,2016
2016-07-13 19:00:00+00:00,0.0,0.0,27.1,70.07,5.74,TNP_0006,0,2016
2016-07-13 20:00:00+00:00,0.0,0.0,26.68,71.95,5.3,TNP_0006,0,2016
2016-07-13 21:00:00+00:00,0.0,0.0,26.32,73.43,4.68,TNP_0006,0,2016
2016-07-13 22:00:00+00:00,0.0,0.0,25.94,74.96,4.01,TNP_0006,0,2016
2016-07-13 23:00:00+00:00,0.0,0.0,25.58,76.7,3.4,TNP_0006,0,2016
2016-07-14 00:00:00+00:00,5.82,6.2,25.43,77.42,3.24,TNP_0006,0,2016
2016-07-14 01:00:00+00:00,114.7,117.97,26.57,71.43,4.6,TNP_0006,0,2016
2016-07-14 02:00:00+00:00,308.55,325.05,28.64,60.85,5.95,TNP_0006,0,2016
2016-07-14 03:00:00+00:00,536.85,541.65,31.11,50.25,6.3,TNP_0006,0,2016
2016-07-14 04:00:00+00:00,719.05,724.92,33.45,42.02,5.99,TNP_0006,0,2016
2016-07-14 05:00:00+00:00,848.78,853.7,35.43,36.16,5.34,TNP_0006,0,2016
2016-07-14 06:00:00+00:00,929.65,935.7,37.17,31.88,4.75,TNP_0006,0,2016
2016-07-14 07:00:00+00:00,887.45,921.3,38.31,29.24,4.55,TNP_0006,0,2016
2016-07-14 08:00:00+00:00,684.05,836.05,38.83,27.95,4.68,TNP_0006,0,2016
2016-07-14 09:00:00+00:00,546.25,686.47,38.69,27.82,4.9,TNP_0006,0,2016
2016-07-14 10:00:00+00:00,411.12,488.02,37.79,29.2,5.11,TNP_0006,0,2016
2016-07-14 11:00:00+00:00,206.57,266.92,36.49,31.94,5.18,TNP_0006,0,2016
2016-07-14 12:00:00+00:00,56.95,74.03,34.61,37.5,4.44,TNP_0006,0,2016
2016-07-14 13:00:00+00:00,0.0,0.0,32.67,44.58,3.67,TNP_0006,0,2016
2016-07-14 14:00:00+00:00,0.0,0.0,31.59,49.76,3.72,TNP_0006,0,2016
2016-07-14 15:00:00+00:00,0.0,0.0,30.65,54.77,3.84,TNP_0006,0,2016
2016-07-14 16:00:00+00:00,0.0,0.0,29.8,59.16,3.83,TNP_0006,0,2016
2016-07-14 17:00:00+00:00,0.0,0.0,29.05,62.94,4.07,TNP_0006,0,2016
2016-07-14 18:00:00+00:00,0.0,0.0,28.28,66.55,4.6,TNP_0006,0,2016
2016-07-14 19:00:00+00:00,0.0,0.0,27.58,69.53,5.04,TNP_0006,0,2016
2016-07-14 20:00:00+00:00,0.0,0.0,27.05,71.67,5.24,TNP_0006,0,2016
2016-07-14 21:00:00+00:00,0.0,0.0,26.71,73.18,4.78,TNP_0006,0,2016
2016-07-14 22:00:00+00:00,0.0,0.0,26.4,74.77,3.94,TNP_0006,0,2016
2016-07-14 23:00:00+00:00,0.0,0.0,26.13,76.17,3.33,TNP_0006,0,2016
2016-07-15 00:00:00+00:00,4.95,6.15,25.89,77.52,3.01,TNP_0006,0,2016
2016-07-15 01:00:00+00:00,105.75,122.6,26.97,71.61,4.08,TNP_0006,0,2016
2016-07-15 02:00:00+00:00,292.95,336.15,29.0,60.7,4.69,TNP_0006,0,2016
2016-07-15 03:00:00+00:00,513.1,555.17,31.19,51.11,4.48,TNP_0006,0,2016
2016-07-15 04:00:00+00:00,659.33,739.38,32.99,45.23,3.89,TNP_0006,0,2016
2016-07-15 05:00:00+00:00,855.67,867.58,34.44,41.43,3.33,TNP_0006,0,2016
2016-07-15 06:00:00+00:00,894.22,909.3,35.33,39.52,3.02,TNP_0006,0,2016
2016-07-15 07:00:00+00:00,788.4,897.38,35.58,39.21,3.11,TNP_0006,0,2016
2016-07-15 08:00:00+00:00,659.05,812.15,35.34,40.13,3.53,TNP_0006,0,2016
2016-07-15 09:00:00+00:00,536.62,662.0,34.8,41.82,3.69,TNP_0006,0,2016
2016-07-15 10:00:00+00:00,316.5,469.42,34.17,43.74,3.74,TNP_0006,0,2016
2016-07-15 11:00:00+00:00,169.75,253.55,33.23,47.38,3.63,TNP_0006,0,2016
2016-07-15 12:00:00+00:00,49.62,68.4,31.43,59.14,2.68,TNP_0006,0,2016
2016-07-15 13:00:00+00:00,0.0,0.0,29.76,69.39,2.64,TNP_0006,0,2016
2016-07-15 14:00:00+00:00,0.0,0.0,28.9,73.36,2.92,TNP_0006,0,2016
2016-07-15 15:00:00+00:00,0.0,0.0,28.18,77.52,2.94,TNP_0006,0,2016
2016-07-15 16:00:00+00:00,0.0,0.0,27.63,81.17,2.78,TNP_0006,0,2016
2016-07-15 17:00:00+00:00,0.0,0.0,27.17,84.17,2.59,TNP_0006,0,2016
2016-07-15 18:00:00+00:00,0.0,0.0,26.69,86.4,2.57,TNP_0006,0,2016
2016-07-15 19:00:00+00:00,0.0,0.0,26.19,87.84,2.85,TNP_0006,0,2016
2016-07-15 20:00:00+00:00,0.0,0.0,25.73,88.64,3.44,TNP_0006,0,2016
2016-07-15 21:00:00+00:00,0.0,0.0,25.32,89.26,3.73,TNP_0006,0,2016
2016-07-15 22:00:00+00:00,0.0,0.0,24.95,90.45,3.17,TNP_0006,0,2016
2016-07-15 23:00:00+00:00,0.0,0.0,24.71,91.15,2.85,TNP_0006,0,2016
2016-07-16 00:00:00+00:00,4.9,5.65,24.62,91.19,2.74,TNP_0006,0,2016
2016-07-16 01:00:00+00:00,101.82,110.18,25.17,87.52,3.1,TNP_0006,0,2016
2016-07-16 02:00:00+00:00,277.67,310.88,26.5,79.05,3.27,TNP_0006,0,2016
2016-07-16 03:00:00+00:00,506.0,525.15,28.64,64.7,3.72,TNP_0006,0,2016
2016-07-16 04:00:00+00:00,700.58,705.72,30.32,56.2,3.23,TNP_0006,0,2016
2016-07-16 05:00:00+00:00,804.0,833.6,31.71,51.59,2.43,TNP_0006,0,2016
2016-07-16 06:00:00+00:00,891.65,929.47,32.3,49.55,2.08,TNP_0006,0,2016
2016-07-16 07:00:00+00:00,861.78,916.12,32.37,49.0,2.14,TNP_0006,0,2016
2016-07-16 08:00:00+00:00,786.85,832.55,32.27,49.07,2.19,TNP_0006,0,2016
2016-07-16 09:00:00+00:00,605.97,684.33,31.84,49.85,2.18,TNP_0006,0,2016
2016-07-16 10:00:00+00:00,374.12,485.3,31.25,51.22,2.03,TNP_0006,0,2016
2016-07-16 11:00:00+00:00,193.77,261.95,30.73,53.2,1.95,TNP_0006,0,2016
2016-07-16 12:00:00+00:00,53.95,71.6,29.76,61.47,1.51,TNP_0006,0,2016
2016-07-16 13:00:00+00:00,0.0,0.0,28.27,75.81,1.52,TNP_0006,0,2016
2016-07-16 14:00:00+00:00,0.0,0.0,27.73,76.67,1.81,TNP_0006,0,2016
2016-07-16 15:00:00+00:00,0.0,0.0,27.3,77.81,2.07,TNP_0006,0,2016
2016-07-16 16:00:00+00:00,0.0,0.0,26.85,80.33,2.13,TNP_0006,0,2016
2016-07-16 17:00:00+00:00,0.0,0.0,26.4,83.44,2.05,TNP_0006,0,2016
2016-07-16 18:00:00+00:00,0.0,0.0,26.01,85.96,2.01,TNP_0006,0,2016
2016-07-16 19:00:00+00:00,0.0,0.0,25.63,88.01,2.04,TNP_0006,0,2016
2016-07-16 20:00:00+00:00,0.0,0.0,25.27,89.72,2.03,TNP_0006,0,2016
2016-07-16 21:00:00+00:00,0.0,0.0,24.99,91.07,1.76,TNP_0006,0,2016
2016-07-16 22:00:00+00:00,0.0,0.0,24.74,92.1,1.4,TNP_0006,0,2016
2016-07-16 23:00:00+00:00,0.0,0.0,24.56,92.58,1.3,TNP_0006,0,2016
2016-07-17 00:00:00+00:00,4.43,5.55,24.53,92.18,1.39,TNP_0006,0,2016
2016-07-17 01:00:00+00:00,80.8,110.25,25.11,87.55,2.18,TNP_0006,0,2016
2016-07-17 02:00:00+00:00,235.55,314.33,26.21,80.01,2.74,TNP_0006,0,2016
2016-07-17 03:00:00+00:00,428.73,528.5,27.7,70.86,2.27,TNP_0006,0,2016
2016-07-17 04:00:00+00:00,472.02,713.08,28.94,63.94,1.2,TNP_0006,0,2016
2016-07-17 05:00:00+00:00,692.25,839.58,29.6,60.1,0.62,TNP_0006,0,2016
2016-07-17 06:00:00+00:00,769.25,900.95,29.92,58.52,0.46,TNP_0006,0,2016
2016-07-17 07:00:00+00:00,563.67,892.45,30.12,57.73,0.61,TNP_0006,0,2016
2016-07-17 08:00:00+00:00,593.67,809.38,30.2,57.71,0.95,TNP_0006,0,2016
2016-07-17 09:00:00+00:00,547.97,664.05,30.07,58.59,1.23,TNP_0006,0,2016
2016-07-17 10:00:00+00:00,328.08,463.0,29.64,60.78,1.44,TNP_0006,0,2016
2016-07-17 11:00:00+00:00,190.23,254.07,28.9,65.05,1.55,TNP_0006,0,2016
2016-07-17 12:00:00+00:00,55.4,67.15,27.79,73.44,1.47,TNP_0006,0,2016
2016-07-17 13:00:00+00:00,0.0,0.0,26.59,85.21,1.33,TNP_0006,0,2016
2016-07-17 14:00:00+00:00,0.0,0.0,25.99,87.43,1.52,TNP_0006,0,2016
2016-07-17 15:00:00+00:00,0.0,0.0,25.51,88.19,1.83,TNP_0006,0,2016
2016-07-17 16:00:00+00:00,0.0,0.0,25.17,88.91,2.16,TNP_0006,0,2016
2016-07-17 17:00:00+00:00,0.0,0.0,24.89,89.65,2.62,TNP_0006,0,2016
2016-07-17 18:00:00+00:00,0.0,0.0,24.61,90.49,3.37,TNP_0006,0,2016
2016-07-17 19:00:00+00:00,0.0,0.0,24.33,91.55,4.0,TNP_0006,0,2016
2016-07-17 20:00:00+00:00,0.0,0.0,24.08,92.14,4.3,TNP_0006,0,2016
2016-07-17 21:00:00+00:00,0.0,0.0,23.8,92.4,3.85,TNP_0006,0,2016
2016-07-17 22:00:00+00:00,0.0,0.0,23.59,92.43,3.39,TNP_0006,0,2016
2016-07-17 23:00:00+00:00,0.0,0.0,23.43,92.65,3.03,TNP_0006,0,2016
2016-07-18 00:00:00+00:00,5.3,5.43,23.39,92.86,2.81,TNP_0006,0,2016
2016-07-18 01:00:00+00:00,108.28,110.62,24.17,89.3,3.4,TNP_0006,0,2016
2016-07-18 02:00:00+00:00,305.98,312.4,25.87,80.42,4.15,TNP_0006,0,2016
2016-07-18 03:00:00+00:00,529.55,530.47,27.85,69.74,4.78,TNP_0006,0,2016
2016-07-18 04:00:00+00:00,702.1,715.03,29.45,62.22,4.67,TNP_0006,0,2016
2016-07-18 05:00:00+00:00,809.95,845.42,30.39,58.35,4.3,TNP_0006,0,2016
2016-07-18 06:00:00+00:00,882.4,913.5,30.53,57.22,4.03,TNP_0006,0,2016
2016-07-18 07:00:00+00:00,836.55,905.38,30.08,58.41,3.85,TNP_0006,0,2016
2016-07-18 08:00:00+00:00,704.55,823.67,29.7,59.84,3.66,TNP_0006,0,2016
2016-07-18 09:00:00+00:00,526.3,673.7,29.27,61.35,3.32,TNP_0006,0,2016
2016-07-18 10:00:00+00:00,298.62,474.48,28.7,63.48,3.1,TNP_0006,0,2016
2016-07-18 11:00:00+00:00,133.23,254.82,28.11,66.23,2.93,TNP_0006,0,2016
2016-07-18 12:00:00+00:00,44.5,70.53,27.24,73.26,2.16,TNP_0006,0,2016
2016-07-18 13:00:00+00:00,0.0,0.0,26.19,81.69,1.88,TNP_0006,0,2016
2016-07-18 14:00:00+00:00,0.0,0.0,25.75,82.87,1.99,TNP_0006,0,2016
2016-07-18 15:00:00+00:00,0.0,0.0,25.4,83.75,2.27,TNP_0006,0,2016
2016-07-18 16:00:00+00:00,0.0,0.0,25.08,84.12,2.92,TNP_0006,0,2016
2016-07-18 17:00:00+00:00,0.0,0.0,24.72,85.44,3.44,TNP_0006,0,2016
2016-07-18 18:00:00+00:00,0.0,0.0,24.36,86.64,3.88,TNP_0006,0,2016
2016-07-18 19:00:00+00:00,0.0,0.0,24.0,87.9,4.12,TNP_0006,0,2016
2016-07-18 20:00:00+00:00,0.0,0.0,23.69,88.91,4.18,TNP_0006,0,2016
2016-07-18 21:00:00+00:00,0.0,0.0,23.48,89.04,4.03,TNP_0006,0,2016
2016-07-18 22:00:00+00:00,0.0,0.0,23.35,88.5,4.1,TNP_0006,0,2016
2016-07-18 23:00:00+00:00,0.0,0.0,23.23,88.31,4.0,TNP_0006,0,2016
2016-07-19 00:00:00+00:00,4.03,5.45,23.16,87.63,3.9,TNP_0006,0,2016
2016-07-19 01:00:00+00:00,81.65,115.62,23.67,84.27,3.88,TNP_0006,0,2016
2016-07-19 02:00:00+00:00,248.05,329.15,24.99,74.7,4.63,TNP_0006,0,2016
2016-07-19 03:00:00+00:00,449.17,547.95,26.94,63.67,5.43,TNP_0006,0,2016
2016-07-19 04:00:00+00:00,633.2,730.05,29.21,54.54,5.66,TNP_0006,0,2016
2016-07-19 05:00:00+00:00,736.67,858.58,31.18,48.2,5.38,TNP_0006,0,2016
2016-07-19 06:00:00+00:00,816.55,919.12,32.71,43.95,4.92,TNP_0006,0,2016
2016-07-19 07:00:00+00:00,685.65,904.92,33.71,41.27,4.57,TNP_0006,0,2016
2016-07-19 08:00:00+00:00,735.28,813.4,34.08,40.0,4.29,TNP_0006,0,2016
2016-07-19 09:00:00+00:00,583.17,662.0,33.84,40.1,3.97,TNP_0006,0,2016
2016-07-19 10:00:00+00:00,327.7,474.65,33.19,41.32,3.6,TNP_0006,0,2016
2016-07-19 11:00:00+00:00,189.8,263.62,32.27,44.37,3.17,TNP_0006,0,2016
2016-07-19 12:00:00+00:00,57.5,71.53,30.55,56.75,2.06,TNP_0006,0,2016
2016-07-19 13:00:00+00:00,0.0,0.0,28.95,65.51,2.12,TNP_0006,0,2016
2016-07-19 14:00:00+00:00,0.0,0.0,28.3,66.46,2.6,TNP_0006,0,2016
2016-07-19 15:00:00+00:00,0.0,0.0,27.67,67.21,3.52,TNP_0006,0,2016
2016-07-19 16:00:00+00:00,0.0,0.0,27.03,69.45,4.31,TNP_0006,0,2016
2016-07-19 17:00:00+00:00,0.0,0.0,26.45,72.91,4.6,TNP_0006,0,2016
2016-07-19 18:00:00+00:00,0.0,0.0,25.85,76.92,4.47,TNP_0006,0,2016
2016-07-19 19:00:00+00:00,0.0,0.0,25.39,80.2,4.51,TNP_0006,0,2016
2016-07-19 20:00:00+00:00,0.0,0.0,25.03,82.82,4.49,TNP_0006,0,2016
2016-07-19 21:00:00+00:00,0.0,0.0,24.77,84.93,3.9,TNP_0006,0,2016
2016-07-19 22:00:00+00:00,0.0,0.0,24.58,86.6,3.22,TNP_0006,0,2016
2016-07-19 23:00:00+00:00,0.0,0.0,24.43,87.92,2.76,TNP_0006,0,2016
2016-07-20 00:00:00+00:00,4.12,5.55,24.35,88.48,2.64,TNP_0006,0,2016
2016-07-20 01:00:00+00:00,74.15,117.6,25.34,82.69,3.41,TNP_0006,0,2016
2016-07-20 02:00:00+00:00,210.6,330.35,27.44,69.69,4.35,TNP_0006,0,2016
2016-07-20 03:00:00+00:00,378.92,548.25,29.8,56.81,4.78,TNP_0006,0,2016
2016-07-20 04:00:00+00:00,527.0,732.65,31.97,47.82,4.57,TNP_0006,0,2016
2016-07-20 05:00:00+00:00,627.05,862.58,33.7,42.16,4.03,TNP_0006,0,2016
2016-07-20 06:00:00+00:00,797.7,872.95,34.93,38.74,3.52,TNP_0006,0,2016
2016-07-20 07:00:00+00:00,781.1,860.83,35.44,37.24,3.23,TNP_0006,0,2016
2016-07-20 08:00:00+00:00,615.83,778.1,35.23,37.47,3.09,TNP_0006,0,2016
2016-07-20 09:00:00+00:00,540.1,632.15,34.66,38.82,3.3,TNP_0006,0,2016
2016-07-20 10:00:00+00:00,300.58,439.6,33.89,40.86,3.63,TNP_0006,0,2016
2016-07-20 11:00:00+00:00,162.55,230.55,32.78,44.76,3.72,TNP_0006,0,2016
2016-07-20 12:00:00+00:00,47.4,60.83,31.04,53.62,3.03,TNP_0006,0,2016
2016-07-20 13:00:00+00:00,0.0,0.0,29.54,61.81,2.87,TNP_0006,0,2016
2016-07-20 14:00:00+00:00,0.0,0.0,28.59,65.56,2.97,TNP_0006,0,2016
2016-07-20 15:00:00+00:00,0.0,0.0,27.77,69.77,3.02,TNP_0006,0,2016
2016-07-20 16:00:00+00:00,0.0,0.0,27.09,73.7,2.97,TNP_0006,0,2016
2016-07-20 17:00:00+00:00,0.0,0.0,26.57,76.91,3.04,TNP_0006,0,2016
2016-07-20 18:00:00+00:00,0.0,0.0,26.16,79.51,3.09,TNP_0006,0,2016
2016-07-20 19:00:00+00:00,0.0,0.0,25.76,81.44,3.14,TNP_0006,0,2016
2016-07-20 20:00:00+00:00,0.0,0.0,25.28,83.39,3.16,TNP_0006,0,2016
2016-07-20 21:00:00+00:00,0.0,0.0,24.82,85.17,3.06,TNP_0006,0,2016
2016-07-20 22:00:00+00:00,0.0,0.0,24.41,86.62,3.09,TNP_0006,0,2016
2016-07-20 23:00:00+00:00,0.0,0.0,24.05,87.81,2.96,TNP_0006,0,2016
2016-07-21 00:00:00+00:00,3.33,5.07,23.91,88.03,2.92,TNP_0006,0,2016
2016-07-21 01:00:00+00:00,69.32,106.93,24.76,83.18,3.89,TNP_0006,0,2016
2016-07-21 02:00:00+00:00,201.93,311.8,26.29,73.65,5.09,TNP_0006,0,2016
2016-07-21 03:00:00+00:00,370.2,529.65,28.21,62.87,5.67,TNP_0006,0,2016
2016-07-21 04:00:00+00:00,545.88,716.4,30.24,53.49,5.71,TNP_0006,0,2016
2016-07-21 05:00:00+00:00,779.45,848.78,32.12,45.91,5.61,TNP_0006,0,2016
2016-07-21 06:00:00+00:00,704.1,912.03,33.56,40.91,5.56,TNP_0006,0,2016
2016-07-21 07:00:00+00:00,777.22,900.95,34.55,37.91,5.52,TNP_0006,0,2016
2016-07-21 08:00:00+00:00,640.72,817.78,34.92,36.72,5.51,TNP_0006,0,2016
2016-07-21 09:00:00+00:00,418.08,669.62,34.29,38.41,5.64,TNP_0006,0,2016
2016-07-21 10:00:00+00:00,280.92,469.12,33.03,42.51,5.94,TNP_0006,0,2016
2016-07-21 11:00:00+00:00,144.52,248.48,31.75,47.55,5.99,TNP_0006,0,2016
2016-07-21 12:00:00+00:00,44.53,65.25,30.14,55.28,5.15,TNP_0006,0,2016
2016-07-21 13:00:00+00:00,0.0,0.0,28.68,62.39,4.61,TNP_0006,0,2016
2016-07-21 14:00:00+00:00,0.0,0.0,27.97,65.44,4.6,TNP_0006,0,2016
2016-07-21 15:00:00+00:00,0.0,0.0,27.42,67.69,4.91,TNP_0006,0,2016
2016-07-21 16:00:00+00:00,0.0,0.0,26.88,70.54,5.01,TNP_0006,0,2016
2016-07-21 17:00:00+00:00,0.0,0.0,26.33,73.62,5.0,TNP_0006,0,2016
2016-07-21 18:00:00+00:00,0.0,0.0,25.8,76.25,5.14,TNP_0006,0,2016
2016-07-21 19:00:00+00:00,0.0,0.0,25.3,78.47,5.23,TNP_0006,0,2016
2016-07-21 20:00:00+00:00,0.0,0.0,24.83,80.56,4.77,TNP_0006,0,2016
2016-07-21 21:00:00+00:00,0.0,0.0,24.53,81.74,4.18,TNP_0006,0,2016
2016-07-21 22:00:00+00:00,0.0,0.0,24.3,82.63,3.8,TNP_0006,0,2016
2016-07-21 23:00:00+00:00,0.0,0.0,24.11,83.36,3.69,TNP_0006,0,2016
2016-07-22 00:00:00+00:00,3.7,5.05,23.99,83.76,3.62,TNP_0006,0,2016
2016-07-22 01:00:00+00:00,65.05,108.1,24.81,79.01,4.65,TNP_0006,0,2016
2016-07-22 02:00:00+00:00,171.93,314.62,26.77,67.14,6.6,TNP_0006,0,2016
2016-07-22 03:00:00+00:00,309.5,533.15,29.09,55.25,7.53,TNP_0006,0,2016
2016-07-22 04:00:00+00:00,400.3,718.92,31.28,46.84,7.74,TNP_0006,0,2016
2016-07-22 05:00:00+00:00,471.15,849.85,33.13,41.21,7.58,TNP_0006,0,2016
2016-07-22 06:00:00+00:00,615.17,914.33,34.42,37.71,7.34,TNP_0006,0,2016
2016-07-22 07:00:00+00:00,664.45,901.35,35.41,35.25,7.31,TNP_0006,0,2016
2016-07-22 08:00:00+00:00,562.88,814.62,35.69,34.38,7.42,TNP_0006,0,2016
2016-07-22 09:00:00+00:00,576.05,659.85,35.23,35.35,7.31,TNP_0006,0,2016
2016-07-22 10:00:00+00:00,354.65,449.2,34.13,38.19,6.94,TNP_0006,0,2016
2016-07-22 11:00:00+00:00,203.25,244.45,32.77,42.68,6.22,TNP_0006,0,2016
2016-07-22 12:00:00+00:00,58.35,65.6,30.89,51.52,5.01,TNP_0006,0,2016
2016-07-22 13:00:00+00:00,0.0,0.0,29.11,60.01,4.48,TNP_0006,0,2016
2016-07-22 14:00:00+00:00,0.0,0.0,28.24,63.28,4.68,TNP_0006,0,2016
2016-07-22 15:00:00+00:00,0.0,0.0,27.52,66.55,4.85,TNP_0006,0,2016
2016-07-22 16:00:00+00:00,0.0,0.0,26.82,70.31,4.93,TNP_0006,0,2016
2016-07-22 17:00:00+00:00,0.0,0.0,26.18,74.03,5.01,TNP_0006,0,2016
2016-07-22 18:00:00+00:00,0.0,0.0,25.69,77.12,5.09,TNP_0006,0,2016
2016-07-22 19:00:00+00:00,0.0,0.0,25.3,79.74,5.05,TNP_0006,0,2016
2016-07-22 20:00:00+00:00,0.0,0.0,25.02,81.86,4.74,TNP_0006,0,2016
2016-07-22 21:00:00+00:00,0.0,0.0,24.76,83.6,4.13,TNP_0006,0,2016
2016-07-22 22:00:00+00:00,0.0,0.0,24.47,85.21,3.53,TNP_0006,0,2016
2016-07-22 23:00:00+00:00,0.0,0.0,24.25,86.26,3.33,TNP_0006,0,2016
2016-07-23 00:00:00+00:00,4.57,5.22,24.16,86.38,3.48,TNP_0006,0,2016
2016-07-23 01:00:00+00:00,86.78,114.3,25.26,79.96,4.71,TNP_0006,0,2016
2016-07-23 02:00:00+00:00,240.8,327.77,27.3,68.26,6.15,TNP_0006,0,2016
2016-07-23 03:00:00+00:00,422.75,548.42,29.53,56.93,6.63,TNP_0006,0,2016
2016-07-23 04:00:00+00:00,511.8,734.8,31.53,48.28,6.63,TNP_0006,0,2016
2016-07-23 05:00:00+00:00,574.4,865.85,33.12,42.66,6.28,TNP_0006,0,2016
2016-07-23 06:00:00+00:00,669.28,926.42,34.34,38.95,5.83,TNP_0006,0,2016
2016-07-23 07:00:00+00:00,676.7,913.05,34.96,36.99,5.52,TNP_0006,0,2016
2016-07-23 08:00:00+00:00,495.62,824.45,34.86,36.85,5.31,TNP_0006,0,2016
2016-07-23 09:00:00+00:00,421.5,665.17,34.11,38.64,5.02,TNP_0006,0,2016
2016-07-23 10:00:00+00:00,279.88,461.98,33.21,41.28,5.02,TNP_0006,0,2016
2016-07-23 11:00:00+00:00,146.27,234.77,32.03,45.64,5.12,TNP_0006,0,2016
2016-07-23 12:00:00+00:00,39.67,63.17,30.33,53.18,4.8,TNP_0006,0,2016
2016-07-23 13:00:00+00:00,0.0,0.0,28.86,59.46,4.85,TNP_0006,0,2016
2016-07-23 14:00:00+00:00,0.0,0.0,27.99,63.14,4.96,TNP_0006,0,2016
2016-07-23 15:00:00+00:00,0.0,0.0,27.2,66.79,5.15,TNP_0006,0,2016
2016-07-23 16:00:00+00:00,0.0,0.0,26.45,70.56,5.38,TNP_0006,0,2016
2016-07-23 17:00:00+00:00,0.0,0.0,25.84,74.03,5.51,TNP_0006,0,2016
2016-07-23 18:00:00+00:00,0.0,0.0,25.43,76.89,5.5,TNP_0006,0,2016
2016-07-23 19:00:00+00:00,0.0,0.0,25.27,78.96,5.42,TNP_0006,0,2016
2016-07-23 20:00:00+00:00,0.0,0.0,25.19,80.84,5.1,TNP_0006,0,2016
2016-07-23 21:00:00+00:00,0.0,0.0,25.07,82.42,4.26,TNP_0006,0,2016
2016-07-23 22:00:00+00:00,0.0,0.0,24.88,84.05,3.32,TNP_0006,0,2016
2016-07-23 23:00:00+00:00,0.0,0.0,24.71,85.19,2.85,TNP_0006,0,2016
2016-07-24 00:00:00+00:00,4.9,5.25,24.66,85.4,2.85,TNP_0006,0,2016
2016-07-24 01:00:00+00:00,98.57,116.25,25.54,80.63,3.72,TNP_0006,0,2016
2016-07-24 02:00:00+00:00,264.65,326.42,27.19,71.95,4.65,TNP_0006,0,2016
2016-07-24 03:00:00+00:00,467.6,546.42,28.9,63.03,5.11,TNP_0006,0,2016
2016-07-24 04:00:00+00:00,655.92,735.35,30.61,54.77,5.07,TNP_0006,0,2016
2016-07-24 05:00:00+00:00,832.6,864.9,32.44,47.45,4.85,TNP_0006,0,2016
2016-07-24 06:00:00+00:00,915.0,937.6,33.97,42.18,4.8,TNP_0006,0,2016
2016-07-24 07:00:00+00:00,803.85,926.83,34.72,39.57,4.66,TNP_0006,0,2016
2016-07-24 08:00:00+00:00,739.58,841.92,34.57,39.5,4.39,TNP_0006,0,2016
2016-07-24 09:00:00+00:00,516.35,691.25,33.73,41.73,4.05,TNP_0006,0,2016
2016-07-24 10:00:00+00:00,298.08,483.83,32.72,45.23,3.87,TNP_0006,0,2016
2016-07-24 11:00:00+00:00,166.02,264.05,31.4,51.77,3.53,TNP_0006,0,2016
2016-07-24 12:00:00+00:00,47.4,70.22,29.6,63.17,2.7,TNP_0006,0,2016
2016-07-24 13:00:00+00:00,0.0,0.0,28.16,72.11,2.34,TNP_0006,0,2016
2016-07-24 14:00:00+00:00,0.0,0.0,27.44,76.68,2.16,TNP_0006,0,2016
2016-07-24 15:00:00+00:00,0.0,0.0,26.84,80.41,2.1,TNP_0006,0,2016
2016-07-24 16:00:00+00:00,0.0,0.0,26.31,83.9,2.04,TNP_0006,0,2016
2016-07-24 17:00:00+00:00,0.0,0.0,25.9,86.36,2.04,TNP_0006,0,2016
2016-07-24 18:00:00+00:00,0.0,0.0,25.56,88.12,2.09,TNP_0006,0,2016
2016-07-24 19:00:00+00:00,0.0,0.0,25.27,89.63,2.16,TNP_0006,0,2016
2016-07-24 20:00:00+00:00,0.0,0.0,25.05,90.7,2.19,TNP_0006,0,2016
2016-07-24 21:00:00+00:00,0.0,0.0,24.83,92.06,1.89,TNP_0006,0,2016
2016-07-24 22:00:00+00:00,0.0,0.0,24.65,93.4,1.53,TNP_0006,0,2016
2016-07-24 23:00:00+00:00,0.0,0.0,24.47,94.34,1.41,TNP_0006,0,2016
2016-07-25 00:00:00+00:00,4.65,5.22,24.37,94.63,1.48,TNP_0006,0,2016
2016-07-25 01:00:00+00:00,111.97,119.0,24.98,90.47,2.07,TNP_0006,0,2016
2016-07-25 02:00:00+00:00,325.58,332.35,26.27,81.41,2.3,TNP_0006,0,2016
2016-07-25 03:00:00+00:00,551.38,552.78,28.13,68.78,2.18,TNP_0006,0,2016
2016-07-25 04:00:00+00:00,739.5,739.97,29.9,59.32,1.82,TNP_0006,0,2016
2016-07-25 05:00:00+00:00,811.78,868.85,31.22,53.89,1.57,TNP_0006,0,2016
2016-07-25 06:00:00+00:00,910.67,939.2,32.27,50.15,1.42,TNP_0006,0,2016
2016-07-25 07:00:00+00:00,809.6,925.0,32.92,47.77,1.45,TNP_0006,0,2016
2016-07-25 08:00:00+00:00,596.0,837.17,33.22,46.45,1.58,TNP_0006,0,2016
2016-07-25 09:00:00+00:00,538.9,681.78,33.32,45.85,1.82,TNP_0006,0,2016
2016-07-25 10:00:00+00:00,341.7,476.27,32.73,47.36,2.03,TNP_0006,0,2016
2016-07-25 11:00:00+00:00,157.62,256.45,31.41,54.39,1.88,TNP_0006,0,2016
2016-07-25 12:00:00+00:00,38.53,67.6,29.82,65.83,1.75,TNP_0006,0,2016
2016-07-25 13:00:00+00:00,0.0,0.0,28.28,79.94,1.49,TNP_0006,0,2016
2016-07-25 14:00:00+00:00,0.0,0.0,27.67,82.75,1.65,TNP_0006,0,2016
2016-07-25 15:00:00+00:00,0.0,0.0,27.01,85.81,1.79,TNP_0006,0,2016
2016-07-25 16:00:00+00:00,0.0,0.0,26.39,88.39,2.0,TNP_0006,0,2016
2016-07-25 17:00:00+00:00,0.0,0.0,25.91,90.61,2.31,TNP_0006,0,2016
2016-07-25 18:00:00+00:00,0.0,0.0,25.5,92.45,2.49,TNP_0006,0,2016
2016-07-25 19:00:00+00:00,0.0,0.0,25.17,93.72,2.56,TNP_0006,0,2016
2016-07-25 20:00:00+00:00,0.0,0.0,24.89,94.53,2.6,TNP_0006,0,2016
2016-07-25 21:00:00+00:00,0.0,0.0,24.67,95.24,2.15,TNP_0006,0,2016
2016-07-25 22:00:00+00:00,0.0,0.0,24.53,95.5,1.79,TNP_0006,0,2016
2016-07-25 23:00:00+00:00,0.0,0.0,24.41,95.38,1.77,TNP_0006,0,2016
2016-07-26 00:00:00+00:00,4.47,4.95,24.28,95.4,1.82,TNP_0006,0,2016
2016-07-26 01:00:00+00:00,103.38,113.18,24.87,91.5,2.61,TNP_0006,0,2016
2016-07-26 02:00:00+00:00,293.23,321.85,25.97,84.52,2.9,TNP_0006,0,2016
2016-07-26 03:00:00+00:00,516.58,542.58,27.28,76.43,2.66,TNP_0006,0,2016
2016-07-26 04:00:00+00:00,564.88,731.62,28.46,69.83,2.05,TNP_0006,0,2016
2016-07-26 05:00:00+00:00,792.7,860.4,29.5,64.64,1.5,TNP_0006,0,2016
2016-07-26 06:00:00+00:00,883.38,944.53,30.26,60.83,1.08,TNP_0006,0,2016
2016-07-26 07:00:00+00:00,747.62,932.75,30.56,58.83,1.2,TNP_0006,0,2016
2016-07-26 08:00:00+00:00,756.78,848.45,30.54,58.29,1.65,TNP_0006,0,2016
2016-07-26 09:00:00+00:00,589.25,698.0,30.3,59.1,1.91,TNP_0006,0,2016
2016-07-26 10:00:00+00:00,430.1,493.8,29.89,60.8,2.22,TNP_0006,0,2016
2016-07-26 11:00:00+00:00,223.55,264.67,29.15,65.54,2.27,TNP_0006,0,2016
2016-07-26 12:00:00+00:00,63.12,70.3,27.87,74.74,2.03,TNP_0006,0,2016
2016-07-26 13:00:00+00:00,0.0,0.0,26.62,83.69,1.84,TNP_0006,0,2016
2016-07-26 14:00:00+00:00,0.0,0.0,26.04,85.19,1.99,TNP_0006,0,2016
2016-07-26 15:00:00+00:00,0.0,0.0,25.5,86.47,2.17,TNP_0006,0,2016
2016-07-26 16:00:00+00:00,0.0,0.0,24.97,87.63,2.38,TNP_0006,0,2016
2016-07-26 17:00:00+00:00,0.0,0.0,24.5,88.83,2.49,TNP_0006,0,2016
2016-07-26 18:00:00+00:00,0.0,0.0,24.08,90.02,2.53,TNP_0006,0,2016
2016-07-26 19:00:00+00:00,0.0,0.0,23.73,91.5,2.33,TNP_0006,0,2016
2016-07-26 20:00:00+00:00,0.0,0.0,23.53,92.35,2.18,TNP_0006,0,2016
2016-07-26 21:00:00+00:00,0.0,0.0,23.37,93.54,1.78,TNP_0006,0,2016
2016-07-26 22:00:00+00:00,0.0,0.0,23.26,94.94,1.27,TNP_0006,0,2016
2016-07-26 23:00:00+00:00,0.0,0.0,23.25,95.57,1.06,TNP_0006,0,2016
2016-07-27 00:00:00+00:00,5.03,5.1,23.34,95.59,0.98,TNP_0006,0,2016
2016-07-27 01:00:00+00:00,120.65,122.85,24.11,90.85,1.27,TNP_0006,0,2016
2016-07-27 02:00:00+00:00,341.52,345.7,25.61,83.04,1.61,TNP_0006,0,2016
2016-07-27 03:00:00+00:00,568.17,568.83,27.53,72.48,1.69,TNP_0006,0,2016
2016-07-27 04:00:00+00:00,749.97,753.62,29.08,64.87,1.36,TNP_0006,0,2016
2016-07-27 05:00:00+00:00,832.97,886.78,30.0,61.06,1.23,TNP_0006,0,2016
2016-07-27 06:00:00+00:00,888.15,935.3,30.6,58.67,1.4,TNP_0006,0,2016
2016-07-27 07:00:00+00:00,807.95,924.12,30.97,57.23,1.7,TNP_0006,0,2016
2016-07-27 08:00:00+00:00,658.45,837.95,31.02,57.14,1.98,TNP_0006,0,2016
2016-07-27 09:00:00+00:00,524.25,682.3,30.76,58.54,2.29,TNP_0006,0,2016
2016-07-27 10:00:00+00:00,359.73,474.83,30.12,61.38,2.59,TNP_0006,0,2016
2016-07-27 11:00:00+00:00,165.8,253.32,29.2,67.0,2.54,TNP_0006,0,2016
2016-07-27 12:00:00+00:00,52.38,68.15,27.93,76.33,2.16,TNP_0006,0,2016
2016-07-27 13:00:00+00:00,0.0,0.0,26.76,84.0,1.98,TNP_0006,0,2016
2016-07-27 14:00:00+00:00,0.0,0.0,26.3,84.91,2.21,TNP_0006,0,2016
2016-07-27 15:00:00+00:00,0.0,0.0,25.87,86.36,2.28,TNP_0006,0,2016
2016-07-27 16:00:00+00:00,0.0,0.0,25.48,88.18,2.16,TNP_0006,0,2016
2016-07-27 17:00:00+00:00,0.0,0.0,25.13,90.02,1.94,TNP_0006,0,2016
2016-07-27 18:00:00+00:00,0.0,0.0,24.82,91.69,1.73,TNP_0006,0,2016
2016-07-27 19:00:00+00:00,0.0,0.0,24.5,93.0,1.65,TNP_0006,0,2016
2016-07-27 20:00:00+00:00,0.0,0.0,24.22,94.05,1.62,TNP_0006,0,2016
2016-07-27 21:00:00+00:00,0.0,0.0,23.98,95.07,1.44,TNP_0006,0,2016
2016-07-27 22:00:00+00:00,0.0,0.0,23.8,95.67,1.3,TNP_0006,0,2016
2016-07-27 23:00:00+00:00,0.0,0.0,23.6,95.89,1.39,TNP_0006,0,2016
2016-07-28 00:00:00+00:00,4.55,4.97,23.52,95.53,1.62,TNP_0006,0,2016
2016-07-28 01:00:00+00:00,116.43,122.78,24.43,90.16,2.69,TNP_0006,0,2016
2016-07-28 02:00:00+00:00,331.65,343.7,26.04,81.1,3.2,TNP_0006,0,2016
2016-07-28 03:00:00+00:00,565.25,566.85,28.13,70.46,3.13,TNP_0006,0,2016
2016-07-28 04:00:00+00:00,753.78,754.35,29.69,63.66,2.32,TNP_0006,0,2016
2016-07-28 05:00:00+00:00,881.65,885.45,30.45,60.52,1.47,TNP_0006,0,2016
2016-07-28 06:00:00+00:00,887.67,957.62,30.76,59.3,0.74,TNP_0006,0,2016
2016-07-28 07:00:00+00:00,843.1,942.25,30.74,59.26,0.23,TNP_0006,0,2016
2016-07-28 08:00:00+00:00,731.05,847.08,30.6,59.55,0.1,TNP_0006,0,2016
2016-07-28 09:00:00+00:00,546.55,688.45,30.4,60.47,0.48,TNP_0006,0,2016
2016-07-28 10:00:00+00:00,358.17,473.15,30.06,62.35,0.96,TNP_0006,0,2016
2016-07-28 11:00:00+00:00,200.32,255.98,29.6,66.35,1.28,TNP_0006,0,2016
2016-07-28 12:00:00+00:00,53.2,64.6,28.61,74.25,1.43,TNP_0006,0,2016
2016-07-28 13:00:00+00:00,0.0,0.0,27.4,84.01,1.56,TNP_0006,0,2016
2016-07-28 14:00:00+00:00,0.0,0.0,26.93,84.92,1.76,TNP_0006,0,2016
2016-07-28 15:00:00+00:00,0.0,0.0,26.54,85.78,1.88,TNP_0006,0,2016
2016-07-28 16:00:00+00:00,0.0,0.0,26.16,86.97,1.98,TNP_0006,0,2016
2016-07-28 17:00:00+00:00,0.0,0.0,25.78,88.13,2.12,TNP_0006,0,2016
2016-07-28 18:00:00+00:00,0.0,0.0,25.4,89.22,2.33,TNP_0006,0,2016
2016-07-28 19:00:00+00:00,0.0,0.0,25.05,90.4,2.53,TNP_0006,0,2016
2016-07-28 20:00:00+00:00,0.0,0.0,24.74,91.45,2.76,TNP_0006,0,2016
2016-07-28 21:00:00+00:00,0.0,0.0,24.46,92.33,2.93,TNP_0006,0,2016
2016-07-28 22:00:00+00:00,0.0,0.0,24.23,92.76,3.3,TNP_0006,0,2016
2016-07-28 23:00:00+00:00,0.0,0.0,23.98,93.25,3.48,TNP_0006,0,2016
2016-07-29 00:00:00+00:00,3.88,4.82,23.82,93.4,3.61,TNP_0006,0,2016
2016-07-29 01:00:00+00:00,80.35,118.95,24.35,90.73,4.23,TNP_0006,0,2016
2016-07-29 02:00:00+00:00,221.38,337.35,25.59,83.56,4.67,TNP_0006,0,2016
2016-07-29 03:00:00+00:00,400.92,561.92,27.28,72.01,5.31,TNP_0006,0,2016
2016-07-29 04:00:00+00:00,551.83,750.5,28.84,63.09,5.26,TNP_0006,0,2016
2016-07-29 05:00:00+00:00,666.72,882.2,30.15,57.16,5.11,TNP_0006,0,2016
2016-07-29 06:00:00+00:00,738.08,912.45,31.16,53.05,5.05,TNP_0006,0,2016
2016-07-29 07:00:00+00:00,643.5,901.88,31.87,50.15,4.94,TNP_0006,0,2016
2016-07-29 08:00:00+00:00,536.7,817.0,32.29,48.32,4.7,TNP_0006,0,2016
2016-07-29 09:00:00+00:00,430.9,666.2,32.46,47.38,4.32,TNP_0006,0,2016
2016-07-29 10:00:00+00:00,327.27,463.52,32.31,47.74,3.78,TNP_0006,0,2016
2016-07-29 11:00:00+00:00,175.5,245.18,31.67,51.61,2.88,TNP_0006,0,2016
2016-07-29 12:00:00+00:00,49.08,62.25,29.95,66.04,1.73,TNP_0006,0,2016
2016-07-29 13:00:00+00:00,0.0,0.0,28.53,72.49,1.65,TNP_0006,0,2016
2016-07-29 14:00:00+00:00,0.0,0.0,27.84,74.98,1.74,TNP_0006,0,2016
2016-07-29 15:00:00+00:00,0.0,0.0,27.21,76.99,1.96,TNP_0006,0,2016
2016-07-29 16:00:00+00:00,0.0,0.0,26.66,78.89,2.12,TNP_0006,0,2016
2016-07-29 17:00:00+00:00,0.0,0.0,26.18,81.02,2.17,TNP_0006,0,2016
2016-07-29 18:00:00+00:00,0.0,0.0,25.69,83.4,2.09,TNP_0006,0,2016
2016-07-29 19:00:00+00:00,0.0,0.0,25.36,84.91,2.11,TNP_0006,0,2016
2016-07-29 20:00:00+00:00,0.0,0.0,25.11,85.2,2.51,TNP_0006,0,2016
2016-07-29 21:00:00+00:00,0.0,0.0,24.85,86.11,2.74,TNP_0006,0,2016
2016-07-29 22:00:00+00:00,0.0,0.0,24.59,87.15,2.89,TNP_0006,0,2016
2016-07-29 23:00:00+00:00,0.0,0.0,24.33,88.03,3.08,TNP_0006,0,2016
2016-07-30 00:00:00+00:00,4.32,4.4,24.09,88.93,3.15,TNP_0006,0,2016
2016-07-30 01:00:00+00:00,94.1,106.6,24.84,84.94,4.01,TNP_0006,0,2016
2016-07-30 02:00:00+00:00,260.15,312.48,26.41,74.83,4.93,TNP_0006,0,2016
2016-07-30 03:00:00+00:00,460.08,539.2,28.22,62.93,5.51,TNP_0006,0,2016
2016-07-30 04:00:00+00:00,663.65,734.28,30.01,53.81,5.54,TNP_0006,0,2016
2016-07-30 05:00:00+00:00,674.92,873.67,31.48,47.91,5.5,TNP_0006,0,2016
2016-07-30 06:00:00+00:00,811.75,940.47,32.47,44.31,5.52,TNP_0006,0,2016
2016-07-30 07:00:00+00:00,759.5,932.17,33.04,42.15,5.51,TNP_0006,0,2016
2016-07-30 08:00:00+00:00,556.58,849.4,33.23,41.05,5.54,TNP_0006,0,2016
2016-07-30 09:00:00+00:00,351.08,700.53,33.09,41.08,5.48,TNP_0006,0,2016
2016-07-30 10:00:00+00:00,162.4,496.9,32.6,42.75,5.19,TNP_0006,0,2016
2016-07-30 11:00:00+00:00,139.55,270.42,31.5,48.92,4.05,TNP_0006,0,2016
2016-07-30 12:00:00+00:00,41.3,69.62,29.46,62.02,2.68,TNP_0006,0,2016
2016-07-30 13:00:00+00:00,0.0,0.0,27.92,68.77,2.7,TNP_0006,0,2016
2016-07-30 14:00:00+00:00,0.0,0.0,27.36,70.96,2.91,TNP_0006,0,2016
2016-07-30 15:00:00+00:00,0.0,0.0,26.71,73.82,3.27,TNP_0006,0,2016
2016-07-30 16:00:00+00:00,0.0,0.0,26.05,77.12,3.83,TNP_0006,0,2016
2016-07-30 17:00:00+00:00,0.0,0.0,25.37,80.47,4.39,TNP_0006,0,2016
2016-07-30 18:00:00+00:00,0.0,0.0,24.65,84.05,4.59,TNP_0006,0,2016
2016-07-30 19:00:00+00:00,0.0,0.0,23.97,87.37,4.52,TNP_0006,0,2016
2016-07-30 20:00:00+00:00,0.0,0.0,23.4,89.82,4.39,TNP_0006,0,2016
2016-07-30 21:00:00+00:00,0.0,0.0,22.97,91.2,4.55,TNP_0006,0,2016
2016-07-30 22:00:00+00:00,0.0,0.0,22.66,91.66,4.7,TNP_0006,0,2016
2016-07-30 23:00:00+00:00,0.0,0.0,22.31,92.5,4.37,TNP_0006,0,2016
2016-07-31 00:00:00+00:00,4.07,4.78,22.05,92.98,4.04,TNP_0006,0,2016
2016-07-31 01:00:00+00:00,107.03,123.47,23.41,85.21,4.91,TNP_0006,0,2016
2016-07-31 02:00:00+00:00,310.7,348.52,26.07,70.03,6.34,TNP_0006,0,2016
2016-07-31 03:00:00+00:00,545.17,575.83,28.7,56.81,7.06,TNP_0006,0,2016
2016-07-31 04:00:00+00:00,674.92,765.03,31.2,48.32,7.07,TNP_0006,0,2016
2016-07-31 05:00:00+00:00,858.78,896.08,33.28,43.31,7.04,TNP_0006,0,2016
2016-07-31 06:00:00+00:00,896.05,947.62,34.79,39.78,7.04,TNP_0006,0,2016
2016-07-31 07:00:00+00:00,771.12,939.97,35.83,37.01,6.99,TNP_0006,0,2016
2016-07-31 08:00:00+00:00,696.2,858.97,36.47,35.28,6.92,TNP_0006,0,2016
2016-07-31 09:00:00+00:00,595.85,709.28,36.39,35.1,7.04,TNP_0006,0,2016
2016-07-31 10:00:00+00:00,419.42,508.7,35.63,36.42,7.19,TNP_0006,0,2016
2016-07-31 11:00:00+00:00,224.75,281.17,34.25,40.14,6.81,TNP_0006,0,2016
2016-07-31 12:00:00+00:00,60.85,75.47,31.85,49.17,5.37,TNP_0006,0,2016
2016-07-31 13:00:00+00:00,0.0,0.0,29.58,57.46,4.8,TNP_0006,0,2016
2016-07-31 14:00:00+00:00,0.0,0.0,28.45,62.13,4.92,TNP_0006,0,2016
2016-07-31 15:00:00+00:00,0.0,0.0,27.56,66.6,4.98,TNP_0006,0,2016
2016-07-31 16:00:00+00:00,0.0,0.0,26.73,71.24,4.85,TNP_0006,0,2016
2016-07-31 17:00:00+00:00,0.0,0.0,26.02,75.2,4.96,TNP_0006,0,2016
2016-07-31 18:00:00+00:00,0.0,0.0,25.38,79.06,5.07,TNP_0006,0,2016
2016-07-31 19:00:00+00:00,0.0,0.0,24.77,82.93,4.91,TNP_0006,0,2016
2016-07-31 20:00:00+00:00,0.0,0.0,24.25,86.28,4.44,TNP_0006,0,2016
2016-07-31 21:00:00+00:00,0.0,0.0,23.8,88.93,3.9,TNP_0006,0,2016
2016-07-31 22:00:00+00:00,0.0,0.0,23.42,90.95,3.45,TNP_0006,0,2016
2016-07-31 23:00:00+00:00,0.0,0.0,23.06,92.65,3.05,TNP_0006,0,2016
2016-08-01 00:00:00+00:00,4.9,4.75,22.92,92.99,3.0,TNP_0006,0,2016
2016-08-01 01:00:00+00:00,118.15,125.35,24.55,83.66,4.58,TNP_0006,0,2016
2016-08-01 02:00:00+00:00,333.1,354.12,27.04,70.31,6.52,TNP_0006,0,2016
2016-08-01 03:00:00+00:00,551.92,581.97,29.33,59.63,7.59,TNP_0006,0,2016
2016-08-01 04:00:00+00:00,742.8,769.9,31.13,52.18,8.01,TNP_0006,0,2016
2016-08-01 05:00:00+00:00,780.83,900.45,32.46,47.24,8.02,TNP_0006,0,2016
2016-08-01 06:00:00+00:00,914.9,974.3,33.49,43.7,7.99,TNP_0006,0,2016
2016-08-01 07:00:00+00:00,892.85,963.6,34.17,41.22,7.98,TNP_0006,0,2016
2016-08-01 08:00:00+00:00,759.0,879.5,34.42,39.98,7.96,TNP_0006,0,2016
2016-08-01 09:00:00+00:00,676.15,729.45,34.14,40.5,8.08,TNP_0006,0,2016
2016-08-01 10:00:00+00:00,476.5,526.8,33.45,42.63,8.18,TNP_0006,0,2016
2016-08-01 11:00:00+00:00,255.7,294.88,32.25,47.14,7.78,TNP_0006,0,2016
2016-08-01 12:00:00+00:00,66.57,78.53,30.47,54.34,6.89,TNP_0006,0,2016
2016-08-01 13:00:00+00:00,0.0,0.0,28.9,60.9,6.37,TNP_0006,0,2016
2016-08-01 14:00:00+00:00,0.0,0.0,28.0,65.55,6.01,TNP_0006,0,2016
2016-08-01 15:00:00+00:00,0.0,0.0,27.2,70.07,5.85,TNP_0006,0,2016
2016-08-01 16:00:00+00:00,0.0,0.0,26.44,74.61,5.64,TNP_0006,0,2016
2016-08-01 17:00:00+00:00,0.0,0.0,25.78,78.35,5.45,TNP_0006,0,2016
2016-08-01 18:00:00+00:00,0.0,0.0,25.19,81.44,5.15,TNP_0006,0,2016
2016-08-01 19:00:00+00:00,0.0,0.0,24.64,83.99,4.77,TNP_0006,0,2016
2016-08-01 20:00:00+00:00,0.0,0.0,24.11,86.24,4.4,TNP_0006,0,2016
2016-08-01 21:00:00+00:00,0.0,0.0,23.66,87.97,4.35,TNP_0006,0,2016
2016-08-01 22:00:00+00:00,0.0,0.0,23.25,89.39,4.36,TNP_0006,0,2016
2016-08-01 23:00:00+00:00,0.0,0.0,22.92,90.36,4.34,TNP_0006,0,2016
2016-08-02 00:00:00+00:00,4.45,5.0,22.79,90.37,4.37,TNP_0006,0,2016
2016-08-02 01:00:00+00:00,105.0,136.68,23.76,85.11,4.91,TNP_0006,0,2016
2016-08-02 02:00:00+00:00,304.0,370.45,25.83,74.27,6.81,TNP_0006,0,2016
2016-08-02 03:00:00+00:00,513.97,598.33,27.97,63.94,7.99,TNP_0006,0,2016
2016-08-02 04:00:00+00:00,643.28,788.0,29.96,55.37,8.32,TNP_0006,0,2016
2016-08-02 05:00:00+00:00,809.7,919.8,31.56,49.17,8.5,TNP_0006,0,2016
2016-08-02 06:00:00+00:00,876.8,960.75,32.79,44.79,8.53,TNP_0006,0,2016
2016-08-02 07:00:00+00:00,735.45,946.5,33.56,42.16,8.54,TNP_0006,0,2016
2016-08-02 08:00:00+00:00,780.3,860.72,33.87,41.25,8.79,TNP_0006,0,2016
2016-08-02 09:00:00+00:00,664.9,710.15,33.64,41.99,9.03,TNP_0006,0,2016
2016-08-02 10:00:00+00:00,454.7,509.17,32.8,44.47,9.17,TNP_0006,0,2016
2016-08-02 11:00:00+00:00,250.62,281.48,31.39,48.62,8.84,TNP_0006,0,2016
2016-08-02 12:00:00+00:00,68.95,73.53,29.55,54.58,7.93,TNP_0006,0,2016
2016-08-02 13:00:00+00:00,0.0,0.0,27.9,60.85,6.76,TNP_0006,0,2016
2016-08-02 14:00:00+00:00,0.0,0.0,26.84,65.73,6.18,TNP_0006,0,2016
2016-08-02 15:00:00+00:00,0.0,0.0,26.02,70.18,5.91,TNP_0006,0,2016
2016-08-02 16:00:00+00:00,0.0,0.0,25.27,74.76,5.46,TNP_0006,0,2016
2016-08-02 17:00:00+00:00,0.0,0.0,24.65,78.79,5.02,TNP_0006,0,2016
2016-08-02 18:00:00+00:00,0.0,0.0,24.1,82.21,4.85,TNP_0006,0,2016
2016-08-02 19:00:00+00:00,0.0,0.0,23.56,85.4,4.42,TNP_0006,0,2016
2016-08-02 20:00:00+00:00,0.0,0.0,23.2,87.61,4.22,TNP_0006,0,2016
2016-08-02 21:00:00+00:00,0.0,0.0,22.92,89.19,4.04,TNP_0006,0,2016
2016-08-02 22:00:00+00:00,0.0,0.0,22.65,90.37,3.8,TNP_0006,0,2016
2016-08-02 23:00:00+00:00,0.0,0.0,22.49,90.82,3.57,TNP_0006,0,2016
2016-08-03 00:00:00+00:00,4.7,4.75,22.48,90.58,3.46,TNP_0006,0,2016
2016-08-03 01:00:00+00:00,118.2,127.07,23.95,82.89,4.6,TNP_0006,0,2016
2016-08-03 02:00:00+00:00,332.3,356.65,26.31,71.86,6.38,TNP_0006,0,2016
2016-08-03 03:00:00+00:00,558.25,586.08,28.68,62.07,8.07,TNP_0006,0,2016
2016-08-03 04:00:00+00:00,750.92,778.1,30.87,53.94,9.06,TNP_0006,0,2016
2016-08-03 05:00:00+00:00,866.33,911.6,32.86,47.03,9.83,TNP_0006,0,2016
2016-08-03 06:00:00+00:00,941.17,958.1,34.4,42.07,10.35,TNP_0006,0,2016
2016-08-03 07:00:00+00:00,812.75,946.8,35.39,38.94,10.73,TNP_0006,0,2016
2016-08-03 08:00:00+00:00,730.65,860.0,35.74,37.78,11.01,TNP_0006,0,2016
2016-08-03 09:00:00+00:00,648.3,706.65,35.43,38.21,10.92,TNP_0006,0,2016
2016-08-03 10:00:00+00:00,434.9,508.1,34.53,40.08,10.51,TNP_0006,0,2016
2016-08-03 11:00:00+00:00,229.43,281.48,32.98,43.84,9.78,TNP_0006,0,2016
2016-08-03 12:00:00+00:00,60.5,75.3,30.93,50.11,8.12,TNP_0006,0,2016
2016-08-03 13:00:00+00:00,0.0,0.0,28.95,57.7,6.72,TNP_0006,0,2016
2016-08-03 14:00:00+00:00,0.0,0.0,27.82,63.27,6.06,TNP_0006,0,2016
2016-08-03 15:00:00+00:00,0.0,0.0,26.85,68.7,5.57,TNP_0006,0,2016
2016-08-03 16:00:00+00:00,0.0,0.0,26.06,73.65,5.26,TNP_0006,0,2016
2016-08-03 17:00:00+00:00,0.0,0.0,25.46,77.57,5.13,TNP_0006,0,2016
2016-08-03 18:00:00+00:00,0.0,0.0,24.9,81.14,4.93,TNP_0006,0,2016
2016-08-03 19:00:00+00:00,0.0,0.0,24.4,84.15,4.67,TNP_0006,0,2016
2016-08-03 20:00:00+00:00,0.0,0.0,23.97,86.55,4.34,TNP_0006,0,2016
2016-08-03 21:00:00+00:00,0.0,0.0,23.64,88.36,4.11,TNP_0006,0,2016
2016-08-03 22:00:00+00:00,0.0,0.0,23.42,89.49,3.82,TNP_0006,0,2016
2016-08-03 23:00:00+00:00,0.0,0.0,23.21,90.67,3.2,TNP_0006,0,2016
2016-08-04 00:00:00+00:00,4.28,4.75,23.12,91.26,2.82,TNP_0006,0,2016
2016-08-04 01:00:00+00:00,95.4,128.7,24.43,84.5,3.82,TNP_0006,0,2016
2016-08-04 02:00:00+00:00,285.8,357.3,26.74,72.53,5.95,TNP_0006,0,2016
2016-08-04 03:00:00+00:00,498.08,582.7,28.77,62.72,7.4,TNP_0006,0,2016
2016-08-04 04:00:00+00:00,688.42,770.83,30.53,55.13,7.95,TNP_0006,0,2016
2016-08-04 05:00:00+00:00,812.4,901.83,32.18,49.0,8.31,TNP_0006,0,2016
2016-08-04 06:00:00+00:00,887.85,963.03,33.56,44.28,8.67,TNP_0006,0,2016
2016-08-04 07:00:00+00:00,759.05,951.72,34.61,40.76,8.92,TNP_0006,0,2016
2016-08-04 08:00:00+00:00,769.08,867.92,35.2,38.53,9.04,TNP_0006,0,2016
2016-08-04 09:00:00+00:00,605.83,717.75,35.14,38.18,8.93,TNP_0006,0,2016
2016-08-04 10:00:00+00:00,435.0,515.75,34.45,39.52,8.78,TNP_0006,0,2016
2016-08-04 11:00:00+00:00,238.9,285.62,33.11,42.88,8.63,TNP_0006,0,2016
2016-08-04 12:00:00+00:00,66.85,73.75,31.01,49.43,7.56,TNP_0006,0,2016
2016-08-04 13:00:00+00:00,0.0,0.0,29.11,56.69,6.57,TNP_0006,0,2016
2016-08-04 14:00:00+00:00,0.0,0.0,28.02,61.94,5.96,TNP_0006,0,2016
2016-08-04 15:00:00+00:00,0.0,0.0,27.04,67.52,5.3,TNP_0006,0,2016
2016-08-04 16:00:00+00:00,0.0,0.0,26.26,72.28,5.17,TNP_0006,0,2016
2016-08-04 17:00:00+00:00,0.0,0.0,25.6,76.35,5.12,TNP_0006,0,2016
2016-08-04 18:00:00+00:00,0.0,0.0,25.07,79.48,5.03,TNP_0006,0,2016
2016-08-04 19:00:00+00:00,0.0,0.0,24.61,81.99,4.87,TNP_0006,0,2016
2016-08-04 20:00:00+00:00,0.0,0.0,24.22,84.07,4.47,TNP_0006,0,2016
2016-08-04 21:00:00+00:00,0.0,0.0,23.87,86.14,3.8,TNP_0006,0,2016
2016-08-04 22:00:00+00:00,0.0,0.0,23.61,87.77,3.25,TNP_0006,0,2016
2016-08-04 23:00:00+00:00,0.0,0.0,23.39,89.25,2.87,TNP_0006,0,2016
2016-08-05 00:00:00+00:00,3.95,4.65,23.31,90.0,2.81,TNP_0006,0,2016
2016-08-05 01:00:00+00:00,83.18,129.65,24.49,84.07,3.94,TNP_0006,0,2016
2016-08-05 02:00:00+00:00,239.6,360.48,26.84,71.82,5.75,TNP_0006,0,2016
2016-08-05 03:00:00+00:00,431.55,586.9,29.2,59.91,7.42,TNP_0006,0,2016
2016-08-05 04:00:00+00:00,566.9,774.78,30.98,51.44,8.29,TNP_0006,0,2016
2016-08-05 05:00:00+00:00,623.53,906.1,32.44,45.7,8.47,TNP_0006,0,2016
2016-08-05 06:00:00+00:00,681.58,913.08,33.98,41.06,8.33,TNP_0006,0,2016
2016-08-05 07:00:00+00:00,675.38,901.6,35.16,37.98,8.24,TNP_0006,0,2016
2016-08-05 08:00:00+00:00,504.15,814.7,35.25,37.46,8.38,TNP_0006,0,2016
2016-08-05 09:00:00+00:00,477.67,657.15,34.51,38.96,8.51,TNP_0006,0,2016
2016-08-05 10:00:00+00:00,263.23,441.2,33.69,41.29,8.28,TNP_0006,0,2016
2016-08-05 11:00:00+00:00,139.4,230.62,32.58,45.09,7.66,TNP_0006,0,2016
2016-08-05 12:00:00+00:00,35.62,56.15,30.79,51.46,6.77,TNP_0006,0,2016
2016-08-05 13:00:00+00:00,0.0,0.0,29.17,57.61,6.37,TNP_0006,0,2016
2016-08-05 14:00:00+00:00,0.0,0.0,28.09,62.91,5.47,TNP_0006,0,2016
2016-08-05 15:00:00+00:00,0.0,0.0,27.17,68.13,4.8,TNP_0006,0,2016
2016-08-05 16:00:00+00:00,0.0,0.0,26.46,72.11,4.74,TNP_0006,0,2016
2016-08-05 17:00:00+00:00,0.0,0.0,25.87,75.31,4.78,TNP_0006,0,2016
2016-08-05 18:00:00+00:00,0.0,0.0,25.27,78.42,4.62,TNP_0006,0,2016
2016-08-05 19:00:00+00:00,0.0,0.0,24.77,81.03,4.34,TNP_0006,0,2016
2016-08-05 20:00:00+00:00,0.0,0.0,24.32,83.49,3.92,TNP_0006,0,2016
2016-08-05 21:00:00+00:00,0.0,0.0,23.93,85.7,3.33,TNP_0006,0,2016
2016-08-05 22:00:00+00:00,0.0,0.0,23.69,87.17,3.02,TNP_0006,0,2016
2016-08-05 23:00:00+00:00,0.0,0.0,23.55,88.1,3.05,TNP_0006,0,2016
2016-08-06 00:00:00+00:00,4.18,4.53,23.51,88.45,3.13,TNP_0006,0,2016
2016-08-06 01:00:00+00:00,113.53,124.1,24.64,82.85,4.06,TNP_0006,0,2016
2016-08-06 02:00:00+00:00,315.35,351.23,26.81,71.78,5.99,TNP_0006,0,2016
2016-08-06 03:00:00+00:00,541.72,579.12,29.1,60.29,7.23,TNP_0006,0,2016
2016-08-06 04:00:00+00:00,754.17,770.03,31.24,50.88,7.57,TNP_0006,0,2016
2016-08-06 05:00:00+00:00,902.05,904.65,33.1,44.05,7.48,TNP_0006,0,2016
2016-08-06 06:00:00+00:00,980.17,981.47,34.36,39.7,7.3,TNP_0006,0,2016
2016-08-06 07:00:00+00:00,966.22,970.1,35.01,37.25,7.1,TNP_0006,0,2016
2016-08-06 08:00:00+00:00,866.08,885.72,35.26,36.0,6.91,TNP_0006,0,2016
2016-08-06 09:00:00+00:00,703.55,735.65,35.04,36.19,7.06,TNP_0006,0,2016
2016-08-06 10:00:00+00:00,503.88,532.3,34.35,37.88,7.16,TNP_0006,0,2016
2016-08-06 11:00:00+00:00,272.45,297.85,33.36,41.35,6.6,TNP_0006,0,2016
2016-08-06 12:00:00+00:00,71.5,76.28,31.36,50.07,5.11,TNP_0006,0,2016
2016-08-06 13:00:00+00:00,0.0,0.0,29.22,58.63,4.5,TNP_0006,0,2016
2016-08-06 14:00:00+00:00,0.0,0.0,28.35,62.01,4.8,TNP_0006,0,2016
2016-08-06 15:00:00+00:00,0.0,0.0,27.6,65.73,4.89,TNP_0006,0,2016
2016-08-06 16:00:00+00:00,0.0,0.0,26.99,69.28,5.19,TNP_0006,0,2016
2016-08-06 17:00:00+00:00,0.0,0.0,26.32,73.23,5.62,TNP_0006,0,2016
2016-08-06 18:00:00+00:00,0.0,0.0,25.67,77.14,5.53,TNP_0006,0,2016
2016-08-06 19:00:00+00:00,0.0,0.0,25.1,80.63,4.8,TNP_0006,0,2016
2016-08-06 20:00:00+00:00,0.0,0.0,24.59,83.75,4.04,TNP_0006,0,2016
2016-08-06 21:00:00+00:00,0.0,0.0,24.22,85.88,3.66,TNP_0006,0,2016
2016-08-06 22:00:00+00:00,0.0,0.0,23.92,87.35,3.58,TNP_0006,0,2016
2016-08-06 23:00:00+00:00,0.0,0.0,23.7,88.33,3.67,TNP_0006,0,2016
2016-08-07 00:00:00+00:00,4.4,4.57,23.58,88.91,3.79,TNP_0006,0,2016
2016-08-07 01:00:00+00:00,121.4,127.35,24.61,83.74,4.52,TNP_0006,0,2016
2016-08-07 02:00:00+00:00,346.2,356.6,26.85,71.61,6.17,TNP_0006,0,2016
2016-08-07 03:00:00+00:00,581.83,584.1,29.3,60.23,6.77,TNP_0006,0,2016
2016-08-07 04:00:00+00:00,773.55,774.15,31.78,50.9,6.55,TNP_0006,0,2016
2016-08-07 05:00:00+00:00,904.22,909.62,33.89,44.11,6.23,TNP_0006,0,2016
2016-08-07 06:00:00+00:00,956.88,958.88,35.32,39.83,6.03,TNP_0006,0,2016
2016-08-07 07:00:00+00:00,920.2,948.03,36.06,37.46,5.91,TNP_0006,0,2016
2016-08-07 08:00:00+00:00,757.25,863.9,36.35,36.11,5.9,TNP_0006,0,2016
2016-08-07 09:00:00+00:00,620.6,713.33,36.02,36.33,5.97,TNP_0006,0,2016
2016-08-07 10:00:00+00:00,419.58,511.12,35.02,38.78,5.95,TNP_0006,0,2016
2016-08-07 11:00:00+00:00,222.52,280.88,33.63,43.54,5.72,TNP_0006,0,2016
2016-08-07 12:00:00+00:00,55.62,69.85,31.53,52.77,4.82,TNP_0006,0,2016
2016-08-07 13:00:00+00:00,0.0,0.0,29.75,60.49,4.43,TNP_0006,0,2016
2016-08-07 14:00:00+00:00,0.0,0.0,28.86,64.72,4.16,TNP_0006,0,2016
2016-08-07 15:00:00+00:00,0.0,0.0,28.16,67.81,4.22,TNP_0006,0,2016
2016-08-07 16:00:00+00:00,0.0,0.0,27.5,71.0,4.35,TNP_0006,0,2016
2016-08-07 17:00:00+00:00,0.0,0.0,26.94,73.5,4.77,TNP_0006,0,2016
2016-08-07 18:00:00+00:00,0.0,0.0,26.33,76.15,4.88,TNP_0006,0,2016
2016-08-07 19:00:00+00:00,0.0,0.0,25.8,78.09,5.01,TNP_0006,0,2016
2016-08-07 20:00:00+00:00,0.0,0.0,25.31,79.92,4.91,TNP_0006,0,2016
2016-08-07 21:00:00+00:00,0.0,0.0,24.88,81.77,4.43,TNP_0006,0,2016
2016-08-07 22:00:00+00:00,0.0,0.0,24.57,83.21,4.05,TNP_0006,0,2016
2016-08-07 23:00:00+00:00,0.0,0.0,24.28,84.6,3.76,TNP_0006,0,2016
2016-08-08 00:00:00+00:00,4.43,4.5,24.09,85.52,3.6,TNP_0006,0,2016
2016-08-08 01:00:00+00:00,124.43,125.88,24.89,81.08,4.34,TNP_0006,0,2016
2016-08-08 02:00:00+00:00,353.7,355.85,26.62,71.31,5.82,TNP_0006,0,2016
2016-08-08 03:00:00+00:00,582.38,582.85,28.65,60.83,6.68,TNP_0006,0,2016
2016-08-08 04:00:00+00:00,769.65,774.42,30.74,51.42,6.81,TNP_0006,0,2016
2016-08-08 05:00:00+00:00,882.58,907.85,32.85,43.97,6.5,TNP_0006,0,2016
2016-08-08 06:00:00+00:00,965.6,968.78,34.45,39.25,6.02,TNP_0006,0,2016
2016-08-08 07:00:00+00:00,954.7,957.62,35.44,36.56,5.61,TNP_0006,0,2016
2016-08-08 08:00:00+00:00,829.12,873.05,35.87,35.27,5.47,TNP_0006,0,2016
2016-08-08 09:00:00+00:00,679.8,721.9,35.82,35.14,5.27,TNP_0006,0,2016
2016-08-08 10:00:00+00:00,481.52,518.67,35.42,36.08,5.01,TNP_0006,0,2016
2016-08-08 11:00:00+00:00,262.45,286.3,34.46,39.14,4.56,TNP_0006,0,2016
2016-08-08 12:00:00+00:00,64.18,71.0,32.11,51.52,3.12,TNP_0006,0,2016
2016-08-08 13:00:00+00:00,0.0,0.0,29.94,60.19,3.09,TNP_0006,0,2016
2016-08-08 14:00:00+00:00,0.0,0.0,29.15,62.55,3.5,TNP_0006,0,2016
2016-08-08 15:00:00+00:00,0.0,0.0,28.4,65.5,3.84,TNP_0006,0,2016
2016-08-08 16:00:00+00:00,0.0,0.0,27.84,68.16,4.42,TNP_0006,0,2016
2016-08-08 17:00:00+00:00,0.0,0.0,27.19,71.88,4.52,TNP_0006,0,2016
2016-08-08 18:00:00+00:00,0.0,0.0,26.55,75.49,4.45,TNP_0006,0,2016
2016-08-08 19:00:00+00:00,0.0,0.0,26.03,78.29,4.28,TNP_0006,0,2016
2016-08-08 20:00:00+00:00,0.0,0.0,25.73,79.74,4.26,TNP_0006,0,2016
2016-08-08 21:00:00+00:00,0.0,0.0,25.48,80.87,4.22,TNP_0006,0,2016
2016-08-08 22:00:00+00:00,0.0,0.0,25.23,81.91,4.09,TNP_0006,0,2016
2016-08-08 23:00:00+00:00,0.0,0.0,25.02,82.55,4.22,TNP_0006,0,2016
2016-08-09 00:00:00+00:00,4.07,4.4,24.87,82.61,4.46,TNP_0006,0,2016
2016-08-09 01:00:00+00:00,115.32,124.12,25.6,78.24,5.04,TNP_0006,0,2016
2016-08-09 02:00:00+00:00,339.88,351.65,27.35,67.57,6.24,TNP_0006,0,2016
2016-08-09 03:00:00+00:00,570.45,579.5,29.42,57.3,6.57,TNP_0006,0,2016
2016-08-09 04:00:00+00:00,757.28,770.1,31.54,49.27,6.2,TNP_0006,0,2016
2016-08-09 05:00:00+00:00,902.1,903.12,33.55,43.27,5.62,TNP_0006,0,2016
2016-08-09 06:00:00+00:00,949.53,953.2,35.18,39.1,5.09,TNP_0006,0,2016
2016-08-09 07:00:00+00:00,887.85,941.85,36.13,36.59,4.73,TNP_0006,0,2016
2016-08-09 08:00:00+00:00,740.35,856.6,36.59,35.02,4.58,TNP_0006,0,2016
2016-08-09 09:00:00+00:00,613.42,704.4,36.49,34.52,4.75,TNP_0006,0,2016
2016-08-09 10:00:00+00:00,332.17,501.85,35.86,35.31,5.04,TNP_0006,0,2016
2016-08-09 11:00:00+00:00,180.27,269.12,34.54,38.88,5.19,TNP_0006,0,2016
2016-08-09 12:00:00+00:00,48.5,64.25,32.18,48.5,4.52,TNP_0006,0,2016
2016-08-09 13:00:00+00:00,0.0,0.0,30.24,55.67,5.11,TNP_0006,0,2016
2016-08-09 14:00:00+00:00,0.0,0.0,29.2,60.34,5.64,TNP_0006,0,2016
2016-08-09 15:00:00+00:00,0.0,0.0,28.25,65.52,5.45,TNP_0006,0,2016
2016-08-09 16:00:00+00:00,0.0,0.0,27.42,70.29,4.91,TNP_0006,0,2016
2016-08-09 17:00:00+00:00,0.0,0.0,26.75,73.86,4.93,TNP_0006,0,2016
2016-08-09 18:00:00+00:00,0.0,0.0,26.18,76.67,4.98,TNP_0006,0,2016
2016-08-09 19:00:00+00:00,0.0,0.0,25.71,78.79,5.14,TNP_0006,0,2016
2016-08-09 20:00:00+00:00,0.0,0.0,25.33,80.3,5.37,TNP_0006,0,2016
2016-08-09 21:00:00+00:00,0.0,0.0,25.04,81.28,5.28,TNP_0006,0,2016
2016-08-09 22:00:00+00:00,0.0,0.0,24.77,82.3,4.98,TNP_0006,0,2016
2016-08-09 23:00:00+00:00,0.0,0.0,24.5,83.31,4.75,TNP_0006,0,2016
2016-08-10 00:00:00+00:00,4.32,4.55,24.3,84.09,4.33,TNP_0006,0,2016
2016-08-10 01:00:00+00:00,123.8,131.0,25.16,79.51,4.63,TNP_0006,0,2016
2016-08-10 02:00:00+00:00,353.25,363.8,27.24,68.08,6.1,TNP_0006,0,2016
2016-08-10 03:00:00+00:00,580.1,592.72,29.76,56.4,6.75,TNP_0006,0,2016
2016-08-10 04:00:00+00:00,782.3,783.0,32.22,47.74,6.42,TNP_0006,0,2016
2016-08-10 05:00:00+00:00,911.65,916.25,34.35,41.71,5.75,TNP_0006,0,2016
2016-08-10 06:00:00+00:00,973.75,975.65,35.89,37.82,5.23,TNP_0006,0,2016
2016-08-10 07:00:00+00:00,947.03,963.88,36.84,35.34,4.9,TNP_0006,0,2016
2016-08-10 08:00:00+00:00,772.1,879.25,37.27,33.88,4.79,TNP_0006,0,2016
2016-08-10 09:00:00+00:00,652.88,727.62,37.11,33.61,4.86,TNP_0006,0,2016
2016-08-10 10:00:00+00:00,434.17,522.33,36.36,34.73,4.94,TNP_0006,0,2016
2016-08-10 11:00:00+00:00,219.65,285.45,34.98,38.21,4.81,TNP_0006,0,2016
2016-08-10 12:00:00+00:00,52.0,68.18,32.61,48.81,3.62,TNP_0006,0,2016
2016-08-10 13:00:00+00:00,0.0,0.0,30.5,57.71,3.28,TNP_0006,0,2016
2016-08-10 14:00:00+00:00,0.0,0.0,29.58,60.97,3.44,TNP_0006,0,2016
2016-08-10 15:00:00+00:00,0.0,0.0,28.72,65.04,3.22,TNP_0006,0,2016
2016-08-10 16:00:00+00:00,0.0,0.0,27.97,69.02,2.92,TNP_0006,0,2016
2016-08-10 17:00:00+00:00,0.0,0.0,27.32,72.47,2.76,TNP_0006,0,2016
2016-08-10 18:00:00+00:00,0.0,0.0,26.68,75.36,2.86,TNP_0006,0,2016
2016-08-10 19:00:00+00:00,0.0,0.0,26.15,77.43,3.22,TNP_0006,0,2016
2016-08-10 20:00:00+00:00,0.0,0.0,25.63,79.68,3.48,TNP_0006,0,2016
2016-08-10 21:00:00+00:00,0.0,0.0,25.22,81.43,3.52,TNP_0006,0,2016
2016-08-10 22:00:00+00:00,0.0,0.0,24.83,83.04,3.58,TNP_0006,0,2016
2016-08-10 23:00:00+00:00,0.0,0.0,24.5,84.35,3.59,TNP_0006,0,2016
2016-08-11 00:00:00+00:00,3.97,4.38,24.25,85.31,3.48,TNP_0006,0,2016
2016-08-11 01:00:00+00:00,117.38,125.47,25.15,79.98,4.4,TNP_0006,0,2016
2016-08-11 02:00:00+00:00,350.65,355.85,27.0,69.21,5.64,TNP_0006,0,2016
2016-08-11 03:00:00+00:00,584.55,584.6,29.12,58.71,5.91,TNP_0006,0,2016
2016-08-11 04:00:00+00:00,764.8,777.8,31.18,50.36,5.48,TNP_0006,0,2016
2016-08-11 05:00:00+00:00,910.78,911.78,33.19,43.76,4.82,TNP_0006,0,2016
2016-08-11 06:00:00+00:00,965.78,966.58,34.71,39.4,4.32,TNP_0006,0,2016
2016-08-11 07:00:00+00:00,932.47,953.83,35.53,37.04,4.08,TNP_0006,0,2016
2016-08-11 08:00:00+00:00,836.45,867.8,35.73,36.2,4.1,TNP_0006,0,2016
2016-08-11 09:00:00+00:00,682.95,712.62,35.37,36.8,4.28,TNP_0006,0,2016
2016-08-11 10:00:00+00:00,469.58,504.75,34.62,38.75,4.46,TNP_0006,0,2016
2016-08-11 11:00:00+00:00,239.12,268.48,33.55,43.06,4.23,TNP_0006,0,2016
2016-08-11 12:00:00+00:00,56.6,61.9,31.49,53.33,3.32,TNP_0006,0,2016
2016-08-11 13:00:00+00:00,0.0,0.0,30.01,59.18,3.53,TNP_0006,0,2016
2016-08-11 14:00:00+00:00,0.0,0.0,29.37,61.94,3.87,TNP_0006,0,2016
2016-08-11 15:00:00+00:00,0.0,0.0,28.64,66.08,3.78,TNP_0006,0,2016
2016-08-11 16:00:00+00:00,0.0,0.0,27.95,70.35,3.57,TNP_0006,0,2016
2016-08-11 17:00:00+00:00,0.0,0.0,27.41,73.58,3.57,TNP_0006,0,2016
2016-08-11 18:00:00+00:00,0.0,0.0,26.96,75.86,3.87,TNP_0006,0,2016
2016-08-11 19:00:00+00:00,0.0,0.0,26.68,76.63,4.41,TNP_0006,0,2016
2016-08-11 20:00:00+00:00,0.0,0.0,26.33,77.61,4.72,TNP_0006,0,2016
2016-08-11 21:00:00+00:00,0.0,0.0,26.07,77.69,5.06,TNP_0006,0,2016
2016-08-11 22:00:00+00:00,0.0,0.0,25.75,78.18,4.76,TNP_0006,0,2016
2016-08-11 23:00:00+00:00,0.0,0.0,25.22,80.61,3.85,TNP_0006,0,2016
2016-08-12 00:00:00+00:00,3.97,4.22,24.84,82.19,3.57,TNP_0006,0,2016
2016-08-12 01:00:00+00:00,114.25,119.45,25.85,76.28,4.73,TNP_0006,0,2016
2016-08-12 02:00:00+00:00,329.8,346.55,27.89,65.26,6.0,TNP_0006,0,2016
2016-08-12 03:00:00+00:00,563.67,577.25,30.22,54.57,6.19,TNP_0006,0,2016
2016-08-12 04:00:00+00:00,755.28,770.35,32.17,47.31,5.76,TNP_0006,0,2016
2016-08-12 05:00:00+00:00,854.3,905.28,33.79,42.45,5.11,TNP_0006,0,2016
2016-08-12 06:00:00+00:00,941.0,942.05,35.19,38.94,4.49,TNP_0006,0,2016
2016-08-12 07:00:00+00:00,902.25,927.25,36.07,36.87,4.09,TNP_0006,0,2016
2016-08-12 08:00:00+00:00,676.12,836.55,36.17,36.37,3.98,TNP_0006,0,2016
2016-08-12 09:00:00+00:00,592.12,677.55,35.55,37.31,4.11,TNP_0006,0,2016
2016-08-12 10:00:00+00:00,401.98,467.6,34.65,39.45,4.23,TNP_0006,0,2016
2016-08-12 11:00:00+00:00,217.38,244.3,33.64,43.95,3.88,TNP_0006,0,2016
2016-08-12 12:00:00+00:00,45.83,53.55,31.71,55.25,3.21,TNP_0006,0,2016
2016-08-12 13:00:00+00:00,0.0,0.0,30.05,62.04,3.56,TNP_0006,0,2016
2016-08-12 14:00:00+00:00,0.0,0.0,29.16,65.71,3.97,TNP_0006,0,2016
2016-08-12 15:00:00+00:00,0.0,0.0,28.29,70.22,4.39,TNP_0006,0,2016
2016-08-12 16:00:00+00:00,0.0,0.0,27.54,74.41,4.93,TNP_0006,0,2016
2016-08-12 17:00:00+00:00,0.0,0.0,26.86,78.48,4.49,TNP_0006,0,2016
2016-08-12 18:00:00+00:00,0.0,0.0,26.44,80.48,4.48,TNP_0006,0,2016
2016-08-12 19:00:00+00:00,0.0,0.0,26.01,82.56,4.23,TNP_0006,0,2016
2016-08-12 20:00:00+00:00,0.0,0.0,25.62,84.29,4.17,TNP_0006,0,2016
2016-08-12 21:00:00+00:00,0.0,0.0,25.29,85.69,3.91,TNP_0006,0,2016
2016-08-12 22:00:00+00:00,0.0,0.0,25.01,86.79,3.61,TNP_0006,0,2016
2016-08-12 23:00:00+00:00,0.0,0.0,24.73,87.83,3.42,TNP_0006,0,2016
2016-08-13 00:00:00+00:00,3.42,4.2,24.51,88.52,3.39,TNP_0006,0,2016
2016-08-13 01:00:00+00:00,95.28,117.82,25.58,81.97,4.53,TNP_0006,0,2016
2016-08-13 02:00:00+00:00,274.73,342.55,27.86,68.66,6.13,TNP_0006,0,2016
2016-08-13 03:00:00+00:00,460.4,572.83,30.43,56.69,6.56,TNP_0006,0,2016
2016-08-13 04:00:00+00:00,628.6,765.3,32.7,48.53,6.31,TNP_0006,0,2016
2016-08-13 05:00:00+00:00,847.05,900.2,34.61,42.91,5.85,TNP_0006,0,2016
2016-08-13 06:00:00+00:00,853.22,964.45,36.01,39.25,5.34,TNP_0006,0,2016
2016-08-13 07:00:00+00:00,915.55,949.33,36.54,37.55,5.04,TNP_0006,0,2016
2016-08-13 08:00:00+00:00,749.2,859.1,36.41,37.55,4.94,TNP_0006,0,2016
2016-08-13 09:00:00+00:00,565.38,700.97,35.71,39.02,4.77,TNP_0006,0,2016
2016-08-13 10:00:00+00:00,362.77,488.67,34.67,41.81,4.45,TNP_0006,0,2016
2016-08-13 11:00:00+00:00,172.48,251.15,33.55,46.81,3.82,TNP_0006,0,2016
2016-08-13 12:00:00+00:00,45.5,56.4,31.62,58.7,2.96,TNP_0006,0,2016
2016-08-13 13:00:00+00:00,0.0,0.0,30.01,66.13,3.14,TNP_0006,0,2016
2016-08-13 14:00:00+00:00,0.0,0.0,29.1,69.12,3.42,TNP_0006,0,2016
2016-08-13 15:00:00+00:00,0.0,0.0,28.25,72.34,3.64,TNP_0006,0,2016
2016-08-13 16:00:00+00:00,0.0,0.0,27.55,75.21,3.99,TNP_0006,0,2016
2016-08-13 17:00:00+00:00,0.0,0.0,27.06,76.37,4.79,TNP_0006,0,2016
2016-08-13 18:00:00+00:00,0.0,0.0,26.54,78.11,5.08,TNP_0006,0,2016
2016-08-13 19:00:00+00:00,0.0,0.0,26.1,79.38,5.52,TNP_0006,0,2016
2016-08-13 20:00:00+00:00,0.0,0.0,25.63,81.34,5.29,TNP_0006,0,2016
2016-08-13 21:00:00+00:00,0.0,0.0,25.29,82.47,5.12,TNP_0006,0,2016
2016-08-13 22:00:00+00:00,0.0,0.0,25.0,83.33,4.83,TNP_0006,0,2016
2016-08-13 23:00:00+00:00,0.0,0.0,24.68,84.43,4.53,TNP_0006,0,2016
2016-08-14 00:00:00+00:00,3.67,4.07,24.38,85.6,4.13,TNP_0006,0,2016
2016-08-14 01:00:00+00:00,96.07,115.62,25.45,79.84,5.16,TNP_0006,0,2016
2016-08-14 02:00:00+00:00,273.9,338.62,27.82,67.07,7.04,TNP_0006,0,2016
2016-08-14 03:00:00+00:00,524.78,568.47,30.15,56.14,7.47,TNP_0006,0,2016
2016-08-14 04:00:00+00:00,719.6,761.35,31.99,48.9,7.12,TNP_0006,0,2016
2016-08-14 05:00:00+00:00,776.78,895.8,33.61,43.54,6.63,TNP_0006,0,2016
2016-08-14 06:00:00+00:00,882.47,934.7,34.89,39.69,6.33,TNP_0006,0,2016
2016-08-14 07:00:00+00:00,850.3,919.8,35.62,37.31,6.12,TNP_0006,0,2016
2016-08-14 08:00:00+00:00,671.65,828.12,36.0,35.79,6.0,TNP_0006,0,2016
2016-08-14 09:00:00+00:00,581.5,667.88,35.84,35.69,6.02,TNP_0006,0,2016
2016-08-14 10:00:00+00:00,374.4,454.55,35.09,37.46,6.14,TNP_0006,0,2016
2016-08-14 11:00:00+00:00,198.3,232.95,33.8,41.33,6.01,TNP_0006,0,2016
2016-08-14 12:00:00+00:00,44.3,51.4,31.68,50.97,4.85,TNP_0006,0,2016
2016-08-14 13:00:00+00:00,0.0,0.0,29.88,59.05,4.56,TNP_0006,0,2016
2016-08-14 14:00:00+00:00,0.0,0.0,29.06,62.18,4.84,TNP_0006,0,2016
2016-08-14 15:00:00+00:00,0.0,0.0,28.3,65.63,4.98,TNP_0006,0,2016
2016-08-14 16:00:00+00:00,0.0,0.0,27.54,69.47,5.03,TNP_0006,0,2016
2016-08-14 17:00:00+00:00,0.0,0.0,26.91,72.59,5.61,TNP_0006,0,2016
2016-08-14 18:00:00+00:00,0.0,0.0,26.34,75.52,5.95,TNP_0006,0,2016
2016-08-14 19:00:00+00:00,0.0,0.0,25.83,78.05,5.79,TNP_0006,0,2016
2016-08-14 20:00:00+00:00,0.0,0.0,25.39,80.02,5.4,TNP_0006,0,2016
2016-08-14 21:00:00+00:00,0.0,0.0,24.99,81.64,4.89,TNP_0006,0,2016
2016-08-14 22:00:00+00:00,0.0,0.0,24.66,82.78,4.57,TNP_0006,0,2016
2016-08-14 23:00:00+00:00,0.0,0.0,24.37,83.65,4.36,TNP_0006,0,2016
2016-08-15 00:00:00+00:00,3.65,4.0,24.18,84.04,4.15,TNP_0006,0,2016
2016-08-15 01:00:00+00:00,102.75,111.22,25.27,77.83,5.09,TNP_0006,0,2016
2016-08-15 02:00:00+00:00,307.02,328.75,27.64,65.38,6.86,TNP_0006,0,2016
2016-08-15 03:00:00+00:00,555.25,557.65,30.32,54.12,7.7,TNP_0006,0,2016
2016-08-15 04:00:00+00:00,748.83,751.78,32.53,46.6,7.95,TNP_0006,0,2016
2016-08-15 05:00:00+00:00,877.72,887.5,34.51,40.91,7.87,TNP_0006,0,2016
2016-08-15 06:00:00+00:00,947.75,955.92,36.19,36.6,7.79,TNP_0006,0,2016
2016-08-15 07:00:00+00:00,887.15,944.4,37.13,34.01,7.84,TNP_0006,0,2016
2016-08-15 08:00:00+00:00,692.85,856.38,37.19,33.26,7.93,TNP_0006,0,2016
2016-08-15 09:00:00+00:00,590.0,698.88,36.3,34.92,7.82,TNP_0006,0,2016
2016-08-15 10:00:00+00:00,429.35,489.73,35.07,38.44,7.36,TNP_0006,0,2016
2016-08-15 11:00:00+00:00,215.68,256.5,33.61,44.19,6.63,TNP_0006,0,2016
2016-08-15 12:00:00+00:00,48.45,57.03,31.38,53.7,5.91,TNP_0006,0,2016
2016-08-15 13:00:00+00:00,0.0,0.0,29.71,59.98,5.82,TNP_0006,0,2016
2016-08-15 14:00:00+00:00,0.0,0.0,28.88,62.94,5.86,TNP_0006,0,2016
2016-08-15 15:00:00+00:00,0.0,0.0,28.04,66.59,6.0,TNP_0006,0,2016
2016-08-15 16:00:00+00:00,0.0,0.0,27.25,70.45,6.44,TNP_0006,0,2016
2016-08-15 17:00:00+00:00,0.0,0.0,26.52,74.1,6.46,TNP_0006,0,2016
2016-08-15 18:00:00+00:00,0.0,0.0,25.92,76.88,6.01,TNP_0006,0,2016
2016-08-15 19:00:00+00:00,0.0,0.0,25.35,79.3,5.5,TNP_0006,0,2016
2016-08-15 20:00:00+00:00,0.0,0.0,24.84,81.35,5.25,TNP_0006,0,2016
2016-08-15 21:00:00+00:00,0.0,0.0,24.43,83.04,4.92,TNP_0006,0,2016
2016-08-15 22:00:00+00:00,0.0,0.0,24.09,84.54,4.44,TNP_0006,0,2016
2016-08-15 23:00:00+00:00,0.0,0.0,23.81,85.85,3.97,TNP_0006,0,2016
2016-08-16 00:00:00+00:00,3.97,4.28,23.7,86.36,3.92,TNP_0006,0,2016
2016-08-16 01:00:00+00:00,115.82,123.03,24.81,80.81,4.89,TNP_0006,0,2016
2016-08-16 02:00:00+00:00,342.9,352.23,27.18,68.72,6.94,TNP_0006,0,2016
2016-08-16 03:00:00+00:00,580.78,581.12,29.74,57.21,8.13,TNP_0006,0,2016
2016-08-16 04:00:00+00:00,757.25,776.47,31.89,48.63,8.57,TNP_0006,0,2016
2016-08-16 05:00:00+00:00,893.15,910.97,33.59,42.57,8.57,TNP_0006,0,2016
2016-08-16 06:00:00+00:00,946.62,956.3,35.0,38.14,8.37,TNP_0006,0,2016
2016-08-16 07:00:00+00:00,914.22,943.22,36.06,35.25,8.17,TNP_0006,0,2016
2016-08-16 08:00:00+00:00,813.6,853.42,36.65,33.87,8.05,TNP_0006,0,2016
2016-08-16 09:00:00+00:00,583.55,695.38,36.35,34.7,8.1,TNP_0006,0,2016
2016-08-16 10:00:00+00:00,371.95,488.35,35.4,37.32,8.23,TNP_0006,0,2016
2016-08-16 11:00:00+00:00,189.8,260.35,33.93,41.83,7.92,TNP_0006,0,2016
2016-08-16 12:00:00+00:00,41.15,56.72,31.88,48.77,7.15,TNP_0006,0,2016
2016-08-16 13:00:00+00:00,0.0,0.0,30.13,55.07,6.88,TNP_0006,0,2016
2016-08-16 14:00:00+00:00,0.0,0.0,29.13,59.07,7.15,TNP_0006,0,2016
2016-08-16 15:00:00+00:00,0.0,0.0,28.24,63.59,6.95,TNP_0006,0,2016
2016-08-16 16:00:00+00:00,0.0,0.0,27.44,68.16,6.77,TNP_0006,0,2016
2016-08-16 17:00:00+00:00,0.0,0.0,26.72,72.12,6.6,TNP_0006,0,2016
2016-08-16 18:00:00+00:00,0.0,0.0,26.0,75.95,6.39,TNP_0006,0,2016
2016-08-16 19:00:00+00:00,0.0,0.0,25.37,79.25,6.14,TNP_0006,0,2016
2016-08-16 20:00:00+00:00,0.0,0.0,24.87,81.68,5.82,TNP_0006,0,2016
2016-08-16 21:00:00+00:00,0.0,0.0,24.46,83.46,5.46,TNP_0006,0,2016
2016-08-16 22:00:00+00:00,0.0,0.0,24.13,84.7,5.17,TNP_0006,0,2016
2016-08-16 23:00:00+00:00,0.0,0.0,23.89,85.38,4.9,TNP_0006,0,2016
2016-08-17 00:00:00+00:00,3.35,4.38,23.76,85.52,4.65,TNP_0006,0,2016
2016-08-17 01:00:00+00:00,100.0,125.43,24.87,79.59,5.16,TNP_0006,0,2016
2016-08-17 02:00:00+00:00,300.83,356.55,27.16,67.32,6.87,TNP_0006,0,2016
2016-08-17 03:00:00+00:00,549.2,587.88,29.49,56.73,7.52,TNP_0006,0,2016
2016-08-17 04:00:00+00:00,767.03,780.03,31.53,49.27,7.42,TNP_0006,0,2016
2016-08-17 05:00:00+00:00,783.17,913.83,33.03,44.52,6.97,TNP_0006,0,2016
2016-08-17 06:00:00+00:00,875.95,940.5,34.01,41.4,6.45,TNP_0006,0,2016
2016-08-17 07:00:00+00:00,848.22,928.25,34.82,38.94,5.99,TNP_0006,0,2016
2016-08-17 08:00:00+00:00,726.92,837.65,35.48,36.94,5.8,TNP_0006,0,2016
2016-08-17 09:00:00+00:00,614.7,677.03,35.84,36.01,6.03,TNP_0006,0,2016
2016-08-17 10:00:00+00:00,349.9,464.3,35.25,37.49,6.31,TNP_0006,0,2016
2016-08-17 11:00:00+00:00,180.82,232.27,34.28,40.38,6.29,TNP_0006,0,2016
2016-08-17 12:00:00+00:00,41.35,48.53,32.06,49.45,5.24,TNP_0006,0,2016
2016-08-17 13:00:00+00:00,0.0,0.0,29.98,57.26,4.99,TNP_0006,0,2016
2016-08-17 14:00:00+00:00,0.0,0.0,29.08,59.85,5.41,TNP_0006,0,2016
2016-08-17 15:00:00+00:00,0.0,0.0,28.27,63.09,5.84,TNP_0006,0,2016
2016-08-17 16:00:00+00:00,0.0,0.0,27.46,67.5,5.95,TNP_0006,0,2016
2016-08-17 17:00:00+00:00,0.0,0.0,26.8,71.57,5.81,TNP_0006,0,2016
2016-08-17 18:00:00+00:00,0.0,0.0,26.21,75.03,5.47,TNP_0006,0,2016
2016-08-17 19:00:00+00:00,0.0,0.0,25.81,77.3,5.29,TNP_0006,0,2016
2016-08-17 20:00:00+00:00,0.0,0.0,25.53,78.94,5.12,TNP_0006,0,2016
2016-08-17 21:00:00+00:00,0.0,0.0,25.32,80.16,5.12,TNP_0006,0,2016
2016-08-17 22:00:00+00:00,0.0,0.0,25.1,81.23,4.99,TNP_0006,0,2016
2016-08-17 23:00:00+00:00,0.0,0.0,24.84,82.39,4.57,TNP_0006,0,2016
2016-08-18 00:00:00+00:00,4.12,4.15,24.64,83.26,4.06,TNP_0006,0,2016
2016-08-18 01:00:00+00:00,113.38,115.95,25.62,77.85,5.06,TNP_0006,0,2016
2016-08-18 02:00:00+00:00,334.62,340.8,28.07,64.82,7.29,TNP_0006,0,2016
2016-08-18 03:00:00+00:00,570.0,572.0,30.61,53.43,8.04,TNP_0006,0,2016
2016-08-18 04:00:00+00:00,762.25,765.03,32.79,45.63,7.65,TNP_0006,0,2016
2016-08-18 05:00:00+00:00,897.7,900.08,34.65,40.16,7.01,TNP_0006,0,2016
2016-08-18 06:00:00+00:00,973.5,975.65,35.83,36.92,6.37,TNP_0006,0,2016
2016-08-18 07:00:00+00:00,938.72,959.33,36.52,35.05,5.73,TNP_0006,0,2016
2016-08-18 08:00:00+00:00,820.95,866.28,36.98,33.8,5.21,TNP_0006,0,2016
2016-08-18 09:00:00+00:00,640.25,708.33,37.07,33.24,5.11,TNP_0006,0,2016
2016-08-18 10:00:00+00:00,424.08,500.98,36.42,34.33,5.34,TNP_0006,0,2016
2016-08-18 11:00:00+00:00,215.25,264.08,35.13,37.54,5.46,TNP_0006,0,2016
2016-08-18 12:00:00+00:00,46.5,56.45,32.78,47.3,4.43,TNP_0006,0,2016
2016-08-18 13:00:00+00:00,0.0,0.0,30.57,56.56,4.35,TNP_0006,0,2016
2016-08-18 14:00:00+00:00,0.0,0.0,29.54,60.36,4.93,TNP_0006,0,2016
2016-08-18 15:00:00+00:00,0.0,0.0,28.58,63.94,5.64,TNP_0006,0,2016
2016-08-18 16:00:00+00:00,0.0,0.0,27.61,68.17,5.73,TNP_0006,0,2016
2016-08-18 17:00:00+00:00,0.0,0.0,26.74,72.09,5.79,TNP_0006,0,2016
2016-08-18 18:00:00+00:00,0.0,0.0,26.1,74.89,6.08,TNP_0006,0,2016
2016-08-18 19:00:00+00:00,0.0,0.0,25.69,76.68,6.04,TNP_0006,0,2016
2016-08-18 20:00:00+00:00,0.0,0.0,25.38,78.11,5.89,TNP_0006,0,2016
2016-08-18 21:00:00+00:00,0.0,0.0,25.06,79.68,5.42,TNP_0006,0,2016
2016-08-18 22:00:00+00:00,0.0,0.0,24.75,81.31,5.06,TNP_0006,0,2016
2016-08-18 23:00:00+00:00,0.0,0.0,24.48,82.66,4.81,TNP_0006,0,2016
2016-08-19 00:00:00+00:00,3.83,4.28,24.3,83.39,4.63,TNP_0006,0,2016
2016-08-19 01:00:00+00:00,112.4,123.7,25.62,76.39,5.69,TNP_0006,0,2016
2016-08-19 02:00:00+00:00,335.15,355.15,28.33,62.55,7.2,TNP_0006,0,2016
2016-08-19 03:00:00+00:00,576.12,587.95,31.23,49.66,7.37,TNP_0006,0,2016
2016-08-19 04:00:00+00:00,767.6,782.0,33.82,40.9,6.66,TNP_0006,0,2016
2016-08-19 05:00:00+00:00,854.58,917.22,35.9,35.35,5.68,TNP_0006,0,2016
2016-08-19 06:00:00+00:00,969.0,972.08,37.25,32.12,4.82,TNP_0006,0,2016
2016-08-19 07:00:00+00:00,941.6,958.47,37.82,30.53,4.31,TNP_0006,0,2016
2016-08-19 08:00:00+00:00,745.22,869.75,37.86,30.05,4.02,TNP_0006,0,2016
2016-08-19 09:00:00+00:00,641.05,711.75,37.4,30.58,3.97,TNP_0006,0,2016
2016-08-19 10:00:00+00:00,427.8,501.55,36.43,32.44,4.18,TNP_0006,0,2016
2016-08-19 11:00:00+00:00,223.3,266.65,35.21,35.85,4.28,TNP_0006,0,2016
2016-08-19 12:00:00+00:00,49.2,56.3,32.97,46.16,3.47,TNP_0006,0,2016
2016-08-19 13:00:00+00:00,0.0,0.0,30.95,54.51,3.6,TNP_0006,0,2016
2016-08-19 14:00:00+00:00,0.0,0.0,29.96,58.41,3.85,TNP_0006,0,2016
2016-08-19 15:00:00+00:00,0.0,0.0,29.01,63.07,3.82,TNP_0006,0,2016
2016-08-19 16:00:00+00:00,0.0,0.0,28.24,67.32,3.56,TNP_0006,0,2016
2016-08-19 17:00:00+00:00,0.0,0.0,27.53,71.25,3.41,TNP_0006,0,2016
2016-08-19 18:00:00+00:00,0.0,0.0,26.91,74.36,3.53,TNP_0006,0,2016
2016-08-19 19:00:00+00:00,0.0,0.0,26.49,76.22,3.89,TNP_0006,0,2016
2016-08-19 20:00:00+00:00,0.0,0.0,26.13,77.77,4.01,TNP_0006,0,2016
2016-08-19 21:00:00+00:00,0.0,0.0,25.78,79.24,3.69,TNP_0006,0,2016
2016-08-19 22:00:00+00:00,0.0,0.0,25.39,81.24,3.2,TNP_0006,0,2016
2016-08-19 23:00:00+00:00,0.0,0.0,25.17,82.19,3.19,TNP_0006,0,2016
2016-08-20 00:00:00+00:00,4.15,4.22,25.06,82.52,3.37,TNP_0006,0,2016
2016-08-20 01:00:00+00:00,125.75,127.7,25.98,76.98,4.69,TNP_0006,0,2016
2016-08-20 02:00:00+00:00,353.27,355.27,27.84,66.61,5.77,TNP_0006,0,2016
2016-08-20 03:00:00+00:00,586.33,586.62,30.26,55.32,5.59,TNP_0006,0,2016
2016-08-20 04:00:00+00:00,779.47,780.33,32.72,46.27,4.84,TNP_0006,0,2016
2016-08-20 05:00:00+00:00,913.15,914.85,34.93,39.96,4.09,TNP_0006,0,2016
2016-08-20 06:00:00+00:00,974.58,976.9,36.59,35.9,3.63,TNP_0006,0,2016
2016-08-20 07:00:00+00:00,917.62,962.03,37.54,33.44,3.36,TNP_0006,0,2016
2016-08-20 08:00:00+00:00,765.97,871.12,37.89,32.12,3.06,TNP_0006,0,2016
2016-08-20 09:00:00+00:00,606.1,711.42,37.8,31.69,2.8,TNP_0006,0,2016
2016-08-20 10:00:00+00:00,397.73,499.9,37.06,32.53,2.53,TNP_0006,0,2016
2016-08-20 11:00:00+00:00,192.1,263.27,35.99,34.69,2.26,TNP_0006,0,2016
2016-08-20 12:00:00+00:00,38.5,53.97,33.83,46.35,1.48,TNP_0006,0,2016
2016-08-20 13:00:00+00:00,0.0,0.0,31.75,56.16,1.53,TNP_0006,0,2016
2016-08-20 14:00:00+00:00,0.0,0.0,30.86,58.89,1.79,TNP_0006,0,2016
2016-08-20 15:00:00+00:00,0.0,0.0,29.95,63.29,1.94,TNP_0006,0,2016
2016-08-20 16:00:00+00:00,0.0,0.0,29.16,68.48,1.87,TNP_0006,0,2016
2016-08-20 17:00:00+00:00,0.0,0.0,28.53,72.28,1.81,TNP_0006,0,2016
2016-08-20 18:00:00+00:00,0.0,0.0,28.03,73.85,1.76,TNP_0006,0,2016
2016-08-20 19:00:00+00:00,0.0,0.0,27.49,76.25,1.76,TNP_0006,0,2016
2016-08-20 20:00:00+00:00,0.0,0.0,26.92,77.57,2.33,TNP_0006,0,2016
2016-08-20 21:00:00+00:00,0.0,0.0,26.45,79.09,2.79,TNP_0006,0,2016
2016-08-20 22:00:00+00:00,0.0,0.0,26.08,80.74,2.81,TNP_0006,0,2016
2016-08-20 23:00:00+00:00,0.0,0.0,25.8,82.21,2.87,TNP_0006,0,2016
2016-08-21 00:00:00+00:00,3.22,4.07,25.62,83.13,2.92,TNP_0006,0,2016
2016-08-21 01:00:00+00:00,93.62,116.05,26.22,79.59,3.81,TNP_0006,0,2016
2016-08-21 02:00:00+00:00,277.85,341.33,27.82,70.47,4.76,TNP_0006,0,2016
2016-08-21 03:00:00+00:00,497.02,574.85,29.87,59.53,4.94,TNP_0006,0,2016
2016-08-21 04:00:00+00:00,747.28,770.33,31.84,51.27,4.61,TNP_0006,0,2016
2016-08-21 05:00:00+00:00,856.17,905.97,33.61,45.23,4.19,TNP_0006,0,2016
2016-08-21 06:00:00+00:00,913.85,924.05,35.0,41.0,3.68,TNP_0006,0,2016
2016-08-21 07:00:00+00:00,838.47,908.1,35.85,38.31,3.11,TNP_0006,0,2016
2016-08-21 08:00:00+00:00,581.62,816.45,36.02,37.18,2.49,TNP_0006,0,2016
2016-08-21 09:00:00+00:00,528.78,647.03,35.8,36.95,1.85,TNP_0006,0,2016
2016-08-21 10:00:00+00:00,343.85,436.8,35.35,37.35,1.24,TNP_0006,0,2016
2016-08-21 11:00:00+00:00,179.5,223.48,34.74,39.14,0.51,TNP_0006,0,2016
2016-08-21 12:00:00+00:00,36.8,43.72,33.2,50.5,0.22,TNP_0006,0,2016
2016-08-21 13:00:00+00:00,0.0,0.0,31.19,62.73,0.78,TNP_0006,0,2016
2016-08-21 14:00:00+00:00,0.0,0.0,30.28,64.33,1.11,TNP_0006,0,2016
2016-08-21 15:00:00+00:00,0.0,0.0,29.51,65.76,1.54,TNP_0006,0,2016
2016-08-21 16:00:00+00:00,0.0,0.0,28.87,67.04,2.18,TNP_0006,0,2016
2016-08-21 17:00:00+00:00,0.0,0.0,28.43,67.6,3.52,TNP_0006,0,2016
2016-08-21 18:00:00+00:00,0.0,0.0,27.83,70.68,3.93,TNP_0006,0,2016
2016-08-21 19:00:00+00:00,0.0,0.0,27.26,74.11,3.78,TNP_0006,0,2016
2016-08-21 20:00:00+00:00,0.0,0.0,26.84,76.09,4.02,TNP_0006,0,2016
2016-08-21 21:00:00+00:00,0.0,0.0,26.48,77.69,3.89,TNP_0006,0,2016
2016-08-21 22:00:00+00:00,0.0,0.0,26.11,79.62,3.25,TNP_0006,0,2016
2016-08-21 23:00:00+00:00,0.0,0.0,25.85,80.89,2.94,TNP_0006,0,2016
2016-08-22 00:00:00+00:00,3.25,3.85,25.68,81.62,2.96,TNP_0006,0,2016
2016-08-22 01:00:00+00:00,89.15,106.0,26.77,75.44,4.19,TNP_0006,0,2016
2016-08-22 02:00:00+00:00,265.23,320.35,28.72,64.84,5.6,TNP_0006,0,2016
2016-08-22 03:00:00+00:00,493.67,551.88,31.14,53.53,5.57,TNP_0006,0,2016
2016-08-22 04:00:00+00:00,713.38,748.88,33.37,44.98,4.91,TNP_0006,0,2016
2016-08-22 05:00:00+00:00,740.95,887.97,35.01,39.54,4.17,TNP_0006,0,2016
2016-08-22 06:00:00+00:00,772.85,935.78,36.05,36.31,3.5,TNP_0006,0,2016
2016-08-22 07:00:00+00:00,888.4,918.05,36.55,34.52,2.98,TNP_0006,0,2016
2016-08-22 08:00:00+00:00,752.47,823.45,36.55,33.92,2.53,TNP_0006,0,2016
2016-08-22 09:00:00+00:00,603.65,662.47,36.06,34.59,2.11,TNP_0006,0,2016
2016-08-22 10:00:00+00:00,409.85,453.27,35.49,35.87,2.01,TNP_0006,0,2016
2016-08-22 11:00:00+00:00,198.95,225.45,34.58,38.93,2.14,TNP_0006,0,2016
2016-08-22 12:00:00+00:00,42.15,44.5,32.49,51.78,1.67,TNP_0006,0,2016
2016-08-22 13:00:00+00:00,0.0,0.0,30.94,57.17,2.05,TNP_0006,0,2016
2016-08-22 14:00:00+00:00,0.0,0.0,30.32,57.99,2.54,TNP_0006,0,2016
2016-08-22 15:00:00+00:00,0.0,0.0,29.7,60.48,2.93,TNP_0006,0,2016
2016-08-22 16:00:00+00:00,0.0,0.0,28.99,64.88,2.83,TNP_0006,0,2016
2016-08-22 17:00:00+00:00,0.0,0.0,28.34,68.98,2.8,TNP_0006,0,2016
2016-08-22 18:00:00+00:00,0.0,0.0,27.79,72.31,2.91,TNP_0006,0,2016
2016-08-22 19:00:00+00:00,0.0,0.0,27.28,75.21,3.11,TNP_0006,0,2016
2016-08-22 20:00:00+00:00,0.0,0.0,26.85,77.43,3.43,TNP_0006,0,2016
2016-08-22 21:00:00+00:00,0.0,0.0,26.49,79.16,3.59,TNP_0006,0,2016
2016-08-22 22:00:00+00:00,0.0,0.0,26.19,80.48,3.75,TNP_0006,0,2016
2016-08-22 23:00:00+00:00,0.0,0.0,25.93,81.35,3.61,TNP_0006,0,2016
2016-08-23 00:00:00+00:00,3.6,3.75,25.75,81.8,3.39,TNP_0006,0,2016
2016-08-23 01:00:00+00:00,101.75,106.72,26.38,77.97,4.05,TNP_0006,0,2016
2016-08-23 02:00:00+00:00,308.2,322.48,27.72,69.58,5.11,TNP_0006,0,2016
2016-08-23 03:00:00+00:00,536.1,553.22,29.13,61.66,5.26,TNP_0006,0,2016
2016-08-23 04:00:00+00:00,745.1,748.75,30.35,55.67,5.03,TNP_0006,0,2016
2016-08-23 05:00:00+00:00,812.7,884.65,31.37,51.27,4.64,TNP_0006,0,2016
2016-08-23 06:00:00+00:00,862.55,922.67,32.13,48.19,4.27,TNP_0006,0,2016
2016-08-23 07:00:00+00:00,822.75,906.17,32.57,46.35,4.05,TNP_0006,0,2016
2016-08-23 08:00:00+00:00,703.33,811.62,32.8,45.36,3.96,TNP_0006,0,2016
2016-08-23 09:00:00+00:00,553.5,649.9,32.79,45.29,3.9,TNP_0006,0,2016
2016-08-23 10:00:00+00:00,312.4,439.05,32.54,46.25,3.9,TNP_0006,0,2016
2016-08-23 11:00:00+00:00,162.18,222.35,31.73,50.79,3.43,TNP_0006,0,2016
2016-08-23 12:00:00+00:00,30.6,42.3,29.87,61.82,2.67,TNP_0006,0,2016
2016-08-23 13:00:00+00:00,0.0,0.0,28.6,66.98,3.11,TNP_0006,0,2016
2016-08-23 14:00:00+00:00,0.0,0.0,28.12,68.75,3.86,TNP_0006,0,2016
2016-08-23 15:00:00+00:00,0.0,0.0,27.55,71.84,4.43,TNP_0006,0,2016
2016-08-23 16:00:00+00:00,0.0,0.0,26.96,75.27,4.59,TNP_0006,0,2016
2016-08-23 17:00:00+00:00,0.0,0.0,26.38,78.41,4.57,TNP_0006,0,2016
2016-08-23 18:00:00+00:00,0.0,0.0,25.87,80.91,4.63,TNP_0006,0,2016
2016-08-23 19:00:00+00:00,0.0,0.0,25.44,82.8,4.66,TNP_0006,0,2016
2016-08-23 20:00:00+00:00,0.0,0.0,25.1,84.3,4.69,TNP_0006,0,2016
2016-08-23 21:00:00+00:00,0.0,0.0,24.83,85.34,4.47,TNP_0006,0,2016
2016-08-23 22:00:00+00:00,0.0,0.0,24.63,85.88,4.21,TNP_0006,0,2016
2016-08-23 23:00:00+00:00,0.0,0.0,24.48,86.13,4.08,TNP_0006,0,2016
2016-08-24 00:00:00+00:00,3.38,4.0,24.37,86.24,3.96,TNP_0006,0,2016
2016-08-24 01:00:00+00:00,99.68,113.82,25.25,81.4,4.52,TNP_0006,0,2016
2016-08-24 02:00:00+00:00,290.7,336.45,27.43,69.53,5.88,TNP_0006,0,2016
2016-08-24 03:00:00+00:00,555.67,567.55,29.94,57.43,6.44,TNP_0006,0,2016
2016-08-24 04:00:00+00:00,757.78,761.17,32.17,48.25,6.06,TNP_0006,0,2016
2016-08-24 05:00:00+00:00,884.05,895.35,33.65,42.93,5.36,TNP_0006,0,2016
2016-08-24 06:00:00+00:00,962.15,962.97,34.64,39.8,4.76,TNP_0006,0,2016
2016-08-24 07:00:00+00:00,867.22,948.2,35.21,38.08,4.38,TNP_0006,0,2016
2016-08-24 08:00:00+00:00,681.15,857.45,35.32,37.59,4.25,TNP_0006,0,2016
2016-08-24 09:00:00+00:00,607.05,699.03,34.86,38.7,4.19,TNP_0006,0,2016
2016-08-24 10:00:00+00:00,429.12,488.42,34.26,40.5,4.21,TNP_0006,0,2016
2016-08-24 11:00:00+00:00,211.45,252.38,33.43,43.4,4.06,TNP_0006,0,2016
2016-08-24 12:00:00+00:00,39.92,48.62,31.43,53.72,2.9,TNP_0006,0,2016
2016-08-24 13:00:00+00:00,0.0,0.0,29.8,60.6,3.07,TNP_0006,0,2016
2016-08-24 14:00:00+00:00,0.0,0.0,29.17,63.01,3.54,TNP_0006,0,2016
2016-08-24 15:00:00+00:00,0.0,0.0,28.51,66.4,3.87,TNP_0006,0,2016
2016-08-24 16:00:00+00:00,0.0,0.0,27.96,69.57,4.59,TNP_0006,0,2016
2016-08-24 17:00:00+00:00,0.0,0.0,27.43,72.82,4.91,TNP_0006,0,2016
2016-08-24 18:00:00+00:00,0.0,0.0,26.93,75.78,4.88,TNP_0006,0,2016
2016-08-24 19:00:00+00:00,0.0,0.0,26.45,78.49,4.82,TNP_0006,0,2016
2016-08-24 20:00:00+00:00,0.0,0.0,26.02,80.98,4.74,TNP_0006,0,2016
2016-08-24 21:00:00+00:00,0.0,0.0,25.67,83.09,4.44,TNP_0006,0,2016
2016-08-24 22:00:00+00:00,0.0,0.0,25.38,84.64,4.05,TNP_0006,0,2016
2016-08-24 23:00:00+00:00,0.0,0.0,25.14,85.89,3.61,TNP_0006,0,2016
2016-08-25 00:00:00+00:00,2.62,4.2,24.9,87.18,3.0,TNP_0006,0,2016
2016-08-25 01:00:00+00:00,59.62,120.0,25.24,85.33,2.96,TNP_0006,0,2016
2016-08-25 02:00:00+00:00,191.62,350.0,26.22,79.5,3.45,TNP_0006,0,2016
2016-08-25 03:00:00+00:00,395.52,582.08,27.53,71.9,4.0,TNP_0006,0,2016
2016-08-25 04:00:00+00:00,508.98,774.65,28.78,65.12,4.5,TNP_0006,0,2016
2016-08-25 05:00:00+00:00,833.78,908.0,29.71,60.29,5.01,TNP_0006,0,2016
2016-08-25 06:00:00+00:00,875.5,907.6,30.62,55.96,4.99,TNP_0006,0,2016
2016-08-25 07:00:00+00:00,757.47,894.33,31.33,52.87,4.54,TNP_0006,0,2016
2016-08-25 08:00:00+00:00,707.9,791.85,31.62,51.66,4.38,TNP_0006,0,2016
2016-08-25 09:00:00+00:00,578.12,620.5,31.48,52.1,4.47,TNP_0006,0,2016
2016-08-25 10:00:00+00:00,373.92,404.12,31.17,53.28,4.41,TNP_0006,0,2016
2016-08-25 11:00:00+00:00,194.35,205.57,30.65,55.18,4.12,TNP_0006,0,2016
2016-08-25 12:00:00+00:00,36.7,38.4,29.27,64.15,2.32,TNP_0006,0,2016
2016-08-25 13:00:00+00:00,0.0,0.0,28.1,72.74,1.76,TNP_0006,0,2016
2016-08-25 14:00:00+00:00,0.0,0.0,27.74,74.41,1.71,TNP_0006,0,2016
2016-08-25 15:00:00+00:00,0.0,0.0,27.33,75.87,1.7,TNP_0006,0,2016
2016-08-25 16:00:00+00:00,0.0,0.0,26.9,76.95,1.88,TNP_0006,0,2016
2016-08-25 17:00:00+00:00,0.0,0.0,26.45,78.29,2.3,TNP_0006,0,2016
2016-08-25 18:00:00+00:00,0.0,0.0,25.99,80.02,2.9,TNP_0006,0,2016
2016-08-25 19:00:00+00:00,0.0,0.0,25.49,82.37,3.29,TNP_0006,0,2016
2016-08-25 20:00:00+00:00,0.0,0.0,25.12,84.29,3.44,TNP_0006,0,2016
2016-08-25 21:00:00+00:00,0.0,0.0,24.82,85.89,3.26,TNP_0006,0,2016
2016-08-25 22:00:00+00:00,0.0,0.0,24.58,87.19,3.03,TNP_0006,0,2016
2016-08-25 23:00:00+00:00,0.0,0.0,24.37,88.16,2.89,TNP_0006,0,2016
2016-08-26 00:00:00+00:00,3.85,4.07,24.2,88.78,2.83,TNP_0006,0,2016
2016-08-26 01:00:00+00:00,97.72,113.45,24.85,85.36,3.59,TNP_0006,0,2016
2016-08-26 02:00:00+00:00,275.25,335.5,26.56,76.13,4.63,TNP_0006,0,2016
2016-08-26 03:00:00+00:00,484.55,567.22,28.73,64.34,5.07,TNP_0006,0,2016
2016-08-26 04:00:00+00:00,749.7,761.3,30.54,55.52,5.2,TNP_0006,0,2016
2016-08-26 05:00:00+00:00,800.15,895.62,31.87,49.78,5.02,TNP_0006,0,2016
2016-08-26 06:00:00+00:00,830.8,953.35,32.75,46.2,4.59,TNP_0006,0,2016
2016-08-26 07:00:00+00:00,799.72,937.62,33.18,44.35,4.02,TNP_0006,0,2016
2016-08-26 08:00:00+00:00,544.62,846.5,33.23,43.85,3.34,TNP_0006,0,2016
2016-08-26 09:00:00+00:00,348.38,685.42,32.92,44.79,2.56,TNP_0006,0,2016
2016-08-26 10:00:00+00:00,165.45,472.92,32.31,47.69,1.66,TNP_0006,0,2016
2016-08-26 11:00:00+00:00,93.65,238.4,31.72,52.87,0.65,TNP_0006,0,2016
2016-08-26 12:00:00+00:00,19.1,43.75,30.38,65.75,0.62,TNP_0006,0,2016
2016-08-26 13:00:00+00:00,0.0,0.0,28.71,77.71,1.35,TNP_0006,0,2016
2016-08-26 14:00:00+00:00,0.0,0.0,27.92,80.56,1.62,TNP_0006,0,2016
2016-08-26 15:00:00+00:00,0.0,0.0,27.27,84.31,1.5,TNP_0006,0,2016
2016-08-26 16:00:00+00:00,0.0,0.0,26.64,86.78,1.28,TNP_0006,0,2016
2016-08-26 17:00:00+00:00,0.0,0.0,26.07,88.17,1.47,TNP_0006,0,2016
2016-08-26 18:00:00+00:00,0.0,0.0,25.62,90.07,2.02,TNP_0006,0,2016
2016-08-26 19:00:00+00:00,0.0,0.0,25.28,91.55,2.6,TNP_0006,0,2016
2016-08-26 20:00:00+00:00,0.0,0.0,24.99,92.83,3.06,TNP_0006,0,2016
2016-08-26 21:00:00+00:00,0.0,0.0,24.83,92.6,3.69,TNP_0006,0,2016
2016-08-26 22:00:00+00:00,0.0,0.0,24.55,93.51,3.34,TNP_0006,0,2016
2016-08-26 23:00:00+00:00,0.0,0.0,24.34,93.92,3.23,TNP_0006,0,2016
2016-08-27 00:00:00+00:00,2.28,4.15,24.17,94.03,3.26,TNP_0006,0,2016
2016-08-27 01:00:00+00:00,57.8,115.32,24.59,91.67,3.76,TNP_0006,0,2016
2016-08-27 02:00:00+00:00,183.52,340.38,25.46,86.4,4.52,TNP_0006,0,2016
2016-08-27 03:00:00+00:00,357.5,569.0,26.89,76.13,5.69,TNP_0006,0,2016
2016-08-27 04:00:00+00:00,507.12,760.2,28.64,65.18,5.88,TNP_0006,0,2016
2016-08-27 05:00:00+00:00,765.92,891.2,30.26,57.24,5.71,TNP_0006,0,2016
2016-08-27 06:00:00+00:00,835.22,949.92,31.59,51.85,5.44,TNP_0006,0,2016
2016-08-27 07:00:00+00:00,625.25,932.55,32.46,48.39,5.35,TNP_0006,0,2016
2016-08-27 08:00:00+00:00,662.67,838.42,32.74,46.84,5.25,TNP_0006,0,2016
2016-08-27 09:00:00+00:00,478.95,676.5,32.49,47.03,4.8,TNP_0006,0,2016
2016-08-27 10:00:00+00:00,208.98,463.98,31.87,48.81,4.21,TNP_0006,0,2016
2016-08-27 11:00:00+00:00,100.9,230.62,30.98,53.2,3.32,TNP_0006,0,2016
2016-08-27 12:00:00+00:00,18.85,41.38,29.07,67.84,2.03,TNP_0006,0,2016
2016-08-27 13:00:00+00:00,0.0,0.0,27.6,75.63,2.04,TNP_0006,0,2016
2016-08-27 14:00:00+00:00,0.0,0.0,27.01,77.83,2.15,TNP_0006,0,2016
2016-08-27 15:00:00+00:00,0.0,0.0,26.46,80.15,2.42,TNP_0006,0,2016
2016-08-27 16:00:00+00:00,0.0,0.0,25.93,82.47,2.84,TNP_0006,0,2016
2016-08-27 17:00:00+00:00,0.0,0.0,25.41,85.12,3.05,TNP_0006,0,2016
2016-08-27 18:00:00+00:00,0.0,0.0,24.99,86.78,3.42,TNP_0006,0,2016
2016-08-27 19:00:00+00:00,0.0,0.0,24.69,87.41,3.72,TNP_0006,0,2016
2016-08-27 20:00:00+00:00,0.0,0.0,24.62,86.32,4.67,TNP_0006,0,2016
2016-08-27 21:00:00+00:00,0.0,0.0,24.44,87.33,4.7,TNP_0006,0,2016
2016-08-27 22:00:00+00:00,0.0,0.0,24.35,88.24,4.73,TNP_0006,0,2016
2016-08-27 23:00:00+00:00,0.0,0.0,24.24,88.98,4.51,TNP_0006,0,2016
2016-08-28 00:00:00+00:00,4.05,4.05,24.12,89.56,3.87,TNP_0006,0,2016
2016-08-28 01:00:00+00:00,106.45,111.18,24.76,85.93,4.01,TNP_0006,0,2016
2016-08-28 02:00:00+00:00,300.5,329.15,26.71,73.65,5.09,TNP_0006,0,2016
2016-08-28 03:00:00+00:00,504.27,560.15,29.18,59.28,6.03,TNP_0006,0,2016
2016-08-28 04:00:00+00:00,724.35,755.4,31.35,49.58,5.94,TNP_0006,0,2016
2016-08-28 05:00:00+00:00,821.9,891.22,33.22,43.08,5.46,TNP_0006,0,2016
2016-08-28 06:00:00+00:00,946.4,970.2,34.75,38.45,4.96,TNP_0006,0,2016
2016-08-28 07:00:00+00:00,911.33,953.17,35.81,35.32,4.53,TNP_0006,0,2016
2016-08-28 08:00:00+00:00,767.1,858.8,36.3,33.57,4.32,TNP_0006,0,2016
2016-08-28 09:00:00+00:00,595.5,694.03,36.25,33.04,4.31,TNP_0006,0,2016
2016-08-28 10:00:00+00:00,386.08,479.88,35.53,34.44,4.33,TNP_0006,0,2016
2016-08-28 11:00:00+00:00,184.85,243.1,33.96,40.28,3.94,TNP_0006,0,2016
2016-08-28 12:00:00+00:00,33.1,43.95,31.26,56.39,3.18,TNP_0006,0,2016
2016-08-28 13:00:00+00:00,0.0,0.0,29.09,66.68,3.12,TNP_0006,0,2016
2016-08-28 14:00:00+00:00,0.0,0.0,27.94,72.06,3.05,TNP_0006,0,2016
2016-08-28 15:00:00+00:00,0.0,0.0,27.02,77.5,2.85,TNP_0006,0,2016
2016-08-28 16:00:00+00:00,0.0,0.0,26.3,81.98,2.77,TNP_0006,0,2016
2016-08-28 17:00:00+00:00,0.0,0.0,25.75,84.91,2.88,TNP_0006,0,2016
2016-08-28 18:00:00+00:00,0.0,0.0,25.27,86.84,3.23,TNP_0006,0,2016
2016-08-28 19:00:00+00:00,0.0,0.0,24.9,87.62,3.7,TNP_0006,0,2016
2016-08-28 20:00:00+00:00,0.0,0.0,24.62,87.75,4.02,TNP_0006,0,2016
2016-08-28 21:00:00+00:00,0.0,0.0,24.37,88.48,3.75,TNP_0006,0,2016
2016-08-28 22:00:00+00:00,0.0,0.0,24.18,89.03,3.49,TNP_0006,0,2016
2016-08-28 23:00:00+00:00,0.0,0.0,24.02,89.61,3.22,TNP_0006,0,2016
2016-08-29 00:00:00+00:00,3.9,4.25,23.91,90.09,2.99,TNP_0006,0,2016
2016-08-29 01:00:00+00:00,110.95,121.6,24.69,85.83,3.7,TNP_0006,0,2016
2016-08-29 02:00:00+00:00,315.58,352.33,26.25,77.14,4.39,TNP_0006,0,2016
2016-08-29 03:00:00+00:00,564.78,587.22,28.73,62.79,5.13,TNP_0006,0,2016
2016-08-29 04:00:00+00:00,778.15,782.25,31.23,50.34,5.14,TNP_0006,0,2016
2016-08-29 05:00:00+00:00,901.75,916.4,33.11,42.71,4.71,TNP_0006,0,2016
2016-08-29 06:00:00+00:00,946.33,990.3,34.39,38.13,4.41,TNP_0006,0,2016
2016-08-29 07:00:00+00:00,890.2,971.85,35.07,35.15,4.29,TNP_0006,0,2016
2016-08-29 08:00:00+00:00,693.15,878.15,35.15,33.53,4.17,TNP_0006,0,2016
2016-08-29 09:00:00+00:00,595.33,716.28,34.9,33.02,4.04,TNP_0006,0,2016
2016-08-29 10:00:00+00:00,372.62,499.5,34.32,34.64,3.82,TNP_0006,0,2016
2016-08-29 11:00:00+00:00,179.52,255.95,33.06,40.6,3.22,TNP_0006,0,2016
2016-08-29 12:00:00+00:00,32.25,45.55,30.71,56.59,2.9,TNP_0006,0,2016
2016-08-29 13:00:00+00:00,0.0,0.0,29.1,62.8,3.55,TNP_0006,0,2016
2016-08-29 14:00:00+00:00,0.0,0.0,27.89,68.84,4.02,TNP_0006,0,2016
2016-08-29 15:00:00+00:00,0.0,0.0,26.88,73.79,4.03,TNP_0006,0,2016
2016-08-29 16:00:00+00:00,0.0,0.0,26.11,78.02,3.97,TNP_0006,0,2016
2016-08-29 17:00:00+00:00,0.0,0.0,25.5,81.6,4.01,TNP_0006,0,2016
2016-08-29 18:00:00+00:00,0.0,0.0,25.03,84.36,4.24,TNP_0006,0,2016
2016-08-29 19:00:00+00:00,0.0,0.0,24.63,86.83,4.4,TNP_0006,0,2016
2016-08-29 20:00:00+00:00,0.0,0.0,24.36,88.87,4.3,TNP_0006,0,2016
2016-08-29 21:00:00+00:00,0.0,0.0,24.19,90.43,3.86,TNP_0006,0,2016
2016-08-29 22:00:00+00:00,0.0,0.0,24.1,91.4,3.53,TNP_0006,0,2016
2016-08-29 23:00:00+00:00,0.0,0.0,24.01,91.89,3.66,TNP_0006,0,2016
2016-08-30 00:00:00+00:00,2.78,4.32,23.92,92.17,3.82,TNP_0006,0,2016
2016-08-30 01:00:00+00:00,77.25,123.85,24.3,90.56,4.12,TNP_0006,0,2016
2016-08-30 02:00:00+00:00,241.98,356.3,25.24,85.63,4.4,TNP_0006,0,2016
2016-08-30 03:00:00+00:00,427.1,584.47,26.67,75.9,5.27,TNP_0006,0,2016
2016-08-30 04:00:00+00:00,534.47,775.4,28.57,64.23,5.67,TNP_0006,0,2016
2016-08-30 05:00:00+00:00,610.55,906.78,30.35,55.95,5.44,TNP_0006,0,2016
2016-08-30 06:00:00+00:00,620.4,918.7,31.69,51.12,4.96,TNP_0006,0,2016
2016-08-30 07:00:00+00:00,551.38,897.9,32.66,48.31,4.43,TNP_0006,0,2016
2016-08-30 08:00:00+00:00,510.73,798.78,32.87,48.01,4.05,TNP_0006,0,2016
2016-08-30 09:00:00+00:00,490.27,627.72,32.33,50.17,3.66,TNP_0006,0,2016
2016-08-30 10:00:00+00:00,259.5,400.08,31.55,53.68,3.35,TNP_0006,0,2016
2016-08-30 11:00:00+00:00,130.93,190.3,30.43,60.28,2.98,TNP_0006,0,2016
2016-08-30 12:00:00+00:00,22.17,32.33,28.65,72.65,2.36,TNP_0006,0,2016
2016-08-30 13:00:00+00:00,0.0,0.0,27.37,79.91,2.58,TNP_0006,0,2016
2016-08-30 14:00:00+00:00,0.0,0.0,26.77,81.38,3.37,TNP_0006,0,2016
2016-08-30 15:00:00+00:00,0.0,0.0,26.1,83.54,4.16,TNP_0006,0,2016
2016-08-30 16:00:00+00:00,0.0,0.0,25.39,86.45,4.23,TNP_0006,0,2016
2016-08-30 17:00:00+00:00,0.0,0.0,24.83,87.05,4.9,TNP_0006,0,2016
2016-08-30 18:00:00+00:00,0.0,0.0,24.26,87.13,5.5,TNP_0006,0,2016
2016-08-30 19:00:00+00:00,0.0,0.0,23.77,87.44,5.97,TNP_0006,0,2016
2016-08-30 20:00:00+00:00,0.0,0.0,23.38,87.83,6.21,TNP_0006,0,2016
2016-08-30 21:00:00+00:00,0.0,0.0,23.08,88.01,5.97,TNP_0006,0,2016
2016-08-30 22:00:00+00:00,0.0,0.0,22.87,88.19,5.39,TNP_0006,0,2016
2016-08-30 23:00:00+00:00,0.0,0.0,22.67,88.84,4.65,TNP_0006,0,2016
2016-08-31 00:00:00+00:00,3.2,3.83,22.49,90.03,3.78,TNP_0006,0,2016
2016-08-31 01:00:00+00:00,88.35,103.2,23.19,86.97,3.72,TNP_0006,0,2016
2016-08-31 02:00:00+00:00,256.45,309.8,25.07,75.51,4.33,TNP_0006,0,2016
2016-08-31 03:00:00+00:00,491.5,538.42,27.44,63.17,4.87,TNP_0006,0,2016
2016-08-31 04:00:00+00:00,698.33,733.55,29.57,55.1,4.72,TNP_0006,0,2016
2016-08-31 05:00:00+00:00,720.58,872.65,31.21,49.86,4.19,TNP_0006,0,2016
2016-08-31 06:00:00+00:00,707.67,978.47,32.4,46.44,3.72,TNP_0006,0,2016
2016-08-31 07:00:00+00:00,751.22,957.45,33.28,44.24,3.45,TNP_0006,0,2016
2016-08-31 08:00:00+00:00,526.25,861.92,33.8,43.18,3.25,TNP_0006,0,2016
2016-08-31 09:00:00+00:00,351.98,699.38,33.45,44.22,3.16,TNP_0006,0,2016
2016-08-31 10:00:00+00:00,152.77,482.92,32.46,47.3,3.24,TNP_0006,0,2016
2016-08-31 11:00:00+00:00,66.3,243.73,31.17,53.73,3.09,TNP_0006,0,2016
2016-08-31 12:00:00+00:00,11.05,40.7,29.04,67.12,2.79,TNP_0006,0,2016
2016-08-31 13:00:00+00:00,0.0,0.0,27.46,74.51,3.26,TNP_0006,0,2016
2016-08-31 14:00:00+00:00,0.0,0.0,26.48,77.66,3.76,TNP_0006,0,2016
2016-08-31 15:00:00+00:00,0.0,0.0,25.62,80.26,4.32,TNP_0006,0,2016
2016-08-31 16:00:00+00:00,0.0,0.0,24.98,82.08,4.75,TNP_0006,0,2016
2016-08-31 17:00:00+00:00,0.0,0.0,24.44,84.13,4.84,TNP_0006,0,2016
2016-08-31 18:00:00+00:00,0.0,0.0,24.0,85.65,4.84,TNP_0006,0,2016
2016-08-31 19:00:00+00:00,0.0,0.0,23.75,85.23,5.25,TNP_0006,0,2016
2016-08-31 20:00:00+00:00,0.0,0.0,23.38,86.56,4.73,TNP_0006,0,2016
2016-08-31 21:00:00+00:00,0.0,0.0,23.11,87.23,4.43,TNP_0006,0,2016
2016-08-31 22:00:00+00:00,0.0,0.0,22.86,87.39,4.12,TNP_0006,0,2016
2016-08-31 23:00:00+00:00,0.0,0.0,22.72,86.88,4.06,TNP_0006,0,2016
2016-09-01 00:00:00+00:00,4.0,4.18,22.61,86.27,4.01,TNP_0006,0,2016
2016-09-01 01:00:00+00:00,103.82,120.2,23.19,82.38,4.41,TNP_0006,0,2016
2016-09-01 02:00:00+00:00,296.85,350.38,24.72,72.35,5.07,TNP_0006,0,2016
2016-09-01 03:00:00+00:00,531.2,583.9,26.72,59.78,6.15,TNP_0006,0,2016
2016-09-01 04:00:00+00:00,729.58,777.45,28.42,51.82,6.2,TNP_0006,0,2016
2016-09-01 05:00:00+00:00,831.83,909.9,29.83,46.89,5.86,TNP_0006,0,2016
2016-09-01 06:00:00+00:00,833.6,943.7,31.02,43.49,5.38,TNP_0006,0,2016
2016-09-01 07:00:00+00:00,753.08,926.28,31.81,41.53,4.99,TNP_0006,0,2016
2016-09-01 08:00:00+00:00,671.38,830.85,32.3,40.58,4.83,TNP_0006,0,2016
2016-09-01 09:00:00+00:00,496.1,667.17,32.52,40.4,4.9,TNP_0006,0,2016
2016-09-01 10:00:00+00:00,298.85,453.92,32.23,42.05,4.9,TNP_0006,0,2016
2016-09-01 11:00:00+00:00,147.77,222.35,31.22,47.67,4.27,TNP_0006,0,2016
2016-09-01 12:00:00+00:00,26.23,36.6,28.79,61.63,3.25,TNP_0006,0,2016
2016-09-01 13:00:00+00:00,0.0,0.0,27.13,67.88,3.68,TNP_0006,0,2016
2016-09-01 14:00:00+00:00,0.0,0.0,26.57,69.61,4.58,TNP_0006,0,2016
2016-09-01 15:00:00+00:00,0.0,0.0,25.85,73.5,4.98,TNP_0006,0,2016
2016-09-01 16:00:00+00:00,0.0,0.0,25.18,77.54,5.11,TNP_0006,0,2016
2016-09-01 17:00:00+00:00,0.0,0.0,24.66,80.57,5.06,TNP_0006,0,2016
2016-09-01 18:00:00+00:00,0.0,0.0,24.22,82.82,4.8,TNP_0006,0,2016
2016-09-01 19:00:00+00:00,0.0,0.0,23.84,84.51,4.37,TNP_0006,0,2016
2016-09-01 20:00:00+00:00,0.0,0.0,23.52,85.67,3.9,TNP_0006,0,2016
2016-09-01 21:00:00+00:00,0.0,0.0,23.23,86.65,3.43,TNP_0006,0,2016
2016-09-01 22:00:00+00:00,0.0,0.0,22.96,87.64,3.07,TNP_0006,0,2016
2016-09-01 23:00:00+00:00,0.0,0.0,22.75,88.46,2.96,TNP_0006,0,2016
2016-09-02 00:00:00+00:00,3.8,4.35,22.63,88.88,2.93,TNP_0006,0,2016
2016-09-02 01:00:00+00:00,113.7,125.6,23.29,85.58,3.54,TNP_0006,0,2016
2016-09-02 02:00:00+00:00,330.5,360.42,24.9,76.77,3.96,TNP_0006,0,2016
2016-09-02 03:00:00+00:00,561.22,595.42,27.2,63.14,5.04,TNP_0006,0,2016
2016-09-02 04:00:00+00:00,710.92,789.28,29.23,52.67,5.55,TNP_0006,0,2016
2016-09-02 05:00:00+00:00,654.8,921.35,30.89,45.57,5.78,TNP_0006,0,2016
2016-09-02 06:00:00+00:00,799.12,966.12,32.15,41.3,5.9,TNP_0006,0,2016
2016-09-02 07:00:00+00:00,802.75,943.75,33.19,38.65,5.99,TNP_0006,0,2016
2016-09-02 08:00:00+00:00,518.5,844.35,33.63,37.79,6.14,TNP_0006,0,2016
2016-09-02 09:00:00+00:00,419.73,678.15,33.66,38.06,6.27,TNP_0006,0,2016
2016-09-02 10:00:00+00:00,252.25,460.98,33.14,39.91,6.17,TNP_0006,0,2016
2016-09-02 11:00:00+00:00,123.53,225.23,31.83,45.1,5.57,TNP_0006,0,2016
2016-09-02 12:00:00+00:00,24.9,36.0,29.4,55.93,4.5,TNP_0006,0,2016
2016-09-02 13:00:00+00:00,0.0,0.0,27.6,62.06,4.78,TNP_0006,0,2016
2016-09-02 14:00:00+00:00,0.0,0.0,26.8,65.23,5.1,TNP_0006,0,2016
2016-09-02 15:00:00+00:00,0.0,0.0,26.14,68.66,5.27,TNP_0006,0,2016
2016-09-02 16:00:00+00:00,0.0,0.0,25.59,71.72,5.28,TNP_0006,0,2016
2016-09-02 17:00:00+00:00,0.0,0.0,25.19,74.12,5.14,TNP_0006,0,2016
2016-09-02 18:00:00+00:00,0.0,0.0,24.83,76.0,4.92,TNP_0006,0,2016
2016-09-02 19:00:00+00:00,0.0,0.0,24.44,77.84,4.59,TNP_0006,0,2016
2016-09-02 20:00:00+00:00,0.0,0.0,24.06,79.43,4.42,TNP_0006,0,2016
2016-09-02 21:00:00+00:00,0.0,0.0,23.67,81.0,4.22,TNP_0006,0,2016
2016-09-02 22:00:00+00:00,0.0,0.0,23.32,82.44,3.92,TNP_0006,0,2016
2016-09-02 23:00:00+00:00,0.0,0.0,23.04,83.59,3.7,TNP_0006,0,2016
2016-09-03 00:00:00+00:00,3.42,4.32,22.82,84.47,3.62,TNP_0006,0,2016
2016-09-03 01:00:00+00:00,100.62,126.18,23.56,80.77,4.25,TNP_0006,0,2016
2016-09-03 02:00:00+00:00,284.48,361.1,25.67,70.13,5.46,TNP_0006,0,2016
2016-09-03 03:00:00+00:00,493.3,595.85,28.06,58.54,5.87,TNP_0006,0,2016
2016-09-03 04:00:00+00:00,705.47,789.28,29.82,51.2,5.54,TNP_0006,0,2016
2016-09-03 05:00:00+00:00,776.83,921.33,31.18,46.55,5.14,TNP_0006,0,2016
2016-09-03 06:00:00+00:00,960.85,980.35,32.26,43.36,4.76,TNP_0006,0,2016
2016-09-03 07:00:00+00:00,880.9,957.75,33.17,40.96,4.51,TNP_0006,0,2016
2016-09-03 08:00:00+00:00,788.47,859.5,33.89,39.14,4.25,TNP_0006,0,2016
2016-09-03 09:00:00+00:00,608.75,693.2,34.41,37.93,4.05,TNP_0006,0,2016
2016-09-03 10:00:00+00:00,351.27,475.85,34.28,38.15,3.79,TNP_0006,0,2016
2016-09-03 11:00:00+00:00,165.3,232.95,33.42,40.98,3.33,TNP_0006,0,2016
2016-09-03 12:00:00+00:00,27.85,35.92,31.02,56.15,2.07,TNP_0006,0,2016
2016-09-03 13:00:00+00:00,0.0,0.0,29.28,64.6,1.97,TNP_0006,0,2016
2016-09-03 14:00:00+00:00,0.0,0.0,28.51,67.09,2.27,TNP_0006,0,2016
2016-09-03 15:00:00+00:00,0.0,0.0,27.83,68.8,2.8,TNP_0006,0,2016
2016-09-03 16:00:00+00:00,0.0,0.0,27.13,71.83,2.97,TNP_0006,0,2016
2016-09-03 17:00:00+00:00,0.0,0.0,26.53,75.04,2.91,TNP_0006,0,2016
2016-09-03 18:00:00+00:00,0.0,0.0,25.96,78.13,2.78,TNP_0006,0,2016
2016-09-03 19:00:00+00:00,0.0,0.0,25.47,80.38,2.81,TNP_0006,0,2016
2016-09-03 20:00:00+00:00,0.0,0.0,25.05,82.03,2.86,TNP_0006,0,2016
2016-09-03 21:00:00+00:00,0.0,0.0,24.62,83.74,2.81,TNP_0006,0,2016
2016-09-03 22:00:00+00:00,0.0,0.0,24.28,85.07,2.89,TNP_0006,0,2016
2016-09-03 23:00:00+00:00,0.0,0.0,24.01,86.13,2.9,TNP_0006,0,2016
2016-09-04 00:00:00+00:00,3.45,4.18,23.79,87.33,2.74,TNP_0006,0,2016
2016-09-04 01:00:00+00:00,73.57,116.9,24.64,82.9,3.52,TNP_0006,0,2016
2016-09-04 02:00:00+00:00,215.55,347.23,26.41,73.84,4.48,TNP_0006,0,2016
2016-09-04 03:00:00+00:00,353.58,581.8,28.29,63.24,5.13,TNP_0006,0,2016
2016-09-04 04:00:00+00:00,535.95,776.42,30.11,52.9,5.19,TNP_0006,0,2016
2016-09-04 05:00:00+00:00,671.12,909.58,31.71,45.55,5.05,TNP_0006,0,2016
2016-09-04 06:00:00+00:00,799.6,935.58,33.02,40.74,4.94,TNP_0006,0,2016
2016-09-04 07:00:00+00:00,776.95,917.4,34.02,37.69,4.87,TNP_0006,0,2016
2016-09-04 08:00:00+00:00,575.15,822.97,34.66,35.99,4.78,TNP_0006,0,2016
2016-09-04 09:00:00+00:00,410.0,662.42,34.79,35.8,4.8,TNP_0006,0,2016
2016-09-04 10:00:00+00:00,244.85,451.58,34.27,37.51,4.87,TNP_0006,0,2016
2016-09-04 11:00:00+00:00,139.93,220.32,33.12,42.15,4.58,TNP_0006,0,2016
2016-09-04 12:00:00+00:00,28.45,34.0,30.7,54.38,3.48,TNP_0006,0,2016
2016-09-04 13:00:00+00:00,0.0,0.0,28.93,60.69,3.63,TNP_0006,0,2016
2016-09-04 14:00:00+00:00,0.0,0.0,28.08,63.91,3.83,TNP_0006,0,2016
2016-09-04 15:00:00+00:00,0.0,0.0,27.34,66.9,4.08,TNP_0006,0,2016
2016-09-04 16:00:00+00:00,0.0,0.0,26.76,69.87,4.12,TNP_0006,0,2016
2016-09-04 17:00:00+00:00,0.0,0.0,26.26,73.0,4.03,TNP_0006,0,2016
2016-09-04 18:00:00+00:00,0.0,0.0,25.84,75.31,4.12,TNP_0006,0,2016
2016-09-04 19:00:00+00:00,0.0,0.0,25.37,77.57,4.27,TNP_0006,0,2016
2016-09-04 20:00:00+00:00,0.0,0.0,24.87,79.99,4.28,TNP_0006,0,2016
2016-09-04 21:00:00+00:00,0.0,0.0,24.39,82.38,3.91,TNP_0006,0,2016
2016-09-04 22:00:00+00:00,0.0,0.0,23.97,84.49,3.56,TNP_0006,0,2016
2016-09-04 23:00:00+00:00,0.0,0.0,23.62,86.38,3.25,TNP_0006,0,2016
2016-09-05 00:00:00+00:00,3.83,4.5,23.34,87.85,3.11,TNP_0006,0,2016
2016-09-05 01:00:00+00:00,87.07,131.05,24.1,83.99,4.09,TNP_0006,0,2016
2016-09-05 02:00:00+00:00,257.4,371.08,25.75,75.14,5.17,TNP_0006,0,2016
2016-09-05 03:00:00+00:00,479.67,606.08,27.78,63.66,5.71,TNP_0006,0,2016
2016-09-05 04:00:00+00:00,692.83,799.4,29.91,53.24,5.55,TNP_0006,0,2016
2016-09-05 05:00:00+00:00,883.72,930.78,31.83,45.3,5.25,TNP_0006,0,2016
2016-09-05 06:00:00+00:00,957.38,989.08,33.33,39.91,4.93,TNP_0006,0,2016
2016-09-05 07:00:00+00:00,751.22,966.05,34.36,36.36,4.78,TNP_0006,0,2016
2016-09-05 08:00:00+00:00,731.83,868.08,34.93,34.13,4.78,TNP_0006,0,2016
2016-09-05 09:00:00+00:00,603.97,702.15,35.02,33.21,4.76,TNP_0006,0,2016
2016-09-05 10:00:00+00:00,403.92,484.58,34.52,34.08,4.64,TNP_0006,0,2016
2016-09-05 11:00:00+00:00,191.5,241.73,33.33,38.51,3.8,TNP_0006,0,2016
2016-09-05 12:00:00+00:00,30.65,36.67,30.54,53.87,2.71,TNP_0006,0,2016
2016-09-05 13:00:00+00:00,0.0,0.0,28.99,58.35,3.2,TNP_0006,0,2016
2016-09-05 14:00:00+00:00,0.0,0.0,28.25,60.8,3.65,TNP_0006,0,2016
2016-09-05 15:00:00+00:00,0.0,0.0,27.41,64.39,3.91,TNP_0006,0,2016
2016-09-05 16:00:00+00:00,0.0,0.0,26.7,67.96,3.88,TNP_0006,0,2016
2016-09-05 17:00:00+00:00,0.0,0.0,26.05,71.68,3.72,TNP_0006,0,2016
2016-09-05 18:00:00+00:00,0.0,0.0,25.52,74.79,3.79,TNP_0006,0,2016
2016-09-05 19:00:00+00:00,0.0,0.0,24.99,78.27,4.02,TNP_0006,0,2016
2016-09-05 20:00:00+00:00,0.0,0.0,24.52,81.34,4.34,TNP_0006,0,2016
2016-09-05 21:00:00+00:00,0.0,0.0,24.09,83.91,4.29,TNP_0006,0,2016
2016-09-05 22:00:00+00:00,0.0,0.0,23.74,85.66,4.11,TNP_0006,0,2016
2016-09-05 23:00:00+00:00,0.0,0.0,23.43,87.01,3.89,TNP_0006,0,2016
2016-09-06 00:00:00+00:00,4.55,4.62,23.17,87.95,3.74,TNP_0006,0,2016
2016-09-06 01:00:00+00:00,126.55,133.82,24.02,83.33,4.49,TNP_0006,0,2016
2016-09-06 02:00:00+00:00,358.12,374.27,26.16,71.24,6.02,TNP_0006,0,2016
2016-09-06 03:00:00+00:00,598.5,609.35,28.6,57.73,6.7,TNP_0006,0,2016
2016-09-06 04:00:00+00:00,792.33,802.45,30.86,47.51,6.59,TNP_0006,0,2016
2016-09-06 05:00:00+00:00,862.62,933.0,32.86,40.57,6.23,TNP_0006,0,2016
2016-09-06 06:00:00+00:00,891.22,938.33,34.5,36.09,5.81,TNP_0006,0,2016
2016-09-06 07:00:00+00:00,827.78,916.2,35.39,33.79,5.52,TNP_0006,0,2016
2016-09-06 08:00:00+00:00,681.8,817.33,35.53,33.19,5.37,TNP_0006,0,2016
2016-09-06 09:00:00+00:00,539.47,651.6,35.1,34.07,5.34,TNP_0006,0,2016
2016-09-06 10:00:00+00:00,303.15,437.7,33.96,37.47,5.23,TNP_0006,0,2016
2016-09-06 11:00:00+00:00,145.2,207.85,32.53,43.64,4.63,TNP_0006,0,2016
2016-09-06 12:00:00+00:00,24.25,30.52,30.33,55.13,3.93,TNP_0006,0,2016
2016-09-06 13:00:00+00:00,0.0,0.0,28.77,62.11,4.02,TNP_0006,0,2016
2016-09-06 14:00:00+00:00,0.0,0.0,27.84,66.42,4.19,TNP_0006,0,2016
2016-09-06 15:00:00+00:00,0.0,0.0,26.98,70.38,4.2,TNP_0006,0,2016
2016-09-06 16:00:00+00:00,0.0,0.0,26.28,73.23,4.54,TNP_0006,0,2016
2016-09-06 17:00:00+00:00,0.0,0.0,25.59,76.17,4.77,TNP_0006,0,2016
2016-09-06 18:00:00+00:00,0.0,0.0,25.04,78.55,4.98,TNP_0006,0,2016
2016-09-06 19:00:00+00:00,0.0,0.0,24.58,80.57,5.18,TNP_0006,0,2016
2016-09-06 20:00:00+00:00,0.0,0.0,24.17,82.31,5.24,TNP_0006,0,2016
2016-09-06 21:00:00+00:00,0.0,0.0,23.79,83.88,4.82,TNP_0006,0,2016
2016-09-06 22:00:00+00:00,0.0,0.0,23.44,85.35,4.33,TNP_0006,0,2016
2016-09-06 23:00:00+00:00,0.0,0.0,23.1,86.77,4.04,TNP_0006,0,2016
2016-09-07 00:00:00+00:00,4.43,4.6,22.8,87.94,3.93,TNP_0006,0,2016
2016-09-07 01:00:00+00:00,120.28,129.95,23.56,83.78,4.63,TNP_0006,0,2016
2016-09-07 02:00:00+00:00,345.98,368.85,25.62,71.55,6.15,TNP_0006,0,2016
2016-09-07 03:00:00+00:00,598.0,606.97,28.18,58.02,6.81,TNP_0006,0,2016
2016-09-07 04:00:00+00:00,780.33,803.12,30.72,47.6,6.55,TNP_0006,0,2016
2016-09-07 05:00:00+00:00,863.0,936.15,32.91,40.46,6.04,TNP_0006,0,2016
2016-09-07 06:00:00+00:00,950.67,996.72,34.59,35.77,5.54,TNP_0006,0,2016
2016-09-07 07:00:00+00:00,920.03,975.03,35.78,32.73,5.12,TNP_0006,0,2016
2016-09-07 08:00:00+00:00,741.67,875.67,36.38,30.96,4.75,TNP_0006,0,2016
2016-09-07 09:00:00+00:00,626.03,708.05,36.38,30.19,4.53,TNP_0006,0,2016
2016-09-07 10:00:00+00:00,408.23,486.95,35.78,30.31,4.5,TNP_0006,0,2016
2016-09-07 11:00:00+00:00,193.77,241.62,34.48,32.49,4.29,TNP_0006,0,2016
2016-09-07 12:00:00+00:00,30.98,35.72,31.46,47.33,2.7,TNP_0006,0,2016
2016-09-07 13:00:00+00:00,0.0,0.0,29.58,54.6,2.51,TNP_0006,0,2016
2016-09-07 14:00:00+00:00,0.0,0.0,28.6,57.52,2.84,TNP_0006,0,2016
2016-09-07 15:00:00+00:00,0.0,0.0,27.55,59.8,3.32,TNP_0006,0,2016
2016-09-07 16:00:00+00:00,0.0,0.0,26.78,62.77,3.99,TNP_0006,0,2016
2016-09-07 17:00:00+00:00,0.0,0.0,26.06,67.06,4.45,TNP_0006,0,2016
2016-09-07 18:00:00+00:00,0.0,0.0,25.35,71.64,4.43,TNP_0006,0,2016
2016-09-07 19:00:00+00:00,0.0,0.0,24.86,74.46,4.44,TNP_0006,0,2016
2016-09-07 20:00:00+00:00,0.0,0.0,24.41,76.84,4.6,TNP_0006,0,2016
2016-09-07 21:00:00+00:00,0.0,0.0,24.09,78.75,4.74,TNP_0006,0,2016
2016-09-07 22:00:00+00:00,0.0,0.0,23.78,80.87,4.5,TNP_0006,0,2016
2016-09-07 23:00:00+00:00,0.0,0.0,23.45,83.02,3.97,TNP_0006,0,2016
2016-09-08 00:00:00+00:00,4.8,4.9,23.18,84.78,3.57,TNP_0006,0,2016
2016-09-08 01:00:00+00:00,139.93,142.32,24.26,79.36,4.54,TNP_0006,0,2016
2016-09-08 02:00:00+00:00,377.58,388.0,26.67,66.69,5.84,TNP_0006,0,2016
2016-09-08 03:00:00+00:00,618.58,625.3,29.47,53.6,5.96,TNP_0006,0,2016
2016-09-08 04:00:00+00:00,816.72,818.92,31.87,44.6,5.33,TNP_0006,0,2016
2016-09-08 05:00:00+00:00,909.7,948.97,33.69,38.86,4.63,TNP_0006,0,2016
2016-09-08 06:00:00+00:00,966.85,972.75,34.93,35.25,4.12,TNP_0006,0,2016
2016-09-08 07:00:00+00:00,938.58,950.7,35.77,32.99,3.83,TNP_0006,0,2016
2016-09-08 08:00:00+00:00,774.97,851.45,36.03,32.1,3.76,TNP_0006,0,2016
2016-09-08 09:00:00+00:00,638.17,684.08,35.37,32.97,3.91,TNP_0006,0,2016
2016-09-08 10:00:00+00:00,422.05,465.5,34.4,35.33,3.99,TNP_0006,0,2016
2016-09-08 11:00:00+00:00,191.85,225.02,33.07,40.38,3.59,TNP_0006,0,2016
2016-09-08 12:00:00+00:00,28.95,32.17,30.83,51.9,2.83,TNP_0006,0,2016
2016-09-08 13:00:00+00:00,0.0,0.0,29.45,56.16,3.34,TNP_0006,0,2016
2016-09-08 14:00:00+00:00,0.0,0.0,28.76,57.83,3.92,TNP_0006,0,2016
2016-09-08 15:00:00+00:00,0.0,0.0,27.9,61.55,3.9,TNP_0006,0,2016
2016-09-08 16:00:00+00:00,0.0,0.0,27.02,65.75,3.87,TNP_0006,0,2016
2016-09-08 17:00:00+00:00,0.0,0.0,26.2,70.2,3.69,TNP_0006,0,2016
2016-09-08 18:00:00+00:00,0.0,0.0,25.56,74.06,3.4,TNP_0006,0,2016
2016-09-08 19:00:00+00:00,0.0,0.0,25.11,76.9,3.18,TNP_0006,0,2016
2016-09-08 20:00:00+00:00,0.0,0.0,24.75,79.22,3.04,TNP_0006,0,2016
2016-09-08 21:00:00+00:00,0.0,0.0,24.46,80.89,3.07,TNP_0006,0,2016
2016-09-08 22:00:00+00:00,0.0,0.0,24.12,82.5,3.15,TNP_0006,0,2016
2016-09-08 23:00:00+00:00,0.0,0.0,23.81,83.98,3.1,TNP_0006,0,2016
2016-09-09 00:00:00+00:00,4.38,4.43,23.56,85.25,2.92,TNP_0006,0,2016
2016-09-09 01:00:00+00:00,118.9,120.6,25.08,77.56,4.05,TNP_0006,0,2016
2016-09-09 02:00:00+00:00,345.33,353.25,28.08,63.1,4.92,TNP_0006,0,2016
2016-09-09 03:00:00+00:00,586.45,587.9,31.21,49.83,4.35,TNP_0006,0,2016
2016-09-09 04:00:00+00:00,780.88,781.8,33.68,41.54,3.61,TNP_0006,0,2016
2016-09-09 05:00:00+00:00,909.33,913.12,35.43,36.82,3.16,TNP_0006,0,2016
2016-09-09 06:00:00+00:00,967.67,971.1,36.61,33.98,2.83,TNP_0006,0,2016
2016-09-09 07:00:00+00:00,869.5,947.0,37.23,32.31,2.53,TNP_0006,0,2016
2016-09-09 08:00:00+00:00,675.6,846.17,37.44,31.43,2.27,TNP_0006,0,2016
2016-09-09 09:00:00+00:00,586.75,676.5,36.78,32.2,1.66,TNP_0006,0,2016
2016-09-09 10:00:00+00:00,347.8,454.25,35.66,34.48,1.0,TNP_0006,0,2016
2016-09-09 11:00:00+00:00,151.12,212.88,34.31,39.19,0.47,TNP_0006,0,2016
2016-09-09 12:00:00+00:00,22.62,29.42,32.55,48.92,0.32,TNP_0006,0,2016
2016-09-09 13:00:00+00:00,0.0,0.0,31.16,55.73,1.11,TNP_0006,0,2016
2016-09-09 14:00:00+00:00,0.0,0.0,29.83,63.73,1.86,TNP_0006,0,2016
2016-09-09 15:00:00+00:00,0.0,0.0,28.81,67.94,2.15,TNP_0006,0,2016
2016-09-09 16:00:00+00:00,0.0,0.0,28.04,71.87,2.22,TNP_0006,0,2016
2016-09-09 17:00:00+00:00,0.0,0.0,27.37,75.4,2.18,TNP_0006,0,2016
2016-09-09 18:00:00+00:00,0.0,0.0,26.74,79.14,2.08,TNP_0006,0,2016
2016-09-09 19:00:00+00:00,0.0,0.0,26.21,82.25,1.98,TNP_0006,0,2016
2016-09-09 20:00:00+00:00,0.0,0.0,25.76,83.7,1.93,TNP_0006,0,2016
2016-09-09 21:00:00+00:00,0.0,0.0,25.37,84.98,1.82,TNP_0006,0,2016
2016-09-09 22:00:00+00:00,0.0,0.0,24.99,86.16,1.78,TNP_0006,0,2016
2016-09-09 23:00:00+00:00,0.0,0.0,24.64,87.03,1.86,TNP_0006,0,2016
2016-09-10 00:00:00+00:00,3.62,4.2,24.31,87.49,2.02,TNP_0006,0,2016
2016-09-10 01:00:00+00:00,100.12,109.05,25.34,80.56,3.16,TNP_0006,0,2016
2016-09-10 02:00:00+00:00,288.52,321.0,27.53,68.29,4.05,TNP_0006,0,2016
2016-09-10 03:00:00+00:00,539.72,560.7,30.1,55.9,3.84,TNP_0006,0,2016
2016-09-10 04:00:00+00:00,672.35,755.28,32.12,48.3,3.02,TNP_0006,0,2016
2016-09-10 05:00:00+00:00,844.33,887.55,33.57,43.73,2.67,TNP_0006,0,2016
2016-09-10 06:00:00+00:00,869.3,931.6,34.6,40.56,2.64,TNP_0006,0,2016
2016-09-10 07:00:00+00:00,759.08,906.1,35.29,38.39,2.73,TNP_0006,0,2016
2016-09-10 08:00:00+00:00,678.45,800.35,35.7,37.08,2.83,TNP_0006,0,2016
2016-09-10 09:00:00+00:00,503.5,623.75,35.56,36.94,2.9,TNP_0006,0,2016
2016-09-10 10:00:00+00:00,325.88,407.38,34.78,38.34,2.88,TNP_0006,0,2016
2016-09-10 11:00:00+00:00,162.38,190.93,33.8,41.63,2.66,TNP_0006,0,2016
2016-09-10 12:00:00+00:00,23.2,25.73,31.67,56.7,1.78,TNP_0006,0,2016
2016-09-10 13:00:00+00:00,0.0,0.0,29.96,65.39,1.95,TNP_0006,0,2016
2016-09-10 14:00:00+00:00,0.0,0.0,29.18,66.27,2.38,TNP_0006,0,2016
2016-09-10 15:00:00+00:00,0.0,0.0,28.41,67.73,3.11,TNP_0006,0,2016
2016-09-10 16:00:00+00:00,0.0,0.0,27.66,70.61,3.7,TNP_0006,0,2016
2016-09-10 17:00:00+00:00,0.0,0.0,26.96,74.25,3.8,TNP_0006,0,2016
2016-09-10 18:00:00+00:00,0.0,0.0,26.3,77.93,3.58,TNP_0006,0,2016
2016-09-10 19:00:00+00:00,0.0,0.0,25.72,80.55,3.65,TNP_0006,0,2016
2016-09-10 20:00:00+00:00,0.0,0.0,25.4,80.6,4.48,TNP_0006,0,2016
2016-09-10 21:00:00+00:00,0.0,0.0,25.19,80.09,4.84,TNP_0006,0,2016
2016-09-10 22:00:00+00:00,0.0,0.0,24.93,80.77,4.32,TNP_0006,0,2016
2016-09-10 23:00:00+00:00,0.0,0.0,24.75,81.34,4.15,TNP_0006,0,2016
2016-09-11 00:00:00+00:00,3.3,4.45,24.51,82.52,3.77,TNP_0006,0,2016
2016-09-11 01:00:00+00:00,70.47,120.07,25.08,79.59,3.96,TNP_0006,0,2016
2016-09-11 02:00:00+00:00,199.4,353.7,26.7,70.58,4.88,TNP_0006,0,2016
2016-09-11 03:00:00+00:00,389.8,589.8,28.84,59.05,5.0,TNP_0006,0,2016
2016-09-11 04:00:00+00:00,641.97,785.78,30.82,49.94,4.25,TNP_0006,0,2016
2016-09-11 05:00:00+00:00,694.83,919.3,32.38,43.48,3.58,TNP_0006,0,2016
2016-09-11 06:00:00+00:00,817.3,978.45,33.43,39.26,3.3,TNP_0006,0,2016
2016-09-11 07:00:00+00:00,763.88,955.72,34.21,36.35,3.15,TNP_0006,0,2016
2016-09-11 08:00:00+00:00,607.9,855.95,34.73,34.23,3.1,TNP_0006,0,2016
2016-09-11 09:00:00+00:00,559.0,687.58,34.83,32.9,3.11,TNP_0006,0,2016
2016-09-11 10:00:00+00:00,354.62,465.23,34.47,32.56,2.98,TNP_0006,0,2016
2016-09-11 11:00:00+00:00,172.3,221.98,33.53,36.3,2.22,TNP_0006,0,2016
2016-09-11 12:00:00+00:00,26.02,29.2,31.13,54.05,1.47,TNP_0006,0,2016
2016-09-11 13:00:00+00:00,0.0,0.0,29.69,58.18,1.45,TNP_0006,0,2016
2016-09-11 14:00:00+00:00,0.0,0.0,28.81,60.72,1.57,TNP_0006,0,2016
2016-09-11 15:00:00+00:00,0.0,0.0,28.12,64.18,1.84,TNP_0006,0,2016
2016-09-11 16:00:00+00:00,0.0,0.0,27.52,67.53,2.28,TNP_0006,0,2016
2016-09-11 17:00:00+00:00,0.0,0.0,26.91,70.6,2.44,TNP_0006,0,2016
2016-09-11 18:00:00+00:00,0.0,0.0,26.32,73.88,2.29,TNP_0006,0,2016
2016-09-11 19:00:00+00:00,0.0,0.0,25.78,77.1,2.06,TNP_0006,0,2016
2016-09-11 20:00:00+00:00,0.0,0.0,25.37,78.9,2.09,TNP_0006,0,2016
2016-09-11 21:00:00+00:00,0.0,0.0,25.03,79.99,2.23,TNP_0006,0,2016
2016-09-11 22:00:00+00:00,0.0,0.0,24.7,81.29,2.19,TNP_0006,0,2016
2016-09-11 23:00:00+00:00,0.0,0.0,24.4,82.29,2.27,TNP_0006,0,2016
2016-09-12 00:00:00+00:00,4.62,4.65,24.13,83.11,2.51,TNP_0006,0,2016
2016-09-12 01:00:00+00:00,123.7,126.82,25.22,76.19,3.5,TNP_0006,0,2016
2016-09-12 02:00:00+00:00,352.52,360.7,27.4,65.17,4.73,TNP_0006,0,2016
2016-09-12 03:00:00+00:00,594.12,595.15,29.92,54.19,4.81,TNP_0006,0,2016
2016-09-12 04:00:00+00:00,787.12,788.22,32.03,46.24,4.41,TNP_0006,0,2016
2016-09-12 05:00:00+00:00,911.72,917.92,33.5,41.51,4.16,TNP_0006,0,2016
2016-09-12 06:00:00+00:00,971.78,973.92,34.58,38.25,3.9,TNP_0006,0,2016
2016-09-12 07:00:00+00:00,887.05,948.83,35.34,35.92,3.74,TNP_0006,0,2016
2016-09-12 08:00:00+00:00,738.85,845.88,35.55,34.8,3.63,TNP_0006,0,2016
2016-09-12 09:00:00+00:00,548.72,676.72,35.36,34.65,3.48,TNP_0006,0,2016
2016-09-12 10:00:00+00:00,336.6,452.67,34.76,35.48,3.25,TNP_0006,0,2016
2016-09-12 11:00:00+00:00,146.27,211.1,33.93,37.56,2.89,TNP_0006,0,2016
2016-09-12 12:00:00+00:00,20.35,27.1,31.57,53.33,1.75,TNP_0006,0,2016
2016-09-12 13:00:00+00:00,0.0,0.0,29.85,61.47,1.75,TNP_0006,0,2016
2016-09-12 14:00:00+00:00,0.0,0.0,29.08,64.32,1.55,TNP_0006,0,2016
2016-09-12 15:00:00+00:00,0.0,0.0,28.48,66.61,1.25,TNP_0006,0,2016
2016-09-12 16:00:00+00:00,0.0,0.0,27.74,69.58,1.24,TNP_0006,0,2016
2016-09-12 17:00:00+00:00,0.0,0.0,26.92,73.76,1.8,TNP_0006,0,2016
2016-09-12 18:00:00+00:00,0.0,0.0,26.27,77.37,2.26,TNP_0006,0,2016
2016-09-12 19:00:00+00:00,0.0,0.0,25.65,80.57,2.41,TNP_0006,0,2016
2016-09-12 20:00:00+00:00,0.0,0.0,25.14,82.34,2.67,TNP_0006,0,2016
2016-09-12 21:00:00+00:00,0.0,0.0,24.73,83.63,2.67,TNP_0006,0,2016
2016-09-12 22:00:00+00:00,0.0,0.0,24.34,84.84,2.66,TNP_0006,0,2016
2016-09-12 23:00:00+00:00,0.0,0.0,24.09,85.69,2.86,TNP_0006,0,2016
2016-09-13 00:00:00+00:00,4.38,4.68,23.93,85.74,3.21,TNP_0006,0,2016
2016-09-13 01:00:00+00:00,105.8,125.82,24.6,81.78,3.83,TNP_0006,0,2016
2016-09-13 02:00:00+00:00,267.58,360.6,26.46,72.22,4.72,TNP_0006,0,2016
2016-09-13 03:00:00+00:00,429.33,598.83,29.28,58.39,5.25,TNP_0006,0,2016
2016-09-13 04:00:00+00:00,628.58,792.85,31.72,47.93,4.73,TNP_0006,0,2016
2016-09-13 05:00:00+00:00,688.28,923.7,33.71,41.1,4.3,TNP_0006,0,2016
2016-09-13 06:00:00+00:00,838.2,928.08,35.08,36.67,4.05,TNP_0006,0,2016
2016-09-13 07:00:00+00:00,738.97,900.25,35.69,34.2,3.9,TNP_0006,0,2016
2016-09-13 08:00:00+00:00,570.17,794.88,35.52,33.47,3.74,TNP_0006,0,2016
2016-09-13 09:00:00+00:00,527.47,620.53,35.12,33.72,3.43,TNP_0006,0,2016
2016-09-13 10:00:00+00:00,330.08,400.15,34.55,35.11,2.95,TNP_0006,0,2016
2016-09-13 11:00:00+00:00,140.95,176.12,33.53,41.27,1.9,TNP_0006,0,2016
2016-09-13 12:00:00+00:00,19.12,22.4,31.7,57.02,1.37,TNP_0006,0,2016
2016-09-13 13:00:00+00:00,0.0,0.0,30.6,60.19,1.37,TNP_0006,0,2016
2016-09-13 14:00:00+00:00,0.0,0.0,29.41,64.27,1.6,TNP_0006,0,2016
2016-09-13 15:00:00+00:00,0.0,0.0,28.48,67.4,2.16,TNP_0006,0,2016
2016-09-13 16:00:00+00:00,0.0,0.0,27.66,71.24,2.65,TNP_0006,0,2016
2016-09-13 17:00:00+00:00,0.0,0.0,26.84,76.42,2.78,TNP_0006,0,2016
2016-09-13 18:00:00+00:00,0.0,0.0,26.17,79.68,3.42,TNP_0006,0,2016
2016-09-13 19:00:00+00:00,0.0,0.0,25.58,83.03,3.31,TNP_0006,0,2016
2016-09-13 20:00:00+00:00,0.0,0.0,25.11,85.34,3.25,TNP_0006,0,2016
2016-09-13 21:00:00+00:00,0.0,0.0,24.76,86.68,3.4,TNP_0006,0,2016
2016-09-13 22:00:00+00:00,0.0,0.0,24.5,87.85,3.31,TNP_0006,0,2016
2016-09-13 23:00:00+00:00,0.0,0.0,24.28,88.96,3.1,TNP_0006,0,2016
2016-09-14 00:00:00+00:00,4.55,4.57,24.16,89.61,3.04,TNP_0006,0,2016
2016-09-14 01:00:00+00:00,108.55,120.53,25.18,84.32,3.99,TNP_0006,0,2016
2016-09-14 02:00:00+00:00,294.83,350.67,27.23,73.14,5.32,TNP_0006,0,2016
2016-09-14 03:00:00+00:00,515.22,588.88,29.64,60.34,5.54,TNP_0006,0,2016
2016-09-14 04:00:00+00:00,631.2,783.33,31.78,50.43,4.95,TNP_0006,0,2016
2016-09-14 05:00:00+00:00,782.75,914.92,33.55,43.02,4.34,TNP_0006,0,2016
2016-09-14 06:00:00+00:00,629.9,966.45,34.77,38.27,3.9,TNP_0006,0,2016
2016-09-14 07:00:00+00:00,720.47,940.58,35.53,35.41,3.56,TNP_0006,0,2016
2016-09-14 08:00:00+00:00,600.25,837.15,35.94,33.97,3.09,TNP_0006,0,2016
2016-09-14 09:00:00+00:00,457.88,665.67,35.99,33.62,2.64,TNP_0006,0,2016
2016-09-14 10:00:00+00:00,264.77,444.48,35.4,34.97,2.6,TNP_0006,0,2016
2016-09-14 11:00:00+00:00,128.73,205.3,34.11,40.57,2.52,TNP_0006,0,2016
2016-09-14 12:00:00+00:00,16.42,24.88,31.53,54.86,2.5,TNP_0006,0,2016
2016-09-14 13:00:00+00:00,0.0,0.0,30.16,58.87,3.2,TNP_0006,0,2016
2016-09-14 14:00:00+00:00,0.0,0.0,29.38,61.5,3.49,TNP_0006,0,2016
2016-09-14 15:00:00+00:00,0.0,0.0,28.61,65.22,3.52,TNP_0006,0,2016
2016-09-14 16:00:00+00:00,0.0,0.0,27.87,69.19,3.35,TNP_0006,0,2016
2016-09-14 17:00:00+00:00,0.0,0.0,27.2,73.0,3.12,TNP_0006,0,2016
2016-09-14 18:00:00+00:00,0.0,0.0,26.66,75.99,3.14,TNP_0006,0,2016
2016-09-14 19:00:00+00:00,0.0,0.0,26.15,78.67,3.14,TNP_0006,0,2016
2016-09-14 20:00:00+00:00,0.0,0.0,25.74,80.56,3.17,TNP_0006,0,2016
2016-09-14 21:00:00+00:00,0.0,0.0,25.32,82.33,2.83,TNP_0006,0,2016
2016-09-14 22:00:00+00:00,0.0,0.0,25.0,83.62,2.57,TNP_0006,0,2016
2016-09-14 23:00:00+00:00,0.0,0.0,24.76,84.32,2.59,TNP_0006,0,2016
2016-09-15 00:00:00+00:00,4.7,4.82,24.6,84.52,2.87,TNP_0006,0,2016
2016-09-15 01:00:00+00:00,126.45,130.57,25.32,80.04,4.1,TNP_0006,0,2016
2016-09-15 02:00:00+00:00,359.27,368.58,26.84,70.11,5.16,TNP_0006,0,2016
2016-09-15 03:00:00+00:00,600.28,604.17,29.42,56.07,5.34,TNP_0006,0,2016
2016-09-15 04:00:00+00:00,793.28,796.1,32.28,44.78,4.91,TNP_0006,0,2016
2016-09-15 05:00:00+00:00,907.22,927.33,34.37,38.59,4.6,TNP_0006,0,2016
2016-09-15 06:00:00+00:00,967.12,975.1,35.82,34.73,4.33,TNP_0006,0,2016
2016-09-15 07:00:00+00:00,894.5,949.33,36.8,32.29,4.22,TNP_0006,0,2016
2016-09-15 08:00:00+00:00,740.15,846.1,37.16,31.32,4.41,TNP_0006,0,2016
2016-09-15 09:00:00+00:00,563.4,674.53,36.89,31.77,4.56,TNP_0006,0,2016
2016-09-15 10:00:00+00:00,334.75,452.15,36.18,33.39,4.57,TNP_0006,0,2016
2016-09-15 11:00:00+00:00,161.05,209.5,34.72,37.81,4.19,TNP_0006,0,2016
2016-09-15 12:00:00+00:00,20.67,24.88,32.01,50.36,2.85,TNP_0006,0,2016
2016-09-15 13:00:00+00:00,0.0,0.0,30.2,57.66,2.89,TNP_0006,0,2016
2016-09-15 14:00:00+00:00,0.0,0.0,29.32,61.45,2.97,TNP_0006,0,2016
2016-09-15 15:00:00+00:00,0.0,0.0,28.45,67.02,2.62,TNP_0006,0,2016
2016-09-15 16:00:00+00:00,0.0,0.0,27.79,70.73,2.58,TNP_0006,0,2016
2016-09-15 17:00:00+00:00,0.0,0.0,27.24,72.93,3.04,TNP_0006,0,2016
2016-09-15 18:00:00+00:00,0.0,0.0,26.75,74.56,3.92,TNP_0006,0,2016
2016-09-15 19:00:00+00:00,0.0,0.0,26.23,76.46,4.51,TNP_0006,0,2016
2016-09-15 20:00:00+00:00,0.0,0.0,25.74,78.36,4.49,TNP_0006,0,2016
2016-09-15 21:00:00+00:00,0.0,0.0,25.28,80.6,4.06,TNP_0006,0,2016
2016-09-15 22:00:00+00:00,0.0,0.0,24.92,82.35,3.9,TNP_0006,0,2016
2016-09-15 23:00:00+00:00,0.0,0.0,24.63,83.67,3.81,TNP_0006,0,2016
2016-09-16 00:00:00+00:00,4.8,4.88,24.36,85.19,3.46,TNP_0006,0,2016
2016-09-16 01:00:00+00:00,129.38,131.95,25.22,81.0,4.15,TNP_0006,0,2016
2016-09-16 02:00:00+00:00,367.15,371.75,27.18,70.94,5.39,TNP_0006,0,2016
2016-09-16 03:00:00+00:00,603.3,608.7,29.25,60.84,5.92,TNP_0006,0,2016
2016-09-16 04:00:00+00:00,798.58,801.62,31.08,52.45,5.86,TNP_0006,0,2016
2016-09-16 05:00:00+00:00,925.08,931.17,32.69,45.48,5.66,TNP_0006,0,2016
2016-09-16 06:00:00+00:00,995.22,996.12,34.03,40.25,5.4,TNP_0006,0,2016
2016-09-16 07:00:00+00:00,949.38,969.92,35.21,36.46,5.15,TNP_0006,0,2016
2016-09-16 08:00:00+00:00,673.8,867.62,36.12,33.99,4.97,TNP_0006,0,2016
2016-09-16 09:00:00+00:00,522.78,697.72,36.29,33.42,4.95,TNP_0006,0,2016
2016-09-16 10:00:00+00:00,348.92,475.95,35.88,34.28,5.08,TNP_0006,0,2016
2016-09-16 11:00:00+00:00,160.7,228.8,34.58,38.35,4.77,TNP_0006,0,2016
2016-09-16 12:00:00+00:00,19.45,27.05,31.83,49.96,3.82,TNP_0006,0,2016
2016-09-16 13:00:00+00:00,0.0,0.0,30.07,56.44,4.38,TNP_0006,0,2016
2016-09-16 14:00:00+00:00,0.0,0.0,29.21,60.38,4.9,TNP_0006,0,2016
2016-09-16 15:00:00+00:00,0.0,0.0,28.18,65.75,4.94,TNP_0006,0,2016
2016-09-16 16:00:00+00:00,0.0,0.0,27.29,70.66,4.92,TNP_0006,0,2016
2016-09-16 17:00:00+00:00,0.0,0.0,26.59,74.46,5.03,TNP_0006,0,2016
2016-09-16 18:00:00+00:00,0.0,0.0,26.01,77.28,5.26,TNP_0006,0,2016
2016-09-16 19:00:00+00:00,0.0,0.0,25.5,79.59,5.25,TNP_0006,0,2016
2016-09-16 20:00:00+00:00,0.0,0.0,25.11,81.27,5.1,TNP_0006,0,2016
2016-09-16 21:00:00+00:00,0.0,0.0,24.81,82.56,4.84,TNP_0006,0,2016
2016-09-16 22:00:00+00:00,0.0,0.0,24.53,83.82,4.54,TNP_0006,0,2016
2016-09-16 23:00:00+00:00,0.0,0.0,24.29,84.93,4.2,TNP_0006,0,2016
2016-09-17 00:00:00+00:00,5.12,5.1,24.04,86.07,3.58,TNP_0006,0,2016
2016-09-17 01:00:00+00:00,136.05,138.55,24.72,82.51,4.07,TNP_0006,0,2016
2016-09-17 02:00:00+00:00,370.7,381.38,26.7,71.07,5.48,TNP_0006,0,2016
2016-09-17 03:00:00+00:00,599.9,618.12,29.12,57.68,6.29,TNP_0006,0,2016
2016-09-17 04:00:00+00:00,724.35,810.2,31.22,47.9,6.13,TNP_0006,0,2016
2016-09-17 05:00:00+00:00,906.72,938.47,32.85,41.74,5.57,TNP_0006,0,2016
2016-09-17 06:00:00+00:00,901.6,952.7,33.97,37.95,5.08,TNP_0006,0,2016
2016-09-17 07:00:00+00:00,731.28,926.0,34.66,35.72,4.73,TNP_0006,0,2016
2016-09-17 08:00:00+00:00,623.55,821.45,34.93,34.68,4.51,TNP_0006,0,2016
2016-09-17 09:00:00+00:00,559.22,649.12,34.81,34.78,4.35,TNP_0006,0,2016
2016-09-17 10:00:00+00:00,336.88,424.62,34.29,36.52,4.04,TNP_0006,0,2016
2016-09-17 11:00:00+00:00,147.25,188.82,32.87,44.95,3.02,TNP_0006,0,2016
2016-09-17 12:00:00+00:00,19.62,21.88,30.68,54.83,2.74,TNP_0006,0,2016
2016-09-17 13:00:00+00:00,0.0,0.0,29.56,57.21,3.44,TNP_0006,0,2016
2016-09-17 14:00:00+00:00,0.0,0.0,28.88,59.22,3.95,TNP_0006,0,2016
2016-09-17 15:00:00+00:00,0.0,0.0,28.33,61.76,4.59,TNP_0006,0,2016
2016-09-17 16:00:00+00:00,0.0,0.0,27.63,65.66,4.93,TNP_0006,0,2016
2016-09-17 17:00:00+00:00,0.0,0.0,26.94,69.41,5.0,TNP_0006,0,2016
2016-09-17 18:00:00+00:00,0.0,0.0,26.36,72.18,5.08,TNP_0006,0,2016
2016-09-17 19:00:00+00:00,0.0,0.0,25.87,74.2,5.42,TNP_0006,0,2016
2016-09-17 20:00:00+00:00,0.0,0.0,25.4,75.8,5.64,TNP_0006,0,2016
2016-09-17 21:00:00+00:00,0.0,0.0,24.8,78.54,4.81,TNP_0006,0,2016
2016-09-17 22:00:00+00:00,0.0,0.0,24.15,82.08,3.81,TNP_0006,0,2016
2016-09-17 23:00:00+00:00,0.0,0.0,23.64,84.91,3.21,TNP_0006,0,2016
2016-09-18 00:00:00+00:00,4.7,4.75,23.33,86.8,2.93,TNP_0006,0,2016
2016-09-18 01:00:00+00:00,121.97,124.38,24.45,81.32,3.81,TNP_0006,0,2016
2016-09-18 02:00:00+00:00,349.38,357.2,26.65,69.78,5.23,TNP_0006,0,2016
2016-09-18 03:00:00+00:00,590.47,596.35,29.08,57.76,6.11,TNP_0006,0,2016
2016-09-18 04:00:00+00:00,792.08,793.05,31.4,48.18,6.15,TNP_0006,0,2016
2016-09-18 05:00:00+00:00,922.45,925.12,33.32,41.5,5.84,TNP_0006,0,2016
2016-09-18 06:00:00+00:00,982.9,994.17,34.75,37.01,5.56,TNP_0006,0,2016
2016-09-18 07:00:00+00:00,908.9,966.6,35.68,33.99,5.42,TNP_0006,0,2016
2016-09-18 08:00:00+00:00,673.85,861.5,36.16,32.19,5.45,TNP_0006,0,2016
2016-09-18 09:00:00+00:00,592.05,685.95,36.22,31.41,5.42,TNP_0006,0,2016
2016-09-18 10:00:00+00:00,373.85,457.38,35.68,32.25,5.53,TNP_0006,0,2016
2016-09-18 11:00:00+00:00,167.68,209.57,34.12,36.95,5.23,TNP_0006,0,2016
2016-09-18 12:00:00+00:00,18.05,23.0,31.42,48.5,4.32,TNP_0006,0,2016
2016-09-18 13:00:00+00:00,0.0,0.0,29.83,54.23,4.66,TNP_0006,0,2016
2016-09-18 14:00:00+00:00,0.0,0.0,29.03,57.19,5.16,TNP_0006,0,2016
2016-09-18 15:00:00+00:00,0.0,0.0,28.22,61.25,5.25,TNP_0006,0,2016
2016-09-18 16:00:00+00:00,0.0,0.0,27.44,65.48,5.22,TNP_0006,0,2016
2016-09-18 17:00:00+00:00,0.0,0.0,26.8,68.99,5.21,TNP_0006,0,2016
2016-09-18 18:00:00+00:00,0.0,0.0,26.32,71.25,5.2,TNP_0006,0,2016
2016-09-18 19:00:00+00:00,0.0,0.0,25.93,72.82,4.97,TNP_0006,0,2016
2016-09-18 20:00:00+00:00,0.0,0.0,25.56,74.21,4.72,TNP_0006,0,2016
2016-09-18 21:00:00+00:00,0.0,0.0,25.2,75.64,4.43,TNP_0006,0,2016
2016-09-18 22:00:00+00:00,0.0,0.0,24.8,77.56,4.09,TNP_0006,0,2016
2016-09-18 23:00:00+00:00,0.0,0.0,24.41,79.77,3.61,TNP_0006,0,2016
2016-09-19 00:00:00+00:00,4.57,5.1,24.15,81.37,3.33,TNP_0006,0,2016
2016-09-19 01:00:00+00:00,126.3,138.15,24.9,77.66,4.03,TNP_0006,0,2016
2016-09-19 02:00:00+00:00,363.5,381.2,26.69,68.61,5.09,TNP_0006,0,2016
2016-09-19 03:00:00+00:00,612.15,617.92,29.09,57.04,5.26,TNP_0006,0,2016
2016-09-19 04:00:00+00:00,806.78,810.4,31.69,46.14,4.68,TNP_0006,0,2016
2016-09-19 05:00:00+00:00,935.05,938.12,34.29,37.93,3.94,TNP_0006,0,2016
2016-09-19 06:00:00+00:00,985.12,985.92,36.3,32.66,3.49,TNP_0006,0,2016
2016-09-19 07:00:00+00:00,913.58,959.0,37.5,29.55,3.32,TNP_0006,0,2016
2016-09-19 08:00:00+00:00,804.65,854.67,38.04,27.77,3.17,TNP_0006,0,2016
2016-09-19 09:00:00+00:00,585.08,681.97,37.89,27.29,3.14,TNP_0006,0,2016
2016-09-19 10:00:00+00:00,378.12,458.17,36.87,28.48,3.14,TNP_0006,0,2016
2016-09-19 11:00:00+00:00,175.55,211.18,35.35,33.5,2.17,TNP_0006,0,2016
2016-09-19 12:00:00+00:00,21.3,22.42,32.67,50.53,1.31,TNP_0006,0,2016
2016-09-19 13:00:00+00:00,0.0,0.0,31.35,53.89,1.53,TNP_0006,0,2016
2016-09-19 14:00:00+00:00,0.0,0.0,30.59,55.11,2.12,TNP_0006,0,2016
2016-09-19 15:00:00+00:00,0.0,0.0,29.71,59.48,2.49,TNP_0006,0,2016
2016-09-19 16:00:00+00:00,0.0,0.0,28.82,65.01,2.4,TNP_0006,0,2016
2016-09-19 17:00:00+00:00,0.0,0.0,28.13,68.93,2.26,TNP_0006,0,2016
2016-09-19 18:00:00+00:00,0.0,0.0,27.43,71.59,2.49,TNP_0006,0,2016
2016-09-19 19:00:00+00:00,0.0,0.0,26.84,73.57,2.88,TNP_0006,0,2016
2016-09-19 20:00:00+00:00,0.0,0.0,26.33,75.3,3.22,TNP_0006,0,2016
2016-09-19 21:00:00+00:00,0.0,0.0,25.95,76.23,3.4,TNP_0006,0,2016
2016-09-19 22:00:00+00:00,0.0,0.0,25.63,77.03,3.29,TNP_0006,0,2016
2016-09-19 23:00:00+00:00,0.0,0.0,25.28,78.24,2.98,TNP_0006,0,2016
2016-09-20 00:00:00+00:00,5.12,5.25,24.93,79.54,2.73,TNP_0006,0,2016
2016-09-20 01:00:00+00:00,128.25,141.8,25.79,74.14,3.98,TNP_0006,0,2016
2016-09-20 02:00:00+00:00,350.95,385.62,27.5,64.41,5.56,TNP_0006,0,2016
2016-09-20 03:00:00+00:00,597.85,620.85,29.74,53.93,5.88,TNP_0006,0,2016
2016-09-20 04:00:00+00:00,803.65,811.72,31.92,45.23,5.59,TNP_0006,0,2016
2016-09-20 05:00:00+00:00,904.72,938.67,33.8,38.79,5.14,TNP_0006,0,2016
2016-09-20 06:00:00+00:00,943.1,965.0,35.16,34.33,4.65,TNP_0006,0,2016
2016-09-20 07:00:00+00:00,893.5,935.8,36.0,31.37,4.14,TNP_0006,0,2016
2016-09-20 08:00:00+00:00,712.0,828.65,36.19,29.86,3.55,TNP_0006,0,2016
2016-09-20 09:00:00+00:00,512.25,655.5,36.1,29.25,2.98,TNP_0006,0,2016
2016-09-20 10:00:00+00:00,303.4,432.05,35.81,29.47,2.47,TNP_0006,0,2016
2016-09-20 11:00:00+00:00,133.35,192.25,34.96,33.08,1.52,TNP_0006,0,2016
2016-09-20 12:00:00+00:00,15.6,19.95,32.74,50.62,0.53,TNP_0006,0,2016
2016-09-20 13:00:00+00:00,0.0,0.0,31.42,52.97,0.31,TNP_0006,0,2016
2016-09-20 14:00:00+00:00,0.0,0.0,30.54,54.47,1.26,TNP_0006,0,2016
2016-09-20 15:00:00+00:00,0.0,0.0,29.44,59.56,2.06,TNP_0006,0,2016
2016-09-20 16:00:00+00:00,0.0,0.0,28.65,62.66,2.64,TNP_0006,0,2016
2016-09-20 17:00:00+00:00,0.0,0.0,27.84,67.68,2.76,TNP_0006,0,2016
2016-09-20 18:00:00+00:00,0.0,0.0,27.08,72.11,2.93,TNP_0006,0,2016
2016-09-20 19:00:00+00:00,0.0,0.0,26.39,74.55,3.19,TNP_0006,0,2016
2016-09-20 20:00:00+00:00,0.0,0.0,25.98,74.48,3.92,TNP_0006,0,2016
2016-09-20 21:00:00+00:00,0.0,0.0,25.59,74.99,3.91,TNP_0006,0,2016
2016-09-20 22:00:00+00:00,0.0,0.0,25.15,76.9,3.44,TNP_0006,0,2016
2016-09-20 23:00:00+00:00,0.0,0.0,24.79,78.78,3.1,TNP_0006,0,2016
2016-09-21 00:00:00+00:00,4.3,5.0,24.48,80.53,2.88,TNP_0006,0,2016
2016-09-21 01:00:00+00:00,85.85,131.05,25.66,75.24,3.9,TNP_0006,0,2016
2016-09-21 02:00:00+00:00,240.73,369.95,27.95,63.61,5.57,TNP_0006,0,2016
2016-09-21 03:00:00+00:00,420.5,604.3,30.6,51.36,6.06,TNP_0006,0,2016
2016-09-21 04:00:00+00:00,563.67,795.33,32.92,42.74,5.91,TNP_0006,0,2016
2016-09-21 05:00:00+00:00,683.0,922.38,34.83,36.78,5.57,TNP_0006,0,2016
2016-09-21 06:00:00+00:00,750.53,975.03,36.08,33.06,5.14,TNP_0006,0,2016
2016-09-21 07:00:00+00:00,634.55,947.03,36.49,31.3,4.75,TNP_0006,0,2016
2016-09-21 08:00:00+00:00,559.22,842.1,36.71,30.28,4.49,TNP_0006,0,2016
2016-09-21 09:00:00+00:00,413.48,669.12,36.57,30.19,4.3,TNP_0006,0,2016
2016-09-21 10:00:00+00:00,249.48,445.33,35.84,31.79,4.01,TNP_0006,0,2016
2016-09-21 11:00:00+00:00,105.82,201.82,34.52,36.88,3.08,TNP_0006,0,2016
2016-09-21 12:00:00+00:00,12.1,20.27,32.2,49.16,2.19,TNP_0006,0,2016
2016-09-21 13:00:00+00:00,0.0,0.0,31.12,52.78,2.16,TNP_0006,0,2016
2016-09-21 14:00:00+00:00,0.0,0.0,30.17,57.94,2.19,TNP_0006,0,2016
2016-09-21 15:00:00+00:00,0.0,0.0,29.24,63.03,2.19,TNP_0006,0,2016
2016-09-21 16:00:00+00:00,0.0,0.0,28.49,67.02,2.18,TNP_0006,0,2016
2016-09-21 17:00:00+00:00,0.0,0.0,27.77,69.65,2.58,TNP_0006,0,2016
2016-09-21 18:00:00+00:00,0.0,0.0,27.11,71.64,3.31,TNP_0006,0,2016
2016-09-21 19:00:00+00:00,0.0,0.0,26.54,73.58,3.7,TNP_0006,0,2016
2016-09-21 20:00:00+00:00,0.0,0.0,26.07,74.87,4.11,TNP_0006,0,2016
2016-09-21 21:00:00+00:00,0.0,0.0,25.68,75.52,4.39,TNP_0006,0,2016
2016-09-21 22:00:00+00:00,0.0,0.0,25.39,75.46,4.83,TNP_0006,0,2016
2016-09-21 23:00:00+00:00,0.0,0.0,25.02,76.51,4.74,TNP_0006,0,2016
2016-09-22 00:00:00+00:00,4.07,5.07,24.65,78.04,4.59,TNP_0006,0,2016
2016-09-22 01:00:00+00:00,95.12,133.65,25.37,74.59,5.29,TNP_0006,0,2016
2016-09-22 02:00:00+00:00,279.83,372.95,27.35,63.1,6.78,TNP_0006,0,2016
2016-09-22 03:00:00+00:00,515.42,606.62,29.99,49.84,7.4,TNP_0006,0,2016
2016-09-22 04:00:00+00:00,720.9,796.78,32.56,40.72,7.17,TNP_0006,0,2016
2016-09-22 05:00:00+00:00,815.28,923.58,34.72,34.92,6.73,TNP_0006,0,2016
2016-09-22 06:00:00+00:00,888.5,952.62,36.42,31.19,6.31,TNP_0006,0,2016
2016-09-22 07:00:00+00:00,893.0,925.22,37.65,28.85,5.94,TNP_0006,0,2016
2016-09-22 08:00:00+00:00,735.33,819.9,38.25,27.8,5.75,TNP_0006,0,2016
2016-09-22 09:00:00+00:00,602.75,645.9,38.02,28.2,5.73,TNP_0006,0,2016
2016-09-22 10:00:00+00:00,392.95,422.77,36.95,30.28,5.86,TNP_0006,0,2016
2016-09-22 11:00:00+00:00,170.32,186.52,35.39,34.41,5.84,TNP_0006,0,2016
2016-09-22 12:00:00+00:00,16.95,18.3,32.98,43.56,4.97,TNP_0006,0,2016
2016-09-22 13:00:00+00:00,0.0,0.0,31.29,50.61,4.64,TNP_0006,0,2016
2016-09-22 14:00:00+00:00,0.0,0.0,30.3,54.18,4.54,TNP_0006,0,2016
2016-09-22 15:00:00+00:00,0.0,0.0,29.37,57.2,4.49,TNP_0006,0,2016
2016-09-22 16:00:00+00:00,0.0,0.0,28.54,60.03,4.48,TNP_0006,0,2016
2016-09-22 17:00:00+00:00,0.0,0.0,27.82,62.25,4.83,TNP_0006,0,2016
2016-09-22 18:00:00+00:00,0.0,0.0,27.16,64.18,4.97,TNP_0006,0,2016
2016-09-22 19:00:00+00:00,0.0,0.0,26.48,66.0,5.09,TNP_0006,0,2016
2016-09-22 20:00:00+00:00,0.0,0.0,25.86,68.01,5.22,TNP_0006,0,2016
2016-09-22 21:00:00+00:00,0.0,0.0,25.34,70.38,5.08,TNP_0006,0,2016
2016-09-22 22:00:00+00:00,0.0,0.0,24.84,73.11,4.67,TNP_0006,0,2016
2016-09-22 23:00:00+00:00,0.0,0.0,24.36,76.07,4.27,TNP_0006,0,2016
2016-09-23 00:00:00+00:00,4.95,5.0,24.03,78.51,3.94,TNP_0006,0,2016
2016-09-23 01:00:00+00:00,120.68,129.15,25.06,73.97,4.87,TNP_0006,0,2016
2016-09-23 02:00:00+00:00,334.75,364.65,27.5,61.92,6.3,TNP_0006,0,2016
2016-09-23 03:00:00+00:00,557.05,600.3,30.25,49.88,6.83,TNP_0006,0,2016
2016-09-23 04:00:00+00:00,769.75,792.58,32.62,41.81,6.83,TNP_0006,0,2016
2016-09-23 05:00:00+00:00,886.12,920.12,34.52,36.76,6.55,TNP_0006,0,2016
2016-09-23 06:00:00+00:00,986.62,991.17,35.96,33.48,6.23,TNP_0006,0,2016
2016-09-23 07:00:00+00:00,939.92,959.97,37.0,31.33,6.07,TNP_0006,0,2016
2016-09-23 08:00:00+00:00,819.97,850.78,37.56,30.28,6.06,TNP_0006,0,2016
2016-09-23 09:00:00+00:00,633.1,672.08,37.28,30.79,6.11,TNP_0006,0,2016
2016-09-23 10:00:00+00:00,405.98,440.55,36.63,32.15,6.29,TNP_0006,0,2016
2016-09-23 11:00:00+00:00,168.65,192.68,35.31,35.32,6.33,TNP_0006,0,2016
2016-09-23 12:00:00+00:00,15.38,18.15,32.96,42.74,5.54,TNP_0006,0,2016
2016-09-23 13:00:00+00:00,0.0,0.0,31.21,48.78,5.45,TNP_0006,0,2016
2016-09-23 14:00:00+00:00,0.0,0.0,30.25,52.34,5.54,TNP_0006,0,2016
2016-09-23 15:00:00+00:00,0.0,0.0,29.39,56.37,5.23,TNP_0006,0,2016
2016-09-23 16:00:00+00:00,0.0,0.0,28.66,60.21,5.08,TNP_0006,0,2016
2016-09-23 17:00:00+00:00,0.0,0.0,28.02,63.38,5.3,TNP_0006,0,2016
2016-09-23 18:00:00+00:00,0.0,0.0,27.41,66.02,5.4,TNP_0006,0,2016
2016-09-23 19:00:00+00:00,0.0,0.0,26.81,68.57,5.44,TNP_0006,0,2016
2016-09-23 20:00:00+00:00,0.0,0.0,26.33,70.37,5.43,TNP_0006,0,2016
2016-09-23 21:00:00+00:00,0.0,0.0,25.89,71.75,5.53,TNP_0006,0,2016
2016-09-23 22:00:00+00:00,0.0,0.0,25.47,73.25,5.08,TNP_0006,0,2016
2016-09-23 23:00:00+00:00,0.0,0.0,25.07,74.95,4.6,TNP_0006,0,2016
2016-09-24 00:00:00+00:00,4.68,4.95,24.75,76.54,4.49,TNP_0006,0,2016
2016-09-24 01:00:00+00:00,120.93,126.3,25.34,73.95,5.29,TNP_0006,0,2016
2016-09-24 02:00:00+00:00,350.27,358.55,27.26,64.76,6.86,TNP_0006,0,2016
2016-09-24 03:00:00+00:00,589.47,593.33,29.96,52.99,7.98,TNP_0006,0,2016
2016-09-24 04:00:00+00:00,782.95,785.67,32.83,42.68,8.55,TNP_0006,0,2016
2016-09-24 05:00:00+00:00,903.88,913.83,35.16,35.9,8.53,TNP_0006,0,2016
2016-09-24 06:00:00+00:00,973.67,982.0,36.84,31.66,8.33,TNP_0006,0,2016
2016-09-24 07:00:00+00:00,923.92,952.42,37.91,29.04,8.24,TNP_0006,0,2016
2016-09-24 08:00:00+00:00,783.28,845.88,38.51,27.6,8.35,TNP_0006,0,2016
2016-09-24 09:00:00+00:00,630.45,670.97,38.29,27.75,8.53,TNP_0006,0,2016
2016-09-24 10:00:00+00:00,412.48,444.95,37.32,29.4,8.59,TNP_0006,0,2016
2016-09-24 11:00:00+00:00,186.7,198.93,35.57,32.91,8.31,TNP_0006,0,2016
2016-09-24 12:00:00+00:00,17.73,18.38,33.01,39.56,7.17,TNP_0006,0,2016
2016-09-24 13:00:00+00:00,0.0,0.0,31.02,46.06,6.56,TNP_0006,0,2016
2016-09-24 14:00:00+00:00,0.0,0.0,29.83,50.88,6.46,TNP_0006,0,2016
2016-09-24 15:00:00+00:00,0.0,0.0,28.79,55.97,6.0,TNP_0006,0,2016
2016-09-24 16:00:00+00:00,0.0,0.0,27.9,60.75,5.63,TNP_0006,0,2016
2016-09-24 17:00:00+00:00,0.0,0.0,27.12,64.96,5.54,TNP_0006,0,2016
2016-09-24 18:00:00+00:00,0.0,0.0,26.47,68.32,5.54,TNP_0006,0,2016
2016-09-24 19:00:00+00:00,0.0,0.0,25.91,71.04,5.53,TNP_0006,0,2016
2016-09-24 20:00:00+00:00,0.0,0.0,25.46,73.16,5.56,TNP_0006,0,2016
2016-09-24 21:00:00+00:00,0.0,0.0,25.02,75.33,5.27,TNP_0006,0,2016
2016-09-24 22:00:00+00:00,0.0,0.0,24.59,77.5,4.88,TNP_0006,0,2016
2016-09-24 23:00:00+00:00,0.0,0.0,24.22,79.54,4.58,TNP_0006,0,2016
2016-09-25 00:00:00+00:00,5.03,5.1,23.92,81.26,4.32,TNP_0006,0,2016
2016-09-25 01:00:00+00:00,131.43,133.05,24.94,76.16,5.21,TNP_0006,0,2016
2016-09-25 02:00:00+00:00,356.1,358.85,27.56,63.18,6.86,TNP_0006,0,2016
2016-09-25 03:00:00+00:00,588.2,590.28,30.33,51.33,7.23,TNP_0006,0,2016
2016-09-25 04:00:00+00:00,778.9,779.58,32.84,42.76,6.84,TNP_0006,0,2016
2016-09-25 05:00:00+00:00,864.62,901.47,35.02,36.73,6.35,TNP_0006,0,2016
2016-09-25 06:00:00+00:00,955.1,992.3,36.61,32.75,6.01,TNP_0006,0,2016
2016-09-25 07:00:00+00:00,850.03,956.67,37.76,30.12,5.82,TNP_0006,0,2016
2016-09-25 08:00:00+00:00,671.55,844.03,38.32,28.91,5.84,TNP_0006,0,2016
2016-09-25 09:00:00+00:00,462.95,663.85,38.05,29.54,5.97,TNP_0006,0,2016
2016-09-25 10:00:00+00:00,310.38,432.62,36.98,31.93,6.09,TNP_0006,0,2016
2016-09-25 11:00:00+00:00,132.25,189.2,35.34,36.44,5.96,TNP_0006,0,2016
2016-09-25 12:00:00+00:00,13.82,17.38,33.1,44.05,5.17,TNP_0006,0,2016
2016-09-25 13:00:00+00:00,0.0,0.0,31.48,49.3,4.93,TNP_0006,0,2016
2016-09-25 14:00:00+00:00,0.0,0.0,30.49,52.62,5.11,TNP_0006,0,2016
2016-09-25 15:00:00+00:00,0.0,0.0,29.63,55.96,5.17,TNP_0006,0,2016
2016-09-25 16:00:00+00:00,0.0,0.0,28.82,59.56,4.72,TNP_0006,0,2016
2016-09-25 17:00:00+00:00,0.0,0.0,28.07,63.07,4.63,TNP_0006,0,2016
2016-09-25 18:00:00+00:00,0.0,0.0,27.42,66.13,4.55,TNP_0006,0,2016
2016-09-25 19:00:00+00:00,0.0,0.0,26.84,68.84,4.33,TNP_0006,0,2016
2016-09-25 20:00:00+00:00,0.0,0.0,26.33,71.09,4.1,TNP_0006,0,2016
2016-09-25 21:00:00+00:00,0.0,0.0,25.91,72.77,4.0,TNP_0006,0,2016
2016-09-25 22:00:00+00:00,0.0,0.0,25.53,74.35,3.74,TNP_0006,0,2016
2016-09-25 23:00:00+00:00,0.0,0.0,25.21,75.48,3.57,TNP_0006,0,2016
2016-09-26 00:00:00+00:00,3.6,5.28,24.93,76.37,3.52,TNP_0006,0,2016
2016-09-26 01:00:00+00:00,106.45,136.23,25.94,70.53,4.96,TNP_0006,0,2016
2016-09-26 02:00:00+00:00,292.92,373.98,28.45,58.01,6.0,TNP_0006,0,2016
2016-09-26 03:00:00+00:00,569.62,606.33,31.31,47.25,5.67,TNP_0006,0,2016
2016-09-26 04:00:00+00:00,741.67,794.42,33.65,40.38,5.03,TNP_0006,0,2016
2016-09-26 05:00:00+00:00,868.25,918.35,35.13,36.55,4.46,TNP_0006,0,2016
2016-09-26 06:00:00+00:00,912.4,960.7,36.31,33.82,3.98,TNP_0006,0,2016
2016-09-26 07:00:00+00:00,652.85,928.95,37.43,31.46,3.71,TNP_0006,0,2016
2016-09-26 08:00:00+00:00,554.78,820.45,38.14,29.93,3.57,TNP_0006,0,2016
2016-09-26 09:00:00+00:00,378.83,644.58,38.32,29.39,3.42,TNP_0006,0,2016
2016-09-26 10:00:00+00:00,217.6,417.27,37.68,30.3,3.33,TNP_0006,0,2016
2016-09-26 11:00:00+00:00,98.6,176.27,36.49,32.6,3.33,TNP_0006,0,2016
2016-09-26 12:00:00+00:00,10.6,15.32,34.15,41.95,2.5,TNP_0006,0,2016
2016-09-26 13:00:00+00:00,0.0,0.0,32.22,48.38,2.42,TNP_0006,0,2016
2016-09-26 14:00:00+00:00,0.0,0.0,31.3,50.22,2.93,TNP_0006,0,2016
2016-09-26 15:00:00+00:00,0.0,0.0,30.26,54.33,3.21,TNP_0006,0,2016
2016-09-26 16:00:00+00:00,0.0,0.0,29.33,58.88,3.26,TNP_0006,0,2016
2016-09-26 17:00:00+00:00,0.0,0.0,28.57,62.72,3.2,TNP_0006,0,2016
2016-09-26 18:00:00+00:00,0.0,0.0,27.93,65.82,3.49,TNP_0006,0,2016
2016-09-26 19:00:00+00:00,0.0,0.0,27.4,68.35,3.73,TNP_0006,0,2016
2016-09-26 20:00:00+00:00,0.0,0.0,26.97,70.4,3.87,TNP_0006,0,2016
2016-09-26 21:00:00+00:00,0.0,0.0,26.61,72.07,3.95,TNP_0006,0,2016
2016-09-26 22:00:00+00:00,0.0,0.0,26.33,73.31,4.01,TNP_0006,0,2016
2016-09-26 23:00:00+00:00,0.0,0.0,26.09,74.43,4.01,TNP_0006,0,2016
2016-09-27 00:00:00+00:00,4.3,4.8,25.84,75.92,3.86,TNP_0006,0,2016
2016-09-27 01:00:00+00:00,108.97,118.35,26.28,73.98,4.74,TNP_0006,0,2016
2016-09-27 02:00:00+00:00,297.8,339.23,27.56,67.66,5.53,TNP_0006,0,2016
2016-09-27 03:00:00+00:00,512.5,568.6,28.88,62.02,5.34,TNP_0006,0,2016
2016-09-27 04:00:00+00:00,679.88,757.58,30.03,57.78,4.91,TNP_0006,0,2016
2016-09-27 05:00:00+00:00,735.12,882.4,30.93,54.57,4.65,TNP_0006,0,2016
2016-09-27 06:00:00+00:00,880.95,955.03,31.52,52.35,4.58,TNP_0006,0,2016
2016-09-27 07:00:00+00:00,798.33,920.8,31.99,50.56,4.69,TNP_0006,0,2016
2016-09-27 08:00:00+00:00,635.05,807.65,32.12,49.79,4.68,TNP_0006,0,2016
2016-09-27 09:00:00+00:00,461.25,626.28,32.16,49.36,4.36,TNP_0006,0,2016
2016-09-27 10:00:00+00:00,290.83,399.77,31.78,50.4,3.97,TNP_0006,0,2016
2016-09-27 11:00:00+00:00,129.12,164.62,30.93,53.2,3.61,TNP_0006,0,2016
2016-09-27 12:00:00+00:00,12.75,13.95,29.54,60.02,2.64,TNP_0006,0,2016
2016-09-27 13:00:00+00:00,0.0,0.0,28.48,65.95,1.88,TNP_0006,0,2016
2016-09-27 14:00:00+00:00,0.0,0.0,28.02,68.85,1.35,TNP_0006,0,2016
2016-09-27 15:00:00+00:00,0.0,0.0,27.59,71.03,1.22,TNP_0006,0,2016
2016-09-27 16:00:00+00:00,0.0,0.0,27.17,72.56,1.45,TNP_0006,0,2016
2016-09-27 17:00:00+00:00,0.0,0.0,26.8,74.32,1.86,TNP_0006,0,2016
2016-09-27 18:00:00+00:00,0.0,0.0,26.4,76.32,2.38,TNP_0006,0,2016
2016-09-27 19:00:00+00:00,0.0,0.0,25.98,78.45,2.6,TNP_0006,0,2016
2016-09-27 20:00:00+00:00,0.0,0.0,25.65,79.9,2.76,TNP_0006,0,2016
2016-09-27 21:00:00+00:00,0.0,0.0,25.4,80.84,2.83,TNP_0006,0,2016
2016-09-27 22:00:00+00:00,0.0,0.0,25.18,81.51,2.85,TNP_0006,0,2016
2016-09-27 23:00:00+00:00,0.0,0.0,24.99,82.12,2.6,TNP_0006,0,2016
2016-09-28 00:00:00+00:00,4.35,4.78,24.84,82.71,2.35,TNP_0006,0,2016
2016-09-28 01:00:00+00:00,91.35,118.65,25.54,79.2,3.22,TNP_0006,0,2016
2016-09-28 02:00:00+00:00,225.95,341.42,27.12,72.49,3.9,TNP_0006,0,2016
2016-09-28 03:00:00+00:00,392.65,572.4,28.83,65.64,3.88,TNP_0006,0,2016
2016-09-28 04:00:00+00:00,532.83,763.72,30.11,60.86,3.83,TNP_0006,0,2016
2016-09-28 05:00:00+00:00,640.8,888.85,31.04,57.53,3.98,TNP_0006,0,2016
2016-09-28 06:00:00+00:00,676.9,899.2,31.7,55.12,4.27,TNP_0006,0,2016
2016-09-28 07:00:00+00:00,659.6,870.67,31.84,54.39,4.49,TNP_0006,0,2016
2016-09-28 08:00:00+00:00,615.28,764.05,31.49,55.33,4.59,TNP_0006,0,2016
2016-09-28 09:00:00+00:00,424.4,588.92,31.15,56.34,4.35,TNP_0006,0,2016
2016-09-28 10:00:00+00:00,264.23,370.0,30.81,57.18,3.64,TNP_0006,0,2016
2016-09-28 11:00:00+00:00,119.03,149.18,30.38,58.76,2.61,TNP_0006,0,2016
2016-09-28 12:00:00+00:00,12.1,12.62,29.44,65.71,0.98,TNP_0006,0,2016
2016-09-28 13:00:00+00:00,0.0,0.0,29.05,68.11,0.3,TNP_0006,0,2016
2016-09-28 14:00:00+00:00,0.0,0.0,28.62,71.16,0.9,TNP_0006,0,2016
2016-09-28 15:00:00+00:00,0.0,0.0,28.05,72.74,1.48,TNP_0006,0,2016
2016-09-28 16:00:00+00:00,0.0,0.0,27.57,73.73,1.92,TNP_0006,0,2016
2016-09-28 17:00:00+00:00,0.0,0.0,27.12,75.87,2.1,TNP_0006,0,2016
2016-09-28 18:00:00+00:00,0.0,0.0,26.68,78.35,2.15,TNP_0006,0,2016
2016-09-28 19:00:00+00:00,0.0,0.0,26.28,80.85,2.16,TNP_0006,0,2016
2016-09-28 20:00:00+00:00,0.0,0.0,25.94,82.86,2.17,TNP_0006,0,2016
2016-09-28 21:00:00+00:00,0.0,0.0,25.62,84.52,2.15,TNP_0006,0,2016
2016-09-28 22:00:00+00:00,0.0,0.0,25.37,85.69,2.28,TNP_0006,0,2016
2016-09-28 23:00:00+00:00,0.0,0.0,25.15,86.85,2.45,TNP_0006,0,2016
2016-09-29 00:00:00+00:00,3.65,4.75,25.08,87.18,2.87,TNP_0006,0,2016
2016-09-29 01:00:00+00:00,75.6,118.0,25.29,86.27,3.24,TNP_0006,0,2016
2016-09-29 02:00:00+00:00,222.25,344.58,26.09,82.48,3.76,TNP_0006,0,2016
2016-09-29 03:00:00+00:00,413.48,574.58,27.54,74.71,4.1,TNP_0006,0,2016
2016-09-29 04:00:00+00:00,602.3,761.65,29.28,64.3,4.07,TNP_0006,0,2016
2016-09-29 05:00:00+00:00,613.75,886.5,30.71,55.98,3.96,TNP_0006,0,2016
2016-09-29 06:00:00+00:00,631.9,930.3,31.35,52.89,3.66,TNP_0006,0,2016
2016-09-29 07:00:00+00:00,589.97,887.83,31.61,51.8,3.25,TNP_0006,0,2016
2016-09-29 08:00:00+00:00,459.1,770.75,31.57,51.77,2.81,TNP_0006,0,2016
2016-09-29 09:00:00+00:00,399.75,587.95,31.27,53.04,2.29,TNP_0006,0,2016
2016-09-29 10:00:00+00:00,237.93,355.88,30.85,55.52,1.61,TNP_0006,0,2016
2016-09-29 11:00:00+00:00,99.53,141.93,30.33,60.91,0.87,TNP_0006,0,2016
2016-09-29 12:00:00+00:00,9.7,11.82,29.33,70.52,0.83,TNP_0006,0,2016
2016-09-29 13:00:00+00:00,0.0,0.0,28.2,79.79,1.28,TNP_0006,0,2016
2016-09-29 14:00:00+00:00,0.0,0.0,27.43,82.88,1.72,TNP_0006,0,2016
2016-09-29 15:00:00+00:00,0.0,0.0,26.83,84.54,1.96,TNP_0006,0,2016
2016-09-29 16:00:00+00:00,0.0,0.0,26.39,86.48,2.02,TNP_0006,0,2016
2016-09-29 17:00:00+00:00,0.0,0.0,26.02,88.29,1.95,TNP_0006,0,2016
2016-09-29 18:00:00+00:00,0.0,0.0,25.65,89.35,1.98,TNP_0006,0,2016
2016-09-29 19:00:00+00:00,0.0,0.0,25.32,89.56,2.22,TNP_0006,0,2016
2016-09-29 20:00:00+00:00,0.0,0.0,25.02,89.4,2.7,TNP_0006,0,2016
2016-09-29 21:00:00+00:00,0.0,0.0,24.75,89.56,2.98,TNP_0006,0,2016
2016-09-29 22:00:00+00:00,0.0,0.0,24.52,89.78,3.31,TNP_0006,0,2016
2016-09-29 23:00:00+00:00,0.0,0.0,24.33,90.01,3.48,TNP_0006,0,2016
2016-09-30 00:00:00+00:00,3.2,4.6,24.23,90.1,3.46,TNP_0006,0,2016
2016-09-30 01:00:00+00:00,71.72,111.7,24.81,87.56,3.66,TNP_0006,0,2016
2016-09-30 02:00:00+00:00,210.12,335.23,25.98,81.44,4.19,TNP_0006,0,2016
2016-09-30 03:00:00+00:00,407.55,568.22,27.82,70.76,4.84,TNP_0006,0,2016
2016-09-30 04:00:00+00:00,706.83,761.97,29.87,60.06,5.12,TNP_0006,0,2016
2016-09-30 05:00:00+00:00,819.55,891.12,31.43,53.03,5.07,TNP_0006,0,2016
2016-09-30 06:00:00+00:00,803.05,909.28,32.49,48.22,4.88,TNP_0006,0,2016
2016-09-30 07:00:00+00:00,740.6,880.9,33.25,44.57,4.48,TNP_0006,0,2016
2016-09-30 08:00:00+00:00,659.17,773.15,33.73,41.78,3.97,TNP_0006,0,2016
2016-09-30 09:00:00+00:00,444.9,597.05,33.9,40.03,3.6,TNP_0006,0,2016
2016-09-30 10:00:00+00:00,259.83,375.73,33.65,39.85,3.51,TNP_0006,0,2016
2016-09-30 11:00:00+00:00,113.53,153.43,32.42,45.83,2.88,TNP_0006,0,2016
2016-09-30 12:00:00+00:00,9.88,12.15,29.74,58.96,2.45,TNP_0006,0,2016
2016-09-30 13:00:00+00:00,0.0,0.0,28.59,61.12,2.92,TNP_0006,0,2016
2016-09-30 14:00:00+00:00,0.0,0.0,28.16,61.83,3.35,TNP_0006,0,2016
2016-09-30 15:00:00+00:00,0.0,0.0,27.45,65.36,3.32,TNP_0006,0,2016
2016-09-30 16:00:00+00:00,0.0,0.0,26.7,69.35,3.34,TNP_0006,0,2016
2016-09-30 17:00:00+00:00,0.0,0.0,26.05,72.79,3.32,TNP_0006,0,2016
2016-09-30 18:00:00+00:00,0.0,0.0,25.51,75.63,3.29,TNP_0006,0,2016
2016-09-30 19:00:00+00:00,0.0,0.0,25.06,77.92,3.25,TNP_0006,0,2016
2016-09-30 20:00:00+00:00,0.0,0.0,24.8,79.13,3.36,TNP_0006,0,2016
2016-09-30 21:00:00+00:00,0.0,0.0,24.56,80.3,3.31,TNP_0006,0,2016
2016-09-30 22:00:00+00:00,0.0,0.0,24.31,81.68,3.31,TNP_0006,0,2016
2016-09-30 23:00:00+00:00,0.0,0.0,24.12,82.66,3.34,TNP_0006,0,2016
2016-10-01 00:00:00+00:00,5.05,4.93,23.98,83.32,3.28,TNP_0006,0,2016
2016-10-01 01:00:00+00:00,116.38,120.93,24.56,80.39,3.93,TNP_0006,0,2016
2016-10-01 02:00:00+00:00,330.42,347.9,26.15,72.64,5.09,TNP_0006,0,2016
2016-10-01 03:00:00+00:00,568.7,580.25,28.41,62.25,5.44,TNP_0006,0,2016
2016-10-01 04:00:00+00:00,769.12,770.75,30.87,52.53,4.65,TNP_0006,0,2016
2016-10-01 05:00:00+00:00,884.35,896.53,32.93,45.35,3.74,TNP_0006,0,2016
2016-10-01 06:00:00+00:00,948.9,952.47,34.35,40.64,3.14,TNP_0006,0,2016
2016-10-01 07:00:00+00:00,889.55,918.5,35.28,37.33,2.85,TNP_0006,0,2016
2016-10-01 08:00:00+00:00,723.0,806.1,35.94,34.59,2.72,TNP_0006,0,2016
2016-10-01 09:00:00+00:00,561.95,627.22,36.29,32.47,2.62,TNP_0006,0,2016
2016-10-01 10:00:00+00:00,320.23,400.7,36.05,31.58,2.41,TNP_0006,0,2016
2016-10-01 11:00:00+00:00,141.57,166.2,34.94,33.39,1.97,TNP_0006,0,2016
2016-10-01 12:00:00+00:00,10.9,12.6,32.08,51.34,1.16,TNP_0006,0,2016
2016-10-01 13:00:00+00:00,0.0,0.0,30.57,54.26,1.42,TNP_0006,0,2016
2016-10-01 14:00:00+00:00,0.0,0.0,29.21,59.77,2.16,TNP_0006,0,2016
2016-10-01 15:00:00+00:00,0.0,0.0,28.2,65.12,2.57,TNP_0006,0,2016
2016-10-01 16:00:00+00:00,0.0,0.0,27.45,68.76,2.58,TNP_0006,0,2016
2016-10-01 17:00:00+00:00,0.0,0.0,26.81,71.94,2.32,TNP_0006,0,2016
2016-10-01 18:00:00+00:00,0.0,0.0,26.02,74.87,2.04,TNP_0006,0,2016
2016-10-01 19:00:00+00:00,0.0,0.0,25.36,76.86,1.88,TNP_0006,0,2016
2016-10-01 20:00:00+00:00,0.0,0.0,24.82,78.08,1.91,TNP_0006,0,2016
2016-10-01 21:00:00+00:00,0.0,0.0,24.34,79.17,2.14,TNP_0006,0,2016
2016-10-01 22:00:00+00:00,0.0,0.0,23.9,80.62,2.36,TNP_0006,0,2016
2016-10-01 23:00:00+00:00,0.0,0.0,23.47,82.26,2.5,TNP_0006,0,2016
2016-10-02 00:00:00+00:00,5.05,5.22,23.08,83.8,2.55,TNP_0006,0,2016
2016-10-02 01:00:00+00:00,125.97,129.75,24.37,76.64,3.78,TNP_0006,0,2016
2016-10-02 02:00:00+00:00,363.17,366.12,27.3,63.31,4.88,TNP_0006,0,2016
2016-10-02 03:00:00+00:00,602.3,602.8,30.44,50.6,4.31,TNP_0006,0,2016
2016-10-02 04:00:00+00:00,793.28,794.55,33.07,41.97,3.25,TNP_0006,0,2016
2016-10-02 05:00:00+00:00,917.8,920.97,34.94,36.97,2.4,TNP_0006,0,2016
2016-10-02 06:00:00+00:00,980.85,981.85,36.31,33.48,1.9,TNP_0006,0,2016
2016-10-02 07:00:00+00:00,926.72,948.4,37.41,30.61,1.62,TNP_0006,0,2016
2016-10-02 08:00:00+00:00,770.95,837.58,38.13,28.4,1.37,TNP_0006,0,2016
2016-10-02 09:00:00+00:00,577.2,658.83,38.16,27.33,1.06,TNP_0006,0,2016
2016-10-02 10:00:00+00:00,347.88,428.98,37.53,27.42,0.61,TNP_0006,0,2016
2016-10-02 11:00:00+00:00,152.23,181.85,36.23,29.39,0.75,TNP_0006,0,2016
2016-10-02 12:00:00+00:00,11.93,13.27,33.59,43.04,1.78,TNP_0006,0,2016
2016-10-02 13:00:00+00:00,0.0,0.0,31.14,50.88,3.12,TNP_0006,0,2016
2016-10-02 14:00:00+00:00,0.0,0.0,30.07,52.25,4.17,TNP_0006,0,2016
2016-10-02 15:00:00+00:00,0.0,0.0,28.91,58.83,4.78,TNP_0006,0,2016
2016-10-02 16:00:00+00:00,0.0,0.0,27.83,65.9,4.11,TNP_0006,0,2016
2016-10-02 17:00:00+00:00,0.0,0.0,27.03,70.67,3.06,TNP_0006,0,2016
2016-10-02 18:00:00+00:00,0.0,0.0,26.32,74.51,2.06,TNP_0006,0,2016
2016-10-02 19:00:00+00:00,0.0,0.0,25.79,77.12,1.58,TNP_0006,0,2016
2016-10-02 20:00:00+00:00,0.0,0.0,25.43,78.46,1.45,TNP_0006,0,2016
2016-10-02 21:00:00+00:00,0.0,0.0,25.21,79.18,1.33,TNP_0006,0,2016
2016-10-02 22:00:00+00:00,0.0,0.0,24.99,80.09,1.26,TNP_0006,0,2016
2016-10-02 23:00:00+00:00,0.0,0.0,24.78,81.0,1.2,TNP_0006,0,2016
2016-10-03 00:00:00+00:00,5.32,5.47,24.56,81.99,1.15,TNP_0006,0,2016
2016-10-03 01:00:00+00:00,135.5,138.2,25.49,76.92,1.71,TNP_0006,0,2016
2016-10-03 02:00:00+00:00,375.45,379.48,27.18,68.57,2.4,TNP_0006,0,2016
2016-10-03 03:00:00+00:00,610.92,611.62,29.18,59.51,2.13,TNP_0006,0,2016
2016-10-03 04:00:00+00:00,785.2,800.35,31.32,50.48,1.5,TNP_0006,0,2016
2016-10-03 05:00:00+00:00,921.85,924.2,33.34,43.56,1.07,TNP_0006,0,2016
2016-10-03 06:00:00+00:00,934.88,954.78,34.99,38.88,0.87,TNP_0006,0,2016
2016-10-03 07:00:00+00:00,784.75,910.65,36.13,35.54,0.77,TNP_0006,0,2016
2016-10-03 08:00:00+00:00,667.9,784.83,36.81,33.22,0.74,TNP_0006,0,2016
2016-10-03 09:00:00+00:00,504.52,590.5,37.11,31.72,0.66,TNP_0006,0,2016
2016-10-03 10:00:00+00:00,299.05,367.67,36.7,31.49,0.78,TNP_0006,0,2016
2016-10-03 11:00:00+00:00,126.85,150.07,35.63,33.03,1.29,TNP_0006,0,2016
2016-10-03 12:00:00+00:00,9.48,11.02,33.25,44.3,1.82,TNP_0006,0,2016
2016-10-03 13:00:00+00:00,0.0,0.0,31.29,50.63,3.04,TNP_0006,0,2016
2016-10-03 14:00:00+00:00,0.0,0.0,30.25,53.32,4.4,TNP_0006,0,2016
2016-10-03 15:00:00+00:00,0.0,0.0,29.03,58.97,4.79,TNP_0006,0,2016
2016-10-03 16:00:00+00:00,0.0,0.0,28.15,63.77,4.66,TNP_0006,0,2016
2016-10-03 17:00:00+00:00,0.0,0.0,27.57,66.98,3.81,TNP_0006,0,2016
2016-10-03 18:00:00+00:00,0.0,0.0,27.14,69.17,2.66,TNP_0006,0,2016
2016-10-03 19:00:00+00:00,0.0,0.0,26.66,71.64,1.83,TNP_0006,0,2016
2016-10-03 20:00:00+00:00,0.0,0.0,26.19,73.52,1.59,TNP_0006,0,2016
2016-10-03 21:00:00+00:00,0.0,0.0,25.78,75.08,1.56,TNP_0006,0,2016
2016-10-03 22:00:00+00:00,0.0,0.0,25.43,76.67,1.71,TNP_0006,0,2016
2016-10-03 23:00:00+00:00,0.0,0.0,25.05,78.75,1.84,TNP_0006,0,2016
2016-10-04 00:00:00+00:00,4.25,4.95,24.74,80.67,2.1,TNP_0006,0,2016
2016-10-04 01:00:00+00:00,109.3,119.57,25.99,75.08,3.41,TNP_0006,0,2016
2016-10-04 02:00:00+00:00,307.73,341.1,28.6,63.11,4.51,TNP_0006,0,2016
2016-10-04 03:00:00+00:00,534.92,566.58,31.44,51.76,4.28,TNP_0006,0,2016
2016-10-04 04:00:00+00:00,741.7,750.42,33.7,44.52,3.62,TNP_0006,0,2016
2016-10-04 05:00:00+00:00,862.33,871.35,35.41,39.75,3.06,TNP_0006,0,2016
2016-10-04 06:00:00+00:00,922.22,955.42,36.5,36.85,2.57,TNP_0006,0,2016
2016-10-04 07:00:00+00:00,872.85,907.28,37.16,35.01,2.07,TNP_0006,0,2016
2016-10-04 08:00:00+00:00,649.38,784.28,37.47,33.71,1.53,TNP_0006,0,2016
2016-10-04 09:00:00+00:00,530.7,603.2,37.19,33.49,1.04,TNP_0006,0,2016
2016-10-04 10:00:00+00:00,302.45,387.62,36.35,34.83,0.55,TNP_0006,0,2016
2016-10-04 11:00:00+00:00,126.3,160.82,34.95,39.25,0.55,TNP_0006,0,2016
2016-10-04 12:00:00+00:00,8.43,11.35,32.85,51.41,1.24,TNP_0006,0,2016
2016-10-04 13:00:00+00:00,0.0,0.0,30.97,64.04,2.0,TNP_0006,0,2016
2016-10-04 14:00:00+00:00,0.0,0.0,29.83,65.63,2.44,TNP_0006,0,2016
2016-10-04 15:00:00+00:00,0.0,0.0,28.79,71.1,2.32,TNP_0006,0,2016
2016-10-04 16:00:00+00:00,0.0,0.0,27.99,76.31,2.0,TNP_0006,0,2016
2016-10-04 17:00:00+00:00,0.0,0.0,27.44,78.12,1.77,TNP_0006,0,2016
2016-10-04 18:00:00+00:00,0.0,0.0,27.02,79.98,1.55,TNP_0006,0,2016
2016-10-04 19:00:00+00:00,0.0,0.0,26.58,82.11,1.56,TNP_0006,0,2016
2016-10-04 20:00:00+00:00,0.0,0.0,26.14,84.39,1.7,TNP_0006,0,2016
2016-10-04 21:00:00+00:00,0.0,0.0,25.72,85.77,1.85,TNP_0006,0,2016
2016-10-04 22:00:00+00:00,0.0,0.0,25.32,86.97,1.97,TNP_0006,0,2016
2016-10-04 23:00:00+00:00,0.0,0.0,24.97,88.09,2.14,TNP_0006,0,2016
2016-10-05 00:00:00+00:00,3.35,4.75,24.72,89.02,2.25,TNP_0006,0,2016
2016-10-05 01:00:00+00:00,83.57,113.88,24.84,88.31,2.69,TNP_0006,0,2016
2016-10-05 02:00:00+00:00,228.82,334.88,25.64,83.79,3.33,TNP_0006,0,2016
2016-10-05 03:00:00+00:00,473.45,571.42,26.78,77.46,3.72,TNP_0006,0,2016
2016-10-05 04:00:00+00:00,732.7,766.6,27.84,71.59,3.98,TNP_0006,0,2016
2016-10-05 05:00:00+00:00,875.0,895.58,28.83,66.07,3.92,TNP_0006,0,2016
2016-10-05 06:00:00+00:00,917.53,942.47,29.87,60.55,3.48,TNP_0006,0,2016
2016-10-05 07:00:00+00:00,864.3,909.58,30.67,56.23,2.73,TNP_0006,0,2016
2016-10-05 08:00:00+00:00,709.47,798.75,31.43,52.5,1.85,TNP_0006,0,2016
2016-10-05 09:00:00+00:00,530.1,621.55,31.78,50.02,1.22,TNP_0006,0,2016
2016-10-05 10:00:00+00:00,294.55,397.38,31.65,49.54,0.85,TNP_0006,0,2016
2016-10-05 11:00:00+00:00,127.3,163.12,31.19,53.51,0.92,TNP_0006,0,2016
2016-10-05 12:00:00+00:00,9.02,10.88,28.89,69.85,1.77,TNP_0006,0,2016
2016-10-05 13:00:00+00:00,0.0,0.0,27.18,73.96,2.55,TNP_0006,0,2016
2016-10-05 14:00:00+00:00,0.0,0.0,26.67,75.49,2.73,TNP_0006,0,2016
2016-10-05 15:00:00+00:00,0.0,0.0,26.26,78.09,2.59,TNP_0006,0,2016
2016-10-05 16:00:00+00:00,0.0,0.0,25.88,81.35,2.35,TNP_0006,0,2016
2016-10-05 17:00:00+00:00,0.0,0.0,25.54,84.57,2.21,TNP_0006,0,2016
2016-10-05 18:00:00+00:00,0.0,0.0,25.25,86.88,2.22,TNP_0006,0,2016
2016-10-05 19:00:00+00:00,0.0,0.0,24.93,88.05,2.48,TNP_0006,0,2016
2016-10-05 20:00:00+00:00,0.0,0.0,24.5,89.17,2.72,TNP_0006,0,2016
2016-10-05 21:00:00+00:00,0.0,0.0,24.08,90.49,2.77,TNP_0006,0,2016
2016-10-05 22:00:00+00:00,0.0,0.0,23.73,91.58,2.68,TNP_0006,0,2016
2016-10-05 23:00:00+00:00,0.0,0.0,23.49,91.97,2.85,TNP_0006,0,2016
2016-10-06 00:00:00+00:00,4.82,5.32,23.3,92.32,2.91,TNP_0006,0,2016
2016-10-06 01:00:00+00:00,126.9,135.57,24.1,87.94,3.62,TNP_0006,0,2016
2016-10-06 02:00:00+00:00,360.92,372.83,26.2,75.73,4.45,TNP_0006,0,2016
2016-10-06 03:00:00+00:00,604.38,604.47,29.26,59.29,4.65,TNP_0006,0,2016
2016-10-06 04:00:00+00:00,791.92,792.4,31.64,49.86,3.83,TNP_0006,0,2016
2016-10-06 05:00:00+00:00,913.75,914.92,33.15,44.62,3.1,TNP_0006,0,2016
2016-10-06 06:00:00+00:00,940.33,941.83,33.69,42.5,2.29,TNP_0006,0,2016
2016-10-06 07:00:00+00:00,875.2,907.58,34.03,41.36,1.44,TNP_0006,0,2016
2016-10-06 08:00:00+00:00,722.2,796.05,34.25,40.59,0.76,TNP_0006,0,2016
2016-10-06 09:00:00+00:00,576.92,619.42,34.0,40.84,0.58,TNP_0006,0,2016
2016-10-06 10:00:00+00:00,343.58,395.48,33.33,42.39,0.55,TNP_0006,0,2016
2016-10-06 11:00:00+00:00,144.45,161.18,32.29,49.4,1.0,TNP_0006,0,2016
2016-10-06 12:00:00+00:00,9.48,10.43,30.28,64.29,1.63,TNP_0006,0,2016
2016-10-06 13:00:00+00:00,0.0,0.0,28.83,68.73,2.23,TNP_0006,0,2016
2016-10-06 14:00:00+00:00,0.0,0.0,28.2,70.86,2.3,TNP_0006,0,2016
2016-10-06 15:00:00+00:00,0.0,0.0,27.63,75.35,2.09,TNP_0006,0,2016
2016-10-06 16:00:00+00:00,0.0,0.0,27.03,80.21,1.85,TNP_0006,0,2016
2016-10-06 17:00:00+00:00,0.0,0.0,26.43,82.07,1.9,TNP_0006,0,2016
2016-10-06 18:00:00+00:00,0.0,0.0,25.87,82.06,2.21,TNP_0006,0,2016
2016-10-06 19:00:00+00:00,0.0,0.0,25.29,82.14,2.45,TNP_0006,0,2016
2016-10-06 20:00:00+00:00,0.0,0.0,24.69,82.79,2.5,TNP_0006,0,2016
2016-10-06 21:00:00+00:00,0.0,0.0,24.23,83.65,2.4,TNP_0006,0,2016
2016-10-06 22:00:00+00:00,0.0,0.0,23.81,84.64,2.36,TNP_0006,0,2016
2016-10-06 23:00:00+00:00,0.0,0.0,23.53,84.88,2.56,TNP_0006,0,2016
2016-10-07 00:00:00+00:00,5.25,5.53,23.45,84.1,2.89,TNP_0006,0,2016
2016-10-07 01:00:00+00:00,140.95,143.75,24.25,78.61,3.69,TNP_0006,0,2016
2016-10-07 02:00:00+00:00,370.52,387.77,25.96,68.62,4.5,TNP_0006,0,2016
2016-10-07 03:00:00+00:00,607.75,622.05,28.08,57.52,4.74,TNP_0006,0,2016
2016-10-07 04:00:00+00:00,768.92,809.62,30.01,49.37,4.18,TNP_0006,0,2016
2016-10-07 05:00:00+00:00,892.8,931.55,31.43,44.67,3.63,TNP_0006,0,2016
2016-10-07 06:00:00+00:00,880.25,927.78,32.47,41.72,3.09,TNP_0006,0,2016
2016-10-07 07:00:00+00:00,793.0,891.08,33.22,39.8,2.54,TNP_0006,0,2016
2016-10-07 08:00:00+00:00,755.22,775.7,33.53,39.02,2.19,TNP_0006,0,2016
2016-10-07 09:00:00+00:00,578.65,594.72,33.36,39.18,2.14,TNP_0006,0,2016
2016-10-07 10:00:00+00:00,338.12,368.85,32.95,39.94,1.98,TNP_0006,0,2016
2016-10-07 11:00:00+00:00,135.62,143.48,32.06,45.18,1.49,TNP_0006,0,2016
2016-10-07 12:00:00+00:00,9.02,9.18,29.76,61.86,1.45,TNP_0006,0,2016
2016-10-07 13:00:00+00:00,0.0,0.0,28.46,63.89,1.84,TNP_0006,0,2016
2016-10-07 14:00:00+00:00,0.0,0.0,27.64,64.5,2.16,TNP_0006,0,2016
2016-10-07 15:00:00+00:00,0.0,0.0,26.96,64.05,2.49,TNP_0006,0,2016
2016-10-07 16:00:00+00:00,0.0,0.0,26.42,63.39,3.08,TNP_0006,0,2016
2016-10-07 17:00:00+00:00,0.0,0.0,26.01,64.31,3.73,TNP_0006,0,2016
2016-10-07 18:00:00+00:00,0.0,0.0,25.36,68.22,3.53,TNP_0006,0,2016
2016-10-07 19:00:00+00:00,0.0,0.0,24.79,72.28,3.14,TNP_0006,0,2016
2016-10-07 20:00:00+00:00,0.0,0.0,24.39,75.41,2.8,TNP_0006,0,2016
2016-10-07 21:00:00+00:00,0.0,0.0,24.05,77.99,2.37,TNP_0006,0,2016
2016-10-07 22:00:00+00:00,0.0,0.0,23.76,79.75,2.18,TNP_0006,0,2016
2016-10-07 23:00:00+00:00,0.0,0.0,23.75,79.74,2.34,TNP_0006,0,2016
2016-10-08 00:00:00+00:00,4.88,4.93,23.71,79.95,2.46,TNP_0006,0,2016
2016-10-08 01:00:00+00:00,119.1,123.12,24.36,76.49,3.38,TNP_0006,0,2016
2016-10-08 02:00:00+00:00,344.88,355.4,25.96,69.35,4.22,TNP_0006,0,2016
2016-10-08 03:00:00+00:00,585.97,590.15,28.25,58.4,4.68,TNP_0006,0,2016
2016-10-08 04:00:00+00:00,775.33,781.1,30.66,47.79,4.25,TNP_0006,0,2016
2016-10-08 05:00:00+00:00,895.45,906.08,33.01,39.71,3.86,TNP_0006,0,2016
2016-10-08 06:00:00+00:00,932.42,954.17,34.45,35.3,3.73,TNP_0006,0,2016
2016-10-08 07:00:00+00:00,847.38,916.4,34.79,33.91,3.62,TNP_0006,0,2016
2016-10-08 08:00:00+00:00,667.78,800.62,34.76,33.39,3.35,TNP_0006,0,2016
2016-10-08 09:00:00+00:00,529.6,618.7,34.99,32.54,3.03,TNP_0006,0,2016
2016-10-08 10:00:00+00:00,315.75,390.92,35.15,31.78,2.88,TNP_0006,0,2016
2016-10-08 11:00:00+00:00,128.23,155.85,33.81,36.0,2.43,TNP_0006,0,2016
2016-10-08 12:00:00+00:00,7.88,9.5,30.79,52.61,2.02,TNP_0006,0,2016
2016-10-08 13:00:00+00:00,0.0,0.0,29.3,56.09,2.33,TNP_0006,0,2016
2016-10-08 14:00:00+00:00,0.0,0.0,28.61,57.84,2.73,TNP_0006,0,2016
2016-10-08 15:00:00+00:00,0.0,0.0,27.98,61.96,3.01,TNP_0006,0,2016
2016-10-08 16:00:00+00:00,0.0,0.0,27.48,66.46,3.25,TNP_0006,0,2016
2016-10-08 17:00:00+00:00,0.0,0.0,26.88,70.71,2.96,TNP_0006,0,2016
2016-10-08 18:00:00+00:00,0.0,0.0,26.3,73.65,2.69,TNP_0006,0,2016
2016-10-08 19:00:00+00:00,0.0,0.0,25.83,75.29,2.81,TNP_0006,0,2016
2016-10-08 20:00:00+00:00,0.0,0.0,25.52,76.11,3.43,TNP_0006,0,2016
2016-10-08 21:00:00+00:00,0.0,0.0,25.29,76.89,3.84,TNP_0006,0,2016
2016-10-08 22:00:00+00:00,0.0,0.0,24.98,78.48,3.54,TNP_0006,0,2016
2016-10-08 23:00:00+00:00,0.0,0.0,24.7,79.89,3.37,TNP_0006,0,2016
2016-10-09 00:00:00+00:00,5.5,5.5,24.45,81.0,3.2,TNP_0006,0,2016
2016-10-09 01:00:00+00:00,140.27,142.7,25.64,75.13,4.24,TNP_0006,0,2016
2016-10-09 02:00:00+00:00,378.02,386.15,28.13,62.73,5.3,TNP_0006,0,2016
2016-10-09 03:00:00+00:00,610.15,618.47,30.83,51.35,4.95,TNP_0006,0,2016
2016-10-09 04:00:00+00:00,798.2,804.03,32.94,44.34,4.07,TNP_0006,0,2016
2016-10-09 05:00:00+00:00,911.62,924.0,34.4,40.08,3.5,TNP_0006,0,2016
2016-10-09 06:00:00+00:00,955.78,975.65,35.15,37.62,3.38,TNP_0006,0,2016
2016-10-09 07:00:00+00:00,845.0,937.33,35.4,36.33,3.49,TNP_0006,0,2016
2016-10-09 08:00:00+00:00,681.53,823.35,36.03,34.36,3.65,TNP_0006,0,2016
2016-10-09 09:00:00+00:00,524.47,643.45,36.35,32.93,3.78,TNP_0006,0,2016
2016-10-09 10:00:00+00:00,317.52,414.8,36.14,32.57,3.92,TNP_0006,0,2016
2016-10-09 11:00:00+00:00,128.27,169.95,34.99,34.65,3.99,TNP_0006,0,2016
2016-10-09 12:00:00+00:00,8.07,9.8,32.26,45.56,2.9,TNP_0006,0,2016
2016-10-09 13:00:00+00:00,0.0,0.0,30.78,49.11,3.37,TNP_0006,0,2016
2016-10-09 14:00:00+00:00,0.0,0.0,29.99,50.2,3.93,TNP_0006,0,2016
2016-10-09 15:00:00+00:00,0.0,0.0,29.09,53.12,3.89,TNP_0006,0,2016
2016-10-09 16:00:00+00:00,0.0,0.0,28.31,56.58,3.62,TNP_0006,0,2016
2016-10-09 17:00:00+00:00,0.0,0.0,27.66,60.03,3.61,TNP_0006,0,2016
2016-10-09 18:00:00+00:00,0.0,0.0,27.06,63.29,4.02,TNP_0006,0,2016
2016-10-09 19:00:00+00:00,0.0,0.0,26.45,66.42,4.41,TNP_0006,0,2016
2016-10-09 20:00:00+00:00,0.0,0.0,25.96,68.84,4.58,TNP_0006,0,2016
2016-10-09 21:00:00+00:00,0.0,0.0,25.56,70.8,4.59,TNP_0006,0,2016
2016-10-09 22:00:00+00:00,0.0,0.0,25.24,72.31,4.54,TNP_0006,0,2016
2016-10-09 23:00:00+00:00,0.0,0.0,24.97,73.59,4.35,TNP_0006,0,2016
2016-10-10 00:00:00+00:00,5.6,5.62,24.61,75.29,3.98,TNP_0006,0,2016
2016-10-10 01:00:00+00:00,147.77,148.07,25.45,71.23,4.85,TNP_0006,0,2016
2016-10-10 02:00:00+00:00,386.48,386.92,27.74,59.72,6.14,TNP_0006,0,2016
2016-10-10 03:00:00+00:00,618.03,618.33,30.68,46.9,5.91,TNP_0006,0,2016
2016-10-10 04:00:00+00:00,803.85,803.88,33.52,38.0,4.94,TNP_0006,0,2016
2016-10-10 05:00:00+00:00,924.88,925.1,35.74,32.42,4.12,TNP_0006,0,2016
2016-10-10 06:00:00+00:00,961.4,962.38,37.41,28.57,3.68,TNP_0006,0,2016
2016-10-10 07:00:00+00:00,903.92,926.5,38.49,26.13,3.52,TNP_0006,0,2016
2016-10-10 08:00:00+00:00,772.3,813.85,39.01,24.73,3.49,TNP_0006,0,2016
2016-10-10 09:00:00+00:00,572.35,635.1,38.85,24.38,3.36,TNP_0006,0,2016
2016-10-10 10:00:00+00:00,351.0,407.58,37.62,25.76,3.04,TNP_0006,0,2016
2016-10-10 11:00:00+00:00,137.6,165.05,36.16,28.94,2.32,TNP_0006,0,2016
2016-10-10 12:00:00+00:00,7.35,9.38,33.4,42.82,1.31,TNP_0006,0,2016
2016-10-10 13:00:00+00:00,0.0,0.0,31.9,47.38,1.84,TNP_0006,0,2016
2016-10-10 14:00:00+00:00,0.0,0.0,30.79,49.82,2.36,TNP_0006,0,2016
2016-10-10 15:00:00+00:00,0.0,0.0,29.6,54.67,2.39,TNP_0006,0,2016
2016-10-10 16:00:00+00:00,0.0,0.0,28.8,59.3,2.16,TNP_0006,0,2016
2016-10-10 17:00:00+00:00,0.0,0.0,28.04,62.67,1.94,TNP_0006,0,2016
2016-10-10 18:00:00+00:00,0.0,0.0,27.32,65.07,1.69,TNP_0006,0,2016
2016-10-10 19:00:00+00:00,0.0,0.0,26.62,66.5,1.73,TNP_0006,0,2016
2016-10-10 20:00:00+00:00,0.0,0.0,26.15,66.72,2.32,TNP_0006,0,2016
2016-10-10 21:00:00+00:00,0.0,0.0,25.77,67.24,2.77,TNP_0006,0,2016
2016-10-10 22:00:00+00:00,0.0,0.0,25.44,67.96,2.96,TNP_0006,0,2016
2016-10-10 23:00:00+00:00,0.0,0.0,25.22,68.7,3.1,TNP_0006,0,2016
2016-10-11 00:00:00+00:00,5.45,5.57,25.06,70.01,3.18,TNP_0006,0,2016
2016-10-11 01:00:00+00:00,139.85,143.52,25.59,68.81,3.93,TNP_0006,0,2016
2016-10-11 02:00:00+00:00,375.75,386.58,27.12,63.13,5.32,TNP_0006,0,2016
2016-10-11 03:00:00+00:00,611.67,618.2,28.94,56.76,5.48,TNP_0006,0,2016
2016-10-11 04:00:00+00:00,802.45,802.97,30.69,51.28,5.12,TNP_0006,0,2016
2016-10-11 05:00:00+00:00,914.17,922.65,32.27,46.04,4.67,TNP_0006,0,2016
2016-10-11 06:00:00+00:00,928.45,942.58,33.52,41.59,4.16,TNP_0006,0,2016
2016-10-11 07:00:00+00:00,807.78,905.95,34.49,37.89,3.64,TNP_0006,0,2016
2016-10-11 08:00:00+00:00,479.75,792.2,35.16,35.12,3.18,TNP_0006,0,2016
2016-10-11 09:00:00+00:00,491.2,613.05,35.36,33.45,2.78,TNP_0006,0,2016
2016-10-11 10:00:00+00:00,285.5,387.15,34.97,33.23,2.47,TNP_0006,0,2016
2016-10-11 11:00:00+00:00,107.55,151.57,34.0,36.11,2.1,TNP_0006,0,2016
2016-10-11 12:00:00+00:00,6.5,8.35,31.75,50.91,1.25,TNP_0006,0,2016
2016-10-11 13:00:00+00:00,0.0,0.0,30.52,56.31,0.94,TNP_0006,0,2016
2016-10-11 14:00:00+00:00,0.0,0.0,29.71,60.39,0.4,TNP_0006,0,2016
2016-10-11 15:00:00+00:00,0.0,0.0,28.45,65.78,1.41,TNP_0006,0,2016
2016-10-11 16:00:00+00:00,0.0,0.0,27.38,68.31,2.28,TNP_0006,0,2016
2016-10-11 17:00:00+00:00,0.0,0.0,26.67,70.52,2.83,TNP_0006,0,2016
2016-10-11 18:00:00+00:00,0.0,0.0,26.13,72.83,2.99,TNP_0006,0,2016
2016-10-11 19:00:00+00:00,0.0,0.0,25.65,74.46,3.22,TNP_0006,0,2016
2016-10-11 20:00:00+00:00,0.0,0.0,25.16,76.08,3.65,TNP_0006,0,2016
2016-10-11 21:00:00+00:00,0.0,0.0,24.64,78.55,3.36,TNP_0006,0,2016
2016-10-11 22:00:00+00:00,0.0,0.0,24.29,81.04,2.74,TNP_0006,0,2016
2016-10-11 23:00:00+00:00,0.0,0.0,24.09,83.04,2.41,TNP_0006,0,2016
2016-10-12 00:00:00+00:00,3.47,5.3,23.98,84.39,2.23,TNP_0006,0,2016
2016-10-12 01:00:00+00:00,69.6,137.15,24.48,82.23,2.61,TNP_0006,0,2016
2016-10-12 02:00:00+00:00,196.25,375.08,25.89,75.14,3.69,TNP_0006,0,2016
2016-10-12 03:00:00+00:00,351.67,603.08,27.79,66.59,4.36,TNP_0006,0,2016
2016-10-12 04:00:00+00:00,510.25,784.72,30.06,57.31,4.23,TNP_0006,0,2016
2016-10-12 05:00:00+00:00,700.25,900.38,31.91,50.63,3.81,TNP_0006,0,2016
2016-10-12 06:00:00+00:00,766.9,904.95,32.94,47.18,3.56,TNP_0006,0,2016
2016-10-12 07:00:00+00:00,665.08,864.62,33.26,45.95,3.56,TNP_0006,0,2016
2016-10-12 08:00:00+00:00,549.42,748.55,33.01,46.56,3.71,TNP_0006,0,2016
2016-10-12 09:00:00+00:00,439.1,568.03,32.29,49.28,3.52,TNP_0006,0,2016
2016-10-12 10:00:00+00:00,255.52,345.9,31.37,54.06,2.89,TNP_0006,0,2016
2016-10-12 11:00:00+00:00,97.62,126.38,30.25,62.92,2.05,TNP_0006,0,2016
2016-10-12 12:00:00+00:00,6.18,7.07,28.81,76.99,1.49,TNP_0006,0,2016
2016-10-12 13:00:00+00:00,0.0,0.0,28.05,82.08,1.27,TNP_0006,0,2016
2016-10-12 14:00:00+00:00,0.0,0.0,27.82,81.26,1.11,TNP_0006,0,2016
2016-10-12 15:00:00+00:00,0.0,0.0,27.48,81.29,1.05,TNP_0006,0,2016
2016-10-12 16:00:00+00:00,0.0,0.0,27.01,82.22,0.99,TNP_0006,0,2016
2016-10-12 17:00:00+00:00,0.0,0.0,26.57,83.56,1.07,TNP_0006,0,2016
2016-10-12 18:00:00+00:00,0.0,0.0,26.24,85.12,1.18,TNP_0006,0,2016
2016-10-12 19:00:00+00:00,0.0,0.0,25.85,87.85,1.15,TNP_0006,0,2016
2016-10-12 20:00:00+00:00,0.0,0.0,25.44,91.87,1.01,TNP_0006,0,2016
2016-10-12 21:00:00+00:00,0.0,0.0,25.13,93.99,0.94,TNP_0006,0,2016
2016-10-12 22:00:00+00:00,0.0,0.0,24.87,94.55,1.02,TNP_0006,0,2016
2016-10-12 23:00:00+00:00,0.0,0.0,24.57,94.66,1.25,TNP_0006,0,2016
2016-10-13 00:00:00+00:00,3.8,4.32,24.29,94.44,1.52,TNP_0006,0,2016
2016-10-13 01:00:00+00:00,74.97,100.2,24.74,91.08,2.32,TNP_0006,0,2016
2016-10-13 02:00:00+00:00,209.32,297.83,25.77,85.34,3.05,TNP_0006,0,2016
2016-10-13 03:00:00+00:00,326.7,513.55,27.57,75.05,3.05,TNP_0006,0,2016
2016-10-13 04:00:00+00:00,491.0,692.45,29.75,63.4,2.48,TNP_0006,0,2016
2016-10-13 05:00:00+00:00,504.48,815.03,31.33,55.42,1.79,TNP_0006,0,2016
2016-10-13 06:00:00+00:00,673.7,898.92,32.54,49.65,1.28,TNP_0006,0,2016
2016-10-13 07:00:00+00:00,608.62,854.97,33.1,46.66,0.8,TNP_0006,0,2016
2016-10-13 08:00:00+00:00,449.75,732.33,32.96,46.31,0.4,TNP_0006,0,2016
2016-10-13 09:00:00+00:00,380.02,547.75,32.5,47.4,0.17,TNP_0006,0,2016
2016-10-13 10:00:00+00:00,227.07,329.6,31.87,49.25,0.15,TNP_0006,0,2016
2016-10-13 11:00:00+00:00,73.38,116.85,31.01,53.16,0.41,TNP_0006,0,2016
2016-10-13 12:00:00+00:00,4.15,6.65,29.76,62.59,0.64,TNP_0006,0,2016
2016-10-13 13:00:00+00:00,0.0,0.0,28.51,78.2,0.79,TNP_0006,0,2016
2016-10-13 14:00:00+00:00,0.0,0.0,27.79,80.2,1.03,TNP_0006,0,2016
2016-10-13 15:00:00+00:00,0.0,0.0,27.17,81.2,1.16,TNP_0006,0,2016
2016-10-13 16:00:00+00:00,0.0,0.0,26.59,82.78,1.18,TNP_0006,0,2016
2016-10-13 17:00:00+00:00,0.0,0.0,26.09,84.73,1.11,TNP_0006,0,2016
2016-10-13 18:00:00+00:00,0.0,0.0,25.64,86.02,1.07,TNP_0006,0,2016
2016-10-13 19:00:00+00:00,0.0,0.0,25.24,86.39,1.07,TNP_0006,0,2016
2016-10-13 20:00:00+00:00,0.0,0.0,24.8,87.84,1.23,TNP_0006,0,2016
2016-10-13 21:00:00+00:00,0.0,0.0,24.4,89.68,1.49,TNP_0006,0,2016
2016-10-13 22:00:00+00:00,0.0,0.0,24.11,90.95,1.68,TNP_0006,0,2016
2016-10-13 23:00:00+00:00,0.0,0.0,23.84,92.06,1.76,TNP_0006,0,2016
2016-10-14 00:00:00+00:00,3.67,4.6,23.61,92.94,1.85,TNP_0006,0,2016
2016-10-14 01:00:00+00:00,84.95,108.38,24.41,89.08,2.75,TNP_0006,0,2016
2016-10-14 02:00:00+00:00,231.18,315.83,26.38,77.4,2.72,TNP_0006,0,2016
2016-10-14 03:00:00+00:00,412.73,538.72,29.19,60.54,2.04,TNP_0006,0,2016
2016-10-14 04:00:00+00:00,625.3,722.28,31.45,49.52,1.91,TNP_0006,0,2016
2016-10-14 05:00:00+00:00,796.45,841.2,33.01,43.84,2.05,TNP_0006,0,2016
2016-10-14 06:00:00+00:00,820.42,872.5,33.89,41.14,2.07,TNP_0006,0,2016
2016-10-14 07:00:00+00:00,705.4,835.35,33.93,40.76,2.06,TNP_0006,0,2016
2016-10-14 08:00:00+00:00,566.1,717.33,33.71,41.16,2.07,TNP_0006,0,2016
2016-10-14 09:00:00+00:00,362.5,535.8,33.17,42.5,2.03,TNP_0006,0,2016
2016-10-14 10:00:00+00:00,211.7,319.1,32.39,44.63,2.03,TNP_0006,0,2016
2016-10-14 11:00:00+00:00,87.5,118.03,31.33,49.09,1.94,TNP_0006,0,2016
2016-10-14 12:00:00+00:00,4.88,6.5,29.52,63.66,1.54,TNP_0006,0,2016
2016-10-14 13:00:00+00:00,0.0,0.0,28.35,69.89,1.76,TNP_0006,0,2016
2016-10-14 14:00:00+00:00,0.0,0.0,27.73,71.23,1.9,TNP_0006,0,2016
2016-10-14 15:00:00+00:00,0.0,0.0,27.16,73.66,1.9,TNP_0006,0,2016
2016-10-14 16:00:00+00:00,0.0,0.0,26.62,76.99,1.75,TNP_0006,0,2016
2016-10-14 17:00:00+00:00,0.0,0.0,26.11,80.57,1.53,TNP_0006,0,2016
2016-10-14 18:00:00+00:00,0.0,0.0,25.7,83.36,1.31,TNP_0006,0,2016
2016-10-14 19:00:00+00:00,0.0,0.0,25.38,85.08,1.14,TNP_0006,0,2016
2016-10-14 20:00:00+00:00,0.0,0.0,25.19,86.29,0.95,TNP_0006,0,2016
2016-10-14 21:00:00+00:00,0.0,0.0,25.04,87.04,0.76,TNP_0006,0,2016
2016-10-14 22:00:00+00:00,0.0,0.0,24.96,86.16,0.57,TNP_0006,0,2016
2016-10-14 23:00:00+00:00,0.0,0.0,24.93,85.47,0.3,TNP_0006,0,2016
2016-10-15 00:00:00+00:00,4.07,4.75,24.76,86.95,0.14,TNP_0006,0,2016
2016-10-15 01:00:00+00:00,96.0,112.32,25.26,83.7,0.65,TNP_0006,0,2016
2016-10-15 02:00:00+00:00,270.02,321.4,26.91,72.0,1.36,TNP_0006,0,2016
2016-10-15 03:00:00+00:00,487.9,542.15,28.67,62.41,2.27,TNP_0006,0,2016
2016-10-15 04:00:00+00:00,682.4,725.0,30.41,54.03,2.86,TNP_0006,0,2016
2016-10-15 05:00:00+00:00,760.15,845.25,31.99,47.41,3.14,TNP_0006,0,2016
2016-10-15 06:00:00+00:00,744.83,872.45,33.43,42.3,3.23,TNP_0006,0,2016
2016-10-15 07:00:00+00:00,593.0,821.42,34.23,39.29,3.26,TNP_0006,0,2016
2016-10-15 08:00:00+00:00,427.0,690.08,34.66,37.25,3.17,TNP_0006,0,2016
2016-10-15 09:00:00+00:00,352.02,494.98,34.56,36.27,2.99,TNP_0006,0,2016
2016-10-15 10:00:00+00:00,201.98,283.5,34.01,36.25,2.82,TNP_0006,0,2016
2016-10-15 11:00:00+00:00,83.4,104.5,32.85,38.58,2.63,TNP_0006,0,2016
2016-10-15 12:00:00+00:00,5.18,5.78,29.88,55.98,2.0,TNP_0006,0,2016
2016-10-15 13:00:00+00:00,0.0,0.0,28.07,60.82,2.63,TNP_0006,0,2016
2016-10-15 14:00:00+00:00,0.0,0.0,27.08,63.91,2.98,TNP_0006,0,2016
2016-10-15 15:00:00+00:00,0.0,0.0,26.22,68.98,3.07,TNP_0006,0,2016
2016-10-15 16:00:00+00:00,0.0,0.0,25.45,74.72,2.75,TNP_0006,0,2016
2016-10-15 17:00:00+00:00,0.0,0.0,24.76,80.39,2.1,TNP_0006,0,2016
2016-10-15 18:00:00+00:00,0.0,0.0,24.22,84.81,1.66,TNP_0006,0,2016
2016-10-15 19:00:00+00:00,0.0,0.0,23.87,87.37,1.35,TNP_0006,0,2016
2016-10-15 20:00:00+00:00,0.0,0.0,23.76,87.96,0.91,TNP_0006,0,2016
2016-10-15 21:00:00+00:00,0.0,0.0,23.73,88.26,0.27,TNP_0006,0,2016
2016-10-15 22:00:00+00:00,0.0,0.0,23.45,89.84,0.5,TNP_0006,0,2016
2016-10-15 23:00:00+00:00,0.0,0.0,22.91,91.81,1.04,TNP_0006,0,2016
2016-10-16 00:00:00+00:00,4.15,4.18,22.45,94.01,1.36,TNP_0006,0,2016
2016-10-16 01:00:00+00:00,94.05,95.18,23.71,87.4,2.03,TNP_0006,0,2016
2016-10-16 02:00:00+00:00,272.42,278.02,26.63,71.34,1.55,TNP_0006,0,2016
2016-10-16 03:00:00+00:00,511.38,521.3,29.16,58.5,1.92,TNP_0006,0,2016
2016-10-16 04:00:00+00:00,703.05,706.65,31.32,49.76,2.43,TNP_0006,0,2016
2016-10-16 05:00:00+00:00,814.35,834.12,33.14,43.34,2.7,TNP_0006,0,2016
2016-10-16 06:00:00+00:00,822.22,891.25,34.36,39.14,2.83,TNP_0006,0,2016
2016-10-16 07:00:00+00:00,761.78,843.9,35.22,36.28,2.96,TNP_0006,0,2016
2016-10-16 08:00:00+00:00,640.15,736.55,35.65,34.4,3.16,TNP_0006,0,2016
2016-10-16 09:00:00+00:00,500.2,558.72,35.62,33.33,3.32,TNP_0006,0,2016
2016-10-16 10:00:00+00:00,290.8,339.27,34.9,33.64,3.51,TNP_0006,0,2016
2016-10-16 11:00:00+00:00,114.62,125.55,33.43,36.5,3.62,TNP_0006,0,2016
2016-10-16 12:00:00+00:00,6.12,6.25,30.2,50.67,2.71,TNP_0006,0,2016
2016-10-16 13:00:00+00:00,0.0,0.0,28.43,55.4,3.41,TNP_0006,0,2016
2016-10-16 14:00:00+00:00,0.0,0.0,27.46,58.6,4.02,TNP_0006,0,2016
2016-10-16 15:00:00+00:00,0.0,0.0,26.44,64.58,3.87,TNP_0006,0,2016
2016-10-16 16:00:00+00:00,0.0,0.0,25.61,70.47,3.25,TNP_0006,0,2016
2016-10-16 17:00:00+00:00,0.0,0.0,24.94,75.71,2.47,TNP_0006,0,2016
2016-10-16 18:00:00+00:00,0.0,0.0,24.35,80.56,1.71,TNP_0006,0,2016
2016-10-16 19:00:00+00:00,0.0,0.0,23.94,83.89,1.28,TNP_0006,0,2016
2016-10-16 20:00:00+00:00,0.0,0.0,23.71,85.92,1.02,TNP_0006,0,2016
2016-10-16 21:00:00+00:00,0.0,0.0,23.62,86.84,0.81,TNP_0006,0,2016
2016-10-16 22:00:00+00:00,0.0,0.0,23.29,88.25,0.89,TNP_0006,0,2016
2016-10-16 23:00:00+00:00,0.0,0.0,23.02,88.95,1.06,TNP_0006,0,2016
2016-10-17 00:00:00+00:00,3.92,4.25,22.79,89.41,1.23,TNP_0006,0,2016
2016-10-17 01:00:00+00:00,90.8,103.82,23.55,84.66,2.08,TNP_0006,0,2016
2016-10-17 02:00:00+00:00,238.45,297.77,25.88,71.42,1.56,TNP_0006,0,2016
2016-10-17 03:00:00+00:00,470.3,513.28,28.45,58.09,1.61,TNP_0006,0,2016
2016-10-17 04:00:00+00:00,662.12,697.55,30.68,48.77,1.63,TNP_0006,0,2016
2016-10-17 05:00:00+00:00,755.85,804.97,32.66,42.12,1.55,TNP_0006,0,2016
2016-10-17 06:00:00+00:00,793.17,883.15,34.23,37.34,1.42,TNP_0006,0,2016
2016-10-17 07:00:00+00:00,749.65,849.22,35.33,34.04,1.28,TNP_0006,0,2016
2016-10-17 08:00:00+00:00,626.58,737.72,35.88,32.06,1.22,TNP_0006,0,2016
2016-10-17 09:00:00+00:00,457.83,564.08,35.82,31.29,1.2,TNP_0006,0,2016
2016-10-17 10:00:00+00:00,259.15,341.88,35.25,31.59,1.17,TNP_0006,0,2016
2016-10-17 11:00:00+00:00,104.85,126.05,33.92,34.97,1.06,TNP_0006,0,2016
2016-10-17 12:00:00+00:00,5.8,6.12,31.51,51.85,1.16,TNP_0006,0,2016
2016-10-17 13:00:00+00:00,0.0,0.0,29.5,59.05,1.91,TNP_0006,0,2016
2016-10-17 14:00:00+00:00,0.0,0.0,28.54,60.28,2.36,TNP_0006,0,2016
2016-10-17 15:00:00+00:00,0.0,0.0,27.66,64.52,2.3,TNP_0006,0,2016
2016-10-17 16:00:00+00:00,0.0,0.0,26.94,69.27,2.16,TNP_0006,0,2016
2016-10-17 17:00:00+00:00,0.0,0.0,26.33,73.4,2.0,TNP_0006,0,2016
2016-10-17 18:00:00+00:00,0.0,0.0,25.73,77.3,1.78,TNP_0006,0,2016
2016-10-17 19:00:00+00:00,0.0,0.0,25.09,81.08,1.64,TNP_0006,0,2016
2016-10-17 20:00:00+00:00,0.0,0.0,24.68,83.59,1.48,TNP_0006,0,2016
2016-10-17 21:00:00+00:00,0.0,0.0,24.51,84.87,1.25,TNP_0006,0,2016
2016-10-17 22:00:00+00:00,0.0,0.0,24.52,85.12,0.95,TNP_0006,0,2016
2016-10-17 23:00:00+00:00,0.0,0.0,24.62,84.14,0.59,TNP_0006,0,2016
2016-10-18 00:00:00+00:00,4.35,4.78,24.52,84.74,0.48,TNP_0006,0,2016
2016-10-18 01:00:00+00:00,98.35,118.97,25.17,81.04,1.03,TNP_0006,0,2016
2016-10-18 02:00:00+00:00,260.48,339.6,27.52,69.31,0.97,TNP_0006,0,2016
2016-10-18 03:00:00+00:00,441.2,562.12,29.89,58.13,1.07,TNP_0006,0,2016
2016-10-18 04:00:00+00:00,625.58,734.92,31.89,49.83,1.25,TNP_0006,0,2016
2016-10-18 05:00:00+00:00,746.95,842.47,33.57,43.67,1.34,TNP_0006,0,2016
2016-10-18 06:00:00+00:00,782.7,847.17,34.74,39.63,1.34,TNP_0006,0,2016
2016-10-18 07:00:00+00:00,734.78,813.45,35.4,37.29,1.22,TNP_0006,0,2016
2016-10-18 08:00:00+00:00,621.03,705.15,35.55,36.24,1.15,TNP_0006,0,2016
2016-10-18 09:00:00+00:00,486.25,533.25,35.2,36.36,1.34,TNP_0006,0,2016
2016-10-18 10:00:00+00:00,262.95,314.83,34.4,37.67,1.68,TNP_0006,0,2016
2016-10-18 11:00:00+00:00,98.35,111.12,33.09,41.74,2.03,TNP_0006,0,2016
2016-10-18 12:00:00+00:00,4.65,5.3,30.87,54.6,1.91,TNP_0006,0,2016
2016-10-18 13:00:00+00:00,0.0,0.0,29.47,58.02,2.44,TNP_0006,0,2016
2016-10-18 14:00:00+00:00,0.0,0.0,28.64,59.66,2.88,TNP_0006,0,2016
2016-10-18 15:00:00+00:00,0.0,0.0,27.82,63.13,2.96,TNP_0006,0,2016
2016-10-18 16:00:00+00:00,0.0,0.0,27.1,66.95,2.74,TNP_0006,0,2016
2016-10-18 17:00:00+00:00,0.0,0.0,26.46,70.69,2.37,TNP_0006,0,2016
2016-10-18 18:00:00+00:00,0.0,0.0,25.89,74.39,1.95,TNP_0006,0,2016
2016-10-18 19:00:00+00:00,0.0,0.0,25.41,77.73,1.55,TNP_0006,0,2016
2016-10-18 20:00:00+00:00,0.0,0.0,25.2,78.85,1.09,TNP_0006,0,2016
2016-10-18 21:00:00+00:00,0.0,0.0,25.21,78.43,0.56,TNP_0006,0,2016
2016-10-18 22:00:00+00:00,0.0,0.0,25.15,78.52,0.23,TNP_0006,0,2016
2016-10-18 23:00:00+00:00,0.0,0.0,25.0,78.67,0.29,TNP_0006,0,2016
2016-10-19 00:00:00+00:00,2.8,3.62,24.79,79.97,0.5,TNP_0006,0,2016
2016-10-19 01:00:00+00:00,71.95,90.47,25.5,76.07,0.71,TNP_0006,0,2016
2016-10-19 02:00:00+00:00,229.43,281.65,27.6,64.77,0.54,TNP_0006,0,2016
2016-10-19 03:00:00+00:00,420.25,459.65,29.55,56.12,0.37,TNP_0006,0,2016
2016-10-19 04:00:00+00:00,551.47,605.88,31.11,50.7,0.2,TNP_0006,0,2016
2016-10-19 05:00:00+00:00,685.25,731.38,32.42,46.22,0.28,TNP_0006,0,2016
2016-10-19 06:00:00+00:00,737.92,828.03,33.41,42.72,0.37,TNP_0006,0,2016
2016-10-19 07:00:00+00:00,675.65,787.38,34.22,40.02,0.42,TNP_0006,0,2016
2016-10-19 08:00:00+00:00,591.85,680.78,34.72,38.26,0.41,TNP_0006,0,2016
2016-10-19 09:00:00+00:00,480.42,520.35,34.62,37.91,0.34,TNP_0006,0,2016
2016-10-19 10:00:00+00:00,275.98,321.67,33.97,38.92,0.26,TNP_0006,0,2016
2016-10-19 11:00:00+00:00,97.3,106.85,32.99,42.28,0.73,TNP_0006,0,2016
2016-10-19 12:00:00+00:00,5.0,5.1,31.23,56.38,1.18,TNP_0006,0,2016
2016-10-19 13:00:00+00:00,0.0,0.0,29.78,62.93,1.69,TNP_0006,0,2016
2016-10-19 14:00:00+00:00,0.0,0.0,29.05,63.24,2.02,TNP_0006,0,2016
2016-10-19 15:00:00+00:00,0.0,0.0,28.45,65.0,2.16,TNP_0006,0,2016
2016-10-19 16:00:00+00:00,0.0,0.0,27.87,68.58,2.05,TNP_0006,0,2016
2016-10-19 17:00:00+00:00,0.0,0.0,27.31,72.66,1.76,TNP_0006,0,2016
2016-10-19 18:00:00+00:00,0.0,0.0,26.83,76.84,1.32,TNP_0006,0,2016
2016-10-19 19:00:00+00:00,0.0,0.0,26.44,78.36,0.98,TNP_0006,0,2016
2016-10-19 20:00:00+00:00,0.0,0.0,26.05,80.64,0.79,TNP_0006,0,2016
2016-10-19 21:00:00+00:00,0.0,0.0,25.63,83.25,0.55,TNP_0006,0,2016
2016-10-19 22:00:00+00:00,0.0,0.0,25.27,86.29,0.55,TNP_0006,0,2016
2016-10-19 23:00:00+00:00,0.0,0.0,24.98,88.41,0.62,TNP_0006,0,2016
2016-10-20 00:00:00+00:00,3.5,3.97,24.81,88.93,0.57,TNP_0006,0,2016
2016-10-20 01:00:00+00:00,65.12,90.22,25.32,85.76,0.75,TNP_0006,0,2016
2016-10-20 02:00:00+00:00,177.75,270.9,26.82,76.83,0.86,TNP_0006,0,2016
2016-10-20 03:00:00+00:00,286.98,446.5,28.59,66.33,0.45,TNP_0006,0,2016
2016-10-20 04:00:00+00:00,453.7,630.17,30.67,56.61,0.17,TNP_0006,0,2016
2016-10-20 05:00:00+00:00,593.88,755.17,32.09,50.61,0.45,TNP_0006,0,2016
2016-10-20 06:00:00+00:00,628.3,746.38,33.09,46.39,0.58,TNP_0006,0,2016
2016-10-20 07:00:00+00:00,551.42,708.08,33.67,43.81,0.88,TNP_0006,0,2016
2016-10-20 08:00:00+00:00,431.17,579.47,33.47,43.92,1.57,TNP_0006,0,2016
2016-10-20 09:00:00+00:00,327.42,420.38,32.83,45.82,2.43,TNP_0006,0,2016
2016-10-20 10:00:00+00:00,198.9,241.12,31.86,49.32,3.31,TNP_0006,0,2016
2016-10-20 11:00:00+00:00,75.78,82.22,30.5,54.96,4.03,TNP_0006,0,2016
2016-10-20 12:00:00+00:00,4.22,4.22,28.8,63.73,4.12,TNP_0006,0,2016
2016-10-20 13:00:00+00:00,0.0,0.0,27.59,71.17,4.2,TNP_0006,0,2016
2016-10-20 14:00:00+00:00,0.0,0.0,26.84,76.3,4.13,TNP_0006,0,2016
2016-10-20 15:00:00+00:00,0.0,0.0,26.3,80.15,3.83,TNP_0006,0,2016
2016-10-20 16:00:00+00:00,0.0,0.0,25.85,83.01,3.57,TNP_0006,0,2016
2016-10-20 17:00:00+00:00,0.0,0.0,25.46,85.34,3.23,TNP_0006,0,2016
2016-10-20 18:00:00+00:00,0.0,0.0,25.1,87.28,2.89,TNP_0006,0,2016
2016-10-20 19:00:00+00:00,0.0,0.0,24.81,88.64,2.66,TNP_0006,0,2016
2016-10-20 20:00:00+00:00,0.0,0.0,24.58,89.45,2.42,TNP_0006,0,2016
2016-10-20 21:00:00+00:00,0.0,0.0,24.4,90.4,1.94,TNP_0006,0,2016
2016-10-20 22:00:00+00:00,0.0,0.0,24.3,91.16,1.58,TNP_0006,0,2016
2016-10-20 23:00:00+00:00,0.0,0.0,24.21,92.01,1.27,TNP_0006,0,2016
2016-10-21 00:00:00+00:00,3.08,3.97,24.15,92.47,1.15,TNP_0006,0,2016
2016-10-21 01:00:00+00:00,65.1,94.12,24.54,89.85,1.59,TNP_0006,0,2016
2016-10-21 02:00:00+00:00,188.25,283.12,25.45,83.12,1.95,TNP_0006,0,2016
2016-10-21 03:00:00+00:00,300.38,490.05,26.71,73.94,2.37,TNP_0006,0,2016
2016-10-21 04:00:00+00:00,362.5,663.92,28.12,65.76,2.77,TNP_0006,0,2016
2016-10-21 05:00:00+00:00,445.65,775.83,29.38,59.35,2.85,TNP_0006,0,2016
2016-10-21 06:00:00+00:00,523.22,802.38,30.1,55.61,2.71,TNP_0006,0,2016
2016-10-21 07:00:00+00:00,500.02,750.92,30.56,53.29,2.56,TNP_0006,0,2016
2016-10-21 08:00:00+00:00,367.02,620.47,30.59,52.7,2.36,TNP_0006,0,2016
2016-10-21 09:00:00+00:00,253.23,441.52,29.96,54.73,2.18,TNP_0006,0,2016
2016-10-21 10:00:00+00:00,114.43,249.25,28.93,59.14,2.19,TNP_0006,0,2016
2016-10-21 11:00:00+00:00,50.53,82.28,27.77,67.65,1.9,TNP_0006,0,2016
2016-10-21 12:00:00+00:00,2.92,3.88,26.61,76.23,1.64,TNP_0006,0,2016
2016-10-21 13:00:00+00:00,0.0,0.0,25.78,84.92,1.43,TNP_0006,0,2016
2016-10-21 14:00:00+00:00,0.0,0.0,25.37,87.99,1.39,TNP_0006,0,2016
2016-10-21 15:00:00+00:00,0.0,0.0,25.08,90.0,1.24,TNP_0006,0,2016
2016-10-21 16:00:00+00:00,0.0,0.0,24.87,91.23,1.02,TNP_0006,0,2016
2016-10-21 17:00:00+00:00,0.0,0.0,24.76,90.91,0.76,TNP_0006,0,2016
2016-10-21 18:00:00+00:00,0.0,0.0,24.63,90.73,0.56,TNP_0006,0,2016
2016-10-21 19:00:00+00:00,0.0,0.0,24.33,91.87,0.7,TNP_0006,0,2016
2016-10-21 20:00:00+00:00,0.0,0.0,23.98,92.57,0.95,TNP_0006,0,2016
2016-10-21 21:00:00+00:00,0.0,0.0,23.71,92.84,1.09,TNP_0006,0,2016
2016-10-21 22:00:00+00:00,0.0,0.0,23.56,92.57,1.08,TNP_0006,0,2016
2016-10-21 23:00:00+00:00,0.0,0.0,23.41,92.86,1.01,TNP_0006,0,2016
2016-10-22 00:00:00+00:00,3.5,3.62,23.29,93.01,0.91,TNP_0006,0,2016
2016-10-22 01:00:00+00:00,68.78,78.15,23.89,91.04,0.94,TNP_0006,0,2016
2016-10-22 02:00:00+00:00,211.27,257.38,25.69,82.05,1.61,TNP_0006,0,2016
2016-10-22 03:00:00+00:00,385.6,443.5,27.53,70.97,1.87,TNP_0006,0,2016
2016-10-22 04:00:00+00:00,574.67,612.83,29.46,60.85,1.65,TNP_0006,0,2016
2016-10-22 05:00:00+00:00,697.9,731.58,30.61,55.22,1.54,TNP_0006,0,2016
2016-10-22 06:00:00+00:00,739.85,782.17,31.29,51.69,1.63,TNP_0006,0,2016
2016-10-22 07:00:00+00:00,650.62,734.97,31.76,49.05,1.77,TNP_0006,0,2016
2016-10-22 08:00:00+00:00,473.27,619.65,31.79,47.94,1.9,TNP_0006,0,2016
2016-10-22 09:00:00+00:00,336.52,456.67,31.03,49.76,1.97,TNP_0006,0,2016
2016-10-22 10:00:00+00:00,191.7,261.6,30.1,53.07,2.04,TNP_0006,0,2016
2016-10-22 11:00:00+00:00,68.9,87.53,28.94,58.97,2.0,TNP_0006,0,2016
2016-10-22 12:00:00+00:00,2.9,3.95,27.4,69.73,1.76,TNP_0006,0,2016
2016-10-22 13:00:00+00:00,0.0,0.0,26.46,73.89,2.12,TNP_0006,0,2016
2016-10-22 14:00:00+00:00,0.0,0.0,25.87,75.53,2.48,TNP_0006,0,2016
2016-10-22 15:00:00+00:00,0.0,0.0,25.37,78.19,2.33,TNP_0006,0,2016
2016-10-22 16:00:00+00:00,0.0,0.0,24.89,81.61,1.96,TNP_0006,0,2016
2016-10-22 17:00:00+00:00,0.0,0.0,24.47,84.73,1.64,TNP_0006,0,2016
2016-10-22 18:00:00+00:00,0.0,0.0,24.1,87.25,1.46,TNP_0006,0,2016
2016-10-22 19:00:00+00:00,0.0,0.0,23.8,88.78,1.35,TNP_0006,0,2016
2016-10-22 20:00:00+00:00,0.0,0.0,23.6,89.21,1.26,TNP_0006,0,2016
2016-10-22 21:00:00+00:00,0.0,0.0,23.36,90.17,1.25,TNP_0006,0,2016
2016-10-22 22:00:00+00:00,0.0,0.0,23.12,91.34,1.31,TNP_0006,0,2016
2016-10-22 23:00:00+00:00,0.0,0.0,22.92,92.39,1.4,TNP_0006,0,2016
2016-10-23 00:00:00+00:00,3.58,3.95,22.75,93.25,1.5,TNP_0006,0,2016
2016-10-23 01:00:00+00:00,90.05,100.2,23.6,89.46,2.0,TNP_0006,0,2016
2016-10-23 02:00:00+00:00,249.88,298.5,25.29,80.91,2.73,TNP_0006,0,2016
2016-10-23 03:00:00+00:00,470.1,515.25,27.7,68.02,3.02,TNP_0006,0,2016
2016-10-23 04:00:00+00:00,643.08,697.45,30.02,56.84,2.59,TNP_0006,0,2016
2016-10-23 05:00:00+00:00,761.22,816.7,31.73,49.84,2.07,TNP_0006,0,2016
2016-10-23 06:00:00+00:00,689.42,742.65,32.92,45.17,1.73,TNP_0006,0,2016
2016-10-23 07:00:00+00:00,588.0,705.17,33.78,41.83,1.45,TNP_0006,0,2016
2016-10-23 08:00:00+00:00,536.75,600.03,34.22,39.73,1.17,TNP_0006,0,2016
2016-10-23 09:00:00+00:00,337.23,440.35,34.06,39.17,0.82,TNP_0006,0,2016
2016-10-23 10:00:00+00:00,186.68,249.9,33.29,40.49,0.58,TNP_0006,0,2016
2016-10-23 11:00:00+00:00,64.32,83.2,31.95,46.75,1.29,TNP_0006,0,2016
2016-10-23 12:00:00+00:00,2.85,3.7,29.55,62.56,1.91,TNP_0006,0,2016
2016-10-23 13:00:00+00:00,0.0,0.0,28.25,65.28,2.81,TNP_0006,0,2016
2016-10-23 14:00:00+00:00,0.0,0.0,27.56,68.59,3.52,TNP_0006,0,2016
2016-10-23 15:00:00+00:00,0.0,0.0,26.74,75.01,3.33,TNP_0006,0,2016
2016-10-23 16:00:00+00:00,0.0,0.0,26.04,81.17,2.54,TNP_0006,0,2016
2016-10-23 17:00:00+00:00,0.0,0.0,25.58,85.39,1.86,TNP_0006,0,2016
2016-10-23 18:00:00+00:00,0.0,0.0,25.28,88.01,1.39,TNP_0006,0,2016
2016-10-23 19:00:00+00:00,0.0,0.0,25.0,89.07,1.16,TNP_0006,0,2016
2016-10-23 20:00:00+00:00,0.0,0.0,24.63,89.58,1.29,TNP_0006,0,2016
2016-10-23 21:00:00+00:00,0.0,0.0,24.22,90.16,1.68,TNP_0006,0,2016
2016-10-23 22:00:00+00:00,0.0,0.0,23.85,90.92,1.92,TNP_0006,0,2016
2016-10-23 23:00:00+00:00,0.0,0.0,23.52,91.81,2.14,TNP_0006,0,2016
2016-10-24 00:00:00+00:00,3.62,3.88,23.22,92.56,2.33,TNP_0006,0,2016
2016-10-24 01:00:00+00:00,90.6,96.35,23.87,88.87,3.11,TNP_0006,0,2016
2016-10-24 02:00:00+00:00,252.52,285.65,25.83,76.73,3.95,TNP_0006,0,2016
2016-10-24 03:00:00+00:00,468.05,500.25,28.85,58.44,4.37,TNP_0006,0,2016
2016-10-24 04:00:00+00:00,669.62,680.45,31.34,47.58,3.9,TNP_0006,0,2016
2016-10-24 05:00:00+00:00,765.35,795.58,33.04,41.64,3.44,TNP_0006,0,2016
2016-10-24 06:00:00+00:00,749.8,792.72,33.91,38.26,3.16,TNP_0006,0,2016
2016-10-24 07:00:00+00:00,671.83,754.17,34.51,35.81,2.94,TNP_0006,0,2016
2016-10-24 08:00:00+00:00,544.5,636.88,34.54,34.56,2.71,TNP_0006,0,2016
2016-10-24 09:00:00+00:00,399.4,456.38,34.19,34.02,2.36,TNP_0006,0,2016
2016-10-24 10:00:00+00:00,202.75,237.32,33.62,34.16,1.94,TNP_0006,0,2016
2016-10-24 11:00:00+00:00,70.85,79.65,32.48,38.63,1.5,TNP_0006,0,2016
2016-10-24 12:00:00+00:00,2.97,3.5,29.89,53.95,1.6,TNP_0006,0,2016
2016-10-24 13:00:00+00:00,0.0,0.0,28.29,59.11,2.34,TNP_0006,0,2016
2016-10-24 14:00:00+00:00,0.0,0.0,27.03,65.84,2.8,TNP_0006,0,2016
2016-10-24 15:00:00+00:00,0.0,0.0,26.07,72.37,3.01,TNP_0006,0,2016
2016-10-24 16:00:00+00:00,0.0,0.0,25.39,78.41,2.75,TNP_0006,0,2016
2016-10-24 17:00:00+00:00,0.0,0.0,24.85,83.56,2.14,TNP_0006,0,2016
2016-10-24 18:00:00+00:00,0.0,0.0,24.44,87.69,1.65,TNP_0006,0,2016
2016-10-24 19:00:00+00:00,0.0,0.0,24.11,90.68,1.26,TNP_0006,0,2016
2016-10-24 20:00:00+00:00,0.0,0.0,23.98,91.63,0.94,TNP_0006,0,2016
2016-10-24 21:00:00+00:00,0.0,0.0,23.94,91.18,0.66,TNP_0006,0,2016
2016-10-24 22:00:00+00:00,0.0,0.0,23.85,90.93,0.44,TNP_0006,0,2016
2016-10-24 23:00:00+00:00,0.0,0.0,23.72,91.2,0.4,TNP_0006,0,2016
2016-10-25 00:00:00+00:00,3.28,3.42,23.33,92.84,0.67,TNP_0006,0,2016
2016-10-25 01:00:00+00:00,77.2,82.28,23.91,89.79,1.09,TNP_0006,0,2016
2016-10-25 02:00:00+00:00,243.77,263.38,26.36,73.65,0.83,TNP_0006,0,2016
2016-10-25 03:00:00+00:00,400.42,441.02,29.02,58.44,1.05,TNP_0006,0,2016
2016-10-25 04:00:00+00:00,577.53,600.95,31.2,48.46,1.49,TNP_0006,0,2016
2016-10-25 05:00:00+00:00,675.45,756.1,32.96,41.4,1.65,TNP_0006,0,2016
2016-10-25 06:00:00+00:00,784.3,842.97,34.06,37.32,1.57,TNP_0006,0,2016
2016-10-25 07:00:00+00:00,727.45,798.22,34.84,34.7,1.33,TNP_0006,0,2016
2016-10-25 08:00:00+00:00,601.03,656.17,35.22,33.22,1.03,TNP_0006,0,2016
2016-10-25 09:00:00+00:00,450.75,472.0,35.06,32.71,0.92,TNP_0006,0,2016
2016-10-25 10:00:00+00:00,255.52,268.67,34.39,33.1,1.06,TNP_0006,0,2016
2016-10-25 11:00:00+00:00,89.05,92.53,33.14,36.74,1.38,TNP_0006,0,2016
2016-10-25 12:00:00+00:00,3.6,3.75,30.41,52.91,1.86,TNP_0006,0,2016
2016-10-25 13:00:00+00:00,0.0,0.0,28.83,55.69,2.8,TNP_0006,0,2016
2016-10-25 14:00:00+00:00,0.0,0.0,27.88,57.71,3.37,TNP_0006,0,2016
2016-10-25 15:00:00+00:00,0.0,0.0,26.83,63.38,3.38,TNP_0006,0,2016
2016-10-25 16:00:00+00:00,0.0,0.0,25.97,69.4,3.25,TNP_0006,0,2016
2016-10-25 17:00:00+00:00,0.0,0.0,25.29,74.74,2.9,TNP_0006,0,2016
2016-10-25 18:00:00+00:00,0.0,0.0,24.7,79.46,2.36,TNP_0006,0,2016
2016-10-25 19:00:00+00:00,0.0,0.0,24.27,83.09,1.96,TNP_0006,0,2016
2016-10-25 20:00:00+00:00,0.0,0.0,24.07,85.09,1.73,TNP_0006,0,2016
2016-10-25 21:00:00+00:00,0.0,0.0,23.9,86.63,1.46,TNP_0006,0,2016
2016-10-25 22:00:00+00:00,0.0,0.0,23.68,88.11,1.3,TNP_0006,0,2016
2016-10-25 23:00:00+00:00,0.0,0.0,23.45,89.42,1.25,TNP_0006,0,2016
2016-10-26 00:00:00+00:00,3.38,3.65,23.2,90.62,1.21,TNP_0006,0,2016
2016-10-26 01:00:00+00:00,88.53,99.3,24.24,85.19,1.28,TNP_0006,0,2016
2016-10-26 02:00:00+00:00,274.48,304.33,26.69,70.89,1.14,TNP_0006,0,2016
2016-10-26 03:00:00+00:00,466.3,515.95,29.18,57.85,0.26,TNP_0006,0,2016
2016-10-26 04:00:00+00:00,664.28,682.8,31.39,48.24,0.73,TNP_0006,0,2016
2016-10-26 05:00:00+00:00,786.83,792.88,33.03,42.2,1.17,TNP_0006,0,2016
2016-10-26 06:00:00+00:00,795.75,841.62,34.12,38.51,1.38,TNP_0006,0,2016
2016-10-26 07:00:00+00:00,739.55,798.2,35.0,35.66,1.49,TNP_0006,0,2016
2016-10-26 08:00:00+00:00,615.45,679.45,35.47,33.79,1.66,TNP_0006,0,2016
2016-10-26 09:00:00+00:00,483.52,514.5,35.4,32.84,1.97,TNP_0006,0,2016
2016-10-26 10:00:00+00:00,286.5,306.17,34.63,33.47,2.49,TNP_0006,0,2016
2016-10-26 11:00:00+00:00,103.43,107.32,33.31,36.44,2.85,TNP_0006,0,2016
2016-10-26 12:00:00+00:00,4.03,4.12,30.49,48.84,2.54,TNP_0006,0,2016
2016-10-26 13:00:00+00:00,0.0,0.0,29.19,51.9,3.52,TNP_0006,0,2016
2016-10-26 14:00:00+00:00,0.0,0.0,28.2,56.42,4.03,TNP_0006,0,2016
2016-10-26 15:00:00+00:00,0.0,0.0,27.18,62.59,3.88,TNP_0006,0,2016
2016-10-26 16:00:00+00:00,0.0,0.0,26.32,68.1,3.39,TNP_0006,0,2016
2016-10-26 17:00:00+00:00,0.0,0.0,25.74,72.04,2.88,TNP_0006,0,2016
2016-10-26 18:00:00+00:00,0.0,0.0,25.25,75.32,2.29,TNP_0006,0,2016
2016-10-26 19:00:00+00:00,0.0,0.0,24.84,78.2,1.75,TNP_0006,0,2016
2016-10-26 20:00:00+00:00,0.0,0.0,24.49,80.53,1.37,TNP_0006,0,2016
2016-10-26 21:00:00+00:00,0.0,0.0,24.28,81.85,1.14,TNP_0006,0,2016
2016-10-26 22:00:00+00:00,0.0,0.0,24.18,82.56,0.9,TNP_0006,0,2016
2016-10-26 23:00:00+00:00,0.0,0.0,24.09,83.1,0.66,TNP_0006,0,2016
2016-10-27 00:00:00+00:00,3.62,4.3,23.97,83.51,0.36,TNP_0006,0,2016
2016-10-27 01:00:00+00:00,94.03,111.18,24.6,80.18,0.27,TNP_0006,0,2016
2016-10-27 02:00:00+00:00,260.8,313.92,27.0,66.56,0.66,TNP_0006,0,2016
2016-10-27 03:00:00+00:00,469.88,524.58,29.28,55.6,1.25,TNP_0006,0,2016
2016-10-27 04:00:00+00:00,617.83,715.55,31.23,47.64,1.61,TNP_0006,0,2016
2016-10-27 05:00:00+00:00,664.53,831.3,32.86,41.68,1.69,TNP_0006,0,2016
2016-10-27 06:00:00+00:00,652.45,814.72,34.15,37.21,1.56,TNP_0006,0,2016
2016-10-27 07:00:00+00:00,599.0,755.3,35.12,33.83,1.36,TNP_0006,0,2016
2016-10-27 08:00:00+00:00,490.12,608.65,35.54,31.8,1.17,TNP_0006,0,2016
2016-10-27 09:00:00+00:00,394.52,425.65,35.4,30.9,1.03,TNP_0006,0,2016
2016-10-27 10:00:00+00:00,203.02,236.38,34.78,30.98,0.83,TNP_0006,0,2016
2016-10-27 11:00:00+00:00,78.38,84.88,33.7,33.32,0.27,TNP_0006,0,2016
2016-10-27 12:00:00+00:00,3.28,3.4,31.33,49.59,0.74,TNP_0006,0,2016
2016-10-27 13:00:00+00:00,0.0,0.0,29.74,53.26,1.58,TNP_0006,0,2016
2016-10-27 14:00:00+00:00,0.0,0.0,29.01,53.16,2.03,TNP_0006,0,2016
2016-10-27 15:00:00+00:00,0.0,0.0,28.27,56.47,2.29,TNP_0006,0,2016
2016-10-27 16:00:00+00:00,0.0,0.0,27.39,61.05,2.49,TNP_0006,0,2016
2016-10-27 17:00:00+00:00,0.0,0.0,26.66,65.18,2.67,TNP_0006,0,2016
2016-10-27 18:00:00+00:00,0.0,0.0,26.01,69.09,2.7,TNP_0006,0,2016
2016-10-27 19:00:00+00:00,0.0,0.0,25.35,72.57,2.65,TNP_0006,0,2016
2016-10-27 20:00:00+00:00,0.0,0.0,24.86,75.28,2.41,TNP_0006,0,2016
2016-10-27 21:00:00+00:00,0.0,0.0,24.49,77.56,2.0,TNP_0006,0,2016
2016-10-27 22:00:00+00:00,0.0,0.0,24.26,78.88,1.62,TNP_0006,0,2016
2016-10-27 23:00:00+00:00,0.0,0.0,24.08,79.74,1.53,TNP_0006,0,2016
2016-10-28 00:00:00+00:00,3.25,3.47,23.93,80.16,1.58,TNP_0006,0,2016
2016-10-28 01:00:00+00:00,86.85,95.4,25.01,74.22,2.22,TNP_0006,0,2016
2016-10-28 02:00:00+00:00,242.25,283.17,27.48,63.49,2.65,TNP_0006,0,2016
2016-10-28 03:00:00+00:00,464.92,494.58,29.95,53.95,2.22,TNP_0006,0,2016
2016-10-28 04:00:00+00:00,665.1,669.95,32.16,45.98,1.58,TNP_0006,0,2016
2016-10-28 05:00:00+00:00,745.45,765.6,34.08,39.17,1.15,TNP_0006,0,2016
2016-10-28 06:00:00+00:00,786.9,810.05,35.39,34.49,0.92,TNP_0006,0,2016
2016-10-28 07:00:00+00:00,673.1,761.15,36.34,31.45,0.87,TNP_0006,0,2016
2016-10-28 08:00:00+00:00,533.03,673.28,36.78,29.86,0.9,TNP_0006,0,2016
2016-10-28 09:00:00+00:00,343.35,504.27,36.66,29.34,0.82,TNP_0006,0,2016
2016-10-28 10:00:00+00:00,205.57,292.15,35.91,30.07,0.72,TNP_0006,0,2016
2016-10-28 11:00:00+00:00,75.18,95.15,34.7,33.06,1.06,TNP_0006,0,2016
2016-10-28 12:00:00+00:00,2.97,3.4,32.12,47.3,1.69,TNP_0006,0,2016
2016-10-28 13:00:00+00:00,0.0,0.0,30.95,47.63,2.78,TNP_0006,0,2016
2016-10-28 14:00:00+00:00,0.0,0.0,30.25,49.41,3.9,TNP_0006,0,2016
2016-10-28 15:00:00+00:00,0.0,0.0,29.27,54.9,4.41,TNP_0006,0,2016
2016-10-28 16:00:00+00:00,0.0,0.0,28.48,59.87,4.27,TNP_0006,0,2016
2016-10-28 17:00:00+00:00,0.0,0.0,27.83,64.14,3.22,TNP_0006,0,2016
2016-10-28 18:00:00+00:00,0.0,0.0,27.11,68.66,1.98,TNP_0006,0,2016
2016-10-28 19:00:00+00:00,0.0,0.0,26.4,72.32,1.49,TNP_0006,0,2016
2016-10-28 20:00:00+00:00,0.0,0.0,25.9,74.24,1.31,TNP_0006,0,2016
2016-10-28 21:00:00+00:00,0.0,0.0,25.51,75.46,1.23,TNP_0006,0,2016
2016-10-28 22:00:00+00:00,0.0,0.0,25.17,76.91,1.18,TNP_0006,0,2016
2016-10-28 23:00:00+00:00,0.0,0.0,24.89,78.53,1.2,TNP_0006,0,2016
2016-10-29 00:00:00+00:00,3.7,3.97,24.62,80.33,1.28,TNP_0006,0,2016
2016-10-29 01:00:00+00:00,99.72,108.6,25.71,75.91,1.91,TNP_0006,0,2016
2016-10-29 02:00:00+00:00,287.83,320.35,28.14,65.31,3.77,TNP_0006,0,2016
2016-10-29 03:00:00+00:00,516.58,537.8,30.79,53.65,3.92,TNP_0006,0,2016
2016-10-29 04:00:00+00:00,714.45,716.22,33.32,44.04,3.41,TNP_0006,0,2016
2016-10-29 05:00:00+00:00,819.72,827.58,35.38,37.23,3.08,TNP_0006,0,2016
2016-10-29 06:00:00+00:00,798.08,813.15,36.9,32.37,2.91,TNP_0006,0,2016
2016-10-29 07:00:00+00:00,726.75,769.1,37.93,29.1,2.78,TNP_0006,0,2016
2016-10-29 08:00:00+00:00,514.92,648.67,38.4,27.27,2.68,TNP_0006,0,2016
2016-10-29 09:00:00+00:00,422.6,464.77,38.13,26.9,2.57,TNP_0006,0,2016
2016-10-29 10:00:00+00:00,218.35,264.15,37.12,28.04,2.31,TNP_0006,0,2016
2016-10-29 11:00:00+00:00,77.3,85.5,35.66,31.83,1.95,TNP_0006,0,2016
2016-10-29 12:00:00+00:00,2.67,3.03,33.08,44.06,1.87,TNP_0006,0,2016
2016-10-29 13:00:00+00:00,0.0,0.0,31.62,48.41,3.0,TNP_0006,0,2016
2016-10-29 14:00:00+00:00,0.0,0.0,30.44,53.46,3.95,TNP_0006,0,2016
2016-10-29 15:00:00+00:00,0.0,0.0,29.14,62.02,4.08,TNP_0006,0,2016
2016-10-29 16:00:00+00:00,0.0,0.0,28.08,70.48,3.17,TNP_0006,0,2016
2016-10-29 17:00:00+00:00,0.0,0.0,27.25,77.04,2.46,TNP_0006,0,2016
2016-10-29 18:00:00+00:00,0.0,0.0,26.6,82.03,2.43,TNP_0006,0,2016
2016-10-29 19:00:00+00:00,0.0,0.0,26.08,86.61,2.27,TNP_0006,0,2016
2016-10-29 20:00:00+00:00,0.0,0.0,25.69,90.41,2.06,TNP_0006,0,2016
2016-10-29 21:00:00+00:00,0.0,0.0,25.4,92.95,1.8,TNP_0006,0,2016
2016-10-29 22:00:00+00:00,0.0,0.0,25.18,94.23,1.61,TNP_0006,0,2016
2016-10-29 23:00:00+00:00,0.0,0.0,24.9,95.31,1.53,TNP_0006,0,2016
2016-10-30 00:00:00+00:00,2.05,3.05,24.64,95.88,1.54,TNP_0006,0,2016
2016-10-30 01:00:00+00:00,53.92,76.45,25.02,93.38,2.27,TNP_0006,0,2016
2016-10-30 02:00:00+00:00,135.27,231.62,25.99,86.23,2.78,TNP_0006,0,2016
2016-10-30 03:00:00+00:00,231.85,410.23,27.67,71.83,3.05,TNP_0006,0,2016
2016-10-30 04:00:00+00:00,355.55,569.15,29.74,58.38,3.15,TNP_0006,0,2016
2016-10-30 05:00:00+00:00,473.3,682.92,31.46,50.21,2.99,TNP_0006,0,2016
2016-10-30 06:00:00+00:00,635.38,803.8,32.76,45.02,2.6,TNP_0006,0,2016
2016-10-30 07:00:00+00:00,604.45,776.8,33.62,41.88,2.2,TNP_0006,0,2016
2016-10-30 08:00:00+00:00,593.38,668.35,33.89,40.6,1.93,TNP_0006,0,2016
2016-10-30 09:00:00+00:00,437.38,496.33,33.49,41.44,2.01,TNP_0006,0,2016
2016-10-30 10:00:00+00:00,236.7,287.58,32.53,44.73,2.61,TNP_0006,0,2016
2016-10-30 11:00:00+00:00,84.9,101.5,30.79,54.57,2.9,TNP_0006,0,2016
2016-10-30 12:00:00+00:00,3.03,3.62,28.44,70.97,2.92,TNP_0006,0,2016
2016-10-30 13:00:00+00:00,0.0,0.0,27.14,80.2,3.06,TNP_0006,0,2016
2016-10-30 14:00:00+00:00,0.0,0.0,26.65,85.21,2.95,TNP_0006,0,2016
2016-10-30 15:00:00+00:00,0.0,0.0,26.34,88.62,2.85,TNP_0006,0,2016
2016-10-30 16:00:00+00:00,0.0,0.0,25.99,91.42,2.7,TNP_0006,0,2016
2016-10-30 17:00:00+00:00,0.0,0.0,25.75,93.23,2.5,TNP_0006,0,2016
2016-10-30 18:00:00+00:00,0.0,0.0,25.54,94.32,2.24,TNP_0006,0,2016
2016-10-30 19:00:00+00:00,0.0,0.0,25.33,95.0,2.18,TNP_0006,0,2016
2016-10-30 20:00:00+00:00,0.0,0.0,25.14,95.38,2.32,TNP_0006,0,2016
2016-10-30 21:00:00+00:00,0.0,0.0,24.99,95.51,2.51,TNP_0006,0,2016
2016-10-30 22:00:00+00:00,0.0,0.0,24.85,95.77,2.67,TNP_0006,0,2016
2016-10-30 23:00:00+00:00,0.0,0.0,24.75,95.66,2.92,TNP_0006,0,2016
2016-10-31 00:00:00+00:00,1.2,3.8,24.6,95.75,3.13,TNP_0006,0,2016
2016-10-31 01:00:00+00:00,33.08,99.9,24.61,95.24,3.36,TNP_0006,0,2016
2016-10-31 02:00:00+00:00,98.1,301.35,24.97,93.59,3.91,TNP_0006,0,2016
2016-10-31 03:00:00+00:00,183.05,521.15,25.8,88.58,4.77,TNP_0006,0,2016
2016-10-31 04:00:00+00:00,262.0,697.97,27.08,79.15,5.12,TNP_0006,0,2016
2016-10-31 05:00:00+00:00,265.95,808.17,28.44,70.4,4.97,TNP_0006,0,2016
2016-10-31 06:00:00+00:00,422.23,888.2,29.69,63.05,4.79,TNP_0006,0,2016
2016-10-31 07:00:00+00:00,580.28,848.83,30.48,58.46,4.57,TNP_0006,0,2016
2016-10-31 08:00:00+00:00,561.2,733.88,30.64,57.31,4.21,TNP_0006,0,2016
2016-10-31 09:00:00+00:00,465.77,560.55,30.38,58.01,3.93,TNP_0006,0,2016
2016-10-31 10:00:00+00:00,273.2,344.08,29.85,59.99,3.85,TNP_0006,0,2016
2016-10-31 11:00:00+00:00,93.53,120.6,28.91,65.09,3.25,TNP_0006,0,2016
2016-10-31 12:00:00+00:00,3.38,3.92,27.21,75.85,2.38,TNP_0006,0,2016
2016-10-31 13:00:00+00:00,0.0,0.0,26.38,79.12,2.61,TNP_0006,0,2016
2016-10-31 14:00:00+00:00,0.0,0.0,25.93,80.67,2.88,TNP_0006,0,2016
2016-10-31 15:00:00+00:00,0.0,0.0,25.48,82.91,3.04,TNP_0006,0,2016
2016-10-31 16:00:00+00:00,0.0,0.0,25.01,85.66,2.95,TNP_0006,0,2016
2016-10-31 17:00:00+00:00,0.0,0.0,24.54,88.58,2.62,TNP_0006,0,2016
2016-10-31 18:00:00+00:00,0.0,0.0,24.19,90.35,2.47,TNP_0006,0,2016
2016-10-31 19:00:00+00:00,0.0,0.0,23.87,91.87,2.28,TNP_0006,0,2016
2016-10-31 20:00:00+00:00,0.0,0.0,23.5,93.3,2.13,TNP_0006,0,2016
2016-10-31 21:00:00+00:00,0.0,0.0,23.33,93.69,1.95,TNP_0006,0,2016
2016-10-31 22:00:00+00:00,0.0,0.0,23.11,94.17,1.92,TNP_0006,0,2016
2016-10-31 23:00:00+00:00,0.0,0.0,22.77,95.1,2.05,TNP_0006,0,2016
2016-11-01 00:00:00+00:00,3.7,4.3,22.4,96.23,2.2,TNP_0006,0,2016
2016-11-01 01:00:00+00:00,102.55,128.12,23.27,90.64,3.28,TNP_0006,0,2016
2016-11-01 02:00:00+00:00,300.62,360.17,25.46,76.03,4.33,TNP_0006,0,2016
2016-11-01 03:00:00+00:00,512.72,583.33,27.76,61.07,4.71,TNP_0006,0,2016
2016-11-01 04:00:00+00:00,697.25,761.17,30.13,48.01,4.93,TNP_0006,0,2016
2016-11-01 05:00:00+00:00,822.25,875.72,32.2,39.63,4.97,TNP_0006,0,2016
2016-11-01 06:00:00+00:00,777.38,912.05,33.7,35.97,4.93,TNP_0006,0,2016
2016-11-01 07:00:00+00:00,803.62,869.1,34.6,35.13,4.96,TNP_0006,0,2016
2016-11-01 08:00:00+00:00,711.6,750.45,34.85,35.9,5.07,TNP_0006,0,2016
2016-11-01 09:00:00+00:00,535.85,568.47,34.38,37.87,5.11,TNP_0006,0,2016
2016-11-01 10:00:00+00:00,312.85,343.23,33.29,40.95,5.17,TNP_0006,0,2016
2016-11-01 11:00:00+00:00,104.4,116.22,31.66,45.79,5.11,TNP_0006,0,2016
2016-11-01 12:00:00+00:00,3.3,3.67,29.24,55.69,3.9,TNP_0006,0,2016
2016-11-01 13:00:00+00:00,0.0,0.0,27.64,63.58,3.7,TNP_0006,0,2016
2016-11-01 14:00:00+00:00,0.0,0.0,26.55,70.11,3.38,TNP_0006,0,2016
2016-11-01 15:00:00+00:00,0.0,0.0,25.79,75.6,3.1,TNP_0006,0,2016
2016-11-01 16:00:00+00:00,0.0,0.0,25.16,80.79,2.7,TNP_0006,0,2016
2016-11-01 17:00:00+00:00,0.0,0.0,24.64,85.38,2.28,TNP_0006,0,2016
2016-11-01 18:00:00+00:00,0.0,0.0,24.21,89.1,1.94,TNP_0006,0,2016
2016-11-01 19:00:00+00:00,0.0,0.0,23.85,91.87,1.7,TNP_0006,0,2016
2016-11-01 20:00:00+00:00,0.0,0.0,23.57,93.64,1.58,TNP_0006,0,2016
2016-11-01 21:00:00+00:00,0.0,0.0,23.35,94.68,1.62,TNP_0006,0,2016
2016-11-01 22:00:00+00:00,0.0,0.0,23.2,95.05,1.76,TNP_0006,0,2016
2016-11-01 23:00:00+00:00,0.0,0.0,23.02,95.35,1.86,TNP_0006,0,2016
2016-11-02 00:00:00+00:00,3.83,4.1,22.87,95.49,1.92,TNP_0006,0,2016
2016-11-02 01:00:00+00:00,93.88,125.45,23.49,92.0,2.72,TNP_0006,0,2016
2016-11-02 02:00:00+00:00,269.33,354.23,25.17,83.39,3.43,TNP_0006,0,2016
2016-11-02 03:00:00+00:00,458.58,575.2,27.32,71.44,4.04,TNP_0006,0,2016
2016-11-02 04:00:00+00:00,528.83,751.97,28.97,63.2,4.23,TNP_0006,0,2016
2016-11-02 05:00:00+00:00,593.92,863.78,29.87,58.88,4.44,TNP_0006,0,2016
2016-11-02 06:00:00+00:00,468.35,892.72,29.87,58.49,4.66,TNP_0006,0,2016
2016-11-02 07:00:00+00:00,484.52,854.0,29.42,60.69,4.8,TNP_0006,0,2016
2016-11-02 08:00:00+00:00,352.25,742.03,28.89,63.63,4.79,TNP_0006,0,2016
2016-11-02 09:00:00+00:00,219.85,566.35,28.32,66.83,4.62,TNP_0006,0,2016
2016-11-02 10:00:00+00:00,131.27,344.73,27.78,70.23,4.29,TNP_0006,0,2016
2016-11-02 11:00:00+00:00,42.4,118.43,27.0,75.78,3.49,TNP_0006,0,2016
2016-11-02 12:00:00+00:00,1.8,3.55,25.74,85.74,2.21,TNP_0006,0,2016
2016-11-02 13:00:00+00:00,0.0,0.0,25.06,89.96,2.22,TNP_0006,0,2016
2016-11-02 14:00:00+00:00,0.0,0.0,24.68,91.76,2.32,TNP_0006,0,2016
2016-11-02 15:00:00+00:00,0.0,0.0,24.35,93.13,2.47,TNP_0006,0,2016
2016-11-02 16:00:00+00:00,0.0,0.0,24.06,94.39,2.5,TNP_0006,0,2016
2016-11-02 17:00:00+00:00,0.0,0.0,23.83,95.45,2.31,TNP_0006,0,2016
2016-11-02 18:00:00+00:00,0.0,0.0,23.62,96.27,2.07,TNP_0006,0,2016
2016-11-02 19:00:00+00:00,0.0,0.0,23.44,96.93,1.79,TNP_0006,0,2016
2016-11-02 20:00:00+00:00,0.0,0.0,23.3,97.29,1.62,TNP_0006,0,2016
2016-11-02 21:00:00+00:00,0.0,0.0,23.17,97.53,1.47,TNP_0006,0,2016
2016-11-02 22:00:00+00:00,0.0,0.0,23.01,97.59,1.4,TNP_0006,0,2016
2016-11-02 23:00:00+00:00,0.0,0.0,22.87,97.57,1.45,TNP_0006,0,2016
2016-11-03 00:00:00+00:00,1.77,4.0,22.79,97.45,1.51,TNP_0006,0,2016
2016-11-03 01:00:00+00:00,68.8,124.88,23.28,95.3,2.18,TNP_0006,0,2016
2016-11-03 02:00:00+00:00,193.07,354.4,24.21,91.28,2.96,TNP_0006,0,2016
2016-11-03 03:00:00+00:00,350.45,572.7,25.96,81.11,3.36,TNP_0006,0,2016
2016-11-03 04:00:00+00:00,482.05,745.9,28.28,65.33,3.64,TNP_0006,0,2016
2016-11-03 05:00:00+00:00,566.0,855.0,29.94,56.12,3.62,TNP_0006,0,2016
2016-11-03 06:00:00+00:00,502.98,859.9,30.98,51.52,3.51,TNP_0006,0,2016
2016-11-03 07:00:00+00:00,490.45,819.03,31.59,49.05,3.35,TNP_0006,0,2016
2016-11-03 08:00:00+00:00,462.77,708.2,31.81,47.95,3.08,TNP_0006,0,2016
2016-11-03 09:00:00+00:00,336.35,533.12,31.69,48.15,3.05,TNP_0006,0,2016
2016-11-03 10:00:00+00:00,209.9,316.52,31.05,50.54,3.25,TNP_0006,0,2016
2016-11-03 11:00:00+00:00,73.43,105.0,29.94,56.73,2.9,TNP_0006,0,2016
2016-11-03 12:00:00+00:00,2.97,3.25,27.72,70.98,2.09,TNP_0006,0,2016
2016-11-03 13:00:00+00:00,0.0,0.0,26.63,76.67,2.06,TNP_0006,0,2016
2016-11-03 14:00:00+00:00,0.0,0.0,26.13,79.77,1.91,TNP_0006,0,2016
2016-11-03 15:00:00+00:00,0.0,0.0,25.71,82.73,1.69,TNP_0006,0,2016
2016-11-03 16:00:00+00:00,0.0,0.0,25.37,85.15,1.41,TNP_0006,0,2016
2016-11-03 17:00:00+00:00,0.0,0.0,25.19,85.85,1.14,TNP_0006,0,2016
2016-11-03 18:00:00+00:00,0.0,0.0,24.97,86.05,1.13,TNP_0006,0,2016
2016-11-03 19:00:00+00:00,0.0,0.0,24.52,87.98,1.39,TNP_0006,0,2016
2016-11-03 20:00:00+00:00,0.0,0.0,24.21,88.68,1.56,TNP_0006,0,2016
2016-11-03 21:00:00+00:00,0.0,0.0,23.98,89.3,1.54,TNP_0006,0,2016
2016-11-03 22:00:00+00:00,0.0,0.0,23.76,89.96,1.54,TNP_0006,0,2016
2016-11-03 23:00:00+00:00,0.0,0.0,23.57,90.54,1.58,TNP_0006,0,2016
2016-11-04 00:00:00+00:00,2.7,3.25,23.39,91.09,1.63,TNP_0006,0,2016
2016-11-04 01:00:00+00:00,56.22,92.12,24.36,86.04,2.29,TNP_0006,0,2016
2016-11-04 02:00:00+00:00,136.25,280.4,26.81,72.76,2.51,TNP_0006,0,2016
2016-11-04 03:00:00+00:00,247.4,495.17,29.25,60.91,2.3,TNP_0006,0,2016
2016-11-04 04:00:00+00:00,258.55,655.5,31.05,53.54,2.32,TNP_0006,0,2016
2016-11-04 05:00:00+00:00,383.3,763.2,32.62,47.81,2.2,TNP_0006,0,2016
2016-11-04 06:00:00+00:00,499.5,839.47,33.76,43.72,1.96,TNP_0006,0,2016
2016-11-04 07:00:00+00:00,612.95,796.6,34.44,41.14,1.73,TNP_0006,0,2016
2016-11-04 08:00:00+00:00,544.53,680.42,34.62,39.98,1.55,TNP_0006,0,2016
2016-11-04 09:00:00+00:00,430.38,501.48,34.14,40.79,1.27,TNP_0006,0,2016
2016-11-04 10:00:00+00:00,245.2,292.5,33.17,43.62,1.87,TNP_0006,0,2016
2016-11-04 11:00:00+00:00,85.85,95.97,31.73,50.33,2.75,TNP_0006,0,2016
2016-11-04 12:00:00+00:00,2.9,3.03,29.6,61.09,3.43,TNP_0006,0,2016
2016-11-04 13:00:00+00:00,0.0,0.0,28.47,66.52,4.56,TNP_0006,0,2016
2016-11-04 14:00:00+00:00,0.0,0.0,27.57,72.87,4.7,TNP_0006,0,2016
2016-11-04 15:00:00+00:00,0.0,0.0,26.89,78.06,4.32,TNP_0006,0,2016
2016-11-04 16:00:00+00:00,0.0,0.0,26.42,81.49,3.76,TNP_0006,0,2016
2016-11-04 17:00:00+00:00,0.0,0.0,26.1,83.49,3.11,TNP_0006,0,2016
2016-11-04 18:00:00+00:00,0.0,0.0,25.84,84.71,2.7,TNP_0006,0,2016
2016-11-04 19:00:00+00:00,0.0,0.0,25.56,85.7,2.43,TNP_0006,0,2016
2016-11-04 20:00:00+00:00,0.0,0.0,25.26,86.41,2.35,TNP_0006,0,2016
2016-11-04 21:00:00+00:00,0.0,0.0,24.97,87.04,2.2,TNP_0006,0,2016
2016-11-04 22:00:00+00:00,0.0,0.0,24.81,86.68,2.38,TNP_0006,0,2016
2016-11-04 23:00:00+00:00,0.0,0.0,24.64,86.48,2.54,TNP_0006,0,2016
2016-11-05 00:00:00+00:00,3.28,3.33,24.43,86.92,2.43,TNP_0006,0,2016
2016-11-05 01:00:00+00:00,97.95,99.53,25.0,83.63,3.09,TNP_0006,0,2016
2016-11-05 02:00:00+00:00,300.33,307.33,26.79,74.39,3.8,TNP_0006,0,2016
2016-11-05 03:00:00+00:00,512.85,521.22,29.22,61.44,4.12,TNP_0006,0,2016
2016-11-05 04:00:00+00:00,691.72,695.92,31.58,49.57,3.88,TNP_0006,0,2016
2016-11-05 05:00:00+00:00,803.6,804.85,33.41,42.35,3.73,TNP_0006,0,2016
2016-11-05 06:00:00+00:00,808.08,810.58,34.6,37.93,3.91,TNP_0006,0,2016
2016-11-05 07:00:00+00:00,743.2,761.67,35.34,35.01,4.14,TNP_0006,0,2016
2016-11-05 08:00:00+00:00,618.33,641.8,35.55,33.39,4.23,TNP_0006,0,2016
2016-11-05 09:00:00+00:00,459.17,467.8,35.18,33.06,4.17,TNP_0006,0,2016
2016-11-05 10:00:00+00:00,256.4,269.62,34.27,33.99,3.95,TNP_0006,0,2016
2016-11-05 11:00:00+00:00,83.75,89.4,32.67,38.36,3.53,TNP_0006,0,2016
2016-11-05 12:00:00+00:00,2.6,2.85,29.27,52.77,3.14,TNP_0006,0,2016
2016-11-05 13:00:00+00:00,0.0,0.0,27.79,58.26,4.13,TNP_0006,0,2016
2016-11-05 14:00:00+00:00,0.0,0.0,26.82,65.99,4.34,TNP_0006,0,2016
2016-11-05 15:00:00+00:00,0.0,0.0,26.13,74.32,3.93,TNP_0006,0,2016
2016-11-05 16:00:00+00:00,0.0,0.0,25.6,81.28,3.11,TNP_0006,0,2016
2016-11-05 17:00:00+00:00,0.0,0.0,25.1,86.9,2.07,TNP_0006,0,2016
2016-11-05 18:00:00+00:00,0.0,0.0,24.65,90.73,1.51,TNP_0006,0,2016
2016-11-05 19:00:00+00:00,0.0,0.0,24.32,92.84,1.35,TNP_0006,0,2016
2016-11-05 20:00:00+00:00,0.0,0.0,24.18,93.15,1.25,TNP_0006,0,2016
2016-11-05 21:00:00+00:00,0.0,0.0,24.02,93.03,1.3,TNP_0006,0,2016
2016-11-05 22:00:00+00:00,0.0,0.0,23.81,93.05,1.42,TNP_0006,0,2016
2016-11-05 23:00:00+00:00,0.0,0.0,23.63,92.99,1.55,TNP_0006,0,2016
2016-11-06 00:00:00+00:00,2.8,3.17,23.46,92.94,1.66,TNP_0006,0,2016
2016-11-06 01:00:00+00:00,88.47,100.93,24.58,86.67,2.19,TNP_0006,0,2016
2016-11-06 02:00:00+00:00,259.0,304.75,27.21,71.59,2.48,TNP_0006,0,2016
2016-11-06 03:00:00+00:00,465.17,516.35,29.82,58.66,1.79,TNP_0006,0,2016
2016-11-06 04:00:00+00:00,617.83,693.55,31.73,51.23,1.2,TNP_0006,0,2016
2016-11-06 05:00:00+00:00,734.88,803.08,33.2,45.83,0.81,TNP_0006,0,2016
2016-11-06 06:00:00+00:00,738.25,796.58,34.13,42.24,0.52,TNP_0006,0,2016
2016-11-06 07:00:00+00:00,662.8,766.05,34.8,39.5,0.46,TNP_0006,0,2016
2016-11-06 08:00:00+00:00,607.38,652.72,34.86,38.72,0.62,TNP_0006,0,2016
2016-11-06 09:00:00+00:00,437.62,482.33,34.01,40.4,1.08,TNP_0006,0,2016
2016-11-06 10:00:00+00:00,268.05,287.05,33.01,42.99,1.86,TNP_0006,0,2016
2016-11-06 11:00:00+00:00,86.18,91.93,31.61,48.7,2.53,TNP_0006,0,2016
2016-11-06 12:00:00+00:00,2.83,2.85,29.4,60.15,2.73,TNP_0006,0,2016
2016-11-06 13:00:00+00:00,0.0,0.0,28.11,65.04,3.83,TNP_0006,0,2016
2016-11-06 14:00:00+00:00,0.0,0.0,27.04,70.91,4.22,TNP_0006,0,2016
2016-11-06 15:00:00+00:00,0.0,0.0,26.23,75.73,3.9,TNP_0006,0,2016
2016-11-06 16:00:00+00:00,0.0,0.0,25.53,80.12,2.87,TNP_0006,0,2016
2016-11-06 17:00:00+00:00,0.0,0.0,24.92,84.52,1.83,TNP_0006,0,2016
2016-11-06 18:00:00+00:00,0.0,0.0,24.61,87.13,1.32,TNP_0006,0,2016
2016-11-06 19:00:00+00:00,0.0,0.0,24.4,88.63,0.92,TNP_0006,0,2016
2016-11-06 20:00:00+00:00,0.0,0.0,24.18,89.18,0.69,TNP_0006,0,2016
2016-11-06 21:00:00+00:00,0.0,0.0,23.76,90.36,0.81,TNP_0006,0,2016
2016-11-06 22:00:00+00:00,0.0,0.0,23.36,91.32,0.97,TNP_0006,0,2016
2016-11-06 23:00:00+00:00,0.0,0.0,22.97,91.75,1.13,TNP_0006,0,2016
2016-11-07 00:00:00+00:00,3.15,3.28,22.57,91.55,1.29,TNP_0006,0,2016
2016-11-07 01:00:00+00:00,100.43,105.7,23.1,86.95,1.83,TNP_0006,0,2016
2016-11-07 02:00:00+00:00,291.0,314.95,25.15,72.78,2.16,TNP_0006,0,2016
2016-11-07 03:00:00+00:00,512.33,535.67,28.38,54.48,1.34,TNP_0006,0,2016
2016-11-07 04:00:00+00:00,666.42,705.62,30.77,45.28,0.48,TNP_0006,0,2016
2016-11-07 05:00:00+00:00,726.38,771.0,32.65,39.33,0.78,TNP_0006,0,2016
2016-11-07 06:00:00+00:00,817.22,853.1,33.95,35.54,1.42,TNP_0006,0,2016
2016-11-07 07:00:00+00:00,821.88,834.92,34.63,33.35,1.95,TNP_0006,0,2016
2016-11-07 08:00:00+00:00,691.47,731.33,34.89,32.22,2.48,TNP_0006,0,2016
2016-11-07 09:00:00+00:00,533.38,555.03,34.46,32.63,3.09,TNP_0006,0,2016
2016-11-07 10:00:00+00:00,322.9,337.25,33.34,35.12,3.84,TNP_0006,0,2016
2016-11-07 11:00:00+00:00,112.65,115.45,31.69,40.07,4.34,TNP_0006,0,2016
2016-11-07 12:00:00+00:00,3.15,3.2,29.41,49.21,4.07,TNP_0006,0,2016
2016-11-07 13:00:00+00:00,0.0,0.0,28.01,55.09,4.97,TNP_0006,0,2016
2016-11-07 14:00:00+00:00,0.0,0.0,26.93,60.83,5.09,TNP_0006,0,2016
2016-11-07 15:00:00+00:00,0.0,0.0,26.03,66.53,4.48,TNP_0006,0,2016
2016-11-07 16:00:00+00:00,0.0,0.0,25.34,71.5,3.81,TNP_0006,0,2016
2016-11-07 17:00:00+00:00,0.0,0.0,24.69,76.52,2.96,TNP_0006,0,2016
2016-11-07 18:00:00+00:00,0.0,0.0,24.08,81.63,2.1,TNP_0006,0,2016
2016-11-07 19:00:00+00:00,0.0,0.0,23.59,85.75,1.57,TNP_0006,0,2016
2016-11-07 20:00:00+00:00,0.0,0.0,23.23,88.29,1.35,TNP_0006,0,2016
2016-11-07 21:00:00+00:00,0.0,0.0,23.0,89.5,1.16,TNP_0006,0,2016
2016-11-07 22:00:00+00:00,0.0,0.0,22.74,90.82,1.15,TNP_0006,0,2016
2016-11-07 23:00:00+00:00,0.0,0.0,22.37,93.11,1.35,TNP_0006,0,2016
2016-11-08 00:00:00+00:00,2.4,2.9,22.03,95.17,1.58,TNP_0006,0,2016
2016-11-08 01:00:00+00:00,71.28,92.78,23.09,89.53,2.39,TNP_0006,0,2016
2016-11-08 02:00:00+00:00,199.88,296.48,25.85,73.73,3.19,TNP_0006,0,2016
2016-11-08 03:00:00+00:00,390.35,530.33,28.34,59.54,3.94,TNP_0006,0,2016
2016-11-08 04:00:00+00:00,546.97,717.9,30.28,50.61,4.26,TNP_0006,0,2016
2016-11-08 05:00:00+00:00,655.97,835.2,31.81,44.78,4.26,TNP_0006,0,2016
2016-11-08 06:00:00+00:00,644.25,829.72,32.84,40.73,4.07,TNP_0006,0,2016
2016-11-08 07:00:00+00:00,646.97,796.12,33.45,38.18,3.85,TNP_0006,0,2016
2016-11-08 08:00:00+00:00,544.35,673.72,33.62,37.08,3.7,TNP_0006,0,2016
2016-11-08 09:00:00+00:00,371.5,485.85,33.3,37.33,3.71,TNP_0006,0,2016
2016-11-08 10:00:00+00:00,236.77,275.88,32.35,39.48,3.92,TNP_0006,0,2016
2016-11-08 11:00:00+00:00,83.12,92.0,30.9,43.73,4.16,TNP_0006,0,2016
2016-11-08 12:00:00+00:00,0.0,0.0,28.66,52.9,3.64,TNP_0006,0,2016
2016-11-08 13:00:00+00:00,0.0,0.0,27.37,58.86,4.42,TNP_0006,0,2016
2016-11-08 14:00:00+00:00,0.0,0.0,26.39,64.21,4.5,TNP_0006,0,2016
2016-11-08 15:00:00+00:00,0.0,0.0,25.69,68.23,4.19,TNP_0006,0,2016
2016-11-08 16:00:00+00:00,0.0,0.0,25.07,71.65,3.7,TNP_0006,0,2016
2016-11-08 17:00:00+00:00,0.0,0.0,24.47,74.97,3.18,TNP_0006,0,2016
2016-11-08 18:00:00+00:00,0.0,0.0,23.79,78.87,2.51,TNP_0006,0,2016
2016-11-08 19:00:00+00:00,0.0,0.0,23.12,82.23,2.25,TNP_0006,0,2016
2016-11-08 20:00:00+00:00,0.0,0.0,22.66,84.0,2.34,TNP_0006,0,2016
2016-11-08 21:00:00+00:00,0.0,0.0,22.24,85.67,2.38,TNP_0006,0,2016
2016-11-08 22:00:00+00:00,0.0,0.0,21.8,87.4,2.33,TNP_0006,0,2016
2016-11-08 23:00:00+00:00,0.0,0.0,21.42,88.81,2.34,TNP_0006,0,2016
2016-11-09 00:00:00+00:00,2.72,2.85,21.07,90.04,2.33,TNP_0006,0,2016
2016-11-09 01:00:00+00:00,89.1,97.32,21.81,85.46,3.3,TNP_0006,0,2016
2016-11-09 02:00:00+00:00,253.75,295.83,24.49,69.14,4.25,TNP_0006,0,2016
2016-11-09 03:00:00+00:00,446.17,506.95,27.21,52.9,5.12,TNP_0006,0,2016
2016-11-09 04:00:00+00:00,594.65,685.75,29.44,41.67,5.35,TNP_0006,0,2016
2016-11-09 05:00:00+00:00,634.47,795.08,31.36,34.31,5.41,TNP_0006,0,2016
2016-11-09 06:00:00+00:00,660.22,804.08,32.6,29.95,5.34,TNP_0006,0,2016
2016-11-09 07:00:00+00:00,631.67,771.03,33.42,27.04,5.3,TNP_0006,0,2016
2016-11-09 08:00:00+00:00,520.6,657.72,33.73,25.08,5.26,TNP_0006,0,2016
2016-11-09 09:00:00+00:00,378.7,485.8,33.25,24.29,5.2,TNP_0006,0,2016
2016-11-09 10:00:00+00:00,207.05,277.58,32.29,24.4,5.09,TNP_0006,0,2016
2016-11-09 11:00:00+00:00,76.78,96.12,30.44,27.7,4.34,TNP_0006,0,2016
2016-11-09 12:00:00+00:00,0.0,0.0,26.32,40.71,3.17,TNP_0006,0,2016
2016-11-09 13:00:00+00:00,0.0,0.0,24.62,45.59,3.56,TNP_0006,0,2016
2016-11-09 14:00:00+00:00,0.0,0.0,23.71,51.0,3.69,TNP_0006,0,2016
2016-11-09 15:00:00+00:00,0.0,0.0,22.88,58.53,3.51,TNP_0006,0,2016
2016-11-09 16:00:00+00:00,0.0,0.0,22.13,66.66,3.11,TNP_0006,0,2016
2016-11-09 17:00:00+00:00,0.0,0.0,21.52,73.4,2.77,TNP_0006,0,2016
2016-11-09 18:00:00+00:00,0.0,0.0,21.0,78.28,2.5,TNP_0006,0,2016
2016-11-09 19:00:00+00:00,0.0,0.0,20.53,81.63,2.31,TNP_0006,0,2016
2016-11-09 20:00:00+00:00,0.0,0.0,20.1,83.83,2.26,TNP_0006,0,2016
2016-11-09 21:00:00+00:00,0.0,0.0,19.75,85.3,2.22,TNP_0006,0,2016
2016-11-09 22:00:00+00:00,0.0,0.0,19.34,86.6,2.23,TNP_0006,0,2016
2016-11-09 23:00:00+00:00,0.0,0.0,19.03,86.85,2.29,TNP_0006,0,2016
2016-11-10 00:00:00+00:00,0.0,0.0,18.75,86.57,2.38,TNP_0006,0,2016
2016-11-10 01:00:00+00:00,91.85,94.28,19.95,78.58,3.07,TNP_0006,0,2016
2016-11-10 02:00:00+00:00,263.98,274.9,22.95,64.02,3.08,TNP_0006,0,2016
2016-11-10 03:00:00+00:00,471.27,484.17,26.87,48.32,3.27,TNP_0006,0,2016
2016-11-10 04:00:00+00:00,659.25,661.4,29.33,39.34,3.43,TNP_0006,0,2016
2016-11-10 05:00:00+00:00,757.97,778.88,31.29,33.43,3.61,TNP_0006,0,2016
2016-11-10 06:00:00+00:00,817.65,817.95,32.59,30.02,3.72,TNP_0006,0,2016
2016-11-10 07:00:00+00:00,765.7,769.0,33.54,27.84,3.79,TNP_0006,0,2016
2016-11-10 08:00:00+00:00,639.55,641.2,33.98,26.62,3.89,TNP_0006,0,2016
2016-11-10 09:00:00+00:00,468.35,469.15,33.72,26.6,3.96,TNP_0006,0,2016
2016-11-10 10:00:00+00:00,298.15,298.85,32.88,27.85,4.04,TNP_0006,0,2016
2016-11-10 11:00:00+00:00,103.93,104.22,31.12,32.56,3.73,TNP_0006,0,2016
2016-11-10 12:00:00+00:00,0.0,0.0,27.46,46.1,3.16,TNP_0006,0,2016
2016-11-10 13:00:00+00:00,0.0,0.0,26.13,51.67,4.34,TNP_0006,0,2016
2016-11-10 14:00:00+00:00,0.0,0.0,25.05,59.81,4.85,TNP_0006,0,2016
2016-11-10 15:00:00+00:00,0.0,0.0,24.08,68.61,4.52,TNP_0006,0,2016
2016-11-10 16:00:00+00:00,0.0,0.0,23.39,75.79,3.84,TNP_0006,0,2016
2016-11-10 17:00:00+00:00,0.0,0.0,22.81,81.37,3.12,TNP_0006,0,2016
2016-11-10 18:00:00+00:00,0.0,0.0,22.25,85.6,2.46,TNP_0006,0,2016
2016-11-10 19:00:00+00:00,0.0,0.0,21.72,88.85,2.07,TNP_0006,0,2016
2016-11-10 20:00:00+00:00,0.0,0.0,21.27,91.28,1.86,TNP_0006,0,2016
2016-11-10 21:00:00+00:00,0.0,0.0,20.87,93.33,1.74,TNP_0006,0,2016
2016-11-10 22:00:00+00:00,0.0,0.0,20.55,94.82,1.7,TNP_0006,0,2016
2016-11-10 23:00:00+00:00,0.0,0.0,20.26,95.91,1.76,TNP_0006,0,2016
2016-11-11 00:00:00+00:00,0.0,0.0,20.02,96.61,1.83,TNP_0006,0,2016
2016-11-11 01:00:00+00:00,84.45,85.45,21.04,90.09,2.66,TNP_0006,0,2016
2016-11-11 02:00:00+00:00,252.95,259.52,24.0,74.16,2.36,TNP_0006,0,2016
2016-11-11 03:00:00+00:00,435.65,442.1,26.93,59.33,2.05,TNP_0006,0,2016
2016-11-11 04:00:00+00:00,627.2,630.15,29.33,48.23,2.22,TNP_0006,0,2016
2016-11-11 05:00:00+00:00,730.03,731.4,31.37,40.68,2.48,TNP_0006,0,2016
2016-11-11 06:00:00+00:00,830.0,832.72,32.85,36.01,2.74,TNP_0006,0,2016
2016-11-11 07:00:00+00:00,785.58,786.9,33.88,33.14,3.02,TNP_0006,0,2016
2016-11-11 08:00:00+00:00,661.75,669.42,34.32,31.83,3.34,TNP_0006,0,2016
2016-11-11 09:00:00+00:00,481.0,497.73,34.1,31.91,3.62,TNP_0006,0,2016
2016-11-11 10:00:00+00:00,276.98,283.0,33.23,33.56,3.9,TNP_0006,0,2016
2016-11-11 11:00:00+00:00,94.43,94.85,31.68,37.61,4.11,TNP_0006,0,2016
2016-11-11 12:00:00+00:00,0.0,0.0,28.92,48.15,3.55,TNP_0006,0,2016
2016-11-11 13:00:00+00:00,0.0,0.0,27.54,54.74,4.9,TNP_0006,0,2016
2016-11-11 14:00:00+00:00,0.0,0.0,26.26,63.04,5.24,TNP_0006,0,2016
2016-11-11 15:00:00+00:00,0.0,0.0,25.25,70.79,4.73,TNP_0006,0,2016
2016-11-11 16:00:00+00:00,0.0,0.0,24.52,76.8,3.91,TNP_0006,0,2016
2016-11-11 17:00:00+00:00,0.0,0.0,23.93,81.41,3.13,TNP_0006,0,2016
2016-11-11 18:00:00+00:00,0.0,0.0,23.34,85.54,2.46,TNP_0006,0,2016
2016-11-11 19:00:00+00:00,0.0,0.0,22.78,89.36,2.02,TNP_0006,0,2016
2016-11-11 20:00:00+00:00,0.0,0.0,22.29,92.55,1.7,TNP_0006,0,2016
2016-11-11 21:00:00+00:00,0.0,0.0,22.01,94.18,1.58,TNP_0006,0,2016
2016-11-11 22:00:00+00:00,0.0,0.0,21.9,94.59,1.58,TNP_0006,0,2016
2016-11-11 23:00:00+00:00,0.0,0.0,21.83,94.5,1.64,TNP_0006,0,2016
2016-11-12 00:00:00+00:00,0.0,0.0,21.7,94.54,1.8,TNP_0006,0,2016
2016-11-12 01:00:00+00:00,95.9,97.1,22.6,88.53,2.78,TNP_0006,0,2016
2016-11-12 02:00:00+00:00,276.38,283.33,25.21,73.91,3.23,TNP_0006,0,2016
2016-11-12 03:00:00+00:00,484.08,490.7,27.8,60.69,3.13,TNP_0006,0,2016
2016-11-12 04:00:00+00:00,666.62,667.5,30.22,49.16,3.09,TNP_0006,0,2016
2016-11-12 05:00:00+00:00,768.28,769.25,32.28,40.85,3.11,TNP_0006,0,2016
2016-11-12 06:00:00+00:00,816.92,817.88,33.7,35.9,3.19,TNP_0006,0,2016
2016-11-12 07:00:00+00:00,761.5,762.78,34.63,33.16,3.42,TNP_0006,0,2016
2016-11-12 08:00:00+00:00,638.62,645.2,34.99,32.14,3.81,TNP_0006,0,2016
2016-11-12 09:00:00+00:00,458.73,465.05,34.66,32.83,4.17,TNP_0006,0,2016
2016-11-12 10:00:00+00:00,258.48,260.88,33.66,35.43,4.54,TNP_0006,0,2016
2016-11-12 11:00:00+00:00,88.62,89.05,32.02,40.48,4.81,TNP_0006,0,2016
2016-11-12 12:00:00+00:00,0.0,0.0,29.57,50.39,4.24,TNP_0006,0,2016
2016-11-12 13:00:00+00:00,0.0,0.0,28.06,59.43,4.97,TNP_0006,0,2016
2016-11-12 14:00:00+00:00,0.0,0.0,26.97,67.99,4.83,TNP_0006,0,2016
2016-11-12 15:00:00+00:00,0.0,0.0,26.12,75.14,4.4,TNP_0006,0,2016
2016-11-12 16:00:00+00:00,0.0,0.0,25.49,80.5,4.06,TNP_0006,0,2016
2016-11-12 17:00:00+00:00,0.0,0.0,24.94,84.75,3.66,TNP_0006,0,2016
2016-11-12 18:00:00+00:00,0.0,0.0,24.49,88.15,3.32,TNP_0006,0,2016
2016-11-12 19:00:00+00:00,0.0,0.0,24.18,90.38,3.22,TNP_0006,0,2016
2016-11-12 20:00:00+00:00,0.0,0.0,23.92,92.24,2.7,TNP_0006,0,2016
2016-11-12 21:00:00+00:00,0.0,0.0,23.78,93.11,2.48,TNP_0006,0,2016
2016-11-12 22:00:00+00:00,0.0,0.0,23.6,94.05,2.18,TNP_0006,0,2016
2016-11-12 23:00:00+00:00,0.0,0.0,23.35,95.05,1.89,TNP_0006,0,2016
2016-11-13 00:00:00+00:00,0.0,0.0,23.11,95.69,1.76,TNP_0006,0,2016
2016-11-13 01:00:00+00:00,58.3,93.43,23.71,92.26,2.59,TNP_0006,0,2016
2016-11-13 02:00:00+00:00,171.6,295.3,25.41,82.38,3.46,TNP_0006,0,2016
2016-11-13 03:00:00+00:00,306.5,517.25,27.88,68.07,3.78,TNP_0006,0,2016
2016-11-13 04:00:00+00:00,450.4,691.7,30.19,57.64,3.8,TNP_0006,0,2016
2016-11-13 05:00:00+00:00,548.92,801.83,31.89,51.57,3.9,TNP_0006,0,2016
2016-11-13 06:00:00+00:00,654.42,871.78,33.19,47.3,4.24,TNP_0006,0,2016
2016-11-13 07:00:00+00:00,714.25,843.25,33.74,45.57,4.77,TNP_0006,0,2016
2016-11-13 08:00:00+00:00,585.2,735.05,33.54,46.16,5.32,TNP_0006,0,2016
2016-11-13 09:00:00+00:00,432.2,561.42,32.79,48.59,5.74,TNP_0006,0,2016
2016-11-13 10:00:00+00:00,244.18,345.1,31.58,52.74,5.94,TNP_0006,0,2016
2016-11-13 11:00:00+00:00,88.47,127.25,30.19,57.89,5.8,TNP_0006,0,2016
2016-11-13 12:00:00+00:00,0.0,0.0,28.47,65.36,4.73,TNP_0006,0,2016
2016-11-13 13:00:00+00:00,0.0,0.0,27.34,71.55,3.98,TNP_0006,0,2016
2016-11-13 14:00:00+00:00,0.0,0.0,26.53,76.42,3.51,TNP_0006,0,2016
2016-11-13 15:00:00+00:00,0.0,0.0,25.88,80.45,3.36,TNP_0006,0,2016
2016-11-13 16:00:00+00:00,0.0,0.0,25.3,84.35,3.29,TNP_0006,0,2016
2016-11-13 17:00:00+00:00,0.0,0.0,24.78,88.08,3.14,TNP_0006,0,2016
2016-11-13 18:00:00+00:00,0.0,0.0,24.33,91.33,2.9,TNP_0006,0,2016
2016-11-13 19:00:00+00:00,0.0,0.0,24.0,93.21,2.82,TNP_0006,0,2016
2016-11-13 20:00:00+00:00,0.0,0.0,23.75,94.29,2.77,TNP_0006,0,2016
2016-11-13 21:00:00+00:00,0.0,0.0,23.52,95.08,2.45,TNP_0006,0,2016
2016-11-13 22:00:00+00:00,0.0,0.0,23.27,96.03,2.1,TNP_0006,0,2016
2016-11-13 23:00:00+00:00,0.0,0.0,23.04,97.08,1.9,TNP_0006,0,2016
2016-11-14 00:00:00+00:00,0.0,0.0,22.88,97.75,1.89,TNP_0006,0,2016
2016-11-14 01:00:00+00:00,80.28,119.7,23.94,92.13,2.86,TNP_0006,0,2016
2016-11-14 02:00:00+00:00,212.82,338.45,26.48,77.84,3.9,TNP_0006,0,2016
2016-11-14 03:00:00+00:00,325.6,558.5,28.89,65.47,4.18,TNP_0006,0,2016
2016-11-14 04:00:00+00:00,522.55,731.6,31.02,56.38,4.25,TNP_0006,0,2016
2016-11-14 05:00:00+00:00,658.03,842.05,32.74,49.84,4.39,TNP_0006,0,2016
2016-11-14 06:00:00+00:00,749.92,874.25,33.79,46.08,4.58,TNP_0006,0,2016
2016-11-14 07:00:00+00:00,630.1,835.47,34.22,44.42,4.82,TNP_0006,0,2016
2016-11-14 08:00:00+00:00,480.08,725.62,34.2,43.96,5.06,TNP_0006,0,2016
2016-11-14 09:00:00+00:00,334.5,556.35,33.41,45.86,5.22,TNP_0006,0,2016
2016-11-14 10:00:00+00:00,188.02,343.5,32.31,49.05,5.27,TNP_0006,0,2016
2016-11-14 11:00:00+00:00,65.3,126.93,30.87,53.64,5.07,TNP_0006,0,2016
2016-11-14 12:00:00+00:00,0.0,0.0,28.94,61.47,3.93,TNP_0006,0,2016
2016-11-14 13:00:00+00:00,0.0,0.0,27.67,67.46,3.44,TNP_0006,0,2016
2016-11-14 14:00:00+00:00,0.0,0.0,26.8,71.99,3.23,TNP_0006,0,2016
2016-11-14 15:00:00+00:00,0.0,0.0,26.11,75.82,3.36,TNP_0006,0,2016
2016-11-14 16:00:00+00:00,0.0,0.0,25.51,79.34,3.38,TNP_0006,0,2016
2016-11-14 17:00:00+00:00,0.0,0.0,24.96,82.8,3.15,TNP_0006,0,2016
2016-11-14 18:00:00+00:00,0.0,0.0,24.49,85.58,2.92,TNP_0006,0,2016
2016-11-14 19:00:00+00:00,0.0,0.0,24.02,88.65,2.66,TNP_0006,0,2016
2016-11-14 20:00:00+00:00,0.0,0.0,23.64,91.18,2.44,TNP_0006,0,2016
2016-11-14 21:00:00+00:00,0.0,0.0,23.41,92.58,2.21,TNP_0006,0,2016
2016-11-14 22:00:00+00:00,0.0,0.0,23.2,93.87,1.9,TNP_0006,0,2016
2016-11-14 23:00:00+00:00,0.0,0.0,22.97,95.12,1.77,TNP_0006,0,2016
2016-11-15 00:00:00+00:00,0.0,0.0,22.81,96.06,1.78,TNP_0006,0,2016
2016-11-15 01:00:00+00:00,91.68,119.68,23.36,94.18,2.44,TNP_0006,0,2016
2016-11-15 02:00:00+00:00,252.1,342.17,24.57,88.96,3.21,TNP_0006,0,2016
2016-11-15 03:00:00+00:00,467.23,564.75,26.62,75.98,3.99,TNP_0006,0,2016
2016-11-15 04:00:00+00:00,577.75,740.05,29.08,61.52,4.47,TNP_0006,0,2016
2016-11-15 05:00:00+00:00,799.4,852.25,30.94,52.99,4.73,TNP_0006,0,2016
2016-11-15 06:00:00+00:00,834.58,897.62,32.34,46.85,4.96,TNP_0006,0,2016
2016-11-15 07:00:00+00:00,758.12,859.17,33.3,42.49,5.18,TNP_0006,0,2016
2016-11-15 08:00:00+00:00,685.83,749.2,33.76,39.99,5.4,TNP_0006,0,2016
2016-11-15 09:00:00+00:00,509.85,573.35,33.59,39.74,5.42,TNP_0006,0,2016
2016-11-15 10:00:00+00:00,303.45,354.45,32.72,41.35,5.35,TNP_0006,0,2016
2016-11-15 11:00:00+00:00,118.75,132.57,31.15,45.22,5.09,TNP_0006,0,2016
2016-11-15 12:00:00+00:00,0.0,0.0,28.3,55.81,3.4,TNP_0006,0,2016
2016-11-15 13:00:00+00:00,0.0,0.0,26.64,63.56,3.15,TNP_0006,0,2016
2016-11-15 14:00:00+00:00,0.0,0.0,25.82,68.44,3.02,TNP_0006,0,2016
2016-11-15 15:00:00+00:00,0.0,0.0,25.09,73.5,2.86,TNP_0006,0,2016
2016-11-15 16:00:00+00:00,0.0,0.0,24.37,78.9,2.64,TNP_0006,0,2016
2016-11-15 17:00:00+00:00,0.0,0.0,23.61,84.71,2.31,TNP_0006,0,2016
2016-11-15 18:00:00+00:00,0.0,0.0,23.04,89.86,2.14,TNP_0006,0,2016
2016-11-15 19:00:00+00:00,0.0,0.0,22.63,94.17,2.04,TNP_0006,0,2016
2016-11-15 20:00:00+00:00,0.0,0.0,22.55,96.11,2.08,TNP_0006,0,2016
2016-11-15 21:00:00+00:00,0.0,0.0,22.56,96.98,2.04,TNP_0006,0,2016
2016-11-15 22:00:00+00:00,0.0,0.0,22.49,97.8,1.96,TNP_0006,0,2016
2016-11-15 23:00:00+00:00,0.0,0.0,22.55,97.67,2.04,TNP_0006,0,2016
2016-11-16 00:00:00+00:00,0.0,0.0,22.54,97.62,2.12,TNP_0006,0,2016
2016-11-16 01:00:00+00:00,93.22,111.62,23.65,91.29,3.19,TNP_0006,0,2016
2016-11-16 02:00:00+00:00,261.58,321.42,26.17,76.97,4.59,TNP_0006,0,2016
2016-11-16 03:00:00+00:00,457.42,541.08,28.59,63.85,5.35,TNP_0006,0,2016
2016-11-16 04:00:00+00:00,564.25,719.85,30.76,54.07,5.73,TNP_0006,0,2016
2016-11-16 05:00:00+00:00,610.6,831.12,32.5,47.89,6.03,TNP_0006,0,2016
2016-11-16 06:00:00+00:00,727.78,845.1,33.61,44.49,6.3,TNP_0006,0,2016
2016-11-16 07:00:00+00:00,675.05,807.92,33.99,43.53,6.61,TNP_0006,0,2016
2016-11-16 08:00:00+00:00,525.67,696.4,33.81,43.8,6.91,TNP_0006,0,2016
2016-11-16 09:00:00+00:00,354.85,522.12,33.04,45.64,7.04,TNP_0006,0,2016
2016-11-16 10:00:00+00:00,202.75,316.67,31.91,48.75,7.07,TNP_0006,0,2016
2016-11-16 11:00:00+00:00,70.07,114.07,30.4,53.7,6.76,TNP_0006,0,2016
2016-11-16 12:00:00+00:00,0.0,0.0,28.65,60.89,5.61,TNP_0006,0,2016
2016-11-16 13:00:00+00:00,0.0,0.0,27.44,67.51,4.64,TNP_0006,0,2016
2016-11-16 14:00:00+00:00,0.0,0.0,26.56,73.19,3.83,TNP_0006,0,2016
2016-11-16 15:00:00+00:00,0.0,0.0,25.83,78.21,3.64,TNP_0006,0,2016
2016-11-16 16:00:00+00:00,0.0,0.0,25.21,82.58,3.65,TNP_0006,0,2016
2016-11-16 17:00:00+00:00,0.0,0.0,24.69,85.97,3.78,TNP_0006,0,2016
2016-11-16 18:00:00+00:00,0.0,0.0,24.35,87.85,4.11,TNP_0006,0,2016
2016-11-16 19:00:00+00:00,0.0,0.0,24.09,88.92,4.16,TNP_0006,0,2016
2016-11-16 20:00:00+00:00,0.0,0.0,23.86,89.69,4.05,TNP_0006,0,2016
2016-11-16 21:00:00+00:00,0.0,0.0,23.72,89.87,3.91,TNP_0006,0,2016
2016-11-16 22:00:00+00:00,0.0,0.0,23.57,90.37,3.74,TNP_0006,0,2016
2016-11-16 23:00:00+00:00,0.0,0.0,23.34,91.45,3.3,TNP_0006,0,2016
2016-11-17 00:00:00+00:00,0.0,0.0,23.24,91.79,3.27,TNP_0006,0,2016
2016-11-17 01:00:00+00:00,90.32,106.7,23.54,90.31,3.49,TNP_0006,0,2016
2016-11-17 02:00:00+00:00,229.68,317.65,25.21,81.53,4.42,TNP_0006,0,2016
2016-11-17 03:00:00+00:00,405.15,536.72,27.45,69.12,5.89,TNP_0006,0,2016
2016-11-17 04:00:00+00:00,548.85,711.03,29.4,59.37,6.47,TNP_0006,0,2016
2016-11-17 05:00:00+00:00,664.47,821.6,31.18,51.64,6.6,TNP_0006,0,2016
2016-11-17 06:00:00+00:00,706.47,852.3,32.47,46.27,6.68,TNP_0006,0,2016
2016-11-17 07:00:00+00:00,710.72,804.97,33.11,43.59,6.75,TNP_0006,0,2016
2016-11-17 08:00:00+00:00,609.0,685.75,33.03,43.31,6.82,TNP_0006,0,2016
2016-11-17 09:00:00+00:00,436.15,507.98,32.5,44.5,6.76,TNP_0006,0,2016
2016-11-17 10:00:00+00:00,232.32,295.88,31.63,46.88,6.62,TNP_0006,0,2016
2016-11-17 11:00:00+00:00,86.45,103.7,30.09,52.13,5.91,TNP_0006,0,2016
2016-11-17 12:00:00+00:00,0.0,0.0,27.43,64.55,4.07,TNP_0006,0,2016
2016-11-17 13:00:00+00:00,0.0,0.0,25.84,73.68,3.57,TNP_0006,0,2016
2016-11-17 14:00:00+00:00,0.0,0.0,25.02,79.11,3.4,TNP_0006,0,2016
2016-11-17 15:00:00+00:00,0.0,0.0,24.47,82.98,3.28,TNP_0006,0,2016
2016-11-17 16:00:00+00:00,0.0,0.0,24.07,85.84,3.22,TNP_0006,0,2016
2016-11-17 17:00:00+00:00,0.0,0.0,23.71,88.16,3.2,TNP_0006,0,2016
2016-11-17 18:00:00+00:00,0.0,0.0,23.37,89.88,3.3,TNP_0006,0,2016
2016-11-17 19:00:00+00:00,0.0,0.0,23.06,91.02,3.41,TNP_0006,0,2016
2016-11-17 20:00:00+00:00,0.0,0.0,22.77,91.61,3.42,TNP_0006,0,2016
2016-11-17 21:00:00+00:00,0.0,0.0,22.49,91.86,3.25,TNP_0006,0,2016
2016-11-17 22:00:00+00:00,0.0,0.0,22.2,92.2,3.02,TNP_0006,0,2016
2016-11-17 23:00:00+00:00,0.0,0.0,21.97,92.24,2.96,TNP_0006,0,2016
2016-11-18 00:00:00+00:00,0.0,0.0,21.79,92.19,2.93,TNP_0006,0,2016
2016-11-18 01:00:00+00:00,81.6,93.5,22.27,89.38,3.35,TNP_0006,0,2016
2016-11-18 02:00:00+00:00,235.95,291.5,24.37,79.58,4.64,TNP_0006,0,2016
2016-11-18 03:00:00+00:00,392.55,498.15,27.13,67.2,6.02,TNP_0006,0,2016
2016-11-18 04:00:00+00:00,469.27,674.95,29.56,56.02,6.56,TNP_0006,0,2016
2016-11-18 05:00:00+00:00,500.35,786.22,31.56,47.83,6.71,TNP_0006,0,2016
2016-11-18 06:00:00+00:00,545.28,842.92,32.94,42.34,6.71,TNP_0006,0,2016
2016-11-18 07:00:00+00:00,599.15,803.4,33.91,38.66,6.72,TNP_0006,0,2016
2016-11-18 08:00:00+00:00,531.95,690.1,34.27,36.8,6.77,TNP_0006,0,2016
2016-11-18 09:00:00+00:00,438.25,515.38,33.91,36.96,6.78,TNP_0006,0,2016
2016-11-18 10:00:00+00:00,245.07,304.58,32.84,38.86,6.78,TNP_0006,0,2016
2016-11-18 11:00:00+00:00,81.18,103.0,31.12,43.27,6.45,TNP_0006,0,2016
2016-11-18 12:00:00+00:00,0.0,0.0,28.56,52.49,4.96,TNP_0006,0,2016
2016-11-18 13:00:00+00:00,0.0,0.0,26.78,61.38,4.37,TNP_0006,0,2016
2016-11-18 14:00:00+00:00,0.0,0.0,25.69,68.42,4.16,TNP_0006,0,2016
2016-11-18 15:00:00+00:00,0.0,0.0,24.87,74.45,3.89,TNP_0006,0,2016
2016-11-18 16:00:00+00:00,0.0,0.0,24.16,79.67,3.63,TNP_0006,0,2016
2016-11-18 17:00:00+00:00,0.0,0.0,23.45,84.33,3.31,TNP_0006,0,2016
2016-11-18 18:00:00+00:00,0.0,0.0,22.78,88.51,3.04,TNP_0006,0,2016
2016-11-18 19:00:00+00:00,0.0,0.0,22.21,91.87,2.9,TNP_0006,0,2016
2016-11-18 20:00:00+00:00,0.0,0.0,21.84,93.67,2.89,TNP_0006,0,2016
2016-11-18 21:00:00+00:00,0.0,0.0,21.65,93.99,2.85,TNP_0006,0,2016
2016-11-18 22:00:00+00:00,0.0,0.0,21.44,94.15,2.7,TNP_0006,0,2016
2016-11-18 23:00:00+00:00,0.0,0.0,21.19,94.32,2.57,TNP_0006,0,2016
2016-11-19 00:00:00+00:00,0.0,0.0,21.0,94.09,2.54,TNP_0006,0,2016
2016-11-19 01:00:00+00:00,53.42,95.28,21.5,89.98,3.23,TNP_0006,0,2016
2016-11-19 02:00:00+00:00,148.62,297.55,23.55,77.88,4.05,TNP_0006,0,2016
2016-11-19 03:00:00+00:00,275.9,507.05,26.13,63.42,5.26,TNP_0006,0,2016
2016-11-19 04:00:00+00:00,383.88,680.4,28.28,53.08,5.69,TNP_0006,0,2016
2016-11-19 05:00:00+00:00,476.4,791.85,30.31,45.84,5.83,TNP_0006,0,2016
2016-11-19 06:00:00+00:00,590.08,829.0,32.11,40.99,5.91,TNP_0006,0,2016
2016-11-19 07:00:00+00:00,485.3,789.6,33.16,38.72,6.03,TNP_0006,0,2016
2016-11-19 08:00:00+00:00,424.08,676.17,33.45,38.18,6.21,TNP_0006,0,2016
2016-11-19 09:00:00+00:00,354.25,501.77,33.06,39.06,6.26,TNP_0006,0,2016
2016-11-19 10:00:00+00:00,211.68,290.73,32.07,41.28,6.12,TNP_0006,0,2016
2016-11-19 11:00:00+00:00,75.95,97.35,30.5,45.44,5.73,TNP_0006,0,2016
2016-11-19 12:00:00+00:00,0.0,0.0,27.95,54.77,4.29,TNP_0006,0,2016
2016-11-19 13:00:00+00:00,0.0,0.0,26.38,62.12,4.26,TNP_0006,0,2016
2016-11-19 14:00:00+00:00,0.0,0.0,25.34,68.3,3.93,TNP_0006,0,2016
2016-11-19 15:00:00+00:00,0.0,0.0,24.61,73.57,3.57,TNP_0006,0,2016
2016-11-19 16:00:00+00:00,0.0,0.0,24.08,77.84,3.44,TNP_0006,0,2016
2016-11-19 17:00:00+00:00,0.0,0.0,23.62,81.66,3.36,TNP_0006,0,2016
2016-11-19 18:00:00+00:00,0.0,0.0,23.21,84.87,3.28,TNP_0006,0,2016
2016-11-19 19:00:00+00:00,0.0,0.0,22.8,87.86,3.14,TNP_0006,0,2016
2016-11-19 20:00:00+00:00,0.0,0.0,22.43,90.39,3.03,TNP_0006,0,2016
2016-11-19 21:00:00+00:00,0.0,0.0,22.07,92.43,2.83,TNP_0006,0,2016
2016-11-19 22:00:00+00:00,0.0,0.0,21.74,93.9,2.59,TNP_0006,0,2016
2016-11-19 23:00:00+00:00,0.0,0.0,21.46,94.77,2.48,TNP_0006,0,2016
2016-11-20 00:00:00+00:00,0.0,0.0,21.17,95.47,2.34,TNP_0006,0,2016
2016-11-20 01:00:00+00:00,68.78,90.55,21.56,92.31,3.02,TNP_0006,0,2016
2016-11-20 02:00:00+00:00,216.4,288.5,23.58,80.25,4.31,TNP_0006,0,2016
2016-11-20 03:00:00+00:00,401.0,488.27,26.12,64.97,5.04,TNP_0006,0,2016
2016-11-20 04:00:00+00:00,509.6,662.03,28.76,52.29,5.04,TNP_0006,0,2016
2016-11-20 05:00:00+00:00,631.95,772.7,31.14,43.77,4.98,TNP_0006,0,2016
2016-11-20 06:00:00+00:00,674.3,799.67,32.83,38.51,5.01,TNP_0006,0,2016
2016-11-20 07:00:00+00:00,614.08,769.17,33.86,35.68,5.14,TNP_0006,0,2016
2016-11-20 08:00:00+00:00,543.4,660.38,34.28,34.61,5.33,TNP_0006,0,2016
2016-11-20 09:00:00+00:00,349.98,490.83,33.98,35.17,5.45,TNP_0006,0,2016
2016-11-20 10:00:00+00:00,196.5,283.88,33.05,37.01,5.57,TNP_0006,0,2016
2016-11-20 11:00:00+00:00,73.47,94.8,31.43,40.95,5.53,TNP_0006,0,2016
2016-11-20 12:00:00+00:00,0.0,0.0,28.67,50.18,4.2,TNP_0006,0,2016
2016-11-20 13:00:00+00:00,0.0,0.0,27.0,57.67,4.43,TNP_0006,0,2016
2016-11-20 14:00:00+00:00,0.0,0.0,25.84,64.38,4.23,TNP_0006,0,2016
2016-11-20 15:00:00+00:00,0.0,0.0,24.88,70.76,3.92,TNP_0006,0,2016
2016-11-20 16:00:00+00:00,0.0,0.0,24.16,76.08,3.61,TNP_0006,0,2016
2016-11-20 17:00:00+00:00,0.0,0.0,23.56,80.52,3.31,TNP_0006,0,2016
2016-11-20 18:00:00+00:00,0.0,0.0,23.02,84.42,3.11,TNP_0006,0,2016
2016-11-20 19:00:00+00:00,0.0,0.0,22.51,87.81,2.96,TNP_0006,0,2016
2016-11-20 20:00:00+00:00,0.0,0.0,22.03,90.52,2.86,TNP_0006,0,2016
2016-11-20 21:00:00+00:00,0.0,0.0,21.53,92.92,2.61,TNP_0006,0,2016
2016-11-20 22:00:00+00:00,0.0,0.0,21.06,94.65,2.39,TNP_0006,0,2016
2016-11-20 23:00:00+00:00,0.0,0.0,20.67,95.59,2.33,TNP_0006,0,2016
2016-11-21 00:00:00+00:00,0.0,0.0,20.37,95.88,2.32,TNP_0006,0,2016
2016-11-21 01:00:00+00:00,82.8,87.9,21.15,90.03,3.06,TNP_0006,0,2016
2016-11-21 02:00:00+00:00,244.15,276.92,23.75,75.76,3.67,TNP_0006,0,2016
2016-11-21 03:00:00+00:00,436.73,482.12,26.37,63.75,4.61,TNP_0006,0,2016
2016-11-21 04:00:00+00:00,586.78,650.12,28.17,56.66,4.83,TNP_0006,0,2016
2016-11-21 05:00:00+00:00,615.45,753.12,29.67,51.19,4.96,TNP_0006,0,2016
2016-11-21 06:00:00+00:00,668.33,835.5,30.79,47.28,5.07,TNP_0006,0,2016
2016-11-21 07:00:00+00:00,724.15,790.12,31.43,44.99,5.2,TNP_0006,0,2016
2016-11-21 08:00:00+00:00,554.67,660.22,31.78,43.77,5.34,TNP_0006,0,2016
2016-11-21 09:00:00+00:00,430.1,503.8,31.7,43.81,5.35,TNP_0006,0,2016
2016-11-21 10:00:00+00:00,253.8,293.25,31.24,45.0,5.31,TNP_0006,0,2016
2016-11-21 11:00:00+00:00,96.78,103.28,30.1,48.41,5.11,TNP_0006,0,2016
2016-11-21 12:00:00+00:00,0.0,0.0,27.62,58.01,3.56,TNP_0006,0,2016
2016-11-21 13:00:00+00:00,0.0,0.0,26.15,65.29,3.39,TNP_0006,0,2016
2016-11-21 14:00:00+00:00,0.0,0.0,25.38,70.34,3.4,TNP_0006,0,2016
2016-11-21 15:00:00+00:00,0.0,0.0,24.7,75.15,3.4,TNP_0006,0,2016
2016-11-21 16:00:00+00:00,0.0,0.0,24.09,79.52,3.31,TNP_0006,0,2016
2016-11-21 17:00:00+00:00,0.0,0.0,23.6,83.04,3.29,TNP_0006,0,2016
2016-11-21 18:00:00+00:00,0.0,0.0,23.09,86.19,3.19,TNP_0006,0,2016
2016-11-21 19:00:00+00:00,0.0,0.0,22.6,88.83,3.12,TNP_0006,0,2016
2016-11-21 20:00:00+00:00,0.0,0.0,22.13,90.77,2.99,TNP_0006,0,2016
2016-11-21 21:00:00+00:00,0.0,0.0,21.71,91.94,2.8,TNP_0006,0,2016
2016-11-21 22:00:00+00:00,0.0,0.0,21.28,92.98,2.57,TNP_0006,0,2016
2016-11-21 23:00:00+00:00,0.0,0.0,20.89,93.77,2.45,TNP_0006,0,2016
2016-11-22 00:00:00+00:00,0.0,0.0,20.54,94.13,2.44,TNP_0006,0,2016
2016-11-22 01:00:00+00:00,87.25,89.12,20.91,90.44,3.24,TNP_0006,0,2016
2016-11-22 02:00:00+00:00,276.48,283.5,22.84,78.14,4.11,TNP_0006,0,2016
2016-11-22 03:00:00+00:00,493.1,499.38,25.39,63.12,4.64,TNP_0006,0,2016
2016-11-22 04:00:00+00:00,670.15,679.72,27.82,51.5,4.48,TNP_0006,0,2016
2016-11-22 05:00:00+00:00,781.1,797.58,30.04,43.37,4.13,TNP_0006,0,2016
2016-11-22 06:00:00+00:00,813.3,851.7,31.77,38.31,3.82,TNP_0006,0,2016
2016-11-22 07:00:00+00:00,746.62,819.78,32.99,35.15,3.69,TNP_0006,0,2016
2016-11-22 08:00:00+00:00,648.97,712.3,33.69,33.13,3.74,TNP_0006,0,2016
2016-11-22 09:00:00+00:00,472.05,539.05,33.74,32.54,3.88,TNP_0006,0,2016
2016-11-22 10:00:00+00:00,264.02,322.17,33.05,33.79,4.14,TNP_0006,0,2016
2016-11-22 11:00:00+00:00,94.5,116.93,31.57,37.76,4.11,TNP_0006,0,2016
2016-11-22 12:00:00+00:00,0.0,0.0,28.12,50.86,3.15,TNP_0006,0,2016
2016-11-22 13:00:00+00:00,0.0,0.0,26.77,58.94,4.05,TNP_0006,0,2016
2016-11-22 14:00:00+00:00,0.0,0.0,25.78,67.85,4.87,TNP_0006,0,2016
2016-11-22 15:00:00+00:00,0.0,0.0,24.61,77.66,4.52,TNP_0006,0,2016
2016-11-22 16:00:00+00:00,0.0,0.0,23.76,84.56,4.27,TNP_0006,0,2016
2016-11-22 17:00:00+00:00,0.0,0.0,23.15,88.68,3.87,TNP_0006,0,2016
2016-11-22 18:00:00+00:00,0.0,0.0,22.64,91.42,3.38,TNP_0006,0,2016
2016-11-22 19:00:00+00:00,0.0,0.0,22.19,93.31,3.01,TNP_0006,0,2016
2016-11-22 20:00:00+00:00,0.0,0.0,21.76,94.73,2.79,TNP_0006,0,2016
2016-11-22 21:00:00+00:00,0.0,0.0,21.45,94.87,2.89,TNP_0006,0,2016
2016-11-22 22:00:00+00:00,0.0,0.0,20.99,95.91,2.76,TNP_0006,0,2016
2016-11-22 23:00:00+00:00,0.0,0.0,20.54,96.65,2.74,TNP_0006,0,2016
2016-11-23 00:00:00+00:00,0.0,0.0,20.03,97.74,2.75,TNP_0006,0,2016
2016-11-23 01:00:00+00:00,86.82,98.03,20.71,91.93,3.42,TNP_0006,0,2016
2016-11-23 02:00:00+00:00,276.77,308.12,23.45,75.45,4.32,TNP_0006,0,2016
2016-11-23 03:00:00+00:00,488.9,521.72,26.42,58.29,4.71,TNP_0006,0,2016
2016-11-23 04:00:00+00:00,662.72,696.22,29.18,44.31,4.93,TNP_0006,0,2016
2016-11-23 05:00:00+00:00,743.28,797.38,31.57,34.94,5.13,TNP_0006,0,2016
2016-11-23 06:00:00+00:00,823.25,858.83,33.27,29.76,5.39,TNP_0006,0,2016
2016-11-23 07:00:00+00:00,777.0,812.85,34.21,27.41,5.73,TNP_0006,0,2016
2016-11-23 08:00:00+00:00,664.6,709.2,34.35,27.09,6.1,TNP_0006,0,2016
2016-11-23 09:00:00+00:00,515.85,540.2,33.81,27.84,6.19,TNP_0006,0,2016
2016-11-23 10:00:00+00:00,309.73,325.65,32.62,30.06,6.01,TNP_0006,0,2016
2016-11-23 11:00:00+00:00,113.03,115.4,30.7,34.68,5.57,TNP_0006,0,2016
2016-11-23 12:00:00+00:00,0.0,0.0,27.53,45.24,3.95,TNP_0006,0,2016
2016-11-23 13:00:00+00:00,0.0,0.0,25.79,53.87,4.26,TNP_0006,0,2016
2016-11-23 14:00:00+00:00,0.0,0.0,24.59,61.69,4.24,TNP_0006,0,2016
2016-11-23 15:00:00+00:00,0.0,0.0,23.52,68.97,4.02,TNP_0006,0,2016
2016-11-23 16:00:00+00:00,0.0,0.0,22.62,75.48,3.76,TNP_0006,0,2016
2016-11-23 17:00:00+00:00,0.0,0.0,21.78,81.34,3.44,TNP_0006,0,2016
2016-11-23 18:00:00+00:00,0.0,0.0,21.0,86.11,3.03,TNP_0006,0,2016
2016-11-23 19:00:00+00:00,0.0,0.0,20.27,90.03,2.67,TNP_0006,0,2016
2016-11-23 20:00:00+00:00,0.0,0.0,19.62,93.47,2.54,TNP_0006,0,2016
2016-11-23 21:00:00+00:00,0.0,0.0,19.07,96.27,2.46,TNP_0006,0,2016
2016-11-23 22:00:00+00:00,0.0,0.0,18.59,98.57,2.44,TNP_0006,0,2016
2016-11-23 23:00:00+00:00,0.0,0.0,18.18,100.0,2.5,TNP_0006,0,2016
2016-11-24 00:00:00+00:00,0.0,0.0,17.78,100.0,2.5,TNP_0006,0,2016
2016-11-24 01:00:00+00:00,94.32,96.25,18.78,94.1,3.18,TNP_0006,0,2016
2016-11-24 02:00:00+00:00,300.25,311.17,22.11,74.72,3.81,TNP_0006,0,2016
2016-11-24 03:00:00+00:00,526.3,534.35,25.45,55.72,4.47,TNP_0006,0,2016
2016-11-24 04:00:00+00:00,715.85,717.03,28.19,42.01,4.57,TNP_0006,0,2016
2016-11-24 05:00:00+00:00,831.5,835.75,30.62,32.29,4.61,TNP_0006,0,2016
2016-11-24 06:00:00+00:00,849.1,850.05,32.49,26.32,4.75,TNP_0006,0,2016
2016-11-24 07:00:00+00:00,812.7,816.3,33.68,23.13,5.02,TNP_0006,0,2016
2016-11-24 08:00:00+00:00,708.35,708.8,34.06,22.5,5.41,TNP_0006,0,2016
2016-11-24 09:00:00+00:00,536.47,536.95,33.54,24.03,5.68,TNP_0006,0,2016
2016-11-24 10:00:00+00:00,321.77,322.33,32.37,27.18,5.83,TNP_0006,0,2016
2016-11-24 11:00:00+00:00,120.32,120.6,30.47,32.65,5.62,TNP_0006,0,2016
2016-11-24 12:00:00+00:00,0.0,0.0,27.16,43.96,4.05,TNP_0006,0,2016
2016-11-24 13:00:00+00:00,0.0,0.0,25.42,53.18,4.4,TNP_0006,0,2016
2016-11-24 14:00:00+00:00,0.0,0.0,24.23,61.27,4.16,TNP_0006,0,2016
2016-11-24 15:00:00+00:00,0.0,0.0,23.2,68.39,3.66,TNP_0006,0,2016
2016-11-24 16:00:00+00:00,0.0,0.0,22.35,74.64,3.36,TNP_0006,0,2016
2016-11-24 17:00:00+00:00,0.0,0.0,21.58,80.53,3.16,TNP_0006,0,2016
2016-11-24 18:00:00+00:00,0.0,0.0,20.86,85.97,2.99,TNP_0006,0,2016
2016-11-24 19:00:00+00:00,0.0,0.0,20.2,90.82,2.82,TNP_0006,0,2016
2016-11-24 20:00:00+00:00,0.0,0.0,19.59,94.94,2.72,TNP_0006,0,2016
2016-11-24 21:00:00+00:00,0.0,0.0,19.07,97.89,2.64,TNP_0006,0,2016
2016-11-24 22:00:00+00:00,0.0,0.0,18.56,100.0,2.6,TNP_0006,0,2016
2016-11-24 23:00:00+00:00,0.0,0.0,18.11,100.0,2.61,TNP_0006,0,2016
2016-11-25 00:00:00+00:00,0.0,0.0,17.67,100.0,2.62,TNP_0006,0,2016
2016-11-25 01:00:00+00:00,102.7,103.6,18.63,95.03,3.23,TNP_0006,0,2016
2016-11-25 02:00:00+00:00,315.12,318.75,22.03,74.12,4.2,TNP_0006,0,2016
2016-11-25 03:00:00+00:00,536.33,539.95,25.69,53.68,5.19,TNP_0006,0,2016
2016-11-25 04:00:00+00:00,696.33,719.97,28.42,43.32,5.2,TNP_0006,0,2016
2016-11-25 05:00:00+00:00,803.35,837.72,30.7,37.53,5.16,TNP_0006,0,2016
2016-11-25 06:00:00+00:00,803.22,819.55,32.49,33.92,5.19,TNP_0006,0,2016
2016-11-25 07:00:00+00:00,772.2,788.1,33.72,31.44,5.3,TNP_0006,0,2016
2016-11-25 08:00:00+00:00,629.97,681.78,34.29,29.92,5.48,TNP_0006,0,2016
2016-11-25 09:00:00+00:00,484.45,512.9,34.06,29.85,5.47,TNP_0006,0,2016
2016-11-25 10:00:00+00:00,288.08,304.05,33.06,31.43,5.37,TNP_0006,0,2016
2016-11-25 11:00:00+00:00,106.0,108.03,31.28,35.36,5.11,TNP_0006,0,2016
2016-11-25 12:00:00+00:00,0.0,0.0,27.95,45.67,3.75,TNP_0006,0,2016
2016-11-25 13:00:00+00:00,0.0,0.0,26.25,53.79,4.42,TNP_0006,0,2016
2016-11-25 14:00:00+00:00,0.0,0.0,24.94,62.18,4.23,TNP_0006,0,2016
2016-11-25 15:00:00+00:00,0.0,0.0,23.76,70.46,3.66,TNP_0006,0,2016
2016-11-25 16:00:00+00:00,0.0,0.0,22.83,77.53,3.14,TNP_0006,0,2016
2016-11-25 17:00:00+00:00,0.0,0.0,21.99,83.64,2.75,TNP_0006,0,2016
2016-11-25 18:00:00+00:00,0.0,0.0,21.29,88.7,2.58,TNP_0006,0,2016
2016-11-25 19:00:00+00:00,0.0,0.0,20.66,92.99,2.47,TNP_0006,0,2016
2016-11-25 20:00:00+00:00,0.0,0.0,20.16,95.99,2.46,TNP_0006,0,2016
2016-11-25 21:00:00+00:00,0.0,0.0,19.64,98.41,2.35,TNP_0006,0,2016
2016-11-25 22:00:00+00:00,0.0,0.0,19.05,100.0,2.31,TNP_0006,0,2016
2016-11-25 23:00:00+00:00,0.0,0.0,18.5,100.0,2.29,TNP_0006,0,2016
2016-11-26 00:00:00+00:00,0.0,0.0,17.97,100.0,2.25,TNP_0006,0,2016
2016-11-26 01:00:00+00:00,86.28,94.25,18.98,95.5,2.77,TNP_0006,0,2016
2016-11-26 02:00:00+00:00,290.17,308.88,22.29,75.03,2.97,TNP_0006,0,2016
2016-11-26 03:00:00+00:00,518.6,530.83,26.09,52.91,3.16,TNP_0006,0,2016
2016-11-26 04:00:00+00:00,706.7,710.88,29.38,36.83,3.62,TNP_0006,0,2016
2016-11-26 05:00:00+00:00,762.65,829.1,31.96,26.89,4.01,TNP_0006,0,2016
2016-11-26 06:00:00+00:00,787.25,836.75,33.73,21.27,4.3,TNP_0006,0,2016
2016-11-26 07:00:00+00:00,763.42,806.2,34.88,18.62,4.61,TNP_0006,0,2016
2016-11-26 08:00:00+00:00,683.55,699.97,35.27,18.04,4.97,TNP_0006,0,2016
2016-11-26 09:00:00+00:00,522.72,530.3,34.86,19.04,5.23,TNP_0006,0,2016
2016-11-26 10:00:00+00:00,310.48,318.08,33.65,21.66,5.41,TNP_0006,0,2016
2016-11-26 11:00:00+00:00,112.28,114.4,31.59,26.96,5.39,TNP_0006,0,2016
2016-11-26 12:00:00+00:00,0.0,0.0,27.93,39.14,4.28,TNP_0006,0,2016
2016-11-26 13:00:00+00:00,0.0,0.0,26.09,51.02,4.96,TNP_0006,0,2016
2016-11-26 14:00:00+00:00,0.0,0.0,24.69,62.34,4.48,TNP_0006,0,2016
2016-11-26 15:00:00+00:00,0.0,0.0,23.56,71.14,3.77,TNP_0006,0,2016
2016-11-26 16:00:00+00:00,0.0,0.0,22.58,77.78,3.11,TNP_0006,0,2016
2016-11-26 17:00:00+00:00,0.0,0.0,21.6,83.44,2.5,TNP_0006,0,2016
2016-11-26 18:00:00+00:00,0.0,0.0,20.67,88.74,2.11,TNP_0006,0,2016
2016-11-26 19:00:00+00:00,0.0,0.0,19.87,93.24,1.9,TNP_0006,0,2016
2016-11-26 20:00:00+00:00,0.0,0.0,19.26,96.64,1.75,TNP_0006,0,2016
2016-11-26 21:00:00+00:00,0.0,0.0,18.74,99.01,1.7,TNP_0006,0,2016
2016-11-26 22:00:00+00:00,0.0,0.0,18.23,100.0,1.8,TNP_0006,0,2016
2016-11-26 23:00:00+00:00,0.0,0.0,17.73,100.0,2.02,TNP_0006,0,2016
2016-11-27 00:00:00+00:00,0.0,0.0,17.35,100.0,2.28,TNP_0006,0,2016
2016-11-27 01:00:00+00:00,88.1,95.9,18.53,93.71,3.3,TNP_0006,0,2016
2016-11-27 02:00:00+00:00,285.1,315.92,21.94,73.07,4.05,TNP_0006,0,2016
2016-11-27 03:00:00+00:00,500.62,540.62,25.84,51.37,4.28,TNP_0006,0,2016
2016-11-27 04:00:00+00:00,687.47,723.83,29.44,35.5,4.74,TNP_0006,0,2016
2016-11-27 05:00:00+00:00,777.33,843.4,32.25,25.95,4.79,TNP_0006,0,2016
2016-11-27 06:00:00+00:00,840.42,859.05,34.23,20.11,4.65,TNP_0006,0,2016
2016-11-27 07:00:00+00:00,801.12,822.62,35.16,17.04,4.55,TNP_0006,0,2016
2016-11-27 08:00:00+00:00,654.78,711.6,35.11,15.98,4.63,TNP_0006,0,2016
2016-11-27 09:00:00+00:00,531.7,537.3,34.47,16.12,4.89,TNP_0006,0,2016
2016-11-27 10:00:00+00:00,307.45,320.0,33.36,17.52,5.21,TNP_0006,0,2016
2016-11-27 11:00:00+00:00,108.72,113.88,31.42,21.79,4.9,TNP_0006,0,2016
2016-11-27 12:00:00+00:00,0.0,0.0,26.99,33.98,3.76,TNP_0006,0,2016
2016-11-27 13:00:00+00:00,0.0,0.0,24.95,45.59,4.58,TNP_0006,0,2016
2016-11-27 14:00:00+00:00,0.0,0.0,23.4,58.43,4.25,TNP_0006,0,2016
2016-11-27 15:00:00+00:00,0.0,0.0,22.12,69.7,3.22,TNP_0006,0,2016
2016-11-27 16:00:00+00:00,0.0,0.0,21.01,78.71,2.41,TNP_0006,0,2016
2016-11-27 17:00:00+00:00,0.0,0.0,20.18,85.01,2.12,TNP_0006,0,2016
2016-11-27 18:00:00+00:00,0.0,0.0,19.64,88.81,1.9,TNP_0006,0,2016
2016-11-27 19:00:00+00:00,0.0,0.0,19.55,89.67,1.47,TNP_0006,0,2016
2016-11-27 20:00:00+00:00,0.0,0.0,19.31,91.09,1.34,TNP_0006,0,2016
2016-11-27 21:00:00+00:00,0.0,0.0,18.84,93.78,1.57,TNP_0006,0,2016
2016-11-27 22:00:00+00:00,0.0,0.0,18.45,95.81,1.78,TNP_0006,0,2016
2016-11-27 23:00:00+00:00,0.0,0.0,18.07,97.27,1.93,TNP_0006,0,2016
2016-11-28 00:00:00+00:00,0.0,0.0,17.64,98.48,2.04,TNP_0006,0,2016
2016-11-28 01:00:00+00:00,86.0,88.72,18.71,90.55,2.12,TNP_0006,0,2016
2016-11-28 02:00:00+00:00,270.88,302.83,22.28,71.82,2.1,TNP_0006,0,2016
2016-11-28 03:00:00+00:00,495.55,526.4,26.02,53.57,2.11,TNP_0006,0,2016
2016-11-28 04:00:00+00:00,654.25,709.72,29.08,39.64,2.97,TNP_0006,0,2016
2016-11-28 05:00:00+00:00,675.42,829.55,31.77,29.74,3.59,TNP_0006,0,2016
2016-11-28 06:00:00+00:00,709.5,816.22,33.7,23.72,3.88,TNP_0006,0,2016
2016-11-28 07:00:00+00:00,561.9,789.67,34.74,20.47,4.12,TNP_0006,0,2016
2016-11-28 08:00:00+00:00,442.12,684.7,34.73,19.44,4.4,TNP_0006,0,2016
2016-11-28 09:00:00+00:00,358.17,511.73,33.94,20.15,4.57,TNP_0006,0,2016
2016-11-28 10:00:00+00:00,229.93,303.27,32.71,22.42,4.68,TNP_0006,0,2016
2016-11-28 11:00:00+00:00,91.7,100.72,30.88,27.14,4.41,TNP_0006,0,2016
2016-11-28 12:00:00+00:00,3.45,3.1,26.91,39.18,3.44,TNP_0006,0,2016
2016-11-28 13:00:00+00:00,0.0,0.0,24.95,49.05,3.81,TNP_0006,0,2016
2016-11-28 14:00:00+00:00,0.0,0.0,23.5,58.58,3.3,TNP_0006,0,2016
2016-11-28 15:00:00+00:00,0.0,0.0,22.23,67.66,2.68,TNP_0006,0,2016
2016-11-28 16:00:00+00:00,0.0,0.0,21.23,75.74,2.39,TNP_0006,0,2016
2016-11-28 17:00:00+00:00,0.0,0.0,20.39,82.96,2.22,TNP_0006,0,2016
2016-11-28 18:00:00+00:00,0.0,0.0,19.67,89.31,2.09,TNP_0006,0,2016
2016-11-28 19:00:00+00:00,0.0,0.0,19.08,94.45,1.98,TNP_0006,0,2016
2016-11-28 20:00:00+00:00,0.0,0.0,18.57,98.26,2.03,TNP_0006,0,2016
2016-11-28 21:00:00+00:00,0.0,0.0,18.33,99.72,2.06,TNP_0006,0,2016
2016-11-28 22:00:00+00:00,0.0,0.0,18.27,99.44,2.07,TNP_0006,0,2016
2016-11-28 23:00:00+00:00,0.0,0.0,18.18,98.93,2.1,TNP_0006,0,2016
2016-11-29 00:00:00+00:00,0.0,0.0,18.0,98.61,2.12,TNP_0006,0,2016
2016-11-29 01:00:00+00:00,59.53,88.47,18.92,91.58,2.57,TNP_0006,0,2016
2016-11-29 02:00:00+00:00,164.07,303.38,21.92,74.13,2.8,TNP_0006,0,2016
2016-11-29 03:00:00+00:00,280.52,524.47,26.3,49.22,2.51,TNP_0006,0,2016
2016-11-29 04:00:00+00:00,435.12,704.62,29.6,34.61,2.97,TNP_0006,0,2016
2016-11-29 05:00:00+00:00,599.38,822.45,32.12,26.28,3.42,TNP_0006,0,2016
2016-11-29 06:00:00+00:00,610.38,829.83,33.84,21.16,3.61,TNP_0006,0,2016
2016-11-29 07:00:00+00:00,612.08,799.15,34.51,18.36,3.72,TNP_0006,0,2016
2016-11-29 08:00:00+00:00,442.58,690.38,34.32,17.34,3.96,TNP_0006,0,2016
2016-11-29 09:00:00+00:00,320.95,518.4,33.56,17.74,4.33,TNP_0006,0,2016
2016-11-29 10:00:00+00:00,183.38,305.58,32.41,19.58,4.64,TNP_0006,0,2016
2016-11-29 11:00:00+00:00,62.67,98.4,30.24,24.73,4.15,TNP_0006,0,2016
2016-11-29 12:00:00+00:00,2.53,3.1,26.94,35.27,3.78,TNP_0006,0,2016
2016-11-29 13:00:00+00:00,0.0,0.0,25.34,45.85,4.2,TNP_0006,0,2016
2016-11-29 14:00:00+00:00,0.0,0.0,24.1,56.79,3.71,TNP_0006,0,2016
2016-11-29 15:00:00+00:00,0.0,0.0,23.13,66.54,3.12,TNP_0006,0,2016
2016-11-29 16:00:00+00:00,0.0,0.0,21.99,76.2,2.41,TNP_0006,0,2016
2016-11-29 17:00:00+00:00,0.0,0.0,21.28,83.11,2.08,TNP_0006,0,2016
2016-11-29 18:00:00+00:00,0.0,0.0,20.85,87.85,1.84,TNP_0006,0,2016
2016-11-29 19:00:00+00:00,0.0,0.0,20.4,91.84,1.58,TNP_0006,0,2016
2016-11-29 20:00:00+00:00,0.0,0.0,20.03,94.65,1.39,TNP_0006,0,2016
2016-11-29 21:00:00+00:00,0.0,0.0,19.67,96.82,1.42,TNP_0006,0,2016
2016-11-29 22:00:00+00:00,0.0,0.0,19.32,98.74,1.65,TNP_0006,0,2016
2016-11-29 23:00:00+00:00,0.0,0.0,19.1,99.6,1.78,TNP_0006,0,2016
2016-11-30 00:00:00+00:00,0.0,0.0,18.94,99.91,1.88,TNP_0006,0,2016
2016-11-30 01:00:00+00:00,55.47,80.82,19.7,94.42,2.35,TNP_0006,0,2016
2016-11-30 02:00:00+00:00,186.35,288.92,21.8,82.08,3.4,TNP_0006,0,2016
2016-11-30 03:00:00+00:00,340.77,508.88,23.97,67.49,3.81,TNP_0006,0,2016
2016-11-30 04:00:00+00:00,528.3,688.08,25.95,53.88,4.18,TNP_0006,0,2016
2016-11-30 05:00:00+00:00,648.28,808.9,27.78,43.24,4.39,TNP_0006,0,2016
2016-11-30 06:00:00+00:00,690.22,813.45,29.23,35.7,4.63,TNP_0006,0,2016
2016-11-30 07:00:00+00:00,570.8,784.75,30.17,31.09,4.92,TNP_0006,0,2016
2016-11-30 08:00:00+00:00,455.1,677.58,30.56,28.75,5.13,TNP_0006,0,2016
2016-11-30 09:00:00+00:00,269.6,507.75,30.47,28.26,5.17,TNP_0006,0,2016
2016-11-30 10:00:00+00:00,160.35,300.92,29.91,29.63,4.85,TNP_0006,0,2016
2016-11-30 11:00:00+00:00,54.6,98.53,28.3,34.91,3.11,TNP_0006,0,2016
2016-11-30 12:00:00+00:00,2.22,3.12,25.56,44.46,2.62,TNP_0006,0,2016
2016-11-30 13:00:00+00:00,0.0,0.0,24.84,49.86,2.72,TNP_0006,0,2016
2016-11-30 14:00:00+00:00,0.0,0.0,24.38,55.73,2.68,TNP_0006,0,2016
2016-11-30 15:00:00+00:00,0.0,0.0,23.8,62.1,2.46,TNP_0006,0,2016
2016-11-30 16:00:00+00:00,0.0,0.0,23.13,67.94,2.18,TNP_0006,0,2016
2016-11-30 17:00:00+00:00,0.0,0.0,22.64,71.67,2.11,TNP_0006,0,2016
2016-11-30 18:00:00+00:00,0.0,0.0,22.11,73.97,2.22,TNP_0006,0,2016
2016-11-30 19:00:00+00:00,0.0,0.0,21.39,75.94,2.38,TNP_0006,0,2016
2016-11-30 20:00:00+00:00,0.0,0.0,20.73,77.03,2.56,TNP_0006,0,2016
2016-11-30 21:00:00+00:00,0.0,0.0,20.32,76.59,2.7,TNP_0006,0,2016
2016-11-30 22:00:00+00:00,0.0,0.0,20.06,75.61,2.8,TNP_0006,0,2016
2016-11-30 23:00:00+00:00,0.0,0.0,19.94,74.99,2.9,TNP_0006,0,2016
2016-12-01 00:00:00+00:00,0.0,0.0,19.83,75.42,2.96,TNP_0006,0,2016
2016-12-01 01:00:00+00:00,17.15,80.62,20.54,72.23,3.4,TNP_0006,0,2016
2016-12-01 02:00:00+00:00,45.45,285.67,21.48,67.92,3.93,TNP_0006,0,2016
2016-12-01 03:00:00+00:00,71.65,494.75,22.98,60.96,4.49,TNP_0006,0,2016
2016-12-01 04:00:00+00:00,73.5,665.55,25.53,47.81,5.7,TNP_0006,0,2016
2016-12-01 05:00:00+00:00,130.02,770.45,27.24,40.52,6.62,TNP_0006,0,2016
2016-12-01 06:00:00+00:00,243.23,801.25,27.98,41.04,7.03,TNP_0006,0,2016
2016-12-01 07:00:00+00:00,208.23,774.6,28.61,43.28,7.08,TNP_0006,0,2016
2016-12-01 08:00:00+00:00,166.27,676.7,29.21,45.26,7.16,TNP_0006,0,2016
2016-12-01 09:00:00+00:00,148.05,516.53,28.96,48.88,7.2,TNP_0006,0,2016
2016-12-01 10:00:00+00:00,86.25,313.0,28.04,53.52,7.0,TNP_0006,0,2016
2016-12-01 11:00:00+00:00,23.58,106.35,26.71,59.8,6.17,TNP_0006,0,2016
2016-12-01 12:00:00+00:00,1.5,3.17,25.06,68.2,5.01,TNP_0006,0,2016
2016-12-01 13:00:00+00:00,0.0,0.0,23.99,73.78,4.61,TNP_0006,0,2016
2016-12-01 14:00:00+00:00,0.0,0.0,23.3,76.82,4.8,TNP_0006,0,2016
2016-12-01 15:00:00+00:00,0.0,0.0,22.84,77.83,5.88,TNP_0006,0,2016
2016-12-01 16:00:00+00:00,0.0,0.0,22.53,77.58,7.11,TNP_0006,0,2016
2016-12-01 17:00:00+00:00,0.0,0.0,22.23,78.97,7.47,TNP_0006,0,2016
2016-12-01 18:00:00+00:00,0.0,0.0,21.93,82.17,7.47,TNP_0006,0,2016
2016-12-01 19:00:00+00:00,0.0,0.0,21.71,85.94,7.21,TNP_0006,0,2016
2016-12-01 20:00:00+00:00,0.0,0.0,21.62,89.28,6.85,TNP_0006,0,2016
2016-12-01 21:00:00+00:00,0.0,0.0,21.69,91.88,6.35,TNP_0006,0,2016
2016-12-01 22:00:00+00:00,0.0,0.0,21.88,93.45,6.08,TNP_0006,0,2016
2016-12-01 23:00:00+00:00,0.0,0.0,22.03,94.36,5.75,TNP_0006,0,2016
2016-12-02 00:00:00+00:00,0.0,0.0,22.08,94.85,5.19,TNP_0006,0,2016
2016-12-02 01:00:00+00:00,35.58,82.47,22.32,94.26,4.87,TNP_0006,0,2016
2016-12-02 02:00:00+00:00,95.03,293.77,23.44,89.53,5.57,TNP_0006,0,2016
2016-12-02 03:00:00+00:00,127.95,501.83,25.03,79.13,6.84,TNP_0006,0,2016
2016-12-02 04:00:00+00:00,208.1,671.12,26.9,68.54,7.42,TNP_0006,0,2016
2016-12-02 05:00:00+00:00,178.15,784.15,28.31,62.59,7.56,TNP_0006,0,2016
2016-12-02 06:00:00+00:00,274.5,825.28,29.35,58.94,7.73,TNP_0006,0,2016
2016-12-02 07:00:00+00:00,273.17,799.28,29.75,57.72,7.76,TNP_0006,0,2016
2016-12-02 08:00:00+00:00,201.65,700.45,29.69,58.27,7.72,TNP_0006,0,2016
2016-12-02 09:00:00+00:00,179.5,535.78,29.12,60.61,7.56,TNP_0006,0,2016
2016-12-02 10:00:00+00:00,118.72,324.77,27.87,66.11,7.11,TNP_0006,0,2016
2016-12-02 11:00:00+00:00,42.88,109.07,26.23,74.59,6.06,TNP_0006,0,2016
2016-12-02 12:00:00+00:00,2.05,3.42,24.6,84.94,4.07,TNP_0006,0,2016
2016-12-02 13:00:00+00:00,0.0,0.0,23.8,90.49,3.49,TNP_0006,0,2016
2016-12-02 14:00:00+00:00,0.0,0.0,23.39,93.56,3.04,TNP_0006,0,2016
2016-12-02 15:00:00+00:00,0.0,0.0,23.15,95.03,3.03,TNP_0006,0,2016
2016-12-02 16:00:00+00:00,0.0,0.0,22.95,95.98,3.0,TNP_0006,0,2016
2016-12-02 17:00:00+00:00,0.0,0.0,22.82,96.49,3.01,TNP_0006,0,2016
2016-12-02 18:00:00+00:00,0.0,0.0,22.74,96.64,3.08,TNP_0006,0,2016
2016-12-02 19:00:00+00:00,0.0,0.0,22.66,96.77,3.07,TNP_0006,0,2016
2016-12-02 20:00:00+00:00,0.0,0.0,22.57,97.01,2.95,TNP_0006,0,2016
2016-12-02 21:00:00+00:00,0.0,0.0,22.54,97.04,2.95,TNP_0006,0,2016
2016-12-02 22:00:00+00:00,0.0,0.0,22.57,96.91,3.16,TNP_0006,0,2016
2016-12-02 23:00:00+00:00,0.0,0.0,22.59,96.99,3.25,TNP_0006,0,2016
2016-12-03 00:00:00+00:00,0.0,0.0,22.61,96.99,3.19,TNP_0006,0,2016
2016-12-03 01:00:00+00:00,42.28,66.9,22.91,96.49,3.51,TNP_0006,0,2016
2016-12-03 02:00:00+00:00,141.3,249.35,23.79,94.24,4.17,TNP_0006,0,2016
2016-12-03 03:00:00+00:00,242.5,452.2,25.22,86.54,5.42,TNP_0006,0,2016
2016-12-03 04:00:00+00:00,363.75,626.55,27.44,72.11,6.19,TNP_0006,0,2016
2016-12-03 05:00:00+00:00,488.05,734.55,29.4,61.83,6.33,TNP_0006,0,2016
2016-12-03 06:00:00+00:00,521.1,831.88,30.68,56.19,6.28,TNP_0006,0,2016
2016-12-03 07:00:00+00:00,610.08,804.4,31.13,54.08,6.22,TNP_0006,0,2016
2016-12-03 08:00:00+00:00,507.8,703.03,31.27,53.12,6.15,TNP_0006,0,2016
2016-12-03 09:00:00+00:00,368.1,537.15,31.02,53.23,5.93,TNP_0006,0,2016
2016-12-03 10:00:00+00:00,211.05,327.33,30.29,55.0,5.6,TNP_0006,0,2016
2016-12-03 11:00:00+00:00,77.95,115.1,28.92,59.75,4.76,TNP_0006,0,2016
2016-12-03 12:00:00+00:00,2.88,3.67,26.54,71.9,2.99,TNP_0006,0,2016
2016-12-03 13:00:00+00:00,0.0,0.0,25.34,77.81,3.08,TNP_0006,0,2016
2016-12-03 14:00:00+00:00,0.0,0.0,24.62,81.77,3.3,TNP_0006,0,2016
2016-12-03 15:00:00+00:00,0.0,0.0,23.96,86.23,3.27,TNP_0006,0,2016
2016-12-03 16:00:00+00:00,0.0,0.0,23.47,90.23,3.04,TNP_0006,0,2016
2016-12-03 17:00:00+00:00,0.0,0.0,23.09,93.67,2.68,TNP_0006,0,2016
2016-12-03 18:00:00+00:00,0.0,0.0,22.79,96.28,2.51,TNP_0006,0,2016
2016-12-03 19:00:00+00:00,0.0,0.0,22.54,98.2,2.19,TNP_0006,0,2016
2016-12-03 20:00:00+00:00,0.0,0.0,22.28,99.53,2.06,TNP_0006,0,2016
2016-12-03 21:00:00+00:00,0.0,0.0,22.12,100.0,1.95,TNP_0006,0,2016
2016-12-03 22:00:00+00:00,0.0,0.0,21.95,100.0,1.9,TNP_0006,0,2016
2016-12-03 23:00:00+00:00,0.0,0.0,21.79,100.0,1.89,TNP_0006,0,2016
2016-12-04 00:00:00+00:00,0.0,0.0,21.65,100.0,1.86,TNP_0006,0,2016
2016-12-04 01:00:00+00:00,75.05,80.4,22.63,96.38,1.95,TNP_0006,0,2016
2016-12-04 02:00:00+00:00,246.0,292.8,24.84,83.44,2.64,TNP_0006,0,2016
2016-12-04 03:00:00+00:00,423.12,511.15,27.08,69.82,2.97,TNP_0006,0,2016
2016-12-04 04:00:00+00:00,612.9,689.08,29.12,59.26,3.12,TNP_0006,0,2016
2016-12-04 05:00:00+00:00,698.08,806.05,30.96,51.07,3.25,TNP_0006,0,2016
2016-12-04 06:00:00+00:00,749.12,842.58,32.27,45.57,3.41,TNP_0006,0,2016
2016-12-04 07:00:00+00:00,726.9,811.17,33.16,41.99,3.65,TNP_0006,0,2016
2016-12-04 08:00:00+00:00,623.67,707.0,33.49,40.14,3.94,TNP_0006,0,2016
2016-12-04 09:00:00+00:00,497.3,539.1,33.27,40.34,4.15,TNP_0006,0,2016
2016-12-04 10:00:00+00:00,298.75,329.33,32.38,42.77,4.38,TNP_0006,0,2016
2016-12-04 11:00:00+00:00,109.25,118.6,30.67,48.91,4.27,TNP_0006,0,2016
2016-12-04 12:00:00+00:00,3.8,3.95,27.81,63.63,3.23,TNP_0006,0,2016
2016-12-04 13:00:00+00:00,0.0,0.0,26.42,71.44,3.78,TNP_0006,0,2016
2016-12-04 14:00:00+00:00,0.0,0.0,25.36,79.0,3.7,TNP_0006,0,2016
2016-12-04 15:00:00+00:00,0.0,0.0,24.59,85.24,3.46,TNP_0006,0,2016
2016-12-04 16:00:00+00:00,0.0,0.0,24.0,89.94,3.08,TNP_0006,0,2016
2016-12-04 17:00:00+00:00,0.0,0.0,23.54,93.11,2.54,TNP_0006,0,2016
2016-12-04 18:00:00+00:00,0.0,0.0,23.09,95.83,2.1,TNP_0006,0,2016
2016-12-04 19:00:00+00:00,0.0,0.0,22.73,97.81,1.92,TNP_0006,0,2016
2016-12-04 20:00:00+00:00,0.0,0.0,22.53,98.51,1.92,TNP_0006,0,2016
2016-12-04 21:00:00+00:00,0.0,0.0,22.33,99.09,1.9,TNP_0006,0,2016
2016-12-04 22:00:00+00:00,0.0,0.0,22.18,99.17,1.88,TNP_0006,0,2016
2016-12-04 23:00:00+00:00,0.0,0.0,22.08,98.98,1.93,TNP_0006,0,2016
2016-12-05 00:00:00+00:00,0.0,0.0,21.97,98.94,1.96,TNP_0006,0,2016
2016-12-05 01:00:00+00:00,76.85,90.7,22.82,94.7,2.75,TNP_0006,0,2016
2016-12-05 02:00:00+00:00,268.02,314.12,24.75,83.99,3.96,TNP_0006,0,2016
2016-12-05 03:00:00+00:00,476.88,529.8,27.01,70.47,4.4,TNP_0006,0,2016
2016-12-05 04:00:00+00:00,619.38,704.75,29.37,58.53,4.53,TNP_0006,0,2016
2016-12-05 05:00:00+00:00,727.67,818.92,31.2,50.76,4.63,TNP_0006,0,2016
2016-12-05 06:00:00+00:00,724.45,854.1,32.5,45.85,4.72,TNP_0006,0,2016
2016-12-05 07:00:00+00:00,682.4,821.97,33.29,42.76,4.82,TNP_0006,0,2016
2016-12-05 08:00:00+00:00,618.92,715.3,33.59,41.07,4.95,TNP_0006,0,2016
2016-12-05 09:00:00+00:00,398.9,544.45,33.26,41.16,5.15,TNP_0006,0,2016
2016-12-05 10:00:00+00:00,255.68,330.85,32.26,43.59,5.44,TNP_0006,0,2016
2016-12-05 11:00:00+00:00,96.93,114.7,30.52,49.29,5.43,TNP_0006,0,2016
2016-12-05 12:00:00+00:00,3.55,3.83,28.06,60.26,4.4,TNP_0006,0,2016
2016-12-05 13:00:00+00:00,0.0,0.0,26.59,68.36,4.45,TNP_0006,0,2016
2016-12-05 14:00:00+00:00,0.0,0.0,25.49,74.86,4.08,TNP_0006,0,2016
2016-12-05 15:00:00+00:00,0.0,0.0,24.67,79.36,3.84,TNP_0006,0,2016
2016-12-05 16:00:00+00:00,0.0,0.0,24.05,82.26,3.66,TNP_0006,0,2016
2016-12-05 17:00:00+00:00,0.0,0.0,23.48,84.61,3.46,TNP_0006,0,2016
2016-12-05 18:00:00+00:00,0.0,0.0,22.95,86.88,3.28,TNP_0006,0,2016
2016-12-05 19:00:00+00:00,0.0,0.0,22.46,89.1,3.05,TNP_0006,0,2016
2016-12-05 20:00:00+00:00,0.0,0.0,22.03,91.23,2.81,TNP_0006,0,2016
2016-12-05 21:00:00+00:00,0.0,0.0,21.6,93.49,2.35,TNP_0006,0,2016
2016-12-05 22:00:00+00:00,0.0,0.0,21.2,95.57,2.0,TNP_0006,0,2016
2016-12-05 23:00:00+00:00,0.0,0.0,20.84,97.25,1.91,TNP_0006,0,2016
2016-12-06 00:00:00+00:00,0.0,0.0,20.54,98.23,2.02,TNP_0006,0,2016
2016-12-06 01:00:00+00:00,59.8,64.75,21.27,94.0,3.03,TNP_0006,0,2016
2016-12-06 02:00:00+00:00,215.05,251.68,23.35,81.47,4.4,TNP_0006,0,2016
2016-12-06 03:00:00+00:00,412.6,461.38,25.98,63.51,5.71,TNP_0006,0,2016
2016-12-06 04:00:00+00:00,583.58,637.58,28.25,50.63,6.36,TNP_0006,0,2016
2016-12-06 05:00:00+00:00,693.6,757.42,30.11,42.4,6.59,TNP_0006,0,2016
2016-12-06 06:00:00+00:00,740.25,831.25,31.45,37.17,6.66,TNP_0006,0,2016
2016-12-06 07:00:00+00:00,660.8,790.45,32.37,33.69,6.78,TNP_0006,0,2016
2016-12-06 08:00:00+00:00,567.55,686.08,32.73,31.64,6.98,TNP_0006,0,2016
2016-12-06 09:00:00+00:00,508.02,528.5,32.25,31.68,6.99,TNP_0006,0,2016
2016-12-06 10:00:00+00:00,307.95,321.02,31.11,33.52,6.85,TNP_0006,0,2016
2016-12-06 11:00:00+00:00,109.6,112.1,29.21,38.38,6.13,TNP_0006,0,2016
2016-12-06 12:00:00+00:00,3.88,3.9,25.85,51.15,4.19,TNP_0006,0,2016
2016-12-06 13:00:00+00:00,0.0,0.0,24.17,59.9,4.03,TNP_0006,0,2016
2016-12-06 14:00:00+00:00,0.0,0.0,23.15,67.09,3.7,TNP_0006,0,2016
2016-12-06 15:00:00+00:00,0.0,0.0,22.35,73.61,3.38,TNP_0006,0,2016
2016-12-06 16:00:00+00:00,0.0,0.0,21.75,78.65,3.3,TNP_0006,0,2016
2016-12-06 17:00:00+00:00,0.0,0.0,21.15,82.89,3.29,TNP_0006,0,2016
2016-12-06 18:00:00+00:00,0.0,0.0,20.49,86.75,3.2,TNP_0006,0,2016
2016-12-06 19:00:00+00:00,0.0,0.0,19.79,90.2,2.97,TNP_0006,0,2016
2016-12-06 20:00:00+00:00,0.0,0.0,19.08,93.22,2.67,TNP_0006,0,2016
2016-12-06 21:00:00+00:00,0.0,0.0,18.43,95.57,2.48,TNP_0006,0,2016
2016-12-06 22:00:00+00:00,0.0,0.0,17.93,96.79,2.49,TNP_0006,0,2016
2016-12-06 23:00:00+00:00,0.0,0.0,17.62,96.88,2.53,TNP_0006,0,2016
2016-12-07 00:00:00+00:00,0.0,0.0,17.4,96.57,2.6,TNP_0006,0,2016
2016-12-07 01:00:00+00:00,79.55,79.93,18.54,89.0,3.29,TNP_0006,0,2016
2016-12-07 02:00:00+00:00,289.35,290.75,21.67,73.07,3.84,TNP_0006,0,2016
2016-12-07 03:00:00+00:00,509.6,511.67,25.96,53.46,4.58,TNP_0006,0,2016
2016-12-07 04:00:00+00:00,693.15,694.05,28.59,49.35,4.02,TNP_0006,0,2016
2016-12-07 05:00:00+00:00,769.35,815.97,30.56,47.22,3.62,TNP_0006,0,2016
2016-12-07 06:00:00+00:00,669.78,773.05,31.92,44.88,3.6,TNP_0006,0,2016
2016-12-07 07:00:00+00:00,681.83,747.33,32.7,43.5,3.88,TNP_0006,0,2016
2016-12-07 08:00:00+00:00,485.17,647.15,32.94,43.21,4.27,TNP_0006,0,2016
2016-12-07 09:00:00+00:00,420.9,489.15,32.46,44.63,4.53,TNP_0006,0,2016
2016-12-07 10:00:00+00:00,197.6,285.52,31.45,47.63,4.73,TNP_0006,0,2016
2016-12-07 11:00:00+00:00,77.57,96.12,29.88,53.2,4.8,TNP_0006,0,2016
2016-12-07 12:00:00+00:00,3.1,3.55,27.64,63.72,3.82,TNP_0006,0,2016
2016-12-07 13:00:00+00:00,0.0,0.0,26.38,71.19,4.01,TNP_0006,0,2016
2016-12-07 14:00:00+00:00,0.0,0.0,25.4,78.07,3.53,TNP_0006,0,2016
2016-12-07 15:00:00+00:00,0.0,0.0,24.68,83.35,3.21,TNP_0006,0,2016
2016-12-07 16:00:00+00:00,0.0,0.0,24.16,87.13,3.08,TNP_0006,0,2016
2016-12-07 17:00:00+00:00,0.0,0.0,23.73,89.95,2.98,TNP_0006,0,2016
2016-12-07 18:00:00+00:00,0.0,0.0,23.44,91.32,3.1,TNP_0006,0,2016
2016-12-07 19:00:00+00:00,0.0,0.0,23.22,91.87,3.28,TNP_0006,0,2016
2016-12-07 20:00:00+00:00,0.0,0.0,22.94,92.64,3.2,TNP_0006,0,2016
2016-12-07 21:00:00+00:00,0.0,0.0,22.65,93.21,2.89,TNP_0006,0,2016
2016-12-07 22:00:00+00:00,0.0,0.0,22.33,93.99,2.51,TNP_0006,0,2016
2016-12-07 23:00:00+00:00,0.0,0.0,21.99,95.11,2.2,TNP_0006,0,2016
2016-12-08 00:00:00+00:00,0.0,0.0,21.75,95.67,2.08,TNP_0006,0,2016
2016-12-08 01:00:00+00:00,55.4,58.0,22.34,91.91,2.69,TNP_0006,0,2016
2016-12-08 02:00:00+00:00,215.4,236.7,24.4,79.96,3.72,TNP_0006,0,2016
2016-12-08 03:00:00+00:00,421.3,440.7,26.83,66.42,4.55,TNP_0006,0,2016
2016-12-08 04:00:00+00:00,580.78,617.97,29.16,55.37,4.97,TNP_0006,0,2016
2016-12-08 05:00:00+00:00,664.3,732.88,30.94,48.59,5.17,TNP_0006,0,2016
2016-12-08 06:00:00+00:00,703.8,789.5,31.87,45.32,5.29,TNP_0006,0,2016
2016-12-08 07:00:00+00:00,632.2,761.38,32.51,43.34,5.35,TNP_0006,0,2016
2016-12-08 08:00:00+00:00,557.22,662.25,32.67,42.74,5.29,TNP_0006,0,2016
2016-12-08 09:00:00+00:00,446.33,501.58,32.14,43.78,5.12,TNP_0006,0,2016
2016-12-08 10:00:00+00:00,243.5,300.73,31.14,46.27,4.82,TNP_0006,0,2016
2016-12-08 11:00:00+00:00,85.18,102.7,29.79,50.43,4.41,TNP_0006,0,2016
2016-12-08 12:00:00+00:00,3.17,3.83,27.54,60.61,3.0,TNP_0006,0,2016
2016-12-08 13:00:00+00:00,0.0,0.0,26.36,65.48,3.28,TNP_0006,0,2016
2016-12-08 14:00:00+00:00,0.0,0.0,25.52,69.46,3.43,TNP_0006,0,2016
2016-12-08 15:00:00+00:00,0.0,0.0,24.69,74.28,3.21,TNP_0006,0,2016
2016-12-08 16:00:00+00:00,0.0,0.0,24.02,78.54,2.86,TNP_0006,0,2016
2016-12-08 17:00:00+00:00,0.0,0.0,23.39,82.86,2.26,TNP_0006,0,2016
2016-12-08 18:00:00+00:00,0.0,0.0,22.86,86.64,1.73,TNP_0006,0,2016
2016-12-08 19:00:00+00:00,0.0,0.0,22.43,89.56,1.44,TNP_0006,0,2016
2016-12-08 20:00:00+00:00,0.0,0.0,22.05,91.81,1.32,TNP_0006,0,2016
2016-12-08 21:00:00+00:00,0.0,0.0,21.71,93.43,1.33,TNP_0006,0,2016
2016-12-08 22:00:00+00:00,0.0,0.0,21.42,94.61,1.45,TNP_0006,0,2016
2016-12-08 23:00:00+00:00,0.0,0.0,21.28,94.78,1.5,TNP_0006,0,2016
2016-12-09 00:00:00+00:00,0.0,0.0,21.1,95.09,1.57,TNP_0006,0,2016
2016-12-09 01:00:00+00:00,48.6,59.88,21.72,90.96,2.29,TNP_0006,0,2016
2016-12-09 02:00:00+00:00,194.8,245.23,24.1,76.41,2.76,TNP_0006,0,2016
2016-12-09 03:00:00+00:00,404.8,455.77,26.81,62.28,3.02,TNP_0006,0,2016
2016-12-09 04:00:00+00:00,570.1,628.75,29.14,52.02,3.51,TNP_0006,0,2016
2016-12-09 05:00:00+00:00,679.03,748.17,30.84,45.48,3.83,TNP_0006,0,2016
2016-12-09 06:00:00+00:00,664.3,743.45,32.59,39.36,3.77,TNP_0006,0,2016
2016-12-09 07:00:00+00:00,544.85,721.85,33.81,35.06,3.43,TNP_0006,0,2016
2016-12-09 08:00:00+00:00,528.5,627.5,34.53,32.24,3.04,TNP_0006,0,2016
2016-12-09 09:00:00+00:00,422.8,468.73,34.48,31.09,2.62,TNP_0006,0,2016
2016-12-09 10:00:00+00:00,239.18,275.92,33.69,31.61,2.25,TNP_0006,0,2016
2016-12-09 11:00:00+00:00,89.43,93.93,31.82,38.69,2.05,TNP_0006,0,2016
2016-12-09 12:00:00+00:00,3.7,3.83,28.16,53.2,2.99,TNP_0006,0,2016
2016-12-09 13:00:00+00:00,0.0,0.0,26.78,53.65,3.9,TNP_0006,0,2016
2016-12-09 14:00:00+00:00,0.0,0.0,25.44,59.41,4.18,TNP_0006,0,2016
2016-12-09 15:00:00+00:00,0.0,0.0,24.14,67.56,3.57,TNP_0006,0,2016
2016-12-09 16:00:00+00:00,0.0,0.0,23.2,74.58,2.68,TNP_0006,0,2016
2016-12-09 17:00:00+00:00,0.0,0.0,22.33,81.17,1.52,TNP_0006,0,2016
2016-12-09 18:00:00+00:00,0.0,0.0,21.72,85.19,0.97,TNP_0006,0,2016
2016-12-09 19:00:00+00:00,0.0,0.0,21.24,87.07,0.79,TNP_0006,0,2016
2016-12-09 20:00:00+00:00,0.0,0.0,20.79,88.45,0.84,TNP_0006,0,2016
2016-12-09 21:00:00+00:00,0.0,0.0,20.46,88.39,0.94,TNP_0006,0,2016
2016-12-09 22:00:00+00:00,0.0,0.0,20.22,87.25,1.03,TNP_0006,0,2016
2016-12-09 23:00:00+00:00,0.0,0.0,20.0,85.91,1.17,TNP_0006,0,2016
2016-12-10 00:00:00+00:00,0.0,0.0,19.72,84.65,1.36,TNP_0006,0,2016
2016-12-10 01:00:00+00:00,45.53,61.4,20.46,78.3,1.65,TNP_0006,0,2016
2016-12-10 02:00:00+00:00,180.82,260.4,23.15,62.16,2.08,TNP_0006,0,2016
2016-12-10 03:00:00+00:00,344.58,477.58,26.84,46.97,1.99,TNP_0006,0,2016
2016-12-10 04:00:00+00:00,456.6,661.35,29.7,37.68,2.53,TNP_0006,0,2016
2016-12-10 05:00:00+00:00,572.0,786.4,31.78,32.52,2.94,TNP_0006,0,2016
2016-12-10 06:00:00+00:00,620.85,754.3,33.45,27.95,3.04,TNP_0006,0,2016
2016-12-10 07:00:00+00:00,618.95,730.9,34.51,24.04,2.92,TNP_0006,0,2016
2016-12-10 08:00:00+00:00,567.83,630.8,34.92,21.11,2.68,TNP_0006,0,2016
2016-12-10 09:00:00+00:00,427.6,474.27,34.63,19.52,2.29,TNP_0006,0,2016
2016-12-10 10:00:00+00:00,245.4,280.73,33.62,19.83,1.75,TNP_0006,0,2016
2016-12-10 11:00:00+00:00,91.25,96.4,30.99,32.14,1.43,TNP_0006,0,2016
2016-12-10 12:00:00+00:00,3.78,4.0,27.2,42.65,2.53,TNP_0006,0,2016
2016-12-10 13:00:00+00:00,0.0,0.0,24.91,45.71,3.12,TNP_0006,0,2016
2016-12-10 14:00:00+00:00,0.0,0.0,23.23,50.79,3.19,TNP_0006,0,2016
2016-12-10 15:00:00+00:00,0.0,0.0,21.56,59.21,2.98,TNP_0006,0,2016
2016-12-10 16:00:00+00:00,0.0,0.0,20.34,67.09,2.63,TNP_0006,0,2016
2016-12-10 17:00:00+00:00,0.0,0.0,19.47,72.89,2.11,TNP_0006,0,2016
2016-12-10 18:00:00+00:00,0.0,0.0,19.07,74.62,1.58,TNP_0006,0,2016
2016-12-10 19:00:00+00:00,0.0,0.0,18.94,72.24,1.22,TNP_0006,0,2016
2016-12-10 20:00:00+00:00,0.0,0.0,18.46,70.3,1.6,TNP_0006,0,2016
2016-12-10 21:00:00+00:00,0.0,0.0,17.84,68.58,2.12,TNP_0006,0,2016
2016-12-10 22:00:00+00:00,0.0,0.0,17.53,66.7,2.41,TNP_0006,0,2016
2016-12-10 23:00:00+00:00,0.0,0.0,17.48,66.3,2.54,TNP_0006,0,2016
2016-12-11 00:00:00+00:00,0.0,0.0,17.56,66.56,2.61,TNP_0006,0,2016
2016-12-11 01:00:00+00:00,50.85,62.97,18.74,62.8,2.69,TNP_0006,0,2016
2016-12-11 02:00:00+00:00,186.23,265.92,21.48,51.51,4.0,TNP_0006,0,2016
2016-12-11 03:00:00+00:00,334.8,483.0,24.39,45.48,3.89,TNP_0006,0,2016
2016-12-11 04:00:00+00:00,591.45,664.08,27.65,37.53,3.83,TNP_0006,0,2016
2016-12-11 05:00:00+00:00,683.08,784.72,30.22,28.73,3.88,TNP_0006,0,2016
2016-12-11 06:00:00+00:00,681.12,754.1,32.06,22.5,4.11,TNP_0006,0,2016
2016-12-11 07:00:00+00:00,648.2,729.1,33.32,18.32,4.29,TNP_0006,0,2016
2016-12-11 08:00:00+00:00,510.2,631.0,33.91,15.77,4.3,TNP_0006,0,2016
2016-12-11 09:00:00+00:00,367.75,472.38,33.85,14.34,4.12,TNP_0006,0,2016
2016-12-11 10:00:00+00:00,219.82,277.55,33.16,14.1,3.69,TNP_0006,0,2016
2016-12-11 11:00:00+00:00,83.75,92.43,30.56,26.11,2.08,TNP_0006,0,2016
2016-12-11 12:00:00+00:00,4.32,3.95,27.05,34.66,1.93,TNP_0006,0,2016
2016-12-11 13:00:00+00:00,0.0,0.0,26.39,33.19,1.82,TNP_0006,0,2016
2016-12-11 14:00:00+00:00,0.0,0.0,25.34,35.45,1.98,TNP_0006,0,2016
2016-12-11 15:00:00+00:00,0.0,0.0,24.35,37.89,2.13,TNP_0006,0,2016
2016-12-11 16:00:00+00:00,0.0,0.0,23.52,40.82,2.11,TNP_0006,0,2016
2016-12-11 17:00:00+00:00,0.0,0.0,22.67,44.11,2.08,TNP_0006,0,2016
2016-12-11 18:00:00+00:00,0.0,0.0,21.47,49.22,2.25,TNP_0006,0,2016
2016-12-11 19:00:00+00:00,0.0,0.0,20.56,53.71,2.4,TNP_0006,0,2016
2016-12-11 20:00:00+00:00,0.0,0.0,20.35,56.27,2.47,TNP_0006,0,2016
2016-12-11 21:00:00+00:00,0.0,0.0,20.22,57.54,2.69,TNP_0006,0,2016
2016-12-11 22:00:00+00:00,0.0,0.0,19.93,60.65,3.26,TNP_0006,0,2016
2016-12-11 23:00:00+00:00,0.0,0.0,19.73,64.3,3.74,TNP_0006,0,2016
2016-12-12 00:00:00+00:00,0.0,0.0,19.48,67.77,3.83,TNP_0006,0,2016
2016-12-12 01:00:00+00:00,55.33,66.5,20.13,66.75,4.45,TNP_0006,0,2016
2016-12-12 02:00:00+00:00,207.55,279.02,22.88,56.97,4.67,TNP_0006,0,2016
2016-12-12 03:00:00+00:00,376.95,497.33,27.28,39.74,5.92,TNP_0006,0,2016
2016-12-12 04:00:00+00:00,532.88,677.08,30.98,28.33,6.46,TNP_0006,0,2016
2016-12-12 05:00:00+00:00,652.2,795.47,33.34,24.39,6.55,TNP_0006,0,2016
2016-12-12 06:00:00+00:00,678.4,841.45,34.8,23.5,6.48,TNP_0006,0,2016
2016-12-12 07:00:00+00:00,636.85,812.2,35.39,24.08,6.39,TNP_0006,0,2016
2016-12-12 08:00:00+00:00,580.03,711.05,34.98,26.16,6.28,TNP_0006,0,2016
2016-12-12 09:00:00+00:00,452.88,547.42,33.81,29.92,5.75,TNP_0006,0,2016
2016-12-12 10:00:00+00:00,262.65,339.52,32.41,35.09,4.63,TNP_0006,0,2016
2016-12-12 11:00:00+00:00,91.35,122.82,30.01,49.93,2.58,TNP_0006,0,2016
2016-12-12 12:00:00+00:00,4.0,4.72,27.22,66.05,2.19,TNP_0006,0,2016
2016-12-12 13:00:00+00:00,0.0,0.0,26.08,72.04,2.03,TNP_0006,0,2016
2016-12-12 14:00:00+00:00,0.0,0.0,25.26,76.64,1.81,TNP_0006,0,2016
2016-12-12 15:00:00+00:00,0.0,0.0,24.67,79.72,1.62,TNP_0006,0,2016
2016-12-12 16:00:00+00:00,0.0,0.0,24.13,81.55,1.63,TNP_0006,0,2016
2016-12-12 17:00:00+00:00,0.0,0.0,23.44,82.71,2.12,TNP_0006,0,2016
2016-12-12 18:00:00+00:00,0.0,0.0,22.88,82.88,3.11,TNP_0006,0,2016
2016-12-12 19:00:00+00:00,0.0,0.0,22.47,83.53,3.76,TNP_0006,0,2016
2016-12-12 20:00:00+00:00,0.0,0.0,22.11,84.61,3.81,TNP_0006,0,2016
2016-12-12 21:00:00+00:00,0.0,0.0,21.78,86.17,3.57,TNP_0006,0,2016
2016-12-12 22:00:00+00:00,0.0,0.0,21.47,88.21,2.88,TNP_0006,0,2016
2016-12-12 23:00:00+00:00,0.0,0.0,21.22,89.74,2.36,TNP_0006,0,2016
2016-12-13 00:00:00+00:00,0.0,0.0,20.96,90.95,2.05,TNP_0006,0,2016
2016-12-13 01:00:00+00:00,50.75,54.05,21.61,89.24,1.99,TNP_0006,0,2016
2016-12-13 02:00:00+00:00,197.6,226.77,23.38,81.81,2.3,TNP_0006,0,2016
2016-12-13 03:00:00+00:00,363.88,404.98,26.34,65.79,2.98,TNP_0006,0,2016
2016-12-13 04:00:00+00:00,504.95,551.47,29.03,53.07,2.97,TNP_0006,0,2016
2016-12-13 05:00:00+00:00,601.25,650.33,30.84,47.24,2.34,TNP_0006,0,2016
2016-12-13 06:00:00+00:00,650.38,827.4,32.08,43.75,2.14,TNP_0006,0,2016
2016-12-13 07:00:00+00:00,713.33,802.7,32.72,41.77,2.38,TNP_0006,0,2016
2016-12-13 08:00:00+00:00,640.72,706.97,32.79,41.22,2.75,TNP_0006,0,2016
2016-12-13 09:00:00+00:00,478.1,546.47,32.32,42.05,3.11,TNP_0006,0,2016
2016-12-13 10:00:00+00:00,269.62,341.88,31.59,43.93,3.43,TNP_0006,0,2016
2016-12-13 11:00:00+00:00,101.9,129.75,30.15,51.18,2.98,TNP_0006,0,2016
2016-12-13 12:00:00+00:00,4.22,5.32,27.59,66.25,2.74,TNP_0006,0,2016
2016-12-13 13:00:00+00:00,0.0,0.0,26.34,70.34,3.49,TNP_0006,0,2016
2016-12-13 14:00:00+00:00,0.0,0.0,25.46,74.68,4.15,TNP_0006,0,2016
2016-12-13 15:00:00+00:00,0.0,0.0,24.71,80.17,4.24,TNP_0006,0,2016
2016-12-13 16:00:00+00:00,0.0,0.0,24.16,85.53,3.75,TNP_0006,0,2016
2016-12-13 17:00:00+00:00,0.0,0.0,23.79,89.34,3.29,TNP_0006,0,2016
2016-12-13 18:00:00+00:00,0.0,0.0,23.5,91.91,2.67,TNP_0006,0,2016
2016-12-13 19:00:00+00:00,0.0,0.0,23.22,93.58,2.24,TNP_0006,0,2016
2016-12-13 20:00:00+00:00,0.0,0.0,22.9,95.03,2.04,TNP_0006,0,2016
2016-12-13 21:00:00+00:00,0.0,0.0,22.64,96.04,1.92,TNP_0006,0,2016
2016-12-13 22:00:00+00:00,0.0,0.0,22.39,97.05,1.89,TNP_0006,0,2016
2016-12-13 23:00:00+00:00,0.0,0.0,22.17,97.99,1.9,TNP_0006,0,2016
2016-12-14 00:00:00+00:00,0.0,0.0,21.96,98.84,1.93,TNP_0006,0,2016
2016-12-14 01:00:00+00:00,60.42,71.97,22.7,96.16,2.56,TNP_0006,0,2016
2016-12-14 02:00:00+00:00,215.7,290.55,24.57,87.48,3.62,TNP_0006,0,2016
2016-12-14 03:00:00+00:00,386.62,507.98,26.98,71.94,4.3,TNP_0006,0,2016
2016-12-14 04:00:00+00:00,531.78,685.78,29.26,58.66,4.48,TNP_0006,0,2016
2016-12-14 05:00:00+00:00,687.28,807.3,30.89,51.4,4.52,TNP_0006,0,2016
2016-12-14 06:00:00+00:00,671.95,851.05,31.99,46.76,4.59,TNP_0006,0,2016
2016-12-14 07:00:00+00:00,619.47,825.85,32.73,43.31,4.65,TNP_0006,0,2016
2016-12-14 08:00:00+00:00,532.12,726.95,32.9,41.16,4.68,TNP_0006,0,2016
2016-12-14 09:00:00+00:00,445.4,562.58,32.54,40.55,4.74,TNP_0006,0,2016
2016-12-14 10:00:00+00:00,228.18,350.15,31.76,41.47,4.95,TNP_0006,0,2016
2016-12-14 11:00:00+00:00,92.12,130.57,30.22,45.74,4.65,TNP_0006,0,2016
2016-12-14 12:00:00+00:00,4.6,5.68,27.44,57.29,3.68,TNP_0006,0,2016
2016-12-14 13:00:00+00:00,0.0,0.0,26.14,63.58,4.28,TNP_0006,0,2016
2016-12-14 14:00:00+00:00,0.0,0.0,25.06,71.47,4.17,TNP_0006,0,2016
2016-12-14 15:00:00+00:00,0.0,0.0,24.03,80.27,3.38,TNP_0006,0,2016
2016-12-14 16:00:00+00:00,0.0,0.0,23.33,87.08,2.95,TNP_0006,0,2016
2016-12-14 17:00:00+00:00,0.0,0.0,22.84,91.99,2.7,TNP_0006,0,2016
2016-12-14 18:00:00+00:00,0.0,0.0,22.47,95.14,2.62,TNP_0006,0,2016
2016-12-14 19:00:00+00:00,0.0,0.0,22.15,97.26,2.37,TNP_0006,0,2016
2016-12-14 20:00:00+00:00,0.0,0.0,21.98,97.92,2.31,TNP_0006,0,2016
2016-12-14 21:00:00+00:00,0.0,0.0,21.79,98.54,2.19,TNP_0006,0,2016
2016-12-14 22:00:00+00:00,0.0,0.0,21.59,99.15,2.1,TNP_0006,0,2016
2016-12-14 23:00:00+00:00,0.0,0.0,21.42,99.49,2.08,TNP_0006,0,2016
2016-12-15 00:00:00+00:00,0.0,0.0,21.28,99.49,2.09,TNP_0006,0,2016
2016-12-15 01:00:00+00:00,55.17,60.53,22.12,94.82,2.87,TNP_0006,0,2016
2016-12-15 02:00:00+00:00,217.05,261.62,24.2,82.71,3.96,TNP_0006,0,2016
2016-12-15 03:00:00+00:00,412.23,484.35,26.61,67.67,4.24,TNP_0006,0,2016
2016-12-15 04:00:00+00:00,574.95,672.8,28.84,56.26,4.16,TNP_0006,0,2016
2016-12-15 05:00:00+00:00,660.08,799.67,30.56,49.13,4.15,TNP_0006,0,2016
2016-12-15 06:00:00+00:00,764.25,854.0,31.9,44.31,4.14,TNP_0006,0,2016
2016-12-15 07:00:00+00:00,765.2,832.0,32.79,40.97,4.17,TNP_0006,0,2016
2016-12-15 08:00:00+00:00,609.53,738.9,33.16,38.94,4.29,TNP_0006,0,2016
2016-12-15 09:00:00+00:00,507.4,576.45,32.98,37.94,4.54,TNP_0006,0,2016
2016-12-15 10:00:00+00:00,310.88,365.8,32.2,38.4,4.88,TNP_0006,0,2016
2016-12-15 11:00:00+00:00,122.4,140.95,30.54,42.05,4.89,TNP_0006,0,2016
2016-12-15 12:00:00+00:00,5.88,6.22,27.33,54.01,3.66,TNP_0006,0,2016
2016-12-15 13:00:00+00:00,0.0,0.0,25.8,60.17,4.27,TNP_0006,0,2016
2016-12-15 14:00:00+00:00,0.0,0.0,24.63,67.02,4.23,TNP_0006,0,2016
2016-12-15 15:00:00+00:00,0.0,0.0,23.6,74.98,3.66,TNP_0006,0,2016
2016-12-15 16:00:00+00:00,0.0,0.0,22.87,81.87,3.26,TNP_0006,0,2016
2016-12-15 17:00:00+00:00,0.0,0.0,22.23,88.25,2.89,TNP_0006,0,2016
2016-12-15 18:00:00+00:00,0.0,0.0,21.62,94.04,2.54,TNP_0006,0,2016
2016-12-15 19:00:00+00:00,0.0,0.0,21.1,98.46,2.27,TNP_0006,0,2016
2016-12-15 20:00:00+00:00,0.0,0.0,20.7,100.0,2.12,TNP_0006,0,2016
2016-12-15 21:00:00+00:00,0.0,0.0,20.4,100.0,2.03,TNP_0006,0,2016
2016-12-15 22:00:00+00:00,0.0,0.0,20.28,100.0,2.0,TNP_0006,0,2016
2016-12-15 23:00:00+00:00,0.0,0.0,20.19,100.0,2.01,TNP_0006,0,2016
2016-12-16 00:00:00+00:00,0.0,0.0,20.2,100.0,2.02,TNP_0006,0,2016
2016-12-16 01:00:00+00:00,59.1,61.72,21.42,95.86,2.51,TNP_0006,0,2016
2016-12-16 02:00:00+00:00,248.7,271.52,24.13,81.54,3.57,TNP_0006,0,2016
2016-12-16 03:00:00+00:00,453.33,490.8,26.7,67.25,4.12,TNP_0006,0,2016
2016-12-16 04:00:00+00:00,615.95,678.67,28.94,56.76,4.39,TNP_0006,0,2016
2016-12-16 05:00:00+00:00,707.67,801.9,30.67,50.13,4.53,TNP_0006,0,2016
2016-12-16 06:00:00+00:00,702.92,842.58,31.81,46.18,4.67,TNP_0006,0,2016
2016-12-16 07:00:00+00:00,639.05,824.65,32.43,44.3,4.86,TNP_0006,0,2016
2016-12-16 08:00:00+00:00,534.65,722.2,32.56,43.96,5.21,TNP_0006,0,2016
2016-12-16 09:00:00+00:00,366.88,564.6,32.03,45.54,5.66,TNP_0006,0,2016
2016-12-16 10:00:00+00:00,225.07,352.08,30.71,49.99,6.15,TNP_0006,0,2016
2016-12-16 11:00:00+00:00,80.78,134.02,28.71,57.49,6.2,TNP_0006,0,2016
2016-12-16 12:00:00+00:00,4.28,6.07,26.51,67.35,4.98,TNP_0006,0,2016
2016-12-16 13:00:00+00:00,0.0,0.0,25.16,74.07,4.13,TNP_0006,0,2016
2016-12-16 14:00:00+00:00,0.0,0.0,24.23,78.63,3.24,TNP_0006,0,2016
2016-12-16 15:00:00+00:00,0.0,0.0,23.53,81.88,2.92,TNP_0006,0,2016
2016-12-16 16:00:00+00:00,0.0,0.0,22.96,84.75,2.78,TNP_0006,0,2016
2016-12-16 17:00:00+00:00,0.0,0.0,22.43,87.96,2.63,TNP_0006,0,2016
2016-12-16 18:00:00+00:00,0.0,0.0,21.93,91.42,2.54,TNP_0006,0,2016
2016-12-16 19:00:00+00:00,0.0,0.0,21.53,94.3,2.57,TNP_0006,0,2016
2016-12-16 20:00:00+00:00,0.0,0.0,21.21,96.11,2.65,TNP_0006,0,2016
2016-12-16 21:00:00+00:00,0.0,0.0,20.88,97.53,2.51,TNP_0006,0,2016
2016-12-16 22:00:00+00:00,0.0,0.0,20.57,98.32,2.43,TNP_0006,0,2016
2016-12-16 23:00:00+00:00,0.0,0.0,20.39,98.09,2.47,TNP_0006,0,2016
2016-12-17 00:00:00+00:00,0.0,0.0,20.13,98.29,2.4,TNP_0006,0,2016
2016-12-17 01:00:00+00:00,54.25,56.83,20.79,93.69,3.07,TNP_0006,0,2016
2016-12-17 02:00:00+00:00,247.9,257.55,23.18,79.27,4.18,TNP_0006,0,2016
2016-12-17 03:00:00+00:00,459.75,476.75,26.01,61.42,4.72,TNP_0006,0,2016
2016-12-17 04:00:00+00:00,631.22,660.78,28.54,48.45,4.94,TNP_0006,0,2016
2016-12-17 05:00:00+00:00,785.42,787.15,30.69,40.16,5.17,TNP_0006,0,2016
2016-12-17 06:00:00+00:00,803.65,804.42,32.23,35.6,5.29,TNP_0006,0,2016
2016-12-17 07:00:00+00:00,779.28,782.85,33.14,33.24,5.32,TNP_0006,0,2016
2016-12-17 08:00:00+00:00,682.78,688.85,33.47,32.29,5.35,TNP_0006,0,2016
2016-12-17 09:00:00+00:00,520.75,530.65,33.04,33.09,5.48,TNP_0006,0,2016
2016-12-17 10:00:00+00:00,319.77,328.27,31.94,35.7,5.62,TNP_0006,0,2016
2016-12-17 11:00:00+00:00,118.55,121.55,30.14,40.91,5.33,TNP_0006,0,2016
2016-12-17 12:00:00+00:00,5.7,5.72,26.94,53.73,3.79,TNP_0006,0,2016
2016-12-17 13:00:00+00:00,0.0,0.0,25.49,61.26,4.24,TNP_0006,0,2016
2016-12-17 14:00:00+00:00,0.0,0.0,24.4,68.79,3.95,TNP_0006,0,2016
2016-12-17 15:00:00+00:00,0.0,0.0,23.45,76.31,3.38,TNP_0006,0,2016
2016-12-17 16:00:00+00:00,0.0,0.0,22.74,82.38,3.05,TNP_0006,0,2016
2016-12-17 17:00:00+00:00,0.0,0.0,22.1,87.81,2.75,TNP_0006,0,2016
2016-12-17 18:00:00+00:00,0.0,0.0,21.51,92.45,2.37,TNP_0006,0,2016
2016-12-17 19:00:00+00:00,0.0,0.0,20.98,96.38,2.09,TNP_0006,0,2016
2016-12-17 20:00:00+00:00,0.0,0.0,20.52,99.4,1.97,TNP_0006,0,2016
2016-12-17 21:00:00+00:00,0.0,0.0,20.11,100.0,1.88,TNP_0006,0,2016
2016-12-17 22:00:00+00:00,0.0,0.0,19.75,100.0,1.88,TNP_0006,0,2016
2016-12-17 23:00:00+00:00,0.0,0.0,19.47,100.0,1.89,TNP_0006,0,2016
2016-12-18 00:00:00+00:00,0.0,0.0,19.24,100.0,1.95,TNP_0006,0,2016
2016-12-18 01:00:00+00:00,55.67,57.03,20.19,96.52,2.47,TNP_0006,0,2016
2016-12-18 02:00:00+00:00,254.25,262.55,22.81,80.53,3.23,TNP_0006,0,2016
2016-12-18 03:00:00+00:00,467.48,482.38,25.63,63.05,3.82,TNP_0006,0,2016
2016-12-18 04:00:00+00:00,649.25,666.8,28.31,48.61,4.44,TNP_0006,0,2016
2016-12-18 05:00:00+00:00,763.17,792.47,30.6,39.62,4.88,TNP_0006,0,2016
2016-12-18 06:00:00+00:00,786.33,811.1,32.31,34.58,5.14,TNP_0006,0,2016
2016-12-18 07:00:00+00:00,754.12,787.83,33.32,31.98,5.31,TNP_0006,0,2016
2016-12-18 08:00:00+00:00,648.05,691.22,33.66,31.05,5.47,TNP_0006,0,2016
2016-12-18 09:00:00+00:00,513.85,531.92,33.28,31.61,5.53,TNP_0006,0,2016
2016-12-18 10:00:00+00:00,317.25,328.6,32.2,33.72,5.62,TNP_0006,0,2016
2016-12-18 11:00:00+00:00,119.28,121.6,30.37,38.39,5.38,TNP_0006,0,2016
2016-12-18 12:00:00+00:00,5.85,5.85,26.96,50.85,3.88,TNP_0006,0,2016
2016-12-18 13:00:00+00:00,0.0,0.0,25.32,58.77,4.17,TNP_0006,0,2016
2016-12-18 14:00:00+00:00,0.0,0.0,24.17,66.3,4.0,TNP_0006,0,2016
2016-12-18 15:00:00+00:00,0.0,0.0,23.28,73.23,3.83,TNP_0006,0,2016
2016-12-18 16:00:00+00:00,0.0,0.0,22.62,79.02,3.79,TNP_0006,0,2016
2016-12-18 17:00:00+00:00,0.0,0.0,22.02,84.18,3.68,TNP_0006,0,2016
2016-12-18 18:00:00+00:00,0.0,0.0,21.47,88.54,3.56,TNP_0006,0,2016
2016-12-18 19:00:00+00:00,0.0,0.0,21.01,91.51,3.4,TNP_0006,0,2016
2016-12-18 20:00:00+00:00,0.0,0.0,20.63,93.23,3.27,TNP_0006,0,2016
2016-12-18 21:00:00+00:00,0.0,0.0,20.16,94.88,2.76,TNP_0006,0,2016
2016-12-18 22:00:00+00:00,0.0,0.0,19.56,96.98,2.28,TNP_0006,0,2016
2016-12-18 23:00:00+00:00,0.0,0.0,19.01,98.63,2.14,TNP_0006,0,2016
2016-12-19 00:00:00+00:00,0.0,0.0,18.57,99.33,2.18,TNP_0006,0,2016
2016-12-19 01:00:00+00:00,54.67,55.45,19.29,93.14,2.96,TNP_0006,0,2016
2016-12-19 02:00:00+00:00,255.88,262.05,22.2,74.68,3.85,TNP_0006,0,2016
2016-12-19 03:00:00+00:00,472.52,483.88,25.78,54.03,5.25,TNP_0006,0,2016
2016-12-19 04:00:00+00:00,661.92,668.58,28.48,42.24,5.81,TNP_0006,0,2016
2016-12-19 05:00:00+00:00,788.25,794.58,30.71,35.08,5.89,TNP_0006,0,2016
2016-12-19 06:00:00+00:00,814.9,815.35,32.34,30.99,5.92,TNP_0006,0,2016
2016-12-19 07:00:00+00:00,777.25,793.92,33.34,29.29,6.04,TNP_0006,0,2016
2016-12-19 08:00:00+00:00,673.88,699.03,33.62,29.59,6.22,TNP_0006,0,2016
2016-12-19 09:00:00+00:00,491.27,539.83,33.16,31.49,6.38,TNP_0006,0,2016
2016-12-19 10:00:00+00:00,299.17,336.45,32.05,34.91,6.46,TNP_0006,0,2016
2016-12-19 11:00:00+00:00,118.18,126.25,30.27,40.25,6.09,TNP_0006,0,2016
2016-12-19 12:00:00+00:00,6.32,6.22,27.55,50.27,4.34,TNP_0006,0,2016
2016-12-19 13:00:00+00:00,0.0,0.0,26.02,57.72,3.94,TNP_0006,0,2016
2016-12-19 14:00:00+00:00,0.0,0.0,25.2,62.81,3.89,TNP_0006,0,2016
2016-12-19 15:00:00+00:00,0.0,0.0,24.53,67.76,3.97,TNP_0006,0,2016
2016-12-19 16:00:00+00:00,0.0,0.0,24.0,72.48,4.39,TNP_0006,0,2016
2016-12-19 17:00:00+00:00,0.0,0.0,23.39,77.41,4.27,TNP_0006,0,2016
2016-12-19 18:00:00+00:00,0.0,0.0,22.79,81.83,4.14,TNP_0006,0,2016
2016-12-19 19:00:00+00:00,0.0,0.0,22.16,86.03,3.9,TNP_0006,0,2016
2016-12-19 20:00:00+00:00,0.0,0.0,21.57,89.62,3.81,TNP_0006,0,2016
2016-12-19 21:00:00+00:00,0.0,0.0,21.07,91.87,3.59,TNP_0006,0,2016
2016-12-19 22:00:00+00:00,0.0,0.0,20.63,93.68,3.24,TNP_0006,0,2016
2016-12-19 23:00:00+00:00,0.0,0.0,20.31,94.27,3.04,TNP_0006,0,2016
2016-12-20 00:00:00+00:00,0.0,0.0,20.08,94.01,2.89,TNP_0006,0,2016
2016-12-20 01:00:00+00:00,25.25,54.33,20.43,90.77,3.44,TNP_0006,0,2016
2016-12-20 02:00:00+00:00,91.95,258.73,22.6,77.65,4.21,TNP_0006,0,2016
2016-12-20 03:00:00+00:00,124.2,475.48,26.3,56.36,5.69,TNP_0006,0,2016
2016-12-20 04:00:00+00:00,216.65,652.85,28.94,51.91,6.14,TNP_0006,0,2016
2016-12-20 05:00:00+00:00,269.35,765.55,30.6,50.33,6.34,TNP_0006,0,2016
2016-12-20 06:00:00+00:00,346.52,823.0,31.69,49.2,6.54,TNP_0006,0,2016
2016-12-20 07:00:00+00:00,281.73,810.65,32.37,48.35,6.85,TNP_0006,0,2016
2016-12-20 08:00:00+00:00,226.25,724.42,32.4,48.86,7.05,TNP_0006,0,2016
2016-12-20 09:00:00+00:00,209.5,573.03,31.87,50.98,7.03,TNP_0006,0,2016
2016-12-20 10:00:00+00:00,137.12,372.73,30.71,55.18,6.92,TNP_0006,0,2016
2016-12-20 11:00:00+00:00,70.4,154.4,29.08,61.65,6.53,TNP_0006,0,2016
2016-12-20 12:00:00+00:00,5.6,8.12,27.19,70.54,5.27,TNP_0006,0,2016
2016-12-20 13:00:00+00:00,0.0,0.0,26.0,77.71,4.36,TNP_0006,0,2016
2016-12-20 14:00:00+00:00,0.0,0.0,25.22,82.7,4.22,TNP_0006,0,2016
2016-12-20 15:00:00+00:00,0.0,0.0,24.63,86.03,4.3,TNP_0006,0,2016
2016-12-20 16:00:00+00:00,0.0,0.0,24.13,88.31,4.35,TNP_0006,0,2016
2016-12-20 17:00:00+00:00,0.0,0.0,23.68,89.9,4.19,TNP_0006,0,2016
2016-12-20 18:00:00+00:00,0.0,0.0,23.2,91.34,3.97,TNP_0006,0,2016
2016-12-20 19:00:00+00:00,0.0,0.0,22.72,92.43,3.71,TNP_0006,0,2016
2016-12-20 20:00:00+00:00,0.0,0.0,22.25,93.16,3.53,TNP_0006,0,2016
2016-12-20 21:00:00+00:00,0.0,0.0,21.77,93.85,3.08,TNP_0006,0,2016
2016-12-20 22:00:00+00:00,0.0,0.0,21.36,94.01,2.88,TNP_0006,0,2016
2016-12-20 23:00:00+00:00,0.0,0.0,20.99,93.88,2.87,TNP_0006,0,2016
2016-12-21 00:00:00+00:00,0.0,0.0,20.67,93.56,2.91,TNP_0006,0,2016
2016-12-21 01:00:00+00:00,45.0,61.12,20.98,90.3,3.65,TNP_0006,0,2016
2016-12-21 02:00:00+00:00,170.82,274.12,23.05,80.62,4.48,TNP_0006,0,2016
2016-12-21 03:00:00+00:00,322.75,492.7,26.09,68.75,4.98,TNP_0006,0,2016
2016-12-21 04:00:00+00:00,444.02,672.42,28.94,57.9,4.89,TNP_0006,0,2016
2016-12-21 05:00:00+00:00,559.47,794.08,31.09,50.05,4.74,TNP_0006,0,2016
2016-12-21 06:00:00+00:00,575.38,806.65,32.62,44.88,4.69,TNP_0006,0,2016
2016-12-21 07:00:00+00:00,645.75,794.35,33.56,41.8,4.72,TNP_0006,0,2016
2016-12-21 08:00:00+00:00,564.08,704.38,33.95,40.26,4.8,TNP_0006,0,2016
2016-12-21 09:00:00+00:00,500.45,555.28,33.69,40.25,4.89,TNP_0006,0,2016
2016-12-21 10:00:00+00:00,316.95,356.8,32.68,41.92,5.01,TNP_0006,0,2016
2016-12-21 11:00:00+00:00,130.82,142.23,31.12,45.72,5.09,TNP_0006,0,2016
2016-12-21 12:00:00+00:00,7.47,7.68,28.42,55.56,4.19,TNP_0006,0,2016
2016-12-21 13:00:00+00:00,0.0,0.0,26.85,63.28,4.94,TNP_0006,0,2016
2016-12-21 14:00:00+00:00,0.0,0.0,25.51,71.18,4.9,TNP_0006,0,2016
2016-12-21 15:00:00+00:00,0.0,0.0,24.37,78.46,4.3,TNP_0006,0,2016
2016-12-21 16:00:00+00:00,0.0,0.0,23.52,84.16,4.01,TNP_0006,0,2016
2016-12-21 17:00:00+00:00,0.0,0.0,22.79,89.05,3.73,TNP_0006,0,2016
2016-12-21 18:00:00+00:00,0.0,0.0,22.01,94.15,2.99,TNP_0006,0,2016
2016-12-21 19:00:00+00:00,0.0,0.0,21.51,97.43,2.78,TNP_0006,0,2016
2016-12-21 20:00:00+00:00,0.0,0.0,21.04,100.0,2.53,TNP_0006,0,2016
2016-12-21 21:00:00+00:00,0.0,0.0,20.59,100.0,2.26,TNP_0006,0,2016
2016-12-21 22:00:00+00:00,0.0,0.0,20.28,100.0,2.09,TNP_0006,0,2016
2016-12-21 23:00:00+00:00,0.0,0.0,20.04,100.0,2.05,TNP_0006,0,2016
2016-12-22 00:00:00+00:00,0.0,0.0,19.79,100.0,2.02,TNP_0006,0,2016
2016-12-22 01:00:00+00:00,48.35,53.8,20.96,96.54,2.04,TNP_0006,0,2016
2016-12-22 02:00:00+00:00,203.85,258.58,23.88,77.21,2.57,TNP_0006,0,2016
2016-12-22 03:00:00+00:00,381.35,480.33,26.65,59.96,2.8,TNP_0006,0,2016
2016-12-22 04:00:00+00:00,527.72,666.65,29.33,47.06,3.31,TNP_0006,0,2016
2016-12-22 05:00:00+00:00,709.88,796.03,31.53,37.33,3.63,TNP_0006,0,2016
2016-12-22 06:00:00+00:00,778.1,833.78,33.16,30.31,3.73,TNP_0006,0,2016
2016-12-22 07:00:00+00:00,748.03,813.05,34.3,25.51,3.76,TNP_0006,0,2016
2016-12-22 08:00:00+00:00,662.85,720.95,34.84,22.49,3.85,TNP_0006,0,2016
2016-12-22 09:00:00+00:00,557.58,561.42,34.71,20.9,4.04,TNP_0006,0,2016
2016-12-22 10:00:00+00:00,351.12,354.55,33.85,20.63,4.32,TNP_0006,0,2016
2016-12-22 11:00:00+00:00,137.98,138.48,31.68,24.13,3.85,TNP_0006,0,2016
2016-12-22 12:00:00+00:00,7.78,7.8,26.65,37.49,3.42,TNP_0006,0,2016
2016-12-22 13:00:00+00:00,0.0,0.0,24.88,43.29,4.2,TNP_0006,0,2016
2016-12-22 14:00:00+00:00,0.0,0.0,23.43,52.87,4.31,TNP_0006,0,2016
2016-12-22 15:00:00+00:00,0.0,0.0,22.3,63.63,4.07,TNP_0006,0,2016
2016-12-22 16:00:00+00:00,0.0,0.0,21.43,73.42,3.64,TNP_0006,0,2016
2016-12-22 17:00:00+00:00,0.0,0.0,20.55,81.85,3.05,TNP_0006,0,2016
2016-12-22 18:00:00+00:00,0.0,0.0,19.67,88.75,2.54,TNP_0006,0,2016
2016-12-22 19:00:00+00:00,0.0,0.0,18.93,93.75,2.21,TNP_0006,0,2016
2016-12-22 20:00:00+00:00,0.0,0.0,18.29,97.61,2.02,TNP_0006,0,2016
2016-12-22 21:00:00+00:00,0.0,0.0,17.87,99.87,1.74,TNP_0006,0,2016
2016-12-22 22:00:00+00:00,0.0,0.0,17.53,100.0,1.64,TNP_0006,0,2016
2016-12-22 23:00:00+00:00,0.0,0.0,17.01,100.0,1.85,TNP_0006,0,2016
2016-12-23 00:00:00+00:00,0.0,0.0,16.67,100.0,2.03,TNP_0006,0,2016
2016-12-23 01:00:00+00:00,49.45,52.38,17.71,93.97,2.42,TNP_0006,0,2016
2016-12-23 02:00:00+00:00,241.35,259.75,20.72,74.79,2.71,TNP_0006,0,2016
2016-12-23 03:00:00+00:00,460.67,484.77,24.82,52.6,2.03,TNP_0006,0,2016
2016-12-23 04:00:00+00:00,661.95,674.05,28.0,37.02,2.53,TNP_0006,0,2016
2016-12-23 05:00:00+00:00,804.03,804.72,30.56,26.92,3.07,TNP_0006,0,2016
2016-12-23 06:00:00+00:00,828.35,833.7,32.22,21.48,3.31,TNP_0006,0,2016
2016-12-23 07:00:00+00:00,804.6,816.88,33.1,18.63,3.42,TNP_0006,0,2016
2016-12-23 08:00:00+00:00,721.78,724.97,33.43,17.13,3.51,TNP_0006,0,2016
2016-12-23 09:00:00+00:00,559.65,565.92,33.19,16.64,3.68,TNP_0006,0,2016
2016-12-23 10:00:00+00:00,354.92,359.12,32.38,17.09,3.94,TNP_0006,0,2016
2016-12-23 11:00:00+00:00,140.18,140.82,30.1,21.69,3.38,TNP_0006,0,2016
2016-12-23 12:00:00+00:00,8.02,8.05,24.95,35.19,3.28,TNP_0006,0,2016
2016-12-23 13:00:00+00:00,0.0,0.0,23.36,41.56,4.02,TNP_0006,0,2016
2016-12-23 14:00:00+00:00,0.0,0.0,22.17,51.34,4.17,TNP_0006,0,2016
2016-12-23 15:00:00+00:00,0.0,0.0,21.12,62.29,3.94,TNP_0006,0,2016
2016-12-23 16:00:00+00:00,0.0,0.0,20.26,72.4,3.53,TNP_0006,0,2016
2016-12-23 17:00:00+00:00,0.0,0.0,19.31,82.12,2.86,TNP_0006,0,2016
2016-12-23 18:00:00+00:00,0.0,0.0,18.49,89.87,2.44,TNP_0006,0,2016
2016-12-23 19:00:00+00:00,0.0,0.0,17.8,95.96,2.21,TNP_0006,0,2016
2016-12-23 20:00:00+00:00,0.0,0.0,17.33,100.0,1.95,TNP_0006,0,2016
2016-12-23 21:00:00+00:00,0.0,0.0,17.2,100.0,1.6,TNP_0006,0,2016
2016-12-23 22:00:00+00:00,0.0,0.0,16.91,100.0,1.52,TNP_0006,0,2016
2016-12-23 23:00:00+00:00,0.0,0.0,16.32,100.0,1.8,TNP_0006,0,2016
2016-12-24 00:00:00+00:00,0.0,0.0,15.76,100.0,2.11,TNP_0006,0,2016
2016-12-24 01:00:00+00:00,49.5,51.45,16.88,99.29,2.5,TNP_0006,0,2016
2016-12-24 02:00:00+00:00,251.45,259.0,20.38,77.18,2.71,TNP_0006,0,2016
2016-12-24 03:00:00+00:00,479.25,484.65,24.35,54.64,1.88,TNP_0006,0,2016
2016-12-24 04:00:00+00:00,674.95,675.03,27.34,40.75,2.15,TNP_0006,0,2016
2016-12-24 05:00:00+00:00,804.67,806.67,29.77,32.19,2.55,TNP_0006,0,2016
2016-12-24 06:00:00+00:00,834.72,839.03,31.69,26.33,2.84,TNP_0006,0,2016
2016-12-24 07:00:00+00:00,821.55,821.83,32.87,22.99,3.05,TNP_0006,0,2016
2016-12-24 08:00:00+00:00,715.4,727.55,33.33,21.3,3.35,TNP_0006,0,2016
2016-12-24 09:00:00+00:00,560.72,566.58,32.99,21.04,3.73,TNP_0006,0,2016
2016-12-24 10:00:00+00:00,353.85,357.65,31.86,22.36,4.25,TNP_0006,0,2016
2016-12-24 11:00:00+00:00,138.32,139.6,29.72,27.16,4.34,TNP_0006,0,2016
2016-12-24 12:00:00+00:00,8.27,8.27,26.26,38.06,4.51,TNP_0006,0,2016
2016-12-24 13:00:00+00:00,0.0,0.0,24.38,48.61,5.54,TNP_0006,0,2016
2016-12-24 14:00:00+00:00,0.0,0.0,22.84,60.26,5.1,TNP_0006,0,2016
2016-12-24 15:00:00+00:00,0.0,0.0,21.78,69.65,4.43,TNP_0006,0,2016
2016-12-24 16:00:00+00:00,0.0,0.0,20.96,76.44,3.73,TNP_0006,0,2016
2016-12-24 17:00:00+00:00,0.0,0.0,20.11,81.81,2.82,TNP_0006,0,2016
2016-12-24 18:00:00+00:00,0.0,0.0,19.17,87.11,2.16,TNP_0006,0,2016
2016-12-24 19:00:00+00:00,0.0,0.0,18.49,90.99,1.95,TNP_0006,0,2016
2016-12-24 20:00:00+00:00,0.0,0.0,18.07,93.45,1.78,TNP_0006,0,2016
2016-12-24 21:00:00+00:00,0.0,0.0,17.71,95.49,1.64,TNP_0006,0,2016
2016-12-24 22:00:00+00:00,0.0,0.0,17.48,96.52,1.62,TNP_0006,0,2016
2016-12-24 23:00:00+00:00,0.0,0.0,17.19,97.73,1.71,TNP_0006,0,2016
2016-12-25 00:00:00+00:00,0.0,0.0,16.75,99.91,1.86,TNP_0006,0,2016
2016-12-25 01:00:00+00:00,47.15,48.8,17.61,94.15,2.12,TNP_0006,0,2016
2016-12-25 02:00:00+00:00,242.55,251.6,20.82,75.6,2.37,TNP_0006,0,2016
2016-12-25 03:00:00+00:00,463.8,476.92,24.12,57.37,2.39,TNP_0006,0,2016
2016-12-25 04:00:00+00:00,662.97,667.85,26.73,45.29,2.46,TNP_0006,0,2016
2016-12-25 05:00:00+00:00,800.8,801.08,29.16,36.31,2.48,TNP_0006,0,2016
2016-12-25 06:00:00+00:00,845.2,847.2,31.37,28.44,2.48,TNP_0006,0,2016
2016-12-25 07:00:00+00:00,823.53,828.8,32.87,23.47,2.43,TNP_0006,0,2016
2016-12-25 08:00:00+00:00,735.42,735.5,33.67,20.54,2.4,TNP_0006,0,2016
2016-12-25 09:00:00+00:00,574.62,576.25,33.78,19.02,2.4,TNP_0006,0,2016
2016-12-25 10:00:00+00:00,367.92,369.12,33.13,18.66,2.48,TNP_0006,0,2016
2016-12-25 11:00:00+00:00,154.5,155.02,31.01,24.04,2.19,TNP_0006,0,2016
2016-12-25 12:00:00+00:00,8.77,8.77,25.93,36.08,2.9,TNP_0006,0,2016
2016-12-25 13:00:00+00:00,0.0,0.0,24.1,39.7,3.66,TNP_0006,0,2016
2016-12-25 14:00:00+00:00,0.0,0.0,22.95,47.51,4.16,TNP_0006,0,2016
2016-12-25 15:00:00+00:00,0.0,0.0,21.62,60.42,4.26,TNP_0006,0,2016
2016-12-25 16:00:00+00:00,0.0,0.0,20.52,73.81,3.92,TNP_0006,0,2016
2016-12-25 17:00:00+00:00,0.0,0.0,19.65,85.51,3.32,TNP_0006,0,2016
2016-12-25 18:00:00+00:00,0.0,0.0,18.86,95.12,2.49,TNP_0006,0,2016
2016-12-25 19:00:00+00:00,0.0,0.0,18.3,100.0,2.12,TNP_0006,0,2016
2016-12-25 20:00:00+00:00,0.0,0.0,17.99,100.0,2.08,TNP_0006,0,2016
2016-12-25 21:00:00+00:00,0.0,0.0,18.04,100.0,2.05,TNP_0006,0,2016
2016-12-25 22:00:00+00:00,0.0,0.0,18.08,100.0,1.99,TNP_0006,0,2016
2016-12-25 23:00:00+00:00,0.0,0.0,17.9,99.39,1.97,TNP_0006,0,2016
2016-12-26 00:00:00+00:00,0.0,0.0,17.49,99.87,2.01,TNP_0006,0,2016
2016-12-26 01:00:00+00:00,43.78,44.12,18.13,93.9,2.72,TNP_0006,0,2016
2016-12-26 02:00:00+00:00,230.55,234.5,20.96,77.87,2.9,TNP_0006,0,2016
2016-12-26 03:00:00+00:00,443.88,452.12,24.84,56.21,2.96,TNP_0006,0,2016
2016-12-26 04:00:00+00:00,638.03,641.33,28.45,38.18,3.36,TNP_0006,0,2016
2016-12-26 05:00:00+00:00,767.85,770.05,31.2,28.43,3.53,TNP_0006,0,2016
2016-12-26 06:00:00+00:00,813.22,814.55,33.22,22.6,3.48,TNP_0006,0,2016
2016-12-26 07:00:00+00:00,785.62,796.95,34.53,19.25,3.39,TNP_0006,0,2016
2016-12-26 08:00:00+00:00,635.58,704.8,35.16,17.95,3.38,TNP_0006,0,2016
2016-12-26 09:00:00+00:00,425.6,547.95,35.04,17.95,3.66,TNP_0006,0,2016
2016-12-26 10:00:00+00:00,260.58,345.25,34.25,19.01,4.22,TNP_0006,0,2016
2016-12-26 11:00:00+00:00,114.28,135.43,32.49,22.09,4.46,TNP_0006,0,2016
2016-12-26 12:00:00+00:00,7.95,8.27,28.54,31.52,3.84,TNP_0006,0,2016
2016-12-26 13:00:00+00:00,0.0,0.0,27.06,38.07,5.36,TNP_0006,0,2016
2016-12-26 14:00:00+00:00,0.0,0.0,25.41,48.39,5.08,TNP_0006,0,2016
2016-12-26 15:00:00+00:00,0.0,0.0,24.23,58.59,4.64,TNP_0006,0,2016
2016-12-26 16:00:00+00:00,0.0,0.0,23.48,66.69,4.25,TNP_0006,0,2016
2016-12-26 17:00:00+00:00,0.0,0.0,22.83,72.86,3.98,TNP_0006,0,2016
2016-12-26 18:00:00+00:00,0.0,0.0,22.21,77.61,3.77,TNP_0006,0,2016
2016-12-26 19:00:00+00:00,0.0,0.0,21.57,81.56,3.51,TNP_0006,0,2016
2016-12-26 20:00:00+00:00,0.0,0.0,20.99,84.39,3.37,TNP_0006,0,2016
2016-12-26 21:00:00+00:00,0.0,0.0,20.37,87.04,2.91,TNP_0006,0,2016
2016-12-26 22:00:00+00:00,0.0,0.0,19.87,88.49,2.65,TNP_0006,0,2016
2016-12-26 23:00:00+00:00,0.0,0.0,19.51,88.8,2.45,TNP_0006,0,2016
2016-12-27 00:00:00+00:00,0.0,0.0,19.35,87.23,2.52,TNP_0006,0,2016
2016-12-27 01:00:00+00:00,42.8,43.42,20.29,78.93,3.42,TNP_0006,0,2016
2016-12-27 02:00:00+00:00,227.6,235.02,23.43,61.82,4.15,TNP_0006,0,2016
2016-12-27 03:00:00+00:00,434.52,452.48,27.23,44.36,4.79,TNP_0006,0,2016
2016-12-27 04:00:00+00:00,625.7,638.35,30.43,36.08,5.36,TNP_0006,0,2016
2016-12-27 05:00:00+00:00,749.8,765.97,32.58,34.05,5.74,TNP_0006,0,2016
2016-12-27 06:00:00+00:00,788.35,828.42,34.07,32.37,6.26,TNP_0006,0,2016
2016-12-27 07:00:00+00:00,781.33,817.62,34.76,31.65,6.78,TNP_0006,0,2016
2016-12-27 08:00:00+00:00,686.85,731.88,34.62,32.29,7.18,TNP_0006,0,2016
2016-12-27 09:00:00+00:00,492.95,580.6,34.02,34.04,7.31,TNP_0006,0,2016
2016-12-27 10:00:00+00:00,272.67,380.05,32.85,37.26,7.33,TNP_0006,0,2016
2016-12-27 11:00:00+00:00,119.65,160.25,31.06,42.55,7.11,TNP_0006,0,2016
2016-12-27 12:00:00+00:00,7.7,9.93,28.77,50.41,5.84,TNP_0006,0,2016
2016-12-27 13:00:00+00:00,0.0,0.0,27.19,57.65,4.66,TNP_0006,0,2016
2016-12-27 14:00:00+00:00,0.0,0.0,26.12,63.97,4.21,TNP_0006,0,2016
2016-12-27 15:00:00+00:00,0.0,0.0,25.23,69.93,4.15,TNP_0006,0,2016
2016-12-27 16:00:00+00:00,0.0,0.0,24.4,75.81,4.09,TNP_0006,0,2016
2016-12-27 17:00:00+00:00,0.0,0.0,23.61,81.52,3.96,TNP_0006,0,2016
2016-12-27 18:00:00+00:00,0.0,0.0,22.9,86.57,3.84,TNP_0006,0,2016
2016-12-27 19:00:00+00:00,0.0,0.0,22.4,89.81,4.31,TNP_0006,0,2016
2016-12-27 20:00:00+00:00,0.0,0.0,22.01,92.09,4.38,TNP_0006,0,2016
2016-12-27 21:00:00+00:00,0.0,0.0,21.64,93.72,3.83,TNP_0006,0,2016
2016-12-27 22:00:00+00:00,0.0,0.0,21.34,94.66,3.35,TNP_0006,0,2016
2016-12-27 23:00:00+00:00,0.0,0.0,21.1,95.17,3.03,TNP_0006,0,2016
2016-12-28 00:00:00+00:00,0.0,0.0,20.93,95.29,3.07,TNP_0006,0,2016
2016-12-28 01:00:00+00:00,18.9,43.95,21.26,93.53,4.03,TNP_0006,0,2016
2016-12-28 02:00:00+00:00,93.9,240.55,22.77,88.04,4.95,TNP_0006,0,2016
2016-12-28 03:00:00+00:00,192.05,465.45,25.14,77.38,6.1,TNP_0006,0,2016
2016-12-28 04:00:00+00:00,272.4,649.17,27.43,67.57,6.83,TNP_0006,0,2016
2016-12-28 05:00:00+00:00,347.62,776.53,29.25,60.97,7.21,TNP_0006,0,2016
2016-12-28 06:00:00+00:00,384.0,835.58,30.83,54.85,7.36,TNP_0006,0,2016
2016-12-28 07:00:00+00:00,388.83,827.38,31.69,51.13,7.4,TNP_0006,0,2016
2016-12-28 08:00:00+00:00,373.9,742.8,31.87,49.86,7.45,TNP_0006,0,2016
2016-12-28 09:00:00+00:00,401.05,592.42,31.18,51.68,7.34,TNP_0006,0,2016
2016-12-28 10:00:00+00:00,245.77,392.62,30.07,55.29,7.14,TNP_0006,0,2016
2016-12-28 11:00:00+00:00,105.85,171.05,28.51,60.78,6.58,TNP_0006,0,2016
2016-12-28 12:00:00+00:00,9.38,11.45,26.42,70.03,5.02,TNP_0006,0,2016
2016-12-28 13:00:00+00:00,0.0,0.0,24.96,77.88,4.1,TNP_0006,0,2016
2016-12-28 14:00:00+00:00,0.0,0.0,24.03,82.95,3.68,TNP_0006,0,2016
2016-12-28 15:00:00+00:00,0.0,0.0,23.31,86.46,3.53,TNP_0006,0,2016
2016-12-28 16:00:00+00:00,0.0,0.0,22.71,89.0,3.61,TNP_0006,0,2016
2016-12-28 17:00:00+00:00,0.0,0.0,22.22,90.43,3.86,TNP_0006,0,2016
2016-12-28 18:00:00+00:00,0.0,0.0,21.8,91.24,4.27,TNP_0006,0,2016
2016-12-28 19:00:00+00:00,0.0,0.0,21.37,92.39,4.22,TNP_0006,0,2016
2016-12-28 20:00:00+00:00,0.0,0.0,20.94,93.3,4.06,TNP_0006,0,2016
2016-12-28 21:00:00+00:00,0.0,0.0,20.54,93.58,4.02,TNP_0006,0,2016
2016-12-28 22:00:00+00:00,0.0,0.0,20.22,92.96,4.26,TNP_0006,0,2016
2016-12-28 23:00:00+00:00,0.0,0.0,19.8,93.02,4.13,TNP_0006,0,2016
2016-12-29 00:00:00+00:00,0.0,0.0,19.37,93.45,3.96,TNP_0006,0,2016
2016-12-29 01:00:00+00:00,43.72,50.45,19.59,90.95,4.29,TNP_0006,0,2016
2016-12-29 02:00:00+00:00,224.7,262.33,21.98,78.44,5.17,TNP_0006,0,2016
2016-12-29 03:00:00+00:00,438.58,487.62,25.59,59.31,6.8,TNP_0006,0,2016
2016-12-29 04:00:00+00:00,650.22,676.08,28.12,50.63,6.87,TNP_0006,0,2016
2016-12-29 05:00:00+00:00,763.38,804.97,30.02,45.65,6.82,TNP_0006,0,2016
2016-12-29 06:00:00+00:00,757.95,824.95,31.38,41.88,6.92,TNP_0006,0,2016
2016-12-29 07:00:00+00:00,697.88,814.55,32.18,39.38,7.03,TNP_0006,0,2016
2016-12-29 08:00:00+00:00,625.38,725.65,32.35,38.54,7.07,TNP_0006,0,2016
2016-12-29 09:00:00+00:00,506.6,578.47,31.93,39.18,6.83,TNP_0006,0,2016
2016-12-29 10:00:00+00:00,324.15,380.58,30.89,41.68,6.5,TNP_0006,0,2016
2016-12-29 11:00:00+00:00,140.27,161.35,29.15,46.75,6.0,TNP_0006,0,2016
2016-12-29 12:00:00+00:00,10.23,10.85,26.48,57.45,4.28,TNP_0006,0,2016
2016-12-29 13:00:00+00:00,0.0,0.0,24.96,65.88,4.03,TNP_0006,0,2016
2016-12-29 14:00:00+00:00,0.0,0.0,23.83,73.39,3.66,TNP_0006,0,2016
2016-12-29 15:00:00+00:00,0.0,0.0,22.98,79.55,3.64,TNP_0006,0,2016
2016-12-29 16:00:00+00:00,0.0,0.0,22.24,84.39,3.56,TNP_0006,0,2016
2016-12-29 17:00:00+00:00,0.0,0.0,21.53,88.33,3.44,TNP_0006,0,2016
2016-12-29 18:00:00+00:00,0.0,0.0,20.85,91.72,3.3,TNP_0006,0,2016
2016-12-29 19:00:00+00:00,0.0,0.0,20.26,94.21,3.16,TNP_0006,0,2016
2016-12-29 20:00:00+00:00,0.0,0.0,19.74,95.94,3.1,TNP_0006,0,2016
2016-12-29 21:00:00+00:00,0.0,0.0,19.19,97.77,2.86,TNP_0006,0,2016
2016-12-29 22:00:00+00:00,0.0,0.0,18.66,99.63,2.69,TNP_0006,0,2016
2016-12-29 23:00:00+00:00,0.0,0.0,18.25,100.0,2.7,TNP_0006,0,2016
2016-12-30 00:00:00+00:00,0.0,0.0,17.86,100.0,2.69,TNP_0006,0,2016
2016-12-30 01:00:00+00:00,37.25,47.5,18.74,94.53,3.43,TNP_0006,0,2016
2016-12-30 02:00:00+00:00,209.98,256.5,21.98,75.12,4.16,TNP_0006,0,2016
2016-12-30 03:00:00+00:00,437.23,484.2,25.43,56.01,4.88,TNP_0006,0,2016
2016-12-30 04:00:00+00:00,640.62,670.03,27.71,46.15,4.75,TNP_0006,0,2016
2016-12-30 05:00:00+00:00,774.4,800.55,29.6,39.31,4.77,TNP_0006,0,2016
2016-12-30 06:00:00+00:00,830.28,856.25,30.98,34.77,4.96,TNP_0006,0,2016
2016-12-30 07:00:00+00:00,791.17,840.0,31.93,32.0,5.2,TNP_0006,0,2016
2016-12-30 08:00:00+00:00,715.97,746.38,32.27,31.0,5.44,TNP_0006,0,2016
2016-12-30 09:00:00+00:00,549.42,585.15,31.92,31.63,5.64,TNP_0006,0,2016
2016-12-30 10:00:00+00:00,342.52,376.98,30.85,34.1,5.83,TNP_0006,0,2016
2016-12-30 11:00:00+00:00,143.95,157.52,29.01,39.38,5.7,TNP_0006,0,2016
2016-12-30 12:00:00+00:00,10.82,11.15,25.89,51.14,4.31,TNP_0006,0,2016
2016-12-30 13:00:00+00:00,0.0,0.0,24.31,59.11,4.76,TNP_0006,0,2016
2016-12-30 14:00:00+00:00,0.0,0.0,23.2,65.54,4.59,TNP_0006,0,2016
2016-12-30 15:00:00+00:00,0.0,0.0,22.32,70.6,4.19,TNP_0006,0,2016
2016-12-30 16:00:00+00:00,0.0,0.0,21.65,74.17,3.89,TNP_0006,0,2016
2016-12-30 17:00:00+00:00,0.0,0.0,21.06,77.12,3.72,TNP_0006,0,2016
2016-12-30 18:00:00+00:00,0.0,0.0,20.52,79.68,3.58,TNP_0006,0,2016
2016-12-30 19:00:00+00:00,0.0,0.0,19.92,82.62,3.39,TNP_0006,0,2016
2016-12-30 20:00:00+00:00,0.0,0.0,19.27,86.01,3.14,TNP_0006,0,2016
2016-12-30 21:00:00+00:00,0.0,0.0,18.57,89.81,2.69,TNP_0006,0,2016
2016-12-30 22:00:00+00:00,0.0,0.0,17.91,93.38,2.39,TNP_0006,0,2016
2016-12-30 23:00:00+00:00,0.0,0.0,17.43,95.97,2.31,TNP_0006,0,2016
2016-12-31 00:00:00+00:00,0.0,0.0,17.05,98.05,2.3,TNP_0006,0,2016
2016-12-31 01:00:00+00:00,46.08,50.08,18.18,91.08,2.77,TNP_0006,0,2016
2016-12-31 02:00:00+00:00,254.25,266.4,21.36,73.78,3.2,TNP_0006,0,2016
2016-12-31 03:00:00+00:00,485.12,495.95,25.31,52.58,3.81,TNP_0006,0,2016
2016-12-31 04:00:00+00:00,687.45,687.7,27.6,43.27,4.05,TNP_0006,0,2016
2016-12-31 05:00:00+00:00,815.67,818.33,29.55,36.96,4.31,TNP_0006,0,2016
2016-12-31 06:00:00+00:00,856.4,860.17,31.02,32.84,4.58,TNP_0006,0,2016
2016-12-31 07:00:00+00:00,846.4,848.83,32.09,30.13,4.85,TNP_0006,0,2016
2016-12-31 08:00:00+00:00,745.2,756.12,32.55,28.74,5.12,TNP_0006,0,2016
2016-12-31 09:00:00+00:00,590.4,593.45,32.27,28.75,5.3,TNP_0006,0,2016
2016-12-31 10:00:00+00:00,378.05,380.42,31.3,30.21,5.44,TNP_0006,0,2016
2016-12-31 11:00:00+00:00,157.2,157.65,29.49,34.29,5.23,TNP_0006,0,2016
2016-12-31 12:00:00+00:00,11.35,11.38,25.78,46.58,3.7,TNP_0006,0,2016
2016-12-31 13:00:00+00:00,0.0,0.0,24.21,53.61,4.4,TNP_0006,0,2016
2016-12-31 14:00:00+00:00,0.0,0.0,23.1,60.18,4.36,TNP_0006,0,2016
2016-12-31 15:00:00+00:00,0.0,0.0,22.07,66.91,3.7,TNP_0006,0,2016
2016-12-31 16:00:00+00:00,0.0,0.0,21.17,73.15,3.09,TNP_0006,0,2016
2016-12-31 17:00:00+00:00,0.0,0.0,20.46,78.47,2.91,TNP_0006,0,2016
2016-12-31 18:00:00+00:00,0.0,0.0,19.84,83.61,2.88,TNP_0006,0,2016
2016-12-31 19:00:00+00:00,0.0,0.0,19.26,88.38,2.8,TNP_0006,0,2016
2016-12-31 20:00:00+00:00,0.0,0.0,18.74,92.56,2.72,TNP_0006,0,2016
2016-12-31 21:00:00+00:00,0.0,0.0,18.29,95.64,2.64,TNP_0006,0,2016
2016-12-31 22:00:00+00:00,0.0,0.0,18.02,96.75,2.75,TNP_0006,0,2016
2016-12-31 23:00:00+00:00,0.0,0.0,17.83,96.98,2.87,TNP_0006,0,2016
