timestamp_utc,GHI_Wm2,T_amb_C,RH_pct,WS_ms,local_hour,local_date,point_id,cluster_id,year
2025-01-01 00:00:00+00:00,0.0,9.98,69.02,3.77,5,2025-01-01,RJP_0094,0,2025
2025-01-01 01:00:00+00:00,0.0,9.63,69.53,3.82,6,2025-01-01,RJP_0094,0,2025
2025-01-01 02:00:00+00:00,61.8,11.31,62.07,4.81,7,2025-01-01,RJP_0094,0,2025
2025-01-01 03:00:00+00:00,163.38,14.25,52.48,4.35,8,2025-01-01,RJP_0094,0,2025
2025-01-01 04:00:00+00:00,270.0,18.81,40.43,3.83,9,2025-01-01,RJP_0094,0,2025
2025-01-01 05:00:00+00:00,402.55,23.31,30.77,3.83,10,2025-01-01,RJP_0094,0,2025
2025-01-01 06:00:00+00:00,609.67,25.99,24.51,3.18,11,2025-01-01,RJP_0094,0,2025
2025-01-01 07:00:00+00:00,680.33,27.54,21.41,2.92,12,2025-01-01,RJP_0094,0,2025
2025-01-01 08:00:00+00:00,618.88,28.4,19.69,2.85,13,2025-01-01,RJP_0094,0,2025
2025-01-01 09:00:00+00:00,489.3,28.6,18.93,2.76,14,2025-01-01,RJP_0094,0,2025
2025-01-01 10:00:00+00:00,310.1,27.93,19.84,2.64,15,2025-01-01,RJP_0094,0,2025
2025-01-01 11:00:00+00:00,115.65,24.41,40.4,2.01,16,2025-01-01,RJP_0094,0,2025
2025-01-01 12:00:00+00:00,4.93,20.2,44.91,2.8,17,2025-01-01,RJP_0094,0,2025
2025-01-01 13:00:00+00:00,0.0,18.1,48.08,3.32,18,2025-01-01,RJP_0094,0,2025
2025-01-01 14:00:00+00:00,0.0,16.83,49.61,3.59,19,2025-01-01,RJP_0094,0,2025
2025-01-01 15:00:00+00:00,0.0,15.78,51.15,3.63,20,2025-01-01,RJP_0094,0,2025
2025-01-01 16:00:00+00:00,0.0,14.8,53.47,3.6,21,2025-01-01,RJP_0094,0,2025
2025-01-01 17:00:00+00:00,0.0,13.9,56.09,3.52,22,2025-01-01,RJP_0094,0,2025
2025-01-01 18:00:00+00:00,0.0,13.03,58.71,3.43,23,2025-01-01,RJP_0094,0,2025
2025-01-01 19:00:00+00:00,0.0,12.27,60.82,3.37,0,2025-01-02,RJP_0094,0,2025
2025-01-01 20:00:00+00:00,0.0,11.6,62.63,3.3,1,2025-01-02,RJP_0094,0,2025
2025-01-01 21:00:00+00:00,0.0,11.01,64.52,3.2,2,2025-01-02,RJP_0094,0,2025
2025-01-01 22:00:00+00:00,0.0,10.53,65.98,3.12,3,2025-01-02,RJP_0094,0,2025
2025-01-01 23:00:00+00:00,0.0,10.15,67.17,3.05,4,2025-01-02,RJP_0094,0,2025
2025-01-02 00:00:00+00:00,0.0,9.86,68.02,2.99,5,2025-01-02,RJP_0094,0,2025
2025-01-02 01:00:00+00:00,0.0,9.69,68.35,2.95,6,2025-01-02,RJP_0094,0,2025
2025-01-02 02:00:00+00:00,86.45,12.3,59.04,2.89,7,2025-01-02,RJP_0094,0,2025
2025-01-02 03:00:00+00:00,272.2,16.06,43.46,3.51,8,2025-01-02,RJP_0094,0,2025
2025-01-02 04:00:00+00:00,464.23,19.83,35.58,2.42,9,2025-01-02,RJP_0094,0,2025
2025-01-02 05:00:00+00:00,612.95,24.86,22.9,1.42,10,2025-01-02,RJP_0094,0,2025
2025-01-02 06:00:00+00:00,719.28,27.88,18.06,0.81,11,2025-01-02,RJP_0094,0,2025
2025-01-02 07:00:00+00:00,726.4,29.35,16.37,0.53,12,2025-01-02,RJP_0094,0,2025
2025-01-02 08:00:00+00:00,652.97,29.95,15.68,0.59,13,2025-01-02,RJP_0094,0,2025
2025-01-02 09:00:00+00:00,533.9,29.98,15.53,0.68,14,2025-01-02,RJP_0094,0,2025
2025-01-02 10:00:00+00:00,349.33,29.45,16.66,0.63,15,2025-01-02,RJP_0094,0,2025
2025-01-02 11:00:00+00:00,138.8,27.48,28.73,0.57,16,2025-01-02,RJP_0094,0,2025
2025-01-02 12:00:00+00:00,6.0,24.41,29.15,1.25,17,2025-01-02,RJP_0094,0,2025
2025-01-02 13:00:00+00:00,0.0,21.88,35.54,2.08,18,2025-01-02,RJP_0094,0,2025
2025-01-02 14:00:00+00:00,0.0,19.78,40.46,2.75,19,2025-01-02,RJP_0094,0,2025
2025-01-02 15:00:00+00:00,0.0,17.96,45.35,3.15,20,2025-01-02,RJP_0094,0,2025
2025-01-02 16:00:00+00:00,0.0,16.43,49.89,3.34,21,2025-01-02,RJP_0094,0,2025
2025-01-02 17:00:00+00:00,0.0,15.24,53.93,3.34,22,2025-01-02,RJP_0094,0,2025
2025-01-02 18:00:00+00:00,0.0,14.22,58.07,3.19,23,2025-01-02,RJP_0094,0,2025
2025-01-02 19:00:00+00:00,0.0,13.37,61.77,2.97,0,2025-01-03,RJP_0094,0,2025
2025-01-02 20:00:00+00:00,0.0,12.68,64.81,2.78,1,2025-01-03,RJP_0094,0,2025
2025-01-02 21:00:00+00:00,0.0,12.12,66.78,2.68,2,2025-01-03,RJP_0094,0,2025
2025-01-02 22:00:00+00:00,0.0,11.69,67.66,2.63,3,2025-01-03,RJP_0094,0,2025
2025-01-02 23:00:00+00:00,0.0,11.35,68.17,2.65,4,2025-01-03,RJP_0094,0,2025
2025-01-03 00:00:00+00:00,0.0,11.09,68.21,2.67,5,2025-01-03,RJP_0094,0,2025
2025-01-03 01:00:00+00:00,0.0,10.87,68.31,2.7,6,2025-01-03,RJP_0094,0,2025
2025-01-03 02:00:00+00:00,97.38,13.39,61.27,2.45,7,2025-01-03,RJP_0094,0,2025
2025-01-03 03:00:00+00:00,298.38,17.56,43.25,3.19,8,2025-01-03,RJP_0094,0,2025
2025-01-03 04:00:00+00:00,488.58,21.37,35.67,2.2,9,2025-01-03,RJP_0094,0,2025
2025-01-03 05:00:00+00:00,632.38,26.56,23.45,2.31,10,2025-01-03,RJP_0094,0,2025
2025-01-03 06:00:00+00:00,728.62,29.18,18.75,2.54,11,2025-01-03,RJP_0094,0,2025
2025-01-03 07:00:00+00:00,736.78,30.36,17.17,2.64,12,2025-01-03,RJP_0094,0,2025
2025-01-03 08:00:00+00:00,672.5,30.89,16.43,2.68,13,2025-01-03,RJP_0094,0,2025
2025-01-03 09:00:00+00:00,541.9,30.79,16.48,2.54,14,2025-01-03,RJP_0094,0,2025
2025-01-03 10:00:00+00:00,357.85,29.99,17.87,2.31,15,2025-01-03,RJP_0094,0,2025
2025-01-03 11:00:00+00:00,145.15,26.89,36.23,1.6,16,2025-01-03,RJP_0094,0,2025
2025-01-03 12:00:00+00:00,6.5,23.89,35.69,1.77,17,2025-01-03,RJP_0094,0,2025
2025-01-03 13:00:00+00:00,0.0,22.48,37.86,1.7,18,2025-01-03,RJP_0094,0,2025
2025-01-03 14:00:00+00:00,0.0,21.33,40.51,1.73,19,2025-01-03,RJP_0094,0,2025
2025-01-03 15:00:00+00:00,0.0,20.13,43.5,1.95,20,2025-01-03,RJP_0094,0,2025
2025-01-03 16:00:00+00:00,0.0,18.6,48.43,2.3,21,2025-01-03,RJP_0094,0,2025
2025-01-03 17:00:00+00:00,0.0,17.25,53.27,2.43,22,2025-01-03,RJP_0094,0,2025
2025-01-03 18:00:00+00:00,0.0,15.82,58.75,2.67,23,2025-01-03,RJP_0094,0,2025
2025-01-03 19:00:00+00:00,0.0,14.56,63.47,2.95,0,2025-01-04,RJP_0094,0,2025
2025-01-03 20:00:00+00:00,0.0,13.77,66.48,2.93,1,2025-01-04,RJP_0094,0,2025
2025-01-03 21:00:00+00:00,0.0,13.18,68.66,2.76,2,2025-01-04,RJP_0094,0,2025
2025-01-03 22:00:00+00:00,0.0,12.64,70.04,2.72,3,2025-01-04,RJP_0094,0,2025
2025-01-03 23:00:00+00:00,0.0,12.19,70.61,2.76,4,2025-01-04,RJP_0094,0,2025
2025-01-04 00:00:00+00:00,0.0,11.82,70.81,2.81,5,2025-01-04,RJP_0094,0,2025
2025-01-04 01:00:00+00:00,0.0,11.5,70.66,2.86,6,2025-01-04,RJP_0094,0,2025
2025-01-04 02:00:00+00:00,99.22,14.1,61.2,2.64,7,2025-01-04,RJP_0094,0,2025
2025-01-04 03:00:00+00:00,304.3,18.09,44.54,3.2,8,2025-01-04,RJP_0094,0,2025
2025-01-04 04:00:00+00:00,493.77,22.03,36.14,2.29,9,2025-01-04,RJP_0094,0,2025
2025-01-04 05:00:00+00:00,635.7,27.18,23.21,3.15,10,2025-01-04,RJP_0094,0,2025
2025-01-04 06:00:00+00:00,728.53,29.44,19.23,3.05,11,2025-01-04,RJP_0094,0,2025
2025-01-04 07:00:00+00:00,736.88,30.62,17.48,3.22,12,2025-01-04,RJP_0094,0,2025
2025-01-04 08:00:00+00:00,673.55,31.21,16.54,3.59,13,2025-01-04,RJP_0094,0,2025
2025-01-04 09:00:00+00:00,543.2,31.02,16.74,3.83,14,2025-01-04,RJP_0094,0,2025
2025-01-04 10:00:00+00:00,358.92,30.01,18.24,3.78,15,2025-01-04,RJP_0094,0,2025
2025-01-04 11:00:00+00:00,146.0,26.41,33.46,2.41,16,2025-01-04,RJP_0094,0,2025
2025-01-04 12:00:00+00:00,6.85,22.04,42.11,2.65,17,2025-01-04,RJP_0094,0,2025
2025-01-04 13:00:00+00:00,0.0,21.22,42.21,2.35,18,2025-01-04,RJP_0094,0,2025
2025-01-04 14:00:00+00:00,0.0,20.87,42.02,1.78,19,2025-01-04,RJP_0094,0,2025
2025-01-04 15:00:00+00:00,0.0,20.62,40.96,1.26,20,2025-01-04,RJP_0094,0,2025
2025-01-04 16:00:00+00:00,0.0,19.95,42.49,0.84,21,2025-01-04,RJP_0094,0,2025
2025-01-04 17:00:00+00:00,0.0,19.08,44.91,0.66,22,2025-01-04,RJP_0094,0,2025
2025-01-04 18:00:00+00:00,0.0,18.14,47.39,0.76,23,2025-01-04,RJP_0094,0,2025
2025-01-04 19:00:00+00:00,0.0,17.27,50.29,0.85,0,2025-01-05,RJP_0094,0,2025
2025-01-04 20:00:00+00:00,0.0,16.5,53.04,0.84,1,2025-01-05,RJP_0094,0,2025
2025-01-04 21:00:00+00:00,0.0,15.55,56.69,0.8,2,2025-01-05,RJP_0094,0,2025
2025-01-04 22:00:00+00:00,0.0,14.76,59.82,1.06,3,2025-01-05,RJP_0094,0,2025
2025-01-04 23:00:00+00:00,0.0,13.7,64.27,1.44,4,2025-01-05,RJP_0094,0,2025
2025-01-05 00:00:00+00:00,0.0,12.82,68.53,1.8,5,2025-01-05,RJP_0094,0,2025
2025-01-05 01:00:00+00:00,0.0,12.15,72.23,2.19,6,2025-01-05,RJP_0094,0,2025
2025-01-05 02:00:00+00:00,90.07,14.11,66.41,2.32,7,2025-01-05,RJP_0094,0,2025
2025-01-05 03:00:00+00:00,282.58,17.68,50.8,2.93,8,2025-01-05,RJP_0094,0,2025
2025-01-05 04:00:00+00:00,464.0,21.49,39.86,2.6,9,2025-01-05,RJP_0094,0,2025
2025-01-05 05:00:00+00:00,590.15,25.21,30.47,3.21,10,2025-01-05,RJP_0094,0,2025
2025-01-05 06:00:00+00:00,676.6,27.58,25.5,4.08,11,2025-01-05,RJP_0094,0,2025
2025-01-05 07:00:00+00:00,696.15,28.77,23.33,4.76,12,2025-01-05,RJP_0094,0,2025
2025-01-05 08:00:00+00:00,641.17,29.2,22.5,5.12,13,2025-01-05,RJP_0094,0,2025
2025-01-05 09:00:00+00:00,512.75,28.9,22.84,4.98,14,2025-01-05,RJP_0094,0,2025
2025-01-05 10:00:00+00:00,332.67,28.02,24.24,4.57,15,2025-01-05,RJP_0094,0,2025
2025-01-05 11:00:00+00:00,131.98,25.07,36.8,2.69,16,2025-01-05,RJP_0094,0,2025
2025-01-05 12:00:00+00:00,6.47,21.26,46.73,2.43,17,2025-01-05,RJP_0094,0,2025
2025-01-05 13:00:00+00:00,0.0,20.41,47.59,2.1,18,2025-01-05,RJP_0094,0,2025
2025-01-05 14:00:00+00:00,0.0,19.67,48.91,1.84,19,2025-01-05,RJP_0094,0,2025
2025-01-05 15:00:00+00:00,0.0,18.53,52.09,1.86,20,2025-01-05,RJP_0094,0,2025
2025-01-05 16:00:00+00:00,0.0,17.27,55.78,2.02,21,2025-01-05,RJP_0094,0,2025
2025-01-05 17:00:00+00:00,0.0,16.23,58.07,2.14,22,2025-01-05,RJP_0094,0,2025
2025-01-05 18:00:00+00:00,0.0,15.39,59.03,2.31,23,2025-01-05,RJP_0094,0,2025
2025-01-05 19:00:00+00:00,0.0,14.7,58.72,2.64,0,2025-01-06,RJP_0094,0,2025
2025-01-05 20:00:00+00:00,0.0,13.88,59.16,2.93,1,2025-01-06,RJP_0094,0,2025
2025-01-05 21:00:00+00:00,0.0,12.98,60.43,3.18,2,2025-01-06,RJP_0094,0,2025
2025-01-05 22:00:00+00:00,0.0,12.23,60.84,3.38,3,2025-01-06,RJP_0094,0,2025
2025-01-05 23:00:00+00:00,0.0,11.61,60.77,3.5,4,2025-01-06,RJP_0094,0,2025
2025-01-06 00:00:00+00:00,0.0,11.02,61.22,3.58,5,2025-01-06,RJP_0094,0,2025
2025-01-06 01:00:00+00:00,0.0,10.48,62.17,3.65,6,2025-01-06,RJP_0094,0,2025
2025-01-06 02:00:00+00:00,73.6,11.8,55.65,4.73,7,2025-01-06,RJP_0094,0,2025
2025-01-06 03:00:00+00:00,257.15,14.48,46.76,4.41,8,2025-01-06,RJP_0094,0,2025
2025-01-06 04:00:00+00:00,452.8,19.18,35.21,4.71,9,2025-01-06,RJP_0094,0,2025
2025-01-06 05:00:00+00:00,615.97,22.62,29.52,3.8,10,2025-01-06,RJP_0094,0,2025
2025-01-06 06:00:00+00:00,622.75,24.51,26.26,2.77,11,2025-01-06,RJP_0094,0,2025
2025-01-06 07:00:00+00:00,639.33,25.67,23.1,2.52,12,2025-01-06,RJP_0094,0,2025
2025-01-06 08:00:00+00:00,582.62,26.3,20.54,2.66,13,2025-01-06,RJP_0094,0,2025
2025-01-06 09:00:00+00:00,456.67,26.32,18.96,2.91,14,2025-01-06,RJP_0094,0,2025
2025-01-06 10:00:00+00:00,287.52,25.67,18.47,3.15,15,2025-01-06,RJP_0094,0,2025
2025-01-06 11:00:00+00:00,117.72,22.68,31.21,2.29,16,2025-01-06,RJP_0094,0,2025
2025-01-06 12:00:00+00:00,5.9,18.36,38.77,2.93,17,2025-01-06,RJP_0094,0,2025
2025-01-06 13:00:00+00:00,0.0,16.63,40.49,3.38,18,2025-01-06,RJP_0094,0,2025
2025-01-06 14:00:00+00:00,0.0,15.55,41.92,3.63,19,2025-01-06,RJP_0094,0,2025
2025-01-06 15:00:00+00:00,0.0,14.73,43.84,3.79,20,2025-01-06,RJP_0094,0,2025
2025-01-06 16:00:00+00:00,0.0,14.03,46.27,4.01,21,2025-01-06,RJP_0094,0,2025
2025-01-06 17:00:00+00:00,0.0,13.34,49.33,4.24,22,2025-01-06,RJP_0094,0,2025
2025-01-06 18:00:00+00:00,0.0,12.69,52.33,4.5,23,2025-01-06,RJP_0094,0,2025
2025-01-06 19:00:00+00:00,0.0,12.01,55.4,4.74,0,2025-01-07,RJP_0094,0,2025
2025-01-06 20:00:00+00:00,0.0,11.28,58.14,4.93,1,2025-01-07,RJP_0094,0,2025
2025-01-06 21:00:00+00:00,0.0,10.56,60.62,5.06,2,2025-01-07,RJP_0094,0,2025
2025-01-06 22:00:00+00:00,0.0,9.91,62.15,5.07,3,2025-01-07,RJP_0094,0,2025
2025-01-06 23:00:00+00:00,0.0,9.27,63.42,4.96,4,2025-01-07,RJP_0094,0,2025
2025-01-07 00:00:00+00:00,0.0,8.62,65.05,4.63,5,2025-01-07,RJP_0094,0,2025
2025-01-07 01:00:00+00:00,0.0,8.0,67.02,4.29,6,2025-01-07,RJP_0094,0,2025
2025-01-07 02:00:00+00:00,82.53,9.33,61.03,5.02,7,2025-01-07,RJP_0094,0,2025
2025-01-07 03:00:00+00:00,273.6,12.28,51.06,4.06,8,2025-01-07,RJP_0094,0,2025
2025-01-07 04:00:00+00:00,468.52,17.3,37.43,3.97,9,2025-01-07,RJP_0094,0,2025
2025-01-07 05:00:00+00:00,619.85,20.94,28.36,4.09,10,2025-01-07,RJP_0094,0,2025
2025-01-07 06:00:00+00:00,717.17,22.7,23.51,3.66,11,2025-01-07,RJP_0094,0,2025
2025-01-07 07:00:00+00:00,730.58,23.95,19.82,3.43,12,2025-01-07,RJP_0094,0,2025
2025-01-07 08:00:00+00:00,669.35,24.69,16.97,3.27,13,2025-01-07,RJP_0094,0,2025
2025-01-07 09:00:00+00:00,540.33,24.82,15.22,3.2,14,2025-01-07,RJP_0094,0,2025
2025-01-07 10:00:00+00:00,356.42,24.23,14.78,3.2,15,2025-01-07,RJP_0094,0,2025
2025-01-07 11:00:00+00:00,147.35,21.29,26.56,2.23,16,2025-01-07,RJP_0094,0,2025
2025-01-07 12:00:00+00:00,7.72,16.57,34.94,2.81,17,2025-01-07,RJP_0094,0,2025
2025-01-07 13:00:00+00:00,0.0,14.63,37.05,3.22,18,2025-01-07,RJP_0094,0,2025
2025-01-07 14:00:00+00:00,0.0,13.3,38.88,3.51,19,2025-01-07,RJP_0094,0,2025
2025-01-07 15:00:00+00:00,0.0,12.28,41.03,3.63,20,2025-01-07,RJP_0094,0,2025
2025-01-07 16:00:00+00:00,0.0,11.43,44.22,3.63,21,2025-01-07,RJP_0094,0,2025
2025-01-07 17:00:00+00:00,0.0,10.62,48.25,3.56,22,2025-01-07,RJP_0094,0,2025
2025-01-07 18:00:00+00:00,0.0,9.86,52.43,3.49,23,2025-01-07,RJP_0094,0,2025
2025-01-07 19:00:00+00:00,0.0,9.19,56.17,3.45,0,2025-01-08,RJP_0094,0,2025
2025-01-07 20:00:00+00:00,0.0,8.57,59.26,3.38,1,2025-01-08,RJP_0094,0,2025
2025-01-07 21:00:00+00:00,0.0,7.96,62.04,3.28,2,2025-01-08,RJP_0094,0,2025
2025-01-07 22:00:00+00:00,0.0,7.4,64.59,3.17,3,2025-01-08,RJP_0094,0,2025
2025-01-07 23:00:00+00:00,0.0,6.87,67.15,3.02,4,2025-01-08,RJP_0094,0,2025
2025-01-08 00:00:00+00:00,0.0,6.44,69.38,2.82,5,2025-01-08,RJP_0094,0,2025
2025-01-08 01:00:00+00:00,0.0,6.13,70.77,2.66,6,2025-01-08,RJP_0094,0,2025
2025-01-08 02:00:00+00:00,91.38,8.68,61.45,2.75,7,2025-01-08,RJP_0094,0,2025
2025-01-08 03:00:00+00:00,293.55,12.11,47.79,2.91,8,2025-01-08,RJP_0094,0,2025
2025-01-08 04:00:00+00:00,487.42,16.81,33.22,2.29,9,2025-01-08,RJP_0094,0,2025
2025-01-08 05:00:00+00:00,634.0,20.8,22.55,2.27,10,2025-01-08,RJP_0094,0,2025
2025-01-08 06:00:00+00:00,728.65,22.92,18.95,2.03,11,2025-01-08,RJP_0094,0,2025
2025-01-08 07:00:00+00:00,738.55,24.52,16.43,1.73,12,2025-01-08,RJP_0094,0,2025
2025-01-08 08:00:00+00:00,675.38,25.52,14.79,1.42,13,2025-01-08,RJP_0094,0,2025
2025-01-08 09:00:00+00:00,544.75,25.8,13.97,1.19,14,2025-01-08,RJP_0094,0,2025
2025-01-08 10:00:00+00:00,359.6,25.32,14.13,1.19,15,2025-01-08,RJP_0094,0,2025
2025-01-08 11:00:00+00:00,149.45,22.99,26.94,1.08,16,2025-01-08,RJP_0094,0,2025
2025-01-08 12:00:00+00:00,8.2,19.77,28.36,1.61,17,2025-01-08,RJP_0094,0,2025
2025-01-08 13:00:00+00:00,0.0,17.97,30.84,2.14,18,2025-01-08,RJP_0094,0,2025
2025-01-08 14:00:00+00:00,0.0,16.18,34.98,2.57,19,2025-01-08,RJP_0094,0,2025
2025-01-08 15:00:00+00:00,0.0,14.69,38.78,2.85,20,2025-01-08,RJP_0094,0,2025
2025-01-08 16:00:00+00:00,0.0,13.45,42.34,2.98,21,2025-01-08,RJP_0094,0,2025
2025-01-08 17:00:00+00:00,0.0,12.35,45.83,3.06,22,2025-01-08,RJP_0094,0,2025
2025-01-08 18:00:00+00:00,0.0,11.39,49.16,3.11,23,2025-01-08,RJP_0094,0,2025
2025-01-08 19:00:00+00:00,0.0,10.56,52.43,3.14,0,2025-01-09,RJP_0094,0,2025
2025-01-08 20:00:00+00:00,0.0,9.83,55.42,3.13,1,2025-01-09,RJP_0094,0,2025
2025-01-08 21:00:00+00:00,0.0,9.18,58.02,3.11,2,2025-01-09,RJP_0094,0,2025
2025-01-08 22:00:00+00:00,0.0,8.61,60.3,3.12,3,2025-01-09,RJP_0094,0,2025
2025-01-08 23:00:00+00:00,0.0,8.15,61.94,3.13,4,2025-01-09,RJP_0094,0,2025
2025-01-09 00:00:00+00:00,0.0,7.78,62.81,3.14,5,2025-01-09,RJP_0094,0,2025
2025-01-09 01:00:00+00:00,0.0,7.49,63.35,3.16,6,2025-01-09,RJP_0094,0,2025
2025-01-09 02:00:00+00:00,90.72,10.41,52.42,3.3,7,2025-01-09,RJP_0094,0,2025
2025-01-09 03:00:00+00:00,293.77,14.31,39.92,3.78,8,2025-01-09,RJP_0094,0,2025
2025-01-09 04:00:00+00:00,489.05,18.9,29.97,3.06,9,2025-01-09,RJP_0094,0,2025
2025-01-09 05:00:00+00:00,638.08,23.63,19.03,3.97,10,2025-01-09,RJP_0094,0,2025
2025-01-09 06:00:00+00:00,729.45,25.83,15.39,3.87,11,2025-01-09,RJP_0094,0,2025
2025-01-09 07:00:00+00:00,742.0,27.35,13.24,3.65,12,2025-01-09,RJP_0094,0,2025
2025-01-09 08:00:00+00:00,680.88,28.17,12.12,3.33,13,2025-01-09,RJP_0094,0,2025
2025-01-09 09:00:00+00:00,551.8,28.22,11.91,2.82,14,2025-01-09,RJP_0094,0,2025
2025-01-09 10:00:00+00:00,368.48,27.48,12.73,2.33,15,2025-01-09,RJP_0094,0,2025
2025-01-09 11:00:00+00:00,156.25,24.54,26.56,1.5,16,2025-01-09,RJP_0094,0,2025
2025-01-09 12:00:00+00:00,9.02,21.5,27.31,1.58,17,2025-01-09,RJP_0094,0,2025
2025-01-09 13:00:00+00:00,0.0,19.8,29.27,1.89,18,2025-01-09,RJP_0094,0,2025
2025-01-09 14:00:00+00:00,0.0,17.86,33.44,2.53,19,2025-01-09,RJP_0094,0,2025
2025-01-09 15:00:00+00:00,0.0,15.59,39.27,3.19,20,2025-01-09,RJP_0094,0,2025
2025-01-09 16:00:00+00:00,0.0,14.11,43.98,3.61,21,2025-01-09,RJP_0094,0,2025
2025-01-09 17:00:00+00:00,0.0,13.23,48.01,3.72,22,2025-01-09,RJP_0094,0,2025
2025-01-09 18:00:00+00:00,0.0,12.42,52.46,3.65,23,2025-01-09,RJP_0094,0,2025
2025-01-09 19:00:00+00:00,0.0,11.64,56.49,3.53,0,2025-01-10,RJP_0094,0,2025
2025-01-09 20:00:00+00:00,0.0,10.97,59.16,3.42,1,2025-01-10,RJP_0094,0,2025
2025-01-09 21:00:00+00:00,0.0,10.36,61.11,3.31,2,2025-01-10,RJP_0094,0,2025
2025-01-09 22:00:00+00:00,0.0,9.78,62.49,3.24,3,2025-01-10,RJP_0094,0,2025
2025-01-09 23:00:00+00:00,0.0,9.3,63.49,3.32,4,2025-01-10,RJP_0094,0,2025
2025-01-10 00:00:00+00:00,0.0,8.89,64.34,3.47,5,2025-01-10,RJP_0094,0,2025
2025-01-10 01:00:00+00:00,0.0,8.54,65.23,3.63,6,2025-01-10,RJP_0094,0,2025
2025-01-10 02:00:00+00:00,87.2,10.53,56.73,4.83,7,2025-01-10,RJP_0094,0,2025
2025-01-10 03:00:00+00:00,280.92,13.57,47.07,4.31,8,2025-01-10,RJP_0094,0,2025
2025-01-10 04:00:00+00:00,466.5,18.17,36.21,3.48,9,2025-01-10,RJP_0094,0,2025
2025-01-10 05:00:00+00:00,606.65,24.23,21.84,4.74,10,2025-01-10,RJP_0094,0,2025
2025-01-10 06:00:00+00:00,691.58,27.02,17.69,4.72,11,2025-01-10,RJP_0094,0,2025
2025-01-10 07:00:00+00:00,696.67,28.13,17.01,4.45,12,2025-01-10,RJP_0094,0,2025
2025-01-10 08:00:00+00:00,629.9,28.56,17.21,4.37,13,2025-01-10,RJP_0094,0,2025
2025-01-10 09:00:00+00:00,496.08,28.3,18.19,4.17,14,2025-01-10,RJP_0094,0,2025
2025-01-10 10:00:00+00:00,314.4,27.46,19.95,3.75,15,2025-01-10,RJP_0094,0,2025
2025-01-10 11:00:00+00:00,125.38,24.29,33.22,2.14,16,2025-01-10,RJP_0094,0,2025
2025-01-10 12:00:00+00:00,7.53,21.68,36.63,1.82,17,2025-01-10,RJP_0094,0,2025
2025-01-10 13:00:00+00:00,0.0,20.7,37.9,1.74,18,2025-01-10,RJP_0094,0,2025
2025-01-10 14:00:00+00:00,0.0,18.93,42.46,2.3,19,2025-01-10,RJP_0094,0,2025
2025-01-10 15:00:00+00:00,0.0,17.47,46.0,2.84,20,2025-01-10,RJP_0094,0,2025
2025-01-10 16:00:00+00:00,0.0,16.37,48.91,3.15,21,2025-01-10,RJP_0094,0,2025
2025-01-10 17:00:00+00:00,0.0,15.39,52.15,3.28,22,2025-01-10,RJP_0094,0,2025
2025-01-10 18:00:00+00:00,0.0,14.47,55.61,3.3,23,2025-01-10,RJP_0094,0,2025
2025-01-10 19:00:00+00:00,0.0,13.71,58.51,3.27,0,2025-01-11,RJP_0094,0,2025
2025-01-10 20:00:00+00:00,0.0,13.11,60.63,3.23,1,2025-01-11,RJP_0094,0,2025
2025-01-10 21:00:00+00:00,0.0,12.61,62.32,3.19,2,2025-01-11,RJP_0094,0,2025
2025-01-10 22:00:00+00:00,0.0,12.1,64.32,3.06,3,2025-01-11,RJP_0094,0,2025
2025-01-10 23:00:00+00:00,0.0,11.74,65.64,2.88,4,2025-01-11,RJP_0094,0,2025
2025-01-11 00:00:00+00:00,0.0,11.39,67.22,2.74,5,2025-01-11,RJP_0094,0,2025
2025-01-11 01:00:00+00:00,0.0,11.3,68.15,2.6,6,2025-01-11,RJP_0094,0,2025
2025-01-11 02:00:00+00:00,49.53,13.04,61.75,3.06,7,2025-01-11,RJP_0094,0,2025
2025-01-11 03:00:00+00:00,172.82,15.23,54.61,2.85,8,2025-01-11,RJP_0094,0,2025
2025-01-11 04:00:00+00:00,302.65,18.74,43.94,2.6,9,2025-01-11,RJP_0094,0,2025
2025-01-11 05:00:00+00:00,436.62,22.14,34.84,3.1,10,2025-01-11,RJP_0094,0,2025
2025-01-11 06:00:00+00:00,503.98,24.89,31.02,3.73,11,2025-01-11,RJP_0094,0,2025
2025-01-11 07:00:00+00:00,502.1,26.34,31.37,4.6,12,2025-01-11,RJP_0094,0,2025
2025-01-11 08:00:00+00:00,478.75,26.64,32.7,5.05,13,2025-01-11,RJP_0094,0,2025
2025-01-11 09:00:00+00:00,317.0,26.35,34.33,5.11,14,2025-01-11,RJP_0094,0,2025
2025-01-11 10:00:00+00:00,180.55,25.49,36.64,4.83,15,2025-01-11,RJP_0094,0,2025
2025-01-11 11:00:00+00:00,73.62,23.42,43.63,3.25,16,2025-01-11,RJP_0094,0,2025
2025-01-11 12:00:00+00:00,5.15,19.78,56.1,2.78,17,2025-01-11,RJP_0094,0,2025
2025-01-11 13:00:00+00:00,0.0,18.65,59.6,2.81,18,2025-01-11,RJP_0094,0,2025
2025-01-11 14:00:00+00:00,0.0,17.84,61.92,2.76,19,2025-01-11,RJP_0094,0,2025
2025-01-11 15:00:00+00:00,0.0,17.01,63.93,2.72,20,2025-01-11,RJP_0094,0,2025
2025-01-11 16:00:00+00:00,0.0,16.08,65.8,2.67,21,2025-01-11,RJP_0094,0,2025
2025-01-11 17:00:00+00:00,0.0,15.29,66.54,2.86,22,2025-01-11,RJP_0094,0,2025
2025-01-11 18:00:00+00:00,0.0,14.52,67.29,3.17,23,2025-01-11,RJP_0094,0,2025
2025-01-11 19:00:00+00:00,0.0,13.75,69.05,3.34,0,2025-01-12,RJP_0094,0,2025
2025-01-11 20:00:00+00:00,0.0,13.12,71.63,3.6,1,2025-01-12,RJP_0094,0,2025
2025-01-11 21:00:00+00:00,0.0,12.54,74.72,3.73,2,2025-01-12,RJP_0094,0,2025
2025-01-11 22:00:00+00:00,0.0,11.95,78.23,3.6,3,2025-01-12,RJP_0094,0,2025
2025-01-11 23:00:00+00:00,0.0,11.38,81.72,3.39,4,2025-01-12,RJP_0094,0,2025
2025-01-12 00:00:00+00:00,0.0,10.93,84.25,3.24,5,2025-01-12,RJP_0094,0,2025
2025-01-12 01:00:00+00:00,0.0,10.56,86.05,3.12,6,2025-01-12,RJP_0094,0,2025
2025-01-12 02:00:00+00:00,53.85,12.76,74.56,3.93,7,2025-01-12,RJP_0094,0,2025
2025-01-12 03:00:00+00:00,178.3,15.78,61.28,3.63,8,2025-01-12,RJP_0094,0,2025
2025-01-12 04:00:00+00:00,299.9,20.55,42.0,3.55,9,2025-01-12,RJP_0094,0,2025
2025-01-12 05:00:00+00:00,450.98,23.46,30.06,3.63,10,2025-01-12,RJP_0094,0,2025
2025-01-12 06:00:00+00:00,608.38,24.82,24.43,3.6,11,2025-01-12,RJP_0094,0,2025
2025-01-12 07:00:00+00:00,643.42,25.7,20.5,3.56,12,2025-01-12,RJP_0094,0,2025
2025-01-12 08:00:00+00:00,590.97,26.07,18.09,3.44,13,2025-01-12,RJP_0094,0,2025
2025-01-12 09:00:00+00:00,470.0,25.83,16.97,3.25,14,2025-01-12,RJP_0094,0,2025
2025-01-12 10:00:00+00:00,304.98,25.01,16.93,3.16,15,2025-01-12,RJP_0094,0,2025
2025-01-12 11:00:00+00:00,133.6,22.5,24.92,2.26,16,2025-01-12,RJP_0094,0,2025
2025-01-12 12:00:00+00:00,8.62,17.8,34.88,2.73,17,2025-01-12,RJP_0094,0,2025
2025-01-12 13:00:00+00:00,0.0,15.95,37.01,3.19,18,2025-01-12,RJP_0094,0,2025
2025-01-12 14:00:00+00:00,0.0,14.87,38.77,3.43,19,2025-01-12,RJP_0094,0,2025
2025-01-12 15:00:00+00:00,0.0,14.05,41.3,3.57,20,2025-01-12,RJP_0094,0,2025
2025-01-12 16:00:00+00:00,0.0,13.32,44.75,3.73,21,2025-01-12,RJP_0094,0,2025
2025-01-12 17:00:00+00:00,0.0,12.57,48.84,3.83,22,2025-01-12,RJP_0094,0,2025
2025-01-12 18:00:00+00:00,0.0,11.8,53.63,3.88,23,2025-01-12,RJP_0094,0,2025
2025-01-12 19:00:00+00:00,0.0,11.06,58.69,3.91,0,2025-01-13,RJP_0094,0,2025
2025-01-12 20:00:00+00:00,0.0,10.37,64.06,3.91,1,2025-01-13,RJP_0094,0,2025
2025-01-12 21:00:00+00:00,0.0,9.71,69.28,3.94,2,2025-01-13,RJP_0094,0,2025
2025-01-12 22:00:00+00:00,0.0,9.06,74.42,3.91,3,2025-01-13,RJP_0094,0,2025
2025-01-12 23:00:00+00:00,0.0,8.43,79.66,3.83,4,2025-01-13,RJP_0094,0,2025
2025-01-13 00:00:00+00:00,0.0,7.86,84.48,3.73,5,2025-01-13,RJP_0094,0,2025
2025-01-13 01:00:00+00:00,0.0,7.38,88.73,3.65,6,2025-01-13,RJP_0094,0,2025
2025-01-13 02:00:00+00:00,66.97,8.84,81.5,4.64,7,2025-01-13,RJP_0094,0,2025
2025-01-13 03:00:00+00:00,209.07,11.87,66.59,3.96,8,2025-01-13,RJP_0094,0,2025
2025-01-13 04:00:00+00:00,363.58,16.86,42.65,4.32,9,2025-01-13,RJP_0094,0,2025
2025-01-13 05:00:00+00:00,483.6,19.54,33.47,3.66,10,2025-01-13,RJP_0094,0,2025
2025-01-13 06:00:00+00:00,573.2,21.43,28.15,3.07,11,2025-01-13,RJP_0094,0,2025
2025-01-13 07:00:00+00:00,665.03,22.84,24.33,2.55,12,2025-01-13,RJP_0094,0,2025
2025-01-13 08:00:00+00:00,626.67,23.66,21.84,2.14,13,2025-01-13,RJP_0094,0,2025
2025-01-13 09:00:00+00:00,514.97,23.83,20.6,2.06,14,2025-01-13,RJP_0094,0,2025
2025-01-13 10:00:00+00:00,336.42,23.28,20.75,2.41,15,2025-01-13,RJP_0094,0,2025
2025-01-13 11:00:00+00:00,143.8,21.08,28.17,2.21,16,2025-01-13,RJP_0094,0,2025
2025-01-13 12:00:00+00:00,9.52,16.29,39.47,2.98,17,2025-01-13,RJP_0094,0,2025
2025-01-13 13:00:00+00:00,0.0,14.9,41.51,3.49,18,2025-01-13,RJP_0094,0,2025
2025-01-13 14:00:00+00:00,0.0,14.3,43.76,3.88,19,2025-01-13,RJP_0094,0,2025
2025-01-13 15:00:00+00:00,0.0,13.6,47.43,4.2,20,2025-01-13,RJP_0094,0,2025
2025-01-13 16:00:00+00:00,0.0,12.76,51.7,4.32,21,2025-01-13,RJP_0094,0,2025
2025-01-13 17:00:00+00:00,0.0,11.87,56.05,4.25,22,2025-01-13,RJP_0094,0,2025
2025-01-13 18:00:00+00:00,0.0,10.98,60.52,4.03,23,2025-01-13,RJP_0094,0,2025
2025-01-13 19:00:00+00:00,0.0,10.2,64.48,3.82,0,2025-01-14,RJP_0094,0,2025
2025-01-13 20:00:00+00:00,0.0,9.51,68.17,3.64,1,2025-01-14,RJP_0094,0,2025
2025-01-13 21:00:00+00:00,0.0,8.96,71.27,3.64,2,2025-01-14,RJP_0094,0,2025
2025-01-13 22:00:00+00:00,0.0,8.51,74.03,3.72,3,2025-01-14,RJP_0094,0,2025
2025-01-13 23:00:00+00:00,0.0,8.06,76.93,3.78,4,2025-01-14,RJP_0094,0,2025
2025-01-14 00:00:00+00:00,0.0,7.65,79.6,3.88,5,2025-01-14,RJP_0094,0,2025
2025-01-14 01:00:00+00:00,0.0,7.32,81.95,3.96,6,2025-01-14,RJP_0094,0,2025
2025-01-14 02:00:00+00:00,65.6,9.2,72.71,4.97,7,2025-01-14,RJP_0094,0,2025
2025-01-14 03:00:00+00:00,220.45,12.27,59.74,4.23,8,2025-01-14,RJP_0094,0,2025
2025-01-14 04:00:00+00:00,390.12,17.4,38.49,3.94,9,2025-01-14,RJP_0094,0,2025
2025-01-14 05:00:00+00:00,532.78,21.07,26.46,2.68,10,2025-01-14,RJP_0094,0,2025
2025-01-14 06:00:00+00:00,628.5,23.32,22.83,1.26,11,2025-01-14,RJP_0094,0,2025
2025-01-14 07:00:00+00:00,633.25,25.18,22.15,1.44,12,2025-01-14,RJP_0094,0,2025
2025-01-14 08:00:00+00:00,563.2,26.08,21.66,1.92,13,2025-01-14,RJP_0094,0,2025
2025-01-14 09:00:00+00:00,497.94,26.14,21.84,1.82,14,2025-01-14,RJP_0094,0,2025
2025-01-14 10:00:00+00:00,282.2,25.49,23.23,1.4,15,2025-01-14,RJP_0094,0,2025
2025-01-14 11:00:00+00:00,118.57,23.7,32.89,0.61,16,2025-01-14,RJP_0094,0,2025
2025-01-14 12:00:00+00:00,7.95,21.7,33.61,0.54,17,2025-01-14,RJP_0094,0,2025
2025-01-14 13:00:00+00:00,0.0,19.61,37.16,1.56,18,2025-01-14,RJP_0094,0,2025
2025-01-14 14:00:00+00:00,0.0,17.25,42.72,2.59,19,2025-01-14,RJP_0094,0,2025
2025-01-14 15:00:00+00:00,0.0,15.81,45.54,3.19,20,2025-01-14,RJP_0094,0,2025
2025-01-14 16:00:00+00:00,0.0,15.21,46.87,3.48,21,2025-01-14,RJP_0094,0,2025
2025-01-14 17:00:00+00:00,0.0,14.77,49.14,3.83,22,2025-01-14,RJP_0094,0,2025
2025-01-14 18:00:00+00:00,0.0,14.28,51.87,4.17,23,2025-01-14,RJP_0094,0,2025
2025-01-14 19:00:00+00:00,0.0,13.72,54.27,4.33,0,2025-01-15,RJP_0094,0,2025
2025-01-14 20:00:00+00:00,0.0,13.14,56.56,4.27,1,2025-01-15,RJP_0094,0,2025
2025-01-14 21:00:00+00:00,0.0,12.66,58.46,4.25,2,2025-01-15,RJP_0094,0,2025
2025-01-14 22:00:00+00:00,0.0,12.36,60.06,4.21,3,2025-01-15,RJP_0094,0,2025
2025-01-14 23:00:00+00:00,0.0,12.2,61.36,4.26,4,2025-01-15,RJP_0094,0,2025
2025-01-15 00:00:00+00:00,0.0,12.28,62.48,4.26,5,2025-01-15,RJP_0094,0,2025
2025-01-15 01:00:00+00:00,0.0,12.42,63.47,4.18,6,2025-01-15,RJP_0094,0,2025
2025-01-15 02:00:00+00:00,34.4,13.46,60.76,4.61,7,2025-01-15,RJP_0094,0,2025
2025-01-15 03:00:00+00:00,108.97,15.31,55.75,4.17,8,2025-01-15,RJP_0094,0,2025
2025-01-15 04:00:00+00:00,179.23,18.19,49.37,3.73,9,2025-01-15,RJP_0094,0,2025
2025-01-15 05:00:00+00:00,245.7,22.28,44.01,3.74,10,2025-01-15,RJP_0094,0,2025
2025-01-15 06:00:00+00:00,281.7,25.39,40.98,3.48,11,2025-01-15,RJP_0094,0,2025
2025-01-15 07:00:00+00:00,324.9,27.14,38.16,3.02,12,2025-01-15,RJP_0094,0,2025
2025-01-15 08:00:00+00:00,330.02,27.91,36.64,3.06,13,2025-01-15,RJP_0094,0,2025
2025-01-15 09:00:00+00:00,241.15,27.9,36.47,3.1,14,2025-01-15,RJP_0094,0,2025
2025-01-15 10:00:00+00:00,148.38,27.24,37.81,2.68,15,2025-01-15,RJP_0094,0,2025
2025-01-15 11:00:00+00:00,66.15,25.25,46.67,1.17,16,2025-01-15,RJP_0094,0,2025
2025-01-15 12:00:00+00:00,5.85,23.11,50.95,0.87,17,2025-01-15,RJP_0094,0,2025
2025-01-15 13:00:00+00:00,0.0,21.6,54.69,1.56,18,2025-01-15,RJP_0094,0,2025
2025-01-15 14:00:00+00:00,0.0,20.13,60.3,2.07,19,2025-01-15,RJP_0094,0,2025
2025-01-15 15:00:00+00:00,0.0,19.1,64.39,2.13,20,2025-01-15,RJP_0094,0,2025
2025-01-15 16:00:00+00:00,0.0,18.28,67.13,1.93,21,2025-01-15,RJP_0094,0,2025
2025-01-15 17:00:00+00:00,0.0,17.34,70.28,1.76,22,2025-01-15,RJP_0094,0,2025
2025-01-15 18:00:00+00:00,0.0,16.52,73.19,1.68,23,2025-01-15,RJP_0094,0,2025
2025-01-15 19:00:00+00:00,0.0,15.88,75.54,1.68,0,2025-01-16,RJP_0094,0,2025
2025-01-15 20:00:00+00:00,0.0,15.22,77.89,1.92,1,2025-01-16,RJP_0094,0,2025
2025-01-15 21:00:00+00:00,0.0,14.47,80.13,2.5,2,2025-01-16,RJP_0094,0,2025
2025-01-15 22:00:00+00:00,0.0,13.75,81.58,3.11,3,2025-01-16,RJP_0094,0,2025
2025-01-15 23:00:00+00:00,0.0,12.98,82.37,3.49,4,2025-01-16,RJP_0094,0,2025
2025-01-16 00:00:00+00:00,0.0,12.29,82.53,3.63,5,2025-01-16,RJP_0094,0,2025
2025-01-16 01:00:00+00:00,0.0,11.78,81.93,3.79,6,2025-01-16,RJP_0094,0,2025
2025-01-16 02:00:00+00:00,40.42,13.06,74.13,4.72,7,2025-01-16,RJP_0094,0,2025
2025-01-16 03:00:00+00:00,146.93,15.5,63.61,4.41,8,2025-01-16,RJP_0094,0,2025
2025-01-16 04:00:00+00:00,291.35,20.17,43.19,4.95,9,2025-01-16,RJP_0094,0,2025
2025-01-16 05:00:00+00:00,428.98,23.5,34.05,4.33,10,2025-01-16,RJP_0094,0,2025
2025-01-16 06:00:00+00:00,526.9,25.41,28.8,4.01,11,2025-01-16,RJP_0094,0,2025
2025-01-16 07:00:00+00:00,547.22,26.48,24.11,4.07,12,2025-01-16,RJP_0094,0,2025
2025-01-16 08:00:00+00:00,495.17,26.98,20.71,4.35,13,2025-01-16,RJP_0094,0,2025
2025-01-16 09:00:00+00:00,412.05,26.85,18.55,4.59,14,2025-01-16,RJP_0094,0,2025
2025-01-16 10:00:00+00:00,269.35,26.01,17.77,4.69,15,2025-01-16,RJP_0094,0,2025
2025-01-16 11:00:00+00:00,122.35,23.79,20.67,3.8,16,2025-01-16,RJP_0094,0,2025
2025-01-16 12:00:00+00:00,8.55,18.71,30.81,3.49,17,2025-01-16,RJP_0094,0,2025
2025-01-16 13:00:00+00:00,0.0,17.57,32.75,4.32,18,2025-01-16,RJP_0094,0,2025
2025-01-16 14:00:00+00:00,0.0,17.09,35.49,5.38,19,2025-01-16,RJP_0094,0,2025
2025-01-16 15:00:00+00:00,0.0,16.12,40.68,5.73,20,2025-01-16,RJP_0094,0,2025
2025-01-16 16:00:00+00:00,0.0,15.09,46.12,5.7,21,2025-01-16,RJP_0094,0,2025
2025-01-16 17:00:00+00:00,0.0,14.1,51.12,5.45,22,2025-01-16,RJP_0094,0,2025
2025-01-16 18:00:00+00:00,0.0,13.1,56.1,5.05,23,2025-01-16,RJP_0094,0,2025
2025-01-16 19:00:00+00:00,0.0,12.29,60.36,4.85,0,2025-01-17,RJP_0094,0,2025
2025-01-16 20:00:00+00:00,0.0,11.58,64.15,4.68,1,2025-01-17,RJP_0094,0,2025
2025-01-16 21:00:00+00:00,0.0,11.0,67.59,4.76,2,2025-01-17,RJP_0094,0,2025
2025-01-16 22:00:00+00:00,0.0,10.45,71.56,4.71,3,2025-01-17,RJP_0094,0,2025
2025-01-16 23:00:00+00:00,0.0,9.91,76.62,4.76,4,2025-01-17,RJP_0094,0,2025
2025-01-17 00:00:00+00:00,0.0,9.5,82.34,4.92,5,2025-01-17,RJP_0094,0,2025
2025-01-17 01:00:00+00:00,0.0,9.14,89.01,5.02,6,2025-01-17,RJP_0094,0,2025
2025-01-17 02:00:00+00:00,53.15,10.67,84.42,5.83,7,2025-01-17,RJP_0094,0,2025
2025-01-17 03:00:00+00:00,171.07,14.05,69.39,5.6,8,2025-01-17,RJP_0094,0,2025
2025-01-17 04:00:00+00:00,311.02,18.48,48.49,6.19,9,2025-01-17,RJP_0094,0,2025
2025-01-17 05:00:00+00:00,445.35,21.37,38.67,5.22,10,2025-01-17,RJP_0094,0,2025
2025-01-17 06:00:00+00:00,592.5,23.85,32.86,3.68,11,2025-01-17,RJP_0094,0,2025
2025-01-17 07:00:00+00:00,606.62,25.48,29.28,2.41,12,2025-01-17,RJP_0094,0,2025
2025-01-17 08:00:00+00:00,542.2,26.22,26.88,1.72,13,2025-01-17,RJP_0094,0,2025
2025-01-17 09:00:00+00:00,423.8,26.25,25.48,1.75,14,2025-01-17,RJP_0094,0,2025
2025-01-17 10:00:00+00:00,291.33,25.66,25.47,2.27,15,2025-01-17,RJP_0094,0,2025
2025-01-17 11:00:00+00:00,130.27,23.45,31.77,2.11,16,2025-01-17,RJP_0094,0,2025
2025-01-17 12:00:00+00:00,9.57,18.9,41.67,2.92,17,2025-01-17,RJP_0094,0,2025
2025-01-17 13:00:00+00:00,0.0,17.51,42.87,3.41,18,2025-01-17,RJP_0094,0,2025
2025-01-17 14:00:00+00:00,0.0,16.98,43.49,4.04,19,2025-01-17,RJP_0094,0,2025
2025-01-17 15:00:00+00:00,0.0,16.33,46.02,4.78,20,2025-01-17,RJP_0094,0,2025
2025-01-17 16:00:00+00:00,0.0,15.36,50.14,5.04,21,2025-01-17,RJP_0094,0,2025
2025-01-17 17:00:00+00:00,0.0,14.44,53.86,4.91,22,2025-01-17,RJP_0094,0,2025
2025-01-17 18:00:00+00:00,0.0,13.69,56.91,4.81,23,2025-01-17,RJP_0094,0,2025
2025-01-17 19:00:00+00:00,0.0,13.04,59.64,4.76,0,2025-01-18,RJP_0094,0,2025
2025-01-17 20:00:00+00:00,0.0,12.43,62.36,4.56,1,2025-01-18,RJP_0094,0,2025
2025-01-17 21:00:00+00:00,0.0,11.88,64.98,4.27,2,2025-01-18,RJP_0094,0,2025
2025-01-17 22:00:00+00:00,0.0,11.4,67.19,4.04,3,2025-01-18,RJP_0094,0,2025
2025-01-17 23:00:00+00:00,0.0,10.97,69.05,3.82,4,2025-01-18,RJP_0094,0,2025
2025-01-18 00:00:00+00:00,0.0,10.63,70.57,3.75,5,2025-01-18,RJP_0094,0,2025
2025-01-18 01:00:00+00:00,0.0,10.42,71.53,3.8,6,2025-01-18,RJP_0094,0,2025
2025-01-18 02:00:00+00:00,57.6,11.92,64.92,4.67,7,2025-01-18,RJP_0094,0,2025
2025-01-18 03:00:00+00:00,199.5,14.84,54.34,4.27,8,2025-01-18,RJP_0094,0,2025
2025-01-18 04:00:00+00:00,359.6,19.5,43.36,4.16,9,2025-01-18,RJP_0094,0,2025
2025-01-18 05:00:00+00:00,518.85,23.79,40.33,2.81,10,2025-01-18,RJP_0094,0,2025
2025-01-18 06:00:00+00:00,647.08,26.21,36.33,1.28,11,2025-01-18,RJP_0094,0,2025
2025-01-18 07:00:00+00:00,665.25,27.63,33.21,0.63,12,2025-01-18,RJP_0094,0,2025
2025-01-18 08:00:00+00:00,607.75,28.39,31.04,0.75,13,2025-01-18,RJP_0094,0,2025
2025-01-18 09:00:00+00:00,483.77,28.55,30.01,0.93,14,2025-01-18,RJP_0094,0,2025
2025-01-18 10:00:00+00:00,310.95,28.12,30.26,1.16,15,2025-01-18,RJP_0094,0,2025
2025-01-18 11:00:00+00:00,131.98,26.5,36.81,1.02,16,2025-01-18,RJP_0094,0,2025
2025-01-18 12:00:00+00:00,10.8,24.1,41.49,1.04,17,2025-01-18,RJP_0094,0,2025
2025-01-18 13:00:00+00:00,0.0,23.18,43.02,1.13,18,2025-01-18,RJP_0094,0,2025
2025-01-18 14:00:00+00:00,0.0,22.31,45.56,1.22,19,2025-01-18,RJP_0094,0,2025
2025-01-18 15:00:00+00:00,0.0,21.42,48.32,1.34,20,2025-01-18,RJP_0094,0,2025
2025-01-18 16:00:00+00:00,0.0,20.33,52.08,1.55,21,2025-01-18,RJP_0094,0,2025
2025-01-18 17:00:00+00:00,0.0,19.09,56.96,1.89,22,2025-01-18,RJP_0094,0,2025
2025-01-18 18:00:00+00:00,0.0,17.68,63.13,2.31,23,2025-01-18,RJP_0094,0,2025
2025-01-18 19:00:00+00:00,0.0,16.55,68.86,2.6,0,2025-01-19,RJP_0094,0,2025
2025-01-18 20:00:00+00:00,0.0,15.75,73.31,2.7,1,2025-01-19,RJP_0094,0,2025
2025-01-18 21:00:00+00:00,0.0,15.13,76.63,2.73,2,2025-01-19,RJP_0094,0,2025
2025-01-18 22:00:00+00:00,0.0,14.61,79.05,2.75,3,2025-01-19,RJP_0094,0,2025
2025-01-18 23:00:00+00:00,0.0,14.18,80.72,2.77,4,2025-01-19,RJP_0094,0,2025
2025-01-19 00:00:00+00:00,0.0,13.83,81.64,2.76,5,2025-01-19,RJP_0094,0,2025
2025-01-19 01:00:00+00:00,0.0,13.57,82.12,2.65,6,2025-01-19,RJP_0094,0,2025
2025-01-19 02:00:00+00:00,63.4,15.95,69.99,2.71,7,2025-01-19,RJP_0094,0,2025
2025-01-19 03:00:00+00:00,226.9,18.84,58.21,2.01,8,2025-01-19,RJP_0094,0,2025
2025-01-19 04:00:00+00:00,400.45,23.28,42.92,2.18,9,2025-01-19,RJP_0094,0,2025
2025-01-19 05:00:00+00:00,549.92,27.28,31.15,4.1,10,2025-01-19,RJP_0094,0,2025
2025-01-19 06:00:00+00:00,661.78,28.79,28.09,3.98,11,2025-01-19,RJP_0094,0,2025
2025-01-19 07:00:00+00:00,675.92,29.71,26.53,3.67,12,2025-01-19,RJP_0094,0,2025
2025-01-19 08:00:00+00:00,618.97,30.13,25.68,3.41,13,2025-01-19,RJP_0094,0,2025
2025-01-19 09:00:00+00:00,497.33,29.99,25.6,3.03,14,2025-01-19,RJP_0094,0,2025
2025-01-19 10:00:00+00:00,326.9,29.31,26.51,2.68,15,2025-01-19,RJP_0094,0,2025
2025-01-19 11:00:00+00:00,140.0,27.17,34.13,1.72,16,2025-01-19,RJP_0094,0,2025
2025-01-19 12:00:00+00:00,11.85,24.4,39.27,1.63,17,2025-01-19,RJP_0094,0,2025
2025-01-19 13:00:00+00:00,0.0,23.7,39.96,1.33,18,2025-01-19,RJP_0094,0,2025
2025-01-19 14:00:00+00:00,0.0,23.53,40.02,1.04,19,2025-01-19,RJP_0094,0,2025
2025-01-19 15:00:00+00:00,0.0,22.81,41.64,0.88,20,2025-01-19,RJP_0094,0,2025
2025-01-19 16:00:00+00:00,0.0,22.07,43.33,0.72,21,2025-01-19,RJP_0094,0,2025
2025-01-19 17:00:00+00:00,0.0,21.22,45.58,0.52,22,2025-01-19,RJP_0094,0,2025
2025-01-19 18:00:00+00:00,0.0,20.14,48.58,0.56,23,2025-01-19,RJP_0094,0,2025
2025-01-19 19:00:00+00:00,0.0,19.0,52.2,0.76,0,2025-01-20,RJP_0094,0,2025
2025-01-19 20:00:00+00:00,0.0,18.12,55.08,0.92,1,2025-01-20,RJP_0094,0,2025
2025-01-19 21:00:00+00:00,0.0,17.13,58.45,1.16,2,2025-01-20,RJP_0094,0,2025
2025-01-19 22:00:00+00:00,0.0,16.19,61.7,1.47,3,2025-01-20,RJP_0094,0,2025
2025-01-19 23:00:00+00:00,0.0,15.29,65.08,1.78,4,2025-01-20,RJP_0094,0,2025
2025-01-20 00:00:00+00:00,0.0,14.51,68.28,2.0,5,2025-01-20,RJP_0094,0,2025
2025-01-20 01:00:00+00:00,0.0,14.08,70.16,2.02,6,2025-01-20,RJP_0094,0,2025
2025-01-20 02:00:00+00:00,72.65,16.25,61.76,1.89,7,2025-01-20,RJP_0094,0,2025
2025-01-20 03:00:00+00:00,247.15,19.38,50.47,1.88,8,2025-01-20,RJP_0094,0,2025
2025-01-20 04:00:00+00:00,429.2,23.85,38.09,0.8,9,2025-01-20,RJP_0094,0,2025
2025-01-20 05:00:00+00:00,577.92,27.81,28.91,1.89,10,2025-01-20,RJP_0094,0,2025
2025-01-20 06:00:00+00:00,677.85,29.49,25.75,2.16,11,2025-01-20,RJP_0094,0,2025
2025-01-20 07:00:00+00:00,695.08,30.5,23.66,2.27,12,2025-01-20,RJP_0094,0,2025
2025-01-20 08:00:00+00:00,640.58,31.0,22.23,2.23,13,2025-01-20,RJP_0094,0,2025
2025-01-20 09:00:00+00:00,518.38,30.79,21.98,2.04,14,2025-01-20,RJP_0094,0,2025
2025-01-20 10:00:00+00:00,344.75,29.95,22.98,1.9,15,2025-01-20,RJP_0094,0,2025
2025-01-20 11:00:00+00:00,152.93,27.8,29.99,1.43,16,2025-01-20,RJP_0094,0,2025
2025-01-20 12:00:00+00:00,13.12,24.64,35.71,1.66,17,2025-01-20,RJP_0094,0,2025
2025-01-20 13:00:00+00:00,0.0,23.26,38.01,1.73,18,2025-01-20,RJP_0094,0,2025
2025-01-20 14:00:00+00:00,0.0,22.46,39.7,1.63,19,2025-01-20,RJP_0094,0,2025
2025-01-20 15:00:00+00:00,0.0,21.75,41.35,1.34,20,2025-01-20,RJP_0094,0,2025
2025-01-20 16:00:00+00:00,0.0,21.01,43.15,1.01,21,2025-01-20,RJP_0094,0,2025
2025-01-20 17:00:00+00:00,0.0,20.26,44.98,0.71,22,2025-01-20,RJP_0094,0,2025
2025-01-20 18:00:00+00:00,0.0,19.35,47.17,0.62,23,2025-01-20,RJP_0094,0,2025
2025-01-20 19:00:00+00:00,0.0,18.48,49.06,0.78,0,2025-01-21,RJP_0094,0,2025
2025-01-20 20:00:00+00:00,0.0,17.54,51.4,0.94,1,2025-01-21,RJP_0094,0,2025
2025-01-20 21:00:00+00:00,0.0,16.62,54.05,1.05,2,2025-01-21,RJP_0094,0,2025
2025-01-20 22:00:00+00:00,0.0,15.93,56.38,1.07,3,2025-01-21,RJP_0094,0,2025
2025-01-20 23:00:00+00:00,0.0,15.37,58.53,1.05,4,2025-01-21,RJP_0094,0,2025
2025-01-21 00:00:00+00:00,0.0,14.85,61.0,1.07,5,2025-01-21,RJP_0094,0,2025
2025-01-21 01:00:00+00:00,0.0,14.43,63.2,0.98,6,2025-01-21,RJP_0094,0,2025
2025-01-21 02:00:00+00:00,76.93,16.1,57.83,0.97,7,2025-01-21,RJP_0094,0,2025
2025-01-21 03:00:00+00:00,259.62,19.16,47.63,1.31,8,2025-01-21,RJP_0094,0,2025
2025-01-21 04:00:00+00:00,449.67,23.99,35.51,1.06,9,2025-01-21,RJP_0094,0,2025
2025-01-21 05:00:00+00:00,598.25,27.34,29.41,2.33,10,2025-01-21,RJP_0094,0,2025
2025-01-21 06:00:00+00:00,678.35,28.8,26.71,2.88,11,2025-01-21,RJP_0094,0,2025
2025-01-21 07:00:00+00:00,697.28,29.71,24.79,3.1,12,2025-01-21,RJP_0094,0,2025
2025-01-21 08:00:00+00:00,644.53,30.13,23.7,3.15,13,2025-01-21,RJP_0094,0,2025
2025-01-21 09:00:00+00:00,521.95,29.93,23.4,2.95,14,2025-01-21,RJP_0094,0,2025
2025-01-21 10:00:00+00:00,347.17,29.14,23.83,2.59,15,2025-01-21,RJP_0094,0,2025
2025-01-21 11:00:00+00:00,155.15,27.13,28.85,1.91,16,2025-01-21,RJP_0094,0,2025
2025-01-21 12:00:00+00:00,13.77,23.17,37.68,2.13,17,2025-01-21,RJP_0094,0,2025
2025-01-21 13:00:00+00:00,0.0,21.84,39.64,2.22,18,2025-01-21,RJP_0094,0,2025
2025-01-21 14:00:00+00:00,0.0,21.16,40.86,2.05,19,2025-01-21,RJP_0094,0,2025
2025-01-21 15:00:00+00:00,0.0,20.54,41.83,1.87,20,2025-01-21,RJP_0094,0,2025
2025-01-21 16:00:00+00:00,0.0,19.79,42.94,1.79,21,2025-01-21,RJP_0094,0,2025
2025-01-21 17:00:00+00:00,0.0,18.96,43.93,1.65,22,2025-01-21,RJP_0094,0,2025
2025-01-21 18:00:00+00:00,0.0,18.3,43.98,1.46,23,2025-01-21,RJP_0094,0,2025
2025-01-21 19:00:00+00:00,0.0,17.66,44.15,1.32,0,2025-01-22,RJP_0094,0,2025
2025-01-21 20:00:00+00:00,0.0,16.9,45.09,1.2,1,2025-01-22,RJP_0094,0,2025
2025-01-21 21:00:00+00:00,0.0,16.14,46.63,1.0,2,2025-01-22,RJP_0094,0,2025
2025-01-21 22:00:00+00:00,0.0,15.35,49.23,1.01,3,2025-01-22,RJP_0094,0,2025
2025-01-21 23:00:00+00:00,0.0,14.55,53.16,1.15,4,2025-01-22,RJP_0094,0,2025
2025-01-22 00:00:00+00:00,0.0,13.85,57.73,1.35,5,2025-01-22,RJP_0094,0,2025
2025-01-22 01:00:00+00:00,0.0,13.43,61.72,1.4,6,2025-01-22,RJP_0094,0,2025
2025-01-22 02:00:00+00:00,78.43,15.42,56.37,1.54,7,2025-01-22,RJP_0094,0,2025
2025-01-22 03:00:00+00:00,263.25,18.54,46.87,1.84,8,2025-01-22,RJP_0094,0,2025
2025-01-22 04:00:00+00:00,456.05,22.98,34.17,2.34,9,2025-01-22,RJP_0094,0,2025
2025-01-22 05:00:00+00:00,607.25,26.32,26.52,3.75,10,2025-01-22,RJP_0094,0,2025
2025-01-22 06:00:00+00:00,678.22,27.88,23.3,4.46,11,2025-01-22,RJP_0094,0,2025
2025-01-22 07:00:00+00:00,700.65,28.82,20.89,4.82,12,2025-01-22,RJP_0094,0,2025
2025-01-22 08:00:00+00:00,647.62,29.24,19.06,5.06,13,2025-01-22,RJP_0094,0,2025
2025-01-22 09:00:00+00:00,526.22,29.04,17.99,4.94,14,2025-01-22,RJP_0094,0,2025
2025-01-22 10:00:00+00:00,349.62,28.31,17.71,4.6,15,2025-01-22,RJP_0094,0,2025
2025-01-22 11:00:00+00:00,157.62,26.24,20.32,3.19,16,2025-01-22,RJP_0094,0,2025
2025-01-22 12:00:00+00:00,14.32,21.29,29.59,2.86,17,2025-01-22,RJP_0094,0,2025
2025-01-22 13:00:00+00:00,0.0,19.69,31.61,2.92,18,2025-01-22,RJP_0094,0,2025
2025-01-22 14:00:00+00:00,0.0,18.72,32.88,2.81,19,2025-01-22,RJP_0094,0,2025
2025-01-22 15:00:00+00:00,0.0,17.66,34.01,2.89,20,2025-01-22,RJP_0094,0,2025
2025-01-22 16:00:00+00:00,0.0,16.7,34.42,3.09,21,2025-01-22,RJP_0094,0,2025
2025-01-22 17:00:00+00:00,0.0,15.92,34.71,3.27,22,2025-01-22,RJP_0094,0,2025
2025-01-22 18:00:00+00:00,0.0,15.27,35.28,3.47,23,2025-01-22,RJP_0094,0,2025
2025-01-22 19:00:00+00:00,0.0,14.63,36.77,3.55,0,2025-01-23,RJP_0094,0,2025
2025-01-22 20:00:00+00:00,0.0,13.95,38.9,3.49,1,2025-01-23,RJP_0094,0,2025
2025-01-22 21:00:00+00:00,0.0,13.23,41.38,3.33,2,2025-01-23,RJP_0094,0,2025
2025-01-22 22:00:00+00:00,0.0,12.51,44.12,3.19,3,2025-01-23,RJP_0094,0,2025
2025-01-22 23:00:00+00:00,0.0,11.87,46.7,3.1,4,2025-01-23,RJP_0094,0,2025
2025-01-23 00:00:00+00:00,0.0,11.3,48.99,3.04,5,2025-01-23,RJP_0094,0,2025
2025-01-23 01:00:00+00:00,0.0,10.86,50.96,2.96,6,2025-01-23,RJP_0094,0,2025
2025-01-23 02:00:00+00:00,77.0,13.56,42.9,3.73,7,2025-01-23,RJP_0094,0,2025
2025-01-23 03:00:00+00:00,257.77,16.67,35.39,3.14,8,2025-01-23,RJP_0094,0,2025
2025-01-23 04:00:00+00:00,447.17,21.94,25.68,2.71,9,2025-01-23,RJP_0094,0,2025
2025-01-23 05:00:00+00:00,617.35,25.41,20.16,1.75,10,2025-01-23,RJP_0094,0,2025
2025-01-23 06:00:00+00:00,666.5,26.97,17.66,1.66,11,2025-01-23,RJP_0094,0,2025
2025-01-23 07:00:00+00:00,683.35,27.97,16.1,2.35,12,2025-01-23,RJP_0094,0,2025
2025-01-23 08:00:00+00:00,625.42,28.42,15.18,2.77,13,2025-01-23,RJP_0094,0,2025
2025-01-23 09:00:00+00:00,484.4,28.34,14.72,2.74,14,2025-01-23,RJP_0094,0,2025
2025-01-23 10:00:00+00:00,315.45,27.7,14.85,2.55,15,2025-01-23,RJP_0094,0,2025
2025-01-23 11:00:00+00:00,140.1,25.71,19.39,1.89,16,2025-01-23,RJP_0094,0,2025
2025-01-23 12:00:00+00:00,13.88,21.74,25.54,2.19,17,2025-01-23,RJP_0094,0,2025
2025-01-23 13:00:00+00:00,0.0,19.45,28.05,2.95,18,2025-01-23,RJP_0094,0,2025
2025-01-23 14:00:00+00:00,0.0,17.95,30.15,3.6,19,2025-01-23,RJP_0094,0,2025
2025-01-23 15:00:00+00:00,0.0,17.16,32.03,3.96,20,2025-01-23,RJP_0094,0,2025
2025-01-23 16:00:00+00:00,0.0,16.55,34.97,4.54,21,2025-01-23,RJP_0094,0,2025
2025-01-23 17:00:00+00:00,0.0,15.88,39.44,5.04,22,2025-01-23,RJP_0094,0,2025
2025-01-23 18:00:00+00:00,0.0,15.08,44.98,5.27,23,2025-01-23,RJP_0094,0,2025
2025-01-23 19:00:00+00:00,0.0,14.35,50.77,5.52,0,2025-01-24,RJP_0094,0,2025
2025-01-23 20:00:00+00:00,0.0,13.61,56.45,5.65,1,2025-01-24,RJP_0094,0,2025
2025-01-23 21:00:00+00:00,0.0,12.93,61.39,5.84,2,2025-01-24,RJP_0094,0,2025
2025-01-23 22:00:00+00:00,0.0,12.3,65.5,5.99,3,2025-01-24,RJP_0094,0,2025
2025-01-23 23:00:00+00:00,0.0,11.72,68.97,6.04,4,2025-01-24,RJP_0094,0,2025
2025-01-24 00:00:00+00:00,0.0,11.22,72.51,5.95,5,2025-01-24,RJP_0094,0,2025
2025-01-24 01:00:00+00:00,0.0,10.85,76.05,5.9,6,2025-01-24,RJP_0094,0,2025
2025-01-24 02:00:00+00:00,81.2,12.18,71.36,6.37,7,2025-01-24,RJP_0094,0,2025
2025-01-24 03:00:00+00:00,265.23,15.98,56.24,5.93,8,2025-01-24,RJP_0094,0,2025
2025-01-24 04:00:00+00:00,459.6,21.22,38.54,6.64,9,2025-01-24,RJP_0094,0,2025
2025-01-24 05:00:00+00:00,612.7,24.21,29.8,5.73,10,2025-01-24,RJP_0094,0,2025
2025-01-24 06:00:00+00:00,693.0,26.11,24.88,4.47,11,2025-01-24,RJP_0094,0,2025
2025-01-24 07:00:00+00:00,710.33,27.46,21.67,3.3,12,2025-01-24,RJP_0094,0,2025
2025-01-24 08:00:00+00:00,652.62,28.22,19.73,2.59,13,2025-01-24,RJP_0094,0,2025
2025-01-24 09:00:00+00:00,526.03,28.3,18.94,2.5,14,2025-01-24,RJP_0094,0,2025
2025-01-24 10:00:00+00:00,347.38,27.64,19.26,2.88,15,2025-01-24,RJP_0094,0,2025
2025-01-24 11:00:00+00:00,160.02,25.8,21.75,2.89,16,2025-01-24,RJP_0094,0,2025
2025-01-24 12:00:00+00:00,15.73,20.61,30.74,3.11,17,2025-01-24,RJP_0094,0,2025
2025-01-24 13:00:00+00:00,0.0,19.06,31.76,3.65,18,2025-01-24,RJP_0094,0,2025
2025-01-24 14:00:00+00:00,0.0,18.31,32.43,4.13,19,2025-01-24,RJP_0094,0,2025
2025-01-24 15:00:00+00:00,0.0,17.42,34.23,4.41,20,2025-01-24,RJP_0094,0,2025
2025-01-24 16:00:00+00:00,0.0,16.39,36.63,4.31,21,2025-01-24,RJP_0094,0,2025
2025-01-24 17:00:00+00:00,0.0,15.41,39.17,4.14,22,2025-01-24,RJP_0094,0,2025
2025-01-24 18:00:00+00:00,0.0,14.52,41.85,3.95,23,2025-01-24,RJP_0094,0,2025
2025-01-24 19:00:00+00:00,0.0,13.74,44.21,3.79,0,2025-01-25,RJP_0094,0,2025
2025-01-24 20:00:00+00:00,0.0,13.04,46.36,3.66,1,2025-01-25,RJP_0094,0,2025
2025-01-24 21:00:00+00:00,0.0,12.48,48.09,3.67,2,2025-01-25,RJP_0094,0,2025
2025-01-24 22:00:00+00:00,0.0,11.99,49.44,3.72,3,2025-01-25,RJP_0094,0,2025
2025-01-24 23:00:00+00:00,0.0,11.54,50.58,3.75,4,2025-01-25,RJP_0094,0,2025
2025-01-25 00:00:00+00:00,0.0,11.14,51.61,3.79,5,2025-01-25,RJP_0094,0,2025
2025-01-25 01:00:00+00:00,0.0,10.87,52.45,3.85,6,2025-01-25,RJP_0094,0,2025
2025-01-25 02:00:00+00:00,79.95,13.22,44.75,4.85,7,2025-01-25,RJP_0094,0,2025
2025-01-25 03:00:00+00:00,265.9,16.59,35.95,4.11,8,2025-01-25,RJP_0094,0,2025
2025-01-25 04:00:00+00:00,463.62,21.84,25.98,4.23,9,2025-01-25,RJP_0094,0,2025
2025-01-25 05:00:00+00:00,623.05,24.94,22.84,2.86,10,2025-01-25,RJP_0094,0,2025
2025-01-25 06:00:00+00:00,732.85,27.07,20.55,1.78,11,2025-01-25,RJP_0094,0,2025
2025-01-25 07:00:00+00:00,757.6,28.67,18.42,1.5,12,2025-01-25,RJP_0094,0,2025
2025-01-25 08:00:00+00:00,701.33,29.56,16.61,1.73,13,2025-01-25,RJP_0094,0,2025
2025-01-25 09:00:00+00:00,574.2,29.63,15.59,1.83,14,2025-01-25,RJP_0094,0,2025
2025-01-25 10:00:00+00:00,390.98,28.99,15.43,1.84,15,2025-01-25,RJP_0094,0,2025
2025-01-25 11:00:00+00:00,183.6,26.9,19.68,1.55,16,2025-01-25,RJP_0094,0,2025
2025-01-25 12:00:00+00:00,18.6,22.52,25.12,2.19,17,2025-01-25,RJP_0094,0,2025
2025-01-25 13:00:00+00:00,0.0,20.06,26.3,2.89,18,2025-01-25,RJP_0094,0,2025
2025-01-25 14:00:00+00:00,0.0,18.39,27.43,3.34,19,2025-01-25,RJP_0094,0,2025
2025-01-25 15:00:00+00:00,0.0,17.21,28.85,3.47,20,2025-01-25,RJP_0094,0,2025
2025-01-25 16:00:00+00:00,0.0,16.12,31.17,3.42,21,2025-01-25,RJP_0094,0,2025
2025-01-25 17:00:00+00:00,0.0,15.14,34.0,3.35,22,2025-01-25,RJP_0094,0,2025
2025-01-25 18:00:00+00:00,0.0,14.28,36.9,3.28,23,2025-01-25,RJP_0094,0,2025
2025-01-25 19:00:00+00:00,0.0,13.57,39.33,3.25,0,2025-01-26,RJP_0094,0,2025
2025-01-25 20:00:00+00:00,0.0,12.9,41.82,3.21,1,2025-01-26,RJP_0094,0,2025
2025-01-25 21:00:00+00:00,0.0,12.31,43.89,3.25,2,2025-01-26,RJP_0094,0,2025
2025-01-25 22:00:00+00:00,0.0,11.83,45.63,3.34,3,2025-01-26,RJP_0094,0,2025
2025-01-25 23:00:00+00:00,0.0,11.4,47.3,3.41,4,2025-01-26,RJP_0094,0,2025
2025-01-26 00:00:00+00:00,0.0,11.01,48.92,3.43,5,2025-01-26,RJP_0094,0,2025
2025-01-26 01:00:00+00:00,0.0,10.77,50.11,3.46,6,2025-01-26,RJP_0094,0,2025
2025-01-26 02:00:00+00:00,88.7,13.85,41.44,4.54,7,2025-01-26,RJP_0094,0,2025
2025-01-26 03:00:00+00:00,286.38,17.42,33.62,3.83,8,2025-01-26,RJP_0094,0,2025
2025-01-26 04:00:00+00:00,486.45,23.12,23.97,2.97,9,2025-01-26,RJP_0094,0,2025
2025-01-26 05:00:00+00:00,642.92,27.11,19.46,1.82,10,2025-01-26,RJP_0094,0,2025
2025-01-26 06:00:00+00:00,759.72,28.87,17.31,0.81,11,2025-01-26,RJP_0094,0,2025
2025-01-26 07:00:00+00:00,779.62,30.08,15.5,0.2,12,2025-01-26,RJP_0094,0,2025
2025-01-26 08:00:00+00:00,724.65,30.79,14.16,0.5,13,2025-01-26,RJP_0094,0,2025
2025-01-26 09:00:00+00:00,597.9,30.89,13.4,0.78,14,2025-01-26,RJP_0094,0,2025
2025-01-26 10:00:00+00:00,414.02,30.36,13.09,1.02,15,2025-01-26,RJP_0094,0,2025
2025-01-26 11:00:00+00:00,198.07,28.41,17.87,1.12,16,2025-01-26,RJP_0094,0,2025
2025-01-26 12:00:00+00:00,21.15,24.41,21.81,1.89,17,2025-01-26,RJP_0094,0,2025
2025-01-26 13:00:00+00:00,0.0,21.77,23.63,2.69,18,2025-01-26,RJP_0094,0,2025
2025-01-26 14:00:00+00:00,0.0,19.8,25.48,3.34,19,2025-01-26,RJP_0094,0,2025
2025-01-26 15:00:00+00:00,0.0,18.47,27.04,3.68,20,2025-01-26,RJP_0094,0,2025
2025-01-26 16:00:00+00:00,0.0,17.33,28.98,3.74,21,2025-01-26,RJP_0094,0,2025
2025-01-26 17:00:00+00:00,0.0,16.3,31.2,3.79,22,2025-01-26,RJP_0094,0,2025
2025-01-26 18:00:00+00:00,0.0,15.39,33.33,3.82,23,2025-01-26,RJP_0094,0,2025
2025-01-26 19:00:00+00:00,0.0,14.5,35.57,3.69,0,2025-01-27,RJP_0094,0,2025
2025-01-26 20:00:00+00:00,0.0,13.66,37.94,3.48,1,2025-01-27,RJP_0094,0,2025
2025-01-26 21:00:00+00:00,0.0,12.95,40.04,3.33,2,2025-01-27,RJP_0094,0,2025
2025-01-26 22:00:00+00:00,0.0,12.37,41.91,3.25,3,2025-01-27,RJP_0094,0,2025
2025-01-26 23:00:00+00:00,0.0,11.92,43.3,3.25,4,2025-01-27,RJP_0094,0,2025
2025-01-27 00:00:00+00:00,0.0,11.56,44.37,3.27,5,2025-01-27,RJP_0094,0,2025
2025-01-27 01:00:00+00:00,0.0,11.36,44.99,3.24,6,2025-01-27,RJP_0094,0,2025
2025-01-27 02:00:00+00:00,90.22,14.51,36.63,4.23,7,2025-01-27,RJP_0094,0,2025
2025-01-27 03:00:00+00:00,286.35,18.08,29.26,3.38,8,2025-01-27,RJP_0094,0,2025
2025-01-27 04:00:00+00:00,486.2,23.62,20.65,2.34,9,2025-01-27,RJP_0094,0,2025
2025-01-27 05:00:00+00:00,645.9,28.15,15.66,1.14,10,2025-01-27,RJP_0094,0,2025
2025-01-27 06:00:00+00:00,757.15,29.96,13.64,0.38,11,2025-01-27,RJP_0094,0,2025
2025-01-27 07:00:00+00:00,782.67,31.26,11.76,0.77,12,2025-01-27,RJP_0094,0,2025
2025-01-27 08:00:00+00:00,734.7,32.08,10.23,1.24,13,2025-01-27,RJP_0094,0,2025
2025-01-27 09:00:00+00:00,608.45,32.2,9.41,1.5,14,2025-01-27,RJP_0094,0,2025
2025-01-27 10:00:00+00:00,424.73,31.65,9.17,1.58,15,2025-01-27,RJP_0094,0,2025
2025-01-27 11:00:00+00:00,206.93,29.65,13.69,1.17,16,2025-01-27,RJP_0094,0,2025
2025-01-27 12:00:00+00:00,23.35,26.47,16.29,1.43,17,2025-01-27,RJP_0094,0,2025
2025-01-27 13:00:00+00:00,0.0,24.06,17.78,2.02,18,2025-01-27,RJP_0094,0,2025
2025-01-27 14:00:00+00:00,0.0,22.19,19.4,2.63,19,2025-01-27,RJP_0094,0,2025
2025-01-27 15:00:00+00:00,0.0,20.29,21.74,3.06,20,2025-01-27,RJP_0094,0,2025
2025-01-27 16:00:00+00:00,0.0,18.49,24.68,3.43,21,2025-01-27,RJP_0094,0,2025
2025-01-27 17:00:00+00:00,0.0,17.16,27.4,3.65,22,2025-01-27,RJP_0094,0,2025
2025-01-27 18:00:00+00:00,0.0,16.08,30.03,3.61,23,2025-01-27,RJP_0094,0,2025
2025-01-27 19:00:00+00:00,0.0,15.15,32.32,3.5,0,2025-01-28,RJP_0094,0,2025
2025-01-27 20:00:00+00:00,0.0,14.32,34.37,3.3,1,2025-01-28,RJP_0094,0,2025
2025-01-27 21:00:00+00:00,0.0,13.63,36.14,3.22,2,2025-01-28,RJP_0094,0,2025
2025-01-27 22:00:00+00:00,0.0,13.14,37.21,3.23,3,2025-01-28,RJP_0094,0,2025
2025-01-27 23:00:00+00:00,0.0,12.82,38.1,3.25,4,2025-01-28,RJP_0094,0,2025
2025-01-28 00:00:00+00:00,0.0,12.5,39.37,3.27,5,2025-01-28,RJP_0094,0,2025
2025-01-28 01:00:00+00:00,0.0,12.28,40.63,3.28,6,2025-01-28,RJP_0094,0,2025
2025-01-28 02:00:00+00:00,93.97,15.49,33.54,4.31,7,2025-01-28,RJP_0094,0,2025
2025-01-28 03:00:00+00:00,291.48,19.07,27.33,3.45,8,2025-01-28,RJP_0094,0,2025
2025-01-28 04:00:00+00:00,493.75,24.46,20.89,2.47,9,2025-01-28,RJP_0094,0,2025
2025-01-28 05:00:00+00:00,657.9,29.27,15.74,2.3,10,2025-01-28,RJP_0094,0,2025
2025-01-28 06:00:00+00:00,770.58,31.28,13.81,2.04,11,2025-01-28,RJP_0094,0,2025
2025-01-28 07:00:00+00:00,788.25,32.5,12.52,1.79,12,2025-01-28,RJP_0094,0,2025
2025-01-28 08:00:00+00:00,732.2,33.12,11.74,1.75,13,2025-01-28,RJP_0094,0,2025
2025-01-28 09:00:00+00:00,591.05,33.15,11.37,1.78,14,2025-01-28,RJP_0094,0,2025
2025-01-28 10:00:00+00:00,392.52,32.58,11.61,1.78,15,2025-01-28,RJP_0094,0,2025
2025-01-28 11:00:00+00:00,186.85,30.67,16.05,1.35,16,2025-01-28,RJP_0094,0,2025
2025-01-28 12:00:00+00:00,19.95,27.74,19.51,1.29,17,2025-01-28,RJP_0094,0,2025
2025-01-28 13:00:00+00:00,0.0,26.53,20.34,1.16,18,2025-01-28,RJP_0094,0,2025
2025-01-28 14:00:00+00:00,0.0,25.59,21.33,1.12,19,2025-01-28,RJP_0094,0,2025
2025-01-28 15:00:00+00:00,0.0,24.59,22.45,1.16,20,2025-01-28,RJP_0094,0,2025
2025-01-28 16:00:00+00:00,0.0,23.49,24.09,1.14,21,2025-01-28,RJP_0094,0,2025
2025-01-28 17:00:00+00:00,0.0,22.51,25.79,1.21,22,2025-01-28,RJP_0094,0,2025
2025-01-28 18:00:00+00:00,0.0,21.6,27.56,1.35,23,2025-01-28,RJP_0094,0,2025
2025-01-28 19:00:00+00:00,0.0,20.5,30.0,1.54,0,2025-01-29,RJP_0094,0,2025
2025-01-28 20:00:00+00:00,0.0,19.48,32.7,1.81,1,2025-01-29,RJP_0094,0,2025
2025-01-28 21:00:00+00:00,0.0,18.42,36.4,2.01,2,2025-01-29,RJP_0094,0,2025
2025-01-28 22:00:00+00:00,0.0,17.41,41.15,2.13,3,2025-01-29,RJP_0094,0,2025
2025-01-28 23:00:00+00:00,0.0,16.4,46.14,2.28,4,2025-01-29,RJP_0094,0,2025
2025-01-29 00:00:00+00:00,0.0,15.39,51.3,2.49,5,2025-01-29,RJP_0094,0,2025
2025-01-29 01:00:00+00:00,0.0,14.81,55.15,2.65,6,2025-01-29,RJP_0094,0,2025
2025-01-29 02:00:00+00:00,88.4,17.66,46.95,3.07,7,2025-01-29,RJP_0094,0,2025
2025-01-29 03:00:00+00:00,281.5,21.06,37.65,2.48,8,2025-01-29,RJP_0094,0,2025
2025-01-29 04:00:00+00:00,487.77,25.93,22.95,1.7,9,2025-01-29,RJP_0094,0,2025
2025-01-29 05:00:00+00:00,659.4,30.02,13.29,2.75,10,2025-01-29,RJP_0094,0,2025
2025-01-29 06:00:00+00:00,751.95,32.06,11.46,3.61,11,2025-01-29,RJP_0094,0,2025
2025-01-29 07:00:00+00:00,774.92,33.19,11.47,4.15,12,2025-01-29,RJP_0094,0,2025
2025-01-29 08:00:00+00:00,683.84,33.68,11.69,4.62,13,2025-01-29,RJP_0094,0,2025
2025-01-29 09:00:00+00:00,548.29,33.56,11.96,4.78,14,2025-01-29,RJP_0094,0,2025
2025-01-29 10:00:00+00:00,421.17,32.83,12.58,4.73,15,2025-01-29,RJP_0094,0,2025
2025-01-29 11:00:00+00:00,207.88,30.82,14.56,3.65,16,2025-01-29,RJP_0094,0,2025
2025-01-29 12:00:00+00:00,21.32,25.08,22.11,3.16,17,2025-01-29,RJP_0094,0,2025
2025-01-29 13:00:00+00:00,0.0,23.03,24.25,3.42,18,2025-01-29,RJP_0094,0,2025
2025-01-29 14:00:00+00:00,0.0,21.83,25.04,3.42,19,2025-01-29,RJP_0094,0,2025
2025-01-29 15:00:00+00:00,0.0,20.71,25.11,3.42,20,2025-01-29,RJP_0094,0,2025
2025-01-29 16:00:00+00:00,0.0,19.69,24.17,3.44,21,2025-01-29,RJP_0094,0,2025
2025-01-29 17:00:00+00:00,0.0,18.66,23.01,3.42,22,2025-01-29,RJP_0094,0,2025
2025-01-29 18:00:00+00:00,0.0,17.7,22.35,3.4,23,2025-01-29,RJP_0094,0,2025
2025-01-29 19:00:00+00:00,0.0,16.8,22.67,3.34,0,2025-01-30,RJP_0094,0,2025
2025-01-29 20:00:00+00:00,0.0,16.01,23.99,3.27,1,2025-01-30,RJP_0094,0,2025
2025-01-29 21:00:00+00:00,0.0,15.35,25.55,3.09,2,2025-01-30,RJP_0094,0,2025
2025-01-29 22:00:00+00:00,0.0,14.95,26.57,2.85,3,2025-01-30,RJP_0094,0,2025
2025-01-29 23:00:00+00:00,0.0,14.8,27.02,2.6,4,2025-01-30,RJP_0094,0,2025
2025-01-30 00:00:00+00:00,0.0,14.79,27.14,2.32,5,2025-01-30,RJP_0094,0,2025
2025-01-30 01:00:00+00:00,0.0,14.98,26.82,1.99,6,2025-01-30,RJP_0094,0,2025
2025-01-30 02:00:00+00:00,95.62,17.56,24.49,1.49,7,2025-01-30,RJP_0094,0,2025
2025-01-30 03:00:00+00:00,290.33,21.0,17.89,1.13,8,2025-01-30,RJP_0094,0,2025
2025-01-30 04:00:00+00:00,493.42,26.05,15.94,2.49,9,2025-01-30,RJP_0094,0,2025
2025-01-30 05:00:00+00:00,661.53,29.48,14.59,4.22,10,2025-01-30,RJP_0094,0,2025
2025-01-30 06:00:00+00:00,779.12,30.92,12.69,5.08,11,2025-01-30,RJP_0094,0,2025
2025-01-30 07:00:00+00:00,813.12,31.72,11.28,5.87,12,2025-01-30,RJP_0094,0,2025
2025-01-30 08:00:00+00:00,759.7,31.96,10.36,6.46,13,2025-01-30,RJP_0094,0,2025
2025-01-30 09:00:00+00:00,634.85,31.62,9.95,6.61,14,2025-01-30,RJP_0094,0,2025
2025-01-30 10:00:00+00:00,449.9,30.68,10.1,6.56,15,2025-01-30,RJP_0094,0,2025
2025-01-30 11:00:00+00:00,173.34,28.72,11.31,5.61,16,2025-01-30,RJP_0094,0,2025
2025-01-30 12:00:00+00:00,22.3,23.29,16.75,3.73,17,2025-01-30,RJP_0094,0,2025
2025-01-30 13:00:00+00:00,0.0,20.96,19.82,3.77,18,2025-01-30,RJP_0094,0,2025
2025-01-30 14:00:00+00:00,0.0,19.57,22.16,3.61,19,2025-01-30,RJP_0094,0,2025
2025-01-30 15:00:00+00:00,0.0,18.35,24.52,3.51,20,2025-01-30,RJP_0094,0,2025
2025-01-30 16:00:00+00:00,0.0,17.35,26.59,3.44,21,2025-01-30,RJP_0094,0,2025
2025-01-30 17:00:00+00:00,0.0,16.46,28.38,3.33,22,2025-01-30,RJP_0094,0,2025
2025-01-30 18:00:00+00:00,0.0,15.69,29.8,3.19,23,2025-01-30,RJP_0094,0,2025
2025-01-30 19:00:00+00:00,0.0,15.05,30.86,3.05,0,2025-01-31,RJP_0094,0,2025
2025-01-30 20:00:00+00:00,0.0,14.5,31.68,2.88,1,2025-01-31,RJP_0094,0,2025
2025-01-30 21:00:00+00:00,0.0,14.16,31.99,2.62,2,2025-01-31,RJP_0094,0,2025
2025-01-30 22:00:00+00:00,0.0,14.08,31.86,2.28,3,2025-01-31,RJP_0094,0,2025
2025-01-30 23:00:00+00:00,0.0,14.1,31.52,1.88,4,2025-01-31,RJP_0094,0,2025
2025-01-31 00:00:00+00:00,0.0,14.32,30.99,1.22,5,2025-01-31,RJP_0094,0,2025
2025-01-31 01:00:00+00:00,0.0,14.27,31.31,0.43,6,2025-01-31,RJP_0094,0,2025
2025-01-31 02:00:00+00:00,103.55,15.81,30.11,0.74,7,2025-01-31,RJP_0094,0,2025
2025-01-31 03:00:00+00:00,313.17,18.96,23.76,1.37,8,2025-01-31,RJP_0094,0,2025
2025-01-31 04:00:00+00:00,518.58,23.7,17.94,2.34,9,2025-01-31,RJP_0094,0,2025
2025-01-31 05:00:00+00:00,675.92,26.8,15.18,4.23,10,2025-01-31,RJP_0094,0,2025
2025-01-31 06:00:00+00:00,780.7,28.26,13.93,5.45,11,2025-01-31,RJP_0094,0,2025
2025-01-31 07:00:00+00:00,800.1,29.11,13.05,6.23,12,2025-01-31,RJP_0094,0,2025
2025-01-31 08:00:00+00:00,745.58,29.41,12.63,6.67,13,2025-01-31,RJP_0094,0,2025
2025-01-31 09:00:00+00:00,555.58,29.22,12.53,6.6,14,2025-01-31,RJP_0094,0,2025
2025-01-31 10:00:00+00:00,366.79,28.46,12.84,6.26,15,2025-01-31,RJP_0094,0,2025
2025-01-31 11:00:00+00:00,176.15,26.76,14.27,5.09,16,2025-01-31,RJP_0094,0,2025
2025-01-31 12:00:00+00:00,23.31,21.54,20.87,3.31,17,2025-01-31,RJP_0094,0,2025
2025-01-31 13:00:00+00:00,0.0,19.46,24.16,3.47,18,2025-01-31,RJP_0094,0,2025
2025-01-31 14:00:00+00:00,0.0,18.3,26.29,3.39,19,2025-01-31,RJP_0094,0,2025
2025-01-31 15:00:00+00:00,0.0,17.19,28.29,3.29,20,2025-01-31,RJP_0094,0,2025
2025-01-31 16:00:00+00:00,0.0,16.23,29.91,3.16,21,2025-01-31,RJP_0094,0,2025
2025-01-31 17:00:00+00:00,0.0,15.42,31.15,3.04,22,2025-01-31,RJP_0094,0,2025
2025-01-31 18:00:00+00:00,0.0,14.76,32.03,2.9,23,2025-01-31,RJP_0094,0,2025
2025-01-31 19:00:00+00:00,0.0,14.28,32.65,2.77,0,2025-02-01,RJP_0094,0,2025
2025-01-31 20:00:00+00:00,0.0,13.74,33.31,2.72,1,2025-02-01,RJP_0094,0,2025
2025-01-31 21:00:00+00:00,0.0,13.39,33.55,2.53,2,2025-02-01,RJP_0094,0,2025
2025-01-31 22:00:00+00:00,0.0,13.38,33.26,2.21,3,2025-02-01,RJP_0094,0,2025
2025-01-31 23:00:00+00:00,0.0,13.5,32.81,1.84,4,2025-02-01,RJP_0094,0,2025
2025-02-01 00:00:00+00:00,0.0,13.72,32.26,1.31,5,2025-02-01,RJP_0094,0,2025
2025-02-01 01:00:00+00:00,0.0,13.84,32.24,0.62,6,2025-02-01,RJP_0094,0,2025
2025-02-01 02:00:00+00:00,100.72,15.47,29.93,0.51,7,2025-02-01,RJP_0094,0,2025
2025-02-01 03:00:00+00:00,304.92,18.39,24.01,0.88,8,2025-02-01,RJP_0094,0,2025
2025-02-01 04:00:00+00:00,509.02,22.96,19.08,2.23,9,2025-02-01,RJP_0094,0,2025
2025-02-01 05:00:00+00:00,666.78,25.77,16.83,3.46,10,2025-02-01,RJP_0094,0,2025
2025-02-01 06:00:00+00:00,759.53,27.41,15.48,4.22,11,2025-02-01,RJP_0094,0,2025
2025-02-01 07:00:00+00:00,782.38,28.48,14.77,4.83,12,2025-02-01,RJP_0094,0,2025
2025-02-01 08:00:00+00:00,731.42,28.97,14.62,5.33,13,2025-02-01,RJP_0094,0,2025
2025-02-01 09:00:00+00:00,609.22,28.84,14.95,5.43,14,2025-02-01,RJP_0094,0,2025
2025-02-01 10:00:00+00:00,389.12,28.1,15.73,5.25,15,2025-02-01,RJP_0094,0,2025
2025-02-01 11:00:00+00:00,188.81,26.53,17.29,4.41,16,2025-02-01,RJP_0094,0,2025
2025-02-01 12:00:00+00:00,25.16,21.37,24.57,2.99,17,2025-02-01,RJP_0094,0,2025
2025-02-01 13:00:00+00:00,0.0,19.21,27.2,3.23,18,2025-02-01,RJP_0094,0,2025
2025-02-01 14:00:00+00:00,0.0,18.05,27.61,3.24,19,2025-02-01,RJP_0094,0,2025
2025-02-01 15:00:00+00:00,0.0,16.96,27.17,3.28,20,2025-02-01,RJP_0094,0,2025
2025-02-01 16:00:00+00:00,0.0,15.98,25.83,3.34,21,2025-02-01,RJP_0094,0,2025
2025-02-01 17:00:00+00:00,0.0,15.1,24.4,3.37,22,2025-02-01,RJP_0094,0,2025
2025-02-01 18:00:00+00:00,0.0,14.29,23.78,3.39,23,2025-02-01,RJP_0094,0,2025
2025-02-01 19:00:00+00:00,0.0,13.55,24.03,3.39,0,2025-02-02,RJP_0094,0,2025
2025-02-01 20:00:00+00:00,0.0,12.88,24.78,3.37,1,2025-02-02,RJP_0094,0,2025
2025-02-01 21:00:00+00:00,0.0,12.24,25.72,3.32,2,2025-02-02,RJP_0094,0,2025
2025-02-01 22:00:00+00:00,0.0,11.61,26.81,3.25,3,2025-02-02,RJP_0094,0,2025
2025-02-01 23:00:00+00:00,0.0,11.06,27.93,3.21,4,2025-02-02,RJP_0094,0,2025
2025-02-02 00:00:00+00:00,0.0,10.58,28.97,3.19,5,2025-02-02,RJP_0094,0,2025
2025-02-02 01:00:00+00:00,0.0,10.32,30.13,3.15,6,2025-02-02,RJP_0094,0,2025
2025-02-02 02:00:00+00:00,113.55,13.85,24.59,4.0,7,2025-02-02,RJP_0094,0,2025
2025-02-02 03:00:00+00:00,322.85,17.33,20.56,3.4,8,2025-02-02,RJP_0094,0,2025
2025-02-02 04:00:00+00:00,530.83,22.69,15.1,2.24,9,2025-02-02,RJP_0094,0,2025
2025-02-02 05:00:00+00:00,692.88,25.77,12.93,0.42,10,2025-02-02,RJP_0094,0,2025
2025-02-02 06:00:00+00:00,779.83,27.69,11.75,1.51,11,2025-02-02,RJP_0094,0,2025
2025-02-02 07:00:00+00:00,800.08,28.97,10.85,2.57,12,2025-02-02,RJP_0094,0,2025
2025-02-02 08:00:00+00:00,744.92,29.64,10.2,3.2,13,2025-02-02,RJP_0094,0,2025
2025-02-02 09:00:00+00:00,619.4,29.64,9.89,3.27,14,2025-02-02,RJP_0094,0,2025
2025-02-02 10:00:00+00:00,435.15,29.06,9.96,3.01,15,2025-02-02,RJP_0094,0,2025
2025-02-02 11:00:00+00:00,217.82,27.38,11.54,2.14,16,2025-02-02,RJP_0094,0,2025
2025-02-02 12:00:00+00:00,28.4,23.68,16.3,1.64,17,2025-02-02,RJP_0094,0,2025
2025-02-02 13:00:00+00:00,0.0,22.71,16.45,1.36,18,2025-02-02,RJP_0094,0,2025
2025-02-02 14:00:00+00:00,0.0,22.33,16.73,0.86,19,2025-02-02,RJP_0094,0,2025
2025-02-02 15:00:00+00:00,0.0,21.5,17.48,0.69,20,2025-02-02,RJP_0094,0,2025
2025-02-02 16:00:00+00:00,0.0,20.17,18.77,1.07,21,2025-02-02,RJP_0094,0,2025
2025-02-02 17:00:00+00:00,0.0,18.77,20.69,1.64,22,2025-02-02,RJP_0094,0,2025
2025-02-02 18:00:00+00:00,0.0,17.34,23.58,2.28,23,2025-02-02,RJP_0094,0,2025
2025-02-02 19:00:00+00:00,0.0,16.08,27.5,2.78,0,2025-02-03,RJP_0094,0,2025
2025-02-02 20:00:00+00:00,0.0,15.29,31.88,3.02,1,2025-02-03,RJP_0094,0,2025
2025-02-02 21:00:00+00:00,0.0,14.85,36.29,3.07,2,2025-02-03,RJP_0094,0,2025
2025-02-02 22:00:00+00:00,0.0,14.47,40.31,3.05,3,2025-02-03,RJP_0094,0,2025
2025-02-02 23:00:00+00:00,0.0,14.07,42.93,3.02,4,2025-02-03,RJP_0094,0,2025
2025-02-03 00:00:00+00:00,0.0,13.73,44.51,2.99,5,2025-02-03,RJP_0094,0,2025
2025-02-03 01:00:00+00:00,0.0,13.6,45.01,2.97,6,2025-02-03,RJP_0094,0,2025
2025-02-03 02:00:00+00:00,84.22,16.67,36.89,4.1,7,2025-02-03,RJP_0094,0,2025
2025-02-03 03:00:00+00:00,232.68,20.22,29.41,3.06,8,2025-02-03,RJP_0094,0,2025
2025-02-03 04:00:00+00:00,412.98,26.51,17.6,3.04,9,2025-02-03,RJP_0094,0,2025
2025-02-03 05:00:00+00:00,582.4,29.81,15.15,4.5,10,2025-02-03,RJP_0094,0,2025
2025-02-03 06:00:00+00:00,661.55,31.32,15.01,5.7,11,2025-02-03,RJP_0094,0,2025
2025-02-03 07:00:00+00:00,666.47,32.17,15.33,6.46,12,2025-02-03,RJP_0094,0,2025
2025-02-03 08:00:00+00:00,627.55,32.57,15.96,6.69,13,2025-02-03,RJP_0094,0,2025
2025-02-03 09:00:00+00:00,470.6,32.41,16.92,6.35,14,2025-02-03,RJP_0094,0,2025
2025-02-03 10:00:00+00:00,281.85,31.66,18.28,5.91,15,2025-02-03,RJP_0094,0,2025
2025-02-03 11:00:00+00:00,136.93,30.14,20.19,4.92,16,2025-02-03,RJP_0094,0,2025
2025-02-03 12:00:00+00:00,18.5,25.28,27.08,2.96,17,2025-02-03,RJP_0094,0,2025
2025-02-03 13:00:00+00:00,0.0,23.06,29.86,3.08,18,2025-02-03,RJP_0094,0,2025
2025-02-03 14:00:00+00:00,0.0,21.96,30.3,3.0,19,2025-02-03,RJP_0094,0,2025
2025-02-03 15:00:00+00:00,0.0,21.0,30.27,3.0,20,2025-02-03,RJP_0094,0,2025
2025-02-03 16:00:00+00:00,0.0,20.19,29.71,3.01,21,2025-02-03,RJP_0094,0,2025
2025-02-03 17:00:00+00:00,0.0,19.48,29.25,3.01,22,2025-02-03,RJP_0094,0,2025
2025-02-03 18:00:00+00:00,0.0,18.84,28.93,2.98,23,2025-02-03,RJP_0094,0,2025
2025-02-03 19:00:00+00:00,0.0,18.24,29.06,2.9,0,2025-02-04,RJP_0094,0,2025
2025-02-03 20:00:00+00:00,0.0,17.69,29.53,2.79,1,2025-02-04,RJP_0094,0,2025
2025-02-03 21:00:00+00:00,0.0,17.15,30.23,2.68,2,2025-02-04,RJP_0094,0,2025
2025-02-03 22:00:00+00:00,0.0,16.62,31.1,2.62,3,2025-02-04,RJP_0094,0,2025
2025-02-03 23:00:00+00:00,0.0,16.08,32.11,2.6,4,2025-02-04,RJP_0094,0,2025
2025-02-04 00:00:00+00:00,0.0,15.65,33.2,2.53,5,2025-02-04,RJP_0094,0,2025
2025-02-04 01:00:00+00:00,0.0,15.68,33.6,2.29,6,2025-02-04,RJP_0094,0,2025
2025-02-04 02:00:00+00:00,72.43,18.36,28.81,2.54,7,2025-02-04,RJP_0094,0,2025
2025-02-04 03:00:00+00:00,209.32,21.33,23.61,2.0,8,2025-02-04,RJP_0094,0,2025
2025-02-04 04:00:00+00:00,396.73,26.22,18.16,1.98,9,2025-02-04,RJP_0094,0,2025
2025-02-04 05:00:00+00:00,579.72,28.99,16.42,4.21,10,2025-02-04,RJP_0094,0,2025
2025-02-04 06:00:00+00:00,638.0,30.37,16.27,5.44,11,2025-02-04,RJP_0094,0,2025
2025-02-04 07:00:00+00:00,683.83,31.17,16.56,6.37,12,2025-02-04,RJP_0094,0,2025
2025-02-04 08:00:00+00:00,605.62,31.33,17.08,6.98,13,2025-02-04,RJP_0094,0,2025
2025-02-04 09:00:00+00:00,430.67,30.87,17.9,6.63,14,2025-02-04,RJP_0094,0,2025
2025-02-04 10:00:00+00:00,300.2,29.94,19.23,5.87,15,2025-02-04,RJP_0094,0,2025
2025-02-04 11:00:00+00:00,156.62,28.37,21.38,4.67,16,2025-02-04,RJP_0094,0,2025
2025-02-04 12:00:00+00:00,22.9,23.87,28.42,2.8,17,2025-02-04,RJP_0094,0,2025
2025-02-04 13:00:00+00:00,0.0,21.85,31.55,2.99,18,2025-02-04,RJP_0094,0,2025
2025-02-04 14:00:00+00:00,0.0,20.93,32.14,3.07,19,2025-02-04,RJP_0094,0,2025
2025-02-04 15:00:00+00:00,0.0,20.15,31.5,3.19,20,2025-02-04,RJP_0094,0,2025
2025-02-04 16:00:00+00:00,0.0,19.4,29.68,3.41,21,2025-02-04,RJP_0094,0,2025
2025-02-04 17:00:00+00:00,0.0,18.68,26.84,3.87,22,2025-02-04,RJP_0094,0,2025
2025-02-04 18:00:00+00:00,0.0,17.8,24.38,4.2,23,2025-02-04,RJP_0094,0,2025
2025-02-04 19:00:00+00:00,0.0,16.67,23.38,4.18,0,2025-02-05,RJP_0094,0,2025
2025-02-04 20:00:00+00:00,0.0,15.54,23.8,4.18,1,2025-02-05,RJP_0094,0,2025
2025-02-04 21:00:00+00:00,0.0,14.44,25.07,4.06,2,2025-02-05,RJP_0094,0,2025
2025-02-04 22:00:00+00:00,0.0,13.4,26.61,4.01,3,2025-02-05,RJP_0094,0,2025
2025-02-04 23:00:00+00:00,0.0,12.51,28.1,4.02,4,2025-02-05,RJP_0094,0,2025
2025-02-05 00:00:00+00:00,0.0,11.69,29.79,4.06,5,2025-02-05,RJP_0094,0,2025
2025-02-05 01:00:00+00:00,0.0,11.17,30.97,4.28,6,2025-02-05,RJP_0094,0,2025
2025-02-05 02:00:00+00:00,112.75,13.03,27.84,5.26,7,2025-02-05,RJP_0094,0,2025
2025-02-05 03:00:00+00:00,324.62,16.68,22.43,4.05,8,2025-02-05,RJP_0094,0,2025
2025-02-05 04:00:00+00:00,533.7,22.38,15.28,5.24,9,2025-02-05,RJP_0094,0,2025
2025-02-05 05:00:00+00:00,696.1,25.06,12.91,4.23,10,2025-02-05,RJP_0094,0,2025
2025-02-05 06:00:00+00:00,773.6,26.81,11.09,3.45,11,2025-02-05,RJP_0094,0,2025
2025-02-05 07:00:00+00:00,800.17,28.02,9.66,3.02,12,2025-02-05,RJP_0094,0,2025
2025-02-05 08:00:00+00:00,749.67,28.67,8.73,2.87,13,2025-02-05,RJP_0094,0,2025
2025-02-05 09:00:00+00:00,624.7,28.69,8.28,2.93,14,2025-02-05,RJP_0094,0,2025
2025-02-05 10:00:00+00:00,440.0,28.01,8.32,2.97,15,2025-02-05,RJP_0094,0,2025
2025-02-05 11:00:00+00:00,222.98,26.32,9.33,2.62,16,2025-02-05,RJP_0094,0,2025
2025-02-05 12:00:00+00:00,31.75,20.89,15.03,2.67,17,2025-02-05,RJP_0094,0,2025
2025-02-05 13:00:00+00:00,0.0,18.51,16.92,3.28,18,2025-02-05,RJP_0094,0,2025
2025-02-05 14:00:00+00:00,0.0,17.43,18.44,3.6,19,2025-02-05,RJP_0094,0,2025
2025-02-05 15:00:00+00:00,0.0,16.61,20.27,3.78,20,2025-02-05,RJP_0094,0,2025
2025-02-05 16:00:00+00:00,0.0,15.86,22.4,3.9,21,2025-02-05,RJP_0094,0,2025
2025-02-05 17:00:00+00:00,0.0,15.12,24.58,3.98,22,2025-02-05,RJP_0094,0,2025
2025-02-05 18:00:00+00:00,0.0,14.42,26.86,4.06,23,2025-02-05,RJP_0094,0,2025
2025-02-05 19:00:00+00:00,0.0,13.81,29.22,4.19,0,2025-02-06,RJP_0094,0,2025
2025-02-05 20:00:00+00:00,0.0,13.2,31.74,4.36,1,2025-02-06,RJP_0094,0,2025
2025-02-05 21:00:00+00:00,0.0,12.51,34.71,4.41,2,2025-02-06,RJP_0094,0,2025
2025-02-05 22:00:00+00:00,0.0,11.81,37.82,4.47,3,2025-02-06,RJP_0094,0,2025
2025-02-05 23:00:00+00:00,0.0,11.21,40.66,4.55,4,2025-02-06,RJP_0094,0,2025
2025-02-06 00:00:00+00:00,0.0,10.68,43.25,4.6,5,2025-02-06,RJP_0094,0,2025
2025-02-06 01:00:00+00:00,0.0,10.44,44.6,4.82,6,2025-02-06,RJP_0094,0,2025
2025-02-06 02:00:00+00:00,111.45,12.75,38.31,5.73,7,2025-02-06,RJP_0094,0,2025
2025-02-06 03:00:00+00:00,318.8,16.72,28.85,4.97,8,2025-02-06,RJP_0094,0,2025
2025-02-06 04:00:00+00:00,525.92,22.38,16.23,6.84,9,2025-02-06,RJP_0094,0,2025
2025-02-06 05:00:00+00:00,687.7,25.32,12.53,6.24,10,2025-02-06,RJP_0094,0,2025
2025-02-06 06:00:00+00:00,793.1,27.29,11.58,5.18,11,2025-02-06,RJP_0094,0,2025
2025-02-06 07:00:00+00:00,816.53,28.6,11.23,4.15,12,2025-02-06,RJP_0094,0,2025
2025-02-06 08:00:00+00:00,763.42,29.29,11.05,3.19,13,2025-02-06,RJP_0094,0,2025
2025-02-06 09:00:00+00:00,636.17,29.25,11.14,2.75,14,2025-02-06,RJP_0094,0,2025
2025-02-06 10:00:00+00:00,449.67,28.57,11.47,2.71,15,2025-02-06,RJP_0094,0,2025
2025-02-06 11:00:00+00:00,231.48,26.9,12.51,2.81,16,2025-02-06,RJP_0094,0,2025
2025-02-06 12:00:00+00:00,34.15,21.29,18.02,3.02,17,2025-02-06,RJP_0094,0,2025
2025-02-06 13:00:00+00:00,0.0,19.26,18.89,3.7,18,2025-02-06,RJP_0094,0,2025
2025-02-06 14:00:00+00:00,0.0,18.51,19.59,4.18,19,2025-02-06,RJP_0094,0,2025
2025-02-06 15:00:00+00:00,0.0,17.73,21.21,4.55,20,2025-02-06,RJP_0094,0,2025
2025-02-06 16:00:00+00:00,0.0,16.9,23.02,4.66,21,2025-02-06,RJP_0094,0,2025
2025-02-06 17:00:00+00:00,0.0,16.08,24.85,4.59,22,2025-02-06,RJP_0094,0,2025
2025-02-06 18:00:00+00:00,0.0,15.32,26.72,4.52,23,2025-02-06,RJP_0094,0,2025
2025-02-06 19:00:00+00:00,0.0,14.68,28.6,4.55,0,2025-02-07,RJP_0094,0,2025
2025-02-06 20:00:00+00:00,0.0,14.17,30.42,4.71,1,2025-02-07,RJP_0094,0,2025
2025-02-06 21:00:00+00:00,0.0,13.64,32.68,4.76,2,2025-02-07,RJP_0094,0,2025
2025-02-06 22:00:00+00:00,0.0,13.1,35.2,4.85,3,2025-02-07,RJP_0094,0,2025
2025-02-06 23:00:00+00:00,0.0,12.56,37.76,5.01,4,2025-02-07,RJP_0094,0,2025
2025-02-07 00:00:00+00:00,0.0,12.0,40.44,5.12,5,2025-02-07,RJP_0094,0,2025
2025-02-07 01:00:00+00:00,0.0,11.58,42.3,5.16,6,2025-02-07,RJP_0094,0,2025
2025-02-07 02:00:00+00:00,113.93,13.34,38.13,5.6,7,2025-02-07,RJP_0094,0,2025
2025-02-07 03:00:00+00:00,322.3,17.21,28.88,4.71,8,2025-02-07,RJP_0094,0,2025
2025-02-07 04:00:00+00:00,528.9,22.65,17.59,5.7,9,2025-02-07,RJP_0094,0,2025
2025-02-07 05:00:00+00:00,685.97,25.86,14.5,4.61,10,2025-02-07,RJP_0094,0,2025
2025-02-07 06:00:00+00:00,781.0,28.11,14.1,3.02,11,2025-02-07,RJP_0094,0,2025
2025-02-07 07:00:00+00:00,801.55,29.41,13.63,1.56,12,2025-02-07,RJP_0094,0,2025
2025-02-07 08:00:00+00:00,746.83,29.8,13.01,0.48,13,2025-02-07,RJP_0094,0,2025
2025-02-07 09:00:00+00:00,617.55,29.84,12.3,0.88,14,2025-02-07,RJP_0094,0,2025
2025-02-07 10:00:00+00:00,430.3,29.38,11.98,1.36,15,2025-02-07,RJP_0094,0,2025
2025-02-07 11:00:00+00:00,215.15,27.85,13.47,1.49,16,2025-02-07,RJP_0094,0,2025
2025-02-07 12:00:00+00:00,31.17,23.26,18.07,2.24,17,2025-02-07,RJP_0094,0,2025
2025-02-07 13:00:00+00:00,0.0,20.43,18.95,3.06,18,2025-02-07,RJP_0094,0,2025
2025-02-07 14:00:00+00:00,0.0,19.48,18.38,3.46,19,2025-02-07,RJP_0094,0,2025
2025-02-07 15:00:00+00:00,0.0,18.49,18.75,3.63,20,2025-02-07,RJP_0094,0,2025
2025-02-07 16:00:00+00:00,0.0,17.43,20.04,3.65,21,2025-02-07,RJP_0094,0,2025
2025-02-07 17:00:00+00:00,0.0,16.58,21.48,3.65,22,2025-02-07,RJP_0094,0,2025
2025-02-07 18:00:00+00:00,0.0,15.82,22.89,3.65,23,2025-02-07,RJP_0094,0,2025
2025-02-07 19:00:00+00:00,0.0,15.1,23.96,3.65,0,2025-02-08,RJP_0094,0,2025
2025-02-07 20:00:00+00:00,0.0,14.44,24.8,3.66,1,2025-02-08,RJP_0094,0,2025
2025-02-07 21:00:00+00:00,0.0,13.83,25.6,3.65,2,2025-02-08,RJP_0094,0,2025
2025-02-07 22:00:00+00:00,0.0,13.56,25.84,3.66,3,2025-02-08,RJP_0094,0,2025
2025-02-07 23:00:00+00:00,0.0,13.45,26.03,3.74,4,2025-02-08,RJP_0094,0,2025
2025-02-08 00:00:00+00:00,0.0,12.61,27.74,3.57,5,2025-02-08,RJP_0094,0,2025
2025-02-08 01:00:00+00:00,0.0,12.22,28.7,3.54,6,2025-02-08,RJP_0094,0,2025
2025-02-08 02:00:00+00:00,103.25,15.18,23.7,4.68,7,2025-02-08,RJP_0094,0,2025
2025-02-08 03:00:00+00:00,280.05,18.65,18.88,3.49,8,2025-02-08,RJP_0094,0,2025
2025-02-08 04:00:00+00:00,467.88,24.79,13.38,3.17,9,2025-02-08,RJP_0094,0,2025
2025-02-08 05:00:00+00:00,626.4,28.43,13.19,2.03,10,2025-02-08,RJP_0094,0,2025
2025-02-08 06:00:00+00:00,738.38,30.29,13.1,1.01,11,2025-02-08,RJP_0094,0,2025
2025-02-08 07:00:00+00:00,786.4,31.56,12.24,0.47,12,2025-02-08,RJP_0094,0,2025
2025-02-08 08:00:00+00:00,721.08,32.27,11.32,0.25,13,2025-02-08,RJP_0094,0,2025
2025-02-08 09:00:00+00:00,593.28,32.38,10.95,0.22,14,2025-02-08,RJP_0094,0,2025
2025-02-08 10:00:00+00:00,411.73,31.87,11.23,0.29,15,2025-02-08,RJP_0094,0,2025
2025-02-08 11:00:00+00:00,210.55,30.47,13.34,0.27,16,2025-02-08,RJP_0094,0,2025
2025-02-08 12:00:00+00:00,32.62,27.89,16.78,0.27,17,2025-02-08,RJP_0094,0,2025
2025-02-08 13:00:00+00:00,0.0,26.01,17.4,0.83,18,2025-02-08,RJP_0094,0,2025
2025-02-08 14:00:00+00:00,0.0,24.03,18.97,1.35,19,2025-02-08,RJP_0094,0,2025
2025-02-08 15:00:00+00:00,0.0,22.94,19.54,1.55,20,2025-02-08,RJP_0094,0,2025
2025-02-08 16:00:00+00:00,0.0,21.9,20.16,1.59,21,2025-02-08,RJP_0094,0,2025
2025-02-08 17:00:00+00:00,0.0,20.91,20.73,1.67,22,2025-02-08,RJP_0094,0,2025
2025-02-08 18:00:00+00:00,0.0,19.8,21.51,1.74,23,2025-02-08,RJP_0094,0,2025
2025-02-08 19:00:00+00:00,0.0,18.65,22.45,1.82,0,2025-02-09,RJP_0094,0,2025
2025-02-08 20:00:00+00:00,0.0,17.8,23.13,1.93,1,2025-02-09,RJP_0094,0,2025
2025-02-08 21:00:00+00:00,0.0,16.9,24.07,2.14,2,2025-02-09,RJP_0094,0,2025
2025-02-08 22:00:00+00:00,0.0,16.07,25.2,2.32,3,2025-02-09,RJP_0094,0,2025
2025-02-08 23:00:00+00:00,0.0,15.39,26.5,2.43,4,2025-02-09,RJP_0094,0,2025
2025-02-09 00:00:00+00:00,0.0,14.8,27.91,2.48,5,2025-02-09,RJP_0094,0,2025
2025-02-09 01:00:00+00:00,0.0,14.47,29.39,2.49,6,2025-02-09,RJP_0094,0,2025
2025-02-09 02:00:00+00:00,116.05,18.07,25.05,2.5,7,2025-02-09,RJP_0094,0,2025
2025-02-09 03:00:00+00:00,319.9,21.92,20.82,2.32,8,2025-02-09,RJP_0094,0,2025
2025-02-09 04:00:00+00:00,527.97,27.03,16.48,0.54,9,2025-02-09,RJP_0094,0,2025
2025-02-09 05:00:00+00:00,689.47,30.17,13.65,2.5,10,2025-02-09,RJP_0094,0,2025
2025-02-09 06:00:00+00:00,784.67,31.76,11.72,3.4,11,2025-02-09,RJP_0094,0,2025
2025-02-09 07:00:00+00:00,806.88,32.76,10.44,3.87,12,2025-02-09,RJP_0094,0,2025
2025-02-09 08:00:00+00:00,753.2,33.22,9.64,4.23,13,2025-02-09,RJP_0094,0,2025
2025-02-09 09:00:00+00:00,628.55,33.06,9.25,4.15,14,2025-02-09,RJP_0094,0,2025
2025-02-09 10:00:00+00:00,445.3,32.31,9.39,3.83,15,2025-02-09,RJP_0094,0,2025
2025-02-09 11:00:00+00:00,230.4,30.46,10.57,2.88,16,2025-02-09,RJP_0094,0,2025
2025-02-09 12:00:00+00:00,35.92,25.24,15.85,2.47,17,2025-02-09,RJP_0094,0,2025
2025-02-09 13:00:00+00:00,0.0,23.27,17.3,2.61,18,2025-02-09,RJP_0094,0,2025
2025-02-09 14:00:00+00:00,0.0,22.18,18.15,2.56,19,2025-02-09,RJP_0094,0,2025
2025-02-09 15:00:00+00:00,0.0,20.75,19.24,2.71,20,2025-02-09,RJP_0094,0,2025
2025-02-09 16:00:00+00:00,0.0,19.29,19.74,2.95,21,2025-02-09,RJP_0094,0,2025
2025-02-09 17:00:00+00:00,0.0,18.15,19.25,3.02,22,2025-02-09,RJP_0094,0,2025
2025-02-09 18:00:00+00:00,0.0,17.23,18.24,2.97,23,2025-02-09,RJP_0094,0,2025
2025-02-09 19:00:00+00:00,0.0,16.38,17.4,2.99,0,2025-02-10,RJP_0094,0,2025
2025-02-09 20:00:00+00:00,0.0,15.52,16.97,3.13,1,2025-02-10,RJP_0094,0,2025
2025-02-09 21:00:00+00:00,0.0,14.85,16.97,3.06,2,2025-02-10,RJP_0094,0,2025
2025-02-09 22:00:00+00:00,0.0,14.52,17.33,2.73,3,2025-02-10,RJP_0094,0,2025
2025-02-09 23:00:00+00:00,0.0,14.46,17.5,2.37,4,2025-02-10,RJP_0094,0,2025
2025-02-10 00:00:00+00:00,0.0,14.56,17.59,2.09,5,2025-02-10,RJP_0094,0,2025
2025-02-10 01:00:00+00:00,0.0,14.66,17.68,1.85,6,2025-02-10,RJP_0094,0,2025
2025-02-10 02:00:00+00:00,117.32,17.76,15.68,1.6,7,2025-02-10,RJP_0094,0,2025
2025-02-10 03:00:00+00:00,319.3,21.54,11.13,1.42,8,2025-02-10,RJP_0094,0,2025
2025-02-10 04:00:00+00:00,528.6,26.56,8.96,1.66,9,2025-02-10,RJP_0094,0,2025
2025-02-10 05:00:00+00:00,693.12,30.02,7.62,3.5,10,2025-02-10,RJP_0094,0,2025
2025-02-10 06:00:00+00:00,805.1,31.71,6.91,3.78,11,2025-02-10,RJP_0094,0,2025
2025-02-10 07:00:00+00:00,826.4,32.84,6.92,3.83,12,2025-02-10,RJP_0094,0,2025
2025-02-10 08:00:00+00:00,770.97,33.45,7.49,3.8,13,2025-02-10,RJP_0094,0,2025
2025-02-10 09:00:00+00:00,645.95,33.51,8.31,3.59,14,2025-02-10,RJP_0094,0,2025
2025-02-10 10:00:00+00:00,461.12,32.97,9.12,3.47,15,2025-02-10,RJP_0094,0,2025
2025-02-10 11:00:00+00:00,242.98,31.21,10.76,2.78,16,2025-02-10,RJP_0094,0,2025
2025-02-10 12:00:00+00:00,40.53,25.6,16.28,2.8,17,2025-02-10,RJP_0094,0,2025
2025-02-10 13:00:00+00:00,0.0,23.21,18.48,3.21,18,2025-02-10,RJP_0094,0,2025
2025-02-10 14:00:00+00:00,0.0,21.97,20.06,3.29,19,2025-02-10,RJP_0094,0,2025
2025-02-10 15:00:00+00:00,0.0,20.81,21.87,3.32,20,2025-02-10,RJP_0094,0,2025
2025-02-10 16:00:00+00:00,0.0,19.73,23.86,3.28,21,2025-02-10,RJP_0094,0,2025
2025-02-10 17:00:00+00:00,0.0,18.75,25.86,3.2,22,2025-02-10,RJP_0094,0,2025
2025-02-10 18:00:00+00:00,0.0,17.95,27.42,3.13,23,2025-02-10,RJP_0094,0,2025
2025-02-10 19:00:00+00:00,0.0,17.3,28.32,3.05,0,2025-02-11,RJP_0094,0,2025
2025-02-10 20:00:00+00:00,0.0,16.77,28.78,2.97,1,2025-02-11,RJP_0094,0,2025
2025-02-10 21:00:00+00:00,0.0,16.35,28.8,2.78,2,2025-02-11,RJP_0094,0,2025
2025-02-10 22:00:00+00:00,0.0,15.92,28.73,2.6,3,2025-02-11,RJP_0094,0,2025
2025-02-10 23:00:00+00:00,0.0,15.54,28.56,2.4,4,2025-02-11,RJP_0094,0,2025
2025-02-11 00:00:00+00:00,0.0,15.38,28.24,2.1,5,2025-02-11,RJP_0094,0,2025
2025-02-11 01:00:00+00:00,0.0,15.52,27.48,1.68,6,2025-02-11,RJP_0094,0,2025
2025-02-11 02:00:00+00:00,134.45,18.09,23.96,1.15,7,2025-02-11,RJP_0094,0,2025
2025-02-11 03:00:00+00:00,346.02,21.42,18.65,0.58,8,2025-02-11,RJP_0094,0,2025
2025-02-11 04:00:00+00:00,556.12,26.71,12.46,1.55,9,2025-02-11,RJP_0094,0,2025
2025-02-11 05:00:00+00:00,717.28,29.89,9.91,3.01,10,2025-02-11,RJP_0094,0,2025
2025-02-11 06:00:00+00:00,812.35,31.55,8.6,3.7,11,2025-02-11,RJP_0094,0,2025
2025-02-11 07:00:00+00:00,834.33,32.64,7.69,4.19,12,2025-02-11,RJP_0094,0,2025
2025-02-11 08:00:00+00:00,781.83,33.2,7.29,4.6,13,2025-02-11,RJP_0094,0,2025
2025-02-11 09:00:00+00:00,657.83,33.13,7.44,4.77,14,2025-02-11,RJP_0094,0,2025
2025-02-11 10:00:00+00:00,473.77,32.42,8.22,4.84,15,2025-02-11,RJP_0094,0,2025
2025-02-11 11:00:00+00:00,251.57,30.73,9.96,4.23,16,2025-02-11,RJP_0094,0,2025
2025-02-11 12:00:00+00:00,43.05,25.04,16.0,3.26,17,2025-02-11,RJP_0094,0,2025
2025-02-11 13:00:00+00:00,0.0,22.78,20.14,3.64,18,2025-02-11,RJP_0094,0,2025
2025-02-11 14:00:00+00:00,0.0,21.8,23.79,3.68,19,2025-02-11,RJP_0094,0,2025
2025-02-11 15:00:00+00:00,0.0,20.77,28.03,3.65,20,2025-02-11,RJP_0094,0,2025
2025-02-11 16:00:00+00:00,0.0,19.79,32.5,3.56,21,2025-02-11,RJP_0094,0,2025
2025-02-11 17:00:00+00:00,0.0,18.86,36.88,3.43,22,2025-02-11,RJP_0094,0,2025
2025-02-11 18:00:00+00:00,0.0,18.02,41.21,3.27,23,2025-02-11,RJP_0094,0,2025
2025-02-11 19:00:00+00:00,0.0,17.29,45.2,3.14,0,2025-02-12,RJP_0094,0,2025
2025-02-11 20:00:00+00:00,0.0,16.63,49.0,3.06,1,2025-02-12,RJP_0094,0,2025
2025-02-11 21:00:00+00:00,0.0,16.06,52.33,3.0,2,2025-02-12,RJP_0094,0,2025
2025-02-11 22:00:00+00:00,0.0,15.51,55.35,2.94,3,2025-02-12,RJP_0094,0,2025
2025-02-11 23:00:00+00:00,0.0,14.98,57.84,2.86,4,2025-02-12,RJP_0094,0,2025
2025-02-12 00:00:00+00:00,0.0,14.49,59.74,2.78,5,2025-02-12,RJP_0094,0,2025
2025-02-12 01:00:00+00:00,3.8,14.31,59.93,2.69,6,2025-02-12,RJP_0094,0,2025
2025-02-12 02:00:00+00:00,123.75,18.06,46.39,3.01,7,2025-02-12,RJP_0094,0,2025
2025-02-12 03:00:00+00:00,345.88,21.76,35.77,2.29,8,2025-02-12,RJP_0094,0,2025
2025-02-12 04:00:00+00:00,556.67,27.26,22.3,3.14,9,2025-02-12,RJP_0094,0,2025
2025-02-12 05:00:00+00:00,719.78,29.6,17.84,2.77,10,2025-02-12,RJP_0094,0,2025
2025-02-12 06:00:00+00:00,811.47,31.25,14.84,2.73,11,2025-02-12,RJP_0094,0,2025
2025-02-12 07:00:00+00:00,835.22,32.4,12.67,2.8,12,2025-02-12,RJP_0094,0,2025
2025-02-12 08:00:00+00:00,782.3,32.99,11.18,2.91,13,2025-02-12,RJP_0094,0,2025
2025-02-12 09:00:00+00:00,656.6,32.97,10.29,2.9,14,2025-02-12,RJP_0094,0,2025
2025-02-12 10:00:00+00:00,469.98,32.38,9.89,2.7,15,2025-02-12,RJP_0094,0,2025
2025-02-12 11:00:00+00:00,247.48,30.81,10.67,2.07,16,2025-02-12,RJP_0094,0,2025
2025-02-12 12:00:00+00:00,41.85,26.99,14.33,1.63,17,2025-02-12,RJP_0094,0,2025
2025-02-12 13:00:00+00:00,0.0,25.18,15.12,1.82,18,2025-02-12,RJP_0094,0,2025
2025-02-12 14:00:00+00:00,0.0,23.39,16.52,2.14,19,2025-02-12,RJP_0094,0,2025
2025-02-12 15:00:00+00:00,0.0,21.79,18.04,2.43,20,2025-02-12,RJP_0094,0,2025
2025-02-12 16:00:00+00:00,0.0,19.95,20.21,2.67,21,2025-02-12,RJP_0094,0,2025
2025-02-12 17:00:00+00:00,0.0,18.3,22.4,2.91,22,2025-02-12,RJP_0094,0,2025
2025-02-12 18:00:00+00:00,0.0,17.2,24.0,3.09,23,2025-02-12,RJP_0094,0,2025
2025-02-12 19:00:00+00:00,0.0,16.34,25.68,3.19,0,2025-02-13,RJP_0094,0,2025
2025-02-12 20:00:00+00:00,0.0,15.63,27.48,3.31,1,2025-02-13,RJP_0094,0,2025
2025-02-12 21:00:00+00:00,0.0,15.02,29.49,3.47,2,2025-02-13,RJP_0094,0,2025
2025-02-12 22:00:00+00:00,0.0,14.44,32.04,3.57,3,2025-02-13,RJP_0094,0,2025
2025-02-12 23:00:00+00:00,0.0,13.86,35.36,3.64,4,2025-02-13,RJP_0094,0,2025
2025-02-13 00:00:00+00:00,0.0,13.33,39.18,3.72,5,2025-02-13,RJP_0094,0,2025
2025-02-13 01:00:00+00:00,4.0,13.1,42.72,3.83,6,2025-02-13,RJP_0094,0,2025
2025-02-13 02:00:00+00:00,121.68,15.83,37.31,4.81,7,2025-02-13,RJP_0094,0,2025
2025-02-13 03:00:00+00:00,338.58,19.72,29.02,3.8,8,2025-02-13,RJP_0094,0,2025
2025-02-13 04:00:00+00:00,547.72,25.68,16.41,4.3,9,2025-02-13,RJP_0094,0,2025
2025-02-13 05:00:00+00:00,709.7,28.74,12.2,2.87,10,2025-02-13,RJP_0094,0,2025
2025-02-13 06:00:00+00:00,816.92,30.58,10.36,1.38,11,2025-02-13,RJP_0094,0,2025
2025-02-13 07:00:00+00:00,838.9,31.79,9.39,0.38,12,2025-02-13,RJP_0094,0,2025
2025-02-13 08:00:00+00:00,785.75,32.53,8.9,1.5,13,2025-02-13,RJP_0094,0,2025
2025-02-13 09:00:00+00:00,660.7,32.47,8.95,1.95,14,2025-02-13,RJP_0094,0,2025
2025-02-13 10:00:00+00:00,475.6,31.77,9.47,1.96,15,2025-02-13,RJP_0094,0,2025
2025-02-13 11:00:00+00:00,252.25,30.35,10.74,1.41,16,2025-02-13,RJP_0094,0,2025
2025-02-13 12:00:00+00:00,44.6,27.65,14.5,0.19,17,2025-02-13,RJP_0094,0,2025
2025-02-13 13:00:00+00:00,0.0,25.69,15.38,0.89,18,2025-02-13,RJP_0094,0,2025
2025-02-13 14:00:00+00:00,0.0,24.16,16.61,1.37,19,2025-02-13,RJP_0094,0,2025
2025-02-13 15:00:00+00:00,0.0,23.05,17.71,1.39,20,2025-02-13,RJP_0094,0,2025
2025-02-13 16:00:00+00:00,0.0,21.99,18.95,1.11,21,2025-02-13,RJP_0094,0,2025
2025-02-13 17:00:00+00:00,0.0,21.06,20.06,0.69,22,2025-02-13,RJP_0094,0,2025
2025-02-13 18:00:00+00:00,0.0,20.41,20.75,0.38,23,2025-02-13,RJP_0094,0,2025
2025-02-13 19:00:00+00:00,0.0,20.04,21.15,0.48,0,2025-02-14,RJP_0094,0,2025
2025-02-13 20:00:00+00:00,0.0,19.34,22.22,0.86,1,2025-02-14,RJP_0094,0,2025
2025-02-13 21:00:00+00:00,0.0,18.48,23.37,0.87,2,2025-02-14,RJP_0094,0,2025
2025-02-13 22:00:00+00:00,0.0,17.75,24.15,0.9,3,2025-02-14,RJP_0094,0,2025
2025-02-13 23:00:00+00:00,0.0,16.7,25.82,1.26,4,2025-02-14,RJP_0094,0,2025
2025-02-14 00:00:00+00:00,0.0,16.19,26.77,1.53,5,2025-02-14,RJP_0094,0,2025
2025-02-14 01:00:00+00:00,5.17,16.0,27.29,1.53,6,2025-02-14,RJP_0094,0,2025
2025-02-14 02:00:00+00:00,115.14,18.58,23.72,1.67,7,2025-02-14,RJP_0094,0,2025
2025-02-14 03:00:00+00:00,319.81,22.04,18.75,1.38,8,2025-02-14,RJP_0094,0,2025
2025-02-14 04:00:00+00:00,514.89,27.04,13.29,1.04,9,2025-02-14,RJP_0094,0,2025
2025-02-14 05:00:00+00:00,680.06,30.33,11.63,1.56,10,2025-02-14,RJP_0094,0,2025
2025-02-14 06:00:00+00:00,796.55,32.03,11.2,1.8,11,2025-02-14,RJP_0094,0,2025
2025-02-14 07:00:00+00:00,818.03,33.25,10.87,2.28,12,2025-02-14,RJP_0094,0,2025
2025-02-14 08:00:00+00:00,766.15,33.94,10.74,2.73,13,2025-02-14,RJP_0094,0,2025
2025-02-14 09:00:00+00:00,643.12,33.99,10.93,2.8,14,2025-02-14,RJP_0094,0,2025
2025-02-14 10:00:00+00:00,461.25,33.57,11.42,2.9,15,2025-02-14,RJP_0094,0,2025
2025-02-14 11:00:00+00:00,243.27,32.19,12.64,2.66,16,2025-02-14,RJP_0094,0,2025
2025-02-14 12:00:00+00:00,43.38,27.05,18.0,2.57,17,2025-02-14,RJP_0094,0,2025
2025-02-14 13:00:00+00:00,0.0,24.6,20.07,3.11,18,2025-02-14,RJP_0094,0,2025
2025-02-14 14:00:00+00:00,0.0,23.36,21.04,3.31,19,2025-02-14,RJP_0094,0,2025
2025-02-14 15:00:00+00:00,0.0,22.27,21.85,3.45,20,2025-02-14,RJP_0094,0,2025
2025-02-14 16:00:00+00:00,0.0,21.23,22.55,3.49,21,2025-02-14,RJP_0094,0,2025
2025-02-14 17:00:00+00:00,0.0,20.24,23.3,3.43,22,2025-02-14,RJP_0094,0,2025
2025-02-14 18:00:00+00:00,0.0,19.35,24.19,3.35,23,2025-02-14,RJP_0094,0,2025
2025-02-14 19:00:00+00:00,0.0,18.63,25.22,3.25,0,2025-02-15,RJP_0094,0,2025
2025-02-14 20:00:00+00:00,0.0,18.03,26.39,3.19,1,2025-02-15,RJP_0094,0,2025
2025-02-14 21:00:00+00:00,0.0,17.46,27.81,3.16,2,2025-02-15,RJP_0094,0,2025
2025-02-14 22:00:00+00:00,0.0,16.83,29.58,3.09,3,2025-02-15,RJP_0094,0,2025
2025-02-14 23:00:00+00:00,0.0,16.23,31.49,2.95,4,2025-02-15,RJP_0094,0,2025
2025-02-15 00:00:00+00:00,0.0,16.04,32.67,2.81,5,2025-02-15,RJP_0094,0,2025
2025-02-15 01:00:00+00:00,4.47,15.97,33.54,2.63,6,2025-02-15,RJP_0094,0,2025
2025-02-15 02:00:00+00:00,116.45,19.06,28.04,3.27,7,2025-02-15,RJP_0094,0,2025
2025-02-15 03:00:00+00:00,314.67,22.54,23.74,3.26,8,2025-02-15,RJP_0094,0,2025
2025-02-15 04:00:00+00:00,517.22,27.86,19.25,5.84,9,2025-02-15,RJP_0094,0,2025
2025-02-15 05:00:00+00:00,691.8,31.03,16.34,7.09,10,2025-02-15,RJP_0094,0,2025
2025-02-15 06:00:00+00:00,814.17,32.74,14.69,7.51,11,2025-02-15,RJP_0094,0,2025
2025-02-15 07:00:00+00:00,841.35,33.87,13.63,7.76,12,2025-02-15,RJP_0094,0,2025
2025-02-15 08:00:00+00:00,792.53,34.46,13.03,7.86,13,2025-02-15,RJP_0094,0,2025
2025-02-15 09:00:00+00:00,614.88,34.43,13.01,7.53,14,2025-02-15,RJP_0094,0,2025
2025-02-15 10:00:00+00:00,489.12,33.79,13.68,7.0,15,2025-02-15,RJP_0094,0,2025
2025-02-15 11:00:00+00:00,266.73,32.35,15.34,6.18,16,2025-02-15,RJP_0094,0,2025
2025-02-15 12:00:00+00:00,50.9,27.55,21.28,3.57,17,2025-02-15,RJP_0094,0,2025
2025-02-15 13:00:00+00:00,0.0,24.58,26.24,3.46,18,2025-02-15,RJP_0094,0,2025
2025-02-15 14:00:00+00:00,0.0,23.37,28.89,3.33,19,2025-02-15,RJP_0094,0,2025
2025-02-15 15:00:00+00:00,0.0,22.33,31.19,3.32,20,2025-02-15,RJP_0094,0,2025
2025-02-15 16:00:00+00:00,0.0,21.44,33.3,3.35,21,2025-02-15,RJP_0094,0,2025
2025-02-15 17:00:00+00:00,0.0,20.57,35.33,3.31,22,2025-02-15,RJP_0094,0,2025
2025-02-15 18:00:00+00:00,0.0,19.75,37.3,3.23,23,2025-02-15,RJP_0094,0,2025
2025-02-15 19:00:00+00:00,0.0,18.98,39.12,3.16,0,2025-02-16,RJP_0094,0,2025
2025-02-15 20:00:00+00:00,0.0,18.3,40.74,3.09,1,2025-02-16,RJP_0094,0,2025
2025-02-15 21:00:00+00:00,0.0,17.72,42.09,3.0,2,2025-02-16,RJP_0094,0,2025
2025-02-15 22:00:00+00:00,0.0,17.22,43.28,2.86,3,2025-02-16,RJP_0094,0,2025
2025-02-15 23:00:00+00:00,0.0,16.8,44.54,2.71,4,2025-02-16,RJP_0094,0,2025
2025-02-16 00:00:00+00:00,0.0,16.53,45.75,2.49,5,2025-02-16,RJP_0094,0,2025
2025-02-16 01:00:00+00:00,5.07,16.8,45.34,2.03,6,2025-02-16,RJP_0094,0,2025
2025-02-16 02:00:00+00:00,130.68,20.2,36.87,1.4,7,2025-02-16,RJP_0094,0,2025
2025-02-16 03:00:00+00:00,349.67,23.64,30.07,0.48,8,2025-02-16,RJP_0094,0,2025
2025-02-16 04:00:00+00:00,556.47,28.88,22.19,2.86,9,2025-02-16,RJP_0094,0,2025
2025-02-16 05:00:00+00:00,715.25,31.55,18.26,4.28,10,2025-02-16,RJP_0094,0,2025
2025-02-16 06:00:00+00:00,815.45,33.05,15.96,4.52,11,2025-02-16,RJP_0094,0,2025
2025-02-16 07:00:00+00:00,835.08,34.03,14.51,4.63,12,2025-02-16,RJP_0094,0,2025
2025-02-16 08:00:00+00:00,780.28,34.51,13.68,4.78,13,2025-02-16,RJP_0094,0,2025
2025-02-16 09:00:00+00:00,656.97,34.3,13.6,4.59,14,2025-02-16,RJP_0094,0,2025
2025-02-16 10:00:00+00:00,469.9,33.52,14.11,4.4,15,2025-02-16,RJP_0094,0,2025
2025-02-16 11:00:00+00:00,248.62,32.06,15.45,4.18,16,2025-02-16,RJP_0094,0,2025
2025-02-16 12:00:00+00:00,45.7,27.33,21.06,2.92,17,2025-02-16,RJP_0094,0,2025
2025-02-16 13:00:00+00:00,0.0,24.75,25.2,3.27,18,2025-02-16,RJP_0094,0,2025
2025-02-16 14:00:00+00:00,0.0,23.68,28.01,3.3,19,2025-02-16,RJP_0094,0,2025
2025-02-16 15:00:00+00:00,0.0,22.69,31.17,3.31,20,2025-02-16,RJP_0094,0,2025
2025-02-16 16:00:00+00:00,0.0,21.88,34.26,3.34,21,2025-02-16,RJP_0094,0,2025
2025-02-16 17:00:00+00:00,0.0,21.0,37.35,3.21,22,2025-02-16,RJP_0094,0,2025
2025-02-16 18:00:00+00:00,0.0,20.12,40.21,3.08,23,2025-02-16,RJP_0094,0,2025
2025-02-16 19:00:00+00:00,0.0,19.35,42.72,3.0,0,2025-02-17,RJP_0094,0,2025
2025-02-16 20:00:00+00:00,0.0,18.66,44.95,2.91,1,2025-02-17,RJP_0094,0,2025
2025-02-16 21:00:00+00:00,0.0,18.14,46.73,2.63,2,2025-02-17,RJP_0094,0,2025
2025-02-16 22:00:00+00:00,0.0,18.06,47.18,2.13,3,2025-02-17,RJP_0094,0,2025
2025-02-16 23:00:00+00:00,0.0,18.18,47.06,1.54,4,2025-02-17,RJP_0094,0,2025
2025-02-17 00:00:00+00:00,0.0,18.25,47.11,0.99,5,2025-02-17,RJP_0094,0,2025
2025-02-17 01:00:00+00:00,5.15,18.1,47.74,0.64,6,2025-02-17,RJP_0094,0,2025
2025-02-17 02:00:00+00:00,123.38,19.82,43.25,1.68,7,2025-02-17,RJP_0094,0,2025
2025-02-17 03:00:00+00:00,332.75,23.15,35.63,1.7,8,2025-02-17,RJP_0094,0,2025
2025-02-17 04:00:00+00:00,536.5,28.3,25.09,0.55,9,2025-02-17,RJP_0094,0,2025
2025-02-17 05:00:00+00:00,694.97,31.73,19.13,1.4,10,2025-02-17,RJP_0094,0,2025
2025-02-17 06:00:00+00:00,792.83,33.44,16.76,2.04,11,2025-02-17,RJP_0094,0,2025
2025-02-17 07:00:00+00:00,815.92,34.47,15.41,2.72,12,2025-02-17,RJP_0094,0,2025
2025-02-17 08:00:00+00:00,764.5,34.93,14.66,3.09,13,2025-02-17,RJP_0094,0,2025
2025-02-17 09:00:00+00:00,616.7,34.81,14.44,3.1,14,2025-02-17,RJP_0094,0,2025
2025-02-17 10:00:00+00:00,436.17,34.21,14.69,3.18,15,2025-02-17,RJP_0094,0,2025
2025-02-17 11:00:00+00:00,217.48,32.94,15.62,2.92,16,2025-02-17,RJP_0094,0,2025
2025-02-17 12:00:00+00:00,39.88,28.56,20.79,2.29,17,2025-02-17,RJP_0094,0,2025
2025-02-17 13:00:00+00:00,0.0,26.04,24.02,2.78,18,2025-02-17,RJP_0094,0,2025
2025-02-17 14:00:00+00:00,0.0,24.99,25.88,2.85,19,2025-02-17,RJP_0094,0,2025
2025-02-17 15:00:00+00:00,0.0,23.97,27.94,2.89,20,2025-02-17,RJP_0094,0,2025
2025-02-17 16:00:00+00:00,0.0,22.94,29.98,2.94,21,2025-02-17,RJP_0094,0,2025
2025-02-17 17:00:00+00:00,0.0,21.88,31.79,2.84,22,2025-02-17,RJP_0094,0,2025
2025-02-17 18:00:00+00:00,0.0,20.98,33.08,2.8,23,2025-02-17,RJP_0094,0,2025
2025-02-17 19:00:00+00:00,0.0,20.3,33.83,2.77,0,2025-02-18,RJP_0094,0,2025
2025-02-17 20:00:00+00:00,0.0,19.77,34.33,2.69,1,2025-02-18,RJP_0094,0,2025
2025-02-17 21:00:00+00:00,0.0,19.41,34.88,2.47,2,2025-02-18,RJP_0094,0,2025
2025-02-17 22:00:00+00:00,0.0,19.56,34.62,2.14,3,2025-02-18,RJP_0094,0,2025
2025-02-17 23:00:00+00:00,0.0,19.39,35.13,1.96,4,2025-02-18,RJP_0094,0,2025
2025-02-18 00:00:00+00:00,0.0,19.19,35.73,1.63,5,2025-02-18,RJP_0094,0,2025
2025-02-18 01:00:00+00:00,5.55,19.28,35.76,1.03,6,2025-02-18,RJP_0094,0,2025
2025-02-18 02:00:00+00:00,123.65,21.61,31.3,0.32,7,2025-02-18,RJP_0094,0,2025
2025-02-18 03:00:00+00:00,332.3,25.14,25.26,0.89,8,2025-02-18,RJP_0094,0,2025
2025-02-18 04:00:00+00:00,543.22,30.05,19.11,2.82,9,2025-02-18,RJP_0094,0,2025
2025-02-18 05:00:00+00:00,711.22,32.46,17.11,3.29,10,2025-02-18,RJP_0094,0,2025
2025-02-18 06:00:00+00:00,765.28,33.95,15.96,3.63,11,2025-02-18,RJP_0094,0,2025
2025-02-18 07:00:00+00:00,798.03,34.91,15.14,4.09,12,2025-02-18,RJP_0094,0,2025
2025-02-18 08:00:00+00:00,719.58,35.35,14.65,4.44,13,2025-02-18,RJP_0094,0,2025
2025-02-18 09:00:00+00:00,534.55,35.13,14.67,4.42,14,2025-02-18,RJP_0094,0,2025
2025-02-18 10:00:00+00:00,364.88,34.37,15.32,4.33,15,2025-02-18,RJP_0094,0,2025
2025-02-18 11:00:00+00:00,196.73,32.98,16.69,4.23,16,2025-02-18,RJP_0094,0,2025
2025-02-18 12:00:00+00:00,41.92,28.59,22.0,2.78,17,2025-02-18,RJP_0094,0,2025
2025-02-18 13:00:00+00:00,0.0,25.84,26.02,2.97,18,2025-02-18,RJP_0094,0,2025
2025-02-18 14:00:00+00:00,0.0,24.65,28.15,2.99,19,2025-02-18,RJP_0094,0,2025
2025-02-18 15:00:00+00:00,0.0,23.55,30.36,3.11,20,2025-02-18,RJP_0094,0,2025
2025-02-18 16:00:00+00:00,0.0,22.63,32.34,3.2,21,2025-02-18,RJP_0094,0,2025
2025-02-18 17:00:00+00:00,0.0,21.72,34.47,3.17,22,2025-02-18,RJP_0094,0,2025
2025-02-18 18:00:00+00:00,0.0,21.02,36.22,3.23,23,2025-02-18,RJP_0094,0,2025
2025-02-18 19:00:00+00:00,0.0,20.45,37.83,3.32,0,2025-02-19,RJP_0094,0,2025
2025-02-18 20:00:00+00:00,0.0,19.83,39.57,3.31,1,2025-02-19,RJP_0094,0,2025
2025-02-18 21:00:00+00:00,0.0,19.17,41.42,3.24,2,2025-02-19,RJP_0094,0,2025
2025-02-18 22:00:00+00:00,0.0,18.49,43.35,3.08,3,2025-02-19,RJP_0094,0,2025
2025-02-18 23:00:00+00:00,0.0,18.07,44.51,2.94,4,2025-02-19,RJP_0094,0,2025
2025-02-19 00:00:00+00:00,0.0,17.63,45.94,2.84,5,2025-02-19,RJP_0094,0,2025
2025-02-19 01:00:00+00:00,6.2,17.43,46.8,2.71,6,2025-02-19,RJP_0094,0,2025
2025-02-19 02:00:00+00:00,119.0,20.65,38.75,3.61,7,2025-02-19,RJP_0094,0,2025
2025-02-19 03:00:00+00:00,308.83,24.77,30.65,2.63,8,2025-02-19,RJP_0094,0,2025
2025-02-19 04:00:00+00:00,496.67,28.88,26.07,1.64,9,2025-02-19,RJP_0094,0,2025
2025-02-19 05:00:00+00:00,648.28,30.05,24.84,0.71,10,2025-02-19,RJP_0094,0,2025
2025-02-19 06:00:00+00:00,740.28,31.47,22.23,0.65,11,2025-02-19,RJP_0094,0,2025
2025-02-19 07:00:00+00:00,683.2,32.76,19.61,1.64,12,2025-02-19,RJP_0094,0,2025
2025-02-19 08:00:00+00:00,659.75,33.29,18.14,2.91,13,2025-02-19,RJP_0094,0,2025
2025-02-19 09:00:00+00:00,562.88,33.22,17.55,3.46,14,2025-02-19,RJP_0094,0,2025
2025-02-19 10:00:00+00:00,405.2,32.61,17.65,3.6,15,2025-02-19,RJP_0094,0,2025
2025-02-19 11:00:00+00:00,203.9,31.41,18.52,3.84,16,2025-02-19,RJP_0094,0,2025
2025-02-19 12:00:00+00:00,41.05,27.74,22.88,2.72,17,2025-02-19,RJP_0094,0,2025
2025-02-19 13:00:00+00:00,0.0,25.3,26.1,3.06,18,2025-02-19,RJP_0094,0,2025
2025-02-19 14:00:00+00:00,0.0,24.44,27.19,3.34,19,2025-02-19,RJP_0094,0,2025
2025-02-19 15:00:00+00:00,0.0,23.63,28.46,3.6,20,2025-02-19,RJP_0094,0,2025
2025-02-19 16:00:00+00:00,0.0,22.65,30.27,3.66,21,2025-02-19,RJP_0094,0,2025
2025-02-19 17:00:00+00:00,0.0,21.5,32.65,3.35,22,2025-02-19,RJP_0094,0,2025
2025-02-19 18:00:00+00:00,0.0,20.4,35.25,3.03,23,2025-02-19,RJP_0094,0,2025
2025-02-19 19:00:00+00:00,0.0,19.59,37.6,2.88,0,2025-02-20,RJP_0094,0,2025
2025-02-19 20:00:00+00:00,0.0,18.96,39.81,2.76,1,2025-02-20,RJP_0094,0,2025
2025-02-19 21:00:00+00:00,0.0,18.44,41.99,2.61,2,2025-02-20,RJP_0094,0,2025
2025-02-19 22:00:00+00:00,0.0,18.0,44.07,2.44,3,2025-02-20,RJP_0094,0,2025
2025-02-19 23:00:00+00:00,0.0,17.53,46.41,2.43,4,2025-02-20,RJP_0094,0,2025
2025-02-20 00:00:00+00:00,0.0,17.07,48.53,2.42,5,2025-02-20,RJP_0094,0,2025
2025-02-20 01:00:00+00:00,7.25,17.03,49.18,2.36,6,2025-02-20,RJP_0094,0,2025
2025-02-20 02:00:00+00:00,149.95,20.52,39.83,2.83,7,2025-02-20,RJP_0094,0,2025
2025-02-20 03:00:00+00:00,376.1,24.66,30.61,3.13,8,2025-02-20,RJP_0094,0,2025
2025-02-20 04:00:00+00:00,585.35,29.49,21.28,4.5,9,2025-02-20,RJP_0094,0,2025
2025-02-20 05:00:00+00:00,742.92,31.29,18.58,4.39,10,2025-02-20,RJP_0094,0,2025
2025-02-20 06:00:00+00:00,850.17,32.54,16.73,4.4,11,2025-02-20,RJP_0094,0,2025
2025-02-20 07:00:00+00:00,872.35,33.39,15.39,4.61,12,2025-02-20,RJP_0094,0,2025
2025-02-20 08:00:00+00:00,816.95,33.8,14.64,4.92,13,2025-02-20,RJP_0094,0,2025
2025-02-20 09:00:00+00:00,686.92,33.64,14.52,4.83,14,2025-02-20,RJP_0094,0,2025
2025-02-20 10:00:00+00:00,496.7,32.89,14.95,4.63,15,2025-02-20,RJP_0094,0,2025
2025-02-20 11:00:00+00:00,273.08,31.53,16.14,4.41,16,2025-02-20,RJP_0094,0,2025
2025-02-20 12:00:00+00:00,57.28,27.3,21.17,2.82,17,2025-02-20,RJP_0094,0,2025
2025-02-20 13:00:00+00:00,0.0,24.42,25.64,3.01,18,2025-02-20,RJP_0094,0,2025
2025-02-20 14:00:00+00:00,0.0,23.37,27.82,3.0,19,2025-02-20,RJP_0094,0,2025
2025-02-20 15:00:00+00:00,0.0,22.41,30.03,3.0,20,2025-02-20,RJP_0094,0,2025
2025-02-20 16:00:00+00:00,0.0,21.57,32.05,3.03,21,2025-02-20,RJP_0094,0,2025
2025-02-20 17:00:00+00:00,0.0,20.79,34.01,3.02,22,2025-02-20,RJP_0094,0,2025
2025-02-20 18:00:00+00:00,0.0,20.05,35.86,2.98,23,2025-02-20,RJP_0094,0,2025
2025-02-20 19:00:00+00:00,0.0,19.36,37.63,2.9,0,2025-02-21,RJP_0094,0,2025
2025-02-20 20:00:00+00:00,0.0,18.73,39.2,2.82,1,2025-02-21,RJP_0094,0,2025
2025-02-20 21:00:00+00:00,0.0,18.17,40.37,2.69,2,2025-02-21,RJP_0094,0,2025
2025-02-20 22:00:00+00:00,0.0,17.63,41.29,2.62,3,2025-02-21,RJP_0094,0,2025
2025-02-20 23:00:00+00:00,0.0,17.02,42.2,2.68,4,2025-02-21,RJP_0094,0,2025
2025-02-21 00:00:00+00:00,0.0,16.39,42.95,2.76,5,2025-02-21,RJP_0094,0,2025
2025-02-21 01:00:00+00:00,7.03,16.3,42.22,2.87,6,2025-02-21,RJP_0094,0,2025
2025-02-21 02:00:00+00:00,140.43,19.41,34.19,4.23,7,2025-02-21,RJP_0094,0,2025
2025-02-21 03:00:00+00:00,351.73,23.16,26.86,3.47,8,2025-02-21,RJP_0094,0,2025
2025-02-21 04:00:00+00:00,560.55,27.95,20.26,1.99,9,2025-02-21,RJP_0094,0,2025
2025-02-21 05:00:00+00:00,723.5,30.2,17.2,1.24,10,2025-02-21,RJP_0094,0,2025
2025-02-21 06:00:00+00:00,825.9,31.78,14.41,1.66,11,2025-02-21,RJP_0094,0,2025
2025-02-21 07:00:00+00:00,846.0,32.85,12.45,2.25,12,2025-02-21,RJP_0094,0,2025
2025-02-21 08:00:00+00:00,786.3,33.36,11.45,2.83,13,2025-02-21,RJP_0094,0,2025
2025-02-21 09:00:00+00:00,660.97,33.18,11.25,2.87,14,2025-02-21,RJP_0094,0,2025
2025-02-21 10:00:00+00:00,472.75,32.5,11.62,2.6,15,2025-02-21,RJP_0094,0,2025
2025-02-21 11:00:00+00:00,242.68,31.2,12.54,2.07,16,2025-02-21,RJP_0094,0,2025
2025-02-21 12:00:00+00:00,47.78,28.54,15.82,0.89,17,2025-02-21,RJP_0094,0,2025
2025-02-21 13:00:00+00:00,0.0,27.35,16.92,0.6,18,2025-02-21,RJP_0094,0,2025
2025-02-21 14:00:00+00:00,0.0,26.17,18.15,1.0,19,2025-02-21,RJP_0094,0,2025
2025-02-21 15:00:00+00:00,0.0,24.9,19.78,1.31,20,2025-02-21,RJP_0094,0,2025
2025-02-21 16:00:00+00:00,0.0,23.22,21.83,1.63,21,2025-02-21,RJP_0094,0,2025
2025-02-21 17:00:00+00:00,0.0,21.54,24.54,2.13,22,2025-02-21,RJP_0094,0,2025
2025-02-21 18:00:00+00:00,0.0,19.87,27.87,2.57,23,2025-02-21,RJP_0094,0,2025
2025-02-21 19:00:00+00:00,0.0,18.69,30.85,2.82,0,2025-02-22,RJP_0094,0,2025
2025-02-21 20:00:00+00:00,0.0,17.91,33.3,2.93,1,2025-02-22,RJP_0094,0,2025
2025-02-21 21:00:00+00:00,0.0,17.27,35.38,2.94,2,2025-02-22,RJP_0094,0,2025
2025-02-21 22:00:00+00:00,0.0,16.7,37.17,2.96,3,2025-02-22,RJP_0094,0,2025
2025-02-21 23:00:00+00:00,0.0,16.17,38.97,2.99,4,2025-02-22,RJP_0094,0,2025
2025-02-22 00:00:00+00:00,0.0,15.68,40.84,3.01,5,2025-02-22,RJP_0094,0,2025
2025-02-22 01:00:00+00:00,7.22,15.78,41.14,3.13,6,2025-02-22,RJP_0094,0,2025
2025-02-22 02:00:00+00:00,136.4,18.74,34.29,4.35,7,2025-02-22,RJP_0094,0,2025
2025-02-22 03:00:00+00:00,341.8,22.99,24.08,3.74,8,2025-02-22,RJP_0094,0,2025
2025-02-22 04:00:00+00:00,553.78,27.35,17.42,1.97,9,2025-02-22,RJP_0094,0,2025
2025-02-22 05:00:00+00:00,720.42,30.12,15.16,1.62,10,2025-02-22,RJP_0094,0,2025
2025-02-22 06:00:00+00:00,831.12,31.98,14.15,3.04,11,2025-02-22,RJP_0094,0,2025
2025-02-22 07:00:00+00:00,855.08,33.09,13.34,3.42,12,2025-02-22,RJP_0094,0,2025
2025-02-22 08:00:00+00:00,803.33,33.67,12.66,3.51,13,2025-02-22,RJP_0094,0,2025
2025-02-22 09:00:00+00:00,678.28,33.61,12.45,3.23,14,2025-02-22,RJP_0094,0,2025
2025-02-22 10:00:00+00:00,492.45,33.02,12.71,2.95,15,2025-02-22,RJP_0094,0,2025
2025-02-22 11:00:00+00:00,268.27,31.84,13.48,2.63,16,2025-02-22,RJP_0094,0,2025
2025-02-22 12:00:00+00:00,56.65,28.13,17.59,1.52,17,2025-02-22,RJP_0094,0,2025
2025-02-22 13:00:00+00:00,0.0,25.72,19.95,1.33,18,2025-02-22,RJP_0094,0,2025
2025-02-22 14:00:00+00:00,0.0,24.42,21.47,1.03,19,2025-02-22,RJP_0094,0,2025
2025-02-22 15:00:00+00:00,0.0,23.23,22.97,1.12,20,2025-02-22,RJP_0094,0,2025
2025-02-22 16:00:00+00:00,0.0,22.03,24.66,1.6,21,2025-02-22,RJP_0094,0,2025
2025-02-22 17:00:00+00:00,0.0,21.09,25.93,2.07,22,2025-02-22,RJP_0094,0,2025
2025-02-22 18:00:00+00:00,0.0,20.29,27.24,2.43,23,2025-02-22,RJP_0094,0,2025
2025-02-22 19:00:00+00:00,0.0,19.41,28.96,2.75,0,2025-02-23,RJP_0094,0,2025
2025-02-22 20:00:00+00:00,0.0,18.5,31.16,3.02,1,2025-02-23,RJP_0094,0,2025
2025-02-22 21:00:00+00:00,0.0,17.65,33.71,3.17,2,2025-02-23,RJP_0094,0,2025
2025-02-22 22:00:00+00:00,0.0,16.79,36.82,3.28,3,2025-02-23,RJP_0094,0,2025
2025-02-22 23:00:00+00:00,0.0,16.05,39.98,3.35,4,2025-02-23,RJP_0094,0,2025
2025-02-23 00:00:00+00:00,0.0,15.46,42.79,3.39,5,2025-02-23,RJP_0094,0,2025
2025-02-23 01:00:00+00:00,8.85,15.53,43.7,3.43,6,2025-02-23,RJP_0094,0,2025
2025-02-23 02:00:00+00:00,159.02,18.9,35.7,4.63,7,2025-02-23,RJP_0094,0,2025
2025-02-23 03:00:00+00:00,387.95,23.1,26.43,3.77,8,2025-02-23,RJP_0094,0,2025
2025-02-23 04:00:00+00:00,602.35,28.23,17.62,2.52,9,2025-02-23,RJP_0094,0,2025
2025-02-23 05:00:00+00:00,765.7,30.7,15.06,1.16,10,2025-02-23,RJP_0094,0,2025
2025-02-23 06:00:00+00:00,854.25,32.21,13.32,0.81,11,2025-02-23,RJP_0094,0,2025
2025-02-23 07:00:00+00:00,876.33,33.21,11.99,1.28,12,2025-02-23,RJP_0094,0,2025
2025-02-23 08:00:00+00:00,820.7,33.67,11.22,1.61,13,2025-02-23,RJP_0094,0,2025
2025-02-23 09:00:00+00:00,691.42,33.51,11.04,1.61,14,2025-02-23,RJP_0094,0,2025
2025-02-23 10:00:00+00:00,501.67,32.86,11.38,1.4,15,2025-02-23,RJP_0094,0,2025
2025-02-23 11:00:00+00:00,273.67,31.63,12.3,1.02,16,2025-02-23,RJP_0094,0,2025
2025-02-23 12:00:00+00:00,58.9,29.05,15.55,0.42,17,2025-02-23,RJP_0094,0,2025
2025-02-23 13:00:00+00:00,0.0,27.01,17.26,0.88,18,2025-02-23,RJP_0094,0,2025
2025-02-23 14:00:00+00:00,0.0,25.91,18.53,1.22,19,2025-02-23,RJP_0094,0,2025
2025-02-23 15:00:00+00:00,0.0,25.07,19.39,1.19,20,2025-02-23,RJP_0094,0,2025
2025-02-23 16:00:00+00:00,0.0,24.18,20.51,1.03,21,2025-02-23,RJP_0094,0,2025
2025-02-23 17:00:00+00:00,0.0,23.05,22.01,0.74,22,2025-02-23,RJP_0094,0,2025
2025-02-23 18:00:00+00:00,0.0,21.96,23.63,0.45,23,2025-02-23,RJP_0094,0,2025
2025-02-23 19:00:00+00:00,0.0,20.72,25.61,0.72,0,2025-02-24,RJP_0094,0,2025
2025-02-23 20:00:00+00:00,0.0,19.15,28.43,1.26,1,2025-02-24,RJP_0094,0,2025
2025-02-23 21:00:00+00:00,0.0,17.79,31.34,1.71,2,2025-02-24,RJP_0094,0,2025
2025-02-23 22:00:00+00:00,0.0,16.8,34.02,2.13,3,2025-02-24,RJP_0094,0,2025
2025-02-23 23:00:00+00:00,0.0,16.03,36.61,2.54,4,2025-02-24,RJP_0094,0,2025
2025-02-24 00:00:00+00:00,0.0,15.41,39.09,2.87,5,2025-02-24,RJP_0094,0,2025
2025-02-24 01:00:00+00:00,8.95,15.53,39.9,2.9,6,2025-02-24,RJP_0094,0,2025
2025-02-24 02:00:00+00:00,150.05,19.14,32.5,4.05,7,2025-02-24,RJP_0094,0,2025
2025-02-24 03:00:00+00:00,370.48,23.06,25.34,3.47,8,2025-02-24,RJP_0094,0,2025
2025-02-24 04:00:00+00:00,577.92,28.16,17.74,3.06,9,2025-02-24,RJP_0094,0,2025
2025-02-24 05:00:00+00:00,735.85,30.56,15.58,2.27,10,2025-02-24,RJP_0094,0,2025
2025-02-24 06:00:00+00:00,726.75,31.98,14.53,1.54,11,2025-02-24,RJP_0094,0,2025
2025-02-24 07:00:00+00:00,806.78,32.84,13.66,0.94,12,2025-02-24,RJP_0094,0,2025
2025-02-24 08:00:00+00:00,638.03,33.22,13.08,0.7,13,2025-02-24,RJP_0094,0,2025
2025-02-24 09:00:00+00:00,501.45,33.1,12.91,0.87,14,2025-02-24,RJP_0094,0,2025
2025-02-24 10:00:00+00:00,387.05,32.54,13.16,1.25,15,2025-02-24,RJP_0094,0,2025
2025-02-24 11:00:00+00:00,206.2,31.36,14.04,1.67,16,2025-02-24,RJP_0094,0,2025
2025-02-24 12:00:00+00:00,49.25,27.84,18.0,1.76,17,2025-02-24,RJP_0094,0,2025
2025-02-24 13:00:00+00:00,0.0,25.08,20.95,2.45,18,2025-02-24,RJP_0094,0,2025
2025-02-24 14:00:00+00:00,0.0,23.84,22.69,3.09,19,2025-02-24,RJP_0094,0,2025
2025-02-24 15:00:00+00:00,0.0,23.43,23.81,3.53,20,2025-02-24,RJP_0094,0,2025
2025-02-24 16:00:00+00:00,0.0,22.89,25.39,3.97,21,2025-02-24,RJP_0094,0,2025
2025-02-24 17:00:00+00:00,0.0,21.87,27.97,3.86,22,2025-02-24,RJP_0094,0,2025
2025-02-24 18:00:00+00:00,0.0,20.83,30.65,3.52,23,2025-02-24,RJP_0094,0,2025
2025-02-24 19:00:00+00:00,0.0,19.82,33.17,3.18,0,2025-02-25,RJP_0094,0,2025
2025-02-24 20:00:00+00:00,0.0,19.12,34.92,3.18,1,2025-02-25,RJP_0094,0,2025
2025-02-24 21:00:00+00:00,0.0,18.26,36.67,3.15,2,2025-02-25,RJP_0094,0,2025
2025-02-24 22:00:00+00:00,0.0,17.61,37.63,3.3,3,2025-02-25,RJP_0094,0,2025
2025-02-24 23:00:00+00:00,0.0,18.01,35.94,3.63,4,2025-02-25,RJP_0094,0,2025
2025-02-25 00:00:00+00:00,0.0,17.77,35.89,3.49,5,2025-02-25,RJP_0094,0,2025
2025-02-25 01:00:00+00:00,9.0,18.02,34.91,3.73,6,2025-02-25,RJP_0094,0,2025
2025-02-25 02:00:00+00:00,136.1,20.14,30.35,4.5,7,2025-02-25,RJP_0094,0,2025
2025-02-25 03:00:00+00:00,336.6,23.96,23.95,3.82,8,2025-02-25,RJP_0094,0,2025
2025-02-25 04:00:00+00:00,530.92,29.46,17.07,3.81,9,2025-02-25,RJP_0094,0,2025
2025-02-25 05:00:00+00:00,685.42,32.01,14.95,2.69,10,2025-02-25,RJP_0094,0,2025
2025-02-25 06:00:00+00:00,712.67,33.71,13.64,2.2,11,2025-02-25,RJP_0094,0,2025
2025-02-25 07:00:00+00:00,770.62,34.79,12.57,1.83,12,2025-02-25,RJP_0094,0,2025
2025-02-25 08:00:00+00:00,667.85,35.3,11.96,1.53,13,2025-02-25,RJP_0094,0,2025
2025-02-25 09:00:00+00:00,539.08,35.22,11.84,1.58,14,2025-02-25,RJP_0094,0,2025
2025-02-25 10:00:00+00:00,374.83,34.64,12.17,1.71,15,2025-02-25,RJP_0094,0,2025
2025-02-25 11:00:00+00:00,202.5,33.46,12.97,2.02,16,2025-02-25,RJP_0094,0,2025
2025-02-25 12:00:00+00:00,47.62,29.73,16.67,1.99,17,2025-02-25,RJP_0094,0,2025
2025-02-25 13:00:00+00:00,0.0,27.27,18.98,2.73,18,2025-02-25,RJP_0094,0,2025
2025-02-25 14:00:00+00:00,0.0,26.41,19.66,3.38,19,2025-02-25,RJP_0094,0,2025
2025-02-25 15:00:00+00:00,0.0,24.74,21.68,3.55,20,2025-02-25,RJP_0094,0,2025
2025-02-25 16:00:00+00:00,0.0,23.55,23.34,3.56,21,2025-02-25,RJP_0094,0,2025
2025-02-25 17:00:00+00:00,0.0,22.54,24.94,3.49,22,2025-02-25,RJP_0094,0,2025
2025-02-25 18:00:00+00:00,0.0,21.99,25.84,3.55,23,2025-02-25,RJP_0094,0,2025
2025-02-25 19:00:00+00:00,0.0,21.97,25.74,3.81,0,2025-02-26,RJP_0094,0,2025
2025-02-25 20:00:00+00:00,0.0,21.54,26.23,3.77,1,2025-02-26,RJP_0094,0,2025
2025-02-25 21:00:00+00:00,0.0,21.25,26.44,3.93,2,2025-02-26,RJP_0094,0,2025
2025-02-25 22:00:00+00:00,0.0,20.77,26.97,3.78,3,2025-02-26,RJP_0094,0,2025
2025-02-25 23:00:00+00:00,0.0,20.34,27.5,3.72,4,2025-02-26,RJP_0094,0,2025
2025-02-26 00:00:00+00:00,0.0,19.98,28.07,3.77,5,2025-02-26,RJP_0094,0,2025
2025-02-26 01:00:00+00:00,9.88,19.92,28.12,4.0,6,2025-02-26,RJP_0094,0,2025
2025-02-26 02:00:00+00:00,141.68,21.49,25.56,4.55,7,2025-02-26,RJP_0094,0,2025
2025-02-26 03:00:00+00:00,345.58,25.11,20.55,3.81,8,2025-02-26,RJP_0094,0,2025
2025-02-26 04:00:00+00:00,560.5,30.98,14.57,4.48,9,2025-02-26,RJP_0094,0,2025
2025-02-26 05:00:00+00:00,738.0,33.62,12.7,2.99,10,2025-02-26,RJP_0094,0,2025
2025-02-26 06:00:00+00:00,819.5,35.2,11.7,2.0,11,2025-02-26,RJP_0094,0,2025
2025-02-26 07:00:00+00:00,863.92,35.69,11.37,1.41,12,2025-02-26,RJP_0094,0,2025
2025-02-26 08:00:00+00:00,798.7,35.89,11.26,1.29,13,2025-02-26,RJP_0094,0,2025
2025-02-26 09:00:00+00:00,674.72,36.25,11.05,1.27,14,2025-02-26,RJP_0094,0,2025
2025-02-26 10:00:00+00:00,460.27,35.77,11.42,1.31,15,2025-02-26,RJP_0094,0,2025
2025-02-26 11:00:00+00:00,252.2,34.63,12.3,1.41,16,2025-02-26,RJP_0094,0,2025
2025-02-26 12:00:00+00:00,56.9,31.83,15.46,0.93,17,2025-02-26,RJP_0094,0,2025
2025-02-26 13:00:00+00:00,0.0,30.38,16.52,0.81,18,2025-02-26,RJP_0094,0,2025
2025-02-26 14:00:00+00:00,0.0,28.99,17.76,1.2,19,2025-02-26,RJP_0094,0,2025
2025-02-26 15:00:00+00:00,0.0,27.18,19.35,1.88,20,2025-02-26,RJP_0094,0,2025
2025-02-26 16:00:00+00:00,0.0,25.5,21.13,2.51,21,2025-02-26,RJP_0094,0,2025
2025-02-26 17:00:00+00:00,0.0,23.65,23.43,3.09,22,2025-02-26,RJP_0094,0,2025
2025-02-26 18:00:00+00:00,0.0,22.53,24.95,3.46,23,2025-02-26,RJP_0094,0,2025
2025-02-26 19:00:00+00:00,0.0,21.74,26.4,3.6,0,2025-02-27,RJP_0094,0,2025
2025-02-26 20:00:00+00:00,0.0,20.99,28.18,3.57,1,2025-02-27,RJP_0094,0,2025
2025-02-26 21:00:00+00:00,0.0,20.12,30.66,3.25,2,2025-02-27,RJP_0094,0,2025
2025-02-26 22:00:00+00:00,0.0,19.3,33.37,2.99,3,2025-02-27,RJP_0094,0,2025
2025-02-26 23:00:00+00:00,0.0,18.71,35.71,2.95,4,2025-02-27,RJP_0094,0,2025
2025-02-27 00:00:00+00:00,0.0,18.13,38.03,2.78,5,2025-02-27,RJP_0094,0,2025
2025-02-27 01:00:00+00:00,10.45,18.51,38.12,2.57,6,2025-02-27,RJP_0094,0,2025
2025-02-27 02:00:00+00:00,139.85,21.29,32.73,2.92,7,2025-02-27,RJP_0094,0,2025
2025-02-27 03:00:00+00:00,320.48,24.93,26.43,2.16,8,2025-02-27,RJP_0094,0,2025
2025-02-27 04:00:00+00:00,495.23,30.66,17.39,4.94,9,2025-02-27,RJP_0094,0,2025
2025-02-27 05:00:00+00:00,598.62,33.64,14.08,5.42,10,2025-02-27,RJP_0094,0,2025
2025-02-27 06:00:00+00:00,654.58,35.24,13.03,5.67,11,2025-02-27,RJP_0094,0,2025
2025-02-27 07:00:00+00:00,636.97,36.29,12.67,5.98,12,2025-02-27,RJP_0094,0,2025
2025-02-27 08:00:00+00:00,573.1,36.72,12.74,6.29,13,2025-02-27,RJP_0094,0,2025
2025-02-27 09:00:00+00:00,460.8,36.56,13.11,6.37,14,2025-02-27,RJP_0094,0,2025
2025-02-27 10:00:00+00:00,302.5,35.84,13.77,6.36,15,2025-02-27,RJP_0094,0,2025
2025-02-27 11:00:00+00:00,156.9,34.48,15.02,6.16,16,2025-02-27,RJP_0094,0,2025
2025-02-27 12:00:00+00:00,38.8,30.67,19.01,3.79,17,2025-02-27,RJP_0094,0,2025
2025-02-27 13:00:00+00:00,0.0,27.81,22.85,3.35,18,2025-02-27,RJP_0094,0,2025
2025-02-27 14:00:00+00:00,0.0,26.79,24.58,3.2,19,2025-02-27,RJP_0094,0,2025
2025-02-27 15:00:00+00:00,0.0,26.25,25.57,2.97,20,2025-02-27,RJP_0094,0,2025
2025-02-27 16:00:00+00:00,0.0,25.43,26.85,2.91,21,2025-02-27,RJP_0094,0,2025
2025-02-27 17:00:00+00:00,0.0,24.67,27.84,2.76,22,2025-02-27,RJP_0094,0,2025
2025-02-27 18:00:00+00:00,0.0,24.01,28.64,2.48,23,2025-02-27,RJP_0094,0,2025
2025-02-27 19:00:00+00:00,0.0,23.4,29.37,2.25,0,2025-02-28,RJP_0094,0,2025
2025-02-27 20:00:00+00:00,0.0,22.97,29.9,2.06,1,2025-02-28,RJP_0094,0,2025
2025-02-27 21:00:00+00:00,0.0,22.7,30.27,1.74,2,2025-02-28,RJP_0094,0,2025
2025-02-27 22:00:00+00:00,0.0,22.5,30.63,1.24,3,2025-02-28,RJP_0094,0,2025
2025-02-27 23:00:00+00:00,0.0,21.98,31.86,1.08,4,2025-02-28,RJP_0094,0,2025
2025-02-28 00:00:00+00:00,0.0,20.77,34.97,1.54,5,2025-02-28,RJP_0094,0,2025
2025-02-28 01:00:00+00:00,9.52,19.98,37.68,1.96,6,2025-02-28,RJP_0094,0,2025
2025-02-28 02:00:00+00:00,124.65,22.76,32.54,2.99,7,2025-02-28,RJP_0094,0,2025
2025-02-28 03:00:00+00:00,298.08,26.7,24.62,3.49,8,2025-02-28,RJP_0094,0,2025
2025-02-28 04:00:00+00:00,481.83,30.06,19.53,4.91,9,2025-02-28,RJP_0094,0,2025
2025-02-28 05:00:00+00:00,661.33,32.25,17.07,6.11,10,2025-02-28,RJP_0094,0,2025
2025-02-28 06:00:00+00:00,685.6,34.01,15.3,7.08,11,2025-02-28,RJP_0094,0,2025
2025-02-28 07:00:00+00:00,717.67,35.12,14.26,7.77,12,2025-02-28,RJP_0094,0,2025
2025-02-28 08:00:00+00:00,705.25,35.65,13.7,8.34,13,2025-02-28,RJP_0094,0,2025
2025-02-28 09:00:00+00:00,600.33,35.46,13.83,8.46,14,2025-02-28,RJP_0094,0,2025
2025-02-28 10:00:00+00:00,413.48,34.6,14.52,8.12,15,2025-02-28,RJP_0094,0,2025
2025-02-28 11:00:00+00:00,216.43,33.16,15.86,7.42,16,2025-02-28,RJP_0094,0,2025
2025-02-28 12:00:00+00:00,50.03,29.96,19.55,4.79,17,2025-02-28,RJP_0094,0,2025
2025-02-28 13:00:00+00:00,0.0,26.42,24.9,3.55,18,2025-02-28,RJP_0094,0,2025
2025-02-28 14:00:00+00:00,0.0,25.17,27.86,3.36,19,2025-02-28,RJP_0094,0,2025
2025-02-28 15:00:00+00:00,0.0,24.16,30.96,3.28,20,2025-02-28,RJP_0094,0,2025
2025-02-28 16:00:00+00:00,0.0,23.43,34.2,3.21,21,2025-02-28,RJP_0094,0,2025
2025-02-28 17:00:00+00:00,0.0,22.68,37.81,3.05,22,2025-02-28,RJP_0094,0,2025
2025-02-28 18:00:00+00:00,0.0,22.02,41.22,2.85,23,2025-02-28,RJP_0094,0,2025
2025-02-28 19:00:00+00:00,0.0,21.51,43.9,2.66,0,2025-03-01,RJP_0094,0,2025
2025-02-28 20:00:00+00:00,0.0,21.09,45.88,2.5,1,2025-03-01,RJP_0094,0,2025
2025-02-28 21:00:00+00:00,0.0,20.71,47.46,2.31,2,2025-03-01,RJP_0094,0,2025
2025-02-28 22:00:00+00:00,0.0,20.48,48.46,2.1,3,2025-03-01,RJP_0094,0,2025
2025-02-28 23:00:00+00:00,0.0,20.41,48.81,1.76,4,2025-03-01,RJP_0094,0,2025
2025-03-01 00:00:00+00:00,0.0,20.34,49.18,1.42,5,2025-03-01,RJP_0094,0,2025
2025-03-01 01:00:00+00:00,10.75,20.42,48.98,1.13,6,2025-03-01,RJP_0094,0,2025
2025-03-01 02:00:00+00:00,147.82,22.59,42.86,0.78,7,2025-03-01,RJP_0094,0,2025
2025-03-01 03:00:00+00:00,365.3,26.71,32.2,1.66,8,2025-03-01,RJP_0094,0,2025
2025-03-01 04:00:00+00:00,584.25,30.29,25.19,2.97,9,2025-03-01,RJP_0094,0,2025
2025-03-01 05:00:00+00:00,742.72,32.44,21.17,4.53,10,2025-03-01,RJP_0094,0,2025
2025-03-01 06:00:00+00:00,822.3,33.97,18.39,5.81,11,2025-03-01,RJP_0094,0,2025
2025-03-01 07:00:00+00:00,846.35,34.83,16.7,6.73,12,2025-03-01,RJP_0094,0,2025
2025-03-01 08:00:00+00:00,799.17,35.13,15.81,7.33,13,2025-03-01,RJP_0094,0,2025
2025-03-01 09:00:00+00:00,674.3,34.81,15.77,7.39,14,2025-03-01,RJP_0094,0,2025
2025-03-01 10:00:00+00:00,494.73,33.98,16.47,7.13,15,2025-03-01,RJP_0094,0,2025
2025-03-01 11:00:00+00:00,256.75,32.54,18.21,6.62,16,2025-03-01,RJP_0094,0,2025
2025-03-01 12:00:00+00:00,52.4,29.51,22.41,4.23,17,2025-03-01,RJP_0094,0,2025
2025-03-01 13:00:00+00:00,0.0,26.26,28.2,3.16,18,2025-03-01,RJP_0094,0,2025
2025-03-01 14:00:00+00:00,0.0,25.06,31.19,2.95,19,2025-03-01,RJP_0094,0,2025
2025-03-01 15:00:00+00:00,0.0,24.06,33.86,2.9,20,2025-03-01,RJP_0094,0,2025
2025-03-01 16:00:00+00:00,0.0,23.22,36.17,2.92,21,2025-03-01,RJP_0094,0,2025
2025-03-01 17:00:00+00:00,0.0,22.38,38.39,2.91,22,2025-03-01,RJP_0094,0,2025
2025-03-01 18:00:00+00:00,0.0,21.57,40.49,2.88,23,2025-03-01,RJP_0094,0,2025
2025-03-01 19:00:00+00:00,0.0,20.8,42.49,2.87,0,2025-03-02,RJP_0094,0,2025
2025-03-01 20:00:00+00:00,0.0,20.14,44.3,2.87,1,2025-03-02,RJP_0094,0,2025
2025-03-01 21:00:00+00:00,0.0,19.51,46.18,2.8,2,2025-03-02,RJP_0094,0,2025
2025-03-01 22:00:00+00:00,0.0,19.01,47.63,2.6,3,2025-03-02,RJP_0094,0,2025
2025-03-01 23:00:00+00:00,0.0,18.71,48.56,2.35,4,2025-03-02,RJP_0094,0,2025
2025-03-02 00:00:00+00:00,0.0,18.57,48.94,2.12,5,2025-03-02,RJP_0094,0,2025
2025-03-02 01:00:00+00:00,11.65,18.81,48.04,1.91,6,2025-03-02,RJP_0094,0,2025
2025-03-02 02:00:00+00:00,158.18,22.04,39.21,2.21,7,2025-03-02,RJP_0094,0,2025
2025-03-02 03:00:00+00:00,381.92,26.31,30.33,1.67,8,2025-03-02,RJP_0094,0,2025
2025-03-02 04:00:00+00:00,610.8,29.72,24.57,2.4,9,2025-03-02,RJP_0094,0,2025
2025-03-02 05:00:00+00:00,772.75,31.41,21.86,2.72,10,2025-03-02,RJP_0094,0,2025
2025-03-02 06:00:00+00:00,873.28,32.77,19.75,2.96,11,2025-03-02,RJP_0094,0,2025
2025-03-02 07:00:00+00:00,892.8,33.74,18.35,3.13,12,2025-03-02,RJP_0094,0,2025
2025-03-02 08:00:00+00:00,834.38,34.28,17.53,3.21,13,2025-03-02,RJP_0094,0,2025
2025-03-02 09:00:00+00:00,702.12,34.31,17.11,3.0,14,2025-03-02,RJP_0094,0,2025
2025-03-02 10:00:00+00:00,512.53,33.82,16.93,2.82,15,2025-03-02,RJP_0094,0,2025
2025-03-02 11:00:00+00:00,272.0,32.71,17.45,2.79,16,2025-03-02,RJP_0094,0,2025
2025-03-02 12:00:00+00:00,59.3,29.38,20.99,2.04,17,2025-03-02,RJP_0094,0,2025
2025-03-02 13:00:00+00:00,0.0,26.57,24.52,2.47,18,2025-03-02,RJP_0094,0,2025
2025-03-02 14:00:00+00:00,0.0,25.43,26.16,2.73,19,2025-03-02,RJP_0094,0,2025
2025-03-02 15:00:00+00:00,0.0,24.36,27.85,2.93,20,2025-03-02,RJP_0094,0,2025
2025-03-02 16:00:00+00:00,0.0,23.43,29.68,3.15,21,2025-03-02,RJP_0094,0,2025
2025-03-02 17:00:00+00:00,0.0,22.54,31.78,3.28,22,2025-03-02,RJP_0094,0,2025
2025-03-02 18:00:00+00:00,0.0,21.66,34.37,3.28,23,2025-03-02,RJP_0094,0,2025
2025-03-02 19:00:00+00:00,0.0,20.75,37.29,3.11,0,2025-03-03,RJP_0094,0,2025
2025-03-02 20:00:00+00:00,0.0,19.9,40.22,2.94,1,2025-03-03,RJP_0094,0,2025
2025-03-02 21:00:00+00:00,0.0,19.24,42.66,2.79,2,2025-03-03,RJP_0094,0,2025
2025-03-02 22:00:00+00:00,0.0,18.86,44.18,2.52,3,2025-03-03,RJP_0094,0,2025
2025-03-02 23:00:00+00:00,0.0,18.91,44.48,2.15,4,2025-03-03,RJP_0094,0,2025
2025-03-03 00:00:00+00:00,0.0,19.23,43.84,1.72,5,2025-03-03,RJP_0094,0,2025
2025-03-03 01:00:00+00:00,12.05,19.78,42.54,1.26,6,2025-03-03,RJP_0094,0,2025
2025-03-03 02:00:00+00:00,158.23,22.38,36.35,0.86,7,2025-03-03,RJP_0094,0,2025
2025-03-03 03:00:00+00:00,371.8,26.71,27.32,1.81,8,2025-03-03,RJP_0094,0,2025
2025-03-03 04:00:00+00:00,584.97,30.57,21.06,3.78,9,2025-03-03,RJP_0094,0,2025
2025-03-03 05:00:00+00:00,751.67,32.7,18.5,4.63,10,2025-03-03,RJP_0094,0,2025
2025-03-03 06:00:00+00:00,851.78,34.3,16.73,5.41,11,2025-03-03,RJP_0094,0,2025
2025-03-03 07:00:00+00:00,877.85,35.29,15.46,6.07,12,2025-03-03,RJP_0094,0,2025
2025-03-03 08:00:00+00:00,822.33,35.69,14.89,6.57,13,2025-03-03,RJP_0094,0,2025
2025-03-03 09:00:00+00:00,693.62,35.37,15.17,6.57,14,2025-03-03,RJP_0094,0,2025
2025-03-03 10:00:00+00:00,505.0,34.55,15.96,6.35,15,2025-03-03,RJP_0094,0,2025
2025-03-03 11:00:00+00:00,266.25,33.14,17.33,5.96,16,2025-03-03,RJP_0094,0,2025
2025-03-03 12:00:00+00:00,59.67,29.97,20.79,3.82,17,2025-03-03,RJP_0094,0,2025
2025-03-03 13:00:00+00:00,0.0,26.7,25.2,3.21,18,2025-03-03,RJP_0094,0,2025
2025-03-03 14:00:00+00:00,0.0,25.49,27.1,3.16,19,2025-03-03,RJP_0094,0,2025
2025-03-03 15:00:00+00:00,0.0,24.54,28.95,3.23,20,2025-03-03,RJP_0094,0,2025
2025-03-03 16:00:00+00:00,0.0,23.9,30.51,3.32,21,2025-03-03,RJP_0094,0,2025
2025-03-03 17:00:00+00:00,0.0,23.11,32.71,3.28,22,2025-03-03,RJP_0094,0,2025
2025-03-03 18:00:00+00:00,0.0,22.23,35.37,3.29,23,2025-03-03,RJP_0094,0,2025
2025-03-03 19:00:00+00:00,0.0,21.58,37.57,3.35,0,2025-03-04,RJP_0094,0,2025
2025-03-03 20:00:00+00:00,0.0,21.34,38.72,3.72,1,2025-03-04,RJP_0094,0,2025
2025-03-03 21:00:00+00:00,0.0,21.4,39.05,4.08,2,2025-03-04,RJP_0094,0,2025
2025-03-03 22:00:00+00:00,0.0,21.16,39.94,4.06,3,2025-03-04,RJP_0094,0,2025
2025-03-03 23:00:00+00:00,0.0,20.39,41.96,3.65,4,2025-03-04,RJP_0094,0,2025
2025-03-04 00:00:00+00:00,0.0,19.31,44.35,3.35,5,2025-03-04,RJP_0094,0,2025
2025-03-04 01:00:00+00:00,14.2,18.9,44.11,3.72,6,2025-03-04,RJP_0094,0,2025
2025-03-04 02:00:00+00:00,161.48,21.27,35.85,4.93,7,2025-03-04,RJP_0094,0,2025
2025-03-04 03:00:00+00:00,384.08,25.64,22.58,5.05,8,2025-03-04,RJP_0094,0,2025
2025-03-04 04:00:00+00:00,611.12,28.68,17.16,4.51,9,2025-03-04,RJP_0094,0,2025
2025-03-04 05:00:00+00:00,781.45,30.55,14.15,4.64,10,2025-03-04,RJP_0094,0,2025
2025-03-04 06:00:00+00:00,902.38,31.95,11.58,5.05,11,2025-03-04,RJP_0094,0,2025
2025-03-04 07:00:00+00:00,927.38,32.88,9.6,5.47,12,2025-03-04,RJP_0094,0,2025
2025-03-04 08:00:00+00:00,874.17,33.3,8.14,5.97,13,2025-03-04,RJP_0094,0,2025
2025-03-04 09:00:00+00:00,691.03,33.06,7.1,6.21,14,2025-03-04,RJP_0094,0,2025
2025-03-04 10:00:00+00:00,472.92,32.17,6.36,6.21,15,2025-03-04,RJP_0094,0,2025
2025-03-04 11:00:00+00:00,257.3,30.49,5.89,6.02,16,2025-03-04,RJP_0094,0,2025
2025-03-04 12:00:00+00:00,57.88,26.39,6.52,3.98,17,2025-03-04,RJP_0094,0,2025
2025-03-04 13:00:00+00:00,0.0,22.08,7.51,3.7,18,2025-03-04,RJP_0094,0,2025
2025-03-04 14:00:00+00:00,0.0,20.54,7.61,3.92,19,2025-03-04,RJP_0094,0,2025
2025-03-04 15:00:00+00:00,0.0,19.21,8.41,4.14,20,2025-03-04,RJP_0094,0,2025
2025-03-04 16:00:00+00:00,0.0,17.99,10.06,4.16,21,2025-03-04,RJP_0094,0,2025
2025-03-04 17:00:00+00:00,0.0,17.02,12.16,4.28,22,2025-03-04,RJP_0094,0,2025
2025-03-04 18:00:00+00:00,0.0,16.49,14.59,4.93,23,2025-03-04,RJP_0094,0,2025
2025-03-04 19:00:00+00:00,0.0,15.85,17.29,5.41,0,2025-03-05,RJP_0094,0,2025
2025-03-04 20:00:00+00:00,0.0,15.04,19.86,5.65,1,2025-03-05,RJP_0094,0,2025
2025-03-04 21:00:00+00:00,0.0,14.23,22.08,5.72,2,2025-03-05,RJP_0094,0,2025
2025-03-04 22:00:00+00:00,0.0,13.38,23.44,5.33,3,2025-03-05,RJP_0094,0,2025
2025-03-04 23:00:00+00:00,0.0,12.31,24.49,4.58,4,2025-03-05,RJP_0094,0,2025
2025-03-05 00:00:00+00:00,0.0,11.48,24.84,4.44,5,2025-03-05,RJP_0094,0,2025
2025-03-05 01:00:00+00:00,16.95,11.5,24.01,4.76,6,2025-03-05,RJP_0094,0,2025
2025-03-05 02:00:00+00:00,186.5,14.29,19.63,4.85,7,2025-03-05,RJP_0094,0,2025
2025-03-05 03:00:00+00:00,412.1,19.19,13.04,4.74,8,2025-03-05,RJP_0094,0,2025
2025-03-05 04:00:00+00:00,627.12,23.67,8.13,5.46,9,2025-03-05,RJP_0094,0,2025
2025-03-05 05:00:00+00:00,802.05,26.68,5.81,5.33,10,2025-03-05,RJP_0094,0,2025
2025-03-05 06:00:00+00:00,911.8,29.29,4.33,5.11,11,2025-03-05,RJP_0094,0,2025
2025-03-05 07:00:00+00:00,952.05,31.25,3.59,4.78,12,2025-03-05,RJP_0094,0,2025
2025-03-05 08:00:00+00:00,913.3,32.21,3.39,4.67,13,2025-03-05,RJP_0094,0,2025
2025-03-05 09:00:00+00:00,735.83,32.36,3.39,4.67,14,2025-03-05,RJP_0094,0,2025
2025-03-05 10:00:00+00:00,515.22,31.85,3.46,4.66,15,2025-03-05,RJP_0094,0,2025
2025-03-05 11:00:00+00:00,279.02,30.55,3.72,4.5,16,2025-03-05,RJP_0094,0,2025
2025-03-05 12:00:00+00:00,68.75,25.44,5.6,2.89,17,2025-03-05,RJP_0094,0,2025
2025-03-05 13:00:00+00:00,0.0,21.66,7.27,3.09,18,2025-03-05,RJP_0094,0,2025
2025-03-05 14:00:00+00:00,0.0,20.3,7.98,3.08,19,2025-03-05,RJP_0094,0,2025
2025-03-05 15:00:00+00:00,0.0,18.96,8.89,3.12,20,2025-03-05,RJP_0094,0,2025
2025-03-05 16:00:00+00:00,0.0,17.72,9.93,3.24,21,2025-03-05,RJP_0094,0,2025
2025-03-05 17:00:00+00:00,0.0,16.63,10.89,3.39,22,2025-03-05,RJP_0094,0,2025
2025-03-05 18:00:00+00:00,0.0,15.72,11.8,3.45,23,2025-03-05,RJP_0094,0,2025
2025-03-05 19:00:00+00:00,0.0,14.99,12.73,3.45,0,2025-03-06,RJP_0094,0,2025
2025-03-05 20:00:00+00:00,0.0,14.4,13.7,3.45,1,2025-03-06,RJP_0094,0,2025
2025-03-05 21:00:00+00:00,0.0,13.79,14.74,3.34,2,2025-03-06,RJP_0094,0,2025
2025-03-05 22:00:00+00:00,0.0,13.23,15.8,3.17,3,2025-03-06,RJP_0094,0,2025
2025-03-05 23:00:00+00:00,0.0,12.87,16.6,2.9,4,2025-03-06,RJP_0094,0,2025
2025-03-06 00:00:00+00:00,0.0,12.92,16.97,2.53,5,2025-03-06,RJP_0094,0,2025
2025-03-06 01:00:00+00:00,16.25,13.93,16.39,2.0,6,2025-03-06,RJP_0094,0,2025
2025-03-06 02:00:00+00:00,172.68,18.22,12.54,1.83,7,2025-03-06,RJP_0094,0,2025
2025-03-06 03:00:00+00:00,392.9,22.36,9.6,0.77,8,2025-03-06,RJP_0094,0,2025
2025-03-06 04:00:00+00:00,592.0,28.42,5.52,2.17,9,2025-03-06,RJP_0094,0,2025
2025-03-06 05:00:00+00:00,758.85,31.3,4.1,3.39,10,2025-03-06,RJP_0094,0,2025
2025-03-06 06:00:00+00:00,882.53,33.22,3.61,3.83,11,2025-03-06,RJP_0094,0,2025
2025-03-06 07:00:00+00:00,922.22,34.59,3.74,4.17,12,2025-03-06,RJP_0094,0,2025
2025-03-06 08:00:00+00:00,886.8,35.44,4.21,4.4,13,2025-03-06,RJP_0094,0,2025
2025-03-06 09:00:00+00:00,731.62,35.57,4.85,4.32,14,2025-03-06,RJP_0094,0,2025
2025-03-06 10:00:00+00:00,519.92,35.1,5.67,4.03,15,2025-03-06,RJP_0094,0,2025
2025-03-06 11:00:00+00:00,283.15,33.79,6.69,3.57,16,2025-03-06,RJP_0094,0,2025
2025-03-06 12:00:00+00:00,69.82,29.0,9.87,2.29,17,2025-03-06,RJP_0094,0,2025
2025-03-06 13:00:00+00:00,0.0,26.02,11.9,2.44,18,2025-03-06,RJP_0094,0,2025
2025-03-06 14:00:00+00:00,0.0,24.79,12.86,2.39,19,2025-03-06,RJP_0094,0,2025
2025-03-06 15:00:00+00:00,0.0,23.27,13.98,2.63,20,2025-03-06,RJP_0094,0,2025
2025-03-06 16:00:00+00:00,0.0,21.59,15.19,3.13,21,2025-03-06,RJP_0094,0,2025
2025-03-06 17:00:00+00:00,0.0,20.33,16.02,3.34,22,2025-03-06,RJP_0094,0,2025
2025-03-06 18:00:00+00:00,0.0,19.38,16.57,3.33,23,2025-03-06,RJP_0094,0,2025
2025-03-06 19:00:00+00:00,0.0,18.57,16.99,3.31,0,2025-03-07,RJP_0094,0,2025
2025-03-06 20:00:00+00:00,0.0,17.85,17.46,3.28,1,2025-03-07,RJP_0094,0,2025
2025-03-06 21:00:00+00:00,0.0,17.21,18.09,3.16,2,2025-03-07,RJP_0094,0,2025
2025-03-06 22:00:00+00:00,0.0,16.69,18.94,2.97,3,2025-03-07,RJP_0094,0,2025
2025-03-06 23:00:00+00:00,0.0,16.29,19.94,2.78,4,2025-03-07,RJP_0094,0,2025
2025-03-07 00:00:00+00:00,0.0,15.98,21.12,2.64,5,2025-03-07,RJP_0094,0,2025
2025-03-07 01:00:00+00:00,15.43,16.57,21.28,2.34,6,2025-03-07,RJP_0094,0,2025
2025-03-07 02:00:00+00:00,165.05,21.2,16.38,2.14,7,2025-03-07,RJP_0094,0,2025
2025-03-07 03:00:00+00:00,368.95,25.25,13.32,1.03,8,2025-03-07,RJP_0094,0,2025
2025-03-07 04:00:00+00:00,571.25,30.58,11.05,1.17,9,2025-03-07,RJP_0094,0,2025
2025-03-07 05:00:00+00:00,746.9,33.08,9.77,1.22,10,2025-03-07,RJP_0094,0,2025
2025-03-07 06:00:00+00:00,877.17,34.74,8.92,2.09,11,2025-03-07,RJP_0094,0,2025
2025-03-07 07:00:00+00:00,939.92,35.95,8.39,3.04,12,2025-03-07,RJP_0094,0,2025
2025-03-07 08:00:00+00:00,847.7,36.67,8.13,3.65,13,2025-03-07,RJP_0094,0,2025
2025-03-07 09:00:00+00:00,691.47,36.84,8.04,3.8,14,2025-03-07,RJP_0094,0,2025
2025-03-07 10:00:00+00:00,489.45,36.47,8.13,3.82,15,2025-03-07,RJP_0094,0,2025
2025-03-07 11:00:00+00:00,267.42,35.37,8.63,3.75,16,2025-03-07,RJP_0094,0,2025
2025-03-07 12:00:00+00:00,68.38,30.66,11.74,2.55,17,2025-03-07,RJP_0094,0,2025
2025-03-07 13:00:00+00:00,0.0,26.83,14.75,2.89,18,2025-03-07,RJP_0094,0,2025
2025-03-07 14:00:00+00:00,0.0,25.5,16.11,2.94,19,2025-03-07,RJP_0094,0,2025
2025-03-07 15:00:00+00:00,0.0,24.31,17.46,3.07,20,2025-03-07,RJP_0094,0,2025
2025-03-07 16:00:00+00:00,0.0,23.29,18.85,3.24,21,2025-03-07,RJP_0094,0,2025
2025-03-07 17:00:00+00:00,0.0,22.39,20.19,3.29,22,2025-03-07,RJP_0094,0,2025
2025-03-07 18:00:00+00:00,0.0,21.65,21.42,3.11,23,2025-03-07,RJP_0094,0,2025
2025-03-07 19:00:00+00:00,0.0,21.03,22.49,3.11,0,2025-03-08,RJP_0094,0,2025
2025-03-07 20:00:00+00:00,0.0,20.38,23.71,3.22,1,2025-03-08,RJP_0094,0,2025
2025-03-07 21:00:00+00:00,0.0,19.77,25.01,3.13,2,2025-03-08,RJP_0094,0,2025
2025-03-07 22:00:00+00:00,0.0,19.17,26.38,3.0,3,2025-03-08,RJP_0094,0,2025
2025-03-07 23:00:00+00:00,0.0,18.62,27.82,2.93,4,2025-03-08,RJP_0094,0,2025
2025-03-08 00:00:00+00:00,0.0,18.11,29.27,2.85,5,2025-03-08,RJP_0094,0,2025
2025-03-08 01:00:00+00:00,15.68,18.65,28.97,2.6,6,2025-03-08,RJP_0094,0,2025
2025-03-08 02:00:00+00:00,170.1,22.98,22.66,3.14,7,2025-03-08,RJP_0094,0,2025
2025-03-08 03:00:00+00:00,413.2,27.15,18.33,2.28,8,2025-03-08,RJP_0094,0,2025
2025-03-08 04:00:00+00:00,616.33,32.54,15.07,2.72,9,2025-03-08,RJP_0094,0,2025
2025-03-08 05:00:00+00:00,785.78,34.58,13.78,2.24,10,2025-03-08,RJP_0094,0,2025
2025-03-08 06:00:00+00:00,898.5,35.98,12.71,1.92,11,2025-03-08,RJP_0094,0,2025
2025-03-08 07:00:00+00:00,935.4,36.9,11.97,2.04,12,2025-03-08,RJP_0094,0,2025
2025-03-08 08:00:00+00:00,867.58,37.38,11.5,2.37,13,2025-03-08,RJP_0094,0,2025
2025-03-08 09:00:00+00:00,726.95,37.26,11.45,2.34,14,2025-03-08,RJP_0094,0,2025
2025-03-08 10:00:00+00:00,525.17,36.66,11.75,2.06,15,2025-03-08,RJP_0094,0,2025
2025-03-08 11:00:00+00:00,287.62,35.53,12.44,1.84,16,2025-03-08,RJP_0094,0,2025
2025-03-08 12:00:00+00:00,69.2,32.21,15.5,1.4,17,2025-03-08,RJP_0094,0,2025
2025-03-08 13:00:00+00:00,0.0,29.09,17.99,1.87,18,2025-03-08,RJP_0094,0,2025
2025-03-08 14:00:00+00:00,0.0,27.43,19.45,2.37,19,2025-03-08,RJP_0094,0,2025
2025-03-08 15:00:00+00:00,0.0,25.98,20.78,2.62,20,2025-03-08,RJP_0094,0,2025
2025-03-08 16:00:00+00:00,0.0,24.77,21.99,2.64,21,2025-03-08,RJP_0094,0,2025
2025-03-08 17:00:00+00:00,0.0,23.73,23.2,2.51,22,2025-03-08,RJP_0094,0,2025
2025-03-08 18:00:00+00:00,0.0,22.88,24.25,2.27,23,2025-03-08,RJP_0094,0,2025
2025-03-08 19:00:00+00:00,0.0,22.32,24.91,1.93,0,2025-03-09,RJP_0094,0,2025
2025-03-08 20:00:00+00:00,0.0,21.99,25.29,1.68,1,2025-03-09,RJP_0094,0,2025
2025-03-08 21:00:00+00:00,0.0,21.38,26.12,1.86,2,2025-03-09,RJP_0094,0,2025
2025-03-08 22:00:00+00:00,0.0,20.44,27.47,2.29,3,2025-03-09,RJP_0094,0,2025
2025-03-08 23:00:00+00:00,0.0,19.47,29.06,2.63,4,2025-03-09,RJP_0094,0,2025
2025-03-09 00:00:00+00:00,0.0,18.73,30.31,2.84,5,2025-03-09,RJP_0094,0,2025
2025-03-09 01:00:00+00:00,18.48,19.15,29.56,2.93,6,2025-03-09,RJP_0094,0,2025
2025-03-09 02:00:00+00:00,178.18,23.38,22.77,4.05,7,2025-03-09,RJP_0094,0,2025
2025-03-09 03:00:00+00:00,404.35,27.93,18.19,3.47,8,2025-03-09,RJP_0094,0,2025
2025-03-09 04:00:00+00:00,607.85,32.69,14.27,3.19,9,2025-03-09,RJP_0094,0,2025
2025-03-09 05:00:00+00:00,780.22,35.22,12.3,2.93,10,2025-03-09,RJP_0094,0,2025
2025-03-09 06:00:00+00:00,890.15,36.64,11.32,2.63,11,2025-03-09,RJP_0094,0,2025
2025-03-09 07:00:00+00:00,918.83,37.49,10.77,2.28,12,2025-03-09,RJP_0094,0,2025
2025-03-09 08:00:00+00:00,864.28,37.88,10.51,2.04,13,2025-03-09,RJP_0094,0,2025
2025-03-09 09:00:00+00:00,728.3,37.68,10.6,1.84,14,2025-03-09,RJP_0094,0,2025
2025-03-09 10:00:00+00:00,522.15,37.08,10.95,1.76,15,2025-03-09,RJP_0094,0,2025
2025-03-09 11:00:00+00:00,285.35,35.92,11.7,1.73,16,2025-03-09,RJP_0094,0,2025
2025-03-09 12:00:00+00:00,71.25,32.79,14.62,1.29,17,2025-03-09,RJP_0094,0,2025
2025-03-09 13:00:00+00:00,0.0,30.37,16.61,1.39,18,2025-03-09,RJP_0094,0,2025
2025-03-09 14:00:00+00:00,0.0,29.58,17.47,1.5,19,2025-03-09,RJP_0094,0,2025
2025-03-09 15:00:00+00:00,0.0,28.85,18.07,1.75,20,2025-03-09,RJP_0094,0,2025
2025-03-09 16:00:00+00:00,0.0,28.16,18.85,1.69,21,2025-03-09,RJP_0094,0,2025
2025-03-09 17:00:00+00:00,0.0,27.33,19.79,1.38,22,2025-03-09,RJP_0094,0,2025
2025-03-09 18:00:00+00:00,0.0,26.56,20.65,1.06,23,2025-03-09,RJP_0094,0,2025
2025-03-09 19:00:00+00:00,0.0,25.75,21.62,0.78,0,2025-03-10,RJP_0094,0,2025
2025-03-09 20:00:00+00:00,0.0,25.2,22.28,0.61,1,2025-03-10,RJP_0094,0,2025
2025-03-09 21:00:00+00:00,0.0,24.31,23.39,1.08,2,2025-03-10,RJP_0094,0,2025
2025-03-09 22:00:00+00:00,0.0,22.8,25.62,1.87,3,2025-03-10,RJP_0094,0,2025
2025-03-09 23:00:00+00:00,0.0,21.28,28.06,2.47,4,2025-03-10,RJP_0094,0,2025
2025-03-10 00:00:00+00:00,0.0,20.06,30.14,2.9,5,2025-03-10,RJP_0094,0,2025
2025-03-10 01:00:00+00:00,19.3,20.43,29.3,3.07,6,2025-03-10,RJP_0094,0,2025
2025-03-10 02:00:00+00:00,185.43,24.48,22.67,4.19,7,2025-03-10,RJP_0094,0,2025
2025-03-10 03:00:00+00:00,407.25,28.77,17.55,3.4,8,2025-03-10,RJP_0094,0,2025
2025-03-10 04:00:00+00:00,615.53,34.45,13.17,3.47,9,2025-03-10,RJP_0094,0,2025
2025-03-10 05:00:00+00:00,731.8,36.93,11.61,2.7,10,2025-03-10,RJP_0094,0,2025
2025-03-10 06:00:00+00:00,837.75,38.36,10.76,1.97,11,2025-03-10,RJP_0094,0,2025
2025-03-10 07:00:00+00:00,858.47,39.2,10.18,1.41,12,2025-03-10,RJP_0094,0,2025
2025-03-10 08:00:00+00:00,740.0,39.54,9.86,1.22,13,2025-03-10,RJP_0094,0,2025
2025-03-10 09:00:00+00:00,675.35,39.3,9.87,1.12,14,2025-03-10,RJP_0094,0,2025
2025-03-10 10:00:00+00:00,484.02,38.77,10.04,1.02,15,2025-03-10,RJP_0094,0,2025
2025-03-10 11:00:00+00:00,261.85,37.63,10.6,0.79,16,2025-03-10,RJP_0094,0,2025
2025-03-10 12:00:00+00:00,66.4,35.34,13.0,0.16,17,2025-03-10,RJP_0094,0,2025
2025-03-10 13:00:00+00:00,0.0,33.51,14.22,0.3,18,2025-03-10,RJP_0094,0,2025
2025-03-10 14:00:00+00:00,0.0,31.9,15.42,1.01,19,2025-03-10,RJP_0094,0,2025
2025-03-10 15:00:00+00:00,0.0,30.45,16.5,1.43,20,2025-03-10,RJP_0094,0,2025
2025-03-10 16:00:00+00:00,0.0,29.24,17.7,1.43,21,2025-03-10,RJP_0094,0,2025
2025-03-10 17:00:00+00:00,0.0,27.72,19.33,1.58,22,2025-03-10,RJP_0094,0,2025
2025-03-10 18:00:00+00:00,0.0,26.32,20.93,1.81,23,2025-03-10,RJP_0094,0,2025
2025-03-10 19:00:00+00:00,0.0,25.18,22.39,1.66,0,2025-03-11,RJP_0094,0,2025
2025-03-10 20:00:00+00:00,0.0,24.33,23.55,1.52,1,2025-03-11,RJP_0094,0,2025
2025-03-10 21:00:00+00:00,0.0,23.16,25.31,1.85,2,2025-03-11,RJP_0094,0,2025
2025-03-10 22:00:00+00:00,0.0,21.77,27.72,2.36,3,2025-03-11,RJP_0094,0,2025
2025-03-10 23:00:00+00:00,0.0,20.71,29.59,2.7,4,2025-03-11,RJP_0094,0,2025
2025-03-11 00:00:00+00:00,0.0,19.84,31.05,3.04,5,2025-03-11,RJP_0094,0,2025
2025-03-11 01:00:00+00:00,18.77,20.7,28.88,3.32,6,2025-03-11,RJP_0094,0,2025
2025-03-11 02:00:00+00:00,172.55,24.17,22.68,4.33,7,2025-03-11,RJP_0094,0,2025
2025-03-11 03:00:00+00:00,399.35,27.7,18.12,3.28,8,2025-03-11,RJP_0094,0,2025
2025-03-11 04:00:00+00:00,631.08,33.72,13.45,5.16,9,2025-03-11,RJP_0094,0,2025
2025-03-11 05:00:00+00:00,790.12,36.85,11.81,4.87,10,2025-03-11,RJP_0094,0,2025
2025-03-11 06:00:00+00:00,899.22,38.58,10.93,4.36,11,2025-03-11,RJP_0094,0,2025
2025-03-11 07:00:00+00:00,914.35,39.51,10.47,4.24,12,2025-03-11,RJP_0094,0,2025
2025-03-11 08:00:00+00:00,855.47,39.83,10.19,4.25,13,2025-03-11,RJP_0094,0,2025
2025-03-11 09:00:00+00:00,722.9,39.6,10.1,4.06,14,2025-03-11,RJP_0094,0,2025
2025-03-11 10:00:00+00:00,523.92,38.96,10.18,3.75,15,2025-03-11,RJP_0094,0,2025
2025-03-11 11:00:00+00:00,272.33,37.71,10.67,3.31,16,2025-03-11,RJP_0094,0,2025
2025-03-11 12:00:00+00:00,65.55,33.54,13.76,2.21,17,2025-03-11,RJP_0094,0,2025
2025-03-11 13:00:00+00:00,0.0,30.51,16.3,2.5,18,2025-03-11,RJP_0094,0,2025
2025-03-11 14:00:00+00:00,0.0,29.38,17.37,2.66,19,2025-03-11,RJP_0094,0,2025
2025-03-11 15:00:00+00:00,0.0,28.06,18.75,2.96,20,2025-03-11,RJP_0094,0,2025
2025-03-11 16:00:00+00:00,0.0,26.77,20.01,3.27,21,2025-03-11,RJP_0094,0,2025
2025-03-11 17:00:00+00:00,0.0,25.73,20.75,3.44,22,2025-03-11,RJP_0094,0,2025
2025-03-11 18:00:00+00:00,0.0,24.82,20.9,3.54,23,2025-03-11,RJP_0094,0,2025
2025-03-11 19:00:00+00:00,0.0,24.03,20.6,3.59,0,2025-03-12,RJP_0094,0,2025
2025-03-11 20:00:00+00:00,0.0,23.33,20.5,3.68,1,2025-03-12,RJP_0094,0,2025
2025-03-11 21:00:00+00:00,0.0,22.6,21.36,3.61,2,2025-03-12,RJP_0094,0,2025
2025-03-11 22:00:00+00:00,0.0,21.78,23.34,3.42,3,2025-03-12,RJP_0094,0,2025
2025-03-11 23:00:00+00:00,0.0,21.14,25.52,3.25,4,2025-03-12,RJP_0094,0,2025
2025-03-12 00:00:00+00:00,0.0,20.7,27.12,2.99,5,2025-03-12,RJP_0094,0,2025
2025-03-12 01:00:00+00:00,16.85,21.4,26.48,2.53,6,2025-03-12,RJP_0094,0,2025
2025-03-12 02:00:00+00:00,157.38,25.99,20.29,2.33,7,2025-03-12,RJP_0094,0,2025
2025-03-12 03:00:00+00:00,370.1,30.21,15.92,1.58,8,2025-03-12,RJP_0094,0,2025
2025-03-12 04:00:00+00:00,564.75,35.82,11.33,4.2,9,2025-03-12,RJP_0094,0,2025
2025-03-12 05:00:00+00:00,739.67,37.92,10.21,4.89,10,2025-03-12,RJP_0094,0,2025
2025-03-12 06:00:00+00:00,871.97,39.27,9.66,5.32,11,2025-03-12,RJP_0094,0,2025
2025-03-12 07:00:00+00:00,923.08,40.11,9.39,5.71,12,2025-03-12,RJP_0094,0,2025
2025-03-12 08:00:00+00:00,849.72,40.45,9.31,5.99,13,2025-03-12,RJP_0094,0,2025
2025-03-12 09:00:00+00:00,717.42,40.25,9.28,5.96,14,2025-03-12,RJP_0094,0,2025
2025-03-12 10:00:00+00:00,530.8,39.53,9.29,5.89,15,2025-03-12,RJP_0094,0,2025
2025-03-12 11:00:00+00:00,276.95,38.15,9.66,5.77,16,2025-03-12,RJP_0094,0,2025
2025-03-12 12:00:00+00:00,68.5,34.11,11.94,3.72,17,2025-03-12,RJP_0094,0,2025
2025-03-12 13:00:00+00:00,0.0,29.97,15.0,3.69,18,2025-03-12,RJP_0094,0,2025
2025-03-12 14:00:00+00:00,0.0,28.73,15.73,3.81,19,2025-03-12,RJP_0094,0,2025
2025-03-12 15:00:00+00:00,0.0,27.62,16.16,3.97,20,2025-03-12,RJP_0094,0,2025
2025-03-12 16:00:00+00:00,0.0,26.62,16.3,4.12,21,2025-03-12,RJP_0094,0,2025
2025-03-12 17:00:00+00:00,0.0,25.62,16.39,4.18,22,2025-03-12,RJP_0094,0,2025
2025-03-12 18:00:00+00:00,0.0,24.73,16.47,4.27,23,2025-03-12,RJP_0094,0,2025
2025-03-12 19:00:00+00:00,0.0,23.88,16.75,4.27,0,2025-03-13,RJP_0094,0,2025
2025-03-12 20:00:00+00:00,0.0,22.97,17.52,4.1,1,2025-03-13,RJP_0094,0,2025
2025-03-12 21:00:00+00:00,0.0,22.05,18.64,3.84,2,2025-03-13,RJP_0094,0,2025
2025-03-12 22:00:00+00:00,0.0,21.14,20.14,3.57,3,2025-03-13,RJP_0094,0,2025
2025-03-12 23:00:00+00:00,0.0,20.3,21.93,3.32,4,2025-03-13,RJP_0094,0,2025
2025-03-13 00:00:00+00:00,0.0,19.61,24.06,3.11,5,2025-03-13,RJP_0094,0,2025
2025-03-13 01:00:00+00:00,19.5,20.34,24.25,2.6,6,2025-03-13,RJP_0094,0,2025
2025-03-13 02:00:00+00:00,176.02,24.65,19.48,2.81,7,2025-03-13,RJP_0094,0,2025
2025-03-13 03:00:00+00:00,401.73,28.84,15.78,2.86,8,2025-03-13,RJP_0094,0,2025
2025-03-13 04:00:00+00:00,620.97,34.37,12.31,5.9,9,2025-03-13,RJP_0094,0,2025
2025-03-13 05:00:00+00:00,792.0,36.7,10.47,6.84,10,2025-03-13,RJP_0094,0,2025
2025-03-13 06:00:00+00:00,906.45,38.14,9.02,7.2,11,2025-03-13,RJP_0094,0,2025
2025-03-13 07:00:00+00:00,944.28,39.02,7.92,7.51,12,2025-03-13,RJP_0094,0,2025
2025-03-13 08:00:00+00:00,887.12,39.35,7.29,7.76,13,2025-03-13,RJP_0094,0,2025
2025-03-13 09:00:00+00:00,756.97,39.1,7.07,7.63,14,2025-03-13,RJP_0094,0,2025
2025-03-13 10:00:00+00:00,565.42,38.3,7.38,7.28,15,2025-03-13,RJP_0094,0,2025
2025-03-13 11:00:00+00:00,306.23,36.89,8.36,6.78,16,2025-03-13,RJP_0094,0,2025
2025-03-13 12:00:00+00:00,78.05,33.25,11.24,4.31,17,2025-03-13,RJP_0094,0,2025
2025-03-13 13:00:00+00:00,0.0,28.97,15.98,3.65,18,2025-03-13,RJP_0094,0,2025
2025-03-13 14:00:00+00:00,0.0,27.9,18.96,3.59,19,2025-03-13,RJP_0094,0,2025
2025-03-13 15:00:00+00:00,0.0,27.1,22.0,3.56,20,2025-03-13,RJP_0094,0,2025
2025-03-13 16:00:00+00:00,0.0,26.43,25.1,3.54,21,2025-03-13,RJP_0094,0,2025
2025-03-13 17:00:00+00:00,0.0,25.6,28.35,3.38,22,2025-03-13,RJP_0094,0,2025
2025-03-13 18:00:00+00:00,0.0,24.78,31.35,3.22,23,2025-03-13,RJP_0094,0,2025
2025-03-13 19:00:00+00:00,0.0,24.03,33.72,3.15,0,2025-03-14,RJP_0094,0,2025
2025-03-13 20:00:00+00:00,0.0,23.31,35.52,3.11,1,2025-03-14,RJP_0094,0,2025
2025-03-13 21:00:00+00:00,0.0,22.57,37.03,3.07,2,2025-03-14,RJP_0094,0,2025
2025-03-13 22:00:00+00:00,0.0,21.8,38.22,2.92,3,2025-03-14,RJP_0094,0,2025
2025-03-13 23:00:00+00:00,0.0,21.07,39.11,2.73,4,2025-03-14,RJP_0094,0,2025
2025-03-14 00:00:00+00:00,0.0,20.48,39.37,2.56,5,2025-03-14,RJP_0094,0,2025
2025-03-14 01:00:00+00:00,21.08,21.23,36.76,2.19,6,2025-03-14,RJP_0094,0,2025
2025-03-14 02:00:00+00:00,182.32,24.65,29.51,2.48,7,2025-03-14,RJP_0094,0,2025
2025-03-14 03:00:00+00:00,380.77,29.18,22.83,3.01,8,2025-03-14,RJP_0094,0,2025
2025-03-14 04:00:00+00:00,591.62,34.42,17.45,5.62,9,2025-03-14,RJP_0094,0,2025
2025-03-14 05:00:00+00:00,772.65,36.52,15.21,6.54,10,2025-03-14,RJP_0094,0,2025
2025-03-14 06:00:00+00:00,916.65,37.83,13.01,7.37,11,2025-03-14,RJP_0094,0,2025
2025-03-14 07:00:00+00:00,935.0,38.6,10.95,7.97,12,2025-03-14,RJP_0094,0,2025
2025-03-14 08:00:00+00:00,876.53,38.85,9.67,8.24,13,2025-03-14,RJP_0094,0,2025
2025-03-14 09:00:00+00:00,742.85,38.55,9.43,8.1,14,2025-03-14,RJP_0094,0,2025
2025-03-14 10:00:00+00:00,541.35,37.76,10.08,7.72,15,2025-03-14,RJP_0094,0,2025
2025-03-14 11:00:00+00:00,297.98,36.44,11.41,7.21,16,2025-03-14,RJP_0094,0,2025
2025-03-14 12:00:00+00:00,77.22,33.55,14.2,4.93,17,2025-03-14,RJP_0094,0,2025
2025-03-14 13:00:00+00:00,0.0,29.37,18.82,3.61,18,2025-03-14,RJP_0094,0,2025
2025-03-14 14:00:00+00:00,0.0,28.29,20.66,3.57,19,2025-03-14,RJP_0094,0,2025
2025-03-14 15:00:00+00:00,0.0,27.26,22.47,3.47,20,2025-03-14,RJP_0094,0,2025
2025-03-14 16:00:00+00:00,0.0,26.33,24.33,3.36,21,2025-03-14,RJP_0094,0,2025
2025-03-14 17:00:00+00:00,0.0,25.43,26.47,3.23,22,2025-03-14,RJP_0094,0,2025
2025-03-14 18:00:00+00:00,0.0,24.63,28.86,3.13,23,2025-03-14,RJP_0094,0,2025
2025-03-14 19:00:00+00:00,0.0,23.93,31.55,3.1,0,2025-03-15,RJP_0094,0,2025
2025-03-14 20:00:00+00:00,0.0,23.31,34.53,3.13,1,2025-03-15,RJP_0094,0,2025
2025-03-14 21:00:00+00:00,0.0,22.65,37.79,3.06,2,2025-03-15,RJP_0094,0,2025
2025-03-14 22:00:00+00:00,0.0,21.95,40.9,2.89,3,2025-03-15,RJP_0094,0,2025
2025-03-14 23:00:00+00:00,0.0,21.29,43.53,2.7,4,2025-03-15,RJP_0094,0,2025
2025-03-15 00:00:00+00:00,0.0,20.77,45.54,2.41,5,2025-03-15,RJP_0094,0,2025
2025-03-15 01:00:00+00:00,25.27,21.55,43.74,1.8,6,2025-03-15,RJP_0094,0,2025
2025-03-15 02:00:00+00:00,209.35,24.77,36.18,1.52,7,2025-03-15,RJP_0094,0,2025
2025-03-15 03:00:00+00:00,450.73,29.86,25.21,3.37,8,2025-03-15,RJP_0094,0,2025
2025-03-15 04:00:00+00:00,658.3,33.09,19.57,4.38,9,2025-03-15,RJP_0094,0,2025
2025-03-15 05:00:00+00:00,812.4,35.25,17.03,5.5,10,2025-03-15,RJP_0094,0,2025
2025-03-15 06:00:00+00:00,888.95,36.86,15.15,6.46,11,2025-03-15,RJP_0094,0,2025
2025-03-15 07:00:00+00:00,904.0,37.86,13.75,7.12,12,2025-03-15,RJP_0094,0,2025
2025-03-15 08:00:00+00:00,813.33,38.29,12.82,7.44,13,2025-03-15,RJP_0094,0,2025
2025-03-15 09:00:00+00:00,696.65,38.06,12.52,7.34,14,2025-03-15,RJP_0094,0,2025
2025-03-15 10:00:00+00:00,487.65,37.27,12.8,6.97,15,2025-03-15,RJP_0094,0,2025
2025-03-15 11:00:00+00:00,264.15,35.88,13.94,6.47,16,2025-03-15,RJP_0094,0,2025
2025-03-15 12:00:00+00:00,66.43,33.0,16.89,4.36,17,2025-03-15,RJP_0094,0,2025
2025-03-15 13:00:00+00:00,0.0,28.89,22.27,3.3,18,2025-03-15,RJP_0094,0,2025
2025-03-15 14:00:00+00:00,0.0,27.72,24.78,3.29,19,2025-03-15,RJP_0094,0,2025
2025-03-15 15:00:00+00:00,0.0,26.67,26.91,3.25,20,2025-03-15,RJP_0094,0,2025
2025-03-15 16:00:00+00:00,0.0,25.72,28.24,3.22,21,2025-03-15,RJP_0094,0,2025
2025-03-15 17:00:00+00:00,0.0,24.86,28.68,3.18,22,2025-03-15,RJP_0094,0,2025
2025-03-15 18:00:00+00:00,0.0,24.03,28.89,3.11,23,2025-03-15,RJP_0094,0,2025
2025-03-15 19:00:00+00:00,0.0,23.29,29.27,3.04,0,2025-03-16,RJP_0094,0,2025
2025-03-15 20:00:00+00:00,0.0,22.6,29.89,3.01,1,2025-03-16,RJP_0094,0,2025
2025-03-15 21:00:00+00:00,0.0,21.92,30.84,2.9,2,2025-03-16,RJP_0094,0,2025
2025-03-15 22:00:00+00:00,0.0,21.23,32.11,2.74,3,2025-03-16,RJP_0094,0,2025
2025-03-15 23:00:00+00:00,0.0,20.64,33.37,2.57,4,2025-03-16,RJP_0094,0,2025
2025-03-16 00:00:00+00:00,0.0,20.15,34.68,2.37,5,2025-03-16,RJP_0094,0,2025
2025-03-16 01:00:00+00:00,25.5,20.87,33.64,1.96,6,2025-03-16,RJP_0094,0,2025
2025-03-16 02:00:00+00:00,204.15,24.37,27.63,2.14,7,2025-03-16,RJP_0094,0,2025
2025-03-16 03:00:00+00:00,441.55,29.01,21.2,1.3,8,2025-03-16,RJP_0094,0,2025
2025-03-16 04:00:00+00:00,652.53,32.97,16.73,3.32,9,2025-03-16,RJP_0094,0,2025
2025-03-16 05:00:00+00:00,811.45,34.9,14.94,4.25,10,2025-03-16,RJP_0094,0,2025
2025-03-16 06:00:00+00:00,896.6,36.34,13.71,5.05,11,2025-03-16,RJP_0094,0,2025
2025-03-16 07:00:00+00:00,887.9,37.21,12.96,5.74,12,2025-03-16,RJP_0094,0,2025
2025-03-16 08:00:00+00:00,840.12,37.55,12.61,6.27,13,2025-03-16,RJP_0094,0,2025
2025-03-16 09:00:00+00:00,710.5,37.25,12.68,6.45,14,2025-03-16,RJP_0094,0,2025
2025-03-16 10:00:00+00:00,521.65,36.47,13.07,6.46,15,2025-03-16,RJP_0094,0,2025
2025-03-16 11:00:00+00:00,284.98,35.14,13.97,6.21,16,2025-03-16,RJP_0094,0,2025
2025-03-16 12:00:00+00:00,74.97,32.34,16.37,4.21,17,2025-03-16,RJP_0094,0,2025
2025-03-16 13:00:00+00:00,0.0,28.3,20.77,3.22,18,2025-03-16,RJP_0094,0,2025
2025-03-16 14:00:00+00:00,0.0,26.97,22.51,3.15,19,2025-03-16,RJP_0094,0,2025
2025-03-16 15:00:00+00:00,0.0,25.8,24.28,3.09,20,2025-03-16,RJP_0094,0,2025
2025-03-16 16:00:00+00:00,0.0,24.75,26.1,3.02,21,2025-03-16,RJP_0094,0,2025
2025-03-16 17:00:00+00:00,0.0,23.7,28.12,2.96,22,2025-03-16,RJP_0094,0,2025
2025-03-16 18:00:00+00:00,0.0,22.71,30.29,2.93,23,2025-03-16,RJP_0094,0,2025
2025-03-16 19:00:00+00:00,0.0,21.82,32.39,2.97,0,2025-03-17,RJP_0094,0,2025
2025-03-16 20:00:00+00:00,0.0,21.05,34.14,3.08,1,2025-03-17,RJP_0094,0,2025
2025-03-16 21:00:00+00:00,0.0,20.27,35.56,3.14,2,2025-03-17,RJP_0094,0,2025
2025-03-16 22:00:00+00:00,0.0,19.51,36.66,3.21,3,2025-03-17,RJP_0094,0,2025
2025-03-16 23:00:00+00:00,0.0,18.89,37.48,3.37,4,2025-03-17,RJP_0094,0,2025
2025-03-17 00:00:00+00:00,0.0,18.36,38.48,3.6,5,2025-03-17,RJP_0094,0,2025
2025-03-17 01:00:00+00:00,29.75,18.96,37.37,4.4,6,2025-03-17,RJP_0094,0,2025
2025-03-17 02:00:00+00:00,227.6,21.85,31.82,4.55,7,2025-03-17,RJP_0094,0,2025
2025-03-17 03:00:00+00:00,478.98,27.17,22.39,4.26,8,2025-03-17,RJP_0094,0,2025
2025-03-17 04:00:00+00:00,692.22,30.97,18.25,3.55,9,2025-03-17,RJP_0094,0,2025
2025-03-17 05:00:00+00:00,852.08,33.03,16.64,2.97,10,2025-03-17,RJP_0094,0,2025
2025-03-17 06:00:00+00:00,915.6,34.38,15.5,2.64,11,2025-03-17,RJP_0094,0,2025
2025-03-17 07:00:00+00:00,931.53,35.27,14.66,2.45,12,2025-03-17,RJP_0094,0,2025
2025-03-17 08:00:00+00:00,866.72,35.7,14.12,2.26,13,2025-03-17,RJP_0094,0,2025
2025-03-17 09:00:00+00:00,737.95,35.61,13.88,2.04,14,2025-03-17,RJP_0094,0,2025
2025-03-17 10:00:00+00:00,527.9,35.06,13.86,1.79,15,2025-03-17,RJP_0094,0,2025
2025-03-17 11:00:00+00:00,288.0,33.95,14.3,1.59,16,2025-03-17,RJP_0094,0,2025
2025-03-17 12:00:00+00:00,81.35,31.63,16.4,1.19,17,2025-03-17,RJP_0094,0,2025
2025-03-17 13:00:00+00:00,0.0,29.13,18.67,1.52,18,2025-03-17,RJP_0094,0,2025
2025-03-17 14:00:00+00:00,0.0,28.02,19.8,1.88,19,2025-03-17,RJP_0094,0,2025
2025-03-17 15:00:00+00:00,0.0,26.85,21.22,2.13,20,2025-03-17,RJP_0094,0,2025
2025-03-17 16:00:00+00:00,0.0,25.72,22.74,2.3,21,2025-03-17,RJP_0094,0,2025
2025-03-17 17:00:00+00:00,0.0,24.64,24.19,2.44,22,2025-03-17,RJP_0094,0,2025
2025-03-17 18:00:00+00:00,0.0,23.53,25.8,2.56,23,2025-03-17,RJP_0094,0,2025
2025-03-17 19:00:00+00:00,0.0,22.32,27.53,2.77,0,2025-03-18,RJP_0094,0,2025
2025-03-17 20:00:00+00:00,0.0,21.29,29.06,3.01,1,2025-03-18,RJP_0094,0,2025
2025-03-17 21:00:00+00:00,0.0,20.56,30.26,3.18,2,2025-03-18,RJP_0094,0,2025
2025-03-17 22:00:00+00:00,0.0,19.98,31.69,3.39,3,2025-03-18,RJP_0094,0,2025
2025-03-17 23:00:00+00:00,0.0,19.47,33.62,3.58,4,2025-03-18,RJP_0094,0,2025
2025-03-18 00:00:00+00:00,0.0,19.09,35.85,3.81,5,2025-03-18,RJP_0094,0,2025
2025-03-18 01:00:00+00:00,29.73,19.88,35.5,4.86,6,2025-03-18,RJP_0094,0,2025
2025-03-18 02:00:00+00:00,215.12,22.25,30.95,5.12,7,2025-03-18,RJP_0094,0,2025
2025-03-18 03:00:00+00:00,469.73,26.65,21.83,5.59,8,2025-03-18,RJP_0094,0,2025
2025-03-18 04:00:00+00:00,693.4,30.71,16.23,5.43,9,2025-03-18,RJP_0094,0,2025
2025-03-18 05:00:00+00:00,852.72,33.14,14.29,4.05,10,2025-03-18,RJP_0094,0,2025
2025-03-18 06:00:00+00:00,943.97,34.75,13.08,2.71,11,2025-03-18,RJP_0094,0,2025
2025-03-18 07:00:00+00:00,958.05,35.81,12.09,1.73,12,2025-03-18,RJP_0094,0,2025
2025-03-18 08:00:00+00:00,866.6,36.36,11.38,1.14,13,2025-03-18,RJP_0094,0,2025
2025-03-18 09:00:00+00:00,710.15,36.31,11.04,0.89,14,2025-03-18,RJP_0094,0,2025
2025-03-18 10:00:00+00:00,504.27,35.83,10.96,0.8,15,2025-03-18,RJP_0094,0,2025
2025-03-18 11:00:00+00:00,274.98,34.81,11.28,0.74,16,2025-03-18,RJP_0094,0,2025
2025-03-18 12:00:00+00:00,75.88,32.49,13.39,0.41,17,2025-03-18,RJP_0094,0,2025
2025-03-18 13:00:00+00:00,0.0,30.13,14.96,0.58,18,2025-03-18,RJP_0094,0,2025
2025-03-18 14:00:00+00:00,0.0,28.73,16.15,1.13,19,2025-03-18,RJP_0094,0,2025
2025-03-18 15:00:00+00:00,0.0,27.46,17.4,1.55,20,2025-03-18,RJP_0094,0,2025
2025-03-18 16:00:00+00:00,0.0,26.19,18.8,1.77,21,2025-03-18,RJP_0094,0,2025
2025-03-18 17:00:00+00:00,0.0,25.08,20.28,1.87,22,2025-03-18,RJP_0094,0,2025
2025-03-18 18:00:00+00:00,0.0,24.14,21.65,1.86,23,2025-03-18,RJP_0094,0,2025
2025-03-18 19:00:00+00:00,0.0,23.42,22.82,1.74,0,2025-03-19,RJP_0094,0,2025
2025-03-18 20:00:00+00:00,0.0,22.73,24.01,1.62,1,2025-03-19,RJP_0094,0,2025
2025-03-18 21:00:00+00:00,0.0,21.93,25.43,1.67,2,2025-03-19,RJP_0094,0,2025
2025-03-18 22:00:00+00:00,0.0,20.94,27.21,1.93,3,2025-03-19,RJP_0094,0,2025
2025-03-18 23:00:00+00:00,0.0,19.87,29.28,2.25,4,2025-03-19,RJP_0094,0,2025
2025-03-19 00:00:00+00:00,0.0,18.9,31.27,2.54,5,2025-03-19,RJP_0094,0,2025
2025-03-19 01:00:00+00:00,32.1,19.6,29.82,2.53,6,2025-03-19,RJP_0094,0,2025
2025-03-19 02:00:00+00:00,217.2,24.07,22.45,3.55,7,2025-03-19,RJP_0094,0,2025
2025-03-19 03:00:00+00:00,438.25,29.03,16.04,2.43,8,2025-03-19,RJP_0094,0,2025
2025-03-19 04:00:00+00:00,653.7,33.5,11.44,1.53,9,2025-03-19,RJP_0094,0,2025
2025-03-19 05:00:00+00:00,823.45,35.31,10.04,1.93,10,2025-03-19,RJP_0094,0,2025
2025-03-19 06:00:00+00:00,915.33,36.6,9.27,2.42,11,2025-03-19,RJP_0094,0,2025
2025-03-19 07:00:00+00:00,939.05,37.41,8.91,2.88,12,2025-03-19,RJP_0094,0,2025
2025-03-19 08:00:00+00:00,873.15,37.77,8.9,3.33,13,2025-03-19,RJP_0094,0,2025
2025-03-19 09:00:00+00:00,735.33,37.59,9.1,3.52,14,2025-03-19,RJP_0094,0,2025
2025-03-19 10:00:00+00:00,497.88,36.93,9.47,3.46,15,2025-03-19,RJP_0094,0,2025
2025-03-19 11:00:00+00:00,259.42,35.72,10.15,3.27,16,2025-03-19,RJP_0094,0,2025
2025-03-19 12:00:00+00:00,69.93,32.36,12.47,2.22,17,2025-03-19,RJP_0094,0,2025
2025-03-19 13:00:00+00:00,0.0,28.47,15.51,2.65,18,2025-03-19,RJP_0094,0,2025
2025-03-19 14:00:00+00:00,0.0,27.08,16.49,2.95,19,2025-03-19,RJP_0094,0,2025
2025-03-19 15:00:00+00:00,0.0,25.91,17.21,3.22,20,2025-03-19,RJP_0094,0,2025
2025-03-19 16:00:00+00:00,0.0,24.89,17.7,3.36,21,2025-03-19,RJP_0094,0,2025
2025-03-19 17:00:00+00:00,0.0,23.92,18.29,3.48,22,2025-03-19,RJP_0094,0,2025
2025-03-19 18:00:00+00:00,0.0,23.01,18.93,3.52,23,2025-03-19,RJP_0094,0,2025
2025-03-19 19:00:00+00:00,0.0,22.13,19.85,3.49,0,2025-03-20,RJP_0094,0,2025
2025-03-19 20:00:00+00:00,0.0,21.27,20.92,3.42,1,2025-03-20,RJP_0094,0,2025
2025-03-19 21:00:00+00:00,0.0,20.44,22.14,3.32,2,2025-03-20,RJP_0094,0,2025
2025-03-19 22:00:00+00:00,0.0,19.67,23.56,3.22,3,2025-03-20,RJP_0094,0,2025
2025-03-19 23:00:00+00:00,0.0,18.98,25.1,3.12,4,2025-03-20,RJP_0094,0,2025
2025-03-20 00:00:00+00:00,0.0,18.37,26.83,3.0,5,2025-03-20,RJP_0094,0,2025
2025-03-20 01:00:00+00:00,30.5,19.47,25.83,2.91,6,2025-03-20,RJP_0094,0,2025
2025-03-20 02:00:00+00:00,197.98,23.25,21.11,3.57,7,2025-03-20,RJP_0094,0,2025
2025-03-20 03:00:00+00:00,407.65,28.28,15.15,2.5,8,2025-03-20,RJP_0094,0,2025
2025-03-20 04:00:00+00:00,616.58,32.64,11.52,1.5,9,2025-03-20,RJP_0094,0,2025
2025-03-20 05:00:00+00:00,788.78,34.61,10.51,0.71,10,2025-03-20,RJP_0094,0,2025
2025-03-20 06:00:00+00:00,872.65,36.01,9.83,1.3,11,2025-03-20,RJP_0094,0,2025
2025-03-20 07:00:00+00:00,914.47,36.87,9.34,2.32,12,2025-03-20,RJP_0094,0,2025
2025-03-20 08:00:00+00:00,841.95,37.23,9.07,3.24,13,2025-03-20,RJP_0094,0,2025
2025-03-20 09:00:00+00:00,693.25,36.95,9.15,3.76,14,2025-03-20,RJP_0094,0,2025
2025-03-20 10:00:00+00:00,476.98,36.16,9.53,3.96,15,2025-03-20,RJP_0094,0,2025
2025-03-20 11:00:00+00:00,238.95,34.81,10.23,4.0,16,2025-03-20,RJP_0094,0,2025
2025-03-20 12:00:00+00:00,67.53,31.77,12.3,2.85,17,2025-03-20,RJP_0094,0,2025
2025-03-20 13:00:00+00:00,0.0,27.5,15.87,3.0,18,2025-03-20,RJP_0094,0,2025
2025-03-20 14:00:00+00:00,0.0,26.21,17.18,3.19,19,2025-03-20,RJP_0094,0,2025
2025-03-20 15:00:00+00:00,0.0,25.15,18.46,3.35,20,2025-03-20,RJP_0094,0,2025
2025-03-20 16:00:00+00:00,0.0,24.27,19.62,3.48,21,2025-03-20,RJP_0094,0,2025
2025-03-20 17:00:00+00:00,0.0,23.43,20.8,3.57,22,2025-03-20,RJP_0094,0,2025
2025-03-20 18:00:00+00:00,0.0,22.62,22.18,3.6,23,2025-03-20,RJP_0094,0,2025
2025-03-20 19:00:00+00:00,0.0,21.82,23.94,3.55,0,2025-03-21,RJP_0094,0,2025
2025-03-20 20:00:00+00:00,0.0,21.09,26.03,3.46,1,2025-03-21,RJP_0094,0,2025
2025-03-20 21:00:00+00:00,0.0,20.43,28.14,3.41,2,2025-03-21,RJP_0094,0,2025
2025-03-20 22:00:00+00:00,0.0,19.79,30.15,3.29,3,2025-03-21,RJP_0094,0,2025
2025-03-20 23:00:00+00:00,0.0,19.13,31.99,3.13,4,2025-03-21,RJP_0094,0,2025
2025-03-21 00:00:00+00:00,0.0,18.48,33.63,2.92,5,2025-03-21,RJP_0094,0,2025
2025-03-21 01:00:00+00:00,31.73,19.4,31.84,3.2,6,2025-03-21,RJP_0094,0,2025
2025-03-21 02:00:00+00:00,188.98,22.49,26.36,3.38,7,2025-03-21,RJP_0094,0,2025
2025-03-21 03:00:00+00:00,389.55,27.28,19.52,2.98,8,2025-03-21,RJP_0094,0,2025
2025-03-21 04:00:00+00:00,580.38,31.07,15.68,2.66,9,2025-03-21,RJP_0094,0,2025
2025-03-21 05:00:00+00:00,736.33,33.43,13.96,2.72,10,2025-03-21,RJP_0094,0,2025
2025-03-21 06:00:00+00:00,824.15,35.06,13.05,2.94,11,2025-03-21,RJP_0094,0,2025
2025-03-21 07:00:00+00:00,864.12,36.13,12.47,3.22,12,2025-03-21,RJP_0094,0,2025
2025-03-21 08:00:00+00:00,840.12,36.6,12.21,3.63,13,2025-03-21,RJP_0094,0,2025
2025-03-21 09:00:00+00:00,659.4,36.38,12.27,3.98,14,2025-03-21,RJP_0094,0,2025
2025-03-21 10:00:00+00:00,469.55,35.69,12.58,4.26,15,2025-03-21,RJP_0094,0,2025
2025-03-21 11:00:00+00:00,245.38,34.46,13.32,4.42,16,2025-03-21,RJP_0094,0,2025
2025-03-21 12:00:00+00:00,65.75,31.57,15.68,3.08,17,2025-03-21,RJP_0094,0,2025
2025-03-21 13:00:00+00:00,0.0,27.86,19.46,3.15,18,2025-03-21,RJP_0094,0,2025
2025-03-21 14:00:00+00:00,0.0,26.85,20.8,3.35,19,2025-03-21,RJP_0094,0,2025
2025-03-21 15:00:00+00:00,0.0,25.97,22.11,3.34,20,2025-03-21,RJP_0094,0,2025
2025-03-21 16:00:00+00:00,0.0,25.12,23.46,3.17,21,2025-03-21,RJP_0094,0,2025
2025-03-21 17:00:00+00:00,0.0,24.49,24.4,2.98,22,2025-03-21,RJP_0094,0,2025
2025-03-21 18:00:00+00:00,0.0,24.06,25.08,2.73,23,2025-03-21,RJP_0094,0,2025
2025-03-21 19:00:00+00:00,0.0,23.84,25.4,2.35,0,2025-03-22,RJP_0094,0,2025
2025-03-21 20:00:00+00:00,0.0,23.75,25.52,1.93,1,2025-03-22,RJP_0094,0,2025
2025-03-21 21:00:00+00:00,0.0,23.39,26.13,1.6,2,2025-03-22,RJP_0094,0,2025
2025-03-21 22:00:00+00:00,0.0,22.96,26.92,1.29,3,2025-03-22,RJP_0094,0,2025
2025-03-21 23:00:00+00:00,0.0,22.43,27.99,0.97,4,2025-03-22,RJP_0094,0,2025
2025-03-22 00:00:00+00:00,0.0,21.98,28.84,0.77,5,2025-03-22,RJP_0094,0,2025
2025-03-22 01:00:00+00:00,35.3,22.29,28.38,0.67,6,2025-03-22,RJP_0094,0,2025
2025-03-22 02:00:00+00:00,217.32,25.12,23.91,0.79,7,2025-03-22,RJP_0094,0,2025
2025-03-22 03:00:00+00:00,463.55,30.14,17.84,0.68,8,2025-03-22,RJP_0094,0,2025
2025-03-22 04:00:00+00:00,676.53,33.55,15.31,1.22,9,2025-03-22,RJP_0094,0,2025
2025-03-22 05:00:00+00:00,835.05,35.26,14.36,1.55,10,2025-03-22,RJP_0094,0,2025
2025-03-22 06:00:00+00:00,925.58,36.46,13.61,1.75,11,2025-03-22,RJP_0094,0,2025
2025-03-22 07:00:00+00:00,938.85,37.28,12.9,1.97,12,2025-03-22,RJP_0094,0,2025
2025-03-22 08:00:00+00:00,874.58,37.68,12.37,2.1,13,2025-03-22,RJP_0094,0,2025
2025-03-22 09:00:00+00:00,719.1,37.54,12.11,1.97,14,2025-03-22,RJP_0094,0,2025
2025-03-22 10:00:00+00:00,508.38,37.02,12.03,1.72,15,2025-03-22,RJP_0094,0,2025
2025-03-22 11:00:00+00:00,275.45,36.02,12.32,1.49,16,2025-03-22,RJP_0094,0,2025
2025-03-22 12:00:00+00:00,78.2,33.59,14.28,1.08,17,2025-03-22,RJP_0094,0,2025
2025-03-22 13:00:00+00:00,0.0,30.62,16.72,1.54,18,2025-03-22,RJP_0094,0,2025
2025-03-22 14:00:00+00:00,0.0,29.05,18.24,1.78,19,2025-03-22,RJP_0094,0,2025
2025-03-22 15:00:00+00:00,0.0,27.63,19.78,1.85,20,2025-03-22,RJP_0094,0,2025
2025-03-22 16:00:00+00:00,0.0,26.29,21.23,1.89,21,2025-03-22,RJP_0094,0,2025
2025-03-22 17:00:00+00:00,0.0,25.33,22.13,1.87,22,2025-03-22,RJP_0094,0,2025
2025-03-22 18:00:00+00:00,0.0,24.52,22.67,1.93,23,2025-03-22,RJP_0094,0,2025
2025-03-22 19:00:00+00:00,0.0,23.58,23.33,2.16,0,2025-03-23,RJP_0094,0,2025
2025-03-22 20:00:00+00:00,0.0,22.68,24.05,2.55,1,2025-03-23,RJP_0094,0,2025
2025-03-22 21:00:00+00:00,0.0,21.86,24.98,2.87,2,2025-03-23,RJP_0094,0,2025
2025-03-22 22:00:00+00:00,0.0,20.99,26.54,3.11,3,2025-03-23,RJP_0094,0,2025
2025-03-22 23:00:00+00:00,0.0,20.19,28.56,3.22,4,2025-03-23,RJP_0094,0,2025
2025-03-23 00:00:00+00:00,0.0,19.55,30.77,3.19,5,2025-03-23,RJP_0094,0,2025
2025-03-23 01:00:00+00:00,36.6,20.86,29.47,3.3,6,2025-03-23,RJP_0094,0,2025
2025-03-23 02:00:00+00:00,236.45,24.86,23.7,4.17,7,2025-03-23,RJP_0094,0,2025
2025-03-23 03:00:00+00:00,503.02,29.93,16.92,2.89,8,2025-03-23,RJP_0094,0,2025
2025-03-23 04:00:00+00:00,715.33,34.95,11.38,1.46,9,2025-03-23,RJP_0094,0,2025
2025-03-23 05:00:00+00:00,872.12,36.74,9.96,0.86,10,2025-03-23,RJP_0094,0,2025
2025-03-23 06:00:00+00:00,953.55,37.91,8.98,0.89,11,2025-03-23,RJP_0094,0,2025
2025-03-23 07:00:00+00:00,965.78,38.7,8.23,1.2,12,2025-03-23,RJP_0094,0,2025
2025-03-23 08:00:00+00:00,877.03,39.01,7.78,1.49,13,2025-03-23,RJP_0094,0,2025
2025-03-23 09:00:00+00:00,721.62,38.77,7.65,1.58,14,2025-03-23,RJP_0094,0,2025
2025-03-23 10:00:00+00:00,516.22,38.1,7.74,1.54,15,2025-03-23,RJP_0094,0,2025
2025-03-23 11:00:00+00:00,287.42,36.93,8.12,1.41,16,2025-03-23,RJP_0094,0,2025
2025-03-23 12:00:00+00:00,85.45,34.44,10.03,0.89,17,2025-03-23,RJP_0094,0,2025
2025-03-23 13:00:00+00:00,0.0,31.67,11.42,1.19,18,2025-03-23,RJP_0094,0,2025
2025-03-23 14:00:00+00:00,0.0,30.08,12.37,1.64,19,2025-03-23,RJP_0094,0,2025
2025-03-23 15:00:00+00:00,0.0,29.04,13.14,1.73,20,2025-03-23,RJP_0094,0,2025
2025-03-23 16:00:00+00:00,0.0,28.15,13.93,1.58,21,2025-03-23,RJP_0094,0,2025
2025-03-23 17:00:00+00:00,0.0,27.16,14.8,1.52,22,2025-03-23,RJP_0094,0,2025
2025-03-23 18:00:00+00:00,0.0,26.09,15.81,1.61,23,2025-03-23,RJP_0094,0,2025
2025-03-23 19:00:00+00:00,0.0,24.92,16.94,1.92,0,2025-03-24,RJP_0094,0,2025
2025-03-23 20:00:00+00:00,0.0,23.29,18.62,2.27,1,2025-03-24,RJP_0094,0,2025
2025-03-23 21:00:00+00:00,0.0,21.87,20.11,2.62,2,2025-03-24,RJP_0094,0,2025
2025-03-23 22:00:00+00:00,0.0,20.81,21.08,2.88,3,2025-03-24,RJP_0094,0,2025
2025-03-23 23:00:00+00:00,0.0,20.1,21.36,3.04,4,2025-03-24,RJP_0094,0,2025
2025-03-24 00:00:00+00:00,0.0,19.55,21.43,3.08,5,2025-03-24,RJP_0094,0,2025
2025-03-24 01:00:00+00:00,42.97,20.88,19.18,3.12,6,2025-03-24,RJP_0094,0,2025
2025-03-24 02:00:00+00:00,250.23,24.92,14.63,3.72,7,2025-03-24,RJP_0094,0,2025
2025-03-24 03:00:00+00:00,509.38,29.83,11.17,2.59,8,2025-03-24,RJP_0094,0,2025
2025-03-24 04:00:00+00:00,719.8,34.83,9.27,2.45,9,2025-03-24,RJP_0094,0,2025
2025-03-24 05:00:00+00:00,874.42,37.02,8.66,2.14,10,2025-03-24,RJP_0094,0,2025
2025-03-24 06:00:00+00:00,950.08,38.38,8.34,1.91,11,2025-03-24,RJP_0094,0,2025
2025-03-24 07:00:00+00:00,961.67,39.21,8.12,1.76,12,2025-03-24,RJP_0094,0,2025
2025-03-24 08:00:00+00:00,871.1,39.56,7.98,1.65,13,2025-03-24,RJP_0094,0,2025
2025-03-24 09:00:00+00:00,715.15,39.41,7.95,1.33,14,2025-03-24,RJP_0094,0,2025
2025-03-24 10:00:00+00:00,510.17,38.78,8.11,1.01,15,2025-03-24,RJP_0094,0,2025
2025-03-24 11:00:00+00:00,281.9,37.63,8.53,0.81,16,2025-03-24,RJP_0094,0,2025
2025-03-24 12:00:00+00:00,83.12,35.1,10.52,0.74,17,2025-03-24,RJP_0094,0,2025
2025-03-24 13:00:00+00:00,0.0,32.4,11.85,1.28,18,2025-03-24,RJP_0094,0,2025
2025-03-24 14:00:00+00:00,0.0,31.04,12.7,1.61,19,2025-03-24,RJP_0094,0,2025
2025-03-24 15:00:00+00:00,0.0,29.85,13.46,1.8,20,2025-03-24,RJP_0094,0,2025
2025-03-24 16:00:00+00:00,0.0,28.64,14.36,1.89,21,2025-03-24,RJP_0094,0,2025
2025-03-24 17:00:00+00:00,0.0,27.27,15.54,1.89,22,2025-03-24,RJP_0094,0,2025
2025-03-24 18:00:00+00:00,0.0,26.01,16.78,1.84,23,2025-03-24,RJP_0094,0,2025
2025-03-24 19:00:00+00:00,0.0,24.9,17.91,1.79,0,2025-03-25,RJP_0094,0,2025
2025-03-24 20:00:00+00:00,0.0,23.91,19.05,1.73,1,2025-03-25,RJP_0094,0,2025
2025-03-24 21:00:00+00:00,0.0,23.13,19.95,1.58,2,2025-03-25,RJP_0094,0,2025
2025-03-24 22:00:00+00:00,0.0,22.42,20.83,1.38,3,2025-03-25,RJP_0094,0,2025
2025-03-24 23:00:00+00:00,0.0,21.75,21.64,1.24,4,2025-03-25,RJP_0094,0,2025
2025-03-25 00:00:00+00:00,0.0,21.2,22.34,1.14,5,2025-03-25,RJP_0094,0,2025
2025-03-25 01:00:00+00:00,41.55,21.93,21.37,0.97,6,2025-03-25,RJP_0094,0,2025
2025-03-25 02:00:00+00:00,241.1,25.97,16.78,1.06,7,2025-03-25,RJP_0094,0,2025
2025-03-25 03:00:00+00:00,494.48,30.36,13.0,0.96,8,2025-03-25,RJP_0094,0,2025
2025-03-25 04:00:00+00:00,704.67,35.1,10.07,1.88,9,2025-03-25,RJP_0094,0,2025
2025-03-25 05:00:00+00:00,858.88,37.54,8.9,2.15,10,2025-03-25,RJP_0094,0,2025
2025-03-25 06:00:00+00:00,945.33,38.89,8.33,2.39,11,2025-03-25,RJP_0094,0,2025
2025-03-25 07:00:00+00:00,955.53,39.68,7.98,2.63,12,2025-03-25,RJP_0094,0,2025
2025-03-25 08:00:00+00:00,888.65,39.98,7.76,2.88,13,2025-03-25,RJP_0094,0,2025
2025-03-25 09:00:00+00:00,734.03,39.77,7.75,3.19,14,2025-03-25,RJP_0094,0,2025
2025-03-25 10:00:00+00:00,520.8,39.08,7.99,3.57,15,2025-03-25,RJP_0094,0,2025
2025-03-25 11:00:00+00:00,283.33,37.83,8.6,3.87,16,2025-03-25,RJP_0094,0,2025
2025-03-25 12:00:00+00:00,82.72,34.52,10.57,2.8,17,2025-03-25,RJP_0094,0,2025
2025-03-25 13:00:00+00:00,0.0,30.13,13.84,3.17,18,2025-03-25,RJP_0094,0,2025
2025-03-25 14:00:00+00:00,0.0,28.94,15.1,3.35,19,2025-03-25,RJP_0094,0,2025
2025-03-25 15:00:00+00:00,0.0,27.92,16.4,3.42,20,2025-03-25,RJP_0094,0,2025
2025-03-25 16:00:00+00:00,0.0,26.93,17.73,3.42,21,2025-03-25,RJP_0094,0,2025
2025-03-25 17:00:00+00:00,0.0,25.93,18.99,3.37,22,2025-03-25,RJP_0094,0,2025
2025-03-25 18:00:00+00:00,0.0,25.01,20.1,3.27,23,2025-03-25,RJP_0094,0,2025
2025-03-25 19:00:00+00:00,0.0,24.17,21.12,3.17,0,2025-03-26,RJP_0094,0,2025
2025-03-25 20:00:00+00:00,0.0,23.44,22.0,3.1,1,2025-03-26,RJP_0094,0,2025
2025-03-25 21:00:00+00:00,0.0,22.88,22.64,2.92,2,2025-03-26,RJP_0094,0,2025
2025-03-25 22:00:00+00:00,0.0,22.68,22.75,2.58,3,2025-03-26,RJP_0094,0,2025
2025-03-25 23:00:00+00:00,0.0,22.88,22.37,2.14,4,2025-03-26,RJP_0094,0,2025
2025-03-26 00:00:00+00:00,0.0,23.24,21.79,1.63,5,2025-03-26,RJP_0094,0,2025
2025-03-26 01:00:00+00:00,37.1,24.34,20.46,1.06,6,2025-03-26,RJP_0094,0,2025
2025-03-26 02:00:00+00:00,214.05,27.2,17.41,0.55,7,2025-03-26,RJP_0094,0,2025
2025-03-26 03:00:00+00:00,426.27,31.69,14.41,1.77,8,2025-03-26,RJP_0094,0,2025
2025-03-26 04:00:00+00:00,636.92,36.15,13.11,4.32,9,2025-03-26,RJP_0094,0,2025
2025-03-26 05:00:00+00:00,797.35,37.86,12.56,5.3,10,2025-03-26,RJP_0094,0,2025
2025-03-26 06:00:00+00:00,878.72,38.9,12.15,5.99,11,2025-03-26,RJP_0094,0,2025
2025-03-26 07:00:00+00:00,905.3,39.54,11.88,6.5,12,2025-03-26,RJP_0094,0,2025
2025-03-26 08:00:00+00:00,858.95,39.7,11.88,6.86,13,2025-03-26,RJP_0094,0,2025
2025-03-26 09:00:00+00:00,696.83,39.29,12.24,6.74,14,2025-03-26,RJP_0094,0,2025
2025-03-26 10:00:00+00:00,488.9,38.42,13.0,6.38,15,2025-03-26,RJP_0094,0,2025
2025-03-26 11:00:00+00:00,264.55,37.08,14.3,5.97,16,2025-03-26,RJP_0094,0,2025
2025-03-26 12:00:00+00:00,82.62,34.46,16.98,4.1,17,2025-03-26,RJP_0094,0,2025
2025-03-26 13:00:00+00:00,0.0,30.4,21.93,3.23,18,2025-03-26,RJP_0094,0,2025
2025-03-26 14:00:00+00:00,0.0,29.16,24.0,3.24,19,2025-03-26,RJP_0094,0,2025
2025-03-26 15:00:00+00:00,0.0,28.16,25.69,3.23,20,2025-03-26,RJP_0094,0,2025
2025-03-26 16:00:00+00:00,0.0,27.25,27.1,3.2,21,2025-03-26,RJP_0094,0,2025
2025-03-26 17:00:00+00:00,0.0,26.39,28.18,3.14,22,2025-03-26,RJP_0094,0,2025
2025-03-26 18:00:00+00:00,0.0,25.59,28.7,3.1,23,2025-03-26,RJP_0094,0,2025
2025-03-26 19:00:00+00:00,0.0,24.84,28.61,3.11,0,2025-03-27,RJP_0094,0,2025
2025-03-26 20:00:00+00:00,0.0,24.11,28.07,3.13,1,2025-03-27,RJP_0094,0,2025
2025-03-26 21:00:00+00:00,0.0,23.31,27.72,3.07,2,2025-03-27,RJP_0094,0,2025
2025-03-26 22:00:00+00:00,0.0,22.51,28.01,2.94,3,2025-03-27,RJP_0094,0,2025
2025-03-26 23:00:00+00:00,0.0,21.88,28.58,2.71,4,2025-03-27,RJP_0094,0,2025
2025-03-27 00:00:00+00:00,0.0,21.52,29.17,2.44,5,2025-03-27,RJP_0094,0,2025
2025-03-27 01:00:00+00:00,40.6,22.68,27.43,2.06,6,2025-03-27,RJP_0094,0,2025
2025-03-27 02:00:00+00:00,201.85,26.15,23.5,2.71,7,2025-03-27,RJP_0094,0,2025
2025-03-27 03:00:00+00:00,392.88,30.65,21.21,3.92,8,2025-03-27,RJP_0094,0,2025
2025-03-27 04:00:00+00:00,583.4,33.36,18.87,5.08,9,2025-03-27,RJP_0094,0,2025
2025-03-27 05:00:00+00:00,739.97,35.3,17.64,5.94,10,2025-03-27,RJP_0094,0,2025
2025-03-27 06:00:00+00:00,822.6,36.76,16.82,6.65,11,2025-03-27,RJP_0094,0,2025
2025-03-27 07:00:00+00:00,866.75,37.7,16.27,7.22,12,2025-03-27,RJP_0094,0,2025
2025-03-27 08:00:00+00:00,841.88,38.08,15.97,7.63,13,2025-03-27,RJP_0094,0,2025
2025-03-27 09:00:00+00:00,706.6,37.63,16.08,7.59,14,2025-03-27,RJP_0094,0,2025
2025-03-27 10:00:00+00:00,514.97,36.8,16.27,7.38,15,2025-03-27,RJP_0094,0,2025
2025-03-27 11:00:00+00:00,270.35,35.81,16.42,7.02,16,2025-03-27,RJP_0094,0,2025
2025-03-27 12:00:00+00:00,76.2,33.79,17.46,5.34,17,2025-03-27,RJP_0094,0,2025
2025-03-27 13:00:00+00:00,0.0,29.62,21.08,3.39,18,2025-03-27,RJP_0094,0,2025
2025-03-27 14:00:00+00:00,0.0,28.13,21.74,3.38,19,2025-03-27,RJP_0094,0,2025
2025-03-27 15:00:00+00:00,0.0,27.05,21.65,3.48,20,2025-03-27,RJP_0094,0,2025
2025-03-27 16:00:00+00:00,0.0,26.13,20.93,3.67,21,2025-03-27,RJP_0094,0,2025
2025-03-27 17:00:00+00:00,0.0,25.22,19.62,3.78,22,2025-03-27,RJP_0094,0,2025
2025-03-27 18:00:00+00:00,0.0,24.27,17.69,3.77,23,2025-03-27,RJP_0094,0,2025
2025-03-27 19:00:00+00:00,0.0,23.39,15.29,3.78,0,2025-03-28,RJP_0094,0,2025
2025-03-27 20:00:00+00:00,0.0,22.66,12.87,3.96,1,2025-03-28,RJP_0094,0,2025
2025-03-27 21:00:00+00:00,0.0,21.95,11.13,4.08,2,2025-03-28,RJP_0094,0,2025
2025-03-27 22:00:00+00:00,0.0,21.36,10.31,4.29,3,2025-03-28,RJP_0094,0,2025
2025-03-27 23:00:00+00:00,0.0,20.67,10.45,4.34,4,2025-03-28,RJP_0094,0,2025
2025-03-28 00:00:00+00:00,0.0,19.7,10.96,4.2,5,2025-03-28,RJP_0094,0,2025
2025-03-28 01:00:00+00:00,46.12,19.97,10.65,5.05,6,2025-03-28,RJP_0094,0,2025
2025-03-28 02:00:00+00:00,231.98,22.58,8.86,5.02,7,2025-03-28,RJP_0094,0,2025
2025-03-28 03:00:00+00:00,472.55,27.81,5.99,5.57,8,2025-03-28,RJP_0094,0,2025
2025-03-28 04:00:00+00:00,717.9,31.5,4.91,4.46,9,2025-03-28,RJP_0094,0,2025
2025-03-28 05:00:00+00:00,929.35,33.74,4.45,3.39,10,2025-03-28,RJP_0094,0,2025
2025-03-28 06:00:00+00:00,1002.47,35.45,4.1,2.98,11,2025-03-28,RJP_0094,0,2025
2025-03-28 07:00:00+00:00,1020.4,36.63,3.76,2.92,12,2025-03-28,RJP_0094,0,2025
2025-03-28 08:00:00+00:00,940.5,37.23,3.44,2.99,13,2025-03-28,RJP_0094,0,2025
2025-03-28 09:00:00+00:00,784.7,37.23,3.22,2.96,14,2025-03-28,RJP_0094,0,2025
2025-03-28 10:00:00+00:00,568.47,36.62,3.15,2.79,15,2025-03-28,RJP_0094,0,2025
2025-03-28 11:00:00+00:00,318.3,35.39,3.23,2.58,16,2025-03-28,RJP_0094,0,2025
2025-03-28 12:00:00+00:00,101.45,32.2,4.31,1.87,17,2025-03-28,RJP_0094,0,2025
2025-03-28 13:00:00+00:00,0.0,28.96,5.12,2.42,18,2025-03-28,RJP_0094,0,2025
2025-03-28 14:00:00+00:00,0.0,27.31,5.46,2.97,19,2025-03-28,RJP_0094,0,2025
2025-03-28 15:00:00+00:00,0.0,26.03,5.76,3.43,20,2025-03-28,RJP_0094,0,2025
2025-03-28 16:00:00+00:00,0.0,24.85,6.18,3.9,21,2025-03-28,RJP_0094,0,2025
2025-03-28 17:00:00+00:00,0.0,24.02,6.54,4.76,22,2025-03-28,RJP_0094,0,2025
2025-03-28 18:00:00+00:00,0.0,23.02,6.95,5.17,23,2025-03-28,RJP_0094,0,2025
2025-03-28 19:00:00+00:00,0.0,22.6,7.01,5.44,0,2025-03-29,RJP_0094,0,2025
2025-03-28 20:00:00+00:00,0.0,21.93,7.06,5.29,1,2025-03-29,RJP_0094,0,2025
2025-03-28 21:00:00+00:00,0.0,21.17,7.21,5.09,2,2025-03-29,RJP_0094,0,2025
2025-03-28 22:00:00+00:00,0.0,20.26,7.89,5.02,3,2025-03-29,RJP_0094,0,2025
2025-03-28 23:00:00+00:00,0.0,19.58,8.78,5.31,4,2025-03-29,RJP_0094,0,2025
2025-03-29 00:00:00+00:00,0.0,18.76,10.19,5.25,5,2025-03-29,RJP_0094,0,2025
2025-03-29 01:00:00+00:00,52.12,18.88,11.12,5.64,6,2025-03-29,RJP_0094,0,2025
2025-03-29 02:00:00+00:00,248.05,21.21,10.32,5.2,7,2025-03-29,RJP_0094,0,2025
2025-03-29 03:00:00+00:00,452.83,26.4,6.78,6.41,8,2025-03-29,RJP_0094,0,2025
2025-03-29 04:00:00+00:00,663.97,30.3,5.19,5.54,9,2025-03-29,RJP_0094,0,2025
2025-03-29 05:00:00+00:00,845.03,32.96,4.34,3.96,10,2025-03-29,RJP_0094,0,2025
2025-03-29 06:00:00+00:00,970.4,35.0,3.59,2.58,11,2025-03-29,RJP_0094,0,2025
2025-03-29 07:00:00+00:00,1034.3,36.37,3.07,1.63,12,2025-03-29,RJP_0094,0,2025
2025-03-29 08:00:00+00:00,905.88,37.18,2.76,1.45,13,2025-03-29,RJP_0094,0,2025
2025-03-29 09:00:00+00:00,723.53,37.38,2.6,1.76,14,2025-03-29,RJP_0094,0,2025
2025-03-29 10:00:00+00:00,507.55,36.95,2.57,2.0,15,2025-03-29,RJP_0094,0,2025
2025-03-29 11:00:00+00:00,281.27,35.85,2.65,2.06,16,2025-03-29,RJP_0094,0,2025
2025-03-29 12:00:00+00:00,94.28,32.74,3.68,1.56,17,2025-03-29,RJP_0094,0,2025
2025-03-29 13:00:00+00:00,0.0,29.29,4.21,1.99,18,2025-03-29,RJP_0094,0,2025
2025-03-29 14:00:00+00:00,0.0,27.2,4.46,2.52,19,2025-03-29,RJP_0094,0,2025
2025-03-29 15:00:00+00:00,0.0,25.11,4.8,3.03,20,2025-03-29,RJP_0094,0,2025
2025-03-29 16:00:00+00:00,0.0,23.38,5.28,3.41,21,2025-03-29,RJP_0094,0,2025
2025-03-29 17:00:00+00:00,0.0,22.14,5.86,3.64,22,2025-03-29,RJP_0094,0,2025
2025-03-29 18:00:00+00:00,0.0,21.27,6.74,3.73,23,2025-03-29,RJP_0094,0,2025
2025-03-29 19:00:00+00:00,0.0,20.57,7.94,3.87,0,2025-03-30,RJP_0094,0,2025
2025-03-29 20:00:00+00:00,0.0,19.95,9.38,4.18,1,2025-03-30,RJP_0094,0,2025
2025-03-29 21:00:00+00:00,0.0,19.41,10.87,4.58,2,2025-03-30,RJP_0094,0,2025
2025-03-29 22:00:00+00:00,0.0,18.77,12.54,4.72,3,2025-03-30,RJP_0094,0,2025
2025-03-29 23:00:00+00:00,0.0,18.12,14.34,4.72,4,2025-03-30,RJP_0094,0,2025
2025-03-30 00:00:00+00:00,0.0,17.54,16.05,4.62,5,2025-03-30,RJP_0094,0,2025
2025-03-30 01:00:00+00:00,58.92,18.67,15.91,5.29,6,2025-03-30,RJP_0094,0,2025
2025-03-30 02:00:00+00:00,278.0,22.07,13.2,5.17,7,2025-03-30,RJP_0094,0,2025
2025-03-30 03:00:00+00:00,547.53,27.53,7.92,5.27,8,2025-03-30,RJP_0094,0,2025
2025-03-30 04:00:00+00:00,757.62,32.33,4.59,3.76,9,2025-03-30,RJP_0094,0,2025
2025-03-30 05:00:00+00:00,910.62,35.24,4.07,1.3,10,2025-03-30,RJP_0094,0,2025
2025-03-30 06:00:00+00:00,968.45,37.28,4.1,0.83,11,2025-03-30,RJP_0094,0,2025
2025-03-30 07:00:00+00:00,978.0,38.65,4.08,1.89,12,2025-03-30,RJP_0094,0,2025
2025-03-30 08:00:00+00:00,898.18,39.29,4.11,2.59,13,2025-03-30,RJP_0094,0,2025
2025-03-30 09:00:00+00:00,714.78,39.21,4.3,2.76,14,2025-03-30,RJP_0094,0,2025
2025-03-30 10:00:00+00:00,490.25,38.56,4.61,2.73,15,2025-03-30,RJP_0094,0,2025
2025-03-30 11:00:00+00:00,263.42,37.33,5.05,2.59,16,2025-03-30,RJP_0094,0,2025
2025-03-30 12:00:00+00:00,84.6,34.2,6.49,1.7,17,2025-03-30,RJP_0094,0,2025
2025-03-30 13:00:00+00:00,0.0,31.28,7.58,1.63,18,2025-03-30,RJP_0094,0,2025
2025-03-30 14:00:00+00:00,0.0,30.38,7.88,1.53,19,2025-03-30,RJP_0094,0,2025
2025-03-30 15:00:00+00:00,0.0,28.9,8.43,1.87,20,2025-03-30,RJP_0094,0,2025
2025-03-30 16:00:00+00:00,0.0,26.76,9.29,2.48,21,2025-03-30,RJP_0094,0,2025
2025-03-30 17:00:00+00:00,0.0,24.85,9.86,3.01,22,2025-03-30,RJP_0094,0,2025
2025-03-30 18:00:00+00:00,0.0,23.52,10.03,3.42,23,2025-03-30,RJP_0094,0,2025
2025-03-30 19:00:00+00:00,0.0,22.6,10.03,3.82,0,2025-03-31,RJP_0094,0,2025
2025-03-30 20:00:00+00:00,0.0,21.87,10.13,4.21,1,2025-03-31,RJP_0094,0,2025
2025-03-30 21:00:00+00:00,0.0,21.16,10.57,4.36,2,2025-03-31,RJP_0094,0,2025
2025-03-30 22:00:00+00:00,0.0,20.49,11.21,4.34,3,2025-03-31,RJP_0094,0,2025
2025-03-30 23:00:00+00:00,0.0,19.86,12.06,4.3,4,2025-03-31,RJP_0094,0,2025
2025-03-31 00:00:00+00:00,0.0,19.28,13.07,4.26,5,2025-03-31,RJP_0094,0,2025
2025-03-31 01:00:00+00:00,49.8,20.75,12.58,4.96,6,2025-03-31,RJP_0094,0,2025
2025-03-31 02:00:00+00:00,248.7,24.29,10.67,5.17,7,2025-03-31,RJP_0094,0,2025
2025-03-31 03:00:00+00:00,466.83,29.57,7.68,4.54,8,2025-03-31,RJP_0094,0,2025
2025-03-31 04:00:00+00:00,682.92,34.75,5.31,3.74,9,2025-03-31,RJP_0094,0,2025
2025-03-31 05:00:00+00:00,845.22,37.25,4.87,1.56,10,2025-03-31,RJP_0094,0,2025
2025-03-31 06:00:00+00:00,940.8,38.88,5.0,0.83,11,2025-03-31,RJP_0094,0,2025
2025-03-31 07:00:00+00:00,966.28,39.95,5.01,2.06,12,2025-03-31,RJP_0094,0,2025
2025-03-31 08:00:00+00:00,920.97,40.38,4.97,2.88,13,2025-03-31,RJP_0094,0,2025
2025-03-31 09:00:00+00:00,745.92,40.22,5.01,3.03,14,2025-03-31,RJP_0094,0,2025
2025-03-31 10:00:00+00:00,528.12,39.6,5.18,2.79,15,2025-03-31,RJP_0094,0,2025
2025-03-31 11:00:00+00:00,290.9,38.45,5.53,2.45,16,2025-03-31,RJP_0094,0,2025
2025-03-31 12:00:00+00:00,95.45,35.67,6.91,1.4,17,2025-03-31,RJP_0094,0,2025
2025-03-31 13:00:00+00:00,0.0,33.16,7.89,0.9,18,2025-03-31,RJP_0094,0,2025
2025-03-31 14:00:00+00:00,0.0,32.41,8.14,0.62,19,2025-03-31,RJP_0094,0,2025
2025-03-31 15:00:00+00:00,0.0,30.39,8.95,1.3,20,2025-03-31,RJP_0094,0,2025
2025-03-31 16:00:00+00:00,0.0,27.97,9.84,2.21,21,2025-03-31,RJP_0094,0,2025
2025-03-31 17:00:00+00:00,0.0,25.57,10.96,2.93,22,2025-03-31,RJP_0094,0,2025
2025-03-31 18:00:00+00:00,0.0,24.07,11.82,3.36,23,2025-03-31,RJP_0094,0,2025
2025-03-31 19:00:00+00:00,0.0,22.88,12.81,3.53,0,2025-04-01,RJP_0094,0,2025
2025-03-31 20:00:00+00:00,0.0,21.86,13.98,3.62,1,2025-04-01,RJP_0094,0,2025
2025-03-31 21:00:00+00:00,0.0,21.01,15.16,3.71,2,2025-04-01,RJP_0094,0,2025
2025-03-31 22:00:00+00:00,0.0,20.31,16.41,3.8,3,2025-04-01,RJP_0094,0,2025
2025-03-31 23:00:00+00:00,0.0,19.8,17.69,3.9,4,2025-04-01,RJP_0094,0,2025
2025-04-01 00:00:00+00:00,0.0,19.69,18.77,4.12,5,2025-04-01,RJP_0094,0,2025
2025-04-01 01:00:00+00:00,60.05,21.21,17.91,5.16,6,2025-04-01,RJP_0094,0,2025
2025-04-01 02:00:00+00:00,267.8,24.3,15.02,5.19,7,2025-04-01,RJP_0094,0,2025
2025-04-01 03:00:00+00:00,517.3,29.5,9.93,5.0,8,2025-04-01,RJP_0094,0,2025
2025-04-01 04:00:00+00:00,723.12,34.47,6.7,4.65,9,2025-04-01,RJP_0094,0,2025
2025-04-01 05:00:00+00:00,873.78,36.9,6.11,3.34,10,2025-04-01,RJP_0094,0,2025
2025-04-01 06:00:00+00:00,901.97,38.43,5.85,2.22,11,2025-04-01,RJP_0094,0,2025
2025-04-01 07:00:00+00:00,907.03,39.3,5.8,1.71,12,2025-04-01,RJP_0094,0,2025
2025-04-01 08:00:00+00:00,829.47,39.65,5.92,1.78,13,2025-04-01,RJP_0094,0,2025
2025-04-01 09:00:00+00:00,690.92,39.43,6.11,1.81,14,2025-04-01,RJP_0094,0,2025
2025-04-01 10:00:00+00:00,493.48,38.87,6.27,1.69,15,2025-04-01,RJP_0094,0,2025
2025-04-01 11:00:00+00:00,257.08,37.79,6.53,1.61,16,2025-04-01,RJP_0094,0,2025
2025-04-01 12:00:00+00:00,76.05,35.03,7.98,1.26,17,2025-04-01,RJP_0094,0,2025
2025-04-01 13:00:00+00:00,0.0,31.79,9.41,1.69,18,2025-04-01,RJP_0094,0,2025
2025-04-01 14:00:00+00:00,0.0,29.99,10.43,2.17,19,2025-04-01,RJP_0094,0,2025
2025-04-01 15:00:00+00:00,0.0,28.35,11.64,2.65,20,2025-04-01,RJP_0094,0,2025
2025-04-01 16:00:00+00:00,0.0,26.88,12.99,2.97,21,2025-04-01,RJP_0094,0,2025
2025-04-01 17:00:00+00:00,0.0,25.64,14.4,3.18,22,2025-04-01,RJP_0094,0,2025
2025-04-01 18:00:00+00:00,0.0,24.59,15.83,3.3,23,2025-04-01,RJP_0094,0,2025
2025-04-01 19:00:00+00:00,0.0,23.64,17.19,3.27,0,2025-04-02,RJP_0094,0,2025
2025-04-01 20:00:00+00:00,0.0,22.69,18.65,3.18,1,2025-04-02,RJP_0094,0,2025
2025-04-01 21:00:00+00:00,0.0,21.79,20.41,3.14,2,2025-04-02,RJP_0094,0,2025
2025-04-01 22:00:00+00:00,0.0,21.07,22.45,3.16,3,2025-04-02,RJP_0094,0,2025
2025-04-01 23:00:00+00:00,0.0,20.59,25.12,3.2,4,2025-04-02,RJP_0094,0,2025
2025-04-02 00:00:00+00:00,0.0,20.33,28.01,3.26,5,2025-04-02,RJP_0094,0,2025
2025-04-02 01:00:00+00:00,38.08,22.33,27.16,3.46,6,2025-04-02,RJP_0094,0,2025
2025-04-02 02:00:00+00:00,169.25,26.37,23.33,4.79,7,2025-04-02,RJP_0094,0,2025
2025-04-02 03:00:00+00:00,326.8,31.22,21.04,4.17,8,2025-04-02,RJP_0094,0,2025
2025-04-02 04:00:00+00:00,507.6,35.22,19.66,4.21,9,2025-04-02,RJP_0094,0,2025
2025-04-02 05:00:00+00:00,661.78,37.22,18.63,4.37,10,2025-04-02,RJP_0094,0,2025
2025-04-02 06:00:00+00:00,848.95,38.76,17.65,4.73,11,2025-04-02,RJP_0094,0,2025
2025-04-02 07:00:00+00:00,889.2,39.63,17.08,5.07,12,2025-04-02,RJP_0094,0,2025
2025-04-02 08:00:00+00:00,812.53,39.98,16.7,5.29,13,2025-04-02,RJP_0094,0,2025
2025-04-02 09:00:00+00:00,669.65,39.79,16.41,5.0,14,2025-04-02,RJP_0094,0,2025
2025-04-02 10:00:00+00:00,473.58,39.15,16.16,4.38,15,2025-04-02,RJP_0094,0,2025
2025-04-02 11:00:00+00:00,240.2,38.09,16.16,3.7,16,2025-04-02,RJP_0094,0,2025
2025-04-02 12:00:00+00:00,75.0,35.73,17.52,2.13,17,2025-04-02,RJP_0094,0,2025
2025-04-02 13:00:00+00:00,0.0,32.5,20.1,1.53,18,2025-04-02,RJP_0094,0,2025
2025-04-02 14:00:00+00:00,0.0,31.23,20.46,1.05,19,2025-04-02,RJP_0094,0,2025
2025-04-02 15:00:00+00:00,0.0,30.04,20.64,0.94,20,2025-04-02,RJP_0094,0,2025
2025-04-02 16:00:00+00:00,0.0,28.83,20.93,1.06,21,2025-04-02,RJP_0094,0,2025
2025-04-02 17:00:00+00:00,0.0,27.68,21.5,1.26,22,2025-04-02,RJP_0094,0,2025
2025-04-02 18:00:00+00:00,0.0,26.58,22.48,1.47,23,2025-04-02,RJP_0094,0,2025
2025-04-02 19:00:00+00:00,0.0,25.57,23.62,1.61,0,2025-04-03,RJP_0094,0,2025
2025-04-02 20:00:00+00:00,0.0,24.58,24.8,1.75,1,2025-04-03,RJP_0094,0,2025
2025-04-02 21:00:00+00:00,0.0,23.77,25.87,1.78,2,2025-04-03,RJP_0094,0,2025
2025-04-02 22:00:00+00:00,0.0,23.1,27.0,1.69,3,2025-04-03,RJP_0094,0,2025
2025-04-02 23:00:00+00:00,0.0,22.59,27.86,1.53,4,2025-04-03,RJP_0094,0,2025
2025-04-03 00:00:00+00:00,0.0,22.23,28.73,1.24,5,2025-04-03,RJP_0094,0,2025
2025-04-03 01:00:00+00:00,52.92,23.39,27.35,0.99,6,2025-04-03,RJP_0094,0,2025
2025-04-03 02:00:00+00:00,220.43,27.21,22.37,1.88,7,2025-04-03,RJP_0094,0,2025
2025-04-03 03:00:00+00:00,455.33,31.87,14.01,1.62,8,2025-04-03,RJP_0094,0,2025
2025-04-03 04:00:00+00:00,671.58,36.06,8.11,3.36,9,2025-04-03,RJP_0094,0,2025
2025-04-03 05:00:00+00:00,831.05,37.73,7.07,4.52,10,2025-04-03,RJP_0094,0,2025
2025-04-03 06:00:00+00:00,915.47,38.81,6.62,5.33,11,2025-04-03,RJP_0094,0,2025
2025-04-03 07:00:00+00:00,939.62,39.45,6.37,5.95,12,2025-04-03,RJP_0094,0,2025
2025-04-03 08:00:00+00:00,871.15,39.63,6.32,6.28,13,2025-04-03,RJP_0094,0,2025
2025-04-03 09:00:00+00:00,725.42,39.34,6.37,5.94,14,2025-04-03,RJP_0094,0,2025
2025-04-03 10:00:00+00:00,534.62,38.65,6.45,5.27,15,2025-04-03,RJP_0094,0,2025
2025-04-03 11:00:00+00:00,284.08,37.47,6.7,4.61,16,2025-04-03,RJP_0094,0,2025
2025-04-03 12:00:00+00:00,92.93,34.32,8.01,2.83,17,2025-04-03,RJP_0094,0,2025
2025-04-03 13:00:00+00:00,0.0,29.85,10.39,2.9,18,2025-04-03,RJP_0094,0,2025
2025-04-03 14:00:00+00:00,0.0,28.61,11.17,2.94,19,2025-04-03,RJP_0094,0,2025
2025-04-03 15:00:00+00:00,0.0,27.45,12.0,3.08,20,2025-04-03,RJP_0094,0,2025
2025-04-03 16:00:00+00:00,0.0,26.32,12.97,3.27,21,2025-04-03,RJP_0094,0,2025
2025-04-03 17:00:00+00:00,0.0,25.34,14.03,3.38,22,2025-04-03,RJP_0094,0,2025
2025-04-03 18:00:00+00:00,0.0,24.4,15.3,3.4,23,2025-04-03,RJP_0094,0,2025
2025-04-03 19:00:00+00:00,0.0,23.52,16.78,3.35,0,2025-04-04,RJP_0094,0,2025
2025-04-03 20:00:00+00:00,0.0,22.62,18.85,3.2,1,2025-04-04,RJP_0094,0,2025
2025-04-03 21:00:00+00:00,0.0,21.77,21.82,2.93,2,2025-04-04,RJP_0094,0,2025
2025-04-03 22:00:00+00:00,0.0,21.04,25.82,2.66,3,2025-04-04,RJP_0094,0,2025
2025-04-03 23:00:00+00:00,0.0,20.29,32.02,2.54,4,2025-04-04,RJP_0094,0,2025
2025-04-04 00:00:00+00:00,0.0,19.51,40.84,2.52,5,2025-04-04,RJP_0094,0,2025
2025-04-04 01:00:00+00:00,67.8,20.81,45.31,2.86,6,2025-04-04,RJP_0094,0,2025
2025-04-04 02:00:00+00:00,278.17,23.9,42.56,3.39,7,2025-04-04,RJP_0094,0,2025
2025-04-04 03:00:00+00:00,532.17,28.5,31.24,3.62,8,2025-04-04,RJP_0094,0,2025
2025-04-04 04:00:00+00:00,742.1,33.63,17.92,3.75,9,2025-04-04,RJP_0094,0,2025
2025-04-04 05:00:00+00:00,895.05,37.02,11.73,3.48,10,2025-04-04,RJP_0094,0,2025
2025-04-04 06:00:00+00:00,958.1,38.79,9.77,3.16,11,2025-04-04,RJP_0094,0,2025
2025-04-04 07:00:00+00:00,968.55,39.76,8.79,2.99,12,2025-04-04,RJP_0094,0,2025
2025-04-04 08:00:00+00:00,901.97,40.11,8.24,2.95,13,2025-04-04,RJP_0094,0,2025
2025-04-04 09:00:00+00:00,712.5,39.98,7.93,2.89,14,2025-04-04,RJP_0094,0,2025
2025-04-04 10:00:00+00:00,535.67,39.43,7.75,2.75,15,2025-04-04,RJP_0094,0,2025
2025-04-04 11:00:00+00:00,295.55,38.4,7.92,2.63,16,2025-04-04,RJP_0094,0,2025
2025-04-04 12:00:00+00:00,94.82,35.58,9.29,2.0,17,2025-04-04,RJP_0094,0,2025
2025-04-04 13:00:00+00:00,0.0,31.06,12.14,2.62,18,2025-04-04,RJP_0094,0,2025
2025-04-04 14:00:00+00:00,0.0,29.47,13.5,2.83,19,2025-04-04,RJP_0094,0,2025
2025-04-04 15:00:00+00:00,0.0,28.35,14.58,2.97,20,2025-04-04,RJP_0094,0,2025
2025-04-04 16:00:00+00:00,0.0,27.35,15.54,3.12,21,2025-04-04,RJP_0094,0,2025
2025-04-04 17:00:00+00:00,0.0,26.3,16.44,3.2,22,2025-04-04,RJP_0094,0,2025
2025-04-04 18:00:00+00:00,0.0,25.35,17.15,3.27,23,2025-04-04,RJP_0094,0,2025
2025-04-04 19:00:00+00:00,0.0,24.48,17.59,3.31,0,2025-04-05,RJP_0094,0,2025
2025-04-04 20:00:00+00:00,0.0,23.66,17.99,3.32,1,2025-04-05,RJP_0094,0,2025
2025-04-04 21:00:00+00:00,0.0,22.78,18.57,3.24,2,2025-04-05,RJP_0094,0,2025
2025-04-04 22:00:00+00:00,0.0,21.92,19.39,3.13,3,2025-04-05,RJP_0094,0,2025
2025-04-04 23:00:00+00:00,0.0,21.14,20.41,3.01,4,2025-04-05,RJP_0094,0,2025
2025-04-05 00:00:00+00:00,0.0,20.48,21.47,2.82,5,2025-04-05,RJP_0094,0,2025
2025-04-05 01:00:00+00:00,62.97,22.28,19.59,2.57,6,2025-04-05,RJP_0094,0,2025
2025-04-05 02:00:00+00:00,248.0,25.68,16.22,2.47,7,2025-04-05,RJP_0094,0,2025
2025-04-05 03:00:00+00:00,447.83,30.38,12.38,1.28,8,2025-04-05,RJP_0094,0,2025
2025-04-05 04:00:00+00:00,648.4,35.99,8.91,1.51,9,2025-04-05,RJP_0094,0,2025
2025-04-05 05:00:00+00:00,808.33,38.81,7.73,2.42,10,2025-04-05,RJP_0094,0,2025
2025-04-05 06:00:00+00:00,918.67,40.32,7.29,3.04,11,2025-04-05,RJP_0094,0,2025
2025-04-05 07:00:00+00:00,952.95,41.29,7.09,3.53,12,2025-04-05,RJP_0094,0,2025
2025-04-05 08:00:00+00:00,855.14,41.81,7.04,3.91,13,2025-04-05,RJP_0094,0,2025
2025-04-05 09:00:00+00:00,750.92,41.85,7.08,4.06,14,2025-04-05,RJP_0094,0,2025
2025-04-05 10:00:00+00:00,537.65,41.44,7.24,4.17,15,2025-04-05,RJP_0094,0,2025
2025-04-05 11:00:00+00:00,303.75,40.44,7.62,4.21,16,2025-04-05,RJP_0094,0,2025
2025-04-05 12:00:00+00:00,100.97,37.54,9.0,2.88,17,2025-04-05,RJP_0094,0,2025
2025-04-05 13:00:00+00:00,0.0,32.78,11.77,2.91,18,2025-04-05,RJP_0094,0,2025
2025-04-05 14:00:00+00:00,0.0,31.19,12.82,3.09,19,2025-04-05,RJP_0094,0,2025
2025-04-05 15:00:00+00:00,0.0,29.87,13.8,3.32,20,2025-04-05,RJP_0094,0,2025
2025-04-05 16:00:00+00:00,0.0,28.76,14.67,3.56,21,2025-04-05,RJP_0094,0,2025
2025-04-05 17:00:00+00:00,0.0,27.71,15.56,3.56,22,2025-04-05,RJP_0094,0,2025
2025-04-05 18:00:00+00:00,0.0,26.74,16.38,3.49,23,2025-04-05,RJP_0094,0,2025
2025-04-05 19:00:00+00:00,0.0,25.86,17.15,3.4,0,2025-04-06,RJP_0094,0,2025
2025-04-05 20:00:00+00:00,0.0,25.07,17.87,3.31,1,2025-04-06,RJP_0094,0,2025
2025-04-05 21:00:00+00:00,0.0,24.37,18.53,3.16,2,2025-04-06,RJP_0094,0,2025
2025-04-05 22:00:00+00:00,0.0,23.75,19.13,2.91,3,2025-04-06,RJP_0094,0,2025
2025-04-05 23:00:00+00:00,0.0,23.38,19.51,2.56,4,2025-04-06,RJP_0094,0,2025
2025-04-06 00:00:00+00:00,0.0,23.41,19.49,2.06,5,2025-04-06,RJP_0094,0,2025
2025-04-06 01:00:00+00:00,64.28,24.94,17.94,1.29,6,2025-04-06,RJP_0094,0,2025
2025-04-06 02:00:00+00:00,244.12,28.18,14.83,0.46,7,2025-04-06,RJP_0094,0,2025
2025-04-06 03:00:00+00:00,440.1,32.57,11.58,1.27,8,2025-04-06,RJP_0094,0,2025
2025-04-06 04:00:00+00:00,635.8,37.81,8.81,3.42,9,2025-04-06,RJP_0094,0,2025
2025-04-06 05:00:00+00:00,793.17,40.47,7.75,3.7,10,2025-04-06,RJP_0094,0,2025
2025-04-06 06:00:00+00:00,904.08,42.1,7.26,3.84,11,2025-04-06,RJP_0094,0,2025
2025-04-06 07:00:00+00:00,942.2,43.13,7.01,4.08,12,2025-04-06,RJP_0094,0,2025
2025-04-06 08:00:00+00:00,910.12,43.58,6.94,4.36,13,2025-04-06,RJP_0094,0,2025
2025-04-06 09:00:00+00:00,768.7,43.56,6.91,4.48,14,2025-04-06,RJP_0094,0,2025
2025-04-06 10:00:00+00:00,570.4,42.98,6.92,4.65,15,2025-04-06,RJP_0094,0,2025
2025-04-06 11:00:00+00:00,323.08,41.8,7.1,4.77,16,2025-04-06,RJP_0094,0,2025
2025-04-06 12:00:00+00:00,104.15,38.7,8.17,3.23,17,2025-04-06,RJP_0094,0,2025
2025-04-06 13:00:00+00:00,0.0,33.76,10.48,3.27,18,2025-04-06,RJP_0094,0,2025
2025-04-06 14:00:00+00:00,0.0,32.18,11.14,3.45,19,2025-04-06,RJP_0094,0,2025
2025-04-06 15:00:00+00:00,0.0,30.96,11.7,3.62,20,2025-04-06,RJP_0094,0,2025
2025-04-06 16:00:00+00:00,0.0,29.94,12.19,3.78,21,2025-04-06,RJP_0094,0,2025
2025-04-06 17:00:00+00:00,0.0,29.04,12.76,3.93,22,2025-04-06,RJP_0094,0,2025
2025-04-06 18:00:00+00:00,0.0,28.24,13.49,4.07,23,2025-04-06,RJP_0094,0,2025
2025-04-06 19:00:00+00:00,0.0,27.58,14.23,4.33,0,2025-04-07,RJP_0094,0,2025
2025-04-06 20:00:00+00:00,0.0,27.06,14.71,4.95,1,2025-04-07,RJP_0094,0,2025
2025-04-06 21:00:00+00:00,0.0,26.48,15.26,5.68,2,2025-04-07,RJP_0094,0,2025
2025-04-06 22:00:00+00:00,0.0,25.66,16.4,5.73,3,2025-04-07,RJP_0094,0,2025
2025-04-06 23:00:00+00:00,0.0,24.82,18.29,5.3,4,2025-04-07,RJP_0094,0,2025
2025-04-07 00:00:00+00:00,0.0,23.99,20.64,4.71,5,2025-04-07,RJP_0094,0,2025
2025-04-07 01:00:00+00:00,63.78,25.11,20.63,5.27,6,2025-04-07,RJP_0094,0,2025
2025-04-07 02:00:00+00:00,235.68,28.18,18.01,5.37,7,2025-04-07,RJP_0094,0,2025
2025-04-07 03:00:00+00:00,427.33,33.09,13.49,5.08,8,2025-04-07,RJP_0094,0,2025
2025-04-07 04:00:00+00:00,622.47,37.95,9.37,5.85,9,2025-04-07,RJP_0094,0,2025
2025-04-07 05:00:00+00:00,781.9,40.93,7.67,5.85,10,2025-04-07,RJP_0094,0,2025
2025-04-07 06:00:00+00:00,887.9,42.83,6.8,5.81,11,2025-04-07,RJP_0094,0,2025
2025-04-07 07:00:00+00:00,937.38,43.87,6.37,5.89,12,2025-04-07,RJP_0094,0,2025
2025-04-07 08:00:00+00:00,914.78,44.2,6.25,6.0,13,2025-04-07,RJP_0094,0,2025
2025-04-07 09:00:00+00:00,747.88,43.88,6.37,5.85,14,2025-04-07,RJP_0094,0,2025
2025-04-07 10:00:00+00:00,533.8,43.08,6.66,5.69,15,2025-04-07,RJP_0094,0,2025
2025-04-07 11:00:00+00:00,300.42,41.77,7.17,5.58,16,2025-04-07,RJP_0094,0,2025
2025-04-07 12:00:00+00:00,101.38,39.02,8.39,4.29,17,2025-04-07,RJP_0094,0,2025
2025-04-07 13:00:00+00:00,0.0,34.23,11.05,3.78,18,2025-04-07,RJP_0094,0,2025
2025-04-07 14:00:00+00:00,0.0,32.77,12.04,4.0,19,2025-04-07,RJP_0094,0,2025
2025-04-07 15:00:00+00:00,0.0,31.59,12.94,3.97,20,2025-04-07,RJP_0094,0,2025
2025-04-07 16:00:00+00:00,0.0,30.52,13.8,3.9,21,2025-04-07,RJP_0094,0,2025
2025-04-07 17:00:00+00:00,0.0,29.46,14.74,3.77,22,2025-04-07,RJP_0094,0,2025
2025-04-07 18:00:00+00:00,0.0,28.4,15.79,3.61,23,2025-04-07,RJP_0094,0,2025
2025-04-07 19:00:00+00:00,0.0,27.48,16.74,3.52,0,2025-04-08,RJP_0094,0,2025
2025-04-07 20:00:00+00:00,0.0,26.72,17.59,3.54,1,2025-04-08,RJP_0094,0,2025
2025-04-07 21:00:00+00:00,0.0,26.07,18.37,3.68,2,2025-04-08,RJP_0094,0,2025
2025-04-07 22:00:00+00:00,0.0,25.45,19.25,3.78,3,2025-04-08,RJP_0094,0,2025
2025-04-07 23:00:00+00:00,0.0,24.76,20.46,3.73,4,2025-04-08,RJP_0094,0,2025
2025-04-08 00:00:00+00:00,0.0,24.07,22.07,3.6,5,2025-04-08,RJP_0094,0,2025
2025-04-08 01:00:00+00:00,66.95,25.68,21.1,4.14,6,2025-04-08,RJP_0094,0,2025
2025-04-08 02:00:00+00:00,248.8,28.75,18.55,3.9,7,2025-04-08,RJP_0094,0,2025
2025-04-08 03:00:00+00:00,451.35,34.0,13.83,3.36,8,2025-04-08,RJP_0094,0,2025
2025-04-08 04:00:00+00:00,661.03,39.88,9.12,4.21,9,2025-04-08,RJP_0094,0,2025
2025-04-08 05:00:00+00:00,830.92,42.28,7.79,3.05,10,2025-04-08,RJP_0094,0,2025
2025-04-08 06:00:00+00:00,937.9,43.64,7.11,2.34,11,2025-04-08,RJP_0094,0,2025
2025-04-08 07:00:00+00:00,978.38,44.4,6.69,2.12,12,2025-04-08,RJP_0094,0,2025
2025-04-08 08:00:00+00:00,897.92,44.65,6.48,2.1,13,2025-04-08,RJP_0094,0,2025
2025-04-08 09:00:00+00:00,735.22,44.4,6.43,2.08,14,2025-04-08,RJP_0094,0,2025
2025-04-08 10:00:00+00:00,527.4,43.7,6.59,2.09,15,2025-04-08,RJP_0094,0,2025
2025-04-08 11:00:00+00:00,285.23,42.57,6.94,2.23,16,2025-04-08,RJP_0094,0,2025
2025-04-08 12:00:00+00:00,99.45,40.18,8.19,1.92,17,2025-04-08,RJP_0094,0,2025
2025-04-08 13:00:00+00:00,0.0,36.37,9.91,2.4,18,2025-04-08,RJP_0094,0,2025
2025-04-08 14:00:00+00:00,0.0,34.74,10.74,2.97,19,2025-04-08,RJP_0094,0,2025
2025-04-08 15:00:00+00:00,0.0,33.22,11.64,3.47,20,2025-04-08,RJP_0094,0,2025
2025-04-08 16:00:00+00:00,0.0,31.88,12.52,3.93,21,2025-04-08,RJP_0094,0,2025
2025-04-08 17:00:00+00:00,0.0,30.58,13.52,4.05,22,2025-04-08,RJP_0094,0,2025
2025-04-08 18:00:00+00:00,0.0,29.46,14.56,4.04,23,2025-04-08,RJP_0094,0,2025
2025-04-08 19:00:00+00:00,0.0,28.6,15.5,4.01,0,2025-04-09,RJP_0094,0,2025
2025-04-08 20:00:00+00:00,0.0,27.91,16.33,3.98,1,2025-04-09,RJP_0094,0,2025
2025-04-08 21:00:00+00:00,0.0,27.29,17.1,3.97,2,2025-04-09,RJP_0094,0,2025
2025-04-08 22:00:00+00:00,0.0,26.72,17.82,3.96,3,2025-04-09,RJP_0094,0,2025
2025-04-08 23:00:00+00:00,0.0,26.29,18.51,3.91,4,2025-04-09,RJP_0094,0,2025
2025-04-09 00:00:00+00:00,0.0,25.91,19.31,3.8,5,2025-04-09,RJP_0094,0,2025
2025-04-09 01:00:00+00:00,73.53,27.37,18.2,4.51,6,2025-04-09,RJP_0094,0,2025
2025-04-09 02:00:00+00:00,241.7,30.18,15.87,4.4,7,2025-04-09,RJP_0094,0,2025
2025-04-09 03:00:00+00:00,476.95,35.06,12.12,4.12,8,2025-04-09,RJP_0094,0,2025
2025-04-09 04:00:00+00:00,726.1,40.04,8.78,4.85,9,2025-04-09,RJP_0094,0,2025
2025-04-09 05:00:00+00:00,878.95,42.08,7.79,3.79,10,2025-04-09,RJP_0094,0,2025
2025-04-09 06:00:00+00:00,949.22,43.39,7.3,2.99,11,2025-04-09,RJP_0094,0,2025
2025-04-09 07:00:00+00:00,915.8,44.21,7.04,2.58,12,2025-04-09,RJP_0094,0,2025
2025-04-09 08:00:00+00:00,872.95,44.48,6.96,2.57,13,2025-04-09,RJP_0094,0,2025
2025-04-09 09:00:00+00:00,655.78,44.09,7.11,2.71,14,2025-04-09,RJP_0094,0,2025
2025-04-09 10:00:00+00:00,466.9,43.36,7.35,2.95,15,2025-04-09,RJP_0094,0,2025
2025-04-09 11:00:00+00:00,251.35,42.22,7.76,3.22,16,2025-04-09,RJP_0094,0,2025
2025-04-09 12:00:00+00:00,82.7,39.77,8.86,2.52,17,2025-04-09,RJP_0094,0,2025
2025-04-09 13:00:00+00:00,2.9,36.25,10.6,2.68,18,2025-04-09,RJP_0094,0,2025
2025-04-09 14:00:00+00:00,0.0,35.08,11.04,3.55,19,2025-04-09,RJP_0094,0,2025
2025-04-09 15:00:00+00:00,0.0,33.74,11.55,4.6,20,2025-04-09,RJP_0094,0,2025
2025-04-09 16:00:00+00:00,0.0,32.52,11.96,5.11,21,2025-04-09,RJP_0094,0,2025
2025-04-09 17:00:00+00:00,0.0,31.47,12.42,5.3,22,2025-04-09,RJP_0094,0,2025
2025-04-09 18:00:00+00:00,0.0,30.64,12.88,5.16,23,2025-04-09,RJP_0094,0,2025
2025-04-09 19:00:00+00:00,0.0,29.94,13.36,4.87,0,2025-04-10,RJP_0094,0,2025
2025-04-09 20:00:00+00:00,0.0,29.24,13.9,4.7,1,2025-04-10,RJP_0094,0,2025
2025-04-09 21:00:00+00:00,0.0,28.61,14.53,4.71,2,2025-04-10,RJP_0094,0,2025
2025-04-09 22:00:00+00:00,0.0,28.2,15.28,4.86,3,2025-04-10,RJP_0094,0,2025
2025-04-09 23:00:00+00:00,0.0,27.72,16.76,4.91,4,2025-04-10,RJP_0094,0,2025
2025-04-10 00:00:00+00:00,0.0,27.14,19.03,4.81,5,2025-04-10,RJP_0094,0,2025
2025-04-10 01:00:00+00:00,75.43,28.35,19.31,5.65,6,2025-04-10,RJP_0094,0,2025
2025-04-10 02:00:00+00:00,271.77,31.48,16.88,5.9,7,2025-04-10,RJP_0094,0,2025
2025-04-10 03:00:00+00:00,536.78,36.77,11.32,6.89,8,2025-04-10,RJP_0094,0,2025
2025-04-10 04:00:00+00:00,744.72,39.43,9.48,7.55,9,2025-04-10,RJP_0094,0,2025
2025-04-10 05:00:00+00:00,897.8,40.96,8.97,7.76,10,2025-04-10,RJP_0094,0,2025
2025-04-10 06:00:00+00:00,964.3,41.99,8.64,8.06,11,2025-04-10,RJP_0094,0,2025
2025-04-10 07:00:00+00:00,973.6,42.55,8.45,8.41,12,2025-04-10,RJP_0094,0,2025
2025-04-10 08:00:00+00:00,906.55,42.52,8.46,8.8,13,2025-04-10,RJP_0094,0,2025
2025-04-10 09:00:00+00:00,767.28,41.97,8.62,8.91,14,2025-04-10,RJP_0094,0,2025
2025-04-10 10:00:00+00:00,573.05,40.98,8.86,8.73,15,2025-04-10,RJP_0094,0,2025
2025-04-10 11:00:00+00:00,324.33,39.68,9.11,8.28,16,2025-04-10,RJP_0094,0,2025
2025-04-10 12:00:00+00:00,104.22,37.84,9.69,6.71,17,2025-04-10,RJP_0094,0,2025
2025-04-10 13:00:00+00:00,3.03,33.96,11.88,4.14,18,2025-04-10,RJP_0094,0,2025
2025-04-10 14:00:00+00:00,0.0,32.2,13.09,3.94,19,2025-04-10,RJP_0094,0,2025
2025-04-10 15:00:00+00:00,0.0,31.15,14.07,3.98,20,2025-04-10,RJP_0094,0,2025
2025-04-10 16:00:00+00:00,0.0,30.29,15.14,4.11,21,2025-04-10,RJP_0094,0,2025
2025-04-10 17:00:00+00:00,0.0,29.5,16.45,4.37,22,2025-04-10,RJP_0094,0,2025
2025-04-10 18:00:00+00:00,0.0,28.79,17.88,4.8,23,2025-04-10,RJP_0094,0,2025
2025-04-10 19:00:00+00:00,0.0,28.09,19.3,5.29,0,2025-04-11,RJP_0094,0,2025
2025-04-10 20:00:00+00:00,0.0,27.38,20.62,5.52,1,2025-04-11,RJP_0094,0,2025
2025-04-10 21:00:00+00:00,0.0,26.48,22.27,4.88,2,2025-04-11,RJP_0094,0,2025
2025-04-10 22:00:00+00:00,0.0,25.19,24.47,3.67,3,2025-04-11,RJP_0094,0,2025
2025-04-10 23:00:00+00:00,0.0,24.18,26.36,3.1,4,2025-04-11,RJP_0094,0,2025
2025-04-11 00:00:00+00:00,0.0,23.26,28.2,2.88,5,2025-04-11,RJP_0094,0,2025
2025-04-11 01:00:00+00:00,73.72,24.78,25.96,3.5,6,2025-04-11,RJP_0094,0,2025
2025-04-11 02:00:00+00:00,245.43,27.68,23.06,4.2,7,2025-04-11,RJP_0094,0,2025
2025-04-11 03:00:00+00:00,442.1,31.89,18.24,5.75,8,2025-04-11,RJP_0094,0,2025
2025-04-11 04:00:00+00:00,641.53,35.35,12.85,6.76,9,2025-04-11,RJP_0094,0,2025
2025-04-11 05:00:00+00:00,801.2,37.49,10.56,7.21,10,2025-04-11,RJP_0094,0,2025
2025-04-11 06:00:00+00:00,910.9,38.94,9.53,7.57,11,2025-04-11,RJP_0094,0,2025
2025-04-11 07:00:00+00:00,953.4,39.74,9.08,7.89,12,2025-04-11,RJP_0094,0,2025
2025-04-11 08:00:00+00:00,918.62,39.98,9.1,8.07,13,2025-04-11,RJP_0094,0,2025
2025-04-11 09:00:00+00:00,748.15,39.71,9.44,7.93,14,2025-04-11,RJP_0094,0,2025
2025-04-11 10:00:00+00:00,534.22,39.01,10.01,7.54,15,2025-04-11,RJP_0094,0,2025
2025-04-11 11:00:00+00:00,304.48,37.87,10.86,6.96,16,2025-04-11,RJP_0094,0,2025
2025-04-11 12:00:00+00:00,99.03,36.03,12.24,5.41,17,2025-04-11,RJP_0094,0,2025
2025-04-11 13:00:00+00:00,3.15,31.73,15.87,3.19,18,2025-04-11,RJP_0094,0,2025
2025-04-11 14:00:00+00:00,0.0,30.17,17.61,3.16,19,2025-04-11,RJP_0094,0,2025
2025-04-11 15:00:00+00:00,0.0,29.22,18.84,3.18,20,2025-04-11,RJP_0094,0,2025
2025-04-11 16:00:00+00:00,0.0,28.47,19.97,3.26,21,2025-04-11,RJP_0094,0,2025
2025-04-11 17:00:00+00:00,0.0,27.79,21.36,3.46,22,2025-04-11,RJP_0094,0,2025
2025-04-11 18:00:00+00:00,0.0,27.17,23.32,3.77,23,2025-04-11,RJP_0094,0,2025
2025-04-11 19:00:00+00:00,0.0,26.52,26.41,4.15,0,2025-04-12,RJP_0094,0,2025
2025-04-11 20:00:00+00:00,0.0,25.65,30.95,4.17,1,2025-04-12,RJP_0094,0,2025
2025-04-11 21:00:00+00:00,0.0,24.76,36.44,4.2,2,2025-04-12,RJP_0094,0,2025
2025-04-11 22:00:00+00:00,0.0,24.16,41.2,4.47,3,2025-04-12,RJP_0094,0,2025
2025-04-11 23:00:00+00:00,0.0,23.52,46.04,4.52,4,2025-04-12,RJP_0094,0,2025
2025-04-12 00:00:00+00:00,0.0,23.03,50.75,4.54,5,2025-04-12,RJP_0094,0,2025
2025-04-12 01:00:00+00:00,85.6,23.65,52.51,5.4,6,2025-04-12,RJP_0094,0,2025
2025-04-12 02:00:00+00:00,280.67,26.07,46.5,6.25,7,2025-04-12,RJP_0094,0,2025
2025-04-12 03:00:00+00:00,523.3,29.01,36.43,6.53,8,2025-04-12,RJP_0094,0,2025
2025-04-12 04:00:00+00:00,725.28,32.01,28.02,6.41,9,2025-04-12,RJP_0094,0,2025
2025-04-12 05:00:00+00:00,873.85,35.09,21.78,6.11,10,2025-04-12,RJP_0094,0,2025
2025-04-12 06:00:00+00:00,986.75,37.7,17.75,5.79,11,2025-04-12,RJP_0094,0,2025
2025-04-12 07:00:00+00:00,991.1,39.23,15.6,5.63,12,2025-04-12,RJP_0094,0,2025
2025-04-12 08:00:00+00:00,923.03,39.96,14.36,5.7,13,2025-04-12,RJP_0094,0,2025
2025-04-12 09:00:00+00:00,776.03,39.95,13.84,5.72,14,2025-04-12,RJP_0094,0,2025
2025-04-12 10:00:00+00:00,584.45,39.43,13.88,5.65,15,2025-04-12,RJP_0094,0,2025
2025-04-12 11:00:00+00:00,326.85,38.39,14.68,5.52,16,2025-04-12,RJP_0094,0,2025
2025-04-12 12:00:00+00:00,109.32,36.59,16.67,4.69,17,2025-04-12,RJP_0094,0,2025
2025-04-12 13:00:00+00:00,3.4,32.5,22.32,3.1,18,2025-04-12,RJP_0094,0,2025
2025-04-12 14:00:00+00:00,0.0,31.14,25.22,3.24,19,2025-04-12,RJP_0094,0,2025
2025-04-12 15:00:00+00:00,0.0,30.27,27.53,3.28,20,2025-04-12,RJP_0094,0,2025
2025-04-12 16:00:00+00:00,0.0,29.48,29.57,3.29,21,2025-04-12,RJP_0094,0,2025
2025-04-12 17:00:00+00:00,0.0,28.66,31.52,3.24,22,2025-04-12,RJP_0094,0,2025
2025-04-12 18:00:00+00:00,0.0,27.87,33.08,3.33,23,2025-04-12,RJP_0094,0,2025
2025-04-12 19:00:00+00:00,0.0,27.1,34.09,3.65,0,2025-04-13,RJP_0094,0,2025
2025-04-12 20:00:00+00:00,0.0,26.24,34.59,3.87,1,2025-04-13,RJP_0094,0,2025
2025-04-12 21:00:00+00:00,0.0,25.27,35.14,3.63,2,2025-04-13,RJP_0094,0,2025
2025-04-12 22:00:00+00:00,0.0,24.47,35.95,3.26,3,2025-04-13,RJP_0094,0,2025
2025-04-12 23:00:00+00:00,0.0,23.84,36.83,3.0,4,2025-04-13,RJP_0094,0,2025
2025-04-13 00:00:00+00:00,0.0,23.35,38.11,2.88,5,2025-04-13,RJP_0094,0,2025
2025-04-13 01:00:00+00:00,95.65,25.09,35.14,3.73,6,2025-04-13,RJP_0094,0,2025
2025-04-13 02:00:00+00:00,293.12,28.02,32.05,4.39,7,2025-04-13,RJP_0094,0,2025
2025-04-13 03:00:00+00:00,509.92,32.19,25.66,5.46,8,2025-04-13,RJP_0094,0,2025
2025-04-13 04:00:00+00:00,699.47,36.65,17.18,6.58,9,2025-04-13,RJP_0094,0,2025
2025-04-13 05:00:00+00:00,839.58,39.17,14.28,6.8,10,2025-04-13,RJP_0094,0,2025
2025-04-13 06:00:00+00:00,892.67,40.66,12.63,7.11,11,2025-04-13,RJP_0094,0,2025
2025-04-13 07:00:00+00:00,905.15,41.54,11.21,7.56,12,2025-04-13,RJP_0094,0,2025
2025-04-13 08:00:00+00:00,866.88,41.84,10.22,7.98,13,2025-04-13,RJP_0094,0,2025
2025-04-13 09:00:00+00:00,741.78,41.64,9.76,8.22,14,2025-04-13,RJP_0094,0,2025
2025-04-13 10:00:00+00:00,562.25,40.99,9.78,8.19,15,2025-04-13,RJP_0094,0,2025
2025-04-13 11:00:00+00:00,323.02,39.87,10.28,7.89,16,2025-04-13,RJP_0094,0,2025
2025-04-13 12:00:00+00:00,107.3,37.97,11.51,6.45,17,2025-04-13,RJP_0094,0,2025
2025-04-13 13:00:00+00:00,4.03,33.75,14.96,4.11,18,2025-04-13,RJP_0094,0,2025
2025-04-13 14:00:00+00:00,0.0,32.1,16.56,4.08,19,2025-04-13,RJP_0094,0,2025
2025-04-13 15:00:00+00:00,0.0,30.99,17.65,4.05,20,2025-04-13,RJP_0094,0,2025
2025-04-13 16:00:00+00:00,0.0,29.98,18.71,4.05,21,2025-04-13,RJP_0094,0,2025
2025-04-13 17:00:00+00:00,0.0,29.12,19.65,4.17,22,2025-04-13,RJP_0094,0,2025
2025-04-13 18:00:00+00:00,0.0,28.51,20.39,4.7,23,2025-04-13,RJP_0094,0,2025
2025-04-13 19:00:00+00:00,0.0,28.28,20.86,5.99,0,2025-04-14,RJP_0094,0,2025
2025-04-13 20:00:00+00:00,0.0,27.8,22.23,6.37,1,2025-04-14,RJP_0094,0,2025
2025-04-13 21:00:00+00:00,0.0,26.78,24.96,5.38,2,2025-04-14,RJP_0094,0,2025
2025-04-13 22:00:00+00:00,0.0,25.78,28.06,4.68,3,2025-04-14,RJP_0094,0,2025
2025-04-13 23:00:00+00:00,0.0,25.03,30.57,4.45,4,2025-04-14,RJP_0094,0,2025
2025-04-14 00:00:00+00:00,0.0,24.37,32.28,4.12,5,2025-04-14,RJP_0094,0,2025
2025-04-14 01:00:00+00:00,98.45,25.83,29.56,4.95,6,2025-04-14,RJP_0094,0,2025
2025-04-14 02:00:00+00:00,294.25,29.07,23.59,6.28,7,2025-04-14,RJP_0094,0,2025
2025-04-14 03:00:00+00:00,522.55,33.58,15.51,9.06,8,2025-04-14,RJP_0094,0,2025
2025-04-14 04:00:00+00:00,724.6,37.01,11.97,9.0,9,2025-04-14,RJP_0094,0,2025
2025-04-14 05:00:00+00:00,873.78,39.51,10.94,8.07,10,2025-04-14,RJP_0094,0,2025
2025-04-14 06:00:00+00:00,967.92,41.33,10.49,7.44,11,2025-04-14,RJP_0094,0,2025
2025-04-14 07:00:00+00:00,977.3,42.34,10.31,7.19,12,2025-04-14,RJP_0094,0,2025
2025-04-14 08:00:00+00:00,906.65,42.77,10.23,7.13,13,2025-04-14,RJP_0094,0,2025
2025-04-14 09:00:00+00:00,765.92,42.65,10.34,7.07,14,2025-04-14,RJP_0094,0,2025
2025-04-14 10:00:00+00:00,570.38,42.09,10.68,6.97,15,2025-04-14,RJP_0094,0,2025
2025-04-14 11:00:00+00:00,317.1,41.03,11.39,6.81,16,2025-04-14,RJP_0094,0,2025
2025-04-14 12:00:00+00:00,101.22,39.21,12.73,5.74,17,2025-04-14,RJP_0094,0,2025
2025-04-14 13:00:00+00:00,3.33,35.01,16.4,3.81,18,2025-04-14,RJP_0094,0,2025
2025-04-14 14:00:00+00:00,0.0,33.66,17.72,4.07,19,2025-04-14,RJP_0094,0,2025
2025-04-14 15:00:00+00:00,0.0,32.79,18.5,4.22,20,2025-04-14,RJP_0094,0,2025
2025-04-14 16:00:00+00:00,0.0,31.77,19.43,4.11,21,2025-04-14,RJP_0094,0,2025
2025-04-14 17:00:00+00:00,0.0,30.75,20.32,3.94,22,2025-04-14,RJP_0094,0,2025
2025-04-14 18:00:00+00:00,0.0,29.86,21.08,3.95,23,2025-04-14,RJP_0094,0,2025
2025-04-14 19:00:00+00:00,0.0,28.88,22.15,3.87,0,2025-04-15,RJP_0094,0,2025
2025-04-14 20:00:00+00:00,0.0,27.56,24.5,3.39,1,2025-04-15,RJP_0094,0,2025
2025-04-14 21:00:00+00:00,0.0,26.54,27.57,2.96,2,2025-04-15,RJP_0094,0,2025
2025-04-14 22:00:00+00:00,0.0,25.62,31.28,2.48,3,2025-04-15,RJP_0094,0,2025
2025-04-14 23:00:00+00:00,0.0,25.0,34.37,1.91,4,2025-04-15,RJP_0094,0,2025
2025-04-15 00:00:00+00:00,0.0,24.9,35.68,1.14,5,2025-04-15,RJP_0094,0,2025
2025-04-15 01:00:00+00:00,96.18,26.09,34.32,0.8,6,2025-04-15,RJP_0094,0,2025
2025-04-15 02:00:00+00:00,276.1,28.53,34.53,0.88,7,2025-04-15,RJP_0094,0,2025
2025-04-15 03:00:00+00:00,487.3,31.78,30.05,0.76,8,2025-04-15,RJP_0094,0,2025
2025-04-15 04:00:00+00:00,680.9,35.43,23.51,0.97,9,2025-04-15,RJP_0094,0,2025
2025-04-15 05:00:00+00:00,832.25,38.74,18.39,1.76,10,2025-04-15,RJP_0094,0,2025
2025-04-15 06:00:00+00:00,922.1,40.8,16.12,2.27,11,2025-04-15,RJP_0094,0,2025
2025-04-15 07:00:00+00:00,948.6,42.07,15.0,2.61,12,2025-04-15,RJP_0094,0,2025
2025-04-15 08:00:00+00:00,824.25,42.79,14.44,2.96,13,2025-04-15,RJP_0094,0,2025
2025-04-15 09:00:00+00:00,731.65,42.92,14.28,3.41,14,2025-04-15,RJP_0094,0,2025
2025-04-15 10:00:00+00:00,541.08,42.56,14.39,3.81,15,2025-04-15,RJP_0094,0,2025
2025-04-15 11:00:00+00:00,304.88,41.7,14.84,4.05,16,2025-04-15,RJP_0094,0,2025
2025-04-15 12:00:00+00:00,104.28,40.17,16.06,3.79,17,2025-04-15,RJP_0094,0,2025
2025-04-15 13:00:00+00:00,4.15,37.2,19.43,2.88,18,2025-04-15,RJP_0094,0,2025
2025-04-15 14:00:00+00:00,0.0,35.85,20.86,3.4,19,2025-04-15,RJP_0094,0,2025
2025-04-15 15:00:00+00:00,0.0,34.6,22.17,3.22,20,2025-04-15,RJP_0094,0,2025
2025-04-15 16:00:00+00:00,0.0,33.29,23.44,2.76,21,2025-04-15,RJP_0094,0,2025
2025-04-15 17:00:00+00:00,0.0,31.76,25.09,2.26,22,2025-04-15,RJP_0094,0,2025
2025-04-15 18:00:00+00:00,0.0,30.43,26.78,2.02,23,2025-04-15,RJP_0094,0,2025
2025-04-15 19:00:00+00:00,0.0,29.22,28.62,1.84,0,2025-04-16,RJP_0094,0,2025
2025-04-15 20:00:00+00:00,0.0,28.12,30.54,1.64,1,2025-04-16,RJP_0094,0,2025
2025-04-15 21:00:00+00:00,0.0,27.23,32.38,1.34,2,2025-04-16,RJP_0094,0,2025
2025-04-15 22:00:00+00:00,0.0,26.57,34.02,0.95,3,2025-04-16,RJP_0094,0,2025
2025-04-15 23:00:00+00:00,0.0,25.88,35.87,0.6,4,2025-04-16,RJP_0094,0,2025
2025-04-16 00:00:00+00:00,0.0,25.21,37.79,0.33,5,2025-04-16,RJP_0094,0,2025
2025-04-16 01:00:00+00:00,100.03,27.07,34.23,0.38,6,2025-04-16,RJP_0094,0,2025
2025-04-16 02:00:00+00:00,276.0,30.29,28.64,0.79,7,2025-04-16,RJP_0094,0,2025
2025-04-16 03:00:00+00:00,485.48,34.65,21.93,1.36,8,2025-04-16,RJP_0094,0,2025
2025-04-16 04:00:00+00:00,677.1,38.36,17.1,1.58,9,2025-04-16,RJP_0094,0,2025
2025-04-16 05:00:00+00:00,828.83,40.36,14.91,1.06,10,2025-04-16,RJP_0094,0,2025
2025-04-16 06:00:00+00:00,908.05,41.76,13.56,0.82,11,2025-04-16,RJP_0094,0,2025
2025-04-16 07:00:00+00:00,936.12,42.64,12.81,1.25,12,2025-04-16,RJP_0094,0,2025
2025-04-16 08:00:00+00:00,892.12,43.09,12.37,1.85,13,2025-04-16,RJP_0094,0,2025
2025-04-16 09:00:00+00:00,747.03,43.08,12.12,2.06,14,2025-04-16,RJP_0094,0,2025
2025-04-16 10:00:00+00:00,546.1,42.63,12.0,1.87,15,2025-04-16,RJP_0094,0,2025
2025-04-16 11:00:00+00:00,311.67,41.75,12.26,1.52,16,2025-04-16,RJP_0094,0,2025
2025-04-16 12:00:00+00:00,101.68,40.13,13.69,0.96,17,2025-04-16,RJP_0094,0,2025
2025-04-16 13:00:00+00:00,3.72,36.85,17.19,1.12,18,2025-04-16,RJP_0094,0,2025
2025-04-16 14:00:00+00:00,0.0,35.0,18.58,1.86,19,2025-04-16,RJP_0094,0,2025
2025-04-16 15:00:00+00:00,0.0,33.91,19.55,2.61,20,2025-04-16,RJP_0094,0,2025
2025-04-16 16:00:00+00:00,0.0,33.03,20.36,3.53,21,2025-04-16,RJP_0094,0,2025
2025-04-16 17:00:00+00:00,0.0,32.15,21.04,3.94,22,2025-04-16,RJP_0094,0,2025
2025-04-16 18:00:00+00:00,0.0,31.19,21.71,4.28,23,2025-04-16,RJP_0094,0,2025
2025-04-16 19:00:00+00:00,0.0,30.42,22.25,4.96,0,2025-04-17,RJP_0094,0,2025
2025-04-16 20:00:00+00:00,0.0,29.51,23.81,5.11,1,2025-04-17,RJP_0094,0,2025
2025-04-16 21:00:00+00:00,0.0,28.44,27.48,4.49,2,2025-04-17,RJP_0094,0,2025
2025-04-16 22:00:00+00:00,0.0,27.27,32.95,3.56,3,2025-04-17,RJP_0094,0,2025
2025-04-16 23:00:00+00:00,0.0,26.35,38.71,3.01,4,2025-04-17,RJP_0094,0,2025
2025-04-17 00:00:00+00:00,2.83,25.57,44.18,2.68,5,2025-04-17,RJP_0094,0,2025
2025-04-17 01:00:00+00:00,91.43,26.74,44.42,3.74,6,2025-04-17,RJP_0094,0,2025
2025-04-17 02:00:00+00:00,274.67,29.26,40.16,3.62,7,2025-04-17,RJP_0094,0,2025
2025-04-17 03:00:00+00:00,523.42,32.73,31.07,3.81,8,2025-04-17,RJP_0094,0,2025
2025-04-17 04:00:00+00:00,733.05,36.73,21.04,4.35,9,2025-04-17,RJP_0094,0,2025
2025-04-17 05:00:00+00:00,889.38,40.25,14.5,4.87,10,2025-04-17,RJP_0094,0,2025
2025-04-17 06:00:00+00:00,934.92,42.27,12.28,5.32,11,2025-04-17,RJP_0094,0,2025
2025-04-17 07:00:00+00:00,949.22,43.41,11.24,5.79,12,2025-04-17,RJP_0094,0,2025
2025-04-17 08:00:00+00:00,871.28,43.91,10.75,6.32,13,2025-04-17,RJP_0094,0,2025
2025-04-17 09:00:00+00:00,732.8,43.82,10.64,6.53,14,2025-04-17,RJP_0094,0,2025
2025-04-17 10:00:00+00:00,543.25,43.14,10.82,6.54,15,2025-04-17,RJP_0094,0,2025
2025-04-17 11:00:00+00:00,298.92,42.0,11.3,6.41,16,2025-04-17,RJP_0094,0,2025
2025-04-17 12:00:00+00:00,99.5,40.21,12.28,5.58,17,2025-04-17,RJP_0094,0,2025
2025-04-17 13:00:00+00:00,3.85,36.21,15.36,3.6,18,2025-04-17,RJP_0094,0,2025
2025-04-17 14:00:00+00:00,0.0,34.56,16.66,3.71,19,2025-04-17,RJP_0094,0,2025
2025-04-17 15:00:00+00:00,0.0,33.59,17.27,3.96,20,2025-04-17,RJP_0094,0,2025
2025-04-17 16:00:00+00:00,0.0,32.67,17.69,4.14,21,2025-04-17,RJP_0094,0,2025
2025-04-17 17:00:00+00:00,0.0,31.78,17.91,4.28,22,2025-04-17,RJP_0094,0,2025
2025-04-17 18:00:00+00:00,0.0,31.01,17.99,4.68,23,2025-04-17,RJP_0094,0,2025
2025-04-17 19:00:00+00:00,0.0,30.35,18.21,5.62,0,2025-04-18,RJP_0094,0,2025
2025-04-17 20:00:00+00:00,0.0,29.58,19.29,6.09,1,2025-04-18,RJP_0094,0,2025
2025-04-17 21:00:00+00:00,0.0,28.45,22.22,4.97,2,2025-04-18,RJP_0094,0,2025
2025-04-17 22:00:00+00:00,0.0,27.21,26.63,3.82,3,2025-04-18,RJP_0094,0,2025
2025-04-17 23:00:00+00:00,0.0,26.18,31.26,3.28,4,2025-04-18,RJP_0094,0,2025
2025-04-18 00:00:00+00:00,3.28,25.35,36.15,3.14,5,2025-04-18,RJP_0094,0,2025
2025-04-18 01:00:00+00:00,104.97,26.73,36.6,4.23,6,2025-04-18,RJP_0094,0,2025
2025-04-18 02:00:00+00:00,305.5,29.64,32.51,4.32,7,2025-04-18,RJP_0094,0,2025
2025-04-18 03:00:00+00:00,534.05,34.4,22.09,5.77,8,2025-04-18,RJP_0094,0,2025
2025-04-18 04:00:00+00:00,736.95,39.23,12.32,7.2,9,2025-04-18,RJP_0094,0,2025
2025-04-18 05:00:00+00:00,888.6,41.83,9.41,7.08,10,2025-04-18,RJP_0094,0,2025
2025-04-18 06:00:00+00:00,976.8,43.33,8.44,6.91,11,2025-04-18,RJP_0094,0,2025
2025-04-18 07:00:00+00:00,995.47,44.12,8.16,6.92,12,2025-04-18,RJP_0094,0,2025
2025-04-18 08:00:00+00:00,909.45,44.3,8.25,7.01,13,2025-04-18,RJP_0094,0,2025
2025-04-18 09:00:00+00:00,755.9,43.96,8.56,7.07,14,2025-04-18,RJP_0094,0,2025
2025-04-18 10:00:00+00:00,551.03,43.13,9.12,7.13,15,2025-04-18,RJP_0094,0,2025
2025-04-18 11:00:00+00:00,321.1,41.77,9.97,7.15,16,2025-04-18,RJP_0094,0,2025
2025-04-18 12:00:00+00:00,111.72,39.8,11.2,6.53,17,2025-04-18,RJP_0094,0,2025
2025-04-18 13:00:00+00:00,4.93,35.89,14.06,4.47,18,2025-04-18,RJP_0094,0,2025
2025-04-18 14:00:00+00:00,0.0,34.18,15.32,4.56,19,2025-04-18,RJP_0094,0,2025
2025-04-18 15:00:00+00:00,0.0,33.13,15.74,4.66,20,2025-04-18,RJP_0094,0,2025
2025-04-18 16:00:00+00:00,0.0,32.11,15.97,4.8,21,2025-04-18,RJP_0094,0,2025
2025-04-18 17:00:00+00:00,0.0,31.27,16.13,5.44,22,2025-04-18,RJP_0094,0,2025
2025-04-18 18:00:00+00:00,0.0,30.48,16.66,6.39,23,2025-04-18,RJP_0094,0,2025
2025-04-18 19:00:00+00:00,0.0,29.54,17.99,6.41,0,2025-04-19,RJP_0094,0,2025
2025-04-18 20:00:00+00:00,0.0,28.41,20.44,5.55,1,2025-04-19,RJP_0094,0,2025
2025-04-18 21:00:00+00:00,0.0,27.12,23.76,4.21,2,2025-04-19,RJP_0094,0,2025
2025-04-18 22:00:00+00:00,0.0,26.01,27.07,3.43,3,2025-04-19,RJP_0094,0,2025
2025-04-18 23:00:00+00:00,0.0,25.07,30.0,3.07,4,2025-04-19,RJP_0094,0,2025
2025-04-19 00:00:00+00:00,3.55,24.25,32.54,2.82,5,2025-04-19,RJP_0094,0,2025
2025-04-19 01:00:00+00:00,110.5,26.33,29.36,3.41,6,2025-04-19,RJP_0094,0,2025
2025-04-19 02:00:00+00:00,314.95,29.47,24.39,3.82,7,2025-04-19,RJP_0094,0,2025
2025-04-19 03:00:00+00:00,545.95,34.3,15.67,6.52,8,2025-04-19,RJP_0094,0,2025
2025-04-19 04:00:00+00:00,749.85,37.41,11.85,8.07,9,2025-04-19,RJP_0094,0,2025
2025-04-19 05:00:00+00:00,906.55,39.04,10.54,8.7,10,2025-04-19,RJP_0094,0,2025
2025-04-19 06:00:00+00:00,991.75,40.18,9.58,8.99,11,2025-04-19,RJP_0094,0,2025
2025-04-19 07:00:00+00:00,1016.35,40.86,9.07,9.12,12,2025-04-19,RJP_0094,0,2025
2025-04-19 08:00:00+00:00,912.53,41.1,8.99,9.17,13,2025-04-19,RJP_0094,0,2025
2025-04-19 09:00:00+00:00,751.28,40.9,9.31,8.96,14,2025-04-19,RJP_0094,0,2025
2025-04-19 10:00:00+00:00,544.35,40.24,9.89,8.71,15,2025-04-19,RJP_0094,0,2025
2025-04-19 11:00:00+00:00,312.62,39.09,10.56,8.41,16,2025-04-19,RJP_0094,0,2025
2025-04-19 12:00:00+00:00,105.1,37.36,11.54,7.38,17,2025-04-19,RJP_0094,0,2025
2025-04-19 13:00:00+00:00,4.38,33.65,14.47,4.46,18,2025-04-19,RJP_0094,0,2025
2025-04-19 14:00:00+00:00,0.0,31.65,16.5,4.01,19,2025-04-19,RJP_0094,0,2025
2025-04-19 15:00:00+00:00,0.0,30.61,17.8,4.05,20,2025-04-19,RJP_0094,0,2025
2025-04-19 16:00:00+00:00,0.0,29.82,18.89,4.26,21,2025-04-19,RJP_0094,0,2025
2025-04-19 17:00:00+00:00,0.0,29.2,19.77,4.69,22,2025-04-19,RJP_0094,0,2025
2025-04-19 18:00:00+00:00,0.0,28.27,21.07,4.91,23,2025-04-19,RJP_0094,0,2025
2025-04-19 19:00:00+00:00,0.0,27.19,22.78,4.92,0,2025-04-20,RJP_0094,0,2025
2025-04-19 20:00:00+00:00,0.0,26.08,25.04,4.67,1,2025-04-20,RJP_0094,0,2025
2025-04-19 21:00:00+00:00,0.0,24.62,28.26,3.71,2,2025-04-20,RJP_0094,0,2025
2025-04-19 22:00:00+00:00,0.0,23.37,31.91,3.14,3,2025-04-20,RJP_0094,0,2025
2025-04-19 23:00:00+00:00,0.0,22.3,36.19,2.76,4,2025-04-20,RJP_0094,0,2025
2025-04-20 00:00:00+00:00,4.1,21.45,40.49,2.5,5,2025-04-20,RJP_0094,0,2025
2025-04-20 01:00:00+00:00,103.85,23.56,39.26,3.01,6,2025-04-20,RJP_0094,0,2025
2025-04-20 02:00:00+00:00,280.35,26.32,41.09,3.45,7,2025-04-20,RJP_0094,0,2025
2025-04-20 03:00:00+00:00,534.5,30.4,28.77,4.28,8,2025-04-20,RJP_0094,0,2025
2025-04-20 04:00:00+00:00,793.47,34.28,17.22,5.28,9,2025-04-20,RJP_0094,0,2025
2025-04-20 05:00:00+00:00,938.4,36.31,14.54,5.74,10,2025-04-20,RJP_0094,0,2025
2025-04-20 06:00:00+00:00,1025.88,37.84,13.21,6.19,11,2025-04-20,RJP_0094,0,2025
2025-04-20 07:00:00+00:00,1025.03,38.92,12.56,6.58,12,2025-04-20,RJP_0094,0,2025
2025-04-20 08:00:00+00:00,950.95,39.55,12.37,6.82,13,2025-04-20,RJP_0094,0,2025
2025-04-20 09:00:00+00:00,807.62,39.65,12.49,6.78,14,2025-04-20,RJP_0094,0,2025
2025-04-20 10:00:00+00:00,574.03,39.29,12.61,6.71,15,2025-04-20,RJP_0094,0,2025
2025-04-20 11:00:00+00:00,325.67,38.38,13.06,6.62,16,2025-04-20,RJP_0094,0,2025
2025-04-20 12:00:00+00:00,110.97,36.77,14.11,5.81,17,2025-04-20,RJP_0094,0,2025
2025-04-20 13:00:00+00:00,4.57,32.95,17.57,3.72,18,2025-04-20,RJP_0094,0,2025
2025-04-20 14:00:00+00:00,0.0,31.33,19.13,3.84,19,2025-04-20,RJP_0094,0,2025
2025-04-20 15:00:00+00:00,0.0,30.26,19.74,3.91,20,2025-04-20,RJP_0094,0,2025
2025-04-20 16:00:00+00:00,0.0,29.22,19.97,3.86,21,2025-04-20,RJP_0094,0,2025
2025-04-20 17:00:00+00:00,0.0,28.19,19.83,3.77,22,2025-04-20,RJP_0094,0,2025
2025-04-20 18:00:00+00:00,0.0,27.2,19.46,3.69,23,2025-04-20,RJP_0094,0,2025
2025-04-20 19:00:00+00:00,0.0,26.24,19.09,3.61,0,2025-04-21,RJP_0094,0,2025
2025-04-20 20:00:00+00:00,0.0,25.33,18.89,3.55,1,2025-04-21,RJP_0094,0,2025
2025-04-20 21:00:00+00:00,0.0,24.46,19.03,3.46,2,2025-04-21,RJP_0094,0,2025
2025-04-20 22:00:00+00:00,0.0,23.68,19.47,3.39,3,2025-04-21,RJP_0094,0,2025
2025-04-20 23:00:00+00:00,0.0,23.04,20.8,3.31,4,2025-04-21,RJP_0094,0,2025
2025-04-21 00:00:00+00:00,3.8,22.58,23.56,3.19,5,2025-04-21,RJP_0094,0,2025
2025-04-21 01:00:00+00:00,97.88,24.97,23.17,3.61,6,2025-04-21,RJP_0094,0,2025
2025-04-21 02:00:00+00:00,270.95,28.18,21.19,3.74,7,2025-04-21,RJP_0094,0,2025
2025-04-21 03:00:00+00:00,479.23,33.69,14.83,4.04,8,2025-04-21,RJP_0094,0,2025
2025-04-21 04:00:00+00:00,674.2,36.55,11.83,3.9,9,2025-04-21,RJP_0094,0,2025
2025-04-21 05:00:00+00:00,830.78,38.18,10.59,3.99,10,2025-04-21,RJP_0094,0,2025
2025-04-21 06:00:00+00:00,958.7,39.64,9.66,4.34,11,2025-04-21,RJP_0094,0,2025
2025-04-21 07:00:00+00:00,990.67,40.58,9.18,4.78,12,2025-04-21,RJP_0094,0,2025
2025-04-21 08:00:00+00:00,951.12,41.02,9.02,5.24,13,2025-04-21,RJP_0094,0,2025
2025-04-21 09:00:00+00:00,788.42,40.96,9.08,5.36,14,2025-04-21,RJP_0094,0,2025
2025-04-21 10:00:00+00:00,573.78,40.5,9.3,5.26,15,2025-04-21,RJP_0094,0,2025
2025-04-21 11:00:00+00:00,331.23,39.49,9.77,5.08,16,2025-04-21,RJP_0094,0,2025
2025-04-21 12:00:00+00:00,111.1,37.72,10.76,4.17,17,2025-04-21,RJP_0094,0,2025
2025-04-21 13:00:00+00:00,4.82,32.94,14.51,3.0,18,2025-04-21,RJP_0094,0,2025
2025-04-21 14:00:00+00:00,0.0,31.19,16.03,3.2,19,2025-04-21,RJP_0094,0,2025
2025-04-21 15:00:00+00:00,0.0,30.08,16.83,3.27,20,2025-04-21,RJP_0094,0,2025
2025-04-21 16:00:00+00:00,0.0,29.07,17.31,3.3,21,2025-04-21,RJP_0094,0,2025
2025-04-21 17:00:00+00:00,0.0,28.1,17.7,3.29,22,2025-04-21,RJP_0094,0,2025
2025-04-21 18:00:00+00:00,0.0,27.2,17.96,3.27,23,2025-04-21,RJP_0094,0,2025
2025-04-21 19:00:00+00:00,0.0,26.37,18.21,3.24,0,2025-04-22,RJP_0094,0,2025
2025-04-21 20:00:00+00:00,0.0,25.59,18.5,3.21,1,2025-04-22,RJP_0094,0,2025
2025-04-21 21:00:00+00:00,0.0,24.88,18.7,3.09,2,2025-04-22,RJP_0094,0,2025
2025-04-21 22:00:00+00:00,0.0,24.25,18.65,2.9,3,2025-04-22,RJP_0094,0,2025
2025-04-21 23:00:00+00:00,0.0,23.77,18.19,2.69,4,2025-04-22,RJP_0094,0,2025
2025-04-22 00:00:00+00:00,4.8,23.52,17.4,2.41,5,2025-04-22,RJP_0094,0,2025
2025-04-22 01:00:00+00:00,119.47,25.77,14.8,1.88,6,2025-04-22,RJP_0094,0,2025
2025-04-22 02:00:00+00:00,328.77,29.31,11.04,1.68,7,2025-04-22,RJP_0094,0,2025
2025-04-22 03:00:00+00:00,554.5,34.48,7.67,1.84,8,2025-04-22,RJP_0094,0,2025
2025-04-22 04:00:00+00:00,754.15,38.12,6.22,2.5,9,2025-04-22,RJP_0094,0,2025
2025-04-22 05:00:00+00:00,903.7,39.94,5.57,2.77,10,2025-04-22,RJP_0094,0,2025
2025-04-22 06:00:00+00:00,993.58,41.39,5.0,3.15,11,2025-04-22,RJP_0094,0,2025
2025-04-22 07:00:00+00:00,1009.9,42.45,4.63,3.66,12,2025-04-22,RJP_0094,0,2025
2025-04-22 08:00:00+00:00,953.03,43.0,4.55,4.18,13,2025-04-22,RJP_0094,0,2025
2025-04-22 09:00:00+00:00,775.4,42.96,4.62,4.32,14,2025-04-22,RJP_0094,0,2025
2025-04-22 10:00:00+00:00,559.88,42.38,4.76,4.33,15,2025-04-22,RJP_0094,0,2025
2025-04-22 11:00:00+00:00,324.85,41.26,5.05,4.34,16,2025-04-22,RJP_0094,0,2025
2025-04-22 12:00:00+00:00,115.07,38.96,5.87,3.35,17,2025-04-22,RJP_0094,0,2025
2025-04-22 13:00:00+00:00,5.35,33.52,8.51,2.96,18,2025-04-22,RJP_0094,0,2025
2025-04-22 14:00:00+00:00,0.0,31.55,9.38,3.16,19,2025-04-22,RJP_0094,0,2025
2025-04-22 15:00:00+00:00,0.0,30.22,9.77,3.28,20,2025-04-22,RJP_0094,0,2025
2025-04-22 16:00:00+00:00,0.0,28.96,9.85,3.39,21,2025-04-22,RJP_0094,0,2025
2025-04-22 17:00:00+00:00,0.0,27.74,9.82,3.45,22,2025-04-22,RJP_0094,0,2025
2025-04-22 18:00:00+00:00,0.0,26.65,9.84,3.45,23,2025-04-22,RJP_0094,0,2025
2025-04-22 19:00:00+00:00,0.0,25.71,10.11,3.39,0,2025-04-23,RJP_0094,0,2025
2025-04-22 20:00:00+00:00,0.0,24.93,10.53,3.28,1,2025-04-23,RJP_0094,0,2025
2025-04-22 21:00:00+00:00,0.0,24.35,10.9,3.1,2,2025-04-23,RJP_0094,0,2025
2025-04-22 22:00:00+00:00,0.0,23.97,11.2,2.89,3,2025-04-23,RJP_0094,0,2025
2025-04-22 23:00:00+00:00,0.0,23.66,11.42,2.74,4,2025-04-23,RJP_0094,0,2025
2025-04-23 00:00:00+00:00,5.12,23.39,11.61,2.62,5,2025-04-23,RJP_0094,0,2025
2025-04-23 01:00:00+00:00,118.95,26.0,10.22,2.28,6,2025-04-23,RJP_0094,0,2025
2025-04-23 02:00:00+00:00,343.2,30.34,7.47,2.75,7,2025-04-23,RJP_0094,0,2025
2025-04-23 03:00:00+00:00,565.7,35.54,5.61,2.81,8,2025-04-23,RJP_0094,0,2025
2025-04-23 04:00:00+00:00,769.22,38.95,4.84,2.79,9,2025-04-23,RJP_0094,0,2025
2025-04-23 05:00:00+00:00,924.92,40.55,4.54,2.82,10,2025-04-23,RJP_0094,0,2025
2025-04-23 06:00:00+00:00,1019.0,41.8,4.29,3.15,11,2025-04-23,RJP_0094,0,2025
2025-04-23 07:00:00+00:00,1032.22,42.64,4.11,3.62,12,2025-04-23,RJP_0094,0,2025
2025-04-23 08:00:00+00:00,969.25,43.07,4.04,4.15,13,2025-04-23,RJP_0094,0,2025
2025-04-23 09:00:00+00:00,815.65,42.98,4.05,4.38,14,2025-04-23,RJP_0094,0,2025
2025-04-23 10:00:00+00:00,604.35,42.43,4.13,4.46,15,2025-04-23,RJP_0094,0,2025
2025-04-23 11:00:00+00:00,358.65,41.33,4.32,4.5,16,2025-04-23,RJP_0094,0,2025
2025-04-23 12:00:00+00:00,125.68,39.02,4.86,3.47,17,2025-04-23,RJP_0094,0,2025
2025-04-23 13:00:00+00:00,5.43,33.44,6.75,3.14,18,2025-04-23,RJP_0094,0,2025
2025-04-23 14:00:00+00:00,0.0,31.38,7.01,3.38,19,2025-04-23,RJP_0094,0,2025
2025-04-23 15:00:00+00:00,0.0,30.01,6.97,3.52,20,2025-04-23,RJP_0094,0,2025
2025-04-23 16:00:00+00:00,0.0,28.79,6.89,3.64,21,2025-04-23,RJP_0094,0,2025
2025-04-23 17:00:00+00:00,0.0,27.67,6.93,3.68,22,2025-04-23,RJP_0094,0,2025
2025-04-23 18:00:00+00:00,0.0,26.69,7.03,3.7,23,2025-04-23,RJP_0094,0,2025
2025-04-23 19:00:00+00:00,0.0,25.83,7.3,3.72,0,2025-04-24,RJP_0094,0,2025
2025-04-23 20:00:00+00:00,0.0,25.08,7.63,3.72,1,2025-04-24,RJP_0094,0,2025
2025-04-23 21:00:00+00:00,0.0,24.37,8.11,3.63,2,2025-04-24,RJP_0094,0,2025
2025-04-23 22:00:00+00:00,0.0,23.69,8.77,3.44,3,2025-04-24,RJP_0094,0,2025
2025-04-23 23:00:00+00:00,0.0,23.22,9.4,3.17,4,2025-04-24,RJP_0094,0,2025
2025-04-24 00:00:00+00:00,5.47,23.08,9.93,2.84,5,2025-04-24,RJP_0094,0,2025
2025-04-24 01:00:00+00:00,123.7,26.01,8.89,2.24,6,2025-04-24,RJP_0094,0,2025
2025-04-24 02:00:00+00:00,331.1,29.95,6.82,1.98,7,2025-04-24,RJP_0094,0,2025
2025-04-24 03:00:00+00:00,560.65,34.95,5.89,2.74,8,2025-04-24,RJP_0094,0,2025
2025-04-24 04:00:00+00:00,763.83,39.04,5.32,3.24,9,2025-04-24,RJP_0094,0,2025
2025-04-24 05:00:00+00:00,917.12,40.76,4.91,3.23,10,2025-04-24,RJP_0094,0,2025
2025-04-24 06:00:00+00:00,1012.38,41.96,4.76,3.66,11,2025-04-24,RJP_0094,0,2025
2025-04-24 07:00:00+00:00,1034.5,42.7,4.77,4.15,12,2025-04-24,RJP_0094,0,2025
2025-04-24 08:00:00+00:00,935.33,42.97,4.86,4.6,13,2025-04-24,RJP_0094,0,2025
2025-04-24 09:00:00+00:00,774.83,42.8,5.03,4.81,14,2025-04-24,RJP_0094,0,2025
2025-04-24 10:00:00+00:00,567.0,42.15,5.4,5.05,15,2025-04-24,RJP_0094,0,2025
2025-04-24 11:00:00+00:00,334.6,40.96,6.03,5.3,16,2025-04-24,RJP_0094,0,2025
2025-04-24 12:00:00+00:00,119.68,39.0,7.12,4.87,17,2025-04-24,RJP_0094,0,2025
2025-04-24 13:00:00+00:00,5.78,34.06,10.15,3.57,18,2025-04-24,RJP_0094,0,2025
2025-04-24 14:00:00+00:00,0.0,32.31,11.85,3.96,19,2025-04-24,RJP_0094,0,2025
2025-04-24 15:00:00+00:00,0.0,31.34,13.03,4.2,20,2025-04-24,RJP_0094,0,2025
2025-04-24 16:00:00+00:00,0.0,30.4,14.04,4.32,21,2025-04-24,RJP_0094,0,2025
2025-04-24 17:00:00+00:00,0.0,29.45,14.94,4.33,22,2025-04-24,RJP_0094,0,2025
2025-04-24 18:00:00+00:00,0.0,28.53,15.76,4.25,23,2025-04-24,RJP_0094,0,2025
2025-04-24 19:00:00+00:00,0.0,27.64,16.59,4.14,0,2025-04-25,RJP_0094,0,2025
2025-04-24 20:00:00+00:00,0.0,26.74,17.48,4.01,1,2025-04-25,RJP_0094,0,2025
2025-04-24 21:00:00+00:00,0.0,25.78,18.68,3.75,2,2025-04-25,RJP_0094,0,2025
2025-04-24 22:00:00+00:00,0.0,24.73,20.39,3.45,3,2025-04-25,RJP_0094,0,2025
2025-04-24 23:00:00+00:00,0.0,23.74,22.44,3.2,4,2025-04-25,RJP_0094,0,2025
2025-04-25 00:00:00+00:00,6.12,22.96,24.36,2.97,5,2025-04-25,RJP_0094,0,2025
2025-04-25 01:00:00+00:00,130.02,25.77,21.16,3.1,6,2025-04-25,RJP_0094,0,2025
2025-04-25 02:00:00+00:00,334.77,29.11,17.65,2.96,7,2025-04-25,RJP_0094,0,2025
2025-04-25 03:00:00+00:00,560.65,34.44,12.26,3.34,8,2025-04-25,RJP_0094,0,2025
2025-04-25 04:00:00+00:00,763.08,38.51,8.63,3.66,9,2025-04-25,RJP_0094,0,2025
2025-04-25 05:00:00+00:00,918.92,40.42,7.33,3.84,10,2025-04-25,RJP_0094,0,2025
2025-04-25 06:00:00+00:00,988.5,41.8,6.49,4.41,11,2025-04-25,RJP_0094,0,2025
2025-04-25 07:00:00+00:00,1014.55,42.61,6.04,5.15,12,2025-04-25,RJP_0094,0,2025
2025-04-25 08:00:00+00:00,942.58,42.89,5.86,5.89,13,2025-04-25,RJP_0094,0,2025
2025-04-25 09:00:00+00:00,752.45,42.65,5.89,6.29,14,2025-04-25,RJP_0094,0,2025
2025-04-25 10:00:00+00:00,534.25,41.92,6.16,6.46,15,2025-04-25,RJP_0094,0,2025
2025-04-25 11:00:00+00:00,315.0,40.69,6.61,6.47,16,2025-04-25,RJP_0094,0,2025
2025-04-25 12:00:00+00:00,115.72,38.8,7.47,5.76,17,2025-04-25,RJP_0094,0,2025
2025-04-25 13:00:00+00:00,5.2,34.04,10.31,3.75,18,2025-04-25,RJP_0094,0,2025
2025-04-25 14:00:00+00:00,0.0,32.07,12.2,3.97,19,2025-04-25,RJP_0094,0,2025
2025-04-25 15:00:00+00:00,0.0,31.0,13.7,4.15,20,2025-04-25,RJP_0094,0,2025
2025-04-25 16:00:00+00:00,0.0,30.01,14.98,4.24,21,2025-04-25,RJP_0094,0,2025
2025-04-25 17:00:00+00:00,0.0,28.99,16.04,4.22,22,2025-04-25,RJP_0094,0,2025
2025-04-25 18:00:00+00:00,0.0,27.91,16.91,4.11,23,2025-04-25,RJP_0094,0,2025
2025-04-25 19:00:00+00:00,0.0,26.79,17.83,3.9,0,2025-04-26,RJP_0094,0,2025
2025-04-25 20:00:00+00:00,0.0,25.6,19.17,3.63,1,2025-04-26,RJP_0094,0,2025
2025-04-25 21:00:00+00:00,0.0,24.43,21.2,3.31,2,2025-04-26,RJP_0094,0,2025
2025-04-25 22:00:00+00:00,0.0,23.38,24.25,3.09,3,2025-04-26,RJP_0094,0,2025
2025-04-25 23:00:00+00:00,0.0,22.53,28.66,2.95,4,2025-04-26,RJP_0094,0,2025
2025-04-26 00:00:00+00:00,6.07,21.88,34.44,2.85,5,2025-04-26,RJP_0094,0,2025
2025-04-26 01:00:00+00:00,122.88,24.15,34.51,3.86,6,2025-04-26,RJP_0094,0,2025
2025-04-26 02:00:00+00:00,325.0,27.34,29.61,3.9,7,2025-04-26,RJP_0094,0,2025
2025-04-26 03:00:00+00:00,550.2,31.94,22.04,4.6,8,2025-04-26,RJP_0094,0,2025
2025-04-26 04:00:00+00:00,750.6,36.47,15.38,5.26,9,2025-04-26,RJP_0094,0,2025
2025-04-26 05:00:00+00:00,902.42,39.46,11.8,5.32,10,2025-04-26,RJP_0094,0,2025
2025-04-26 06:00:00+00:00,979.0,41.03,10.75,5.22,11,2025-04-26,RJP_0094,0,2025
2025-04-26 07:00:00+00:00,863.62,41.9,10.27,5.26,12,2025-04-26,RJP_0094,0,2025
2025-04-26 08:00:00+00:00,777.38,42.2,10.01,5.41,13,2025-04-26,RJP_0094,0,2025
2025-04-26 09:00:00+00:00,708.47,41.91,10.02,5.75,14,2025-04-26,RJP_0094,0,2025
2025-04-26 10:00:00+00:00,535.2,41.15,10.25,6.1,15,2025-04-26,RJP_0094,0,2025
2025-04-26 11:00:00+00:00,292.75,39.96,10.75,6.32,16,2025-04-26,RJP_0094,0,2025
2025-04-26 12:00:00+00:00,109.22,38.31,11.69,5.91,17,2025-04-26,RJP_0094,0,2025
2025-04-26 13:00:00+00:00,5.82,34.62,14.39,3.68,18,2025-04-26,RJP_0094,0,2025
2025-04-26 14:00:00+00:00,0.0,32.73,16.13,3.67,19,2025-04-26,RJP_0094,0,2025
2025-04-26 15:00:00+00:00,0.0,31.58,17.43,3.73,20,2025-04-26,RJP_0094,0,2025
2025-04-26 16:00:00+00:00,0.0,30.39,18.87,3.56,21,2025-04-26,RJP_0094,0,2025
2025-04-26 17:00:00+00:00,0.0,29.3,20.29,3.37,22,2025-04-26,RJP_0094,0,2025
2025-04-26 18:00:00+00:00,0.0,28.33,21.53,3.24,23,2025-04-26,RJP_0094,0,2025
2025-04-26 19:00:00+00:00,0.0,27.38,22.88,3.14,0,2025-04-27,RJP_0094,0,2025
2025-04-26 20:00:00+00:00,0.0,26.47,24.62,3.1,1,2025-04-27,RJP_0094,0,2025
2025-04-26 21:00:00+00:00,0.0,25.61,27.51,3.14,2,2025-04-27,RJP_0094,0,2025
2025-04-26 22:00:00+00:00,0.0,24.87,32.44,3.28,3,2025-04-27,RJP_0094,0,2025
2025-04-26 23:00:00+00:00,0.0,24.26,39.88,3.38,4,2025-04-27,RJP_0094,0,2025
2025-04-27 00:00:00+00:00,5.88,23.77,48.44,3.56,5,2025-04-27,RJP_0094,0,2025
2025-04-27 01:00:00+00:00,104.95,25.28,50.23,5.11,6,2025-04-27,RJP_0094,0,2025
2025-04-27 02:00:00+00:00,274.02,28.42,42.4,5.19,7,2025-04-27,RJP_0094,0,2025
2025-04-27 03:00:00+00:00,468.52,32.2,31.82,5.4,8,2025-04-27,RJP_0094,0,2025
2025-04-27 04:00:00+00:00,654.3,36.13,21.67,5.36,9,2025-04-27,RJP_0094,0,2025
2025-04-27 05:00:00+00:00,802.3,38.86,16.59,5.27,10,2025-04-27,RJP_0094,0,2025
2025-04-27 06:00:00+00:00,883.95,40.64,14.34,5.32,11,2025-04-27,RJP_0094,0,2025
2025-04-27 07:00:00+00:00,921.62,41.87,12.91,5.45,12,2025-04-27,RJP_0094,0,2025
2025-04-27 08:00:00+00:00,805.7,42.6,11.86,5.63,13,2025-04-27,RJP_0094,0,2025
2025-04-27 09:00:00+00:00,740.22,42.81,11.1,5.76,14,2025-04-27,RJP_0094,0,2025
2025-04-27 10:00:00+00:00,570.92,42.47,10.71,5.97,15,2025-04-27,RJP_0094,0,2025
2025-04-27 11:00:00+00:00,334.3,41.62,10.67,6.2,16,2025-04-27,RJP_0094,0,2025
2025-04-27 12:00:00+00:00,119.15,40.02,11.18,5.77,17,2025-04-27,RJP_0094,0,2025
2025-04-27 13:00:00+00:00,6.6,35.73,14.04,3.68,18,2025-04-27,RJP_0094,0,2025
2025-04-27 14:00:00+00:00,0.0,33.7,15.67,3.75,19,2025-04-27,RJP_0094,0,2025
2025-04-27 15:00:00+00:00,0.0,32.49,16.65,3.78,20,2025-04-27,RJP_0094,0,2025
2025-04-27 16:00:00+00:00,0.0,31.36,17.63,3.73,21,2025-04-27,RJP_0094,0,2025
2025-04-27 17:00:00+00:00,0.0,30.31,18.68,3.63,22,2025-04-27,RJP_0094,0,2025
2025-04-27 18:00:00+00:00,0.0,29.39,19.8,3.57,23,2025-04-27,RJP_0094,0,2025
2025-04-27 19:00:00+00:00,0.0,28.61,20.82,3.61,0,2025-04-28,RJP_0094,0,2025
2025-04-27 20:00:00+00:00,0.0,27.94,21.88,3.76,1,2025-04-28,RJP_0094,0,2025
2025-04-27 21:00:00+00:00,0.0,27.19,23.37,3.78,2,2025-04-28,RJP_0094,0,2025
2025-04-27 22:00:00+00:00,0.0,26.38,25.59,3.64,3,2025-04-28,RJP_0094,0,2025
2025-04-27 23:00:00+00:00,0.0,25.65,28.33,3.36,4,2025-04-28,RJP_0094,0,2025
2025-04-28 00:00:00+00:00,6.45,25.1,31.12,3.01,5,2025-04-28,RJP_0094,0,2025
2025-04-28 01:00:00+00:00,117.6,27.3,28.66,3.91,6,2025-04-28,RJP_0094,0,2025
2025-04-28 02:00:00+00:00,314.92,30.35,25.03,4.12,7,2025-04-28,RJP_0094,0,2025
2025-04-28 03:00:00+00:00,538.33,35.27,19.5,5.46,8,2025-04-28,RJP_0094,0,2025
2025-04-28 04:00:00+00:00,735.58,38.78,15.81,6.46,9,2025-04-28,RJP_0094,0,2025
2025-04-28 05:00:00+00:00,881.28,41.0,13.7,7.09,10,2025-04-28,RJP_0094,0,2025
2025-04-28 06:00:00+00:00,956.6,42.51,12.26,7.62,11,2025-04-28,RJP_0094,0,2025
2025-04-28 07:00:00+00:00,961.72,43.45,11.26,8.05,12,2025-04-28,RJP_0094,0,2025
2025-04-28 08:00:00+00:00,870.2,43.81,10.61,8.41,13,2025-04-28,RJP_0094,0,2025
2025-04-28 09:00:00+00:00,701.72,43.66,10.32,8.39,14,2025-04-28,RJP_0094,0,2025
2025-04-28 10:00:00+00:00,524.2,43.04,10.41,8.15,15,2025-04-28,RJP_0094,0,2025
2025-04-28 11:00:00+00:00,287.05,41.95,10.83,7.73,16,2025-04-28,RJP_0094,0,2025
2025-04-28 12:00:00+00:00,107.62,40.38,11.66,6.63,17,2025-04-28,RJP_0094,0,2025
2025-04-28 13:00:00+00:00,6.03,36.69,14.34,4.1,18,2025-04-28,RJP_0094,0,2025
2025-04-28 14:00:00+00:00,0.0,34.79,16.07,3.95,19,2025-04-28,RJP_0094,0,2025
2025-04-28 15:00:00+00:00,0.0,33.78,17.1,4.03,20,2025-04-28,RJP_0094,0,2025
2025-04-28 16:00:00+00:00,0.0,32.79,18.14,4.12,21,2025-04-28,RJP_0094,0,2025
2025-04-28 17:00:00+00:00,0.0,31.87,19.01,4.33,22,2025-04-28,RJP_0094,0,2025
2025-04-28 18:00:00+00:00,0.0,31.06,19.53,4.96,23,2025-04-28,RJP_0094,0,2025
2025-04-28 19:00:00+00:00,0.0,30.21,19.95,5.98,0,2025-04-29,RJP_0094,0,2025
2025-04-28 20:00:00+00:00,0.0,29.19,20.85,6.53,1,2025-04-29,RJP_0094,0,2025
2025-04-28 21:00:00+00:00,0.0,28.27,22.39,6.2,2,2025-04-29,RJP_0094,0,2025
2025-04-28 22:00:00+00:00,0.0,27.69,24.37,5.51,3,2025-04-29,RJP_0094,0,2025
2025-04-28 23:00:00+00:00,0.0,27.17,26.97,4.58,4,2025-04-29,RJP_0094,0,2025
2025-04-29 00:00:00+00:00,8.0,26.63,29.89,3.75,5,2025-04-29,RJP_0094,0,2025
2025-04-29 01:00:00+00:00,128.55,27.84,29.81,4.56,6,2025-04-29,RJP_0094,0,2025
2025-04-29 02:00:00+00:00,321.12,30.5,27.7,4.62,7,2025-04-29,RJP_0094,0,2025
2025-04-29 03:00:00+00:00,531.08,33.61,23.15,5.25,8,2025-04-29,RJP_0094,0,2025
2025-04-29 04:00:00+00:00,719.47,36.74,18.48,5.92,9,2025-04-29,RJP_0094,0,2025
2025-04-29 05:00:00+00:00,865.0,39.57,15.08,6.54,10,2025-04-29,RJP_0094,0,2025
2025-04-29 06:00:00+00:00,955.83,41.92,12.98,7.18,11,2025-04-29,RJP_0094,0,2025
2025-04-29 07:00:00+00:00,986.25,43.32,12.19,7.74,12,2025-04-29,RJP_0094,0,2025
2025-04-29 08:00:00+00:00,865.72,43.99,12.03,8.2,13,2025-04-29,RJP_0094,0,2025
2025-04-29 09:00:00+00:00,654.1,44.09,12.12,8.35,14,2025-04-29,RJP_0094,0,2025
2025-04-29 10:00:00+00:00,492.45,43.67,12.35,8.34,15,2025-04-29,RJP_0094,0,2025
2025-04-29 11:00:00+00:00,278.58,42.66,12.79,8.23,16,2025-04-29,RJP_0094,0,2025
2025-04-29 12:00:00+00:00,99.1,41.06,13.65,7.58,17,2025-04-29,RJP_0094,0,2025
2025-04-29 13:00:00+00:00,5.9,38.23,15.78,5.7,18,2025-04-29,RJP_0094,0,2025
2025-04-29 14:00:00+00:00,0.0,36.34,17.4,5.46,19,2025-04-29,RJP_0094,0,2025
2025-04-29 15:00:00+00:00,0.0,35.1,18.37,5.32,20,2025-04-29,RJP_0094,0,2025
2025-04-29 16:00:00+00:00,0.0,33.91,19.34,5.06,21,2025-04-29,RJP_0094,0,2025
2025-04-29 17:00:00+00:00,0.0,32.69,20.28,4.78,22,2025-04-29,RJP_0094,0,2025
2025-04-29 18:00:00+00:00,0.0,31.42,21.52,4.49,23,2025-04-29,RJP_0094,0,2025
2025-04-29 19:00:00+00:00,0.0,30.18,23.42,4.11,0,2025-04-30,RJP_0094,0,2025
2025-04-29 20:00:00+00:00,0.0,28.98,26.33,3.91,1,2025-04-30,RJP_0094,0,2025
2025-04-29 21:00:00+00:00,0.0,27.9,29.8,3.47,2,2025-04-30,RJP_0094,0,2025
2025-04-29 22:00:00+00:00,0.0,26.93,32.81,2.88,3,2025-04-30,RJP_0094,0,2025
2025-04-29 23:00:00+00:00,0.0,26.22,34.64,2.58,4,2025-04-30,RJP_0094,0,2025
2025-04-30 00:00:00+00:00,7.1,25.74,35.47,2.41,5,2025-04-30,RJP_0094,0,2025
2025-04-30 01:00:00+00:00,113.03,28.01,30.7,2.78,6,2025-04-30,RJP_0094,0,2025
2025-04-30 02:00:00+00:00,285.58,31.41,23.48,2.69,7,2025-04-30,RJP_0094,0,2025
2025-04-30 03:00:00+00:00,540.7,35.4,16.79,2.86,8,2025-04-30,RJP_0094,0,2025
2025-04-30 04:00:00+00:00,764.8,38.9,12.47,3.27,9,2025-04-30,RJP_0094,0,2025
2025-04-30 05:00:00+00:00,921.12,41.25,10.37,3.76,10,2025-04-30,RJP_0094,0,2025
2025-04-30 06:00:00+00:00,938.5,42.94,9.05,4.52,11,2025-04-30,RJP_0094,0,2025
2025-04-30 07:00:00+00:00,875.47,44.01,8.26,5.3,12,2025-04-30,RJP_0094,0,2025
2025-04-30 08:00:00+00:00,832.17,44.55,7.91,6.01,13,2025-04-30,RJP_0094,0,2025
2025-04-30 09:00:00+00:00,644.67,44.47,8.0,6.5,14,2025-04-30,RJP_0094,0,2025
2025-04-30 10:00:00+00:00,448.77,43.94,8.43,6.93,15,2025-04-30,RJP_0094,0,2025
2025-04-30 11:00:00+00:00,262.33,42.86,9.22,7.2,16,2025-04-30,RJP_0094,0,2025
2025-04-30 12:00:00+00:00,96.6,41.18,10.31,6.89,17,2025-04-30,RJP_0094,0,2025
2025-04-30 13:00:00+00:00,6.3,37.72,12.65,4.69,18,2025-04-30,RJP_0094,0,2025
2025-04-30 14:00:00+00:00,0.0,35.61,14.29,4.37,19,2025-04-30,RJP_0094,0,2025
2025-04-30 15:00:00+00:00,0.0,34.3,15.14,4.17,20,2025-04-30,RJP_0094,0,2025
2025-04-30 16:00:00+00:00,0.0,33.0,15.67,3.96,21,2025-04-30,RJP_0094,0,2025
2025-04-30 17:00:00+00:00,0.0,31.87,15.86,3.92,22,2025-04-30,RJP_0094,0,2025
2025-04-30 18:00:00+00:00,0.0,30.89,15.93,4.06,23,2025-04-30,RJP_0094,0,2025
2025-04-30 19:00:00+00:00,0.0,30.05,16.16,4.4,0,2025-05-01,RJP_0094,0,2025
2025-04-30 20:00:00+00:00,0.0,29.18,16.87,4.51,1,2025-05-01,RJP_0094,0,2025
2025-04-30 21:00:00+00:00,0.0,28.07,18.44,3.83,2,2025-05-01,RJP_0094,0,2025
2025-04-30 22:00:00+00:00,0.0,26.91,20.53,3.02,3,2025-05-01,RJP_0094,0,2025
2025-04-30 23:00:00+00:00,0.0,25.93,22.54,2.52,4,2025-05-01,RJP_0094,0,2025
2025-05-01 00:00:00+00:00,7.88,25.28,24.27,2.04,5,2025-05-01,RJP_0094,0,2025
2025-05-01 01:00:00+00:00,119.38,27.14,22.67,1.75,6,2025-05-01,RJP_0094,0,2025
2025-05-01 02:00:00+00:00,313.42,29.95,19.64,1.33,7,2025-05-01,RJP_0094,0,2025
2025-05-01 03:00:00+00:00,528.53,34.05,14.13,2.43,8,2025-05-01,RJP_0094,0,2025
2025-05-01 04:00:00+00:00,755.03,38.11,9.33,3.89,9,2025-05-01,RJP_0094,0,2025
2025-05-01 05:00:00+00:00,868.33,40.83,7.37,4.57,10,2025-05-01,RJP_0094,0,2025
2025-05-01 06:00:00+00:00,916.35,42.59,6.66,5.3,11,2025-05-01,RJP_0094,0,2025
2025-05-01 07:00:00+00:00,869.7,43.68,6.53,6.13,12,2025-05-01,RJP_0094,0,2025
2025-05-01 08:00:00+00:00,684.35,44.12,6.94,6.81,13,2025-05-01,RJP_0094,0,2025
2025-05-01 09:00:00+00:00,507.4,43.96,7.67,7.09,14,2025-05-01,RJP_0094,0,2025
2025-05-01 10:00:00+00:00,354.75,43.31,8.6,7.22,15,2025-05-01,RJP_0094,0,2025
2025-05-01 11:00:00+00:00,213.05,42.04,9.77,7.39,16,2025-05-01,RJP_0094,0,2025
2025-05-01 12:00:00+00:00,85.82,40.15,11.32,7.16,17,2025-05-01,RJP_0094,0,2025
2025-05-01 13:00:00+00:00,7.35,36.81,13.97,4.92,18,2025-05-01,RJP_0094,0,2025
2025-05-01 14:00:00+00:00,0.0,34.57,15.72,4.13,19,2025-05-01,RJP_0094,0,2025
2025-05-01 15:00:00+00:00,0.0,33.42,16.17,3.99,20,2025-05-01,RJP_0094,0,2025
2025-05-01 16:00:00+00:00,0.0,32.72,15.85,4.3,21,2025-05-01,RJP_0094,0,2025
2025-05-01 17:00:00+00:00,0.0,32.24,15.48,5.16,22,2025-05-01,RJP_0094,0,2025
2025-05-01 18:00:00+00:00,0.0,31.39,15.97,5.64,23,2025-05-01,RJP_0094,0,2025
2025-05-01 19:00:00+00:00,0.0,30.34,17.49,5.58,0,2025-05-02,RJP_0094,0,2025
2025-05-01 20:00:00+00:00,0.0,29.19,19.91,4.93,1,2025-05-02,RJP_0094,0,2025
2025-05-01 21:00:00+00:00,0.0,27.98,22.74,3.77,2,2025-05-02,RJP_0094,0,2025
2025-05-01 22:00:00+00:00,0.0,26.91,25.35,2.91,3,2025-05-02,RJP_0094,0,2025
2025-05-01 23:00:00+00:00,0.0,26.13,27.11,2.39,4,2025-05-02,RJP_0094,0,2025
2025-05-02 00:00:00+00:00,9.02,25.98,27.41,1.66,5,2025-05-02,RJP_0094,0,2025
2025-05-02 01:00:00+00:00,121.65,27.79,24.83,0.71,6,2025-05-02,RJP_0094,0,2025
2025-05-02 02:00:00+00:00,297.52,30.59,20.54,1.47,7,2025-05-02,RJP_0094,0,2025
2025-05-02 03:00:00+00:00,495.27,35.15,13.76,1.93,8,2025-05-02,RJP_0094,0,2025
2025-05-02 04:00:00+00:00,725.5,39.32,8.98,3.34,9,2025-05-02,RJP_0094,0,2025
2025-05-02 05:00:00+00:00,925.65,41.66,7.33,3.48,10,2025-05-02,RJP_0094,0,2025
2025-05-02 06:00:00+00:00,985.92,43.33,6.55,3.72,11,2025-05-02,RJP_0094,0,2025
2025-05-02 07:00:00+00:00,985.33,44.38,6.35,4.35,12,2025-05-02,RJP_0094,0,2025
2025-05-02 08:00:00+00:00,910.12,44.79,6.58,5.15,13,2025-05-02,RJP_0094,0,2025
2025-05-02 09:00:00+00:00,773.03,44.59,7.09,5.75,14,2025-05-02,RJP_0094,0,2025
2025-05-02 10:00:00+00:00,572.1,43.83,7.78,6.21,15,2025-05-02,RJP_0094,0,2025
2025-05-02 11:00:00+00:00,325.12,42.54,8.71,6.49,16,2025-05-02,RJP_0094,0,2025
2025-05-02 12:00:00+00:00,123.05,40.76,9.95,6.27,17,2025-05-02,RJP_0094,0,2025
2025-05-02 13:00:00+00:00,7.43,37.23,12.37,4.21,18,2025-05-02,RJP_0094,0,2025
2025-05-02 14:00:00+00:00,0.0,35.13,14.06,3.96,19,2025-05-02,RJP_0094,0,2025
2025-05-02 15:00:00+00:00,0.0,33.9,14.97,3.77,20,2025-05-02,RJP_0094,0,2025
2025-05-02 16:00:00+00:00,0.0,32.7,15.74,3.5,21,2025-05-02,RJP_0094,0,2025
2025-05-02 17:00:00+00:00,0.0,31.64,16.41,3.34,22,2025-05-02,RJP_0094,0,2025
2025-05-02 18:00:00+00:00,0.0,30.64,17.09,3.26,23,2025-05-02,RJP_0094,0,2025
2025-05-02 19:00:00+00:00,0.0,29.71,17.87,3.25,0,2025-05-03,RJP_0094,0,2025
2025-05-02 20:00:00+00:00,0.0,28.75,18.92,3.25,1,2025-05-03,RJP_0094,0,2025
2025-05-02 21:00:00+00:00,0.0,27.79,20.29,3.04,2,2025-05-03,RJP_0094,0,2025
2025-05-02 22:00:00+00:00,0.0,26.9,22.21,2.76,3,2025-05-03,RJP_0094,0,2025
2025-05-02 23:00:00+00:00,0.0,26.18,24.59,2.52,4,2025-05-03,RJP_0094,0,2025
2025-05-03 00:00:00+00:00,9.2,25.76,27.09,2.23,5,2025-05-03,RJP_0094,0,2025
2025-05-03 01:00:00+00:00,131.05,28.19,25.04,2.08,6,2025-05-03,RJP_0094,0,2025
2025-05-03 02:00:00+00:00,337.38,31.28,22.4,1.97,7,2025-05-03,RJP_0094,0,2025
2025-05-03 03:00:00+00:00,553.67,36.16,16.91,3.77,8,2025-05-03,RJP_0094,0,2025
2025-05-03 04:00:00+00:00,745.38,38.81,13.73,4.8,9,2025-05-03,RJP_0094,0,2025
2025-05-03 05:00:00+00:00,896.12,40.73,11.8,5.66,10,2025-05-03,RJP_0094,0,2025
2025-05-03 06:00:00+00:00,949.88,41.96,10.69,6.18,11,2025-05-03,RJP_0094,0,2025
2025-05-03 07:00:00+00:00,937.55,42.59,10.24,6.57,12,2025-05-03,RJP_0094,0,2025
2025-05-03 08:00:00+00:00,868.92,42.7,10.21,6.87,13,2025-05-03,RJP_0094,0,2025
2025-05-03 09:00:00+00:00,721.17,42.3,10.38,7.11,14,2025-05-03,RJP_0094,0,2025
2025-05-03 10:00:00+00:00,527.47,41.58,10.67,7.35,15,2025-05-03,RJP_0094,0,2025
2025-05-03 11:00:00+00:00,312.5,40.46,11.22,7.37,16,2025-05-03,RJP_0094,0,2025
2025-05-03 12:00:00+00:00,121.55,38.84,12.12,6.99,17,2025-05-03,RJP_0094,0,2025
2025-05-03 13:00:00+00:00,8.07,35.72,14.29,4.84,18,2025-05-03,RJP_0094,0,2025
2025-05-03 14:00:00+00:00,0.0,33.76,15.89,4.74,19,2025-05-03,RJP_0094,0,2025
2025-05-03 15:00:00+00:00,0.0,32.66,16.88,4.85,20,2025-05-03,RJP_0094,0,2025
2025-05-03 16:00:00+00:00,0.0,31.54,18.12,4.69,21,2025-05-03,RJP_0094,0,2025
2025-05-03 17:00:00+00:00,0.0,30.38,19.94,4.43,22,2025-05-03,RJP_0094,0,2025
2025-05-03 18:00:00+00:00,0.0,29.31,23.14,4.45,23,2025-05-03,RJP_0094,0,2025
2025-05-03 19:00:00+00:00,0.0,28.48,29.08,5.04,0,2025-05-04,RJP_0094,0,2025
2025-05-03 20:00:00+00:00,0.0,27.59,38.55,5.41,1,2025-05-04,RJP_0094,0,2025
2025-05-03 21:00:00+00:00,0.0,26.64,48.37,4.51,2,2025-05-04,RJP_0094,0,2025
2025-05-03 22:00:00+00:00,0.0,25.7,56.02,2.89,3,2025-05-04,RJP_0094,0,2025
2025-05-03 23:00:00+00:00,0.0,25.07,61.3,2.23,4,2025-05-04,RJP_0094,0,2025
2025-05-04 00:00:00+00:00,7.3,24.84,64.34,2.02,5,2025-05-04,RJP_0094,0,2025
2025-05-04 01:00:00+00:00,82.0,26.63,58.7,3.28,6,2025-05-04,RJP_0094,0,2025
2025-05-04 02:00:00+00:00,199.6,30.16,43.86,3.05,7,2025-05-04,RJP_0094,0,2025
2025-05-04 03:00:00+00:00,339.15,33.5,29.86,1.99,8,2025-05-04,RJP_0094,0,2025
2025-05-04 04:00:00+00:00,551.97,35.59,23.48,2.53,9,2025-05-04,RJP_0094,0,2025
2025-05-04 05:00:00+00:00,852.78,37.07,21.0,3.38,10,2025-05-04,RJP_0094,0,2025
2025-05-04 06:00:00+00:00,891.85,38.42,19.62,4.05,11,2025-05-04,RJP_0094,0,2025
2025-05-04 07:00:00+00:00,930.22,39.22,19.23,4.61,12,2025-05-04,RJP_0094,0,2025
2025-05-04 08:00:00+00:00,854.53,39.51,19.51,5.17,13,2025-05-04,RJP_0094,0,2025
2025-05-04 09:00:00+00:00,729.03,39.26,20.47,5.61,14,2025-05-04,RJP_0094,0,2025
2025-05-04 10:00:00+00:00,488.02,38.51,22.0,5.94,15,2025-05-04,RJP_0094,0,2025
2025-05-04 11:00:00+00:00,294.17,37.35,24.05,6.01,16,2025-05-04,RJP_0094,0,2025
2025-05-04 12:00:00+00:00,116.5,36.21,26.03,5.66,17,2025-05-04,RJP_0094,0,2025
2025-05-04 13:00:00+00:00,8.02,34.97,28.05,4.31,18,2025-05-04,RJP_0094,0,2025
2025-05-04 14:00:00+00:00,0.0,33.96,29.61,3.2,19,2025-05-04,RJP_0094,0,2025
2025-05-04 15:00:00+00:00,0.0,33.11,30.55,2.9,20,2025-05-04,RJP_0094,0,2025
2025-05-04 16:00:00+00:00,0.0,32.29,30.83,2.91,21,2025-05-04,RJP_0094,0,2025
2025-05-04 17:00:00+00:00,0.0,31.5,30.68,3.05,22,2025-05-04,RJP_0094,0,2025
2025-05-04 18:00:00+00:00,0.0,30.61,30.87,3.07,23,2025-05-04,RJP_0094,0,2025
2025-05-04 19:00:00+00:00,0.0,29.71,32.06,3.11,0,2025-05-05,RJP_0094,0,2025
2025-05-04 20:00:00+00:00,0.0,28.61,35.33,2.71,1,2025-05-05,RJP_0094,0,2025
2025-05-04 21:00:00+00:00,0.0,27.67,40.59,2.48,2,2025-05-05,RJP_0094,0,2025
2025-05-04 22:00:00+00:00,0.0,26.75,47.31,2.46,3,2025-05-05,RJP_0094,0,2025
2025-05-04 23:00:00+00:00,0.0,26.08,53.99,2.59,4,2025-05-05,RJP_0094,0,2025
2025-05-05 00:00:00+00:00,8.3,25.7,60.44,3.08,5,2025-05-05,RJP_0094,0,2025
2025-05-05 01:00:00+00:00,81.12,26.73,61.36,4.56,6,2025-05-05,RJP_0094,0,2025
2025-05-05 02:00:00+00:00,170.43,29.1,53.25,4.93,7,2025-05-05,RJP_0094,0,2025
2025-05-05 03:00:00+00:00,119.0,31.7,43.38,4.98,8,2025-05-05,RJP_0094,0,2025
2025-05-05 04:00:00+00:00,168.25,33.91,35.97,5.12,9,2025-05-05,RJP_0094,0,2025
2025-05-05 05:00:00+00:00,427.85,35.62,31.39,5.37,10,2025-05-05,RJP_0094,0,2025
2025-05-05 06:00:00+00:00,649.12,37.01,28.09,5.75,11,2025-05-05,RJP_0094,0,2025
2025-05-05 07:00:00+00:00,774.67,38.18,25.13,6.13,12,2025-05-05,RJP_0094,0,2025
2025-05-05 08:00:00+00:00,800.0,38.97,22.63,6.47,13,2025-05-05,RJP_0094,0,2025
2025-05-05 09:00:00+00:00,616.88,39.18,21.23,6.61,14,2025-05-05,RJP_0094,0,2025
2025-05-05 10:00:00+00:00,317.0,38.86,21.12,6.81,15,2025-05-05,RJP_0094,0,2025
2025-05-05 11:00:00+00:00,184.68,37.94,22.31,7.06,16,2025-05-05,RJP_0094,0,2025
2025-05-05 12:00:00+00:00,74.75,36.55,24.52,6.99,17,2025-05-05,RJP_0094,0,2025
2025-05-05 13:00:00+00:00,5.68,35.06,27.12,5.67,18,2025-05-05,RJP_0094,0,2025
2025-05-05 14:00:00+00:00,0.0,33.81,29.3,4.09,19,2025-05-05,RJP_0094,0,2025
2025-05-05 15:00:00+00:00,0.0,32.46,31.45,2.92,20,2025-05-05,RJP_0094,0,2025
2025-05-05 16:00:00+00:00,0.0,31.28,34.23,4.74,21,2025-05-05,RJP_0094,0,2025
2025-05-05 17:00:00+00:00,0.0,28.22,49.37,9.45,22,2025-05-05,RJP_0094,0,2025
2025-05-05 18:00:00+00:00,0.0,24.9,72.31,8.21,23,2025-05-05,RJP_0094,0,2025
2025-05-05 19:00:00+00:00,0.0,23.52,84.24,5.58,0,2025-05-06,RJP_0094,0,2025
2025-05-05 20:00:00+00:00,0.0,22.93,87.99,4.67,1,2025-05-06,RJP_0094,0,2025
2025-05-05 21:00:00+00:00,0.0,22.71,88.01,3.44,2,2025-05-06,RJP_0094,0,2025
2025-05-05 22:00:00+00:00,0.0,22.51,87.94,3.06,3,2025-05-06,RJP_0094,0,2025
2025-05-05 23:00:00+00:00,0.0,22.28,88.73,2.96,4,2025-05-06,RJP_0094,0,2025
2025-05-06 00:00:00+00:00,7.22,22.17,89.8,2.49,5,2025-05-06,RJP_0094,0,2025
2025-05-06 01:00:00+00:00,50.38,23.02,84.09,2.9,6,2025-05-06,RJP_0094,0,2025
2025-05-06 02:00:00+00:00,145.12,25.47,67.07,3.9,7,2025-05-06,RJP_0094,0,2025
2025-05-06 03:00:00+00:00,184.68,28.18,51.73,4.87,8,2025-05-06,RJP_0094,0,2025
2025-05-06 04:00:00+00:00,321.88,30.4,42.43,5.41,9,2025-05-06,RJP_0094,0,2025
2025-05-06 05:00:00+00:00,443.42,32.22,36.1,6.08,10,2025-05-06,RJP_0094,0,2025
2025-05-06 06:00:00+00:00,517.45,33.62,32.17,6.75,11,2025-05-06,RJP_0094,0,2025
2025-05-06 07:00:00+00:00,601.03,34.36,30.68,7.36,12,2025-05-06,RJP_0094,0,2025
2025-05-06 08:00:00+00:00,678.28,34.28,31.65,7.93,13,2025-05-06,RJP_0094,0,2025
2025-05-06 09:00:00+00:00,613.25,33.22,35.07,8.27,14,2025-05-06,RJP_0094,0,2025
2025-05-06 10:00:00+00:00,439.45,31.6,40.1,8.29,15,2025-05-06,RJP_0094,0,2025
2025-05-06 11:00:00+00:00,236.95,29.57,47.19,7.87,16,2025-05-06,RJP_0094,0,2025
2025-05-06 12:00:00+00:00,95.4,27.56,55.85,6.93,17,2025-05-06,RJP_0094,0,2025
2025-05-06 13:00:00+00:00,6.2,25.75,65.82,5.18,18,2025-05-06,RJP_0094,0,2025
2025-05-06 14:00:00+00:00,0.0,24.75,73.08,3.9,19,2025-05-06,RJP_0094,0,2025
2025-05-06 15:00:00+00:00,0.0,24.22,77.33,3.18,20,2025-05-06,RJP_0094,0,2025
2025-05-06 16:00:00+00:00,0.0,23.86,80.43,2.71,21,2025-05-06,RJP_0094,0,2025
2025-05-06 17:00:00+00:00,0.0,23.59,82.62,2.52,22,2025-05-06,RJP_0094,0,2025
2025-05-06 18:00:00+00:00,0.0,23.34,84.52,2.43,23,2025-05-06,RJP_0094,0,2025
2025-05-06 19:00:00+00:00,0.0,23.11,86.3,2.34,0,2025-05-07,RJP_0094,0,2025
2025-05-06 20:00:00+00:00,0.0,22.86,88.13,2.27,1,2025-05-07,RJP_0094,0,2025
2025-05-06 21:00:00+00:00,0.0,22.6,89.85,2.15,2,2025-05-07,RJP_0094,0,2025
2025-05-06 22:00:00+00:00,0.0,22.36,91.34,2.0,3,2025-05-07,RJP_0094,0,2025
2025-05-06 23:00:00+00:00,0.0,22.2,92.38,1.97,4,2025-05-07,RJP_0094,0,2025
2025-05-07 00:00:00+00:00,9.2,22.16,92.7,2.14,5,2025-05-07,RJP_0094,0,2025
2025-05-07 01:00:00+00:00,107.75,23.07,87.44,3.23,6,2025-05-07,RJP_0094,0,2025
2025-05-07 02:00:00+00:00,266.73,24.53,80.11,4.35,7,2025-05-07,RJP_0094,0,2025
2025-05-07 03:00:00+00:00,454.33,25.84,72.73,4.87,8,2025-05-07,RJP_0094,0,2025
2025-05-07 04:00:00+00:00,627.47,27.14,64.65,5.15,9,2025-05-07,RJP_0094,0,2025
2025-05-07 05:00:00+00:00,675.75,27.97,59.25,5.36,10,2025-05-07,RJP_0094,0,2025
2025-05-07 06:00:00+00:00,661.83,28.12,57.33,5.48,11,2025-05-07,RJP_0094,0,2025
2025-05-07 07:00:00+00:00,552.42,28.07,56.74,5.63,12,2025-05-07,RJP_0094,0,2025
2025-05-07 08:00:00+00:00,320.62,28.08,55.8,5.79,13,2025-05-07,RJP_0094,0,2025
2025-05-07 09:00:00+00:00,353.12,27.97,55.41,5.89,14,2025-05-07,RJP_0094,0,2025
2025-05-07 10:00:00+00:00,203.82,27.72,55.84,5.79,15,2025-05-07,RJP_0094,0,2025
2025-05-07 11:00:00+00:00,182.55,27.22,57.71,5.52,16,2025-05-07,RJP_0094,0,2025
2025-05-07 12:00:00+00:00,75.5,26.41,62.72,4.61,17,2025-05-07,RJP_0094,0,2025
2025-05-07 13:00:00+00:00,5.82,25.1,71.94,3.7,18,2025-05-07,RJP_0094,0,2025
2025-05-07 14:00:00+00:00,0.0,24.47,74.94,4.35,19,2025-05-07,RJP_0094,0,2025
2025-05-07 15:00:00+00:00,0.0,24.04,77.34,4.95,20,2025-05-07,RJP_0094,0,2025
2025-05-07 16:00:00+00:00,0.0,23.61,80.65,5.06,21,2025-05-07,RJP_0094,0,2025
2025-05-07 17:00:00+00:00,0.0,23.2,84.13,4.8,22,2025-05-07,RJP_0094,0,2025
2025-05-07 18:00:00+00:00,0.0,22.83,87.16,4.54,23,2025-05-07,RJP_0094,0,2025
2025-05-07 19:00:00+00:00,0.0,22.53,89.78,4.32,0,2025-05-08,RJP_0094,0,2025
2025-05-07 20:00:00+00:00,0.0,22.37,91.41,4.34,1,2025-05-08,RJP_0094,0,2025
2025-05-07 21:00:00+00:00,0.0,22.3,92.74,3.85,2,2025-05-08,RJP_0094,0,2025
2025-05-07 22:00:00+00:00,0.0,22.35,93.25,3.5,3,2025-05-08,RJP_0094,0,2025
2025-05-07 23:00:00+00:00,0.0,22.44,93.49,3.15,4,2025-05-08,RJP_0094,0,2025
2025-05-08 00:00:00+00:00,6.53,22.52,93.93,2.78,5,2025-05-08,RJP_0094,0,2025
2025-05-08 01:00:00+00:00,75.18,23.16,91.02,3.16,6,2025-05-08,RJP_0094,0,2025
2025-05-08 02:00:00+00:00,172.18,24.41,82.84,3.7,7,2025-05-08,RJP_0094,0,2025
2025-05-08 03:00:00+00:00,311.55,25.58,74.31,3.19,8,2025-05-08,RJP_0094,0,2025
2025-05-08 04:00:00+00:00,472.6,26.86,66.96,2.39,9,2025-05-08,RJP_0094,0,2025
2025-05-08 05:00:00+00:00,614.2,28.13,60.91,1.64,10,2025-05-08,RJP_0094,0,2025
2025-05-08 06:00:00+00:00,795.97,29.06,57.03,1.17,11,2025-05-08,RJP_0094,0,2025
2025-05-08 07:00:00+00:00,758.67,29.69,54.66,1.0,12,2025-05-08,RJP_0094,0,2025
2025-05-08 08:00:00+00:00,650.42,30.08,53.28,0.94,13,2025-05-08,RJP_0094,0,2025
2025-05-08 09:00:00+00:00,489.9,30.2,52.38,0.8,14,2025-05-08,RJP_0094,0,2025
2025-05-08 10:00:00+00:00,331.08,30.05,52.22,0.71,15,2025-05-08,RJP_0094,0,2025
2025-05-08 11:00:00+00:00,201.35,29.71,53.13,0.89,16,2025-05-08,RJP_0094,0,2025
2025-05-08 12:00:00+00:00,86.7,29.03,58.02,1.12,17,2025-05-08,RJP_0094,0,2025
2025-05-08 13:00:00+00:00,6.75,27.64,71.31,1.32,18,2025-05-08,RJP_0094,0,2025
2025-05-08 14:00:00+00:00,0.0,26.46,79.96,1.71,19,2025-05-08,RJP_0094,0,2025
2025-05-08 15:00:00+00:00,0.0,25.86,79.18,2.14,20,2025-05-08,RJP_0094,0,2025
2025-05-08 16:00:00+00:00,0.0,25.41,78.12,2.56,21,2025-05-08,RJP_0094,0,2025
2025-05-08 17:00:00+00:00,0.0,24.99,78.17,3.09,22,2025-05-08,RJP_0094,0,2025
2025-05-08 18:00:00+00:00,0.0,24.58,79.64,3.7,23,2025-05-08,RJP_0094,0,2025
2025-05-08 19:00:00+00:00,0.0,24.18,82.2,4.19,0,2025-05-09,RJP_0094,0,2025
2025-05-08 20:00:00+00:00,0.0,23.79,85.1,4.38,1,2025-05-09,RJP_0094,0,2025
2025-05-08 21:00:00+00:00,0.0,23.37,88.19,4.02,2,2025-05-09,RJP_0094,0,2025
2025-05-08 22:00:00+00:00,0.0,22.94,91.35,3.37,3,2025-05-09,RJP_0094,0,2025
2025-05-08 23:00:00+00:00,0.0,22.59,93.79,2.79,4,2025-05-09,RJP_0094,0,2025
2025-05-09 00:00:00+00:00,9.05,22.49,94.7,2.6,5,2025-05-09,RJP_0094,0,2025
2025-05-09 01:00:00+00:00,82.78,23.52,89.36,3.36,6,2025-05-09,RJP_0094,0,2025
2025-05-09 02:00:00+00:00,195.5,25.68,77.23,3.81,7,2025-05-09,RJP_0094,0,2025
2025-05-09 03:00:00+00:00,325.08,28.07,64.23,3.33,8,2025-05-09,RJP_0094,0,2025
2025-05-09 04:00:00+00:00,482.05,30.11,55.58,2.47,9,2025-05-09,RJP_0094,0,2025
2025-05-09 05:00:00+00:00,560.28,31.72,49.61,1.82,10,2025-05-09,RJP_0094,0,2025
2025-05-09 06:00:00+00:00,592.9,32.97,44.98,1.67,11,2025-05-09,RJP_0094,0,2025
2025-05-09 07:00:00+00:00,613.88,33.78,41.67,1.77,12,2025-05-09,RJP_0094,0,2025
2025-05-09 08:00:00+00:00,502.92,34.13,39.86,1.86,13,2025-05-09,RJP_0094,0,2025
2025-05-09 09:00:00+00:00,506.88,34.06,39.24,1.99,14,2025-05-09,RJP_0094,0,2025
2025-05-09 10:00:00+00:00,497.92,33.77,39.31,2.21,15,2025-05-09,RJP_0094,0,2025
2025-05-09 11:00:00+00:00,289.67,33.12,40.43,2.45,16,2025-05-09,RJP_0094,0,2025
2025-05-09 12:00:00+00:00,112.0,31.98,43.96,2.59,17,2025-05-09,RJP_0094,0,2025
2025-05-09 13:00:00+00:00,7.68,29.5,61.85,2.04,18,2025-05-09,RJP_0094,0,2025
2025-05-09 14:00:00+00:00,0.0,28.13,67.13,2.39,19,2025-05-09,RJP_0094,0,2025
2025-05-09 15:00:00+00:00,0.0,27.37,68.24,2.71,20,2025-05-09,RJP_0094,0,2025
2025-05-09 16:00:00+00:00,0.0,26.76,69.75,2.95,21,2025-05-09,RJP_0094,0,2025
2025-05-09 17:00:00+00:00,0.0,26.22,71.38,3.16,22,2025-05-09,RJP_0094,0,2025
2025-05-09 18:00:00+00:00,0.0,25.71,73.26,3.28,23,2025-05-09,RJP_0094,0,2025
2025-05-09 19:00:00+00:00,0.0,25.18,75.52,3.3,0,2025-05-10,RJP_0094,0,2025
2025-05-09 20:00:00+00:00,0.0,24.66,77.96,3.31,1,2025-05-10,RJP_0094,0,2025
2025-05-09 21:00:00+00:00,0.0,24.18,80.88,3.01,2,2025-05-10,RJP_0094,0,2025
2025-05-09 22:00:00+00:00,0.0,23.78,83.9,2.58,3,2025-05-10,RJP_0094,0,2025
2025-05-09 23:00:00+00:00,0.0,23.43,86.69,2.22,4,2025-05-10,RJP_0094,0,2025
2025-05-10 00:00:00+00:00,8.9,23.28,88.29,2.06,5,2025-05-10,RJP_0094,0,2025
2025-05-10 01:00:00+00:00,98.38,24.51,80.91,2.79,6,2025-05-10,RJP_0094,0,2025
2025-05-10 02:00:00+00:00,214.88,27.25,66.58,3.09,7,2025-05-10,RJP_0094,0,2025
2025-05-10 03:00:00+00:00,334.02,30.2,52.59,2.72,8,2025-05-10,RJP_0094,0,2025
2025-05-10 04:00:00+00:00,526.47,32.15,46.11,2.26,9,2025-05-10,RJP_0094,0,2025
2025-05-10 05:00:00+00:00,777.78,33.6,42.4,2.35,10,2025-05-10,RJP_0094,0,2025
2025-05-10 06:00:00+00:00,926.78,34.71,39.81,2.7,11,2025-05-10,RJP_0094,0,2025
2025-05-10 07:00:00+00:00,856.0,35.46,38.05,3.05,12,2025-05-10,RJP_0094,0,2025
2025-05-10 08:00:00+00:00,678.65,35.83,36.99,3.31,13,2025-05-10,RJP_0094,0,2025
2025-05-10 09:00:00+00:00,511.58,35.82,36.46,3.44,14,2025-05-10,RJP_0094,0,2025
2025-05-10 10:00:00+00:00,415.9,35.54,36.5,3.5,15,2025-05-10,RJP_0094,0,2025
2025-05-10 11:00:00+00:00,254.88,34.81,37.56,3.46,16,2025-05-10,RJP_0094,0,2025
2025-05-10 12:00:00+00:00,101.2,33.51,41.6,3.1,17,2025-05-10,RJP_0094,0,2025
2025-05-10 13:00:00+00:00,8.7,30.78,60.18,2.14,18,2025-05-10,RJP_0094,0,2025
2025-05-10 14:00:00+00:00,0.0,29.51,65.11,2.36,19,2025-05-10,RJP_0094,0,2025
2025-05-10 15:00:00+00:00,0.0,28.84,65.75,2.58,20,2025-05-10,RJP_0094,0,2025
2025-05-10 16:00:00+00:00,0.0,28.19,66.39,2.83,21,2025-05-10,RJP_0094,0,2025
2025-05-10 17:00:00+00:00,0.0,27.62,67.14,3.07,22,2025-05-10,RJP_0094,0,2025
2025-05-10 18:00:00+00:00,0.0,27.08,68.07,3.33,23,2025-05-10,RJP_0094,0,2025
2025-05-10 19:00:00+00:00,0.0,26.55,69.4,3.54,0,2025-05-11,RJP_0094,0,2025
2025-05-10 20:00:00+00:00,0.0,25.98,71.42,3.63,1,2025-05-11,RJP_0094,0,2025
2025-05-10 21:00:00+00:00,0.0,25.41,74.29,3.35,2,2025-05-11,RJP_0094,0,2025
2025-05-10 22:00:00+00:00,0.0,24.91,77.42,2.93,3,2025-05-11,RJP_0094,0,2025
2025-05-10 23:00:00+00:00,0.0,24.54,79.92,2.61,4,2025-05-11,RJP_0094,0,2025
2025-05-11 00:00:00+00:00,10.68,24.36,81.42,2.42,5,2025-05-11,RJP_0094,0,2025
2025-05-11 01:00:00+00:00,109.2,25.35,74.95,2.93,6,2025-05-11,RJP_0094,0,2025
2025-05-11 02:00:00+00:00,246.25,27.42,65.61,3.02,7,2025-05-11,RJP_0094,0,2025
2025-05-11 03:00:00+00:00,397.55,30.51,51.86,3.12,8,2025-05-11,RJP_0094,0,2025
2025-05-11 04:00:00+00:00,578.0,32.77,44.33,2.62,9,2025-05-11,RJP_0094,0,2025
2025-05-11 05:00:00+00:00,752.2,34.26,40.57,2.27,10,2025-05-11,RJP_0094,0,2025
2025-05-11 06:00:00+00:00,813.45,35.21,38.54,2.21,11,2025-05-11,RJP_0094,0,2025
2025-05-11 07:00:00+00:00,789.72,35.85,37.31,2.33,12,2025-05-11,RJP_0094,0,2025
2025-05-11 08:00:00+00:00,572.38,36.22,36.55,2.57,13,2025-05-11,RJP_0094,0,2025
2025-05-11 09:00:00+00:00,416.5,36.42,36.0,2.77,14,2025-05-11,RJP_0094,0,2025
2025-05-11 10:00:00+00:00,212.38,36.2,36.01,2.91,15,2025-05-11,RJP_0094,0,2025
2025-05-11 11:00:00+00:00,113.47,35.6,36.92,3.07,16,2025-05-11,RJP_0094,0,2025
2025-05-11 12:00:00+00:00,45.1,34.27,42.54,2.75,17,2025-05-11,RJP_0094,0,2025
2025-05-11 13:00:00+00:00,4.07,31.4,60.09,2.43,18,2025-05-11,RJP_0094,0,2025
2025-05-11 14:00:00+00:00,0.0,30.0,62.75,2.86,19,2025-05-11,RJP_0094,0,2025
2025-05-11 15:00:00+00:00,0.0,29.26,62.34,3.21,20,2025-05-11,RJP_0094,0,2025
2025-05-11 16:00:00+00:00,0.0,28.56,62.87,3.47,21,2025-05-11,RJP_0094,0,2025
2025-05-11 17:00:00+00:00,0.0,27.91,64.0,3.69,22,2025-05-11,RJP_0094,0,2025
2025-05-11 18:00:00+00:00,0.0,27.24,65.66,3.87,23,2025-05-11,RJP_0094,0,2025
2025-05-11 19:00:00+00:00,0.0,26.54,67.82,3.97,0,2025-05-12,RJP_0094,0,2025
2025-05-11 20:00:00+00:00,0.0,25.86,70.25,3.95,1,2025-05-12,RJP_0094,0,2025
2025-05-11 21:00:00+00:00,0.0,25.2,73.24,3.58,2,2025-05-12,RJP_0094,0,2025
2025-05-11 22:00:00+00:00,0.0,24.67,76.04,3.16,3,2025-05-12,RJP_0094,0,2025
2025-05-11 23:00:00+00:00,0.0,24.24,78.44,2.83,4,2025-05-12,RJP_0094,0,2025
2025-05-12 00:00:00+00:00,7.53,24.08,79.58,2.68,5,2025-05-12,RJP_0094,0,2025
2025-05-12 01:00:00+00:00,78.95,25.5,71.23,3.6,6,2025-05-12,RJP_0094,0,2025
2025-05-12 02:00:00+00:00,191.6,28.1,61.52,3.46,7,2025-05-12,RJP_0094,0,2025
2025-05-12 03:00:00+00:00,317.35,32.01,46.98,3.48,8,2025-05-12,RJP_0094,0,2025
2025-05-12 04:00:00+00:00,454.12,34.4,40.13,3.09,9,2025-05-12,RJP_0094,0,2025
2025-05-12 05:00:00+00:00,621.15,35.55,37.49,3.11,10,2025-05-12,RJP_0094,0,2025
2025-05-12 06:00:00+00:00,850.08,36.27,35.89,3.48,11,2025-05-12,RJP_0094,0,2025
2025-05-12 07:00:00+00:00,896.75,36.66,35.11,3.89,12,2025-05-12,RJP_0094,0,2025
2025-05-12 08:00:00+00:00,801.88,36.72,34.97,4.06,13,2025-05-12,RJP_0094,0,2025
2025-05-12 09:00:00+00:00,723.97,36.56,35.08,3.9,14,2025-05-12,RJP_0094,0,2025
2025-05-12 10:00:00+00:00,493.77,36.19,35.37,3.55,15,2025-05-12,RJP_0094,0,2025
2025-05-12 11:00:00+00:00,287.8,35.45,36.46,3.23,16,2025-05-12,RJP_0094,0,2025
2025-05-12 12:00:00+00:00,104.2,34.09,41.29,2.72,17,2025-05-12,RJP_0094,0,2025
2025-05-12 13:00:00+00:00,7.62,31.26,61.71,2.06,18,2025-05-12,RJP_0094,0,2025
2025-05-12 14:00:00+00:00,0.0,29.77,68.22,2.28,19,2025-05-12,RJP_0094,0,2025
2025-05-12 15:00:00+00:00,0.0,28.98,69.13,2.5,20,2025-05-12,RJP_0094,0,2025
2025-05-12 16:00:00+00:00,0.0,28.31,69.44,2.73,21,2025-05-12,RJP_0094,0,2025
2025-05-12 17:00:00+00:00,0.0,27.72,70.02,2.97,22,2025-05-12,RJP_0094,0,2025
2025-05-12 18:00:00+00:00,0.0,27.17,71.15,3.18,23,2025-05-12,RJP_0094,0,2025
2025-05-12 19:00:00+00:00,0.0,26.61,73.11,3.31,0,2025-05-13,RJP_0094,0,2025
2025-05-12 20:00:00+00:00,0.0,26.02,75.73,3.3,1,2025-05-13,RJP_0094,0,2025
2025-05-12 21:00:00+00:00,0.0,25.44,78.9,2.97,2,2025-05-13,RJP_0094,0,2025
2025-05-12 22:00:00+00:00,0.0,24.96,81.88,2.59,3,2025-05-13,RJP_0094,0,2025
2025-05-12 23:00:00+00:00,0.0,24.58,84.14,2.3,4,2025-05-13,RJP_0094,0,2025
2025-05-13 00:00:00+00:00,12.73,24.44,85.24,2.13,5,2025-05-13,RJP_0094,0,2025
2025-05-13 01:00:00+00:00,133.8,26.17,74.21,3.05,6,2025-05-13,RJP_0094,0,2025
2025-05-13 02:00:00+00:00,329.45,29.25,60.22,3.78,7,2025-05-13,RJP_0094,0,2025
2025-05-13 03:00:00+00:00,540.92,32.41,48.96,3.41,8,2025-05-13,RJP_0094,0,2025
2025-05-13 04:00:00+00:00,730.08,34.3,43.17,2.88,9,2025-05-13,RJP_0094,0,2025
2025-05-13 05:00:00+00:00,862.65,35.38,40.15,3.16,10,2025-05-13,RJP_0094,0,2025
2025-05-13 06:00:00+00:00,957.88,36.09,38.15,3.61,11,2025-05-13,RJP_0094,0,2025
2025-05-13 07:00:00+00:00,940.6,36.42,37.34,4.05,12,2025-05-13,RJP_0094,0,2025
2025-05-13 08:00:00+00:00,812.0,36.33,37.72,4.34,13,2025-05-13,RJP_0094,0,2025
2025-05-13 09:00:00+00:00,671.85,35.92,38.7,4.37,14,2025-05-13,RJP_0094,0,2025
2025-05-13 10:00:00+00:00,490.0,35.42,39.46,4.24,15,2025-05-13,RJP_0094,0,2025
2025-05-13 11:00:00+00:00,275.35,34.69,40.67,4.04,16,2025-05-13,RJP_0094,0,2025
2025-05-13 12:00:00+00:00,107.78,33.32,46.64,3.32,17,2025-05-13,RJP_0094,0,2025
2025-05-13 13:00:00+00:00,8.57,30.47,65.18,2.52,18,2025-05-13,RJP_0094,0,2025
2025-05-13 14:00:00+00:00,0.0,29.0,70.09,2.76,19,2025-05-13,RJP_0094,0,2025
2025-05-13 15:00:00+00:00,0.0,28.24,70.91,2.94,20,2025-05-13,RJP_0094,0,2025
2025-05-13 16:00:00+00:00,0.0,27.63,71.72,3.06,21,2025-05-13,RJP_0094,0,2025
2025-05-13 17:00:00+00:00,0.0,27.08,72.7,3.19,22,2025-05-13,RJP_0094,0,2025
2025-05-13 18:00:00+00:00,0.0,26.57,73.93,3.32,23,2025-05-13,RJP_0094,0,2025
2025-05-13 19:00:00+00:00,0.0,26.06,75.71,3.44,0,2025-05-14,RJP_0094,0,2025
2025-05-13 20:00:00+00:00,0.0,25.55,77.97,3.58,1,2025-05-14,RJP_0094,0,2025
2025-05-13 21:00:00+00:00,0.0,25.05,80.7,3.52,2,2025-05-14,RJP_0094,0,2025
2025-05-13 22:00:00+00:00,0.0,24.53,84.01,3.11,3,2025-05-14,RJP_0094,0,2025
2025-05-13 23:00:00+00:00,0.0,24.22,86.03,2.87,4,2025-05-14,RJP_0094,0,2025
2025-05-14 00:00:00+00:00,12.57,24.12,86.65,2.78,5,2025-05-14,RJP_0094,0,2025
2025-05-14 01:00:00+00:00,135.43,25.22,80.4,3.16,6,2025-05-14,RJP_0094,0,2025
2025-05-14 02:00:00+00:00,323.42,27.66,68.1,3.28,7,2025-05-14,RJP_0094,0,2025
2025-05-14 03:00:00+00:00,521.33,30.86,53.99,3.62,8,2025-05-14,RJP_0094,0,2025
2025-05-14 04:00:00+00:00,699.25,33.47,45.55,2.71,9,2025-05-14,RJP_0094,0,2025
2025-05-14 05:00:00+00:00,833.58,35.33,39.91,1.32,10,2025-05-14,RJP_0094,0,2025
2025-05-14 06:00:00+00:00,902.25,36.7,36.04,0.75,11,2025-05-14,RJP_0094,0,2025
2025-05-14 07:00:00+00:00,929.2,37.64,33.43,0.9,12,2025-05-14,RJP_0094,0,2025
2025-05-14 08:00:00+00:00,768.42,38.21,31.74,0.93,13,2025-05-14,RJP_0094,0,2025
2025-05-14 09:00:00+00:00,518.28,38.4,30.7,0.86,14,2025-05-14,RJP_0094,0,2025
2025-05-14 10:00:00+00:00,328.4,38.18,30.25,0.79,15,2025-05-14,RJP_0094,0,2025
2025-05-14 11:00:00+00:00,196.7,37.48,30.89,0.88,16,2025-05-14,RJP_0094,0,2025
2025-05-14 12:00:00+00:00,83.93,36.29,34.8,1.15,17,2025-05-14,RJP_0094,0,2025
2025-05-14 13:00:00+00:00,6.88,33.7,52.79,1.53,18,2025-05-14,RJP_0094,0,2025
2025-05-14 14:00:00+00:00,0.0,31.56,61.91,2.27,19,2025-05-14,RJP_0094,0,2025
2025-05-14 15:00:00+00:00,0.0,30.45,61.79,2.7,20,2025-05-14,RJP_0094,0,2025
2025-05-14 16:00:00+00:00,0.0,29.57,62.36,3.0,21,2025-05-14,RJP_0094,0,2025
2025-05-14 17:00:00+00:00,0.0,28.81,63.55,3.24,22,2025-05-14,RJP_0094,0,2025
2025-05-14 18:00:00+00:00,0.0,28.09,65.32,3.41,23,2025-05-14,RJP_0094,0,2025
2025-05-14 19:00:00+00:00,0.0,27.4,67.61,3.45,0,2025-05-15,RJP_0094,0,2025
2025-05-14 20:00:00+00:00,0.0,26.72,70.3,3.43,1,2025-05-15,RJP_0094,0,2025
2025-05-14 21:00:00+00:00,0.0,26.09,73.5,3.26,2,2025-05-15,RJP_0094,0,2025
2025-05-14 22:00:00+00:00,0.0,25.54,76.68,3.07,3,2025-05-15,RJP_0094,0,2025
2025-05-14 23:00:00+00:00,0.0,25.07,79.61,2.92,4,2025-05-15,RJP_0094,0,2025
2025-05-15 00:00:00+00:00,12.88,24.87,81.2,2.96,5,2025-05-15,RJP_0094,0,2025
2025-05-15 01:00:00+00:00,125.03,26.33,73.93,4.01,6,2025-05-15,RJP_0094,0,2025
2025-05-15 02:00:00+00:00,295.95,29.13,61.79,4.1,7,2025-05-15,RJP_0094,0,2025
2025-05-15 03:00:00+00:00,504.02,32.66,45.66,4.13,8,2025-05-15,RJP_0094,0,2025
2025-05-15 04:00:00+00:00,678.35,34.98,38.03,3.29,9,2025-05-15,RJP_0094,0,2025
2025-05-15 05:00:00+00:00,827.97,36.56,33.93,2.33,10,2025-05-15,RJP_0094,0,2025
2025-05-15 06:00:00+00:00,901.8,37.8,31.06,1.76,11,2025-05-15,RJP_0094,0,2025
2025-05-15 07:00:00+00:00,921.78,38.64,29.22,1.68,12,2025-05-15,RJP_0094,0,2025
2025-05-15 08:00:00+00:00,860.05,39.23,27.96,1.82,13,2025-05-15,RJP_0094,0,2025
2025-05-15 09:00:00+00:00,651.53,39.36,27.53,1.86,14,2025-05-15,RJP_0094,0,2025
2025-05-15 10:00:00+00:00,436.33,39.08,27.62,1.89,15,2025-05-15,RJP_0094,0,2025
2025-05-15 11:00:00+00:00,254.38,38.36,28.53,2.05,16,2025-05-15,RJP_0094,0,2025
2025-05-15 12:00:00+00:00,104.03,36.82,33.93,2.25,17,2025-05-15,RJP_0094,0,2025
2025-05-15 13:00:00+00:00,7.88,33.36,52.64,2.44,18,2025-05-15,RJP_0094,0,2025
2025-05-15 14:00:00+00:00,0.0,31.54,56.65,3.09,19,2025-05-15,RJP_0094,0,2025
2025-05-15 15:00:00+00:00,0.0,30.69,57.42,3.58,20,2025-05-15,RJP_0094,0,2025
2025-05-15 16:00:00+00:00,0.0,29.98,58.85,3.93,21,2025-05-15,RJP_0094,0,2025
2025-05-15 17:00:00+00:00,0.0,29.31,60.6,4.12,22,2025-05-15,RJP_0094,0,2025
2025-05-15 18:00:00+00:00,0.0,28.69,62.21,4.26,23,2025-05-15,RJP_0094,0,2025
2025-05-15 19:00:00+00:00,0.0,28.09,63.91,4.41,0,2025-05-16,RJP_0094,0,2025
2025-05-15 20:00:00+00:00,0.0,27.49,65.95,4.53,1,2025-05-16,RJP_0094,0,2025
2025-05-15 21:00:00+00:00,0.0,26.83,68.96,4.27,2,2025-05-16,RJP_0094,0,2025
2025-05-15 22:00:00+00:00,0.0,26.18,72.59,3.72,3,2025-05-16,RJP_0094,0,2025
2025-05-15 23:00:00+00:00,0.0,25.57,76.54,3.11,4,2025-05-16,RJP_0094,0,2025
2025-05-16 00:00:00+00:00,11.68,25.31,78.67,2.86,5,2025-05-16,RJP_0094,0,2025
2025-05-16 01:00:00+00:00,130.1,26.65,71.76,3.87,6,2025-05-16,RJP_0094,0,2025
2025-05-16 02:00:00+00:00,325.52,29.23,61.77,4.25,7,2025-05-16,RJP_0094,0,2025
2025-05-16 03:00:00+00:00,562.9,32.62,47.58,4.7,8,2025-05-16,RJP_0094,0,2025
2025-05-16 04:00:00+00:00,748.97,35.04,39.46,4.52,9,2025-05-16,RJP_0094,0,2025
2025-05-16 05:00:00+00:00,879.08,36.61,35.52,4.36,10,2025-05-16,RJP_0094,0,2025
2025-05-16 06:00:00+00:00,950.85,37.84,32.76,4.26,11,2025-05-16,RJP_0094,0,2025
2025-05-16 07:00:00+00:00,946.55,38.63,30.92,4.18,12,2025-05-16,RJP_0094,0,2025
2025-05-16 08:00:00+00:00,876.45,39.07,29.74,4.12,13,2025-05-16,RJP_0094,0,2025
2025-05-16 09:00:00+00:00,738.95,39.05,29.38,4.08,14,2025-05-16,RJP_0094,0,2025
2025-05-16 10:00:00+00:00,548.03,38.67,29.66,4.11,15,2025-05-16,RJP_0094,0,2025
2025-05-16 11:00:00+00:00,310.5,37.86,30.7,4.09,16,2025-05-16,RJP_0094,0,2025
2025-05-16 12:00:00+00:00,123.95,36.37,34.37,3.89,17,2025-05-16,RJP_0094,0,2025
2025-05-16 13:00:00+00:00,9.2,32.86,51.24,2.87,18,2025-05-16,RJP_0094,0,2025
2025-05-16 14:00:00+00:00,0.0,31.09,56.53,3.21,19,2025-05-16,RJP_0094,0,2025
2025-05-16 15:00:00+00:00,0.0,30.22,58.4,3.37,20,2025-05-16,RJP_0094,0,2025
2025-05-16 16:00:00+00:00,0.0,29.48,60.22,3.45,21,2025-05-16,RJP_0094,0,2025
2025-05-16 17:00:00+00:00,0.0,28.81,61.89,3.52,22,2025-05-16,RJP_0094,0,2025
2025-05-16 18:00:00+00:00,0.0,28.2,63.42,3.59,23,2025-05-16,RJP_0094,0,2025
2025-05-16 19:00:00+00:00,0.0,27.57,65.51,3.68,0,2025-05-17,RJP_0094,0,2025
2025-05-16 20:00:00+00:00,0.0,26.88,68.88,3.81,1,2025-05-17,RJP_0094,0,2025
2025-05-16 21:00:00+00:00,0.0,26.07,74.0,3.66,2,2025-05-17,RJP_0094,0,2025
2025-05-16 22:00:00+00:00,0.0,25.35,79.21,3.36,3,2025-05-17,RJP_0094,0,2025
2025-05-16 23:00:00+00:00,0.0,24.85,83.33,3.16,4,2025-05-17,RJP_0094,0,2025
2025-05-17 00:00:00+00:00,13.55,24.65,85.71,3.31,5,2025-05-17,RJP_0094,0,2025
2025-05-17 01:00:00+00:00,141.0,25.95,80.43,4.31,6,2025-05-17,RJP_0094,0,2025
2025-05-17 02:00:00+00:00,342.55,28.54,68.94,4.93,7,2025-05-17,RJP_0094,0,2025
2025-05-17 03:00:00+00:00,561.88,31.41,56.99,5.24,8,2025-05-17,RJP_0094,0,2025
2025-05-17 04:00:00+00:00,747.95,34.26,46.91,5.13,9,2025-05-17,RJP_0094,0,2025
2025-05-17 05:00:00+00:00,878.38,36.49,40.32,4.81,10,2025-05-17,RJP_0094,0,2025
2025-05-17 06:00:00+00:00,956.45,38.06,36.65,4.6,11,2025-05-17,RJP_0094,0,2025
2025-05-17 07:00:00+00:00,949.85,39.09,34.51,4.55,12,2025-05-17,RJP_0094,0,2025
2025-05-17 08:00:00+00:00,837.17,39.7,33.21,4.61,13,2025-05-17,RJP_0094,0,2025
2025-05-17 09:00:00+00:00,740.95,39.81,32.79,4.69,14,2025-05-17,RJP_0094,0,2025
2025-05-17 10:00:00+00:00,554.28,39.47,33.31,4.76,15,2025-05-17,RJP_0094,0,2025
2025-05-17 11:00:00+00:00,335.98,38.64,34.84,4.8,16,2025-05-17,RJP_0094,0,2025
2025-05-17 12:00:00+00:00,137.15,37.2,38.49,4.66,17,2025-05-17,RJP_0094,0,2025
2025-05-17 13:00:00+00:00,11.62,34.05,52.12,3.46,18,2025-05-17,RJP_0094,0,2025
2025-05-17 14:00:00+00:00,0.0,32.42,57.36,4.09,19,2025-05-17,RJP_0094,0,2025
2025-05-17 15:00:00+00:00,0.0,31.54,59.86,4.75,20,2025-05-17,RJP_0094,0,2025
2025-05-17 16:00:00+00:00,0.0,30.59,63.56,4.92,21,2025-05-17,RJP_0094,0,2025
2025-05-17 17:00:00+00:00,0.0,29.66,67.63,4.72,22,2025-05-17,RJP_0094,0,2025
2025-05-17 18:00:00+00:00,0.0,28.91,70.72,4.5,23,2025-05-17,RJP_0094,0,2025
2025-05-17 19:00:00+00:00,0.0,28.23,73.41,4.2,0,2025-05-18,RJP_0094,0,2025
2025-05-17 20:00:00+00:00,0.0,27.61,75.99,3.86,1,2025-05-18,RJP_0094,0,2025
2025-05-17 21:00:00+00:00,0.0,27.02,78.75,3.48,2,2025-05-18,RJP_0094,0,2025
2025-05-17 22:00:00+00:00,0.0,26.47,81.36,3.38,3,2025-05-18,RJP_0094,0,2025
2025-05-17 23:00:00+00:00,0.0,26.0,83.59,3.47,4,2025-05-18,RJP_0094,0,2025
2025-05-18 00:00:00+00:00,14.93,25.75,85.03,3.83,5,2025-05-18,RJP_0094,0,2025
2025-05-18 01:00:00+00:00,146.38,26.93,79.03,4.82,6,2025-05-18,RJP_0094,0,2025
2025-05-18 02:00:00+00:00,351.55,29.39,66.3,5.09,7,2025-05-18,RJP_0094,0,2025
2025-05-18 03:00:00+00:00,563.35,32.12,55.06,4.82,8,2025-05-18,RJP_0094,0,2025
2025-05-18 04:00:00+00:00,749.3,34.72,46.8,4.36,9,2025-05-18,RJP_0094,0,2025
2025-05-18 05:00:00+00:00,882.35,36.89,40.73,3.9,10,2025-05-18,RJP_0094,0,2025
2025-05-18 06:00:00+00:00,952.72,38.52,36.34,3.74,11,2025-05-18,RJP_0094,0,2025
2025-05-18 07:00:00+00:00,953.1,39.71,33.18,3.96,12,2025-05-18,RJP_0094,0,2025
2025-05-18 08:00:00+00:00,870.42,40.41,31.16,4.42,13,2025-05-18,RJP_0094,0,2025
2025-05-18 09:00:00+00:00,741.42,40.48,30.47,4.67,14,2025-05-18,RJP_0094,0,2025
2025-05-18 10:00:00+00:00,537.28,40.19,30.62,4.77,15,2025-05-18,RJP_0094,0,2025
2025-05-18 11:00:00+00:00,306.77,39.42,31.92,4.82,16,2025-05-18,RJP_0094,0,2025
2025-05-18 12:00:00+00:00,121.95,37.97,35.78,4.51,17,2025-05-18,RJP_0094,0,2025
2025-05-18 13:00:00+00:00,10.45,34.7,49.53,3.4,18,2025-05-18,RJP_0094,0,2025
2025-05-18 14:00:00+00:00,0.0,33.08,54.27,4.07,19,2025-05-18,RJP_0094,0,2025
2025-05-18 15:00:00+00:00,0.0,32.28,56.04,4.83,20,2025-05-18,RJP_0094,0,2025
2025-05-18 16:00:00+00:00,0.0,31.41,58.92,5.12,21,2025-05-18,RJP_0094,0,2025
2025-05-18 17:00:00+00:00,0.0,30.56,62.19,5.07,22,2025-05-18,RJP_0094,0,2025
2025-05-18 18:00:00+00:00,0.0,29.79,65.19,4.9,23,2025-05-18,RJP_0094,0,2025
2025-05-18 19:00:00+00:00,0.0,29.11,67.86,4.69,0,2025-05-19,RJP_0094,0,2025
2025-05-18 20:00:00+00:00,0.0,28.54,70.03,4.55,1,2025-05-19,RJP_0094,0,2025
2025-05-18 21:00:00+00:00,0.0,28.08,72.23,3.91,2,2025-05-19,RJP_0094,0,2025
2025-05-18 22:00:00+00:00,0.0,27.77,74.17,3.36,3,2025-05-19,RJP_0094,0,2025
2025-05-18 23:00:00+00:00,0.0,27.44,76.15,3.01,4,2025-05-19,RJP_0094,0,2025
2025-05-19 00:00:00+00:00,15.98,27.24,77.28,3.02,5,2025-05-19,RJP_0094,0,2025
2025-05-19 01:00:00+00:00,147.57,28.39,71.39,3.65,6,2025-05-19,RJP_0094,0,2025
2025-05-19 02:00:00+00:00,346.6,31.37,58.42,4.06,7,2025-05-19,RJP_0094,0,2025
2025-05-19 03:00:00+00:00,568.08,34.13,49.59,4.4,8,2025-05-19,RJP_0094,0,2025
2025-05-19 04:00:00+00:00,754.3,35.52,47.31,4.15,9,2025-05-19,RJP_0094,0,2025
2025-05-19 05:00:00+00:00,881.83,36.48,45.79,3.68,10,2025-05-19,RJP_0094,0,2025
2025-05-19 06:00:00+00:00,913.8,37.14,44.53,3.24,11,2025-05-19,RJP_0094,0,2025
2025-05-19 07:00:00+00:00,896.28,37.37,43.94,3.22,12,2025-05-19,RJP_0094,0,2025
2025-05-19 08:00:00+00:00,715.0,37.33,44.05,3.5,13,2025-05-19,RJP_0094,0,2025
2025-05-19 09:00:00+00:00,620.75,37.11,44.28,4.0,14,2025-05-19,RJP_0094,0,2025
2025-05-19 10:00:00+00:00,362.7,36.74,44.7,4.46,15,2025-05-19,RJP_0094,0,2025
2025-05-19 11:00:00+00:00,208.77,36.08,46.25,4.62,16,2025-05-19,RJP_0094,0,2025
2025-05-19 12:00:00+00:00,88.82,34.69,53.27,3.97,17,2025-05-19,RJP_0094,0,2025
2025-05-19 13:00:00+00:00,7.35,32.4,65.86,3.33,18,2025-05-19,RJP_0094,0,2025
2025-05-19 14:00:00+00:00,0.0,31.2,70.1,3.49,19,2025-05-19,RJP_0094,0,2025
2025-05-19 15:00:00+00:00,0.0,30.66,71.26,3.6,20,2025-05-19,RJP_0094,0,2025
2025-05-19 16:00:00+00:00,0.0,30.24,71.79,3.64,21,2025-05-19,RJP_0094,0,2025
2025-05-19 17:00:00+00:00,0.0,29.78,72.56,3.5,22,2025-05-19,RJP_0094,0,2025
2025-05-19 18:00:00+00:00,0.0,29.24,74.47,3.19,23,2025-05-19,RJP_0094,0,2025
2025-05-19 19:00:00+00:00,0.0,28.64,77.57,2.76,0,2025-05-20,RJP_0094,0,2025
2025-05-19 20:00:00+00:00,0.0,28.17,80.22,2.48,1,2025-05-20,RJP_0094,0,2025
2025-05-19 21:00:00+00:00,0.0,27.78,82.7,2.18,2,2025-05-20,RJP_0094,0,2025
2025-05-19 22:00:00+00:00,0.0,27.51,84.81,1.91,3,2025-05-20,RJP_0094,0,2025
2025-05-19 23:00:00+00:00,0.0,27.28,85.87,1.84,4,2025-05-20,RJP_0094,0,2025
2025-05-20 00:00:00+00:00,13.15,27.24,85.3,1.93,5,2025-05-20,RJP_0094,0,2025
2025-05-20 01:00:00+00:00,125.8,28.72,74.17,3.15,6,2025-05-20,RJP_0094,0,2025
2025-05-20 02:00:00+00:00,300.6,31.24,62.41,3.84,7,2025-05-20,RJP_0094,0,2025
2025-05-20 03:00:00+00:00,498.77,34.54,47.7,4.42,8,2025-05-20,RJP_0094,0,2025
2025-05-20 04:00:00+00:00,692.35,36.87,39.28,3.45,9,2025-05-20,RJP_0094,0,2025
2025-05-20 05:00:00+00:00,800.65,38.64,33.86,2.63,10,2025-05-20,RJP_0094,0,2025
2025-05-20 06:00:00+00:00,875.85,39.91,30.48,2.43,11,2025-05-20,RJP_0094,0,2025
2025-05-20 07:00:00+00:00,756.47,40.77,28.72,2.72,12,2025-05-20,RJP_0094,0,2025
2025-05-20 08:00:00+00:00,768.9,41.17,28.1,3.28,13,2025-05-20,RJP_0094,0,2025
2025-05-20 09:00:00+00:00,632.78,41.01,28.48,3.67,14,2025-05-20,RJP_0094,0,2025
2025-05-20 10:00:00+00:00,251.43,40.58,29.24,3.98,15,2025-05-20,RJP_0094,0,2025
2025-05-20 11:00:00+00:00,206.45,39.58,31.22,4.45,16,2025-05-20,RJP_0094,0,2025
2025-05-20 12:00:00+00:00,95.75,37.69,37.85,4.36,17,2025-05-20,RJP_0094,0,2025
2025-05-20 13:00:00+00:00,10.2,34.42,50.91,4.24,18,2025-05-20,RJP_0094,0,2025
2025-05-20 14:00:00+00:00,0.0,32.8,54.89,5.34,19,2025-05-20,RJP_0094,0,2025
2025-05-20 15:00:00+00:00,0.0,31.75,57.79,5.92,20,2025-05-20,RJP_0094,0,2025
2025-05-20 16:00:00+00:00,0.0,30.66,61.92,5.73,21,2025-05-20,RJP_0094,0,2025
2025-05-20 17:00:00+00:00,0.0,29.73,65.96,5.16,22,2025-05-20,RJP_0094,0,2025
2025-05-20 18:00:00+00:00,0.0,28.95,69.96,4.4,23,2025-05-20,RJP_0094,0,2025
2025-05-20 19:00:00+00:00,0.0,28.27,73.97,3.7,0,2025-05-21,RJP_0094,0,2025
2025-05-20 20:00:00+00:00,0.0,27.73,76.92,3.35,1,2025-05-21,RJP_0094,0,2025
2025-05-20 21:00:00+00:00,0.0,27.21,80.26,2.78,2,2025-05-21,RJP_0094,0,2025
2025-05-20 22:00:00+00:00,0.0,26.78,83.79,2.16,3,2025-05-21,RJP_0094,0,2025
2025-05-20 23:00:00+00:00,0.0,26.42,86.62,1.77,4,2025-05-21,RJP_0094,0,2025
2025-05-21 00:00:00+00:00,15.6,26.36,86.51,1.87,5,2025-05-21,RJP_0094,0,2025
2025-05-21 01:00:00+00:00,142.02,27.59,77.9,3.02,6,2025-05-21,RJP_0094,0,2025
2025-05-21 02:00:00+00:00,319.52,30.37,65.16,3.93,7,2025-05-21,RJP_0094,0,2025
2025-05-21 03:00:00+00:00,521.47,33.6,50.26,4.9,8,2025-05-21,RJP_0094,0,2025
2025-05-21 04:00:00+00:00,702.3,35.78,41.42,5.17,9,2025-05-21,RJP_0094,0,2025
2025-05-21 05:00:00+00:00,839.4,37.33,36.44,5.25,10,2025-05-21,RJP_0094,0,2025
2025-05-21 06:00:00+00:00,941.33,38.68,33.18,5.18,11,2025-05-21,RJP_0094,0,2025
2025-05-21 07:00:00+00:00,955.47,39.59,31.18,5.0,12,2025-05-21,RJP_0094,0,2025
2025-05-21 08:00:00+00:00,874.53,40.1,29.98,4.81,13,2025-05-21,RJP_0094,0,2025
2025-05-21 09:00:00+00:00,737.75,40.23,29.47,4.5,14,2025-05-21,RJP_0094,0,2025
2025-05-21 10:00:00+00:00,534.42,40.01,29.63,4.19,15,2025-05-21,RJP_0094,0,2025
2025-05-21 11:00:00+00:00,310.7,39.35,30.52,3.92,16,2025-05-21,RJP_0094,0,2025
2025-05-21 12:00:00+00:00,127.4,37.92,34.88,3.34,17,2025-05-21,RJP_0094,0,2025
2025-05-21 13:00:00+00:00,11.57,34.32,53.8,2.56,18,2025-05-21,RJP_0094,0,2025
2025-05-21 14:00:00+00:00,0.0,32.46,58.29,3.12,19,2025-05-21,RJP_0094,0,2025
2025-05-21 15:00:00+00:00,0.0,31.6,58.54,3.7,20,2025-05-21,RJP_0094,0,2025
2025-05-21 16:00:00+00:00,0.0,30.87,59.26,4.3,21,2025-05-21,RJP_0094,0,2025
2025-05-21 17:00:00+00:00,0.0,30.16,61.0,4.74,22,2025-05-21,RJP_0094,0,2025
2025-05-21 18:00:00+00:00,0.0,29.46,63.44,5.01,23,2025-05-21,RJP_0094,0,2025
2025-05-21 19:00:00+00:00,0.0,28.75,66.5,5.06,0,2025-05-22,RJP_0094,0,2025
2025-05-21 20:00:00+00:00,0.0,28.15,69.43,4.85,1,2025-05-22,RJP_0094,0,2025
2025-05-21 21:00:00+00:00,0.0,27.57,72.85,4.12,2,2025-05-22,RJP_0094,0,2025
2025-05-21 22:00:00+00:00,0.0,27.0,76.83,3.26,3,2025-05-22,RJP_0094,0,2025
2025-05-21 23:00:00+00:00,0.0,26.5,80.21,2.89,4,2025-05-22,RJP_0094,0,2025
2025-05-22 00:00:00+00:00,16.08,26.24,81.76,3.4,5,2025-05-22,RJP_0094,0,2025
2025-05-22 01:00:00+00:00,148.07,27.41,76.71,4.62,6,2025-05-22,RJP_0094,0,2025
2025-05-22 02:00:00+00:00,335.85,30.31,64.65,5.37,7,2025-05-22,RJP_0094,0,2025
2025-05-22 03:00:00+00:00,538.05,33.21,53.88,5.5,8,2025-05-22,RJP_0094,0,2025
2025-05-22 04:00:00+00:00,714.75,35.39,47.1,5.02,9,2025-05-22,RJP_0094,0,2025
2025-05-22 05:00:00+00:00,845.53,37.04,42.47,4.43,10,2025-05-22,RJP_0094,0,2025
2025-05-22 06:00:00+00:00,933.92,38.3,39.14,3.97,11,2025-05-22,RJP_0094,0,2025
2025-05-22 07:00:00+00:00,945.3,39.2,36.63,3.67,12,2025-05-22,RJP_0094,0,2025
2025-05-22 08:00:00+00:00,879.35,39.7,35.01,3.6,13,2025-05-22,RJP_0094,0,2025
2025-05-22 09:00:00+00:00,725.12,39.78,34.33,3.63,14,2025-05-22,RJP_0094,0,2025
2025-05-22 10:00:00+00:00,546.25,39.47,34.35,3.89,15,2025-05-22,RJP_0094,0,2025
2025-05-22 11:00:00+00:00,301.05,38.44,36.03,4.22,16,2025-05-22,RJP_0094,0,2025
2025-05-22 12:00:00+00:00,124.28,36.87,40.65,3.89,17,2025-05-22,RJP_0094,0,2025
2025-05-22 13:00:00+00:00,9.88,34.26,55.14,2.42,18,2025-05-22,RJP_0094,0,2025
2025-05-22 14:00:00+00:00,0.0,32.76,62.44,1.87,19,2025-05-22,RJP_0094,0,2025
2025-05-22 15:00:00+00:00,0.0,31.3,65.14,1.65,20,2025-05-22,RJP_0094,0,2025
2025-05-22 16:00:00+00:00,0.0,29.87,70.01,2.29,21,2025-05-22,RJP_0094,0,2025
2025-05-22 17:00:00+00:00,0.0,28.62,75.27,4.34,22,2025-05-22,RJP_0094,0,2025
2025-05-22 18:00:00+00:00,0.0,27.89,79.33,5.55,23,2025-05-22,RJP_0094,0,2025
2025-05-22 19:00:00+00:00,0.0,27.57,80.76,5.98,0,2025-05-23,RJP_0094,0,2025
2025-05-22 20:00:00+00:00,0.0,27.38,80.98,4.9,1,2025-05-23,RJP_0094,0,2025
2025-05-22 21:00:00+00:00,0.0,27.22,81.9,2.66,2,2025-05-23,RJP_0094,0,2025
2025-05-22 22:00:00+00:00,0.0,27.1,82.34,1.56,3,2025-05-23,RJP_0094,0,2025
2025-05-22 23:00:00+00:00,0.0,26.83,83.33,1.55,4,2025-05-23,RJP_0094,0,2025
2025-05-23 00:00:00+00:00,14.43,26.75,82.7,1.49,5,2025-05-23,RJP_0094,0,2025
2025-05-23 01:00:00+00:00,131.73,27.61,73.72,1.6,6,2025-05-23,RJP_0094,0,2025
2025-05-23 02:00:00+00:00,303.27,29.67,62.55,2.18,7,2025-05-23,RJP_0094,0,2025
2025-05-23 03:00:00+00:00,500.88,32.61,51.7,4.11,8,2025-05-23,RJP_0094,0,2025
2025-05-23 04:00:00+00:00,677.15,35.15,44.06,4.56,9,2025-05-23,RJP_0094,0,2025
2025-05-23 05:00:00+00:00,809.8,37.42,37.47,3.87,10,2025-05-23,RJP_0094,0,2025
2025-05-23 06:00:00+00:00,938.8,39.07,32.77,2.86,11,2025-05-23,RJP_0094,0,2025
2025-05-23 07:00:00+00:00,949.33,40.25,29.62,2.07,12,2025-05-23,RJP_0094,0,2025
2025-05-23 08:00:00+00:00,893.12,40.95,27.66,1.68,13,2025-05-23,RJP_0094,0,2025
2025-05-23 09:00:00+00:00,760.38,41.26,26.52,1.63,14,2025-05-23,RJP_0094,0,2025
2025-05-23 10:00:00+00:00,577.22,41.2,25.98,1.76,15,2025-05-23,RJP_0094,0,2025
2025-05-23 11:00:00+00:00,362.73,40.59,26.45,2.21,16,2025-05-23,RJP_0094,0,2025
2025-05-23 12:00:00+00:00,162.8,38.66,32.57,2.66,17,2025-05-23,RJP_0094,0,2025
2025-05-23 13:00:00+00:00,15.55,35.71,44.4,3.68,18,2025-05-23,RJP_0094,0,2025
2025-05-23 14:00:00+00:00,0.0,33.86,48.63,4.91,19,2025-05-23,RJP_0094,0,2025
2025-05-23 15:00:00+00:00,0.0,32.52,53.02,5.23,20,2025-05-23,RJP_0094,0,2025
2025-05-23 16:00:00+00:00,0.0,31.3,58.41,5.11,21,2025-05-23,RJP_0094,0,2025
2025-05-23 17:00:00+00:00,0.0,30.33,62.24,5.24,22,2025-05-23,RJP_0094,0,2025
2025-05-23 18:00:00+00:00,0.0,29.42,66.38,5.04,23,2025-05-23,RJP_0094,0,2025
2025-05-23 19:00:00+00:00,0.0,28.64,70.86,4.43,0,2025-05-24,RJP_0094,0,2025
2025-05-23 20:00:00+00:00,0.0,28.01,74.31,4.0,1,2025-05-24,RJP_0094,0,2025
2025-05-23 21:00:00+00:00,0.0,27.49,76.87,3.62,2,2025-05-24,RJP_0094,0,2025
2025-05-23 22:00:00+00:00,0.0,27.1,79.07,3.24,3,2025-05-24,RJP_0094,0,2025
2025-05-23 23:00:00+00:00,0.0,26.78,81.19,2.93,4,2025-05-24,RJP_0094,0,2025
2025-05-24 00:00:00+00:00,15.88,26.79,81.98,2.84,5,2025-05-24,RJP_0094,0,2025
2025-05-24 01:00:00+00:00,137.3,28.35,73.83,3.71,6,2025-05-24,RJP_0094,0,2025
2025-05-24 02:00:00+00:00,324.08,31.35,61.21,4.02,7,2025-05-24,RJP_0094,0,2025
2025-05-24 03:00:00+00:00,529.92,34.22,49.85,4.48,8,2025-05-24,RJP_0094,0,2025
2025-05-24 04:00:00+00:00,704.5,36.46,42.33,4.65,9,2025-05-24,RJP_0094,0,2025
2025-05-24 05:00:00+00:00,841.12,38.23,37.05,4.45,10,2025-05-24,RJP_0094,0,2025
2025-05-24 06:00:00+00:00,912.95,39.78,32.57,4.01,11,2025-05-24,RJP_0094,0,2025
2025-05-24 07:00:00+00:00,940.88,41.04,28.71,3.51,12,2025-05-24,RJP_0094,0,2025
2025-05-24 08:00:00+00:00,871.45,41.96,25.51,3.16,13,2025-05-24,RJP_0094,0,2025
2025-05-24 09:00:00+00:00,740.8,42.35,23.23,3.07,14,2025-05-24,RJP_0094,0,2025
2025-05-24 10:00:00+00:00,557.17,42.19,22.01,3.25,15,2025-05-24,RJP_0094,0,2025
2025-05-24 11:00:00+00:00,337.95,41.36,22.45,3.93,16,2025-05-24,RJP_0094,0,2025
2025-05-24 12:00:00+00:00,144.15,39.28,27.35,5.01,17,2025-05-24,RJP_0094,0,2025
2025-05-24 13:00:00+00:00,14.68,35.55,40.44,6.51,18,2025-05-24,RJP_0094,0,2025
2025-05-24 14:00:00+00:00,0.0,32.77,49.87,7.78,19,2025-05-24,RJP_0094,0,2025
2025-05-24 15:00:00+00:00,0.0,31.22,56.89,7.87,20,2025-05-24,RJP_0094,0,2025
2025-05-24 16:00:00+00:00,0.0,30.09,62.37,7.29,21,2025-05-24,RJP_0094,0,2025
2025-05-24 17:00:00+00:00,0.0,29.29,66.09,6.63,22,2025-05-24,RJP_0094,0,2025
2025-05-24 18:00:00+00:00,0.0,28.62,69.27,6.04,23,2025-05-24,RJP_0094,0,2025
2025-05-24 19:00:00+00:00,0.0,28.0,72.28,5.54,0,2025-05-25,RJP_0094,0,2025
2025-05-24 20:00:00+00:00,0.0,27.43,75.34,5.19,1,2025-05-25,RJP_0094,0,2025
2025-05-24 21:00:00+00:00,0.0,26.89,78.45,4.71,2,2025-05-25,RJP_0094,0,2025
2025-05-24 22:00:00+00:00,0.0,26.44,81.42,4.19,3,2025-05-25,RJP_0094,0,2025
2025-05-24 23:00:00+00:00,0.0,26.07,83.99,3.76,4,2025-05-25,RJP_0094,0,2025
2025-05-25 00:00:00+00:00,16.5,25.89,85.28,3.77,5,2025-05-25,RJP_0094,0,2025
2025-05-25 01:00:00+00:00,144.82,27.17,78.47,4.32,6,2025-05-25,RJP_0094,0,2025
2025-05-25 02:00:00+00:00,338.38,29.75,64.87,4.78,7,2025-05-25,RJP_0094,0,2025
2025-05-25 03:00:00+00:00,557.17,32.46,53.12,4.82,8,2025-05-25,RJP_0094,0,2025
2025-05-25 04:00:00+00:00,741.97,34.66,45.15,4.5,9,2025-05-25,RJP_0094,0,2025
2025-05-25 05:00:00+00:00,871.08,36.53,39.17,4.1,10,2025-05-25,RJP_0094,0,2025
2025-05-25 06:00:00+00:00,939.75,38.11,34.57,3.61,11,2025-05-25,RJP_0094,0,2025
2025-05-25 07:00:00+00:00,929.35,39.33,31.19,3.05,12,2025-05-25,RJP_0094,0,2025
2025-05-25 08:00:00+00:00,841.53,40.15,28.8,2.4,13,2025-05-25,RJP_0094,0,2025
2025-05-25 09:00:00+00:00,725.2,40.39,27.57,1.89,14,2025-05-25,RJP_0094,0,2025
2025-05-25 10:00:00+00:00,542.55,40.02,27.61,1.78,15,2025-05-25,RJP_0094,0,2025
2025-05-25 11:00:00+00:00,313.58,39.19,28.77,2.07,16,2025-05-25,RJP_0094,0,2025
2025-05-25 12:00:00+00:00,128.52,37.78,32.89,2.43,17,2025-05-25,RJP_0094,0,2025
2025-05-25 13:00:00+00:00,13.15,35.13,45.82,2.37,18,2025-05-25,RJP_0094,0,2025
2025-05-25 14:00:00+00:00,0.0,33.55,49.36,3.01,19,2025-05-25,RJP_0094,0,2025
2025-05-25 15:00:00+00:00,0.0,32.71,50.85,3.4,20,2025-05-25,RJP_0094,0,2025
2025-05-25 16:00:00+00:00,0.0,31.92,53.81,3.35,21,2025-05-25,RJP_0094,0,2025
2025-05-25 17:00:00+00:00,0.0,31.24,57.05,3.05,22,2025-05-25,RJP_0094,0,2025
2025-05-25 18:00:00+00:00,0.0,30.63,59.9,2.88,23,2025-05-25,RJP_0094,0,2025
2025-05-25 19:00:00+00:00,0.0,29.98,62.03,3.31,0,2025-05-26,RJP_0094,0,2025
2025-05-25 20:00:00+00:00,0.0,29.3,64.71,4.09,1,2025-05-26,RJP_0094,0,2025
2025-05-25 21:00:00+00:00,0.0,28.64,67.95,4.45,2,2025-05-26,RJP_0094,0,2025
2025-05-25 22:00:00+00:00,0.0,27.88,72.19,4.08,3,2025-05-26,RJP_0094,0,2025
2025-05-25 23:00:00+00:00,0.0,27.24,76.1,3.54,4,2025-05-26,RJP_0094,0,2025
2025-05-26 00:00:00+00:00,17.48,26.86,78.78,3.22,5,2025-05-26,RJP_0094,0,2025
2025-05-26 01:00:00+00:00,146.65,27.97,72.85,3.9,6,2025-05-26,RJP_0094,0,2025
2025-05-26 02:00:00+00:00,335.05,30.48,59.51,4.28,7,2025-05-26,RJP_0094,0,2025
2025-05-26 03:00:00+00:00,526.95,33.13,48.22,3.77,8,2025-05-26,RJP_0094,0,2025
2025-05-26 04:00:00+00:00,718.28,35.44,40.66,3.05,9,2025-05-26,RJP_0094,0,2025
2025-05-26 05:00:00+00:00,871.78,37.28,35.67,2.4,10,2025-05-26,RJP_0094,0,2025
2025-05-26 06:00:00+00:00,878.55,38.9,31.91,1.98,11,2025-05-26,RJP_0094,0,2025
2025-05-26 07:00:00+00:00,756.62,40.07,29.26,1.79,12,2025-05-26,RJP_0094,0,2025
2025-05-26 08:00:00+00:00,770.5,40.87,27.24,1.7,13,2025-05-26,RJP_0094,0,2025
2025-05-26 09:00:00+00:00,631.35,41.24,25.81,1.68,14,2025-05-26,RJP_0094,0,2025
2025-05-26 10:00:00+00:00,463.85,41.24,24.9,1.71,15,2025-05-26,RJP_0094,0,2025
2025-05-26 11:00:00+00:00,279.62,40.81,24.68,1.84,16,2025-05-26,RJP_0094,0,2025
2025-05-26 12:00:00+00:00,124.65,39.75,26.57,2.08,17,2025-05-26,RJP_0094,0,2025
2025-05-26 13:00:00+00:00,14.45,36.87,38.75,2.25,18,2025-05-26,RJP_0094,0,2025
2025-05-26 14:00:00+00:00,0.0,35.41,40.43,3.7,19,2025-05-26,RJP_0094,0,2025
2025-05-26 15:00:00+00:00,0.0,34.41,42.17,4.86,20,2025-05-26,RJP_0094,0,2025
2025-05-26 16:00:00+00:00,0.0,33.27,46.12,5.21,21,2025-05-26,RJP_0094,0,2025
2025-05-26 17:00:00+00:00,0.0,32.14,50.01,4.99,22,2025-05-26,RJP_0094,0,2025
2025-05-26 18:00:00+00:00,0.0,31.26,52.86,4.77,23,2025-05-26,RJP_0094,0,2025
2025-05-26 19:00:00+00:00,0.0,30.33,56.14,4.37,0,2025-05-27,RJP_0094,0,2025
2025-05-26 20:00:00+00:00,0.0,29.48,59.25,4.16,1,2025-05-27,RJP_0094,0,2025
2025-05-26 21:00:00+00:00,0.0,28.73,62.33,4.0,2,2025-05-27,RJP_0094,0,2025
2025-05-26 22:00:00+00:00,0.0,28.12,65.26,3.99,3,2025-05-27,RJP_0094,0,2025
2025-05-26 23:00:00+00:00,0.0,27.64,68.77,4.14,4,2025-05-27,RJP_0094,0,2025
2025-05-27 00:00:00+00:00,15.4,27.4,72.18,4.49,5,2025-05-27,RJP_0094,0,2025
2025-05-27 01:00:00+00:00,115.97,28.52,69.88,5.26,6,2025-05-27,RJP_0094,0,2025
2025-05-27 02:00:00+00:00,265.17,30.9,61.54,5.78,7,2025-05-27,RJP_0094,0,2025
2025-05-27 03:00:00+00:00,408.65,33.55,51.31,5.65,8,2025-05-27,RJP_0094,0,2025
2025-05-27 04:00:00+00:00,546.7,36.21,41.11,5.44,9,2025-05-27,RJP_0094,0,2025
2025-05-27 05:00:00+00:00,641.33,38.3,34.2,5.3,10,2025-05-27,RJP_0094,0,2025
2025-05-27 06:00:00+00:00,641.53,39.87,29.63,5.21,11,2025-05-27,RJP_0094,0,2025
2025-05-27 07:00:00+00:00,676.42,40.94,26.77,5.1,12,2025-05-27,RJP_0094,0,2025
2025-05-27 08:00:00+00:00,657.83,41.6,25.0,4.98,13,2025-05-27,RJP_0094,0,2025
2025-05-27 09:00:00+00:00,456.65,41.72,24.14,5.04,14,2025-05-27,RJP_0094,0,2025
2025-05-27 10:00:00+00:00,327.6,41.25,24.24,5.23,15,2025-05-27,RJP_0094,0,2025
2025-05-27 11:00:00+00:00,194.48,40.18,26.0,5.39,16,2025-05-27,RJP_0094,0,2025
2025-05-27 12:00:00+00:00,89.75,38.28,30.92,5.21,17,2025-05-27,RJP_0094,0,2025
2025-05-27 13:00:00+00:00,11.98,36.17,37.89,5.79,18,2025-05-27,RJP_0094,0,2025
2025-05-27 14:00:00+00:00,0.0,34.4,43.97,6.63,19,2025-05-27,RJP_0094,0,2025
2025-05-27 15:00:00+00:00,0.0,32.96,49.36,7.08,20,2025-05-27,RJP_0094,0,2025
2025-05-27 16:00:00+00:00,0.0,31.86,54.53,7.06,21,2025-05-27,RJP_0094,0,2025
2025-05-27 17:00:00+00:00,0.0,30.79,60.29,7.02,22,2025-05-27,RJP_0094,0,2025
2025-05-27 18:00:00+00:00,0.0,29.79,65.86,7.61,23,2025-05-27,RJP_0094,0,2025
2025-05-27 19:00:00+00:00,0.0,29.07,69.9,8.04,0,2025-05-28,RJP_0094,0,2025
2025-05-27 20:00:00+00:00,0.0,28.65,72.7,7.73,1,2025-05-28,RJP_0094,0,2025
2025-05-27 21:00:00+00:00,0.0,28.32,74.92,7.06,2,2025-05-28,RJP_0094,0,2025
2025-05-27 22:00:00+00:00,0.0,28.1,75.36,6.5,3,2025-05-28,RJP_0094,0,2025
2025-05-27 23:00:00+00:00,0.0,27.9,75.43,5.89,4,2025-05-28,RJP_0094,0,2025
2025-05-28 00:00:00+00:00,14.07,27.73,75.56,5.55,5,2025-05-28,RJP_0094,0,2025
2025-05-28 01:00:00+00:00,110.85,28.73,68.92,6.4,6,2025-05-28,RJP_0094,0,2025
2025-05-28 02:00:00+00:00,261.62,30.8,57.63,6.67,7,2025-05-28,RJP_0094,0,2025
2025-05-28 03:00:00+00:00,450.4,33.29,47.37,6.03,8,2025-05-28,RJP_0094,0,2025
2025-05-28 04:00:00+00:00,619.75,35.96,38.77,5.15,9,2025-05-28,RJP_0094,0,2025
2025-05-28 05:00:00+00:00,749.67,38.43,32.62,4.33,10,2025-05-28,RJP_0094,0,2025
2025-05-28 06:00:00+00:00,736.08,40.28,28.83,3.81,11,2025-05-28,RJP_0094,0,2025
2025-05-28 07:00:00+00:00,777.88,41.46,26.69,3.64,12,2025-05-28,RJP_0094,0,2025
2025-05-28 08:00:00+00:00,708.47,41.87,26.0,3.77,13,2025-05-28,RJP_0094,0,2025
2025-05-28 09:00:00+00:00,422.08,41.36,26.55,4.19,14,2025-05-28,RJP_0094,0,2025
2025-05-28 10:00:00+00:00,167.0,40.57,27.45,4.86,15,2025-05-28,RJP_0094,0,2025
2025-05-28 11:00:00+00:00,91.88,39.28,29.54,5.33,16,2025-05-28,RJP_0094,0,2025
2025-05-28 12:00:00+00:00,40.7,37.64,33.33,5.06,17,2025-05-28,RJP_0094,0,2025
2025-05-28 13:00:00+00:00,5.03,35.48,39.74,4.49,18,2025-05-28,RJP_0094,0,2025
2025-05-28 14:00:00+00:00,0.0,33.54,45.66,4.53,19,2025-05-28,RJP_0094,0,2025
2025-05-28 15:00:00+00:00,0.0,31.76,52.58,4.45,20,2025-05-28,RJP_0094,0,2025
2025-05-28 16:00:00+00:00,0.0,30.03,61.9,4.72,21,2025-05-28,RJP_0094,0,2025
2025-05-28 17:00:00+00:00,0.0,28.46,71.12,5.23,22,2025-05-28,RJP_0094,0,2025
2025-05-28 18:00:00+00:00,0.0,27.25,78.47,5.65,23,2025-05-28,RJP_0094,0,2025
2025-05-28 19:00:00+00:00,0.0,26.51,82.23,5.74,0,2025-05-29,RJP_0094,0,2025
2025-05-28 20:00:00+00:00,0.0,25.98,84.19,5.24,1,2025-05-29,RJP_0094,0,2025
2025-05-28 21:00:00+00:00,0.0,25.56,85.32,4.1,2,2025-05-29,RJP_0094,0,2025
2025-05-28 22:00:00+00:00,0.0,25.28,85.13,3.03,3,2025-05-29,RJP_0094,0,2025
2025-05-28 23:00:00+00:00,0.0,25.09,84.32,2.34,4,2025-05-29,RJP_0094,0,2025
2025-05-29 00:00:00+00:00,9.4,25.03,82.53,2.32,5,2025-05-29,RJP_0094,0,2025
2025-05-29 01:00:00+00:00,58.88,25.7,76.81,2.71,6,2025-05-29,RJP_0094,0,2025
2025-05-29 02:00:00+00:00,119.1,27.31,68.46,2.73,7,2025-05-29,RJP_0094,0,2025
2025-05-29 03:00:00+00:00,261.33,29.78,58.11,2.96,8,2025-05-29,RJP_0094,0,2025
2025-05-29 04:00:00+00:00,456.3,32.02,49.9,2.91,9,2025-05-29,RJP_0094,0,2025
2025-05-29 05:00:00+00:00,550.03,33.83,44.54,2.76,10,2025-05-29,RJP_0094,0,2025
2025-05-29 06:00:00+00:00,764.17,35.5,40.39,2.94,11,2025-05-29,RJP_0094,0,2025
2025-05-29 07:00:00+00:00,651.67,36.66,37.65,3.32,12,2025-05-29,RJP_0094,0,2025
2025-05-29 08:00:00+00:00,522.28,37.35,35.94,3.75,13,2025-05-29,RJP_0094,0,2025
2025-05-29 09:00:00+00:00,483.9,37.49,35.28,3.98,14,2025-05-29,RJP_0094,0,2025
2025-05-29 10:00:00+00:00,431.15,37.49,34.96,4.13,15,2025-05-29,RJP_0094,0,2025
2025-05-29 11:00:00+00:00,267.27,36.89,35.77,4.35,16,2025-05-29,RJP_0094,0,2025
2025-05-29 12:00:00+00:00,123.82,35.59,38.71,4.54,17,2025-05-29,RJP_0094,0,2025
2025-05-29 13:00:00+00:00,15.65,32.8,50.11,3.83,18,2025-05-29,RJP_0094,0,2025
2025-05-29 14:00:00+00:00,0.0,31.02,55.56,4.76,19,2025-05-29,RJP_0094,0,2025
2025-05-29 15:00:00+00:00,0.0,29.92,59.27,5.26,20,2025-05-29,RJP_0094,0,2025
2025-05-29 16:00:00+00:00,0.0,28.93,63.69,5.12,21,2025-05-29,RJP_0094,0,2025
2025-05-29 17:00:00+00:00,0.0,28.17,67.56,4.9,22,2025-05-29,RJP_0094,0,2025
2025-05-29 18:00:00+00:00,0.0,27.54,71.26,4.98,23,2025-05-29,RJP_0094,0,2025
2025-05-29 19:00:00+00:00,0.0,26.96,75.35,5.33,0,2025-05-30,RJP_0094,0,2025
2025-05-29 20:00:00+00:00,0.0,26.41,80.65,5.7,1,2025-05-30,RJP_0094,0,2025
2025-05-29 21:00:00+00:00,0.0,26.05,86.19,5.94,2,2025-05-30,RJP_0094,0,2025
2025-05-29 22:00:00+00:00,0.0,25.88,89.92,5.52,3,2025-05-30,RJP_0094,0,2025
2025-05-29 23:00:00+00:00,0.0,25.79,91.8,4.8,4,2025-05-30,RJP_0094,0,2025
2025-05-30 00:00:00+00:00,11.3,25.85,92.19,4.54,5,2025-05-30,RJP_0094,0,2025
2025-05-30 01:00:00+00:00,97.03,26.96,85.86,5.24,6,2025-05-30,RJP_0094,0,2025
2025-05-30 02:00:00+00:00,228.77,28.89,74.69,5.43,7,2025-05-30,RJP_0094,0,2025
2025-05-30 03:00:00+00:00,446.62,31.21,62.0,5.59,8,2025-05-30,RJP_0094,0,2025
2025-05-30 04:00:00+00:00,666.62,33.79,49.29,5.91,9,2025-05-30,RJP_0094,0,2025
2025-05-30 05:00:00+00:00,845.05,35.93,40.43,6.17,10,2025-05-30,RJP_0094,0,2025
2025-05-30 06:00:00+00:00,907.42,37.47,34.97,6.48,11,2025-05-30,RJP_0094,0,2025
2025-05-30 07:00:00+00:00,914.08,38.54,31.24,6.85,12,2025-05-30,RJP_0094,0,2025
2025-05-30 08:00:00+00:00,853.67,39.2,28.24,7.25,13,2025-05-30,RJP_0094,0,2025
2025-05-30 09:00:00+00:00,713.55,39.38,26.01,7.37,14,2025-05-30,RJP_0094,0,2025
2025-05-30 10:00:00+00:00,519.38,39.01,24.85,7.34,15,2025-05-30,RJP_0094,0,2025
2025-05-30 11:00:00+00:00,306.67,38.08,25.21,7.16,16,2025-05-30,RJP_0094,0,2025
2025-05-30 12:00:00+00:00,127.72,36.31,28.97,5.84,17,2025-05-30,RJP_0094,0,2025
2025-05-30 13:00:00+00:00,14.7,32.59,43.06,3.8,18,2025-05-30,RJP_0094,0,2025
2025-05-30 14:00:00+00:00,0.0,30.72,49.46,3.97,19,2025-05-30,RJP_0094,0,2025
2025-05-30 15:00:00+00:00,0.0,30.03,51.14,4.87,20,2025-05-30,RJP_0094,0,2025
2025-05-30 16:00:00+00:00,0.0,29.42,54.46,6.27,21,2025-05-30,RJP_0094,0,2025
2025-05-30 17:00:00+00:00,0.0,28.46,63.01,7.09,22,2025-05-30,RJP_0094,0,2025
2025-05-30 18:00:00+00:00,0.0,27.44,74.77,7.18,23,2025-05-30,RJP_0094,0,2025
2025-05-30 19:00:00+00:00,0.0,26.64,83.82,6.8,0,2025-05-31,RJP_0094,0,2025
2025-05-30 20:00:00+00:00,0.0,26.12,88.53,6.67,1,2025-05-31,RJP_0094,0,2025
2025-05-30 21:00:00+00:00,0.0,25.78,91.15,6.41,2,2025-05-31,RJP_0094,0,2025
2025-05-30 22:00:00+00:00,0.0,25.52,92.78,6.13,3,2025-05-31,RJP_0094,0,2025
2025-05-30 23:00:00+00:00,0.0,25.29,92.93,6.16,4,2025-05-31,RJP_0094,0,2025
2025-05-31 00:00:00+00:00,16.2,25.17,92.05,6.32,5,2025-05-31,RJP_0094,0,2025
2025-05-31 01:00:00+00:00,116.82,26.07,84.69,7.05,6,2025-05-31,RJP_0094,0,2025
2025-05-31 02:00:00+00:00,259.85,27.87,72.51,7.18,7,2025-05-31,RJP_0094,0,2025
2025-05-31 03:00:00+00:00,491.3,30.11,59.38,7.4,8,2025-05-31,RJP_0094,0,2025
2025-05-31 04:00:00+00:00,700.72,32.45,47.79,7.75,9,2025-05-31,RJP_0094,0,2025
2025-05-31 05:00:00+00:00,839.5,34.51,39.57,8.12,10,2025-05-31,RJP_0094,0,2025
2025-05-31 06:00:00+00:00,966.55,36.02,34.77,8.52,11,2025-05-31,RJP_0094,0,2025
2025-05-31 07:00:00+00:00,959.38,36.94,32.16,8.9,12,2025-05-31,RJP_0094,0,2025
2025-05-31 08:00:00+00:00,888.08,37.39,30.69,9.24,13,2025-05-31,RJP_0094,0,2025
2025-05-31 09:00:00+00:00,752.2,37.42,30.05,9.19,14,2025-05-31,RJP_0094,0,2025
2025-05-31 10:00:00+00:00,568.05,37.11,30.19,8.81,15,2025-05-31,RJP_0094,0,2025
2025-05-31 11:00:00+00:00,350.23,36.39,30.99,8.31,16,2025-05-31,RJP_0094,0,2025
2025-05-31 12:00:00+00:00,147.23,35.19,33.3,7.22,17,2025-05-31,RJP_0094,0,2025
2025-05-31 13:00:00+00:00,17.52,32.74,41.63,5.13,18,2025-05-31,RJP_0094,0,2025
2025-05-31 14:00:00+00:00,0.0,31.32,47.57,5.67,19,2025-05-31,RJP_0094,0,2025
2025-05-31 15:00:00+00:00,0.0,30.41,52.93,7.39,20,2025-05-31,RJP_0094,0,2025
2025-05-31 16:00:00+00:00,0.0,29.25,60.91,8.31,21,2025-05-31,RJP_0094,0,2025
2025-05-31 17:00:00+00:00,0.0,28.07,68.93,8.7,22,2025-05-31,RJP_0094,0,2025
2025-05-31 18:00:00+00:00,0.0,27.0,76.02,8.42,23,2025-05-31,RJP_0094,0,2025
2025-05-31 19:00:00+00:00,0.0,26.29,80.8,8.07,0,2025-06-01,RJP_0094,0,2025
2025-05-31 20:00:00+00:00,0.0,25.82,84.06,7.46,1,2025-06-01,RJP_0094,0,2025
2025-05-31 21:00:00+00:00,0.0,25.54,86.01,6.97,2,2025-06-01,RJP_0094,0,2025
2025-05-31 22:00:00+00:00,0.0,25.3,87.62,6.55,3,2025-06-01,RJP_0094,0,2025
2025-05-31 23:00:00+00:00,0.0,25.03,89.3,5.99,4,2025-06-01,RJP_0094,0,2025
2025-06-01 00:00:00+00:00,18.27,24.83,90.51,5.57,5,2025-06-01,RJP_0094,0,2025
2025-06-01 01:00:00+00:00,142.9,25.8,83.97,6.73,6,2025-06-01,RJP_0094,0,2025
2025-06-01 02:00:00+00:00,327.17,27.67,71.74,7.6,7,2025-06-01,RJP_0094,0,2025
2025-06-01 03:00:00+00:00,530.2,29.7,61.11,7.9,8,2025-06-01,RJP_0094,0,2025
2025-06-01 04:00:00+00:00,728.22,31.68,52.67,8.17,9,2025-06-01,RJP_0094,0,2025
2025-06-01 05:00:00+00:00,867.1,33.46,46.18,8.38,10,2025-06-01,RJP_0094,0,2025
2025-06-01 06:00:00+00:00,977.25,34.94,41.0,8.55,11,2025-06-01,RJP_0094,0,2025
2025-06-01 07:00:00+00:00,969.78,35.98,37.24,8.7,12,2025-06-01,RJP_0094,0,2025
2025-06-01 08:00:00+00:00,904.05,36.61,34.63,8.79,13,2025-06-01,RJP_0094,0,2025
2025-06-01 09:00:00+00:00,774.75,36.77,33.1,8.68,14,2025-06-01,RJP_0094,0,2025
2025-06-01 10:00:00+00:00,588.17,36.49,32.64,8.41,15,2025-06-01,RJP_0094,0,2025
2025-06-01 11:00:00+00:00,344.77,35.74,33.23,8.06,16,2025-06-01,RJP_0094,0,2025
2025-06-01 12:00:00+00:00,144.1,34.49,35.36,7.28,17,2025-06-01,RJP_0094,0,2025
2025-06-01 13:00:00+00:00,16.05,32.23,43.09,5.07,18,2025-06-01,RJP_0094,0,2025
2025-06-01 14:00:00+00:00,0.0,30.74,49.67,5.03,19,2025-06-01,RJP_0094,0,2025
2025-06-01 15:00:00+00:00,0.0,30.1,53.42,6.23,20,2025-06-01,RJP_0094,0,2025
2025-06-01 16:00:00+00:00,0.0,29.18,59.83,6.94,21,2025-06-01,RJP_0094,0,2025
2025-06-01 17:00:00+00:00,0.0,28.18,67.53,7.22,22,2025-06-01,RJP_0094,0,2025
2025-06-01 18:00:00+00:00,0.0,27.27,75.15,7.33,23,2025-06-01,RJP_0094,0,2025
2025-06-01 19:00:00+00:00,0.0,26.67,80.53,7.33,0,2025-06-02,RJP_0094,0,2025
2025-06-01 20:00:00+00:00,0.0,26.25,84.84,6.37,1,2025-06-02,RJP_0094,0,2025
2025-06-01 21:00:00+00:00,0.0,26.05,86.65,6.2,2,2025-06-02,RJP_0094,0,2025
2025-06-01 22:00:00+00:00,0.0,25.91,86.37,6.41,3,2025-06-02,RJP_0094,0,2025
2025-06-01 23:00:00+00:00,0.0,25.49,88.16,5.77,4,2025-06-02,RJP_0094,0,2025
2025-06-02 00:00:00+00:00,13.15,25.18,89.78,5.54,5,2025-06-02,RJP_0094,0,2025
2025-06-02 01:00:00+00:00,89.32,26.23,83.67,6.79,6,2025-06-02,RJP_0094,0,2025
2025-06-02 02:00:00+00:00,204.77,28.16,71.38,7.44,7,2025-06-02,RJP_0094,0,2025
2025-06-02 03:00:00+00:00,345.12,30.04,60.48,7.29,8,2025-06-02,RJP_0094,0,2025
2025-06-02 04:00:00+00:00,619.25,31.75,52.64,7.14,9,2025-06-02,RJP_0094,0,2025
2025-06-02 05:00:00+00:00,833.3,33.18,47.37,6.96,10,2025-06-02,RJP_0094,0,2025
2025-06-02 06:00:00+00:00,939.38,34.29,43.71,6.84,11,2025-06-02,RJP_0094,0,2025
2025-06-02 07:00:00+00:00,826.85,35.1,40.68,6.81,12,2025-06-02,RJP_0094,0,2025
2025-06-02 08:00:00+00:00,827.67,35.6,38.44,6.78,13,2025-06-02,RJP_0094,0,2025
2025-06-02 09:00:00+00:00,704.67,35.59,37.29,6.81,14,2025-06-02,RJP_0094,0,2025
2025-06-02 10:00:00+00:00,534.0,35.22,37.29,6.93,15,2025-06-02,RJP_0094,0,2025
2025-06-02 11:00:00+00:00,299.4,34.37,38.69,7.07,16,2025-06-02,RJP_0094,0,2025
2025-06-02 12:00:00+00:00,132.62,33.05,41.71,6.97,17,2025-06-02,RJP_0094,0,2025
2025-06-02 13:00:00+00:00,14.38,30.92,49.73,5.41,18,2025-06-02,RJP_0094,0,2025
2025-06-02 14:00:00+00:00,0.0,29.34,57.46,5.01,19,2025-06-02,RJP_0094,0,2025
2025-06-02 15:00:00+00:00,0.0,28.62,61.49,5.29,20,2025-06-02,RJP_0094,0,2025
2025-06-02 16:00:00+00:00,0.0,27.99,66.09,5.97,21,2025-06-02,RJP_0094,0,2025
2025-06-02 17:00:00+00:00,0.0,27.38,72.41,7.07,22,2025-06-02,RJP_0094,0,2025
2025-06-02 18:00:00+00:00,0.0,26.62,80.44,7.49,23,2025-06-02,RJP_0094,0,2025
2025-06-02 19:00:00+00:00,0.0,25.94,87.16,7.31,0,2025-06-03,RJP_0094,0,2025
2025-06-02 20:00:00+00:00,0.0,25.61,90.88,6.78,1,2025-06-03,RJP_0094,0,2025
2025-06-02 21:00:00+00:00,0.0,25.56,92.51,5.93,2,2025-06-03,RJP_0094,0,2025
2025-06-02 22:00:00+00:00,0.0,25.6,93.24,5.19,3,2025-06-03,RJP_0094,0,2025
2025-06-02 23:00:00+00:00,0.0,25.55,93.77,4.92,4,2025-06-03,RJP_0094,0,2025
2025-06-03 00:00:00+00:00,13.15,25.51,93.21,5.57,5,2025-06-03,RJP_0094,0,2025
2025-06-03 01:00:00+00:00,92.95,26.2,86.75,7.09,6,2025-06-03,RJP_0094,0,2025
2025-06-03 02:00:00+00:00,201.4,27.57,76.12,7.95,7,2025-06-03,RJP_0094,0,2025
2025-06-03 03:00:00+00:00,375.62,29.07,67.08,7.97,8,2025-06-03,RJP_0094,0,2025
2025-06-03 04:00:00+00:00,617.55,30.57,60.01,7.59,9,2025-06-03,RJP_0094,0,2025
2025-06-03 05:00:00+00:00,737.05,32.05,53.53,7.12,10,2025-06-03,RJP_0094,0,2025
2025-06-03 06:00:00+00:00,814.33,33.34,47.52,6.6,11,2025-06-03,RJP_0094,0,2025
2025-06-03 07:00:00+00:00,834.85,34.4,42.37,6.1,12,2025-06-03,RJP_0094,0,2025
2025-06-03 08:00:00+00:00,679.45,35.15,38.49,5.78,13,2025-06-03,RJP_0094,0,2025
2025-06-03 09:00:00+00:00,601.7,35.59,35.86,5.64,14,2025-06-03,RJP_0094,0,2025
2025-06-03 10:00:00+00:00,410.02,35.58,34.42,5.51,15,2025-06-03,RJP_0094,0,2025
2025-06-03 11:00:00+00:00,232.48,34.98,34.49,5.36,16,2025-06-03,RJP_0094,0,2025
2025-06-03 12:00:00+00:00,102.45,33.71,37.26,4.74,17,2025-06-03,RJP_0094,0,2025
2025-06-03 13:00:00+00:00,13.02,30.58,53.12,3.01,18,2025-06-03,RJP_0094,0,2025
2025-06-03 14:00:00+00:00,0.0,28.86,60.37,3.1,19,2025-06-03,RJP_0094,0,2025
2025-06-03 15:00:00+00:00,0.0,28.15,62.88,3.18,20,2025-06-03,RJP_0094,0,2025
2025-06-03 16:00:00+00:00,0.0,27.51,65.55,3.2,21,2025-06-03,RJP_0094,0,2025
2025-06-03 17:00:00+00:00,0.0,26.9,68.39,3.34,22,2025-06-03,RJP_0094,0,2025
2025-06-03 18:00:00+00:00,0.0,26.37,71.39,3.98,23,2025-06-03,RJP_0094,0,2025
2025-06-03 19:00:00+00:00,0.0,25.86,76.12,4.99,0,2025-06-04,RJP_0094,0,2025
2025-06-03 20:00:00+00:00,0.0,25.3,82.75,5.33,1,2025-06-04,RJP_0094,0,2025
2025-06-03 21:00:00+00:00,0.0,24.91,88.43,5.1,2,2025-06-04,RJP_0094,0,2025
2025-06-03 22:00:00+00:00,0.0,24.67,91.83,4.72,3,2025-06-04,RJP_0094,0,2025
2025-06-03 23:00:00+00:00,0.0,24.52,93.47,4.44,4,2025-06-04,RJP_0094,0,2025
2025-06-04 00:00:00+00:00,17.52,24.56,93.64,4.47,5,2025-06-04,RJP_0094,0,2025
2025-06-04 01:00:00+00:00,132.02,25.88,86.18,5.78,6,2025-06-04,RJP_0094,0,2025
2025-06-04 02:00:00+00:00,293.42,28.06,73.22,6.68,7,2025-06-04,RJP_0094,0,2025
2025-06-04 03:00:00+00:00,487.77,30.31,61.5,6.47,8,2025-06-04,RJP_0094,0,2025
2025-06-04 04:00:00+00:00,674.58,32.09,52.74,5.68,9,2025-06-04,RJP_0094,0,2025
2025-06-04 05:00:00+00:00,761.22,33.23,46.89,4.69,10,2025-06-04,RJP_0094,0,2025
2025-06-04 06:00:00+00:00,868.95,34.07,42.88,3.69,11,2025-06-04,RJP_0094,0,2025
2025-06-04 07:00:00+00:00,796.42,34.82,39.98,2.98,12,2025-06-04,RJP_0094,0,2025
2025-06-04 08:00:00+00:00,706.05,35.24,38.2,2.59,13,2025-06-04,RJP_0094,0,2025
2025-06-04 09:00:00+00:00,542.22,35.52,36.66,2.24,14,2025-06-04,RJP_0094,0,2025
2025-06-04 10:00:00+00:00,372.0,35.41,35.8,1.9,15,2025-06-04,RJP_0094,0,2025
2025-06-04 11:00:00+00:00,216.18,34.84,36.04,1.66,16,2025-06-04,RJP_0094,0,2025
2025-06-04 12:00:00+00:00,97.97,33.81,37.77,1.6,17,2025-06-04,RJP_0094,0,2025
2025-06-04 13:00:00+00:00,15.3,31.67,52.46,1.35,18,2025-06-04,RJP_0094,0,2025
2025-06-04 14:00:00+00:00,0.0,29.87,63.75,1.66,19,2025-06-04,RJP_0094,0,2025
2025-06-04 15:00:00+00:00,0.0,28.95,64.52,1.96,20,2025-06-04,RJP_0094,0,2025
2025-06-04 16:00:00+00:00,0.0,28.1,65.69,2.21,21,2025-06-04,RJP_0094,0,2025
2025-06-04 17:00:00+00:00,0.0,27.34,66.64,2.38,22,2025-06-04,RJP_0094,0,2025
2025-06-04 18:00:00+00:00,0.0,26.66,67.34,2.51,23,2025-06-04,RJP_0094,0,2025
2025-06-04 19:00:00+00:00,0.0,26.06,67.94,2.61,0,2025-06-05,RJP_0094,0,2025
2025-06-04 20:00:00+00:00,0.0,25.49,68.58,2.69,1,2025-06-05,RJP_0094,0,2025
2025-06-04 21:00:00+00:00,0.0,24.93,69.97,2.66,2,2025-06-05,RJP_0094,0,2025
2025-06-04 22:00:00+00:00,0.0,24.39,72.73,2.57,3,2025-06-05,RJP_0094,0,2025
2025-06-04 23:00:00+00:00,0.0,23.85,76.76,2.49,4,2025-06-05,RJP_0094,0,2025
2025-06-05 00:00:00+00:00,17.9,23.74,80.55,2.62,5,2025-06-05,RJP_0094,0,2025
2025-06-05 01:00:00+00:00,145.45,25.36,75.01,3.52,6,2025-06-05,RJP_0094,0,2025
2025-06-05 02:00:00+00:00,337.75,28.39,63.12,3.59,7,2025-06-05,RJP_0094,0,2025
2025-06-05 03:00:00+00:00,554.17,31.58,48.15,3.22,8,2025-06-05,RJP_0094,0,2025
2025-06-05 04:00:00+00:00,741.33,33.6,41.24,2.74,9,2025-06-05,RJP_0094,0,2025
2025-06-05 05:00:00+00:00,871.75,35.11,37.15,2.55,10,2025-06-05,RJP_0094,0,2025
2025-06-05 06:00:00+00:00,910.97,36.37,34.01,2.56,11,2025-06-05,RJP_0094,0,2025
2025-06-05 07:00:00+00:00,897.1,37.24,31.78,2.65,12,2025-06-05,RJP_0094,0,2025
2025-06-05 08:00:00+00:00,863.92,37.72,30.3,2.82,13,2025-06-05,RJP_0094,0,2025
2025-06-05 09:00:00+00:00,729.5,37.73,29.63,2.88,14,2025-06-05,RJP_0094,0,2025
2025-06-05 10:00:00+00:00,552.53,37.41,29.66,2.87,15,2025-06-05,RJP_0094,0,2025
2025-06-05 11:00:00+00:00,312.85,36.7,30.53,2.87,16,2025-06-05,RJP_0094,0,2025
2025-06-05 12:00:00+00:00,130.75,35.5,32.91,2.88,17,2025-06-05,RJP_0094,0,2025
2025-06-05 13:00:00+00:00,15.2,32.67,48.78,2.25,18,2025-06-05,RJP_0094,0,2025
2025-06-05 14:00:00+00:00,0.0,30.76,55.18,2.84,19,2025-06-05,RJP_0094,0,2025
2025-06-05 15:00:00+00:00,0.0,29.94,55.81,3.32,20,2025-06-05,RJP_0094,0,2025
2025-06-05 16:00:00+00:00,0.0,29.21,57.67,3.49,21,2025-06-05,RJP_0094,0,2025
2025-06-05 17:00:00+00:00,0.0,28.56,59.82,3.55,22,2025-06-05,RJP_0094,0,2025
2025-06-05 18:00:00+00:00,0.0,27.98,61.86,3.62,23,2025-06-05,RJP_0094,0,2025
2025-06-05 19:00:00+00:00,0.0,27.43,63.99,3.69,0,2025-06-06,RJP_0094,0,2025
2025-06-05 20:00:00+00:00,0.0,26.89,66.42,3.7,1,2025-06-06,RJP_0094,0,2025
2025-06-05 21:00:00+00:00,0.0,26.23,70.26,3.34,2,2025-06-06,RJP_0094,0,2025
2025-06-05 22:00:00+00:00,0.0,25.66,73.8,3.09,3,2025-06-06,RJP_0094,0,2025
2025-06-05 23:00:00+00:00,0.0,25.21,76.82,2.94,4,2025-06-06,RJP_0094,0,2025
2025-06-06 00:00:00+00:00,16.25,25.11,78.08,3.18,5,2025-06-06,RJP_0094,0,2025
2025-06-06 01:00:00+00:00,140.0,26.59,72.23,4.47,6,2025-06-06,RJP_0094,0,2025
2025-06-06 02:00:00+00:00,298.7,29.12,62.45,5.05,7,2025-06-06,RJP_0094,0,2025
2025-06-06 03:00:00+00:00,494.83,32.33,48.48,5.02,8,2025-06-06,RJP_0094,0,2025
2025-06-06 04:00:00+00:00,677.53,34.94,39.13,4.68,9,2025-06-06,RJP_0094,0,2025
2025-06-06 05:00:00+00:00,827.85,36.78,34.04,4.64,10,2025-06-06,RJP_0094,0,2025
2025-06-06 06:00:00+00:00,937.62,38.22,30.73,4.84,11,2025-06-06,RJP_0094,0,2025
2025-06-06 07:00:00+00:00,871.33,39.16,28.6,5.14,12,2025-06-06,RJP_0094,0,2025
2025-06-06 08:00:00+00:00,819.6,39.69,27.22,5.45,13,2025-06-06,RJP_0094,0,2025
2025-06-06 09:00:00+00:00,658.15,39.74,26.5,5.63,14,2025-06-06,RJP_0094,0,2025
2025-06-06 10:00:00+00:00,479.1,39.39,26.25,5.79,15,2025-06-06,RJP_0094,0,2025
2025-06-06 11:00:00+00:00,265.0,38.41,27.1,5.94,16,2025-06-06,RJP_0094,0,2025
2025-06-06 12:00:00+00:00,116.62,37.13,29.19,5.8,17,2025-06-06,RJP_0094,0,2025
2025-06-06 13:00:00+00:00,15.85,34.46,36.99,4.51,18,2025-06-06,RJP_0094,0,2025
2025-06-06 14:00:00+00:00,0.0,32.77,41.51,4.78,19,2025-06-06,RJP_0094,0,2025
2025-06-06 15:00:00+00:00,0.0,31.97,43.42,5.21,20,2025-06-06,RJP_0094,0,2025
2025-06-06 16:00:00+00:00,0.0,31.17,45.8,5.24,21,2025-06-06,RJP_0094,0,2025
2025-06-06 17:00:00+00:00,0.0,30.31,48.43,5.08,22,2025-06-06,RJP_0094,0,2025
2025-06-06 18:00:00+00:00,0.0,29.48,50.93,4.98,23,2025-06-06,RJP_0094,0,2025
2025-06-06 19:00:00+00:00,0.0,28.65,53.78,4.76,0,2025-06-07,RJP_0094,0,2025
2025-06-06 20:00:00+00:00,0.0,27.83,57.05,4.62,1,2025-06-07,RJP_0094,0,2025
2025-06-06 21:00:00+00:00,0.0,26.96,61.27,4.48,2,2025-06-07,RJP_0094,0,2025
2025-06-06 22:00:00+00:00,0.0,26.26,65.3,4.37,3,2025-06-07,RJP_0094,0,2025
2025-06-06 23:00:00+00:00,0.0,25.72,68.99,4.08,4,2025-06-07,RJP_0094,0,2025
2025-06-07 00:00:00+00:00,19.25,25.49,71.2,3.88,5,2025-06-07,RJP_0094,0,2025
2025-06-07 01:00:00+00:00,159.27,26.42,67.7,4.01,6,2025-06-07,RJP_0094,0,2025
2025-06-07 02:00:00+00:00,353.1,28.72,56.05,4.27,7,2025-06-07,RJP_0094,0,2025
2025-06-07 03:00:00+00:00,562.28,31.69,43.8,4.63,8,2025-06-07,RJP_0094,0,2025
2025-06-07 04:00:00+00:00,743.72,35.09,32.8,4.88,9,2025-06-07,RJP_0094,0,2025
2025-06-07 05:00:00+00:00,876.22,37.79,26.47,5.02,10,2025-06-07,RJP_0094,0,2025
2025-06-07 06:00:00+00:00,960.17,39.5,22.86,5.2,11,2025-06-07,RJP_0094,0,2025
2025-06-07 07:00:00+00:00,963.65,40.63,20.47,5.5,12,2025-06-07,RJP_0094,0,2025
2025-06-07 08:00:00+00:00,891.05,41.26,18.96,5.85,13,2025-06-07,RJP_0094,0,2025
2025-06-07 09:00:00+00:00,740.1,41.36,18.25,6.06,14,2025-06-07,RJP_0094,0,2025
2025-06-07 10:00:00+00:00,584.85,40.97,18.4,6.21,15,2025-06-07,RJP_0094,0,2025
2025-06-07 11:00:00+00:00,365.23,40.12,19.16,6.37,16,2025-06-07,RJP_0094,0,2025
2025-06-07 12:00:00+00:00,159.9,38.56,21.21,6.21,17,2025-06-07,RJP_0094,0,2025
2025-06-07 13:00:00+00:00,19.12,35.36,27.73,5.12,18,2025-06-07,RJP_0094,0,2025
2025-06-07 14:00:00+00:00,0.0,33.39,31.28,5.63,19,2025-06-07,RJP_0094,0,2025
2025-06-07 15:00:00+00:00,0.0,32.34,32.95,5.96,20,2025-06-07,RJP_0094,0,2025
2025-06-07 16:00:00+00:00,0.0,31.26,34.7,5.85,21,2025-06-07,RJP_0094,0,2025
2025-06-07 17:00:00+00:00,0.0,30.33,36.18,5.74,22,2025-06-07,RJP_0094,0,2025
2025-06-07 18:00:00+00:00,0.0,29.51,37.69,5.74,23,2025-06-07,RJP_0094,0,2025
2025-06-07 19:00:00+00:00,0.0,28.7,39.6,5.86,0,2025-06-08,RJP_0094,0,2025
2025-06-07 20:00:00+00:00,0.0,27.93,41.77,6.16,1,2025-06-08,RJP_0094,0,2025
2025-06-07 21:00:00+00:00,0.0,27.23,44.19,6.02,2,2025-06-08,RJP_0094,0,2025
2025-06-07 22:00:00+00:00,0.0,26.36,48.13,4.82,3,2025-06-08,RJP_0094,0,2025
2025-06-07 23:00:00+00:00,0.0,25.48,53.84,3.61,4,2025-06-08,RJP_0094,0,2025
2025-06-08 00:00:00+00:00,18.27,25.24,57.57,3.34,5,2025-06-08,RJP_0094,0,2025
2025-06-08 01:00:00+00:00,150.18,26.86,54.39,4.72,6,2025-06-08,RJP_0094,0,2025
2025-06-08 02:00:00+00:00,347.5,29.4,48.7,5.45,7,2025-06-08,RJP_0094,0,2025
2025-06-08 03:00:00+00:00,560.22,32.22,40.51,6.0,8,2025-06-08,RJP_0094,0,2025
2025-06-08 04:00:00+00:00,742.45,34.87,32.92,6.24,9,2025-06-08,RJP_0094,0,2025
2025-06-08 05:00:00+00:00,872.65,36.71,27.98,6.22,10,2025-06-08,RJP_0094,0,2025
2025-06-08 06:00:00+00:00,953.67,38.55,24.27,6.06,11,2025-06-08,RJP_0094,0,2025
2025-06-08 07:00:00+00:00,955.65,40.12,21.58,5.9,12,2025-06-08,RJP_0094,0,2025
2025-06-08 08:00:00+00:00,870.05,41.23,19.9,5.84,13,2025-06-08,RJP_0094,0,2025
2025-06-08 09:00:00+00:00,743.92,41.78,19.07,5.8,14,2025-06-08,RJP_0094,0,2025
2025-06-08 10:00:00+00:00,560.22,41.7,18.93,5.76,15,2025-06-08,RJP_0094,0,2025
2025-06-08 11:00:00+00:00,353.77,41.07,19.36,5.75,16,2025-06-08,RJP_0094,0,2025
2025-06-08 12:00:00+00:00,157.2,39.78,20.78,5.55,17,2025-06-08,RJP_0094,0,2025
2025-06-08 13:00:00+00:00,20.38,36.5,27.03,4.22,18,2025-06-08,RJP_0094,0,2025
2025-06-08 14:00:00+00:00,0.0,34.6,29.83,5.12,19,2025-06-08,RJP_0094,0,2025
2025-06-08 15:00:00+00:00,0.0,33.78,30.51,6.1,20,2025-06-08,RJP_0094,0,2025
2025-06-08 16:00:00+00:00,0.0,32.74,32.05,6.37,21,2025-06-08,RJP_0094,0,2025
2025-06-08 17:00:00+00:00,0.0,31.8,33.8,6.5,22,2025-06-08,RJP_0094,0,2025
2025-06-08 18:00:00+00:00,0.0,30.92,36.31,6.76,23,2025-06-08,RJP_0094,0,2025
2025-06-08 19:00:00+00:00,0.0,30.09,40.01,7.18,0,2025-06-09,RJP_0094,0,2025
2025-06-08 20:00:00+00:00,0.0,29.41,44.47,7.24,1,2025-06-09,RJP_0094,0,2025
2025-06-08 21:00:00+00:00,0.0,28.65,49.74,6.23,2,2025-06-09,RJP_0094,0,2025
2025-06-08 22:00:00+00:00,0.0,27.99,54.66,5.38,3,2025-06-09,RJP_0094,0,2025
2025-06-08 23:00:00+00:00,0.0,27.37,58.75,4.66,4,2025-06-09,RJP_0094,0,2025
2025-06-09 00:00:00+00:00,17.83,27.05,61.14,4.24,5,2025-06-09,RJP_0094,0,2025
2025-06-09 01:00:00+00:00,144.52,28.71,55.84,5.65,6,2025-06-09,RJP_0094,0,2025
2025-06-09 02:00:00+00:00,331.95,31.58,46.4,6.74,7,2025-06-09,RJP_0094,0,2025
2025-06-09 03:00:00+00:00,563.42,35.06,35.64,6.88,8,2025-06-09,RJP_0094,0,2025
2025-06-09 04:00:00+00:00,748.45,38.31,26.71,6.58,9,2025-06-09,RJP_0094,0,2025
2025-06-09 05:00:00+00:00,875.7,40.66,21.53,6.15,10,2025-06-09,RJP_0094,0,2025
2025-06-09 06:00:00+00:00,955.5,42.26,18.72,5.85,11,2025-06-09,RJP_0094,0,2025
2025-06-09 07:00:00+00:00,953.3,43.31,17.17,5.66,12,2025-06-09,RJP_0094,0,2025
2025-06-09 08:00:00+00:00,885.72,43.86,16.42,5.63,13,2025-06-09,RJP_0094,0,2025
2025-06-09 09:00:00+00:00,668.83,43.83,16.29,5.79,14,2025-06-09,RJP_0094,0,2025
2025-06-09 10:00:00+00:00,519.67,43.36,16.56,6.08,15,2025-06-09,RJP_0094,0,2025
2025-06-09 11:00:00+00:00,318.85,42.36,17.41,6.4,16,2025-06-09,RJP_0094,0,2025
2025-06-09 12:00:00+00:00,147.85,40.83,19.2,6.77,17,2025-06-09,RJP_0094,0,2025
2025-06-09 13:00:00+00:00,21.08,38.26,23.43,6.26,18,2025-06-09,RJP_0094,0,2025
2025-06-09 14:00:00+00:00,0.0,36.12,27.7,6.53,19,2025-06-09,RJP_0094,0,2025
2025-06-09 15:00:00+00:00,0.0,34.67,31.22,6.42,20,2025-06-09,RJP_0094,0,2025
2025-06-09 16:00:00+00:00,0.0,33.47,34.55,6.05,21,2025-06-09,RJP_0094,0,2025
2025-06-09 17:00:00+00:00,0.0,32.5,37.32,5.77,22,2025-06-09,RJP_0094,0,2025
2025-06-09 18:00:00+00:00,0.0,31.66,39.81,5.58,23,2025-06-09,RJP_0094,0,2025
2025-06-09 19:00:00+00:00,0.0,30.89,42.2,5.44,0,2025-06-10,RJP_0094,0,2025
2025-06-09 20:00:00+00:00,0.0,30.15,44.58,5.31,1,2025-06-10,RJP_0094,0,2025
2025-06-09 21:00:00+00:00,0.0,29.47,47.09,4.97,2,2025-06-10,RJP_0094,0,2025
2025-06-09 22:00:00+00:00,0.0,28.79,49.87,4.42,3,2025-06-10,RJP_0094,0,2025
2025-06-09 23:00:00+00:00,0.0,28.12,52.87,3.83,4,2025-06-10,RJP_0094,0,2025
2025-06-10 00:00:00+00:00,19.27,27.88,54.54,3.71,5,2025-06-10,RJP_0094,0,2025
2025-06-10 01:00:00+00:00,160.35,29.72,49.9,5.17,6,2025-06-10,RJP_0094,0,2025
2025-06-10 02:00:00+00:00,353.12,32.58,42.95,5.86,7,2025-06-10,RJP_0094,0,2025
2025-06-10 03:00:00+00:00,572.05,36.08,33.6,5.78,8,2025-06-10,RJP_0094,0,2025
2025-06-10 04:00:00+00:00,774.2,39.39,24.71,5.32,9,2025-06-10,RJP_0094,0,2025
2025-06-10 05:00:00+00:00,906.1,41.76,19.33,5.03,10,2025-06-10,RJP_0094,0,2025
2025-06-10 06:00:00+00:00,958.85,43.44,16.56,4.95,11,2025-06-10,RJP_0094,0,2025
2025-06-10 07:00:00+00:00,923.08,44.46,15.29,4.98,12,2025-06-10,RJP_0094,0,2025
2025-06-10 08:00:00+00:00,852.1,44.96,14.87,5.1,13,2025-06-10,RJP_0094,0,2025
2025-06-10 09:00:00+00:00,685.95,44.89,15.02,5.13,14,2025-06-10,RJP_0094,0,2025
2025-06-10 10:00:00+00:00,528.7,44.47,15.42,5.21,15,2025-06-10,RJP_0094,0,2025
2025-06-10 11:00:00+00:00,326.42,43.58,16.23,5.4,16,2025-06-10,RJP_0094,0,2025
2025-06-10 12:00:00+00:00,155.02,42.24,17.6,5.53,17,2025-06-10,RJP_0094,0,2025
2025-06-10 13:00:00+00:00,21.98,39.68,21.62,4.49,18,2025-06-10,RJP_0094,0,2025
2025-06-10 14:00:00+00:00,0.0,38.07,24.02,5.06,19,2025-06-10,RJP_0094,0,2025
2025-06-10 15:00:00+00:00,0.0,37.24,24.95,5.91,20,2025-06-10,RJP_0094,0,2025
2025-06-10 16:00:00+00:00,0.0,36.33,26.13,6.22,21,2025-06-10,RJP_0094,0,2025
2025-06-10 17:00:00+00:00,0.0,35.4,27.4,6.13,22,2025-06-10,RJP_0094,0,2025
2025-06-10 18:00:00+00:00,0.0,34.57,28.6,5.98,23,2025-06-10,RJP_0094,0,2025
2025-06-10 19:00:00+00:00,0.0,33.82,29.78,5.9,0,2025-06-11,RJP_0094,0,2025
2025-06-10 20:00:00+00:00,0.0,33.12,30.99,5.79,1,2025-06-11,RJP_0094,0,2025
2025-06-10 21:00:00+00:00,0.0,32.43,32.41,5.47,2,2025-06-11,RJP_0094,0,2025
2025-06-10 22:00:00+00:00,0.0,31.51,34.64,4.92,3,2025-06-11,RJP_0094,0,2025
2025-06-10 23:00:00+00:00,0.0,30.7,36.84,4.76,4,2025-06-11,RJP_0094,0,2025
2025-06-11 00:00:00+00:00,19.98,30.34,38.45,4.88,5,2025-06-11,RJP_0094,0,2025
2025-06-11 01:00:00+00:00,154.93,31.93,36.25,5.83,6,2025-06-11,RJP_0094,0,2025
2025-06-11 02:00:00+00:00,344.4,34.99,31.36,6.37,7,2025-06-11,RJP_0094,0,2025
2025-06-11 03:00:00+00:00,522.05,38.37,24.74,5.78,8,2025-06-11,RJP_0094,0,2025
2025-06-11 04:00:00+00:00,710.5,40.91,20.38,5.02,9,2025-06-11,RJP_0094,0,2025
2025-06-11 05:00:00+00:00,836.4,42.83,17.74,4.67,10,2025-06-11,RJP_0094,0,2025
2025-06-11 06:00:00+00:00,878.72,44.08,16.22,4.54,11,2025-06-11,RJP_0094,0,2025
2025-06-11 07:00:00+00:00,885.3,44.77,15.4,4.53,12,2025-06-11,RJP_0094,0,2025
2025-06-11 08:00:00+00:00,769.17,45.02,15.01,4.58,13,2025-06-11,RJP_0094,0,2025
2025-06-11 09:00:00+00:00,636.42,44.77,14.98,4.44,14,2025-06-11,RJP_0094,0,2025
2025-06-11 10:00:00+00:00,492.88,44.27,15.05,4.2,15,2025-06-11,RJP_0094,0,2025
2025-06-11 11:00:00+00:00,313.55,43.56,15.33,3.95,16,2025-06-11,RJP_0094,0,2025
2025-06-11 12:00:00+00:00,145.0,42.46,16.33,3.35,17,2025-06-11,RJP_0094,0,2025
2025-06-11 13:00:00+00:00,21.35,39.6,22.48,2.25,18,2025-06-11,RJP_0094,0,2025
2025-06-11 14:00:00+00:00,0.0,37.84,24.51,2.69,19,2025-06-11,RJP_0094,0,2025
2025-06-11 15:00:00+00:00,0.0,36.92,24.7,3.35,20,2025-06-11,RJP_0094,0,2025
2025-06-11 16:00:00+00:00,0.0,35.99,25.33,4.22,21,2025-06-11,RJP_0094,0,2025
2025-06-11 17:00:00+00:00,0.0,35.02,26.34,4.81,22,2025-06-11,RJP_0094,0,2025
2025-06-11 18:00:00+00:00,0.0,34.17,27.24,5.06,23,2025-06-11,RJP_0094,0,2025
2025-06-11 19:00:00+00:00,0.0,33.39,28.0,5.12,0,2025-06-12,RJP_0094,0,2025
2025-06-11 20:00:00+00:00,0.0,32.71,28.68,5.23,1,2025-06-12,RJP_0094,0,2025
2025-06-11 21:00:00+00:00,0.0,32.08,29.36,5.48,2,2025-06-12,RJP_0094,0,2025
2025-06-11 22:00:00+00:00,0.0,31.4,30.68,5.43,3,2025-06-12,RJP_0094,0,2025
2025-06-11 23:00:00+00:00,0.0,30.71,32.86,5.26,4,2025-06-12,RJP_0094,0,2025
2025-06-12 00:00:00+00:00,17.12,30.36,34.92,5.15,5,2025-06-12,RJP_0094,0,2025
2025-06-12 01:00:00+00:00,141.48,32.03,33.13,5.7,6,2025-06-12,RJP_0094,0,2025
2025-06-12 02:00:00+00:00,309.8,35.87,26.73,5.37,7,2025-06-12,RJP_0094,0,2025
2025-06-12 03:00:00+00:00,502.5,39.87,19.27,4.88,8,2025-06-12,RJP_0094,0,2025
2025-06-12 04:00:00+00:00,679.9,42.34,15.78,3.86,9,2025-06-12,RJP_0094,0,2025
2025-06-12 05:00:00+00:00,817.75,44.12,13.94,3.29,10,2025-06-12,RJP_0094,0,2025
2025-06-12 06:00:00+00:00,899.03,45.41,12.88,2.99,11,2025-06-12,RJP_0094,0,2025
2025-06-12 07:00:00+00:00,918.78,46.22,12.3,2.84,12,2025-06-12,RJP_0094,0,2025
2025-06-12 08:00:00+00:00,763.65,46.53,12.08,2.86,13,2025-06-12,RJP_0094,0,2025
2025-06-12 09:00:00+00:00,627.9,46.29,12.2,3.0,14,2025-06-12,RJP_0094,0,2025
2025-06-12 10:00:00+00:00,509.65,45.83,12.45,3.19,15,2025-06-12,RJP_0094,0,2025
2025-06-12 11:00:00+00:00,285.88,44.88,13.06,3.32,16,2025-06-12,RJP_0094,0,2025
2025-06-12 12:00:00+00:00,128.88,43.7,14.28,3.08,17,2025-06-12,RJP_0094,0,2025
2025-06-12 13:00:00+00:00,18.38,41.15,20.34,1.75,18,2025-06-12,RJP_0094,0,2025
2025-06-12 14:00:00+00:00,0.0,39.42,22.16,1.31,19,2025-06-12,RJP_0094,0,2025
2025-06-12 15:00:00+00:00,0.0,37.88,24.51,0.85,20,2025-06-12,RJP_0094,0,2025
2025-06-12 16:00:00+00:00,0.0,36.69,26.26,0.57,21,2025-06-12,RJP_0094,0,2025
2025-06-12 17:00:00+00:00,0.0,35.72,27.64,0.56,22,2025-06-12,RJP_0094,0,2025
2025-06-12 18:00:00+00:00,0.0,34.55,28.98,0.79,23,2025-06-12,RJP_0094,0,2025
2025-06-12 19:00:00+00:00,0.0,33.54,30.53,1.04,0,2025-06-13,RJP_0094,0,2025
2025-06-12 20:00:00+00:00,0.0,32.75,32.05,1.24,1,2025-06-13,RJP_0094,0,2025
2025-06-12 21:00:00+00:00,0.0,32.11,33.58,1.33,2,2025-06-13,RJP_0094,0,2025
2025-06-12 22:00:00+00:00,0.0,31.5,35.01,1.52,3,2025-06-13,RJP_0094,0,2025
2025-06-12 23:00:00+00:00,0.0,30.74,36.61,1.86,4,2025-06-13,RJP_0094,0,2025
2025-06-13 00:00:00+00:00,12.5,30.33,37.58,2.14,5,2025-06-13,RJP_0094,0,2025
2025-06-13 01:00:00+00:00,86.18,31.81,34.5,3.1,6,2025-06-13,RJP_0094,0,2025
2025-06-13 02:00:00+00:00,181.27,34.47,30.28,3.36,7,2025-06-13,RJP_0094,0,2025
2025-06-13 03:00:00+00:00,284.02,37.2,26.43,2.9,8,2025-06-13,RJP_0094,0,2025
2025-06-13 04:00:00+00:00,465.62,39.47,23.66,1.97,9,2025-06-13,RJP_0094,0,2025
2025-06-13 05:00:00+00:00,660.4,40.9,22.72,1.55,10,2025-06-13,RJP_0094,0,2025
2025-06-13 06:00:00+00:00,788.17,41.88,22.22,1.96,11,2025-06-13,RJP_0094,0,2025
2025-06-13 07:00:00+00:00,839.35,42.59,21.78,2.57,12,2025-06-13,RJP_0094,0,2025
2025-06-13 08:00:00+00:00,766.9,42.96,21.58,3.15,13,2025-06-13,RJP_0094,0,2025
2025-06-13 09:00:00+00:00,663.95,43.0,21.69,3.58,14,2025-06-13,RJP_0094,0,2025
2025-06-13 10:00:00+00:00,462.3,42.49,22.48,3.92,15,2025-06-13,RJP_0094,0,2025
2025-06-13 11:00:00+00:00,272.48,41.44,24.14,4.28,16,2025-06-13,RJP_0094,0,2025
2025-06-13 12:00:00+00:00,122.43,39.87,27.14,4.76,17,2025-06-13,RJP_0094,0,2025
2025-06-13 13:00:00+00:00,15.85,37.49,33.89,4.68,18,2025-06-13,RJP_0094,0,2025
2025-06-13 14:00:00+00:00,0.0,35.54,40.52,4.93,19,2025-06-13,RJP_0094,0,2025
2025-06-13 15:00:00+00:00,0.0,34.4,44.97,4.74,20,2025-06-13,RJP_0094,0,2025
2025-06-13 16:00:00+00:00,0.0,33.52,48.48,4.38,21,2025-06-13,RJP_0094,0,2025
2025-06-13 17:00:00+00:00,0.0,32.93,50.7,4.15,22,2025-06-13,RJP_0094,0,2025
2025-06-13 18:00:00+00:00,0.0,32.37,52.56,3.98,23,2025-06-13,RJP_0094,0,2025
2025-06-13 19:00:00+00:00,0.0,31.91,54.15,3.85,0,2025-06-14,RJP_0094,0,2025
2025-06-13 20:00:00+00:00,0.0,31.42,56.01,3.71,1,2025-06-14,RJP_0094,0,2025
2025-06-13 21:00:00+00:00,0.0,30.95,58.22,3.52,2,2025-06-14,RJP_0094,0,2025
2025-06-13 22:00:00+00:00,0.0,30.34,61.36,3.05,3,2025-06-14,RJP_0094,0,2025
2025-06-13 23:00:00+00:00,0.0,29.9,63.87,2.71,4,2025-06-14,RJP_0094,0,2025
2025-06-14 00:00:00+00:00,12.88,29.86,64.51,2.76,5,2025-06-14,RJP_0094,0,2025
2025-06-14 01:00:00+00:00,95.78,31.41,57.44,3.59,6,2025-06-14,RJP_0094,0,2025
2025-06-14 02:00:00+00:00,220.15,34.07,47.24,2.93,7,2025-06-14,RJP_0094,0,2025
2025-06-14 03:00:00+00:00,373.9,36.72,38.03,2.03,8,2025-06-14,RJP_0094,0,2025
2025-06-14 04:00:00+00:00,558.7,38.77,32.61,1.96,9,2025-06-14,RJP_0094,0,2025
2025-06-14 05:00:00+00:00,717.33,40.23,29.9,2.3,10,2025-06-14,RJP_0094,0,2025
2025-06-14 06:00:00+00:00,847.15,41.28,28.24,2.53,11,2025-06-14,RJP_0094,0,2025
2025-06-14 07:00:00+00:00,786.7,41.94,27.33,2.6,12,2025-06-14,RJP_0094,0,2025
2025-06-14 08:00:00+00:00,668.97,42.25,26.91,2.63,13,2025-06-14,RJP_0094,0,2025
2025-06-14 09:00:00+00:00,297.8,42.19,27.1,2.69,14,2025-06-14,RJP_0094,0,2025
2025-06-14 10:00:00+00:00,95.55,41.62,28.06,2.74,15,2025-06-14,RJP_0094,0,2025
2025-06-14 11:00:00+00:00,60.88,40.7,29.83,2.78,16,2025-06-14,RJP_0094,0,2025
2025-06-14 12:00:00+00:00,24.25,39.23,34.37,2.77,17,2025-06-14,RJP_0094,0,2025
2025-06-14 13:00:00+00:00,4.25,36.58,49.39,2.41,18,2025-06-14,RJP_0094,0,2025
2025-06-14 14:00:00+00:00,0.0,34.72,57.96,2.75,19,2025-06-14,RJP_0094,0,2025
2025-06-14 15:00:00+00:00,0.0,33.75,59.34,3.26,20,2025-06-14,RJP_0094,0,2025
2025-06-14 16:00:00+00:00,0.0,32.76,61.66,3.51,21,2025-06-14,RJP_0094,0,2025
2025-06-14 17:00:00+00:00,0.0,31.94,63.7,3.52,22,2025-06-14,RJP_0094,0,2025
2025-06-14 18:00:00+00:00,0.0,31.12,66.19,3.26,23,2025-06-14,RJP_0094,0,2025
2025-06-14 19:00:00+00:00,0.0,30.36,68.44,3.22,0,2025-06-15,RJP_0094,0,2025
2025-06-14 20:00:00+00:00,0.0,29.62,70.6,3.36,1,2025-06-15,RJP_0094,0,2025
2025-06-14 21:00:00+00:00,0.0,28.94,72.93,3.5,2,2025-06-15,RJP_0094,0,2025
2025-06-14 22:00:00+00:00,0.0,28.34,75.51,3.17,3,2025-06-15,RJP_0094,0,2025
2025-06-14 23:00:00+00:00,0.0,27.92,77.62,2.7,4,2025-06-15,RJP_0094,0,2025
2025-06-15 00:00:00+00:00,12.45,27.9,77.22,2.62,5,2025-06-15,RJP_0094,0,2025
2025-06-15 01:00:00+00:00,95.88,29.04,69.45,3.06,6,2025-06-15,RJP_0094,0,2025
2025-06-15 02:00:00+00:00,207.82,31.55,57.07,2.8,7,2025-06-15,RJP_0094,0,2025
2025-06-15 03:00:00+00:00,381.48,34.19,47.58,1.57,8,2025-06-15,RJP_0094,0,2025
2025-06-15 04:00:00+00:00,520.03,35.95,42.9,0.85,9,2025-06-15,RJP_0094,0,2025
2025-06-15 05:00:00+00:00,706.42,37.36,39.24,0.67,10,2025-06-15,RJP_0094,0,2025
2025-06-15 06:00:00+00:00,776.17,38.46,36.29,0.74,11,2025-06-15,RJP_0094,0,2025
2025-06-15 07:00:00+00:00,611.38,39.3,33.94,0.76,12,2025-06-15,RJP_0094,0,2025
2025-06-15 08:00:00+00:00,424.42,39.8,32.29,0.55,13,2025-06-15,RJP_0094,0,2025
2025-06-15 09:00:00+00:00,453.02,39.81,31.85,0.21,14,2025-06-15,RJP_0094,0,2025
2025-06-15 10:00:00+00:00,391.83,39.38,32.6,1.0,15,2025-06-15,RJP_0094,0,2025
2025-06-15 11:00:00+00:00,238.32,38.5,34.62,2.25,16,2025-06-15,RJP_0094,0,2025
2025-06-15 12:00:00+00:00,110.3,36.95,39.71,3.62,17,2025-06-15,RJP_0094,0,2025
2025-06-15 13:00:00+00:00,17.3,34.63,49.37,4.46,18,2025-06-15,RJP_0094,0,2025
2025-06-15 14:00:00+00:00,0.0,32.78,56.61,4.96,19,2025-06-15,RJP_0094,0,2025
2025-06-15 15:00:00+00:00,0.0,31.48,62.55,4.74,20,2025-06-15,RJP_0094,0,2025
2025-06-15 16:00:00+00:00,0.0,30.58,66.77,4.41,21,2025-06-15,RJP_0094,0,2025
2025-06-15 17:00:00+00:00,0.0,29.97,69.86,4.08,22,2025-06-15,RJP_0094,0,2025
2025-06-15 18:00:00+00:00,0.0,29.51,72.39,3.71,23,2025-06-15,RJP_0094,0,2025
2025-06-15 19:00:00+00:00,0.0,29.1,74.41,3.42,0,2025-06-16,RJP_0094,0,2025
2025-06-15 20:00:00+00:00,0.0,28.76,75.84,3.11,1,2025-06-16,RJP_0094,0,2025
2025-06-15 21:00:00+00:00,0.0,28.42,77.41,2.54,2,2025-06-16,RJP_0094,0,2025
2025-06-15 22:00:00+00:00,0.0,28.17,78.9,2.03,3,2025-06-16,RJP_0094,0,2025
2025-06-15 23:00:00+00:00,0.0,28.02,79.26,1.9,4,2025-06-16,RJP_0094,0,2025
2025-06-16 00:00:00+00:00,16.65,27.91,78.81,1.89,5,2025-06-16,RJP_0094,0,2025
2025-06-16 01:00:00+00:00,125.12,28.43,74.25,1.76,6,2025-06-16,RJP_0094,0,2025
2025-06-16 02:00:00+00:00,259.8,29.47,68.23,0.58,7,2025-06-16,RJP_0094,0,2025
2025-06-16 03:00:00+00:00,410.25,30.69,63.73,1.33,8,2025-06-16,RJP_0094,0,2025
2025-06-16 04:00:00+00:00,519.53,31.92,59.9,2.24,9,2025-06-16,RJP_0094,0,2025
2025-06-16 05:00:00+00:00,593.88,33.08,56.51,2.71,10,2025-06-16,RJP_0094,0,2025
2025-06-16 06:00:00+00:00,713.12,33.91,54.02,2.88,11,2025-06-16,RJP_0094,0,2025
2025-06-16 07:00:00+00:00,469.0,34.59,51.92,2.84,12,2025-06-16,RJP_0094,0,2025
2025-06-16 08:00:00+00:00,365.95,34.95,50.69,2.61,13,2025-06-16,RJP_0094,0,2025
2025-06-16 09:00:00+00:00,125.18,34.89,50.66,2.41,14,2025-06-16,RJP_0094,0,2025
2025-06-16 10:00:00+00:00,119.43,34.65,51.23,2.54,15,2025-06-16,RJP_0094,0,2025
2025-06-16 11:00:00+00:00,84.78,34.19,52.67,3.01,16,2025-06-16,RJP_0094,0,2025
2025-06-16 12:00:00+00:00,44.85,33.34,57.35,3.25,17,2025-06-16,RJP_0094,0,2025
2025-06-16 13:00:00+00:00,8.32,31.68,68.73,2.88,18,2025-06-16,RJP_0094,0,2025
2025-06-16 14:00:00+00:00,0.0,30.6,72.46,3.62,19,2025-06-16,RJP_0094,0,2025
2025-06-16 15:00:00+00:00,0.0,30.02,73.4,4.4,20,2025-06-16,RJP_0094,0,2025
2025-06-16 16:00:00+00:00,0.0,29.47,75.87,4.63,21,2025-06-16,RJP_0094,0,2025
2025-06-16 17:00:00+00:00,0.0,29.0,78.15,4.71,22,2025-06-16,RJP_0094,0,2025
2025-06-16 18:00:00+00:00,0.0,28.6,80.38,4.78,23,2025-06-16,RJP_0094,0,2025
2025-06-16 19:00:00+00:00,0.0,28.26,82.34,4.82,0,2025-06-17,RJP_0094,0,2025
2025-06-16 20:00:00+00:00,0.0,27.94,84.11,4.81,1,2025-06-17,RJP_0094,0,2025
2025-06-16 21:00:00+00:00,0.0,27.62,85.73,5.11,2,2025-06-17,RJP_0094,0,2025
2025-06-16 22:00:00+00:00,0.0,27.29,86.79,5.43,3,2025-06-17,RJP_0094,0,2025
2025-06-16 23:00:00+00:00,0.0,26.93,86.96,5.52,4,2025-06-17,RJP_0094,0,2025
2025-06-17 00:00:00+00:00,12.6,26.75,85.61,5.78,5,2025-06-17,RJP_0094,0,2025
2025-06-17 01:00:00+00:00,60.08,27.51,79.2,7.01,6,2025-06-17,RJP_0094,0,2025
2025-06-17 02:00:00+00:00,142.23,29.16,70.79,7.77,7,2025-06-17,RJP_0094,0,2025
2025-06-17 03:00:00+00:00,230.75,30.82,64.39,7.79,8,2025-06-17,RJP_0094,0,2025
2025-06-17 04:00:00+00:00,343.3,31.91,60.64,7.43,9,2025-06-17,RJP_0094,0,2025
2025-06-17 05:00:00+00:00,444.65,32.41,59.18,6.66,10,2025-06-17,RJP_0094,0,2025
2025-06-17 06:00:00+00:00,482.73,31.95,61.54,5.54,11,2025-06-17,RJP_0094,0,2025
2025-06-17 07:00:00+00:00,470.3,31.29,65.4,4.98,12,2025-06-17,RJP_0094,0,2025
2025-06-17 08:00:00+00:00,487.38,30.78,68.5,5.66,13,2025-06-17,RJP_0094,0,2025
2025-06-17 09:00:00+00:00,452.6,30.21,71.4,7.33,14,2025-06-17,RJP_0094,0,2025
2025-06-17 10:00:00+00:00,332.25,29.57,74.16,9.08,15,2025-06-17,RJP_0094,0,2025
2025-06-17 11:00:00+00:00,207.05,29.04,76.49,10.17,16,2025-06-17,RJP_0094,0,2025
2025-06-17 12:00:00+00:00,103.6,28.44,79.63,10.13,17,2025-06-17,RJP_0094,0,2025
2025-06-17 13:00:00+00:00,14.68,27.81,83.11,9.75,18,2025-06-17,RJP_0094,0,2025
2025-06-17 14:00:00+00:00,0.0,27.34,85.48,9.76,19,2025-06-17,RJP_0094,0,2025
2025-06-17 15:00:00+00:00,0.0,27.03,86.32,10.01,20,2025-06-17,RJP_0094,0,2025
2025-06-17 16:00:00+00:00,0.0,26.75,87.01,9.95,21,2025-06-17,RJP_0094,0,2025
2025-06-17 17:00:00+00:00,0.0,26.47,88.2,9.41,22,2025-06-17,RJP_0094,0,2025
2025-06-17 18:00:00+00:00,0.0,26.18,89.97,8.62,23,2025-06-17,RJP_0094,0,2025
2025-06-17 19:00:00+00:00,0.0,25.95,91.63,7.83,0,2025-06-18,RJP_0094,0,2025
2025-06-17 20:00:00+00:00,0.0,25.76,93.04,7.12,1,2025-06-18,RJP_0094,0,2025
2025-06-17 21:00:00+00:00,0.0,25.68,93.68,6.34,2,2025-06-18,RJP_0094,0,2025
2025-06-17 22:00:00+00:00,0.0,25.65,94.07,5.83,3,2025-06-18,RJP_0094,0,2025
2025-06-17 23:00:00+00:00,0.0,25.63,94.22,5.48,4,2025-06-18,RJP_0094,0,2025
2025-06-18 00:00:00+00:00,8.23,25.7,93.88,5.46,5,2025-06-18,RJP_0094,0,2025
2025-06-18 01:00:00+00:00,58.58,26.54,88.95,6.51,6,2025-06-18,RJP_0094,0,2025
2025-06-18 02:00:00+00:00,122.88,28.29,78.72,7.44,7,2025-06-18,RJP_0094,0,2025
2025-06-18 03:00:00+00:00,193.98,30.31,68.56,7.66,8,2025-06-18,RJP_0094,0,2025
2025-06-18 04:00:00+00:00,273.6,31.78,62.05,7.37,9,2025-06-18,RJP_0094,0,2025
2025-06-18 05:00:00+00:00,335.55,32.91,57.3,6.99,10,2025-06-18,RJP_0094,0,2025
2025-06-18 06:00:00+00:00,354.98,33.71,53.78,6.7,11,2025-06-18,RJP_0094,0,2025
2025-06-18 07:00:00+00:00,245.75,34.2,51.53,6.51,12,2025-06-18,RJP_0094,0,2025
2025-06-18 08:00:00+00:00,254.93,34.24,50.94,6.35,13,2025-06-18,RJP_0094,0,2025
2025-06-18 09:00:00+00:00,214.2,34.14,51.0,6.31,14,2025-06-18,RJP_0094,0,2025
2025-06-18 10:00:00+00:00,110.38,33.67,52.52,6.42,15,2025-06-18,RJP_0094,0,2025
2025-06-18 11:00:00+00:00,82.4,32.87,55.62,6.67,16,2025-06-18,RJP_0094,0,2025
2025-06-18 12:00:00+00:00,39.22,31.64,61.43,6.62,17,2025-06-18,RJP_0094,0,2025
2025-06-18 13:00:00+00:00,7.07,30.04,70.33,6.01,18,2025-06-18,RJP_0094,0,2025
2025-06-18 14:00:00+00:00,0.0,28.82,77.59,6.26,19,2025-06-18,RJP_0094,0,2025
2025-06-18 15:00:00+00:00,0.0,28.06,82.89,6.33,20,2025-06-18,RJP_0094,0,2025
2025-06-18 16:00:00+00:00,0.0,27.51,87.06,6.06,21,2025-06-18,RJP_0094,0,2025
2025-06-18 17:00:00+00:00,0.0,27.13,89.82,6.09,22,2025-06-18,RJP_0094,0,2025
2025-06-18 18:00:00+00:00,0.0,26.86,91.57,6.25,23,2025-06-18,RJP_0094,0,2025
2025-06-18 19:00:00+00:00,0.0,26.75,91.81,6.84,0,2025-06-19,RJP_0094,0,2025
2025-06-18 20:00:00+00:00,0.0,26.66,92.06,6.99,1,2025-06-19,RJP_0094,0,2025
2025-06-18 21:00:00+00:00,0.0,26.54,92.54,6.78,2,2025-06-19,RJP_0094,0,2025
2025-06-18 22:00:00+00:00,0.0,26.43,92.85,6.47,3,2025-06-19,RJP_0094,0,2025
2025-06-18 23:00:00+00:00,0.0,26.32,93.25,6.28,4,2025-06-19,RJP_0094,0,2025
2025-06-19 00:00:00+00:00,11.7,26.31,93.12,6.16,5,2025-06-19,RJP_0094,0,2025
2025-06-19 01:00:00+00:00,77.65,26.97,89.41,6.91,6,2025-06-19,RJP_0094,0,2025
2025-06-19 02:00:00+00:00,161.77,28.25,81.2,7.86,7,2025-06-19,RJP_0094,0,2025
2025-06-19 03:00:00+00:00,259.38,29.85,71.97,7.95,8,2025-06-19,RJP_0094,0,2025
2025-06-19 04:00:00+00:00,353.12,31.4,64.3,7.98,9,2025-06-19,RJP_0094,0,2025
2025-06-19 05:00:00+00:00,373.52,32.79,58.15,7.95,10,2025-06-19,RJP_0094,0,2025
2025-06-19 06:00:00+00:00,119.4,34.06,53.17,7.95,11,2025-06-19,RJP_0094,0,2025
2025-06-19 07:00:00+00:00,96.35,34.93,49.85,7.95,12,2025-06-19,RJP_0094,0,2025
2025-06-19 08:00:00+00:00,116.78,35.48,47.7,8.01,13,2025-06-19,RJP_0094,0,2025
2025-06-19 09:00:00+00:00,154.7,35.32,47.48,7.73,14,2025-06-19,RJP_0094,0,2025
2025-06-19 10:00:00+00:00,148.5,34.5,49.46,7.32,15,2025-06-19,RJP_0094,0,2025
2025-06-19 11:00:00+00:00,133.7,33.49,52.78,7.24,16,2025-06-19,RJP_0094,0,2025
2025-06-19 12:00:00+00:00,74.18,32.07,58.63,7.32,17,2025-06-19,RJP_0094,0,2025
2025-06-19 13:00:00+00:00,14.2,30.3,66.71,7.78,18,2025-06-19,RJP_0094,0,2025
2025-06-19 14:00:00+00:00,0.0,28.87,73.79,8.59,19,2025-06-19,RJP_0094,0,2025
2025-06-19 15:00:00+00:00,0.0,27.83,79.82,8.45,20,2025-06-19,RJP_0094,0,2025
2025-06-19 16:00:00+00:00,0.0,27.2,83.86,7.97,21,2025-06-19,RJP_0094,0,2025
2025-06-19 17:00:00+00:00,0.0,26.83,86.83,7.01,22,2025-06-19,RJP_0094,0,2025
2025-06-19 18:00:00+00:00,0.0,26.62,88.48,6.95,23,2025-06-19,RJP_0094,0,2025
2025-06-19 19:00:00+00:00,0.0,26.48,88.81,7.76,0,2025-06-20,RJP_0094,0,2025
2025-06-19 20:00:00+00:00,0.0,26.18,89.61,8.0,1,2025-06-20,RJP_0094,0,2025
2025-06-19 21:00:00+00:00,0.0,25.89,90.25,7.65,2,2025-06-20,RJP_0094,0,2025
2025-06-19 22:00:00+00:00,0.0,25.64,91.23,6.72,3,2025-06-20,RJP_0094,0,2025
2025-06-19 23:00:00+00:00,0.0,25.5,92.01,5.43,4,2025-06-20,RJP_0094,0,2025
2025-06-20 00:00:00+00:00,7.8,25.5,92.04,5.13,5,2025-06-20,RJP_0094,0,2025
2025-06-20 01:00:00+00:00,62.17,25.88,89.92,5.75,6,2025-06-20,RJP_0094,0,2025
2025-06-20 02:00:00+00:00,136.73,26.63,84.18,6.79,7,2025-06-20,RJP_0094,0,2025
2025-06-20 03:00:00+00:00,239.25,27.6,76.83,7.82,8,2025-06-20,RJP_0094,0,2025
2025-06-20 04:00:00+00:00,280.27,28.95,68.67,8.57,9,2025-06-20,RJP_0094,0,2025
2025-06-20 05:00:00+00:00,287.08,30.1,62.94,8.75,10,2025-06-20,RJP_0094,0,2025
2025-06-20 06:00:00+00:00,304.65,30.79,60.18,8.53,11,2025-06-20,RJP_0094,0,2025
2025-06-20 07:00:00+00:00,298.6,31.04,59.43,8.28,12,2025-06-20,RJP_0094,0,2025
2025-06-20 08:00:00+00:00,229.93,30.91,60.26,8.08,13,2025-06-20,RJP_0094,0,2025
2025-06-20 09:00:00+00:00,254.93,30.64,61.62,7.79,14,2025-06-20,RJP_0094,0,2025
2025-06-20 10:00:00+00:00,207.77,30.26,63.17,7.36,15,2025-06-20,RJP_0094,0,2025
2025-06-20 11:00:00+00:00,129.77,29.78,65.29,6.82,16,2025-06-20,RJP_0094,0,2025
2025-06-20 12:00:00+00:00,64.0,29.09,69.16,5.9,17,2025-06-20,RJP_0094,0,2025
2025-06-20 13:00:00+00:00,9.65,27.99,76.93,3.96,18,2025-06-20,RJP_0094,0,2025
2025-06-20 14:00:00+00:00,0.0,27.19,83.42,3.09,19,2025-06-20,RJP_0094,0,2025
2025-06-20 15:00:00+00:00,0.0,26.86,85.65,3.32,20,2025-06-20,RJP_0094,0,2025
2025-06-20 16:00:00+00:00,0.0,26.56,87.81,3.78,21,2025-06-20,RJP_0094,0,2025
2025-06-20 17:00:00+00:00,0.0,26.26,90.3,4.15,22,2025-06-20,RJP_0094,0,2025
2025-06-20 18:00:00+00:00,0.0,25.99,92.53,4.34,23,2025-06-20,RJP_0094,0,2025
2025-06-20 19:00:00+00:00,0.0,25.81,94.02,4.48,0,2025-06-21,RJP_0094,0,2025
2025-06-20 20:00:00+00:00,0.0,25.78,94.41,4.6,1,2025-06-21,RJP_0094,0,2025
2025-06-20 21:00:00+00:00,0.0,25.76,94.45,4.63,2,2025-06-21,RJP_0094,0,2025
2025-06-20 22:00:00+00:00,0.0,25.68,94.48,4.65,3,2025-06-21,RJP_0094,0,2025
2025-06-20 23:00:00+00:00,0.0,25.59,94.46,4.57,4,2025-06-21,RJP_0094,0,2025
2025-06-21 00:00:00+00:00,6.35,25.57,94.2,4.46,5,2025-06-21,RJP_0094,0,2025
2025-06-21 01:00:00+00:00,36.22,25.88,92.36,4.71,6,2025-06-21,RJP_0094,0,2025
2025-06-21 02:00:00+00:00,81.12,26.59,86.75,5.67,7,2025-06-21,RJP_0094,0,2025
2025-06-21 03:00:00+00:00,88.15,27.62,78.95,6.16,8,2025-06-21,RJP_0094,0,2025
2025-06-21 04:00:00+00:00,161.73,28.49,73.49,6.23,9,2025-06-21,RJP_0094,0,2025
2025-06-21 05:00:00+00:00,88.05,29.07,70.33,6.11,10,2025-06-21,RJP_0094,0,2025
2025-06-21 06:00:00+00:00,87.72,29.43,69.0,5.95,11,2025-06-21,RJP_0094,0,2025
2025-06-21 07:00:00+00:00,514.12,29.73,68.43,5.72,12,2025-06-21,RJP_0094,0,2025
2025-06-21 08:00:00+00:00,504.62,29.85,69.15,5.51,13,2025-06-21,RJP_0094,0,2025
2025-06-21 09:00:00+00:00,459.5,29.72,70.8,5.23,14,2025-06-21,RJP_0094,0,2025
2025-06-21 10:00:00+00:00,343.92,29.32,73.24,5.09,15,2025-06-21,RJP_0094,0,2025
2025-06-21 11:00:00+00:00,219.55,28.68,76.8,5.0,16,2025-06-21,RJP_0094,0,2025
2025-06-21 12:00:00+00:00,102.18,27.85,81.73,4.61,17,2025-06-21,RJP_0094,0,2025
2025-06-21 13:00:00+00:00,19.08,26.97,87.91,3.76,18,2025-06-21,RJP_0094,0,2025
2025-06-21 14:00:00+00:00,0.0,26.5,91.57,3.59,19,2025-06-21,RJP_0094,0,2025
2025-06-21 15:00:00+00:00,0.0,26.34,92.99,4.1,20,2025-06-21,RJP_0094,0,2025
2025-06-21 16:00:00+00:00,0.0,26.25,93.69,4.65,21,2025-06-21,RJP_0094,0,2025
2025-06-21 17:00:00+00:00,0.0,26.15,94.08,5.14,22,2025-06-21,RJP_0094,0,2025
2025-06-21 18:00:00+00:00,0.0,26.03,94.32,5.48,23,2025-06-21,RJP_0094,0,2025
2025-06-21 19:00:00+00:00,0.0,25.9,94.47,5.52,0,2025-06-22,RJP_0094,0,2025
2025-06-21 20:00:00+00:00,0.0,25.79,94.45,5.39,1,2025-06-22,RJP_0094,0,2025
2025-06-21 21:00:00+00:00,0.0,25.7,94.39,5.29,2,2025-06-22,RJP_0094,0,2025
2025-06-21 22:00:00+00:00,0.0,25.59,94.36,5.17,3,2025-06-22,RJP_0094,0,2025
2025-06-21 23:00:00+00:00,0.0,25.49,94.26,5.1,4,2025-06-22,RJP_0094,0,2025
2025-06-22 00:00:00+00:00,9.25,25.42,94.06,5.04,5,2025-06-22,RJP_0094,0,2025
2025-06-22 01:00:00+00:00,80.97,25.75,92.16,5.26,6,2025-06-22,RJP_0094,0,2025
2025-06-22 02:00:00+00:00,179.73,26.59,86.44,6.13,7,2025-06-22,RJP_0094,0,2025
2025-06-22 03:00:00+00:00,284.75,27.6,78.86,6.47,8,2025-06-22,RJP_0094,0,2025
2025-06-22 04:00:00+00:00,383.02,28.73,71.73,6.55,9,2025-06-22,RJP_0094,0,2025
2025-06-22 05:00:00+00:00,589.72,29.99,65.97,6.73,10,2025-06-22,RJP_0094,0,2025
2025-06-22 06:00:00+00:00,471.02,31.29,61.13,6.91,11,2025-06-22,RJP_0094,0,2025
2025-06-22 07:00:00+00:00,452.58,32.17,58.05,6.92,12,2025-06-22,RJP_0094,0,2025
2025-06-22 08:00:00+00:00,556.8,32.53,56.65,6.84,13,2025-06-22,RJP_0094,0,2025
2025-06-22 09:00:00+00:00,445.02,32.25,57.37,6.77,14,2025-06-22,RJP_0094,0,2025
2025-06-22 10:00:00+00:00,322.12,31.65,59.4,6.71,15,2025-06-22,RJP_0094,0,2025
2025-06-22 11:00:00+00:00,174.75,30.63,63.13,6.69,16,2025-06-22,RJP_0094,0,2025
2025-06-22 12:00:00+00:00,75.45,29.43,68.21,6.43,17,2025-06-22,RJP_0094,0,2025
2025-06-22 13:00:00+00:00,9.18,28.04,75.29,5.59,18,2025-06-22,RJP_0094,0,2025
2025-06-22 14:00:00+00:00,0.0,26.99,81.26,5.28,19,2025-06-22,RJP_0094,0,2025
2025-06-22 15:00:00+00:00,0.0,26.35,85.3,5.05,20,2025-06-22,RJP_0094,0,2025
2025-06-22 16:00:00+00:00,0.0,25.91,88.16,4.95,21,2025-06-22,RJP_0094,0,2025
2025-06-22 17:00:00+00:00,0.0,25.56,90.37,5.05,22,2025-06-22,RJP_0094,0,2025
2025-06-22 18:00:00+00:00,0.0,25.3,92.01,5.25,23,2025-06-22,RJP_0094,0,2025
2025-06-22 19:00:00+00:00,0.0,25.16,93.42,5.38,0,2025-06-23,RJP_0094,0,2025
2025-06-22 20:00:00+00:00,0.0,25.19,94.04,5.42,1,2025-06-23,RJP_0094,0,2025
2025-06-22 21:00:00+00:00,0.0,25.26,94.31,5.55,2,2025-06-23,RJP_0094,0,2025
2025-06-22 22:00:00+00:00,0.0,25.3,94.35,5.77,3,2025-06-23,RJP_0094,0,2025
2025-06-22 23:00:00+00:00,0.0,25.26,94.47,5.93,4,2025-06-23,RJP_0094,0,2025
2025-06-23 00:00:00+00:00,4.28,25.24,94.19,5.68,5,2025-06-23,RJP_0094,0,2025
2025-06-23 01:00:00+00:00,29.38,25.57,92.46,5.56,6,2025-06-23,RJP_0094,0,2025
2025-06-23 02:00:00+00:00,59.75,26.14,87.41,6.09,7,2025-06-23,RJP_0094,0,2025
2025-06-23 03:00:00+00:00,94.95,26.67,81.6,6.19,8,2025-06-23,RJP_0094,0,2025
2025-06-23 04:00:00+00:00,139.48,27.19,77.47,5.98,9,2025-06-23,RJP_0094,0,2025
2025-06-23 05:00:00+00:00,214.25,27.66,75.19,5.68,10,2025-06-23,RJP_0094,0,2025
2025-06-23 06:00:00+00:00,171.75,27.93,74.41,5.43,11,2025-06-23,RJP_0094,0,2025
2025-06-23 07:00:00+00:00,142.32,28.22,73.7,5.29,12,2025-06-23,RJP_0094,0,2025
2025-06-23 08:00:00+00:00,190.32,28.5,73.07,5.26,13,2025-06-23,RJP_0094,0,2025
2025-06-23 09:00:00+00:00,184.85,28.62,73.02,5.21,14,2025-06-23,RJP_0094,0,2025
2025-06-23 10:00:00+00:00,208.65,28.35,74.69,5.11,15,2025-06-23,RJP_0094,0,2025
2025-06-23 11:00:00+00:00,134.15,27.8,77.84,4.97,16,2025-06-23,RJP_0094,0,2025
2025-06-23 12:00:00+00:00,64.75,27.16,81.91,4.65,17,2025-06-23,RJP_0094,0,2025
2025-06-23 13:00:00+00:00,11.0,26.44,87.1,3.91,18,2025-06-23,RJP_0094,0,2025
2025-06-23 14:00:00+00:00,0.0,25.98,90.79,3.7,19,2025-06-23,RJP_0094,0,2025
2025-06-23 15:00:00+00:00,0.0,25.79,92.8,3.86,20,2025-06-23,RJP_0094,0,2025
2025-06-23 16:00:00+00:00,0.0,25.73,93.88,4.05,21,2025-06-23,RJP_0094,0,2025
2025-06-23 17:00:00+00:00,0.0,25.72,94.25,4.36,22,2025-06-23,RJP_0094,0,2025
2025-06-23 18:00:00+00:00,0.0,25.65,94.34,4.67,23,2025-06-23,RJP_0094,0,2025
2025-06-23 19:00:00+00:00,0.0,25.49,94.5,4.81,0,2025-06-24,RJP_0094,0,2025
2025-06-23 20:00:00+00:00,0.0,25.29,94.55,5.03,1,2025-06-24,RJP_0094,0,2025
2025-06-23 21:00:00+00:00,0.0,25.09,94.55,5.04,2,2025-06-24,RJP_0094,0,2025
2025-06-23 22:00:00+00:00,0.0,24.9,94.32,5.11,3,2025-06-24,RJP_0094,0,2025
2025-06-23 23:00:00+00:00,0.0,24.7,93.77,5.21,4,2025-06-24,RJP_0094,0,2025
2025-06-24 00:00:00+00:00,11.27,24.61,93.59,5.14,5,2025-06-24,RJP_0094,0,2025
2025-06-24 01:00:00+00:00,84.18,25.19,90.8,5.14,6,2025-06-24,RJP_0094,0,2025
2025-06-24 02:00:00+00:00,193.48,26.47,84.92,5.03,7,2025-06-24,RJP_0094,0,2025
2025-06-24 03:00:00+00:00,330.88,28.13,77.87,4.84,8,2025-06-24,RJP_0094,0,2025
2025-06-24 04:00:00+00:00,531.0,29.87,70.87,4.61,9,2025-06-24,RJP_0094,0,2025
2025-06-24 05:00:00+00:00,657.0,31.26,65.7,4.47,10,2025-06-24,RJP_0094,0,2025
2025-06-24 06:00:00+00:00,747.33,32.39,61.75,4.61,11,2025-06-24,RJP_0094,0,2025
2025-06-24 07:00:00+00:00,766.1,33.03,59.44,4.95,12,2025-06-24,RJP_0094,0,2025
2025-06-24 08:00:00+00:00,683.95,33.39,58.16,5.43,13,2025-06-24,RJP_0094,0,2025
2025-06-24 09:00:00+00:00,537.42,33.16,58.74,5.7,14,2025-06-24,RJP_0094,0,2025
2025-06-24 10:00:00+00:00,328.45,32.5,61.14,5.92,15,2025-06-24,RJP_0094,0,2025
2025-06-24 11:00:00+00:00,197.57,31.65,64.31,6.12,16,2025-06-24,RJP_0094,0,2025
2025-06-24 12:00:00+00:00,92.82,30.46,69.47,5.88,17,2025-06-24,RJP_0094,0,2025
2025-06-24 13:00:00+00:00,16.88,28.93,77.02,5.19,18,2025-06-24,RJP_0094,0,2025
2025-06-24 14:00:00+00:00,0.0,27.83,82.53,5.19,19,2025-06-24,RJP_0094,0,2025
2025-06-24 15:00:00+00:00,0.0,27.2,85.44,5.48,20,2025-06-24,RJP_0094,0,2025
2025-06-24 16:00:00+00:00,0.0,26.71,88.03,5.42,21,2025-06-24,RJP_0094,0,2025
2025-06-24 17:00:00+00:00,0.0,26.33,89.98,5.4,22,2025-06-24,RJP_0094,0,2025
2025-06-24 18:00:00+00:00,0.0,26.04,91.34,5.37,23,2025-06-24,RJP_0094,0,2025
2025-06-24 19:00:00+00:00,0.0,25.8,92.16,5.5,0,2025-06-25,RJP_0094,0,2025
2025-06-24 20:00:00+00:00,0.0,25.64,92.41,5.35,1,2025-06-25,RJP_0094,0,2025
2025-06-24 21:00:00+00:00,0.0,25.56,92.56,4.68,2,2025-06-25,RJP_0094,0,2025
2025-06-24 22:00:00+00:00,0.0,25.5,93.02,4.38,3,2025-06-25,RJP_0094,0,2025
2025-06-24 23:00:00+00:00,0.0,25.39,94.07,4.38,4,2025-06-25,RJP_0094,0,2025
2025-06-25 00:00:00+00:00,6.65,25.4,94.68,4.12,5,2025-06-25,RJP_0094,0,2025
2025-06-25 01:00:00+00:00,62.88,25.93,92.9,4.34,6,2025-06-25,RJP_0094,0,2025
2025-06-25 02:00:00+00:00,123.07,26.75,88.57,5.06,7,2025-06-25,RJP_0094,0,2025
2025-06-25 03:00:00+00:00,199.23,27.77,82.34,5.05,8,2025-06-25,RJP_0094,0,2025
2025-06-25 04:00:00+00:00,292.2,28.96,76.21,4.56,9,2025-06-25,RJP_0094,0,2025
2025-06-25 05:00:00+00:00,395.75,30.17,70.96,4.1,10,2025-06-25,RJP_0094,0,2025
2025-06-25 06:00:00+00:00,642.72,31.05,67.24,3.79,11,2025-06-25,RJP_0094,0,2025
2025-06-25 07:00:00+00:00,644.75,31.32,65.75,3.83,12,2025-06-25,RJP_0094,0,2025
2025-06-25 08:00:00+00:00,546.67,31.11,66.37,4.34,13,2025-06-25,RJP_0094,0,2025
2025-06-25 09:00:00+00:00,536.7,30.73,67.73,4.72,14,2025-06-25,RJP_0094,0,2025
2025-06-25 10:00:00+00:00,346.15,30.05,70.35,4.83,15,2025-06-25,RJP_0094,0,2025
2025-06-25 11:00:00+00:00,216.85,29.15,74.57,4.63,16,2025-06-25,RJP_0094,0,2025
2025-06-25 12:00:00+00:00,107.0,28.13,80.52,3.95,17,2025-06-25,RJP_0094,0,2025
2025-06-25 13:00:00+00:00,17.52,27.14,86.95,3.12,18,2025-06-25,RJP_0094,0,2025
2025-06-25 14:00:00+00:00,0.0,26.53,91.1,2.69,19,2025-06-25,RJP_0094,0,2025
2025-06-25 15:00:00+00:00,0.0,26.23,92.96,3.19,20,2025-06-25,RJP_0094,0,2025
2025-06-25 16:00:00+00:00,0.0,26.05,93.79,3.98,21,2025-06-25,RJP_0094,0,2025
2025-06-25 17:00:00+00:00,0.0,25.9,94.23,4.31,22,2025-06-25,RJP_0094,0,2025
2025-06-25 18:00:00+00:00,0.0,25.74,94.56,4.36,23,2025-06-25,RJP_0094,0,2025
2025-06-25 19:00:00+00:00,0.0,25.61,94.7,4.21,0,2025-06-26,RJP_0094,0,2025
2025-06-25 20:00:00+00:00,0.0,25.51,94.59,4.14,1,2025-06-26,RJP_0094,0,2025
2025-06-25 21:00:00+00:00,0.0,25.41,95.07,3.75,2,2025-06-26,RJP_0094,0,2025
2025-06-25 22:00:00+00:00,0.0,25.37,95.11,3.57,3,2025-06-26,RJP_0094,0,2025
2025-06-25 23:00:00+00:00,0.0,25.34,95.35,3.22,4,2025-06-26,RJP_0094,0,2025
2025-06-26 00:00:00+00:00,11.38,25.46,95.05,3.02,5,2025-06-26,RJP_0094,0,2025
2025-06-26 01:00:00+00:00,80.47,26.2,91.7,3.21,6,2025-06-26,RJP_0094,0,2025
2025-06-26 02:00:00+00:00,173.73,27.38,86.07,2.83,7,2025-06-26,RJP_0094,0,2025
2025-06-26 03:00:00+00:00,265.77,28.78,79.73,2.11,8,2025-06-26,RJP_0094,0,2025
2025-06-26 04:00:00+00:00,418.85,30.03,74.57,1.36,9,2025-06-26,RJP_0094,0,2025
2025-06-26 05:00:00+00:00,581.3,30.98,70.77,1.2,10,2025-06-26,RJP_0094,0,2025
2025-06-26 06:00:00+00:00,720.35,31.51,68.73,1.63,11,2025-06-26,RJP_0094,0,2025
2025-06-26 07:00:00+00:00,658.7,31.73,67.9,2.05,12,2025-06-26,RJP_0094,0,2025
2025-06-26 08:00:00+00:00,605.47,31.75,67.82,2.28,13,2025-06-26,RJP_0094,0,2025
2025-06-26 09:00:00+00:00,388.45,31.58,68.66,2.36,14,2025-06-26,RJP_0094,0,2025
2025-06-26 10:00:00+00:00,196.45,31.11,70.93,2.44,15,2025-06-26,RJP_0094,0,2025
2025-06-26 11:00:00+00:00,105.7,30.45,74.24,2.6,16,2025-06-26,RJP_0094,0,2025
2025-06-26 12:00:00+00:00,48.85,29.58,79.66,2.47,17,2025-06-26,RJP_0094,0,2025
2025-06-26 13:00:00+00:00,6.1,28.44,86.99,2.02,18,2025-06-26,RJP_0094,0,2025
2025-06-26 14:00:00+00:00,0.0,27.65,91.65,1.91,19,2025-06-26,RJP_0094,0,2025
2025-06-26 15:00:00+00:00,0.0,27.23,92.82,2.07,20,2025-06-26,RJP_0094,0,2025
2025-06-26 16:00:00+00:00,0.0,26.85,93.94,2.2,21,2025-06-26,RJP_0094,0,2025
2025-06-26 17:00:00+00:00,0.0,26.55,94.73,2.45,22,2025-06-26,RJP_0094,0,2025
2025-06-26 18:00:00+00:00,0.0,26.29,95.45,2.63,23,2025-06-26,RJP_0094,0,2025
2025-06-26 19:00:00+00:00,0.0,26.1,95.93,2.63,0,2025-06-27,RJP_0094,0,2025
2025-06-26 20:00:00+00:00,0.0,25.96,96.27,2.43,1,2025-06-27,RJP_0094,0,2025
2025-06-26 21:00:00+00:00,0.0,25.87,96.43,2.04,2,2025-06-27,RJP_0094,0,2025
2025-06-26 22:00:00+00:00,0.0,25.81,96.72,1.61,3,2025-06-27,RJP_0094,0,2025
2025-06-26 23:00:00+00:00,0.0,25.76,96.88,1.4,4,2025-06-27,RJP_0094,0,2025
2025-06-27 00:00:00+00:00,8.05,25.87,96.65,1.2,5,2025-06-27,RJP_0094,0,2025
2025-06-27 01:00:00+00:00,75.43,26.59,92.9,1.28,6,2025-06-27,RJP_0094,0,2025
2025-06-27 02:00:00+00:00,173.12,27.33,88.62,0.69,7,2025-06-27,RJP_0094,0,2025
2025-06-27 03:00:00+00:00,260.92,28.26,83.19,0.67,8,2025-06-27,RJP_0094,0,2025
2025-06-27 04:00:00+00:00,378.23,29.24,77.39,1.45,9,2025-06-27,RJP_0094,0,2025
2025-06-27 05:00:00+00:00,456.67,30.05,72.95,2.41,10,2025-06-27,RJP_0094,0,2025
2025-06-27 06:00:00+00:00,376.12,30.86,68.98,3.37,11,2025-06-27,RJP_0094,0,2025
2025-06-27 07:00:00+00:00,517.08,31.49,65.12,4.39,12,2025-06-27,RJP_0094,0,2025
2025-06-27 08:00:00+00:00,588.75,31.43,63.81,5.55,13,2025-06-27,RJP_0094,0,2025
2025-06-27 09:00:00+00:00,597.33,31.05,64.41,6.45,14,2025-06-27,RJP_0094,0,2025
2025-06-27 10:00:00+00:00,449.77,30.52,65.56,6.84,15,2025-06-27,RJP_0094,0,2025
2025-06-27 11:00:00+00:00,288.25,29.79,67.44,6.73,16,2025-06-27,RJP_0094,0,2025
2025-06-27 12:00:00+00:00,130.4,28.82,71.63,5.78,17,2025-06-27,RJP_0094,0,2025
2025-06-27 13:00:00+00:00,21.55,27.49,79.75,4.11,18,2025-06-27,RJP_0094,0,2025
2025-06-27 14:00:00+00:00,0.0,26.57,85.62,3.45,19,2025-06-27,RJP_0094,0,2025
2025-06-27 15:00:00+00:00,0.0,26.12,88.92,3.45,20,2025-06-27,RJP_0094,0,2025
2025-06-27 16:00:00+00:00,0.0,25.77,91.69,3.67,21,2025-06-27,RJP_0094,0,2025
2025-06-27 17:00:00+00:00,0.0,25.42,93.95,4.1,22,2025-06-27,RJP_0094,0,2025
2025-06-27 18:00:00+00:00,0.0,25.09,95.12,4.51,23,2025-06-27,RJP_0094,0,2025
2025-06-27 19:00:00+00:00,0.0,24.82,94.9,4.75,0,2025-06-28,RJP_0094,0,2025
2025-06-27 20:00:00+00:00,0.0,24.55,94.5,4.99,1,2025-06-28,RJP_0094,0,2025
2025-06-27 21:00:00+00:00,0.0,24.32,94.69,4.69,2,2025-06-28,RJP_0094,0,2025
2025-06-27 22:00:00+00:00,0.0,24.13,94.91,4.22,3,2025-06-28,RJP_0094,0,2025
2025-06-27 23:00:00+00:00,0.0,23.97,95.19,3.85,4,2025-06-28,RJP_0094,0,2025
2025-06-28 00:00:00+00:00,12.05,23.99,94.84,3.7,5,2025-06-28,RJP_0094,0,2025
2025-06-28 01:00:00+00:00,96.15,24.8,89.8,4.73,6,2025-06-28,RJP_0094,0,2025
2025-06-28 02:00:00+00:00,221.1,26.1,80.65,6.03,7,2025-06-28,RJP_0094,0,2025
2025-06-28 03:00:00+00:00,349.4,27.49,72.1,6.86,8,2025-06-28,RJP_0094,0,2025
2025-06-28 04:00:00+00:00,304.17,28.92,65.84,7.34,9,2025-06-28,RJP_0094,0,2025
2025-06-28 05:00:00+00:00,381.75,30.18,61.74,7.7,10,2025-06-28,RJP_0094,0,2025
2025-06-28 06:00:00+00:00,452.77,30.9,60.36,8.06,11,2025-06-28,RJP_0094,0,2025
2025-06-28 07:00:00+00:00,437.27,31.18,60.7,8.42,12,2025-06-28,RJP_0094,0,2025
2025-06-28 08:00:00+00:00,420.9,31.09,62.1,8.74,13,2025-06-28,RJP_0094,0,2025
2025-06-28 09:00:00+00:00,309.17,30.73,64.34,8.86,14,2025-06-28,RJP_0094,0,2025
2025-06-28 10:00:00+00:00,238.35,30.05,67.9,8.79,15,2025-06-28,RJP_0094,0,2025
2025-06-28 11:00:00+00:00,136.1,29.07,72.82,8.6,16,2025-06-28,RJP_0094,0,2025
2025-06-28 12:00:00+00:00,75.97,27.81,79.07,8.15,17,2025-06-28,RJP_0094,0,2025
2025-06-28 13:00:00+00:00,10.6,26.43,85.92,7.28,18,2025-06-28,RJP_0094,0,2025
2025-06-28 14:00:00+00:00,0.0,25.48,90.34,6.84,19,2025-06-28,RJP_0094,0,2025
2025-06-28 15:00:00+00:00,0.0,24.96,91.88,6.95,20,2025-06-28,RJP_0094,0,2025
2025-06-28 16:00:00+00:00,0.0,24.6,92.72,7.31,21,2025-06-28,RJP_0094,0,2025
2025-06-28 17:00:00+00:00,0.0,24.37,93.38,7.41,22,2025-06-28,RJP_0094,0,2025
2025-06-28 18:00:00+00:00,0.0,24.23,93.97,7.25,23,2025-06-28,RJP_0094,0,2025
2025-06-28 19:00:00+00:00,0.0,24.17,94.39,6.88,0,2025-06-29,RJP_0094,0,2025
2025-06-28 20:00:00+00:00,0.0,24.16,94.54,6.84,1,2025-06-29,RJP_0094,0,2025
2025-06-28 21:00:00+00:00,0.0,24.13,95.18,5.75,2,2025-06-29,RJP_0094,0,2025
2025-06-28 22:00:00+00:00,0.0,24.18,95.44,4.69,3,2025-06-29,RJP_0094,0,2025
2025-06-28 23:00:00+00:00,0.0,24.26,95.8,3.88,4,2025-06-29,RJP_0094,0,2025
2025-06-29 00:00:00+00:00,6.93,24.54,95.48,3.67,5,2025-06-29,RJP_0094,0,2025
2025-06-29 01:00:00+00:00,54.28,25.61,91.75,5.1,6,2025-06-29,RJP_0094,0,2025
2025-06-29 02:00:00+00:00,112.82,27.1,83.73,7.62,7,2025-06-29,RJP_0094,0,2025
2025-06-29 03:00:00+00:00,165.38,28.56,75.21,8.89,8,2025-06-29,RJP_0094,0,2025
2025-06-29 04:00:00+00:00,290.0,29.87,68.79,9.3,9,2025-06-29,RJP_0094,0,2025
2025-06-29 05:00:00+00:00,394.3,31.07,63.89,9.18,10,2025-06-29,RJP_0094,0,2025
2025-06-29 06:00:00+00:00,572.3,31.84,61.11,8.8,11,2025-06-29,RJP_0094,0,2025
2025-06-29 07:00:00+00:00,621.3,32.25,59.62,8.47,12,2025-06-29,RJP_0094,0,2025
2025-06-29 08:00:00+00:00,551.97,32.35,59.44,8.24,13,2025-06-29,RJP_0094,0,2025
2025-06-29 09:00:00+00:00,526.3,32.09,60.68,8.05,14,2025-06-29,RJP_0094,0,2025
2025-06-29 10:00:00+00:00,391.88,31.71,62.56,8.23,15,2025-06-29,RJP_0094,0,2025
2025-06-29 11:00:00+00:00,226.48,30.83,66.52,8.28,16,2025-06-29,RJP_0094,0,2025
2025-06-29 12:00:00+00:00,115.57,29.5,72.84,7.76,17,2025-06-29,RJP_0094,0,2025
2025-06-29 13:00:00+00:00,20.55,28.07,80.13,7.11,18,2025-06-29,RJP_0094,0,2025
2025-06-29 14:00:00+00:00,0.0,27.07,85.76,6.63,19,2025-06-29,RJP_0094,0,2025
2025-06-29 15:00:00+00:00,0.0,26.48,89.36,6.13,20,2025-06-29,RJP_0094,0,2025
2025-06-29 16:00:00+00:00,0.0,26.08,91.57,5.87,21,2025-06-29,RJP_0094,0,2025
2025-06-29 17:00:00+00:00,0.0,25.73,93.25,5.76,22,2025-06-29,RJP_0094,0,2025
2025-06-29 18:00:00+00:00,0.0,25.42,94.24,6.08,23,2025-06-29,RJP_0094,0,2025
2025-06-29 19:00:00+00:00,0.0,25.12,94.71,6.47,0,2025-06-30,RJP_0094,0,2025
2025-06-29 20:00:00+00:00,0.0,24.84,94.82,6.41,1,2025-06-30,RJP_0094,0,2025
2025-06-29 21:00:00+00:00,0.0,24.63,94.63,6.27,2,2025-06-30,RJP_0094,0,2025
2025-06-29 22:00:00+00:00,0.0,24.5,94.74,5.81,3,2025-06-30,RJP_0094,0,2025
2025-06-29 23:00:00+00:00,0.0,24.43,95.02,5.39,4,2025-06-30,RJP_0094,0,2025
2025-06-30 00:00:00+00:00,9.73,24.5,94.83,5.28,5,2025-06-30,RJP_0094,0,2025
2025-06-30 01:00:00+00:00,70.2,25.45,90.8,6.35,6,2025-06-30,RJP_0094,0,2025
2025-06-30 02:00:00+00:00,142.48,27.07,82.9,7.42,7,2025-06-30,RJP_0094,0,2025
2025-06-30 03:00:00+00:00,239.57,28.91,74.47,7.8,8,2025-06-30,RJP_0094,0,2025
2025-06-30 04:00:00+00:00,353.73,30.43,67.72,7.88,9,2025-06-30,RJP_0094,0,2025
2025-06-30 05:00:00+00:00,463.35,31.62,62.55,7.86,10,2025-06-30,RJP_0094,0,2025
2025-06-30 06:00:00+00:00,550.47,32.41,59.34,7.92,11,2025-06-30,RJP_0094,0,2025
2025-06-30 07:00:00+00:00,465.88,32.87,57.88,8.18,12,2025-06-30,RJP_0094,0,2025
2025-06-30 08:00:00+00:00,418.83,32.52,59.37,8.35,13,2025-06-30,RJP_0094,0,2025
2025-06-30 09:00:00+00:00,419.0,32.04,61.2,8.36,14,2025-06-30,RJP_0094,0,2025
2025-06-30 10:00:00+00:00,373.88,31.54,62.89,8.21,15,2025-06-30,RJP_0094,0,2025
2025-06-30 11:00:00+00:00,213.27,30.67,66.17,7.81,16,2025-06-30,RJP_0094,0,2025
2025-06-30 12:00:00+00:00,109.6,29.52,71.86,6.8,17,2025-06-30,RJP_0094,0,2025
2025-06-30 13:00:00+00:00,20.3,28.1,79.87,5.49,18,2025-06-30,RJP_0094,0,2025
2025-06-30 14:00:00+00:00,0.0,27.09,85.62,5.28,19,2025-06-30,RJP_0094,0,2025
2025-06-30 15:00:00+00:00,0.0,26.48,89.48,5.41,20,2025-06-30,RJP_0094,0,2025
2025-06-30 16:00:00+00:00,0.0,25.96,92.64,5.76,21,2025-06-30,RJP_0094,0,2025
2025-06-30 17:00:00+00:00,0.0,25.61,94.51,6.06,22,2025-06-30,RJP_0094,0,2025
2025-06-30 18:00:00+00:00,0.0,25.46,94.97,5.81,23,2025-06-30,RJP_0094,0,2025
2025-06-30 19:00:00+00:00,0.0,25.42,95.14,5.46,0,2025-07-01,RJP_0094,0,2025
2025-06-30 20:00:00+00:00,0.0,25.44,94.93,5.66,1,2025-07-01,RJP_0094,0,2025
2025-06-30 21:00:00+00:00,0.0,25.36,94.8,6.21,2,2025-07-01,RJP_0094,0,2025
2025-06-30 22:00:00+00:00,0.0,25.17,94.75,6.48,3,2025-07-01,RJP_0094,0,2025
2025-06-30 23:00:00+00:00,0.0,24.96,94.51,6.57,4,2025-07-01,RJP_0094,0,2025
2025-07-01 00:00:00+00:00,4.5,24.87,94.3,6.26,5,2025-07-01,RJP_0094,0,2025
2025-07-01 01:00:00+00:00,39.6,25.64,90.32,6.66,6,2025-07-01,RJP_0094,0,2025
2025-07-01 02:00:00+00:00,134.48,27.07,82.02,7.32,7,2025-07-01,RJP_0094,0,2025
2025-07-01 03:00:00+00:00,246.82,28.77,73.65,7.37,8,2025-07-01,RJP_0094,0,2025
2025-07-01 04:00:00+00:00,330.9,30.17,67.82,7.22,9,2025-07-01,RJP_0094,0,2025
2025-07-01 05:00:00+00:00,390.85,31.15,64.0,7.08,10,2025-07-01,RJP_0094,0,2025
2025-07-01 06:00:00+00:00,505.33,31.71,61.81,7.09,11,2025-07-01,RJP_0094,0,2025
2025-07-01 07:00:00+00:00,452.23,31.85,61.2,7.04,12,2025-07-01,RJP_0094,0,2025
2025-07-01 08:00:00+00:00,445.73,31.66,61.85,6.9,13,2025-07-01,RJP_0094,0,2025
2025-07-01 09:00:00+00:00,343.92,31.42,62.91,6.68,14,2025-07-01,RJP_0094,0,2025
2025-07-01 10:00:00+00:00,292.48,30.73,66.0,6.45,15,2025-07-01,RJP_0094,0,2025
2025-07-01 11:00:00+00:00,173.9,29.75,70.9,6.08,16,2025-07-01,RJP_0094,0,2025
2025-07-01 12:00:00+00:00,90.1,28.58,77.7,5.29,17,2025-07-01,RJP_0094,0,2025
2025-07-01 13:00:00+00:00,17.27,27.4,84.38,4.61,18,2025-07-01,RJP_0094,0,2025
2025-07-01 14:00:00+00:00,0.0,26.65,88.09,4.68,19,2025-07-01,RJP_0094,0,2025
2025-07-01 15:00:00+00:00,0.0,26.2,89.77,5.22,20,2025-07-01,RJP_0094,0,2025
2025-07-01 16:00:00+00:00,0.0,25.87,90.83,5.61,21,2025-07-01,RJP_0094,0,2025
2025-07-01 17:00:00+00:00,0.0,25.62,91.38,6.22,22,2025-07-01,RJP_0094,0,2025
2025-07-01 18:00:00+00:00,0.0,25.29,93.93,5.88,23,2025-07-01,RJP_0094,0,2025
2025-07-01 19:00:00+00:00,0.0,25.14,94.98,6.14,0,2025-07-02,RJP_0094,0,2025
2025-07-01 20:00:00+00:00,0.0,25.08,94.97,6.42,1,2025-07-02,RJP_0094,0,2025
2025-07-01 21:00:00+00:00,0.0,25.03,94.8,6.36,2,2025-07-02,RJP_0094,0,2025
2025-07-01 22:00:00+00:00,0.0,24.95,94.6,6.16,3,2025-07-02,RJP_0094,0,2025
2025-07-01 23:00:00+00:00,0.0,24.78,94.56,6.04,4,2025-07-02,RJP_0094,0,2025
2025-07-02 00:00:00+00:00,4.22,24.6,94.67,5.83,5,2025-07-02,RJP_0094,0,2025
2025-07-02 01:00:00+00:00,27.55,24.71,94.16,6.0,6,2025-07-02,RJP_0094,0,2025
2025-07-02 02:00:00+00:00,50.62,24.97,93.34,5.94,7,2025-07-02,RJP_0094,0,2025
2025-07-02 03:00:00+00:00,41.2,25.29,90.75,6.33,8,2025-07-02,RJP_0094,0,2025
2025-07-02 04:00:00+00:00,77.78,25.76,86.12,6.23,9,2025-07-02,RJP_0094,0,2025
2025-07-02 05:00:00+00:00,117.95,26.36,82.44,5.79,10,2025-07-02,RJP_0094,0,2025
2025-07-02 06:00:00+00:00,79.0,26.92,79.86,5.54,11,2025-07-02,RJP_0094,0,2025
2025-07-02 07:00:00+00:00,212.98,27.34,78.41,5.42,12,2025-07-02,RJP_0094,0,2025
2025-07-02 08:00:00+00:00,365.35,27.63,77.78,5.33,13,2025-07-02,RJP_0094,0,2025
2025-07-02 09:00:00+00:00,233.85,27.77,77.6,5.18,14,2025-07-02,RJP_0094,0,2025
2025-07-02 10:00:00+00:00,248.32,27.55,79.03,4.78,15,2025-07-02,RJP_0094,0,2025
2025-07-02 11:00:00+00:00,148.68,27.05,82.38,4.19,16,2025-07-02,RJP_0094,0,2025
2025-07-02 12:00:00+00:00,74.05,26.43,87.46,3.38,17,2025-07-02,RJP_0094,0,2025
2025-07-02 13:00:00+00:00,12.27,25.72,92.84,2.64,18,2025-07-02,RJP_0094,0,2025
2025-07-02 14:00:00+00:00,0.0,25.34,95.37,2.53,19,2025-07-02,RJP_0094,0,2025
2025-07-02 15:00:00+00:00,0.0,25.26,96.04,2.67,20,2025-07-02,RJP_0094,0,2025
2025-07-02 16:00:00+00:00,0.0,25.23,96.48,2.77,21,2025-07-02,RJP_0094,0,2025
2025-07-02 17:00:00+00:00,0.0,25.22,96.71,2.68,22,2025-07-02,RJP_0094,0,2025
2025-07-02 18:00:00+00:00,0.0,25.18,96.94,2.57,23,2025-07-02,RJP_0094,0,2025
2025-07-02 19:00:00+00:00,0.0,25.15,97.02,2.54,0,2025-07-03,RJP_0094,0,2025
2025-07-02 20:00:00+00:00,0.0,25.09,97.02,2.55,1,2025-07-03,RJP_0094,0,2025
2025-07-02 21:00:00+00:00,0.0,25.0,97.16,2.31,2,2025-07-03,RJP_0094,0,2025
2025-07-02 22:00:00+00:00,0.0,24.92,97.28,2.15,3,2025-07-03,RJP_0094,0,2025
2025-07-02 23:00:00+00:00,0.0,24.9,97.13,2.33,4,2025-07-03,RJP_0094,0,2025
2025-07-03 00:00:00+00:00,4.62,25.04,96.52,2.93,5,2025-07-03,RJP_0094,0,2025
2025-07-03 01:00:00+00:00,47.03,25.67,93.99,3.68,6,2025-07-03,RJP_0094,0,2025
2025-07-03 02:00:00+00:00,110.25,26.59,89.85,4.09,7,2025-07-03,RJP_0094,0,2025
2025-07-03 03:00:00+00:00,180.07,27.63,84.71,4.18,8,2025-07-03,RJP_0094,0,2025
2025-07-03 04:00:00+00:00,275.73,28.59,80.05,4.35,9,2025-07-03,RJP_0094,0,2025
2025-07-03 05:00:00+00:00,420.08,29.17,77.11,4.87,10,2025-07-03,RJP_0094,0,2025
2025-07-03 06:00:00+00:00,492.98,29.56,75.13,5.7,11,2025-07-03,RJP_0094,0,2025
2025-07-03 07:00:00+00:00,458.2,29.29,75.45,6.35,12,2025-07-03,RJP_0094,0,2025
2025-07-03 08:00:00+00:00,451.15,29.05,76.09,6.57,13,2025-07-03,RJP_0094,0,2025
2025-07-03 09:00:00+00:00,441.4,28.91,76.61,6.25,14,2025-07-03,RJP_0094,0,2025
2025-07-03 10:00:00+00:00,341.15,28.77,77.3,5.87,15,2025-07-03,RJP_0094,0,2025
2025-07-03 11:00:00+00:00,219.25,28.24,79.8,5.52,16,2025-07-03,RJP_0094,0,2025
2025-07-03 12:00:00+00:00,93.07,27.35,85.04,4.89,17,2025-07-03,RJP_0094,0,2025
2025-07-03 13:00:00+00:00,15.9,26.37,90.73,4.36,18,2025-07-03,RJP_0094,0,2025
2025-07-03 14:00:00+00:00,0.0,25.76,93.72,4.47,19,2025-07-03,RJP_0094,0,2025
2025-07-03 15:00:00+00:00,0.0,25.48,94.99,4.57,20,2025-07-03,RJP_0094,0,2025
2025-07-03 16:00:00+00:00,0.0,25.31,95.58,4.45,21,2025-07-03,RJP_0094,0,2025
2025-07-03 17:00:00+00:00,0.0,25.18,95.87,4.58,22,2025-07-03,RJP_0094,0,2025
2025-07-03 18:00:00+00:00,0.0,25.06,95.92,4.82,23,2025-07-03,RJP_0094,0,2025
2025-07-03 19:00:00+00:00,0.0,24.94,95.96,4.87,0,2025-07-04,RJP_0094,0,2025
2025-07-03 20:00:00+00:00,0.0,24.85,96.02,4.63,1,2025-07-04,RJP_0094,0,2025
2025-07-03 21:00:00+00:00,0.0,24.78,96.26,4.19,2,2025-07-04,RJP_0094,0,2025
2025-07-03 22:00:00+00:00,0.0,24.77,96.38,4.01,3,2025-07-04,RJP_0094,0,2025
2025-07-03 23:00:00+00:00,0.0,24.76,96.46,4.06,4,2025-07-04,RJP_0094,0,2025
2025-07-04 00:00:00+00:00,8.8,24.87,96.12,4.13,5,2025-07-04,RJP_0094,0,2025
2025-07-04 01:00:00+00:00,64.65,25.6,93.53,4.91,6,2025-07-04,RJP_0094,0,2025
2025-07-04 02:00:00+00:00,154.2,26.84,87.4,5.74,7,2025-07-04,RJP_0094,0,2025
2025-07-04 03:00:00+00:00,257.3,28.25,79.64,6.02,8,2025-07-04,RJP_0094,0,2025
2025-07-04 04:00:00+00:00,331.62,29.22,74.31,6.04,9,2025-07-04,RJP_0094,0,2025
2025-07-04 05:00:00+00:00,399.8,30.03,70.65,6.02,10,2025-07-04,RJP_0094,0,2025
2025-07-04 06:00:00+00:00,423.35,30.65,68.12,5.99,11,2025-07-04,RJP_0094,0,2025
2025-07-04 07:00:00+00:00,374.35,31.02,66.58,5.97,12,2025-07-04,RJP_0094,0,2025
2025-07-04 08:00:00+00:00,476.25,31.14,65.99,5.92,13,2025-07-04,RJP_0094,0,2025
2025-07-04 09:00:00+00:00,476.75,31.03,66.48,5.74,14,2025-07-04,RJP_0094,0,2025
2025-07-04 10:00:00+00:00,376.75,30.63,68.13,5.54,15,2025-07-04,RJP_0094,0,2025
2025-07-04 11:00:00+00:00,241.98,29.89,71.77,5.41,16,2025-07-04,RJP_0094,0,2025
2025-07-04 12:00:00+00:00,115.53,28.77,78.68,4.73,17,2025-07-04,RJP_0094,0,2025
2025-07-04 13:00:00+00:00,19.2,27.53,86.09,4.1,18,2025-07-04,RJP_0094,0,2025
2025-07-04 14:00:00+00:00,0.0,26.77,90.27,4.33,19,2025-07-04,RJP_0094,0,2025
2025-07-04 15:00:00+00:00,0.0,26.35,92.99,4.52,20,2025-07-04,RJP_0094,0,2025
2025-07-04 16:00:00+00:00,0.0,26.04,94.71,4.63,21,2025-07-04,RJP_0094,0,2025
2025-07-04 17:00:00+00:00,0.0,25.8,95.57,4.66,22,2025-07-04,RJP_0094,0,2025
2025-07-04 18:00:00+00:00,0.0,25.63,95.68,4.43,23,2025-07-04,RJP_0094,0,2025
2025-07-04 19:00:00+00:00,0.0,25.46,95.91,4.28,0,2025-07-05,RJP_0094,0,2025
2025-07-04 20:00:00+00:00,0.0,25.34,95.98,4.26,1,2025-07-05,RJP_0094,0,2025
2025-07-04 21:00:00+00:00,0.0,25.27,96.06,4.12,2,2025-07-05,RJP_0094,0,2025
2025-07-04 22:00:00+00:00,0.0,25.23,96.17,4.05,3,2025-07-05,RJP_0094,0,2025
2025-07-04 23:00:00+00:00,0.0,25.2,96.22,4.02,4,2025-07-05,RJP_0094,0,2025
2025-07-05 00:00:00+00:00,5.78,25.23,96.0,4.15,5,2025-07-05,RJP_0094,0,2025
2025-07-05 01:00:00+00:00,48.15,25.73,94.17,4.53,6,2025-07-05,RJP_0094,0,2025
2025-07-05 02:00:00+00:00,111.55,26.56,89.8,5.34,7,2025-07-05,RJP_0094,0,2025
2025-07-05 03:00:00+00:00,215.85,27.6,83.66,5.74,8,2025-07-05,RJP_0094,0,2025
2025-07-05 04:00:00+00:00,339.67,28.4,79.18,6.0,9,2025-07-05,RJP_0094,0,2025
2025-07-05 05:00:00+00:00,310.55,28.89,76.55,6.19,10,2025-07-05,RJP_0094,0,2025
2025-07-05 06:00:00+00:00,221.82,29.14,75.29,6.22,11,2025-07-05,RJP_0094,0,2025
2025-07-05 07:00:00+00:00,163.43,29.3,74.74,6.1,12,2025-07-05,RJP_0094,0,2025
2025-07-05 08:00:00+00:00,210.5,29.36,74.97,5.86,13,2025-07-05,RJP_0094,0,2025
2025-07-05 09:00:00+00:00,223.93,29.26,75.86,5.51,14,2025-07-05,RJP_0094,0,2025
2025-07-05 10:00:00+00:00,176.0,28.84,78.39,5.13,15,2025-07-05,RJP_0094,0,2025
2025-07-05 11:00:00+00:00,118.93,28.22,82.32,4.72,16,2025-07-05,RJP_0094,0,2025
2025-07-05 12:00:00+00:00,73.47,27.45,87.8,3.99,17,2025-07-05,RJP_0094,0,2025
2025-07-05 13:00:00+00:00,12.07,26.61,93.0,3.37,18,2025-07-05,RJP_0094,0,2025
2025-07-05 14:00:00+00:00,0.0,26.22,94.81,3.56,19,2025-07-05,RJP_0094,0,2025
2025-07-05 15:00:00+00:00,0.0,26.06,95.61,3.7,20,2025-07-05,RJP_0094,0,2025
2025-07-05 16:00:00+00:00,0.0,25.95,96.01,3.76,21,2025-07-05,RJP_0094,0,2025
2025-07-05 17:00:00+00:00,0.0,25.85,96.17,3.76,22,2025-07-05,RJP_0094,0,2025
2025-07-05 18:00:00+00:00,0.0,25.76,96.24,3.69,23,2025-07-05,RJP_0094,0,2025
2025-07-05 19:00:00+00:00,0.0,25.66,96.3,3.6,0,2025-07-06,RJP_0094,0,2025
2025-07-05 20:00:00+00:00,0.0,25.54,96.37,3.62,1,2025-07-06,RJP_0094,0,2025
2025-07-05 21:00:00+00:00,0.0,25.43,96.39,3.82,2,2025-07-06,RJP_0094,0,2025
2025-07-05 22:00:00+00:00,0.0,25.34,96.27,4.15,3,2025-07-06,RJP_0094,0,2025
2025-07-05 23:00:00+00:00,0.0,25.27,96.0,4.62,4,2025-07-06,RJP_0094,0,2025
2025-07-06 00:00:00+00:00,8.6,25.16,95.89,4.89,5,2025-07-06,RJP_0094,0,2025
2025-07-06 01:00:00+00:00,67.12,25.29,95.11,4.93,6,2025-07-06,RJP_0094,0,2025
2025-07-06 02:00:00+00:00,168.82,25.61,93.07,5.04,7,2025-07-06,RJP_0094,0,2025
2025-07-06 03:00:00+00:00,301.38,26.2,89.0,5.08,8,2025-07-06,RJP_0094,0,2025
2025-07-06 04:00:00+00:00,324.4,27.01,84.29,4.93,9,2025-07-06,RJP_0094,0,2025
2025-07-06 05:00:00+00:00,416.5,27.8,80.35,4.84,10,2025-07-06,RJP_0094,0,2025
2025-07-06 06:00:00+00:00,512.03,28.25,78.58,4.72,11,2025-07-06,RJP_0094,0,2025
2025-07-06 07:00:00+00:00,671.15,28.39,78.53,4.57,12,2025-07-06,RJP_0094,0,2025
2025-07-06 08:00:00+00:00,606.9,28.38,79.32,4.41,13,2025-07-06,RJP_0094,0,2025
2025-07-06 09:00:00+00:00,497.52,28.26,80.56,4.33,14,2025-07-06,RJP_0094,0,2025
2025-07-06 10:00:00+00:00,454.42,28.02,82.38,4.35,15,2025-07-06,RJP_0094,0,2025
2025-07-06 11:00:00+00:00,303.55,27.58,85.66,4.25,16,2025-07-06,RJP_0094,0,2025
2025-07-06 12:00:00+00:00,149.15,27.01,90.2,3.66,17,2025-07-06,RJP_0094,0,2025
2025-07-06 13:00:00+00:00,25.65,26.35,94.33,3.1,18,2025-07-06,RJP_0094,0,2025
2025-07-06 14:00:00+00:00,0.0,26.05,95.37,3.6,19,2025-07-06,RJP_0094,0,2025
2025-07-06 15:00:00+00:00,0.0,25.91,95.84,4.19,20,2025-07-06,RJP_0094,0,2025
2025-07-06 16:00:00+00:00,0.0,25.8,96.21,4.5,21,2025-07-06,RJP_0094,0,2025
2025-07-06 17:00:00+00:00,0.0,25.71,96.27,4.61,22,2025-07-06,RJP_0094,0,2025
2025-07-06 18:00:00+00:00,0.0,25.58,96.47,4.6,23,2025-07-06,RJP_0094,0,2025
2025-07-06 19:00:00+00:00,0.0,25.47,96.61,4.37,0,2025-07-07,RJP_0094,0,2025
2025-07-06 20:00:00+00:00,0.0,25.38,96.58,4.25,1,2025-07-07,RJP_0094,0,2025
2025-07-06 21:00:00+00:00,0.0,25.28,96.53,4.04,2,2025-07-07,RJP_0094,0,2025
2025-07-06 22:00:00+00:00,0.0,25.12,96.67,3.82,3,2025-07-07,RJP_0094,0,2025
2025-07-06 23:00:00+00:00,0.0,24.94,96.71,3.73,4,2025-07-07,RJP_0094,0,2025
2025-07-07 00:00:00+00:00,6.7,24.83,96.44,3.88,5,2025-07-07,RJP_0094,0,2025
2025-07-07 01:00:00+00:00,56.53,25.29,93.84,4.77,6,2025-07-07,RJP_0094,0,2025
2025-07-07 02:00:00+00:00,132.88,26.15,88.24,5.55,7,2025-07-07,RJP_0094,0,2025
2025-07-07 03:00:00+00:00,239.07,27.61,80.05,5.78,8,2025-07-07,RJP_0094,0,2025
2025-07-07 04:00:00+00:00,369.45,28.93,73.3,5.97,9,2025-07-07,RJP_0094,0,2025
2025-07-07 05:00:00+00:00,458.85,30.1,68.5,6.25,10,2025-07-07,RJP_0094,0,2025
2025-07-07 06:00:00+00:00,511.27,30.94,65.45,6.55,11,2025-07-07,RJP_0094,0,2025
2025-07-07 07:00:00+00:00,581.78,31.48,63.57,6.56,12,2025-07-07,RJP_0094,0,2025
2025-07-07 08:00:00+00:00,545.95,31.69,62.75,6.27,13,2025-07-07,RJP_0094,0,2025
2025-07-07 09:00:00+00:00,459.27,31.53,62.87,5.86,14,2025-07-07,RJP_0094,0,2025
2025-07-07 10:00:00+00:00,343.52,31.09,64.22,5.51,15,2025-07-07,RJP_0094,0,2025
2025-07-07 11:00:00+00:00,226.35,30.42,66.76,5.41,16,2025-07-07,RJP_0094,0,2025
2025-07-07 12:00:00+00:00,103.8,29.31,72.39,5.06,17,2025-07-07,RJP_0094,0,2025
2025-07-07 13:00:00+00:00,17.55,27.67,81.83,4.16,18,2025-07-07,RJP_0094,0,2025
2025-07-07 14:00:00+00:00,0.0,26.63,86.64,4.49,19,2025-07-07,RJP_0094,0,2025
2025-07-07 15:00:00+00:00,0.0,26.08,89.64,4.88,20,2025-07-07,RJP_0094,0,2025
2025-07-07 16:00:00+00:00,0.0,25.6,92.63,4.95,21,2025-07-07,RJP_0094,0,2025
2025-07-07 17:00:00+00:00,0.0,25.25,94.71,4.83,22,2025-07-07,RJP_0094,0,2025
2025-07-07 18:00:00+00:00,0.0,25.02,95.75,4.59,23,2025-07-07,RJP_0094,0,2025
2025-07-07 19:00:00+00:00,0.0,24.86,96.0,4.23,0,2025-07-08,RJP_0094,0,2025
2025-07-07 20:00:00+00:00,0.0,24.7,96.18,4.03,1,2025-07-08,RJP_0094,0,2025
2025-07-07 21:00:00+00:00,0.0,24.58,96.16,4.0,2,2025-07-08,RJP_0094,0,2025
2025-07-07 22:00:00+00:00,0.0,24.43,96.1,4.09,3,2025-07-08,RJP_0094,0,2025
2025-07-07 23:00:00+00:00,0.0,24.24,96.09,4.02,4,2025-07-08,RJP_0094,0,2025
2025-07-08 00:00:00+00:00,11.35,24.21,95.61,4.01,5,2025-07-08,RJP_0094,0,2025
2025-07-08 01:00:00+00:00,100.22,24.99,91.12,5.06,6,2025-07-08,RJP_0094,0,2025
2025-07-08 02:00:00+00:00,216.35,26.29,83.66,5.59,7,2025-07-08,RJP_0094,0,2025
2025-07-08 03:00:00+00:00,364.77,27.84,76.05,5.5,8,2025-07-08,RJP_0094,0,2025
2025-07-08 04:00:00+00:00,488.55,29.21,70.21,5.36,9,2025-07-08,RJP_0094,0,2025
2025-07-08 05:00:00+00:00,574.42,30.4,65.8,5.22,10,2025-07-08,RJP_0094,0,2025
2025-07-08 06:00:00+00:00,530.28,31.36,62.75,5.16,11,2025-07-08,RJP_0094,0,2025
2025-07-08 07:00:00+00:00,564.78,32.04,60.72,5.17,12,2025-07-08,RJP_0094,0,2025
2025-07-08 08:00:00+00:00,591.47,32.34,59.91,5.2,13,2025-07-08,RJP_0094,0,2025
2025-07-08 09:00:00+00:00,527.7,32.32,59.98,5.2,14,2025-07-08,RJP_0094,0,2025
2025-07-08 10:00:00+00:00,399.12,31.96,61.32,5.14,15,2025-07-08,RJP_0094,0,2025
2025-07-08 11:00:00+00:00,275.7,31.25,64.01,4.95,16,2025-07-08,RJP_0094,0,2025
2025-07-08 12:00:00+00:00,125.32,30.0,70.24,4.45,17,2025-07-08,RJP_0094,0,2025
2025-07-08 13:00:00+00:00,21.3,28.17,81.34,3.44,18,2025-07-08,RJP_0094,0,2025
2025-07-08 14:00:00+00:00,0.0,27.06,86.37,3.74,19,2025-07-08,RJP_0094,0,2025
2025-07-08 15:00:00+00:00,0.0,26.56,88.51,4.4,20,2025-07-08,RJP_0094,0,2025
2025-07-08 16:00:00+00:00,0.0,26.05,91.35,4.94,21,2025-07-08,RJP_0094,0,2025
2025-07-08 17:00:00+00:00,0.0,25.52,94.21,5.38,22,2025-07-08,RJP_0094,0,2025
2025-07-08 18:00:00+00:00,0.0,25.15,95.27,5.57,23,2025-07-08,RJP_0094,0,2025
2025-07-08 19:00:00+00:00,0.0,24.89,95.36,5.35,0,2025-07-09,RJP_0094,0,2025
2025-07-08 20:00:00+00:00,0.0,24.67,95.59,4.85,1,2025-07-09,RJP_0094,0,2025
2025-07-08 21:00:00+00:00,0.0,24.55,95.69,4.6,2,2025-07-09,RJP_0094,0,2025
2025-07-08 22:00:00+00:00,0.0,24.52,95.72,4.51,3,2025-07-09,RJP_0094,0,2025
2025-07-08 23:00:00+00:00,0.0,24.49,95.97,4.31,4,2025-07-09,RJP_0094,0,2025
2025-07-09 00:00:00+00:00,9.77,24.55,95.72,4.2,5,2025-07-09,RJP_0094,0,2025
2025-07-09 01:00:00+00:00,87.0,25.11,93.34,4.78,6,2025-07-09,RJP_0094,0,2025
2025-07-09 02:00:00+00:00,190.7,26.04,88.01,5.63,7,2025-07-09,RJP_0094,0,2025
2025-07-09 03:00:00+00:00,341.67,27.49,80.08,5.41,8,2025-07-09,RJP_0094,0,2025
2025-07-09 04:00:00+00:00,439.98,29.11,72.56,4.94,9,2025-07-09,RJP_0094,0,2025
2025-07-09 05:00:00+00:00,613.17,30.38,67.65,4.83,10,2025-07-09,RJP_0094,0,2025
2025-07-09 06:00:00+00:00,665.9,31.39,64.0,4.99,11,2025-07-09,RJP_0094,0,2025
2025-07-09 07:00:00+00:00,624.15,31.97,61.88,5.11,12,2025-07-09,RJP_0094,0,2025
2025-07-09 08:00:00+00:00,549.47,32.09,61.1,5.15,13,2025-07-09,RJP_0094,0,2025
2025-07-09 09:00:00+00:00,453.7,31.89,61.42,5.22,14,2025-07-09,RJP_0094,0,2025
2025-07-09 10:00:00+00:00,444.85,31.41,62.78,5.34,15,2025-07-09,RJP_0094,0,2025
2025-07-09 11:00:00+00:00,283.92,30.59,65.55,5.4,16,2025-07-09,RJP_0094,0,2025
2025-07-09 12:00:00+00:00,129.62,29.25,72.53,4.86,17,2025-07-09,RJP_0094,0,2025
2025-07-09 13:00:00+00:00,21.33,27.62,82.07,4.02,18,2025-07-09,RJP_0094,0,2025
2025-07-09 14:00:00+00:00,0.0,26.66,86.87,4.14,19,2025-07-09,RJP_0094,0,2025
2025-07-09 15:00:00+00:00,0.0,26.12,89.91,4.26,20,2025-07-09,RJP_0094,0,2025
2025-07-09 16:00:00+00:00,0.0,25.64,92.82,4.23,21,2025-07-09,RJP_0094,0,2025
2025-07-09 17:00:00+00:00,0.0,25.28,94.82,4.3,22,2025-07-09,RJP_0094,0,2025
2025-07-09 18:00:00+00:00,0.0,25.04,95.61,4.54,23,2025-07-09,RJP_0094,0,2025
2025-07-09 19:00:00+00:00,0.0,24.86,95.72,4.68,0,2025-07-10,RJP_0094,0,2025
2025-07-09 20:00:00+00:00,0.0,24.7,95.75,4.69,1,2025-07-10,RJP_0094,0,2025
2025-07-09 21:00:00+00:00,0.0,24.58,95.49,4.67,2,2025-07-10,RJP_0094,0,2025
2025-07-09 22:00:00+00:00,0.0,24.45,95.7,4.41,3,2025-07-10,RJP_0094,0,2025
2025-07-09 23:00:00+00:00,0.0,24.32,95.82,4.21,4,2025-07-10,RJP_0094,0,2025
2025-07-10 00:00:00+00:00,9.7,24.32,95.31,4.21,5,2025-07-10,RJP_0094,0,2025
2025-07-10 01:00:00+00:00,69.6,25.15,90.67,5.04,6,2025-07-10,RJP_0094,0,2025
2025-07-10 02:00:00+00:00,159.23,26.52,82.76,5.29,7,2025-07-10,RJP_0094,0,2025
2025-07-10 03:00:00+00:00,257.3,27.95,75.62,5.27,8,2025-07-10,RJP_0094,0,2025
2025-07-10 04:00:00+00:00,434.88,29.3,69.82,5.3,9,2025-07-10,RJP_0094,0,2025
2025-07-10 05:00:00+00:00,552.8,30.42,65.56,5.21,10,2025-07-10,RJP_0094,0,2025
2025-07-10 06:00:00+00:00,561.17,31.27,62.73,5.0,11,2025-07-10,RJP_0094,0,2025
2025-07-10 07:00:00+00:00,586.62,31.84,60.81,4.85,12,2025-07-10,RJP_0094,0,2025
2025-07-10 08:00:00+00:00,538.38,32.0,60.21,4.83,13,2025-07-10,RJP_0094,0,2025
2025-07-10 09:00:00+00:00,528.08,31.83,60.62,4.8,14,2025-07-10,RJP_0094,0,2025
2025-07-10 10:00:00+00:00,476.8,31.26,62.53,4.68,15,2025-07-10,RJP_0094,0,2025
2025-07-10 11:00:00+00:00,296.3,30.42,66.16,4.48,16,2025-07-10,RJP_0094,0,2025
2025-07-10 12:00:00+00:00,139.15,29.32,73.22,3.89,17,2025-07-10,RJP_0094,0,2025
2025-07-10 13:00:00+00:00,22.77,27.85,82.57,3.1,18,2025-07-10,RJP_0094,0,2025
2025-07-10 14:00:00+00:00,0.0,26.89,87.22,3.03,19,2025-07-10,RJP_0094,0,2025
2025-07-10 15:00:00+00:00,0.0,26.44,89.02,3.22,20,2025-07-10,RJP_0094,0,2025
2025-07-10 16:00:00+00:00,0.0,26.03,90.97,3.54,21,2025-07-10,RJP_0094,0,2025
2025-07-10 17:00:00+00:00,0.0,25.65,93.1,3.95,22,2025-07-10,RJP_0094,0,2025
2025-07-10 18:00:00+00:00,0.0,25.33,94.95,4.24,23,2025-07-10,RJP_0094,0,2025
2025-07-10 19:00:00+00:00,0.0,25.11,95.84,4.28,0,2025-07-11,RJP_0094,0,2025
2025-07-10 20:00:00+00:00,0.0,24.94,95.9,4.22,1,2025-07-11,RJP_0094,0,2025
2025-07-10 21:00:00+00:00,0.0,24.75,96.04,4.0,2,2025-07-11,RJP_0094,0,2025
2025-07-10 22:00:00+00:00,0.0,24.6,96.08,3.83,3,2025-07-11,RJP_0094,0,2025
2025-07-10 23:00:00+00:00,0.0,24.48,96.31,3.55,4,2025-07-11,RJP_0094,0,2025
2025-07-11 00:00:00+00:00,10.88,24.51,96.22,3.42,5,2025-07-11,RJP_0094,0,2025
2025-07-11 01:00:00+00:00,92.85,25.33,92.85,4.34,6,2025-07-11,RJP_0094,0,2025
2025-07-11 02:00:00+00:00,218.2,26.51,86.53,5.23,7,2025-07-11,RJP_0094,0,2025
2025-07-11 03:00:00+00:00,357.58,27.81,79.63,5.57,8,2025-07-11,RJP_0094,0,2025
2025-07-11 04:00:00+00:00,488.38,28.91,74.81,5.65,9,2025-07-11,RJP_0094,0,2025
2025-07-11 05:00:00+00:00,596.12,29.77,71.49,5.7,10,2025-07-11,RJP_0094,0,2025
2025-07-11 06:00:00+00:00,650.88,30.49,68.59,5.65,11,2025-07-11,RJP_0094,0,2025
2025-07-11 07:00:00+00:00,701.78,31.04,66.19,5.49,12,2025-07-11,RJP_0094,0,2025
2025-07-11 08:00:00+00:00,661.67,31.12,65.56,5.24,13,2025-07-11,RJP_0094,0,2025
2025-07-11 09:00:00+00:00,491.85,30.6,67.71,4.94,14,2025-07-11,RJP_0094,0,2025
2025-07-11 10:00:00+00:00,331.15,29.97,70.79,4.65,15,2025-07-11,RJP_0094,0,2025
2025-07-11 11:00:00+00:00,196.43,29.05,76.23,4.06,16,2025-07-11,RJP_0094,0,2025
2025-07-11 12:00:00+00:00,100.72,28.04,82.9,3.48,17,2025-07-11,RJP_0094,0,2025
2025-07-11 13:00:00+00:00,14.7,27.01,88.05,3.29,18,2025-07-11,RJP_0094,0,2025
2025-07-11 14:00:00+00:00,0.0,26.41,89.93,3.77,19,2025-07-11,RJP_0094,0,2025
2025-07-11 15:00:00+00:00,0.0,26.01,91.64,3.99,20,2025-07-11,RJP_0094,0,2025
2025-07-11 16:00:00+00:00,0.0,25.69,93.3,3.9,21,2025-07-11,RJP_0094,0,2025
2025-07-11 17:00:00+00:00,0.0,25.43,94.52,3.89,22,2025-07-11,RJP_0094,0,2025
2025-07-11 18:00:00+00:00,0.0,25.24,95.28,3.95,23,2025-07-11,RJP_0094,0,2025
2025-07-11 19:00:00+00:00,0.0,25.08,95.72,4.0,0,2025-07-12,RJP_0094,0,2025
2025-07-11 20:00:00+00:00,0.0,24.97,95.85,4.15,1,2025-07-12,RJP_0094,0,2025
2025-07-11 21:00:00+00:00,0.0,24.87,95.9,4.21,2,2025-07-12,RJP_0094,0,2025
2025-07-11 22:00:00+00:00,0.0,24.77,95.98,4.3,3,2025-07-12,RJP_0094,0,2025
2025-07-11 23:00:00+00:00,0.0,24.69,96.11,4.34,4,2025-07-12,RJP_0094,0,2025
2025-07-12 00:00:00+00:00,7.88,24.68,96.06,4.41,5,2025-07-12,RJP_0094,0,2025
2025-07-12 01:00:00+00:00,90.7,25.1,94.49,4.72,6,2025-07-12,RJP_0094,0,2025
2025-07-12 02:00:00+00:00,210.88,25.69,91.06,5.56,7,2025-07-12,RJP_0094,0,2025
2025-07-12 03:00:00+00:00,357.83,26.38,86.23,6.07,8,2025-07-12,RJP_0094,0,2025
2025-07-12 04:00:00+00:00,495.38,27.26,80.47,6.23,9,2025-07-12,RJP_0094,0,2025
2025-07-12 05:00:00+00:00,619.4,28.0,76.05,6.31,10,2025-07-12,RJP_0094,0,2025
2025-07-12 06:00:00+00:00,646.85,28.41,73.96,6.3,11,2025-07-12,RJP_0094,0,2025
2025-07-12 07:00:00+00:00,602.22,28.64,72.97,6.27,12,2025-07-12,RJP_0094,0,2025
2025-07-12 08:00:00+00:00,563.35,28.7,72.96,6.22,13,2025-07-12,RJP_0094,0,2025
2025-07-12 09:00:00+00:00,285.65,28.69,73.57,5.98,14,2025-07-12,RJP_0094,0,2025
2025-07-12 10:00:00+00:00,186.43,28.58,75.11,5.52,15,2025-07-12,RJP_0094,0,2025
2025-07-12 11:00:00+00:00,112.9,28.25,78.38,4.88,16,2025-07-12,RJP_0094,0,2025
2025-07-12 12:00:00+00:00,99.55,27.57,84.15,3.89,17,2025-07-12,RJP_0094,0,2025
2025-07-12 13:00:00+00:00,18.62,26.63,90.17,3.21,18,2025-07-12,RJP_0094,0,2025
2025-07-12 14:00:00+00:00,0.0,26.1,92.64,3.35,19,2025-07-12,RJP_0094,0,2025
2025-07-12 15:00:00+00:00,0.0,25.82,93.87,3.74,20,2025-07-12,RJP_0094,0,2025
2025-07-12 16:00:00+00:00,0.0,25.56,94.89,4.11,21,2025-07-12,RJP_0094,0,2025
2025-07-12 17:00:00+00:00,0.0,25.4,94.86,4.61,22,2025-07-12,RJP_0094,0,2025
2025-07-12 18:00:00+00:00,0.0,25.2,95.25,4.87,23,2025-07-12,RJP_0094,0,2025
2025-07-12 19:00:00+00:00,0.0,25.03,95.5,4.96,0,2025-07-13,RJP_0094,0,2025
2025-07-12 20:00:00+00:00,0.0,24.9,95.51,5.07,1,2025-07-13,RJP_0094,0,2025
2025-07-12 21:00:00+00:00,0.0,24.79,95.63,4.74,2,2025-07-13,RJP_0094,0,2025
2025-07-12 22:00:00+00:00,0.0,24.73,95.74,4.45,3,2025-07-13,RJP_0094,0,2025
2025-07-12 23:00:00+00:00,0.0,24.69,95.75,4.3,4,2025-07-13,RJP_0094,0,2025
2025-07-13 00:00:00+00:00,7.38,24.74,95.47,4.27,5,2025-07-13,RJP_0094,0,2025
2025-07-13 01:00:00+00:00,59.2,25.34,93.41,4.71,6,2025-07-13,RJP_0094,0,2025
2025-07-13 02:00:00+00:00,125.2,26.31,89.57,4.92,7,2025-07-13,RJP_0094,0,2025
2025-07-13 03:00:00+00:00,236.88,27.46,83.9,5.17,8,2025-07-13,RJP_0094,0,2025
2025-07-13 04:00:00+00:00,443.0,28.5,79.14,5.22,9,2025-07-13,RJP_0094,0,2025
2025-07-13 05:00:00+00:00,478.33,29.31,76.03,5.08,10,2025-07-13,RJP_0094,0,2025
2025-07-13 06:00:00+00:00,503.2,29.86,74.25,4.85,11,2025-07-13,RJP_0094,0,2025
2025-07-13 07:00:00+00:00,391.42,30.22,73.14,4.76,12,2025-07-13,RJP_0094,0,2025
2025-07-13 08:00:00+00:00,542.15,30.24,73.65,4.57,13,2025-07-13,RJP_0094,0,2025
2025-07-13 09:00:00+00:00,379.83,29.85,76.03,4.17,14,2025-07-13,RJP_0094,0,2025
2025-07-13 10:00:00+00:00,167.27,29.29,79.55,3.49,15,2025-07-13,RJP_0094,0,2025
2025-07-13 11:00:00+00:00,81.93,28.7,83.47,2.77,16,2025-07-13,RJP_0094,0,2025
2025-07-13 12:00:00+00:00,55.17,27.99,88.19,1.94,17,2025-07-13,RJP_0094,0,2025
2025-07-13 13:00:00+00:00,12.88,27.18,93.89,1.14,18,2025-07-13,RJP_0094,0,2025
2025-07-13 14:00:00+00:00,0.0,26.78,95.48,1.11,19,2025-07-13,RJP_0094,0,2025
2025-07-13 15:00:00+00:00,0.0,26.6,95.5,1.53,20,2025-07-13,RJP_0094,0,2025
2025-07-13 16:00:00+00:00,0.0,26.47,95.35,2.69,21,2025-07-13,RJP_0094,0,2025
2025-07-13 17:00:00+00:00,0.0,26.27,95.58,4.05,22,2025-07-13,RJP_0094,0,2025
2025-07-13 18:00:00+00:00,0.0,26.05,95.57,5.09,23,2025-07-13,RJP_0094,0,2025
2025-07-13 19:00:00+00:00,0.0,25.87,95.36,6.05,0,2025-07-14,RJP_0094,0,2025
2025-07-13 20:00:00+00:00,0.0,25.69,95.36,7.01,1,2025-07-14,RJP_0094,0,2025
2025-07-13 21:00:00+00:00,0.0,25.5,95.48,7.6,2,2025-07-14,RJP_0094,0,2025
2025-07-13 22:00:00+00:00,0.0,25.31,95.82,7.54,3,2025-07-14,RJP_0094,0,2025
2025-07-13 23:00:00+00:00,0.0,25.22,95.72,7.64,4,2025-07-14,RJP_0094,0,2025
2025-07-14 00:00:00+00:00,3.05,25.15,95.62,7.49,5,2025-07-14,RJP_0094,0,2025
2025-07-14 01:00:00+00:00,25.12,25.3,95.13,7.56,6,2025-07-14,RJP_0094,0,2025
2025-07-14 02:00:00+00:00,52.72,25.65,94.3,7.89,7,2025-07-14,RJP_0094,0,2025
2025-07-14 03:00:00+00:00,51.28,26.19,92.14,8.73,8,2025-07-14,RJP_0094,0,2025
2025-07-14 04:00:00+00:00,100.47,26.71,89.81,8.91,9,2025-07-14,RJP_0094,0,2025
2025-07-14 05:00:00+00:00,248.12,27.28,87.11,8.73,10,2025-07-14,RJP_0094,0,2025
2025-07-14 06:00:00+00:00,274.62,27.95,83.83,8.57,11,2025-07-14,RJP_0094,0,2025
2025-07-14 07:00:00+00:00,294.42,28.46,80.88,8.29,12,2025-07-14,RJP_0094,0,2025
2025-07-14 08:00:00+00:00,301.27,28.72,79.1,7.86,13,2025-07-14,RJP_0094,0,2025
2025-07-14 09:00:00+00:00,298.02,28.62,79.38,7.18,14,2025-07-14,RJP_0094,0,2025
2025-07-14 10:00:00+00:00,208.73,28.27,81.19,6.48,15,2025-07-14,RJP_0094,0,2025
2025-07-14 11:00:00+00:00,148.85,27.64,84.96,5.68,16,2025-07-14,RJP_0094,0,2025
2025-07-14 12:00:00+00:00,83.12,26.84,89.91,4.82,17,2025-07-14,RJP_0094,0,2025
2025-07-14 13:00:00+00:00,16.6,26.01,93.57,4.5,18,2025-07-14,RJP_0094,0,2025
2025-07-14 14:00:00+00:00,0.0,25.52,95.27,4.65,19,2025-07-14,RJP_0094,0,2025
2025-07-14 15:00:00+00:00,0.0,25.23,96.21,4.81,20,2025-07-14,RJP_0094,0,2025
2025-07-14 16:00:00+00:00,0.0,25.07,96.39,4.91,21,2025-07-14,RJP_0094,0,2025
2025-07-14 17:00:00+00:00,0.0,24.91,96.58,5.0,22,2025-07-14,RJP_0094,0,2025
2025-07-14 18:00:00+00:00,0.0,24.78,96.62,5.06,23,2025-07-14,RJP_0094,0,2025
2025-07-14 19:00:00+00:00,0.0,24.68,96.56,5.26,0,2025-07-15,RJP_0094,0,2025
2025-07-14 20:00:00+00:00,0.0,24.6,96.62,5.31,1,2025-07-15,RJP_0094,0,2025
2025-07-14 21:00:00+00:00,0.0,24.57,96.7,5.47,2,2025-07-15,RJP_0094,0,2025
2025-07-14 22:00:00+00:00,0.0,24.61,96.66,5.39,3,2025-07-15,RJP_0094,0,2025
2025-07-14 23:00:00+00:00,0.0,24.65,96.61,5.29,4,2025-07-15,RJP_0094,0,2025
2025-07-15 00:00:00+00:00,8.0,24.75,96.38,5.49,5,2025-07-15,RJP_0094,0,2025
2025-07-15 01:00:00+00:00,86.32,25.32,94.69,6.1,6,2025-07-15,RJP_0094,0,2025
2025-07-15 02:00:00+00:00,215.73,26.24,90.14,7.25,7,2025-07-15,RJP_0094,0,2025
2025-07-15 03:00:00+00:00,343.05,27.74,82.41,7.64,8,2025-07-15,RJP_0094,0,2025
2025-07-15 04:00:00+00:00,454.67,29.13,75.8,7.76,9,2025-07-15,RJP_0094,0,2025
2025-07-15 05:00:00+00:00,559.12,30.1,72.09,7.78,10,2025-07-15,RJP_0094,0,2025
2025-07-15 06:00:00+00:00,762.5,30.82,69.81,7.7,11,2025-07-15,RJP_0094,0,2025
2025-07-15 07:00:00+00:00,787.45,31.32,68.37,7.29,12,2025-07-15,RJP_0094,0,2025
2025-07-15 08:00:00+00:00,606.7,31.5,67.12,6.57,13,2025-07-15,RJP_0094,0,2025
2025-07-15 09:00:00+00:00,629.4,31.43,66.88,5.99,14,2025-07-15,RJP_0094,0,2025
2025-07-15 10:00:00+00:00,453.1,31.18,67.4,5.57,15,2025-07-15,RJP_0094,0,2025
2025-07-15 11:00:00+00:00,296.0,30.54,69.9,5.23,16,2025-07-15,RJP_0094,0,2025
2025-07-15 12:00:00+00:00,128.7,29.39,76.82,4.37,17,2025-07-15,RJP_0094,0,2025
2025-07-15 13:00:00+00:00,19.7,27.83,86.4,3.32,18,2025-07-15,RJP_0094,0,2025
2025-07-15 14:00:00+00:00,0.0,26.95,90.58,3.17,19,2025-07-15,RJP_0094,0,2025
2025-07-15 15:00:00+00:00,0.0,26.53,92.73,2.95,20,2025-07-15,RJP_0094,0,2025
2025-07-15 16:00:00+00:00,0.0,26.19,94.38,2.85,21,2025-07-15,RJP_0094,0,2025
2025-07-15 17:00:00+00:00,0.0,25.92,95.58,2.9,22,2025-07-15,RJP_0094,0,2025
2025-07-15 18:00:00+00:00,0.0,25.72,96.46,3.07,23,2025-07-15,RJP_0094,0,2025
2025-07-15 19:00:00+00:00,0.0,25.56,97.16,3.17,0,2025-07-16,RJP_0094,0,2025
2025-07-15 20:00:00+00:00,0.0,25.43,97.45,3.11,1,2025-07-16,RJP_0094,0,2025
2025-07-15 21:00:00+00:00,0.0,25.29,97.67,3.0,2,2025-07-16,RJP_0094,0,2025
2025-07-15 22:00:00+00:00,0.0,25.18,97.8,2.95,3,2025-07-16,RJP_0094,0,2025
2025-07-15 23:00:00+00:00,0.0,25.06,98.0,2.82,4,2025-07-16,RJP_0094,0,2025
2025-07-16 00:00:00+00:00,7.62,25.13,97.42,2.89,5,2025-07-16,RJP_0094,0,2025
2025-07-16 01:00:00+00:00,83.32,26.1,93.43,3.98,6,2025-07-16,RJP_0094,0,2025
2025-07-16 02:00:00+00:00,213.57,27.29,87.09,4.86,7,2025-07-16,RJP_0094,0,2025
2025-07-16 03:00:00+00:00,363.83,28.71,80.2,4.8,8,2025-07-16,RJP_0094,0,2025
2025-07-16 04:00:00+00:00,460.73,29.89,74.72,4.33,9,2025-07-16,RJP_0094,0,2025
2025-07-16 05:00:00+00:00,505.3,30.62,71.03,4.01,10,2025-07-16,RJP_0094,0,2025
2025-07-16 06:00:00+00:00,580.65,31.04,68.58,3.94,11,2025-07-16,RJP_0094,0,2025
2025-07-16 07:00:00+00:00,609.15,31.15,67.2,4.02,12,2025-07-16,RJP_0094,0,2025
2025-07-16 08:00:00+00:00,612.2,30.93,67.22,4.14,13,2025-07-16,RJP_0094,0,2025
2025-07-16 09:00:00+00:00,446.75,30.56,68.8,4.05,14,2025-07-16,RJP_0094,0,2025
2025-07-16 10:00:00+00:00,316.02,30.02,71.18,4.03,15,2025-07-16,RJP_0094,0,2025
2025-07-16 11:00:00+00:00,209.55,29.37,75.19,3.79,16,2025-07-16,RJP_0094,0,2025
2025-07-16 12:00:00+00:00,96.1,28.56,80.95,3.24,17,2025-07-16,RJP_0094,0,2025
2025-07-16 13:00:00+00:00,16.25,27.39,88.35,2.55,18,2025-07-16,RJP_0094,0,2025
2025-07-16 14:00:00+00:00,0.0,26.67,90.88,2.62,19,2025-07-16,RJP_0094,0,2025
2025-07-16 15:00:00+00:00,0.0,26.32,91.59,2.87,20,2025-07-16,RJP_0094,0,2025
2025-07-16 16:00:00+00:00,0.0,26.02,92.25,2.99,21,2025-07-16,RJP_0094,0,2025
2025-07-16 17:00:00+00:00,0.0,25.73,93.19,3.0,22,2025-07-16,RJP_0094,0,2025
2025-07-16 18:00:00+00:00,0.0,25.45,94.23,3.03,23,2025-07-16,RJP_0094,0,2025
2025-07-16 19:00:00+00:00,0.0,25.17,95.31,3.08,0,2025-07-17,RJP_0094,0,2025
2025-07-16 20:00:00+00:00,0.0,24.91,96.28,3.12,1,2025-07-17,RJP_0094,0,2025
2025-07-16 21:00:00+00:00,0.0,24.74,96.83,3.12,2,2025-07-17,RJP_0094,0,2025
2025-07-16 22:00:00+00:00,0.0,24.63,97.07,3.01,3,2025-07-17,RJP_0094,0,2025
2025-07-16 23:00:00+00:00,0.0,24.54,97.21,2.89,4,2025-07-17,RJP_0094,0,2025
2025-07-17 00:00:00+00:00,6.88,24.6,96.96,2.98,5,2025-07-17,RJP_0094,0,2025
2025-07-17 01:00:00+00:00,71.95,25.41,93.75,3.92,6,2025-07-17,RJP_0094,0,2025
2025-07-17 02:00:00+00:00,163.4,26.48,88.22,4.51,7,2025-07-17,RJP_0094,0,2025
2025-07-17 03:00:00+00:00,176.62,27.66,81.75,4.52,8,2025-07-17,RJP_0094,0,2025
2025-07-17 04:00:00+00:00,341.17,28.66,76.41,4.39,9,2025-07-17,RJP_0094,0,2025
2025-07-17 05:00:00+00:00,332.7,29.42,72.82,4.41,10,2025-07-17,RJP_0094,0,2025
2025-07-17 06:00:00+00:00,274.35,29.9,70.48,4.74,11,2025-07-17,RJP_0094,0,2025
2025-07-17 07:00:00+00:00,268.4,30.18,68.99,5.21,12,2025-07-17,RJP_0094,0,2025
2025-07-17 08:00:00+00:00,273.77,30.39,67.91,5.47,13,2025-07-17,RJP_0094,0,2025
2025-07-17 09:00:00+00:00,223.27,30.42,67.53,5.12,14,2025-07-17,RJP_0094,0,2025
2025-07-17 10:00:00+00:00,118.47,30.27,68.21,4.43,15,2025-07-17,RJP_0094,0,2025
2025-07-17 11:00:00+00:00,96.47,29.66,70.68,3.87,16,2025-07-17,RJP_0094,0,2025
2025-07-17 12:00:00+00:00,48.53,28.61,76.63,3.16,17,2025-07-17,RJP_0094,0,2025
2025-07-17 13:00:00+00:00,9.15,27.13,85.71,2.6,18,2025-07-17,RJP_0094,0,2025
2025-07-17 14:00:00+00:00,0.0,26.26,88.95,2.76,19,2025-07-17,RJP_0094,0,2025
2025-07-17 15:00:00+00:00,0.0,25.82,89.54,3.06,20,2025-07-17,RJP_0094,0,2025
2025-07-17 16:00:00+00:00,0.0,25.46,90.38,3.13,21,2025-07-17,RJP_0094,0,2025
2025-07-17 17:00:00+00:00,0.0,25.13,91.5,3.1,22,2025-07-17,RJP_0094,0,2025
2025-07-17 18:00:00+00:00,0.0,24.86,92.73,3.13,23,2025-07-17,RJP_0094,0,2025
2025-07-17 19:00:00+00:00,0.0,24.61,93.95,3.48,0,2025-07-18,RJP_0094,0,2025
2025-07-17 20:00:00+00:00,0.0,24.45,95.03,3.97,1,2025-07-18,RJP_0094,0,2025
2025-07-17 21:00:00+00:00,0.0,24.33,96.13,4.23,2,2025-07-18,RJP_0094,0,2025
2025-07-17 22:00:00+00:00,0.0,24.34,96.41,4.28,3,2025-07-18,RJP_0094,0,2025
2025-07-17 23:00:00+00:00,0.0,24.35,96.57,4.47,4,2025-07-18,RJP_0094,0,2025
2025-07-18 00:00:00+00:00,2.88,24.44,96.38,4.75,5,2025-07-18,RJP_0094,0,2025
2025-07-18 01:00:00+00:00,17.1,25.13,94.46,5.46,6,2025-07-18,RJP_0094,0,2025
2025-07-18 02:00:00+00:00,59.65,26.39,89.75,6.92,7,2025-07-18,RJP_0094,0,2025
2025-07-18 03:00:00+00:00,95.57,27.84,83.18,7.72,8,2025-07-18,RJP_0094,0,2025
2025-07-18 04:00:00+00:00,163.65,28.69,79.55,7.65,9,2025-07-18,RJP_0094,0,2025
2025-07-18 05:00:00+00:00,159.05,28.91,78.46,7.43,10,2025-07-18,RJP_0094,0,2025
2025-07-18 06:00:00+00:00,184.52,29.07,78.24,7.41,11,2025-07-18,RJP_0094,0,2025
2025-07-18 07:00:00+00:00,148.2,28.94,79.12,7.48,12,2025-07-18,RJP_0094,0,2025
2025-07-18 08:00:00+00:00,155.55,28.51,80.88,7.41,13,2025-07-18,RJP_0094,0,2025
2025-07-18 09:00:00+00:00,72.57,28.04,83.28,7.28,14,2025-07-18,RJP_0094,0,2025
2025-07-18 10:00:00+00:00,94.65,27.59,86.15,6.88,15,2025-07-18,RJP_0094,0,2025
2025-07-18 11:00:00+00:00,89.0,27.14,88.94,6.37,16,2025-07-18,RJP_0094,0,2025
2025-07-18 12:00:00+00:00,33.22,26.53,90.71,6.16,17,2025-07-18,RJP_0094,0,2025
2025-07-18 13:00:00+00:00,3.85,25.84,93.46,5.76,18,2025-07-18,RJP_0094,0,2025
2025-07-18 14:00:00+00:00,0.0,25.44,94.98,5.8,19,2025-07-18,RJP_0094,0,2025
2025-07-18 15:00:00+00:00,0.0,25.21,95.68,6.05,20,2025-07-18,RJP_0094,0,2025
2025-07-18 16:00:00+00:00,0.0,25.06,95.88,6.31,21,2025-07-18,RJP_0094,0,2025
2025-07-18 17:00:00+00:00,0.0,24.9,95.95,6.43,22,2025-07-18,RJP_0094,0,2025
2025-07-18 18:00:00+00:00,0.0,24.73,95.9,6.58,23,2025-07-18,RJP_0094,0,2025
2025-07-18 19:00:00+00:00,0.0,24.53,95.91,6.66,0,2025-07-19,RJP_0094,0,2025
2025-07-18 20:00:00+00:00,0.0,24.31,95.93,6.67,1,2025-07-19,RJP_0094,0,2025
2025-07-18 21:00:00+00:00,0.0,24.1,96.1,6.55,2,2025-07-19,RJP_0094,0,2025
2025-07-18 22:00:00+00:00,0.0,23.98,96.22,6.45,3,2025-07-19,RJP_0094,0,2025
2025-07-18 23:00:00+00:00,0.0,23.94,96.31,6.33,4,2025-07-19,RJP_0094,0,2025
2025-07-19 00:00:00+00:00,3.88,24.02,96.08,6.21,5,2025-07-19,RJP_0094,0,2025
2025-07-19 01:00:00+00:00,67.3,24.74,93.96,6.56,6,2025-07-19,RJP_0094,0,2025
2025-07-19 02:00:00+00:00,143.85,25.92,88.17,8.01,7,2025-07-19,RJP_0094,0,2025
2025-07-19 03:00:00+00:00,240.75,27.23,80.69,8.55,8,2025-07-19,RJP_0094,0,2025
2025-07-19 04:00:00+00:00,320.67,28.34,74.67,8.3,9,2025-07-19,RJP_0094,0,2025
2025-07-19 05:00:00+00:00,344.33,29.11,71.27,7.76,10,2025-07-19,RJP_0094,0,2025
2025-07-19 06:00:00+00:00,351.45,29.67,69.16,7.3,11,2025-07-19,RJP_0094,0,2025
2025-07-19 07:00:00+00:00,391.0,30.04,67.76,7.04,12,2025-07-19,RJP_0094,0,2025
2025-07-19 08:00:00+00:00,540.62,30.23,66.91,6.86,13,2025-07-19,RJP_0094,0,2025
2025-07-19 09:00:00+00:00,519.33,30.22,66.61,6.53,14,2025-07-19,RJP_0094,0,2025
2025-07-19 10:00:00+00:00,417.42,29.79,68.07,6.09,15,2025-07-19,RJP_0094,0,2025
2025-07-19 11:00:00+00:00,257.4,29.0,71.33,5.64,16,2025-07-19,RJP_0094,0,2025
2025-07-19 12:00:00+00:00,117.8,27.86,77.17,4.83,17,2025-07-19,RJP_0094,0,2025
2025-07-19 13:00:00+00:00,16.75,26.35,86.32,3.45,18,2025-07-19,RJP_0094,0,2025
2025-07-19 14:00:00+00:00,0.0,25.45,90.54,3.26,19,2025-07-19,RJP_0094,0,2025
2025-07-19 15:00:00+00:00,0.0,24.98,92.33,3.45,20,2025-07-19,RJP_0094,0,2025
2025-07-19 16:00:00+00:00,0.0,24.61,94.07,3.61,21,2025-07-19,RJP_0094,0,2025
2025-07-19 17:00:00+00:00,0.0,24.36,95.38,3.89,22,2025-07-19,RJP_0094,0,2025
2025-07-19 18:00:00+00:00,0.0,24.23,95.92,4.18,23,2025-07-19,RJP_0094,0,2025
2025-07-19 19:00:00+00:00,0.0,24.18,95.8,4.87,0,2025-07-20,RJP_0094,0,2025
2025-07-19 20:00:00+00:00,0.0,24.07,96.17,4.68,1,2025-07-20,RJP_0094,0,2025
2025-07-19 21:00:00+00:00,0.0,24.03,96.16,4.39,2,2025-07-20,RJP_0094,0,2025
2025-07-19 22:00:00+00:00,0.0,24.03,96.22,4.26,3,2025-07-20,RJP_0094,0,2025
2025-07-19 23:00:00+00:00,0.0,24.01,96.42,4.05,4,2025-07-20,RJP_0094,0,2025
2025-07-20 00:00:00+00:00,6.95,24.07,96.29,4.07,5,2025-07-20,RJP_0094,0,2025
2025-07-20 01:00:00+00:00,65.6,24.89,93.48,4.58,6,2025-07-20,RJP_0094,0,2025
2025-07-20 02:00:00+00:00,151.18,26.27,86.14,5.28,7,2025-07-20,RJP_0094,0,2025
2025-07-20 03:00:00+00:00,264.85,27.78,77.27,5.72,8,2025-07-20,RJP_0094,0,2025
2025-07-20 04:00:00+00:00,329.77,28.97,71.25,5.78,9,2025-07-20,RJP_0094,0,2025
2025-07-20 05:00:00+00:00,403.92,29.9,67.66,5.71,10,2025-07-20,RJP_0094,0,2025
2025-07-20 06:00:00+00:00,413.0,30.59,65.45,5.66,11,2025-07-20,RJP_0094,0,2025
2025-07-20 07:00:00+00:00,441.1,31.07,64.07,5.55,12,2025-07-20,RJP_0094,0,2025
2025-07-20 08:00:00+00:00,529.78,31.3,63.71,5.47,13,2025-07-20,RJP_0094,0,2025
2025-07-20 09:00:00+00:00,468.08,31.3,63.84,5.24,14,2025-07-20,RJP_0094,0,2025
2025-07-20 10:00:00+00:00,368.02,30.98,65.09,4.97,15,2025-07-20,RJP_0094,0,2025
2025-07-20 11:00:00+00:00,227.38,30.27,68.17,4.64,16,2025-07-20,RJP_0094,0,2025
2025-07-20 12:00:00+00:00,106.62,29.03,75.54,3.81,17,2025-07-20,RJP_0094,0,2025
2025-07-20 13:00:00+00:00,17.83,27.46,86.25,2.65,18,2025-07-20,RJP_0094,0,2025
2025-07-20 14:00:00+00:00,0.0,26.62,90.33,2.55,19,2025-07-20,RJP_0094,0,2025
2025-07-20 15:00:00+00:00,0.0,26.25,91.57,2.76,20,2025-07-20,RJP_0094,0,2025
2025-07-20 16:00:00+00:00,0.0,25.93,92.41,3.23,21,2025-07-20,RJP_0094,0,2025
2025-07-20 17:00:00+00:00,0.0,25.66,93.33,3.58,22,2025-07-20,RJP_0094,0,2025
2025-07-20 18:00:00+00:00,0.0,25.35,94.56,3.41,23,2025-07-20,RJP_0094,0,2025
2025-07-20 19:00:00+00:00,0.0,25.05,95.89,2.83,0,2025-07-21,RJP_0094,0,2025
2025-07-20 20:00:00+00:00,0.0,24.89,96.26,2.92,1,2025-07-21,RJP_0094,0,2025
2025-07-20 21:00:00+00:00,0.0,24.73,96.67,2.94,2,2025-07-21,RJP_0094,0,2025
2025-07-20 22:00:00+00:00,0.0,24.62,96.95,2.92,3,2025-07-21,RJP_0094,0,2025
2025-07-20 23:00:00+00:00,0.0,24.55,97.06,3.12,4,2025-07-21,RJP_0094,0,2025
2025-07-21 00:00:00+00:00,5.78,24.64,96.76,3.4,5,2025-07-21,RJP_0094,0,2025
2025-07-21 01:00:00+00:00,57.53,25.57,93.87,4.33,6,2025-07-21,RJP_0094,0,2025
2025-07-21 02:00:00+00:00,163.07,27.0,87.98,4.85,7,2025-07-21,RJP_0094,0,2025
2025-07-21 03:00:00+00:00,288.95,28.48,80.48,4.59,8,2025-07-21,RJP_0094,0,2025
2025-07-21 04:00:00+00:00,474.12,29.58,74.62,4.31,9,2025-07-21,RJP_0094,0,2025
2025-07-21 05:00:00+00:00,575.22,30.38,70.81,4.12,10,2025-07-21,RJP_0094,0,2025
2025-07-21 06:00:00+00:00,723.15,30.89,68.2,4.14,11,2025-07-21,RJP_0094,0,2025
2025-07-21 07:00:00+00:00,780.03,31.21,66.59,4.31,12,2025-07-21,RJP_0094,0,2025
2025-07-21 08:00:00+00:00,748.45,31.29,66.05,4.34,13,2025-07-21,RJP_0094,0,2025
2025-07-21 09:00:00+00:00,611.38,31.21,66.26,4.05,14,2025-07-21,RJP_0094,0,2025
2025-07-21 10:00:00+00:00,475.65,30.92,67.41,3.79,15,2025-07-21,RJP_0094,0,2025
2025-07-21 11:00:00+00:00,295.42,30.34,70.46,3.52,16,2025-07-21,RJP_0094,0,2025
2025-07-21 12:00:00+00:00,141.32,29.42,76.0,2.91,17,2025-07-21,RJP_0094,0,2025
2025-07-21 13:00:00+00:00,21.45,28.04,85.4,2.2,18,2025-07-21,RJP_0094,0,2025
2025-07-21 14:00:00+00:00,0.0,27.09,90.33,1.97,19,2025-07-21,RJP_0094,0,2025
2025-07-21 15:00:00+00:00,0.0,26.63,91.28,2.13,20,2025-07-21,RJP_0094,0,2025
2025-07-21 16:00:00+00:00,0.0,26.2,91.99,2.38,21,2025-07-21,RJP_0094,0,2025
2025-07-21 17:00:00+00:00,0.0,25.8,93.0,2.66,22,2025-07-21,RJP_0094,0,2025
2025-07-21 18:00:00+00:00,0.0,25.44,94.23,2.97,23,2025-07-21,RJP_0094,0,2025
2025-07-21 19:00:00+00:00,0.0,25.16,95.54,3.17,0,2025-07-22,RJP_0094,0,2025
2025-07-21 20:00:00+00:00,0.0,24.99,96.39,3.12,1,2025-07-22,RJP_0094,0,2025
2025-07-21 21:00:00+00:00,0.0,24.9,96.85,2.83,2,2025-07-22,RJP_0094,0,2025
2025-07-21 22:00:00+00:00,0.0,24.77,97.37,2.36,3,2025-07-22,RJP_0094,0,2025
2025-07-21 23:00:00+00:00,0.0,24.65,97.77,1.98,4,2025-07-22,RJP_0094,0,2025
2025-07-22 00:00:00+00:00,7.22,24.74,97.5,1.92,5,2025-07-22,RJP_0094,0,2025
2025-07-22 01:00:00+00:00,82.9,25.91,93.16,2.9,6,2025-07-22,RJP_0094,0,2025
2025-07-22 02:00:00+00:00,191.98,27.47,86.47,3.27,7,2025-07-22,RJP_0094,0,2025
2025-07-22 03:00:00+00:00,327.02,29.04,79.15,3.22,8,2025-07-22,RJP_0094,0,2025
2025-07-22 04:00:00+00:00,579.58,30.15,74.48,3.26,9,2025-07-22,RJP_0094,0,2025
2025-07-22 05:00:00+00:00,663.17,30.88,71.51,3.49,10,2025-07-22,RJP_0094,0,2025
2025-07-22 06:00:00+00:00,775.25,31.49,69.14,3.73,11,2025-07-22,RJP_0094,0,2025
2025-07-22 07:00:00+00:00,763.88,31.95,67.19,3.93,12,2025-07-22,RJP_0094,0,2025
2025-07-22 08:00:00+00:00,679.8,32.15,65.98,4.2,13,2025-07-22,RJP_0094,0,2025
2025-07-22 09:00:00+00:00,516.35,31.76,67.65,4.53,14,2025-07-22,RJP_0094,0,2025
2025-07-22 10:00:00+00:00,395.2,31.11,70.91,4.85,15,2025-07-22,RJP_0094,0,2025
2025-07-22 11:00:00+00:00,248.4,30.23,75.51,4.89,16,2025-07-22,RJP_0094,0,2025
2025-07-22 12:00:00+00:00,125.05,29.12,82.48,4.22,17,2025-07-22,RJP_0094,0,2025
2025-07-22 13:00:00+00:00,17.7,27.88,89.59,3.43,18,2025-07-22,RJP_0094,0,2025
2025-07-22 14:00:00+00:00,0.0,27.2,92.36,3.48,19,2025-07-22,RJP_0094,0,2025
2025-07-22 15:00:00+00:00,0.0,26.81,93.79,3.6,20,2025-07-22,RJP_0094,0,2025
2025-07-22 16:00:00+00:00,0.0,26.48,94.92,3.79,21,2025-07-22,RJP_0094,0,2025
2025-07-22 17:00:00+00:00,0.0,26.19,95.71,4.13,22,2025-07-22,RJP_0094,0,2025
2025-07-22 18:00:00+00:00,0.0,25.97,96.08,4.26,23,2025-07-22,RJP_0094,0,2025
2025-07-22 19:00:00+00:00,0.0,25.81,96.04,4.41,0,2025-07-23,RJP_0094,0,2025
2025-07-22 20:00:00+00:00,0.0,25.65,95.9,4.6,1,2025-07-23,RJP_0094,0,2025
2025-07-22 21:00:00+00:00,0.0,25.48,95.63,4.6,2,2025-07-23,RJP_0094,0,2025
2025-07-22 22:00:00+00:00,0.0,25.27,95.61,4.64,3,2025-07-23,RJP_0094,0,2025
2025-07-22 23:00:00+00:00,0.0,25.03,95.63,4.5,4,2025-07-23,RJP_0094,0,2025
2025-07-23 00:00:00+00:00,5.9,24.87,95.39,4.46,5,2025-07-23,RJP_0094,0,2025
2025-07-23 01:00:00+00:00,69.6,25.32,93.37,4.78,6,2025-07-23,RJP_0094,0,2025
2025-07-23 02:00:00+00:00,163.62,26.22,88.95,5.24,7,2025-07-23,RJP_0094,0,2025
2025-07-23 03:00:00+00:00,268.5,27.35,83.38,5.5,8,2025-07-23,RJP_0094,0,2025
2025-07-23 04:00:00+00:00,397.42,28.41,78.31,5.69,9,2025-07-23,RJP_0094,0,2025
2025-07-23 05:00:00+00:00,536.78,29.37,74.13,5.83,10,2025-07-23,RJP_0094,0,2025
2025-07-23 06:00:00+00:00,610.33,30.08,71.12,5.94,11,2025-07-23,RJP_0094,0,2025
2025-07-23 07:00:00+00:00,605.95,30.51,69.3,6.0,12,2025-07-23,RJP_0094,0,2025
2025-07-23 08:00:00+00:00,552.15,30.59,68.87,5.94,13,2025-07-23,RJP_0094,0,2025
2025-07-23 09:00:00+00:00,444.0,30.26,70.23,5.51,14,2025-07-23,RJP_0094,0,2025
2025-07-23 10:00:00+00:00,335.95,29.57,73.52,4.8,15,2025-07-23,RJP_0094,0,2025
2025-07-23 11:00:00+00:00,206.82,28.7,79.0,3.97,16,2025-07-23,RJP_0094,0,2025
2025-07-23 12:00:00+00:00,96.82,27.73,85.51,3.37,17,2025-07-23,RJP_0094,0,2025
2025-07-23 13:00:00+00:00,12.98,26.72,90.59,3.24,18,2025-07-23,RJP_0094,0,2025
2025-07-23 14:00:00+00:00,0.0,26.14,92.77,3.83,19,2025-07-23,RJP_0094,0,2025
2025-07-23 15:00:00+00:00,0.0,25.72,94.7,4.35,20,2025-07-23,RJP_0094,0,2025
2025-07-23 16:00:00+00:00,0.0,25.47,95.55,4.58,21,2025-07-23,RJP_0094,0,2025
2025-07-23 17:00:00+00:00,0.0,25.28,95.78,4.74,22,2025-07-23,RJP_0094,0,2025
2025-07-23 18:00:00+00:00,0.0,25.12,95.9,4.77,23,2025-07-23,RJP_0094,0,2025
2025-07-23 19:00:00+00:00,0.0,24.98,95.92,4.72,0,2025-07-24,RJP_0094,0,2025
2025-07-23 20:00:00+00:00,0.0,24.86,95.88,5.01,1,2025-07-24,RJP_0094,0,2025
2025-07-23 21:00:00+00:00,0.0,24.75,96.23,4.54,2,2025-07-24,RJP_0094,0,2025
2025-07-23 22:00:00+00:00,0.0,24.67,96.49,3.9,3,2025-07-24,RJP_0094,0,2025
2025-07-23 23:00:00+00:00,0.0,24.59,96.57,3.7,4,2025-07-24,RJP_0094,0,2025
2025-07-24 00:00:00+00:00,5.88,24.55,96.56,3.57,5,2025-07-24,RJP_0094,0,2025
2025-07-24 01:00:00+00:00,61.67,25.15,94.14,4.28,6,2025-07-24,RJP_0094,0,2025
2025-07-24 02:00:00+00:00,153.85,26.04,88.56,5.2,7,2025-07-24,RJP_0094,0,2025
2025-07-24 03:00:00+00:00,256.35,27.08,81.99,5.32,8,2025-07-24,RJP_0094,0,2025
2025-07-24 04:00:00+00:00,368.2,28.04,77.0,5.22,9,2025-07-24,RJP_0094,0,2025
2025-07-24 05:00:00+00:00,440.02,28.93,73.14,5.16,10,2025-07-24,RJP_0094,0,2025
2025-07-24 06:00:00+00:00,440.9,29.64,70.26,5.2,11,2025-07-24,RJP_0094,0,2025
2025-07-24 07:00:00+00:00,386.52,30.12,68.5,5.22,12,2025-07-24,RJP_0094,0,2025
2025-07-24 08:00:00+00:00,383.95,30.34,67.72,5.18,13,2025-07-24,RJP_0094,0,2025
2025-07-24 09:00:00+00:00,412.42,30.4,67.55,5.14,14,2025-07-24,RJP_0094,0,2025
2025-07-24 10:00:00+00:00,303.7,30.04,69.0,4.98,15,2025-07-24,RJP_0094,0,2025
2025-07-24 11:00:00+00:00,189.0,29.44,71.53,4.73,16,2025-07-24,RJP_0094,0,2025
2025-07-24 12:00:00+00:00,84.93,28.43,77.25,3.99,17,2025-07-24,RJP_0094,0,2025
2025-07-24 13:00:00+00:00,14.88,26.86,87.03,2.82,18,2025-07-24,RJP_0094,0,2025
2025-07-24 14:00:00+00:00,0.0,25.97,90.48,2.83,19,2025-07-24,RJP_0094,0,2025
2025-07-24 15:00:00+00:00,0.0,25.6,91.39,2.98,20,2025-07-24,RJP_0094,0,2025
2025-07-24 16:00:00+00:00,0.0,25.29,92.52,3.06,21,2025-07-24,RJP_0094,0,2025
2025-07-24 17:00:00+00:00,0.0,25.02,93.59,3.16,22,2025-07-24,RJP_0094,0,2025
2025-07-24 18:00:00+00:00,0.0,24.8,94.75,3.29,23,2025-07-24,RJP_0094,0,2025
2025-07-24 19:00:00+00:00,0.0,24.62,95.88,3.45,0,2025-07-25,RJP_0094,0,2025
2025-07-24 20:00:00+00:00,0.0,24.53,96.55,3.42,1,2025-07-25,RJP_0094,0,2025
2025-07-24 21:00:00+00:00,0.0,24.49,96.89,3.18,2,2025-07-25,RJP_0094,0,2025
2025-07-24 22:00:00+00:00,0.0,24.47,97.14,2.88,3,2025-07-25,RJP_0094,0,2025
2025-07-24 23:00:00+00:00,0.0,24.43,97.38,2.51,4,2025-07-25,RJP_0094,0,2025
2025-07-25 00:00:00+00:00,6.4,24.5,97.35,2.54,5,2025-07-25,RJP_0094,0,2025
2025-07-25 01:00:00+00:00,84.82,25.39,94.51,3.57,6,2025-07-25,RJP_0094,0,2025
2025-07-25 02:00:00+00:00,215.02,26.7,89.19,4.27,7,2025-07-25,RJP_0094,0,2025
2025-07-25 03:00:00+00:00,371.08,28.15,82.32,4.24,8,2025-07-25,RJP_0094,0,2025
2025-07-25 04:00:00+00:00,508.35,29.34,76.91,4.1,9,2025-07-25,RJP_0094,0,2025
2025-07-25 05:00:00+00:00,658.55,30.24,73.13,4.13,10,2025-07-25,RJP_0094,0,2025
2025-07-25 06:00:00+00:00,699.9,30.89,70.32,4.22,11,2025-07-25,RJP_0094,0,2025
2025-07-25 07:00:00+00:00,616.33,31.3,68.54,4.32,12,2025-07-25,RJP_0094,0,2025
2025-07-25 08:00:00+00:00,654.7,31.36,68.2,4.4,13,2025-07-25,RJP_0094,0,2025
2025-07-25 09:00:00+00:00,557.22,30.99,69.88,4.37,14,2025-07-25,RJP_0094,0,2025
2025-07-25 10:00:00+00:00,418.38,30.47,72.77,4.3,15,2025-07-25,RJP_0094,0,2025
2025-07-25 11:00:00+00:00,276.95,29.76,76.75,4.08,16,2025-07-25,RJP_0094,0,2025
2025-07-25 12:00:00+00:00,126.12,28.71,83.37,3.41,17,2025-07-25,RJP_0094,0,2025
2025-07-25 13:00:00+00:00,18.75,27.51,89.76,2.92,18,2025-07-25,RJP_0094,0,2025
2025-07-25 14:00:00+00:00,0.0,26.9,91.45,3.33,19,2025-07-25,RJP_0094,0,2025
2025-07-25 15:00:00+00:00,0.0,26.54,92.28,3.8,20,2025-07-25,RJP_0094,0,2025
2025-07-25 16:00:00+00:00,0.0,26.18,93.74,3.82,21,2025-07-25,RJP_0094,0,2025
2025-07-25 17:00:00+00:00,0.0,25.89,95.18,3.65,22,2025-07-25,RJP_0094,0,2025
2025-07-25 18:00:00+00:00,0.0,25.7,95.94,3.77,23,2025-07-25,RJP_0094,0,2025
2025-07-25 19:00:00+00:00,0.0,25.55,96.25,3.81,0,2025-07-26,RJP_0094,0,2025
2025-07-25 20:00:00+00:00,0.0,25.47,96.33,3.95,1,2025-07-26,RJP_0094,0,2025
2025-07-25 21:00:00+00:00,0.0,25.45,96.35,3.78,2,2025-07-26,RJP_0094,0,2025
2025-07-25 22:00:00+00:00,0.0,25.45,96.28,3.7,3,2025-07-26,RJP_0094,0,2025
2025-07-25 23:00:00+00:00,0.0,25.38,96.47,3.52,4,2025-07-26,RJP_0094,0,2025
2025-07-26 00:00:00+00:00,5.2,25.36,96.21,3.78,5,2025-07-26,RJP_0094,0,2025
2025-07-26 01:00:00+00:00,83.68,25.71,94.66,4.62,6,2025-07-26,RJP_0094,0,2025
2025-07-26 02:00:00+00:00,196.98,26.35,92.06,5.42,7,2025-07-26,RJP_0094,0,2025
2025-07-26 03:00:00+00:00,349.33,27.39,87.16,6.4,8,2025-07-26,RJP_0094,0,2025
2025-07-26 04:00:00+00:00,376.08,28.57,82.33,6.57,9,2025-07-26,RJP_0094,0,2025
2025-07-26 05:00:00+00:00,244.7,29.36,79.71,6.29,10,2025-07-26,RJP_0094,0,2025
2025-07-26 06:00:00+00:00,154.1,29.53,79.95,5.9,11,2025-07-26,RJP_0094,0,2025
2025-07-26 07:00:00+00:00,283.92,29.54,81.02,5.8,12,2025-07-26,RJP_0094,0,2025
2025-07-26 08:00:00+00:00,270.98,29.39,82.81,5.61,13,2025-07-26,RJP_0094,0,2025
2025-07-26 09:00:00+00:00,298.9,29.07,85.66,5.2,14,2025-07-26,RJP_0094,0,2025
2025-07-26 10:00:00+00:00,231.3,28.62,88.66,4.87,15,2025-07-26,RJP_0094,0,2025
2025-07-26 11:00:00+00:00,142.5,28.08,91.2,4.48,16,2025-07-26,RJP_0094,0,2025
2025-07-26 12:00:00+00:00,60.28,27.54,93.15,4.19,17,2025-07-26,RJP_0094,0,2025
2025-07-26 13:00:00+00:00,10.07,26.97,94.59,4.13,18,2025-07-26,RJP_0094,0,2025
2025-07-26 14:00:00+00:00,0.0,26.61,95.12,4.45,19,2025-07-26,RJP_0094,0,2025
2025-07-26 15:00:00+00:00,0.0,26.34,94.81,5.25,20,2025-07-26,RJP_0094,0,2025
2025-07-26 16:00:00+00:00,0.0,26.05,94.71,5.49,21,2025-07-26,RJP_0094,0,2025
2025-07-26 17:00:00+00:00,0.0,25.8,95.02,5.6,22,2025-07-26,RJP_0094,0,2025
2025-07-26 18:00:00+00:00,0.0,25.58,95.27,5.68,23,2025-07-26,RJP_0094,0,2025
2025-07-26 19:00:00+00:00,0.0,25.39,95.42,5.86,0,2025-07-27,RJP_0094,0,2025
2025-07-26 20:00:00+00:00,0.0,25.23,95.17,6.22,1,2025-07-27,RJP_0094,0,2025
2025-07-26 21:00:00+00:00,0.0,25.09,95.37,6.22,2,2025-07-27,RJP_0094,0,2025
2025-07-26 22:00:00+00:00,0.0,25.02,95.53,5.78,3,2025-07-27,RJP_0094,0,2025
2025-07-26 23:00:00+00:00,0.0,24.98,95.88,4.52,4,2025-07-27,RJP_0094,0,2025
2025-07-27 00:00:00+00:00,3.35,25.0,95.83,3.6,5,2025-07-27,RJP_0094,0,2025
2025-07-27 01:00:00+00:00,34.3,25.44,94.78,3.6,6,2025-07-27,RJP_0094,0,2025
2025-07-27 02:00:00+00:00,73.07,26.22,92.6,4.29,7,2025-07-27,RJP_0094,0,2025
2025-07-27 03:00:00+00:00,118.75,27.15,89.09,5.35,8,2025-07-27,RJP_0094,0,2025
2025-07-27 04:00:00+00:00,110.0,28.28,84.07,5.63,9,2025-07-27,RJP_0094,0,2025
2025-07-27 05:00:00+00:00,232.18,29.52,79.12,5.41,10,2025-07-27,RJP_0094,0,2025
2025-07-27 06:00:00+00:00,282.65,30.46,75.74,5.13,11,2025-07-27,RJP_0094,0,2025
2025-07-27 07:00:00+00:00,253.52,30.87,74.81,5.02,12,2025-07-27,RJP_0094,0,2025
2025-07-27 08:00:00+00:00,203.93,30.69,76.33,5.08,13,2025-07-27,RJP_0094,0,2025
2025-07-27 09:00:00+00:00,155.7,30.11,79.58,5.08,14,2025-07-27,RJP_0094,0,2025
2025-07-27 10:00:00+00:00,205.93,29.5,83.47,4.84,15,2025-07-27,RJP_0094,0,2025
2025-07-27 11:00:00+00:00,133.65,28.95,87.76,4.27,16,2025-07-27,RJP_0094,0,2025
2025-07-27 12:00:00+00:00,71.82,28.38,91.61,3.59,17,2025-07-27,RJP_0094,0,2025
2025-07-27 13:00:00+00:00,9.05,27.65,94.51,3.31,18,2025-07-27,RJP_0094,0,2025
2025-07-27 14:00:00+00:00,0.0,27.16,95.48,3.47,19,2025-07-27,RJP_0094,0,2025
2025-07-27 15:00:00+00:00,0.0,26.84,95.91,3.58,20,2025-07-27,RJP_0094,0,2025
2025-07-27 16:00:00+00:00,0.0,26.58,96.1,3.73,21,2025-07-27,RJP_0094,0,2025
2025-07-27 17:00:00+00:00,0.0,26.37,96.08,4.05,22,2025-07-27,RJP_0094,0,2025
2025-07-27 18:00:00+00:00,0.0,26.21,95.78,4.52,23,2025-07-27,RJP_0094,0,2025
2025-07-27 19:00:00+00:00,0.0,25.96,96.09,4.74,0,2025-07-28,RJP_0094,0,2025
2025-07-27 20:00:00+00:00,0.0,25.7,96.17,4.94,1,2025-07-28,RJP_0094,0,2025
2025-07-27 21:00:00+00:00,0.0,25.41,96.19,5.09,2,2025-07-28,RJP_0094,0,2025
2025-07-27 22:00:00+00:00,0.0,25.13,96.26,5.15,3,2025-07-28,RJP_0094,0,2025
2025-07-27 23:00:00+00:00,0.0,24.92,96.21,5.1,4,2025-07-28,RJP_0094,0,2025
2025-07-28 00:00:00+00:00,0.62,24.78,96.11,5.0,5,2025-07-28,RJP_0094,0,2025
2025-07-28 01:00:00+00:00,11.7,25.06,95.16,5.21,6,2025-07-28,RJP_0094,0,2025
2025-07-28 02:00:00+00:00,34.12,25.61,92.99,6.24,7,2025-07-28,RJP_0094,0,2025
2025-07-28 03:00:00+00:00,66.9,26.25,90.02,6.99,8,2025-07-28,RJP_0094,0,2025
2025-07-28 04:00:00+00:00,129.5,26.95,86.7,7.06,9,2025-07-28,RJP_0094,0,2025
2025-07-28 05:00:00+00:00,218.45,27.62,83.92,6.86,10,2025-07-28,RJP_0094,0,2025
2025-07-28 06:00:00+00:00,264.65,28.25,81.61,6.67,11,2025-07-28,RJP_0094,0,2025
2025-07-28 07:00:00+00:00,314.38,28.77,79.94,6.48,12,2025-07-28,RJP_0094,0,2025
2025-07-28 08:00:00+00:00,318.42,29.03,79.7,6.26,13,2025-07-28,RJP_0094,0,2025
2025-07-28 09:00:00+00:00,335.6,29.07,80.57,5.89,14,2025-07-28,RJP_0094,0,2025
2025-07-28 10:00:00+00:00,212.82,28.87,82.66,5.47,15,2025-07-28,RJP_0094,0,2025
2025-07-28 11:00:00+00:00,125.75,28.39,86.55,4.82,16,2025-07-28,RJP_0094,0,2025
2025-07-28 12:00:00+00:00,52.15,27.72,91.82,3.73,17,2025-07-28,RJP_0094,0,2025
2025-07-28 13:00:00+00:00,5.43,27.06,95.36,3.06,18,2025-07-28,RJP_0094,0,2025
2025-07-28 14:00:00+00:00,0.0,26.79,96.18,3.45,19,2025-07-28,RJP_0094,0,2025
2025-07-28 15:00:00+00:00,0.0,26.66,96.23,4.04,20,2025-07-28,RJP_0094,0,2025
2025-07-28 16:00:00+00:00,0.0,26.52,96.31,4.32,21,2025-07-28,RJP_0094,0,2025
2025-07-28 17:00:00+00:00,0.0,26.38,96.3,4.47,22,2025-07-28,RJP_0094,0,2025
2025-07-28 18:00:00+00:00,0.0,26.22,96.12,4.78,23,2025-07-28,RJP_0094,0,2025
2025-07-28 19:00:00+00:00,0.0,26.0,96.03,5.4,0,2025-07-29,RJP_0094,0,2025
2025-07-28 20:00:00+00:00,0.0,25.73,95.92,5.63,1,2025-07-29,RJP_0094,0,2025
2025-07-28 21:00:00+00:00,0.0,25.48,95.83,5.58,2,2025-07-29,RJP_0094,0,2025
2025-07-28 22:00:00+00:00,0.0,25.28,95.84,5.34,3,2025-07-29,RJP_0094,0,2025
2025-07-28 23:00:00+00:00,0.0,25.12,95.82,5.18,4,2025-07-29,RJP_0094,0,2025
2025-07-29 00:00:00+00:00,3.38,25.0,95.83,5.05,5,2025-07-29,RJP_0094,0,2025
2025-07-29 01:00:00+00:00,61.55,25.16,95.23,5.16,6,2025-07-29,RJP_0094,0,2025
2025-07-29 02:00:00+00:00,145.2,25.49,94.09,5.77,7,2025-07-29,RJP_0094,0,2025
2025-07-29 03:00:00+00:00,238.57,26.13,91.25,6.42,8,2025-07-29,RJP_0094,0,2025
2025-07-29 04:00:00+00:00,372.6,27.19,86.03,6.75,9,2025-07-29,RJP_0094,0,2025
2025-07-29 05:00:00+00:00,414.33,28.57,80.26,6.66,10,2025-07-29,RJP_0094,0,2025
2025-07-29 06:00:00+00:00,312.1,29.72,75.91,6.4,11,2025-07-29,RJP_0094,0,2025
2025-07-29 07:00:00+00:00,210.12,30.63,72.76,6.03,12,2025-07-29,RJP_0094,0,2025
2025-07-29 08:00:00+00:00,234.9,30.99,71.53,5.76,13,2025-07-29,RJP_0094,0,2025
2025-07-29 09:00:00+00:00,173.07,30.68,72.68,5.56,14,2025-07-29,RJP_0094,0,2025
2025-07-29 10:00:00+00:00,88.7,29.77,77.13,5.14,15,2025-07-29,RJP_0094,0,2025
2025-07-29 11:00:00+00:00,57.2,28.87,82.4,5.0,16,2025-07-29,RJP_0094,0,2025
2025-07-29 12:00:00+00:00,28.25,27.88,87.02,4.88,17,2025-07-29,RJP_0094,0,2025
2025-07-29 13:00:00+00:00,3.92,26.82,91.09,4.72,18,2025-07-29,RJP_0094,0,2025
2025-07-29 14:00:00+00:00,0.0,26.16,93.2,4.74,19,2025-07-29,RJP_0094,0,2025
2025-07-29 15:00:00+00:00,0.0,25.73,94.76,4.64,20,2025-07-29,RJP_0094,0,2025
2025-07-29 16:00:00+00:00,0.0,25.43,95.8,4.48,21,2025-07-29,RJP_0094,0,2025
2025-07-29 17:00:00+00:00,0.0,25.21,96.4,4.36,22,2025-07-29,RJP_0094,0,2025
2025-07-29 18:00:00+00:00,0.0,25.02,96.52,4.39,23,2025-07-29,RJP_0094,0,2025
2025-07-29 19:00:00+00:00,0.0,24.83,96.3,4.78,0,2025-07-30,RJP_0094,0,2025
2025-07-29 20:00:00+00:00,0.0,24.64,96.05,5.13,1,2025-07-30,RJP_0094,0,2025
2025-07-29 21:00:00+00:00,0.0,24.42,95.9,5.5,2,2025-07-30,RJP_0094,0,2025
2025-07-29 22:00:00+00:00,0.0,24.22,95.84,5.93,3,2025-07-30,RJP_0094,0,2025
2025-07-29 23:00:00+00:00,0.0,24.06,95.91,6.09,4,2025-07-30,RJP_0094,0,2025
2025-07-30 00:00:00+00:00,1.25,23.94,95.81,6.38,5,2025-07-30,RJP_0094,0,2025
2025-07-30 01:00:00+00:00,20.5,24.29,94.4,6.98,6,2025-07-30,RJP_0094,0,2025
2025-07-30 02:00:00+00:00,51.05,25.14,90.16,7.83,7,2025-07-30,RJP_0094,0,2025
2025-07-30 03:00:00+00:00,89.22,26.33,83.71,8.29,8,2025-07-30,RJP_0094,0,2025
2025-07-30 04:00:00+00:00,168.8,27.58,78.23,7.96,9,2025-07-30,RJP_0094,0,2025
2025-07-30 05:00:00+00:00,203.68,28.41,74.89,7.4,10,2025-07-30,RJP_0094,0,2025
2025-07-30 06:00:00+00:00,290.25,28.8,73.2,7.12,11,2025-07-30,RJP_0094,0,2025
2025-07-30 07:00:00+00:00,265.02,28.71,73.45,6.86,12,2025-07-30,RJP_0094,0,2025
2025-07-30 08:00:00+00:00,282.83,28.18,75.41,6.61,13,2025-07-30,RJP_0094,0,2025
2025-07-30 09:00:00+00:00,199.05,27.59,77.99,6.68,14,2025-07-30,RJP_0094,0,2025
2025-07-30 10:00:00+00:00,157.23,27.01,81.38,6.69,15,2025-07-30,RJP_0094,0,2025
2025-07-30 11:00:00+00:00,100.32,26.48,85.0,6.24,16,2025-07-30,RJP_0094,0,2025
2025-07-30 12:00:00+00:00,47.62,25.85,89.33,5.25,17,2025-07-30,RJP_0094,0,2025
2025-07-30 13:00:00+00:00,6.22,25.03,93.69,4.2,18,2025-07-30,RJP_0094,0,2025
2025-07-30 14:00:00+00:00,0.0,24.58,95.71,3.94,19,2025-07-30,RJP_0094,0,2025
2025-07-30 15:00:00+00:00,0.0,24.42,96.23,3.94,20,2025-07-30,RJP_0094,0,2025
2025-07-30 16:00:00+00:00,0.0,24.32,96.52,3.77,21,2025-07-30,RJP_0094,0,2025
2025-07-30 17:00:00+00:00,0.0,24.28,96.59,3.49,22,2025-07-30,RJP_0094,0,2025
2025-07-30 18:00:00+00:00,0.0,24.23,96.51,3.39,23,2025-07-30,RJP_0094,0,2025
2025-07-30 19:00:00+00:00,0.0,24.15,96.58,3.59,0,2025-07-31,RJP_0094,0,2025
2025-07-30 20:00:00+00:00,0.0,24.06,96.61,3.74,1,2025-07-31,RJP_0094,0,2025
2025-07-30 21:00:00+00:00,0.0,23.96,96.66,4.1,2,2025-07-31,RJP_0094,0,2025
2025-07-30 22:00:00+00:00,0.0,23.85,96.64,4.32,3,2025-07-31,RJP_0094,0,2025
2025-07-30 23:00:00+00:00,0.0,23.74,96.69,4.2,4,2025-07-31,RJP_0094,0,2025
2025-07-31 00:00:00+00:00,1.95,23.67,96.64,4.1,5,2025-07-31,RJP_0094,0,2025
2025-07-31 01:00:00+00:00,37.22,23.94,95.83,4.29,6,2025-07-31,RJP_0094,0,2025
2025-07-31 02:00:00+00:00,78.32,24.53,93.36,4.99,7,2025-07-31,RJP_0094,0,2025
2025-07-31 03:00:00+00:00,163.95,25.3,88.27,5.84,8,2025-07-31,RJP_0094,0,2025
2025-07-31 04:00:00+00:00,267.3,26.29,82.85,6.04,9,2025-07-31,RJP_0094,0,2025
2025-07-31 05:00:00+00:00,309.73,27.44,77.76,6.22,10,2025-07-31,RJP_0094,0,2025
2025-07-31 06:00:00+00:00,316.92,28.54,73.21,6.31,11,2025-07-31,RJP_0094,0,2025
2025-07-31 07:00:00+00:00,266.8,29.44,70.04,6.47,12,2025-07-31,RJP_0094,0,2025
2025-07-31 08:00:00+00:00,211.48,30.13,67.63,6.67,13,2025-07-31,RJP_0094,0,2025
2025-07-31 09:00:00+00:00,224.12,30.35,66.89,6.58,14,2025-07-31,RJP_0094,0,2025
2025-07-31 10:00:00+00:00,226.93,30.04,68.53,6.29,15,2025-07-31,RJP_0094,0,2025
2025-07-31 11:00:00+00:00,132.95,29.3,72.78,5.78,16,2025-07-31,RJP_0094,0,2025
2025-07-31 12:00:00+00:00,62.2,28.07,80.62,4.63,17,2025-07-31,RJP_0094,0,2025
2025-07-31 13:00:00+00:00,8.48,26.47,88.59,3.79,18,2025-07-31,RJP_0094,0,2025
2025-07-31 14:00:00+00:00,0.0,25.68,91.64,4.03,19,2025-07-31,RJP_0094,0,2025
2025-07-31 15:00:00+00:00,0.0,25.26,93.44,4.37,20,2025-07-31,RJP_0094,0,2025
2025-07-31 16:00:00+00:00,0.0,24.92,94.85,4.71,21,2025-07-31,RJP_0094,0,2025
2025-07-31 17:00:00+00:00,0.0,24.66,95.94,4.83,22,2025-07-31,RJP_0094,0,2025
2025-07-31 18:00:00+00:00,0.0,24.49,96.48,4.89,23,2025-07-31,RJP_0094,0,2025
2025-07-31 19:00:00+00:00,0.0,24.43,96.22,5.28,0,2025-08-01,RJP_0094,0,2025
2025-07-31 20:00:00+00:00,0.0,24.36,96.32,5.43,1,2025-08-01,RJP_0094,0,2025
2025-07-31 21:00:00+00:00,0.0,24.34,96.51,5.19,2,2025-08-01,RJP_0094,0,2025
2025-07-31 22:00:00+00:00,0.0,24.35,96.51,4.94,3,2025-08-01,RJP_0094,0,2025
2025-07-31 23:00:00+00:00,0.0,24.33,96.56,4.89,4,2025-08-01,RJP_0094,0,2025
2025-08-01 00:00:00+00:00,2.62,24.28,96.31,5.04,5,2025-08-01,RJP_0094,0,2025
2025-08-01 01:00:00+00:00,38.25,24.67,94.51,5.64,6,2025-08-01,RJP_0094,0,2025
2025-08-01 02:00:00+00:00,108.97,25.31,89.96,6.48,7,2025-08-01,RJP_0094,0,2025
2025-08-01 03:00:00+00:00,206.7,26.23,83.8,6.83,8,2025-08-01,RJP_0094,0,2025
2025-08-01 04:00:00+00:00,325.17,27.44,77.52,6.87,9,2025-08-01,RJP_0094,0,2025
2025-08-01 05:00:00+00:00,401.8,28.34,73.43,6.69,10,2025-08-01,RJP_0094,0,2025
2025-08-01 06:00:00+00:00,515.45,29.13,70.41,6.5,11,2025-08-01,RJP_0094,0,2025
2025-08-01 07:00:00+00:00,593.9,29.75,68.25,6.31,12,2025-08-01,RJP_0094,0,2025
2025-08-01 08:00:00+00:00,569.17,30.18,66.9,6.16,13,2025-08-01,RJP_0094,0,2025
2025-08-01 09:00:00+00:00,530.28,30.4,66.17,5.98,14,2025-08-01,RJP_0094,0,2025
2025-08-01 10:00:00+00:00,396.52,30.33,66.51,5.66,15,2025-08-01,RJP_0094,0,2025
2025-08-01 11:00:00+00:00,215.75,29.63,70.05,5.18,16,2025-08-01,RJP_0094,0,2025
2025-08-01 12:00:00+00:00,93.45,28.39,78.03,4.19,17,2025-08-01,RJP_0094,0,2025
2025-08-01 13:00:00+00:00,11.45,26.64,87.8,3.26,18,2025-08-01,RJP_0094,0,2025
2025-08-01 14:00:00+00:00,0.0,25.82,90.76,3.68,19,2025-08-01,RJP_0094,0,2025
2025-08-01 15:00:00+00:00,0.0,25.35,92.77,3.95,20,2025-08-01,RJP_0094,0,2025
2025-08-01 16:00:00+00:00,0.0,24.93,94.82,3.99,21,2025-08-01,RJP_0094,0,2025
2025-08-01 17:00:00+00:00,0.0,24.65,95.97,4.0,22,2025-08-01,RJP_0094,0,2025
2025-08-01 18:00:00+00:00,0.0,24.46,96.69,3.9,23,2025-08-01,RJP_0094,0,2025
2025-08-01 19:00:00+00:00,0.0,24.34,96.87,3.95,0,2025-08-02,RJP_0094,0,2025
2025-08-01 20:00:00+00:00,0.0,24.28,96.56,4.15,1,2025-08-02,RJP_0094,0,2025
2025-08-01 21:00:00+00:00,0.0,24.16,96.72,3.7,2,2025-08-02,RJP_0094,0,2025
2025-08-01 22:00:00+00:00,0.0,24.02,96.88,3.5,3,2025-08-02,RJP_0094,0,2025
2025-08-01 23:00:00+00:00,0.0,23.87,96.82,3.43,4,2025-08-02,RJP_0094,0,2025
2025-08-02 00:00:00+00:00,3.7,23.7,96.48,3.53,5,2025-08-02,RJP_0094,0,2025
2025-08-02 01:00:00+00:00,51.45,24.29,92.6,4.58,6,2025-08-02,RJP_0094,0,2025
2025-08-02 02:00:00+00:00,135.35,25.27,86.16,5.37,7,2025-08-02,RJP_0094,0,2025
2025-08-02 03:00:00+00:00,240.12,26.42,80.53,5.77,8,2025-08-02,RJP_0094,0,2025
2025-08-02 04:00:00+00:00,358.83,27.5,76.01,6.06,9,2025-08-02,RJP_0094,0,2025
2025-08-02 05:00:00+00:00,479.4,28.49,72.34,6.41,10,2025-08-02,RJP_0094,0,2025
2025-08-02 06:00:00+00:00,704.35,29.27,69.46,6.57,11,2025-08-02,RJP_0094,0,2025
2025-08-02 07:00:00+00:00,698.08,29.8,67.57,6.31,12,2025-08-02,RJP_0094,0,2025
2025-08-02 08:00:00+00:00,585.2,30.12,66.31,5.97,13,2025-08-02,RJP_0094,0,2025
2025-08-02 09:00:00+00:00,625.1,29.99,66.53,5.71,14,2025-08-02,RJP_0094,0,2025
2025-08-02 10:00:00+00:00,496.42,29.49,68.19,5.45,15,2025-08-02,RJP_0094,0,2025
2025-08-02 11:00:00+00:00,298.08,28.75,71.05,4.94,16,2025-08-02,RJP_0094,0,2025
2025-08-02 12:00:00+00:00,128.25,27.49,78.39,3.7,17,2025-08-02,RJP_0094,0,2025
2025-08-02 13:00:00+00:00,15.23,25.91,88.24,2.61,18,2025-08-02,RJP_0094,0,2025
2025-08-02 14:00:00+00:00,0.0,25.0,91.81,2.64,19,2025-08-02,RJP_0094,0,2025
2025-08-02 15:00:00+00:00,0.0,24.62,93.3,2.81,20,2025-08-02,RJP_0094,0,2025
2025-08-02 16:00:00+00:00,0.0,24.32,94.7,3.01,21,2025-08-02,RJP_0094,0,2025
2025-08-02 17:00:00+00:00,0.0,24.09,95.93,3.2,22,2025-08-02,RJP_0094,0,2025
2025-08-02 18:00:00+00:00,0.0,23.91,96.93,3.31,23,2025-08-02,RJP_0094,0,2025
2025-08-02 19:00:00+00:00,0.0,23.82,97.19,3.41,0,2025-08-03,RJP_0094,0,2025
2025-08-02 20:00:00+00:00,0.0,23.79,97.15,3.57,1,2025-08-03,RJP_0094,0,2025
2025-08-02 21:00:00+00:00,0.0,23.77,97.18,3.44,2,2025-08-03,RJP_0094,0,2025
2025-08-02 22:00:00+00:00,0.0,23.74,97.32,3.06,3,2025-08-03,RJP_0094,0,2025
2025-08-02 23:00:00+00:00,0.0,23.7,97.54,2.77,4,2025-08-03,RJP_0094,0,2025
2025-08-03 00:00:00+00:00,3.72,23.77,97.45,2.67,5,2025-08-03,RJP_0094,0,2025
2025-08-03 01:00:00+00:00,60.17,24.62,94.98,3.59,6,2025-08-03,RJP_0094,0,2025
2025-08-03 02:00:00+00:00,154.98,25.71,90.68,4.27,7,2025-08-03,RJP_0094,0,2025
2025-08-03 03:00:00+00:00,296.35,26.79,84.55,5.16,8,2025-08-03,RJP_0094,0,2025
2025-08-03 04:00:00+00:00,381.77,27.8,78.69,5.98,9,2025-08-03,RJP_0094,0,2025
2025-08-03 05:00:00+00:00,402.7,28.74,74.17,6.72,10,2025-08-03,RJP_0094,0,2025
2025-08-03 06:00:00+00:00,494.0,29.69,70.31,7.1,11,2025-08-03,RJP_0094,0,2025
2025-08-03 07:00:00+00:00,474.85,30.19,68.6,6.87,12,2025-08-03,RJP_0094,0,2025
2025-08-03 08:00:00+00:00,518.88,30.49,67.37,6.48,13,2025-08-03,RJP_0094,0,2025
2025-08-03 09:00:00+00:00,476.73,30.46,67.08,5.96,14,2025-08-03,RJP_0094,0,2025
2025-08-03 10:00:00+00:00,422.83,30.1,68.21,5.35,15,2025-08-03,RJP_0094,0,2025
2025-08-03 11:00:00+00:00,247.62,29.37,71.28,4.67,16,2025-08-03,RJP_0094,0,2025
2025-08-03 12:00:00+00:00,107.05,28.17,78.24,3.42,17,2025-08-03,RJP_0094,0,2025
2025-08-03 13:00:00+00:00,13.27,26.65,88.15,2.3,18,2025-08-03,RJP_0094,0,2025
2025-08-03 14:00:00+00:00,0.0,25.82,91.21,2.34,19,2025-08-03,RJP_0094,0,2025
2025-08-03 15:00:00+00:00,0.0,25.46,91.67,2.73,20,2025-08-03,RJP_0094,0,2025
2025-08-03 16:00:00+00:00,0.0,25.19,92.47,3.14,21,2025-08-03,RJP_0094,0,2025
2025-08-03 17:00:00+00:00,0.0,24.97,93.61,3.58,22,2025-08-03,RJP_0094,0,2025
2025-08-03 18:00:00+00:00,0.0,24.74,94.99,3.8,23,2025-08-03,RJP_0094,0,2025
2025-08-03 19:00:00+00:00,0.0,24.54,95.81,3.97,0,2025-08-04,RJP_0094,0,2025
2025-08-03 20:00:00+00:00,0.0,24.36,96.17,4.11,1,2025-08-04,RJP_0094,0,2025
2025-08-03 21:00:00+00:00,0.0,24.19,96.33,3.93,2,2025-08-04,RJP_0094,0,2025
2025-08-03 22:00:00+00:00,0.0,24.05,96.43,3.85,3,2025-08-04,RJP_0094,0,2025
2025-08-03 23:00:00+00:00,0.0,23.95,96.48,3.8,4,2025-08-04,RJP_0094,0,2025
2025-08-04 00:00:00+00:00,4.12,23.89,96.66,3.5,5,2025-08-04,RJP_0094,0,2025
2025-08-04 01:00:00+00:00,55.8,24.45,94.62,3.85,6,2025-08-04,RJP_0094,0,2025
2025-08-04 02:00:00+00:00,131.27,25.6,89.48,4.42,7,2025-08-04,RJP_0094,0,2025
2025-08-04 03:00:00+00:00,231.35,27.16,82.06,5.13,8,2025-08-04,RJP_0094,0,2025
2025-08-04 04:00:00+00:00,303.02,28.39,76.33,5.66,9,2025-08-04,RJP_0094,0,2025
2025-08-04 05:00:00+00:00,326.7,29.23,72.87,5.89,10,2025-08-04,RJP_0094,0,2025
2025-08-04 06:00:00+00:00,407.33,29.72,70.89,5.88,11,2025-08-04,RJP_0094,0,2025
2025-08-04 07:00:00+00:00,462.2,29.89,70.0,5.81,12,2025-08-04,RJP_0094,0,2025
2025-08-04 08:00:00+00:00,458.25,29.64,70.47,5.67,13,2025-08-04,RJP_0094,0,2025
2025-08-04 09:00:00+00:00,419.6,28.99,72.83,5.36,14,2025-08-04,RJP_0094,0,2025
2025-08-04 10:00:00+00:00,349.1,28.42,75.85,4.92,15,2025-08-04,RJP_0094,0,2025
2025-08-04 11:00:00+00:00,220.93,28.13,78.27,4.42,16,2025-08-04,RJP_0094,0,2025
2025-08-04 12:00:00+00:00,99.1,27.53,82.46,3.78,17,2025-08-04,RJP_0094,0,2025
2025-08-04 13:00:00+00:00,14.3,26.18,90.0,2.98,18,2025-08-04,RJP_0094,0,2025
2025-08-04 14:00:00+00:00,0.0,25.46,92.84,2.91,19,2025-08-04,RJP_0094,0,2025
2025-08-04 15:00:00+00:00,0.0,25.12,93.76,3.26,20,2025-08-04,RJP_0094,0,2025
2025-08-04 16:00:00+00:00,0.0,24.81,94.63,3.56,21,2025-08-04,RJP_0094,0,2025
2025-08-04 17:00:00+00:00,0.0,24.54,95.7,3.62,22,2025-08-04,RJP_0094,0,2025
2025-08-04 18:00:00+00:00,0.0,24.32,96.43,3.81,23,2025-08-04,RJP_0094,0,2025
2025-08-04 19:00:00+00:00,0.0,24.16,96.81,3.87,0,2025-08-05,RJP_0094,0,2025
2025-08-04 20:00:00+00:00,0.0,24.1,96.66,3.96,1,2025-08-05,RJP_0094,0,2025
2025-08-04 21:00:00+00:00,0.0,24.02,96.69,3.7,2,2025-08-05,RJP_0094,0,2025
2025-08-04 22:00:00+00:00,0.0,23.95,96.85,3.37,3,2025-08-05,RJP_0094,0,2025
2025-08-04 23:00:00+00:00,0.0,23.89,96.96,3.08,4,2025-08-05,RJP_0094,0,2025
2025-08-05 00:00:00+00:00,3.35,23.86,96.87,3.01,5,2025-08-05,RJP_0094,0,2025
2025-08-05 01:00:00+00:00,57.12,24.63,93.45,3.88,6,2025-08-05,RJP_0094,0,2025
2025-08-05 02:00:00+00:00,151.65,25.74,87.49,4.59,7,2025-08-05,RJP_0094,0,2025
2025-08-05 03:00:00+00:00,278.55,26.87,81.76,5.27,8,2025-08-05,RJP_0094,0,2025
2025-08-05 04:00:00+00:00,329.33,27.85,77.21,5.81,9,2025-08-05,RJP_0094,0,2025
2025-08-05 05:00:00+00:00,424.35,28.69,73.43,6.1,10,2025-08-05,RJP_0094,0,2025
2025-08-05 06:00:00+00:00,568.03,29.3,70.85,6.18,11,2025-08-05,RJP_0094,0,2025
2025-08-05 07:00:00+00:00,522.28,29.84,68.96,6.13,12,2025-08-05,RJP_0094,0,2025
2025-08-05 08:00:00+00:00,631.33,30.12,67.81,6.07,13,2025-08-05,RJP_0094,0,2025
2025-08-05 09:00:00+00:00,598.08,30.14,67.74,5.86,14,2025-08-05,RJP_0094,0,2025
2025-08-05 10:00:00+00:00,456.75,29.9,68.62,5.5,15,2025-08-05,RJP_0094,0,2025
2025-08-05 11:00:00+00:00,262.35,29.3,71.33,4.94,16,2025-08-05,RJP_0094,0,2025
2025-08-05 12:00:00+00:00,102.1,28.17,78.3,3.74,17,2025-08-05,RJP_0094,0,2025
2025-08-05 13:00:00+00:00,10.62,26.47,88.88,2.39,18,2025-08-05,RJP_0094,0,2025
2025-08-05 14:00:00+00:00,0.0,25.6,92.18,2.23,19,2025-08-05,RJP_0094,0,2025
2025-08-05 15:00:00+00:00,0.0,25.16,93.34,2.37,20,2025-08-05,RJP_0094,0,2025
2025-08-05 16:00:00+00:00,0.0,24.77,94.33,2.7,21,2025-08-05,RJP_0094,0,2025
2025-08-05 17:00:00+00:00,0.0,24.46,95.3,3.18,22,2025-08-05,RJP_0094,0,2025
2025-08-05 18:00:00+00:00,0.0,24.2,96.22,3.62,23,2025-08-05,RJP_0094,0,2025
2025-08-05 19:00:00+00:00,0.0,23.96,96.9,3.82,0,2025-08-06,RJP_0094,0,2025
2025-08-05 20:00:00+00:00,0.0,23.79,96.92,4.01,1,2025-08-06,RJP_0094,0,2025
2025-08-05 21:00:00+00:00,0.0,23.6,97.11,3.94,2,2025-08-06,RJP_0094,0,2025
2025-08-05 22:00:00+00:00,0.0,23.48,97.18,3.77,3,2025-08-06,RJP_0094,0,2025
2025-08-05 23:00:00+00:00,0.0,23.42,97.15,3.72,4,2025-08-06,RJP_0094,0,2025
2025-08-06 00:00:00+00:00,3.3,23.45,96.87,3.92,5,2025-08-06,RJP_0094,0,2025
2025-08-06 01:00:00+00:00,54.12,24.19,94.69,4.87,6,2025-08-06,RJP_0094,0,2025
2025-08-06 02:00:00+00:00,153.3,25.37,89.95,5.32,7,2025-08-06,RJP_0094,0,2025
2025-08-06 03:00:00+00:00,297.02,26.78,82.92,5.58,8,2025-08-06,RJP_0094,0,2025
2025-08-06 04:00:00+00:00,488.95,28.19,76.05,5.73,9,2025-08-06,RJP_0094,0,2025
2025-08-06 05:00:00+00:00,617.72,29.16,71.09,5.67,10,2025-08-06,RJP_0094,0,2025
2025-08-06 06:00:00+00:00,824.0,29.7,68.51,5.61,11,2025-08-06,RJP_0094,0,2025
2025-08-06 07:00:00+00:00,886.97,30.03,66.96,5.55,12,2025-08-06,RJP_0094,0,2025
2025-08-06 08:00:00+00:00,856.78,30.2,65.95,5.45,13,2025-08-06,RJP_0094,0,2025
2025-08-06 09:00:00+00:00,741.35,30.12,65.96,5.2,14,2025-08-06,RJP_0094,0,2025
2025-08-06 10:00:00+00:00,569.78,29.75,67.06,4.92,15,2025-08-06,RJP_0094,0,2025
2025-08-06 11:00:00+00:00,348.75,29.01,69.94,4.53,16,2025-08-06,RJP_0094,0,2025
2025-08-06 12:00:00+00:00,141.9,27.73,76.99,3.56,17,2025-08-06,RJP_0094,0,2025
2025-08-06 13:00:00+00:00,13.38,25.92,87.94,2.44,18,2025-08-06,RJP_0094,0,2025
2025-08-06 14:00:00+00:00,0.0,25.04,91.31,2.36,19,2025-08-06,RJP_0094,0,2025
2025-08-06 15:00:00+00:00,0.0,24.67,92.55,2.38,20,2025-08-06,RJP_0094,0,2025
2025-08-06 16:00:00+00:00,0.0,24.38,93.59,2.33,21,2025-08-06,RJP_0094,0,2025
2025-08-06 17:00:00+00:00,0.0,24.09,94.55,2.32,22,2025-08-06,RJP_0094,0,2025
2025-08-06 18:00:00+00:00,0.0,23.87,95.31,2.4,23,2025-08-06,RJP_0094,0,2025
2025-08-06 19:00:00+00:00,0.0,23.74,95.96,2.6,0,2025-08-07,RJP_0094,0,2025
2025-08-06 20:00:00+00:00,0.0,23.7,96.47,2.9,1,2025-08-07,RJP_0094,0,2025
2025-08-06 21:00:00+00:00,0.0,23.69,96.94,2.98,2,2025-08-07,RJP_0094,0,2025
2025-08-06 22:00:00+00:00,0.0,23.76,96.95,3.17,3,2025-08-07,RJP_0094,0,2025
2025-08-06 23:00:00+00:00,0.0,23.82,96.99,3.25,4,2025-08-07,RJP_0094,0,2025
2025-08-07 00:00:00+00:00,3.17,23.9,96.86,3.28,5,2025-08-07,RJP_0094,0,2025
2025-08-07 01:00:00+00:00,63.7,24.64,94.19,4.09,6,2025-08-07,RJP_0094,0,2025
2025-08-07 02:00:00+00:00,180.15,25.75,89.08,4.53,7,2025-08-07,RJP_0094,0,2025
2025-08-07 03:00:00+00:00,352.4,26.97,83.02,4.8,8,2025-08-07,RJP_0094,0,2025
2025-08-07 04:00:00+00:00,656.55,28.21,77.41,5.02,9,2025-08-07,RJP_0094,0,2025
2025-08-07 05:00:00+00:00,790.92,29.15,73.14,5.1,10,2025-08-07,RJP_0094,0,2025
2025-08-07 06:00:00+00:00,804.35,29.99,69.84,5.17,11,2025-08-07,RJP_0094,0,2025
2025-08-07 07:00:00+00:00,779.5,30.4,67.89,5.25,12,2025-08-07,RJP_0094,0,2025
2025-08-07 08:00:00+00:00,678.8,30.46,67.06,5.32,13,2025-08-07,RJP_0094,0,2025
2025-08-07 09:00:00+00:00,644.75,30.16,67.42,5.29,14,2025-08-07,RJP_0094,0,2025
2025-08-07 10:00:00+00:00,516.4,29.61,69.16,5.09,15,2025-08-07,RJP_0094,0,2025
2025-08-07 11:00:00+00:00,300.85,28.7,72.8,4.65,16,2025-08-07,RJP_0094,0,2025
2025-08-07 12:00:00+00:00,114.68,27.5,79.78,3.66,17,2025-08-07,RJP_0094,0,2025
2025-08-07 13:00:00+00:00,10.15,26.03,87.32,2.84,18,2025-08-07,RJP_0094,0,2025
2025-08-07 14:00:00+00:00,0.0,25.26,89.42,2.88,19,2025-08-07,RJP_0094,0,2025
2025-08-07 15:00:00+00:00,0.0,24.81,90.24,2.95,20,2025-08-07,RJP_0094,0,2025
2025-08-07 16:00:00+00:00,0.0,24.41,91.16,3.01,21,2025-08-07,RJP_0094,0,2025
2025-08-07 17:00:00+00:00,0.0,24.01,92.29,2.99,22,2025-08-07,RJP_0094,0,2025
2025-08-07 18:00:00+00:00,0.0,23.61,93.62,2.98,23,2025-08-07,RJP_0094,0,2025
2025-08-07 19:00:00+00:00,0.0,23.15,95.23,2.96,0,2025-08-08,RJP_0094,0,2025
2025-08-07 20:00:00+00:00,0.0,22.85,96.38,3.03,1,2025-08-08,RJP_0094,0,2025
2025-08-07 21:00:00+00:00,0.0,22.65,97.19,2.93,2,2025-08-08,RJP_0094,0,2025
2025-08-07 22:00:00+00:00,0.0,22.52,97.84,2.72,3,2025-08-08,RJP_0094,0,2025
2025-08-07 23:00:00+00:00,0.0,22.46,98.05,2.52,4,2025-08-08,RJP_0094,0,2025
2025-08-08 00:00:00+00:00,4.22,22.6,97.72,2.61,5,2025-08-08,RJP_0094,0,2025
2025-08-08 01:00:00+00:00,84.68,23.81,93.34,3.67,6,2025-08-08,RJP_0094,0,2025
2025-08-08 02:00:00+00:00,243.98,25.39,86.73,4.07,7,2025-08-08,RJP_0094,0,2025
2025-08-08 03:00:00+00:00,431.9,26.99,80.1,4.28,8,2025-08-08,RJP_0094,0,2025
2025-08-08 04:00:00+00:00,601.1,28.33,74.95,4.35,9,2025-08-08,RJP_0094,0,2025
2025-08-08 05:00:00+00:00,699.15,29.57,70.23,4.33,10,2025-08-08,RJP_0094,0,2025
2025-08-08 06:00:00+00:00,706.33,30.43,67.1,4.44,11,2025-08-08,RJP_0094,0,2025
2025-08-08 07:00:00+00:00,669.42,31.02,65.24,4.77,12,2025-08-08,RJP_0094,0,2025
2025-08-08 08:00:00+00:00,654.7,31.32,64.26,5.04,13,2025-08-08,RJP_0094,0,2025
2025-08-08 09:00:00+00:00,603.9,31.33,63.9,5.04,14,2025-08-08,RJP_0094,0,2025
2025-08-08 10:00:00+00:00,462.7,30.76,65.55,4.81,15,2025-08-08,RJP_0094,0,2025
2025-08-08 11:00:00+00:00,275.62,29.52,70.71,4.26,16,2025-08-08,RJP_0094,0,2025
2025-08-08 12:00:00+00:00,115.1,27.9,80.09,3.31,17,2025-08-08,RJP_0094,0,2025
2025-08-08 13:00:00+00:00,12.0,26.56,86.26,2.91,18,2025-08-08,RJP_0094,0,2025
2025-08-08 14:00:00+00:00,0.0,25.85,88.29,3.02,19,2025-08-08,RJP_0094,0,2025
2025-08-08 15:00:00+00:00,0.0,25.36,89.49,3.17,20,2025-08-08,RJP_0094,0,2025
2025-08-08 16:00:00+00:00,0.0,24.92,90.74,3.23,21,2025-08-08,RJP_0094,0,2025
2025-08-08 17:00:00+00:00,0.0,24.54,91.99,3.28,22,2025-08-08,RJP_0094,0,2025
2025-08-08 18:00:00+00:00,0.0,24.2,93.1,3.29,23,2025-08-08,RJP_0094,0,2025
2025-08-08 19:00:00+00:00,0.0,23.87,94.45,3.18,0,2025-08-09,RJP_0094,0,2025
2025-08-08 20:00:00+00:00,0.0,23.59,95.83,3.11,1,2025-08-09,RJP_0094,0,2025
2025-08-08 21:00:00+00:00,0.0,23.4,96.69,2.93,2,2025-08-09,RJP_0094,0,2025
2025-08-08 22:00:00+00:00,0.0,23.29,97.1,2.81,3,2025-08-09,RJP_0094,0,2025
2025-08-08 23:00:00+00:00,0.0,23.12,97.89,2.59,4,2025-08-09,RJP_0094,0,2025
2025-08-09 00:00:00+00:00,3.17,23.07,98.27,2.33,5,2025-08-09,RJP_0094,0,2025
2025-08-09 01:00:00+00:00,72.3,24.32,93.27,3.37,6,2025-08-09,RJP_0094,0,2025
2025-08-09 02:00:00+00:00,229.15,25.85,85.73,4.05,7,2025-08-09,RJP_0094,0,2025
2025-08-09 03:00:00+00:00,416.02,27.43,78.31,3.9,8,2025-08-09,RJP_0094,0,2025
2025-08-09 04:00:00+00:00,596.08,28.74,72.76,3.32,9,2025-08-09,RJP_0094,0,2025
2025-08-09 05:00:00+00:00,710.15,29.77,68.49,2.83,10,2025-08-09,RJP_0094,0,2025
2025-08-09 06:00:00+00:00,656.9,30.42,65.85,2.65,11,2025-08-09,RJP_0094,0,2025
2025-08-09 07:00:00+00:00,668.92,30.85,64.17,2.7,12,2025-08-09,RJP_0094,0,2025
2025-08-09 08:00:00+00:00,548.72,31.06,63.19,2.78,13,2025-08-09,RJP_0094,0,2025
2025-08-09 09:00:00+00:00,504.0,30.83,63.65,2.74,14,2025-08-09,RJP_0094,0,2025
2025-08-09 10:00:00+00:00,407.35,30.23,66.31,2.58,15,2025-08-09,RJP_0094,0,2025
2025-08-09 11:00:00+00:00,252.68,29.42,71.47,2.23,16,2025-08-09,RJP_0094,0,2025
2025-08-09 12:00:00+00:00,105.43,28.45,76.2,2.23,17,2025-08-09,RJP_0094,0,2025
2025-08-09 13:00:00+00:00,10.98,26.98,86.86,1.93,18,2025-08-09,RJP_0094,0,2025
2025-08-09 14:00:00+00:00,0.0,26.17,89.29,2.23,19,2025-08-09,RJP_0094,0,2025
2025-08-09 15:00:00+00:00,0.0,25.69,90.19,2.63,20,2025-08-09,RJP_0094,0,2025
2025-08-09 16:00:00+00:00,0.0,25.23,91.42,3.04,21,2025-08-09,RJP_0094,0,2025
2025-08-09 17:00:00+00:00,0.0,24.8,92.91,3.26,22,2025-08-09,RJP_0094,0,2025
2025-08-09 18:00:00+00:00,0.0,24.42,94.23,3.16,23,2025-08-09,RJP_0094,0,2025
2025-08-09 19:00:00+00:00,0.0,24.09,95.16,2.97,0,2025-08-10,RJP_0094,0,2025
2025-08-09 20:00:00+00:00,0.0,23.77,95.94,2.95,1,2025-08-10,RJP_0094,0,2025
2025-08-09 21:00:00+00:00,0.0,23.53,96.42,2.88,2,2025-08-10,RJP_0094,0,2025
2025-08-09 22:00:00+00:00,0.0,23.37,96.88,2.82,3,2025-08-10,RJP_0094,0,2025
2025-08-09 23:00:00+00:00,0.0,23.3,97.15,2.83,4,2025-08-10,RJP_0094,0,2025
2025-08-10 00:00:00+00:00,3.17,23.35,97.16,2.81,5,2025-08-10,RJP_0094,0,2025
2025-08-10 01:00:00+00:00,63.08,24.18,94.34,3.65,6,2025-08-10,RJP_0094,0,2025
2025-08-10 02:00:00+00:00,165.93,25.26,89.28,4.5,7,2025-08-10,RJP_0094,0,2025
2025-08-10 03:00:00+00:00,310.7,26.47,82.95,4.67,8,2025-08-10,RJP_0094,0,2025
2025-08-10 04:00:00+00:00,499.9,27.83,77.09,4.4,9,2025-08-10,RJP_0094,0,2025
2025-08-10 05:00:00+00:00,637.25,29.11,72.27,4.03,10,2025-08-10,RJP_0094,0,2025
2025-08-10 06:00:00+00:00,769.28,30.02,68.76,3.77,11,2025-08-10,RJP_0094,0,2025
2025-08-10 07:00:00+00:00,727.33,30.59,66.41,3.65,12,2025-08-10,RJP_0094,0,2025
2025-08-10 08:00:00+00:00,505.95,30.81,64.99,3.64,13,2025-08-10,RJP_0094,0,2025
2025-08-10 09:00:00+00:00,418.02,30.77,64.52,3.73,14,2025-08-10,RJP_0094,0,2025
2025-08-10 10:00:00+00:00,397.2,30.54,65.1,3.87,15,2025-08-10,RJP_0094,0,2025
2025-08-10 11:00:00+00:00,224.77,29.91,67.84,3.85,16,2025-08-10,RJP_0094,0,2025
2025-08-10 12:00:00+00:00,89.72,28.61,75.28,3.32,17,2025-08-10,RJP_0094,0,2025
2025-08-10 13:00:00+00:00,10.52,26.74,85.57,2.74,18,2025-08-10,RJP_0094,0,2025
2025-08-10 14:00:00+00:00,0.0,25.87,88.21,2.99,19,2025-08-10,RJP_0094,0,2025
2025-08-10 15:00:00+00:00,0.0,25.44,89.38,3.31,20,2025-08-10,RJP_0094,0,2025
2025-08-10 16:00:00+00:00,0.0,25.04,90.66,3.61,21,2025-08-10,RJP_0094,0,2025
2025-08-10 17:00:00+00:00,0.0,24.67,92.03,3.87,22,2025-08-10,RJP_0094,0,2025
2025-08-10 18:00:00+00:00,0.0,24.27,93.88,3.9,23,2025-08-10,RJP_0094,0,2025
2025-08-10 19:00:00+00:00,0.0,23.94,95.4,3.92,0,2025-08-11,RJP_0094,0,2025
2025-08-10 20:00:00+00:00,0.0,23.73,96.11,3.79,1,2025-08-11,RJP_0094,0,2025
2025-08-10 21:00:00+00:00,0.0,23.58,96.56,3.4,2,2025-08-11,RJP_0094,0,2025
2025-08-10 22:00:00+00:00,0.0,23.46,96.78,3.19,3,2025-08-11,RJP_0094,0,2025
2025-08-10 23:00:00+00:00,0.0,23.37,97.06,2.97,4,2025-08-11,RJP_0094,0,2025
2025-08-11 00:00:00+00:00,2.97,23.37,97.02,3.05,5,2025-08-11,RJP_0094,0,2025
2025-08-11 01:00:00+00:00,63.85,24.27,93.56,3.91,6,2025-08-11,RJP_0094,0,2025
2025-08-11 02:00:00+00:00,185.82,25.65,86.64,4.7,7,2025-08-11,RJP_0094,0,2025
2025-08-11 03:00:00+00:00,377.88,27.11,79.49,5.02,8,2025-08-11,RJP_0094,0,2025
2025-08-11 04:00:00+00:00,586.3,28.43,74.11,5.23,9,2025-08-11,RJP_0094,0,2025
2025-08-11 05:00:00+00:00,693.65,29.46,70.27,5.36,10,2025-08-11,RJP_0094,0,2025
2025-08-11 06:00:00+00:00,734.03,30.2,67.7,5.38,11,2025-08-11,RJP_0094,0,2025
2025-08-11 07:00:00+00:00,708.9,30.63,66.15,5.39,12,2025-08-11,RJP_0094,0,2025
2025-08-11 08:00:00+00:00,738.35,30.75,65.45,5.35,13,2025-08-11,RJP_0094,0,2025
2025-08-11 09:00:00+00:00,646.33,30.65,65.34,5.18,14,2025-08-11,RJP_0094,0,2025
2025-08-11 10:00:00+00:00,469.58,30.34,66.35,4.94,15,2025-08-11,RJP_0094,0,2025
2025-08-11 11:00:00+00:00,279.92,29.67,69.16,4.53,16,2025-08-11,RJP_0094,0,2025
2025-08-11 12:00:00+00:00,114.78,28.5,76.65,3.45,17,2025-08-11,RJP_0094,0,2025
2025-08-11 13:00:00+00:00,11.65,26.78,86.74,2.51,18,2025-08-11,RJP_0094,0,2025
2025-08-11 14:00:00+00:00,0.0,25.98,89.17,2.65,19,2025-08-11,RJP_0094,0,2025
2025-08-11 15:00:00+00:00,0.0,25.58,89.8,3.13,20,2025-08-11,RJP_0094,0,2025
2025-08-11 16:00:00+00:00,0.0,25.23,90.7,3.7,21,2025-08-11,RJP_0094,0,2025
2025-08-11 17:00:00+00:00,0.0,24.83,92.63,3.85,22,2025-08-11,RJP_0094,0,2025
2025-08-11 18:00:00+00:00,0.0,24.48,94.32,4.02,23,2025-08-11,RJP_0094,0,2025
2025-08-11 19:00:00+00:00,0.0,24.24,95.39,4.2,0,2025-08-12,RJP_0094,0,2025
2025-08-11 20:00:00+00:00,0.0,24.12,95.73,4.25,1,2025-08-12,RJP_0094,0,2025
2025-08-11 21:00:00+00:00,0.0,24.05,96.05,3.85,2,2025-08-12,RJP_0094,0,2025
2025-08-11 22:00:00+00:00,0.0,23.99,96.39,3.49,3,2025-08-12,RJP_0094,0,2025
2025-08-11 23:00:00+00:00,0.0,23.95,96.54,3.45,4,2025-08-12,RJP_0094,0,2025
2025-08-12 00:00:00+00:00,3.78,23.95,96.2,3.82,5,2025-08-12,RJP_0094,0,2025
2025-08-12 01:00:00+00:00,79.12,24.59,93.13,4.53,6,2025-08-12,RJP_0094,0,2025
2025-08-12 02:00:00+00:00,219.7,25.87,85.95,5.38,7,2025-08-12,RJP_0094,0,2025
2025-08-12 03:00:00+00:00,398.15,27.35,78.57,5.54,8,2025-08-12,RJP_0094,0,2025
2025-08-12 04:00:00+00:00,479.3,28.62,72.96,5.56,9,2025-08-12,RJP_0094,0,2025
2025-08-12 05:00:00+00:00,522.55,29.6,69.36,5.56,10,2025-08-12,RJP_0094,0,2025
2025-08-12 06:00:00+00:00,563.5,30.22,67.21,5.66,11,2025-08-12,RJP_0094,0,2025
2025-08-12 07:00:00+00:00,705.8,30.63,65.73,5.71,12,2025-08-12,RJP_0094,0,2025
2025-08-12 08:00:00+00:00,639.08,30.74,65.11,5.63,13,2025-08-12,RJP_0094,0,2025
2025-08-12 09:00:00+00:00,648.53,30.63,65.28,5.47,14,2025-08-12,RJP_0094,0,2025
2025-08-12 10:00:00+00:00,490.83,30.31,66.46,5.2,15,2025-08-12,RJP_0094,0,2025
2025-08-12 11:00:00+00:00,302.77,29.59,69.33,4.79,16,2025-08-12,RJP_0094,0,2025
2025-08-12 12:00:00+00:00,123.03,28.36,77.0,3.69,17,2025-08-12,RJP_0094,0,2025
2025-08-12 13:00:00+00:00,11.65,26.76,86.04,2.8,18,2025-08-12,RJP_0094,0,2025
2025-08-12 14:00:00+00:00,0.0,26.04,88.26,3.01,19,2025-08-12,RJP_0094,0,2025
2025-08-12 15:00:00+00:00,0.0,25.65,89.28,3.26,20,2025-08-12,RJP_0094,0,2025
2025-08-12 16:00:00+00:00,0.0,25.21,90.96,3.54,21,2025-08-12,RJP_0094,0,2025
2025-08-12 17:00:00+00:00,0.0,24.79,92.54,4.12,22,2025-08-12,RJP_0094,0,2025
2025-08-12 18:00:00+00:00,0.0,24.4,94.36,4.2,23,2025-08-12,RJP_0094,0,2025
2025-08-12 19:00:00+00:00,0.0,24.18,95.36,3.95,0,2025-08-13,RJP_0094,0,2025
2025-08-12 20:00:00+00:00,0.0,24.07,95.72,3.64,1,2025-08-13,RJP_0094,0,2025
2025-08-12 21:00:00+00:00,0.0,24.02,96.03,2.95,2,2025-08-13,RJP_0094,0,2025
2025-08-12 22:00:00+00:00,0.0,23.99,96.39,2.82,3,2025-08-13,RJP_0094,0,2025
2025-08-12 23:00:00+00:00,0.0,23.93,96.79,2.59,4,2025-08-13,RJP_0094,0,2025
2025-08-13 00:00:00+00:00,3.45,23.92,97.22,2.15,5,2025-08-13,RJP_0094,0,2025
2025-08-13 01:00:00+00:00,76.4,24.61,94.5,2.73,6,2025-08-13,RJP_0094,0,2025
2025-08-13 02:00:00+00:00,222.95,25.73,88.9,3.2,7,2025-08-13,RJP_0094,0,2025
2025-08-13 03:00:00+00:00,383.48,26.97,82.43,3.49,8,2025-08-13,RJP_0094,0,2025
2025-08-13 04:00:00+00:00,557.25,28.22,77.0,3.56,9,2025-08-13,RJP_0094,0,2025
2025-08-13 05:00:00+00:00,666.65,29.14,72.93,3.63,10,2025-08-13,RJP_0094,0,2025
2025-08-13 06:00:00+00:00,596.35,29.66,70.42,3.72,11,2025-08-13,RJP_0094,0,2025
2025-08-13 07:00:00+00:00,576.35,29.81,69.49,3.64,12,2025-08-13,RJP_0094,0,2025
2025-08-13 08:00:00+00:00,396.08,29.65,69.8,3.76,13,2025-08-13,RJP_0094,0,2025
2025-08-13 09:00:00+00:00,381.9,29.31,71.25,3.76,14,2025-08-13,RJP_0094,0,2025
2025-08-13 10:00:00+00:00,314.83,29.02,72.7,3.43,15,2025-08-13,RJP_0094,0,2025
2025-08-13 11:00:00+00:00,182.25,28.43,75.98,3.02,16,2025-08-13,RJP_0094,0,2025
2025-08-13 12:00:00+00:00,71.57,27.55,81.72,2.45,17,2025-08-13,RJP_0094,0,2025
2025-08-13 13:00:00+00:00,7.8,26.29,89.77,1.89,18,2025-08-13,RJP_0094,0,2025
2025-08-13 14:00:00+00:00,0.0,25.71,91.48,1.92,19,2025-08-13,RJP_0094,0,2025
2025-08-13 15:00:00+00:00,0.0,25.37,92.08,2.02,20,2025-08-13,RJP_0094,0,2025
2025-08-13 16:00:00+00:00,0.0,25.12,92.4,2.16,21,2025-08-13,RJP_0094,0,2025
2025-08-13 17:00:00+00:00,0.0,24.87,92.91,2.26,22,2025-08-13,RJP_0094,0,2025
2025-08-13 18:00:00+00:00,0.0,24.66,93.63,2.26,23,2025-08-13,RJP_0094,0,2025
2025-08-13 19:00:00+00:00,0.0,24.48,94.63,2.19,0,2025-08-14,RJP_0094,0,2025
2025-08-13 20:00:00+00:00,0.0,24.31,95.56,2.11,1,2025-08-14,RJP_0094,0,2025
2025-08-13 21:00:00+00:00,0.0,24.17,96.36,1.94,2,2025-08-14,RJP_0094,0,2025
2025-08-13 22:00:00+00:00,0.0,24.05,96.97,1.77,3,2025-08-14,RJP_0094,0,2025
2025-08-13 23:00:00+00:00,0.0,23.94,97.43,1.69,4,2025-08-14,RJP_0094,0,2025
2025-08-14 00:00:00+00:00,1.92,23.89,97.66,1.53,5,2025-08-14,RJP_0094,0,2025
2025-08-14 01:00:00+00:00,41.67,24.55,94.7,2.11,6,2025-08-14,RJP_0094,0,2025
2025-08-14 02:00:00+00:00,108.93,25.68,88.96,2.35,7,2025-08-14,RJP_0094,0,2025
2025-08-14 03:00:00+00:00,196.9,26.94,82.87,2.16,8,2025-08-14,RJP_0094,0,2025
2025-08-14 04:00:00+00:00,400.12,27.83,78.5,1.72,9,2025-08-14,RJP_0094,0,2025
2025-08-14 05:00:00+00:00,540.03,28.4,75.89,1.44,10,2025-08-14,RJP_0094,0,2025
2025-08-14 06:00:00+00:00,511.02,29.17,72.85,1.13,11,2025-08-14,RJP_0094,0,2025
2025-08-14 07:00:00+00:00,419.38,30.09,69.33,0.89,12,2025-08-14,RJP_0094,0,2025
2025-08-14 08:00:00+00:00,438.45,30.8,66.62,0.71,13,2025-08-14,RJP_0094,0,2025
2025-08-14 09:00:00+00:00,401.67,31.06,65.06,0.66,14,2025-08-14,RJP_0094,0,2025
2025-08-14 10:00:00+00:00,344.3,30.84,65.55,0.94,15,2025-08-14,RJP_0094,0,2025
2025-08-14 11:00:00+00:00,199.38,30.2,68.44,1.16,16,2025-08-14,RJP_0094,0,2025
2025-08-14 12:00:00+00:00,85.57,29.29,74.66,1.06,17,2025-08-14,RJP_0094,0,2025
2025-08-14 13:00:00+00:00,7.65,28.12,82.05,0.91,18,2025-08-14,RJP_0094,0,2025
2025-08-14 14:00:00+00:00,0.0,27.32,87.11,1.0,19,2025-08-14,RJP_0094,0,2025
2025-08-14 15:00:00+00:00,0.0,26.82,87.71,1.16,20,2025-08-14,RJP_0094,0,2025
2025-08-14 16:00:00+00:00,0.0,26.3,89.58,1.36,21,2025-08-14,RJP_0094,0,2025
2025-08-14 17:00:00+00:00,0.0,25.84,91.04,1.54,22,2025-08-14,RJP_0094,0,2025
2025-08-14 18:00:00+00:00,0.0,25.41,92.65,1.66,23,2025-08-14,RJP_0094,0,2025
2025-08-14 19:00:00+00:00,0.0,25.02,94.1,1.75,0,2025-08-15,RJP_0094,0,2025
2025-08-14 20:00:00+00:00,0.0,24.71,94.97,1.8,1,2025-08-15,RJP_0094,0,2025
2025-08-14 21:00:00+00:00,0.0,24.48,95.74,1.74,2,2025-08-15,RJP_0094,0,2025
2025-08-14 22:00:00+00:00,0.0,24.31,96.21,1.62,3,2025-08-15,RJP_0094,0,2025
2025-08-14 23:00:00+00:00,0.0,24.18,96.44,1.51,4,2025-08-15,RJP_0094,0,2025
2025-08-15 00:00:00+00:00,2.38,24.15,96.51,1.36,5,2025-08-15,RJP_0094,0,2025
2025-08-15 01:00:00+00:00,53.0,25.13,93.04,1.73,6,2025-08-15,RJP_0094,0,2025
2025-08-15 02:00:00+00:00,144.2,26.81,85.89,1.28,7,2025-08-15,RJP_0094,0,2025
2025-08-15 03:00:00+00:00,281.8,28.49,77.84,0.92,8,2025-08-15,RJP_0094,0,2025
2025-08-15 04:00:00+00:00,475.25,29.86,72.63,0.76,9,2025-08-15,RJP_0094,0,2025
2025-08-15 05:00:00+00:00,715.9,30.91,68.87,0.71,10,2025-08-15,RJP_0094,0,2025
2025-08-15 06:00:00+00:00,744.8,31.81,65.82,0.56,11,2025-08-15,RJP_0094,0,2025
2025-08-15 07:00:00+00:00,672.25,32.44,63.42,0.35,12,2025-08-15,RJP_0094,0,2025
2025-08-15 08:00:00+00:00,589.03,32.84,62.01,0.33,13,2025-08-15,RJP_0094,0,2025
2025-08-15 09:00:00+00:00,400.77,32.78,62.0,0.52,14,2025-08-15,RJP_0094,0,2025
2025-08-15 10:00:00+00:00,371.75,32.47,63.41,0.97,15,2025-08-15,RJP_0094,0,2025
2025-08-15 11:00:00+00:00,216.4,31.75,67.8,1.43,16,2025-08-15,RJP_0094,0,2025
2025-08-15 12:00:00+00:00,83.5,30.6,74.06,1.79,17,2025-08-15,RJP_0094,0,2025
2025-08-15 13:00:00+00:00,6.78,28.88,84.87,1.78,18,2025-08-15,RJP_0094,0,2025
2025-08-15 14:00:00+00:00,0.0,27.81,89.44,2.03,19,2025-08-15,RJP_0094,0,2025
2025-08-15 15:00:00+00:00,0.0,27.11,91.3,2.5,20,2025-08-15,RJP_0094,0,2025
2025-08-15 16:00:00+00:00,0.0,26.54,93.22,2.99,21,2025-08-15,RJP_0094,0,2025
2025-08-15 17:00:00+00:00,0.0,26.08,95.1,3.24,22,2025-08-15,RJP_0094,0,2025
2025-08-15 18:00:00+00:00,0.0,25.78,95.99,3.4,23,2025-08-15,RJP_0094,0,2025
2025-08-15 19:00:00+00:00,0.0,25.51,96.37,3.64,0,2025-08-16,RJP_0094,0,2025
2025-08-15 20:00:00+00:00,0.0,25.24,96.65,3.67,1,2025-08-16,RJP_0094,0,2025
2025-08-15 21:00:00+00:00,0.0,24.99,96.58,3.73,2,2025-08-16,RJP_0094,0,2025
2025-08-15 22:00:00+00:00,0.0,24.77,96.61,3.61,3,2025-08-16,RJP_0094,0,2025
2025-08-15 23:00:00+00:00,0.0,24.57,96.76,3.3,4,2025-08-16,RJP_0094,0,2025
2025-08-16 00:00:00+00:00,2.3,24.42,96.88,3.03,5,2025-08-16,RJP_0094,0,2025
2025-08-16 01:00:00+00:00,61.67,24.96,95.05,3.56,6,2025-08-16,RJP_0094,0,2025
2025-08-16 02:00:00+00:00,184.23,26.05,90.99,3.89,7,2025-08-16,RJP_0094,0,2025
2025-08-16 03:00:00+00:00,361.75,27.35,85.29,3.7,8,2025-08-16,RJP_0094,0,2025
2025-08-16 04:00:00+00:00,511.75,28.5,80.18,3.42,9,2025-08-16,RJP_0094,0,2025
2025-08-16 05:00:00+00:00,677.8,29.41,76.23,3.17,10,2025-08-16,RJP_0094,0,2025
2025-08-16 06:00:00+00:00,845.83,29.82,73.86,2.86,11,2025-08-16,RJP_0094,0,2025
2025-08-16 07:00:00+00:00,832.2,30.0,72.9,2.69,12,2025-08-16,RJP_0094,0,2025
2025-08-16 08:00:00+00:00,734.15,30.13,72.52,2.59,13,2025-08-16,RJP_0094,0,2025
2025-08-16 09:00:00+00:00,608.17,30.19,72.48,2.37,14,2025-08-16,RJP_0094,0,2025
2025-08-16 10:00:00+00:00,437.05,30.14,72.87,2.09,15,2025-08-16,RJP_0094,0,2025
2025-08-16 11:00:00+00:00,256.1,29.82,74.9,1.82,16,2025-08-16,RJP_0094,0,2025
2025-08-16 12:00:00+00:00,99.88,29.17,79.67,1.44,17,2025-08-16,RJP_0094,0,2025
2025-08-16 13:00:00+00:00,8.12,28.01,86.95,1.19,18,2025-08-16,RJP_0094,0,2025
2025-08-16 14:00:00+00:00,0.0,27.3,90.34,1.27,19,2025-08-16,RJP_0094,0,2025
2025-08-16 15:00:00+00:00,0.0,26.86,92.19,1.46,20,2025-08-16,RJP_0094,0,2025
2025-08-16 16:00:00+00:00,0.0,26.47,93.39,1.63,21,2025-08-16,RJP_0094,0,2025
2025-08-16 17:00:00+00:00,0.0,26.08,94.49,1.78,22,2025-08-16,RJP_0094,0,2025
2025-08-16 18:00:00+00:00,0.0,25.76,95.64,1.82,23,2025-08-16,RJP_0094,0,2025
2025-08-16 19:00:00+00:00,0.0,25.49,96.65,1.68,0,2025-08-17,RJP_0094,0,2025
2025-08-16 20:00:00+00:00,0.0,25.28,97.31,1.54,1,2025-08-17,RJP_0094,0,2025
2025-08-16 21:00:00+00:00,0.0,25.11,97.74,1.54,2,2025-08-17,RJP_0094,0,2025
2025-08-16 22:00:00+00:00,0.0,24.99,97.86,1.6,3,2025-08-17,RJP_0094,0,2025
2025-08-16 23:00:00+00:00,0.0,24.96,97.72,1.74,4,2025-08-17,RJP_0094,0,2025
2025-08-17 00:00:00+00:00,2.6,24.95,97.66,1.8,5,2025-08-17,RJP_0094,0,2025
2025-08-17 01:00:00+00:00,77.75,25.84,95.12,2.47,6,2025-08-17,RJP_0094,0,2025
2025-08-17 02:00:00+00:00,227.55,27.17,90.59,2.44,7,2025-08-17,RJP_0094,0,2025
2025-08-17 03:00:00+00:00,423.0,29.06,82.38,2.75,8,2025-08-17,RJP_0094,0,2025
2025-08-17 04:00:00+00:00,564.15,30.65,75.33,3.38,9,2025-08-17,RJP_0094,0,2025
2025-08-17 05:00:00+00:00,762.55,31.65,71.33,3.75,10,2025-08-17,RJP_0094,0,2025
2025-08-17 06:00:00+00:00,828.12,32.38,68.47,3.98,11,2025-08-17,RJP_0094,0,2025
2025-08-17 07:00:00+00:00,850.5,32.9,66.3,4.13,12,2025-08-17,RJP_0094,0,2025
2025-08-17 08:00:00+00:00,712.72,33.25,64.62,4.35,13,2025-08-17,RJP_0094,0,2025
2025-08-17 09:00:00+00:00,652.42,33.27,63.98,4.35,14,2025-08-17,RJP_0094,0,2025
2025-08-17 10:00:00+00:00,436.12,32.87,65.3,4.1,15,2025-08-17,RJP_0094,0,2025
2025-08-17 11:00:00+00:00,264.27,32.23,68.53,3.65,16,2025-08-17,RJP_0094,0,2025
2025-08-17 12:00:00+00:00,109.12,30.97,75.43,2.86,17,2025-08-17,RJP_0094,0,2025
2025-08-17 13:00:00+00:00,9.18,29.07,86.55,2.11,18,2025-08-17,RJP_0094,0,2025
2025-08-17 14:00:00+00:00,0.0,28.33,88.96,2.09,19,2025-08-17,RJP_0094,0,2025
2025-08-17 15:00:00+00:00,0.0,27.88,90.33,2.07,20,2025-08-17,RJP_0094,0,2025
2025-08-17 16:00:00+00:00,0.0,27.45,91.68,2.03,21,2025-08-17,RJP_0094,0,2025
2025-08-17 17:00:00+00:00,0.0,27.07,93.03,1.89,22,2025-08-17,RJP_0094,0,2025
2025-08-17 18:00:00+00:00,0.0,26.69,94.42,1.67,23,2025-08-17,RJP_0094,0,2025
2025-08-17 19:00:00+00:00,0.0,26.31,95.59,1.44,0,2025-08-18,RJP_0094,0,2025
2025-08-17 20:00:00+00:00,0.0,25.99,96.48,1.24,1,2025-08-18,RJP_0094,0,2025
2025-08-17 21:00:00+00:00,0.0,25.73,97.11,1.03,2,2025-08-18,RJP_0094,0,2025
2025-08-17 22:00:00+00:00,0.0,25.58,97.17,0.85,3,2025-08-18,RJP_0094,0,2025
2025-08-17 23:00:00+00:00,0.0,25.47,97.2,0.8,4,2025-08-18,RJP_0094,0,2025
2025-08-18 00:00:00+00:00,2.9,25.45,96.99,0.83,5,2025-08-18,RJP_0094,0,2025
2025-08-18 01:00:00+00:00,75.25,26.4,94.42,1.2,6,2025-08-18,RJP_0094,0,2025
2025-08-18 02:00:00+00:00,209.7,27.68,87.88,1.06,7,2025-08-18,RJP_0094,0,2025
2025-08-18 03:00:00+00:00,391.33,28.93,81.26,0.52,8,2025-08-18,RJP_0094,0,2025
2025-08-18 04:00:00+00:00,586.22,29.88,76.97,0.42,9,2025-08-18,RJP_0094,0,2025
2025-08-18 05:00:00+00:00,711.9,30.65,73.87,0.98,10,2025-08-18,RJP_0094,0,2025
2025-08-18 06:00:00+00:00,797.78,31.13,71.91,1.57,11,2025-08-18,RJP_0094,0,2025
2025-08-18 07:00:00+00:00,751.83,31.33,70.98,2.09,12,2025-08-18,RJP_0094,0,2025
2025-08-18 08:00:00+00:00,697.35,31.59,70.02,2.52,13,2025-08-18,RJP_0094,0,2025
2025-08-18 09:00:00+00:00,388.1,31.69,69.74,2.72,14,2025-08-18,RJP_0094,0,2025
2025-08-18 10:00:00+00:00,256.02,31.44,71.66,2.79,15,2025-08-18,RJP_0094,0,2025
2025-08-18 11:00:00+00:00,144.9,31.0,76.01,2.45,16,2025-08-18,RJP_0094,0,2025
2025-08-18 12:00:00+00:00,65.78,29.98,79.28,2.53,17,2025-08-18,RJP_0094,0,2025
2025-08-18 13:00:00+00:00,4.3,28.53,89.48,1.79,18,2025-08-18,RJP_0094,0,2025
2025-08-18 14:00:00+00:00,0.0,27.95,91.56,1.66,19,2025-08-18,RJP_0094,0,2025
2025-08-18 15:00:00+00:00,0.0,27.61,92.52,1.61,20,2025-08-18,RJP_0094,0,2025
2025-08-18 16:00:00+00:00,0.0,27.22,93.65,1.63,21,2025-08-18,RJP_0094,0,2025
2025-08-18 17:00:00+00:00,0.0,26.85,94.59,1.64,22,2025-08-18,RJP_0094,0,2025
2025-08-18 18:00:00+00:00,0.0,26.55,95.36,1.6,23,2025-08-18,RJP_0094,0,2025
2025-08-18 19:00:00+00:00,0.0,26.27,96.01,1.56,0,2025-08-19,RJP_0094,0,2025
2025-08-18 20:00:00+00:00,0.0,26.03,96.39,1.5,1,2025-08-19,RJP_0094,0,2025
2025-08-18 21:00:00+00:00,0.0,25.79,96.88,1.52,2,2025-08-19,RJP_0094,0,2025
2025-08-18 22:00:00+00:00,0.0,25.6,97.08,1.61,3,2025-08-19,RJP_0094,0,2025
2025-08-18 23:00:00+00:00,0.0,25.49,97.3,1.68,4,2025-08-19,RJP_0094,0,2025
2025-08-19 00:00:00+00:00,2.65,25.43,97.43,1.67,5,2025-08-19,RJP_0094,0,2025
2025-08-19 01:00:00+00:00,54.88,26.21,95.0,2.23,6,2025-08-19,RJP_0094,0,2025
2025-08-19 02:00:00+00:00,143.3,27.31,90.26,2.47,7,2025-08-19,RJP_0094,0,2025
2025-08-19 03:00:00+00:00,277.88,28.65,82.88,2.89,8,2025-08-19,RJP_0094,0,2025
2025-08-19 04:00:00+00:00,509.6,29.79,76.59,3.41,9,2025-08-19,RJP_0094,0,2025
2025-08-19 05:00:00+00:00,620.45,30.64,72.54,3.67,10,2025-08-19,RJP_0094,0,2025
2025-08-19 06:00:00+00:00,687.58,31.12,70.34,3.78,11,2025-08-19,RJP_0094,0,2025
2025-08-19 07:00:00+00:00,826.25,31.33,69.44,3.92,12,2025-08-19,RJP_0094,0,2025
2025-08-19 08:00:00+00:00,778.15,31.42,69.12,4.12,13,2025-08-19,RJP_0094,0,2025
2025-08-19 09:00:00+00:00,666.1,31.18,70.64,4.07,14,2025-08-19,RJP_0094,0,2025
2025-08-19 10:00:00+00:00,515.47,30.91,72.65,4.0,15,2025-08-19,RJP_0094,0,2025
2025-08-19 11:00:00+00:00,291.23,30.29,77.02,3.64,16,2025-08-19,RJP_0094,0,2025
2025-08-19 12:00:00+00:00,107.47,29.34,83.21,3.11,17,2025-08-19,RJP_0094,0,2025
2025-08-19 13:00:00+00:00,6.85,27.98,91.08,2.42,18,2025-08-19,RJP_0094,0,2025
2025-08-19 14:00:00+00:00,0.0,27.52,92.57,2.7,19,2025-08-19,RJP_0094,0,2025
2025-08-19 15:00:00+00:00,0.0,27.21,93.68,3.04,20,2025-08-19,RJP_0094,0,2025
2025-08-19 16:00:00+00:00,0.0,26.91,94.77,3.21,21,2025-08-19,RJP_0094,0,2025
2025-08-19 17:00:00+00:00,0.0,26.62,95.82,3.16,22,2025-08-19,RJP_0094,0,2025
2025-08-19 18:00:00+00:00,0.0,26.38,96.36,3.08,23,2025-08-19,RJP_0094,0,2025
2025-08-19 19:00:00+00:00,0.0,26.12,96.82,2.92,0,2025-08-20,RJP_0094,0,2025
2025-08-19 20:00:00+00:00,0.0,25.9,97.03,2.85,1,2025-08-20,RJP_0094,0,2025
2025-08-19 21:00:00+00:00,0.0,25.65,97.22,2.76,2,2025-08-20,RJP_0094,0,2025
2025-08-19 22:00:00+00:00,0.0,25.42,97.32,2.61,3,2025-08-20,RJP_0094,0,2025
2025-08-19 23:00:00+00:00,0.0,25.2,97.5,2.34,4,2025-08-20,RJP_0094,0,2025
2025-08-20 00:00:00+00:00,0.0,25.01,97.62,2.11,5,2025-08-20,RJP_0094,0,2025
2025-08-20 01:00:00+00:00,71.93,25.58,95.16,2.8,6,2025-08-20,RJP_0094,0,2025
2025-08-20 02:00:00+00:00,191.38,26.26,91.25,2.97,7,2025-08-20,RJP_0094,0,2025
2025-08-20 03:00:00+00:00,346.17,27.23,85.73,3.28,8,2025-08-20,RJP_0094,0,2025
2025-08-20 04:00:00+00:00,526.7,28.36,80.2,3.41,9,2025-08-20,RJP_0094,0,2025
2025-08-20 05:00:00+00:00,618.35,29.39,76.05,3.4,10,2025-08-20,RJP_0094,0,2025
2025-08-20 06:00:00+00:00,660.88,29.93,74.33,3.34,11,2025-08-20,RJP_0094,0,2025
2025-08-20 07:00:00+00:00,679.45,30.15,73.73,3.36,12,2025-08-20,RJP_0094,0,2025
2025-08-20 08:00:00+00:00,635.45,30.12,74.14,3.46,13,2025-08-20,RJP_0094,0,2025
2025-08-20 09:00:00+00:00,501.42,29.87,75.51,3.32,14,2025-08-20,RJP_0094,0,2025
2025-08-20 10:00:00+00:00,315.38,29.49,77.98,3.16,15,2025-08-20,RJP_0094,0,2025
2025-08-20 11:00:00+00:00,180.8,28.92,82.11,2.95,16,2025-08-20,RJP_0094,0,2025
2025-08-20 12:00:00+00:00,82.7,27.97,86.52,2.82,17,2025-08-20,RJP_0094,0,2025
2025-08-20 13:00:00+00:00,4.95,26.66,93.18,2.17,18,2025-08-20,RJP_0094,0,2025
2025-08-20 14:00:00+00:00,0.0,26.07,95.1,1.98,19,2025-08-20,RJP_0094,0,2025
2025-08-20 15:00:00+00:00,0.0,25.67,96.07,1.68,20,2025-08-20,RJP_0094,0,2025
2025-08-20 16:00:00+00:00,0.0,25.28,96.63,1.44,21,2025-08-20,RJP_0094,0,2025
2025-08-20 17:00:00+00:00,0.0,24.89,96.7,1.37,22,2025-08-20,RJP_0094,0,2025
2025-08-20 18:00:00+00:00,0.0,24.54,96.5,1.38,23,2025-08-20,RJP_0094,0,2025
2025-08-20 19:00:00+00:00,0.0,24.22,96.25,1.79,0,2025-08-21,RJP_0094,0,2025
2025-08-20 20:00:00+00:00,0.0,23.96,96.11,2.26,1,2025-08-21,RJP_0094,0,2025
2025-08-20 21:00:00+00:00,0.0,23.8,96.27,2.25,2,2025-08-21,RJP_0094,0,2025
2025-08-20 22:00:00+00:00,0.0,23.73,96.85,1.45,3,2025-08-21,RJP_0094,0,2025
2025-08-20 23:00:00+00:00,0.0,23.72,97.28,0.57,4,2025-08-21,RJP_0094,0,2025
2025-08-21 00:00:00+00:00,0.0,23.68,97.28,0.38,5,2025-08-21,RJP_0094,0,2025
2025-08-21 01:00:00+00:00,50.28,24.28,94.98,1.53,6,2025-08-21,RJP_0094,0,2025
2025-08-21 02:00:00+00:00,138.85,24.99,92.76,2.66,7,2025-08-21,RJP_0094,0,2025
2025-08-21 03:00:00+00:00,236.45,25.46,90.87,3.71,8,2025-08-21,RJP_0094,0,2025
2025-08-21 04:00:00+00:00,351.8,25.82,89.43,4.35,9,2025-08-21,RJP_0094,0,2025
2025-08-21 05:00:00+00:00,381.27,26.23,88.0,4.8,10,2025-08-21,RJP_0094,0,2025
2025-08-21 06:00:00+00:00,276.08,26.63,87.17,4.98,11,2025-08-21,RJP_0094,0,2025
2025-08-21 07:00:00+00:00,273.77,26.97,87.06,5.06,12,2025-08-21,RJP_0094,0,2025
2025-08-21 08:00:00+00:00,167.68,27.13,87.96,5.15,13,2025-08-21,RJP_0094,0,2025
2025-08-21 09:00:00+00:00,226.65,27.06,89.68,5.3,14,2025-08-21,RJP_0094,0,2025
2025-08-21 10:00:00+00:00,134.15,26.8,92.02,5.42,15,2025-08-21,RJP_0094,0,2025
2025-08-21 11:00:00+00:00,81.45,26.48,94.25,5.47,16,2025-08-21,RJP_0094,0,2025
2025-08-21 12:00:00+00:00,31.58,26.06,95.49,5.68,17,2025-08-21,RJP_0094,0,2025
2025-08-21 13:00:00+00:00,3.8,25.59,96.19,6.04,18,2025-08-21,RJP_0094,0,2025
2025-08-21 14:00:00+00:00,0.0,25.33,96.21,6.28,19,2025-08-21,RJP_0094,0,2025
2025-08-21 15:00:00+00:00,0.0,25.16,96.21,6.27,20,2025-08-21,RJP_0094,0,2025
2025-08-21 16:00:00+00:00,0.0,25.03,96.28,6.2,21,2025-08-21,RJP_0094,0,2025
2025-08-21 17:00:00+00:00,0.0,24.92,96.39,6.12,22,2025-08-21,RJP_0094,0,2025
2025-08-21 18:00:00+00:00,0.0,24.85,96.46,5.92,23,2025-08-21,RJP_0094,0,2025
2025-08-21 19:00:00+00:00,0.0,24.77,96.52,5.75,0,2025-08-22,RJP_0094,0,2025
2025-08-21 20:00:00+00:00,0.0,24.67,96.55,5.69,1,2025-08-22,RJP_0094,0,2025
2025-08-21 21:00:00+00:00,0.0,24.58,96.54,5.71,2,2025-08-22,RJP_0094,0,2025
2025-08-21 22:00:00+00:00,0.0,24.47,96.45,5.88,3,2025-08-22,RJP_0094,0,2025
2025-08-21 23:00:00+00:00,0.0,24.32,96.51,5.79,4,2025-08-22,RJP_0094,0,2025
2025-08-22 00:00:00+00:00,0.0,24.18,96.58,5.51,5,2025-08-22,RJP_0094,0,2025
2025-08-22 01:00:00+00:00,32.58,24.29,96.27,5.44,6,2025-08-22,RJP_0094,0,2025
2025-08-22 02:00:00+00:00,92.75,24.79,95.16,5.88,7,2025-08-22,RJP_0094,0,2025
2025-08-22 03:00:00+00:00,180.43,25.25,93.51,6.75,8,2025-08-22,RJP_0094,0,2025
2025-08-22 04:00:00+00:00,234.95,25.75,90.73,7.3,9,2025-08-22,RJP_0094,0,2025
2025-08-22 05:00:00+00:00,210.43,26.24,88.32,7.61,10,2025-08-22,RJP_0094,0,2025
2025-08-22 06:00:00+00:00,273.58,26.71,86.53,7.79,11,2025-08-22,RJP_0094,0,2025
2025-08-22 07:00:00+00:00,319.4,27.05,85.47,7.75,12,2025-08-22,RJP_0094,0,2025
2025-08-22 08:00:00+00:00,244.18,27.11,86.03,7.35,13,2025-08-22,RJP_0094,0,2025
2025-08-22 09:00:00+00:00,245.3,26.97,88.0,6.64,14,2025-08-22,RJP_0094,0,2025
2025-08-22 10:00:00+00:00,206.93,26.7,90.68,5.89,15,2025-08-22,RJP_0094,0,2025
2025-08-22 11:00:00+00:00,147.12,26.38,93.2,5.28,16,2025-08-22,RJP_0094,0,2025
2025-08-22 12:00:00+00:00,62.15,25.98,94.91,4.92,17,2025-08-22,RJP_0094,0,2025
2025-08-22 13:00:00+00:00,4.55,25.6,95.96,4.75,18,2025-08-22,RJP_0094,0,2025
2025-08-22 14:00:00+00:00,0.0,25.42,96.25,4.81,19,2025-08-22,RJP_0094,0,2025
2025-08-22 15:00:00+00:00,0.0,25.28,96.36,5.2,20,2025-08-22,RJP_0094,0,2025
2025-08-22 16:00:00+00:00,0.0,25.09,96.6,5.64,21,2025-08-22,RJP_0094,0,2025
2025-08-22 17:00:00+00:00,0.0,24.86,96.62,6.22,22,2025-08-22,RJP_0094,0,2025
2025-08-22 18:00:00+00:00,0.0,24.62,96.53,6.17,23,2025-08-22,RJP_0094,0,2025
2025-08-22 19:00:00+00:00,0.0,24.39,96.5,6.18,0,2025-08-23,RJP_0094,0,2025
2025-08-22 20:00:00+00:00,0.0,24.1,96.58,6.63,1,2025-08-23,RJP_0094,0,2025
2025-08-22 21:00:00+00:00,0.0,23.86,96.36,6.61,2,2025-08-23,RJP_0094,0,2025
2025-08-22 22:00:00+00:00,0.0,23.63,96.33,6.41,3,2025-08-23,RJP_0094,0,2025
2025-08-22 23:00:00+00:00,0.0,23.48,96.37,5.98,4,2025-08-23,RJP_0094,0,2025
2025-08-23 00:00:00+00:00,0.0,23.36,96.49,5.38,5,2025-08-23,RJP_0094,0,2025
2025-08-23 01:00:00+00:00,34.75,23.65,95.79,5.12,6,2025-08-23,RJP_0094,0,2025
2025-08-23 02:00:00+00:00,90.03,24.34,93.97,5.68,7,2025-08-23,RJP_0094,0,2025
2025-08-23 03:00:00+00:00,155.45,25.17,90.42,6.72,8,2025-08-23,RJP_0094,0,2025
2025-08-23 04:00:00+00:00,215.07,26.26,85.33,7.26,9,2025-08-23,RJP_0094,0,2025
2025-08-23 05:00:00+00:00,227.45,27.21,81.45,7.44,10,2025-08-23,RJP_0094,0,2025
2025-08-23 06:00:00+00:00,275.27,28.0,78.8,7.42,11,2025-08-23,RJP_0094,0,2025
2025-08-23 07:00:00+00:00,246.45,28.46,77.99,7.28,12,2025-08-23,RJP_0094,0,2025
2025-08-23 08:00:00+00:00,231.62,28.6,78.54,7.13,13,2025-08-23,RJP_0094,0,2025
2025-08-23 09:00:00+00:00,274.3,28.4,80.95,6.84,14,2025-08-23,RJP_0094,0,2025
2025-08-23 10:00:00+00:00,263.2,27.88,85.05,6.42,15,2025-08-23,RJP_0094,0,2025
2025-08-23 11:00:00+00:00,164.38,27.2,89.83,5.91,16,2025-08-23,RJP_0094,0,2025
2025-08-23 12:00:00+00:00,63.83,26.44,93.66,5.62,17,2025-08-23,RJP_0094,0,2025
2025-08-23 13:00:00+00:00,3.88,25.78,95.84,5.55,18,2025-08-23,RJP_0094,0,2025
2025-08-23 14:00:00+00:00,0.0,25.46,96.36,5.59,19,2025-08-23,RJP_0094,0,2025
2025-08-23 15:00:00+00:00,0.0,25.25,96.34,5.89,20,2025-08-23,RJP_0094,0,2025
2025-08-23 16:00:00+00:00,0.0,25.05,96.44,6.23,21,2025-08-23,RJP_0094,0,2025
2025-08-23 17:00:00+00:00,0.0,24.84,96.42,6.83,22,2025-08-23,RJP_0094,0,2025
2025-08-23 18:00:00+00:00,0.0,24.53,96.41,7.18,23,2025-08-23,RJP_0094,0,2025
2025-08-23 19:00:00+00:00,0.0,24.22,96.47,7.23,0,2025-08-24,RJP_0094,0,2025
2025-08-23 20:00:00+00:00,0.0,23.98,96.41,7.21,1,2025-08-24,RJP_0094,0,2025
2025-08-23 21:00:00+00:00,0.0,23.79,96.45,6.9,2,2025-08-24,RJP_0094,0,2025
2025-08-23 22:00:00+00:00,0.0,23.65,96.56,6.43,3,2025-08-24,RJP_0094,0,2025
2025-08-23 23:00:00+00:00,0.0,23.55,96.51,6.01,4,2025-08-24,RJP_0094,0,2025
2025-08-24 00:00:00+00:00,0.0,23.48,96.57,5.5,5,2025-08-24,RJP_0094,0,2025
2025-08-24 01:00:00+00:00,48.83,23.71,96.14,5.37,6,2025-08-24,RJP_0094,0,2025
2025-08-24 02:00:00+00:00,122.25,24.34,94.67,5.84,7,2025-08-24,RJP_0094,0,2025
2025-08-24 03:00:00+00:00,203.95,25.09,92.36,6.52,8,2025-08-24,RJP_0094,0,2025
2025-08-24 04:00:00+00:00,246.27,26.08,88.48,7.05,9,2025-08-24,RJP_0094,0,2025
2025-08-24 05:00:00+00:00,324.58,27.38,82.78,7.39,10,2025-08-24,RJP_0094,0,2025
2025-08-24 06:00:00+00:00,418.95,28.63,77.55,7.51,11,2025-08-24,RJP_0094,0,2025
2025-08-24 07:00:00+00:00,575.45,29.39,74.62,7.45,12,2025-08-24,RJP_0094,0,2025
2025-08-24 08:00:00+00:00,502.1,29.6,74.26,7.28,13,2025-08-24,RJP_0094,0,2025
2025-08-24 09:00:00+00:00,398.4,29.36,76.04,7.16,14,2025-08-24,RJP_0094,0,2025
2025-08-24 10:00:00+00:00,264.58,28.79,79.35,6.89,15,2025-08-24,RJP_0094,0,2025
2025-08-24 11:00:00+00:00,140.95,27.93,84.71,6.25,16,2025-08-24,RJP_0094,0,2025
2025-08-24 12:00:00+00:00,51.67,26.91,91.02,5.31,17,2025-08-24,RJP_0094,0,2025
2025-08-24 13:00:00+00:00,3.88,26.0,95.25,4.96,18,2025-08-24,RJP_0094,0,2025
2025-08-24 14:00:00+00:00,0.0,25.63,96.31,5.08,19,2025-08-24,RJP_0094,0,2025
2025-08-24 15:00:00+00:00,0.0,25.41,96.55,5.04,20,2025-08-24,RJP_0094,0,2025
2025-08-24 16:00:00+00:00,0.0,25.26,96.12,5.61,21,2025-08-24,RJP_0094,0,2025
2025-08-24 17:00:00+00:00,0.0,25.04,96.13,6.19,22,2025-08-24,RJP_0094,0,2025
2025-08-24 18:00:00+00:00,0.0,24.84,96.33,6.24,23,2025-08-24,RJP_0094,0,2025
2025-08-24 19:00:00+00:00,0.0,24.6,96.27,6.4,0,2025-08-25,RJP_0094,0,2025
2025-08-24 20:00:00+00:00,0.0,24.27,96.25,6.78,1,2025-08-25,RJP_0094,0,2025
2025-08-24 21:00:00+00:00,0.0,23.96,96.25,6.53,2,2025-08-25,RJP_0094,0,2025
2025-08-24 22:00:00+00:00,0.0,23.7,96.35,6.33,3,2025-08-25,RJP_0094,0,2025
2025-08-24 23:00:00+00:00,0.0,23.52,96.31,6.34,4,2025-08-25,RJP_0094,0,2025
2025-08-25 00:00:00+00:00,0.0,23.43,96.23,6.58,5,2025-08-25,RJP_0094,0,2025
2025-08-25 01:00:00+00:00,64.47,23.6,95.81,6.99,6,2025-08-25,RJP_0094,0,2025
2025-08-25 02:00:00+00:00,161.77,24.24,94.54,7.42,7,2025-08-25,RJP_0094,0,2025
2025-08-25 03:00:00+00:00,314.27,25.09,92.13,8.11,8,2025-08-25,RJP_0094,0,2025
2025-08-25 04:00:00+00:00,414.2,26.08,88.69,8.14,9,2025-08-25,RJP_0094,0,2025
2025-08-25 05:00:00+00:00,430.17,27.2,84.35,8.02,10,2025-08-25,RJP_0094,0,2025
2025-08-25 06:00:00+00:00,548.67,28.37,79.39,7.78,11,2025-08-25,RJP_0094,0,2025
2025-08-25 07:00:00+00:00,556.8,28.92,77.29,7.3,12,2025-08-25,RJP_0094,0,2025
2025-08-25 08:00:00+00:00,460.52,28.92,78.15,6.69,13,2025-08-25,RJP_0094,0,2025
2025-08-25 09:00:00+00:00,416.27,28.6,81.21,5.91,14,2025-08-25,RJP_0094,0,2025
2025-08-25 10:00:00+00:00,325.25,28.08,85.54,5.13,15,2025-08-25,RJP_0094,0,2025
2025-08-25 11:00:00+00:00,190.32,27.55,89.54,4.51,16,2025-08-25,RJP_0094,0,2025
2025-08-25 12:00:00+00:00,66.78,26.87,92.54,4.08,17,2025-08-25,RJP_0094,0,2025
2025-08-25 13:00:00+00:00,4.28,26.03,94.79,3.94,18,2025-08-25,RJP_0094,0,2025
2025-08-25 14:00:00+00:00,0.0,25.6,95.65,4.17,19,2025-08-25,RJP_0094,0,2025
2025-08-25 15:00:00+00:00,0.0,25.31,96.49,4.18,20,2025-08-25,RJP_0094,0,2025
2025-08-25 16:00:00+00:00,0.0,25.09,96.98,3.96,21,2025-08-25,RJP_0094,0,2025
2025-08-25 17:00:00+00:00,0.0,24.9,97.13,3.9,22,2025-08-25,RJP_0094,0,2025
2025-08-25 18:00:00+00:00,0.0,24.76,96.56,4.21,23,2025-08-25,RJP_0094,0,2025
2025-08-25 19:00:00+00:00,0.0,24.58,96.97,4.16,0,2025-08-26,RJP_0094,0,2025
2025-08-25 20:00:00+00:00,0.0,24.45,97.09,4.06,1,2025-08-26,RJP_0094,0,2025
2025-08-25 21:00:00+00:00,0.0,24.31,97.23,3.73,2,2025-08-26,RJP_0094,0,2025
2025-08-25 22:00:00+00:00,0.0,24.2,97.32,3.49,3,2025-08-26,RJP_0094,0,2025
2025-08-25 23:00:00+00:00,0.0,24.12,97.28,3.49,4,2025-08-26,RJP_0094,0,2025
2025-08-26 00:00:00+00:00,0.0,24.02,97.36,3.32,5,2025-08-26,RJP_0094,0,2025
2025-08-26 01:00:00+00:00,63.33,24.56,96.06,3.88,6,2025-08-26,RJP_0094,0,2025
2025-08-26 02:00:00+00:00,193.77,25.6,92.94,4.31,7,2025-08-26,RJP_0094,0,2025
2025-08-26 03:00:00+00:00,372.65,26.92,87.78,4.74,8,2025-08-26,RJP_0094,0,2025
2025-08-26 04:00:00+00:00,541.53,28.17,82.36,4.94,9,2025-08-26,RJP_0094,0,2025
2025-08-26 05:00:00+00:00,559.05,29.22,77.85,5.03,10,2025-08-26,RJP_0094,0,2025
2025-08-26 06:00:00+00:00,476.38,30.08,74.2,5.18,11,2025-08-26,RJP_0094,0,2025
2025-08-26 07:00:00+00:00,377.67,30.65,71.77,5.37,12,2025-08-26,RJP_0094,0,2025
2025-08-26 08:00:00+00:00,169.15,30.31,73.23,5.45,13,2025-08-26,RJP_0094,0,2025
2025-08-26 09:00:00+00:00,234.35,29.98,75.2,5.45,14,2025-08-26,RJP_0094,0,2025
2025-08-26 10:00:00+00:00,167.12,29.54,77.46,5.17,15,2025-08-26,RJP_0094,0,2025
2025-08-26 11:00:00+00:00,103.45,28.81,81.4,4.54,16,2025-08-26,RJP_0094,0,2025
2025-08-26 12:00:00+00:00,42.65,27.78,87.53,3.51,17,2025-08-26,RJP_0094,0,2025
2025-08-26 13:00:00+00:00,2.42,26.46,93.34,2.81,18,2025-08-26,RJP_0094,0,2025
2025-08-26 14:00:00+00:00,0.0,25.9,94.68,3.08,19,2025-08-26,RJP_0094,0,2025
2025-08-26 15:00:00+00:00,0.0,25.52,95.68,3.12,20,2025-08-26,RJP_0094,0,2025
2025-08-26 16:00:00+00:00,0.0,25.23,96.46,3.0,21,2025-08-26,RJP_0094,0,2025
2025-08-26 17:00:00+00:00,0.0,24.95,97.06,2.86,22,2025-08-26,RJP_0094,0,2025
2025-08-26 18:00:00+00:00,0.0,24.7,97.46,2.74,23,2025-08-26,RJP_0094,0,2025
2025-08-26 19:00:00+00:00,0.0,24.48,97.66,2.64,0,2025-08-27,RJP_0094,0,2025
2025-08-26 20:00:00+00:00,0.0,24.28,97.78,2.55,1,2025-08-27,RJP_0094,0,2025
2025-08-26 21:00:00+00:00,0.0,24.07,98.02,2.41,2,2025-08-27,RJP_0094,0,2025
2025-08-26 22:00:00+00:00,0.0,23.89,98.16,2.25,3,2025-08-27,RJP_0094,0,2025
2025-08-26 23:00:00+00:00,0.0,23.73,98.3,2.17,4,2025-08-27,RJP_0094,0,2025
2025-08-27 00:00:00+00:00,0.0,23.6,98.28,2.1,5,2025-08-27,RJP_0094,0,2025
2025-08-27 01:00:00+00:00,71.57,24.42,95.85,2.97,6,2025-08-27,RJP_0094,0,2025
2025-08-27 02:00:00+00:00,210.52,25.52,92.2,3.57,7,2025-08-27,RJP_0094,0,2025
2025-08-27 03:00:00+00:00,375.4,27.05,86.17,3.73,8,2025-08-27,RJP_0094,0,2025
2025-08-27 04:00:00+00:00,513.97,28.65,80.23,3.35,9,2025-08-27,RJP_0094,0,2025
2025-08-27 05:00:00+00:00,546.45,29.9,76.08,2.86,10,2025-08-27,RJP_0094,0,2025
2025-08-27 06:00:00+00:00,630.65,30.71,73.19,2.56,11,2025-08-27,RJP_0094,0,2025
2025-08-27 07:00:00+00:00,559.83,31.32,70.87,2.42,12,2025-08-27,RJP_0094,0,2025
2025-08-27 08:00:00+00:00,394.83,31.43,70.06,2.27,13,2025-08-27,RJP_0094,0,2025
2025-08-27 09:00:00+00:00,325.45,31.14,71.41,2.01,14,2025-08-27,RJP_0094,0,2025
2025-08-27 10:00:00+00:00,298.17,30.62,74.51,1.87,15,2025-08-27,RJP_0094,0,2025
2025-08-27 11:00:00+00:00,172.73,30.03,78.78,1.81,16,2025-08-27,RJP_0094,0,2025
2025-08-27 12:00:00+00:00,59.47,29.03,81.97,1.95,17,2025-08-27,RJP_0094,0,2025
2025-08-27 13:00:00+00:00,3.03,27.59,90.48,1.69,18,2025-08-27,RJP_0094,0,2025
2025-08-27 14:00:00+00:00,0.0,26.84,93.18,2.0,19,2025-08-27,RJP_0094,0,2025
2025-08-27 15:00:00+00:00,0.0,26.36,94.54,2.51,20,2025-08-27,RJP_0094,0,2025
2025-08-27 16:00:00+00:00,0.0,26.03,95.53,2.86,21,2025-08-27,RJP_0094,0,2025
2025-08-27 17:00:00+00:00,0.0,25.83,96.1,2.93,22,2025-08-27,RJP_0094,0,2025
2025-08-27 18:00:00+00:00,0.0,25.69,96.35,2.97,23,2025-08-27,RJP_0094,0,2025
2025-08-27 19:00:00+00:00,0.0,25.53,96.71,2.84,0,2025-08-28,RJP_0094,0,2025
2025-08-27 20:00:00+00:00,0.0,25.38,96.96,2.57,1,2025-08-28,RJP_0094,0,2025
2025-08-27 21:00:00+00:00,0.0,25.24,97.31,2.11,2,2025-08-28,RJP_0094,0,2025
2025-08-27 22:00:00+00:00,0.0,25.1,97.66,1.8,3,2025-08-28,RJP_0094,0,2025
2025-08-27 23:00:00+00:00,0.0,24.98,97.67,1.76,4,2025-08-28,RJP_0094,0,2025
2025-08-28 00:00:00+00:00,0.0,24.85,97.64,1.85,5,2025-08-28,RJP_0094,0,2025
2025-08-28 01:00:00+00:00,59.6,25.13,96.55,2.25,6,2025-08-28,RJP_0094,0,2025
2025-08-28 02:00:00+00:00,149.02,25.66,94.24,2.62,7,2025-08-28,RJP_0094,0,2025
2025-08-28 03:00:00+00:00,274.75,26.51,90.74,3.0,8,2025-08-28,RJP_0094,0,2025
2025-08-28 04:00:00+00:00,484.65,27.75,85.81,3.24,9,2025-08-28,RJP_0094,0,2025
2025-08-28 05:00:00+00:00,561.62,29.17,80.23,3.01,10,2025-08-28,RJP_0094,0,2025
2025-08-28 06:00:00+00:00,588.72,30.12,76.34,2.61,11,2025-08-28,RJP_0094,0,2025
2025-08-28 07:00:00+00:00,512.9,30.52,74.49,2.43,12,2025-08-28,RJP_0094,0,2025
2025-08-28 08:00:00+00:00,313.38,30.91,72.96,2.36,13,2025-08-28,RJP_0094,0,2025
2025-08-28 09:00:00+00:00,258.52,30.87,73.76,2.0,14,2025-08-28,RJP_0094,0,2025
2025-08-28 10:00:00+00:00,174.48,30.7,75.55,1.67,15,2025-08-28,RJP_0094,0,2025
2025-08-28 11:00:00+00:00,99.43,30.59,76.89,1.48,16,2025-08-28,RJP_0094,0,2025
2025-08-28 12:00:00+00:00,40.45,29.92,77.73,1.22,17,2025-08-28,RJP_0094,0,2025
2025-08-28 13:00:00+00:00,1.55,28.69,86.4,0.72,18,2025-08-28,RJP_0094,0,2025
2025-08-28 14:00:00+00:00,0.0,28.03,88.26,0.84,19,2025-08-28,RJP_0094,0,2025
2025-08-28 15:00:00+00:00,0.0,27.47,90.74,1.02,20,2025-08-28,RJP_0094,0,2025
2025-08-28 16:00:00+00:00,0.0,26.93,92.48,1.23,21,2025-08-28,RJP_0094,0,2025
2025-08-28 17:00:00+00:00,0.0,26.49,93.62,1.42,22,2025-08-28,RJP_0094,0,2025
2025-08-28 18:00:00+00:00,0.0,26.11,94.58,1.56,23,2025-08-28,RJP_0094,0,2025
2025-08-28 19:00:00+00:00,0.0,25.74,95.58,1.72,0,2025-08-29,RJP_0094,0,2025
2025-08-28 20:00:00+00:00,0.0,25.48,96.15,1.87,1,2025-08-29,RJP_0094,0,2025
2025-08-28 21:00:00+00:00,0.0,25.28,96.49,1.99,2,2025-08-29,RJP_0094,0,2025
2025-08-28 22:00:00+00:00,0.0,25.14,96.71,2.01,3,2025-08-29,RJP_0094,0,2025
2025-08-28 23:00:00+00:00,0.0,25.04,96.96,1.91,4,2025-08-29,RJP_0094,0,2025
2025-08-29 00:00:00+00:00,0.0,24.97,97.19,1.59,5,2025-08-29,RJP_0094,0,2025
2025-08-29 01:00:00+00:00,51.67,25.72,95.31,1.59,6,2025-08-29,RJP_0094,0,2025
2025-08-29 02:00:00+00:00,128.68,26.86,90.19,1.47,7,2025-08-29,RJP_0094,0,2025
2025-08-29 03:00:00+00:00,221.9,28.04,85.03,1.58,8,2025-08-29,RJP_0094,0,2025
2025-08-29 04:00:00+00:00,327.88,29.03,81.04,1.69,9,2025-08-29,RJP_0094,0,2025
2025-08-29 05:00:00+00:00,397.85,29.97,77.61,1.67,10,2025-08-29,RJP_0094,0,2025
2025-08-29 06:00:00+00:00,614.33,30.76,74.82,1.54,11,2025-08-29,RJP_0094,0,2025
2025-08-29 07:00:00+00:00,488.0,31.36,72.75,1.39,12,2025-08-29,RJP_0094,0,2025
2025-08-29 08:00:00+00:00,496.55,31.76,71.33,1.3,13,2025-08-29,RJP_0094,0,2025
2025-08-29 09:00:00+00:00,287.83,31.66,72.06,1.17,14,2025-08-29,RJP_0094,0,2025
2025-08-29 10:00:00+00:00,98.07,31.44,73.94,0.96,15,2025-08-29,RJP_0094,0,2025
2025-08-29 11:00:00+00:00,38.58,31.22,76.13,0.73,16,2025-08-29,RJP_0094,0,2025
2025-08-29 12:00:00+00:00,19.77,30.43,77.09,0.81,17,2025-08-29,RJP_0094,0,2025
2025-08-29 13:00:00+00:00,1.7,29.23,85.42,0.43,18,2025-08-29,RJP_0094,0,2025
2025-08-29 14:00:00+00:00,0.0,28.38,88.66,0.28,19,2025-08-29,RJP_0094,0,2025
2025-08-29 15:00:00+00:00,0.0,27.83,90.54,0.28,20,2025-08-29,RJP_0094,0,2025
2025-08-29 16:00:00+00:00,0.0,27.34,92.07,0.31,21,2025-08-29,RJP_0094,0,2025
2025-08-29 17:00:00+00:00,0.0,26.87,93.79,0.38,22,2025-08-29,RJP_0094,0,2025
2025-08-29 18:00:00+00:00,0.0,26.43,95.29,0.69,23,2025-08-29,RJP_0094,0,2025
2025-08-29 19:00:00+00:00,0.0,25.97,96.64,1.06,0,2025-08-30,RJP_0094,0,2025
2025-08-29 20:00:00+00:00,0.0,25.57,97.46,1.28,1,2025-08-30,RJP_0094,0,2025
2025-08-29 21:00:00+00:00,0.0,25.24,98.0,1.41,2,2025-08-30,RJP_0094,0,2025
2025-08-29 22:00:00+00:00,0.0,25.09,97.97,1.61,3,2025-08-30,RJP_0094,0,2025
2025-08-29 23:00:00+00:00,0.0,24.99,97.72,2.06,4,2025-08-30,RJP_0094,0,2025
2025-08-30 00:00:00+00:00,0.0,24.87,97.67,2.44,5,2025-08-30,RJP_0094,0,2025
2025-08-30 01:00:00+00:00,44.78,25.43,95.99,3.39,6,2025-08-30,RJP_0094,0,2025
2025-08-30 02:00:00+00:00,133.68,26.22,93.37,4.06,7,2025-08-30,RJP_0094,0,2025
2025-08-30 03:00:00+00:00,259.15,27.32,88.4,3.93,8,2025-08-30,RJP_0094,0,2025
2025-08-30 04:00:00+00:00,350.38,28.6,82.4,3.24,9,2025-08-30,RJP_0094,0,2025
2025-08-30 05:00:00+00:00,537.95,29.65,77.88,2.49,10,2025-08-30,RJP_0094,0,2025
2025-08-30 06:00:00+00:00,608.75,30.34,74.97,1.92,11,2025-08-30,RJP_0094,0,2025
2025-08-30 07:00:00+00:00,407.8,30.48,74.07,1.7,12,2025-08-30,RJP_0094,0,2025
2025-08-30 08:00:00+00:00,470.17,30.35,75.05,1.77,13,2025-08-30,RJP_0094,0,2025
2025-08-30 09:00:00+00:00,221.62,30.13,77.05,2.04,14,2025-08-30,RJP_0094,0,2025
2025-08-30 10:00:00+00:00,116.55,29.9,78.64,2.55,15,2025-08-30,RJP_0094,0,2025
2025-08-30 11:00:00+00:00,69.15,29.21,81.52,2.92,16,2025-08-30,RJP_0094,0,2025
2025-08-30 12:00:00+00:00,27.0,28.15,87.76,2.97,17,2025-08-30,RJP_0094,0,2025
2025-08-30 13:00:00+00:00,1.15,27.11,92.98,3.19,18,2025-08-30,RJP_0094,0,2025
2025-08-30 14:00:00+00:00,0.0,26.69,94.41,3.67,19,2025-08-30,RJP_0094,0,2025
2025-08-30 15:00:00+00:00,0.0,26.41,95.51,3.49,20,2025-08-30,RJP_0094,0,2025
2025-08-30 16:00:00+00:00,0.0,26.16,96.45,3.17,21,2025-08-30,RJP_0094,0,2025
2025-08-30 17:00:00+00:00,0.0,25.93,96.88,3.25,22,2025-08-30,RJP_0094,0,2025
2025-08-30 18:00:00+00:00,0.0,25.7,96.93,3.58,23,2025-08-30,RJP_0094,0,2025
2025-08-30 19:00:00+00:00,0.0,25.43,96.82,4.01,0,2025-08-31,RJP_0094,0,2025
2025-08-30 20:00:00+00:00,0.0,25.16,96.65,4.25,1,2025-08-31,RJP_0094,0,2025
2025-08-30 21:00:00+00:00,0.0,24.94,96.57,4.23,2,2025-08-31,RJP_0094,0,2025
2025-08-30 22:00:00+00:00,0.0,24.76,96.68,3.97,3,2025-08-31,RJP_0094,0,2025
2025-08-30 23:00:00+00:00,0.0,24.6,96.98,3.52,4,2025-08-31,RJP_0094,0,2025
2025-08-31 00:00:00+00:00,0.0,24.46,97.29,3.06,5,2025-08-31,RJP_0094,0,2025
2025-08-31 01:00:00+00:00,35.47,24.73,96.6,3.41,6,2025-08-31,RJP_0094,0,2025
2025-08-31 02:00:00+00:00,112.03,25.38,95.18,3.89,7,2025-08-31,RJP_0094,0,2025
2025-08-31 03:00:00+00:00,200.23,26.13,92.9,4.7,8,2025-08-31,RJP_0094,0,2025
2025-08-31 04:00:00+00:00,324.02,26.87,89.79,5.3,9,2025-08-31,RJP_0094,0,2025
2025-08-31 05:00:00+00:00,381.8,27.59,86.53,5.8,10,2025-08-31,RJP_0094,0,2025
2025-08-31 06:00:00+00:00,374.3,28.17,84.04,6.09,11,2025-08-31,RJP_0094,0,2025
2025-08-31 07:00:00+00:00,304.65,28.4,83.25,6.25,12,2025-08-31,RJP_0094,0,2025
2025-08-31 08:00:00+00:00,286.7,28.36,83.96,6.41,13,2025-08-31,RJP_0094,0,2025
2025-08-31 09:00:00+00:00,117.97,28.04,86.27,6.11,14,2025-08-31,RJP_0094,0,2025
2025-08-31 10:00:00+00:00,47.08,27.66,88.99,5.29,15,2025-08-31,RJP_0094,0,2025
2025-08-31 11:00:00+00:00,30.42,27.11,91.97,3.88,16,2025-08-31,RJP_0094,0,2025
2025-08-31 12:00:00+00:00,13.38,26.49,94.95,2.78,17,2025-08-31,RJP_0094,0,2025
2025-08-31 13:00:00+00:00,0.68,25.81,96.77,2.73,18,2025-08-31,RJP_0094,0,2025
2025-08-31 14:00:00+00:00,0.0,25.53,97.07,3.19,19,2025-08-31,RJP_0094,0,2025
2025-08-31 15:00:00+00:00,0.0,25.35,97.25,3.54,20,2025-08-31,RJP_0094,0,2025
2025-08-31 16:00:00+00:00,0.0,25.2,97.21,3.92,21,2025-08-31,RJP_0094,0,2025
2025-08-31 17:00:00+00:00,0.0,25.03,97.2,4.16,22,2025-08-31,RJP_0094,0,2025
2025-08-31 18:00:00+00:00,0.0,24.85,97.15,3.93,23,2025-08-31,RJP_0094,0,2025
2025-08-31 19:00:00+00:00,0.0,24.66,97.32,3.53,0,2025-09-01,RJP_0094,0,2025
2025-08-31 20:00:00+00:00,0.0,24.55,97.16,3.47,1,2025-09-01,RJP_0094,0,2025
2025-08-31 21:00:00+00:00,0.0,24.4,97.15,3.68,2,2025-09-01,RJP_0094,0,2025
2025-08-31 22:00:00+00:00,0.0,24.2,97.28,3.81,3,2025-09-01,RJP_0094,0,2025
2025-08-31 23:00:00+00:00,0.0,24.02,97.28,3.78,4,2025-09-01,RJP_0094,0,2025
2025-09-01 00:00:00+00:00,0.0,23.84,97.39,3.63,5,2025-09-01,RJP_0094,0,2025
2025-09-01 01:00:00+00:00,38.25,24.17,96.48,4.0,6,2025-09-01,RJP_0094,0,2025
2025-09-01 02:00:00+00:00,113.57,24.93,93.69,5.01,7,2025-09-01,RJP_0094,0,2025
2025-09-01 03:00:00+00:00,223.68,26.05,88.28,5.84,8,2025-09-01,RJP_0094,0,2025
2025-09-01 04:00:00+00:00,240.8,27.41,82.04,6.0,9,2025-09-01,RJP_0094,0,2025
2025-09-01 05:00:00+00:00,310.9,28.49,77.82,6.06,10,2025-09-01,RJP_0094,0,2025
2025-09-01 06:00:00+00:00,312.9,29.26,75.23,6.1,11,2025-09-01,RJP_0094,0,2025
2025-09-01 07:00:00+00:00,343.58,29.71,73.82,6.09,12,2025-09-01,RJP_0094,0,2025
2025-09-01 08:00:00+00:00,392.85,29.93,73.12,6.01,13,2025-09-01,RJP_0094,0,2025
2025-09-01 09:00:00+00:00,371.3,29.88,73.21,5.85,14,2025-09-01,RJP_0094,0,2025
2025-09-01 10:00:00+00:00,281.55,29.24,76.23,5.48,15,2025-09-01,RJP_0094,0,2025
2025-09-01 11:00:00+00:00,157.95,28.48,80.86,4.98,16,2025-09-01,RJP_0094,0,2025
2025-09-01 12:00:00+00:00,56.05,27.35,88.1,3.98,17,2025-09-01,RJP_0094,0,2025
2025-09-01 13:00:00+00:00,0.0,25.99,93.57,3.43,18,2025-09-01,RJP_0094,0,2025
2025-09-01 14:00:00+00:00,0.0,25.47,94.94,3.85,19,2025-09-01,RJP_0094,0,2025
2025-09-01 15:00:00+00:00,0.0,25.08,96.05,3.93,20,2025-09-01,RJP_0094,0,2025
2025-09-01 16:00:00+00:00,0.0,24.72,96.77,3.77,21,2025-09-01,RJP_0094,0,2025
2025-09-01 17:00:00+00:00,0.0,24.39,97.17,3.53,22,2025-09-01,RJP_0094,0,2025
2025-09-01 18:00:00+00:00,0.0,24.11,97.32,3.49,23,2025-09-01,RJP_0094,0,2025
2025-09-01 19:00:00+00:00,0.0,23.92,97.31,3.53,0,2025-09-02,RJP_0094,0,2025
2025-09-01 20:00:00+00:00,0.0,23.78,97.26,3.61,1,2025-09-02,RJP_0094,0,2025
2025-09-01 21:00:00+00:00,0.0,23.66,97.26,3.64,2,2025-09-02,RJP_0094,0,2025
2025-09-01 22:00:00+00:00,0.0,23.57,97.13,3.97,3,2025-09-02,RJP_0094,0,2025
2025-09-01 23:00:00+00:00,0.0,23.44,97.2,3.85,4,2025-09-02,RJP_0094,0,2025
2025-09-02 00:00:00+00:00,0.0,23.28,97.29,3.65,5,2025-09-02,RJP_0094,0,2025
2025-09-02 01:00:00+00:00,57.22,23.61,96.31,3.87,6,2025-09-02,RJP_0094,0,2025
2025-09-02 02:00:00+00:00,184.15,24.46,93.12,4.4,7,2025-09-02,RJP_0094,0,2025
2025-09-02 03:00:00+00:00,326.38,25.71,87.59,4.62,8,2025-09-02,RJP_0094,0,2025
2025-09-02 04:00:00+00:00,421.2,27.12,82.07,4.54,9,2025-09-02,RJP_0094,0,2025
2025-09-02 05:00:00+00:00,538.35,28.47,77.9,4.53,10,2025-09-02,RJP_0094,0,2025
2025-09-02 06:00:00+00:00,661.75,29.35,75.21,4.56,11,2025-09-02,RJP_0094,0,2025
2025-09-02 07:00:00+00:00,688.3,29.88,73.5,4.58,12,2025-09-02,RJP_0094,0,2025
2025-09-02 08:00:00+00:00,614.78,30.12,72.58,4.6,13,2025-09-02,RJP_0094,0,2025
2025-09-02 09:00:00+00:00,510.88,30.06,72.64,4.53,14,2025-09-02,RJP_0094,0,2025
2025-09-02 10:00:00+00:00,353.38,29.71,73.99,4.37,15,2025-09-02,RJP_0094,0,2025
2025-09-02 11:00:00+00:00,198.88,28.89,78.42,3.93,16,2025-09-02,RJP_0094,0,2025
2025-09-02 12:00:00+00:00,74.6,27.68,85.12,3.33,17,2025-09-02,RJP_0094,0,2025
2025-09-02 13:00:00+00:00,0.0,26.05,91.91,2.82,18,2025-09-02,RJP_0094,0,2025
2025-09-02 14:00:00+00:00,0.0,25.41,93.12,3.12,19,2025-09-02,RJP_0094,0,2025
2025-09-02 15:00:00+00:00,0.0,24.94,93.96,3.24,20,2025-09-02,RJP_0094,0,2025
2025-09-02 16:00:00+00:00,0.0,24.51,94.76,3.23,21,2025-09-02,RJP_0094,0,2025
2025-09-02 17:00:00+00:00,0.0,24.14,95.32,3.15,22,2025-09-02,RJP_0094,0,2025
2025-09-02 18:00:00+00:00,0.0,23.81,95.87,3.03,23,2025-09-02,RJP_0094,0,2025
2025-09-02 19:00:00+00:00,0.0,23.54,96.24,2.97,0,2025-09-03,RJP_0094,0,2025
2025-09-02 20:00:00+00:00,0.0,23.29,96.65,2.91,1,2025-09-03,RJP_0094,0,2025
2025-09-02 21:00:00+00:00,0.0,23.07,96.93,2.86,2,2025-09-03,RJP_0094,0,2025
2025-09-02 22:00:00+00:00,0.0,22.86,97.45,2.76,3,2025-09-03,RJP_0094,0,2025
2025-09-02 23:00:00+00:00,0.0,22.72,97.69,2.63,4,2025-09-03,RJP_0094,0,2025
2025-09-03 00:00:00+00:00,0.0,22.62,97.71,2.51,5,2025-09-03,RJP_0094,0,2025
2025-09-03 01:00:00+00:00,53.62,23.26,95.9,3.28,6,2025-09-03,RJP_0094,0,2025
2025-09-03 02:00:00+00:00,170.7,24.53,92.79,4.0,7,2025-09-03,RJP_0094,0,2025
2025-09-03 03:00:00+00:00,321.3,26.23,87.47,4.42,8,2025-09-03,RJP_0094,0,2025
2025-09-03 04:00:00+00:00,459.3,27.88,81.7,4.22,9,2025-09-03,RJP_0094,0,2025
2025-09-03 05:00:00+00:00,539.1,29.08,77.7,3.8,10,2025-09-03,RJP_0094,0,2025
2025-09-03 06:00:00+00:00,507.5,29.62,76.43,3.66,11,2025-09-03,RJP_0094,0,2025
2025-09-03 07:00:00+00:00,496.0,29.59,77.16,3.94,12,2025-09-03,RJP_0094,0,2025
2025-09-03 08:00:00+00:00,281.05,29.05,80.39,4.15,13,2025-09-03,RJP_0094,0,2025
2025-09-03 09:00:00+00:00,288.55,28.04,86.67,4.23,14,2025-09-03,RJP_0094,0,2025
2025-09-03 10:00:00+00:00,250.18,27.47,91.87,4.22,15,2025-09-03,RJP_0094,0,2025
2025-09-03 11:00:00+00:00,156.45,27.17,94.49,4.08,16,2025-09-03,RJP_0094,0,2025
2025-09-03 12:00:00+00:00,53.95,26.64,95.12,4.28,17,2025-09-03,RJP_0094,0,2025
2025-09-03 13:00:00+00:00,0.0,25.81,95.74,3.46,18,2025-09-03,RJP_0094,0,2025
2025-09-03 14:00:00+00:00,0.0,25.1,96.87,2.13,19,2025-09-03,RJP_0094,0,2025
2025-09-03 15:00:00+00:00,0.0,24.7,97.13,1.73,20,2025-09-03,RJP_0094,0,2025
2025-09-03 16:00:00+00:00,0.0,24.51,96.94,1.5,21,2025-09-03,RJP_0094,0,2025
2025-09-03 17:00:00+00:00,0.0,24.37,96.91,1.4,22,2025-09-03,RJP_0094,0,2025
2025-09-03 18:00:00+00:00,0.0,24.19,97.43,1.63,23,2025-09-03,RJP_0094,0,2025
2025-09-03 19:00:00+00:00,0.0,24.05,97.76,1.91,0,2025-09-04,RJP_0094,0,2025
2025-09-03 20:00:00+00:00,0.0,23.92,97.97,2.08,1,2025-09-04,RJP_0094,0,2025
2025-09-03 21:00:00+00:00,0.0,23.81,98.02,2.08,2,2025-09-04,RJP_0094,0,2025
2025-09-03 22:00:00+00:00,0.0,23.75,97.96,2.09,3,2025-09-04,RJP_0094,0,2025
2025-09-03 23:00:00+00:00,0.0,23.76,97.82,2.17,4,2025-09-04,RJP_0094,0,2025
2025-09-04 00:00:00+00:00,0.0,23.74,97.71,2.28,5,2025-09-04,RJP_0094,0,2025
2025-09-04 01:00:00+00:00,37.25,24.29,96.42,2.81,6,2025-09-04,RJP_0094,0,2025
2025-09-04 02:00:00+00:00,82.62,25.1,94.25,3.43,7,2025-09-04,RJP_0094,0,2025
2025-09-04 03:00:00+00:00,131.2,26.29,90.03,3.98,8,2025-09-04,RJP_0094,0,2025
2025-09-04 04:00:00+00:00,174.52,27.61,84.75,4.59,9,2025-09-04,RJP_0094,0,2025
2025-09-04 05:00:00+00:00,210.7,28.48,81.38,5.01,10,2025-09-04,RJP_0094,0,2025
2025-09-04 06:00:00+00:00,243.27,28.89,79.75,5.41,11,2025-09-04,RJP_0094,0,2025
2025-09-04 07:00:00+00:00,393.62,29.04,79.3,5.81,12,2025-09-04,RJP_0094,0,2025
2025-09-04 08:00:00+00:00,277.0,28.88,79.99,6.14,13,2025-09-04,RJP_0094,0,2025
2025-09-04 09:00:00+00:00,246.77,28.48,81.86,6.18,14,2025-09-04,RJP_0094,0,2025
2025-09-04 10:00:00+00:00,140.52,27.89,85.22,5.71,15,2025-09-04,RJP_0094,0,2025
2025-09-04 11:00:00+00:00,73.78,27.15,89.7,4.86,16,2025-09-04,RJP_0094,0,2025
2025-09-04 12:00:00+00:00,24.35,26.45,92.87,4.37,17,2025-09-04,RJP_0094,0,2025
2025-09-04 13:00:00+00:00,0.0,25.88,94.46,4.4,18,2025-09-04,RJP_0094,0,2025
2025-09-04 14:00:00+00:00,0.0,25.65,95.25,4.3,19,2025-09-04,RJP_0094,0,2025
2025-09-04 15:00:00+00:00,0.0,25.46,95.73,4.13,20,2025-09-04,RJP_0094,0,2025
2025-09-04 16:00:00+00:00,0.0,25.23,96.09,3.94,21,2025-09-04,RJP_0094,0,2025
2025-09-04 17:00:00+00:00,0.0,24.97,96.37,3.78,22,2025-09-04,RJP_0094,0,2025
2025-09-04 18:00:00+00:00,0.0,24.73,96.61,3.72,23,2025-09-04,RJP_0094,0,2025
2025-09-04 19:00:00+00:00,0.0,24.54,96.78,3.71,0,2025-09-05,RJP_0094,0,2025
2025-09-04 20:00:00+00:00,0.0,24.36,97.01,3.48,1,2025-09-05,RJP_0094,0,2025
2025-09-04 21:00:00+00:00,0.0,24.24,97.05,3.28,2,2025-09-05,RJP_0094,0,2025
2025-09-04 22:00:00+00:00,0.0,24.15,97.09,3.24,3,2025-09-05,RJP_0094,0,2025
2025-09-04 23:00:00+00:00,0.0,24.1,97.01,3.33,4,2025-09-05,RJP_0094,0,2025
2025-09-05 00:00:00+00:00,0.0,24.02,97.03,3.43,5,2025-09-05,RJP_0094,0,2025
2025-09-05 01:00:00+00:00,55.38,24.43,96.26,3.89,6,2025-09-05,RJP_0094,0,2025
2025-09-05 02:00:00+00:00,159.18,25.52,94.16,3.92,7,2025-09-05,RJP_0094,0,2025
2025-09-05 03:00:00+00:00,274.17,27.19,88.55,3.75,8,2025-09-05,RJP_0094,0,2025
2025-09-05 04:00:00+00:00,468.0,28.53,83.17,3.55,9,2025-09-05,RJP_0094,0,2025
2025-09-05 05:00:00+00:00,544.1,29.3,79.85,3.38,10,2025-09-05,RJP_0094,0,2025
2025-09-05 06:00:00+00:00,576.28,29.75,77.94,3.18,11,2025-09-05,RJP_0094,0,2025
2025-09-05 07:00:00+00:00,542.65,30.03,76.51,3.03,12,2025-09-05,RJP_0094,0,2025
2025-09-05 08:00:00+00:00,566.17,30.18,75.67,2.82,13,2025-09-05,RJP_0094,0,2025
2025-09-05 09:00:00+00:00,428.62,30.0,77.8,2.27,14,2025-09-05,RJP_0094,0,2025
2025-09-05 10:00:00+00:00,299.67,29.93,78.67,2.05,15,2025-09-05,RJP_0094,0,2025
2025-09-05 11:00:00+00:00,155.23,29.36,80.97,1.96,16,2025-09-05,RJP_0094,0,2025
2025-09-05 12:00:00+00:00,50.35,28.46,85.39,1.88,17,2025-09-05,RJP_0094,0,2025
2025-09-05 13:00:00+00:00,0.0,27.32,92.14,1.66,18,2025-09-05,RJP_0094,0,2025
2025-09-05 14:00:00+00:00,0.0,26.8,93.81,2.03,19,2025-09-05,RJP_0094,0,2025
2025-09-05 15:00:00+00:00,0.0,26.45,95.42,2.63,20,2025-09-05,RJP_0094,0,2025
2025-09-05 16:00:00+00:00,0.0,26.2,96.52,3.29,21,2025-09-05,RJP_0094,0,2025
2025-09-05 17:00:00+00:00,0.0,26.02,96.9,3.64,22,2025-09-05,RJP_0094,0,2025
2025-09-05 18:00:00+00:00,0.0,25.84,96.92,3.97,23,2025-09-05,RJP_0094,0,2025
2025-09-05 19:00:00+00:00,0.0,25.62,96.89,4.44,0,2025-09-06,RJP_0094,0,2025
2025-09-05 20:00:00+00:00,0.0,25.42,96.86,4.75,1,2025-09-06,RJP_0094,0,2025
2025-09-05 21:00:00+00:00,0.0,25.22,96.88,4.72,2,2025-09-06,RJP_0094,0,2025
2025-09-05 22:00:00+00:00,0.0,25.05,96.89,4.36,3,2025-09-06,RJP_0094,0,2025
2025-09-05 23:00:00+00:00,0.0,24.89,96.95,3.69,4,2025-09-06,RJP_0094,0,2025
2025-09-06 00:00:00+00:00,0.0,24.72,97.21,3.04,5,2025-09-06,RJP_0094,0,2025
2025-09-06 01:00:00+00:00,16.05,24.91,96.8,3.1,6,2025-09-06,RJP_0094,0,2025
2025-09-06 02:00:00+00:00,59.42,25.37,95.44,3.84,7,2025-09-06,RJP_0094,0,2025
2025-09-06 03:00:00+00:00,120.8,25.84,94.65,4.37,8,2025-09-06,RJP_0094,0,2025
2025-09-06 04:00:00+00:00,110.1,26.25,93.43,4.73,9,2025-09-06,RJP_0094,0,2025
2025-09-06 05:00:00+00:00,219.23,26.51,92.42,5.05,10,2025-09-06,RJP_0094,0,2025
2025-09-06 06:00:00+00:00,448.25,26.74,91.55,5.43,11,2025-09-06,RJP_0094,0,2025
2025-09-06 07:00:00+00:00,318.27,26.81,91.71,5.73,12,2025-09-06,RJP_0094,0,2025
2025-09-06 08:00:00+00:00,357.12,26.8,92.4,5.92,13,2025-09-06,RJP_0094,0,2025
2025-09-06 09:00:00+00:00,293.2,26.73,93.08,6.17,14,2025-09-06,RJP_0094,0,2025
2025-09-06 10:00:00+00:00,220.75,26.5,94.08,6.22,15,2025-09-06,RJP_0094,0,2025
2025-09-06 11:00:00+00:00,134.85,26.14,95.01,6.15,16,2025-09-06,RJP_0094,0,2025
2025-09-06 12:00:00+00:00,41.95,25.6,95.84,6.0,17,2025-09-06,RJP_0094,0,2025
2025-09-06 13:00:00+00:00,0.0,25.08,96.39,5.88,18,2025-09-06,RJP_0094,0,2025
2025-09-06 14:00:00+00:00,0.0,24.77,96.74,5.76,19,2025-09-06,RJP_0094,0,2025
2025-09-06 15:00:00+00:00,0.0,24.59,96.8,5.64,20,2025-09-06,RJP_0094,0,2025
2025-09-06 16:00:00+00:00,0.0,24.48,96.91,5.6,21,2025-09-06,RJP_0094,0,2025
2025-09-06 17:00:00+00:00,0.0,24.41,96.86,5.7,22,2025-09-06,RJP_0094,0,2025
2025-09-06 18:00:00+00:00,0.0,24.31,96.86,5.87,23,2025-09-06,RJP_0094,0,2025
2025-09-06 19:00:00+00:00,0.0,24.17,96.73,6.16,0,2025-09-07,RJP_0094,0,2025
2025-09-06 20:00:00+00:00,0.0,23.98,96.72,6.28,1,2025-09-07,RJP_0094,0,2025
2025-09-06 21:00:00+00:00,0.0,23.76,96.68,5.99,2,2025-09-07,RJP_0094,0,2025
2025-09-06 22:00:00+00:00,0.0,23.56,96.9,5.67,3,2025-09-07,RJP_0094,0,2025
2025-09-06 23:00:00+00:00,0.0,23.47,96.79,5.98,4,2025-09-07,RJP_0094,0,2025
2025-09-07 00:00:00+00:00,0.0,23.39,96.78,6.45,5,2025-09-07,RJP_0094,0,2025
2025-09-07 01:00:00+00:00,47.35,23.48,96.47,6.84,6,2025-09-07,RJP_0094,0,2025
2025-09-07 02:00:00+00:00,112.72,23.87,95.9,7.21,7,2025-09-07,RJP_0094,0,2025
2025-09-07 03:00:00+00:00,195.2,24.3,94.7,7.76,8,2025-09-07,RJP_0094,0,2025
2025-09-07 04:00:00+00:00,273.88,24.62,92.42,8.44,9,2025-09-07,RJP_0094,0,2025
2025-09-07 05:00:00+00:00,304.48,24.96,90.3,8.72,10,2025-09-07,RJP_0094,0,2025
2025-09-07 06:00:00+00:00,377.08,25.36,89.03,8.72,11,2025-09-07,RJP_0094,0,2025
2025-09-07 07:00:00+00:00,377.8,25.83,87.79,8.7,12,2025-09-07,RJP_0094,0,2025
2025-09-07 08:00:00+00:00,336.38,26.43,86.43,8.55,13,2025-09-07,RJP_0094,0,2025
2025-09-07 09:00:00+00:00,227.5,26.86,85.63,8.18,14,2025-09-07,RJP_0094,0,2025
2025-09-07 10:00:00+00:00,207.02,26.82,86.47,7.7,15,2025-09-07,RJP_0094,0,2025
2025-09-07 11:00:00+00:00,114.7,26.32,89.52,6.88,16,2025-09-07,RJP_0094,0,2025
2025-09-07 12:00:00+00:00,35.08,25.53,93.4,5.86,17,2025-09-07,RJP_0094,0,2025
2025-09-07 13:00:00+00:00,0.0,24.7,95.97,5.33,18,2025-09-07,RJP_0094,0,2025
2025-09-07 14:00:00+00:00,0.0,24.37,96.86,4.78,19,2025-09-07,RJP_0094,0,2025
2025-09-07 15:00:00+00:00,0.0,24.17,97.04,4.55,20,2025-09-07,RJP_0094,0,2025
2025-09-07 16:00:00+00:00,0.0,24.0,97.1,4.42,21,2025-09-07,RJP_0094,0,2025
2025-09-07 17:00:00+00:00,0.0,23.86,97.08,4.46,22,2025-09-07,RJP_0094,0,2025
2025-09-07 18:00:00+00:00,0.0,23.73,97.18,4.41,23,2025-09-07,RJP_0094,0,2025
2025-09-07 19:00:00+00:00,0.0,23.59,97.17,4.42,0,2025-09-08,RJP_0094,0,2025
2025-09-07 20:00:00+00:00,0.0,23.42,97.17,4.47,1,2025-09-08,RJP_0094,0,2025
2025-09-07 21:00:00+00:00,0.0,23.24,97.12,4.43,2,2025-09-08,RJP_0094,0,2025
2025-09-07 22:00:00+00:00,0.0,23.07,97.15,4.46,3,2025-09-08,RJP_0094,0,2025
2025-09-07 23:00:00+00:00,0.0,22.93,97.14,4.54,4,2025-09-08,RJP_0094,0,2025
2025-09-08 00:00:00+00:00,0.0,22.79,97.15,4.67,5,2025-09-08,RJP_0094,0,2025
2025-09-08 01:00:00+00:00,49.45,23.05,96.57,5.13,6,2025-09-08,RJP_0094,0,2025
2025-09-08 02:00:00+00:00,161.4,23.93,94.44,6.11,7,2025-09-08,RJP_0094,0,2025
2025-09-08 03:00:00+00:00,311.02,25.01,89.98,7.06,8,2025-09-08,RJP_0094,0,2025
2025-09-08 04:00:00+00:00,433.98,26.06,84.69,7.36,9,2025-09-08,RJP_0094,0,2025
2025-09-08 05:00:00+00:00,563.0,26.86,81.5,7.35,10,2025-09-08,RJP_0094,0,2025
2025-09-08 06:00:00+00:00,699.53,27.49,79.43,7.22,11,2025-09-08,RJP_0094,0,2025
2025-09-08 07:00:00+00:00,687.08,27.9,78.07,7.04,12,2025-09-08,RJP_0094,0,2025
2025-09-08 08:00:00+00:00,619.17,28.2,77.15,6.9,13,2025-09-08,RJP_0094,0,2025
2025-09-08 09:00:00+00:00,624.92,28.25,76.85,6.67,14,2025-09-08,RJP_0094,0,2025
2025-09-08 10:00:00+00:00,457.67,27.94,78.08,6.19,15,2025-09-08,RJP_0094,0,2025
2025-09-08 11:00:00+00:00,249.85,27.12,82.54,5.19,16,2025-09-08,RJP_0094,0,2025
2025-09-08 12:00:00+00:00,72.53,26.01,88.98,3.91,17,2025-09-08,RJP_0094,0,2025
2025-09-08 13:00:00+00:00,0.0,24.58,94.68,2.91,18,2025-09-08,RJP_0094,0,2025
2025-09-08 14:00:00+00:00,0.0,24.01,96.16,3.03,19,2025-09-08,RJP_0094,0,2025
2025-09-08 15:00:00+00:00,0.0,23.58,97.13,3.03,20,2025-09-08,RJP_0094,0,2025
2025-09-08 16:00:00+00:00,0.0,23.18,97.82,2.89,21,2025-09-08,RJP_0094,0,2025
2025-09-08 17:00:00+00:00,0.0,22.83,98.16,2.83,22,2025-09-08,RJP_0094,0,2025
2025-09-08 18:00:00+00:00,0.0,22.46,98.4,2.79,23,2025-09-08,RJP_0094,0,2025
2025-09-08 19:00:00+00:00,0.0,22.12,98.42,2.82,0,2025-09-09,RJP_0094,0,2025
2025-09-08 20:00:00+00:00,0.0,21.82,98.28,2.73,1,2025-09-09,RJP_0094,0,2025
2025-09-08 21:00:00+00:00,0.0,21.51,98.4,2.5,2,2025-09-09,RJP_0094,0,2025
2025-09-08 22:00:00+00:00,0.0,21.21,98.71,2.33,3,2025-09-09,RJP_0094,0,2025
2025-09-08 23:00:00+00:00,0.0,20.98,98.82,2.34,4,2025-09-09,RJP_0094,0,2025
2025-09-09 00:00:00+00:00,0.0,20.81,98.86,2.35,5,2025-09-09,RJP_0094,0,2025
2025-09-09 01:00:00+00:00,64.28,21.57,96.1,3.15,6,2025-09-09,RJP_0094,0,2025
2025-09-09 02:00:00+00:00,201.3,22.95,92.33,3.66,7,2025-09-09,RJP_0094,0,2025
2025-09-09 03:00:00+00:00,370.5,24.56,87.02,4.18,8,2025-09-09,RJP_0094,0,2025
2025-09-09 04:00:00+00:00,524.72,25.91,81.92,4.15,9,2025-09-09,RJP_0094,0,2025
2025-09-09 05:00:00+00:00,669.75,26.92,78.41,4.0,10,2025-09-09,RJP_0094,0,2025
2025-09-09 06:00:00+00:00,837.47,27.65,75.71,3.89,11,2025-09-09,RJP_0094,0,2025
2025-09-09 07:00:00+00:00,802.97,28.14,73.65,3.76,12,2025-09-09,RJP_0094,0,2025
2025-09-09 08:00:00+00:00,651.83,28.36,72.5,3.52,13,2025-09-09,RJP_0094,0,2025
2025-09-09 09:00:00+00:00,624.58,28.32,72.04,3.14,14,2025-09-09,RJP_0094,0,2025
2025-09-09 10:00:00+00:00,473.2,27.99,72.87,2.76,15,2025-09-09,RJP_0094,0,2025
2025-09-09 11:00:00+00:00,256.67,27.38,75.66,2.35,16,2025-09-09,RJP_0094,0,2025
2025-09-09 12:00:00+00:00,75.18,26.39,80.94,1.88,17,2025-09-09,RJP_0094,0,2025
2025-09-09 13:00:00+00:00,0.0,24.84,90.49,1.49,18,2025-09-09,RJP_0094,0,2025
2025-09-09 14:00:00+00:00,0.0,24.13,91.07,1.64,19,2025-09-09,RJP_0094,0,2025
2025-09-09 15:00:00+00:00,0.0,23.56,92.4,1.81,20,2025-09-09,RJP_0094,0,2025
2025-09-09 16:00:00+00:00,0.0,23.08,93.76,1.97,21,2025-09-09,RJP_0094,0,2025
2025-09-09 17:00:00+00:00,0.0,22.66,94.87,2.1,22,2025-09-09,RJP_0094,0,2025
2025-09-09 18:00:00+00:00,0.0,22.3,95.95,2.21,23,2025-09-09,RJP_0094,0,2025
2025-09-09 19:00:00+00:00,0.0,21.94,97.34,2.36,0,2025-09-10,RJP_0094,0,2025
2025-09-09 20:00:00+00:00,0.0,21.62,98.98,2.53,1,2025-09-10,RJP_0094,0,2025
2025-09-09 21:00:00+00:00,0.0,21.4,99.74,2.51,2,2025-09-10,RJP_0094,0,2025
2025-09-09 22:00:00+00:00,0.0,21.18,100.0,2.41,3,2025-09-10,RJP_0094,0,2025
2025-09-09 23:00:00+00:00,0.0,20.99,100.0,2.4,4,2025-09-10,RJP_0094,0,2025
2025-09-10 00:00:00+00:00,0.0,20.79,100.0,2.31,5,2025-09-10,RJP_0094,0,2025
2025-09-10 01:00:00+00:00,64.72,21.76,96.86,2.8,6,2025-09-10,RJP_0094,0,2025
2025-09-10 02:00:00+00:00,235.05,23.25,91.12,3.13,7,2025-09-10,RJP_0094,0,2025
2025-09-10 03:00:00+00:00,421.55,24.57,85.0,2.64,8,2025-09-10,RJP_0094,0,2025
2025-09-10 04:00:00+00:00,629.28,25.91,79.87,2.14,9,2025-09-10,RJP_0094,0,2025
2025-09-10 05:00:00+00:00,764.4,27.05,75.99,2.12,10,2025-09-10,RJP_0094,0,2025
2025-09-10 06:00:00+00:00,863.28,27.98,73.34,2.43,11,2025-09-10,RJP_0094,0,2025
2025-09-10 07:00:00+00:00,817.4,28.56,71.54,2.79,12,2025-09-10,RJP_0094,0,2025
2025-09-10 08:00:00+00:00,798.25,28.81,70.57,3.12,13,2025-09-10,RJP_0094,0,2025
2025-09-10 09:00:00+00:00,663.28,28.72,70.53,3.26,14,2025-09-10,RJP_0094,0,2025
2025-09-10 10:00:00+00:00,484.83,28.28,71.61,3.2,15,2025-09-10,RJP_0094,0,2025
2025-09-10 11:00:00+00:00,264.67,27.61,75.66,2.79,16,2025-09-10,RJP_0094,0,2025
2025-09-10 12:00:00+00:00,72.88,26.45,81.49,2.44,17,2025-09-10,RJP_0094,0,2025
2025-09-10 13:00:00+00:00,0.0,24.72,91.03,2.03,18,2025-09-10,RJP_0094,0,2025
2025-09-10 14:00:00+00:00,0.0,24.04,91.96,2.37,19,2025-09-10,RJP_0094,0,2025
2025-09-10 15:00:00+00:00,0.0,23.51,92.76,2.78,20,2025-09-10,RJP_0094,0,2025
2025-09-10 16:00:00+00:00,0.0,23.05,93.65,3.19,21,2025-09-10,RJP_0094,0,2025
2025-09-10 17:00:00+00:00,0.0,22.59,94.77,3.39,22,2025-09-10,RJP_0094,0,2025
2025-09-10 18:00:00+00:00,0.0,22.09,95.69,3.29,23,2025-09-10,RJP_0094,0,2025
2025-09-10 19:00:00+00:00,0.0,21.63,96.35,3.11,0,2025-09-11,RJP_0094,0,2025
2025-09-10 20:00:00+00:00,0.0,21.14,96.92,2.95,1,2025-09-11,RJP_0094,0,2025
2025-09-10 21:00:00+00:00,0.0,20.66,97.64,2.62,2,2025-09-11,RJP_0094,0,2025
2025-09-10 22:00:00+00:00,0.0,20.31,98.16,2.33,3,2025-09-11,RJP_0094,0,2025
2025-09-10 23:00:00+00:00,0.0,20.06,98.48,2.06,4,2025-09-11,RJP_0094,0,2025
2025-09-11 00:00:00+00:00,0.0,19.9,98.79,1.82,5,2025-09-11,RJP_0094,0,2025
2025-09-11 01:00:00+00:00,73.07,20.78,95.37,2.16,6,2025-09-11,RJP_0094,0,2025
2025-09-11 02:00:00+00:00,250.65,22.53,89.53,2.42,7,2025-09-11,RJP_0094,0,2025
2025-09-11 03:00:00+00:00,465.67,24.49,84.34,3.05,8,2025-09-11,RJP_0094,0,2025
2025-09-11 04:00:00+00:00,653.67,25.99,81.08,3.33,9,2025-09-11,RJP_0094,0,2025
2025-09-11 05:00:00+00:00,790.05,27.3,77.24,3.33,10,2025-09-11,RJP_0094,0,2025
2025-09-11 06:00:00+00:00,848.67,28.29,73.98,3.28,11,2025-09-11,RJP_0094,0,2025
2025-09-11 07:00:00+00:00,786.65,28.86,71.67,3.35,12,2025-09-11,RJP_0094,0,2025
2025-09-11 08:00:00+00:00,742.92,29.05,70.46,3.5,13,2025-09-11,RJP_0094,0,2025
2025-09-11 09:00:00+00:00,590.33,29.03,70.04,3.57,14,2025-09-11,RJP_0094,0,2025
2025-09-11 10:00:00+00:00,434.95,28.64,71.27,3.52,15,2025-09-11,RJP_0094,0,2025
2025-09-11 11:00:00+00:00,233.85,27.86,76.14,3.04,16,2025-09-11,RJP_0094,0,2025
2025-09-11 12:00:00+00:00,59.58,26.6,82.54,2.62,17,2025-09-11,RJP_0094,0,2025
2025-09-11 13:00:00+00:00,0.0,24.87,91.36,2.14,18,2025-09-11,RJP_0094,0,2025
2025-09-11 14:00:00+00:00,0.0,24.08,92.73,2.35,19,2025-09-11,RJP_0094,0,2025
2025-09-11 15:00:00+00:00,0.0,23.48,93.8,2.55,20,2025-09-11,RJP_0094,0,2025
2025-09-11 16:00:00+00:00,0.0,23.02,94.77,2.78,21,2025-09-11,RJP_0094,0,2025
2025-09-11 17:00:00+00:00,0.0,22.59,95.79,2.86,22,2025-09-11,RJP_0094,0,2025
2025-09-11 18:00:00+00:00,0.0,22.16,96.85,2.72,23,2025-09-11,RJP_0094,0,2025
2025-09-11 19:00:00+00:00,0.0,21.8,97.72,2.51,0,2025-09-12,RJP_0094,0,2025
2025-09-11 20:00:00+00:00,0.0,21.49,98.53,2.25,1,2025-09-12,RJP_0094,0,2025
2025-09-11 21:00:00+00:00,0.0,21.22,99.18,1.92,2,2025-09-12,RJP_0094,0,2025
2025-09-11 22:00:00+00:00,0.0,21.04,99.38,1.71,3,2025-09-12,RJP_0094,0,2025
2025-09-11 23:00:00+00:00,0.0,20.87,99.48,1.66,4,2025-09-12,RJP_0094,0,2025
2025-09-12 00:00:00+00:00,0.0,20.72,99.65,1.67,5,2025-09-12,RJP_0094,0,2025
2025-09-12 01:00:00+00:00,70.82,21.62,96.14,2.08,6,2025-09-12,RJP_0094,0,2025
2025-09-12 02:00:00+00:00,247.48,23.15,90.93,2.52,7,2025-09-12,RJP_0094,0,2025
2025-09-12 03:00:00+00:00,458.75,25.05,84.12,3.23,8,2025-09-12,RJP_0094,0,2025
2025-09-12 04:00:00+00:00,651.8,26.6,78.9,3.29,9,2025-09-12,RJP_0094,0,2025
2025-09-12 05:00:00+00:00,787.15,27.85,74.91,2.99,10,2025-09-12,RJP_0094,0,2025
2025-09-12 06:00:00+00:00,859.6,28.76,71.94,2.74,11,2025-09-12,RJP_0094,0,2025
2025-09-12 07:00:00+00:00,847.35,29.32,69.82,2.74,12,2025-09-12,RJP_0094,0,2025
2025-09-12 08:00:00+00:00,686.42,29.53,68.29,2.92,13,2025-09-12,RJP_0094,0,2025
2025-09-12 09:00:00+00:00,608.22,29.46,67.89,3.05,14,2025-09-12,RJP_0094,0,2025
2025-09-12 10:00:00+00:00,431.25,29.08,68.87,3.08,15,2025-09-12,RJP_0094,0,2025
2025-09-12 11:00:00+00:00,220.2,28.41,73.25,2.69,16,2025-09-12,RJP_0094,0,2025
2025-09-12 12:00:00+00:00,57.47,27.17,78.77,2.43,17,2025-09-12,RJP_0094,0,2025
2025-09-12 13:00:00+00:00,0.0,25.32,89.36,2.05,18,2025-09-12,RJP_0094,0,2025
2025-09-12 14:00:00+00:00,0.0,24.6,90.37,2.26,19,2025-09-12,RJP_0094,0,2025
2025-09-12 15:00:00+00:00,0.0,24.07,91.3,2.39,20,2025-09-12,RJP_0094,0,2025
2025-09-12 16:00:00+00:00,0.0,23.6,92.31,2.46,21,2025-09-12,RJP_0094,0,2025
2025-09-12 17:00:00+00:00,0.0,23.11,93.55,2.53,22,2025-09-12,RJP_0094,0,2025
2025-09-12 18:00:00+00:00,0.0,22.68,94.65,2.54,23,2025-09-12,RJP_0094,0,2025
2025-09-12 19:00:00+00:00,0.0,22.35,95.5,2.53,0,2025-09-13,RJP_0094,0,2025
2025-09-12 20:00:00+00:00,0.0,22.13,96.11,2.46,1,2025-09-13,RJP_0094,0,2025
2025-09-12 21:00:00+00:00,0.0,21.98,96.49,2.31,2,2025-09-13,RJP_0094,0,2025
2025-09-12 22:00:00+00:00,0.0,21.8,96.84,2.13,3,2025-09-13,RJP_0094,0,2025
2025-09-12 23:00:00+00:00,0.0,21.65,97.04,2.0,4,2025-09-13,RJP_0094,0,2025
2025-09-13 00:00:00+00:00,0.0,21.56,97.08,1.87,5,2025-09-13,RJP_0094,0,2025
2025-09-13 01:00:00+00:00,69.2,22.26,94.8,2.11,6,2025-09-13,RJP_0094,0,2025
2025-09-13 02:00:00+00:00,251.0,23.27,91.08,1.79,7,2025-09-13,RJP_0094,0,2025
2025-09-13 03:00:00+00:00,466.45,25.02,83.36,1.24,8,2025-09-13,RJP_0094,0,2025
2025-09-13 04:00:00+00:00,659.53,26.75,75.1,1.16,9,2025-09-13,RJP_0094,0,2025
2025-09-13 05:00:00+00:00,768.55,27.66,72.15,1.52,10,2025-09-13,RJP_0094,0,2025
2025-09-13 06:00:00+00:00,861.97,28.19,71.04,1.95,11,2025-09-13,RJP_0094,0,2025
2025-09-13 07:00:00+00:00,817.58,28.59,69.58,2.16,12,2025-09-13,RJP_0094,0,2025
2025-09-13 08:00:00+00:00,711.53,28.89,68.64,2.23,13,2025-09-13,RJP_0094,0,2025
2025-09-13 09:00:00+00:00,615.67,28.89,68.89,2.23,14,2025-09-13,RJP_0094,0,2025
2025-09-13 10:00:00+00:00,438.83,28.64,70.44,2.19,15,2025-09-13,RJP_0094,0,2025
2025-09-13 11:00:00+00:00,223.3,28.23,73.85,2.02,16,2025-09-13,RJP_0094,0,2025
2025-09-13 12:00:00+00:00,57.3,27.19,79.37,1.78,17,2025-09-13,RJP_0094,0,2025
2025-09-13 13:00:00+00:00,0.0,25.2,88.49,1.75,18,2025-09-13,RJP_0094,0,2025
2025-09-13 14:00:00+00:00,0.0,24.39,90.32,2.03,19,2025-09-13,RJP_0094,0,2025
2025-09-13 15:00:00+00:00,0.0,23.86,91.68,2.22,20,2025-09-13,RJP_0094,0,2025
2025-09-13 16:00:00+00:00,0.0,23.44,92.84,2.3,21,2025-09-13,RJP_0094,0,2025
2025-09-13 17:00:00+00:00,0.0,23.1,93.78,2.31,22,2025-09-13,RJP_0094,0,2025
2025-09-13 18:00:00+00:00,0.0,22.79,94.75,2.28,23,2025-09-13,RJP_0094,0,2025
2025-09-13 19:00:00+00:00,0.0,22.52,95.54,2.25,0,2025-09-14,RJP_0094,0,2025
2025-09-13 20:00:00+00:00,0.0,22.25,96.5,2.19,1,2025-09-14,RJP_0094,0,2025
2025-09-13 21:00:00+00:00,0.0,21.99,97.25,2.09,2,2025-09-14,RJP_0094,0,2025
2025-09-13 22:00:00+00:00,0.0,21.79,97.69,1.98,3,2025-09-14,RJP_0094,0,2025
2025-09-13 23:00:00+00:00,0.0,21.62,97.97,1.93,4,2025-09-14,RJP_0094,0,2025
2025-09-14 00:00:00+00:00,0.0,21.46,98.15,1.91,5,2025-09-14,RJP_0094,0,2025
2025-09-14 01:00:00+00:00,75.7,22.44,94.75,2.34,6,2025-09-14,RJP_0094,0,2025
2025-09-14 02:00:00+00:00,268.85,24.03,89.66,2.59,7,2025-09-14,RJP_0094,0,2025
2025-09-14 03:00:00+00:00,492.38,26.61,80.54,2.58,8,2025-09-14,RJP_0094,0,2025
2025-09-14 04:00:00+00:00,680.05,28.89,72.96,2.15,9,2025-09-14,RJP_0094,0,2025
2025-09-14 05:00:00+00:00,812.55,30.38,68.74,1.47,10,2025-09-14,RJP_0094,0,2025
2025-09-14 06:00:00+00:00,862.65,31.28,66.02,0.89,11,2025-09-14,RJP_0094,0,2025
2025-09-14 07:00:00+00:00,845.12,31.74,64.39,0.7,12,2025-09-14,RJP_0094,0,2025
2025-09-14 08:00:00+00:00,687.2,31.85,63.88,0.97,13,2025-09-14,RJP_0094,0,2025
2025-09-14 09:00:00+00:00,624.7,31.63,64.32,1.14,14,2025-09-14,RJP_0094,0,2025
2025-09-14 10:00:00+00:00,447.27,31.2,66.38,1.28,15,2025-09-14,RJP_0094,0,2025
2025-09-14 11:00:00+00:00,231.88,30.84,69.4,1.26,16,2025-09-14,RJP_0094,0,2025
2025-09-14 12:00:00+00:00,56.12,29.61,73.36,1.4,17,2025-09-14,RJP_0094,0,2025
2025-09-14 13:00:00+00:00,0.0,27.84,86.28,1.52,18,2025-09-14,RJP_0094,0,2025
2025-09-14 14:00:00+00:00,0.0,26.91,88.63,1.92,19,2025-09-14,RJP_0094,0,2025
2025-09-14 15:00:00+00:00,0.0,26.14,90.72,2.23,20,2025-09-14,RJP_0094,0,2025
2025-09-14 16:00:00+00:00,0.0,25.52,92.32,2.49,21,2025-09-14,RJP_0094,0,2025
2025-09-14 17:00:00+00:00,0.0,25.02,93.75,2.67,22,2025-09-14,RJP_0094,0,2025
2025-09-14 18:00:00+00:00,0.0,24.58,95.07,2.72,23,2025-09-14,RJP_0094,0,2025
2025-09-14 19:00:00+00:00,0.0,24.2,95.95,2.63,0,2025-09-15,RJP_0094,0,2025
2025-09-14 20:00:00+00:00,0.0,23.85,96.54,2.46,1,2025-09-15,RJP_0094,0,2025
2025-09-14 21:00:00+00:00,0.0,23.48,97.26,2.22,2,2025-09-15,RJP_0094,0,2025
2025-09-14 22:00:00+00:00,0.0,23.14,97.76,2.02,3,2025-09-15,RJP_0094,0,2025
2025-09-14 23:00:00+00:00,0.0,22.86,97.98,1.95,4,2025-09-15,RJP_0094,0,2025
2025-09-15 00:00:00+00:00,0.0,22.67,97.71,1.98,5,2025-09-15,RJP_0094,0,2025
2025-09-15 01:00:00+00:00,69.7,23.14,95.0,2.82,6,2025-09-15,RJP_0094,0,2025
2025-09-15 02:00:00+00:00,250.23,23.99,91.47,3.12,7,2025-09-15,RJP_0094,0,2025
2025-09-15 03:00:00+00:00,462.3,25.35,85.72,3.46,8,2025-09-15,RJP_0094,0,2025
2025-09-15 04:00:00+00:00,639.92,26.94,79.98,3.2,9,2025-09-15,RJP_0094,0,2025
2025-09-15 05:00:00+00:00,733.7,28.13,76.53,2.87,10,2025-09-15,RJP_0094,0,2025
2025-09-15 06:00:00+00:00,787.45,28.77,75.35,3.11,11,2025-09-15,RJP_0094,0,2025
2025-09-15 07:00:00+00:00,771.25,29.03,75.06,3.45,12,2025-09-15,RJP_0094,0,2025
2025-09-15 08:00:00+00:00,707.2,29.17,74.88,3.57,13,2025-09-15,RJP_0094,0,2025
2025-09-15 09:00:00+00:00,570.83,29.26,74.55,3.51,14,2025-09-15,RJP_0094,0,2025
2025-09-15 10:00:00+00:00,399.58,29.01,75.34,3.32,15,2025-09-15,RJP_0094,0,2025
2025-09-15 11:00:00+00:00,208.48,28.3,79.58,2.99,16,2025-09-15,RJP_0094,0,2025
2025-09-15 12:00:00+00:00,51.62,27.02,85.64,2.85,17,2025-09-15,RJP_0094,0,2025
2025-09-15 13:00:00+00:00,0.0,25.29,92.09,2.77,18,2025-09-15,RJP_0094,0,2025
2025-09-15 14:00:00+00:00,0.0,24.55,93.15,3.17,19,2025-09-15,RJP_0094,0,2025
2025-09-15 15:00:00+00:00,0.0,23.93,94.33,3.11,20,2025-09-15,RJP_0094,0,2025
2025-09-15 16:00:00+00:00,0.0,23.43,95.01,2.95,21,2025-09-15,RJP_0094,0,2025
2025-09-15 17:00:00+00:00,0.0,22.95,95.77,2.73,22,2025-09-15,RJP_0094,0,2025
2025-09-15 18:00:00+00:00,0.0,22.53,96.41,2.54,23,2025-09-15,RJP_0094,0,2025
2025-09-15 19:00:00+00:00,0.0,22.15,97.13,2.38,0,2025-09-16,RJP_0094,0,2025
2025-09-15 20:00:00+00:00,0.0,21.83,97.66,2.24,1,2025-09-16,RJP_0094,0,2025
2025-09-15 21:00:00+00:00,0.0,21.55,98.25,2.09,2,2025-09-16,RJP_0094,0,2025
2025-09-15 22:00:00+00:00,0.0,21.39,98.56,1.94,3,2025-09-16,RJP_0094,0,2025
2025-09-15 23:00:00+00:00,0.0,21.23,99.02,1.84,4,2025-09-16,RJP_0094,0,2025
2025-09-16 00:00:00+00:00,0.0,21.19,98.89,1.77,5,2025-09-16,RJP_0094,0,2025
2025-09-16 01:00:00+00:00,70.4,22.11,96.96,2.06,6,2025-09-16,RJP_0094,0,2025
2025-09-16 02:00:00+00:00,258.17,23.32,94.15,2.53,7,2025-09-16,RJP_0094,0,2025
2025-09-16 03:00:00+00:00,474.88,24.95,89.95,3.03,8,2025-09-16,RJP_0094,0,2025
2025-09-16 04:00:00+00:00,636.58,26.75,82.99,3.13,9,2025-09-16,RJP_0094,0,2025
2025-09-16 05:00:00+00:00,732.17,28.1,77.28,2.84,10,2025-09-16,RJP_0094,0,2025
2025-09-16 06:00:00+00:00,742.08,28.71,74.92,2.79,11,2025-09-16,RJP_0094,0,2025
2025-09-16 07:00:00+00:00,759.35,28.82,74.43,2.94,12,2025-09-16,RJP_0094,0,2025
2025-09-16 08:00:00+00:00,673.08,28.58,74.92,3.19,13,2025-09-16,RJP_0094,0,2025
2025-09-16 09:00:00+00:00,567.47,28.24,75.9,3.23,14,2025-09-16,RJP_0094,0,2025
2025-09-16 10:00:00+00:00,397.33,28.04,76.45,3.18,15,2025-09-16,RJP_0094,0,2025
2025-09-16 11:00:00+00:00,201.1,27.45,79.58,2.74,16,2025-09-16,RJP_0094,0,2025
2025-09-16 12:00:00+00:00,46.55,26.4,85.21,2.11,17,2025-09-16,RJP_0094,0,2025
2025-09-16 13:00:00+00:00,0.0,25.01,92.43,1.63,18,2025-09-16,RJP_0094,0,2025
2025-09-16 14:00:00+00:00,0.0,24.55,92.7,1.64,19,2025-09-16,RJP_0094,0,2025
2025-09-16 15:00:00+00:00,0.0,24.1,93.05,1.72,20,2025-09-16,RJP_0094,0,2025
2025-09-16 16:00:00+00:00,0.0,23.78,93.89,1.82,21,2025-09-16,RJP_0094,0,2025
2025-09-16 17:00:00+00:00,0.0,23.43,94.65,1.95,22,2025-09-16,RJP_0094,0,2025
2025-09-16 18:00:00+00:00,0.0,23.16,95.21,2.01,23,2025-09-16,RJP_0094,0,2025
2025-09-16 19:00:00+00:00,0.0,22.92,95.78,2.04,0,2025-09-17,RJP_0094,0,2025
2025-09-16 20:00:00+00:00,0.0,22.72,96.27,2.03,1,2025-09-17,RJP_0094,0,2025
2025-09-16 21:00:00+00:00,0.0,22.52,97.08,1.94,2,2025-09-17,RJP_0094,0,2025
2025-09-16 22:00:00+00:00,0.0,22.46,97.49,1.81,3,2025-09-17,RJP_0094,0,2025
2025-09-16 23:00:00+00:00,0.0,22.46,97.92,1.75,4,2025-09-17,RJP_0094,0,2025
2025-09-17 00:00:00+00:00,0.0,22.44,98.36,1.72,5,2025-09-17,RJP_0094,0,2025
2025-09-17 01:00:00+00:00,59.97,23.04,96.48,2.15,6,2025-09-17,RJP_0094,0,2025
2025-09-17 02:00:00+00:00,224.2,24.23,92.66,2.47,7,2025-09-17,RJP_0094,0,2025
2025-09-17 03:00:00+00:00,416.85,25.58,88.2,2.47,8,2025-09-17,RJP_0094,0,2025
2025-09-17 04:00:00+00:00,546.75,26.53,85.2,2.21,9,2025-09-17,RJP_0094,0,2025
2025-09-17 05:00:00+00:00,645.9,27.66,81.19,2.05,10,2025-09-17,RJP_0094,0,2025
2025-09-17 06:00:00+00:00,714.85,28.57,77.38,1.92,11,2025-09-17,RJP_0094,0,2025
2025-09-17 07:00:00+00:00,661.38,29.25,74.37,1.77,12,2025-09-17,RJP_0094,0,2025
2025-09-17 08:00:00+00:00,580.38,29.66,72.53,1.77,13,2025-09-17,RJP_0094,0,2025
2025-09-17 09:00:00+00:00,512.78,29.87,71.64,1.9,14,2025-09-17,RJP_0094,0,2025
2025-09-17 10:00:00+00:00,371.33,29.9,71.99,2.13,15,2025-09-17,RJP_0094,0,2025
2025-09-17 11:00:00+00:00,188.12,29.35,76.58,2.15,16,2025-09-17,RJP_0094,0,2025
2025-09-17 12:00:00+00:00,41.28,28.24,82.8,2.17,17,2025-09-17,RJP_0094,0,2025
2025-09-17 13:00:00+00:00,0.0,26.47,91.46,2.04,18,2025-09-17,RJP_0094,0,2025
2025-09-17 14:00:00+00:00,0.0,25.89,92.44,2.25,19,2025-09-17,RJP_0094,0,2025
2025-09-17 15:00:00+00:00,0.0,25.5,93.18,2.43,20,2025-09-17,RJP_0094,0,2025
2025-09-17 16:00:00+00:00,0.0,25.2,93.74,2.63,21,2025-09-17,RJP_0094,0,2025
2025-09-17 17:00:00+00:00,0.0,24.91,94.21,2.84,22,2025-09-17,RJP_0094,0,2025
2025-09-17 18:00:00+00:00,0.0,24.61,94.66,2.98,23,2025-09-17,RJP_0094,0,2025
2025-09-17 19:00:00+00:00,0.0,24.34,94.95,3.1,0,2025-09-18,RJP_0094,0,2025
2025-09-17 20:00:00+00:00,0.0,24.02,95.5,3.11,1,2025-09-18,RJP_0094,0,2025
2025-09-17 21:00:00+00:00,0.0,23.71,96.3,2.85,2,2025-09-18,RJP_0094,0,2025
2025-09-17 22:00:00+00:00,0.0,23.5,96.83,2.57,3,2025-09-18,RJP_0094,0,2025
2025-09-17 23:00:00+00:00,0.0,23.43,96.9,2.51,4,2025-09-18,RJP_0094,0,2025
2025-09-18 00:00:00+00:00,0.0,23.39,96.93,2.44,5,2025-09-18,RJP_0094,0,2025
2025-09-18 01:00:00+00:00,51.08,23.6,96.27,2.61,6,2025-09-18,RJP_0094,0,2025
2025-09-18 02:00:00+00:00,191.6,24.25,94.23,3.11,7,2025-09-18,RJP_0094,0,2025
2025-09-18 03:00:00+00:00,362.38,25.15,91.42,3.55,8,2025-09-18,RJP_0094,0,2025
2025-09-18 04:00:00+00:00,544.28,26.48,86.01,4.12,9,2025-09-18,RJP_0094,0,2025
2025-09-18 05:00:00+00:00,584.17,27.69,80.78,4.24,10,2025-09-18,RJP_0094,0,2025
2025-09-18 06:00:00+00:00,736.62,28.48,77.48,4.0,11,2025-09-18,RJP_0094,0,2025
2025-09-18 07:00:00+00:00,717.72,29.04,75.41,3.71,12,2025-09-18,RJP_0094,0,2025
2025-09-18 08:00:00+00:00,576.42,29.34,74.19,3.39,13,2025-09-18,RJP_0094,0,2025
2025-09-18 09:00:00+00:00,423.98,29.4,74.36,2.96,14,2025-09-18,RJP_0094,0,2025
2025-09-18 10:00:00+00:00,221.05,29.27,76.58,2.34,15,2025-09-18,RJP_0094,0,2025
2025-09-18 11:00:00+00:00,112.82,28.8,78.44,2.07,16,2025-09-18,RJP_0094,0,2025
2025-09-18 12:00:00+00:00,24.5,27.72,87.2,1.67,17,2025-09-18,RJP_0094,0,2025
2025-09-18 13:00:00+00:00,0.0,26.45,90.12,1.91,18,2025-09-18,RJP_0094,0,2025
2025-09-18 14:00:00+00:00,0.0,25.95,91.39,2.1,19,2025-09-18,RJP_0094,0,2025
2025-09-18 15:00:00+00:00,0.0,25.52,92.36,2.19,20,2025-09-18,RJP_0094,0,2025
2025-09-18 16:00:00+00:00,0.0,25.13,93.32,2.22,21,2025-09-18,RJP_0094,0,2025
2025-09-18 17:00:00+00:00,0.0,24.75,94.33,2.21,22,2025-09-18,RJP_0094,0,2025
2025-09-18 18:00:00+00:00,0.0,24.43,95.13,2.22,23,2025-09-18,RJP_0094,0,2025
2025-09-18 19:00:00+00:00,0.0,24.17,95.69,2.27,0,2025-09-19,RJP_0094,0,2025
2025-09-18 20:00:00+00:00,0.0,23.94,96.21,2.32,1,2025-09-19,RJP_0094,0,2025
2025-09-18 21:00:00+00:00,0.0,23.78,96.76,2.12,2,2025-09-19,RJP_0094,0,2025
2025-09-18 22:00:00+00:00,0.0,23.62,97.3,1.82,3,2025-09-19,RJP_0094,0,2025
2025-09-18 23:00:00+00:00,0.0,23.46,97.65,1.63,4,2025-09-19,RJP_0094,0,2025
2025-09-19 00:00:00+00:00,0.0,23.34,97.73,1.52,5,2025-09-19,RJP_0094,0,2025
2025-09-19 01:00:00+00:00,47.92,23.85,96.6,1.52,6,2025-09-19,RJP_0094,0,2025
2025-09-19 02:00:00+00:00,149.77,24.87,93.14,1.89,7,2025-09-19,RJP_0094,0,2025
2025-09-19 03:00:00+00:00,301.27,26.53,86.92,2.24,8,2025-09-19,RJP_0094,0,2025
2025-09-19 04:00:00+00:00,478.48,28.15,80.62,2.41,9,2025-09-19,RJP_0094,0,2025
2025-09-19 05:00:00+00:00,650.45,29.34,75.92,2.12,10,2025-09-19,RJP_0094,0,2025
2025-09-19 06:00:00+00:00,701.9,30.16,72.32,1.78,11,2025-09-19,RJP_0094,0,2025
2025-09-19 07:00:00+00:00,669.0,30.6,70.08,1.53,12,2025-09-19,RJP_0094,0,2025
2025-09-19 08:00:00+00:00,546.42,30.71,68.86,1.38,13,2025-09-19,RJP_0094,0,2025
2025-09-19 09:00:00+00:00,450.38,30.56,68.52,1.22,14,2025-09-19,RJP_0094,0,2025
2025-09-19 10:00:00+00:00,295.12,30.27,69.19,1.1,15,2025-09-19,RJP_0094,0,2025
2025-09-19 11:00:00+00:00,150.5,30.02,71.81,0.96,16,2025-09-19,RJP_0094,0,2025
2025-09-19 12:00:00+00:00,35.58,29.1,72.98,1.08,17,2025-09-19,RJP_0094,0,2025
2025-09-19 13:00:00+00:00,0.0,27.75,81.54,1.01,18,2025-09-19,RJP_0094,0,2025
2025-09-19 14:00:00+00:00,0.0,27.11,83.13,1.16,19,2025-09-19,RJP_0094,0,2025
2025-09-19 15:00:00+00:00,0.0,26.64,84.63,1.1,20,2025-09-19,RJP_0094,0,2025
2025-09-19 16:00:00+00:00,0.0,26.29,85.35,0.94,21,2025-09-19,RJP_0094,0,2025
2025-09-19 17:00:00+00:00,0.0,25.71,88.5,1.06,22,2025-09-19,RJP_0094,0,2025
2025-09-19 18:00:00+00:00,0.0,24.96,92.41,1.46,23,2025-09-19,RJP_0094,0,2025
2025-09-19 19:00:00+00:00,0.0,24.36,94.59,1.76,0,2025-09-20,RJP_0094,0,2025
2025-09-19 20:00:00+00:00,0.0,23.96,95.6,1.94,1,2025-09-20,RJP_0094,0,2025
2025-09-19 21:00:00+00:00,0.0,23.64,96.48,2.0,2,2025-09-20,RJP_0094,0,2025
2025-09-19 22:00:00+00:00,0.0,23.41,97.2,1.97,3,2025-09-20,RJP_0094,0,2025
2025-09-19 23:00:00+00:00,0.0,23.25,97.59,1.88,4,2025-09-20,RJP_0094,0,2025
2025-09-20 00:00:00+00:00,0.0,23.08,97.95,1.77,5,2025-09-20,RJP_0094,0,2025
2025-09-20 01:00:00+00:00,55.75,23.66,96.54,2.17,6,2025-09-20,RJP_0094,0,2025
2025-09-20 02:00:00+00:00,200.38,24.83,93.62,2.54,7,2025-09-20,RJP_0094,0,2025
2025-09-20 03:00:00+00:00,373.33,26.61,86.74,2.94,8,2025-09-20,RJP_0094,0,2025
2025-09-20 04:00:00+00:00,594.88,28.17,79.96,3.04,9,2025-09-20,RJP_0094,0,2025
2025-09-20 05:00:00+00:00,622.03,29.26,75.85,2.8,10,2025-09-20,RJP_0094,0,2025
2025-09-20 06:00:00+00:00,634.53,29.87,73.63,2.51,11,2025-09-20,RJP_0094,0,2025
2025-09-20 07:00:00+00:00,611.47,30.32,72.01,2.3,12,2025-09-20,RJP_0094,0,2025
2025-09-20 08:00:00+00:00,468.9,30.58,70.79,2.18,13,2025-09-20,RJP_0094,0,2025
2025-09-20 09:00:00+00:00,348.33,30.47,71.17,2.1,14,2025-09-20,RJP_0094,0,2025
2025-09-20 10:00:00+00:00,203.0,30.22,73.49,1.99,15,2025-09-20,RJP_0094,0,2025
2025-09-20 11:00:00+00:00,118.0,29.7,77.36,1.85,16,2025-09-20,RJP_0094,0,2025
2025-09-20 12:00:00+00:00,24.88,28.49,84.05,1.72,17,2025-09-20,RJP_0094,0,2025
2025-09-20 13:00:00+00:00,0.0,27.16,90.41,1.74,18,2025-09-20,RJP_0094,0,2025
2025-09-20 14:00:00+00:00,0.0,26.58,91.79,1.95,19,2025-09-20,RJP_0094,0,2025
2025-09-20 15:00:00+00:00,0.0,26.13,93.23,2.12,20,2025-09-20,RJP_0094,0,2025
2025-09-20 16:00:00+00:00,0.0,25.74,94.36,2.42,21,2025-09-20,RJP_0094,0,2025
2025-09-20 17:00:00+00:00,0.0,25.37,95.35,2.91,22,2025-09-20,RJP_0094,0,2025
2025-09-20 18:00:00+00:00,0.0,25.08,96.35,3.19,23,2025-09-20,RJP_0094,0,2025
2025-09-20 19:00:00+00:00,0.0,24.87,96.75,3.25,0,2025-09-21,RJP_0094,0,2025
2025-09-20 20:00:00+00:00,0.0,24.61,96.59,3.5,1,2025-09-21,RJP_0094,0,2025
2025-09-20 21:00:00+00:00,0.0,24.35,96.5,3.64,2,2025-09-21,RJP_0094,0,2025
2025-09-20 22:00:00+00:00,0.0,24.09,96.82,3.25,3,2025-09-21,RJP_0094,0,2025
2025-09-20 23:00:00+00:00,0.0,23.92,96.95,2.72,4,2025-09-21,RJP_0094,0,2025
2025-09-21 00:00:00+00:00,0.0,23.77,97.1,2.31,5,2025-09-21,RJP_0094,0,2025
2025-09-21 01:00:00+00:00,60.33,23.8,96.86,2.14,6,2025-09-21,RJP_0094,0,2025
2025-09-21 02:00:00+00:00,234.25,24.35,94.99,2.32,7,2025-09-21,RJP_0094,0,2025
2025-09-21 03:00:00+00:00,451.58,25.36,91.21,2.62,8,2025-09-21,RJP_0094,0,2025
2025-09-21 04:00:00+00:00,645.88,26.57,86.57,2.88,9,2025-09-21,RJP_0094,0,2025
2025-09-21 05:00:00+00:00,755.12,27.68,82.19,2.78,10,2025-09-21,RJP_0094,0,2025
2025-09-21 06:00:00+00:00,718.97,28.65,78.93,2.48,11,2025-09-21,RJP_0094,0,2025
2025-09-21 07:00:00+00:00,707.78,29.55,75.81,2.17,12,2025-09-21,RJP_0094,0,2025
2025-09-21 08:00:00+00:00,586.03,30.17,73.47,1.97,13,2025-09-21,RJP_0094,0,2025
2025-09-21 09:00:00+00:00,462.7,30.29,73.13,1.82,14,2025-09-21,RJP_0094,0,2025
2025-09-21 10:00:00+00:00,273.17,30.1,75.06,1.77,15,2025-09-21,RJP_0094,0,2025
2025-09-21 11:00:00+00:00,134.05,29.7,79.04,1.57,16,2025-09-21,RJP_0094,0,2025
2025-09-21 12:00:00+00:00,26.58,28.61,83.75,1.45,17,2025-09-21,RJP_0094,0,2025
2025-09-21 13:00:00+00:00,0.0,27.24,90.38,1.34,18,2025-09-21,RJP_0094,0,2025
2025-09-21 14:00:00+00:00,0.0,26.66,91.45,1.54,19,2025-09-21,RJP_0094,0,2025
2025-09-21 15:00:00+00:00,0.0,26.19,92.19,1.66,20,2025-09-21,RJP_0094,0,2025
2025-09-21 16:00:00+00:00,0.0,25.78,93.15,1.7,21,2025-09-21,RJP_0094,0,2025
2025-09-21 17:00:00+00:00,0.0,25.37,94.35,1.76,22,2025-09-21,RJP_0094,0,2025
2025-09-21 18:00:00+00:00,0.0,24.96,95.59,1.8,23,2025-09-21,RJP_0094,0,2025
2025-09-21 19:00:00+00:00,0.0,24.59,96.45,1.91,0,2025-09-22,RJP_0094,0,2025
2025-09-21 20:00:00+00:00,0.0,24.33,96.71,2.06,1,2025-09-22,RJP_0094,0,2025
2025-09-21 21:00:00+00:00,0.0,24.1,96.96,2.22,2,2025-09-22,RJP_0094,0,2025
2025-09-21 22:00:00+00:00,0.0,23.89,97.17,2.23,3,2025-09-22,RJP_0094,0,2025
2025-09-21 23:00:00+00:00,0.0,23.73,97.27,2.13,4,2025-09-22,RJP_0094,0,2025
2025-09-22 00:00:00+00:00,0.0,23.58,97.44,1.89,5,2025-09-22,RJP_0094,0,2025
2025-09-22 01:00:00+00:00,57.25,23.77,96.58,1.98,6,2025-09-22,RJP_0094,0,2025
2025-09-22 02:00:00+00:00,231.9,24.31,94.54,1.92,7,2025-09-22,RJP_0094,0,2025
2025-09-22 03:00:00+00:00,456.52,25.18,91.04,1.58,8,2025-09-22,RJP_0094,0,2025
2025-09-22 04:00:00+00:00,645.1,26.31,86.48,1.33,9,2025-09-22,RJP_0094,0,2025
2025-09-22 05:00:00+00:00,774.22,27.62,81.82,1.16,10,2025-09-22,RJP_0094,0,2025
2025-09-22 06:00:00+00:00,807.97,28.79,77.49,1.02,11,2025-09-22,RJP_0094,0,2025
2025-09-22 07:00:00+00:00,664.53,29.69,73.89,0.87,12,2025-09-22,RJP_0094,0,2025
2025-09-22 08:00:00+00:00,608.35,30.14,72.12,0.49,13,2025-09-22,RJP_0094,0,2025
2025-09-22 09:00:00+00:00,583.5,29.85,74.1,0.25,14,2025-09-22,RJP_0094,0,2025
2025-09-22 10:00:00+00:00,408.62,29.23,78.11,0.89,15,2025-09-22,RJP_0094,0,2025
2025-09-22 11:00:00+00:00,201.77,28.59,82.86,1.14,16,2025-09-22,RJP_0094,0,2025
2025-09-22 12:00:00+00:00,38.47,27.72,85.96,1.14,17,2025-09-22,RJP_0094,0,2025
2025-09-22 13:00:00+00:00,0.0,26.68,91.71,1.26,18,2025-09-22,RJP_0094,0,2025
2025-09-22 14:00:00+00:00,0.0,26.09,94.38,1.66,19,2025-09-22,RJP_0094,0,2025
2025-09-22 15:00:00+00:00,0.0,25.66,95.9,2.01,20,2025-09-22,RJP_0094,0,2025
2025-09-22 16:00:00+00:00,0.0,25.38,96.63,2.22,21,2025-09-22,RJP_0094,0,2025
2025-09-22 17:00:00+00:00,0.0,25.15,97.05,2.46,22,2025-09-22,RJP_0094,0,2025
2025-09-22 18:00:00+00:00,0.0,24.92,97.36,2.7,23,2025-09-22,RJP_0094,0,2025
2025-09-22 19:00:00+00:00,0.0,24.71,97.42,2.9,0,2025-09-23,RJP_0094,0,2025
2025-09-22 20:00:00+00:00,0.0,24.48,97.38,3.09,1,2025-09-23,RJP_0094,0,2025
2025-09-22 21:00:00+00:00,0.0,24.23,97.11,3.31,2,2025-09-23,RJP_0094,0,2025
2025-09-22 22:00:00+00:00,0.0,23.89,96.54,3.46,3,2025-09-23,RJP_0094,0,2025
2025-09-22 23:00:00+00:00,0.0,23.55,96.46,3.33,4,2025-09-23,RJP_0094,0,2025
2025-09-23 00:00:00+00:00,0.0,23.28,96.28,3.04,5,2025-09-23,RJP_0094,0,2025
2025-09-23 01:00:00+00:00,53.88,23.34,95.74,3.02,6,2025-09-23,RJP_0094,0,2025
2025-09-23 02:00:00+00:00,220.07,23.89,93.94,3.17,7,2025-09-23,RJP_0094,0,2025
2025-09-23 03:00:00+00:00,441.33,24.72,90.56,3.28,8,2025-09-23,RJP_0094,0,2025
2025-09-23 04:00:00+00:00,628.92,26.03,84.74,2.99,9,2025-09-23,RJP_0094,0,2025
2025-09-23 05:00:00+00:00,752.9,27.49,78.2,1.95,10,2025-09-23,RJP_0094,0,2025
2025-09-23 06:00:00+00:00,848.7,28.56,73.62,0.77,11,2025-09-23,RJP_0094,0,2025
2025-09-23 07:00:00+00:00,815.75,29.29,70.78,0.35,12,2025-09-23,RJP_0094,0,2025
2025-09-23 08:00:00+00:00,695.08,29.7,69.43,0.67,13,2025-09-23,RJP_0094,0,2025
2025-09-23 09:00:00+00:00,566.12,29.72,69.29,1.1,14,2025-09-23,RJP_0094,0,2025
2025-09-23 10:00:00+00:00,375.23,29.43,70.69,1.72,15,2025-09-23,RJP_0094,0,2025
2025-09-23 11:00:00+00:00,179.73,28.6,76.68,2.18,16,2025-09-23,RJP_0094,0,2025
2025-09-23 12:00:00+00:00,31.8,27.27,83.25,2.43,17,2025-09-23,RJP_0094,0,2025
2025-09-23 13:00:00+00:00,0.0,25.59,91.6,2.5,18,2025-09-23,RJP_0094,0,2025
2025-09-23 14:00:00+00:00,0.0,24.95,92.8,3.25,19,2025-09-23,RJP_0094,0,2025
2025-09-23 15:00:00+00:00,0.0,24.43,94.7,3.53,20,2025-09-23,RJP_0094,0,2025
2025-09-23 16:00:00+00:00,0.0,24.1,95.96,3.45,21,2025-09-23,RJP_0094,0,2025
2025-09-23 17:00:00+00:00,0.0,23.85,96.37,3.42,22,2025-09-23,RJP_0094,0,2025
2025-09-23 18:00:00+00:00,0.0,23.59,96.61,3.48,23,2025-09-23,RJP_0094,0,2025
2025-09-23 19:00:00+00:00,0.0,23.3,96.99,3.27,0,2025-09-24,RJP_0094,0,2025
2025-09-23 20:00:00+00:00,0.0,23.02,97.08,3.2,1,2025-09-24,RJP_0094,0,2025
2025-09-23 21:00:00+00:00,0.0,22.75,96.94,3.09,2,2025-09-24,RJP_0094,0,2025
2025-09-23 22:00:00+00:00,0.0,22.45,96.86,3.01,3,2025-09-24,RJP_0094,0,2025
2025-09-23 23:00:00+00:00,0.0,22.17,97.18,2.62,4,2025-09-24,RJP_0094,0,2025
2025-09-24 00:00:00+00:00,0.0,21.9,97.56,2.18,5,2025-09-24,RJP_0094,0,2025
2025-09-24 01:00:00+00:00,53.33,22.25,96.08,2.49,6,2025-09-24,RJP_0094,0,2025
2025-09-24 02:00:00+00:00,221.82,23.57,91.65,2.97,7,2025-09-24,RJP_0094,0,2025
2025-09-24 03:00:00+00:00,439.75,25.47,84.0,3.04,8,2025-09-24,RJP_0094,0,2025
2025-09-24 04:00:00+00:00,636.55,27.25,77.01,2.74,9,2025-09-24,RJP_0094,0,2025
2025-09-24 05:00:00+00:00,768.83,28.56,72.88,2.42,10,2025-09-24,RJP_0094,0,2025
2025-09-24 06:00:00+00:00,862.65,29.34,70.94,2.47,11,2025-09-24,RJP_0094,0,2025
2025-09-24 07:00:00+00:00,826.88,29.82,70.1,2.73,12,2025-09-24,RJP_0094,0,2025
2025-09-24 08:00:00+00:00,713.45,30.06,69.56,2.97,13,2025-09-24,RJP_0094,0,2025
2025-09-24 09:00:00+00:00,579.8,30.03,69.7,3.1,14,2025-09-24,RJP_0094,0,2025
2025-09-24 10:00:00+00:00,382.58,29.63,71.78,3.25,15,2025-09-24,RJP_0094,0,2025
2025-09-24 11:00:00+00:00,186.9,28.74,77.42,3.25,16,2025-09-24,RJP_0094,0,2025
2025-09-24 12:00:00+00:00,34.15,27.19,85.15,3.09,17,2025-09-24,RJP_0094,0,2025
2025-09-24 13:00:00+00:00,0.0,25.59,91.21,3.16,18,2025-09-24,RJP_0094,0,2025
2025-09-24 14:00:00+00:00,0.0,24.93,92.42,3.6,19,2025-09-24,RJP_0094,0,2025
2025-09-24 15:00:00+00:00,0.0,24.33,93.54,3.68,20,2025-09-24,RJP_0094,0,2025
2025-09-24 16:00:00+00:00,0.0,23.82,94.1,3.52,21,2025-09-24,RJP_0094,0,2025
2025-09-24 17:00:00+00:00,0.0,23.34,94.61,3.35,22,2025-09-24,RJP_0094,0,2025
2025-09-24 18:00:00+00:00,0.0,22.92,95.18,3.16,23,2025-09-24,RJP_0094,0,2025
2025-09-24 19:00:00+00:00,0.0,22.55,95.81,3.0,0,2025-09-25,RJP_0094,0,2025
2025-09-24 20:00:00+00:00,0.0,22.28,96.17,2.89,1,2025-09-25,RJP_0094,0,2025
2025-09-24 21:00:00+00:00,0.0,22.04,96.58,2.72,2,2025-09-25,RJP_0094,0,2025
2025-09-24 22:00:00+00:00,0.0,21.84,97.01,2.5,3,2025-09-25,RJP_0094,0,2025
2025-09-24 23:00:00+00:00,0.0,21.63,97.53,2.16,4,2025-09-25,RJP_0094,0,2025
2025-09-25 00:00:00+00:00,0.0,21.45,98.06,1.93,5,2025-09-25,RJP_0094,0,2025
2025-09-25 01:00:00+00:00,64.9,21.94,96.04,2.28,6,2025-09-25,RJP_0094,0,2025
2025-09-25 02:00:00+00:00,252.35,23.48,89.97,2.64,7,2025-09-25,RJP_0094,0,2025
2025-09-25 03:00:00+00:00,457.9,25.64,80.78,2.94,8,2025-09-25,RJP_0094,0,2025
2025-09-25 04:00:00+00:00,661.25,27.37,74.38,2.88,9,2025-09-25,RJP_0094,0,2025
2025-09-25 05:00:00+00:00,787.97,28.54,71.11,2.38,10,2025-09-25,RJP_0094,0,2025
2025-09-25 06:00:00+00:00,863.22,29.37,68.85,1.89,11,2025-09-25,RJP_0094,0,2025
2025-09-25 07:00:00+00:00,786.38,29.9,67.38,1.64,12,2025-09-25,RJP_0094,0,2025
2025-09-25 08:00:00+00:00,706.25,30.19,66.5,1.57,13,2025-09-25,RJP_0094,0,2025
2025-09-25 09:00:00+00:00,574.85,30.24,66.09,1.55,14,2025-09-25,RJP_0094,0,2025
2025-09-25 10:00:00+00:00,389.15,30.06,66.36,1.57,15,2025-09-25,RJP_0094,0,2025
2025-09-25 11:00:00+00:00,189.4,29.56,70.65,1.47,16,2025-09-25,RJP_0094,0,2025
2025-09-25 12:00:00+00:00,32.7,28.41,75.73,1.59,17,2025-09-25,RJP_0094,0,2025
2025-09-25 13:00:00+00:00,0.0,26.55,87.09,1.73,18,2025-09-25,RJP_0094,0,2025
2025-09-25 14:00:00+00:00,0.0,25.71,88.97,2.09,19,2025-09-25,RJP_0094,0,2025
2025-09-25 15:00:00+00:00,0.0,25.03,90.2,2.36,20,2025-09-25,RJP_0094,0,2025
2025-09-25 16:00:00+00:00,0.0,24.48,91.3,2.58,21,2025-09-25,RJP_0094,0,2025
2025-09-25 17:00:00+00:00,0.0,24.04,92.36,2.73,22,2025-09-25,RJP_0094,0,2025
2025-09-25 18:00:00+00:00,0.0,23.65,93.54,2.78,23,2025-09-25,RJP_0094,0,2025
2025-09-25 19:00:00+00:00,0.0,23.33,94.53,2.7,0,2025-09-26,RJP_0094,0,2025
2025-09-25 20:00:00+00:00,0.0,23.05,95.22,2.64,1,2025-09-26,RJP_0094,0,2025
2025-09-25 21:00:00+00:00,0.0,22.79,95.82,2.54,2,2025-09-26,RJP_0094,0,2025
2025-09-25 22:00:00+00:00,0.0,22.56,96.34,2.46,3,2025-09-26,RJP_0094,0,2025
2025-09-25 23:00:00+00:00,0.0,22.33,96.78,2.27,4,2025-09-26,RJP_0094,0,2025
2025-09-26 00:00:00+00:00,0.0,22.12,97.0,2.12,5,2025-09-26,RJP_0094,0,2025
2025-09-26 01:00:00+00:00,65.72,22.68,94.78,2.56,6,2025-09-26,RJP_0094,0,2025
2025-09-26 02:00:00+00:00,256.52,24.2,89.48,2.87,7,2025-09-26,RJP_0094,0,2025
2025-09-26 03:00:00+00:00,475.12,26.4,81.35,2.81,8,2025-09-26,RJP_0094,0,2025
2025-09-26 04:00:00+00:00,665.42,28.4,73.66,2.86,9,2025-09-26,RJP_0094,0,2025
2025-09-26 05:00:00+00:00,800.4,29.86,68.4,2.56,10,2025-09-26,RJP_0094,0,2025
2025-09-26 06:00:00+00:00,875.1,30.87,65.19,2.51,11,2025-09-26,RJP_0094,0,2025
2025-09-26 07:00:00+00:00,844.4,31.46,63.6,2.65,12,2025-09-26,RJP_0094,0,2025
2025-09-26 08:00:00+00:00,779.72,31.71,62.85,2.88,13,2025-09-26,RJP_0094,0,2025
2025-09-26 09:00:00+00:00,638.85,31.66,62.95,3.01,14,2025-09-26,RJP_0094,0,2025
2025-09-26 10:00:00+00:00,446.58,31.43,64.39,2.96,15,2025-09-26,RJP_0094,0,2025
2025-09-26 11:00:00+00:00,227.8,30.76,67.24,2.72,16,2025-09-26,RJP_0094,0,2025
2025-09-26 12:00:00+00:00,38.0,28.94,78.03,2.34,17,2025-09-26,RJP_0094,0,2025
2025-09-26 13:00:00+00:00,0.0,27.04,84.19,2.12,18,2025-09-26,RJP_0094,0,2025
2025-09-26 14:00:00+00:00,0.0,26.54,84.13,2.03,19,2025-09-26,RJP_0094,0,2025
2025-09-26 15:00:00+00:00,0.0,26.04,84.72,1.95,20,2025-09-26,RJP_0094,0,2025
2025-09-26 16:00:00+00:00,0.0,25.46,86.02,1.94,21,2025-09-26,RJP_0094,0,2025
2025-09-26 17:00:00+00:00,0.0,24.8,87.9,2.02,22,2025-09-26,RJP_0094,0,2025
2025-09-26 18:00:00+00:00,0.0,24.17,89.64,2.16,23,2025-09-26,RJP_0094,0,2025
2025-09-26 19:00:00+00:00,0.0,23.58,90.99,2.32,0,2025-09-27,RJP_0094,0,2025
2025-09-26 20:00:00+00:00,0.0,23.08,91.62,2.49,1,2025-09-27,RJP_0094,0,2025
2025-09-26 21:00:00+00:00,0.0,22.78,91.45,2.71,2,2025-09-27,RJP_0094,0,2025
2025-09-26 22:00:00+00:00,0.0,22.55,90.78,3.14,3,2025-09-27,RJP_0094,0,2025
2025-09-26 23:00:00+00:00,0.0,22.3,90.32,3.67,4,2025-09-27,RJP_0094,0,2025
2025-09-27 00:00:00+00:00,0.0,21.96,91.05,4.03,5,2025-09-27,RJP_0094,0,2025
2025-09-27 01:00:00+00:00,62.65,22.02,91.24,4.45,6,2025-09-27,RJP_0094,0,2025
2025-09-27 02:00:00+00:00,237.23,23.28,88.29,4.5,7,2025-09-27,RJP_0094,0,2025
2025-09-27 03:00:00+00:00,423.95,25.57,82.52,4.09,8,2025-09-27,RJP_0094,0,2025
2025-09-27 04:00:00+00:00,573.67,28.07,72.33,4.94,9,2025-09-27,RJP_0094,0,2025
2025-09-27 05:00:00+00:00,685.95,29.57,67.66,5.04,10,2025-09-27,RJP_0094,0,2025
2025-09-27 06:00:00+00:00,737.3,30.13,65.9,5.24,11,2025-09-27,RJP_0094,0,2025
2025-09-27 07:00:00+00:00,800.2,29.84,67.07,5.34,12,2025-09-27,RJP_0094,0,2025
2025-09-27 08:00:00+00:00,712.03,29.11,69.91,5.19,13,2025-09-27,RJP_0094,0,2025
2025-09-27 09:00:00+00:00,590.65,28.29,74.03,4.51,14,2025-09-27,RJP_0094,0,2025
2025-09-27 10:00:00+00:00,409.85,27.84,77.55,3.79,15,2025-09-27,RJP_0094,0,2025
2025-09-27 11:00:00+00:00,194.62,27.47,81.63,3.4,16,2025-09-27,RJP_0094,0,2025
2025-09-27 12:00:00+00:00,31.45,26.55,88.62,2.73,17,2025-09-27,RJP_0094,0,2025
2025-09-27 13:00:00+00:00,0.0,25.4,92.45,2.66,18,2025-09-27,RJP_0094,0,2025
2025-09-27 14:00:00+00:00,0.0,25.18,92.85,2.87,19,2025-09-27,RJP_0094,0,2025
2025-09-27 15:00:00+00:00,0.0,24.99,93.41,2.97,20,2025-09-27,RJP_0094,0,2025
2025-09-27 16:00:00+00:00,0.0,24.82,94.07,3.07,21,2025-09-27,RJP_0094,0,2025
2025-09-27 17:00:00+00:00,0.0,24.64,94.66,3.26,22,2025-09-27,RJP_0094,0,2025
2025-09-27 18:00:00+00:00,0.0,24.54,95.24,3.52,23,2025-09-27,RJP_0094,0,2025
2025-09-27 19:00:00+00:00,0.0,24.45,95.8,3.67,0,2025-09-28,RJP_0094,0,2025
2025-09-27 20:00:00+00:00,0.0,24.33,96.38,3.63,1,2025-09-28,RJP_0094,0,2025
2025-09-27 21:00:00+00:00,0.0,24.2,96.48,3.67,2,2025-09-28,RJP_0094,0,2025
2025-09-27 22:00:00+00:00,0.0,24.11,96.34,3.99,3,2025-09-28,RJP_0094,0,2025
2025-09-27 23:00:00+00:00,0.0,24.0,96.19,4.28,4,2025-09-28,RJP_0094,0,2025
2025-09-28 00:00:00+00:00,0.0,23.9,96.04,4.4,5,2025-09-28,RJP_0094,0,2025
2025-09-28 01:00:00+00:00,49.03,23.98,95.87,4.8,6,2025-09-28,RJP_0094,0,2025
2025-09-28 02:00:00+00:00,161.1,24.77,94.68,5.48,7,2025-09-28,RJP_0094,0,2025
2025-09-28 03:00:00+00:00,319.35,26.16,91.31,6.15,8,2025-09-28,RJP_0094,0,2025
2025-09-28 04:00:00+00:00,423.17,27.63,85.95,6.8,9,2025-09-28,RJP_0094,0,2025
2025-09-28 05:00:00+00:00,470.58,28.82,81.01,6.97,10,2025-09-28,RJP_0094,0,2025
2025-09-28 06:00:00+00:00,437.6,29.61,77.27,7.0,11,2025-09-28,RJP_0094,0,2025
2025-09-28 07:00:00+00:00,492.12,29.96,75.09,6.89,12,2025-09-28,RJP_0094,0,2025
2025-09-28 08:00:00+00:00,255.18,30.07,74.44,6.66,13,2025-09-28,RJP_0094,0,2025
2025-09-28 09:00:00+00:00,284.45,29.93,75.46,6.18,14,2025-09-28,RJP_0094,0,2025
2025-09-28 10:00:00+00:00,127.95,29.5,78.68,5.31,15,2025-09-28,RJP_0094,0,2025
2025-09-28 11:00:00+00:00,94.32,28.73,84.04,4.39,16,2025-09-28,RJP_0094,0,2025
2025-09-28 12:00:00+00:00,15.57,27.47,90.53,3.57,17,2025-09-28,RJP_0094,0,2025
2025-09-28 13:00:00+00:00,0.0,26.59,92.89,4.06,18,2025-09-28,RJP_0094,0,2025
2025-09-28 14:00:00+00:00,0.0,26.26,93.96,4.53,19,2025-09-28,RJP_0094,0,2025
2025-09-28 15:00:00+00:00,0.0,25.94,95.29,4.55,20,2025-09-28,RJP_0094,0,2025
2025-09-28 16:00:00+00:00,0.0,25.71,96.02,4.53,21,2025-09-28,RJP_0094,0,2025
2025-09-28 17:00:00+00:00,0.0,25.51,96.41,4.47,22,2025-09-28,RJP_0094,0,2025
2025-09-28 18:00:00+00:00,0.0,25.32,96.64,4.37,23,2025-09-28,RJP_0094,0,2025
2025-09-28 19:00:00+00:00,0.0,25.13,96.76,4.26,0,2025-09-29,RJP_0094,0,2025
2025-09-28 20:00:00+00:00,0.0,24.93,96.78,4.18,1,2025-09-29,RJP_0094,0,2025
2025-09-28 21:00:00+00:00,0.0,24.75,96.73,4.34,2,2025-09-29,RJP_0094,0,2025
2025-09-28 22:00:00+00:00,0.0,24.54,96.76,4.58,3,2025-09-29,RJP_0094,0,2025
2025-09-28 23:00:00+00:00,0.0,24.35,96.69,4.74,4,2025-09-29,RJP_0094,0,2025
2025-09-29 00:00:00+00:00,0.0,24.16,96.78,4.84,5,2025-09-29,RJP_0094,0,2025
2025-09-29 01:00:00+00:00,51.6,24.25,96.42,5.01,6,2025-09-29,RJP_0094,0,2025
2025-09-29 02:00:00+00:00,198.38,25.23,93.84,5.7,7,2025-09-29,RJP_0094,0,2025
2025-09-29 03:00:00+00:00,406.7,26.6,87.28,6.8,8,2025-09-29,RJP_0094,0,2025
2025-09-29 04:00:00+00:00,574.97,28.04,79.96,7.1,9,2025-09-29,RJP_0094,0,2025
2025-09-29 05:00:00+00:00,505.23,29.2,74.96,7.0,10,2025-09-29,RJP_0094,0,2025
2025-09-29 06:00:00+00:00,414.15,29.98,72.16,6.67,11,2025-09-29,RJP_0094,0,2025
2025-09-29 07:00:00+00:00,383.55,30.46,70.62,6.25,12,2025-09-29,RJP_0094,0,2025
2025-09-29 08:00:00+00:00,372.98,30.61,70.17,5.83,13,2025-09-29,RJP_0094,0,2025
2025-09-29 09:00:00+00:00,353.12,30.33,71.51,5.36,14,2025-09-29,RJP_0094,0,2025
2025-09-29 10:00:00+00:00,232.25,29.75,74.4,4.77,15,2025-09-29,RJP_0094,0,2025
2025-09-29 11:00:00+00:00,112.95,29.01,78.95,3.92,16,2025-09-29,RJP_0094,0,2025
2025-09-29 12:00:00+00:00,16.75,27.67,87.49,2.62,17,2025-09-29,RJP_0094,0,2025
2025-09-29 13:00:00+00:00,0.0,26.29,92.13,2.41,18,2025-09-29,RJP_0094,0,2025
2025-09-29 14:00:00+00:00,0.0,25.84,92.82,2.62,19,2025-09-29,RJP_0094,0,2025
2025-09-29 15:00:00+00:00,0.0,25.44,93.71,2.68,20,2025-09-29,RJP_0094,0,2025
2025-09-29 16:00:00+00:00,0.0,25.1,94.19,2.82,21,2025-09-29,RJP_0094,0,2025
2025-09-29 17:00:00+00:00,0.0,24.72,95.57,2.67,22,2025-09-29,RJP_0094,0,2025
2025-09-29 18:00:00+00:00,0.0,24.33,96.67,2.68,23,2025-09-29,RJP_0094,0,2025
2025-09-29 19:00:00+00:00,0.0,24.0,96.83,3.03,0,2025-09-30,RJP_0094,0,2025
2025-09-29 20:00:00+00:00,0.0,23.56,96.77,3.17,1,2025-09-30,RJP_0094,0,2025
2025-09-29 21:00:00+00:00,0.0,23.14,96.76,3.12,2,2025-09-30,RJP_0094,0,2025
2025-09-29 22:00:00+00:00,0.0,22.8,96.8,2.92,3,2025-09-30,RJP_0094,0,2025
2025-09-29 23:00:00+00:00,0.0,22.48,97.0,2.72,4,2025-09-30,RJP_0094,0,2025
2025-09-30 00:00:00+00:00,0.0,22.19,97.19,2.61,5,2025-09-30,RJP_0094,0,2025
2025-09-30 01:00:00+00:00,48.72,22.28,96.22,3.08,6,2025-09-30,RJP_0094,0,2025
2025-09-30 02:00:00+00:00,150.82,23.11,92.05,3.97,7,2025-09-30,RJP_0094,0,2025
2025-09-30 03:00:00+00:00,277.6,24.4,86.07,4.15,8,2025-09-30,RJP_0094,0,2025
2025-09-30 04:00:00+00:00,398.58,25.86,80.27,4.25,9,2025-09-30,RJP_0094,0,2025
2025-09-30 05:00:00+00:00,451.65,27.12,76.19,4.47,10,2025-09-30,RJP_0094,0,2025
2025-09-30 06:00:00+00:00,500.0,27.83,74.35,4.72,11,2025-09-30,RJP_0094,0,2025
2025-09-30 07:00:00+00:00,513.22,27.75,74.61,4.94,12,2025-09-30,RJP_0094,0,2025
2025-09-30 08:00:00+00:00,426.1,27.3,76.26,5.08,13,2025-09-30,RJP_0094,0,2025
2025-09-30 09:00:00+00:00,416.52,26.66,78.54,4.99,14,2025-09-30,RJP_0094,0,2025
2025-09-30 10:00:00+00:00,275.45,25.95,81.8,4.55,15,2025-09-30,RJP_0094,0,2025
2025-09-30 11:00:00+00:00,141.1,25.28,85.71,3.86,16,2025-09-30,RJP_0094,0,2025
2025-09-30 12:00:00+00:00,23.02,24.51,91.52,2.62,17,2025-09-30,RJP_0094,0,2025
2025-09-30 13:00:00+00:00,0.0,23.83,95.55,2.02,18,2025-09-30,RJP_0094,0,2025
2025-09-30 14:00:00+00:00,0.0,23.67,96.14,2.13,19,2025-09-30,RJP_0094,0,2025
2025-09-30 15:00:00+00:00,0.0,23.54,96.28,2.53,20,2025-09-30,RJP_0094,0,2025
2025-09-30 16:00:00+00:00,0.0,23.29,96.96,2.81,21,2025-09-30,RJP_0094,0,2025
2025-09-30 17:00:00+00:00,0.0,22.97,97.24,3.12,22,2025-09-30,RJP_0094,0,2025
2025-09-30 18:00:00+00:00,0.0,22.57,97.21,3.16,23,2025-09-30,RJP_0094,0,2025
2025-09-30 19:00:00+00:00,0.0,22.2,97.46,3.15,0,2025-10-01,RJP_0094,0,2025
2025-09-30 20:00:00+00:00,0.0,21.92,97.74,3.01,1,2025-10-01,RJP_0094,0,2025
2025-09-30 21:00:00+00:00,0.0,21.7,98.16,2.39,2,2025-10-01,RJP_0094,0,2025
2025-09-30 22:00:00+00:00,0.0,21.51,98.62,1.78,3,2025-10-01,RJP_0094,0,2025
2025-09-30 23:00:00+00:00,0.0,21.33,98.98,1.61,4,2025-10-01,RJP_0094,0,2025
2025-10-01 00:00:00+00:00,0.0,21.1,99.59,1.7,5,2025-10-01,RJP_0094,0,2025
2025-10-01 01:00:00+00:00,55.22,21.62,97.59,2.15,6,2025-10-01,RJP_0094,0,2025
2025-10-01 02:00:00+00:00,213.7,23.19,91.12,3.04,7,2025-10-01,RJP_0094,0,2025
2025-10-01 03:00:00+00:00,389.7,24.79,83.72,3.38,8,2025-10-01,RJP_0094,0,2025
2025-10-01 04:00:00+00:00,454.6,26.2,77.88,3.46,9,2025-10-01,RJP_0094,0,2025
2025-10-01 05:00:00+00:00,484.33,27.38,73.89,3.4,10,2025-10-01,RJP_0094,0,2025
2025-10-01 06:00:00+00:00,541.15,28.18,71.39,3.33,11,2025-10-01,RJP_0094,0,2025
2025-10-01 07:00:00+00:00,540.95,28.69,70.17,3.24,12,2025-10-01,RJP_0094,0,2025
2025-10-01 08:00:00+00:00,554.65,28.91,69.65,3.1,13,2025-10-01,RJP_0094,0,2025
2025-10-01 09:00:00+00:00,518.45,28.94,69.69,2.95,14,2025-10-01,RJP_0094,0,2025
2025-10-01 10:00:00+00:00,346.58,28.65,70.72,2.75,15,2025-10-01,RJP_0094,0,2025
2025-10-01 11:00:00+00:00,172.45,27.96,75.17,2.42,16,2025-10-01,RJP_0094,0,2025
2025-10-01 12:00:00+00:00,25.8,26.67,83.63,1.97,17,2025-10-01,RJP_0094,0,2025
2025-10-01 13:00:00+00:00,0.0,25.04,91.6,1.82,18,2025-10-01,RJP_0094,0,2025
2025-10-01 14:00:00+00:00,0.0,24.54,92.57,1.9,19,2025-10-01,RJP_0094,0,2025
2025-10-01 15:00:00+00:00,0.0,24.15,93.5,1.9,20,2025-10-01,RJP_0094,0,2025
2025-10-01 16:00:00+00:00,0.0,23.8,94.32,1.88,21,2025-10-01,RJP_0094,0,2025
2025-10-01 17:00:00+00:00,0.0,23.41,95.4,1.89,22,2025-10-01,RJP_0094,0,2025
2025-10-01 18:00:00+00:00,0.0,23.02,96.46,1.9,23,2025-10-01,RJP_0094,0,2025
2025-10-01 19:00:00+00:00,0.0,22.63,98.01,1.89,0,2025-10-02,RJP_0094,0,2025
2025-10-01 20:00:00+00:00,0.0,22.28,99.74,1.85,1,2025-10-02,RJP_0094,0,2025
2025-10-01 21:00:00+00:00,0.0,22.1,100.0,1.75,2,2025-10-02,RJP_0094,0,2025
2025-10-01 22:00:00+00:00,0.0,21.94,100.0,1.64,3,2025-10-02,RJP_0094,0,2025
2025-10-01 23:00:00+00:00,0.0,21.87,100.0,1.52,4,2025-10-02,RJP_0094,0,2025
2025-10-02 00:00:00+00:00,0.0,21.87,99.32,1.39,5,2025-10-02,RJP_0094,0,2025
2025-10-02 01:00:00+00:00,45.38,22.54,97.05,1.28,6,2025-10-02,RJP_0094,0,2025
2025-10-02 02:00:00+00:00,191.9,24.17,89.79,1.62,7,2025-10-02,RJP_0094,0,2025
2025-10-02 03:00:00+00:00,394.27,25.83,82.5,1.74,8,2025-10-02,RJP_0094,0,2025
2025-10-02 04:00:00+00:00,625.1,27.24,76.88,1.57,9,2025-10-02,RJP_0094,0,2025
2025-10-02 05:00:00+00:00,746.17,28.33,72.81,1.27,10,2025-10-02,RJP_0094,0,2025
2025-10-02 06:00:00+00:00,713.8,29.26,69.36,0.98,11,2025-10-02,RJP_0094,0,2025
2025-10-02 07:00:00+00:00,730.25,29.82,67.07,0.81,12,2025-10-02,RJP_0094,0,2025
2025-10-02 08:00:00+00:00,704.75,30.14,65.69,0.72,13,2025-10-02,RJP_0094,0,2025
2025-10-02 09:00:00+00:00,573.7,30.15,65.45,0.69,14,2025-10-02,RJP_0094,0,2025
2025-10-02 10:00:00+00:00,383.0,29.76,66.82,0.84,15,2025-10-02,RJP_0094,0,2025
2025-10-02 11:00:00+00:00,180.48,29.09,71.52,1.03,16,2025-10-02,RJP_0094,0,2025
2025-10-02 12:00:00+00:00,23.25,27.99,77.23,1.26,17,2025-10-02,RJP_0094,0,2025
2025-10-02 13:00:00+00:00,0.0,26.3,88.76,1.46,18,2025-10-02,RJP_0094,0,2025
2025-10-02 14:00:00+00:00,0.0,25.53,90.16,1.83,19,2025-10-02,RJP_0094,0,2025
2025-10-02 15:00:00+00:00,0.0,24.9,91.77,1.99,20,2025-10-02,RJP_0094,0,2025
2025-10-02 16:00:00+00:00,0.0,24.41,93.01,2.07,21,2025-10-02,RJP_0094,0,2025
2025-10-02 17:00:00+00:00,0.0,23.99,94.05,2.19,22,2025-10-02,RJP_0094,0,2025
2025-10-02 18:00:00+00:00,0.0,23.66,94.73,2.44,23,2025-10-02,RJP_0094,0,2025
2025-10-02 19:00:00+00:00,0.0,23.4,95.38,2.73,0,2025-10-03,RJP_0094,0,2025
2025-10-02 20:00:00+00:00,0.0,23.18,96.17,2.71,1,2025-10-03,RJP_0094,0,2025
2025-10-02 21:00:00+00:00,0.0,23.0,96.77,2.45,2,2025-10-03,RJP_0094,0,2025
2025-10-02 22:00:00+00:00,0.0,22.77,97.46,2.09,3,2025-10-03,RJP_0094,0,2025
2025-10-02 23:00:00+00:00,0.0,22.52,98.07,1.81,4,2025-10-03,RJP_0094,0,2025
2025-10-03 00:00:00+00:00,0.0,22.29,98.64,1.68,5,2025-10-03,RJP_0094,0,2025
2025-10-03 01:00:00+00:00,52.47,22.75,96.7,1.98,6,2025-10-03,RJP_0094,0,2025
2025-10-03 02:00:00+00:00,231.85,24.28,90.25,2.47,7,2025-10-03,RJP_0094,0,2025
2025-10-03 03:00:00+00:00,444.42,26.12,82.2,2.22,8,2025-10-03,RJP_0094,0,2025
2025-10-03 04:00:00+00:00,637.88,27.64,76.39,1.79,9,2025-10-03,RJP_0094,0,2025
2025-10-03 05:00:00+00:00,752.12,28.78,73.02,1.44,10,2025-10-03,RJP_0094,0,2025
2025-10-03 06:00:00+00:00,723.45,29.54,70.95,1.33,11,2025-10-03,RJP_0094,0,2025
2025-10-03 07:00:00+00:00,650.83,29.99,69.81,1.42,12,2025-10-03,RJP_0094,0,2025
2025-10-03 08:00:00+00:00,483.55,30.15,69.44,1.6,13,2025-10-03,RJP_0094,0,2025
2025-10-03 09:00:00+00:00,418.23,29.85,70.95,1.94,14,2025-10-03,RJP_0094,0,2025
2025-10-03 10:00:00+00:00,263.88,29.15,75.27,2.6,15,2025-10-03,RJP_0094,0,2025
2025-10-03 11:00:00+00:00,118.28,28.04,82.23,3.22,16,2025-10-03,RJP_0094,0,2025
2025-10-03 12:00:00+00:00,14.15,26.43,89.78,3.76,17,2025-10-03,RJP_0094,0,2025
2025-10-03 13:00:00+00:00,0.0,25.22,95.23,4.07,18,2025-10-03,RJP_0094,0,2025
2025-10-03 14:00:00+00:00,0.0,24.72,95.73,4.31,19,2025-10-03,RJP_0094,0,2025
2025-10-03 15:00:00+00:00,0.0,24.35,95.89,4.42,20,2025-10-03,RJP_0094,0,2025
2025-10-03 16:00:00+00:00,0.0,23.98,96.06,4.38,21,2025-10-03,RJP_0094,0,2025
2025-10-03 17:00:00+00:00,0.0,23.63,96.36,4.13,22,2025-10-03,RJP_0094,0,2025
2025-10-03 18:00:00+00:00,0.0,23.31,96.5,3.92,23,2025-10-03,RJP_0094,0,2025
2025-10-03 19:00:00+00:00,0.0,23.02,96.63,3.74,0,2025-10-04,RJP_0094,0,2025
2025-10-03 20:00:00+00:00,0.0,22.77,96.99,3.54,1,2025-10-04,RJP_0094,0,2025
2025-10-03 21:00:00+00:00,0.0,22.62,97.01,3.37,2,2025-10-04,RJP_0094,0,2025
2025-10-03 22:00:00+00:00,0.0,22.49,97.15,3.12,3,2025-10-04,RJP_0094,0,2025
2025-10-03 23:00:00+00:00,0.0,22.39,97.22,2.99,4,2025-10-04,RJP_0094,0,2025
2025-10-04 00:00:00+00:00,0.0,22.33,97.02,3.21,5,2025-10-04,RJP_0094,0,2025
2025-10-04 01:00:00+00:00,47.55,22.52,96.82,3.5,6,2025-10-04,RJP_0094,0,2025
2025-10-04 02:00:00+00:00,184.5,23.53,94.89,3.98,7,2025-10-04,RJP_0094,0,2025
2025-10-04 03:00:00+00:00,361.4,25.01,90.55,4.51,8,2025-10-04,RJP_0094,0,2025
2025-10-04 04:00:00+00:00,567.75,26.57,84.19,4.49,9,2025-10-04,RJP_0094,0,2025
2025-10-04 05:00:00+00:00,680.47,27.96,79.3,4.23,10,2025-10-04,RJP_0094,0,2025
2025-10-04 06:00:00+00:00,730.85,29.0,75.87,4.07,11,2025-10-04,RJP_0094,0,2025
2025-10-04 07:00:00+00:00,667.8,29.62,73.52,4.03,12,2025-10-04,RJP_0094,0,2025
2025-10-04 08:00:00+00:00,529.33,29.86,72.18,4.07,13,2025-10-04,RJP_0094,0,2025
2025-10-04 09:00:00+00:00,333.85,29.54,73.69,4.09,14,2025-10-04,RJP_0094,0,2025
2025-10-04 10:00:00+00:00,216.95,28.87,77.28,4.27,15,2025-10-04,RJP_0094,0,2025
2025-10-04 11:00:00+00:00,107.53,27.86,82.83,4.26,16,2025-10-04,RJP_0094,0,2025
2025-10-04 12:00:00+00:00,12.4,26.47,89.1,4.03,17,2025-10-04,RJP_0094,0,2025
2025-10-04 13:00:00+00:00,0.0,25.36,92.29,4.4,18,2025-10-04,RJP_0094,0,2025
2025-10-04 14:00:00+00:00,0.0,24.79,93.22,4.73,19,2025-10-04,RJP_0094,0,2025
2025-10-04 15:00:00+00:00,0.0,24.29,94.0,4.66,20,2025-10-04,RJP_0094,0,2025
2025-10-04 16:00:00+00:00,0.0,23.85,94.61,4.31,21,2025-10-04,RJP_0094,0,2025
2025-10-04 17:00:00+00:00,0.0,23.43,95.48,3.75,22,2025-10-04,RJP_0094,0,2025
2025-10-04 18:00:00+00:00,0.0,23.0,96.38,3.22,23,2025-10-04,RJP_0094,0,2025
2025-10-04 19:00:00+00:00,0.0,22.61,97.04,3.01,0,2025-10-05,RJP_0094,0,2025
2025-10-04 20:00:00+00:00,0.0,22.27,97.48,2.91,1,2025-10-05,RJP_0094,0,2025
2025-10-04 21:00:00+00:00,0.0,22.0,97.8,2.79,2,2025-10-05,RJP_0094,0,2025
2025-10-04 22:00:00+00:00,0.0,21.78,98.04,2.71,3,2025-10-05,RJP_0094,0,2025
2025-10-04 23:00:00+00:00,0.0,21.63,98.32,2.63,4,2025-10-05,RJP_0094,0,2025
2025-10-05 00:00:00+00:00,0.0,21.53,98.54,2.54,5,2025-10-05,RJP_0094,0,2025
2025-10-05 01:00:00+00:00,49.15,21.95,97.27,2.92,6,2025-10-05,RJP_0094,0,2025
2025-10-05 02:00:00+00:00,197.88,23.47,93.22,3.84,7,2025-10-05,RJP_0094,0,2025
2025-10-05 03:00:00+00:00,354.27,25.31,87.55,4.5,8,2025-10-05,RJP_0094,0,2025
2025-10-05 04:00:00+00:00,538.8,26.89,81.06,4.47,9,2025-10-05,RJP_0094,0,2025
2025-10-05 05:00:00+00:00,652.2,27.99,76.59,4.41,10,2025-10-05,RJP_0094,0,2025
2025-10-05 06:00:00+00:00,675.5,28.67,74.07,4.63,11,2025-10-05,RJP_0094,0,2025
2025-10-05 07:00:00+00:00,653.28,29.19,72.02,4.99,12,2025-10-05,RJP_0094,0,2025
2025-10-05 08:00:00+00:00,580.42,29.36,70.94,5.27,13,2025-10-05,RJP_0094,0,2025
2025-10-05 09:00:00+00:00,446.4,29.2,71.13,5.37,14,2025-10-05,RJP_0094,0,2025
2025-10-05 10:00:00+00:00,282.45,28.63,73.73,5.26,15,2025-10-05,RJP_0094,0,2025
2025-10-05 11:00:00+00:00,126.68,27.59,79.8,4.81,16,2025-10-05,RJP_0094,0,2025
2025-10-05 12:00:00+00:00,15.5,26.05,88.99,3.7,17,2025-10-05,RJP_0094,0,2025
2025-10-05 13:00:00+00:00,0.0,24.68,93.76,3.54,18,2025-10-05,RJP_0094,0,2025
2025-10-05 14:00:00+00:00,0.0,24.09,94.92,3.66,19,2025-10-05,RJP_0094,0,2025
2025-10-05 15:00:00+00:00,0.0,23.63,95.4,3.64,20,2025-10-05,RJP_0094,0,2025
2025-10-05 16:00:00+00:00,0.0,23.2,95.83,3.57,21,2025-10-05,RJP_0094,0,2025
2025-10-05 17:00:00+00:00,0.0,22.8,96.41,3.44,22,2025-10-05,RJP_0094,0,2025
2025-10-05 18:00:00+00:00,0.0,22.52,96.97,3.37,23,2025-10-05,RJP_0094,0,2025
2025-10-05 19:00:00+00:00,0.0,22.39,97.25,3.39,0,2025-10-06,RJP_0094,0,2025
2025-10-05 20:00:00+00:00,0.0,22.32,97.45,3.42,1,2025-10-06,RJP_0094,0,2025
2025-10-05 21:00:00+00:00,0.0,22.35,97.52,3.51,2,2025-10-06,RJP_0094,0,2025
2025-10-05 22:00:00+00:00,0.0,22.24,97.81,3.35,3,2025-10-06,RJP_0094,0,2025
2025-10-05 23:00:00+00:00,0.0,22.16,97.9,3.28,4,2025-10-06,RJP_0094,0,2025
2025-10-06 00:00:00+00:00,0.0,22.1,97.85,3.21,5,2025-10-06,RJP_0094,0,2025
2025-10-06 01:00:00+00:00,37.3,22.33,97.36,3.45,6,2025-10-06,RJP_0094,0,2025
2025-10-06 02:00:00+00:00,146.77,23.42,94.88,4.41,7,2025-10-06,RJP_0094,0,2025
2025-10-06 03:00:00+00:00,294.95,24.65,89.32,5.43,8,2025-10-06,RJP_0094,0,2025
2025-10-06 04:00:00+00:00,470.25,25.92,82.2,5.9,9,2025-10-06,RJP_0094,0,2025
2025-10-06 05:00:00+00:00,545.47,26.86,77.49,6.09,10,2025-10-06,RJP_0094,0,2025
2025-10-06 06:00:00+00:00,591.92,27.44,74.96,6.16,11,2025-10-06,RJP_0094,0,2025
2025-10-06 07:00:00+00:00,706.72,27.79,73.17,6.17,12,2025-10-06,RJP_0094,0,2025
2025-10-06 08:00:00+00:00,651.9,27.87,72.48,6.06,13,2025-10-06,RJP_0094,0,2025
2025-10-06 09:00:00+00:00,540.78,27.79,72.25,5.7,14,2025-10-06,RJP_0094,0,2025
2025-10-06 10:00:00+00:00,341.42,27.47,73.35,5.18,15,2025-10-06,RJP_0094,0,2025
2025-10-06 11:00:00+00:00,165.35,26.69,77.94,4.26,16,2025-10-06,RJP_0094,0,2025
2025-10-06 12:00:00+00:00,19.3,25.11,88.02,2.82,17,2025-10-06,RJP_0094,0,2025
2025-10-06 13:00:00+00:00,0.0,23.61,93.35,2.64,18,2025-10-06,RJP_0094,0,2025
2025-10-06 14:00:00+00:00,0.0,23.25,94.39,2.86,19,2025-10-06,RJP_0094,0,2025
2025-10-06 15:00:00+00:00,0.0,22.96,95.33,3.15,20,2025-10-06,RJP_0094,0,2025
2025-10-06 16:00:00+00:00,0.0,22.68,96.37,3.45,21,2025-10-06,RJP_0094,0,2025
2025-10-06 17:00:00+00:00,0.0,22.49,96.92,3.71,22,2025-10-06,RJP_0094,0,2025
2025-10-06 18:00:00+00:00,0.0,22.39,96.75,4.13,23,2025-10-06,RJP_0094,0,2025
2025-10-06 19:00:00+00:00,0.0,22.22,96.92,4.29,0,2025-10-07,RJP_0094,0,2025
2025-10-06 20:00:00+00:00,0.0,22.04,97.25,4.18,1,2025-10-07,RJP_0094,0,2025
2025-10-06 21:00:00+00:00,0.0,21.88,97.52,3.6,2,2025-10-07,RJP_0094,0,2025
2025-10-06 22:00:00+00:00,0.0,21.72,97.82,3.26,3,2025-10-07,RJP_0094,0,2025
2025-10-06 23:00:00+00:00,0.0,21.56,98.13,2.81,4,2025-10-07,RJP_0094,0,2025
2025-10-07 00:00:00+00:00,0.0,21.39,98.36,2.57,5,2025-10-07,RJP_0094,0,2025
2025-10-07 01:00:00+00:00,48.7,21.68,97.58,2.74,6,2025-10-07,RJP_0094,0,2025
2025-10-07 02:00:00+00:00,219.1,22.89,93.91,3.74,7,2025-10-07,RJP_0094,0,2025
2025-10-07 03:00:00+00:00,431.98,24.09,87.71,3.99,8,2025-10-07,RJP_0094,0,2025
2025-10-07 04:00:00+00:00,616.25,25.49,80.22,3.91,9,2025-10-07,RJP_0094,0,2025
2025-10-07 05:00:00+00:00,752.03,26.57,75.19,4.05,10,2025-10-07,RJP_0094,0,2025
2025-10-07 06:00:00+00:00,856.33,27.3,72.07,4.33,11,2025-10-07,RJP_0094,0,2025
2025-10-07 07:00:00+00:00,837.12,27.79,69.49,4.6,12,2025-10-07,RJP_0094,0,2025
2025-10-07 08:00:00+00:00,749.62,28.01,67.1,4.76,13,2025-10-07,RJP_0094,0,2025
2025-10-07 09:00:00+00:00,580.6,27.81,66.01,4.61,14,2025-10-07,RJP_0094,0,2025
2025-10-07 10:00:00+00:00,371.52,27.31,67.17,4.16,15,2025-10-07,RJP_0094,0,2025
2025-10-07 11:00:00+00:00,166.73,26.25,71.96,3.36,16,2025-10-07,RJP_0094,0,2025
2025-10-07 12:00:00+00:00,18.2,24.06,83.97,2.46,17,2025-10-07,RJP_0094,0,2025
2025-10-07 13:00:00+00:00,0.0,22.2,88.34,2.48,18,2025-10-07,RJP_0094,0,2025
2025-10-07 14:00:00+00:00,0.0,21.5,89.27,2.42,19,2025-10-07,RJP_0094,0,2025
2025-10-07 15:00:00+00:00,0.0,20.88,90.05,2.37,20,2025-10-07,RJP_0094,0,2025
2025-10-07 16:00:00+00:00,0.0,20.3,90.9,2.32,21,2025-10-07,RJP_0094,0,2025
2025-10-07 17:00:00+00:00,0.0,19.79,91.47,2.24,22,2025-10-07,RJP_0094,0,2025
2025-10-07 18:00:00+00:00,0.0,19.36,91.89,2.16,23,2025-10-07,RJP_0094,0,2025
2025-10-07 19:00:00+00:00,0.0,18.98,92.45,2.09,0,2025-10-08,RJP_0094,0,2025
2025-10-07 20:00:00+00:00,0.0,18.63,93.01,2.05,1,2025-10-08,RJP_0094,0,2025
2025-10-07 21:00:00+00:00,0.0,18.38,93.14,1.94,2,2025-10-08,RJP_0094,0,2025
2025-10-07 22:00:00+00:00,0.0,18.22,92.89,1.79,3,2025-10-08,RJP_0094,0,2025
2025-10-07 23:00:00+00:00,0.0,18.07,92.97,1.63,4,2025-10-08,RJP_0094,0,2025
2025-10-08 00:00:00+00:00,0.0,17.97,92.86,1.46,5,2025-10-08,RJP_0094,0,2025
2025-10-08 01:00:00+00:00,43.62,18.2,92.92,1.24,6,2025-10-08,RJP_0094,0,2025
2025-10-08 02:00:00+00:00,188.25,19.78,88.14,1.17,7,2025-10-08,RJP_0094,0,2025
2025-10-08 03:00:00+00:00,337.08,21.67,81.48,1.21,8,2025-10-08,RJP_0094,0,2025
2025-10-08 04:00:00+00:00,579.1,24.72,67.52,1.89,9,2025-10-08,RJP_0094,0,2025
2025-10-08 05:00:00+00:00,716.6,26.17,63.11,1.98,10,2025-10-08,RJP_0094,0,2025
2025-10-08 06:00:00+00:00,782.78,27.27,60.52,2.16,11,2025-10-08,RJP_0094,0,2025
2025-10-08 07:00:00+00:00,668.55,27.92,58.82,2.38,12,2025-10-08,RJP_0094,0,2025
2025-10-08 08:00:00+00:00,631.85,28.19,57.86,2.56,13,2025-10-08,RJP_0094,0,2025
2025-10-08 09:00:00+00:00,516.47,28.16,57.72,2.47,14,2025-10-08,RJP_0094,0,2025
2025-10-08 10:00:00+00:00,323.42,27.81,59.31,2.14,15,2025-10-08,RJP_0094,0,2025
2025-10-08 11:00:00+00:00,135.98,27.3,61.5,1.69,16,2025-10-08,RJP_0094,0,2025
2025-10-08 12:00:00+00:00,14.68,25.58,72.45,1.31,17,2025-10-08,RJP_0094,0,2025
2025-10-08 13:00:00+00:00,0.0,24.59,68.73,1.1,18,2025-10-08,RJP_0094,0,2025
2025-10-08 14:00:00+00:00,0.0,24.21,68.18,0.85,19,2025-10-08,RJP_0094,0,2025
2025-10-08 15:00:00+00:00,0.0,23.66,69.25,0.78,20,2025-10-08,RJP_0094,0,2025
2025-10-08 16:00:00+00:00,0.0,22.96,71.88,0.88,21,2025-10-08,RJP_0094,0,2025
2025-10-08 17:00:00+00:00,0.0,22.27,74.73,0.97,22,2025-10-08,RJP_0094,0,2025
2025-10-08 18:00:00+00:00,0.0,21.61,76.96,1.06,23,2025-10-08,RJP_0094,0,2025
2025-10-08 19:00:00+00:00,0.0,20.98,80.16,1.15,0,2025-10-09,RJP_0094,0,2025
2025-10-08 20:00:00+00:00,0.0,20.33,82.44,1.28,1,2025-10-09,RJP_0094,0,2025
2025-10-08 21:00:00+00:00,0.0,19.76,84.3,1.38,2,2025-10-09,RJP_0094,0,2025
2025-10-08 22:00:00+00:00,0.0,19.3,85.86,1.5,3,2025-10-09,RJP_0094,0,2025
2025-10-08 23:00:00+00:00,0.0,18.9,87.12,1.62,4,2025-10-09,RJP_0094,0,2025
2025-10-09 00:00:00+00:00,0.0,18.51,88.15,1.71,5,2025-10-09,RJP_0094,0,2025
2025-10-09 01:00:00+00:00,43.83,18.69,89.72,1.71,6,2025-10-09,RJP_0094,0,2025
2025-10-09 02:00:00+00:00,207.62,21.02,81.55,2.06,7,2025-10-09,RJP_0094,0,2025
2025-10-09 03:00:00+00:00,371.58,22.58,76.66,1.84,8,2025-10-09,RJP_0094,0,2025
2025-10-09 04:00:00+00:00,548.9,25.81,61.82,1.14,9,2025-10-09,RJP_0094,0,2025
2025-10-09 05:00:00+00:00,678.55,27.44,54.08,0.71,10,2025-10-09,RJP_0094,0,2025
2025-10-09 06:00:00+00:00,804.72,28.14,51.76,0.76,11,2025-10-09,RJP_0094,0,2025
2025-10-09 07:00:00+00:00,788.6,28.52,50.74,1.08,12,2025-10-09,RJP_0094,0,2025
2025-10-09 08:00:00+00:00,696.35,28.62,50.4,1.39,13,2025-10-09,RJP_0094,0,2025
2025-10-09 09:00:00+00:00,538.4,28.45,50.67,1.55,14,2025-10-09,RJP_0094,0,2025
2025-10-09 10:00:00+00:00,340.77,28.15,52.4,1.47,15,2025-10-09,RJP_0094,0,2025
2025-10-09 11:00:00+00:00,161.1,27.76,51.46,1.4,16,2025-10-09,RJP_0094,0,2025
2025-10-09 12:00:00+00:00,14.73,25.93,61.88,1.22,17,2025-10-09,RJP_0094,0,2025
2025-10-09 13:00:00+00:00,0.0,25.04,58.21,1.14,18,2025-10-09,RJP_0094,0,2025
2025-10-09 14:00:00+00:00,0.0,24.55,57.76,1.1,19,2025-10-09,RJP_0094,0,2025
2025-10-09 15:00:00+00:00,0.0,24.04,58.02,1.07,20,2025-10-09,RJP_0094,0,2025
2025-10-09 16:00:00+00:00,0.0,23.38,59.41,0.98,21,2025-10-09,RJP_0094,0,2025
2025-10-09 17:00:00+00:00,0.0,22.78,60.6,0.85,22,2025-10-09,RJP_0094,0,2025
2025-10-09 18:00:00+00:00,0.0,22.33,60.94,0.73,23,2025-10-09,RJP_0094,0,2025
2025-10-09 19:00:00+00:00,0.0,21.84,61.94,0.64,0,2025-10-10,RJP_0094,0,2025
2025-10-09 20:00:00+00:00,0.0,21.29,63.3,0.62,1,2025-10-10,RJP_0094,0,2025
2025-10-09 21:00:00+00:00,0.0,20.47,67.0,0.74,2,2025-10-10,RJP_0094,0,2025
2025-10-09 22:00:00+00:00,0.0,19.61,71.11,0.98,3,2025-10-10,RJP_0094,0,2025
2025-10-09 23:00:00+00:00,0.0,18.98,73.76,1.25,4,2025-10-10,RJP_0094,0,2025
2025-10-10 00:00:00+00:00,0.0,18.3,76.92,1.49,5,2025-10-10,RJP_0094,0,2025
2025-10-10 01:00:00+00:00,47.88,17.97,81.73,1.66,6,2025-10-10,RJP_0094,0,2025
2025-10-10 02:00:00+00:00,216.7,20.11,77.81,1.94,7,2025-10-10,RJP_0094,0,2025
2025-10-10 03:00:00+00:00,407.25,21.63,72.58,2.04,8,2025-10-10,RJP_0094,0,2025
2025-10-10 04:00:00+00:00,591.25,24.6,63.15,1.52,9,2025-10-10,RJP_0094,0,2025
2025-10-10 05:00:00+00:00,725.58,27.18,49.55,1.01,10,2025-10-10,RJP_0094,0,2025
2025-10-10 06:00:00+00:00,843.25,28.22,45.63,0.74,11,2025-10-10,RJP_0094,0,2025
2025-10-10 07:00:00+00:00,826.03,28.65,44.46,0.8,12,2025-10-10,RJP_0094,0,2025
2025-10-10 08:00:00+00:00,732.15,28.73,44.3,1.06,13,2025-10-10,RJP_0094,0,2025
2025-10-10 09:00:00+00:00,575.28,28.48,45.09,1.29,14,2025-10-10,RJP_0094,0,2025
2025-10-10 10:00:00+00:00,373.45,28.12,47.16,1.37,15,2025-10-10,RJP_0094,0,2025
2025-10-10 11:00:00+00:00,167.5,27.61,47.17,1.38,16,2025-10-10,RJP_0094,0,2025
2025-10-10 12:00:00+00:00,15.55,25.67,57.56,1.24,17,2025-10-10,RJP_0094,0,2025
2025-10-10 13:00:00+00:00,0.0,24.55,55.14,1.18,18,2025-10-10,RJP_0094,0,2025
2025-10-10 14:00:00+00:00,0.0,23.57,58.35,1.33,19,2025-10-10,RJP_0094,0,2025
2025-10-10 15:00:00+00:00,0.0,22.45,62.87,1.54,20,2025-10-10,RJP_0094,0,2025
2025-10-10 16:00:00+00:00,0.0,21.64,65.29,1.72,21,2025-10-10,RJP_0094,0,2025
2025-10-10 17:00:00+00:00,0.0,20.7,69.11,1.82,22,2025-10-10,RJP_0094,0,2025
2025-10-10 18:00:00+00:00,0.0,19.96,71.73,1.85,23,2025-10-10,RJP_0094,0,2025
2025-10-10 19:00:00+00:00,0.0,19.38,73.45,1.8,0,2025-10-11,RJP_0094,0,2025
2025-10-10 20:00:00+00:00,0.0,19.04,73.52,1.66,1,2025-10-11,RJP_0094,0,2025
2025-10-10 21:00:00+00:00,0.0,18.64,74.15,1.52,2,2025-10-11,RJP_0094,0,2025
2025-10-10 22:00:00+00:00,0.0,18.16,75.23,1.44,3,2025-10-11,RJP_0094,0,2025
2025-10-10 23:00:00+00:00,0.0,17.68,76.57,1.44,4,2025-10-11,RJP_0094,0,2025
2025-10-11 00:00:00+00:00,0.0,17.21,77.89,1.51,5,2025-10-11,RJP_0094,0,2025
2025-10-11 01:00:00+00:00,57.6,17.05,81.37,1.54,6,2025-10-11,RJP_0094,0,2025
2025-10-11 02:00:00+00:00,255.65,19.27,75.83,1.78,7,2025-10-11,RJP_0094,0,2025
2025-10-11 03:00:00+00:00,477.3,20.99,71.21,1.68,8,2025-10-11,RJP_0094,0,2025
2025-10-11 04:00:00+00:00,666.92,24.49,58.51,1.51,9,2025-10-11,RJP_0094,0,2025
2025-10-11 05:00:00+00:00,799.42,26.89,47.85,1.69,10,2025-10-11,RJP_0094,0,2025
2025-10-11 06:00:00+00:00,863.38,27.75,45.88,1.83,11,2025-10-11,RJP_0094,0,2025
2025-10-11 07:00:00+00:00,847.97,28.19,45.33,2.09,12,2025-10-11,RJP_0094,0,2025
2025-10-11 08:00:00+00:00,756.97,28.29,45.79,2.36,13,2025-10-11,RJP_0094,0,2025
2025-10-11 09:00:00+00:00,594.95,28.15,47.19,2.38,14,2025-10-11,RJP_0094,0,2025
2025-10-11 10:00:00+00:00,381.0,27.84,48.53,2.24,15,2025-10-11,RJP_0094,0,2025
2025-10-11 11:00:00+00:00,170.18,27.18,50.65,2.11,16,2025-10-11,RJP_0094,0,2025
2025-10-11 12:00:00+00:00,14.38,24.58,66.54,1.73,17,2025-10-11,RJP_0094,0,2025
2025-10-11 13:00:00+00:00,0.0,23.7,60.7,1.58,18,2025-10-11,RJP_0094,0,2025
2025-10-11 14:00:00+00:00,0.0,23.2,60.69,1.49,19,2025-10-11,RJP_0094,0,2025
2025-10-11 15:00:00+00:00,0.0,22.56,61.98,1.47,20,2025-10-11,RJP_0094,0,2025
2025-10-11 16:00:00+00:00,0.0,21.98,62.99,1.45,21,2025-10-11,RJP_0094,0,2025
2025-10-11 17:00:00+00:00,0.0,21.42,64.08,1.39,22,2025-10-11,RJP_0094,0,2025
2025-10-11 18:00:00+00:00,0.0,20.93,65.01,1.3,23,2025-10-11,RJP_0094,0,2025
2025-10-11 19:00:00+00:00,0.0,20.44,66.08,1.19,0,2025-10-12,RJP_0094,0,2025
2025-10-11 20:00:00+00:00,0.0,19.92,67.48,1.1,1,2025-10-12,RJP_0094,0,2025
2025-10-11 21:00:00+00:00,0.0,19.35,69.41,1.11,2,2025-10-12,RJP_0094,0,2025
2025-10-11 22:00:00+00:00,0.0,18.77,71.47,1.18,3,2025-10-12,RJP_0094,0,2025
2025-10-11 23:00:00+00:00,0.0,18.26,73.37,1.25,4,2025-10-12,RJP_0094,0,2025
2025-10-12 00:00:00+00:00,0.0,17.8,74.96,1.29,5,2025-10-12,RJP_0094,0,2025
2025-10-12 01:00:00+00:00,55.35,17.63,78.42,1.27,6,2025-10-12,RJP_0094,0,2025
2025-10-12 02:00:00+00:00,249.1,19.65,75.44,1.33,7,2025-10-12,RJP_0094,0,2025
2025-10-12 03:00:00+00:00,463.7,21.33,71.09,1.15,8,2025-10-12,RJP_0094,0,2025
2025-10-12 04:00:00+00:00,644.33,24.94,58.76,1.19,9,2025-10-12,RJP_0094,0,2025
2025-10-12 05:00:00+00:00,768.58,27.47,50.0,1.59,10,2025-10-12,RJP_0094,0,2025
2025-10-12 06:00:00+00:00,857.9,28.39,48.31,1.72,11,2025-10-12,RJP_0094,0,2025
2025-10-12 07:00:00+00:00,833.55,28.87,47.69,1.93,12,2025-10-12,RJP_0094,0,2025
2025-10-12 08:00:00+00:00,735.67,29.01,47.77,2.22,13,2025-10-12,RJP_0094,0,2025
2025-10-12 09:00:00+00:00,581.5,28.88,48.88,2.35,14,2025-10-12,RJP_0094,0,2025
2025-10-12 10:00:00+00:00,388.7,28.6,49.71,2.33,15,2025-10-12,RJP_0094,0,2025
2025-10-12 11:00:00+00:00,176.82,27.92,51.39,2.27,16,2025-10-12,RJP_0094,0,2025
2025-10-12 12:00:00+00:00,14.88,25.0,69.37,1.97,17,2025-10-12,RJP_0094,0,2025
2025-10-12 13:00:00+00:00,0.0,23.57,67.65,1.99,18,2025-10-12,RJP_0094,0,2025
2025-10-12 14:00:00+00:00,0.0,22.83,69.12,2.01,19,2025-10-12,RJP_0094,0,2025
2025-10-12 15:00:00+00:00,0.0,22.08,71.09,2.04,20,2025-10-12,RJP_0094,0,2025
2025-10-12 16:00:00+00:00,0.0,21.48,72.39,2.0,21,2025-10-12,RJP_0094,0,2025
2025-10-12 17:00:00+00:00,0.0,20.99,73.18,1.87,22,2025-10-12,RJP_0094,0,2025
2025-10-12 18:00:00+00:00,0.0,20.64,73.38,1.71,23,2025-10-12,RJP_0094,0,2025
2025-10-12 19:00:00+00:00,0.0,20.33,73.36,1.52,0,2025-10-13,RJP_0094,0,2025
2025-10-12 20:00:00+00:00,0.0,20.05,73.37,1.29,1,2025-10-13,RJP_0094,0,2025
2025-10-12 21:00:00+00:00,0.0,19.8,73.57,1.03,2,2025-10-13,RJP_0094,0,2025
2025-10-12 22:00:00+00:00,0.0,19.34,74.72,0.82,3,2025-10-13,RJP_0094,0,2025
2025-10-12 23:00:00+00:00,0.0,18.93,75.68,0.69,4,2025-10-13,RJP_0094,0,2025
2025-10-13 00:00:00+00:00,0.0,18.54,76.78,0.66,5,2025-10-13,RJP_0094,0,2025
2025-10-13 01:00:00+00:00,57.53,18.4,79.04,0.66,6,2025-10-13,RJP_0094,0,2025
2025-10-13 02:00:00+00:00,263.65,19.93,78.35,0.73,7,2025-10-13,RJP_0094,0,2025
2025-10-13 03:00:00+00:00,484.95,21.59,73.61,0.66,8,2025-10-13,RJP_0094,0,2025
2025-10-13 04:00:00+00:00,671.1,25.54,56.7,0.47,9,2025-10-13,RJP_0094,0,2025
2025-10-13 05:00:00+00:00,800.45,28.01,47.58,0.63,10,2025-10-13,RJP_0094,0,2025
2025-10-13 06:00:00+00:00,825.6,28.86,46.2,0.9,11,2025-10-13,RJP_0094,0,2025
2025-10-13 07:00:00+00:00,806.22,29.25,46.08,1.25,12,2025-10-13,RJP_0094,0,2025
2025-10-13 08:00:00+00:00,720.67,29.33,46.59,1.54,13,2025-10-13,RJP_0094,0,2025
2025-10-13 09:00:00+00:00,564.72,29.07,48.07,1.75,14,2025-10-13,RJP_0094,0,2025
2025-10-13 10:00:00+00:00,363.65,28.79,49.78,1.82,15,2025-10-13,RJP_0094,0,2025
2025-10-13 11:00:00+00:00,160.88,28.06,50.12,2.06,16,2025-10-13,RJP_0094,0,2025
2025-10-13 12:00:00+00:00,12.55,25.41,69.41,1.86,17,2025-10-13,RJP_0094,0,2025
2025-10-13 13:00:00+00:00,0.0,23.69,69.64,2.05,18,2025-10-13,RJP_0094,0,2025
2025-10-13 14:00:00+00:00,0.0,22.55,72.89,2.27,19,2025-10-13,RJP_0094,0,2025
2025-10-13 15:00:00+00:00,0.0,21.54,76.35,2.45,20,2025-10-13,RJP_0094,0,2025
2025-10-13 16:00:00+00:00,0.0,20.66,79.32,2.58,21,2025-10-13,RJP_0094,0,2025
2025-10-13 17:00:00+00:00,0.0,19.92,81.48,2.65,22,2025-10-13,RJP_0094,0,2025
2025-10-13 18:00:00+00:00,0.0,19.28,83.31,2.69,23,2025-10-13,RJP_0094,0,2025
2025-10-13 19:00:00+00:00,0.0,18.7,84.97,2.68,0,2025-10-14,RJP_0094,0,2025
2025-10-13 20:00:00+00:00,0.0,18.19,86.36,2.65,1,2025-10-14,RJP_0094,0,2025
2025-10-13 21:00:00+00:00,0.0,17.7,87.74,2.63,2,2025-10-14,RJP_0094,0,2025
2025-10-13 22:00:00+00:00,0.0,17.23,89.19,2.64,3,2025-10-14,RJP_0094,0,2025
2025-10-13 23:00:00+00:00,0.0,16.82,90.59,2.66,4,2025-10-14,RJP_0094,0,2025
2025-10-14 00:00:00+00:00,0.0,16.47,92.02,2.72,5,2025-10-14,RJP_0094,0,2025
2025-10-14 01:00:00+00:00,48.8,16.75,91.67,2.72,6,2025-10-14,RJP_0094,0,2025
2025-10-14 02:00:00+00:00,230.9,19.36,81.71,3.79,7,2025-10-14,RJP_0094,0,2025
2025-10-14 03:00:00+00:00,437.85,21.52,77.33,3.37,8,2025-10-14,RJP_0094,0,2025
2025-10-14 04:00:00+00:00,615.5,25.01,64.49,3.2,9,2025-10-14,RJP_0094,0,2025
2025-10-14 05:00:00+00:00,738.88,27.2,53.17,3.12,10,2025-10-14,RJP_0094,0,2025
2025-10-14 06:00:00+00:00,797.17,27.83,51.82,2.72,11,2025-10-14,RJP_0094,0,2025
2025-10-14 07:00:00+00:00,778.47,28.24,51.2,2.32,12,2025-10-14,RJP_0094,0,2025
2025-10-14 08:00:00+00:00,686.92,28.39,51.03,1.99,13,2025-10-14,RJP_0094,0,2025
2025-10-14 09:00:00+00:00,530.95,28.26,51.47,1.73,14,2025-10-14,RJP_0094,0,2025
2025-10-14 10:00:00+00:00,334.05,27.87,53.31,1.55,15,2025-10-14,RJP_0094,0,2025
2025-10-14 11:00:00+00:00,151.18,27.27,55.52,1.45,16,2025-10-14,RJP_0094,0,2025
2025-10-14 12:00:00+00:00,11.05,25.16,67.76,1.47,17,2025-10-14,RJP_0094,0,2025
2025-10-14 13:00:00+00:00,0.0,23.44,70.13,1.75,18,2025-10-14,RJP_0094,0,2025
2025-10-14 14:00:00+00:00,0.0,22.07,75.66,2.14,19,2025-10-14,RJP_0094,0,2025
2025-10-14 15:00:00+00:00,0.0,20.94,80.29,2.48,20,2025-10-14,RJP_0094,0,2025
2025-10-14 16:00:00+00:00,0.0,20.12,82.96,2.7,21,2025-10-14,RJP_0094,0,2025
2025-10-14 17:00:00+00:00,0.0,19.51,84.64,2.79,22,2025-10-14,RJP_0094,0,2025
2025-10-14 18:00:00+00:00,0.0,19.0,86.09,2.81,23,2025-10-14,RJP_0094,0,2025
2025-10-14 19:00:00+00:00,0.0,18.51,87.5,2.79,0,2025-10-15,RJP_0094,0,2025
2025-10-14 20:00:00+00:00,0.0,18.08,88.81,2.75,1,2025-10-15,RJP_0094,0,2025
2025-10-14 21:00:00+00:00,0.0,17.69,90.01,2.73,2,2025-10-15,RJP_0094,0,2025
2025-10-14 22:00:00+00:00,0.0,17.34,91.24,2.73,3,2025-10-15,RJP_0094,0,2025
2025-10-14 23:00:00+00:00,0.0,17.01,92.39,2.74,4,2025-10-15,RJP_0094,0,2025
2025-10-15 00:00:00+00:00,0.0,16.72,93.59,2.75,5,2025-10-15,RJP_0094,0,2025
2025-10-15 01:00:00+00:00,38.58,16.96,93.43,2.74,6,2025-10-15,RJP_0094,0,2025
2025-10-15 02:00:00+00:00,198.93,19.45,84.54,3.78,7,2025-10-15,RJP_0094,0,2025
2025-10-15 03:00:00+00:00,391.67,21.63,80.21,3.17,8,2025-10-15,RJP_0094,0,2025
2025-10-15 04:00:00+00:00,570.78,25.33,65.65,2.72,9,2025-10-15,RJP_0094,0,2025
2025-10-15 05:00:00+00:00,699.62,27.42,57.38,2.49,10,2025-10-15,RJP_0094,0,2025
2025-10-15 06:00:00+00:00,696.53,28.26,55.12,2.06,11,2025-10-15,RJP_0094,0,2025
2025-10-15 07:00:00+00:00,696.42,28.78,53.79,1.66,12,2025-10-15,RJP_0094,0,2025
2025-10-15 08:00:00+00:00,574.92,29.01,52.96,1.33,13,2025-10-15,RJP_0094,0,2025
2025-10-15 09:00:00+00:00,483.73,28.94,52.62,0.98,14,2025-10-15,RJP_0094,0,2025
2025-10-15 10:00:00+00:00,306.4,28.56,53.74,0.72,15,2025-10-15,RJP_0094,0,2025
2025-10-15 11:00:00+00:00,120.78,28.03,55.88,0.73,16,2025-10-15,RJP_0094,0,2025
2025-10-15 12:00:00+00:00,9.6,25.96,65.6,1.05,17,2025-10-15,RJP_0094,0,2025
2025-10-15 13:00:00+00:00,0.0,23.9,69.69,1.62,18,2025-10-15,RJP_0094,0,2025
2025-10-15 14:00:00+00:00,0.0,22.59,74.81,2.05,19,2025-10-15,RJP_0094,0,2025
2025-10-15 15:00:00+00:00,0.0,21.57,78.45,2.31,20,2025-10-15,RJP_0094,0,2025
2025-10-15 16:00:00+00:00,0.0,20.8,81.0,2.43,21,2025-10-15,RJP_0094,0,2025
2025-10-15 17:00:00+00:00,0.0,20.16,83.27,2.51,22,2025-10-15,RJP_0094,0,2025
2025-10-15 18:00:00+00:00,0.0,19.62,85.27,2.55,23,2025-10-15,RJP_0094,0,2025
2025-10-15 19:00:00+00:00,0.0,19.13,87.38,2.57,0,2025-10-16,RJP_0094,0,2025
2025-10-15 20:00:00+00:00,0.0,18.7,89.44,2.57,1,2025-10-16,RJP_0094,0,2025
2025-10-15 21:00:00+00:00,0.0,18.32,91.57,2.63,2,2025-10-16,RJP_0094,0,2025
2025-10-15 22:00:00+00:00,0.0,18.04,93.57,2.73,3,2025-10-16,RJP_0094,0,2025
2025-10-15 23:00:00+00:00,0.0,17.84,95.24,2.85,4,2025-10-16,RJP_0094,0,2025
2025-10-16 00:00:00+00:00,0.0,17.68,96.65,2.97,5,2025-10-16,RJP_0094,0,2025
2025-10-16 01:00:00+00:00,39.1,18.01,95.92,3.18,6,2025-10-16,RJP_0094,0,2025
2025-10-16 02:00:00+00:00,207.68,20.24,88.07,4.16,7,2025-10-16,RJP_0094,0,2025
2025-10-16 03:00:00+00:00,383.73,22.52,82.5,3.47,8,2025-10-16,RJP_0094,0,2025
2025-10-16 04:00:00+00:00,562.33,25.7,70.87,3.09,9,2025-10-16,RJP_0094,0,2025
2025-10-16 05:00:00+00:00,692.65,27.93,63.4,2.51,10,2025-10-16,RJP_0094,0,2025
2025-10-16 06:00:00+00:00,749.3,29.26,59.37,1.65,11,2025-10-16,RJP_0094,0,2025
2025-10-16 07:00:00+00:00,727.03,29.99,57.16,0.89,12,2025-10-16,RJP_0094,0,2025
2025-10-16 08:00:00+00:00,614.22,30.29,56.1,0.52,13,2025-10-16,RJP_0094,0,2025
2025-10-16 09:00:00+00:00,474.92,30.2,55.98,0.74,14,2025-10-16,RJP_0094,0,2025
2025-10-16 10:00:00+00:00,304.23,29.74,57.55,0.99,15,2025-10-16,RJP_0094,0,2025
2025-10-16 11:00:00+00:00,119.18,29.26,59.44,1.07,16,2025-10-16,RJP_0094,0,2025
2025-10-16 12:00:00+00:00,9.02,27.26,68.76,1.15,17,2025-10-16,RJP_0094,0,2025
2025-10-16 13:00:00+00:00,0.0,25.55,71.31,1.49,18,2025-10-16,RJP_0094,0,2025
2025-10-16 14:00:00+00:00,0.0,24.47,75.06,1.76,19,2025-10-16,RJP_0094,0,2025
2025-10-16 15:00:00+00:00,0.0,23.58,77.85,1.92,20,2025-10-16,RJP_0094,0,2025
2025-10-16 16:00:00+00:00,0.0,22.91,79.44,1.97,21,2025-10-16,RJP_0094,0,2025
2025-10-16 17:00:00+00:00,0.0,22.36,80.41,1.95,22,2025-10-16,RJP_0094,0,2025
2025-10-16 18:00:00+00:00,0.0,21.86,81.29,1.92,23,2025-10-16,RJP_0094,0,2025
2025-10-16 19:00:00+00:00,0.0,21.38,82.24,1.89,0,2025-10-17,RJP_0094,0,2025
2025-10-16 20:00:00+00:00,0.0,20.9,83.37,1.88,1,2025-10-17,RJP_0094,0,2025
2025-10-16 21:00:00+00:00,0.0,20.32,85.36,1.97,2,2025-10-17,RJP_0094,0,2025
2025-10-16 22:00:00+00:00,0.0,19.72,87.53,2.13,3,2025-10-17,RJP_0094,0,2025
2025-10-16 23:00:00+00:00,0.0,19.21,89.41,2.26,4,2025-10-17,RJP_0094,0,2025
2025-10-17 00:00:00+00:00,0.0,18.8,91.13,2.39,5,2025-10-17,RJP_0094,0,2025
2025-10-17 01:00:00+00:00,38.17,18.95,92.1,2.37,6,2025-10-17,RJP_0094,0,2025
2025-10-17 02:00:00+00:00,199.85,21.54,83.69,3.19,7,2025-10-17,RJP_0094,0,2025
2025-10-17 03:00:00+00:00,369.4,23.4,79.81,2.93,8,2025-10-17,RJP_0094,0,2025
2025-10-17 04:00:00+00:00,536.45,26.59,67.68,2.15,9,2025-10-17,RJP_0094,0,2025
2025-10-17 05:00:00+00:00,653.8,28.68,60.35,1.29,10,2025-10-17,RJP_0094,0,2025
2025-10-17 06:00:00+00:00,747.6,29.71,57.49,0.49,11,2025-10-17,RJP_0094,0,2025
2025-10-17 07:00:00+00:00,691.2,30.23,55.19,0.48,12,2025-10-17,RJP_0094,0,2025
2025-10-17 08:00:00+00:00,607.83,30.32,54.01,0.9,13,2025-10-17,RJP_0094,0,2025
2025-10-17 09:00:00+00:00,461.67,30.08,54.01,1.19,14,2025-10-17,RJP_0094,0,2025
2025-10-17 10:00:00+00:00,289.88,29.69,55.71,1.3,15,2025-10-17,RJP_0094,0,2025
2025-10-17 11:00:00+00:00,114.82,29.2,56.66,1.27,16,2025-10-17,RJP_0094,0,2025
2025-10-17 12:00:00+00:00,8.5,27.27,66.89,1.27,17,2025-10-17,RJP_0094,0,2025
2025-10-17 13:00:00+00:00,0.0,25.83,67.98,1.47,18,2025-10-17,RJP_0094,0,2025
2025-10-17 14:00:00+00:00,0.0,24.82,70.91,1.69,19,2025-10-17,RJP_0094,0,2025
2025-10-17 15:00:00+00:00,0.0,23.83,73.82,1.88,20,2025-10-17,RJP_0094,0,2025
2025-10-17 16:00:00+00:00,0.0,22.83,77.21,2.08,21,2025-10-17,RJP_0094,0,2025
2025-10-17 17:00:00+00:00,0.0,21.89,80.28,2.25,22,2025-10-17,RJP_0094,0,2025
2025-10-17 18:00:00+00:00,0.0,21.13,82.3,2.35,23,2025-10-17,RJP_0094,0,2025
2025-10-17 19:00:00+00:00,0.0,20.5,83.92,2.41,0,2025-10-18,RJP_0094,0,2025
2025-10-17 20:00:00+00:00,0.0,19.95,85.0,2.46,1,2025-10-18,RJP_0094,0,2025
2025-10-17 21:00:00+00:00,0.0,19.55,86.01,2.47,2,2025-10-18,RJP_0094,0,2025
2025-10-17 22:00:00+00:00,0.0,19.07,86.85,2.52,3,2025-10-18,RJP_0094,0,2025
2025-10-17 23:00:00+00:00,0.0,18.64,87.72,2.56,4,2025-10-18,RJP_0094,0,2025
2025-10-18 00:00:00+00:00,0.0,18.32,88.53,2.55,5,2025-10-18,RJP_0094,0,2025
2025-10-18 01:00:00+00:00,41.12,18.47,89.15,2.42,6,2025-10-18,RJP_0094,0,2025
2025-10-18 02:00:00+00:00,213.62,21.15,82.26,2.89,7,2025-10-18,RJP_0094,0,2025
2025-10-18 03:00:00+00:00,398.35,23.14,75.74,2.76,8,2025-10-18,RJP_0094,0,2025
2025-10-18 04:00:00+00:00,567.3,26.16,64.23,1.9,9,2025-10-18,RJP_0094,0,2025
2025-10-18 05:00:00+00:00,677.7,28.89,48.83,0.64,10,2025-10-18,RJP_0094,0,2025
2025-10-18 06:00:00+00:00,738.88,29.86,45.4,0.55,11,2025-10-18,RJP_0094,0,2025
2025-10-18 07:00:00+00:00,693.05,30.19,45.05,0.92,12,2025-10-18,RJP_0094,0,2025
2025-10-18 08:00:00+00:00,613.17,30.19,45.4,1.18,13,2025-10-18,RJP_0094,0,2025
2025-10-18 09:00:00+00:00,465.77,29.87,46.69,1.39,14,2025-10-18,RJP_0094,0,2025
2025-10-18 10:00:00+00:00,296.08,29.49,48.31,1.4,15,2025-10-18,RJP_0094,0,2025
2025-10-18 11:00:00+00:00,116.15,29.07,46.35,1.36,16,2025-10-18,RJP_0094,0,2025
2025-10-18 12:00:00+00:00,8.3,26.66,59.44,1.35,17,2025-10-18,RJP_0094,0,2025
2025-10-18 13:00:00+00:00,0.0,24.86,61.21,1.64,18,2025-10-18,RJP_0094,0,2025
2025-10-18 14:00:00+00:00,0.0,23.81,63.23,1.84,19,2025-10-18,RJP_0094,0,2025
2025-10-18 15:00:00+00:00,0.0,22.98,64.14,1.98,20,2025-10-18,RJP_0094,0,2025
2025-10-18 16:00:00+00:00,0.0,22.33,64.32,2.05,21,2025-10-18,RJP_0094,0,2025
2025-10-18 17:00:00+00:00,0.0,21.84,64.02,2.05,22,2025-10-18,RJP_0094,0,2025
2025-10-18 18:00:00+00:00,0.0,21.4,63.98,2.03,23,2025-10-18,RJP_0094,0,2025
2025-10-18 19:00:00+00:00,0.0,20.82,65.4,2.06,0,2025-10-19,RJP_0094,0,2025
2025-10-18 20:00:00+00:00,0.0,20.01,68.65,2.17,1,2025-10-19,RJP_0094,0,2025
2025-10-18 21:00:00+00:00,0.0,19.21,72.27,2.31,2,2025-10-19,RJP_0094,0,2025
2025-10-18 22:00:00+00:00,0.0,18.55,75.32,2.48,3,2025-10-19,RJP_0094,0,2025
2025-10-18 23:00:00+00:00,0.0,17.88,79.1,2.62,4,2025-10-19,RJP_0094,0,2025
2025-10-19 00:00:00+00:00,0.0,17.3,83.19,2.72,5,2025-10-19,RJP_0094,0,2025
2025-10-19 01:00:00+00:00,38.75,17.3,87.08,2.68,6,2025-10-19,RJP_0094,0,2025
2025-10-19 02:00:00+00:00,203.73,20.26,81.45,3.28,7,2025-10-19,RJP_0094,0,2025
2025-10-19 03:00:00+00:00,392.55,22.36,76.85,3.14,8,2025-10-19,RJP_0094,0,2025
2025-10-19 04:00:00+00:00,555.5,25.39,67.25,2.46,9,2025-10-19,RJP_0094,0,2025
2025-10-19 05:00:00+00:00,666.17,28.12,53.44,1.75,10,2025-10-19,RJP_0094,0,2025
2025-10-19 06:00:00+00:00,717.03,29.48,47.18,0.78,11,2025-10-19,RJP_0094,0,2025
2025-10-19 07:00:00+00:00,696.03,30.0,45.71,0.83,12,2025-10-19,RJP_0094,0,2025
2025-10-19 08:00:00+00:00,563.4,30.05,46.0,1.14,13,2025-10-19,RJP_0094,0,2025
2025-10-19 09:00:00+00:00,449.27,29.73,47.09,1.28,14,2025-10-19,RJP_0094,0,2025
2025-10-19 10:00:00+00:00,274.73,29.38,48.75,1.21,15,2025-10-19,RJP_0094,0,2025
2025-10-19 11:00:00+00:00,102.03,28.71,48.69,1.23,16,2025-10-19,RJP_0094,0,2025
2025-10-19 12:00:00+00:00,6.85,26.42,60.77,1.27,17,2025-10-19,RJP_0094,0,2025
2025-10-19 13:00:00+00:00,0.0,24.78,63.02,1.55,18,2025-10-19,RJP_0094,0,2025
2025-10-19 14:00:00+00:00,0.0,23.81,64.8,1.72,19,2025-10-19,RJP_0094,0,2025
2025-10-19 15:00:00+00:00,0.0,23.15,65.17,1.76,20,2025-10-19,RJP_0094,0,2025
2025-10-19 16:00:00+00:00,0.0,22.8,64.13,1.68,21,2025-10-19,RJP_0094,0,2025
2025-10-19 17:00:00+00:00,0.0,22.56,63.14,1.56,22,2025-10-19,RJP_0094,0,2025
2025-10-19 18:00:00+00:00,0.0,22.31,62.71,1.44,23,2025-10-19,RJP_0094,0,2025
2025-10-19 19:00:00+00:00,0.0,21.98,63.15,1.37,0,2025-10-20,RJP_0094,0,2025
2025-10-19 20:00:00+00:00,0.0,21.54,64.49,1.41,1,2025-10-20,RJP_0094,0,2025
2025-10-19 21:00:00+00:00,0.0,20.96,67.01,1.54,2,2025-10-20,RJP_0094,0,2025
2025-10-19 22:00:00+00:00,0.0,20.27,70.63,1.72,3,2025-10-20,RJP_0094,0,2025
2025-10-19 23:00:00+00:00,0.0,19.53,74.92,1.9,4,2025-10-20,RJP_0094,0,2025
2025-10-20 00:00:00+00:00,0.0,19.03,78.03,2.1,5,2025-10-20,RJP_0094,0,2025
2025-10-20 01:00:00+00:00,33.17,18.87,81.78,2.2,6,2025-10-20,RJP_0094,0,2025
2025-10-20 02:00:00+00:00,178.68,21.34,78.75,2.39,7,2025-10-20,RJP_0094,0,2025
2025-10-20 03:00:00+00:00,358.08,23.15,71.22,2.8,8,2025-10-20,RJP_0094,0,2025
2025-10-20 04:00:00+00:00,538.05,25.86,64.41,2.21,9,2025-10-20,RJP_0094,0,2025
2025-10-20 05:00:00+00:00,654.58,28.66,51.59,0.99,10,2025-10-20,RJP_0094,0,2025
2025-10-20 06:00:00+00:00,711.17,29.41,50.0,0.28,11,2025-10-20,RJP_0094,0,2025
2025-10-20 07:00:00+00:00,595.92,29.75,49.87,0.34,12,2025-10-20,RJP_0094,0,2025
2025-10-20 08:00:00+00:00,461.45,29.79,50.23,0.62,13,2025-10-20,RJP_0094,0,2025
2025-10-20 09:00:00+00:00,361.62,29.5,51.04,0.7,14,2025-10-20,RJP_0094,0,2025
2025-10-20 10:00:00+00:00,228.02,29.31,52.16,0.54,15,2025-10-20,RJP_0094,0,2025
2025-10-20 11:00:00+00:00,86.78,28.9,51.99,0.35,16,2025-10-20,RJP_0094,0,2025
2025-10-20 12:00:00+00:00,6.07,27.4,59.88,0.47,17,2025-10-20,RJP_0094,0,2025
2025-10-20 13:00:00+00:00,0.0,26.24,60.66,0.9,18,2025-10-20,RJP_0094,0,2025
2025-10-20 14:00:00+00:00,0.0,24.86,67.3,1.41,19,2025-10-20,RJP_0094,0,2025
2025-10-20 15:00:00+00:00,0.0,23.76,71.66,1.81,20,2025-10-20,RJP_0094,0,2025
2025-10-20 16:00:00+00:00,0.0,22.73,76.68,2.1,21,2025-10-20,RJP_0094,0,2025
2025-10-20 17:00:00+00:00,0.0,21.87,81.92,2.27,22,2025-10-20,RJP_0094,0,2025
2025-10-20 18:00:00+00:00,0.0,21.43,85.72,2.33,23,2025-10-20,RJP_0094,0,2025
2025-10-20 19:00:00+00:00,0.0,21.05,88.16,2.29,0,2025-10-21,RJP_0094,0,2025
2025-10-20 20:00:00+00:00,0.0,20.71,89.88,2.18,1,2025-10-21,RJP_0094,0,2025
2025-10-20 21:00:00+00:00,0.0,20.46,91.08,2.07,2,2025-10-21,RJP_0094,0,2025
2025-10-20 22:00:00+00:00,0.0,20.2,91.9,2.02,3,2025-10-21,RJP_0094,0,2025
2025-10-20 23:00:00+00:00,0.0,20.04,92.45,1.98,4,2025-10-21,RJP_0094,0,2025
2025-10-21 00:00:00+00:00,0.0,19.91,92.78,1.98,5,2025-10-21,RJP_0094,0,2025
2025-10-21 01:00:00+00:00,26.85,20.0,92.8,1.96,6,2025-10-21,RJP_0094,0,2025
2025-10-21 02:00:00+00:00,144.77,21.6,85.35,2.71,7,2025-10-21,RJP_0094,0,2025
2025-10-21 03:00:00+00:00,298.12,23.04,80.81,2.72,8,2025-10-21,RJP_0094,0,2025
2025-10-21 04:00:00+00:00,511.2,25.62,71.68,2.5,9,2025-10-21,RJP_0094,0,2025
2025-10-21 05:00:00+00:00,647.33,28.11,60.44,2.57,10,2025-10-21,RJP_0094,0,2025
2025-10-21 06:00:00+00:00,721.3,29.2,56.69,2.43,11,2025-10-21,RJP_0094,0,2025
2025-10-21 07:00:00+00:00,699.53,29.72,54.96,2.31,12,2025-10-21,RJP_0094,0,2025
2025-10-21 08:00:00+00:00,596.4,29.83,54.43,2.25,13,2025-10-21,RJP_0094,0,2025
2025-10-21 09:00:00+00:00,439.1,29.72,54.75,2.26,14,2025-10-21,RJP_0094,0,2025
2025-10-21 10:00:00+00:00,265.3,29.35,56.86,2.21,15,2025-10-21,RJP_0094,0,2025
2025-10-21 11:00:00+00:00,96.7,28.13,60.91,2.51,16,2025-10-21,RJP_0094,0,2025
2025-10-21 12:00:00+00:00,6.0,25.29,80.25,2.28,17,2025-10-21,RJP_0094,0,2025
2025-10-21 13:00:00+00:00,0.0,23.59,81.13,2.74,18,2025-10-21,RJP_0094,0,2025
2025-10-21 14:00:00+00:00,0.0,22.82,81.77,2.94,19,2025-10-21,RJP_0094,0,2025
2025-10-21 15:00:00+00:00,0.0,22.17,82.63,3.02,20,2025-10-21,RJP_0094,0,2025
2025-10-21 16:00:00+00:00,0.0,21.56,83.94,3.02,21,2025-10-21,RJP_0094,0,2025
2025-10-21 17:00:00+00:00,0.0,20.97,85.43,2.98,22,2025-10-21,RJP_0094,0,2025
2025-10-21 18:00:00+00:00,0.0,20.41,87.01,2.9,23,2025-10-21,RJP_0094,0,2025
2025-10-21 19:00:00+00:00,0.0,19.9,88.4,2.83,0,2025-10-22,RJP_0094,0,2025
2025-10-21 20:00:00+00:00,0.0,19.44,89.57,2.77,1,2025-10-22,RJP_0094,0,2025
2025-10-21 21:00:00+00:00,0.0,19.06,90.29,2.78,2,2025-10-22,RJP_0094,0,2025
2025-10-21 22:00:00+00:00,0.0,18.82,90.59,2.79,3,2025-10-22,RJP_0094,0,2025
2025-10-21 23:00:00+00:00,0.0,18.68,90.76,2.83,4,2025-10-22,RJP_0094,0,2025
2025-10-22 00:00:00+00:00,0.0,18.56,91.13,2.89,5,2025-10-22,RJP_0094,0,2025
2025-10-22 01:00:00+00:00,32.4,18.78,91.09,3.01,6,2025-10-22,RJP_0094,0,2025
2025-10-22 02:00:00+00:00,183.32,20.85,84.43,3.94,7,2025-10-22,RJP_0094,0,2025
2025-10-22 03:00:00+00:00,345.85,22.76,80.02,3.73,8,2025-10-22,RJP_0094,0,2025
2025-10-22 04:00:00+00:00,529.67,25.37,73.57,3.47,9,2025-10-22,RJP_0094,0,2025
2025-10-22 05:00:00+00:00,651.0,27.75,63.67,3.92,10,2025-10-22,RJP_0094,0,2025
2025-10-22 06:00:00+00:00,705.12,29.18,57.04,4.12,11,2025-10-22,RJP_0094,0,2025
2025-10-22 07:00:00+00:00,683.25,29.91,53.03,4.32,12,2025-10-22,RJP_0094,0,2025
2025-10-22 08:00:00+00:00,595.97,30.12,51.31,4.48,13,2025-10-22,RJP_0094,0,2025
2025-10-22 09:00:00+00:00,452.33,29.82,51.69,4.47,14,2025-10-22,RJP_0094,0,2025
2025-10-22 10:00:00+00:00,295.45,28.94,56.45,3.97,15,2025-10-22,RJP_0094,0,2025
2025-10-22 11:00:00+00:00,107.28,27.27,66.12,3.32,16,2025-10-22,RJP_0094,0,2025
2025-10-22 12:00:00+00:00,5.95,24.26,80.82,2.72,17,2025-10-22,RJP_0094,0,2025
2025-10-22 13:00:00+00:00,0.0,22.71,82.88,2.97,18,2025-10-22,RJP_0094,0,2025
2025-10-22 14:00:00+00:00,0.0,22.05,83.94,3.02,19,2025-10-22,RJP_0094,0,2025
2025-10-22 15:00:00+00:00,0.0,21.47,84.97,3.06,20,2025-10-22,RJP_0094,0,2025
2025-10-22 16:00:00+00:00,0.0,20.97,85.83,3.07,21,2025-10-22,RJP_0094,0,2025
2025-10-22 17:00:00+00:00,0.0,20.65,86.2,3.09,22,2025-10-22,RJP_0094,0,2025
2025-10-22 18:00:00+00:00,0.0,20.46,86.36,3.14,23,2025-10-22,RJP_0094,0,2025
2025-10-22 19:00:00+00:00,0.0,20.2,86.68,3.22,0,2025-10-23,RJP_0094,0,2025
2025-10-22 20:00:00+00:00,0.0,19.84,87.39,3.26,1,2025-10-23,RJP_0094,0,2025
2025-10-22 21:00:00+00:00,0.0,19.57,88.02,3.36,2,2025-10-23,RJP_0094,0,2025
2025-10-22 22:00:00+00:00,0.0,19.3,89.03,3.41,3,2025-10-23,RJP_0094,0,2025
2025-10-22 23:00:00+00:00,0.0,19.16,89.83,3.54,4,2025-10-23,RJP_0094,0,2025
2025-10-23 00:00:00+00:00,0.0,19.1,90.71,3.68,5,2025-10-23,RJP_0094,0,2025
2025-10-23 01:00:00+00:00,35.3,19.26,91.46,3.85,6,2025-10-23,RJP_0094,0,2025
2025-10-23 02:00:00+00:00,197.05,21.0,86.58,4.67,7,2025-10-23,RJP_0094,0,2025
2025-10-23 03:00:00+00:00,411.3,23.17,81.54,4.59,8,2025-10-23,RJP_0094,0,2025
2025-10-23 04:00:00+00:00,596.22,25.98,73.47,4.5,9,2025-10-23,RJP_0094,0,2025
2025-10-23 05:00:00+00:00,727.53,27.87,67.8,4.36,10,2025-10-23,RJP_0094,0,2025
2025-10-23 06:00:00+00:00,693.4,28.9,64.84,3.86,11,2025-10-23,RJP_0094,0,2025
2025-10-23 07:00:00+00:00,677.5,29.47,63.2,3.5,12,2025-10-23,RJP_0094,0,2025
2025-10-23 08:00:00+00:00,591.53,29.68,62.38,3.45,13,2025-10-23,RJP_0094,0,2025
2025-10-23 09:00:00+00:00,444.5,29.55,62.77,3.58,14,2025-10-23,RJP_0094,0,2025
2025-10-23 10:00:00+00:00,263.25,29.02,64.52,3.67,15,2025-10-23,RJP_0094,0,2025
2025-10-23 11:00:00+00:00,95.75,27.59,73.16,3.14,16,2025-10-23,RJP_0094,0,2025
2025-10-23 12:00:00+00:00,5.38,25.05,84.79,2.74,17,2025-10-23,RJP_0094,0,2025
2025-10-23 13:00:00+00:00,0.0,23.6,86.74,3.13,18,2025-10-23,RJP_0094,0,2025
2025-10-23 14:00:00+00:00,0.0,23.04,87.06,3.42,19,2025-10-23,RJP_0094,0,2025
2025-10-23 15:00:00+00:00,0.0,22.51,87.86,3.53,20,2025-10-23,RJP_0094,0,2025
2025-10-23 16:00:00+00:00,0.0,22.03,88.91,3.48,21,2025-10-23,RJP_0094,0,2025
2025-10-23 17:00:00+00:00,0.0,21.6,90.01,3.38,22,2025-10-23,RJP_0094,0,2025
2025-10-23 18:00:00+00:00,0.0,21.21,91.01,3.26,23,2025-10-23,RJP_0094,0,2025
2025-10-23 19:00:00+00:00,0.0,20.88,91.61,3.21,0,2025-10-24,RJP_0094,0,2025
2025-10-23 20:00:00+00:00,0.0,20.59,92.02,3.2,1,2025-10-24,RJP_0094,0,2025
2025-10-23 21:00:00+00:00,0.0,20.36,92.22,3.27,2,2025-10-24,RJP_0094,0,2025
2025-10-23 22:00:00+00:00,0.0,20.21,92.17,3.41,3,2025-10-24,RJP_0094,0,2025
2025-10-23 23:00:00+00:00,0.0,20.15,91.94,3.61,4,2025-10-24,RJP_0094,0,2025
2025-10-24 00:00:00+00:00,0.0,20.03,92.68,3.62,5,2025-10-24,RJP_0094,0,2025
2025-10-24 01:00:00+00:00,32.65,20.16,92.91,3.79,6,2025-10-24,RJP_0094,0,2025
2025-10-24 02:00:00+00:00,182.77,21.95,87.03,4.72,7,2025-10-24,RJP_0094,0,2025
2025-10-24 03:00:00+00:00,361.73,23.87,82.71,4.37,8,2025-10-24,RJP_0094,0,2025
2025-10-24 04:00:00+00:00,520.22,26.42,74.99,4.17,9,2025-10-24,RJP_0094,0,2025
2025-10-24 05:00:00+00:00,641.25,28.29,68.98,4.0,10,2025-10-24,RJP_0094,0,2025
2025-10-24 06:00:00+00:00,624.55,29.37,65.43,3.5,11,2025-10-24,RJP_0094,0,2025
2025-10-24 07:00:00+00:00,578.97,29.95,62.86,3.09,12,2025-10-24,RJP_0094,0,2025
2025-10-24 08:00:00+00:00,446.85,30.13,61.08,3.06,13,2025-10-24,RJP_0094,0,2025
2025-10-24 09:00:00+00:00,359.42,29.95,60.77,3.21,14,2025-10-24,RJP_0094,0,2025
2025-10-24 10:00:00+00:00,211.5,29.35,63.23,3.24,15,2025-10-24,RJP_0094,0,2025
2025-10-24 11:00:00+00:00,75.32,28.0,70.71,3.0,16,2025-10-24,RJP_0094,0,2025
2025-10-24 12:00:00+00:00,4.28,25.32,83.48,2.62,17,2025-10-24,RJP_0094,0,2025
2025-10-24 13:00:00+00:00,0.0,23.96,84.93,2.99,18,2025-10-24,RJP_0094,0,2025
2025-10-24 14:00:00+00:00,0.0,23.4,85.49,3.2,19,2025-10-24,RJP_0094,0,2025
2025-10-24 15:00:00+00:00,0.0,22.9,86.33,3.36,20,2025-10-24,RJP_0094,0,2025
2025-10-24 16:00:00+00:00,0.0,22.44,87.55,3.42,21,2025-10-24,RJP_0094,0,2025
2025-10-24 17:00:00+00:00,0.0,22.02,89.06,3.4,22,2025-10-24,RJP_0094,0,2025
2025-10-24 18:00:00+00:00,0.0,21.65,90.59,3.38,23,2025-10-24,RJP_0094,0,2025
2025-10-24 19:00:00+00:00,0.0,21.33,91.8,3.41,0,2025-10-25,RJP_0094,0,2025
2025-10-24 20:00:00+00:00,0.0,21.04,92.73,3.51,1,2025-10-25,RJP_0094,0,2025
2025-10-24 21:00:00+00:00,0.0,20.77,93.49,3.64,2,2025-10-25,RJP_0094,0,2025
2025-10-24 22:00:00+00:00,0.0,20.52,94.25,3.75,3,2025-10-25,RJP_0094,0,2025
2025-10-24 23:00:00+00:00,0.0,20.29,95.17,3.74,4,2025-10-25,RJP_0094,0,2025
2025-10-25 00:00:00+00:00,0.0,20.1,96.21,3.71,5,2025-10-25,RJP_0094,0,2025
2025-10-25 01:00:00+00:00,27.6,20.15,96.3,3.81,6,2025-10-25,RJP_0094,0,2025
2025-10-25 02:00:00+00:00,160.25,21.61,90.94,4.51,7,2025-10-25,RJP_0094,0,2025
2025-10-25 03:00:00+00:00,314.92,23.76,84.25,4.15,8,2025-10-25,RJP_0094,0,2025
2025-10-25 04:00:00+00:00,504.23,26.46,74.67,4.66,9,2025-10-25,RJP_0094,0,2025
2025-10-25 05:00:00+00:00,634.22,28.23,68.45,4.48,10,2025-10-25,RJP_0094,0,2025
2025-10-25 06:00:00+00:00,620.22,29.18,64.93,3.98,11,2025-10-25,RJP_0094,0,2025
2025-10-25 07:00:00+00:00,593.97,29.68,62.44,3.61,12,2025-10-25,RJP_0094,0,2025
2025-10-25 08:00:00+00:00,490.15,29.79,61.01,3.46,13,2025-10-25,RJP_0094,0,2025
2025-10-25 09:00:00+00:00,372.8,29.46,61.18,3.4,14,2025-10-25,RJP_0094,0,2025
2025-10-25 10:00:00+00:00,213.7,28.78,64.43,3.21,15,2025-10-25,RJP_0094,0,2025
2025-10-25 11:00:00+00:00,72.43,27.47,71.84,2.98,16,2025-10-25,RJP_0094,0,2025
2025-10-25 12:00:00+00:00,3.75,24.92,83.55,2.64,17,2025-10-25,RJP_0094,0,2025
2025-10-25 13:00:00+00:00,0.0,23.63,84.85,3.04,18,2025-10-25,RJP_0094,0,2025
2025-10-25 14:00:00+00:00,0.0,23.06,85.42,3.41,19,2025-10-25,RJP_0094,0,2025
2025-10-25 15:00:00+00:00,0.0,22.57,86.59,3.77,20,2025-10-25,RJP_0094,0,2025
2025-10-25 16:00:00+00:00,0.0,22.16,88.51,4.02,21,2025-10-25,RJP_0094,0,2025
2025-10-25 17:00:00+00:00,0.0,21.79,90.88,4.04,22,2025-10-25,RJP_0094,0,2025
2025-10-25 18:00:00+00:00,0.0,21.48,92.84,3.88,23,2025-10-25,RJP_0094,0,2025
2025-10-25 19:00:00+00:00,0.0,21.22,94.31,3.66,0,2025-10-26,RJP_0094,0,2025
2025-10-25 20:00:00+00:00,0.0,21.02,95.32,3.61,1,2025-10-26,RJP_0094,0,2025
2025-10-25 21:00:00+00:00,0.0,20.81,96.54,3.51,2,2025-10-26,RJP_0094,0,2025
2025-10-25 22:00:00+00:00,0.0,20.64,97.61,3.35,3,2025-10-26,RJP_0094,0,2025
2025-10-25 23:00:00+00:00,0.0,20.56,98.05,3.23,4,2025-10-26,RJP_0094,0,2025
2025-10-26 00:00:00+00:00,0.0,20.5,98.15,2.98,5,2025-10-26,RJP_0094,0,2025
2025-10-26 01:00:00+00:00,25.48,20.6,97.5,2.86,6,2025-10-26,RJP_0094,0,2025
2025-10-26 02:00:00+00:00,143.7,21.79,92.81,3.39,7,2025-10-26,RJP_0094,0,2025
2025-10-26 03:00:00+00:00,278.95,23.59,85.89,3.26,8,2025-10-26,RJP_0094,0,2025
2025-10-26 04:00:00+00:00,401.27,25.53,77.42,3.47,9,2025-10-26,RJP_0094,0,2025
2025-10-26 05:00:00+00:00,533.35,26.95,71.3,3.79,10,2025-10-26,RJP_0094,0,2025
2025-10-26 06:00:00+00:00,579.65,27.76,67.86,3.93,11,2025-10-26,RJP_0094,0,2025
2025-10-26 07:00:00+00:00,524.78,28.25,65.9,3.91,12,2025-10-26,RJP_0094,0,2025
2025-10-26 08:00:00+00:00,383.88,28.14,66.11,3.79,13,2025-10-26,RJP_0094,0,2025
2025-10-26 09:00:00+00:00,251.62,27.54,68.52,3.49,14,2025-10-26,RJP_0094,0,2025
2025-10-26 10:00:00+00:00,161.2,26.71,73.5,2.93,15,2025-10-26,RJP_0094,0,2025
2025-10-26 11:00:00+00:00,64.32,25.79,78.63,2.54,16,2025-10-26,RJP_0094,0,2025
2025-10-26 12:00:00+00:00,3.1,24.34,88.15,1.91,17,2025-10-26,RJP_0094,0,2025
2025-10-26 13:00:00+00:00,0.0,23.45,91.48,1.85,18,2025-10-26,RJP_0094,0,2025
2025-10-26 14:00:00+00:00,0.0,23.02,92.4,1.91,19,2025-10-26,RJP_0094,0,2025
2025-10-26 15:00:00+00:00,0.0,22.63,93.42,2.09,20,2025-10-26,RJP_0094,0,2025
2025-10-26 16:00:00+00:00,0.0,22.28,94.2,2.41,21,2025-10-26,RJP_0094,0,2025
2025-10-26 17:00:00+00:00,0.0,21.95,95.12,2.78,22,2025-10-26,RJP_0094,0,2025
2025-10-26 18:00:00+00:00,0.0,21.64,95.72,3.04,23,2025-10-26,RJP_0094,0,2025
2025-10-26 19:00:00+00:00,0.0,21.37,96.2,3.18,0,2025-10-27,RJP_0094,0,2025
2025-10-26 20:00:00+00:00,0.0,21.13,96.47,3.23,1,2025-10-27,RJP_0094,0,2025
2025-10-26 21:00:00+00:00,0.0,20.99,96.47,3.12,2,2025-10-27,RJP_0094,0,2025
2025-10-26 22:00:00+00:00,0.0,20.94,96.39,3.06,3,2025-10-27,RJP_0094,0,2025
2025-10-26 23:00:00+00:00,0.0,20.92,96.28,3.23,4,2025-10-27,RJP_0094,0,2025
2025-10-27 00:00:00+00:00,0.0,20.92,96.26,3.44,5,2025-10-27,RJP_0094,0,2025
2025-10-27 01:00:00+00:00,10.12,20.98,96.23,3.49,6,2025-10-27,RJP_0094,0,2025
2025-10-27 02:00:00+00:00,46.72,21.52,95.13,3.87,7,2025-10-27,RJP_0094,0,2025
2025-10-27 03:00:00+00:00,105.0,22.31,93.79,4.02,8,2025-10-27,RJP_0094,0,2025
2025-10-27 04:00:00+00:00,124.15,23.24,92.03,4.1,9,2025-10-27,RJP_0094,0,2025
2025-10-27 05:00:00+00:00,126.18,24.15,90.01,3.95,10,2025-10-27,RJP_0094,0,2025
2025-10-27 06:00:00+00:00,97.55,24.94,88.27,3.59,11,2025-10-27,RJP_0094,0,2025
2025-10-27 07:00:00+00:00,127.15,25.54,86.84,3.24,12,2025-10-27,RJP_0094,0,2025
2025-10-27 08:00:00+00:00,123.7,25.91,86.08,3.09,13,2025-10-27,RJP_0094,0,2025
2025-10-27 09:00:00+00:00,63.0,25.95,86.61,3.07,14,2025-10-27,RJP_0094,0,2025
2025-10-27 10:00:00+00:00,44.83,25.7,88.34,3.35,15,2025-10-27,RJP_0094,0,2025
2025-10-27 11:00:00+00:00,20.4,25.04,92.39,3.47,16,2025-10-27,RJP_0094,0,2025
2025-10-27 12:00:00+00:00,1.67,24.03,95.71,3.41,17,2025-10-27,RJP_0094,0,2025
2025-10-27 13:00:00+00:00,0.0,23.45,96.27,4.16,18,2025-10-27,RJP_0094,0,2025
2025-10-27 14:00:00+00:00,0.0,23.07,96.36,4.45,19,2025-10-27,RJP_0094,0,2025
2025-10-27 15:00:00+00:00,0.0,22.74,96.26,4.5,20,2025-10-27,RJP_0094,0,2025
2025-10-27 16:00:00+00:00,0.0,22.44,96.06,4.59,21,2025-10-27,RJP_0094,0,2025
2025-10-27 17:00:00+00:00,0.0,22.18,95.79,4.75,22,2025-10-27,RJP_0094,0,2025
2025-10-27 18:00:00+00:00,0.0,21.92,95.75,4.89,23,2025-10-27,RJP_0094,0,2025
2025-10-27 19:00:00+00:00,0.0,21.7,95.51,5.02,0,2025-10-28,RJP_0094,0,2025
2025-10-27 20:00:00+00:00,0.0,21.45,95.48,5.11,1,2025-10-28,RJP_0094,0,2025
2025-10-27 21:00:00+00:00,0.0,21.21,95.5,5.1,2,2025-10-28,RJP_0094,0,2025
2025-10-27 22:00:00+00:00,0.0,20.99,95.61,4.91,3,2025-10-28,RJP_0094,0,2025
2025-10-27 23:00:00+00:00,0.0,20.8,95.58,4.79,4,2025-10-28,RJP_0094,0,2025
2025-10-28 00:00:00+00:00,0.0,20.59,95.57,4.94,5,2025-10-28,RJP_0094,0,2025
2025-10-28 01:00:00+00:00,6.85,20.38,95.46,5.4,6,2025-10-28,RJP_0094,0,2025
2025-10-28 02:00:00+00:00,30.23,20.44,95.08,5.9,7,2025-10-28,RJP_0094,0,2025
2025-10-28 03:00:00+00:00,69.05,20.79,94.26,6.03,8,2025-10-28,RJP_0094,0,2025
2025-10-28 04:00:00+00:00,105.32,21.41,92.38,6.26,9,2025-10-28,RJP_0094,0,2025
2025-10-28 05:00:00+00:00,108.55,22.18,90.42,6.2,10,2025-10-28,RJP_0094,0,2025
2025-10-28 06:00:00+00:00,88.35,22.95,88.82,5.73,11,2025-10-28,RJP_0094,0,2025
2025-10-28 07:00:00+00:00,75.18,23.56,87.76,5.12,12,2025-10-28,RJP_0094,0,2025
2025-10-28 08:00:00+00:00,87.95,23.95,87.22,4.61,13,2025-10-28,RJP_0094,0,2025
2025-10-28 09:00:00+00:00,62.03,24.03,87.8,4.63,14,2025-10-28,RJP_0094,0,2025
2025-10-28 10:00:00+00:00,45.03,23.8,89.93,4.88,15,2025-10-28,RJP_0094,0,2025
2025-10-28 11:00:00+00:00,21.85,23.31,93.07,4.86,16,2025-10-28,RJP_0094,0,2025
2025-10-28 12:00:00+00:00,1.27,22.61,95.13,5.01,17,2025-10-28,RJP_0094,0,2025
2025-10-28 13:00:00+00:00,0.0,22.14,95.59,5.41,18,2025-10-28,RJP_0094,0,2025
2025-10-28 14:00:00+00:00,0.0,21.8,95.43,5.69,19,2025-10-28,RJP_0094,0,2025
2025-10-28 15:00:00+00:00,0.0,21.39,95.43,5.76,20,2025-10-28,RJP_0094,0,2025
2025-10-28 16:00:00+00:00,0.0,20.94,95.38,5.82,21,2025-10-28,RJP_0094,0,2025
2025-10-28 17:00:00+00:00,0.0,20.47,95.56,5.77,22,2025-10-28,RJP_0094,0,2025
2025-10-28 18:00:00+00:00,0.0,20.04,95.68,5.71,23,2025-10-28,RJP_0094,0,2025
2025-10-28 19:00:00+00:00,0.0,19.68,95.71,5.49,0,2025-10-29,RJP_0094,0,2025
2025-10-28 20:00:00+00:00,0.0,19.38,95.76,5.25,1,2025-10-29,RJP_0094,0,2025
2025-10-28 21:00:00+00:00,0.0,19.15,95.79,5.14,2,2025-10-29,RJP_0094,0,2025
2025-10-28 22:00:00+00:00,0.0,18.98,95.82,5.05,3,2025-10-29,RJP_0094,0,2025
2025-10-28 23:00:00+00:00,0.0,18.84,95.84,4.98,4,2025-10-29,RJP_0094,0,2025
2025-10-29 00:00:00+00:00,0.0,18.72,95.89,4.94,5,2025-10-29,RJP_0094,0,2025
2025-10-29 01:00:00+00:00,11.82,18.7,95.79,4.97,6,2025-10-29,RJP_0094,0,2025
2025-10-29 02:00:00+00:00,61.9,19.57,93.77,5.38,7,2025-10-29,RJP_0094,0,2025
2025-10-29 03:00:00+00:00,116.7,21.38,89.46,5.81,8,2025-10-29,RJP_0094,0,2025
2025-10-29 04:00:00+00:00,202.02,23.58,83.71,5.99,9,2025-10-29,RJP_0094,0,2025
2025-10-29 05:00:00+00:00,365.0,25.4,78.82,5.88,10,2025-10-29,RJP_0094,0,2025
2025-10-29 06:00:00+00:00,299.92,26.65,74.92,5.72,11,2025-10-29,RJP_0094,0,2025
2025-10-29 07:00:00+00:00,282.75,27.39,72.37,5.6,12,2025-10-29,RJP_0094,0,2025
2025-10-29 08:00:00+00:00,214.5,27.63,71.33,5.56,13,2025-10-29,RJP_0094,0,2025
2025-10-29 09:00:00+00:00,127.18,27.44,71.8,5.5,14,2025-10-29,RJP_0094,0,2025
2025-10-29 10:00:00+00:00,92.57,26.67,75.29,5.23,15,2025-10-29,RJP_0094,0,2025
2025-10-29 11:00:00+00:00,37.47,25.48,82.31,4.52,16,2025-10-29,RJP_0094,0,2025
2025-10-29 12:00:00+00:00,2.05,23.9,89.4,4.08,17,2025-10-29,RJP_0094,0,2025
2025-10-29 13:00:00+00:00,0.0,22.99,92.09,4.66,18,2025-10-29,RJP_0094,0,2025
2025-10-29 14:00:00+00:00,0.0,22.41,93.76,4.76,19,2025-10-29,RJP_0094,0,2025
2025-10-29 15:00:00+00:00,0.0,22.01,94.72,4.65,20,2025-10-29,RJP_0094,0,2025
2025-10-29 16:00:00+00:00,0.0,21.73,95.3,4.53,21,2025-10-29,RJP_0094,0,2025
2025-10-29 17:00:00+00:00,0.0,21.54,95.56,4.5,22,2025-10-29,RJP_0094,0,2025
2025-10-29 18:00:00+00:00,0.0,21.42,95.57,4.59,23,2025-10-29,RJP_0094,0,2025
2025-10-29 19:00:00+00:00,0.0,21.3,95.73,4.69,0,2025-10-30,RJP_0094,0,2025
2025-10-29 20:00:00+00:00,0.0,21.18,95.95,4.78,1,2025-10-30,RJP_0094,0,2025
2025-10-29 21:00:00+00:00,0.0,21.09,96.01,4.76,2,2025-10-30,RJP_0094,0,2025
2025-10-29 22:00:00+00:00,0.0,21.02,95.98,4.7,3,2025-10-30,RJP_0094,0,2025
2025-10-29 23:00:00+00:00,0.0,20.94,96.0,4.67,4,2025-10-30,RJP_0094,0,2025
2025-10-30 00:00:00+00:00,0.0,20.86,96.03,4.47,5,2025-10-30,RJP_0094,0,2025
2025-10-30 01:00:00+00:00,13.5,20.87,95.8,4.28,6,2025-10-30,RJP_0094,0,2025
2025-10-30 02:00:00+00:00,81.6,21.34,94.48,4.45,7,2025-10-30,RJP_0094,0,2025
2025-10-30 03:00:00+00:00,154.95,22.13,92.2,4.83,8,2025-10-30,RJP_0094,0,2025
2025-10-30 04:00:00+00:00,216.27,23.21,88.56,5.33,9,2025-10-30,RJP_0094,0,2025
2025-10-30 05:00:00+00:00,134.3,24.6,84.45,5.21,10,2025-10-30,RJP_0094,0,2025
2025-10-30 06:00:00+00:00,145.7,25.99,80.6,4.66,11,2025-10-30,RJP_0094,0,2025
2025-10-30 07:00:00+00:00,282.88,26.91,78.26,3.94,12,2025-10-30,RJP_0094,0,2025
2025-10-30 08:00:00+00:00,186.15,27.23,77.64,3.3,13,2025-10-30,RJP_0094,0,2025
2025-10-30 09:00:00+00:00,117.93,27.12,78.92,2.98,14,2025-10-30,RJP_0094,0,2025
2025-10-30 10:00:00+00:00,89.95,26.63,82.97,2.75,15,2025-10-30,RJP_0094,0,2025
2025-10-30 11:00:00+00:00,30.83,25.75,87.33,2.66,16,2025-10-30,RJP_0094,0,2025
2025-10-30 12:00:00+00:00,0.82,24.41,93.9,2.33,17,2025-10-30,RJP_0094,0,2025
2025-10-30 13:00:00+00:00,0.0,23.77,94.89,3.11,18,2025-10-30,RJP_0094,0,2025
2025-10-30 14:00:00+00:00,0.0,23.5,94.34,4.25,19,2025-10-30,RJP_0094,0,2025
2025-10-30 15:00:00+00:00,0.0,23.13,94.74,4.55,20,2025-10-30,RJP_0094,0,2025
2025-10-30 16:00:00+00:00,0.0,22.78,94.91,4.57,21,2025-10-30,RJP_0094,0,2025
2025-10-30 17:00:00+00:00,0.0,22.51,94.96,4.46,22,2025-10-30,RJP_0094,0,2025
2025-10-30 18:00:00+00:00,0.0,22.28,95.2,4.18,23,2025-10-30,RJP_0094,0,2025
2025-10-30 19:00:00+00:00,0.0,22.09,95.19,4.14,0,2025-10-31,RJP_0094,0,2025
2025-10-30 20:00:00+00:00,0.0,21.86,95.28,4.16,1,2025-10-31,RJP_0094,0,2025
2025-10-30 21:00:00+00:00,0.0,21.65,95.37,4.17,2,2025-10-31,RJP_0094,0,2025
2025-10-30 22:00:00+00:00,0.0,21.43,95.59,3.96,3,2025-10-31,RJP_0094,0,2025
2025-10-30 23:00:00+00:00,0.0,21.21,95.88,3.61,4,2025-10-31,RJP_0094,0,2025
2025-10-31 00:00:00+00:00,0.0,21.0,96.13,3.29,5,2025-10-31,RJP_0094,0,2025
2025-10-31 01:00:00+00:00,13.65,20.88,96.42,2.95,6,2025-10-31,RJP_0094,0,2025
2025-10-31 02:00:00+00:00,94.85,21.63,94.06,3.66,7,2025-10-31,RJP_0094,0,2025
2025-10-31 03:00:00+00:00,188.45,22.67,89.84,4.05,8,2025-10-31,RJP_0094,0,2025
2025-10-31 04:00:00+00:00,243.73,23.93,84.06,4.08,9,2025-10-31,RJP_0094,0,2025
2025-10-31 05:00:00+00:00,327.85,25.15,78.94,3.64,10,2025-10-31,RJP_0094,0,2025
2025-10-31 06:00:00+00:00,331.38,26.01,75.63,3.02,11,2025-10-31,RJP_0094,0,2025
2025-10-31 07:00:00+00:00,356.98,26.58,73.58,2.45,12,2025-10-31,RJP_0094,0,2025
2025-10-31 08:00:00+00:00,308.48,26.83,72.57,2.07,13,2025-10-31,RJP_0094,0,2025
2025-10-31 09:00:00+00:00,270.05,26.82,72.67,1.89,14,2025-10-31,RJP_0094,0,2025
2025-10-31 10:00:00+00:00,157.95,26.58,74.32,1.88,15,2025-10-31,RJP_0094,0,2025
2025-10-31 11:00:00+00:00,56.72,26.06,78.6,1.76,16,2025-10-31,RJP_0094,0,2025
2025-10-31 12:00:00+00:00,2.53,24.64,87.49,1.62,17,2025-10-31,RJP_0094,0,2025
2025-10-31 13:00:00+00:00,0.0,23.48,90.1,1.81,18,2025-10-31,RJP_0094,0,2025
2025-10-31 14:00:00+00:00,0.0,22.8,91.6,2.02,19,2025-10-31,RJP_0094,0,2025
2025-10-31 15:00:00+00:00,0.0,22.29,92.85,2.13,20,2025-10-31,RJP_0094,0,2025
2025-10-31 16:00:00+00:00,0.0,21.88,93.8,2.17,21,2025-10-31,RJP_0094,0,2025
2025-10-31 17:00:00+00:00,0.0,21.56,94.64,2.14,22,2025-10-31,RJP_0094,0,2025
2025-10-31 18:00:00+00:00,0.0,21.23,95.71,2.09,23,2025-10-31,RJP_0094,0,2025
2025-10-31 19:00:00+00:00,0.0,20.88,96.77,2.06,0,2025-11-01,RJP_0094,0,2025
2025-10-31 20:00:00+00:00,0.0,20.64,97.69,2.0,1,2025-11-01,RJP_0094,0,2025
2025-10-31 21:00:00+00:00,0.0,20.49,98.32,1.95,2,2025-11-01,RJP_0094,0,2025
2025-10-31 22:00:00+00:00,0.0,20.34,98.79,1.94,3,2025-11-01,RJP_0094,0,2025
2025-10-31 23:00:00+00:00,0.0,20.19,99.14,1.93,4,2025-11-01,RJP_0094,0,2025
2025-11-01 00:00:00+00:00,0.0,20.05,99.4,1.91,5,2025-11-01,RJP_0094,0,2025
2025-11-01 01:00:00+00:00,26.95,20.09,98.96,1.92,6,2025-11-01,RJP_0094,0,2025
2025-11-01 02:00:00+00:00,175.52,21.6,93.52,2.61,7,2025-11-01,RJP_0094,0,2025
2025-11-01 03:00:00+00:00,334.88,23.82,84.22,2.07,8,2025-11-01,RJP_0094,0,2025
2025-11-01 04:00:00+00:00,501.9,26.0,74.7,1.61,9,2025-11-01,RJP_0094,0,2025
2025-11-01 05:00:00+00:00,508.12,27.33,70.07,1.14,10,2025-11-01,RJP_0094,0,2025
2025-11-01 06:00:00+00:00,555.92,28.11,67.54,0.78,11,2025-11-01,RJP_0094,0,2025
2025-11-01 07:00:00+00:00,555.67,28.54,66.39,0.92,12,2025-11-01,RJP_0094,0,2025
2025-11-01 08:00:00+00:00,488.23,28.74,65.76,1.19,13,2025-11-01,RJP_0094,0,2025
2025-11-01 09:00:00+00:00,413.1,28.7,65.89,1.28,14,2025-11-01,RJP_0094,0,2025
2025-11-01 10:00:00+00:00,232.05,28.33,67.27,1.15,15,2025-11-01,RJP_0094,0,2025
2025-11-01 11:00:00+00:00,84.8,27.72,71.95,0.85,16,2025-11-01,RJP_0094,0,2025
2025-11-01 12:00:00+00:00,3.0,26.81,75.88,0.62,17,2025-11-01,RJP_0094,0,2025
2025-11-01 13:00:00+00:00,0.0,26.37,75.03,0.41,18,2025-11-01,RJP_0094,0,2025
2025-11-01 14:00:00+00:00,0.0,25.99,76.47,0.19,19,2025-11-01,RJP_0094,0,2025
2025-11-01 15:00:00+00:00,0.0,25.69,76.85,0.06,20,2025-11-01,RJP_0094,0,2025
2025-11-01 16:00:00+00:00,0.0,25.28,78.18,0.08,21,2025-11-01,RJP_0094,0,2025
2025-11-01 17:00:00+00:00,0.0,24.85,79.36,0.21,22,2025-11-01,RJP_0094,0,2025
2025-11-01 18:00:00+00:00,0.0,24.41,80.69,0.38,23,2025-11-01,RJP_0094,0,2025
2025-11-01 19:00:00+00:00,0.0,23.8,83.89,0.55,0,2025-11-02,RJP_0094,0,2025
2025-11-01 20:00:00+00:00,0.0,23.36,85.95,0.76,1,2025-11-02,RJP_0094,0,2025
2025-11-01 21:00:00+00:00,0.0,22.9,87.86,0.87,2,2025-11-02,RJP_0094,0,2025
2025-11-01 22:00:00+00:00,0.0,22.56,89.25,0.86,3,2025-11-02,RJP_0094,0,2025
2025-11-01 23:00:00+00:00,0.0,22.3,90.18,0.75,4,2025-11-02,RJP_0094,0,2025
2025-11-02 00:00:00+00:00,0.0,22.22,90.04,0.54,5,2025-11-02,RJP_0094,0,2025
2025-11-02 01:00:00+00:00,22.4,22.1,91.99,0.31,6,2025-11-02,RJP_0094,0,2025
2025-11-02 02:00:00+00:00,150.48,23.15,89.58,0.49,7,2025-11-02,RJP_0094,0,2025
2025-11-02 03:00:00+00:00,293.05,25.34,81.16,0.88,8,2025-11-02,RJP_0094,0,2025
2025-11-02 04:00:00+00:00,457.12,26.84,75.58,1.01,9,2025-11-02,RJP_0094,0,2025
2025-11-02 05:00:00+00:00,565.22,27.91,72.15,1.33,10,2025-11-02,RJP_0094,0,2025
2025-11-02 06:00:00+00:00,616.7,28.66,69.95,1.75,11,2025-11-02,RJP_0094,0,2025
2025-11-02 07:00:00+00:00,499.77,29.17,68.54,2.1,12,2025-11-02,RJP_0094,0,2025
2025-11-02 08:00:00+00:00,443.17,29.41,68.11,2.4,13,2025-11-02,RJP_0094,0,2025
2025-11-02 09:00:00+00:00,294.45,29.24,69.25,2.4,14,2025-11-02,RJP_0094,0,2025
2025-11-02 10:00:00+00:00,188.2,28.63,72.55,2.1,15,2025-11-02,RJP_0094,0,2025
2025-11-02 11:00:00+00:00,76.68,27.79,77.8,1.69,16,2025-11-02,RJP_0094,0,2025
2025-11-02 12:00:00+00:00,0.0,26.26,86.76,1.34,17,2025-11-02,RJP_0094,0,2025
2025-11-02 13:00:00+00:00,0.0,25.32,89.46,1.34,18,2025-11-02,RJP_0094,0,2025
2025-11-02 14:00:00+00:00,0.0,24.77,91.18,1.44,19,2025-11-02,RJP_0094,0,2025
2025-11-02 15:00:00+00:00,0.0,24.25,93.13,1.6,20,2025-11-02,RJP_0094,0,2025
2025-11-02 16:00:00+00:00,0.0,23.79,94.82,1.81,21,2025-11-02,RJP_0094,0,2025
2025-11-02 17:00:00+00:00,0.0,23.43,95.97,2.01,22,2025-11-02,RJP_0094,0,2025
2025-11-02 18:00:00+00:00,0.0,23.15,96.71,2.17,23,2025-11-02,RJP_0094,0,2025
2025-11-02 19:00:00+00:00,0.0,22.93,97.37,2.33,0,2025-11-03,RJP_0094,0,2025
2025-11-02 20:00:00+00:00,0.0,22.74,97.89,2.44,1,2025-11-03,RJP_0094,0,2025
2025-11-02 21:00:00+00:00,0.0,22.54,98.37,2.4,2,2025-11-03,RJP_0094,0,2025
2025-11-02 22:00:00+00:00,0.0,22.34,98.82,2.31,3,2025-11-03,RJP_0094,0,2025
2025-11-02 23:00:00+00:00,0.0,22.16,99.16,2.25,4,2025-11-03,RJP_0094,0,2025
2025-11-03 00:00:00+00:00,0.0,22.04,99.33,2.23,5,2025-11-03,RJP_0094,0,2025
2025-11-03 01:00:00+00:00,24.8,22.11,98.85,2.3,6,2025-11-03,RJP_0094,0,2025
2025-11-03 02:00:00+00:00,160.55,23.48,94.54,3.49,7,2025-11-03,RJP_0094,0,2025
2025-11-03 03:00:00+00:00,306.35,24.88,89.0,3.98,8,2025-11-03,RJP_0094,0,2025
2025-11-03 04:00:00+00:00,453.52,26.25,82.59,4.25,9,2025-11-03,RJP_0094,0,2025
2025-11-03 05:00:00+00:00,574.1,27.43,77.06,4.44,10,2025-11-03,RJP_0094,0,2025
2025-11-03 06:00:00+00:00,578.38,28.12,73.83,4.62,11,2025-11-03,RJP_0094,0,2025
2025-11-03 07:00:00+00:00,514.5,28.52,71.83,4.85,12,2025-11-03,RJP_0094,0,2025
2025-11-03 08:00:00+00:00,354.25,28.59,71.17,5.07,13,2025-11-03,RJP_0094,0,2025
2025-11-03 09:00:00+00:00,269.38,28.33,71.7,5.01,14,2025-11-03,RJP_0094,0,2025
2025-11-03 10:00:00+00:00,183.12,27.81,74.13,4.66,15,2025-11-03,RJP_0094,0,2025
2025-11-03 11:00:00+00:00,78.0,26.84,80.47,3.66,16,2025-11-03,RJP_0094,0,2025
2025-11-03 12:00:00+00:00,0.0,24.96,90.85,2.43,17,2025-11-03,RJP_0094,0,2025
2025-11-03 13:00:00+00:00,0.0,23.9,93.86,2.45,18,2025-11-03,RJP_0094,0,2025
2025-11-03 14:00:00+00:00,0.0,23.49,95.0,2.55,19,2025-11-03,RJP_0094,0,2025
2025-11-03 15:00:00+00:00,0.0,23.22,96.12,2.88,20,2025-11-03,RJP_0094,0,2025
2025-11-03 16:00:00+00:00,0.0,23.04,97.18,3.35,21,2025-11-03,RJP_0094,0,2025
2025-11-03 17:00:00+00:00,0.0,22.99,97.5,3.93,22,2025-11-03,RJP_0094,0,2025
2025-11-03 18:00:00+00:00,0.0,22.96,97.25,4.4,23,2025-11-03,RJP_0094,0,2025
2025-11-03 19:00:00+00:00,0.0,22.77,97.62,4.37,0,2025-11-04,RJP_0094,0,2025
2025-11-03 20:00:00+00:00,0.0,22.55,97.76,4.31,1,2025-11-04,RJP_0094,0,2025
2025-11-03 21:00:00+00:00,0.0,22.19,97.9,3.99,2,2025-11-04,RJP_0094,0,2025
2025-11-03 22:00:00+00:00,0.0,21.68,98.05,3.67,3,2025-11-04,RJP_0094,0,2025
2025-11-03 23:00:00+00:00,0.0,21.14,98.13,3.47,4,2025-11-04,RJP_0094,0,2025
2025-11-04 00:00:00+00:00,0.0,20.54,98.64,3.07,5,2025-11-04,RJP_0094,0,2025
2025-11-04 01:00:00+00:00,24.05,20.1,98.55,2.78,6,2025-11-04,RJP_0094,0,2025
2025-11-04 02:00:00+00:00,170.93,20.96,94.89,3.6,7,2025-11-04,RJP_0094,0,2025
2025-11-04 03:00:00+00:00,338.65,22.22,88.57,3.92,8,2025-11-04,RJP_0094,0,2025
2025-11-04 04:00:00+00:00,517.0,23.98,78.51,4.45,9,2025-11-04,RJP_0094,0,2025
2025-11-04 05:00:00+00:00,606.33,25.59,68.48,4.88,10,2025-11-04,RJP_0094,0,2025
2025-11-04 06:00:00+00:00,612.92,26.74,62.66,5.16,11,2025-11-04,RJP_0094,0,2025
2025-11-04 07:00:00+00:00,559.9,27.45,60.19,5.32,12,2025-11-04,RJP_0094,0,2025
2025-11-04 08:00:00+00:00,415.2,27.71,60.07,5.31,13,2025-11-04,RJP_0094,0,2025
2025-11-04 09:00:00+00:00,379.92,27.45,61.93,4.93,14,2025-11-04,RJP_0094,0,2025
2025-11-04 10:00:00+00:00,226.27,26.9,64.43,4.38,15,2025-11-04,RJP_0094,0,2025
2025-11-04 11:00:00+00:00,85.7,25.6,72.34,3.29,16,2025-11-04,RJP_0094,0,2025
2025-11-04 12:00:00+00:00,0.0,23.08,86.11,2.41,17,2025-11-04,RJP_0094,0,2025
2025-11-04 13:00:00+00:00,0.0,21.78,89.22,2.46,18,2025-11-04,RJP_0094,0,2025
2025-11-04 14:00:00+00:00,0.0,21.16,90.62,2.45,19,2025-11-04,RJP_0094,0,2025
2025-11-04 15:00:00+00:00,0.0,20.61,91.94,2.49,20,2025-11-04,RJP_0094,0,2025
2025-11-04 16:00:00+00:00,0.0,20.12,93.15,2.54,21,2025-11-04,RJP_0094,0,2025
2025-11-04 17:00:00+00:00,0.0,19.65,94.56,2.56,22,2025-11-04,RJP_0094,0,2025
2025-11-04 18:00:00+00:00,0.0,19.17,96.25,2.53,23,2025-11-04,RJP_0094,0,2025
2025-11-04 19:00:00+00:00,0.0,18.64,98.55,2.47,0,2025-11-05,RJP_0094,0,2025
2025-11-04 20:00:00+00:00,0.0,18.13,100.0,2.42,1,2025-11-05,RJP_0094,0,2025
2025-11-04 21:00:00+00:00,0.0,17.62,100.0,2.33,2,2025-11-05,RJP_0094,0,2025
2025-11-04 22:00:00+00:00,0.0,17.08,100.0,2.24,3,2025-11-05,RJP_0094,0,2025
2025-11-04 23:00:00+00:00,0.0,16.55,100.0,2.19,4,2025-11-05,RJP_0094,0,2025
2025-11-05 00:00:00+00:00,0.0,16.03,100.0,2.17,5,2025-11-05,RJP_0094,0,2025
2025-11-05 01:00:00+00:00,29.9,15.69,100.0,2.13,6,2025-11-05,RJP_0094,0,2025
2025-11-05 02:00:00+00:00,218.2,18.07,92.1,2.39,7,2025-11-05,RJP_0094,0,2025
2025-11-05 03:00:00+00:00,427.95,20.23,81.77,2.07,8,2025-11-05,RJP_0094,0,2025
2025-11-05 04:00:00+00:00,609.15,23.36,65.29,1.44,9,2025-11-05,RJP_0094,0,2025
2025-11-05 05:00:00+00:00,736.08,26.07,48.33,1.27,10,2025-11-05,RJP_0094,0,2025
2025-11-05 06:00:00+00:00,796.4,27.53,41.34,1.2,11,2025-11-05,RJP_0094,0,2025
2025-11-05 07:00:00+00:00,779.22,28.28,38.73,1.19,12,2025-11-05,RJP_0094,0,2025
2025-11-05 08:00:00+00:00,688.78,28.58,37.45,1.3,13,2025-11-05,RJP_0094,0,2025
2025-11-05 09:00:00+00:00,533.5,28.46,37.86,1.33,14,2025-11-05,RJP_0094,0,2025
2025-11-05 10:00:00+00:00,330.77,28.27,38.11,1.24,15,2025-11-05,RJP_0094,0,2025
2025-11-05 11:00:00+00:00,124.45,27.39,37.66,1.25,16,2025-11-05,RJP_0094,0,2025
2025-11-05 12:00:00+00:00,0.0,25.31,47.42,0.82,17,2025-11-05,RJP_0094,0,2025
2025-11-05 13:00:00+00:00,0.0,24.39,42.83,0.66,18,2025-11-05,RJP_0094,0,2025
2025-11-05 14:00:00+00:00,0.0,23.46,44.56,0.8,19,2025-11-05,RJP_0094,0,2025
2025-11-05 15:00:00+00:00,0.0,22.03,50.62,1.1,20,2025-11-05,RJP_0094,0,2025
2025-11-05 16:00:00+00:00,0.0,21.01,53.71,1.42,21,2025-11-05,RJP_0094,0,2025
2025-11-05 17:00:00+00:00,0.0,19.81,58.31,1.63,22,2025-11-05,RJP_0094,0,2025
2025-11-05 18:00:00+00:00,0.0,18.93,61.02,1.78,23,2025-11-05,RJP_0094,0,2025
2025-11-05 19:00:00+00:00,0.0,18.07,63.88,1.9,0,2025-11-06,RJP_0094,0,2025
2025-11-05 20:00:00+00:00,0.0,17.16,67.33,2.06,1,2025-11-06,RJP_0094,0,2025
2025-11-05 21:00:00+00:00,0.0,16.14,71.75,2.3,2,2025-11-06,RJP_0094,0,2025
2025-11-05 22:00:00+00:00,0.0,15.14,76.14,2.55,3,2025-11-06,RJP_0094,0,2025
2025-11-05 23:00:00+00:00,0.0,14.28,79.64,2.76,4,2025-11-06,RJP_0094,0,2025
2025-11-06 00:00:00+00:00,0.0,13.54,82.21,2.9,5,2025-11-06,RJP_0094,0,2025
2025-11-06 01:00:00+00:00,23.83,13.12,83.51,2.96,6,2025-11-06,RJP_0094,0,2025
2025-11-06 02:00:00+00:00,173.0,15.6,74.94,3.43,7,2025-11-06,RJP_0094,0,2025
2025-11-06 03:00:00+00:00,360.35,17.78,65.81,3.82,8,2025-11-06,RJP_0094,0,2025
2025-11-06 04:00:00+00:00,517.95,20.49,63.2,2.94,9,2025-11-06,RJP_0094,0,2025
2025-11-06 05:00:00+00:00,650.56,24.06,47.58,2.75,10,2025-11-06,RJP_0094,0,2025
2025-11-06 06:00:00+00:00,771.7,26.19,38.96,2.46,11,2025-11-06,RJP_0094,0,2025
2025-11-06 07:00:00+00:00,753.55,27.17,35.5,2.36,12,2025-11-06,RJP_0094,0,2025
2025-11-06 08:00:00+00:00,661.22,27.34,34.45,2.45,13,2025-11-06,RJP_0094,0,2025
2025-11-06 09:00:00+00:00,505.58,27.03,35.37,2.51,14,2025-11-06,RJP_0094,0,2025
2025-11-06 10:00:00+00:00,305.05,26.6,37.03,2.22,15,2025-11-06,RJP_0094,0,2025
2025-11-06 11:00:00+00:00,115.4,24.78,44.72,2.13,16,2025-11-06,RJP_0094,0,2025
2025-11-06 12:00:00+00:00,0.0,21.35,61.4,2.06,17,2025-11-06,RJP_0094,0,2025
2025-11-06 13:00:00+00:00,0.0,19.81,60.24,2.29,18,2025-11-06,RJP_0094,0,2025
2025-11-06 14:00:00+00:00,0.0,18.63,63.88,2.45,19,2025-11-06,RJP_0094,0,2025
2025-11-06 15:00:00+00:00,0.0,17.67,66.67,2.55,20,2025-11-06,RJP_0094,0,2025
2025-11-06 16:00:00+00:00,0.0,16.93,68.51,2.55,21,2025-11-06,RJP_0094,0,2025
2025-11-06 17:00:00+00:00,0.0,16.38,69.35,2.47,22,2025-11-06,RJP_0094,0,2025
2025-11-06 18:00:00+00:00,0.0,15.86,70.11,2.32,23,2025-11-06,RJP_0094,0,2025
2025-11-06 19:00:00+00:00,0.0,15.45,70.18,2.2,0,2025-11-07,RJP_0094,0,2025
2025-11-06 20:00:00+00:00,0.0,15.06,70.4,2.09,1,2025-11-07,RJP_0094,0,2025
2025-11-06 21:00:00+00:00,0.0,14.54,71.57,2.06,2,2025-11-07,RJP_0094,0,2025
2025-11-06 22:00:00+00:00,0.0,13.91,73.48,2.07,3,2025-11-07,RJP_0094,0,2025
2025-11-06 23:00:00+00:00,0.0,13.39,74.81,2.14,4,2025-11-07,RJP_0094,0,2025
2025-11-07 00:00:00+00:00,0.0,12.85,76.28,2.24,5,2025-11-07,RJP_0094,0,2025
2025-11-07 01:00:00+00:00,27.5,12.46,77.99,2.36,6,2025-11-07,RJP_0094,0,2025
2025-11-07 02:00:00+00:00,210.48,14.99,78.35,2.22,7,2025-11-07,RJP_0094,0,2025
2025-11-07 03:00:00+00:00,423.95,17.5,64.08,2.8,8,2025-11-07,RJP_0094,0,2025
2025-11-07 04:00:00+00:00,608.05,20.05,62.16,2.07,9,2025-11-07,RJP_0094,0,2025
2025-11-07 05:00:00+00:00,737.45,23.98,44.15,1.95,10,2025-11-07,RJP_0094,0,2025
2025-11-07 06:00:00+00:00,805.5,25.66,37.97,1.81,11,2025-11-07,RJP_0094,0,2025
2025-11-07 07:00:00+00:00,788.75,26.26,36.34,1.75,12,2025-11-07,RJP_0094,0,2025
2025-11-07 08:00:00+00:00,698.35,26.47,36.46,1.78,13,2025-11-07,RJP_0094,0,2025
2025-11-07 09:00:00+00:00,543.55,26.29,36.15,1.84,14,2025-11-07,RJP_0094,0,2025
2025-11-07 10:00:00+00:00,339.4,25.7,38.65,1.76,15,2025-11-07,RJP_0094,0,2025
2025-11-07 11:00:00+00:00,126.97,24.25,45.02,1.71,16,2025-11-07,RJP_0094,0,2025
2025-11-07 12:00:00+00:00,0.0,21.28,55.7,1.71,17,2025-11-07,RJP_0094,0,2025
2025-11-07 13:00:00+00:00,0.0,19.75,53.74,1.95,18,2025-11-07,RJP_0094,0,2025
2025-11-07 14:00:00+00:00,0.0,18.37,57.65,2.22,19,2025-11-07,RJP_0094,0,2025
2025-11-07 15:00:00+00:00,0.0,17.12,61.29,2.42,20,2025-11-07,RJP_0094,0,2025
2025-11-07 16:00:00+00:00,0.0,16.12,63.87,2.5,21,2025-11-07,RJP_0094,0,2025
2025-11-07 17:00:00+00:00,0.0,15.35,65.39,2.49,22,2025-11-07,RJP_0094,0,2025
2025-11-07 18:00:00+00:00,0.0,14.79,65.73,2.38,23,2025-11-07,RJP_0094,0,2025
2025-11-07 19:00:00+00:00,0.0,14.33,65.6,2.2,0,2025-11-08,RJP_0094,0,2025
2025-11-07 20:00:00+00:00,0.0,14.07,64.55,1.98,1,2025-11-08,RJP_0094,0,2025
2025-11-07 21:00:00+00:00,0.0,13.69,64.27,1.91,2,2025-11-08,RJP_0094,0,2025
2025-11-07 22:00:00+00:00,0.0,13.11,65.41,1.93,3,2025-11-08,RJP_0094,0,2025
2025-11-07 23:00:00+00:00,0.0,12.6,66.05,1.95,4,2025-11-08,RJP_0094,0,2025
2025-11-08 00:00:00+00:00,0.0,12.05,67.19,2.01,5,2025-11-08,RJP_0094,0,2025
2025-11-08 01:00:00+00:00,30.08,11.59,68.85,2.06,6,2025-11-08,RJP_0094,0,2025
2025-11-08 02:00:00+00:00,225.1,13.95,72.86,1.84,7,2025-11-08,RJP_0094,0,2025
2025-11-08 03:00:00+00:00,442.83,16.6,56.1,2.06,8,2025-11-08,RJP_0094,0,2025
2025-11-08 04:00:00+00:00,623.35,19.18,55.23,1.26,9,2025-11-08,RJP_0094,0,2025
2025-11-08 05:00:00+00:00,748.9,23.44,37.54,0.49,10,2025-11-08,RJP_0094,0,2025
2025-11-08 06:00:00+00:00,801.55,25.15,33.65,0.68,11,2025-11-08,RJP_0094,0,2025
2025-11-08 07:00:00+00:00,783.1,25.87,33.29,1.17,12,2025-11-08,RJP_0094,0,2025
2025-11-08 08:00:00+00:00,691.03,26.09,34.22,1.57,13,2025-11-08,RJP_0094,0,2025
2025-11-08 09:00:00+00:00,534.55,25.91,35.92,1.87,14,2025-11-08,RJP_0094,0,2025
2025-11-08 10:00:00+00:00,330.52,25.33,39.24,1.91,15,2025-11-08,RJP_0094,0,2025
2025-11-08 11:00:00+00:00,121.4,23.82,47.06,1.91,16,2025-11-08,RJP_0094,0,2025
2025-11-08 12:00:00+00:00,0.0,20.83,56.07,1.82,17,2025-11-08,RJP_0094,0,2025
2025-11-08 13:00:00+00:00,0.0,19.5,54.25,1.98,18,2025-11-08,RJP_0094,0,2025
2025-11-08 14:00:00+00:00,0.0,18.32,57.68,2.17,19,2025-11-08,RJP_0094,0,2025
2025-11-08 15:00:00+00:00,0.0,17.28,60.82,2.28,20,2025-11-08,RJP_0094,0,2025
2025-11-08 16:00:00+00:00,0.0,16.45,63.12,2.26,21,2025-11-08,RJP_0094,0,2025
2025-11-08 17:00:00+00:00,0.0,15.71,65.22,2.18,22,2025-11-08,RJP_0094,0,2025
2025-11-08 18:00:00+00:00,0.0,15.05,67.02,2.06,23,2025-11-08,RJP_0094,0,2025
2025-11-08 19:00:00+00:00,0.0,14.57,67.89,1.9,0,2025-11-09,RJP_0094,0,2025
2025-11-08 20:00:00+00:00,0.0,14.11,68.67,1.72,1,2025-11-09,RJP_0094,0,2025
2025-11-08 21:00:00+00:00,0.0,13.73,68.88,1.51,2,2025-11-09,RJP_0094,0,2025
2025-11-08 22:00:00+00:00,0.0,13.52,68.1,1.36,3,2025-11-09,RJP_0094,0,2025
2025-11-08 23:00:00+00:00,0.0,13.34,67.17,1.21,4,2025-11-09,RJP_0094,0,2025
2025-11-09 00:00:00+00:00,0.0,13.15,66.59,1.06,5,2025-11-09,RJP_0094,0,2025
2025-11-09 01:00:00+00:00,26.73,12.96,66.52,0.97,6,2025-11-09,RJP_0094,0,2025
2025-11-09 02:00:00+00:00,211.65,14.57,71.99,0.82,7,2025-11-09,RJP_0094,0,2025
2025-11-09 03:00:00+00:00,425.6,16.68,60.45,0.85,8,2025-11-09,RJP_0094,0,2025
2025-11-09 04:00:00+00:00,606.08,19.28,57.2,0.58,9,2025-11-09,RJP_0094,0,2025
2025-11-09 05:00:00+00:00,731.05,22.97,44.08,0.78,10,2025-11-09,RJP_0094,0,2025
2025-11-09 06:00:00+00:00,777.25,24.98,38.58,0.86,11,2025-11-09,RJP_0094,0,2025
2025-11-09 07:00:00+00:00,758.8,25.65,37.65,0.86,12,2025-11-09,RJP_0094,0,2025
2025-11-09 08:00:00+00:00,667.5,25.88,37.72,0.98,13,2025-11-09,RJP_0094,0,2025
2025-11-09 09:00:00+00:00,512.28,25.64,38.61,1.03,14,2025-11-09,RJP_0094,0,2025
2025-11-09 10:00:00+00:00,311.15,25.12,40.88,0.92,15,2025-11-09,RJP_0094,0,2025
2025-11-09 11:00:00+00:00,112.85,24.13,45.49,0.75,16,2025-11-09,RJP_0094,0,2025
2025-11-09 12:00:00+00:00,0.0,22.4,45.81,0.55,17,2025-11-09,RJP_0094,0,2025
2025-11-09 13:00:00+00:00,0.0,21.46,43.38,0.43,18,2025-11-09,RJP_0094,0,2025
2025-11-09 14:00:00+00:00,0.0,20.82,43.68,0.38,19,2025-11-09,RJP_0094,0,2025
2025-11-09 15:00:00+00:00,0.0,20.19,44.5,0.48,20,2025-11-09,RJP_0094,0,2025
2025-11-09 16:00:00+00:00,0.0,19.47,46.06,0.66,21,2025-11-09,RJP_0094,0,2025
2025-11-09 17:00:00+00:00,0.0,18.63,48.53,0.79,22,2025-11-09,RJP_0094,0,2025
2025-11-09 18:00:00+00:00,0.0,17.77,51.89,0.95,23,2025-11-09,RJP_0094,0,2025
2025-11-09 19:00:00+00:00,0.0,16.76,55.71,1.08,0,2025-11-10,RJP_0094,0,2025
2025-11-09 20:00:00+00:00,0.0,16.05,58.01,1.17,1,2025-11-10,RJP_0094,0,2025
2025-11-09 21:00:00+00:00,0.0,15.61,58.77,1.24,2,2025-11-10,RJP_0094,0,2025
2025-11-09 22:00:00+00:00,0.0,15.0,60.48,1.3,3,2025-11-10,RJP_0094,0,2025
2025-11-09 23:00:00+00:00,0.0,14.55,61.43,1.31,4,2025-11-10,RJP_0094,0,2025
2025-11-10 00:00:00+00:00,0.0,14.06,62.67,1.25,5,2025-11-10,RJP_0094,0,2025
2025-11-10 01:00:00+00:00,24.1,13.85,63.08,1.28,6,2025-11-10,RJP_0094,0,2025
2025-11-10 02:00:00+00:00,200.62,15.48,70.9,1.21,7,2025-11-10,RJP_0094,0,2025
2025-11-10 03:00:00+00:00,408.5,17.73,58.34,1.5,8,2025-11-10,RJP_0094,0,2025
2025-11-10 04:00:00+00:00,588.35,20.09,56.39,1.39,9,2025-11-10,RJP_0094,0,2025
2025-11-10 05:00:00+00:00,712.95,23.59,44.19,1.93,10,2025-11-10,RJP_0094,0,2025
2025-11-10 06:00:00+00:00,764.33,24.97,40.22,2.06,11,2025-11-10,RJP_0094,0,2025
2025-11-10 07:00:00+00:00,745.65,25.46,39.42,1.97,12,2025-11-10,RJP_0094,0,2025
2025-11-10 08:00:00+00:00,655.15,25.63,39.47,1.81,13,2025-11-10,RJP_0094,0,2025
2025-11-10 09:00:00+00:00,500.95,25.48,39.9,1.52,14,2025-11-10,RJP_0094,0,2025
2025-11-10 10:00:00+00:00,301.73,24.91,42.35,1.14,15,2025-11-10,RJP_0094,0,2025
2025-11-10 11:00:00+00:00,107.72,24.04,46.48,0.77,16,2025-11-10,RJP_0094,0,2025
2025-11-10 12:00:00+00:00,0.0,22.08,48.72,0.69,17,2025-11-10,RJP_0094,0,2025
2025-11-10 13:00:00+00:00,0.0,21.13,47.19,0.69,18,2025-11-10,RJP_0094,0,2025
2025-11-10 14:00:00+00:00,0.0,20.46,47.85,0.67,19,2025-11-10,RJP_0094,0,2025
2025-11-10 15:00:00+00:00,0.0,19.67,49.58,0.83,20,2025-11-10,RJP_0094,0,2025
2025-11-10 16:00:00+00:00,0.0,18.38,55.22,1.15,21,2025-11-10,RJP_0094,0,2025
2025-11-10 17:00:00+00:00,0.0,17.24,59.48,1.5,22,2025-11-10,RJP_0094,0,2025
2025-11-10 18:00:00+00:00,0.0,16.12,64.11,1.8,23,2025-11-10,RJP_0094,0,2025
2025-11-10 19:00:00+00:00,0.0,15.18,67.97,2.0,0,2025-11-11,RJP_0094,0,2025
2025-11-10 20:00:00+00:00,0.0,14.4,70.98,2.11,1,2025-11-11,RJP_0094,0,2025
2025-11-10 21:00:00+00:00,0.0,13.76,73.29,2.18,2,2025-11-11,RJP_0094,0,2025
2025-11-10 22:00:00+00:00,0.0,13.27,74.45,2.23,3,2025-11-11,RJP_0094,0,2025
2025-11-10 23:00:00+00:00,0.0,12.95,74.6,2.22,4,2025-11-11,RJP_0094,0,2025
2025-11-11 00:00:00+00:00,0.0,12.81,73.65,2.13,5,2025-11-11,RJP_0094,0,2025
2025-11-11 01:00:00+00:00,21.45,12.81,72.54,1.99,6,2025-11-11,RJP_0094,0,2025
2025-11-11 02:00:00+00:00,186.0,14.96,76.97,1.61,7,2025-11-11,RJP_0094,0,2025
2025-11-11 03:00:00+00:00,389.1,17.68,60.67,1.7,8,2025-11-11,RJP_0094,0,2025
2025-11-11 04:00:00+00:00,568.42,20.19,57.02,0.9,9,2025-11-11,RJP_0094,0,2025
2025-11-11 05:00:00+00:00,693.8,23.85,43.18,0.56,10,2025-11-11,RJP_0094,0,2025
2025-11-11 06:00:00+00:00,751.2,25.23,40.5,0.79,11,2025-11-11,RJP_0094,0,2025
2025-11-11 07:00:00+00:00,734.2,25.76,40.34,0.79,12,2025-11-11,RJP_0094,0,2025
2025-11-11 08:00:00+00:00,645.33,25.95,40.69,0.72,13,2025-11-11,RJP_0094,0,2025
2025-11-11 09:00:00+00:00,493.52,25.78,41.46,0.59,14,2025-11-11,RJP_0094,0,2025
2025-11-11 10:00:00+00:00,296.92,25.28,43.72,0.44,15,2025-11-11,RJP_0094,0,2025
2025-11-11 11:00:00+00:00,104.57,24.18,49.53,0.31,16,2025-11-11,RJP_0094,0,2025
2025-11-11 12:00:00+00:00,0.0,22.48,51.26,0.42,17,2025-11-11,RJP_0094,0,2025
2025-11-11 13:00:00+00:00,0.0,21.3,51.44,0.59,18,2025-11-11,RJP_0094,0,2025
2025-11-11 14:00:00+00:00,0.0,20.52,52.97,0.69,19,2025-11-11,RJP_0094,0,2025
2025-11-11 15:00:00+00:00,0.0,19.68,55.47,0.88,20,2025-11-11,RJP_0094,0,2025
2025-11-11 16:00:00+00:00,0.0,18.5,60.07,1.14,21,2025-11-11,RJP_0094,0,2025
2025-11-11 17:00:00+00:00,0.0,17.82,61.76,1.44,22,2025-11-11,RJP_0094,0,2025
2025-11-11 18:00:00+00:00,0.0,16.84,65.27,1.66,23,2025-11-11,RJP_0094,0,2025
2025-11-11 19:00:00+00:00,0.0,15.96,68.58,1.8,0,2025-11-12,RJP_0094,0,2025
2025-11-11 20:00:00+00:00,0.0,15.21,71.04,1.87,1,2025-11-12,RJP_0094,0,2025
2025-11-11 21:00:00+00:00,0.0,14.67,72.33,1.88,2,2025-11-12,RJP_0094,0,2025
2025-11-11 22:00:00+00:00,0.0,14.32,72.57,1.83,3,2025-11-12,RJP_0094,0,2025
2025-11-11 23:00:00+00:00,0.0,14.04,72.37,1.72,4,2025-11-12,RJP_0094,0,2025
2025-11-12 00:00:00+00:00,0.0,13.82,71.88,1.61,5,2025-11-12,RJP_0094,0,2025
2025-11-12 01:00:00+00:00,22.55,13.79,71.18,1.56,6,2025-11-12,RJP_0094,0,2025
2025-11-12 02:00:00+00:00,196.62,15.69,76.14,1.4,7,2025-11-12,RJP_0094,0,2025
2025-11-12 03:00:00+00:00,407.3,18.13,62.4,1.55,8,2025-11-12,RJP_0094,0,2025
2025-11-12 04:00:00+00:00,586.88,20.74,58.09,0.93,9,2025-11-12,RJP_0094,0,2025
2025-11-12 05:00:00+00:00,711.72,24.56,43.12,0.34,10,2025-11-12,RJP_0094,0,2025
2025-11-12 06:00:00+00:00,744.92,25.73,40.19,0.14,11,2025-11-12,RJP_0094,0,2025
2025-11-12 07:00:00+00:00,727.22,26.28,39.29,0.24,12,2025-11-12,RJP_0094,0,2025
2025-11-12 08:00:00+00:00,637.5,26.48,39.26,0.58,13,2025-11-12,RJP_0094,0,2025
2025-11-12 09:00:00+00:00,485.7,26.24,40.17,0.65,14,2025-11-12,RJP_0094,0,2025
2025-11-12 10:00:00+00:00,289.8,25.8,42.54,0.54,15,2025-11-12,RJP_0094,0,2025
2025-11-12 11:00:00+00:00,100.2,24.66,48.73,0.47,16,2025-11-12,RJP_0094,0,2025
2025-11-12 12:00:00+00:00,0.0,23.27,46.95,0.39,17,2025-11-12,RJP_0094,0,2025
2025-11-12 13:00:00+00:00,0.0,22.27,46.6,0.44,18,2025-11-12,RJP_0094,0,2025
2025-11-12 14:00:00+00:00,0.0,21.29,49.44,0.56,19,2025-11-12,RJP_0094,0,2025
2025-11-12 15:00:00+00:00,0.0,20.58,50.57,0.68,20,2025-11-12,RJP_0094,0,2025
2025-11-12 16:00:00+00:00,0.0,19.76,52.46,0.81,21,2025-11-12,RJP_0094,0,2025
2025-11-12 17:00:00+00:00,0.0,18.63,56.43,1.0,22,2025-11-12,RJP_0094,0,2025
2025-11-12 18:00:00+00:00,0.0,17.82,58.36,1.25,23,2025-11-12,RJP_0094,0,2025
2025-11-12 19:00:00+00:00,0.0,16.72,62.39,1.46,0,2025-11-13,RJP_0094,0,2025
2025-11-12 20:00:00+00:00,0.0,15.87,64.99,1.65,1,2025-11-13,RJP_0094,0,2025
2025-11-12 21:00:00+00:00,0.0,15.11,67.42,1.82,2,2025-11-13,RJP_0094,0,2025
2025-11-12 22:00:00+00:00,0.0,14.46,69.46,1.99,3,2025-11-13,RJP_0094,0,2025
2025-11-12 23:00:00+00:00,0.0,13.95,70.83,2.1,4,2025-11-13,RJP_0094,0,2025
2025-11-13 00:00:00+00:00,0.0,13.44,72.34,2.22,5,2025-11-13,RJP_0094,0,2025
2025-11-13 01:00:00+00:00,21.02,13.02,74.1,2.32,6,2025-11-13,RJP_0094,0,2025
2025-11-13 02:00:00+00:00,191.0,15.22,76.5,2.06,7,2025-11-13,RJP_0094,0,2025
2025-11-13 03:00:00+00:00,399.12,17.98,60.44,2.53,8,2025-11-13,RJP_0094,0,2025
2025-11-13 04:00:00+00:00,577.92,20.41,58.6,1.61,9,2025-11-13,RJP_0094,0,2025
2025-11-13 05:00:00+00:00,702.83,24.49,43.73,1.0,10,2025-11-13,RJP_0094,0,2025
2025-11-13 06:00:00+00:00,738.35,26.1,39.47,0.57,11,2025-11-13,RJP_0094,0,2025
2025-11-13 07:00:00+00:00,720.72,26.67,38.71,0.72,12,2025-11-13,RJP_0094,0,2025
2025-11-13 08:00:00+00:00,631.3,26.78,38.86,1.13,13,2025-11-13,RJP_0094,0,2025
2025-11-13 09:00:00+00:00,479.27,26.47,40.32,1.31,14,2025-11-13,RJP_0094,0,2025
2025-11-13 10:00:00+00:00,283.98,25.89,43.02,1.31,15,2025-11-13,RJP_0094,0,2025
2025-11-13 11:00:00+00:00,96.75,24.63,50.85,1.25,16,2025-11-13,RJP_0094,0,2025
2025-11-13 12:00:00+00:00,0.0,22.07,55.74,1.32,17,2025-11-13,RJP_0094,0,2025
2025-11-13 13:00:00+00:00,0.0,20.67,56.49,1.68,18,2025-11-13,RJP_0094,0,2025
2025-11-13 14:00:00+00:00,0.0,19.26,61.54,2.05,19,2025-11-13,RJP_0094,0,2025
2025-11-13 15:00:00+00:00,0.0,18.05,65.72,2.29,20,2025-11-13,RJP_0094,0,2025
2025-11-13 16:00:00+00:00,0.0,17.01,69.29,2.47,21,2025-11-13,RJP_0094,0,2025
2025-11-13 17:00:00+00:00,0.0,15.96,73.28,2.64,22,2025-11-13,RJP_0094,0,2025
2025-11-13 18:00:00+00:00,0.0,15.08,76.5,2.78,23,2025-11-13,RJP_0094,0,2025
2025-11-13 19:00:00+00:00,0.0,14.39,78.9,2.84,0,2025-11-14,RJP_0094,0,2025
2025-11-13 20:00:00+00:00,0.0,13.83,80.61,2.84,1,2025-11-14,RJP_0094,0,2025
2025-11-13 21:00:00+00:00,0.0,13.32,82.21,2.82,2,2025-11-14,RJP_0094,0,2025
2025-11-13 22:00:00+00:00,0.0,12.88,83.78,2.8,3,2025-11-14,RJP_0094,0,2025
2025-11-13 23:00:00+00:00,0.0,12.46,85.29,2.79,4,2025-11-14,RJP_0094,0,2025
2025-11-14 00:00:00+00:00,0.0,12.05,86.79,2.79,5,2025-11-14,RJP_0094,0,2025
2025-11-14 01:00:00+00:00,18.58,11.76,88.31,2.78,6,2025-11-14,RJP_0094,0,2025
2025-11-14 02:00:00+00:00,176.38,14.35,82.52,2.95,7,2025-11-14,RJP_0094,0,2025
2025-11-14 03:00:00+00:00,375.7,16.93,71.99,3.17,8,2025-11-14,RJP_0094,0,2025
2025-11-14 04:00:00+00:00,552.88,19.79,68.29,2.3,9,2025-11-14,RJP_0094,0,2025
2025-11-14 05:00:00+00:00,677.33,23.97,46.76,2.14,10,2025-11-14,RJP_0094,0,2025
2025-11-14 06:00:00+00:00,705.45,25.65,39.52,1.6,11,2025-11-14,RJP_0094,0,2025
2025-11-14 07:00:00+00:00,688.0,26.17,38.0,1.03,12,2025-11-14,RJP_0094,0,2025
2025-11-14 08:00:00+00:00,598.3,26.34,37.59,0.76,13,2025-11-14,RJP_0094,0,2025
2025-11-14 09:00:00+00:00,429.02,26.09,38.32,0.91,14,2025-11-14,RJP_0094,0,2025
2025-11-14 10:00:00+00:00,259.17,25.47,41.41,1.21,15,2025-11-14,RJP_0094,0,2025
2025-11-14 11:00:00+00:00,90.68,24.04,50.56,1.42,16,2025-11-14,RJP_0094,0,2025
2025-11-14 12:00:00+00:00,0.0,20.98,57.85,1.82,17,2025-11-14,RJP_0094,0,2025
2025-11-14 13:00:00+00:00,0.0,18.95,60.88,2.32,18,2025-11-14,RJP_0094,0,2025
2025-11-14 14:00:00+00:00,0.0,17.28,66.55,2.74,19,2025-11-14,RJP_0094,0,2025
2025-11-14 15:00:00+00:00,0.0,16.01,70.03,3.04,20,2025-11-14,RJP_0094,0,2025
2025-11-14 16:00:00+00:00,0.0,15.08,71.97,3.2,21,2025-11-14,RJP_0094,0,2025
2025-11-14 17:00:00+00:00,0.0,14.32,73.3,3.25,22,2025-11-14,RJP_0094,0,2025
2025-11-14 18:00:00+00:00,0.0,13.69,74.26,3.24,23,2025-11-14,RJP_0094,0,2025
2025-11-14 19:00:00+00:00,0.0,13.13,75.25,3.18,0,2025-11-15,RJP_0094,0,2025
2025-11-14 20:00:00+00:00,0.0,12.63,76.03,3.12,1,2025-11-15,RJP_0094,0,2025
2025-11-14 21:00:00+00:00,0.0,12.15,76.92,3.08,2,2025-11-15,RJP_0094,0,2025
2025-11-14 22:00:00+00:00,0.0,11.7,77.65,3.07,3,2025-11-15,RJP_0094,0,2025
2025-11-14 23:00:00+00:00,0.0,11.29,78.3,3.08,4,2025-11-15,RJP_0094,0,2025
2025-11-15 00:00:00+00:00,0.0,10.91,79.04,3.08,5,2025-11-15,RJP_0094,0,2025
2025-11-15 01:00:00+00:00,16.75,10.64,79.67,3.07,6,2025-11-15,RJP_0094,0,2025
2025-11-15 02:00:00+00:00,164.85,13.12,74.11,3.29,7,2025-11-15,RJP_0094,0,2025
2025-11-15 03:00:00+00:00,354.3,15.83,62.05,3.64,8,2025-11-15,RJP_0094,0,2025
2025-11-15 04:00:00+00:00,530.12,18.57,60.22,2.76,9,2025-11-15,RJP_0094,0,2025
2025-11-15 05:00:00+00:00,658.33,22.5,46.9,2.5,10,2025-11-15,RJP_0094,0,2025
2025-11-15 06:00:00+00:00,723.65,24.73,38.12,2.08,11,2025-11-15,RJP_0094,0,2025
2025-11-15 07:00:00+00:00,706.15,25.36,37.79,1.81,12,2025-11-15,RJP_0094,0,2025
2025-11-15 08:00:00+00:00,616.17,25.52,38.12,1.85,13,2025-11-15,RJP_0094,0,2025
2025-11-15 09:00:00+00:00,463.12,25.31,38.39,2.08,14,2025-11-15,RJP_0094,0,2025
2025-11-15 10:00:00+00:00,269.27,24.58,42.61,2.11,15,2025-11-15,RJP_0094,0,2025
2025-11-15 11:00:00+00:00,92.45,22.38,58.9,2.13,16,2025-11-15,RJP_0094,0,2025
2025-11-15 12:00:00+00:00,0.0,18.48,68.9,2.62,17,2025-11-15,RJP_0094,0,2025
2025-11-15 13:00:00+00:00,0.0,16.68,70.1,3.01,18,2025-11-15,RJP_0094,0,2025
2025-11-15 14:00:00+00:00,0.0,15.56,71.46,3.23,19,2025-11-15,RJP_0094,0,2025
2025-11-15 15:00:00+00:00,0.0,14.69,71.96,3.34,20,2025-11-15,RJP_0094,0,2025
2025-11-15 16:00:00+00:00,0.0,13.97,72.37,3.39,21,2025-11-15,RJP_0094,0,2025
2025-11-15 17:00:00+00:00,0.0,13.33,73.11,3.38,22,2025-11-15,RJP_0094,0,2025
2025-11-15 18:00:00+00:00,0.0,12.78,73.99,3.34,23,2025-11-15,RJP_0094,0,2025
2025-11-15 19:00:00+00:00,0.0,12.26,75.12,3.29,0,2025-11-16,RJP_0094,0,2025
2025-11-15 20:00:00+00:00,0.0,11.79,76.11,3.21,1,2025-11-16,RJP_0094,0,2025
2025-11-15 21:00:00+00:00,0.0,11.35,77.08,3.18,2,2025-11-16,RJP_0094,0,2025
2025-11-15 22:00:00+00:00,0.0,10.92,78.11,3.17,3,2025-11-16,RJP_0094,0,2025
2025-11-15 23:00:00+00:00,0.0,10.52,79.0,3.2,4,2025-11-16,RJP_0094,0,2025
2025-11-16 00:00:00+00:00,0.0,10.16,79.7,3.25,5,2025-11-16,RJP_0094,0,2025
2025-11-16 01:00:00+00:00,16.0,9.86,80.72,3.29,6,2025-11-16,RJP_0094,0,2025
2025-11-16 02:00:00+00:00,164.0,12.47,74.86,3.58,7,2025-11-16,RJP_0094,0,2025
2025-11-16 03:00:00+00:00,352.6,15.52,62.87,3.93,8,2025-11-16,RJP_0094,0,2025
2025-11-16 04:00:00+00:00,528.47,18.36,60.84,2.78,9,2025-11-16,RJP_0094,0,2025
2025-11-16 05:00:00+00:00,653.58,22.25,45.5,2.9,10,2025-11-16,RJP_0094,0,2025
2025-11-16 06:00:00+00:00,702.92,24.33,35.93,2.91,11,2025-11-16,RJP_0094,0,2025
2025-11-16 07:00:00+00:00,686.75,25.13,34.57,2.78,12,2025-11-16,RJP_0094,0,2025
2025-11-16 08:00:00+00:00,597.08,25.43,34.61,2.79,13,2025-11-16,RJP_0094,0,2025
2025-11-16 09:00:00+00:00,444.77,25.16,35.64,2.9,14,2025-11-16,RJP_0094,0,2025
2025-11-16 10:00:00+00:00,264.92,24.38,40.4,2.6,15,2025-11-16,RJP_0094,0,2025
2025-11-16 11:00:00+00:00,88.12,21.91,60.2,2.28,16,2025-11-16,RJP_0094,0,2025
2025-11-16 12:00:00+00:00,0.0,18.16,67.44,2.68,17,2025-11-16,RJP_0094,0,2025
2025-11-16 13:00:00+00:00,0.0,16.46,69.88,2.98,18,2025-11-16,RJP_0094,0,2025
2025-11-16 14:00:00+00:00,0.0,15.36,72.77,3.16,19,2025-11-16,RJP_0094,0,2025
2025-11-16 15:00:00+00:00,0.0,14.48,74.76,3.24,20,2025-11-16,RJP_0094,0,2025
2025-11-16 16:00:00+00:00,0.0,13.78,75.95,3.24,21,2025-11-16,RJP_0094,0,2025
2025-11-16 17:00:00+00:00,0.0,13.18,76.69,3.21,22,2025-11-16,RJP_0094,0,2025
2025-11-16 18:00:00+00:00,0.0,12.64,77.18,3.16,23,2025-11-16,RJP_0094,0,2025
2025-11-16 19:00:00+00:00,0.0,12.13,77.56,3.1,0,2025-11-17,RJP_0094,0,2025
2025-11-16 20:00:00+00:00,0.0,11.6,78.11,3.05,1,2025-11-17,RJP_0094,0,2025
2025-11-16 21:00:00+00:00,0.0,11.04,79.01,3.0,2,2025-11-17,RJP_0094,0,2025
2025-11-16 22:00:00+00:00,0.0,10.46,80.39,2.98,3,2025-11-17,RJP_0094,0,2025
2025-11-16 23:00:00+00:00,0.0,9.88,81.9,2.98,4,2025-11-17,RJP_0094,0,2025
2025-11-17 00:00:00+00:00,0.0,9.34,83.62,2.97,5,2025-11-17,RJP_0094,0,2025
2025-11-17 01:00:00+00:00,16.35,8.92,85.38,2.92,6,2025-11-17,RJP_0094,0,2025
2025-11-17 02:00:00+00:00,166.73,11.44,80.75,2.96,7,2025-11-17,RJP_0094,0,2025
2025-11-17 03:00:00+00:00,367.77,14.23,69.14,3.03,8,2025-11-17,RJP_0094,0,2025
2025-11-17 04:00:00+00:00,545.75,17.23,64.39,2.08,9,2025-11-17,RJP_0094,0,2025
2025-11-17 05:00:00+00:00,672.42,21.28,45.69,2.86,10,2025-11-17,RJP_0094,0,2025
2025-11-17 06:00:00+00:00,722.62,23.29,39.25,2.92,11,2025-11-17,RJP_0094,0,2025
2025-11-17 07:00:00+00:00,707.22,24.32,37.48,2.73,12,2025-11-17,RJP_0094,0,2025
2025-11-17 08:00:00+00:00,619.03,24.79,37.31,2.66,13,2025-11-17,RJP_0094,0,2025
2025-11-17 09:00:00+00:00,467.2,24.67,38.01,2.72,14,2025-11-17,RJP_0094,0,2025
2025-11-17 10:00:00+00:00,273.25,23.99,42.73,2.46,15,2025-11-17,RJP_0094,0,2025
2025-11-17 11:00:00+00:00,91.43,21.61,62.51,2.17,16,2025-11-17,RJP_0094,0,2025
2025-11-17 12:00:00+00:00,0.0,18.31,65.09,2.48,17,2025-11-17,RJP_0094,0,2025
2025-11-17 13:00:00+00:00,0.0,16.82,66.5,2.69,18,2025-11-17,RJP_0094,0,2025
2025-11-17 14:00:00+00:00,0.0,15.6,70.25,2.9,19,2025-11-17,RJP_0094,0,2025
2025-11-17 15:00:00+00:00,0.0,14.52,73.44,3.08,20,2025-11-17,RJP_0094,0,2025
2025-11-17 16:00:00+00:00,0.0,13.62,75.85,3.23,21,2025-11-17,RJP_0094,0,2025
2025-11-17 17:00:00+00:00,0.0,12.85,77.53,3.3,22,2025-11-17,RJP_0094,0,2025
2025-11-17 18:00:00+00:00,0.0,12.18,78.67,3.29,23,2025-11-17,RJP_0094,0,2025
2025-11-17 19:00:00+00:00,0.0,11.56,79.5,3.25,0,2025-11-18,RJP_0094,0,2025
2025-11-17 20:00:00+00:00,0.0,10.98,80.19,3.2,1,2025-11-18,RJP_0094,0,2025
2025-11-17 21:00:00+00:00,0.0,10.43,80.93,3.14,2,2025-11-18,RJP_0094,0,2025
2025-11-17 22:00:00+00:00,0.0,9.89,81.98,3.06,3,2025-11-18,RJP_0094,0,2025
2025-11-17 23:00:00+00:00,0.0,9.38,83.26,2.99,4,2025-11-18,RJP_0094,0,2025
2025-11-18 00:00:00+00:00,0.0,8.92,84.83,2.92,5,2025-11-18,RJP_0094,0,2025
2025-11-18 01:00:00+00:00,15.23,8.6,86.19,2.87,6,2025-11-18,RJP_0094,0,2025
2025-11-18 02:00:00+00:00,159.85,11.03,81.25,2.98,7,2025-11-18,RJP_0094,0,2025
2025-11-18 03:00:00+00:00,362.77,13.96,68.72,3.27,8,2025-11-18,RJP_0094,0,2025
2025-11-18 04:00:00+00:00,543.58,16.98,64.3,2.27,9,2025-11-18,RJP_0094,0,2025
2025-11-18 05:00:00+00:00,670.28,21.08,46.44,2.88,10,2025-11-18,RJP_0094,0,2025
2025-11-18 06:00:00+00:00,689.17,22.97,41.13,2.88,11,2025-11-18,RJP_0094,0,2025
2025-11-18 07:00:00+00:00,671.22,24.02,39.35,2.7,12,2025-11-18,RJP_0094,0,2025
2025-11-18 08:00:00+00:00,580.33,24.58,38.67,2.58,13,2025-11-18,RJP_0094,0,2025
2025-11-18 09:00:00+00:00,430.23,24.51,39.21,2.6,14,2025-11-18,RJP_0094,0,2025
2025-11-18 10:00:00+00:00,256.67,23.82,43.96,2.32,15,2025-11-18,RJP_0094,0,2025
2025-11-18 11:00:00+00:00,83.5,21.47,63.69,2.06,16,2025-11-18,RJP_0094,0,2025
2025-11-18 12:00:00+00:00,0.0,18.23,65.2,2.43,17,2025-11-18,RJP_0094,0,2025
2025-11-18 13:00:00+00:00,0.0,16.65,67.31,2.68,18,2025-11-18,RJP_0094,0,2025
2025-11-18 14:00:00+00:00,0.0,15.48,70.71,2.88,19,2025-11-18,RJP_0094,0,2025
2025-11-18 15:00:00+00:00,0.0,14.59,72.74,2.99,20,2025-11-18,RJP_0094,0,2025
2025-11-18 16:00:00+00:00,0.0,13.89,74.14,3.03,21,2025-11-18,RJP_0094,0,2025
2025-11-18 17:00:00+00:00,0.0,13.3,74.98,3.01,22,2025-11-18,RJP_0094,0,2025
2025-11-18 18:00:00+00:00,0.0,12.78,75.54,2.95,23,2025-11-18,RJP_0094,0,2025
2025-11-18 19:00:00+00:00,0.0,12.3,76.07,2.88,0,2025-11-19,RJP_0094,0,2025
2025-11-18 20:00:00+00:00,0.0,11.84,76.59,2.81,1,2025-11-19,RJP_0094,0,2025
2025-11-18 21:00:00+00:00,0.0,11.32,77.51,2.75,2,2025-11-19,RJP_0094,0,2025
2025-11-18 22:00:00+00:00,0.0,10.74,78.63,2.72,3,2025-11-19,RJP_0094,0,2025
2025-11-18 23:00:00+00:00,0.0,10.17,79.96,2.71,4,2025-11-19,RJP_0094,0,2025
2025-11-19 00:00:00+00:00,0.0,9.61,81.39,2.72,5,2025-11-19,RJP_0094,0,2025
2025-11-19 01:00:00+00:00,13.43,9.12,83.27,2.72,6,2025-11-19,RJP_0094,0,2025
2025-11-19 02:00:00+00:00,147.43,11.26,79.97,2.7,7,2025-11-19,RJP_0094,0,2025
2025-11-19 03:00:00+00:00,327.05,14.01,67.98,2.94,8,2025-11-19,RJP_0094,0,2025
2025-11-19 04:00:00+00:00,495.83,16.91,64.33,1.86,9,2025-11-19,RJP_0094,0,2025
2025-11-19 05:00:00+00:00,620.97,21.05,47.33,2.02,10,2025-11-19,RJP_0094,0,2025
2025-11-19 06:00:00+00:00,642.92,23.1,41.29,1.84,11,2025-11-19,RJP_0094,0,2025
2025-11-19 07:00:00+00:00,622.25,24.06,39.71,1.46,12,2025-11-19,RJP_0094,0,2025
2025-11-19 08:00:00+00:00,532.58,24.55,39.23,1.33,13,2025-11-19,RJP_0094,0,2025
2025-11-19 09:00:00+00:00,387.85,24.51,40.42,1.44,14,2025-11-19,RJP_0094,0,2025
2025-11-19 10:00:00+00:00,231.98,23.93,44.66,1.51,15,2025-11-19,RJP_0094,0,2025
2025-11-19 11:00:00+00:00,78.12,22.14,60.55,1.44,16,2025-11-19,RJP_0094,0,2025
2025-11-19 12:00:00+00:00,0.0,19.59,57.35,1.76,17,2025-11-19,RJP_0094,0,2025
2025-11-19 13:00:00+00:00,0.0,18.0,60.44,2.1,18,2025-11-19,RJP_0094,0,2025
2025-11-19 14:00:00+00:00,0.0,16.55,66.12,2.45,19,2025-11-19,RJP_0094,0,2025
2025-11-19 15:00:00+00:00,0.0,15.32,70.92,2.73,20,2025-11-19,RJP_0094,0,2025
2025-11-19 16:00:00+00:00,0.0,14.35,74.74,2.92,21,2025-11-19,RJP_0094,0,2025
2025-11-19 17:00:00+00:00,0.0,13.58,77.67,3.03,22,2025-11-19,RJP_0094,0,2025
2025-11-19 18:00:00+00:00,0.0,12.96,79.71,3.04,23,2025-11-19,RJP_0094,0,2025
2025-11-19 19:00:00+00:00,0.0,12.44,81.27,2.99,0,2025-11-20,RJP_0094,0,2025
2025-11-19 20:00:00+00:00,0.0,11.97,82.6,2.92,1,2025-11-20,RJP_0094,0,2025
2025-11-19 21:00:00+00:00,0.0,11.5,84.05,2.88,2,2025-11-20,RJP_0094,0,2025
2025-11-19 22:00:00+00:00,0.0,11.02,85.83,2.88,3,2025-11-20,RJP_0094,0,2025
2025-11-19 23:00:00+00:00,0.0,10.57,87.48,2.92,4,2025-11-20,RJP_0094,0,2025
2025-11-20 00:00:00+00:00,0.0,10.16,89.2,2.97,5,2025-11-20,RJP_0094,0,2025
2025-11-20 01:00:00+00:00,11.75,9.86,90.57,3.0,6,2025-11-20,RJP_0094,0,2025
2025-11-20 02:00:00+00:00,134.12,12.29,84.0,3.09,7,2025-11-20,RJP_0094,0,2025
2025-11-20 03:00:00+00:00,311.75,15.25,72.31,3.52,8,2025-11-20,RJP_0094,0,2025
2025-11-20 04:00:00+00:00,458.75,18.14,68.15,2.4,9,2025-11-20,RJP_0094,0,2025
2025-11-20 05:00:00+00:00,581.35,22.11,51.83,2.49,10,2025-11-20,RJP_0094,0,2025
2025-11-20 06:00:00+00:00,635.35,24.02,45.51,2.27,11,2025-11-20,RJP_0094,0,2025
2025-11-20 07:00:00+00:00,621.12,24.92,43.77,1.98,12,2025-11-20,RJP_0094,0,2025
2025-11-20 08:00:00+00:00,537.7,25.43,42.8,1.81,13,2025-11-20,RJP_0094,0,2025
2025-11-20 09:00:00+00:00,394.12,25.32,43.45,1.73,14,2025-11-20,RJP_0094,0,2025
2025-11-20 10:00:00+00:00,237.57,24.73,47.68,1.61,15,2025-11-20,RJP_0094,0,2025
2025-11-20 11:00:00+00:00,76.72,22.61,65.65,1.6,16,2025-11-20,RJP_0094,0,2025
2025-11-20 12:00:00+00:00,0.0,19.5,65.66,2.2,17,2025-11-20,RJP_0094,0,2025
2025-11-20 13:00:00+00:00,0.0,17.44,71.71,2.73,18,2025-11-20,RJP_0094,0,2025
2025-11-20 14:00:00+00:00,0.0,16.1,76.59,3.1,19,2025-11-20,RJP_0094,0,2025
2025-11-20 15:00:00+00:00,0.0,15.2,79.09,3.28,20,2025-11-20,RJP_0094,0,2025
2025-11-20 16:00:00+00:00,0.0,14.52,80.95,3.33,21,2025-11-20,RJP_0094,0,2025
2025-11-20 17:00:00+00:00,0.0,13.91,82.74,3.31,22,2025-11-20,RJP_0094,0,2025
2025-11-20 18:00:00+00:00,0.0,13.34,84.63,3.26,23,2025-11-20,RJP_0094,0,2025
2025-11-20 19:00:00+00:00,0.0,12.79,86.77,3.2,0,2025-11-21,RJP_0094,0,2025
2025-11-20 20:00:00+00:00,0.0,12.29,89.01,3.12,1,2025-11-21,RJP_0094,0,2025
2025-11-20 21:00:00+00:00,0.0,11.84,91.02,3.08,2,2025-11-21,RJP_0094,0,2025
2025-11-20 22:00:00+00:00,0.0,11.45,92.83,3.05,3,2025-11-21,RJP_0094,0,2025
2025-11-20 23:00:00+00:00,0.0,11.11,94.27,3.02,4,2025-11-21,RJP_0094,0,2025
2025-11-21 00:00:00+00:00,0.0,10.81,95.85,3.02,5,2025-11-21,RJP_0094,0,2025
2025-11-21 01:00:00+00:00,10.95,10.59,97.21,3.01,6,2025-11-21,RJP_0094,0,2025
2025-11-21 02:00:00+00:00,119.53,12.98,88.09,3.06,7,2025-11-21,RJP_0094,0,2025
2025-11-21 03:00:00+00:00,293.65,15.93,76.71,3.51,8,2025-11-21,RJP_0094,0,2025
2025-11-21 04:00:00+00:00,448.77,18.8,71.63,2.39,9,2025-11-21,RJP_0094,0,2025
2025-11-21 05:00:00+00:00,571.47,22.69,54.77,2.3,10,2025-11-21,RJP_0094,0,2025
2025-11-21 06:00:00+00:00,641.4,24.38,48.35,1.77,11,2025-11-21,RJP_0094,0,2025
2025-11-21 07:00:00+00:00,630.4,25.19,46.26,1.19,12,2025-11-21,RJP_0094,0,2025
2025-11-21 08:00:00+00:00,546.62,25.61,45.13,0.65,13,2025-11-21,RJP_0094,0,2025
2025-11-21 09:00:00+00:00,403.42,25.58,45.0,0.33,14,2025-11-21,RJP_0094,0,2025
2025-11-21 10:00:00+00:00,242.27,25.04,48.61,0.76,15,2025-11-21,RJP_0094,0,2025
2025-11-21 11:00:00+00:00,77.57,23.59,59.59,1.13,16,2025-11-21,RJP_0094,0,2025
2025-11-21 12:00:00+00:00,0.0,20.98,59.55,1.63,17,2025-11-21,RJP_0094,0,2025
2025-11-21 13:00:00+00:00,0.0,19.09,64.44,2.12,18,2025-11-21,RJP_0094,0,2025
2025-11-21 14:00:00+00:00,0.0,17.43,70.78,2.54,19,2025-11-21,RJP_0094,0,2025
2025-11-21 15:00:00+00:00,0.0,16.13,75.45,2.84,20,2025-11-21,RJP_0094,0,2025
2025-11-21 16:00:00+00:00,0.0,15.2,78.45,3.03,21,2025-11-21,RJP_0094,0,2025
2025-11-21 17:00:00+00:00,0.0,14.44,80.66,3.13,22,2025-11-21,RJP_0094,0,2025
2025-11-21 18:00:00+00:00,0.0,13.78,82.78,3.15,23,2025-11-21,RJP_0094,0,2025
2025-11-21 19:00:00+00:00,0.0,13.21,84.55,3.14,0,2025-11-22,RJP_0094,0,2025
2025-11-21 20:00:00+00:00,0.0,12.72,86.32,3.14,1,2025-11-22,RJP_0094,0,2025
2025-11-21 21:00:00+00:00,0.0,12.31,87.68,3.16,2,2025-11-22,RJP_0094,0,2025
2025-11-21 22:00:00+00:00,0.0,11.97,88.87,3.16,3,2025-11-22,RJP_0094,0,2025
2025-11-21 23:00:00+00:00,0.0,11.66,89.9,3.13,4,2025-11-22,RJP_0094,0,2025
2025-11-22 00:00:00+00:00,0.0,11.37,90.62,3.08,5,2025-11-22,RJP_0094,0,2025
2025-11-22 01:00:00+00:00,10.8,11.15,91.18,3.01,6,2025-11-22,RJP_0094,0,2025
2025-11-22 02:00:00+00:00,129.1,13.31,85.06,2.85,7,2025-11-22,RJP_0094,0,2025
2025-11-22 03:00:00+00:00,307.6,16.32,72.28,3.38,8,2025-11-22,RJP_0094,0,2025
2025-11-22 04:00:00+00:00,461.67,18.89,68.05,2.25,9,2025-11-22,RJP_0094,0,2025
2025-11-22 05:00:00+00:00,580.83,22.72,54.13,1.9,10,2025-11-22,RJP_0094,0,2025
2025-11-22 06:00:00+00:00,649.3,24.92,44.62,1.65,11,2025-11-22,RJP_0094,0,2025
2025-11-22 07:00:00+00:00,636.25,25.67,42.67,1.16,12,2025-11-22,RJP_0094,0,2025
2025-11-22 08:00:00+00:00,551.12,26.0,41.76,0.74,13,2025-11-22,RJP_0094,0,2025
2025-11-22 09:00:00+00:00,408.5,25.86,42.37,0.51,14,2025-11-22,RJP_0094,0,2025
2025-11-22 10:00:00+00:00,247.3,25.42,45.2,0.59,15,2025-11-22,RJP_0094,0,2025
2025-11-22 11:00:00+00:00,75.97,23.83,56.64,0.81,16,2025-11-22,RJP_0094,0,2025
2025-11-22 12:00:00+00:00,0.0,21.54,54.89,1.1,17,2025-11-22,RJP_0094,0,2025
2025-11-22 13:00:00+00:00,0.0,20.49,55.75,1.43,18,2025-11-22,RJP_0094,0,2025
2025-11-22 14:00:00+00:00,0.0,19.36,59.14,1.72,19,2025-11-22,RJP_0094,0,2025
2025-11-22 15:00:00+00:00,0.0,18.31,62.36,1.93,20,2025-11-22,RJP_0094,0,2025
2025-11-22 16:00:00+00:00,0.0,17.31,65.31,2.11,21,2025-11-22,RJP_0094,0,2025
2025-11-22 17:00:00+00:00,0.0,16.2,69.14,2.3,22,2025-11-22,RJP_0094,0,2025
2025-11-22 18:00:00+00:00,0.0,15.17,72.56,2.48,23,2025-11-22,RJP_0094,0,2025
2025-11-22 19:00:00+00:00,0.0,14.39,74.56,2.64,0,2025-11-23,RJP_0094,0,2025
2025-11-22 20:00:00+00:00,0.0,13.63,76.62,2.76,1,2025-11-23,RJP_0094,0,2025
2025-11-22 21:00:00+00:00,0.0,12.95,78.41,2.83,2,2025-11-23,RJP_0094,0,2025
2025-11-22 22:00:00+00:00,0.0,12.37,79.73,2.85,3,2025-11-23,RJP_0094,0,2025
2025-11-22 23:00:00+00:00,0.0,11.9,80.35,2.86,4,2025-11-23,RJP_0094,0,2025
2025-11-23 00:00:00+00:00,0.0,11.51,80.66,2.89,5,2025-11-23,RJP_0094,0,2025
2025-11-23 01:00:00+00:00,10.43,11.23,80.83,2.93,6,2025-11-23,RJP_0094,0,2025
2025-11-23 02:00:00+00:00,134.25,13.21,79.63,2.58,7,2025-11-23,RJP_0094,0,2025
2025-11-23 03:00:00+00:00,295.92,16.58,62.79,3.33,8,2025-11-23,RJP_0094,0,2025
2025-11-23 04:00:00+00:00,464.17,18.93,59.73,2.46,9,2025-11-23,RJP_0094,0,2025
2025-11-23 05:00:00+00:00,584.2,22.29,53.22,1.75,10,2025-11-23,RJP_0094,0,2025
2025-11-23 06:00:00+00:00,618.67,25.19,42.33,1.49,11,2025-11-23,RJP_0094,0,2025
2025-11-23 07:00:00+00:00,614.4,26.25,39.7,0.86,12,2025-11-23,RJP_0094,0,2025
2025-11-23 08:00:00+00:00,531.05,26.81,37.76,0.13,13,2025-11-23,RJP_0094,0,2025
2025-11-23 09:00:00+00:00,390.75,26.71,37.7,0.49,14,2025-11-23,RJP_0094,0,2025
2025-11-23 10:00:00+00:00,231.75,26.31,39.86,0.81,15,2025-11-23,RJP_0094,0,2025
2025-11-23 11:00:00+00:00,72.25,24.45,53.69,1.02,16,2025-11-23,RJP_0094,0,2025
2025-11-23 12:00:00+00:00,0.0,21.99,51.09,1.48,17,2025-11-23,RJP_0094,0,2025
2025-11-23 13:00:00+00:00,0.0,20.32,54.88,1.91,18,2025-11-23,RJP_0094,0,2025
2025-11-23 14:00:00+00:00,0.0,18.6,61.68,2.38,19,2025-11-23,RJP_0094,0,2025
2025-11-23 15:00:00+00:00,0.0,17.01,68.35,2.8,20,2025-11-23,RJP_0094,0,2025
2025-11-23 16:00:00+00:00,0.0,15.84,72.87,3.09,21,2025-11-23,RJP_0094,0,2025
2025-11-23 17:00:00+00:00,0.0,14.95,76.05,3.27,22,2025-11-23,RJP_0094,0,2025
2025-11-23 18:00:00+00:00,0.0,14.25,78.6,3.31,23,2025-11-23,RJP_0094,0,2025
2025-11-23 19:00:00+00:00,0.0,13.65,80.82,3.27,0,2025-11-24,RJP_0094,0,2025
2025-11-23 20:00:00+00:00,0.0,13.15,82.88,3.2,1,2025-11-24,RJP_0094,0,2025
2025-11-23 21:00:00+00:00,0.0,12.73,84.45,3.14,2,2025-11-24,RJP_0094,0,2025
2025-11-23 22:00:00+00:00,0.0,12.43,85.48,3.12,3,2025-11-24,RJP_0094,0,2025
2025-11-23 23:00:00+00:00,0.0,12.21,86.3,3.11,4,2025-11-24,RJP_0094,0,2025
2025-11-24 00:00:00+00:00,0.0,12.07,87.13,3.13,5,2025-11-24,RJP_0094,0,2025
2025-11-24 01:00:00+00:00,9.35,12.04,87.79,3.15,6,2025-11-24,RJP_0094,0,2025
2025-11-24 02:00:00+00:00,115.97,14.3,81.81,3.38,7,2025-11-24,RJP_0094,0,2025
2025-11-24 03:00:00+00:00,279.6,17.0,72.31,4.13,8,2025-11-24,RJP_0094,0,2025
2025-11-24 04:00:00+00:00,445.83,19.64,69.45,3.21,9,2025-11-24,RJP_0094,0,2025
2025-11-24 05:00:00+00:00,571.25,23.49,61.3,2.67,10,2025-11-24,RJP_0094,0,2025
2025-11-24 06:00:00+00:00,543.58,25.62,57.45,1.94,11,2025-11-24,RJP_0094,0,2025
2025-11-24 07:00:00+00:00,530.25,26.52,55.49,1.18,12,2025-11-24,RJP_0094,0,2025
2025-11-24 08:00:00+00:00,452.15,26.93,53.99,0.98,13,2025-11-24,RJP_0094,0,2025
2025-11-24 09:00:00+00:00,323.4,26.85,53.75,0.91,14,2025-11-24,RJP_0094,0,2025
2025-11-24 10:00:00+00:00,174.07,26.38,56.03,0.53,15,2025-11-24,RJP_0094,0,2025
2025-11-24 11:00:00+00:00,53.92,25.17,64.9,0.63,16,2025-11-24,RJP_0094,0,2025
2025-11-24 12:00:00+00:00,0.0,22.56,67.87,1.53,17,2025-11-24,RJP_0094,0,2025
2025-11-24 13:00:00+00:00,0.0,20.25,76.66,2.44,18,2025-11-24,RJP_0094,0,2025
2025-11-24 14:00:00+00:00,0.0,18.82,81.49,3.07,19,2025-11-24,RJP_0094,0,2025
2025-11-24 15:00:00+00:00,0.0,18.01,82.68,3.37,20,2025-11-24,RJP_0094,0,2025
2025-11-24 16:00:00+00:00,0.0,17.34,84.22,3.56,21,2025-11-24,RJP_0094,0,2025
2025-11-24 17:00:00+00:00,0.0,16.71,86.18,3.72,22,2025-11-24,RJP_0094,0,2025
2025-11-24 18:00:00+00:00,0.0,16.17,88.01,3.9,23,2025-11-24,RJP_0094,0,2025
2025-11-24 19:00:00+00:00,0.0,15.68,89.84,4.01,0,2025-11-25,RJP_0094,0,2025
2025-11-24 20:00:00+00:00,0.0,15.23,91.73,3.97,1,2025-11-25,RJP_0094,0,2025
2025-11-24 21:00:00+00:00,0.0,14.93,92.95,3.91,2,2025-11-25,RJP_0094,0,2025
2025-11-24 22:00:00+00:00,0.0,14.81,93.4,3.91,3,2025-11-25,RJP_0094,0,2025
2025-11-24 23:00:00+00:00,0.0,14.65,94.38,3.94,4,2025-11-25,RJP_0094,0,2025
2025-11-25 00:00:00+00:00,0.0,14.5,95.52,4.03,5,2025-11-25,RJP_0094,0,2025
2025-11-25 01:00:00+00:00,8.1,14.36,96.73,4.09,6,2025-11-25,RJP_0094,0,2025
2025-11-25 02:00:00+00:00,98.8,15.45,91.81,4.84,7,2025-11-25,RJP_0094,0,2025
2025-11-25 03:00:00+00:00,247.73,17.46,84.57,4.32,8,2025-11-25,RJP_0094,0,2025
2025-11-25 04:00:00+00:00,399.42,20.49,74.58,3.8,9,2025-11-25,RJP_0094,0,2025
2025-11-25 05:00:00+00:00,509.88,23.46,65.36,3.5,10,2025-11-25,RJP_0094,0,2025
2025-11-25 06:00:00+00:00,474.2,25.23,62.16,2.79,11,2025-11-25,RJP_0094,0,2025
2025-11-25 07:00:00+00:00,394.15,26.05,61.25,2.03,12,2025-11-25,RJP_0094,0,2025
2025-11-25 08:00:00+00:00,378.0,26.37,60.59,1.43,13,2025-11-25,RJP_0094,0,2025
2025-11-25 09:00:00+00:00,268.27,26.15,60.94,1.2,14,2025-11-25,RJP_0094,0,2025
2025-11-25 10:00:00+00:00,142.93,25.58,63.77,1.35,15,2025-11-25,RJP_0094,0,2025
2025-11-25 11:00:00+00:00,42.6,24.12,76.37,1.5,16,2025-11-25,RJP_0094,0,2025
2025-11-25 12:00:00+00:00,0.0,21.63,84.07,2.16,17,2025-11-25,RJP_0094,0,2025
2025-11-25 13:00:00+00:00,0.0,20.57,85.5,2.67,18,2025-11-25,RJP_0094,0,2025
2025-11-25 14:00:00+00:00,0.0,19.94,85.34,2.97,19,2025-11-25,RJP_0094,0,2025
2025-11-25 15:00:00+00:00,0.0,19.34,85.23,3.2,20,2025-11-25,RJP_0094,0,2025
2025-11-25 16:00:00+00:00,0.0,18.74,85.54,3.31,21,2025-11-25,RJP_0094,0,2025
2025-11-25 17:00:00+00:00,0.0,18.18,85.75,3.4,22,2025-11-25,RJP_0094,0,2025
2025-11-25 18:00:00+00:00,0.0,17.72,85.4,3.55,23,2025-11-25,RJP_0094,0,2025
2025-11-25 19:00:00+00:00,0.0,17.26,85.35,3.59,0,2025-11-26,RJP_0094,0,2025
2025-11-25 20:00:00+00:00,0.0,16.73,86.29,3.27,1,2025-11-26,RJP_0094,0,2025
2025-11-25 21:00:00+00:00,0.0,16.14,87.88,2.98,2,2025-11-26,RJP_0094,0,2025
2025-11-25 22:00:00+00:00,0.0,15.78,88.38,3.0,3,2025-11-26,RJP_0094,0,2025
2025-11-25 23:00:00+00:00,0.0,15.55,88.66,3.02,4,2025-11-26,RJP_0094,0,2025
2025-11-26 00:00:00+00:00,0.0,15.32,89.75,3.04,5,2025-11-26,RJP_0094,0,2025
2025-11-26 01:00:00+00:00,6.65,15.24,91.09,2.99,6,2025-11-26,RJP_0094,0,2025
2025-11-26 02:00:00+00:00,77.25,16.36,87.28,3.8,7,2025-11-26,RJP_0094,0,2025
2025-11-26 03:00:00+00:00,184.0,18.07,82.94,3.51,8,2025-11-26,RJP_0094,0,2025
2025-11-26 04:00:00+00:00,298.3,21.03,75.63,2.93,9,2025-11-26,RJP_0094,0,2025
2025-11-26 05:00:00+00:00,421.0,24.06,68.23,2.93,10,2025-11-26,RJP_0094,0,2025
2025-11-26 06:00:00+00:00,472.83,25.73,64.99,2.73,11,2025-11-26,RJP_0094,0,2025
2025-11-26 07:00:00+00:00,430.1,26.6,63.19,2.47,12,2025-11-26,RJP_0094,0,2025
2025-11-26 08:00:00+00:00,404.0,27.0,62.15,2.26,13,2025-11-26,RJP_0094,0,2025
2025-11-26 09:00:00+00:00,303.23,26.94,62.27,1.81,14,2025-11-26,RJP_0094,0,2025
2025-11-26 10:00:00+00:00,174.73,26.53,63.83,1.24,15,2025-11-26,RJP_0094,0,2025
2025-11-26 11:00:00+00:00,51.22,25.42,73.17,0.9,16,2025-11-26,RJP_0094,0,2025
2025-11-26 12:00:00+00:00,0.0,23.34,79.15,1.59,17,2025-11-26,RJP_0094,0,2025
2025-11-26 13:00:00+00:00,0.0,21.71,85.54,2.33,18,2025-11-26,RJP_0094,0,2025
2025-11-26 14:00:00+00:00,0.0,20.91,87.69,2.77,19,2025-11-26,RJP_0094,0,2025
2025-11-26 15:00:00+00:00,0.0,20.27,88.52,3.0,20,2025-11-26,RJP_0094,0,2025
2025-11-26 16:00:00+00:00,0.0,19.75,89.4,3.12,21,2025-11-26,RJP_0094,0,2025
2025-11-26 17:00:00+00:00,0.0,19.18,90.74,3.16,22,2025-11-26,RJP_0094,0,2025
2025-11-26 18:00:00+00:00,0.0,18.7,92.25,3.16,23,2025-11-26,RJP_0094,0,2025
2025-11-26 19:00:00+00:00,0.0,18.3,93.68,3.13,0,2025-11-27,RJP_0094,0,2025
2025-11-26 20:00:00+00:00,0.0,18.0,94.9,3.1,1,2025-11-27,RJP_0094,0,2025
2025-11-26 21:00:00+00:00,0.0,17.81,95.71,3.03,2,2025-11-27,RJP_0094,0,2025
2025-11-26 22:00:00+00:00,0.0,17.57,96.62,2.93,3,2025-11-27,RJP_0094,0,2025
2025-11-26 23:00:00+00:00,0.0,17.25,98.14,2.73,4,2025-11-27,RJP_0094,0,2025
2025-11-27 00:00:00+00:00,0.0,17.01,99.3,2.53,5,2025-11-27,RJP_0094,0,2025
2025-11-27 01:00:00+00:00,6.38,16.93,99.17,2.43,6,2025-11-27,RJP_0094,0,2025
2025-11-27 02:00:00+00:00,78.43,17.99,93.52,3.35,7,2025-11-27,RJP_0094,0,2025
2025-11-27 03:00:00+00:00,197.65,19.45,87.53,3.25,8,2025-11-27,RJP_0094,0,2025
2025-11-27 04:00:00+00:00,308.48,22.05,76.71,2.95,9,2025-11-27,RJP_0094,0,2025
2025-11-27 05:00:00+00:00,411.35,24.38,67.94,2.74,10,2025-11-27,RJP_0094,0,2025
2025-11-27 06:00:00+00:00,517.97,26.06,62.94,2.45,11,2025-11-27,RJP_0094,0,2025
2025-11-27 07:00:00+00:00,505.92,26.99,60.52,2.18,12,2025-11-27,RJP_0094,0,2025
2025-11-27 08:00:00+00:00,424.17,27.31,59.93,1.91,13,2025-11-27,RJP_0094,0,2025
2025-11-27 09:00:00+00:00,301.02,27.2,60.67,1.64,14,2025-11-27,RJP_0094,0,2025
2025-11-27 10:00:00+00:00,163.32,26.75,63.74,1.37,15,2025-11-27,RJP_0094,0,2025
2025-11-27 11:00:00+00:00,54.17,25.73,73.64,1.04,16,2025-11-27,RJP_0094,0,2025
2025-11-27 12:00:00+00:00,0.0,24.27,73.65,1.15,17,2025-11-27,RJP_0094,0,2025
2025-11-27 13:00:00+00:00,0.0,23.18,77.73,1.61,18,2025-11-27,RJP_0094,0,2025
2025-11-27 14:00:00+00:00,0.0,21.96,84.22,2.13,19,2025-11-27,RJP_0094,0,2025
2025-11-27 15:00:00+00:00,0.0,21.11,87.63,2.5,20,2025-11-27,RJP_0094,0,2025
2025-11-27 16:00:00+00:00,0.0,20.5,89.06,2.7,21,2025-11-27,RJP_0094,0,2025
2025-11-27 17:00:00+00:00,0.0,19.93,90.19,2.83,22,2025-11-27,RJP_0094,0,2025
2025-11-27 18:00:00+00:00,0.0,19.34,91.25,3.02,23,2025-11-27,RJP_0094,0,2025
2025-11-27 19:00:00+00:00,0.0,18.8,92.27,3.25,0,2025-11-28,RJP_0094,0,2025
2025-11-27 20:00:00+00:00,0.0,18.27,93.59,3.29,1,2025-11-28,RJP_0094,0,2025
2025-11-27 21:00:00+00:00,0.0,17.8,94.77,3.31,2,2025-11-28,RJP_0094,0,2025
2025-11-27 22:00:00+00:00,0.0,17.43,95.83,3.31,3,2025-11-28,RJP_0094,0,2025
2025-11-27 23:00:00+00:00,0.0,17.11,96.77,3.25,4,2025-11-28,RJP_0094,0,2025
2025-11-28 00:00:00+00:00,0.0,16.83,97.58,3.11,5,2025-11-28,RJP_0094,0,2025
2025-11-28 01:00:00+00:00,6.03,16.59,98.02,2.94,6,2025-11-28,RJP_0094,0,2025
2025-11-28 02:00:00+00:00,87.93,17.5,92.6,3.72,7,2025-11-28,RJP_0094,0,2025
2025-11-28 03:00:00+00:00,208.48,18.97,86.33,3.23,8,2025-11-28,RJP_0094,0,2025
2025-11-28 04:00:00+00:00,343.88,21.54,75.96,2.57,9,2025-11-28,RJP_0094,0,2025
2025-11-28 05:00:00+00:00,459.12,24.63,63.63,1.92,10,2025-11-28,RJP_0094,0,2025
2025-11-28 06:00:00+00:00,601.2,26.14,59.94,1.2,11,2025-11-28,RJP_0094,0,2025
2025-11-28 07:00:00+00:00,592.95,26.71,58.5,0.94,12,2025-11-28,RJP_0094,0,2025
2025-11-28 08:00:00+00:00,510.27,26.84,57.81,1.02,13,2025-11-28,RJP_0094,0,2025
2025-11-28 09:00:00+00:00,373.0,26.69,58.11,1.25,14,2025-11-28,RJP_0094,0,2025
2025-11-28 10:00:00+00:00,207.95,26.15,60.85,1.42,15,2025-11-28,RJP_0094,0,2025
2025-11-28 11:00:00+00:00,61.65,24.86,72.3,1.4,16,2025-11-28,RJP_0094,0,2025
2025-11-28 12:00:00+00:00,0.0,22.69,79.8,1.76,17,2025-11-28,RJP_0094,0,2025
2025-11-28 13:00:00+00:00,0.0,21.48,83.24,2.18,18,2025-11-28,RJP_0094,0,2025
2025-11-28 14:00:00+00:00,0.0,20.59,85.73,2.53,19,2025-11-28,RJP_0094,0,2025
2025-11-28 15:00:00+00:00,0.0,19.83,87.13,2.81,20,2025-11-28,RJP_0094,0,2025
2025-11-28 16:00:00+00:00,0.0,19.16,88.32,3.08,21,2025-11-28,RJP_0094,0,2025
2025-11-28 17:00:00+00:00,0.0,18.5,89.53,3.36,22,2025-11-28,RJP_0094,0,2025
2025-11-28 18:00:00+00:00,0.0,17.85,90.64,3.6,23,2025-11-28,RJP_0094,0,2025
2025-11-28 19:00:00+00:00,0.0,17.17,91.89,3.6,0,2025-11-29,RJP_0094,0,2025
2025-11-28 20:00:00+00:00,0.0,16.54,92.9,3.35,1,2025-11-29,RJP_0094,0,2025
2025-11-28 21:00:00+00:00,0.0,15.95,93.53,3.09,2,2025-11-29,RJP_0094,0,2025
2025-11-28 22:00:00+00:00,0.0,15.42,93.85,2.82,3,2025-11-29,RJP_0094,0,2025
2025-11-28 23:00:00+00:00,0.0,14.97,93.62,2.62,4,2025-11-29,RJP_0094,0,2025
2025-11-29 00:00:00+00:00,0.0,14.62,93.02,2.52,5,2025-11-29,RJP_0094,0,2025
2025-11-29 01:00:00+00:00,7.5,14.31,92.21,2.48,6,2025-11-29,RJP_0094,0,2025
2025-11-29 02:00:00+00:00,112.9,15.77,83.91,3.12,7,2025-11-29,RJP_0094,0,2025
2025-11-29 03:00:00+00:00,276.77,17.64,75.08,2.98,8,2025-11-29,RJP_0094,0,2025
2025-11-29 04:00:00+00:00,444.98,20.45,68.14,2.35,9,2025-11-29,RJP_0094,0,2025
2025-11-29 05:00:00+00:00,572.53,24.17,56.94,2.4,10,2025-11-29,RJP_0094,0,2025
2025-11-29 06:00:00+00:00,596.62,25.65,55.76,2.12,11,2025-11-29,RJP_0094,0,2025
2025-11-29 07:00:00+00:00,585.62,26.4,55.04,1.99,12,2025-11-29,RJP_0094,0,2025
2025-11-29 08:00:00+00:00,512.78,26.7,54.64,1.88,13,2025-11-29,RJP_0094,0,2025
2025-11-29 09:00:00+00:00,380.42,26.6,55.33,1.88,14,2025-11-29,RJP_0094,0,2025
2025-11-29 10:00:00+00:00,215.2,26.03,58.41,1.92,15,2025-11-29,RJP_0094,0,2025
2025-11-29 11:00:00+00:00,69.72,24.45,72.43,1.65,16,2025-11-29,RJP_0094,0,2025
2025-11-29 12:00:00+00:00,0.0,21.98,79.03,2.02,17,2025-11-29,RJP_0094,0,2025
2025-11-29 13:00:00+00:00,0.0,20.76,82.18,2.39,18,2025-11-29,RJP_0094,0,2025
2025-11-29 14:00:00+00:00,0.0,19.93,84.9,2.65,19,2025-11-29,RJP_0094,0,2025
2025-11-29 15:00:00+00:00,0.0,19.26,86.66,2.77,20,2025-11-29,RJP_0094,0,2025
2025-11-29 16:00:00+00:00,0.0,18.62,88.11,2.81,21,2025-11-29,RJP_0094,0,2025
2025-11-29 17:00:00+00:00,0.0,18.03,89.08,2.81,22,2025-11-29,RJP_0094,0,2025
2025-11-29 18:00:00+00:00,0.0,17.44,89.7,2.79,23,2025-11-29,RJP_0094,0,2025
2025-11-29 19:00:00+00:00,0.0,16.86,89.79,2.75,0,2025-11-30,RJP_0094,0,2025
2025-11-29 20:00:00+00:00,0.0,16.27,89.59,2.67,1,2025-11-30,RJP_0094,0,2025
2025-11-29 21:00:00+00:00,0.0,15.74,88.84,2.6,2,2025-11-30,RJP_0094,0,2025
2025-11-29 22:00:00+00:00,0.0,15.28,87.57,2.57,3,2025-11-30,RJP_0094,0,2025
2025-11-29 23:00:00+00:00,0.0,14.85,86.3,2.55,4,2025-11-30,RJP_0094,0,2025
2025-11-30 00:00:00+00:00,0.0,14.49,85.07,2.55,5,2025-11-30,RJP_0094,0,2025
2025-11-30 01:00:00+00:00,6.97,14.23,84.47,2.5,6,2025-11-30,RJP_0094,0,2025
2025-11-30 02:00:00+00:00,105.88,15.92,78.4,2.5,7,2025-11-30,RJP_0094,0,2025
2025-11-30 03:00:00+00:00,270.88,18.0,66.26,2.87,8,2025-11-30,RJP_0094,0,2025
2025-11-30 04:00:00+00:00,430.05,20.29,63.08,2.03,9,2025-11-30,RJP_0094,0,2025
2025-11-30 05:00:00+00:00,554.65,24.37,51.29,1.17,10,2025-11-30,RJP_0094,0,2025
2025-11-30 06:00:00+00:00,624.35,25.86,48.58,0.63,11,2025-11-30,RJP_0094,0,2025
2025-11-30 07:00:00+00:00,582.92,26.32,47.82,0.6,12,2025-11-30,RJP_0094,0,2025
2025-11-30 08:00:00+00:00,489.33,26.51,47.39,0.73,13,2025-11-30,RJP_0094,0,2025
2025-11-30 09:00:00+00:00,353.33,26.25,48.14,0.76,14,2025-11-30,RJP_0094,0,2025
2025-11-30 10:00:00+00:00,185.95,25.8,50.69,0.71,15,2025-11-30,RJP_0094,0,2025
2025-11-30 11:00:00+00:00,60.5,24.72,59.92,0.64,16,2025-11-30,RJP_0094,0,2025
2025-11-30 12:00:00+00:00,0.0,22.95,61.2,0.95,17,2025-11-30,RJP_0094,0,2025
2025-11-30 13:00:00+00:00,0.0,21.66,65.16,1.47,18,2025-11-30,RJP_0094,0,2025
2025-11-30 14:00:00+00:00,0.0,20.29,71.04,1.92,19,2025-11-30,RJP_0094,0,2025
2025-11-30 15:00:00+00:00,0.0,19.2,75.26,2.17,20,2025-11-30,RJP_0094,0,2025
2025-11-30 16:00:00+00:00,0.0,18.33,77.92,2.28,21,2025-11-30,RJP_0094,0,2025
2025-11-30 17:00:00+00:00,0.0,17.58,80.19,2.32,22,2025-11-30,RJP_0094,0,2025
2025-11-30 18:00:00+00:00,0.0,16.87,82.22,2.29,23,2025-11-30,RJP_0094,0,2025
2025-11-30 19:00:00+00:00,0.0,16.3,83.72,2.17,0,2025-12-01,RJP_0094,0,2025
2025-11-30 20:00:00+00:00,0.0,15.81,84.81,1.96,1,2025-12-01,RJP_0094,0,2025
2025-11-30 21:00:00+00:00,0.0,15.34,85.97,1.79,2,2025-12-01,RJP_0094,0,2025
2025-11-30 22:00:00+00:00,0.0,14.89,87.3,1.72,3,2025-12-01,RJP_0094,0,2025
2025-11-30 23:00:00+00:00,0.0,14.45,88.72,1.74,4,2025-12-01,RJP_0094,0,2025
2025-12-01 00:00:00+00:00,0.0,13.98,90.44,1.84,5,2025-12-01,RJP_0094,0,2025
2025-12-01 01:00:00+00:00,6.32,13.66,91.42,1.95,6,2025-12-01,RJP_0094,0,2025
2025-12-01 02:00:00+00:00,98.78,15.26,87.53,2.0,7,2025-12-01,RJP_0094,0,2025
2025-12-01 03:00:00+00:00,262.12,17.52,75.92,2.58,8,2025-12-01,RJP_0094,0,2025
2025-12-01 04:00:00+00:00,410.1,20.61,66.01,1.81,9,2025-12-01,RJP_0094,0,2025
2025-12-01 05:00:00+00:00,530.6,24.13,52.38,0.77,10,2025-12-01,RJP_0094,0,2025
2025-12-01 06:00:00+00:00,611.4,25.47,49.21,0.42,11,2025-12-01,RJP_0094,0,2025
2025-12-01 07:00:00+00:00,603.08,26.08,48.19,0.75,12,2025-12-01,RJP_0094,0,2025
2025-12-01 08:00:00+00:00,521.78,26.28,47.98,0.98,13,2025-12-01,RJP_0094,0,2025
2025-12-01 09:00:00+00:00,387.75,26.11,48.34,0.8,14,2025-12-01,RJP_0094,0,2025
2025-12-01 10:00:00+00:00,232.8,25.6,50.1,0.37,15,2025-12-01,RJP_0094,0,2025
2025-12-01 11:00:00+00:00,68.88,24.37,59.0,0.36,16,2025-12-01,RJP_0094,0,2025
2025-12-01 12:00:00+00:00,0.0,22.45,61.78,0.87,17,2025-12-01,RJP_0094,0,2025
2025-12-01 13:00:00+00:00,0.0,21.12,65.57,1.33,18,2025-12-01,RJP_0094,0,2025
2025-12-01 14:00:00+00:00,0.0,20.12,68.99,1.61,19,2025-12-01,RJP_0094,0,2025
2025-12-01 15:00:00+00:00,0.0,19.39,70.89,1.64,20,2025-12-01,RJP_0094,0,2025
2025-12-01 16:00:00+00:00,0.0,18.82,71.96,1.6,21,2025-12-01,RJP_0094,0,2025
2025-12-01 17:00:00+00:00,0.0,18.25,73.17,1.55,22,2025-12-01,RJP_0094,0,2025
2025-12-01 18:00:00+00:00,0.0,17.67,74.57,1.44,23,2025-12-01,RJP_0094,0,2025
2025-12-01 19:00:00+00:00,0.0,17.07,76.24,1.44,0,2025-12-02,RJP_0094,0,2025
2025-12-01 20:00:00+00:00,0.0,16.43,78.31,1.46,1,2025-12-02,RJP_0094,0,2025
2025-12-01 21:00:00+00:00,0.0,15.91,79.81,1.41,2,2025-12-02,RJP_0094,0,2025
2025-12-01 22:00:00+00:00,0.0,15.36,81.6,1.37,3,2025-12-02,RJP_0094,0,2025
2025-12-01 23:00:00+00:00,0.0,14.85,83.32,1.38,4,2025-12-02,RJP_0094,0,2025
2025-12-02 00:00:00+00:00,0.0,14.35,85.13,1.44,5,2025-12-02,RJP_0094,0,2025
2025-12-02 01:00:00+00:00,6.3,13.87,87.1,1.48,6,2025-12-02,RJP_0094,0,2025
2025-12-02 02:00:00+00:00,113.82,15.29,86.69,1.4,7,2025-12-02,RJP_0094,0,2025
2025-12-02 03:00:00+00:00,284.77,17.49,75.08,1.82,8,2025-12-02,RJP_0094,0,2025
2025-12-02 04:00:00+00:00,434.48,20.6,65.76,1.16,9,2025-12-02,RJP_0094,0,2025
2025-12-02 05:00:00+00:00,558.1,23.96,52.23,0.17,10,2025-12-02,RJP_0094,0,2025
2025-12-02 06:00:00+00:00,627.65,25.14,48.48,0.44,11,2025-12-02,RJP_0094,0,2025
2025-12-02 07:00:00+00:00,583.67,25.64,47.33,0.8,12,2025-12-02,RJP_0094,0,2025
2025-12-02 08:00:00+00:00,493.65,25.76,47.09,1.08,13,2025-12-02,RJP_0094,0,2025
2025-12-02 09:00:00+00:00,369.75,25.49,47.39,0.98,14,2025-12-02,RJP_0094,0,2025
2025-12-02 10:00:00+00:00,214.35,25.02,48.92,0.67,15,2025-12-02,RJP_0094,0,2025
2025-12-02 11:00:00+00:00,67.18,23.95,57.21,0.5,16,2025-12-02,RJP_0094,0,2025
2025-12-02 12:00:00+00:00,0.0,22.77,56.38,0.64,17,2025-12-02,RJP_0094,0,2025
2025-12-02 13:00:00+00:00,0.0,21.54,59.42,1.02,18,2025-12-02,RJP_0094,0,2025
2025-12-02 14:00:00+00:00,0.0,20.26,64.07,1.52,19,2025-12-02,RJP_0094,0,2025
2025-12-02 15:00:00+00:00,0.0,19.18,67.7,1.87,20,2025-12-02,RJP_0094,0,2025
2025-12-02 16:00:00+00:00,0.0,18.06,72.18,2.16,21,2025-12-02,RJP_0094,0,2025
2025-12-02 17:00:00+00:00,0.0,16.95,77.02,2.41,22,2025-12-02,RJP_0094,0,2025
2025-12-02 18:00:00+00:00,0.0,15.92,81.71,2.63,23,2025-12-02,RJP_0094,0,2025
2025-12-02 19:00:00+00:00,0.0,15.1,85.48,2.81,0,2025-12-03,RJP_0094,0,2025
2025-12-02 20:00:00+00:00,0.0,14.48,88.5,2.91,1,2025-12-03,RJP_0094,0,2025
2025-12-02 21:00:00+00:00,0.0,13.99,91.36,2.98,2,2025-12-03,RJP_0094,0,2025
2025-12-02 22:00:00+00:00,0.0,13.58,93.96,3.05,3,2025-12-03,RJP_0094,0,2025
2025-12-02 23:00:00+00:00,0.0,13.24,96.42,3.15,4,2025-12-03,RJP_0094,0,2025
2025-12-03 00:00:00+00:00,0.0,12.95,98.76,3.27,5,2025-12-03,RJP_0094,0,2025
2025-12-03 01:00:00+00:00,6.28,12.75,100.0,3.39,6,2025-12-03,RJP_0094,0,2025
2025-12-03 02:00:00+00:00,114.97,14.32,92.43,4.48,7,2025-12-03,RJP_0094,0,2025
2025-12-03 03:00:00+00:00,272.35,16.53,83.73,4.42,8,2025-12-03,RJP_0094,0,2025
2025-12-03 04:00:00+00:00,441.58,20.06,69.63,4.48,9,2025-12-03,RJP_0094,0,2025
2025-12-03 05:00:00+00:00,572.92,22.99,57.56,4.68,10,2025-12-03,RJP_0094,0,2025
2025-12-03 06:00:00+00:00,631.17,24.52,51.54,4.37,11,2025-12-03,RJP_0094,0,2025
2025-12-03 07:00:00+00:00,600.38,25.37,47.77,3.88,12,2025-12-03,RJP_0094,0,2025
2025-12-03 08:00:00+00:00,534.85,25.67,46.27,3.3,13,2025-12-03,RJP_0094,0,2025
2025-12-03 09:00:00+00:00,396.5,25.53,46.17,2.81,14,2025-12-03,RJP_0094,0,2025
2025-12-03 10:00:00+00:00,228.57,24.77,49.55,2.56,15,2025-12-03,RJP_0094,0,2025
2025-12-03 11:00:00+00:00,69.85,22.51,69.59,2.03,16,2025-12-03,RJP_0094,0,2025
2025-12-03 12:00:00+00:00,0.0,18.97,77.27,2.85,17,2025-12-03,RJP_0094,0,2025
2025-12-03 13:00:00+00:00,0.0,17.76,78.45,3.29,18,2025-12-03,RJP_0094,0,2025
2025-12-03 14:00:00+00:00,0.0,17.19,78.36,3.78,19,2025-12-03,RJP_0094,0,2025
2025-12-03 15:00:00+00:00,0.0,16.66,79.35,4.29,20,2025-12-03,RJP_0094,0,2025
2025-12-03 16:00:00+00:00,0.0,16.07,81.47,4.58,21,2025-12-03,RJP_0094,0,2025
2025-12-03 17:00:00+00:00,0.0,15.47,83.5,4.78,22,2025-12-03,RJP_0094,0,2025
2025-12-03 18:00:00+00:00,0.0,14.87,85.28,4.87,23,2025-12-03,RJP_0094,0,2025
2025-12-03 19:00:00+00:00,0.0,14.31,86.38,4.89,0,2025-12-04,RJP_0094,0,2025
2025-12-03 20:00:00+00:00,0.0,13.77,87.24,4.77,1,2025-12-04,RJP_0094,0,2025
2025-12-03 21:00:00+00:00,0.0,13.26,87.91,4.53,2,2025-12-04,RJP_0094,0,2025
2025-12-03 22:00:00+00:00,0.0,12.85,88.09,4.42,3,2025-12-04,RJP_0094,0,2025
2025-12-03 23:00:00+00:00,0.0,12.46,88.67,4.26,4,2025-12-04,RJP_0094,0,2025
2025-12-04 00:00:00+00:00,0.0,12.09,89.58,4.11,5,2025-12-04,RJP_0094,0,2025
2025-12-04 01:00:00+00:00,6.1,11.73,91.02,3.92,6,2025-12-04,RJP_0094,0,2025
2025-12-04 02:00:00+00:00,112.8,13.03,85.1,4.65,7,2025-12-04,RJP_0094,0,2025
2025-12-04 03:00:00+00:00,291.88,15.38,76.44,4.44,8,2025-12-04,RJP_0094,0,2025
2025-12-04 04:00:00+00:00,461.17,18.98,64.65,4.19,9,2025-12-04,RJP_0094,0,2025
2025-12-04 05:00:00+00:00,583.9,22.29,53.46,4.47,10,2025-12-04,RJP_0094,0,2025
2025-12-04 06:00:00+00:00,622.15,24.01,48.76,3.68,11,2025-12-04,RJP_0094,0,2025
2025-12-04 07:00:00+00:00,614.03,24.92,46.08,2.89,12,2025-12-04,RJP_0094,0,2025
2025-12-04 08:00:00+00:00,545.53,25.26,44.92,2.33,13,2025-12-04,RJP_0094,0,2025
2025-12-04 09:00:00+00:00,409.77,25.12,45.08,1.98,14,2025-12-04,RJP_0094,0,2025
2025-12-04 10:00:00+00:00,235.82,24.4,48.54,1.9,15,2025-12-04,RJP_0094,0,2025
2025-12-04 11:00:00+00:00,75.03,22.35,66.46,1.79,16,2025-12-04,RJP_0094,0,2025
2025-12-04 12:00:00+00:00,0.0,18.93,74.27,2.48,17,2025-12-04,RJP_0094,0,2025
2025-12-04 13:00:00+00:00,0.0,17.44,77.39,2.99,18,2025-12-04,RJP_0094,0,2025
2025-12-04 14:00:00+00:00,0.0,16.59,78.83,3.2,19,2025-12-04,RJP_0094,0,2025
2025-12-04 15:00:00+00:00,0.0,15.86,80.37,3.25,20,2025-12-04,RJP_0094,0,2025
2025-12-04 16:00:00+00:00,0.0,15.2,82.23,3.26,21,2025-12-04,RJP_0094,0,2025
2025-12-04 17:00:00+00:00,0.0,14.59,83.83,3.23,22,2025-12-04,RJP_0094,0,2025
2025-12-04 18:00:00+00:00,0.0,14.05,85.14,3.26,23,2025-12-04,RJP_0094,0,2025
2025-12-04 19:00:00+00:00,0.0,13.54,86.27,3.32,0,2025-12-05,RJP_0094,0,2025
2025-12-04 20:00:00+00:00,0.0,13.04,87.36,3.35,1,2025-12-05,RJP_0094,0,2025
2025-12-04 21:00:00+00:00,0.0,12.55,88.16,3.41,2,2025-12-05,RJP_0094,0,2025
2025-12-04 22:00:00+00:00,0.0,12.15,88.08,3.58,3,2025-12-05,RJP_0094,0,2025
2025-12-04 23:00:00+00:00,0.0,11.78,87.79,3.72,4,2025-12-05,RJP_0094,0,2025
2025-12-05 00:00:00+00:00,0.0,11.35,88.17,3.57,5,2025-12-05,RJP_0094,0,2025
2025-12-05 01:00:00+00:00,5.65,10.96,88.9,3.32,6,2025-12-05,RJP_0094,0,2025
2025-12-05 02:00:00+00:00,112.65,12.68,80.58,4.11,7,2025-12-05,RJP_0094,0,2025
2025-12-05 03:00:00+00:00,289.6,15.24,70.26,4.19,8,2025-12-05,RJP_0094,0,2025
2025-12-05 04:00:00+00:00,462.08,18.52,62.72,3.42,9,2025-12-05,RJP_0094,0,2025
2025-12-05 05:00:00+00:00,589.5,22.59,48.1,3.79,10,2025-12-05,RJP_0094,0,2025
2025-12-05 06:00:00+00:00,663.85,24.26,43.91,2.6,11,2025-12-05,RJP_0094,0,2025
2025-12-05 07:00:00+00:00,656.17,25.05,42.54,1.94,12,2025-12-05,RJP_0094,0,2025
2025-12-05 08:00:00+00:00,578.42,25.4,41.87,2.01,13,2025-12-05,RJP_0094,0,2025
2025-12-05 09:00:00+00:00,439.08,25.19,42.42,2.51,14,2025-12-05,RJP_0094,0,2025
2025-12-05 10:00:00+00:00,258.23,24.27,46.76,2.81,15,2025-12-05,RJP_0094,0,2025
2025-12-05 11:00:00+00:00,82.7,21.66,66.86,2.35,16,2025-12-05,RJP_0094,0,2025
2025-12-05 12:00:00+00:00,0.0,18.05,74.88,3.08,17,2025-12-05,RJP_0094,0,2025
2025-12-05 13:00:00+00:00,0.0,16.88,76.31,3.35,18,2025-12-05,RJP_0094,0,2025
2025-12-05 14:00:00+00:00,0.0,16.22,77.19,3.61,19,2025-12-05,RJP_0094,0,2025
2025-12-05 15:00:00+00:00,0.0,15.56,78.6,3.91,20,2025-12-05,RJP_0094,0,2025
2025-12-05 16:00:00+00:00,0.0,14.76,80.98,3.97,21,2025-12-05,RJP_0094,0,2025
2025-12-05 17:00:00+00:00,0.0,13.94,83.41,3.86,22,2025-12-05,RJP_0094,0,2025
2025-12-05 18:00:00+00:00,0.0,13.18,85.24,3.7,23,2025-12-05,RJP_0094,0,2025
2025-12-05 19:00:00+00:00,0.0,12.5,86.39,3.58,0,2025-12-06,RJP_0094,0,2025
2025-12-05 20:00:00+00:00,0.0,11.88,86.93,3.48,1,2025-12-06,RJP_0094,0,2025
2025-12-05 21:00:00+00:00,0.0,11.28,87.16,3.35,2,2025-12-06,RJP_0094,0,2025
2025-12-05 22:00:00+00:00,0.0,10.72,87.19,3.27,3,2025-12-06,RJP_0094,0,2025
2025-12-05 23:00:00+00:00,0.0,10.22,87.16,3.22,4,2025-12-06,RJP_0094,0,2025
2025-12-06 00:00:00+00:00,0.0,9.75,87.4,3.15,5,2025-12-06,RJP_0094,0,2025
2025-12-06 01:00:00+00:00,5.88,9.35,87.72,3.17,6,2025-12-06,RJP_0094,0,2025
2025-12-06 02:00:00+00:00,125.35,11.33,78.41,3.95,7,2025-12-06,RJP_0094,0,2025
2025-12-06 03:00:00+00:00,317.7,14.16,66.8,4.17,8,2025-12-06,RJP_0094,0,2025
2025-12-06 04:00:00+00:00,494.73,17.71,57.81,3.39,9,2025-12-06,RJP_0094,0,2025
2025-12-06 05:00:00+00:00,623.85,21.71,42.19,3.76,10,2025-12-06,RJP_0094,0,2025
2025-12-06 06:00:00+00:00,706.33,23.68,36.5,3.25,11,2025-12-06,RJP_0094,0,2025
2025-12-06 07:00:00+00:00,687.53,24.76,34.32,2.86,12,2025-12-06,RJP_0094,0,2025
2025-12-06 08:00:00+00:00,599.72,25.33,33.0,2.64,13,2025-12-06,RJP_0094,0,2025
2025-12-06 09:00:00+00:00,456.08,25.18,33.08,2.56,14,2025-12-06,RJP_0094,0,2025
2025-12-06 10:00:00+00:00,270.05,24.35,37.53,2.23,15,2025-12-06,RJP_0094,0,2025
2025-12-06 11:00:00+00:00,83.53,21.5,58.95,2.19,16,2025-12-06,RJP_0094,0,2025
2025-12-06 12:00:00+00:00,0.0,18.01,65.68,2.76,17,2025-12-06,RJP_0094,0,2025
2025-12-06 13:00:00+00:00,0.0,16.39,67.46,3.0,18,2025-12-06,RJP_0094,0,2025
2025-12-06 14:00:00+00:00,0.0,15.45,69.89,3.22,19,2025-12-06,RJP_0094,0,2025
2025-12-06 15:00:00+00:00,0.0,15.06,70.76,3.19,20,2025-12-06,RJP_0094,0,2025
2025-12-06 16:00:00+00:00,0.0,14.67,71.15,3.22,21,2025-12-06,RJP_0094,0,2025
2025-12-06 17:00:00+00:00,0.0,14.22,71.5,3.29,22,2025-12-06,RJP_0094,0,2025
2025-12-06 18:00:00+00:00,0.0,13.75,72.29,3.24,23,2025-12-06,RJP_0094,0,2025
2025-12-06 19:00:00+00:00,0.0,13.29,73.55,3.07,0,2025-12-07,RJP_0094,0,2025
2025-12-06 20:00:00+00:00,0.0,12.88,74.8,2.82,1,2025-12-07,RJP_0094,0,2025
2025-12-06 21:00:00+00:00,0.0,12.48,76.14,2.72,2,2025-12-07,RJP_0094,0,2025
2025-12-06 22:00:00+00:00,0.0,12.01,77.07,2.89,3,2025-12-07,RJP_0094,0,2025
2025-12-06 23:00:00+00:00,0.0,11.33,78.3,3.12,4,2025-12-07,RJP_0094,0,2025
2025-12-07 00:00:00+00:00,0.0,10.85,77.98,3.33,5,2025-12-07,RJP_0094,0,2025
2025-12-07 01:00:00+00:00,5.72,10.71,77.29,3.53,6,2025-12-07,RJP_0094,0,2025
2025-12-07 02:00:00+00:00,128.77,12.42,71.13,4.05,7,2025-12-07,RJP_0094,0,2025
2025-12-07 03:00:00+00:00,325.67,15.16,60.1,4.37,8,2025-12-07,RJP_0094,0,2025
2025-12-07 04:00:00+00:00,504.35,18.23,55.24,3.21,9,2025-12-07,RJP_0094,0,2025
2025-12-07 05:00:00+00:00,633.65,22.41,39.36,3.48,10,2025-12-07,RJP_0094,0,2025
2025-12-07 06:00:00+00:00,713.33,24.74,32.67,3.18,11,2025-12-07,RJP_0094,0,2025
2025-12-07 07:00:00+00:00,706.8,25.94,30.39,2.97,12,2025-12-07,RJP_0094,0,2025
2025-12-07 08:00:00+00:00,629.08,26.46,29.62,2.63,13,2025-12-07,RJP_0094,0,2025
2025-12-07 09:00:00+00:00,488.27,26.39,30.18,2.23,14,2025-12-07,RJP_0094,0,2025
2025-12-07 10:00:00+00:00,299.27,25.85,33.72,1.76,15,2025-12-07,RJP_0094,0,2025
2025-12-07 11:00:00+00:00,98.7,23.92,50.07,1.39,16,2025-12-07,RJP_0094,0,2025
2025-12-07 12:00:00+00:00,0.0,22.12,41.8,1.23,17,2025-12-07,RJP_0094,0,2025
2025-12-07 13:00:00+00:00,0.0,20.95,42.54,1.36,18,2025-12-07,RJP_0094,0,2025
2025-12-07 14:00:00+00:00,0.0,19.42,47.0,1.88,19,2025-12-07,RJP_0094,0,2025
2025-12-07 15:00:00+00:00,0.0,17.66,53.03,2.36,20,2025-12-07,RJP_0094,0,2025
2025-12-07 16:00:00+00:00,0.0,16.28,57.46,2.58,21,2025-12-07,RJP_0094,0,2025
2025-12-07 17:00:00+00:00,0.0,15.17,60.88,2.69,22,2025-12-07,RJP_0094,0,2025
2025-12-07 18:00:00+00:00,0.0,14.16,64.1,2.79,23,2025-12-07,RJP_0094,0,2025
2025-12-07 19:00:00+00:00,0.0,13.26,67.03,2.9,0,2025-12-08,RJP_0094,0,2025
2025-12-07 20:00:00+00:00,0.0,12.45,69.57,3.04,1,2025-12-08,RJP_0094,0,2025
2025-12-07 21:00:00+00:00,0.0,11.78,71.68,3.12,2,2025-12-08,RJP_0094,0,2025
2025-12-07 22:00:00+00:00,0.0,11.22,73.44,3.15,3,2025-12-08,RJP_0094,0,2025
2025-12-07 23:00:00+00:00,0.0,10.76,74.88,3.17,4,2025-12-08,RJP_0094,0,2025
2025-12-08 00:00:00+00:00,0.0,10.58,75.33,3.11,5,2025-12-08,RJP_0094,0,2025
2025-12-08 01:00:00+00:00,5.8,10.57,75.56,3.02,6,2025-12-08,RJP_0094,0,2025
2025-12-08 02:00:00+00:00,134.98,12.71,70.76,2.93,7,2025-12-08,RJP_0094,0,2025
2025-12-08 03:00:00+00:00,338.5,15.79,55.2,3.68,8,2025-12-08,RJP_0094,0,2025
2025-12-08 04:00:00+00:00,520.22,18.57,52.4,2.84,9,2025-12-08,RJP_0094,0,2025
2025-12-08 05:00:00+00:00,649.7,22.93,39.6,2.88,10,2025-12-08,RJP_0094,0,2025
2025-12-08 06:00:00+00:00,712.2,25.66,30.79,3.0,11,2025-12-08,RJP_0094,0,2025
2025-12-08 07:00:00+00:00,706.55,26.57,29.37,2.86,12,2025-12-08,RJP_0094,0,2025
2025-12-08 08:00:00+00:00,630.67,26.86,29.16,2.8,13,2025-12-08,RJP_0094,0,2025
2025-12-08 09:00:00+00:00,490.95,26.59,30.01,2.76,14,2025-12-08,RJP_0094,0,2025
2025-12-08 10:00:00+00:00,302.58,25.73,34.4,2.48,15,2025-12-08,RJP_0094,0,2025
2025-12-08 11:00:00+00:00,101.12,22.83,55.85,2.19,16,2025-12-08,RJP_0094,0,2025
2025-12-08 12:00:00+00:00,0.0,18.73,61.52,2.78,17,2025-12-08,RJP_0094,0,2025
2025-12-08 13:00:00+00:00,0.0,17.03,64.01,3.13,18,2025-12-08,RJP_0094,0,2025
2025-12-08 14:00:00+00:00,0.0,15.95,66.01,3.3,19,2025-12-08,RJP_0094,0,2025
2025-12-08 15:00:00+00:00,0.0,15.13,67.13,3.35,20,2025-12-08,RJP_0094,0,2025
2025-12-08 16:00:00+00:00,0.0,14.51,67.8,3.31,21,2025-12-08,RJP_0094,0,2025
2025-12-08 17:00:00+00:00,0.0,13.97,68.34,3.22,22,2025-12-08,RJP_0094,0,2025
2025-12-08 18:00:00+00:00,0.0,13.35,69.71,3.15,23,2025-12-08,RJP_0094,0,2025
2025-12-08 19:00:00+00:00,0.0,12.66,71.73,3.17,0,2025-12-09,RJP_0094,0,2025
2025-12-08 20:00:00+00:00,0.0,12.03,73.52,3.23,1,2025-12-09,RJP_0094,0,2025
2025-12-08 21:00:00+00:00,0.0,11.51,74.69,3.24,2,2025-12-09,RJP_0094,0,2025
2025-12-08 22:00:00+00:00,0.0,11.05,75.45,3.21,3,2025-12-09,RJP_0094,0,2025
2025-12-08 23:00:00+00:00,0.0,10.65,76.03,3.19,4,2025-12-09,RJP_0094,0,2025
2025-12-09 00:00:00+00:00,0.0,10.29,76.41,3.17,5,2025-12-09,RJP_0094,0,2025
2025-12-09 01:00:00+00:00,5.93,9.96,76.76,3.16,6,2025-12-09,RJP_0094,0,2025
2025-12-09 02:00:00+00:00,142.93,12.28,72.54,3.07,7,2025-12-09,RJP_0094,0,2025
2025-12-09 03:00:00+00:00,353.05,15.87,56.02,3.88,8,2025-12-09,RJP_0094,0,2025
2025-12-09 04:00:00+00:00,534.83,18.81,52.22,3.04,9,2025-12-09,RJP_0094,0,2025
2025-12-09 05:00:00+00:00,664.17,23.23,38.3,3.36,10,2025-12-09,RJP_0094,0,2025
2025-12-09 06:00:00+00:00,726.35,25.96,28.68,3.52,11,2025-12-09,RJP_0094,0,2025
2025-12-09 07:00:00+00:00,719.28,26.93,27.28,3.06,12,2025-12-09,RJP_0094,0,2025
2025-12-09 08:00:00+00:00,591.25,27.3,26.98,2.71,13,2025-12-09,RJP_0094,0,2025
2025-12-09 09:00:00+00:00,456.11,27.05,27.98,2.43,14,2025-12-09,RJP_0094,0,2025
2025-12-09 10:00:00+00:00,272.58,26.3,31.71,2.04,15,2025-12-09,RJP_0094,0,2025
2025-12-09 11:00:00+00:00,104.28,23.48,53.54,1.84,16,2025-12-09,RJP_0094,0,2025
2025-12-09 12:00:00+00:00,0.0,19.98,52.99,2.38,17,2025-12-09,RJP_0094,0,2025
2025-12-09 13:00:00+00:00,0.0,17.92,57.57,2.81,18,2025-12-09,RJP_0094,0,2025
2025-12-09 14:00:00+00:00,0.0,16.41,61.78,3.14,19,2025-12-09,RJP_0094,0,2025
2025-12-09 15:00:00+00:00,0.0,15.37,63.79,3.31,20,2025-12-09,RJP_0094,0,2025
2025-12-09 16:00:00+00:00,0.0,14.64,64.89,3.35,21,2025-12-09,RJP_0094,0,2025
2025-12-09 17:00:00+00:00,0.0,14.03,65.63,3.32,22,2025-12-09,RJP_0094,0,2025
2025-12-09 18:00:00+00:00,0.0,13.51,66.14,3.25,23,2025-12-09,RJP_0094,0,2025
2025-12-09 19:00:00+00:00,0.0,13.04,66.61,3.14,0,2025-12-10,RJP_0094,0,2025
2025-12-09 20:00:00+00:00,0.0,12.61,67.0,3.02,1,2025-12-10,RJP_0094,0,2025
2025-12-09 21:00:00+00:00,0.0,12.13,67.71,2.92,2,2025-12-10,RJP_0094,0,2025
2025-12-09 22:00:00+00:00,0.0,11.57,68.89,2.88,3,2025-12-10,RJP_0094,0,2025
2025-12-09 23:00:00+00:00,0.0,11.03,70.12,2.87,4,2025-12-10,RJP_0094,0,2025
2025-12-10 00:00:00+00:00,0.0,10.55,71.08,2.91,5,2025-12-10,RJP_0094,0,2025
2025-12-10 01:00:00+00:00,5.45,10.13,72.01,2.95,6,2025-12-10,RJP_0094,0,2025
2025-12-10 02:00:00+00:00,139.45,12.27,70.31,2.65,7,2025-12-10,RJP_0094,0,2025
2025-12-10 03:00:00+00:00,349.25,15.94,52.5,3.21,8,2025-12-10,RJP_0094,0,2025
2025-12-10 04:00:00+00:00,532.12,18.76,49.01,2.17,9,2025-12-10,RJP_0094,0,2025
2025-12-10 05:00:00+00:00,662.08,23.11,36.6,1.46,10,2025-12-10,RJP_0094,0,2025
2025-12-10 06:00:00+00:00,725.78,25.66,28.67,0.85,11,2025-12-10,RJP_0094,0,2025
2025-12-10 07:00:00+00:00,718.47,26.48,27.56,0.35,12,2025-12-10,RJP_0094,0,2025
2025-12-10 08:00:00+00:00,640.83,26.81,27.49,0.48,13,2025-12-10,RJP_0094,0,2025
2025-12-10 09:00:00+00:00,499.38,26.64,27.94,0.81,14,2025-12-10,RJP_0094,0,2025
2025-12-10 10:00:00+00:00,308.92,26.01,31.36,0.77,15,2025-12-10,RJP_0094,0,2025
2025-12-10 11:00:00+00:00,105.22,24.52,41.77,0.64,16,2025-12-10,RJP_0094,0,2025
2025-12-10 12:00:00+00:00,0.0,22.61,36.64,0.73,17,2025-12-10,RJP_0094,0,2025
2025-12-10 13:00:00+00:00,0.0,21.48,37.88,0.98,18,2025-12-10,RJP_0094,0,2025
2025-12-10 14:00:00+00:00,0.0,20.11,41.84,1.26,19,2025-12-10,RJP_0094,0,2025
2025-12-10 15:00:00+00:00,0.0,18.87,45.2,1.64,20,2025-12-10,RJP_0094,0,2025
2025-12-10 16:00:00+00:00,0.0,17.45,49.97,2.01,21,2025-12-10,RJP_0094,0,2025
2025-12-10 17:00:00+00:00,0.0,15.98,55.45,2.27,22,2025-12-10,RJP_0094,0,2025
2025-12-10 18:00:00+00:00,0.0,14.76,59.86,2.42,23,2025-12-10,RJP_0094,0,2025
2025-12-10 19:00:00+00:00,0.0,13.78,63.37,2.5,0,2025-12-11,RJP_0094,0,2025
2025-12-10 20:00:00+00:00,0.0,13.09,65.43,2.54,1,2025-12-11,RJP_0094,0,2025
2025-12-10 21:00:00+00:00,0.0,12.45,67.46,2.53,2,2025-12-11,RJP_0094,0,2025
2025-12-10 22:00:00+00:00,0.0,11.9,68.92,2.53,3,2025-12-11,RJP_0094,0,2025
2025-12-10 23:00:00+00:00,0.0,11.41,70.28,2.57,4,2025-12-11,RJP_0094,0,2025
2025-12-11 00:00:00+00:00,0.0,11.01,71.13,2.63,5,2025-12-11,RJP_0094,0,2025
2025-12-11 01:00:00+00:00,4.85,10.69,71.73,2.66,6,2025-12-11,RJP_0094,0,2025
2025-12-11 02:00:00+00:00,131.07,12.71,71.97,2.32,7,2025-12-11,RJP_0094,0,2025
2025-12-11 03:00:00+00:00,336.05,16.46,53.33,2.89,8,2025-12-11,RJP_0094,0,2025
2025-12-11 04:00:00+00:00,516.83,19.21,49.44,1.91,9,2025-12-11,RJP_0094,0,2025
2025-12-11 05:00:00+00:00,645.88,23.24,38.49,1.06,10,2025-12-11,RJP_0094,0,2025
2025-12-11 06:00:00+00:00,712.45,25.81,29.96,0.61,11,2025-12-11,RJP_0094,0,2025
2025-12-11 07:00:00+00:00,706.25,26.62,28.71,0.31,12,2025-12-11,RJP_0094,0,2025
2025-12-11 08:00:00+00:00,630.15,26.95,28.31,0.24,13,2025-12-11,RJP_0094,0,2025
2025-12-11 09:00:00+00:00,490.02,26.76,28.7,0.49,14,2025-12-11,RJP_0094,0,2025
2025-12-11 10:00:00+00:00,301.83,26.12,31.64,0.53,15,2025-12-11,RJP_0094,0,2025
2025-12-11 11:00:00+00:00,103.85,24.57,43.22,0.44,16,2025-12-11,RJP_0094,0,2025
2025-12-11 12:00:00+00:00,0.0,22.53,38.04,0.38,17,2025-12-11,RJP_0094,0,2025
2025-12-11 13:00:00+00:00,0.0,21.79,37.06,0.5,18,2025-12-11,RJP_0094,0,2025
2025-12-11 14:00:00+00:00,0.0,20.89,38.17,0.64,19,2025-12-11,RJP_0094,0,2025
2025-12-11 15:00:00+00:00,0.0,19.82,40.65,0.97,20,2025-12-11,RJP_0094,0,2025
2025-12-11 16:00:00+00:00,0.0,18.2,47.07,1.34,21,2025-12-11,RJP_0094,0,2025
2025-12-11 17:00:00+00:00,0.0,16.99,50.8,1.64,22,2025-12-11,RJP_0094,0,2025
2025-12-11 18:00:00+00:00,0.0,16.05,53.4,1.79,23,2025-12-11,RJP_0094,0,2025
2025-12-11 19:00:00+00:00,0.0,15.29,55.32,1.77,0,2025-12-12,RJP_0094,0,2025
2025-12-11 20:00:00+00:00,0.0,14.55,57.34,1.77,1,2025-12-12,RJP_0094,0,2025
2025-12-11 21:00:00+00:00,0.0,13.61,60.82,1.94,2,2025-12-12,RJP_0094,0,2025
2025-12-11 22:00:00+00:00,0.0,12.46,65.79,2.27,3,2025-12-12,RJP_0094,0,2025
2025-12-11 23:00:00+00:00,0.0,11.48,70.19,2.59,4,2025-12-12,RJP_0094,0,2025
2025-12-12 00:00:00+00:00,0.0,10.75,73.11,2.81,5,2025-12-12,RJP_0094,0,2025
2025-12-12 01:00:00+00:00,4.43,10.26,74.95,2.94,6,2025-12-12,RJP_0094,0,2025
2025-12-12 02:00:00+00:00,126.38,12.35,73.57,2.64,7,2025-12-12,RJP_0094,0,2025
2025-12-12 03:00:00+00:00,330.1,16.05,55.25,3.31,8,2025-12-12,RJP_0094,0,2025
2025-12-12 04:00:00+00:00,511.45,18.88,51.1,2.29,9,2025-12-12,RJP_0094,0,2025
2025-12-12 05:00:00+00:00,640.85,23.1,38.41,2.0,10,2025-12-12,RJP_0094,0,2025
2025-12-12 06:00:00+00:00,707.55,26.01,28.86,1.68,11,2025-12-12,RJP_0094,0,2025
2025-12-12 07:00:00+00:00,702.6,26.97,27.47,1.5,12,2025-12-12,RJP_0094,0,2025
2025-12-12 08:00:00+00:00,627.03,27.32,26.77,1.81,13,2025-12-12,RJP_0094,0,2025
2025-12-12 09:00:00+00:00,487.73,27.11,27.21,2.03,14,2025-12-12,RJP_0094,0,2025
2025-12-12 10:00:00+00:00,300.1,26.35,30.95,1.9,15,2025-12-12,RJP_0094,0,2025
2025-12-12 11:00:00+00:00,103.88,23.76,52.19,1.64,16,2025-12-12,RJP_0094,0,2025
2025-12-12 12:00:00+00:00,0.0,20.74,49.66,2.07,17,2025-12-12,RJP_0094,0,2025
2025-12-12 13:00:00+00:00,0.0,19.1,52.48,2.38,18,2025-12-12,RJP_0094,0,2025
2025-12-12 14:00:00+00:00,0.0,17.89,55.51,2.54,19,2025-12-12,RJP_0094,0,2025
2025-12-12 15:00:00+00:00,0.0,16.65,60.06,2.76,20,2025-12-12,RJP_0094,0,2025
2025-12-12 16:00:00+00:00,0.0,15.71,64.39,2.96,21,2025-12-12,RJP_0094,0,2025
2025-12-12 17:00:00+00:00,0.0,15.26,65.54,2.93,22,2025-12-12,RJP_0094,0,2025
2025-12-12 18:00:00+00:00,0.0,14.49,65.91,2.83,23,2025-12-12,RJP_0094,0,2025
2025-12-12 19:00:00+00:00,0.0,13.69,67.09,2.77,0,2025-12-13,RJP_0094,0,2025
2025-12-12 20:00:00+00:00,0.0,13.01,68.64,2.77,1,2025-12-13,RJP_0094,0,2025
2025-12-12 21:00:00+00:00,0.0,12.53,69.84,2.75,2,2025-12-13,RJP_0094,0,2025
2025-12-12 22:00:00+00:00,0.0,12.13,70.71,2.7,3,2025-12-13,RJP_0094,0,2025
2025-12-12 23:00:00+00:00,0.0,11.61,71.48,2.79,4,2025-12-13,RJP_0094,0,2025
2025-12-13 00:00:00+00:00,0.0,11.07,72.46,2.91,5,2025-12-13,RJP_0094,0,2025
2025-12-13 01:00:00+00:00,4.2,10.57,73.76,3.0,6,2025-12-13,RJP_0094,0,2025
2025-12-13 02:00:00+00:00,124.75,12.71,70.69,2.81,7,2025-12-13,RJP_0094,0,2025
2025-12-13 03:00:00+00:00,327.95,16.32,53.24,3.7,8,2025-12-13,RJP_0094,0,2025
2025-12-13 04:00:00+00:00,508.67,19.37,49.16,3.06,9,2025-12-13,RJP_0094,0,2025
2025-12-13 05:00:00+00:00,639.25,23.87,36.1,3.07,10,2025-12-13,RJP_0094,0,2025
2025-12-13 06:00:00+00:00,707.45,26.36,28.91,3.07,11,2025-12-13,RJP_0094,0,2025
2025-12-13 07:00:00+00:00,702.6,27.36,27.49,2.8,12,2025-12-13,RJP_0094,0,2025
2025-12-13 08:00:00+00:00,627.2,27.76,27.16,2.66,13,2025-12-13,RJP_0094,0,2025
2025-12-13 09:00:00+00:00,488.0,27.52,28.13,2.58,14,2025-12-13,RJP_0094,0,2025
2025-12-13 10:00:00+00:00,300.25,26.66,32.26,2.28,15,2025-12-13,RJP_0094,0,2025
2025-12-13 11:00:00+00:00,103.03,23.6,54.95,2.03,16,2025-12-13,RJP_0094,0,2025
2025-12-13 12:00:00+00:00,0.0,19.52,59.49,2.77,17,2025-12-13,RJP_0094,0,2025
2025-12-13 13:00:00+00:00,0.0,17.55,63.64,3.27,18,2025-12-13,RJP_0094,0,2025
2025-12-13 14:00:00+00:00,0.0,16.39,65.87,3.53,19,2025-12-13,RJP_0094,0,2025
2025-12-13 15:00:00+00:00,0.0,15.5,67.53,3.62,20,2025-12-13,RJP_0094,0,2025
2025-12-13 16:00:00+00:00,0.0,14.78,69.07,3.64,21,2025-12-13,RJP_0094,0,2025
2025-12-13 17:00:00+00:00,0.0,14.14,70.62,3.65,22,2025-12-13,RJP_0094,0,2025
2025-12-13 18:00:00+00:00,0.0,13.59,72.24,3.64,23,2025-12-13,RJP_0094,0,2025
2025-12-13 19:00:00+00:00,0.0,13.12,73.73,3.61,0,2025-12-14,RJP_0094,0,2025
2025-12-13 20:00:00+00:00,0.0,12.71,74.85,3.62,1,2025-12-14,RJP_0094,0,2025
2025-12-13 21:00:00+00:00,0.0,12.22,76.17,3.59,2,2025-12-14,RJP_0094,0,2025
2025-12-13 22:00:00+00:00,0.0,11.5,78.26,3.47,3,2025-12-14,RJP_0094,0,2025
2025-12-13 23:00:00+00:00,0.0,10.85,80.18,3.32,4,2025-12-14,RJP_0094,0,2025
2025-12-14 00:00:00+00:00,0.0,10.4,81.19,3.27,5,2025-12-14,RJP_0094,0,2025
2025-12-14 01:00:00+00:00,3.72,10.09,81.82,3.25,6,2025-12-14,RJP_0094,0,2025
2025-12-14 02:00:00+00:00,114.3,12.35,73.22,3.61,7,2025-12-14,RJP_0094,0,2025
2025-12-14 03:00:00+00:00,309.7,15.46,60.49,3.74,8,2025-12-14,RJP_0094,0,2025
2025-12-14 04:00:00+00:00,485.6,18.73,55.06,2.44,9,2025-12-14,RJP_0094,0,2025
2025-12-14 05:00:00+00:00,615.08,23.54,39.46,2.43,10,2025-12-14,RJP_0094,0,2025
2025-12-14 06:00:00+00:00,693.03,26.23,31.37,1.99,11,2025-12-14,RJP_0094,0,2025
2025-12-14 07:00:00+00:00,673.2,27.29,29.82,1.84,12,2025-12-14,RJP_0094,0,2025
2025-12-14 08:00:00+00:00,605.42,27.78,28.99,1.91,13,2025-12-14,RJP_0094,0,2025
2025-12-14 09:00:00+00:00,466.45,27.55,29.8,1.98,14,2025-12-14,RJP_0094,0,2025
2025-12-14 10:00:00+00:00,282.38,26.65,34.18,1.91,15,2025-12-14,RJP_0094,0,2025
2025-12-14 11:00:00+00:00,93.6,23.85,56.58,1.76,16,2025-12-14,RJP_0094,0,2025
2025-12-14 12:00:00+00:00,0.0,20.16,59.79,2.47,17,2025-12-14,RJP_0094,0,2025
2025-12-14 13:00:00+00:00,0.0,17.98,66.67,3.09,18,2025-12-14,RJP_0094,0,2025
2025-12-14 14:00:00+00:00,0.0,16.73,70.56,3.51,19,2025-12-14,RJP_0094,0,2025
2025-12-14 15:00:00+00:00,0.0,15.96,72.92,3.69,20,2025-12-14,RJP_0094,0,2025
2025-12-14 16:00:00+00:00,0.0,15.27,75.49,3.79,21,2025-12-14,RJP_0094,0,2025
2025-12-14 17:00:00+00:00,0.0,14.58,78.06,3.77,22,2025-12-14,RJP_0094,0,2025
2025-12-14 18:00:00+00:00,0.0,13.87,80.81,3.66,23,2025-12-14,RJP_0094,0,2025
2025-12-14 19:00:00+00:00,0.0,13.2,83.03,3.55,0,2025-12-15,RJP_0094,0,2025
2025-12-14 20:00:00+00:00,0.0,12.59,84.98,3.45,1,2025-12-15,RJP_0094,0,2025
2025-12-14 21:00:00+00:00,0.0,11.98,87.09,3.27,2,2025-12-15,RJP_0094,0,2025
2025-12-14 22:00:00+00:00,0.0,11.39,89.62,3.03,3,2025-12-15,RJP_0094,0,2025
2025-12-14 23:00:00+00:00,0.0,10.89,92.08,2.85,4,2025-12-15,RJP_0094,0,2025
2025-12-15 00:00:00+00:00,0.0,10.49,94.27,2.76,5,2025-12-15,RJP_0094,0,2025
2025-12-15 01:00:00+00:00,0.0,10.17,96.66,2.7,6,2025-12-15,RJP_0094,0,2025
2025-12-15 02:00:00+00:00,110.35,12.24,87.3,3.04,7,2025-12-15,RJP_0094,0,2025
2025-12-15 03:00:00+00:00,284.42,15.15,74.66,3.01,8,2025-12-15,RJP_0094,0,2025
2025-12-15 04:00:00+00:00,459.88,18.88,62.55,2.25,9,2025-12-15,RJP_0094,0,2025
2025-12-15 05:00:00+00:00,589.28,23.45,44.53,2.8,10,2025-12-15,RJP_0094,0,2025
2025-12-15 06:00:00+00:00,670.8,25.31,40.04,2.48,11,2025-12-15,RJP_0094,0,2025
2025-12-15 07:00:00+00:00,666.38,26.35,37.82,2.31,12,2025-12-15,RJP_0094,0,2025
2025-12-15 08:00:00+00:00,591.03,26.88,36.54,2.35,13,2025-12-15,RJP_0094,0,2025
2025-12-15 09:00:00+00:00,453.33,26.76,36.46,2.53,14,2025-12-15,RJP_0094,0,2025
2025-12-15 10:00:00+00:00,271.15,25.85,40.14,2.61,15,2025-12-15,RJP_0094,0,2025
2025-12-15 11:00:00+00:00,92.05,22.9,61.76,2.17,16,2025-12-15,RJP_0094,0,2025
2025-12-15 12:00:00+00:00,0.0,18.82,69.61,2.94,17,2025-12-15,RJP_0094,0,2025
2025-12-15 13:00:00+00:00,0.0,17.29,72.29,3.34,18,2025-12-15,RJP_0094,0,2025
2025-12-15 14:00:00+00:00,0.0,16.36,74.05,3.5,19,2025-12-15,RJP_0094,0,2025
2025-12-15 15:00:00+00:00,0.0,15.53,76.08,3.54,20,2025-12-15,RJP_0094,0,2025
2025-12-15 16:00:00+00:00,0.0,14.77,78.24,3.52,21,2025-12-15,RJP_0094,0,2025
2025-12-15 17:00:00+00:00,0.0,14.05,80.3,3.46,22,2025-12-15,RJP_0094,0,2025
2025-12-15 18:00:00+00:00,0.0,13.35,82.07,3.39,23,2025-12-15,RJP_0094,0,2025
2025-12-15 19:00:00+00:00,0.0,12.69,83.53,3.33,0,2025-12-16,RJP_0094,0,2025
2025-12-15 20:00:00+00:00,0.0,12.09,84.76,3.3,1,2025-12-16,RJP_0094,0,2025
2025-12-15 21:00:00+00:00,0.0,11.5,85.91,3.28,2,2025-12-16,RJP_0094,0,2025
2025-12-15 22:00:00+00:00,0.0,10.93,87.29,3.26,3,2025-12-16,RJP_0094,0,2025
2025-12-15 23:00:00+00:00,0.0,10.42,88.83,3.25,4,2025-12-16,RJP_0094,0,2025
2025-12-16 00:00:00+00:00,0.0,9.95,90.32,3.25,5,2025-12-16,RJP_0094,0,2025
2025-12-16 01:00:00+00:00,0.0,9.5,91.97,3.22,6,2025-12-16,RJP_0094,0,2025
2025-12-16 02:00:00+00:00,110.15,11.49,82.66,3.7,7,2025-12-16,RJP_0094,0,2025
2025-12-16 03:00:00+00:00,282.23,14.45,69.86,3.78,8,2025-12-16,RJP_0094,0,2025
2025-12-16 04:00:00+00:00,457.98,18.09,59.4,2.85,9,2025-12-16,RJP_0094,0,2025
2025-12-16 05:00:00+00:00,587.83,22.4,41.86,4.11,10,2025-12-16,RJP_0094,0,2025
2025-12-16 06:00:00+00:00,692.25,24.29,35.98,3.58,11,2025-12-16,RJP_0094,0,2025
2025-12-16 07:00:00+00:00,688.2,25.46,32.99,2.98,12,2025-12-16,RJP_0094,0,2025
2025-12-16 08:00:00+00:00,613.58,26.09,31.39,2.46,13,2025-12-16,RJP_0094,0,2025
2025-12-16 09:00:00+00:00,458.59,26.07,31.0,2.1,14,2025-12-16,RJP_0094,0,2025
2025-12-16 10:00:00+00:00,291.02,25.33,34.65,1.85,15,2025-12-16,RJP_0094,0,2025
2025-12-16 11:00:00+00:00,102.2,22.63,56.69,1.74,16,2025-12-16,RJP_0094,0,2025
2025-12-16 12:00:00+00:00,0.0,19.09,58.62,2.5,17,2025-12-16,RJP_0094,0,2025
2025-12-16 13:00:00+00:00,0.0,16.93,65.02,3.1,18,2025-12-16,RJP_0094,0,2025
2025-12-16 14:00:00+00:00,0.0,15.68,68.69,3.45,19,2025-12-16,RJP_0094,0,2025
2025-12-16 15:00:00+00:00,0.0,14.83,71.27,3.58,20,2025-12-16,RJP_0094,0,2025
2025-12-16 16:00:00+00:00,0.0,14.15,73.99,3.61,21,2025-12-16,RJP_0094,0,2025
2025-12-16 17:00:00+00:00,0.0,13.54,76.76,3.62,22,2025-12-16,RJP_0094,0,2025
2025-12-16 18:00:00+00:00,0.0,12.93,79.32,3.59,23,2025-12-16,RJP_0094,0,2025
2025-12-16 19:00:00+00:00,0.0,12.31,81.6,3.53,0,2025-12-17,RJP_0094,0,2025
2025-12-16 20:00:00+00:00,0.0,11.72,83.56,3.43,1,2025-12-17,RJP_0094,0,2025
2025-12-16 21:00:00+00:00,0.0,11.13,85.34,3.28,2,2025-12-17,RJP_0094,0,2025
2025-12-16 22:00:00+00:00,0.0,10.56,86.68,3.14,3,2025-12-17,RJP_0094,0,2025
2025-12-16 23:00:00+00:00,0.0,10.06,87.62,3.04,4,2025-12-17,RJP_0094,0,2025
2025-12-17 00:00:00+00:00,0.0,9.61,88.55,2.96,5,2025-12-17,RJP_0094,0,2025
2025-12-17 01:00:00+00:00,0.0,9.24,89.01,2.9,6,2025-12-17,RJP_0094,0,2025
2025-12-17 02:00:00+00:00,120.32,11.23,81.28,2.99,7,2025-12-17,RJP_0094,0,2025
2025-12-17 03:00:00+00:00,307.98,14.45,66.44,3.38,8,2025-12-17,RJP_0094,0,2025
2025-12-17 04:00:00+00:00,491.23,17.71,58.22,2.5,9,2025-12-17,RJP_0094,0,2025
2025-12-17 05:00:00+00:00,625.85,22.26,41.0,1.88,10,2025-12-17,RJP_0094,0,2025
2025-12-17 06:00:00+00:00,717.38,25.08,31.47,1.14,11,2025-12-17,RJP_0094,0,2025
2025-12-17 07:00:00+00:00,716.12,26.15,29.73,0.89,12,2025-12-17,RJP_0094,0,2025
2025-12-17 08:00:00+00:00,642.83,26.7,28.76,0.98,13,2025-12-17,RJP_0094,0,2025
2025-12-17 09:00:00+00:00,505.12,26.74,28.81,1.16,14,2025-12-17,RJP_0094,0,2025
2025-12-17 10:00:00+00:00,316.95,26.13,31.89,1.29,15,2025-12-17,RJP_0094,0,2025
2025-12-17 11:00:00+00:00,115.12,23.91,51.32,1.3,16,2025-12-17,RJP_0094,0,2025
2025-12-17 12:00:00+00:00,0.0,21.16,47.14,1.82,17,2025-12-17,RJP_0094,0,2025
2025-12-17 13:00:00+00:00,0.0,19.15,52.09,2.34,18,2025-12-17,RJP_0094,0,2025
2025-12-17 14:00:00+00:00,0.0,17.34,58.14,2.77,19,2025-12-17,RJP_0094,0,2025
2025-12-17 15:00:00+00:00,0.0,15.84,63.19,3.08,20,2025-12-17,RJP_0094,0,2025
2025-12-17 16:00:00+00:00,0.0,14.7,66.97,3.25,21,2025-12-17,RJP_0094,0,2025
2025-12-17 17:00:00+00:00,0.0,13.8,70.08,3.31,22,2025-12-17,RJP_0094,0,2025
2025-12-17 18:00:00+00:00,0.0,13.07,72.85,3.3,23,2025-12-17,RJP_0094,0,2025
2025-12-17 19:00:00+00:00,0.0,12.41,75.28,3.26,0,2025-12-18,RJP_0094,0,2025
2025-12-17 20:00:00+00:00,0.0,11.8,77.44,3.2,1,2025-12-18,RJP_0094,0,2025
2025-12-17 21:00:00+00:00,0.0,11.23,79.23,3.13,2,2025-12-18,RJP_0094,0,2025
2025-12-17 22:00:00+00:00,0.0,10.67,81.14,3.09,3,2025-12-18,RJP_0094,0,2025
2025-12-17 23:00:00+00:00,0.0,10.15,82.9,3.1,4,2025-12-18,RJP_0094,0,2025
2025-12-18 00:00:00+00:00,0.0,9.66,84.43,3.12,5,2025-12-18,RJP_0094,0,2025
2025-12-18 01:00:00+00:00,0.0,9.24,85.58,3.12,6,2025-12-18,RJP_0094,0,2025
2025-12-18 02:00:00+00:00,129.9,11.49,77.86,3.16,7,2025-12-18,RJP_0094,0,2025
2025-12-18 03:00:00+00:00,331.48,15.01,62.28,3.64,8,2025-12-18,RJP_0094,0,2025
2025-12-18 04:00:00+00:00,517.03,18.4,54.6,2.6,9,2025-12-18,RJP_0094,0,2025
2025-12-18 05:00:00+00:00,653.4,22.93,37.19,2.34,10,2025-12-18,RJP_0094,0,2025
2025-12-18 06:00:00+00:00,720.97,25.52,28.17,1.86,11,2025-12-18,RJP_0094,0,2025
2025-12-18 07:00:00+00:00,719.05,26.77,25.63,1.34,12,2025-12-18,RJP_0094,0,2025
2025-12-18 08:00:00+00:00,646.67,27.38,24.45,1.05,13,2025-12-18,RJP_0094,0,2025
2025-12-18 09:00:00+00:00,507.02,27.35,24.35,1.06,14,2025-12-18,RJP_0094,0,2025
2025-12-18 10:00:00+00:00,317.12,26.61,27.71,1.19,15,2025-12-18,RJP_0094,0,2025
2025-12-18 11:00:00+00:00,113.3,24.15,46.53,1.32,16,2025-12-18,RJP_0094,0,2025
2025-12-18 12:00:00+00:00,0.0,20.99,44.86,1.9,17,2025-12-18,RJP_0094,0,2025
2025-12-18 13:00:00+00:00,0.0,18.71,50.83,2.46,18,2025-12-18,RJP_0094,0,2025
2025-12-18 14:00:00+00:00,0.0,16.73,57.62,2.93,19,2025-12-18,RJP_0094,0,2025
2025-12-18 15:00:00+00:00,0.0,15.2,62.64,3.3,20,2025-12-18,RJP_0094,0,2025
2025-12-18 16:00:00+00:00,0.0,14.13,66.05,3.52,21,2025-12-18,RJP_0094,0,2025
2025-12-18 17:00:00+00:00,0.0,13.3,69.08,3.56,22,2025-12-18,RJP_0094,0,2025
2025-12-18 18:00:00+00:00,0.0,12.62,71.55,3.51,23,2025-12-18,RJP_0094,0,2025
2025-12-18 19:00:00+00:00,0.0,12.02,73.5,3.4,0,2025-12-19,RJP_0094,0,2025
2025-12-18 20:00:00+00:00,0.0,11.55,74.64,3.27,1,2025-12-19,RJP_0094,0,2025
2025-12-18 21:00:00+00:00,0.0,11.2,74.96,3.1,2,2025-12-19,RJP_0094,0,2025
2025-12-18 22:00:00+00:00,0.0,10.94,74.58,2.89,3,2025-12-19,RJP_0094,0,2025
2025-12-18 23:00:00+00:00,0.0,10.71,74.05,2.7,4,2025-12-19,RJP_0094,0,2025
2025-12-19 00:00:00+00:00,0.0,10.42,74.04,2.58,5,2025-12-19,RJP_0094,0,2025
2025-12-19 01:00:00+00:00,0.0,10.18,73.78,2.49,6,2025-12-19,RJP_0094,0,2025
2025-12-19 02:00:00+00:00,122.3,12.2,72.93,2.1,7,2025-12-19,RJP_0094,0,2025
2025-12-19 03:00:00+00:00,320.08,15.85,54.54,2.57,8,2025-12-19,RJP_0094,0,2025
2025-12-19 04:00:00+00:00,503.08,18.81,48.48,1.88,9,2025-12-19,RJP_0094,0,2025
2025-12-19 05:00:00+00:00,636.3,23.15,36.12,1.57,10,2025-12-19,RJP_0094,0,2025
2025-12-19 06:00:00+00:00,710.65,26.84,25.1,2.35,11,2025-12-19,RJP_0094,0,2025
2025-12-19 07:00:00+00:00,707.67,28.04,24.44,2.76,12,2025-12-19,RJP_0094,0,2025
2025-12-19 08:00:00+00:00,634.7,28.46,24.91,3.0,13,2025-12-19,RJP_0094,0,2025
2025-12-19 09:00:00+00:00,497.98,28.22,26.38,3.09,14,2025-12-19,RJP_0094,0,2025
2025-12-19 10:00:00+00:00,311.67,27.33,30.9,2.75,15,2025-12-19,RJP_0094,0,2025
2025-12-19 11:00:00+00:00,113.62,23.92,54.88,2.22,16,2025-12-19,RJP_0094,0,2025
2025-12-19 12:00:00+00:00,0.0,19.66,60.58,3.0,17,2025-12-19,RJP_0094,0,2025
2025-12-19 13:00:00+00:00,0.0,17.78,64.37,3.42,18,2025-12-19,RJP_0094,0,2025
2025-12-19 14:00:00+00:00,0.0,16.59,66.47,3.56,19,2025-12-19,RJP_0094,0,2025
2025-12-19 15:00:00+00:00,0.0,15.58,68.28,3.55,20,2025-12-19,RJP_0094,0,2025
2025-12-19 16:00:00+00:00,0.0,14.7,69.92,3.5,21,2025-12-19,RJP_0094,0,2025
2025-12-19 17:00:00+00:00,0.0,13.92,71.36,3.4,22,2025-12-19,RJP_0094,0,2025
2025-12-19 18:00:00+00:00,0.0,13.21,72.65,3.22,23,2025-12-19,RJP_0094,0,2025
2025-12-19 19:00:00+00:00,0.0,12.64,73.56,3.06,0,2025-12-20,RJP_0094,0,2025
2025-12-19 20:00:00+00:00,0.0,12.19,74.09,2.91,1,2025-12-20,RJP_0094,0,2025
2025-12-19 21:00:00+00:00,0.0,11.84,74.46,2.81,2,2025-12-20,RJP_0094,0,2025
2025-12-19 22:00:00+00:00,0.0,11.57,74.42,2.7,3,2025-12-20,RJP_0094,0,2025
2025-12-19 23:00:00+00:00,0.0,11.37,74.17,2.6,4,2025-12-20,RJP_0094,0,2025
2025-12-20 00:00:00+00:00,0.0,11.25,73.29,2.52,5,2025-12-20,RJP_0094,0,2025
2025-12-20 01:00:00+00:00,0.0,11.21,72.27,2.43,6,2025-12-20,RJP_0094,0,2025
2025-12-20 02:00:00+00:00,105.25,13.33,70.88,2.05,7,2025-12-20,RJP_0094,0,2025
2025-12-20 03:00:00+00:00,288.35,16.69,51.79,2.55,8,2025-12-20,RJP_0094,0,2025
2025-12-20 04:00:00+00:00,467.3,19.72,46.02,1.9,9,2025-12-20,RJP_0094,0,2025
2025-12-20 05:00:00+00:00,600.97,24.22,33.92,1.5,10,2025-12-20,RJP_0094,0,2025
2025-12-20 06:00:00+00:00,698.4,26.85,28.8,1.62,11,2025-12-20,RJP_0094,0,2025
2025-12-20 07:00:00+00:00,698.75,27.87,27.59,1.86,12,2025-12-20,RJP_0094,0,2025
2025-12-20 08:00:00+00:00,628.05,28.35,26.8,2.07,13,2025-12-20,RJP_0094,0,2025
2025-12-20 09:00:00+00:00,493.8,28.23,27.09,2.34,14,2025-12-20,RJP_0094,0,2025
2025-12-20 10:00:00+00:00,309.27,27.4,30.68,2.35,15,2025-12-20,RJP_0094,0,2025
2025-12-20 11:00:00+00:00,113.4,24.22,54.14,2.05,16,2025-12-20,RJP_0094,0,2025
2025-12-20 12:00:00+00:00,0.0,20.26,58.7,2.78,17,2025-12-20,RJP_0094,0,2025
2025-12-20 13:00:00+00:00,0.0,18.46,62.28,3.18,18,2025-12-20,RJP_0094,0,2025
2025-12-20 14:00:00+00:00,0.0,17.29,64.65,3.4,19,2025-12-20,RJP_0094,0,2025
2025-12-20 15:00:00+00:00,0.0,16.33,66.47,3.47,20,2025-12-20,RJP_0094,0,2025
2025-12-20 16:00:00+00:00,0.0,15.46,68.06,3.46,21,2025-12-20,RJP_0094,0,2025
2025-12-20 17:00:00+00:00,0.0,14.66,69.48,3.42,22,2025-12-20,RJP_0094,0,2025
2025-12-20 18:00:00+00:00,0.0,13.92,70.71,3.36,23,2025-12-20,RJP_0094,0,2025
2025-12-20 19:00:00+00:00,0.0,13.23,71.89,3.25,0,2025-12-21,RJP_0094,0,2025
2025-12-20 20:00:00+00:00,0.0,12.63,72.84,3.07,1,2025-12-21,RJP_0094,0,2025
2025-12-20 21:00:00+00:00,0.0,12.34,73.04,2.85,2,2025-12-21,RJP_0094,0,2025
2025-12-20 22:00:00+00:00,0.0,12.17,73.0,2.68,3,2025-12-21,RJP_0094,0,2025
2025-12-20 23:00:00+00:00,0.0,12.02,73.19,2.58,4,2025-12-21,RJP_0094,0,2025
2025-12-21 00:00:00+00:00,0.0,11.78,73.63,2.56,5,2025-12-21,RJP_0094,0,2025
2025-12-21 01:00:00+00:00,0.0,11.49,74.08,2.65,6,2025-12-21,RJP_0094,0,2025
2025-12-21 02:00:00+00:00,86.85,13.04,68.72,2.79,7,2025-12-21,RJP_0094,0,2025
2025-12-21 03:00:00+00:00,239.12,15.63,53.66,3.82,8,2025-12-21,RJP_0094,0,2025
2025-12-21 04:00:00+00:00,389.17,18.03,49.64,2.9,9,2025-12-21,RJP_0094,0,2025
2025-12-21 05:00:00+00:00,496.05,21.59,41.98,2.37,10,2025-12-21,RJP_0094,0,2025
2025-12-21 06:00:00+00:00,561.78,25.19,29.56,2.73,11,2025-12-21,RJP_0094,0,2025
2025-12-21 07:00:00+00:00,586.0,26.28,27.67,2.83,12,2025-12-21,RJP_0094,0,2025
2025-12-21 08:00:00+00:00,516.75,26.62,27.32,3.09,13,2025-12-21,RJP_0094,0,2025
2025-12-21 09:00:00+00:00,398.0,26.32,28.98,3.03,14,2025-12-21,RJP_0094,0,2025
2025-12-21 10:00:00+00:00,244.55,25.28,34.78,2.4,15,2025-12-21,RJP_0094,0,2025
2025-12-21 11:00:00+00:00,82.8,22.43,58.31,1.99,16,2025-12-21,RJP_0094,0,2025
2025-12-21 12:00:00+00:00,0.0,19.86,58.34,2.42,17,2025-12-21,RJP_0094,0,2025
2025-12-21 13:00:00+00:00,0.0,18.22,62.52,2.79,18,2025-12-21,RJP_0094,0,2025
2025-12-21 14:00:00+00:00,0.0,16.94,66.21,3.14,19,2025-12-21,RJP_0094,0,2025
2025-12-21 15:00:00+00:00,0.0,16.07,67.78,3.37,20,2025-12-21,RJP_0094,0,2025
2025-12-21 16:00:00+00:00,0.0,15.42,68.52,3.51,21,2025-12-21,RJP_0094,0,2025
2025-12-21 17:00:00+00:00,0.0,14.88,69.64,3.62,22,2025-12-21,RJP_0094,0,2025
2025-12-21 18:00:00+00:00,0.0,14.33,71.47,3.65,23,2025-12-21,RJP_0094,0,2025
2025-12-21 19:00:00+00:00,0.0,13.77,73.6,3.67,0,2025-12-22,RJP_0094,0,2025
2025-12-21 20:00:00+00:00,0.0,13.16,76.16,3.65,1,2025-12-22,RJP_0094,0,2025
2025-12-21 21:00:00+00:00,0.0,12.46,79.28,3.47,2,2025-12-22,RJP_0094,0,2025
2025-12-21 22:00:00+00:00,0.0,11.83,82.07,3.25,3,2025-12-22,RJP_0094,0,2025
2025-12-21 23:00:00+00:00,0.0,11.34,83.98,3.06,4,2025-12-22,RJP_0094,0,2025
2025-12-22 00:00:00+00:00,0.0,10.93,85.39,2.92,5,2025-12-22,RJP_0094,0,2025
2025-12-22 01:00:00+00:00,0.0,10.58,86.37,2.84,6,2025-12-22,RJP_0094,0,2025
2025-12-22 02:00:00+00:00,90.93,12.67,78.47,3.03,7,2025-12-22,RJP_0094,0,2025
2025-12-22 03:00:00+00:00,260.75,15.74,63.91,3.55,8,2025-12-22,RJP_0094,0,2025
2025-12-22 04:00:00+00:00,433.42,19.18,54.9,2.94,9,2025-12-22,RJP_0094,0,2025
2025-12-22 05:00:00+00:00,566.92,23.33,39.76,2.99,10,2025-12-22,RJP_0094,0,2025
2025-12-22 06:00:00+00:00,656.55,26.33,29.65,2.85,11,2025-12-22,RJP_0094,0,2025
2025-12-22 07:00:00+00:00,658.53,28.45,24.71,2.55,12,2025-12-22,RJP_0094,0,2025
2025-12-22 08:00:00+00:00,602.4,28.92,24.26,2.34,13,2025-12-22,RJP_0094,0,2025
2025-12-22 09:00:00+00:00,469.83,28.63,25.01,2.3,14,2025-12-22,RJP_0094,0,2025
2025-12-22 10:00:00+00:00,289.4,27.69,28.93,2.13,15,2025-12-22,RJP_0094,0,2025
2025-12-22 11:00:00+00:00,105.5,24.53,52.48,1.92,16,2025-12-22,RJP_0094,0,2025
2025-12-22 12:00:00+00:00,0.0,20.58,56.87,2.69,17,2025-12-22,RJP_0094,0,2025
2025-12-22 13:00:00+00:00,0.0,18.57,62.23,3.22,18,2025-12-22,RJP_0094,0,2025
2025-12-22 14:00:00+00:00,0.0,17.4,65.92,3.52,19,2025-12-22,RJP_0094,0,2025
2025-12-22 15:00:00+00:00,0.0,16.58,69.13,3.6,20,2025-12-22,RJP_0094,0,2025
2025-12-22 16:00:00+00:00,0.0,15.85,72.77,3.58,21,2025-12-22,RJP_0094,0,2025
2025-12-22 17:00:00+00:00,0.0,15.16,75.96,3.47,22,2025-12-22,RJP_0094,0,2025
2025-12-22 18:00:00+00:00,0.0,14.53,78.61,3.27,23,2025-12-22,RJP_0094,0,2025
2025-12-22 19:00:00+00:00,0.0,14.07,80.2,3.06,0,2025-12-23,RJP_0094,0,2025
2025-12-22 20:00:00+00:00,0.0,13.74,81.03,2.83,1,2025-12-23,RJP_0094,0,2025
2025-12-22 21:00:00+00:00,0.0,13.45,81.44,2.58,2,2025-12-23,RJP_0094,0,2025
2025-12-22 22:00:00+00:00,0.0,13.13,82.02,2.4,3,2025-12-23,RJP_0094,0,2025
2025-12-22 23:00:00+00:00,0.0,12.78,82.76,2.28,4,2025-12-23,RJP_0094,0,2025
2025-12-23 00:00:00+00:00,0.0,12.53,83.11,2.18,5,2025-12-23,RJP_0094,0,2025
2025-12-23 01:00:00+00:00,0.0,12.24,83.78,2.13,6,2025-12-23,RJP_0094,0,2025
2025-12-23 02:00:00+00:00,97.45,14.1,81.33,1.94,7,2025-12-23,RJP_0094,0,2025
2025-12-23 03:00:00+00:00,281.55,17.31,64.68,2.41,8,2025-12-23,RJP_0094,0,2025
2025-12-23 04:00:00+00:00,462.17,20.48,56.45,1.77,9,2025-12-23,RJP_0094,0,2025
2025-12-23 05:00:00+00:00,597.58,25.11,38.75,1.85,10,2025-12-23,RJP_0094,0,2025
2025-12-23 06:00:00+00:00,696.62,26.96,33.04,2.02,11,2025-12-23,RJP_0094,0,2025
2025-12-23 07:00:00+00:00,696.4,27.66,31.54,2.16,12,2025-12-23,RJP_0094,0,2025
2025-12-23 08:00:00+00:00,629.15,27.91,30.69,2.28,13,2025-12-23,RJP_0094,0,2025
2025-12-23 09:00:00+00:00,497.08,27.72,30.64,2.3,14,2025-12-23,RJP_0094,0,2025
2025-12-23 10:00:00+00:00,314.92,26.96,33.25,2.14,15,2025-12-23,RJP_0094,0,2025
2025-12-23 11:00:00+00:00,119.45,24.49,54.18,1.6,16,2025-12-23,RJP_0094,0,2025
2025-12-23 12:00:00+00:00,0.0,21.56,54.82,2.07,17,2025-12-23,RJP_0094,0,2025
2025-12-23 13:00:00+00:00,0.0,19.74,59.54,2.49,18,2025-12-23,RJP_0094,0,2025
2025-12-23 14:00:00+00:00,0.0,18.19,65.01,2.81,19,2025-12-23,RJP_0094,0,2025
2025-12-23 15:00:00+00:00,0.0,17.0,68.88,2.94,20,2025-12-23,RJP_0094,0,2025
2025-12-23 16:00:00+00:00,0.0,16.05,71.9,2.95,21,2025-12-23,RJP_0094,0,2025
2025-12-23 17:00:00+00:00,0.0,15.21,74.6,2.92,22,2025-12-23,RJP_0094,0,2025
2025-12-23 18:00:00+00:00,0.0,14.47,77.0,2.89,23,2025-12-23,RJP_0094,0,2025
2025-12-23 19:00:00+00:00,0.0,13.79,79.37,2.89,0,2025-12-24,RJP_0094,0,2025
2025-12-23 20:00:00+00:00,0.0,13.2,81.24,2.91,1,2025-12-24,RJP_0094,0,2025
2025-12-23 21:00:00+00:00,0.0,12.69,82.71,3.0,2,2025-12-24,RJP_0094,0,2025
2025-12-23 22:00:00+00:00,0.0,12.24,83.77,3.18,3,2025-12-24,RJP_0094,0,2025
2025-12-23 23:00:00+00:00,0.0,11.85,84.63,3.38,4,2025-12-24,RJP_0094,0,2025
2025-12-24 00:00:00+00:00,0.0,11.46,85.5,3.57,5,2025-12-24,RJP_0094,0,2025
2025-12-24 01:00:00+00:00,0.0,11.05,86.51,3.69,6,2025-12-24,RJP_0094,0,2025
2025-12-24 02:00:00+00:00,103.47,12.39,79.14,4.62,7,2025-12-24,RJP_0094,0,2025
2025-12-24 03:00:00+00:00,296.38,14.81,68.67,4.31,8,2025-12-24,RJP_0094,0,2025
2025-12-24 04:00:00+00:00,479.52,18.67,54.62,3.86,9,2025-12-24,RJP_0094,0,2025
2025-12-24 05:00:00+00:00,615.38,22.89,40.36,3.67,10,2025-12-24,RJP_0094,0,2025
2025-12-24 06:00:00+00:00,667.17,24.9,36.42,2.33,11,2025-12-24,RJP_0094,0,2025
2025-12-24 07:00:00+00:00,669.8,25.82,34.86,1.65,12,2025-12-24,RJP_0094,0,2025
2025-12-24 08:00:00+00:00,601.75,26.23,33.81,1.64,13,2025-12-24,RJP_0094,0,2025
2025-12-24 09:00:00+00:00,470.12,26.11,33.71,1.85,14,2025-12-24,RJP_0094,0,2025
2025-12-24 10:00:00+00:00,290.6,25.37,35.51,2.03,15,2025-12-24,RJP_0094,0,2025
2025-12-24 11:00:00+00:00,110.65,22.86,55.24,1.75,16,2025-12-24,RJP_0094,0,2025
2025-12-24 12:00:00+00:00,0.0,19.23,63.09,2.39,17,2025-12-24,RJP_0094,0,2025
2025-12-24 13:00:00+00:00,0.0,17.33,67.66,2.94,18,2025-12-24,RJP_0094,0,2025
2025-12-24 14:00:00+00:00,0.0,16.17,70.14,3.27,19,2025-12-24,RJP_0094,0,2025
2025-12-24 15:00:00+00:00,0.0,15.33,72.24,3.36,20,2025-12-24,RJP_0094,0,2025
2025-12-24 16:00:00+00:00,0.0,14.56,74.88,3.3,21,2025-12-24,RJP_0094,0,2025
2025-12-24 17:00:00+00:00,0.0,13.83,77.71,3.21,22,2025-12-24,RJP_0094,0,2025
2025-12-24 18:00:00+00:00,0.0,13.15,80.28,3.12,23,2025-12-24,RJP_0094,0,2025
2025-12-24 19:00:00+00:00,0.0,12.57,82.42,3.08,0,2025-12-25,RJP_0094,0,2025
2025-12-24 20:00:00+00:00,0.0,12.07,83.94,3.1,1,2025-12-25,RJP_0094,0,2025
2025-12-24 21:00:00+00:00,0.0,11.64,84.97,3.16,2,2025-12-25,RJP_0094,0,2025
2025-12-24 22:00:00+00:00,0.0,11.21,85.99,3.2,3,2025-12-25,RJP_0094,0,2025
2025-12-24 23:00:00+00:00,0.0,10.74,87.29,3.15,4,2025-12-25,RJP_0094,0,2025
2025-12-25 00:00:00+00:00,0.0,10.29,88.52,3.1,5,2025-12-25,RJP_0094,0,2025
2025-12-25 01:00:00+00:00,0.0,9.94,89.41,3.12,6,2025-12-25,RJP_0094,0,2025
2025-12-25 02:00:00+00:00,97.07,11.92,78.79,4.05,7,2025-12-25,RJP_0094,0,2025
2025-12-25 03:00:00+00:00,283.67,14.69,67.21,3.92,8,2025-12-25,RJP_0094,0,2025
2025-12-25 04:00:00+00:00,466.4,18.69,54.69,2.75,9,2025-12-25,RJP_0094,0,2025
2025-12-25 05:00:00+00:00,602.75,23.18,40.39,1.3,10,2025-12-25,RJP_0094,0,2025
2025-12-25 06:00:00+00:00,681.58,24.75,36.96,0.54,11,2025-12-25,RJP_0094,0,2025
2025-12-25 07:00:00+00:00,688.72,25.55,35.06,0.43,12,2025-12-25,RJP_0094,0,2025
2025-12-25 08:00:00+00:00,620.28,25.99,33.66,0.34,13,2025-12-25,RJP_0094,0,2025
2025-12-25 09:00:00+00:00,488.35,25.92,33.35,0.23,14,2025-12-25,RJP_0094,0,2025
2025-12-25 10:00:00+00:00,306.83,25.35,34.48,0.8,15,2025-12-25,RJP_0094,0,2025
2025-12-25 11:00:00+00:00,118.7,23.7,47.3,0.89,16,2025-12-25,RJP_0094,0,2025
2025-12-25 12:00:00+00:00,0.0,21.09,50.68,1.34,17,2025-12-25,RJP_0094,0,2025
2025-12-25 13:00:00+00:00,0.0,19.19,56.28,2.02,18,2025-12-25,RJP_0094,0,2025
2025-12-25 14:00:00+00:00,0.0,17.21,64.0,2.61,19,2025-12-25,RJP_0094,0,2025
2025-12-25 15:00:00+00:00,0.0,15.62,69.72,3.05,20,2025-12-25,RJP_0094,0,2025
2025-12-25 16:00:00+00:00,0.0,14.57,72.72,3.31,21,2025-12-25,RJP_0094,0,2025
2025-12-25 17:00:00+00:00,0.0,13.76,74.74,3.44,22,2025-12-25,RJP_0094,0,2025
2025-12-25 18:00:00+00:00,0.0,13.02,76.43,3.56,23,2025-12-25,RJP_0094,0,2025
2025-12-25 19:00:00+00:00,0.0,12.34,77.62,3.74,0,2025-12-26,RJP_0094,0,2025
2025-12-25 20:00:00+00:00,0.0,11.72,78.13,3.86,1,2025-12-26,RJP_0094,0,2025
2025-12-25 21:00:00+00:00,0.0,11.1,78.33,3.84,2,2025-12-26,RJP_0094,0,2025
2025-12-25 22:00:00+00:00,0.0,10.53,78.06,3.8,3,2025-12-26,RJP_0094,0,2025
2025-12-25 23:00:00+00:00,0.0,10.07,77.22,3.77,4,2025-12-26,RJP_0094,0,2025
2025-12-26 00:00:00+00:00,0.0,9.7,76.47,3.75,5,2025-12-26,RJP_0094,0,2025
2025-12-26 01:00:00+00:00,0.0,9.36,76.56,3.63,6,2025-12-26,RJP_0094,0,2025
2025-12-26 02:00:00+00:00,93.8,11.25,67.77,4.28,7,2025-12-26,RJP_0094,0,2025
2025-12-26 03:00:00+00:00,281.98,14.26,56.92,4.12,8,2025-12-26,RJP_0094,0,2025
2025-12-26 04:00:00+00:00,465.67,18.19,48.36,3.23,9,2025-12-26,RJP_0094,0,2025
2025-12-26 05:00:00+00:00,603.55,23.2,34.12,2.54,10,2025-12-26,RJP_0094,0,2025
2025-12-26 06:00:00+00:00,696.5,24.75,31.45,1.65,11,2025-12-26,RJP_0094,0,2025
2025-12-26 07:00:00+00:00,699.53,25.48,30.22,1.12,12,2025-12-26,RJP_0094,0,2025
2025-12-26 08:00:00+00:00,632.17,25.83,29.48,0.94,13,2025-12-26,RJP_0094,0,2025
2025-12-26 09:00:00+00:00,500.4,25.68,29.58,1.22,14,2025-12-26,RJP_0094,0,2025
2025-12-26 10:00:00+00:00,318.15,24.93,31.27,1.81,15,2025-12-26,RJP_0094,0,2025
2025-12-26 11:00:00+00:00,125.05,22.15,52.37,1.94,16,2025-12-26,RJP_0094,0,2025
2025-12-26 12:00:00+00:00,0.0,17.84,62.65,2.93,17,2025-12-26,RJP_0094,0,2025
2025-12-26 13:00:00+00:00,0.0,16.31,63.46,3.52,18,2025-12-26,RJP_0094,0,2025
2025-12-26 14:00:00+00:00,0.0,15.55,63.05,3.91,19,2025-12-26,RJP_0094,0,2025
2025-12-26 15:00:00+00:00,0.0,14.85,63.85,4.29,20,2025-12-26,RJP_0094,0,2025
2025-12-26 16:00:00+00:00,0.0,14.0,66.09,4.49,21,2025-12-26,RJP_0094,0,2025
2025-12-26 17:00:00+00:00,0.0,13.03,69.03,4.39,22,2025-12-26,RJP_0094,0,2025
2025-12-26 18:00:00+00:00,0.0,12.07,71.61,4.13,23,2025-12-26,RJP_0094,0,2025
2025-12-26 19:00:00+00:00,0.0,11.27,72.79,4.0,0,2025-12-27,RJP_0094,0,2025
2025-12-26 20:00:00+00:00,0.0,10.6,73.41,3.92,1,2025-12-27,RJP_0094,0,2025
2025-12-26 21:00:00+00:00,0.0,9.96,74.57,3.73,2,2025-12-27,RJP_0094,0,2025
2025-12-26 22:00:00+00:00,0.0,9.39,76.03,3.53,3,2025-12-27,RJP_0094,0,2025
2025-12-26 23:00:00+00:00,0.0,8.95,77.11,3.43,4,2025-12-27,RJP_0094,0,2025
2025-12-27 00:00:00+00:00,0.0,8.62,77.79,3.36,5,2025-12-27,RJP_0094,0,2025
2025-12-27 01:00:00+00:00,0.0,8.35,78.57,3.29,6,2025-12-27,RJP_0094,0,2025
2025-12-27 02:00:00+00:00,100.2,10.5,69.02,3.92,7,2025-12-27,RJP_0094,0,2025
2025-12-27 03:00:00+00:00,292.48,13.56,57.35,3.87,8,2025-12-27,RJP_0094,0,2025
2025-12-27 04:00:00+00:00,476.1,17.37,49.04,2.91,9,2025-12-27,RJP_0094,0,2025
2025-12-27 05:00:00+00:00,611.55,22.55,33.67,2.7,10,2025-12-27,RJP_0094,0,2025
2025-12-27 06:00:00+00:00,693.88,24.66,30.48,1.44,11,2025-12-27,RJP_0094,0,2025
2025-12-27 07:00:00+00:00,696.7,25.64,29.52,0.62,12,2025-12-27,RJP_0094,0,2025
2025-12-27 08:00:00+00:00,628.15,26.09,29.13,0.39,13,2025-12-27,RJP_0094,0,2025
2025-12-27 09:00:00+00:00,494.0,25.98,29.49,0.58,14,2025-12-27,RJP_0094,0,2025
2025-12-27 10:00:00+00:00,311.35,25.26,31.49,0.99,15,2025-12-27,RJP_0094,0,2025
2025-12-27 11:00:00+00:00,122.72,22.92,52.5,1.22,16,2025-12-27,RJP_0094,0,2025
2025-12-27 12:00:00+00:00,0.0,19.67,54.28,2.01,17,2025-12-27,RJP_0094,0,2025
2025-12-27 13:00:00+00:00,0.0,17.33,60.99,2.75,18,2025-12-27,RJP_0094,0,2025
2025-12-27 14:00:00+00:00,0.0,15.75,64.68,3.32,19,2025-12-27,RJP_0094,0,2025
2025-12-27 15:00:00+00:00,0.0,14.81,64.75,3.64,20,2025-12-27,RJP_0094,0,2025
2025-12-27 16:00:00+00:00,0.0,14.0,65.02,3.81,21,2025-12-27,RJP_0094,0,2025
2025-12-27 17:00:00+00:00,0.0,13.14,66.08,3.89,22,2025-12-27,RJP_0094,0,2025
2025-12-27 18:00:00+00:00,0.0,12.36,67.24,3.96,23,2025-12-27,RJP_0094,0,2025
2025-12-27 19:00:00+00:00,0.0,11.67,68.08,3.96,0,2025-12-28,RJP_0094,0,2025
2025-12-27 20:00:00+00:00,0.0,11.0,69.5,3.84,1,2025-12-28,RJP_0094,0,2025
2025-12-27 21:00:00+00:00,0.0,10.44,70.65,3.78,2,2025-12-28,RJP_0094,0,2025
2025-12-27 22:00:00+00:00,0.0,9.89,72.14,3.67,3,2025-12-28,RJP_0094,0,2025
2025-12-27 23:00:00+00:00,0.0,9.4,73.65,3.5,4,2025-12-28,RJP_0094,0,2025
2025-12-28 00:00:00+00:00,0.0,9.01,74.85,3.37,5,2025-12-28,RJP_0094,0,2025
2025-12-28 01:00:00+00:00,0.0,8.66,75.87,3.2,6,2025-12-28,RJP_0094,0,2025
2025-12-28 02:00:00+00:00,91.12,10.49,67.13,3.67,7,2025-12-28,RJP_0094,0,2025
2025-12-28 03:00:00+00:00,276.12,13.5,54.68,3.68,8,2025-12-28,RJP_0094,0,2025
2025-12-28 04:00:00+00:00,457.42,17.27,46.99,2.73,9,2025-12-28,RJP_0094,0,2025
2025-12-28 05:00:00+00:00,593.65,22.73,33.54,2.52,10,2025-12-28,RJP_0094,0,2025
2025-12-28 06:00:00+00:00,684.2,25.01,31.44,2.26,11,2025-12-28,RJP_0094,0,2025
2025-12-28 07:00:00+00:00,687.15,25.89,31.06,2.33,12,2025-12-28,RJP_0094,0,2025
2025-12-28 08:00:00+00:00,620.47,26.25,30.93,2.11,13,2025-12-28,RJP_0094,0,2025
2025-12-28 09:00:00+00:00,489.67,26.04,31.39,1.5,14,2025-12-28,RJP_0094,0,2025
2025-12-28 10:00:00+00:00,310.05,25.31,33.84,1.13,15,2025-12-28,RJP_0094,0,2025
2025-12-28 11:00:00+00:00,115.05,23.55,49.34,0.72,16,2025-12-28,RJP_0094,0,2025
2025-12-28 12:00:00+00:00,3.67,21.46,47.22,0.82,17,2025-12-28,RJP_0094,0,2025
2025-12-28 13:00:00+00:00,0.0,19.92,50.87,1.45,18,2025-12-28,RJP_0094,0,2025
2025-12-28 14:00:00+00:00,0.0,17.89,58.75,2.2,19,2025-12-28,RJP_0094,0,2025
2025-12-28 15:00:00+00:00,0.0,16.31,64.11,2.69,20,2025-12-28,RJP_0094,0,2025
2025-12-28 16:00:00+00:00,0.0,14.99,68.41,3.01,21,2025-12-28,RJP_0094,0,2025
2025-12-28 17:00:00+00:00,0.0,13.92,71.24,3.31,22,2025-12-28,RJP_0094,0,2025
2025-12-28 18:00:00+00:00,0.0,13.19,72.73,3.53,23,2025-12-28,RJP_0094,0,2025
2025-12-28 19:00:00+00:00,0.0,12.69,73.43,3.79,0,2025-12-29,RJP_0094,0,2025
2025-12-28 20:00:00+00:00,0.0,12.43,72.84,4.0,1,2025-12-29,RJP_0094,0,2025
2025-12-28 21:00:00+00:00,0.0,12.1,72.88,3.83,2,2025-12-29,RJP_0094,0,2025
2025-12-28 22:00:00+00:00,0.0,11.56,73.9,3.45,3,2025-12-29,RJP_0094,0,2025
2025-12-28 23:00:00+00:00,0.0,10.65,76.7,3.11,4,2025-12-29,RJP_0094,0,2025
2025-12-29 00:00:00+00:00,0.0,10.03,77.97,3.02,5,2025-12-29,RJP_0094,0,2025
2025-12-29 01:00:00+00:00,0.0,9.94,77.48,3.01,6,2025-12-29,RJP_0094,0,2025
2025-12-29 02:00:00+00:00,85.43,11.86,67.56,3.72,7,2025-12-29,RJP_0094,0,2025
2025-12-29 03:00:00+00:00,264.55,14.24,57.38,3.43,8,2025-12-29,RJP_0094,0,2025
2025-12-29 04:00:00+00:00,444.15,17.46,50.57,2.25,9,2025-12-29,RJP_0094,0,2025
2025-12-29 05:00:00+00:00,580.9,22.33,37.74,1.68,10,2025-12-29,RJP_0094,0,2025
2025-12-29 06:00:00+00:00,665.95,25.0,32.64,1.56,11,2025-12-29,RJP_0094,0,2025
2025-12-29 07:00:00+00:00,681.28,25.88,31.59,1.47,12,2025-12-29,RJP_0094,0,2025
2025-12-29 08:00:00+00:00,615.5,26.29,31.02,1.5,13,2025-12-29,RJP_0094,0,2025
2025-12-29 09:00:00+00:00,480.75,26.13,31.15,1.52,14,2025-12-29,RJP_0094,0,2025
2025-12-29 10:00:00+00:00,302.88,25.41,33.65,1.13,15,2025-12-29,RJP_0094,0,2025
2025-12-29 11:00:00+00:00,111.75,23.84,47.96,0.53,16,2025-12-29,RJP_0094,0,2025
2025-12-29 12:00:00+00:00,3.85,22.1,44.38,0.66,17,2025-12-29,RJP_0094,0,2025
2025-12-29 13:00:00+00:00,0.0,20.47,49.41,1.29,18,2025-12-29,RJP_0094,0,2025
2025-12-29 14:00:00+00:00,0.0,18.92,54.35,1.81,19,2025-12-29,RJP_0094,0,2025
2025-12-29 15:00:00+00:00,0.0,17.24,60.66,2.27,20,2025-12-29,RJP_0094,0,2025
2025-12-29 16:00:00+00:00,0.0,15.91,65.24,2.67,21,2025-12-29,RJP_0094,0,2025
2025-12-29 17:00:00+00:00,0.0,14.78,68.74,3.01,22,2025-12-29,RJP_0094,0,2025
2025-12-29 18:00:00+00:00,0.0,13.88,71.06,3.17,23,2025-12-29,RJP_0094,0,2025
2025-12-29 19:00:00+00:00,0.0,13.14,72.9,3.22,0,2025-12-30,RJP_0094,0,2025
2025-12-29 20:00:00+00:00,0.0,12.51,74.33,3.2,1,2025-12-30,RJP_0094,0,2025
2025-12-29 21:00:00+00:00,0.0,11.97,75.55,3.13,2,2025-12-30,RJP_0094,0,2025
2025-12-29 22:00:00+00:00,0.0,11.52,76.55,3.05,3,2025-12-30,RJP_0094,0,2025
2025-12-29 23:00:00+00:00,0.0,11.15,77.15,2.96,4,2025-12-30,RJP_0094,0,2025
2025-12-30 00:00:00+00:00,0.0,10.84,77.71,2.87,5,2025-12-30,RJP_0094,0,2025
2025-12-30 01:00:00+00:00,0.0,10.56,78.01,2.77,6,2025-12-30,RJP_0094,0,2025
2025-12-30 02:00:00+00:00,86.97,12.39,73.7,2.47,7,2025-12-30,RJP_0094,0,2025
2025-12-30 03:00:00+00:00,271.55,15.5,56.09,2.84,8,2025-12-30,RJP_0094,0,2025
2025-12-30 04:00:00+00:00,452.85,18.71,48.32,1.72,9,2025-12-30,RJP_0094,0,2025
2025-12-30 05:00:00+00:00,589.85,23.28,36.2,2.52,10,2025-12-30,RJP_0094,0,2025
2025-12-30 06:00:00+00:00,657.42,25.42,32.47,3.22,11,2025-12-30,RJP_0094,0,2025
2025-12-30 07:00:00+00:00,661.58,26.27,31.2,3.58,12,2025-12-30,RJP_0094,0,2025
2025-12-30 08:00:00+00:00,595.4,26.58,30.73,3.79,13,2025-12-30,RJP_0094,0,2025
2025-12-30 09:00:00+00:00,465.92,26.33,31.31,3.75,14,2025-12-30,RJP_0094,0,2025
2025-12-30 10:00:00+00:00,288.58,25.39,34.39,3.31,15,2025-12-30,RJP_0094,0,2025
2025-12-30 11:00:00+00:00,106.05,22.34,57.58,2.07,16,2025-12-30,RJP_0094,0,2025
2025-12-30 12:00:00+00:00,3.83,19.39,61.16,2.24,17,2025-12-30,RJP_0094,0,2025
2025-12-30 13:00:00+00:00,0.0,18.63,60.7,2.11,18,2025-12-30,RJP_0094,0,2025
2025-12-30 14:00:00+00:00,0.0,18.03,61.27,2.01,19,2025-12-30,RJP_0094,0,2025
2025-12-30 15:00:00+00:00,0.0,17.21,63.26,2.07,20,2025-12-30,RJP_0094,0,2025
2025-12-30 16:00:00+00:00,0.0,16.28,66.01,2.2,21,2025-12-30,RJP_0094,0,2025
2025-12-30 17:00:00+00:00,0.0,15.47,68.44,2.25,22,2025-12-30,RJP_0094,0,2025
2025-12-30 18:00:00+00:00,0.0,14.78,70.31,2.24,23,2025-12-30,RJP_0094,0,2025
2025-12-30 19:00:00+00:00,0.0,14.15,72.05,2.21,0,2025-12-31,RJP_0094,0,2025
2025-12-30 20:00:00+00:00,0.0,13.66,73.16,2.1,1,2025-12-31,RJP_0094,0,2025
2025-12-30 21:00:00+00:00,0.0,13.41,72.93,1.78,2,2025-12-31,RJP_0094,0,2025
2025-12-30 22:00:00+00:00,0.0,13.17,72.72,1.39,3,2025-12-31,RJP_0094,0,2025
2025-12-30 23:00:00+00:00,0.0,12.84,73.36,1.17,4,2025-12-31,RJP_0094,0,2025
2025-12-31 00:00:00+00:00,0.0,12.39,74.84,1.13,5,2025-12-31,RJP_0094,0,2025
2025-12-31 01:00:00+00:00,0.0,12.04,76.1,1.18,6,2025-12-31,RJP_0094,0,2025
2025-12-31 02:00:00+00:00,70.55,13.07,78.42,1.18,7,2025-12-31,RJP_0094,0,2025
2025-12-31 03:00:00+00:00,211.02,15.68,64.51,1.59,8,2025-12-31,RJP_0094,0,2025
2025-12-31 04:00:00+00:00,378.0,19.06,52.4,0.97,9,2025-12-31,RJP_0094,0,2025
2025-12-31 05:00:00+00:00,525.67,22.46,40.25,2.99,10,2025-12-31,RJP_0094,0,2025
2025-12-31 06:00:00+00:00,512.12,23.7,37.94,3.57,11,2025-12-31,RJP_0094,0,2025
2025-12-31 07:00:00+00:00,492.3,24.34,37.73,3.86,12,2025-12-31,RJP_0094,0,2025
2025-12-31 08:00:00+00:00,414.6,24.6,38.21,4.04,13,2025-12-31,RJP_0094,0,2025
2025-12-31 09:00:00+00:00,311.77,24.34,39.86,3.83,14,2025-12-31,RJP_0094,0,2025
2025-12-31 10:00:00+00:00,203.2,23.56,43.05,3.3,15,2025-12-31,RJP_0094,0,2025
2025-12-31 11:00:00+00:00,71.97,21.28,62.66,1.91,16,2025-12-31,RJP_0094,0,2025
2025-12-31 12:00:00+00:00,3.28,18.66,70.21,2.15,17,2025-12-31,RJP_0094,0,2025
2025-12-31 13:00:00+00:00,0.0,18.0,70.85,2.14,18,2025-12-31,RJP_0094,0,2025
2025-12-31 14:00:00+00:00,0.0,17.64,71.6,2.06,19,2025-12-31,RJP_0094,0,2025
2025-12-31 15:00:00+00:00,0.0,17.34,72.39,1.96,20,2025-12-31,RJP_0094,0,2025
2025-12-31 16:00:00+00:00,0.0,16.98,73.18,1.9,21,2025-12-31,RJP_0094,0,2025
2025-12-31 17:00:00+00:00,0.0,16.71,73.71,1.79,22,2025-12-31,RJP_0094,0,2025
2025-12-31 18:00:00+00:00,0.0,16.47,74.31,1.68,23,2025-12-31,RJP_0094,0,2025
2025-12-31 19:00:00+00:00,0.0,16.17,75.21,1.54,0,2026-01-01,RJP_0094,0,2025
2025-12-31 20:00:00+00:00,0.0,15.86,76.26,1.47,1,2026-01-01,RJP_0094,0,2025
2025-12-31 21:00:00+00:00,0.0,15.6,77.18,1.41,2,2026-01-01,RJP_0094,0,2025
2025-12-31 22:00:00+00:00,0.0,15.24,78.26,1.36,3,2026-01-01,RJP_0094,0,2025
2025-12-31 23:00:00+00:00,0.0,14.94,78.99,1.3,4,2026-01-01,RJP_0094,0,2025
