point_id,T_sunrise_mean,T_sunrise_p05,T_noon_mean,T_sunset_mean,T_sunset_p95,diurnal_gradient,kt_noon_mean,kt_noon_std,GHI_noon_mean,GHI_sunset_mean,RH_sunrise_mean,wind_noon_mean,wind_sunset_mean,HSI_sunrise,Ta_mean,Ta_p95,Ta_p05,daylength_mean,daylength_amplitude,GHI_daily_kWh,SAI,kt_daily_mean,kt_daily_std,cloudy_frac,CCI,HDD18,CDD24,DTR_true,seasonality,monsoon_index,lat,lon,population,weight,elevation_m,Tm_target_C,kt_p05,kt_worst_month,Tm_target_capped_C_p05day,tm_target_capped_flag,Tm_target_capped_C,T_mains_est_C,L_required_kJ_per_kg,int_GHI_x_ktstd,int_DTR_x_cloudyfrac,int_RH_x_TsunriseMinusTm,int_wind_x_TsunsetMinusTdelivery,int_CCI_x_1minusSAI,PC1,PC2,PC3,PC4,T_sunrise_p05_z,T_sunset_mean_z,T_sunset_p95_z,diurnal_gradient_z,kt_noon_mean_z,kt_noon_std_z,GHI_noon_mean_z,GHI_sunset_mean_z,RH_sunrise_mean_z,wind_noon_mean_z,wind_sunset_mean_z,HSI_sunrise_z,daylength_mean_z,daylength_amplitude_z,GHI_daily_kWh_z,SAI_z,kt_daily_mean_z,kt_daily_std_z,cloudy_frac_z,CCI_z,DTR_true_z,seasonality_z,monsoon_index_z,Tm_target_C_z,Tm_target_capped_C_z,L_required_kJ_per_kg_z,int_GHI_x_ktstd_z,int_DTR_x_cloudyfrac_z,int_RH_x_TsunriseMinusTm_z,int_wind_x_TsunsetMinusTdelivery_z,int_CCI_x_1minusSAI_z,PC1_z,PC2_z,PC3_z,PC4_z
TNP_0001,26.4306012635637,21.150415039062523,32.44370182719252,31.050333765749954,35.60292968750002,6.013100563628818,0.7938960175974851,0.15473350747167144,759.1385718298166,27.2961980110618,82.64415889464034,3.128286522977472,2.9002593491208333,25.29174035454372,29.974878952168723,34.23122558593752,25.520532226562523,12.131522724316483,0.7726780471466661,5.096340128661374,0.8121941499773154,0.8114705978761354,0.1912294822049953,0.0339447029838488,5.0,0.0,14722.94,7.662775800711744,0.1589473732146742,0.9274860328858334,13.125,80.125,5068599.2233457565,0.0711614353911609,44.29656191525649,57.0,0.3973891920022596,0.6973876519773939,43.20948171543511,True,53.20059503021293,27.974878952168723,276.59147011866514,0.9745704839444537,0.2601106485869843,-2526.382246487659,-54.95894665860307,0.9390292501134229,1.5321595303935684,0.14003921982713013,0.42145809018158764,-0.14549674449797104,0.21477583834859953,0.23056409266599492,0.12497064699965273,-0.5237654890911393,-0.021435501174416824,-0.9581640886585429,0.09725171970294301,-0.6168917285034181,0.6508900654121106,0.3861972235739997,0.475772971306458,0.8460311438923448,1.6550839292537878,1.6161446199199867,-1.903221972671961,-0.1357262570275124,0.009304672862983268,3.0868532687032495,2.850531508754854,2.022622310546965,-1.035629201796225,0.8504783377406159,-0.14015316752936857,0.0,0.3155139687966134,-0.4800371544345014,2.753700923399315,2.0681811977747353,0.2462466735142621,-0.4398491332848217,2.0497932157000465,0.5979761852813982,0.17335405809908572,0.6632344348276922,-0.3064024798713036
TNP_0002,26.552430893284217,21.504296875000023,32.29635616980031,30.857629373616884,34.87539062500002,5.743925276516094,0.788017801680487,0.155800007220578,753.3370366106112,26.341931853344025,83.49156949096424,3.2464116037860693,2.9559075753790105,25.458113945017157,29.902138812233808,33.897403971354194,25.660058593750023,12.131150344722936,0.7573739362844449,5.250551489186969,0.8224449018582426,0.8200487670893551,0.1850365036624371,0.0333972077744319,5.0,0.0,14722.94,7.662775800711744,0.153812460296003,0.9324765696714373,12.875,80.125,3176285.3368492126,0.0445939822468122,36.93468884953068,57.0,0.418524751238089,0.7111219176415654,43.731957315525754,True,53.400598641915536,27.902138812233808,277.5049407959678,0.9715436898587592,0.25591531554525887,-2542.115331904297,-56.583078345238505,0.887775490708787,1.4914373213545427,0.11289256732690696,0.5257578546158223,0.05753606056008901,0.41837394439935527,0.12036712508672516,-0.23002091483084683,-0.8720095391972812,-0.5941035271243441,-0.8159483640863954,-0.4493765829445483,-0.7672434333969228,0.9768811905633121,0.6014217112171837,0.5610960895520993,0.9658887108816308,1.4408855102264788,1.414117696562514,-0.25315557373542863,0.4839594880199444,0.5630008988184547,2.4980890265101197,2.767618290457558,2.022622310546965,-1.035629201796225,0.486548936601861,-0.026614939163828146,0.0,0.5663419803744859,-0.43548807973344345,2.6931693572058077,1.9944440563133883,0.16082303056844371,-0.5746105921882896,1.7456231927564505,0.5820829896093175,0.13974931236764973,0.8273674694727182,0.1211655401532549
TNP_0003,27.04402096681363,22.891748046875023,30.921928122546067,29.898306589872774,33.257511393229194,3.877907155732437,0.7960578542065393,0.15006134369576257,763.008856208921,27.46047401947907,80.88592474161987,3.5506358156655295,3.9592603436974114,25.725300482400574,29.28808522641082,32.62111816406252,25.57892252604169,12.131522724287846,0.7726780539733342,5.096340128661374,0.8121941499773154,0.8114705978761354,0.1912294822049953,0.0339447029838488,5.0,0.0,15832.214583333332,2.1168436901177112,0.1589473732146742,0.9352268893725025,13.125,80.375,2187441.213805318,0.030710941968187,12.285439360663428,57.0,0.3973891920022596,0.6973876519773939,42.859021067505886,True,53.10404014373361,27.28808522641082,285.2162257267329,0.9745704839444537,0.07185563032428018,-2423.0170656398554,-79.58783755988031,0.9390292501134229,1.0190210324579192,-0.09504958869941643,1.424939548282898,0.5922200065446784,1.2166133626031808,-0.42821643612917326,-1.0194403493913866,-3.286160239744397,0.1891751196014184,-1.5811882922665315,0.46191502018752295,-0.5910088259831123,-0.025486572204697803,1.1557197458276527,2.099495292001838,1.1583731563512447,1.6550839127815509,1.6161447100376531,-1.903221972671961,-0.1357262570275124,0.009304672862983268,3.0868532687032495,2.850531508754854,2.022622310546965,-3.671340603884427,0.8504783377406159,0.03595677199930256,0.0,0.1944228046043072,-0.0594162287615082,2.753700923399315,-1.2405875637003865,0.80747354465519,-2.483418196275141,2.0497932157000465,0.39770682988485767,-0.11766155182835908,2.2423794867998534,1.247159716602591
TNP_0004,26.06450870150095,21.375268554687523,33.475304827208134,32.456439944473715,37.36562500000002,7.410796125707183,0.7891548275277154,0.16020158892976688,753.0207457742052,27.515387441972287,77.18949677864829,2.071416646714377,2.1005000894755557,24.613651255061797,30.665417824394268,34.64512532552085,26.63963216145836,12.126932235382139,0.5761310312533343,5.437572751163428,0.8247086724135473,0.8215984334976926,0.1428997361393857,0.0106761565836298,3.0,0.0,12871.993333333332,10.99419655078018,0.1288411731358976,0.959785730160559,9.875,78.125,2115244.36277926,0.0296973223617932,209.53759096187284,57.0,0.5308496730088822,0.7059342757300587,47.68066976107545,True,53.29263257655355,28.665417824394268,267.91968296125674,0.7770277113799674,0.11737576388733185,-2387.8950059313947,-36.85024946635274,0.5258739827593581,1.7945781197504098,0.27944300595941374,-0.6866113384896515,-0.13472789533237753,0.3441403472639124,1.034638329245071,0.9850508739849569,1.2844954719149748,-0.4833321031786136,-0.22900576735573144,-0.47917792285113253,-0.5823568093244281,-1.4474686856179866,-1.5394249733987952,-0.7504647449178454,0.3575274731199382,-0.9854352864595896,-0.9784385789016093,1.7479778007596478,0.6208105560660473,0.6630274220145789,-1.5078383037223912,-0.6732802688803223,-0.23795556594670206,0.5476328145806935,-1.2832543153280236,0.5946877048782764,0.0,0.43093985807230845,-0.9029517629338228,-1.1968728767977574,-0.44052604427028463,0.9981706780276716,1.062710340524991,-0.40211370020487464,0.7003937624968866,0.34592151506035795,-1.0804971921010327,-0.2837242948639141
TNP_0005,25.028689047107033,20.536035156250023,31.22745747547163,31.194936333813736,36.72048339843752,6.198768428364598,0.7931068445443783,0.1678710958594225,755.4633713593527,34.60964336129718,79.73051419971799,2.1473847560763044,1.671529103699978,23.854927924859467,29.150360952130796,33.507511393229194,25.596704101562523,12.129337500599105,0.6813416909866667,5.275799865863673,0.8160117092561003,0.81232369546151,0.1555748075150028,0.0114973993977552,2.0,0.0,12104.44625,12.076693128935124,0.1504696479518056,0.8892791875600842,11.625,78.125,1714135.3546363115,0.0240658862371323,370.4388512036476,57.0,0.5010874788720237,0.70181957500624,46.32960303993454,True,53.211485784329994,27.150360952130796,286.94576716314145,0.8207815486194185,0.13885056430749307,-2549.089061913232,-31.433211214961347,0.3679765814877993,-0.11040028096141888,-0.24508417296876817,-0.15924835395207562,-0.19608643945157891,-0.13869407119036348,0.31325429151626355,0.6702638934020392,-0.28355870828413865,-0.09831838210920339,0.7937084772846178,-0.24903051752427793,0.5353957839062675,-0.46996246641713124,-1.4010106984393977,-1.4081881730370043,-0.18906608248754767,0.39810993391327165,0.41042916269355284,0.017002849353044393,0.09505555228916042,0.06436967585519161,-0.30282382774354283,-0.5489104414343713,-1.3682445041935358,1.0620907121655319,0.24963202801720225,-1.009385820464691,0.0,0.32917225314714066,0.02493182155211129,-0.32185851503549,-0.06308511629466512,0.12295878420429318,1.5121861950387863,-1.3391699615483152,-0.04308737931900998,-0.303388836444826,-0.25060378360547925,-0.4129396264116125
TNP_0006,26.3250828070344,21.638574218750023,33.326256975645634,32.783879440542925,38.01748046875002,7.001174168611236,0.8090489268852655,0.16222059521185808,770.9919419781567,28.528190087585177,78.21797874797832,3.0624958890159597,2.819196805136014,24.90842467948083,30.81173974107432,34.80792643229169,26.985640462239605,12.128288104230142,0.6360865695644451,5.410225023268546,0.8321275162214008,0.8285176842622313,0.1487787629298056,0.0114973993977552,3.0,0.0,13839.055,11.1382617027101,0.1412169227172108,0.960711970958755,10.875,78.625,1304575.5502040386,0.0183158037631258,155.65714057871446,57.0,0.5238380086322935,0.7044815951895939,47.369510762939306,True,53.07939644037168,28.81173974107432,266.0821723315887,0.804926586133773,0.1280610433927789,-2399.3300210953785,-48.53563207805783,0.5036174513357976,2.1483185157783753,0.3421050914408521,-0.4828162105030887,-0.013607947359297533,0.49562745135203945,1.2218828395185815,1.3031137834102704,0.7545493134782257,1.4547924516196393,0.04022490205390424,1.2140918939020593,-0.4227822469688532,-1.0518210552554896,0.2663263596629698,0.3514831333227563,0.5698858490101697,-0.20551885525875208,-0.18697587634530866,1.455356253729627,1.0692997796725983,1.109645218835422,-0.9489213416647678,-0.5489104414343713,-0.23795556594670206,0.6160999641983236,-0.40614126490144825,0.6157603356963529,0.0,0.1635167071615294,-0.9925653655803666,-0.6389351591756935,-0.2527216533885683,0.9360836412780228,0.0931219619737208,-0.5341970781343571,0.8384527102765595,0.42349069047113586,-0.7597916470429962,-0.02865705917499113
TNP_0007,22.68209469031092,19.638696289062523,28.59204758274292,27.06813337412106,31.973901367187523,5.909952892432003,0.778249884458486,0.17015273469225092,742.6803083572826,48.50977338929313,83.69153619113281,2.944446980243636,2.151591111345829,21.94818901705379,26.11409188239163,29.97080891927086,23.58990885416669,12.128288104372169,0.6360865172977785,5.048638915959485,0.7840629984393008,0.7866090238432492,0.1735815252616066,0.0213523131672597,3.0,0.0,4459.810416666666,9.994626334519571,0.1437977436294094,0.8525219774800783,10.875,76.875,1258467.862797141,0.0176684672754964,626.922971672921,57.0,0.43822045392227327,0.6048303518150628,43.32065354751322,True,49.862528661860054,24.11409188239163,325.0752341409259,0.8763504435273515,0.2134083914844028,-2872.1182142297125,-49.34000039880919,0.6478110046820975,-4.258914006269528,-1.3086083407853848,-0.3871321462512661,0.5797500949002821,-0.6549581890168917,-2.046635729263635,-1.6457582358290253,-0.6572122224888937,-1.5457143478480297,1.0979607006492538,-1.4534675789982656,2.725464278998684,1.0538065557446208,0.05124065785059769,-0.6721289992266268,-1.5627040843066202,-0.20551877356275158,-0.18697656630854353,-2.413626446114419,-1.8363306421861103,-1.5954386437071035,1.4090683507307902,0.9435274879169947,-0.23795556594670206,0.07258577764470374,-0.22322937839065238,-1.8456382500996393,0.0,-3.8708131808046256,1.8844687666466768,0.7894401545097136,1.2473426840530792,-1.6309455669023214,0.0263799303440422,0.32153247105644217,-1.662182756032191,-1.6199216663552785,-0.6092168502732115,1.2208992537667893
TNP_0008,24.662769935037147,20.925561523437523,30.876945923479017,30.179760156584653,35.61208496093752,6.21417598844187,0.7961607885525284,0.15937855988238112,757.7000383633841,42.84990265039858,79.74386025120823,2.138144121565063,2.146686888189297,23.53054825082302,28.57315867170027,32.862369791666694,25.30955403645836,12.1286347689107,0.6511429212444444,5.290631888858473,0.8116570034534867,0.8089440468960872,0.1490793442160955,0.006569942513003,2.0,0.0,11906.758333333331,11.227637558171365,0.1417460169048132,0.9145934405380742,11.125,77.375,1234266.652519226,0.0173286903892815,384.84592765177206,57.0,0.5276432447701519,0.6944778505510285,47.114899419508816,True,52.977580385886725,26.57315867170027,294.194273400788,0.7887239324797839,0.07376493331401925,-2578.695555211567,-42.54784899262681,0.37668599309302664,-0.6543383211616142,-0.40117489894677805,0.05305512473560863,-0.0998966762540564,0.08541132943328662,-0.2672687316025355,0.12943782269382847,-0.26362526201157754,0.19920319777213494,-0.3387551343273568,-0.03828880144298938,1.8337097006902172,-0.4648283621700231,-1.4178471807051956,-0.6796484412722084,-0.4227531622707631,-0.006112046198742557,0.011780420853711044,0.17570596103405095,-0.168198220809779,-0.15377694835065195,-0.9203451869076085,-1.295129406110047,-1.3682445041935358,0.6585759549989774,-0.3686424924996835,-0.4334687279769542,0.0,0.03582742057434504,0.3784344066657567,-0.9629651309541912,-1.2070296689524023,-0.03779128136899671,0.5899550641354171,-1.2874831787920908,-0.2553772798522802,-0.4966129975999869,0.08349106705621233,-0.21037301859060145
TNP_0009,24.729514161550565,18.476831054687523,31.56022180963559,31.105052358473753,36.32375488281252,6.830707648085024,0.795826135210845,0.17661608672013115,755.1093491631723,29.309129761216585,80.10804996985416,3.237526720670816,2.4794459840408734,23.610346746612283,29.131596109886633,33.51365559895835,24.33832194010419,12.131150344835785,0.7573739076266675,5.281575272378868,0.824761992919618,0.8205200973744438,0.1677403520682583,0.0224473035860936,4.0,0.0,12227.740833333331,11.189364905557076,0.1625937329650596,0.8887300846900045,12.875,79.125,901144.725508362,0.0126517701117467,375.49680295067634,57.0,0.4812691861579826,0.7006453528334731,45.4775748404919,True,52.92853629328302,27.131596109886633,287.18141605204363,0.8859332956638385,0.2511710709706212,-2585.125692097978,-46.849002048444824,0.7009520283215278,-0.43619336069908826,-0.2891136223975825,-0.032046218564660243,-0.7948363985206258,-1.3234117155402079,0.26185462487246297,0.4766862799877567,0.5340091882969357,0.1666005728829782,1.9598364701956295,-0.2823869559299257,-0.29973941410734756,-0.3247279000505848,0.585233409772984,-0.16944271520048726,-0.36526535108937974,1.4408855751385974,1.4141173182561448,0.0787998803787852,0.6240339252310203,0.5934239172440993,0.8537501165293968,1.1093539245116009,0.8923333723001315,0.6403868273875979,1.108908722308389,-1.0218782976745826,0.0,-0.02567962983692954,0.03642418821014485,0.9810835342704678,1.9110592499468804,-0.07270405930997512,0.23306918749205863,0.6369026325316549,-0.17023895795558125,-0.3578927371647494,-0.05043005734909406,-1.6738508097828382
TNP_0010,26.647258291021227,21.747094726562523,32.35495747686592,31.114895227280865,35.85622558593752,5.707699185844692,0.7933406156646499,0.1547178920098671,753.5663306507487,26.91088273515236,81.28041097089617,2.978819709041728,2.854201207049043,25.396604034310624,30.03903699838934,34.09300130208336,25.858544921875023,12.129337500454586,0.6813417341866668,5.277478562825075,0.8256301162131793,0.8210631387609231,0.1679282321555186,0.0213523131672597,4.0,0.0,15466.175416666663,9.545091705447575,0.1573499115748268,0.9710293379446523,11.625,79.625,890343.420427084,0.0125001234062543,49.32902075696085,57.0,0.4799355047596431,0.6913321713116554,45.79851124115132,True,52.74006961408443,28.03903699838934,275.78577337422666,0.8862376452938618,0.2038097873049296,-2467.083320199256,-53.9018888375426,0.6974795351472829,1.6972354792361923,0.1631133555657164,0.5779363707914772,-0.022819344928571683,0.5580623310619814,0.2674832163270644,0.24856250787184844,-0.9188768451459075,-0.0755439131444114,-0.9602463809584801,-0.4277721959621843,-0.6776010056646745,0.12626868114745832,0.11386794152166235,0.4051539315560502,0.9215762198063697,0.39810985078370326,0.4104297329692893,0.034964959541066556,0.6765143321526328,0.6284756816424801,0.8716118088376835,0.9435274879169947,0.8923333723001315,-0.14105613571648248,0.7372605934205739,0.8504877045747963,0.0,-0.26203897349897026,-0.5193301994618207,0.9871700929375404,1.0786376903913115,0.5682134188911133,-0.3521403253823472,0.6162948109640135,0.662402561394637,0.2019174496429034,0.9094790470936334,-0.0480553973855444
TNP_0011,25.75631790204707,23.726220703125023,29.97240557711444,28.67802760866561,31.237329101562523,4.216087675067371,0.8221937034162086,0.1459385620612488,795.3530643702954,33.726354551347214,85.0623092792232,4.148136304615638,3.772639314936477,24.831529226931696,28.135583695942373,30.417016601562523,26.429996744791687,12.124674580256544,0.4721419647999996,5.194127648508076,0.7930134539444403,0.7908687591493785,0.1507634015873216,0.0123186422118806,3.0,0.0,13665.6475,3.122132493840679,0.1150078218920241,0.9501279726286636,8.125,77.375,856360.3904578686,0.0120230130479503,138.1100551825802,57.0,0.49386081353399197,0.6980589323104684,46.16007126507804,True,53.61271045544004,26.135583695942373,299.6893399463557,0.7830843525678334,0.038460433129709835,-2657.6597496378013,-80.44011131553826,0.620959638166679,-0.37209975948242313,-0.5025547987319163,1.3442168298406312,1.5619661553358575,1.6967087930836797,-1.1260263917885793,-2.0051574110111114,-2.8486410492442786,2.735383932745817,-2.1309534263007968,3.5094289866977557,0.39622708614279806,1.5811304566399715,2.2443686231072317,1.8133570055770736,0.5144894256424187,-2.284072932002434,-2.351180278665663,-0.8568924403700839,-1.2952513386731257,-1.3204849439201762,-0.7602424584440751,-0.4245406139884205,-0.23795556594670206,-3.193575800867315,-2.263672739878001,0.37496691586045244,0.0,0.8323550986657592,0.646423446827,-1.075748688434111,-1.8275412942325564,-0.4665316696362239,-2.5541351557696843,0.1621806329877007,-0.14522429962777408,-0.6221108192754229,2.115348857204525,3.289354034149036
TNP_0012,24.133665820981786,20.487817382812523,30.492066837922998,29.81119237667764,35.02358398437502,6.358401016941212,0.7867412304215067,0.16199338117564263,747.3848988262531,39.77326372347685,79.66379001711253,1.9603304012502611,1.7768093166845513,23.056148440259303,28.145641678527472,32.33205566406252,24.981632486979187,12.128984559559473,0.666227735182221,5.290631888858473,0.8116570034534867,0.8089440468960872,0.1490793442160955,0.006569942513003,2.0,0.0,10067.059166666666,11.76790583082398,0.1417460169048132,0.9015442025732378,11.375,77.625,850894.7885315418,0.0119462778275835,460.26230646104943,57.0,0.5276432447701519,0.6944778505510285,46.96623540057769,True,52.91708640701497,26.145641678527472,299.563031801052,0.7887239324797839,0.07731446480694636,-2618.2567446695552,-35.871661477871264,0.37668599309302664,-1.433769969258855,-0.5848471854520227,-0.18138150970180944,-0.013962511258843596,-0.1664351032324637,-0.47803222922499955,-0.1577122309277887,-0.07703492309145415,-0.7184697554472376,0.009926340027544127,-1.0101948579792277,1.3489624378189158,-0.4956306507149266,-1.7418246678629976,-1.2467663871972612,-0.7645165810473958,0.19509286743298665,0.21091244340014384,0.17570596103405095,-0.168198220809779,-0.15377694835065195,-0.9203451869076085,-1.295129406110047,-1.3682445041935358,0.9153391497190924,-0.3686424924996835,-0.7303480865905982,0.0,-0.04003913155271496,0.6402635216752671,-0.9629651309541912,-1.1446431305745504,-0.2525909111477326,1.1439081559966964,-1.2874831787920908,-0.5595763886076577,-0.7239802756048705,-0.285433987098081,-0.029403737449261853
TNP_0013,26.582016623871205,21.431176757812523,32.42860554292639,31.106082043519798,35.66286621093752,5.846588919055186,0.7928438791843126,0.15529189786756803,753.9008945163497,26.089785818425078,80.89515790878355,3.0568500133627237,2.8367150731302226,25.31247901528739,30.03890140343913,33.95762532552085,25.905989583333355,12.12969361672174,0.6964855314488885,5.277478562825075,0.8256301162131793,0.8210631387609231,0.1679282321555186,0.0213523131672597,4.0,0.0,14551.777083333334,10.07469477142075,0.1573499115748268,0.9496857618098031,11.875,79.625,793806.6025528908,0.0111447788178755,63.01114270992133,57.0,0.4799355047596431,0.6913321713116554,45.798454905429544,True,52.740048189588265,28.03890140343913,275.7874761756114,0.8862376452938618,0.21511803782392974,-2460.667568478692,-53.596661857633165,0.6974795351472829,1.5811337531054286,0.1434753096201689,0.3776860890568265,0.09004090340572708,0.3763058983405755,0.2624434447139827,0.15421575721085662,-0.7391890152184564,-0.12393701466173317,-0.8837037853832913,-0.39624914713620213,-0.8069709097677374,-0.021934657034588325,0.2560395460036947,0.3783431673621889,0.8609715284346227,0.6029533565404662,0.6103403841910053,0.034964959541066556,0.6765143321526328,0.6284756816424801,0.8716118088376835,0.9435274879169947,0.8923333723001315,0.11063840574750482,0.7372605934205739,0.3649063081353835,0.0,-0.26206584233262376,-0.5192471554977672,0.9871700929375404,1.277391415043629,0.6030480917917576,-0.32681427981118666,0.6162948109640135,0.6170900035838808,0.17760758157880394,0.5943519074695156,0.18961768655759864
TNP_0014,26.677017095142087,21.979394531250023,32.99718912016797,31.88261264210632,36.26333007812502,6.3201720250258795,0.7851587678340951,0.16119615569383997,746.6921635716837,24.683118136297942,80.14952034759435,3.224018332688751,3.02938345627055,25.34755912973446,30.518939619138788,34.34527994791669,26.251367187500023,12.128288104166273,0.6360865903644441,5.2999541910758285,0.8235388739963944,0.8187838002155088,0.1624970902480756,0.0202573227484259,4.0,0.0,15750.032083333334,9.208935121817683,0.1554659796053448,1.0005663161101228,10.875,79.375,761459.6739379168,0.0106906387745802,48.25433546687707,57.0,0.4919031372804452,0.6651514009046563,46.4280436786353,True,52.0312294386669,28.518939619138788,269.75915626285513,0.8612271344979154,0.18654837093197557,-2430.372535332665,-54.884513532848324,0.7058445040144226,2.137272831024422,0.29311467359823246,0.361839004011031,-0.07708293435135967,0.691710898090125,0.7064982804629236,0.44720292040619675,-0.12649347152979987,-0.8726365534806433,-0.09638217027279954,-1.0754652876296045,-1.0286018274272517,-0.30877462408423106,0.5606210593523637,0.6737536115443704,0.8862436714193757,-0.20551889199712287,-0.18697560176811479,0.27545488742418056,0.5500930699626594,0.48135091423572696,0.3552751014835942,0.7777010513224033,0.8923333723001315,-0.3008149864726668,0.6037396858026968,1.5224747705459685,0.0,-1.1510077786766735,-0.813242442689975,0.48699553632217496,0.7752511682113576,0.7675366219157459,-0.4336730844459284,0.6659374674597671,0.8341417646459219,0.36284562438556583,0.5694138822212967,-0.1623294206513525
TNP_0015,23.369224296495776,19.697412109375023,29.294044739501558,28.301557257460047,33.29873046875002,5.924820443005782,0.7892785082360316,0.16020606886197877,750.2778354480711,44.305164422789495,81.09879688853395,1.9414703464812062,1.4687566619684669,22.447209742215087,26.98827543115246,31.186710611979187,23.758610026041687,12.128634768932523,0.6511429134577771,5.290631888858473,0.8116570034534867,0.8089440468960872,0.1490793442160955,0.006569942513003,2.0,0.0,4459.810416666666,9.994626334519571,0.1417460169048132,0.885018475320069,11.125,77.125,759539.1904519796,0.010663675829695,557.5731076775709,57.0,0.5276432447701519,0.6944778505510285,46.563774865773986,True,52.75331820496998,24.98827543115246,314.0972371355874,0.7887239324797839,0.06566412045673947,-2727.415447982332,-31.869732332446887,0.37668599309302664,-3.3417379050103673,-1.0401871523650563,-0.7469534755000153,0.37692504468835275,-0.621177337340309,-1.3413089321974558,-0.9993281317104998,-0.6379774105471773,-0.4712828712212192,-0.22840837686764023,-0.7376185526564222,2.0629969773852244,0.05640340059822534,-1.776187781918085,-1.7190907513608338,-1.2032034578859165,-0.006112033646082701,0.011780318063261196,0.17570596103405095,-0.168198220809779,-0.15377694835065195,-0.9203451869076085,-1.295129406110047,-1.3682445041935358,0.07258577764470374,-0.3686424924996835,-1.1063200261601913,0.0,-0.2454236850062231,1.3490825514011742,-0.9629651309541912,-1.349409493788304,-0.8452740276048575,1.4759660885544479,-1.2874831787920908,-1.3042242958440817,-1.2876440204937543,-1.175455585518325,0.7937687459372931
TNP_0016,26.75927652111742,22.355615234375023,32.62403641836364,31.334612238876915,35.98879394531252,5.864759897246216,0.7897690501576451,0.1544362470728424,750.5848156079664,25.414601788589106,81.06550262137527,3.0167425796876683,2.988568656782331,25.482598705776287,30.23930839278599,34.31988932291669,25.995060221354187,12.128634768713603,0.6511429862044436,5.277478562825075,0.8256301162131793,0.8210631387609231,0.1679282321555186,0.0213523131672597,4.0,0.0,15750.032083333334,9.208935121817683,0.1573499115748268,1.0016715904431719,11.125,79.625,705301.0805649757,0.0099021909336935,25.69669919455166,57.0,0.4799355047596431,0.6913321713116554,45.88171812708188,True,52.77171322408342,28.23930839278599,273.2707652033935,0.8862376452938618,0.19663206665802804,-2451.4794484496406,-55.782792829580984,0.6974795351472829,1.9719236447419173,0.23697002991611948,0.5341659866377082,-0.05334213582275225,0.9081611784793727,0.3931272046942028,0.3132472119235133,-0.7156804119305747,-0.42349325650432307,-0.9978032006690445,-0.7086944769747702,-0.9133511572298175,0.043595399778756545,0.18296360138373965,0.6111739715977385,0.9835278316372327,-0.006112159572200187,0.0117812783794366,0.034964959541066556,0.6765143321526328,0.6284756816424801,0.8716118088376835,0.9435274879169947,0.8923333723001315,-0.3008149864726668,0.7372605934205739,1.5476205404347503,0.0,-0.2223541712715301,-0.6419846969297178,0.9871700929375404,0.9524821271865033,0.6529354892042813,-0.5082073291297752,0.6162948109640135,0.7696087485394351,0.29334436727462104,0.8405990643083743,-0.1123335285206406
TNP_0017,19.634569880269336,15.936669921875025,25.23456076856754,23.511630505224716,27.283471679687523,5.599990888298205,0.7808488845583504,0.1675724053758712,744.6821242628405,52.91607577532534,84.2717084297336,2.195621192436429,1.527079813095897,19.190400813363024,22.793587051353864,26.16339518229169,20.178328450520855,12.128634768954072,0.651142905564444,5.012855891048453,0.7613838263984049,0.7618929398045098,0.1666554789876616,0.0098549137695045,5.0,0.0,4459.810416666666,9.994626334519571,0.1602558928370339,0.8605164906275805,11.125,76.875,686165.5627800226,0.0096335346733488,1184.7084870343083,57.0,0.46035567579720754,0.573555910322823,43.46199796170147,True,48.54430515444214,20.793587051353864,366.77413380909815,0.835419899618801,0.09849618068510921,-3148.848632401528,-40.4498543372965,1.1930808680079759,-8.99783976643042,-2.530217787712787,1.0054621985816208,-0.44341218066440136,-2.7848373757023928,-4.080402718179576,-3.9343816874691453,-1.0582238638487003,-1.2925143501532994,0.7538786661809533,-1.2648538432675083,3.4197098735408655,1.27699352279863,-1.313123670297062,-1.6296662817107725,-3.549448395260839,-0.006112021250778124,0.01178021386473472,-2.7965059360350244,-3.207348084269677,-3.1907909983281932,0.7506116230268183,-0.7976500963262582,2.022622310546965,0.07258577764470374,0.9432177415213733,-1.6637574428023572,0.0,-5.524020232247767,3.9180834654290058,-0.029112366009101442,-0.7723534542679948,-3.1334684229186753,0.7640350496750711,3.557485282418074,-3.511706054474127,-3.132147707734709,1.5822620767098594,-0.9337844102938653
TNP_0018,24.153866749692163,21.002832031250023,30.416200487277383,29.067439434720363,34.81166992187502,6.2623337375852195,0.7912552473376115,0.16188024605710558,754.4372097587514,43.9132547371325,80.50789226358688,3.396372863973241,2.9444931272971386,23.118908590523294,27.8791688905633,32.19737141927085,24.867944335937523,12.12828810435321,0.6360865250488894,5.2474154393649055,0.8050014795750728,0.8022058832765958,0.1467190374278597,0.0082124281412537,2.0,0.0,4459.810416666666,9.994626334519571,0.1360653791823445,0.8859518610658926,10.875,77.125,667808.2734088898,0.0093758044792699,442.1922181791183,57.0,0.5173280960548722,0.7141433451975426,46.65866730541854,True,53.80324670769806,25.8791688905633,302.9093970723061,0.7698957422477084,0.08208015057092385,-2644.372956991202,-61.635780721197,0.3899970408498543,-2.033438676411871,-0.6947933327773079,-1.2261279348974765,0.644168869731084,0.12986721116151304,-0.903343338767621,-0.26111245766231,-0.2013214384118553,-0.2787048347720406,-0.00516001407033482,-0.34571681740604643,2.001248702099291,-0.17091221756749075,0.8746518768109514,0.543594789530786,-0.7193034021220731,-0.20551878446828994,-0.1869764639874682,-0.28671140528467964,-0.5705426850192648,-0.5887060892019664,-1.1447387041738437,-1.04638975121816,-1.3682445041935358,0.07258577764470374,-0.7712493365042062,-1.0850848427490276,0.0,1.0713099299337216,0.8034624947242212,-1.3395020908760351,-1.060881474028158,-0.39439030633199057,-0.993855872107532,-1.2084875743987988,-0.7936170343907226,-0.8600822250068028,-1.9295163312152743,1.3565591437975526
TNP_0019,25.80877014195016,22.006005859375023,32.160503686788374,32.08253111782109,38.03994140625002,6.351733544838215,0.7942522656297126,0.16091587335637844,753.4648095824333,37.559784718483925,77.7611044108771,1.933222850062592,1.8700670376411865,24.425550070594948,30.017268315519875,34.71387125651044,26.620507812500023,12.12898455953584,0.666227742826667,5.290631888858473,0.8116570034534867,0.8089440468960872,0.1490793442160955,0.006569942513003,2.0,0.0,12104.44625,12.076693128935124,0.1417460169048132,0.9044003497087705,11.375,77.875,660676.1065044403,0.0092756712448188,243.90680725897732,57.0,0.5276432447701519,0.6944778505510285,47.61707160647644,True,53.181922996067875,28.017268315519875,276.0591444937014,0.7887239324797839,0.0793431796042821,-2425.464481695481,-33.50686795452445,0.37668599309302664,1.1843529979668304,0.0948265490529122,-0.6207231836817779,0.02323898045507536,0.7070211385589297,0.8208205828400524,1.3140732544466482,-0.08566092852465353,0.013270923401508974,-0.13375728990853666,-0.43733764496135397,1.0002124172349407,-1.2275764444970603,-1.7912147616152367,-1.1037781899529195,0.2220170819944978,0.19509285383912528,0.2109125443131543,0.17570596103405095,-0.168198220809779,-0.15377694835065195,-0.9203451869076085,-1.295129406110047,-1.3682445041935358,1.0620907121655319,-0.3686424924996835,-0.6653687267239106,0.0,0.29209704568783273,-0.505998156381299,-0.9629651309541912,-1.1089864548093409,0.7941851660734192,1.3401256350558448,-1.2874831787920908,0.46223312501203606,0.11738545183375593,-0.9768112168311989,0.04893911039511363
TNP_0020,26.09106418820944,20.253320312500023,32.57036898279111,31.76708218908394,36.57753906250002,6.479304794581669,0.7922727282698213,0.16655321796077927,754.7465426604074,26.517609690949907,80.35191979129333,3.050720778010464,2.7745180704109296,24.838482314401304,30.142838453361495,34.47300618489586,25.64890950520836,12.131150344779682,0.7573739222044447,5.281575272378868,0.824761992919618,0.8205200973744438,0.1677403520682583,0.0224473035860936,4.0,0.0,12227.740833333331,11.189364905557076,0.1625937329650596,0.9085493653379778,12.875,79.625,624118.5540295839,0.0087624154528603,139.48229047699775,57.0,0.4812691861579826,0.7006453528334731,45.89568146284311,True,53.0762748044797,28.142838453361495,274.48223470268636,0.8859332956638385,0.2511710709706212,-2483.592331183229,-50.5875599427039,0.7009520283215278,1.236993280703832,0.11609984694675138,-0.33874727534901217,-0.13882504622583944,-0.30134781855619663,0.6404328138422446,0.6005163902303084,0.0793836755483724,-0.17957972519494586,0.6179719518467759,-0.3165710632915997,-0.7395640881928353,-0.23091340466163537,0.24487204855688208,0.28297908166928865,0.5194985147941248,1.4408855428674816,1.414117510694863,0.0787998803787852,0.6240339252310203,0.5934239172440993,0.8537501165293968,1.1093539245116009,0.8923333723001315,0.6403868273875979,1.108908722308389,-0.5709756976293191,0.0,0.15960180924048817,-0.5829025100976076,0.9810835342704678,1.9110592499468804,0.47857684587714316,-0.07713565622300564,0.6369026325316549,0.48277774509811855,0.1437195925380539,-0.5330752047462722,-0.2923525098696537
TNP_0021,26.635875704954337,22.039086914062523,32.41946477013138,31.114088977615495,35.87709960937502,5.78358906517704,0.7910048139865284,0.15521007907400847,752.5935179550619,26.318330268267374,81.74771713784715,2.94054126928344,2.832262701321407,25.417584806147183,30.056476484233734,34.115665690104194,25.82279866536461,12.128984559376233,0.6662277931022222,5.277478562825075,0.8256301162131793,0.8210631387609231,0.1679282321555186,0.0213523131672597,4.0,0.0,15466.175416666663,9.545091705447575,0.1573499115748268,0.9868787160597479,11.375,79.625,611160.1712343693,0.0085804840987678,40.19339913795741,57.0,0.4799355047596431,0.6913321713116554,45.805756835629325,True,52.742825116388225,28.056476484233734,275.56676831099276,0.8862376452938618,0.2038097873049296,-2482.197844009825,-53.48986136917447,0.6974795351472829,1.721796079192266,0.1709729857384401,0.5737675357340942,-0.03852023071686999,0.7260535934536364,0.26702216680322055,0.25874766845456915,-0.8206947303453923,-0.3031025729330478,-0.8946141667702744,-0.5194318916366757,-0.7709620380291465,0.30603710015860974,0.044124432959690416,0.3715165302551107,0.9366910241375822,0.19509276203049356,0.21091320799207322,0.034964959541066556,0.6765143321526328,0.6284756816424801,0.8716118088376835,0.9435274879169947,0.8923333723001315,-0.14105613571648248,0.7372605934205739,1.2110722246758259,0.0,-0.2585832500854046,-0.5300108629624014,0.9871700929375404,1.0786376903913115,0.48614828982718994,-0.3179525663462443,0.6162948109640135,0.6719881519148245,0.21164685821345666,0.9029186914436043,-0.08111998833780311
TNP_0022,26.270350341099753,20.577172851562523,32.72060380954189,31.515019570290214,36.02590332031252,6.450253468442138,0.7888778284796195,0.1595224465358561,752.1412122552076,26.717282202035342,82.15396538684492,3.0832516900377254,2.8073481387153016,25.1150529033205,30.168657906977288,34.44773763020835,25.736352539062523,12.131150344751514,0.757373929351111,5.281575272378868,0.824761992919618,0.8205200973744438,0.1677403520682583,0.0224473035860936,4.0,0.0,14722.94,7.662775800711744,0.1625937329650596,0.9258767428389105,12.875,79.875,596457.0556298494,0.0083740572804231,72.98125865165476,57.0,0.4812691861579826,0.7006453528334731,45.906356732339,True,53.08004692464627,28.168657906977288,274.1579940041792,0.8859332956638385,0.17200865471074797,-2524.5625744271615,-51.89377540353455,0.7009520283215278,1.6568914210005055,0.18803988521594525,0.22549234401599472,-0.24340986530404554,-0.11502640587849569,0.4962921644066195,0.33135416407057233,0.041798681828099,-0.510317926820164,-0.31956812120223826,-0.5620487314294691,-0.7081042043656011,0.4623170951881619,0.3041435328657692,0.3333160643244151,0.7187433456252611,1.4408855266649967,1.414117605036771,0.0787998803787852,0.6240339252310203,0.5934239172440993,0.8537501165293968,1.1093539245116009,0.8923333723001315,-1.035629201796225,1.108908722308389,-0.17676565005449485,0.0,0.1643324908154762,-0.5987154129721374,0.9810835342704678,0.5197012270864046,0.2561266819333372,-0.18551818615717852,0.6369026325316549,0.646656951643184,0.23277391310027276,0.35484972486109706,-0.5125983169701751
TNP_0023,24.860715946914286,21.403955078125023,32.39844790142242,30.055630543707192,33.87941894531252,7.537731954508136,0.7862505718143454,0.16188403179017924,760.9231504794276,31.721587243893207,84.8212836371378,3.058036955167106,2.2700559472998805,23.995772919205113,29.104931464014637,32.67141113281252,26.052351888020855,12.125304993007235,0.5017421447822228,5.194127648508076,0.7930134539444403,0.7908687591493785,0.1507634015873216,0.0123186422118806,3.0,0.0,8454.959166666666,8.5837092800438,0.1150078218920241,0.9431444731519806,8.625,77.625,582560.4265007973,0.0081789532620649,277.47538699823593,57.0,0.49386081353399197,0.6980589323104684,46.524106366795365,True,53.72646510494501,27.104931464014637,287.5162706749042,0.7830843525678334,0.10573964347165879,-2726.095328561323,-45.274834499403575,0.620959638166679,-0.1393227125590506,-0.22964458157561232,-0.9216825042533816,0.609206825971297,0.36064450556744043,-0.3382515814196749,-0.7159900680145793,1.4487180036316845,-0.7662707379129962,-0.004655193724469955,0.26539707456497064,0.08036114019816991,1.4884100910998646,0.2582021599038228,-0.49049177759869117,-0.08759962800489336,-1.9214499073442548,-1.9604334168275168,-0.8568924403700839,-1.2952513386731257,-1.3204849439201762,-0.7602424584440751,-0.4245406139884205,-0.23795556594670206,-0.5979543757009831,-2.263672739878001,0.21608738196712288,0.0,0.9750167851231817,0.052754721831497056,-1.075748688434111,-0.6450424077194367,-0.838106367411083,0.3636848987751503,0.1621806329877007,-0.054375319623353756,-0.2842762205169504,-1.450420786882238,1.2829323630312164
TNP_0024,26.72457090646865,22.010400390625023,33.191092408690594,32.40578264708115,36.97890625000002,6.466521502221944,0.7911488249471819,0.1635407263488199,753.4969271461819,24.705602313945477,78.67838024733925,3.224574629516061,3.116511041264838,25.29100881767925,30.7738153207468,34.61269531250002,26.56590169270836,12.128288104188153,0.6360865835377778,5.2999541910758285,0.8235388739963944,0.8187838002155088,0.1624970902480756,0.0202573227484259,4.0,0.0,15750.032083333334,9.208935121817683,0.1554659796053448,0.9844695535359882,10.875,79.125,581223.5783321857,0.0081601843615489,66.78409269793967,57.0,0.4919031372804452,0.6651514009046563,46.529796959887,True,52.07905301010757,28.7738153207468,266.5584272020617,0.8612271344979154,0.18654837093197557,-2382.021722372217,-54.832572642784996,0.7058445040144226,2.35893280712157,0.3600533081760144,0.17996863869549434,-0.0961680291156314,0.7095494351501085,1.0056702268752675,0.7963573726629734,0.06284536122987722,-0.28907272549003976,0.21626189256024453,-0.4343114857304442,-1.0250592786162156,-0.8747087988722776,0.5616346349521925,0.8073427254621279,0.8455041357987586,-0.2055188794117658,-0.18697569188575774,0.27545488742418056,0.5500930699626594,0.48135091423572696,0.3552751014835942,0.7777010513224033,0.8923333723001315,-0.3008149864726668,0.6037396858026968,1.156262079686738,0.0,-1.0910314051057146,-0.9693388796858291,0.48699553632217496,0.7752511682113576,1.030059990542823,-0.42936331684563045,0.6659374674597671,0.9206519382321481,0.4457087248940863,0.2832105994702529,-0.20252083788566208
TNP_0025,25.872976003109855,19.963037109375023,32.50268625796422,31.384100770541856,36.28640136718752,6.629710254854366,0.7905716139091412,0.1588895246953359,753.2693481839877,27.095672886149107,83.0039038578473,3.0034055442629755,2.54870917437592,24.809846938467977,29.919921010538644,34.39772949218752,25.200748697916687,12.131522724345446,0.7726780401066673,5.186786947714207,0.8117909718476327,0.8082411659864758,0.1763708163766422,0.0240897892143443,5.0,0.0,14722.94,7.662775800711744,0.1738154034917073,0.9147251872238974,13.125,79.875,578685.5680625439,0.0081245515474583,108.33752837679025,57.0,0.45548422639582636,0.6972215042786881,45.18089675432929,True,53.28029190426008,27.919921010538644,277.2816319496557,0.9147978483400669,0.18459465383592427,-2583.6645072187757,-47.446513155377595,0.9410451407618364,1.2537747578183638,0.09573596140450503,0.30559480268861633,-0.5163800119614188,-0.46835585449572653,0.4214269546846513,0.45846020315551966,0.2739699141487537,-0.34530582586925346,-0.4039670516655621,-0.45575427580618677,-0.6484859479575709,0.789280670665401,0.15866345617910158,-0.06324433698786383,0.4988692401633049,1.6550839459140334,1.616144526986179,-0.9354381693184941,-0.16009946814231252,-0.19914589564866603,1.6742452536240435,1.3580935794034876,2.022622310546965,-1.035629201796225,1.9042281170521151,-0.4304713980415165,0.0,0.4154632060931051,-0.44637863454045645,1.5583334335037677,0.7409126514704463,-0.0647704765388033,0.1834910226524236,2.0617566991967182,0.48932727435357226,0.11851121018794171,0.4809042724986921,-1.0874478103746064
TNP_0026,23.774833131067986,18.265283203125023,30.75960508615615,30.229955036853966,35.79799804687502,6.9847719550881635,0.7995057149562177,0.18048556359673756,759.761967796248,32.037378729908376,80.35968087553086,3.453145693226855,2.6216896006611288,22.772949377205926,28.254797751359362,32.84275716145835,23.683618164062523,12.13115034486372,0.7573739001599993,5.295295067068163,0.815700428727697,0.8128717773695653,0.1610892305004863,0.0128661374212975,3.0,0.1162500000000008,7553.04375,11.609230769230768,0.1578215727843174,0.8733590804302384,12.875,78.875,578566.7887402773,0.0081228839255583,536.1132596407795,57.0,0.5010346405652429,0.7104396337232058,45.97265003456758,True,53.37774029330366,26.254797751359362,298.1922498384291,0.8530150076270313,0.14936595843247835,-2669.9638066236375,-51.83092128448289,0.552898713816909,-2.2569257196549493,0.3545639000636641,-0.716507821727194,-0.564812129376361,-1.4451211042211185,-0.23856505997130875,0.22015127045689067,0.7333290397701552,0.5250728880993293,2.475823893808208,0.1559889101417135,0.13011642904419446,-0.2279277863628309,0.9780922554716176,0.04865352499718297,-0.9685366456179355,1.440885591207228,1.4141172196899483,0.2256021142735823,0.07623780034246651,0.09974679146828004,0.2214303817405113,-0.3416273956911248,-0.23795556594670206,0.8399286216548608,0.7706888879659692,-1.371579475489232,0.0,0.5376749274074814,0.5734118212659332,0.32276470753081243,0.12173337043910018,-0.5333372162222463,-0.18030289921265696,-0.24173301474287767,-0.8808402816618385,0.4389134058826503,-1.1275442832005151,-1.1894413012431486
TNP_0027,23.137309581466862,17.528833007812523,30.003811696050942,29.54401538964344,34.94216308593752,6.86650211458408,0.7985830835229772,0.17016377631046567,757.0103697083475,33.95809115470303,82.0903072289668,3.464598540809816,2.5809554482272103,22.286505996118812,27.561712222387083,31.737125651041687,23.473657226562523,12.130781271162055,0.7421033359288893,5.295295067068163,0.815700428727697,0.8128717773695653,0.1610892305004863,0.0128661374212975,3.0,0.0,9294.32625,11.556074459348482,0.1578215727843174,0.8715474969236298,12.625,78.625,570663.8527343869,0.0080119293510886,617.8339542714638,57.0,0.5010346405652429,0.7104396337232058,45.70676577959367,True,53.29040273473737,25.561712222387083,306.896017911263,0.8530150076270313,0.14868204204472377,-2779.798660056775,-52.79598492895173,0.552898713816909,-2.7332762035211866,-0.8724257120715986,-0.09825398060760697,-0.6723860144385809,-1.868821474626158,-0.6308159486422691,-0.19744031343465834,0.5803180828419227,0.4351882140734413,1.0994330795564866,-0.10327029203945129,0.43273890532341797,0.43782838263044166,0.998959401011118,-0.013802462164572826,-1.318976399723333,1.2285887715878256,1.212533139613828,0.2256021142735823,0.07623780034246651,0.09974679146828004,0.2214303817405113,-0.3416273956911248,-0.23795556594670206,0.8146660166940025,0.7706888879659692,-1.412794276764699,0.0,0.4281433746282118,0.9978861078432696,0.32276470753081243,0.10971286123755826,-1.1296915265316847,-0.26037853946615036,-0.24173301474287767,-1.0667518917447074,-1.079972723100649,-0.15461898778542923,-1.415981800593733
TNP_0028,25.43126989655467,19.255151367187523,32.1274695849024,31.53002219992596,36.67226562500002,6.696199688347729,0.7937232964360684,0.17249648985556507,754.4777685777926,27.257314153883538,80.34620537993771,3.0784111124576667,2.5666445713977057,24.24964476239622,29.696253893794342,34.091007486979194,24.94159342447919,12.13115034480785,0.7573739149511116,5.281575272378868,0.824761992919618,0.8205200973744438,0.1677403520682583,0.0224473035860936,4.0,0.0,12227.740833333331,11.189364905557076,0.1625937329650596,0.8990468311260814,12.875,79.375,570341.4928501844,0.0080074035262874,250.38519182455275,57.0,0.4812691861579826,0.7006453528334731,45.71103733376796,True,53.011030564679416,27.696253893794342,280.09044360173067,0.8859332956638385,0.2511710709706212,-2536.427672475241,-47.405868254396175,0.7009520283215278,0.4498497482188027,-0.0697421707133174,-0.20592860987190903,-0.5114707717098754,-0.8756222970581041,0.5048713372696458,0.6467367680793802,0.3599902537473703,-0.038262356115594455,1.4104960192109088,-0.3418953119644301,-0.6230181683570217,-0.2331116865753545,0.2953239763208446,-0.03574473630387125,0.09529274911688104,1.4408855590699665,1.4141174149448668,0.0787998803787852,0.6240339252310203,0.5934239172440993,0.8537501165293968,1.1093539245116009,0.8923333723001315,0.6403868273875979,1.108908722308389,-0.7871650467418105,0.0,0.0777778721790433,-0.3093956276211982,0.9810835342704678,1.9110592499468804,0.19170448677355023,0.18686351159424705,0.6369026325316549,0.17556881711957156,-0.08633358803853133,-0.3240629338124748,-1.0771094114465265
TNP_0029,23.680889324403935,20.751367187500023,30.68270175831447,28.56653014683576,32.98220214843752,7.001812433910533,0.7667997231316815,0.1650679157690279,741.7604040143075,33.029054377262185,88.05048181621301,2.6603568019985406,1.8317833845934042,23.07749970281478,27.643373743184718,30.934838867187523,25.314518229166687,12.125624547967078,0.5165741769600007,5.194127648508076,0.7930134539444403,0.7908687591493785,0.1507634015873216,0.0123186422118806,3.0,0.0,8780.785416666668,9.719515466739663,0.1150078218920241,0.9185877685784367,8.875,77.375,558795.526090622,0.007845302020253,379.946111583084,57.0,0.49386081353399197,0.6980589323104684,45.975223570452656,True,53.55494875989278,25.643373743184718,305.8705125330863,0.7830843525678334,0.11973123350760558,-2933.76374867396,-39.26147395120989,0.620959638166679,-1.807352336941676,-0.7171746473088336,-0.14068526905952108,0.728345242656264,-0.01480753822260453,-1.189785614141697,-1.1537732860438028,0.7553750657055337,-2.661212889653534,0.41990971355268336,-1.5401421798752737,0.2863622762589833,2.7306531693662364,-0.46637306684461927,-1.1624769279992386,-0.749134870676377,-1.737637022919611,-1.7646383226210034,-0.8568924403700839,-1.2952513386731257,-1.3204849439201762,-0.7602424584440751,-0.4245406139884205,-0.23795556594670206,-0.05816101776967717,-2.263672739878001,-0.34259495052644334,0.0,0.7599151506260807,0.9478732099650001,-1.075748688434111,-0.3991263282356795,-1.9656533488864372,0.8626402772432014,0.1621806329877007,-0.7053793253671102,-0.887787975613108,-0.22139168066051662,1.5338266799189981
TNP_0030,26.91424014681345,22.611352539062523,32.784415755171175,31.441697531656043,35.73098144531252,5.870175608357723,0.791787717974053,0.15523186870517583,753.2567280957824,25.348808719414194,80.15561357196181,3.1822270541502164,3.2347552750370134,25.559298764052375,30.380117811213555,34.23602701822919,26.147159830729187,12.128288104143964,0.6360865971200003,5.2999541910758285,0.8235388739963944,0.8187838002155088,0.1624970902480756,0.0202573227484259,4.0,0.0,15750.032083333334,9.208935121817683,0.1554659796053448,1.0115462520529006,10.875,79.625,558068.7767105103,0.0078350987023777,14.022940189182853,57.0,0.4919031372804452,0.6651514009046563,46.372622254087695,True,52.005181625529154,28.380117811213555,271.5024805267802,0.8612271344979154,0.18654837093197557,-2411.5425408108636,-60.031566805208044,0.7058445040144226,2.1168928381087757,0.2723176868084927,0.5140936900961508,0.04426036713898466,1.055293993993803,0.45436335196607996,0.1874515443755242,-0.7086738654087682,-0.22683043741187106,-0.8917085606622528,-0.45694335716729484,-0.9237173428485995,-0.3064306162609111,0.4844771409749972,0.9886417069103653,1.0387834905837539,-0.20551890482975252,-0.1869755125891857,0.27545488742418056,0.5500930699626594,0.48135091423572696,0.3552751014835942,0.7777010513224033,0.8923333723001315,-0.3008149864726668,0.6037396858026968,1.7722760500608843,0.0,-1.1836747946354018,-0.7282222173105544,0.48699553632217496,0.7752511682113576,0.8697751012798147,-0.8607470795811267,0.6659374674597671,0.8261877949854456,0.3371011075231832,0.8090119657033912,0.09320817656912159
TNP_0031,24.952256578829978,20.574609375000023,32.12636185433103,31.06220842554257,36.30202636718752,7.174105275501052,0.7997124445493875,0.15744231758853536,765.0564341105538,34.27371274084962,75.6684666172139,2.864572682733232,2.3080946358198164,23.553499714527117,29.380275619567858,33.289127604166694,25.50102132161461,12.127604058264897,0.6060561842133332,5.2474154393649055,0.8050014795750728,0.8022058832765958,0.1467190374278597,0.0082124281412537,2.0,0.0,12650.927083333334,11.166619217081852,0.1360653791823445,0.9445887916638781,10.375,77.875,552232.6657766402,0.0077531616596454,386.0225845631536,57.0,0.5173280960548722,0.7141433451975426,47.19173739659738,True,53.96803142349165,27.380275619567858,284.05849876946684,0.7698957422477084,0.09170505790102737,-2425.0036032218404,-43.710215147278916,0.3899970408498543,0.0768027634705789,-0.17279894031548412,-0.1902708341543467,-0.3875036061089448,-0.1165012455566833,0.23735455284023912,0.46608418300691296,0.978277983738465,0.5452129152262067,-0.5969493824261818,0.6548405115648531,0.48246742518607744,-2.032595111775386,-0.09429071143913914,-0.43216863350712736,-0.40621864744429426,-0.5989925225512565,-0.5834018049303511,-0.28671140528467964,-0.5705426850192648,-0.5887060892019664,-1.1447387041738437,-1.04638975121816,-1.3682445041935358,0.6295769095474618,-0.7712493365042062,0.24894664582616177,0.0,1.277969310977257,-0.11587744419424569,-1.3395020908760351,-0.8917141763920414,0.7966875308118737,0.4935083535208162,-1.2084875743987988,0.02997483134632142,-0.21390720096762178,-0.29942281829298895,-0.8160462028242099
TNP_0032,24.59059723963541,20.648706054687523,31.049316106477125,30.461198107220007,35.42714843750002,6.458718866841714,0.786545688635997,0.16526736272500336,746.8958872830583,37.163450074949985,80.11345860981193,1.9894379846012002,1.5154287363274836,23.486928301517914,28.700370484444182,32.69285481770835,25.295922851562523,12.12933750062299,0.6813416833422217,5.290631888858473,0.8116570034534867,0.8089440468960872,0.1490793442160955,0.006569942513003,2.0,0.0,12104.44625,12.076693128935124,0.1417460169048132,0.8829892464766501,11.625,77.875,548446.908927083,0.0077000109014999,407.2378600394885,57.0,0.5276432447701519,0.6944778505510285,47.15913583499646,True,52.99558095389984,26.700370484444182,292.59674745634993,0.7887239324797839,0.0793431796042821,-2596.4293466111926,-29.609661861728632,0.37668599309302664,-0.6583088484900981,-0.3955689179913909,0.05804271654372136,-0.157972100575881,-0.07387135581097486,-0.10632995704505628,0.039200873671478335,0.05275074453805998,-0.7375198430724138,0.4465055879416274,-1.0562701707596647,0.9377669570436226,-0.322647245603947,-1.6887905055127679,-1.6475303946869573,-0.454177506609481,0.39810994765222685,0.4104290617805541,0.17570596103405095,-0.168198220809779,-0.15377694835065195,-0.9203451869076085,-1.295129406110047,-1.3682445041935358,1.0620907121655319,-0.3686424924996835,-1.152486412208012,0.0,0.058402246316569165,0.3005246232386634,-0.9629651309541912,-1.1089864548093409,-0.13407786626195328,1.6634942282766583,-1.2874831787920908,-0.2569269101214157,-0.489673373475815,0.09133987269327966,-0.3326744081727816
TNP_0033,25.115256488479822,21.375512695312523,32.858430136741084,30.737179633401475,34.92409667968752,7.743173648261262,0.780940153731469,0.16324029260513748,755.3010614700348,32.37035208589645,83.20868409638142,2.9352006740517,2.570573325866261,24.134913800451812,29.570288752874124,33.26788736979169,26.423832194010437,12.125624547957033,0.5165741837866671,5.194127648508076,0.7930134539444403,0.7908687591493785,0.1507634015873216,0.0123186422118806,3.0,0.0,8780.785416666668,9.719515466739663,0.1150078218920241,0.9432111390618562,8.875,77.625,539231.9798537493,0.0075706363838095,222.8687871399765,57.0,0.49386081353399197,0.6980589323104684,46.69886963913648,True,53.78107559359768,27.570288752874124,281.6723138414068,0.7830843525678334,0.11973123350760558,-2653.08755034423,-49.516492215331525,0.620959638166679,0.4598474969031945,-0.06923859563891516,-1.0875664126244073,0.5922211869508465,0.3442808081856446,0.05148859060950733,-0.20625554013783184,1.7145070671845124,-1.2836227173963728,0.17619962101491785,-0.2643235694404336,0.18257884883350123,0.8680577601401603,0.034393841754225864,-0.029720939956375248,0.012639162583912438,-1.7376370286978196,-1.7646382325033605,-0.8568924403700839,-1.2952513386731257,-1.3204849439201762,-0.7602424584440751,-0.4245406139884205,-0.23795556594670206,-0.05816101776967717,-2.263672739878001,0.217604078391741,0.0,1.043504749732607,-0.23224935765793953,-1.075748688434111,-0.3991263282356795,-0.4417066649033232,0.011735616170020427,0.1621806329877007,0.17947077086596705,-0.08571021422358907,-1.7114667195111815,1.2471622024271252
TNP_0034,25.7318478587013,19.932153320312523,32.41818404271223,31.662772444763732,36.40419921875002,6.686336184010926,0.7924627436855184,0.16730756222520127,756.009532511155,28.100146186997595,79.1960429177627,3.0938642043566706,2.5428307205186256,24.446680014264775,29.93760144872575,33.78627929687502,25.486108398437523,12.130052933436838,0.7116598982044442,5.281575272378868,0.824761992919618,0.8205200973744438,0.1677403520682583,0.0224473035860936,4.0,0.0,14551.777083333334,10.07469477142075,0.1625937329650596,0.9143673380061591,12.125,79.125,538197.4571355581,0.0075561120313549,227.8164024061479,57.0,0.4812691861579826,0.7006453528334731,45.81082450314059,True,53.04629048894643,27.93760144872575,277.059601006902,0.8859332956638385,0.22614973207131145,-2476.3139189414255,-46.62846555659544,0.7009520283215278,0.9604645106741077,0.026126364915492955,0.23207559714781004,-0.4281804549986071,-0.4861241610948439,0.5807838489908447,0.5159378637539143,0.34722939915580736,-0.1610680280161071,0.7185623329055709,-0.19757049322012013,-0.4902237355955959,-0.6755686923971226,0.32347958699809964,-0.07225752657706082,0.2372393515366729,0.8096378087445207,0.8106545780126455,0.0787998803787852,0.6240339252310203,0.5934239172440993,0.8537501165293968,1.1093539245116009,0.8923333723001315,0.11063840574750482,1.108908722308389,-0.43861271989715406,0.0,0.12199795709147458,-0.4572068672363192,0.9810835342704678,1.471284388780695,0.5180953809954217,0.25136808506768804,0.6369026325316549,0.3748532008566609,0.032341735315786456,0.36520956910640734,-0.9017078264993473
TNP_0035,25.399725840256483,23.658593750000023,28.882651089723307,27.95189378390922,29.887353515625023,3.482925249466824,0.8005516452895498,0.14789099310227913,773.7877541545647,35.202608608945546,86.80554438977339,3.5181606061036104,3.2564437175859244,24.60873812206051,27.411423571296336,29.090275065104187,25.981998697916687,12.124988343748289,0.4869316145066671,5.194127648508076,0.7930134539444403,0.7908687591493785,0.1507634015873216,0.0123186422118806,3.0,0.0,11742.4125,4.816408431426226,0.1150078218920241,0.9229397760934448,8.375,77.125,531967.9416552782,0.0074686517205601,138.4366830320497,57.0,0.49386081353399197,0.6980589323104684,45.88811550955037,True,53.52772900308841,25.411423571296336,308.78334279166063,0.7830843525678334,0.059331612213024736,-2743.079001302625,-71.79841697205599,0.620959638166679,-1.4208990986554797,-0.8057757168704168,1.533925377731079,2.089354377241092,1.6578011177638732,-1.5412621041621484,-2.663857357702973,-3.797165912783688,0.6269695975309102,-1.8706004393807687,1.4775170058365612,0.6288218529389893,2.2517370994605286,1.0965497516890295,1.021895696706538,0.3539879920872031,-2.103591388317009,-2.1559446681377388,-0.8568924403700839,-1.2952513386731257,-1.3204849439201762,-0.7602424584440751,-0.4245406139884205,-0.23795556594670206,-2.388368972163531,-2.263672739878001,-0.24358371299526013,0.0,0.7257783797110351,1.0899291029509728,-1.075748688434111,-1.4607096102576989,-0.9303201422519246,-1.8370951849911799,0.1621806329877007,-0.5545531035306266,-0.9974669282620874,2.413886824497768,4.399984100850869
TNP_0036,23.440271937241242,19.530541992187523,30.637643005615118,28.807604931668536,33.40017089843752,7.197371068373876,0.7854781948039441,0.16578883849588455,756.2912934462877,33.330809121319305,83.18348980357885,2.490348738976638,1.9659211516060289,22.613378979188568,27.628506624841634,31.40924479166669,24.33494466145836,12.126272456290877,0.5463055112888897,5.111679408705173,0.7755254769895278,0.7746345682449352,0.156671092139006,0.0104024089789214,3.0,0.0,5875.245416666667,10.062786750615931,0.1304586438307129,0.9404035226927612,9.375,77.625,529327.0772749186,0.0074315748692055,515.6591863843668,57.0,0.47940759611876627,0.6672419441925396,45.8060029703838,True,52.928039006776615,25.628506624841634,306.05721380523875,0.800852395626308,0.10467722324757847,-2791.6152971193724,-41.66257771802412,0.6734235690314166,-2.4980530622481796,-0.8089269616491028,-0.8451134249761976,0.2653189734678009,-0.7171823773442355,-1.0519282983102436,-0.9498318250190325,1.008377975553723,-0.8415173134184298,0.5160433957833296,-0.1710226061687647,0.3339059723879507,0.8583657455562899,-0.7761286074007114,-0.9568090509509083,-1.0834931096543723,-1.3649502778949811,-1.3721601149124314,-1.739091194641826,-2.352446962424536,-2.3683554174214843,-0.19860044291447046,-0.7147368780289625,-0.23795556594670206,0.10497910347230914,-1.168618458664665,0.15372882765785392,0.0,-0.02630328550256206,0.9569784490564857,-0.7204131604553851,-0.6637154974539736,-1.1938506001351465,0.6634099751333886,0.4735325267844926,-0.9749482421128646,-1.0013678430995387,-1.3299265996718332,0.5587368412121171
TNP_0037,26.37529790454564,20.832910156250023,32.723399700729075,31.714520985218293,36.50148925781252,6.348101796183435,0.7881005066390624,0.16069681407361672,749.9183099340627,25.5178234395839,80.3528912288233,3.0175272273443947,2.677804942843967,25.0920639216316,30.27107286349767,34.33376464843752,25.98810221354169,12.12969361674576,0.6964855244444452,5.277478562825075,0.8256301162131793,0.8210631387609231,0.1679282321555186,0.0213523131672597,4.0,0.0,14551.777083333334,10.07469477142075,0.1573499115748268,0.9409984547093212,11.875,79.375,513207.50633621216,0.0072052614924042,100.78525517442246,57.0,0.4799355047596431,0.6913321713116554,45.894915332299895,True,52.776732126188996,28.27107286349767,272.8718669801963,0.8862376452938618,0.21511803782392974,-2460.783356391161,-48.96494608805209,0.6974795351472829,1.6916921770084319,0.19700089577867724,0.14654940232290697,-0.13300465757456903,0.032106409635934564,0.6103759728216703,0.5634090507973553,-0.09035948341085409,-0.5860462379685131,-0.16296843098396083,-0.7714935209286643,-0.8970878211747004,-0.23053970150665642,0.18439323333610202,0.1346928527243154,0.7021818023842212,0.6029533703570772,0.6103402917265601,0.034964959541066556,0.6765143321526328,0.6284756816424801,0.8716118088376835,0.9435274879169947,0.8923333723001315,0.11063840574750482,0.7372605934205739,0.16726395024286647,0.0,-0.21605987875986557,-0.661438574525228,0.9871700929375404,1.277391415043629,0.6024194150236439,0.057499861382618526,0.6162948109640135,0.6602391034424703,0.24386671658515344,0.2306198701325002,-0.28009531798046394
TNP_0038,26.448294278269586,21.752832031250023,33.208390071744745,32.555024305307704,37.39187011718752,6.760095793475159,0.8014142958279767,0.16925459903489157,764.2376390232082,26.31379464056477,78.4498689822925,3.1993371806894775,2.985000059860421,25.032114089027996,30.737236218440675,34.674991861979194,26.621402994791687,12.1282881042076,0.6360865766044448,5.410225023268546,0.8321275162214008,0.8285176842622313,0.1487787629298056,0.0114973993977552,3.0,0.0,13839.055,11.1382617027101,0.1412169227172108,0.9670534246350165,10.875,78.875,509643.5959506035,0.0071552253843061,116.68525989060996,57.0,0.5238380086322935,0.7044815951895939,47.34211278515261,True,53.06824263430918,28.737236218440675,267.017787568822,0.804926586133773,0.1280610433927789,-2396.777311055307,-52.073253492920095,0.5036174513357976,2.0714234195657943,0.3156818706882311,-0.3154481418716884,-0.014349005774390577,0.561363162722687,1.0910132644211425,0.9978567776415941,0.44265548900823487,0.711010807976592,0.9781960092778775,0.5776925581524204,-0.7716766597857011,-0.9626149977391151,0.5156518770489512,0.6057023898850252,0.6589932106321542,-0.2055188682252359,-0.18697578341148902,1.455356253729627,1.0692997796725983,1.109645218835422,-0.9489213416647678,-0.5489104414343713,-0.23795556594670206,0.6160999641983236,-0.40614126490144825,0.7600328752239311,0.0,0.14952852478638975,-0.946936322272671,-0.6389351591756935,-0.2527216533885683,0.9499437192749717,-0.20041028472642,-0.5341970781343571,0.8084418430085578,0.39078147835777743,-0.49641014128254835,-0.03021765860212933
TNP_0039,26.03626144993042,22.121484375000023,32.51590097929534,32.378013149851895,38.12014160156252,6.479639529364917,0.8090786753581175,0.1580152887124603,769.6691667542979,34.1828168102014,77.77946255579525,2.3774382906516163,2.44812042354604,24.62638083760169,30.310058526359217,34.65926513671877,26.790795898437523,12.12863476884475,0.6511429438577778,5.275799865863673,0.8160117092561003,0.81232369546151,0.1555748075150028,0.0114973993977552,2.0,0.0,13539.0925,11.699715302491102,0.1504696479518056,0.9336824241096044,11.125,78.125,509339.4160377979,0.007150954800214,213.6407537391719,57.0,0.5010874788720237,0.70181957500624,46.77393316031321,True,53.36924476778721,28.310058526359217,272.38228502598093,0.8207815486194185,0.13451629967276849,-2408.3429431425707,-43.14074591130732,0.3679765814877993,1.5903115241216919,0.18709027534302053,-0.37795171659731414,-0.025855359485937986,0.773459154538238,0.9897903896178373,1.3532057135276276,0.07981673683672498,1.4576906097451179,-0.5205447666431526,1.0894582670978197,0.4681460977133255,-1.2205142336355028,-0.9818520085951712,-0.21747289840545353,0.3666980198856797,-0.006112084134648334,0.011780719368418657,0.017002849353044393,0.09505555228916042,0.06436967585519161,-0.30282382774354283,-0.5489104414343713,-1.3682445041935358,0.8829315130121705,0.24963202801720225,0.0008190989883726175,0.0,0.5270205409468548,-0.6853150093058518,-0.32185851503549,-0.13926411837221156,0.8871474908365053,0.5407597591005914,-1.3391699615483152,0.6206719337894656,0.2315983943756921,-0.594769916604455,-0.05444895892200466
TNP_0040,20.866834688213903,16.767480468750023,27.93199036237108,25.79056102985796,30.259179687500023,7.065155674157179,0.7614992126348514,0.17123770661094576,734.7352869816667,34.18589382055721,83.8195894547723,2.2084043416986554,1.4786866541772452,20.300235693004964,24.86312869348098,28.450260416666687,22.396997070312523,12.126932235431,0.5761310097777779,5.111679408705173,0.7755254769895278,0.7746345682449352,0.156671092139006,0.0104024089789214,3.0,0.3070833333333347,3110.5204166666667,10.15255406515193,0.1304586438307129,0.8863323126326711,9.875,77.375,503075.9377707541,0.0070630176632687,901.149706130534,57.0,0.47940759611876627,0.6672419441925396,44.75206839667912,True,52.544656693722516,22.86312869348098,340.7848298672658,0.800852395626308,0.1056110195663214,-3028.6670821353305,-35.79817431026754,0.6734235690314166,-6.943984341529736,0.8461737055167357,-0.20643789657433462,0.2608471040825939,-2.306848859047877,-2.7772085856607798,-2.4824304621768487,0.8373250350617489,-3.177599651488697,1.2426396541284443,-2.202057975325431,0.46863090349757064,1.103067477987283,-1.2898327084488583,-1.703865505986847,-2.749909790274322,-0.9854352583543017,-0.9784388623967196,-1.739091194641826,-2.352446962424536,-2.3683554174214843,-0.19860044291447046,-0.7147368780289625,-0.23795556594670206,0.14764113570407916,-1.168618458664665,-1.0764293015263828,0.0,-0.5071097191407418,2.650610440293702,-0.7204131604553851,-0.6473031004961114,-2.4809361594277677,1.1500057144634466,0.4735325267844926,-2.7101207053387553,1.0474754564410156,-0.3248643811832038,0.5493195042537145
TNP_0041,25.069526411804887,21.616479492187523,31.585815129914625,30.52410189434165,36.57521972656252,6.516288718109738,0.7995651468984629,0.1609387441114796,762.5117968255857,43.66139811215976,80.82187451209214,3.630331408667033,3.5525697997057426,23.954656040501458,29.059814478687052,33.38369140625002,25.929040527343773,12.128288104332576,0.6360865327288892,5.2474154393649055,0.8050014795750728,0.8022058832765958,0.1467190374278597,0.0082124281412537,2.0,0.0,11906.758333333331,11.227637558171365,0.1360653791823445,0.9221839629725525,10.875,77.375,497094.1553002596,0.0069790354409542,320.8173093162548,57.0,0.5173280960548722,0.7141433451975426,47.077935861844495,True,53.93285264705785,27.059814478687052,288.082849776648,0.7698957422477084,0.0922061666425235,-2580.680729456778,-69.18948743230813,0.3899970408498543,0.07480092620950736,-0.2071260275701783,-0.22216752384012736,0.04762056133523066,0.4829157379352796,-0.07035876555674563,0.5993847057211172,0.12723142359530631,0.530862871578079,-0.1307075179685452,0.4150814292910842,1.9615668244102213,-0.05012611114900325,1.3009255146089762,1.4759335415626436,-0.11722072970492804,-0.20551879633737394,-0.18697636260511843,-0.28671140528467964,-0.5705426850192648,-0.5887060892019664,-1.1447387041738437,-1.04638975121816,-1.3682445041935358,0.6585759549989774,-0.7712493365042062,-0.2607789940658439,0.0,1.233850994975275,0.08038623245882724,-1.3395020908760351,-0.8829066929832818,-0.04856989290115105,-1.6206206504162668,-1.2084875743987988,0.02919354781468928,-0.2564005816481802,-0.3496175670698087,0.10028442998036746
TNP_0042,25.51358774338773,21.538110351562523,31.672970265596025,31.736334901261802,37.35573730468752,6.159382522208293,0.798568398096208,0.16347878975916097,758.4759827078868,34.0677503518201,79.59316016085545,1.9278904277102675,1.6830844572448431,24.277448877152498,29.640964303415185,34.137516276041694,26.184228515625023,12.128984559512443,0.6662277504,5.275799865863673,0.8160117092561003,0.81232369546151,0.1555748075150028,0.0114973993977552,2.0,0.0,12104.44625,12.076693128935124,0.1504696479518056,0.9073006842453352,11.375,78.125,487498.5251520872,0.0068443160076872,268.6787413547185,57.0,0.5010874788720237,0.70181957500624,46.51757432743112,True,53.27822480983052,27.640964303415185,280.7847702777121,0.8207815486194185,0.13885056430749307,-2506.1030536312624,-30.739290860011362,0.3679765814877993,0.6516321163274846,-0.05472599598105788,-0.36004044664201895,0.01194534884784307,0.4378277820592585,0.6228501430905222,0.9802263242352471,-0.33451400817104165,0.43375752924033995,0.20800276546255728,0.03482169844337209,0.4500165244765865,-0.5228013120335329,-1.8009304617935564,-1.3904708285109721,0.11532317304110688,0.19509284038013988,0.21091264428741568,0.017002849353044393,0.09505555228916042,0.06436967585519161,-0.30282382774354283,-0.5489104414343713,-1.3682445041935358,1.0620907121655319,0.24963202801720225,-0.5993840723478789,0.0,0.41287082698006206,-0.27553399229583686,-0.32185851503549,-0.06308511629466512,0.356353654053645,1.5697638657199093,-1.3391699615483152,0.25432109346228504,-0.0677451181072112,-0.566583552924194,0.02515578284954669
TNP_0043,26.050137588788573,22.254418945312523,33.81476131245318,32.12909149570783,36.22658691406252,7.764623723664606,0.7936329158020236,0.15510951287800853,761.5983039529036,31.190997621332766,77.61399023696212,2.5707450797352016,2.4937960574342295,24.628049378239787,30.66466346564986,34.384708658854194,26.784336344401062,12.126272456277174,0.5463055182222218,5.111679408705173,0.7755254769895278,0.7746345682449352,0.156671092139006,0.0104024089789214,3.0,0.0,15207.257916666667,10.538529975362716,0.1304586438307129,0.9674749156588655,9.375,77.875,482909.210804224,0.0067798835714135,179.0389146809818,57.0,0.47940759611876627,0.6672419441925396,46.96313618875128,True,53.34896115966707,28.66466346564986,267.92915619836907,0.800852395626308,0.10962609884034544,-2402.142319019085,-44.56640117077165,0.6734235690314166,2.102116393922043,0.33129796284757895,-0.2014040984342009,-0.24347016974376412,0.8499401264213954,0.8474458838810418,0.4292746552869048,1.74225798449073,-0.04706742554710526,-0.9080244788179415,0.32901092560409473,-0.0032371868572018334,-1.2841699250226457,-0.6296460727035642,-0.14744034259485478,0.36790005694418104,-1.3649502857770501,-1.372160023386712,-1.739091194641826,-2.352446962424536,-2.3683554174214843,-0.19860044291447046,-0.7147368780289625,-0.23795556594670206,0.3310766857950398,-1.168618458664665,0.769622093012653,0.0,0.501582514857785,-0.9024897623920821,-0.7204131604553851,-0.5767340978775563,0.920814116748657,0.4224667756930581,0.4735325267844926,0.8204207964767876,0.41011258396386424,-0.3169428621940445,-0.5127253124568493
TNP_0044,26.508043896791143,21.285546875000023,32.58154938249574,31.239215537549995,35.44814453125002,6.073505485704594,0.7930990164828114,0.15553712697919558,755.9203767325165,26.131758772409174,82.09004607220531,3.088693346065632,2.8560565651988488,25.325194575541584,30.109602938945624,34.04234212239586,25.97202962239586,12.130781271026626,0.7421033724088879,5.281575272378868,0.824761992919618,0.8205200973744438,0.1677403520682583,0.0224473035860936,4.0,0.0,14818.987083333332,6.3454530522857935,0.1625937329650596,0.9298388832552434,12.625,79.875,476504.6826384068,0.0066899661411334,67.36007302761392,57.0,0.4812691861579826,0.7006453528334731,45.881939960853806,True,53.07141922712938,28.109602938945624,274.8996062927209,0.8859332956638385,0.14243831105596347,-2503.086081344077,-53.58186163226089,0.7009520283215278,1.6649865042942533,0.16900110763311502,0.35756296871510346,0.02110291067806471,0.2925209585273462,0.33857511541938984,0.04944559659678806,-0.44561695273904506,-0.09908100815557563,-0.8510029471205036,-0.20597086831171135,-0.8003577598201188,0.4377279180069336,0.3140582573469682,0.4079986752873138,0.8701319733744498,1.228588693686744,1.2125336211799862,0.0787998803787852,0.6240339252310203,0.5934239172440993,0.8537501165293968,1.1093539245116009,0.8923333723001315,-1.661688540247908,1.108908722308389,-0.08662416373109387,0.0,0.1535123451479387,-0.5625477044048282,0.9810835342704678,-2.6906877601155205e-05,0.37273446917115693,-0.3255862390188788,0.6369026325316549,0.6498163269768265,0.209205877236436,0.5626848291579759,0.04444074804953323
TNP_0045,26.43541422200709,21.226953125000023,32.74660567845162,31.771293858866386,36.70046386718752,6.311191456444533,0.7874076971437249,0.16131049795997204,749.2609623869627,26.079492394116134,81.3648942655708,2.8802472003456057,2.665439512166849,25.212116838944873,30.317771253108365,34.42584635416669,26.087548828125023,12.12933750047962,0.6813417272888893,5.277478562825075,0.8256301162131793,0.8210631387609231,0.1679282321555186,0.0213523131672597,4.0,0.0,15466.175416666663,9.545091705447575,0.1573499115748268,0.9591027509166254,11.625,79.375,472531.033213377,0.0066341774341621,73.2891651487766,57.0,0.4799355047596431,0.6913321713116554,45.91431714247446,True,52.78411064189201,28.317771253108365,272.28542860346516,0.8862376452938618,0.2038097873049296,-2486.8842900973623,-48.587513604256024,0.6974795351472829,1.8889291707142386,0.23393721679587617,0.3251888807542052,-0.16909850362769147,0.2588103373116295,0.6428412344980141,0.6604956692174415,-0.13811203283448029,-0.6535411805933626,-0.08113484532605947,-0.8334296740922734,-0.808592715048712,0.1587686338350164,-0.0657316620053999,0.11573345051575035,0.7886693905776867,0.39810986518375496,0.4104296419129208,0.034964959541066556,0.6765143321526328,0.6284756816424801,0.8716118088376835,0.9435274879169947,0.8923333723001315,-0.14105613571648248,0.7372605934205739,0.5791494458296017,0.0,-0.2068063537538478,-0.6900386026396559,0.9871700929375404,1.0786376903913115,0.4607029759129054,0.0888171200584134,0.6162948109640135,0.7372173963375145,0.2895900585709641,0.5117388147569777,-0.356105568085572
TNP_0046,26.991464712686525,23.320703125000023,34.62640455454029,32.34047802762263,35.94826660156252,7.634939841853761,0.8088365899606696,0.14952129813663678,780.9309180803823,30.98793598620104,78.18254605728676,3.3436984856361236,3.542086351473978,25.49253895443316,31.319449098283147,34.63499348958335,27.51878255208336,12.125624547934256,0.5165741972622229,5.466607081850534,0.8405975457608431,0.8381883741644276,0.1474866236152768,0.0134136326307144,3.0,0.0,15912.284166666668,8.753265808924173,0.1191755457505586,0.9966535660584788,8.875,78.125,470011.098297298,0.0065987983919813,49.162121892414845,57.0,0.5371848049534139,0.7151675184819323,47.7778039889569,True,53.23086713714388,29.319449098283147,259.7063582237602,0.8062514211334965,0.11741309187990197,-2346.1436922121006,-62.55155175191271,0.47820736271747066,3.156550468551863,0.5836081645724848,-0.20199267831061138,0.12022404826100862,1.4634032020865735,0.9683261323604002,0.293472514183962,1.574480174277483,1.4341061465975709,-1.6532023462518126,2.15055533530779,-0.03523105229358577,-1.065451688098394,0.7786788962049207,1.4598597050139097,0.9906889081992714,-1.7376370417991793,-1.7646380546148768,2.0586460506156916,1.5813360309342506,1.7338605226067474,-1.07176456146579,-0.2587141773938291,-0.23795556594670206,-0.5173724162473491,-1.9682914409210044,1.433456949821282,0.0,0.3534787451480213,-1.3035076060126805,-0.6124403480948017,-0.43986996775830445,1.2248617065975758,-1.0698414840725567,-0.6849955235131022,1.2319487431886398,0.7224464960122496,-0.31786909056829127,0.2531805550319651
TNP_0047,26.947593227976895,22.673364257812523,32.72677802974196,31.122921681472217,34.83205566406252,5.779184801765062,0.7989055512806511,0.15284109243100577,760.2162472451439,25.661916055522205,80.22329287741542,3.340238095469647,3.327915373755277,25.59364499689768,30.26576431306369,33.73167317708336,26.157413736979187,12.127944541773422,0.6210579144533339,5.2999541910758285,0.8235388739963944,0.8187838002155088,0.1624970902480756,0.0202573227484259,4.0,0.0,16241.329583333332,7.653287708732548,0.1554659796053448,1.0133646624343589,10.625,79.625,464208.09969496727,0.0065173262352929,18.1862502899818,57.0,0.4919031372804452,0.6651514009046563,46.32696924132128,True,51.98372492073635,28.26576431306369,272.9385317565461,0.8612271344979154,0.15503511920235616,-2410.903030143232,-62.82131914781102,0.7058445040144226,2.0226612848952477,0.23116651465778268,0.7439442254103013,0.15251215706044838,1.0909710681137699,0.2720731008777505,-0.2511655464499454,-0.8263927219581182,0.4666036940127858,-1.2105140554310918,0.1987917191732917,-0.8743849617117784,-0.2803950049173859,0.7723740480259622,1.1314802240238553,1.0635269362975315,-0.40314121787474394,-0.38536655592365116,0.27545488742418056,0.5500930699626594,0.48135091423572696,0.3552751014835942,0.7777010513224033,0.8923333723001315,-1.0401384297699785,0.6037396858026968,1.813646167549617,0.0,-1.2105840216857369,-0.6581873983513977,0.48699553632217496,0.22137449678068755,0.8732473592308212,-1.0922252896069202,0.6659374674597671,0.7894107991139437,0.2861602161310016,1.1707200297679377,0.32117627988916814
TNP_0048,25.656595519636124,19.605126953125023,32.331995346966934,31.618004639090188,36.98073730468752,6.675399827330811,0.7929119372502037,0.16693830064348178,754.1139258169117,28.140119133691897,81.39628585050922,2.977372566445883,2.5377431775529913,24.515047893027724,29.86886516856441,34.45900878906252,25.091210937500023,12.131522724373111,0.7726780329244445,5.186786947714207,0.8117909718476327,0.8082411659864758,0.1763708163766422,0.0240897892143443,5.0,0.0,12227.740833333331,11.189364905557076,0.1738154034917073,0.9043451599282478,13.125,79.625,453560.4962954521,0.0063678374499308,179.1042402508757,57.0,0.45548422639582636,0.6972215042786881,45.15861342687582,True,53.27327889559049,27.86886516856441,277.92279121316807,0.9147978483400669,0.26954944201725145,-2551.2367106118295,-46.64878331695961,0.9410451407618364,0.8098119031498413,0.018928419926848673,-0.26506797826334294,-0.43918446475231404,-0.6742715657550629,0.5551836207044236,0.7972508078018085,0.3330805477343396,-0.1173066562682799,0.6693219993239303,-0.37617705693299464,-0.48392570161786475,0.17084469016325618,0.11123124047895946,-0.08005804528582755,0.28649240657640185,1.6550839618273525,1.6161444321748963,-0.9354381693184941,-0.16009946814231252,-0.19914589564866603,1.6742452536240435,1.3580935794034876,2.022622310546965,0.6403868273875979,1.9042281170521151,-0.666624333119299,0.0,0.4066680698213231,-0.4151099221064356,1.5583334335037677,2.234077358930466,0.11129800879096984,0.2496822297575198,2.0617566991967182,0.3160560131206582,0.023431424509315325,-0.4171285706691782,-0.9248812376206583
TNP_0049,26.646773927733282,22.556176757812523,33.70761759881633,33.158436822373844,38.69887695312502,7.060843671083045,0.8181209620846429,0.15847242388984115,779.7513877122134,35.449998147994755,75.59174380015993,3.0944643034108807,3.3153692774227173,25.016125292570198,31.170942782974482,35.34576822916669,27.546329752604187,12.128288104270595,0.6360865552355559,5.410225023268546,0.8321275162214008,0.8285176842622313,0.1487787629298056,0.0114973993977552,3.0,0.0,13539.0925,11.699715302491102,0.1412169227172108,0.9557370011570693,10.875,78.125,453204.45869636536,0.0063628388012929,158.34664209044374,57.0,0.5238380086322935,0.7044815951895939,47.50160434207502,True,53.13317216700564,29.170942782974482,261.57130053140645,0.804926586133773,0.13451629967276849,-2294.4532887631203,-55.836001142875475,0.5036174513357976,2.616719868133237,0.4764452966173397,-0.8216180215158655,0.061242454818292685,1.0235498256823365,1.4360714587052983,1.635590779742124,0.8317464047546601,2.338608997716983,-0.4595866552649824,2.039418427797702,0.6677999081367377,-2.0621096795241134,0.324572970474271,1.1122438146558766,0.6474746863455457,-0.20551883198958457,-0.18697606549849918,1.455356253729627,1.0692997796725983,1.109645218835422,-0.9489213416647678,-0.5489104414343713,-0.23795556594670206,0.8829315130121705,-0.40614126490144825,0.5025762671839487,0.0,0.2309577821897523,-1.2125561871649264,-0.6389351591756935,-0.13926411837221156,1.5055175634126312,-0.5126222604954778,-0.5341970781343571,1.0212619075602525,0.5897899583616315,-1.292952672730846,0.12897085838228375
TNP_0050,21.627710936942307,17.188134765625023,27.8135957187411,27.64800486496558,33.38625488281252,6.185884781798794,0.7904976988397557,0.17564107960527423,748.8079515016711,40.98332259420522,84.07004632245712,3.7698025315095602,2.757656456954254,21.00321835915407,25.69643717354966,29.980330403645855,22.517358398437523,12.130781271242938,0.7421033124977772,5.313017889405968,0.8096731937584791,0.8085390971082881,0.1605038991039638,0.006022447303586,3.0,0.1937499999999978,6032.082916666666,11.861713660005474,0.1543676266329599,0.8338708447823652,12.625,77.875,453078.5000749826,0.0063610703844379,861.2684457103089,57.0,0.5092270583771158,0.651577669466018,45.41177471486043,True,50.923049696542904,23.69643717354966,330.3201419745634,0.8527600872587701,0.07143654544760919,-2973.7499800626033,-61.63912370993774,0.5709804187245626,-5.687667783237294,0.12832765037034546,0.035989515567849996,-0.35791471316803714,-2.0648346909033775,-1.7150393438911073,-0.9566219320741797,-0.3002268553058702,-0.352506785730311,1.829821115344826,-0.8761129573873561,1.5396161802408768,1.199415949970766,1.5550425975292512,0.2571258688085314,-2.2434724899761993,1.2285888181128775,1.2125328303037644,0.4152368696785192,-0.2881248957662245,-0.17991529601349757,0.16578313643888928,-1.3780426244073576,-0.23795556594670206,0.9599214417573418,0.5258955342445326,-2.269964661161791,0.0,-2.5407952871200505,2.1402578102214886,0.31766666362408985,-1.2479533962881828,-2.182760766944443,-0.9941332548120918,-0.13442551846343653,-2.2198014088614517,0.15885634742525345,0.0566354913416922,-0.7537347730735117
TNP_0051,22.286216483995776,17.941308593750023,28.853216423762337,27.78708164252126,32.51479492187502,6.566999939766561,0.7851658075264585,0.1630798213442858,750.4074186859253,31.02148627760765,85.4132698753193,1.4747766801419608,1.336775659412861,21.66155157200165,26.30883818342646,29.86253255208336,22.892480468750023,12.127266630302374,0.5910808023822218,5.2474154393649055,0.8050014795750728,0.8022058832765958,0.1467190374278597,0.0082124281412537,2.0,0.0,12871.993333333332,10.99419655078018,0.1360653791823445,0.9318874597207041,10.125,77.875,444004.8665029407,0.0062336796082594,683.7060283232552,57.0,0.5173280960548722,0.7141433451975426,46.10101453026279,True,53.63086289628906,24.30883818342646,322.62961009253047,0.7698957422477084,0.09028904914410152,-2965.0177598458795,-29.693688584802686,0.3899970408498543,-3.7958240717010723,-1.2324539153886398,1.3091948323259666,-0.7664376651973378,-1.6315127473596853,-1.6355090385478341,-1.381837495817122,0.19283878824244285,-0.8719507320025021,0.15480108186061942,-0.7254090490192893,-0.029944955252565655,1.7161417960088914,-2.6265059746051773,-1.9214517508828175,-1.7692012012721867,-0.7930862305859935,-0.7810892331435918,-0.28671140528467964,-0.5705426850192648,-0.5887060892019664,-1.1447387041738437,-1.04638975121816,-1.3682445041935358,0.5476328145806935,-0.7712493365042062,-0.04001760564886632,0.0,0.8551203907756606,1.7651980652111523,-1.3395020908760351,-0.9166019354761226,-2.135348702358,1.6565221558261816,-1.2084875743987988,-1.4814465160896537,-1.525650370778036,2.060235916512919,-1.6140457444153404
TNP_0052,23.876359728034895,18.897851562500023,30.29065340173921,30.152835217208494,35.52187500000002,6.414293673704314,0.7945004063336626,0.17403472372686865,756.9462706370927,37.25935101952974,78.97058492979536,3.2623118394485275,2.4020619411077915,22.79187324490871,28.106616115660866,32.273746744791694,24.279036458333355,12.13005293353851,0.7116598683733324,5.295295067068163,0.815700428727697,0.8128717773695653,0.1610892305004863,0.0128661374212975,3.0,0.0,8835.883333333333,11.960106761565838,0.1578215727843174,0.8658641291016101,12.125,78.125,442702.0660517812,0.0062153887262923,554.180161309545,57.0,0.5010346405652429,0.7104396337232058,45.91580400018719,True,53.359067529632696,26.106616115660866,300.05311481953083,0.8530150076270313,0.15388037716769548,-2615.79324728121,-47.674119163638366,0.552898713816909,-1.9931644375503923,-0.6877822522746041,-0.3979054634492904,-0.3127643205778802,-1.08118685601311,-0.2826656130055264,0.08542125152055009,-0.0047241052182510875,0.037445307108295085,1.6156165968698804,-0.10930979110262014,0.9528768615517607,-0.7623003234277361,0.6303920200663556,-0.28809246002564065,-0.9549036601517411,0.809637867227552,0.8106541842172925,0.2256021142735823,0.07623780034246651,0.09974679146828004,0.2214303817405113,-0.3416273956911248,-0.23795556594670206,1.0066828904187994,0.7706888879659692,-1.5420948993997732,0.0,0.5142570893875579,0.664164392871706,0.32276470753081243,0.2010787596093379,-0.23921521809534355,0.16460553572989595,-0.24173301474287767,-0.7778986739708305,-0.8514032330907993,-0.6261704575464104,-0.658652286489216
TNP_0053,22.641861124000595,19.330834960937523,29.595282864311937,27.470762326661575,31.684350585937523,6.953421740311342,0.7693632937504014,0.16390335692758237,745.0892824773233,34.841282970867475,88.37630758982154,2.625146038225044,1.7746923720863783,22.121349432565843,26.56930210499137,29.698754882812523,24.339379882812523,12.125947028849767,0.5314284077155564,5.111679408705173,0.7755254769895278,0.7746345682449352,0.156671092139006,0.0104024089789214,3.0,0.0,8780.785416666668,9.719515466739663,0.1304586438307129,0.9219716948541469,9.125,77.375,432034.77818611264,0.0060656235776186,542.4127955424381,57.0,0.47940759611876627,0.6672419441925396,45.40232134284395,True,52.78119460109434,24.56930210499137,319.3587041655184,0.800852395626308,0.10110637496197811,-3036.4454495191285,-39.98246624779477,0.6734235690314166,-3.2935276530811244,-1.1065745290732663,0.30397604186743443,0.4698531033550727,-0.8320794113211367,-1.816394533728537,-1.787040112450157,0.6927698714947782,-2.411464505733124,0.26461799443799855,-1.2264908591120467,0.5718923209971908,2.855995371838893,-0.5305272544295174,-1.2500122105848996,-1.4379572056519683,-1.552141103068966,-1.5685501888245574,-1.739091194641826,-2.352446962424536,-2.3683554174214843,-0.19860044291447046,-0.7147368780289625,-0.23795556594670206,-0.05816101776967717,-1.168618458664665,-0.2656082433305279,0.0,-0.21046341128762655,1.6056791708413072,-0.7204131604553851,-0.7264766996168496,-2.523169228180594,0.8028163266698203,0.4735325267844926,-1.2854086425336864,-1.3698247208227585,0.47835688298744744,0.9894665103330184
TNP_0054,26.433238567916572,21.039697265625023,32.3584221823021,31.067773995217042,35.65548095703127,5.925183614385528,0.8002962246470269,0.15503911753711014,764.8141580699735,29.24591718071685,82.31987764637019,3.0569365043527346,2.7531615813529484,25.272842419159566,29.953144915145238,34.23183593750002,25.360416666666687,12.131898437332243,0.7880164700444441,5.096340128661374,0.8121941499773154,0.8114705978761354,0.1912294822049953,0.0339447029838488,5.0,0.0,14853.940416666668,7.768354776895702,0.1589473732146742,0.9207921925639163,13.375,80.125,428818.2389336824,0.0060204644438799,51.92093224049497,57.0,0.3973891920022596,0.6973876519773939,43.198391158821536,True,53.19753948762593,27.953144915145238,276.8644061556061,0.9745704839444537,0.2636944955748876,-2516.252061134895,-52.123477285859664,0.9390292501134229,1.4676199615222774,0.12475848317881531,0.48280541305031244,-0.22314967044164113,0.15107681034306814,0.2405371938490368,0.15061223548422153,-0.6375075595682037,0.602085987060343,-0.9174115643963794,0.6320129433728717,-0.30969902461222276,0.5261420277458244,0.25619713301979175,0.2502340623985602,0.8324168403852807,1.8711997835555416,1.8186244905306572,-1.903221972671961,-0.1357262570275124,0.009304672862983268,3.0868532687032495,2.850531508754854,2.022622310546965,-0.9854526569342197,0.8504783377406159,-0.2924427515485993,0.0,0.3116819596400582,-0.46672632990513885,2.753700923399315,2.131170865029892,0.30124906583804184,-0.20457757711034186,2.0497932157000465,0.5727874732525358,0.1544380879016025,0.7597746554543745,-0.4699322492864193
TNP_0055,25.71322471143724,22.052148437500023,33.38689705910241,31.86649858005249,36.80397949218752,7.673672347665171,0.7876353305045629,0.15685910106945436,753.3337548924186,30.095700044719145,76.87018994709273,2.160284421931294,2.01771858403473,24.286746044328638,30.322206783530714,34.21971028645835,26.40198160807294,12.12660085132881,0.5612061583644437,5.111679408705173,0.7755254769895278,0.7746345682449352,0.156671092139006,0.0104024089789214,3.0,0.0,15207.257916666667,10.538529975362716,0.1304586438307129,0.9529505330113972,9.625,77.875,428798.5923881531,0.0060201886129612,232.09443058090685,57.0,0.47940759611876627,0.6672419441925396,46.83261987371583,True,53.301484164417076,28.322206783530714,272.22972721242127,0.800852395626308,0.10962609884034544,-2405.0203592638263,-36.58830280864825,0.6734235690314166,1.6353225019540436,0.21294208584309682,-0.0857087430842617,-0.4122551480832744,0.7335682527663065,0.6972835409644585,0.711004535732922,1.6245901410549182,-0.6313646649239617,-0.6747202022773713,-0.44968579076241405,-0.17580943693408888,-1.570303110557698,-1.3775074427768088,-0.8773901952369718,0.12202096584856971,-1.176052445788537,-1.1754592472951682,-1.739091194641826,-2.352446962424536,-2.3683554174214843,-0.19860044291447046,-0.7147368780289625,-0.23795556594670206,0.3310766857950398,-1.168618458664665,0.4391821534346527,0.0,0.44204078852158524,-0.6927551051965795,-0.7204131604553851,-0.5767340978775563,0.9051876407117001,1.0844452244864466,0.4735325267844926,0.6382389640405919,0.26360025974547163,-0.1348769690357354,-0.8681706257296242
TNP_0056,26.75645921359672,22.212182617187523,33.445890099630596,32.38838884755589,36.27785644531252,6.689430886033875,0.802604793630635,0.16090876269129994,765.004211579833,24.39370235604557,77.98429483259297,3.0642280156527013,2.960258875931844,25.2723689551608,30.863579386927732,34.347355143229194,26.81761067708336,12.127604058189522,0.6060562124088884,5.410225023268546,0.8321275162214008,0.8285176842622313,0.1487787629298056,0.0114973993977552,3.0,0.0,15321.21375,10.60658362989324,0.1412169227172108,0.9924474382404856,10.375,78.875,425651.40564394,0.0059760031652085,101.85237225823803,57.0,0.5238380086322935,0.7044815951895939,47.388574310746925,True,53.08715727282306,28.863579386927732,265.4311700589615,0.804926586133773,0.1219481282385747,-2358.521201468424,-52.13492823348294,0.5036174513357976,2.3637947233705017,0.3694885258579405,0.022804882745704524,0.03392290363897264,0.8256403869617329,0.9957236764041062,0.454290839174289,0.3512331529101114,0.8269915810840515,-0.13470548364919632,0.6499200358202001,-1.0742014283688766,-1.1417171255155,0.26948230305258647,0.5677677582926134,0.832075751136755,-0.5989925659077451,-0.583401432725698,1.455356253729627,1.0692997796725983,1.109645218835422,-0.9489213416647678,-0.5489104414343713,-0.23795556594670206,0.36341927305052335,-0.40614126490144825,1.337764578188725,0.0,0.17324970225795627,-1.0243141119763255,-0.6389351591756935,-0.36016220339586563,1.1576573469140914,-0.2055277133709898,-0.5341970781343571,0.9225494626570017,0.4573885477053618,0.03588727769501935,0.07143844926070791
TNP_0057,25.883739927630664,20.282250976562523,32.12173186192714,31.515405064293642,36.44948730468752,6.237991934296474,0.7929639794999812,0.16532850247433734,753.1276585160726,27.371072030005433,79.70142095015262,2.938307215674556,2.428745427241615,24.612834331209132,29.840292284617146,33.79075520833336,25.446069335937523,12.129693616770796,0.696485517297778,5.277478562825075,0.8256301162131793,0.8210631387609231,0.1679282321555186,0.0213523131672597,4.0,0.0,14551.777083333334,10.07469477142075,0.1573499115748268,0.9259428714928115,11.875,79.125,424644.4549734592,0.0059618659150686,201.39858261039703,57.0,0.4799355047596431,0.6913321713116554,45.71593864620852,True,52.708667225186545,27.840292284617146,278.28160948977785,0.8862376452938618,0.21511803782392974,-2480.010142422335,-44.894375424510336,0.6974795351472829,0.9394169203051244,0.006178851965279709,0.34285826359746086,-0.33532985285870237,-0.2847031993309365,0.4965126070738963,0.538035492854437,-0.2328135127961201,-0.11223659200611218,0.4546584578889528,-0.4691044632563507,-0.6050947719527143,-0.4811543740959591,0.040053976118110964,-0.24717977698630272,0.35693895119697433,0.6029533847581507,0.6103401973846404,0.034964959541066556,0.6765143321526328,0.6284756816424801,0.8716118088376835,0.9435274879169947,0.8923333723001315,0.11063840574750482,0.7372605934205739,-0.17526117658186668,0.0,-0.3014212561437676,-0.397610704445727,0.9871700929375404,1.277391415043629,0.4980265345791146,0.3952532872300855,0.6162948109640135,0.3666386790992711,0.007648779134138199,0.5395445288168302,-0.706173178274917
TNP_0058,26.429469098015442,21.054467773437523,32.57207116998994,31.19881560425295,35.68532714843752,6.142602071974498,0.7932609781668629,0.1603816617048556,756.0474587566264,26.025227043708203,80.47327577979145,3.0726307055233524,2.7317451343430394,25.14828010557798,30.066785290752776,33.99937337239585,25.827254231770855,12.130052933386498,0.7116599124266667,5.281575272378868,0.824761992919618,0.8205200973744438,0.1677403520682583,0.0224473035860936,4.0,0.0,14551.777083333334,10.07469477142075,0.1625937329650596,0.9348459245409566,12.125,79.625,421316.1258692741,0.0059151372892548,89.99339136262128,57.0,0.4812691861579826,0.7006453528334731,45.86423664534448,True,53.065163737891055,28.066785290752776,275.43731031872665,0.8859332956638385,0.22614973207131145,-2460.11076401004,-51.360043992968286,0.7009520283215278,1.53000610484266,0.14343384146392124,0.3088523977150982,-0.040301014715434055,0.1595746961078634,0.31547263139990284,0.16517522824723446,-0.3562236235473389,-0.0833023638874952,-0.2049934033479425,-0.19399703233356702,-0.8171426231477152,-0.18422886306402403,0.2847920459950338,0.21739711208589038,0.7426806280335442,0.8096377797880838,0.8106547657577476,0.0787998803787852,0.6240339252310203,0.5934239172440993,0.8537501165293968,1.1093539245116009,0.8923333723001315,0.11063840574750482,1.108908722308389,0.027289553641534882,0.0,0.14566722718362132,-0.5363244030807791,0.9810835342704678,1.471284388780695,0.6060712919372587,-0.14123210754521667,0.6369026325316549,0.5971357393809058,0.17755624829391206,0.486030640331269,-0.08487015219994212
TNP_0059,26.715269441457583,22.017846679687523,33.10216139246963,31.720975374562773,35.80837402343752,6.38689195101205,0.7902757360639282,0.15970648047657518,753.1881292016203,24.399254768883765,80.16798551971706,3.251261299139272,3.121494101103285,25.38287573901809,30.51280206949666,34.10846354166669,26.300805664062523,12.127944541793024,0.6210579078400009,5.2999541910758285,0.8235388739963944,0.8187838002155088,0.1624970902480756,0.0202573227484259,4.0,0.0,16241.329583333332,7.653287708732548,0.1554659796053448,1.0075220429550937,10.625,79.375,415753.8382663727,0.0058370446343734,42.95898103901435,57.0,0.4919031372804452,0.6651514009046563,46.42559340263413,True,52.030077820282216,28.51280206949666,269.8362316112609,0.8612271344979154,0.15503511920235616,-2427.8658408857614,-57.05786754222399,0.7058445040144226,2.183921108340872,0.2963481896507184,0.4982457884026365,-0.03962261902579945,0.7138334932629391,0.6140668805662457,0.22521406957695653,-0.04017493353386616,-0.37413086120871447,-0.2950275432489228,-0.4634068354816492,-1.0733266045791576,-0.3016712408335285,0.6102578803903489,0.8149830445236625,0.9116861881733967,-0.4031412065993185,-0.3853666432251174,0.27545488742418056,0.5500930699626594,0.48135091423572696,0.3552751014835942,0.7777010513224033,0.8923333723001315,-1.0401384297699785,0.6037396858026968,1.6807224574983575,0.0,-1.152452043343033,-0.8094835530626922,0.48699553632217496,0.22137449678068755,0.7811468557469375,-0.614005972121993,0.6659374674597671,0.852347805444085,0.36684838254373703,0.7840726553240979,-0.08344151458777242
TNP_0060,24.037986189811203,18.583276367187523,30.984756283239957,30.530371121635874,35.77077636718752,6.9467700934287535,0.7985122116056782,0.17064741159791658,758.7708699866511,35.97891359741654,79.25091714102658,3.402424379595046,2.6031880540293826,22.949511628130452,28.517704531562345,32.582401529947944,24.655501302083355,12.130415476253216,0.7268655738666672,5.295295067068163,0.815700428727697,0.8128717773695653,0.1610892305004863,0.0128661374212975,3.0,0.1937499999999978,6032.082916666666,11.861713660005474,0.1578215727843174,0.8688095822454548,12.375,78.375,415477.9771983624,0.0058331716373769,518.2411397017586,57.0,0.5010346405652429,0.7104396337232058,46.07350738977093,True,53.4108698788362,26.517704531562345,294.8906664926401,0.8530150076270313,0.15261443800171218,-2612.269825272646,-50.68310531254298,0.552898713816909,-2.1585882836949772,1.079537667149152,-1.1022296857634493,0.11139449669820545,-1.262170753664989,-0.06677374173221641,0.20686886805954147,0.6841643398536126,0.4282837244207959,1.1639249304959813,0.06260636691002518,0.7511344568073814,-0.654459079346269,0.8856777685204191,0.020285870587789145,-0.841339043175472,1.018177963585499,1.0113820753018712,0.2256021142735823,0.07623780034246651,0.09974679146828004,0.2214303817405113,-0.3416273956911248,-0.23795556594670206,0.9599214417573418,0.7706888879659692,-1.475083764916098,0.0,0.579223317422972,0.4123968190792867,0.32276470753081243,0.17882862250814135,-0.22008460667129856,-0.08506348223424458,-0.24173301474287767,-0.8424608285701666,1.3363558844596624,-1.7345418197397864,0.2345863486507209
TNP_0061,26.313745535475288,22.650292968750023,32.963582138331695,32.691727055800726,38.60146484375002,6.649836602856407,0.8052363928657422,0.15511870770572178,764.2279082779354,38.024989475225446,75.93233576316206,2.383488701733104,2.636451044564145,24.749934600375344,30.6563515765359,35.27805989583335,27.287215169270855,12.128634768868265,0.6511429364622225,5.290631888858473,0.8116570034534867,0.8089440468960872,0.1490793442160955,0.006569942513003,2.0,0.0,13539.0925,11.699715302491102,0.1417460169048132,0.9292672543976338,11.125,77.875,414226.7854287028,0.005815605324012,191.54318474262365,57.0,0.5276432447701519,0.6944778505510285,47.83930531304596,True,53.27235376234521,28.6563515765359,268.03353690186213,0.7887239324797839,0.07686645695586804,-2330.078977314121,-45.63241428333551,0.37668599309302664,2.1233247861573132,0.3352215866937411,-0.6516697390246843,-0.0032532893639488645,1.0776975110100815,1.1691859951893864,1.588060030356094,0.30000826639593164,1.0833674543659946,-0.9067983659314672,0.5767757144944935,1.0735088741353245,-1.931087058709396,-0.9708281293636826,0.0712866349505909,0.45570765991497175,-0.006112070608224958,0.011780621740971166,0.17570596103405095,-0.168198220809779,-0.15377694835065195,-0.9203451869076085,-1.295129406110047,-1.3682445041935358,0.8829315130121705,-0.3686424924996835,-0.09962912302982843,0.0,0.40550784411148977,-0.8973992172078706,-0.9629651309541912,-1.1525173131393678,1.3120859498486896,0.3340149072630208,-1.2874831787920908,0.8286980765075039,0.4149696241346549,-1.0255107711187275,-0.006851121874185771
TNP_0062,26.874890771121883,22.351342773437523,31.89694384319454,30.51629044006106,34.16030273437502,5.022053072072655,0.7939208145301846,0.15036077358158623,756.1601372386831,27.277453314517007,83.32689153957341,3.3344050235154334,3.1503602516075735,25.740087343051222,29.76270835145916,33.30100911458335,25.873437500000023,12.130781270997913,0.7421033793777774,5.250551489186969,0.8224449018582426,0.8200487670893551,0.1850365036624371,0.0333972077744319,5.0,0.0,14818.987083333332,6.3454530522857935,0.153812460296003,0.9379425147964716,12.625,80.125,412132.4269834757,0.005786201232937,36.650681951150496,57.0,0.418524751238089,0.7111219176415654,43.66368737745739,True,53.38207813262541,27.76270835145916,279.2559085223759,0.9715436898587592,0.21192041401009173,-2510.2317093325287,-61.38070415149813,0.887775490708787,1.3913450794816071,0.05529696180427186,0.7599587318992428,0.407666264653802,0.9057031123490601,-0.07482570356774297,-0.5789371177172673,-1.8059277410905983,-0.01901973239369117,-1.5412598832681925,-0.18338031709108146,-0.6198450943546826,0.9135310850838992,0.7617461617706658,0.8592423163528695,1.1690257913995896,1.2285886771705703,1.2125337131750922,-0.25315557373542863,0.4839594880199444,0.5630008988184547,2.4980890265101197,2.767618290457558,2.022622310546965,-1.661688540247908,0.486548936601861,0.09773916391179066,0.0,0.543115087224378,-0.35009509013772977,2.6931693572058077,1.2211900033425513,0.33393689337819465,-0.9726910300275634,1.7456231927564505,0.5430186651808642,0.06845191469328335,1.195921520515597,0.8585068681831434
TNP_0063,23.288443238908147,19.645166015625023,29.381895906022475,28.523438699091614,33.33071289062502,6.093452667114327,0.7839733093883496,0.16433488547474198,744.8008920212118,41.804754670708675,80.80428311298424,1.6031368299603166,1.2131287304419953,22.36059066330386,27.064592614674076,31.005192057291687,23.89947916666669,12.128984559581548,0.666227727431111,5.290631888858473,0.8116570034534867,0.8089440468960872,0.1490793442160955,0.006569942513003,2.0,0.0,10067.059166666666,11.76790583082398,0.1417460169048132,0.8911351165940316,11.375,77.375,411676.414712131,0.0057797989733866,564.7386057069693,57.0,0.5276432447701519,0.6944778505510285,46.59031327102339,True,52.76411714433668,25.064592614674076,313.13884594492293,0.7887239324797839,0.07731446480694636,-2724.0381767027043,-26.053833545230678,0.37668599309302664,-2.839274852481788,-0.9659282446923345,0.38485746443784485,-0.15791184351261445,-0.6512359745909897,-1.2144272261851132,-0.9837227979521792,-0.4198103962871574,-0.9881263819518327,0.3221615101029494,-1.2536633883767356,1.669038891250432,-0.05689336189267493,-2.392633140069539,-2.111034460893118,-1.2656049004682965,0.19509288013074033,0.21091234107908025,0.17570596103405095,-0.168198220809779,-0.15377694835065195,-0.9203451869076085,-1.295129406110047,-1.3682445041935358,0.9153391497190924,-0.3686424924996835,-0.9671621271949788,0.0,-0.23188054713265652,1.3023427470411466,-0.9629651309541912,-1.1446431305745504,-0.8269369495122804,1.9585371829118314,-1.2874831787920908,-1.1081213878664073,-1.1957191796458642,0.6056372599365134,-0.33254751245646613
TNP_0064,24.959042809800675,22.312280273437523,31.079887225435936,29.804898121832192,36.17385253906252,6.120844415635261,0.7806445106949454,0.1627009075541098,746.4930239330323,41.50572020110689,81.59841611527675,3.9190557422372447,3.279882852847965,23.90049656489915,28.614609385689597,33.043033854166694,25.64561360677086,12.127944541970033,0.6210578432355556,5.2474154393649055,0.8050014795750728,0.8022058832765958,0.1467190374278597,0.0082124281412537,2.0,0.0,3571.058333333333,8.95039419655078,0.1360653791823445,0.8828285647731785,10.625,77.125,409948.4459089637,0.0057555388701655,309.1793997089985,57.0,0.5173280960548722,0.7141433451975426,46.919835498338145,True,53.883980043063794,26.614609385689597,293.67373533451,0.7698957422477084,0.07350446917506744,-2614.4913575376527,-66.23756836172032,0.3899970408498543,-1.028404115620256,-0.4324673060327881,-1.6838963303081664,1.0195180690400012,0.8832293648719156,-0.48163156491974785,0.40354372328845245,-0.3843724720009497,-1.3124248771847167,0.10427364453537835,-1.0942284871195465,1.6219237945209404,0.24860235890674778,1.8269826934688778,1.0578339510591603,-0.1562378775385239,-0.4031411047812561,-0.3853674960572385,-0.28671140528467964,-0.5705426850192648,-0.5887060892019664,-1.1447387041738437,-1.04638975121816,-1.3682445041935358,-0.42368689529583853,-0.7712493365042062,-1.156142034183498,0.0,1.1725590114150495,0.35304827246839227,-1.3395020908760351,-1.211607584666955,-0.23214653692675039,-1.3756867427837662,-1.2084875743987988,-0.4013688899799647,-0.5353497583641845,-2.6498910732955068,2.147009307358183
TNP_0065,25.696112837864995,19.688989257812523,32.220006647986885,31.54821785709508,36.52871093750002,6.523893810121891,0.7915203362171334,0.16841476017659324,753.6401840440166,26.59089152415791,80.04892198241771,2.957218643241053,2.5185740095633067,24.46755297389455,29.821445780982316,34.112369791666694,25.167097981770855,12.130781271081249,0.742103358222221,5.281575272378868,0.824761992919618,0.8205200973744438,0.1677403520682583,0.0224473035860936,4.0,0.0,12935.065416666668,10.853180947166711,0.1625937329650596,0.9044855290438009,12.625,79.375,409050.7556846142,0.005742935600093,220.71423831341488,57.0,0.4812691861579826,0.7006453528334731,45.7627989687862,True,53.02932060479334,27.821445780982316,278.5182838824241,0.8859332956638385,0.24362464759585806,-2505.8424211881525,-46.47217893524467,0.7009520283215278,0.7325914900299529,-0.01175990378231684,-0.0708394374784155,-0.4336326080665735,-0.6260232391400683,0.5152764257108287,0.5766914531947045,0.13707046963905675,-0.25287932453549933,0.866205085811464,-0.42081363180952025,-0.7280179923039319,-0.347473897369892,0.07451069166690803,-0.10944933584495982,0.25227648663708824,1.2285887251067107,1.2125334339042468,0.0787998803787852,0.6240339252310203,0.5934239172440993,0.8537501165293968,1.1093539245116009,0.8923333723001315,0.4806149667411249,1.108908722308389,-0.6634308368318648,0.0,0.10071572992271705,-0.38606832496950877,0.9810835342704678,1.7784233704164982,0.35776877207854124,0.26433588396825264,0.6369026325316549,0.2859181801161386,-0.014557543565552392,-0.1114776424371533,-0.9131895488322215
TNP_0066,24.46793379508587,18.974511718750023,30.78257326728479,30.28630021126323,35.50771484375002,6.31463947219892,0.7939706305296029,0.17375611407806443,759.5716558400915,28.267660333798982,83.73526260189813,2.8360432338554213,2.085875799132506,23.57624175440282,28.512269091211298,32.73252766927085,24.19140353732641,12.129337500526983,0.6813417131377779,5.275799865863673,0.8160117092561003,0.81232369546151,0.1555748075150028,0.0114973993977552,2.0,0.0,11415.162083333336,11.326991513824254,0.1504696479518056,0.9235662399417568,11.625,78.875,398426.9544980228,0.0055937809898279,379.860073027614,57.0,0.5010874788720237,0.70181957500624,46.08512254805834,True,53.12468321996491,26.512269091211298,294.9589247525685,0.8207815486194185,0.13023094540942123,-2724.08110665082,-41.120329300689626,0.3679765814877993,-1.08861529850965,-0.48776916233727535,0.16170322077436175,-0.4559604588580324,-1.037082126589214,-0.206344375798534,0.07851201978022493,-0.13365118137958948,-0.014166554073867044,1.5784645271032374,0.13805746654330608,-0.46383064037611915,1.0706277070330816,-0.14627150988971113,-0.772887563003898,-0.38983500410211286,0.39810989242767597,0.4104294551065442,0.017002849353044393,0.09505555228916042,0.06436967585519161,-0.30282382774354283,-0.5489104414343713,-1.3682445041935358,0.7057940508095365,0.24963202801720225,-0.22933121901954528,0.0,0.22031164591005978,0.41572570789430036,-0.32185851503549,-0.2145834721364279,-0.8271700400004078,0.7084027478311946,-1.3391699615483152,-0.42486830550507776,-0.6038077319420844,0.2544669250361129,-0.9602099057227144
TNP_0067,24.588862251704406,19.865747070312523,31.286572098309918,31.00349208934183,36.29616699218752,6.6977098466055125,0.7975963486852723,0.17195261366938305,759.7787749896808,35.030708751514744,78.33808730499618,3.2637505779821594,2.5919154975913083,23.386869958618533,28.95964214645205,33.10366210937502,24.973168945312523,12.130052933515598,0.7116598760177775,5.295295067068163,0.815700428727697,0.8128717773695653,0.1610892305004863,0.0128661374212975,3.0,0.0,8835.883333333333,11.960106761565838,0.1578215727843174,0.8798322582693825,12.125,78.375,397447.7478468418,0.0055800332564262,464.10615859200135,57.0,0.5010346405652429,0.7104396337232058,46.24304527300178,True,53.46655961799482,26.95964214645205,289.3408139248551,0.8530150076270313,0.15388037716769548,-2539.0265385802377,-49.237343253750794,0.552898713816909,-0.921350567665916,-0.39549574427588224,-0.7811372493710679,-0.19360825627185613,-0.5243295318059895,0.20377793258231436,0.46322519056264044,0.3619440127035984,0.33905845299908344,1.3379711583520915,0.15757250608163242,0.6017377565088241,-1.005616389167537,0.6330134088657009,0.003002127141336713,-0.5262607591423654,0.8096378540485365,0.8106542851302913,0.2256021142735823,0.07623780034246651,0.09974679146828004,0.2214303817405113,-0.3416273956911248,-0.23795556594670206,1.0066828904187994,0.7706888879659692,-1.224310118438983,0.0,0.6490647888820801,0.14173591800671276,0.32276470753081243,0.2010787596093379,0.17759380191179577,0.034897852104187915,-0.24173301474287767,-0.359587684461417,-0.4895827919905335,-1.2292494418276838,-0.40772080536882965
TNP_0068,19.92284390783394,16.292138671875023,26.02372665535991,24.60614562325995,28.674218750000023,6.100882747525969,0.775083132908153,0.17103419981364973,745.7523764987602,34.41701941068611,86.16097069696744,1.6794680308990868,1.2587872925270496,19.51008598122937,23.517572062151263,26.45164388020836,20.586816406250023,12.127266630320264,0.5910807951288888,5.2474154393649055,0.8050014795750728,0.8022058832765958,0.1467190374278597,0.0082124281412537,2.0,0.3070833333333347,3110.5204166666667,10.15255406515193,0.1360653791823445,0.9095010292177086,10.125,77.625,388361.20780590177,0.0054524612777473,1097.0822015545575,57.0,0.5173280960548722,0.7141433451975426,45.10978555431962,True,53.32445031042073,21.517572062151263,357.6823300435044,0.7698957422477084,0.08337712071025337,-3194.603759584008,-31.965461197722778,0.3899970408498543,-9.073013649991756,0.27646179573419905,0.6805030701168464,-0.03579625080280174,-2.5803262736603787,-3.454510149556326,-3.255787918352554,-0.4101977705408694,-1.8542258732173074,1.2155024075772989,-1.164013265554767,0.5050464530162768,2.003775480533165,-2.2535573104423388,-2.0410280805705,-3.319143295070438,-0.7930862202955712,-0.7810893288935882,-0.28671140528467964,-0.5705426850192648,-0.5887060892019664,-1.1447387041738437,-1.04638975121816,-1.3682445041935358,0.14764113570407916,-0.7712493365042062,-0.5493246737924045,0.0,0.4708430320744128,3.4746850562794154,-1.3395020908760351,-1.03808593677671,-3.3818983744425704,1.4680230371073837,-1.2084875743987988,-3.5410451612923635,0.34223108539911434,1.070884815410701,-0.07538354245600697
TNP_0069,26.36206997229264,20.680810546875023,32.70460868064234,31.860561417471292,36.48195800781252,6.3425387083496965,0.7879635046927517,0.16579458125962762,750.097684954482,25.90107180911343,78.91200994716891,3.075079590008753,2.7570365771731025,24.986260297593326,30.309080023468756,34.25254720052085,25.92271321614586,12.13005293341303,0.7116599053155559,5.281575272378868,0.824761992919618,0.8205200973744438,0.1677403520682583,0.0224473035860936,4.0,0.0,14551.777083333334,10.07469477142075,0.1625937329650596,0.9263313919814008,12.125,79.375,387112.1581530571,0.0054349250389849,128.5944299435842,57.0,0.4812691861579826,0.7006453528334731,45.96441543331063,True,53.10056204109031,28.309080023468756,272.39457306527936,0.8859332956638385,0.22614973207131145,-2417.700639107108,-50.01109566141666,0.7009520283215278,1.6178804607991024,0.18358051675157933,0.14329875786451524,-0.18530635977573173,-0.055400744603196744,0.6938884065555795,0.5538790759831137,-0.09755669775804694,-0.599393252649989,0.51680918246786,-0.7545925698451311,-0.8367042004307462,-0.7848335848419127,0.28925392576738906,0.25617543283919997,0.6259595791347853,0.8096377950495025,0.8106546718852023,0.0787998803787852,0.6240339252310203,0.5934239172440993,0.8537501165293968,1.1093539245116009,0.8923333723001315,0.11063840574750482,1.108908722308389,-0.1664220617024032,0.0,0.1900608555242087,-0.6847157336046859,0.9810835342704678,1.471284388780695,0.8363393716595238,-0.02930384049571062,0.6369026325316549,0.6314316277114084,0.2272536765493179,0.2255044401753761,-0.39023779100432016
TNP_0070,25.56755341813609,20.932275390625023,32.69838654557889,31.82480346052258,37.20998535156252,7.130833127442802,0.8067183291512814,0.1584644275614682,768.7164894310007,30.55504365597021,77.009954158216,2.861938660506419,2.4839295668479116,24.16811383571971,30.030247808079185,34.23618977864586,25.868452962239605,12.127604058244847,0.6060561914666671,5.410225023268546,0.8321275162214008,0.8285176842622313,0.1487787629298056,0.0114973993977552,3.0,0.0,12650.927083333334,11.166619217081852,0.1412169227172108,0.9580710218734036,10.375,78.125,383953.9953950644,0.0053905854916752,297.52954030237134,57.0,0.5238380086322935,0.7044815951895939,47.08212437013781,True,52.962400503107105,28.030247808079185,275.8961480261416,0.804926586133773,0.12838708106143853,-2420.611270349913,-45.145908067679805,0.5036174513357976,0.921892483231678,0.05741646565283713,-0.4642381711962008,-0.3830209599151568,0.08927400478092083,0.6734404116813527,0.9091088871839692,0.9222948797238418,1.2277407708971564,-0.4606529505310074,0.9996957527756164,-0.10343644694070148,-1.516537093661524,-0.0990899131016983,-0.16256822356378697,0.03655687356102709,-0.5989925340841723,-0.583401709180343,1.455356253729627,1.0692997796725983,1.109645218835422,-0.9489213416647678,-0.5489104414343713,-0.23795556594670206,0.6295769095474618,-0.40614126490144825,0.555676883106772,0.0,0.016790065292687176,-0.5139473352545308,-0.6389351591756935,-0.24699121781728514,0.8205359410260535,0.3743825005603271,-0.5341970781343571,0.35979918502407415,0.07107564105907561,-0.7305560108386904,-0.8066061709190187
TNP_0071,24.207450876285005,18.118798828125023,30.806162138655164,29.76059587044013,34.48525390625002,6.598711262370159,0.7936301573425236,0.16840822815544565,753.9639223788256,27.71295735724166,83.93784169516121,2.7181749368402883,2.0232514709317146,23.34987650637266,28.2580696284601,32.19529622395835,23.727197265625023,12.130415476173754,0.7268655962666664,5.281575272378868,0.824761992919618,0.8205200973744438,0.1677403520682583,0.0224473035860936,4.0,0.0,12935.065416666668,10.853180947166711,0.1625937329650596,0.90406499686756,12.375,79.125,380318.77103960514,0.0053395481593267,385.10961989122177,57.0,0.4812691861579826,0.7006453528334731,45.11640799553109,True,52.800917525448014,26.2580696284601,298.15116160579805,0.8859332956638385,0.24362464759585806,-2752.5357971271865,-40.94940417591342,0.7009520283215278,-1.308585382134216,-0.5584887568318967,0.6527881341760127,-0.680189033727199,-1.5293976572604102,-0.5069655685005713,-0.4203821617453227,0.2338651377864668,-0.04733616041135541,0.8653340531446705,-0.390310578777494,-0.5512282050496439,1.1485580360039753,-0.3610281361777528,-0.8689068491414289,-0.5529112940506243,1.0181779178778771,1.0113823710003904,0.0787998803787852,0.6240339252310203,0.5934239172440993,0.8537501165293968,1.1093539245116009,0.8923333723001315,0.4806149667411249,1.108908722308389,-0.6729982401618677,0.0,-0.18572854847180661,0.5714079882034193,0.9810835342704678,1.7784233704164982,-0.9816663295086566,0.7225851687319383,0.6369026325316549,-0.5107189423823355,-0.6913512694446355,1.0272707519884403,-1.4324142264103088
TNP_0072,26.563462772946732,21.827783203125023,32.798415428349,31.831937497769157,36.68276367187502,6.234952655402271,0.7841560005610856,0.16008234925668263,744.2731340963761,25.64846274026594,80.88924181118878,3.0709159626404516,2.900564023520269,25.29548221309242,30.397938566354963,34.49632161458335,26.110660807291687,12.128634768736203,0.6511429794488892,5.277478562825075,0.8256301162131793,0.8210631387609231,0.1679282321555186,0.0213523131672597,4.0,0.0,15750.032083333334,9.208935121817683,0.1573499115748268,0.99090537671709,11.125,79.375,377556.557136178,0.0053007676013137,57.85799089457154,57.0,0.4799355047596431,0.6913321713116554,45.9476243080273,True,52.79677736947278,28.397938566354963,271.2786874837144,0.8862376452938618,0.19663206665802804,-2461.988419654361,-52.69762847103842,0.6974795351472829,2.0181612469810735,0.2639831987114091,0.3767443028407764,-0.17645197155579986,0.604484665694458,0.6775199724140806,0.6518591295420351,-0.23674556318184573,-0.9703282277624572,-0.24490615225765822,-1.3033894363556704,-0.8765046312283907,-0.024210525804447436,0.2816677758918023,0.4762401159318566,0.8487268245012025,-0.006112146571997391,0.011781189200530957,0.034964959541066556,0.6765143321526328,0.6284756816424801,0.8716118088376835,0.9435274879169947,0.8923333723001315,-0.3008149864726668,0.7372605934205739,1.302681591945228,0.0,-0.1909207901620957,-0.7391363859213665,0.9871700929375404,0.9524821271865033,0.5958764584962555,-0.2522174649239537,0.6162948109640135,0.7876545097379618,0.3267838739968074,0.592869850146897,-0.3715912809556488
TNP_0073,22.818562328223184,18.007714843750023,28.95324792083098,28.796017942314236,34.15053710937502,6.134685592607795,0.7948307842112706,0.17294897050048583,756.2192050708027,37.96955698781055,81.66692186578489,3.5609810874932752,2.6197762054529483,21.979785636021088,26.85594273045613,30.876611328125023,23.225935872395855,12.130415476277859,0.7268655661155563,5.295295067068163,0.815700428727697,0.8128717773695653,0.1610892305004863,0.0128661374212975,3.0,0.1937499999999978,6032.082916666666,11.861713660005474,0.1578215727843174,0.8560014000950801,12.375,78.125,376712.411831975,0.0052889160839854,702.7352871680187,57.0,0.5010346405652429,0.7104396337232058,45.43601565179395,True,53.20146683612292,24.85594273045613,315.75907119093193,0.8530150076270313,0.15261443800171218,-2791.4927996011934,-55.549687655576406,0.552898713816909,-4.278361879331181,0.5003311391911205,-0.299979842853187,-0.103133476828882,-1.5933073766485397,-1.0585542556954564,-0.5837021051243881,-0.36646552527172604,0.06963140739090244,1.4708334574880908,-0.1778148680172385,1.0647750749516145,0.27495589612277216,1.1745688828052927,0.04571979545042613,-1.5399414940197163,1.0181779777607574,1.011381972980796,0.2256021142735823,0.07623780034246651,0.09974679146828004,0.2214303817405113,-0.3416273956911248,-0.23795556594670206,0.9599214417573418,0.7706888879659692,-1.7664789338950413,0.0,0.31660731576681317,1.4301285787251317,0.32276470753081243,0.17882862250814135,-1.1931854931979147,-0.4888655518679324,-0.24173301474287767,-1.6697729349362485,0.6193581589442416,-0.47206819887764323,-0.21718941662340593
TNP_0074,24.408229700215973,21.804833984375023,29.911706724226804,28.23465742789837,31.139550781250023,5.503477024010831,0.7979623266806279,0.1536755888954046,772.0146876613773,32.51783900651152,88.55062457329996,2.976552286348084,2.265318467274471,23.784292971131336,27.51819795078038,30.061181640625023,25.671289062500023,12.12498834374021,0.486931621368889,5.194127648508076,0.7930134539444403,0.7908687591493785,0.1507634015873216,0.0123186422118806,3.0,0.0,8454.959166666666,8.5837092800438,0.1150078218920241,0.9371356203012668,8.375,77.375,373703.33825439215,0.0052466696988318,334.8670867631913,57.0,0.49386081353399197,0.6980589323104684,45.92821424746109,True,53.54025916255685,25.51819795078038,307.44247013409995,0.7830843525678334,0.10573964347165879,-2886.0216159954034,-49.30543247513705,0.620959638166679,-1.877651516559329,-0.7926477773781933,0.19678041716714847,1.4372491437557335,0.5912813390516356,-1.3795652390084394,-2.0528668474249083,-1.1830881459726177,0.37471279082892983,-1.0992355300877388,1.310456341541403,0.20581650615229657,2.923053525021785,0.10973668604086596,-0.4977555593141954,-0.23995236602667872,-2.1035913929640984,-2.155944577550733,-0.8568924403700839,-1.2952513386731257,-1.3204849439201762,-0.7602424584440751,-0.4245406139884205,-0.23795556594670206,-0.5979543757009831,-2.263672739878001,0.07938174558201667,0.0,0.7414926708554161,1.0245360502011411,-1.075748688434111,-0.6450424077194367,-1.706434842954217,0.02924818534063739,0.1621806329877007,-0.7328159169375571,-0.9812158980987837,0.3096667303474459,3.026711720314853
TNP_0075,26.3042184739301,20.666040039062523,32.654312965136015,31.718536394381804,36.32277832031252,6.350094491205915,0.7915649307576664,0.16431659803530219,753.7225020133002,25.174678338863323,80.42380308512512,2.9605789165560434,2.7593225846801674,25.033269094934873,30.225689277815974,34.320499674479194,25.891015625000023,12.130781271054289,0.7421033653333335,5.281575272378868,0.824761992919618,0.8205200973744438,0.1677403520682583,0.0224473035860936,4.0,0.0,12935.065416666668,10.853180947166711,0.1625937329650596,0.9169686957883736,12.625,79.625,372911.4339413643,0.0052355516275217,115.01388128527582,57.0,0.4812691861579826,0.7006453528334731,45.92993683060455,True,53.08837898260802,28.225689277815974,273.44179404918697,0.8859332956638385,0.24362464759585806,-2468.671488996667,-50.444455407990816,0.7009520283215278,1.4567843822832178,0.1547753172128548,-0.17354784293748018,-0.018075082395003786,-0.063898630367992,0.612672162900739,0.4762097812470446,-0.0877814451641105,-0.24853483160502188,0.3197229146385189,-0.41305752413685876,-0.9511528747259871,-0.2032605573436363,0.08063312644205738,0.25968047337599637,0.6598252909969684,1.2285887095990413,1.2125335277768157,0.0787998803787852,0.6240339252310203,0.5934239172440993,0.8537501165293968,1.1093539245116009,0.8923333723001315,0.4806149667411249,1.108908722308389,-0.37942999735124594,0.0,0.1747818697697195,-0.633643786798058,0.9810835342704678,1.7784233704164982,0.5595903700297462,-0.06526163391783912,0.6369026325316549,0.5685585282829327,0.19159582126737637,-0.2731064089352562,-0.038064426037962194
TNP_0076,24.364047009409827,19.659692382812523,30.686374436426977,30.53405756141582,36.14199218750002,6.32232742701715,0.7923344542926571,0.16983120516712863,757.568931118978,31.812935895523854,81.88411637200666,2.5819151364574573,1.9001604377495567,23.381219406930445,28.528159669084207,33.10183105468752,24.850732421875023,12.129337500574831,0.6813416984533331,5.275799865863673,0.8160117092561003,0.81232369546151,0.1555748075150028,0.0114973993977552,2.0,0.0,12104.44625,12.076693128935124,0.1504696479518056,0.8986070352138938,11.625,78.375,372498.0526821613,0.0052297478931027,464.6626209160366,57.0,0.5010874788720237,0.70181957500624,46.09121091328049,True,53.12684488820281,26.528159669084207,294.7593708756405,0.8207815486194185,0.13885056430749307,-2672.366172592824,-36.988413705307785,0.3679765814877993,-0.951084167427459,-0.4526830458841872,0.037274413539585736,-0.5238304458579501,-0.6428785497479266,-0.06466567102133557,0.38799795187272085,-0.12370493203533807,-0.17356624761156614,1.055085346544869,-0.05064189898815074,0.09475379721666649,0.3585086411168092,-0.6092941735257072,-1.0576372271853496,-0.5303314856053468,0.398109919950545,0.4104292612597259,0.017002849353044393,0.09505555228916042,0.06436967585519161,-0.30282382774354283,-0.5489104414343713,-1.3682445041935358,1.0620907121655319,0.24963202801720225,-0.7971707136384509,0.0,0.22302263168270955,0.4059936597935313,-0.32185851503549,-0.06308511629466512,-0.546380992909555,1.051246236620682,-1.3391699615483152,-0.37119221010472525,-0.5603747516842095,0.05865749210510911,-1.103137724467813
TNP_0077,24.313659159051994,20.591943359375023,30.8692885733822,30.1470540968777,34.75808105468752,6.555629414330205,0.7873453682396622,0.1693689029224229,746.0184896730832,37.60359583098029,78.87545977691632,2.6482352142018186,1.8361727638820482,23.173459452026343,28.443333943103966,32.28513997395836,24.906803385416687,12.129693616892947,0.6964854800711118,5.290631888858473,0.8116570034534867,0.8089440468960872,0.1490793442160955,0.006569942513003,2.0,0.0,8835.883333333333,11.960106761565838,0.1417460169048132,0.8660430379376752,11.875,77.875,371649.5389996022,0.0052178350452055,492.772133976052,57.0,0.5276432447701519,0.6944778505510285,47.0697543931871,True,52.9592100882982,26.443333943103966,295.8246123425004,0.7887239324797839,0.07857721387286604,-2578.1501622547717,-36.45343855013686,0.37668599309302664,-1.4258401195625072,-0.550382466639521,-0.5251192598904156,0.009497369226708494,-0.10652852011370043,-0.2859715154948923,-0.2872603260588854,0.17812823337589223,-0.6596133921203385,0.9934382165107896,-1.1389397311718743,1.0071151826781406,-0.7988941018767476,-0.4884586603960735,-1.1557468747117825,-0.680004295104431,0.6029534550213705,0.6103397059618517,0.17570596103405095,-0.168198220809779,-0.15377694835065195,-0.9203451869076085,-1.295129406110047,-1.3682445041935358,1.0066828904187994,-0.3686424924996835,-1.538024597314361,0.0,0.012788910534460716,0.4579444479917202,-0.9629651309541912,-1.1224490626476786,-0.0348300406477602,1.0956355142766667,-1.2874831787920908,-0.5564815011777182,-0.681316521302566,-0.8263625344111881,0.02000056766464262
TNP_0078,24.053602907713472,18.351708984375023,31.093214849606053,30.515645091755626,35.66335449218752,7.039611941892581,0.8002632474953524,0.16882315831904937,760.1233523408874,33.77214618199519,80.60655098764597,3.2023192089386514,2.4035262089963023,23.034577697900872,28.55415428302505,32.56638997395835,24.54270833333336,12.130415476226489,0.7268655814400002,5.295295067068163,0.815700428727697,0.8128717773695653,0.1610892305004863,0.0128661374212975,3.0,0.0,9294.32625,11.556074459348482,0.1578215727843174,0.8794362008154529,12.375,78.625,369950.2013204098,0.0051939769133751,474.2204687794762,57.0,0.5010346405652429,0.7104396337232058,46.087490389857535,True,53.41546300936631,26.55415428302505,294.43293051377145,0.8530150076270313,0.14868204204472377,-2655.695437078625,-46.831157687351094,0.552898713816909,-1.3816686130157148,-0.5240414153023909,-0.4938670721180892,-0.3072878656901995,-1.3953979379279362,-0.07519474251648693,0.15445400658121267,0.8042779716627773,0.5988732843257811,0.9206642057529988,0.19003903873273928,0.4034418968977374,-0.1329591065236533,0.5210851474236475,-0.28584735877811707,-0.7800564073496182,1.0181779482116837,1.0113821752761327,0.2256021142735823,0.07623780034246651,0.09974679146828004,0.2214303817405113,-0.3416273956911248,-0.23795556594670206,0.8146660166940025,0.7706888879659692,-1.2333207045907266,0.0,0.5849836423889954,0.3900734814805422,0.32276470753081243,0.10971286123755826,-0.4558663277630023,0.23454981381933193,-0.24173301474287767,-0.5392421024995673,-0.6487090264198846,-0.7771820166392378,-0.6471193868062813
TNP_0079,25.239293241473646,21.889794921875023,31.73451444319766,30.500504050698733,36.73867187500002,6.495221201724014,0.7970931430023768,0.16249766590048337,762.4325868859087,43.1460726439022,78.45826028024749,3.9751045998986028,3.4853127213698287,23.966906412673072,29.15810391179001,33.47744140625002,26.20380045572919,12.127944541951539,0.6210578507733331,5.2474154393649055,0.8050014795750728,0.8022058832765958,0.1467190374278597,0.0082124281412537,2.0,0.0,6251.266666666666,10.36718313714755,0.1360653791823445,0.9156727042840948,10.625,77.375,367961.2143267989,0.0051660522021871,315.16346090726705,57.0,0.5173280960548722,0.7141433451975426,47.112840213449694,True,53.943642417023185,27.15810391179001,286.848531075741,0.7698957422477084,0.08513974654104135,-2491.889797545076,-67.96184129239914,0.3899970408498543,-0.23019785603121812,-0.23272744746944915,-1.4617217534857636,0.7452639740752729,0.6401617398144248,-0.08385306520438213,0.6791386824478016,0.09997543991813611,0.2900351083074975,0.07717175439113975,0.40761816426855135,1.880373477982775,-0.9593869419728883,1.9291039922699158,1.3728110517084717,-0.10839541194250728,-0.40314111541908615,-0.38536739655233987,-0.28671140528467964,-0.5705426850192648,-0.5887060892019664,-1.1447387041738437,-1.04638975121816,-1.3682445041935358,0.24964387951658307,-0.7712493365042062,-0.40891471727096995,0.0,1.2473826333429454,0.02018971233188669,-1.3395020908760351,-1.0071060386528687,0.4335253009907353,-1.5187573679049386,-1.2084875743987988,-0.08984236502718829,-0.2880924893731437,-2.300262407184483,1.5694559393979493
TNP_0080,26.780972480011446,22.268579101562523,33.30010278127106,31.339387063419142,34.88039550781252,6.519130301259612,0.804214492716217,0.1497250111543917,766.9246242048291,25.77646177659242,80.94059184604131,3.2702776813229373,3.2814496461474936,25.493598111379047,30.47348744156721,33.88580729166669,26.558862304687523,12.127604058150494,0.6060562258488895,5.2999541910758285,0.8235388739963944,0.8187838002155088,0.1624970902480756,0.0202573227484259,4.0,0.0,16241.329583333332,7.653287708732548,0.1554659796053448,1.0085012463903884,10.375,79.375,365971.6754934192,0.0051381197433536,29.6576593593378,57.0,0.4919031372804452,0.6651514009046563,46.40989793865788,True,52.02270102482629,28.47348744156721,270.32994470879896,0.8612271344979154,0.15503511920235616,-2445.945972479684,-61.2338617176386,0.7058445040144226,2.2753370910069206,0.31151539562833985,0.49646926193967267,0.138539638364856,0.8580868598818602,0.39585766236282316,-0.2275788587846974,0.13090770619702552,0.983811815442581,-1.6260376005924726,0.830863847056461,-0.8563374344974097,-0.00445663588290543,0.6449058237762082,1.0602362502688774,0.9914519378017003,-0.598992588357439,-0.5834012553065654,0.27545488742418056,0.5500930699626594,0.48135091423572696,0.3552751014835942,0.7777010513224033,0.8923333723001315,-1.0401384297699785,0.6037396858026968,1.703000025629609,0.0,-1.1617034109572233,-0.7854056464482632,0.48699553632217496,0.22137449678068755,0.6829797979326235,-0.9605068575379293,0.6659374674597671,0.888025931320672,0.3856238135229377,0.7812769953235683,0.29175146771794214
TNP_0081,26.763995225384626,22.159936523437523,33.25403014683576,32.26366401119006,36.35170898437502,6.490034921451134,0.7948346202226831,0.16087464523689385,757.6159908535926,24.54383348899323,78.6122621509088,3.266631840602134,3.160554085349669,25.321350093637946,30.76056312780348,34.31834309895835,26.496484375000023,12.12794454181321,0.6210579010488892,5.2999541910758285,0.8235388739963944,0.8187838002155088,0.1624970902480756,0.0202573227484259,4.0,0.0,16241.329583333332,7.653287708732548,0.1554659796053448,0.991040572074934,10.625,79.125,361159.2509186268,0.0050705549142236,67.75441640685148,57.0,0.4919031372804452,0.6651514009046563,46.52450632563958,True,52.07656643648768,28.76056312780348,266.7248482410439,0.8612271344979154,0.15503511920235616,-2376.920733738194,-56.05664916856762,0.7058445040144226,2.342950373829868,0.34884645189723895,0.3490446432588055,-0.09395340288115457,0.7955817497110521,0.9244004512445885,0.49032605644064,0.09326571828437713,0.07000511960463297,-0.1392549816719524,-0.046207868704184224,-1.0505471558017152,-0.9001438273481046,0.6382630837603517,0.8748720990114931,0.8673623616470529,-0.403141194987725,-0.3853667328734092,0.27545488742418056,0.5500930699626594,0.48135091423572696,0.3552751014835942,0.7777010513224033,0.8923333723001315,-1.0401384297699785,0.6037396858026968,1.3057573815991852,0.0,-1.0941498603746451,-0.961222687801774,0.48699553632217496,0.22137449678068755,1.0577560857590005,-0.5309304125321158,0.6659374674597671,0.9144142623885424,0.4318357968896519,0.5492798266172679,-0.19785704301813356
TNP_0082,22.169486521095113,17.361596679687523,28.716139968009376,28.387884078796514,34.02810058593752,6.546653446914263,0.7952670859802682,0.17484304622568106,753.2929874177647,39.24413107235295,82.91835192655168,3.8327708425862506,2.822911416959584,21.4489454379794,26.424503522633668,30.62718098958336,22.87225748697919,12.130781271215394,0.7421033204622223,5.295295067068163,0.815700428727697,0.8128717773695653,0.1610892305004863,0.0128661374212975,3.0,0.1937499999999978,6032.082916666666,11.861713660005474,0.1578215727843174,0.8455262495064899,12.625,78.125,360799.10471487045,0.0050654985821522,787.8756160519903,57.0,0.5010346405652429,0.7104396337232058,45.27050520965775,True,53.147100029277496,24.424503522633668,321.1770847627664,0.8530150076270313,0.15261443800171218,-2888.0887744263377,-61.00908877861932,0.552898713816909,-4.8567226035454505,0.3631277984145626,-0.2605938091102148,-0.35419504007107105,-1.9650372060126826,-1.2919434048903926,-0.6434431347411651,0.16651562480369617,0.11213683357774631,1.7234048734020004,-0.4535269560111403,1.2655936674104953,0.7563696232193295,1.6697711750376694,0.35717859363066773,-1.9223652574086876,1.2285888022690399,1.2125329354410281,0.2256021142735823,0.07623780034246651,0.09974679146828004,0.2214303817405113,-0.3416273956911248,-0.23795556594670206,0.9599214417573418,0.7706888879659692,-2.00479599091416,0.0,0.2484249567544539,1.6943598204500692,0.32276470753081243,0.17882862250814135,-1.7176585920816343,-0.9418564430219684,-0.24173301474287767,-1.8954974321061993,0.4495146255560315,-0.4100877210124071,-0.7459014908571053
TNP_0083,26.51385251954243,21.528588867187523,32.236969234656115,30.83707641392421,34.80312500000002,5.723116715113687,0.799318016851214,0.15223561296077515,760.7492942633063,26.24355073585412,82.97688791586536,3.110432582166153,2.8831544260891393,25.38903015052904,29.862632722707584,33.63316243489585,25.859114583333355,12.130415476094427,0.726865617564445,5.281575272378868,0.824761992919618,0.8205200973744438,0.1677403520682583,0.0224473035860936,4.0,0.0,14818.987083333332,6.3454530522857935,0.1625937329650596,0.9341884806997351,12.375,79.875,359551.7668402195,0.0050479863761823,57.32144490282105,57.0,0.4812691861579826,0.7006453528334731,45.77982805503921,True,53.0353378542593,27.862632722707584,278.0010582682382,0.8859332956638385,0.14243831105596347,-2529.6456424724693,-55.24966795400238,0.7009520283215278,1.4358617870608181,0.09019328768974987,0.560931273674308,0.16916293714510064,0.4323498061117045,0.10861402590802112,-0.26528182164354075,-0.8989305012862794,0.5067869481500653,-1.2912535977148039,0.24901611250367064,-0.7827441075267811,0.7788878842618342,0.3536672541786413,0.4495467019615055,0.916119901407898,1.0181778722479113,1.0113826521486868,0.0787998803787852,0.6240339252310203,0.5934239172440993,0.8537501165293968,1.1093539245116009,0.8923333723001315,-1.661688540247908,1.108908722308389,0.012332242997628357,0.0,0.10826206724066322,-0.4112929141065224,0.9810835342704678,-2.6906877601155205e-05,0.22852788752823727,-0.46397157743433476,0.6369026325316549,0.5603927900363002,0.11164995387447434,0.8827186971598205,0.35624125902208825
TNP_0084,22.758076802095257,17.651269531250023,29.3831979661176,29.026674921808098,34.57607421875002,6.625121164022342,0.8011437474896415,0.17616620341625647,757.6766463519396,35.46492310025682,81.85885030239241,3.732396574202319,2.8499422404341996,21.93411626094893,27.055983230006984,31.26011555989586,22.972477213541687,12.13115034489064,0.7573738924799995,5.295295067068163,0.815700428727697,0.8128717773695653,0.1610892305004863,0.0128661374212975,3.0,0.1162500000000008,7553.04375,11.609230769230768,0.1578215727843174,0.863352611419611,12.875,78.625,356433.593002066,0.005004208259913,693.0690944569502,57.0,0.5010346405652429,0.7104396337232058,45.51275599185928,True,53.22667447373016,25.055983230006984,313.2469625975723,0.8530150076270313,0.14936595843247835,-2803.004465123302,-59.77276506269701,0.552898713816909,-3.823490269492209,-0.07891384323405612,-0.16637407761370748,-0.5674387839917632,-1.7983803223774832,-0.9266543056742579,-0.3760677788590993,0.2680328030759244,0.6846534259024706,1.8998453824348982,-0.04049282762370228,0.6701514449694199,0.34878901464833295,1.4868887563539073,0.3986238346146563,-1.57284226971671,1.4408856066924183,1.4141171183075985,0.2256021142735823,0.07623780034246651,0.09974679146828004,0.2214303817405113,-0.3416273956911248,-0.23795556594670206,0.8399286216548608,0.7706888879659692,-1.5992336963615537,0.0,0.3482206529649472,1.3076154908248079,0.32276470753081243,0.12173337043910018,-1.2556887072357896,-0.8392731432774784,-0.24173301474287767,-1.4922441693941597,-0.09768716922092167,-0.26181729549565197,-1.1949727891860684
TNP_0085,24.552231467621205,18.230249023437523,31.197537525989638,30.68013835843806,35.78542480468752,6.645306058368433,0.7928386487629066,0.17095890896364696,753.5612888193976,28.442928739545415,81.48094777472232,2.995460178281373,2.2837851946486967,23.528363570209194,28.80996911734963,33.00100097656252,24.039371744791687,12.130781271108347,0.7421033509333341,5.281575272378868,0.824761992919618,0.8205200973744438,0.1677403520682583,0.0224473035860936,4.0,0.0,12935.065416666668,10.853180947166711,0.1625937329650596,0.8944289770151705,12.625,79.125,355228.05595360696,0.0049872829235419,385.47408877203225,57.0,0.4812691861579826,0.7006453528334731,45.344595464801856,True,52.88154786034734,26.80996911734963,291.22040782432333,0.8859332956638385,0.24362464759585806,-2643.874933193035,-44.12241397966042,0.7009520283215278,-0.7673828210213095,-0.3950728985762275,0.33922962614064023,-0.8205545654534268,-1.4652772464896824,0.0188698450882172,0.21401634917022266,0.29414689933433613,-0.12444657319850887,1.2054625151180887,-0.42824724396405256,-0.43621580419564937,0.20341336000456184,0.14418695964828557,-0.46944129182881333,-0.4243270328729227,1.2285887406940796,1.2125333376849112,0.0787998803787852,0.6240339252310203,0.5934239172440993,0.8537501165293968,1.1093539245116009,0.8923333723001315,0.4806149667411249,1.108908722308389,-0.8922244816538611,0.0,-0.08460864166868244,0.23340188070878512,0.9810835342704678,1.7784233704164982,-0.39168625903379406,0.4593063756472655,0.6369026325316549,-0.29949665348942367,-0.48905935278489254,0.5338342639792705,-1.7280108540721058
TNP_0086,25.05878938318731,18.956079101562523,31.963496986607165,31.3707789481027,36.623522949218774,6.904707603419855,0.7930798601967658,0.17286971276289836,752.3831745527581,27.332944492998386,80.87285366856513,3.1832172597044868,2.5289099782852964,23.948012080304675,29.46157442213083,33.950748697916694,24.674666341145855,12.131522724402679,0.7726780255644439,5.186786947714207,0.8117909718476327,0.8082411659864758,0.1763708163766422,0.0240897892143443,5.0,0.0,12227.740833333331,11.189364905557076,0.1738154034917073,0.893756851189115,13.125,79.375,353338.442471683,0.0049607533831733,299.0913790801395,57.0,0.45548422639582636,0.6972215042786881,44.9808513389226,True,53.217333612439035,27.46157442213083,283.03754840688106,0.9147978483400669,0.26954944201725145,-2583.1768522103116,-47.111623005825585,0.9410451407618364,0.09908701364103716,-0.1523854666984366,-0.170321769318162,-0.6792327075467592,-1.0476869261799915,0.41380894235408255,0.6229535246835892,0.6297462243001077,-0.10094725340229631,1.4602645880715657,-0.5392507245197031,-0.6111020479585088,-0.03051489475640406,0.4862813004440992,-0.09360162351432667,-0.12200711979300635,1.655083978835006,1.6161443350167999,-0.9354381693184941,-0.16009946814231252,-0.19914589564866603,1.6742452536240435,1.3580935794034876,2.022622310546965,0.6403868273875979,1.9042281170521151,-0.9075158177981436,0.0,0.33650611619167803,-0.16566819840127614,1.5583334335037677,2.234077358930466,-0.06212272714822759,0.21127835387525168,2.0617566991967182,0.03867200069745553,-0.18863743371397534,-0.26802964528196116,-1.4304002932858004
TNP_0087,27.253886090959842,23.432751464843772,33.26449773297993,31.3768103934152,35.24582519531252,6.010611642020091,0.7981010528717974,0.1515510986058047,766.1057434246961,26.588433408613966,79.99712251287504,3.4617333254464966,3.7890934435471397,25.850756775667648,30.63173140578499,33.97475179036461,26.724678548177106,12.126272456220624,0.5463055452088899,5.437572751163428,0.8247086724135473,0.8215984334976926,0.1428997361393857,0.0106761565836298,3.0,0.0,16705.787083333336,7.25487270736381,0.1288411731358976,1.0411386492986423,9.375,78.875,353010.24430310726,0.004956145590815,17.8166031627773,57.0,0.5308496730088822,0.7059342757300587,47.66874874947584,True,53.28789022179995,28.63173140578499,268.3427170061521,0.7770277113799674,0.0774541570181183,-2379.6035186634217,-70.5650056362457,0.5258739827593581,2.537057702514946,0.3682312745619602,0.5986278756458091,0.21584513380472312,1.5278677421155447,0.41725799183448525,-0.049273030010238486,-0.5269855177598808,0.3882277850323346,-1.3825322924092622,0.7537078195565433,-0.7284052866241467,-0.3674006807163642,0.9937389642982998,1.8385854388170324,1.2487534025892233,-1.3649503183056564,-1.37215966714037,1.7479778007596478,0.6208105560660473,0.6630274220145789,-1.5078383037223912,-0.6732802688803223,-0.23795556594670206,-1.2294856740077178,-1.2832543153280236,2.4455239391582957,0.0,0.4249923884095516,-0.8823208048358762,-1.1968728767977574,-1.1421879013391625,1.0431897590987054,-1.7347535384303616,-0.40211370020487464,0.9901710994800755,0.45583220074429215,0.9420405730140031,0.4545495811203032
TNP_0088,26.63260574776788,22.28790283203127,33.25736750837056,31.79307861328127,35.361767578125026,6.624761760602677,0.7979565720439682,0.1635191996928463,762.9568581298239,23.751318112221064,81.52287170684669,2.7690171729082746,2.8040998426582244,25.399639326643218,30.561017289806568,34.02320149739585,26.842622884114608,12.127266630232802,0.5910808302933344,5.410225023268546,0.8321275162214008,0.8285176842622313,0.1487787629298056,0.0114973993977552,3.0,0.0,15898.731666666668,9.547073638105667,0.1412169227172108,1.0009235369283722,10.125,78.875,350070.71990942955,0.0049148756529083,80.01769884784815,57.0,0.5238380086322935,0.7044815951895939,47.27730991246087,True,53.041861173607096,28.561017289806568,269.2307448746091,0.804926586133773,0.10976651869708065,-2475.6371856959527,-51.05402539578865,0.5036174513357976,2.246855808027305,0.3142968116659918,0.2823647197440132,0.13649717914142928,0.8692043418369593,0.6552987288467764,0.007299282980805973,0.2675678268746218,0.3741521621513632,0.21339135369698076,0.45701569257098607,-1.175413826476684,0.21954111420455738,-0.26839332794344795,0.3283355866486487,0.9237628814817639,-0.793086270605324,-0.7810888646938176,1.455356253729627,1.0692997796725983,1.109645218835422,-0.9489213416647678,-0.5489104414343713,-0.23795556594670206,-0.14011421965964418,-0.40614126490144825,1.5306017958704432,0.0,0.11644307560828801,-0.8390125511267037,-0.6389351591756935,-0.5742660795493121,0.5217697409572449,-0.1158403779540327,-0.5341970781343571,0.8769101639281631,0.38906691866151283,0.4443478715380982,0.28745024040695794
TNP_0089,22.392095284598234,18.345922851562523,28.60420771484377,27.6350484793527,32.50028076171877,6.212112430245536,0.7861093918579984,0.16266331179579643,749.0448115896595,45.36263968504979,81.06305252416922,1.6342626433120446,1.0031872947358977,21.570108218265446,26.21045049293157,30.20422770182294,23.029321289062523,12.12898455960333,0.6662277195377779,5.290631888858473,0.8116570034534867,0.8089440468960872,0.1490793442160955,0.006569942513003,2.0,0.8375000000000021,2806.3066666666664,10.804508623049546,0.1417460169048132,0.8817666667370586,11.375,77.125,348400.17650821805,0.0048914217830963,690.8038108228856,57.0,0.5276432447701519,0.6944778505510285,46.29329536861391,True,52.64325538611112,24.21045049293157,323.86516270976534,0.7887239324797839,0.07098500053468072,-2805.422397696057,-22.436235212897667,0.37668599309302664,-6.453679152327349,5.823852089135304,-0.33062401265461727,0.7006645946187747,-1.3987268617729878,-1.722448383143004,-1.3889194583509568,-0.2662949791005014,-0.7800247830257551,0.09926032126469275,-0.8537956873941648,2.2296100415473132,0.042652869736773166,-2.3359217525704037,-2.432928960464501,-1.8350781103716016,0.19509289265989907,0.21091223688055374,0.17570596103405095,-0.168198220809779,-0.15377694835065195,-0.9203451869076085,-1.295129406110047,-1.3682445041935358,0.45748338180940756,-0.3686424924996835,-1.180300962752804,0.0,-0.38345538237413157,1.8254547622348787,-0.9629651309541912,-1.2558897462250318,-1.268817003643795,2.2587054716063792,-1.2874831787920908,-2.5187628076480326,7.2093260349973285,-0.5202918991992069,1.4755338347258211
TNP_0090,25.70628920200895,19.968518066406272,31.882508510044662,31.08938916015627,35.72712402343752,6.176219308035712,0.7896710938873542,0.16686100457953432,753.0563948087274,26.174021913154885,81.0174729663149,2.8640863422812193,2.504015019926443,24.536308919524593,29.559395624069964,33.58524169921877,25.211401367187523,12.130415476147707,0.7268656035200003,5.281575272378868,0.824761992919618,0.8205200973744438,0.1677403520682583,0.0224473035860936,4.0,0.0,12935.065416666668,10.853180947166711,0.1625937329650596,0.9139813234952292,12.375,79.375,345564.8446456194,0.0048516146734271,200.2904378820749,57.0,0.4812691861579826,0.7006453528334731,45.654452135111555,True,52.9910361121681,27.559395624069964,281.8091097529294,0.8859332956638385,0.24362464759585806,-2535.3373685919164,-47.352453578952506,0.7009520283215278,0.535133430318206,-0.09033731023238299,0.14509735958988024,-0.17257977977674527,-0.4652025068028401,0.2528977093705709,0.1855693743497094,-0.3127315089297402,-0.4330363601822038,0.6590147153774184,-0.4758190237846626,-0.7936988887977315,0.02511882967014846,-0.09517682617352151,-0.13177203106546823,0.3018091097884803,1.0181779028954066,1.0113824667503986,0.0787998803787852,0.6240339252310203,0.5934239172440993,0.8537501165293968,1.1093539245116009,0.8923333723001315,0.4806149667411249,1.108908722308389,-0.44739482201907393,0.0,0.05270248117331492,-0.2255779543686576,0.9810835342704678,1.7784233704164982,0.19762435100647735,0.19129556574901574,0.6369026325316549,0.20885360886410537,-0.11182823887387683,0.22833483927458095,-0.36343680871825695
TNP_0091,24.49416845703127,19.737390136718773,30.717381766183056,30.59470957728797,35.80767822265627,6.2232133091517845,0.7892007545594751,0.17014534020162522,754.6719996861389,35.36662179152739,79.32887558702446,2.772290575628861,2.0011996366824243,23.35791960934386,28.602086600167432,32.7636189778646,24.92456461588544,12.12969361686912,0.6964854877511115,5.275799865863673,0.8160117092561003,0.81232369546151,0.1555748075150028,0.0114973993977552,2.0,0.0,8835.883333333333,11.960106761565838,0.1504696479518056,0.8746882073998868,11.875,78.125,338277.50642474,0.0047493028856673,485.7842896306333,57.0,0.5010874788720237,0.70181957500624,46.11953550662052,True,53.1369015079259,26.602086600167432,293.8309964750974,0.8207815486194185,0.13751012427751497,-2578.6510663249414,-38.833860143648245,0.3679765814877993,-1.266375508183953,-0.5052097934159323,-0.5952625990845629,-0.07435589619738954,-0.5981768614066689,-0.029982142780500064,0.2248745642241985,-0.2519332779520941,-0.47885779618020136,1.09697465930864,-0.32359460067594753,0.6546633453012108,-0.6244691764159377,-0.2624291718254975,-0.9027180123662227,-0.5471169444159912,0.6029534413161343,0.6103398073442016,0.017002849353044393,0.09505555228916042,0.06436967585519161,-0.30282382774354283,-0.5489104414343713,-1.3682445041935358,1.0066828904187994,0.24963202801720225,-1.3413409003840318,0.0,0.23563481356714303,0.3607177450345915,-0.32185851503549,-0.08664468001175618,-0.03754972653944426,0.898121304445898,-1.3391699615483152,-0.49424513602908765,-0.6253974278646011,-0.9367447503684457,-0.1565865344035316
TNP_0092,26.77031375558038,22.705957031250023,30.30018798828127,29.374128138950912,32.30114746093752,3.529874232700891,0.8003639405650518,0.14617831389186053,761.8697043778442,25.916588983865612,81.86490287055108,3.5335461469036673,4.211432181179789,25.54643543086593,28.81487662760419,31.700512695312522,25.418318684895855,12.129693616695363,0.6964855382044446,5.277478562825075,0.8256301162131793,0.8210631387609231,0.1679282321555186,0.0213523131672597,4.0,0.0,15318.602916666669,4.551396112784013,0.1573499115748268,0.9541101205426318,11.875,79.875,331753.007565856,0.0046577011070402,24.49574435778273,57.0,0.4799355047596431,0.6913321713116554,45.289908539105454,True,52.546647815299664,26.81487662760419,291.1587793105466,0.8862376452938618,0.0971828351484127,-2474.7503282066464,-86.8644605205128,0.6974795351472829,0.41474251366742715,-0.27848919292120833,1.660325690226547,0.8877618664395662,1.1097226011650123,-0.7279650569187855,-1.486083507816408,-3.7364259234437673,0.6086830126967391,-2.0989829731029372,0.3545826317159453,-0.8342593545559842,0.35111738239905144,1.1245822839263708,2.4861399158197957,1.0295165882183452,0.6029533413679431,0.6103404733699344,0.034964959541066556,0.6765143321526328,0.6284756816424801,0.8716118088376835,0.9435274879169947,0.8923333723001315,-2.5143164190507408,0.7372605934205739,0.4655635868529844,0.0,-0.5046126189046289,0.23039631815251177,0.9871700929375404,-0.7954368053783494,0.5265849819290005,-3.0871920984374337,0.6162948109640135,0.16186705188144504,-0.34474079325224705,2.612798749011675,1.8695431183070448
TNP_0093,26.393030203683058,22.085363769531273,33.55376586914065,32.990247628348236,38.48840332031252,7.16073566545759,0.81567474466626,0.15923994128762675,777.4453978314596,30.48488584411747,77.4248516150603,3.0311474889638905,3.0051564331880876,24.916352134912128,30.979014567057316,35.133052571614606,27.217077636718773,12.128288104250311,0.6360865624177778,5.410225023268546,0.8321275162214008,0.8285176842622313,0.1487787629298056,0.0114973993977552,3.0,0.0,13539.0925,11.699715302491102,0.1412169227172108,0.9585153983451346,10.875,78.375,331288.6401773691,0.0046511815444436,164.34026312820893,57.0,0.5238380086322935,0.7044815951895939,47.43102452503473,True,53.10443889342893,28.979014567057316,263.9815350668942,0.804926586133773,0.13451629967276849,-2369.7400948664717,-51.11696676660563,0.5036174513357976,2.339969969423938,0.4047770295534709,-0.7101383072364663,-0.025366719119671314,0.7526779611679664,1.3398933749778397,1.5328933886501523,0.9609811241351345,2.100293406760422,-0.3572396617849364,1.8221450188100348,-0.1144903301140127,-1.3569298272834793,0.20920941808328536,0.6366073214611161,0.5755968847443111,-0.20551884365737644,-0.1869759706872284,1.455356253729627,1.0692997796725983,1.109645218835422,-0.9489213416647678,-0.5489104414343713,-0.23795556594670206,0.8829315130121705,-0.40614126490144825,0.5657867609606331,0.0,0.1949228835395902,-1.0950113977847438,-0.6389351591756935,-0.13926411837221156,1.096743755046818,-0.12106290456716208,-0.5341970781343571,0.9132510605013368,0.5010720624194279,-1.1175207922727117,-0.05341992820034877
TNP_0094,19.000104352678598,14.861743164062524,25.13144091796877,23.4968629324777,27.632971191406273,6.131336565290173,0.7778241679025955,0.16710056002190127,749.7406682710322,55.06849205804304,82.37578717647051,2.401773056082317,1.616826952696191,18.563894970060254,22.54280273437502,26.026220703125023,19.71593424479169,12.128984559626089,0.6662277115733337,5.012855891048453,0.7613838263984049,0.7618929398045098,0.1666554789876616,0.0098549137695045,5.0,0.8375000000000021,2806.3066666666664,10.804508623049546,0.1602558928370339,0.8647242064526115,11.375,76.875,329277.33425694704,0.0046229434829988,1283.406261631138,57.0,0.46035567579720754,0.573555910322823,43.362744099581235,True,48.482312227571725,20.54280273437502,369.9234832617185,0.835419899618801,0.10647750080202108,-3130.271316571836,-42.85098634177154,1.1930808680079759,-11.48341061074377,4.519062461111411,1.1112274473944166,-0.2505023341186181,-3.403272767996889,-4.088847475028208,-3.76384874440255,-0.37079831097993404,-1.5871885405484107,0.6909589805742428,-0.7882311527921042,3.758839009715112,0.5476499138911527,-0.937513944350999,-1.4920607133176786,-4.00079085814307,0.19509290575104096,0.2109121317433017,-2.7965059360350244,-3.207348084269677,-3.1907909983281932,0.7506116230268183,-0.7976500963262582,2.022622310546965,0.45748338180940756,0.9432177415213733,-1.568028942890728,0.0,-5.601766641157225,4.071674169006713,-0.029112366009101442,-0.6320738329230864,-3.032601876255864,0.5648024045604407,3.557485282418074,-4.481782696132564,5.594131539749806,1.7487012948787208,-0.5275343902183653
TNP_0095,26.9594742606027,23.849951171875023,32.41839474051341,30.991041085379486,34.24628906250002,5.458920479910713,0.8182732768995079,0.14898763577377955,793.05477386212,31.859889947540502,79.16766542429409,3.9150166414588736,4.531523628123873,25.531894610214206,30.12297002883187,33.012219238281276,26.93417154947919,12.125304992988626,0.5017421581155546,5.466607081850534,0.8405975457608431,0.8381883741644276,0.1474866236152768,0.0134136326307144,3.0,0.0,15893.975000000002,5.26303312346017,0.1191755457505586,0.9987073096366186,8.625,78.125,328577.7085413933,0.004613120972289,31.70147337839629,57.0,0.5371848049534139,0.7151675184819323,47.34813390345836,True,53.05525997833925,28.12297002883187,274.7317423779294,0.8062514211334965,0.07059639284137607,-2378.2382909065,-86.1395464676388,0.47820736271747066,1.9295555746726196,0.17131701344278347,0.763051122175759,0.7210409325831789,1.767894388217535,0.1966578931022578,-0.5369814035975707,-1.2407329303159147,2.353447823915836,-1.7243652130864642,3.292881022752641,0.10215175607255338,-0.6864852552356494,1.8196234316625497,2.9769228609997467,1.0190412033908385,-1.921449918048501,-1.9604332408165077,2.0586460506156916,1.5813360309342506,1.7338605226067474,-1.07176456146579,-0.2587141773938291,-0.23795556594670206,-2.176110010139939,-1.9682914409210044,1.480181063357875,0.0,0.13324674990135021,-0.5707342639359347,-0.6124403480948017,-1.262719912071028,1.050602337455629,-3.0270427422314095,-0.6849955235131022,0.7530732008923401,0.21207272889968337,1.2007879111843067,1.5184444888750368
TNP_0096,24.80292592075895,20.052355957031274,32.44303909737725,31.07893821149556,36.000317382812526,7.6401131766183035,0.7863865986274897,0.16011358189378797,750.6055238126401,30.831766950443697,77.37664754024735,1.893747296480603,1.7589160031759832,23.520948936162664,29.441634409877256,33.41767985026044,25.630866495768252,12.126932235397069,0.5761310242133337,5.111679408705173,0.7755254769895278,0.7746345682449352,0.156671092139006,0.0104024089789214,3.0,0.0,12871.993333333332,10.99419655078018,0.1304586438307129,0.9384210700348247,9.875,77.875,321388.47564196587,0.0045121865503824,343.28651707323604,57.0,0.47940759611876627,0.6672419441925396,46.49701812513821,True,53.17940469397858,27.441634409877256,283.28795508076144,0.800852395626308,0.11436612891586243,-2491.3016528566686,-33.28055837688205,0.6734235690314166,0.26882453251547755,-0.12408264922870664,-0.22603577135549388,-0.3904610661937076,-0.41696822628001756,0.24692139073045724,0.3188698970639172,1.581173147730892,-0.7530187227336391,-0.240741339166246,-0.7067433226089155,-0.05983664119327687,-1.375473495079607,-1.8631394175473774,-1.2742014629751446,-0.42966862581687537,-0.9854352778714653,-0.9784386718354408,-1.739091194641826,-2.352446962424536,-2.3683554174214843,-0.19860044291447046,-0.7147368780289625,-0.23795556594670206,0.5476328145806935,-1.168618458664665,0.10862663278976616,0.0,0.28893879919302,-0.15345610895218664,-0.7204131604553851,-0.4934233655153671,0.4367186645639001,1.3589035513405134,0.4735325267844926,0.10491770946486763,-0.1536014754297743,-0.3557048982052066,-0.8222743360186564
TNP_0097,26.86039094587056,22.096728515625024,32.13282282366073,30.673792089843772,34.522387695312524,5.272431877790172,0.8042785959187749,0.15008210551469728,766.1963843061014,26.1739476170968,81.86939254593594,3.2368282169517957,3.0606246935698125,25.627833266669654,29.88900195312502,33.46959635416669,25.928784179687522,12.130052933362144,0.7116599192888886,5.281575272378868,0.824761992919618,0.8205200973744438,0.1677403520682583,0.0224473035860936,4.0,0.0,15318.602916666669,4.551396112784013,0.1625937329650596,0.9415477377074375,12.125,79.875,320211.4485657811,0.0044956614844727,39.40909397258493,57.0,0.4812691861579826,0.7006453528334731,45.790730634361545,True,53.039190294644555,27.88900195312502,277.669913472656,0.8859332956638385,0.10216657028422904,-2467.511484833568,-59.15026916288839,0.7009520283215278,1.5576330048806506,0.10396922527321348,0.7587633221219263,0.28457316555239565,0.7592164170745985,0.01524076561165158,-0.40226329712974523,-1.4820015356091387,0.9900568828208897,-1.5784197429759552,0.7622481229901993,-0.7937105946922658,0.35284451955856233,0.5839607325056849,0.7216545054894568,1.0881565834836116,0.8096377657793767,0.8106548563447533,0.0787998803787852,0.6240339252310203,0.5934239172440993,0.8537501165293968,1.1093539245116009,0.8923333723001315,-2.5143164190507408,1.108908722308389,0.1797605254925147,0.0,0.11309347980031183,-0.4274425230669531,0.9810835342704678,-0.7078427147398529,0.5658886757225029,-0.7876218785986762,0.6369026325316549,0.6079180554310004,0.12870313859773336,1.194040344316786,0.5992843615225837
TNP_0098,24.404442592075913,19.976574707031272,30.783256731305823,30.081679827008948,35.58341064453127,6.37881413922991,0.7907291777296763,0.16204704171551734,754.3223651016418,27.49702215446884,84.27018307342746,1.7642048494764484,1.6179531723384668,23.547569714043853,28.423126383463565,32.84011230468752,24.57726236979169,12.127266630284778,0.5910808095288891,5.410225023268546,0.8321275162214008,0.8285176842622313,0.1487787629298056,0.0114973993977552,3.0,0.0,12871.993333333332,10.99419655078018,0.1412169227172108,0.9489738879246681,10.125,78.125,317831.9035288989,0.0044622534691728,401.8696118354637,57.0,0.5238380086322935,0.7044815951895939,46.49112040769876,True,52.7218008635814,26.423126383463565,296.07837887646457,0.804926586133773,0.12640466880174234,-2746.833590146178,-32.226909311544155,0.5036174513357976,-0.9067542485257779,-0.45853124457998323,0.3579753300320737,-0.529867665355779,-0.46056729638567906,-0.3233554392212938,0.11544662841966864,-0.050625558185116604,-0.32995563061595445,0.017081871538019343,-0.35653763251996623,-0.5852503964695558,1.2764067321440764,-2.0991664034648703,-1.490333927431231,-0.41049069223305434,-0.7930862407078207,-0.7810891388016721,1.455356253729627,1.0692997796725983,1.109645218835422,-0.9489213416647678,-0.5489104414343713,-0.23795556594670206,0.5476328145806935,-0.40614126490144825,0.34871067563927977,0.0,-0.2849501315709638,0.47032039454271385,-0.6389351591756935,-0.2818340805349988,-0.9507058865790253,1.4463295195582508,-0.5341970781343571,-0.35389098573949757,-0.5676142162980335,0.5633337483064675,-1.1158515417566113
TNP_0099,25.15059960937502,20.398730468750024,31.597950090680825,30.827276576450913,35.95954589843752,6.447350481305804,0.7923788376839805,0.16252529875038765,755.696038285647,26.447776807871353,83.50512120123598,2.2989885225688647,2.0160882098190025,24.184357686075597,29.191942092168922,33.44614257812502,25.25323486328127,12.127266630266499,0.5910808165688888,5.410225023268546,0.8321275162214008,0.8285176842622313,0.1487787629298056,0.0114973993977552,3.0,0.0,12871.993333333332,10.99419655078018,0.1412169227172108,0.9684274211687776,10.125,78.375,316057.0736576021,0.0044373354522511,297.77849445593046,57.0,0.5238380086322935,0.7044815951895939,46.77384523686898,True,52.83689906309701,27.191942092168922,286.42359120654265,0.804926586133773,0.12640466880174234,-2659.5880398058316,-38.653901644337935,0.5036174513357976,0.08472861047859066,-0.19970360639889856,0.08459226417435198,-0.2989590232451259,-0.21768929357252548,0.10301004168963802,0.2989760746391844,0.038042958155963785,-0.16924232527645156,0.08085654266714311,-0.2271083327581755,-0.7505667764298362,0.9820944098673572,-1.1247878781476768,-0.8798899804295449,0.0482591417915468,-0.7930862512220145,-0.7810890458678524,1.455356253729627,1.0692997796725983,1.109645218835422,-0.9489213416647678,-0.5489104414343713,-0.23795556594670206,0.5476328145806935,-0.40614126490144825,0.7912922645292326,0.0,-0.14060347565346518,-0.0005341909599783378,-0.6389351591756935,-0.2818340805349988,-0.4770014259775681,0.9130532647719573,-0.5341970781343571,0.033068156594089466,-0.24721239256407734,0.13312000369075425,-0.6295796268038607
TNP_0100,26.44122977120538,21.548352050781272,32.68884165736609,31.75112220982145,36.67413330078127,6.247611886160712,0.7851092269273744,0.16026671884381782,747.1752668456407,26.589207508275734,81.60311030205787,2.872310656653856,2.6910584120969054,25.232981592932813,30.293731212797642,34.41757812500002,26.022424316406273,12.128984559399225,0.6662277862755559,5.277478562825075,0.8256301162131793,0.8210631387609231,0.1679282321555186,0.0213523131672597,4.0,0.0,15466.175416666663,9.545091705447575,0.1573499115748268,0.9768188817296785,11.375,79.375,315788.482935071,0.00443356452847,68.7382832217169,57.0,0.4799355047596431,0.6913321713116554,45.90432921135765,True,52.78031222793358,28.293731212797642,272.5873234296872,0.8862376452938618,0.2038097873049296,-2493.69069767557,-49.10879608858838,0.6974795351472829,1.8603235176212578,0.22510254219028705,0.355091325658208,-0.17528822616037326,0.4437201177259219,0.631306185757193,0.6476480719209914,-0.22036775287899435,-0.8774629316974558,-0.2203208164895234,-1.0299466597718678,-0.7282833214858433,0.25040816973456426,-0.0801920842800086,0.1550138476646936,0.8037006142334854,0.19509277525548963,0.21091311787443026,0.034964959541066556,0.6765143321526328,0.6284756816424801,0.8716118088376835,0.9435274879169947,0.8923333723001315,-0.14105613571648248,0.7372605934205739,0.9822039051832748,0.0,-0.21157001083100418,-0.6753154861791008,0.9871700929375404,1.0786376903913115,0.42374721578656344,0.04556398444908363,0.6162948109640135,0.7260530893742377,0.27865364592346153,0.5587952875306469,-0.36914054244374694
TNP_0101,25.987554617745555,20.84545898437502,32.31887904575895,31.653144880022342,36.628222656250024,6.331324428013392,0.7904454666415884,0.164740248779257,753.928352794934,26.540701487880266,80.90396704167804,2.740745186749203,2.3920787452762586,24.781037648995095,29.98652618117562,34.08015950520836,25.769295247395856,12.129337500503913,0.6813417202488887,5.277478562825075,0.8256301162131793,0.8210631387609231,0.1679282321555186,0.0213523131672597,4.0,0.0,15466.175416666663,9.545091705447575,0.1573499115748268,0.9412821696397627,11.625,79.125,312785.2295117378,0.0043913998563327,161.6822294214895,57.0,0.4799355047596431,0.6913321713116554,45.77669453791626,True,52.731772713642684,27.98652618117562,276.4452042167966,0.8862376452938618,0.2038097873049296,-2509.029859087754,-43.88712217516146,0.6974795351472829,1.3250904037533413,0.09353986343300236,0.4203577243946235,-0.33987299745203714,0.039326101012966415,0.5752783780053072,0.6252466748732661,-0.11206511138408985,-0.35759535515985474,0.37621594014446524,-0.39366199190072965,-0.7359258044609281,-0.018545863979201088,-0.3199050280336331,-0.3033992803086699,0.47811467609406955,0.3981098791577213,0.41042954897908945,0.034964959541066556,0.6765143321526328,0.6284756816424801,0.8716118088376835,0.9435274879169947,0.8923333723001315,-0.14105613571648248,0.7372605934205739,0.1737186648250951,0.0,-0.27244426079527173,-0.4871703999238924,0.9871700929375404,1.0786376903913115,0.34046240464729327,0.47882958740603426,0.6162948109640135,0.5171605756914052,0.11579266822653181,0.6615028261628628,-0.7157406141279652
TNP_0102,26.788485281808057,22.374621582031274,33.896924595424125,33.19544321986609,37.945446777343776,7.108439313616067,0.809545128670563,0.1592937420878084,771.2383426678523,27.1956765442616,76.0565714230934,3.2804300935438304,3.2366458205931585,25.17022869865969,31.29361769903276,35.140698242187526,27.153621419270856,12.127944541853001,0.6210578871822214,5.410225023268546,0.8321275162214008,0.8285176842622313,0.1487787629298056,0.0114973993977552,3.0,0.0,15321.21375,10.60658362989324,0.1412169227172108,0.9752082746293709,10.625,78.625,311437.63846439123,0.0043724801293976,108.32398527083664,57.0,0.5238380086322935,0.7044815951895939,47.546716901942524,True,53.151537637175096,29.29361769903276,260.03074893554657,0.804926586133773,0.1219481282385747,-2297.784226964003,-54.39039846934084,0.5036174513357976,2.8096462157319864,0.5105923684786348,-0.3286287338694086,-0.15077608674957166,0.9190960612362217,1.4572333675727562,1.2679660450484969,0.8933230060128674,1.503133462033608,-0.35006542682779046,1.2373080919755657,-0.6327296305285213,-1.8832947337837809,0.6634035695862165,0.9915404020329621,0.7584926626126238,-0.4031411720996842,-0.38536691592489525,1.455356253729627,1.0692997796725983,1.109645218835422,-0.9489213416647678,-0.5489104414343713,-0.23795556594670206,0.36341927305052335,-0.40614126490144825,0.9455614587656087,0.0,0.253990238079335,-1.2876873871367205,-0.6389351591756935,-0.36016220339586563,1.4874320532910184,-0.39267415106362863,-0.5341970781343571,1.0965578275273717,0.63206049861931,-0.5171519960196016,-0.3175202788541004
TNP_0103,25.147041364397342,20.269262695312523,31.698766706194217,31.316520717075914,36.86982421875002,6.551725341796875,0.8013079822558448,0.16349865495584548,766.1034850117059,27.988158648296533,82.35446956208682,2.6469169321192463,2.151176428905288,24.113741555816777,29.387442929222495,33.67793782552086,25.64340006510419,12.128634768803186,0.6511429584711115,5.275799865863673,0.8160117092561003,0.81232369546151,0.1555748075150028,0.0114973993977552,2.0,0.0,13839.055,11.1382617027101,0.1504696479518056,0.9426155319244768,11.125,78.625,309087.12795975804,0.0043394797492055,299.7832724637109,57.0,0.5010874788720237,0.70181957500624,46.42043936292233,True,53.2437371337621,27.387442929222495,283.9684916948239,0.8207815486194185,0.1280610433927789,-2623.2335124181495,-40.19146024336657,0.3679765814877993,0.3829135431595525,-0.13104942274282627,0.13193782191391346,-0.34746370951014643,-0.2921757203670866,0.38278166550178083,0.7431324633254319,0.1730773609666955,0.700653518563583,0.2106517518717452,0.7534950289049477,-0.5078682022198767,0.5394492221265874,-0.4908605769395259,-0.6727648146207149,-0.002613581090345782,-0.006112108042433056,0.01178091227651144,0.017002849353044393,0.09505555228916042,0.06436967585519161,-0.30282382774354283,-0.5489104414343713,-1.3682445041935358,0.6160999641983236,0.24963202801720225,0.2040535963323761,0.0,0.36961923197864127,-0.12026700150738417,-0.32185851503549,-0.2527216533885683,-0.2796125423104666,0.7854751615555146,-1.3391699615483152,0.1494447381548555,-0.16222561988031267,0.20762611701621098,-0.7317259408555067
TNP_0104,26.595942592075914,22.121508789062524,33.1044753667092,31.644026715959843,35.46523437500002,6.508532774633288,0.8010287937468027,0.1541797585332501,762.8393795016938,23.774575528459877,79.99965422696162,3.1776530292835226,3.1266976435663145,25.26536590346804,30.448148224914988,33.940531412760436,26.45481363932294,12.127604058169727,0.6060562191644445,5.2999541910758285,0.8235388739963944,0.8187838002155088,0.1624970902480756,0.0202573227484259,4.0,0.0,16241.329583333332,7.653287708732548,0.1554659796053448,1.0017559931503806,10.375,79.125,307193.6989862919,0.0043128966406136,83.62534327790327,57.0,0.4919031372804452,0.6651514009046563,46.39978183727024,True,52.017946503974855,28.448148224914988,270.64815459151754,0.8612271344979154,0.15503511920235616,-2432.314079730618,-57.393578412574584,0.7058445040144226,2.085432358800535,0.2721203193461199,0.46221999084446935,-0.013600524921439332,0.773473200630412,0.5700642050513048,0.05778432455924945,0.11719721429769628,0.6734543930808506,-1.032005462357308,0.4459467012323582,-1.171749448195381,-0.3664267534050611,0.4761432448061006,0.8229614204526534,0.8270306671483298,-0.5989925772945454,-0.5834013435467689,0.27545488742418056,0.5500930699626594,0.48135091423572696,0.3552751014835942,0.7777010513224033,0.8923333723001315,-1.0401384297699785,0.6037396858026968,1.549540761496615,0.0,-1.1676661383350881,-0.7698868605823562,0.48699553632217496,0.22137449678068755,0.7569949010121789,-0.6418614022145618,0.6659374674597671,0.8139092971980555,0.33685678703509936,0.7273800682333788,-0.028641428217925452
TNP_0105,25.6233902762277,20.629602050781273,32.13935386439734,31.603504743303592,36.75805664062502,6.515963588169644,0.7974872782040608,0.17053608293368033,761.573122169845,26.196761116311155,81.72306203176835,2.882291046255944,2.462231550937953,24.505231948814952,29.788749627976213,33.92946370442711,25.679427083333355,12.128634768781112,0.6511429655466658,5.275799865863673,0.8160117092561003,0.81232369546151,0.1555748075150028,0.0114973993977552,2.0,0.0,13839.055,11.1382617027101,0.1504696479518056,0.9515473937115306,11.125,78.875,305830.6020783186,0.0042937592165888,213.07712153551415,57.0,0.5010874788720237,0.70181957500624,46.57419725440076,True,53.29832872579168,27.788749627976213,278.9288821718747,0.8207815486194185,0.1280610433927789,-2564.19262280243,-45.29643104771829,0.3679765814877993,0.8776879127324613,-0.0020786881974822445,0.09265979871441131,-0.26639034880924034,-0.08486242293651583,0.5468919334822927,0.6885971824509357,0.12681078852005956,0.3284325797670116,1.1490794636627828,0.3266382647805557,-0.7901161588278859,0.2965525057881647,-0.062007764541262465,-0.19583689179755923,0.2794208804543926,-0.006112120740186742,0.011781005679682143,0.017002849353044393,0.09505555228916042,0.06436967585519161,-0.30282382774354283,-0.5489104414343713,-1.3682445041935358,0.6160999641983236,0.24963202801720225,0.4072597456655178,0.0,0.4380834980040438,-0.3660438465452264,-0.32185851503549,-0.2527216533885683,0.040953178918195526,0.36189293671805883,-1.3391699615483152,0.3425468820394533,-0.0025732008147507047,0.1458156117139002,-0.5609930570650744
TNP_0106,26.221034388950912,20.833166503906273,32.32543962053574,31.249564034598237,35.569628906250024,6.104405231584828,0.7922202617406603,0.16171003013070234,755.6215742538376,24.88538394054506,81.78850820027914,2.943318924195604,2.7167008728206774,25.04701801982847,29.93201268136163,33.882092285156276,25.775777180989603,12.130415476120552,0.7268656105599991,5.281575272378868,0.824761992919618,0.8205200973744438,0.1677403520682583,0.0224473035860936,4.0,0.0,12935.065416666668,10.853180947166711,0.1625937329650596,0.9237490989227657,12.375,79.625,305810.3294095993,0.0042934745951103,105.7970010305507,57.0,0.4812691861579826,0.7006453528334731,45.808513780433216,True,53.04547399211447,27.93201268136163,277.12978474746063,0.8859332956638385,0.24362464759585806,-2517.365681275398,-50.93932575297519,0.7009520283215278,1.191210693556121,0.06656906000795428,0.028463767541445344,0.12376736700045717,0.03225389360375374,0.3444928476573335,0.10872203994137149,-0.40564057612584986,-0.18469112363749074,-0.02785798594700364,-0.23412443207986985,-0.9967333510443721,0.321729049723559,0.04918533409286093,0.19433036960185252,0.6697301844465581,1.0181778872753406,1.0113825596842063,0.0787998803787852,0.6240339252310203,0.5934239172440993,0.8537501165293968,1.1093539245116009,0.8923333723001315,0.4806149667411249,1.108908722308389,-0.22517104835326188,0.0,0.12097397419897446,-0.4537840746074661,0.9810835342704678,1.7784233704164982,0.2952026047186614,-0.10632323637712708,0.6369026325316549,0.46490956866360006,0.08240560544728737,0.04479247455015887,0.26064245153341326
TNP_0107,24.729252371651807,22.476330566406272,30.61908234514511,29.366432198660736,35.37625732421877,5.889829973493303,0.7661488399665805,0.1725737357485363,731.5774174558192,42.85437670395626,83.93592168345405,3.273916784881535,2.491569560944573,23.825473059953204,28.238255638485885,32.539933268229184,25.01172281901044,12.12794454198952,0.6210578354844438,5.048638915959485,0.7840629984393008,0.7866090238432492,0.1735815252616066,0.0213523131672597,3.0,0.0,3571.058333333333,8.95039419655078,0.1437977436294094,0.8408273372499797,10.625,76.875,305741.92967784405,0.0042925142857866,284.73329680943544,57.0,0.43822045392227327,0.6048303518150628,44.26144414466141,True,50.35340488505244,26.238255638485885,298.39998569189424,0.8763504435273515,0.19111161985517602,-2708.674945599544,-51.409969467502954,0.6478110046820975,-1.5019854325452815,-0.5701387898614948,-1.3549740245088802,0.9996699978551922,0.9776120812298355,-0.7323659388772151,0.014369333046118685,-0.6832461384041978,-2.7246232819469887,1.4207966129526224,-2.4995966084068884,1.8344146209839334,1.1478194250172415,0.6515362886488528,-0.15085413735587894,-0.21028572698531114,-0.40314109357224687,-0.38536759837832557,-2.413626446114419,-1.8363306421861103,-1.5954386437071035,1.4090683507307902,0.9435274879169947,-0.23795556594670206,-0.42368689529583853,-0.22322937839065238,-2.111699555754777,0.0,-3.2551967629507157,0.5835428963885991,0.7894401545097136,0.8554547963922055,-0.7435214506767768,-0.14537464711888728,0.32153247105644217,-0.5861997406177074,-0.7057728043915045,-2.1322770929943604,2.105211133435656
TNP_0108,26.434355678013414,21.997607421875024,33.67195183454243,32.88175348772324,38.02423095703127,7.237596156529019,0.8170895240831292,0.1587145625199831,780.1167310172734,30.90526160813038,76.60372200141559,3.3631188557839606,3.378539727262346,24.89864841054109,30.99602033342636,35.01644694010419,27.024983723958357,12.12794454187237,0.6210578802133337,5.410225023268546,0.8321275162214008,0.8285176842622313,0.1487787629298056,0.0114973993977552,3.0,0.0,12650.927083333334,11.166619217081852,0.1412169227172108,0.9723096173091972,10.625,78.375,305614.69948893785,0.0042907280165495,170.4940114775433,57.0,0.5238380086322935,0.7044815951895939,47.437278237513745,True,53.10698480016353,28.99602033342636,263.76797665283175,0.804926586133773,0.12838708106143853,-2341.442120435607,-57.83467590279714,0.5036174513357976,2.2180311445626275,0.3886134361735573,-0.8622561404931915,0.009456931192625579,0.7021892828513444,1.2778515856618091,1.3064075809554418,1.0604189625450637,2.2381241614066067,-0.4272979268636399,2.073841556018571,-0.04825701323058692,-1.6728108981695684,0.8140629076807039,1.2091004464610093,0.5628429054395224,-0.4031411609581129,-0.38536700791997763,1.455356253729627,1.0692997796725983,1.109645218835422,-0.9489213416647678,-0.5489104414343713,-0.23795556594670206,0.6295769095474618,-0.40614126490144825,0.879614962244293,0.0,0.19811574950069508,-1.1054264335133128,-0.6389351591756935,-0.24699121781728514,1.2503891462626897,-0.6784612307815371,-0.5341970781343571,0.8656603808874895,0.481063206976428,-1.3569035150572437,0.019915408962522665
TNP_0109,24.522364118303592,19.180895996093774,30.571504289899575,30.243808384486627,35.35025634765627,6.049140171595983,0.795028705917763,0.17109994306955,758.886511889751,28.226777483507814,82.37172495086504,3.040356453696938,2.236825796427072,23.55064066604339,28.445892264229933,32.477632649739604,24.091955566406273,12.129693616794253,0.696485510115556,5.275799865863673,0.8160117092561003,0.81232369546151,0.1555748075150028,0.0114973993977552,2.0,0.0,9920.337083333334,11.366402956474133,0.1504696479518056,0.9119423230255613,11.875,78.875,301935.04241657257,0.0042390668637382,414.36073711779767,57.0,0.5010874788720237,0.70181957500624,46.0596907249879,True,53.11565367555402,26.445892264229933,295.7924849458005,0.8207815486194185,0.13068407450640862,-2675.238889901442,-44.191159044736544,0.3679765814877993,-1.3991981209200515,-0.5560361948918249,-0.06150257113925255,-0.2826497132892261,-0.9183434864029376,-0.2306430978248177,0.0016825540746595573,-0.47713944411745146,0.08891335187032534,1.2242691464191753,0.07350229959301074,-0.4702720364085257,0.5460872127619851,0.22598819785492225,-0.5414421902692929,-0.4082783408979784,0.6029533982508551,0.6103401025733697,0.017002849353044393,0.09505555228916042,0.06436967585519161,-0.30282382774354283,-0.5489104414343713,-1.3682445041935358,0.72452438985689,0.24963202801720225,-0.49378351944946086,0.0,0.20898753705644377,0.4563776261647053,-0.32185851503549,-0.20661927859267296,-0.561978567775329,0.4536022906039746,-1.3391699615483152,-0.5460835756350721,-0.6883152516377978,-0.09678452961341236,-0.5952337516935958
TNP_0110,23.25655678013395,17.432202148437522,29.683319231305823,28.841101632254485,33.476245117187524,6.426762451171875,0.7953453186432553,0.17266208060058744,760.2271846715341,30.696301243888122,85.30958301814947,2.7599652376454737,1.973872572283237,22.549050692794147,27.260325881231424,31.027844238281272,23.01146647135419,12.130415476200188,0.7268655889422222,5.295295067068163,0.815700428727697,0.8128717773695653,0.1610892305004863,0.0128661374212975,3.0,0.0,9294.32625,11.556074459348482,0.1578215727843174,0.8926037424874389,12.375,78.875,301079.89815589786,0.0042270609247451,536.5382741717356,57.0,0.5010346405652429,0.7104396337232058,45.591146740632766,True,53.25242423695977,25.260325881231424,310.6808275834958,0.8530150076270313,0.14868204204472377,-2878.639070683376,-41.764969147821425,0.552898713816909,-2.987257321799834,-0.9698055967440369,0.3117800815117479,-0.43784778603206786,-1.9244159074477445,-1.0327733906943681,-0.9127125731175608,0.011407307184987663,0.1197584223914692,1.432577231897497,0.19982225791814504,-0.08118026715183004,1.6762544080309547,-0.28488599923543495,-0.9446174672782377,-1.1298359930043367,1.0181779330830976,1.0113822743116685,0.2256021142735823,0.07623780034246651,0.09974679146828004,0.2214303817405113,-0.3416273956911248,-0.23795556594670206,0.8146660166940025,0.7706888879659692,-0.9337498532788271,0.0,0.3805138793447211,1.1824675870380525,0.32276470753081243,0.10971286123755826,-1.6663509116676654,0.6549141009550564,-0.24173301474287767,-1.165876465412801,-1.200518940124901,0.49063783794702376,-0.9220663177673805
TNP_0111,26.227068777901806,21.216442871093772,32.647407121930826,31.99010658482145,37.058422851562526,6.42033834402902,0.7885639421936598,0.16504490343820274,751.4459690059755,26.163844441521224,81.03131937894405,2.747967552942384,2.509193449753272,25.003610155421335,30.28819416155136,34.34478759765627,26.150231933593773,12.128984559421847,0.6662277792711109,5.277478562825075,0.8256301162131793,0.8210631387609231,0.1679282321555186,0.0213523131672597,4.0,0.0,15466.175416666663,9.545091705447575,0.1573499115748268,0.9584046709280268,11.375,79.125,300073.306358099,0.0042129287130574,115.436107529712,57.0,0.4799355047596431,0.6913321713116554,45.90202872909043,True,52.779437353662544,28.28819416155136,272.656857719238,0.8862376452938618,0.2038097873049296,-2493.571218084118,-45.190306588120606,0.6974795351472829,1.7471567644613484,0.20092679473389666,0.2876939765168152,-0.2124139336611561,0.2527634946310599,0.7679681119972632,0.8351562826254558,0.0030961538330571106,-0.5408973819289031,0.4168410627576412,-0.6275554676459123,-0.795302424875429,0.030445418282404848,-0.3067458407310019,-0.12383215930043828,0.6384586286591578,0.19509278826795387,0.21091302540996168,0.034964959541066556,0.6765143321526328,0.6284756816424801,0.8716118088376835,0.9435274879169947,0.8923333723001315,-0.14105613571648248,0.7372605934205739,0.563267634199326,0.0,-0.21266720588621327,-0.67192436664297,0.9871700929375404,1.0786376903913115,0.42439593672649567,0.3706985570494702,0.6162948109640135,0.6818860023230209,0.2487265731054509,0.4527343438495874,-0.4473237958523835
TNP_0112,25.51286014229913,21.809460449218772,31.98890509905136,31.490839355468772,37.495715332031274,6.476044956752233,0.7998745750068991,0.1577502986712478,759.2091203323786,40.38327478870194,78.46291804025286,2.6002503468507396,2.772970938737363,24.20834334907152,29.664201532273086,34.19449462890628,26.335359700520854,12.128634768889308,0.6511429288888886,5.290631888858473,0.8116570034534867,0.8089440468960872,0.1490793442160955,0.006569942513003,2.0,0.0,11906.758333333331,11.227637558171365,0.1417460169048132,0.9213188316369195,11.125,77.625,294728.81712269783,0.0041378938743051,279.4379423815727,57.0,0.5276432447701519,0.6944778505510285,47.49429677462938,True,53.131963778382655,27.664201532273086,280.49295715771456,0.7887239324797839,0.07376493331401925,-2470.5728739767624,-51.32536456770641,0.37668599309302664,0.7428776287032445,-0.020836802099620678,-0.5054331851162305,0.02180163860933526,0.5939430735184595,0.48246483894068926,1.0485264624820656,0.07516627825091325,0.5610080017559514,-0.5558806874945892,0.10389889269297116,1.4450742017316625,-0.9575951441933674,-0.575887328546542,0.28060692881552346,0.06553870642157887,-0.006112058504129829,0.011780521766698027,0.17570596103405095,-0.168198220809779,-0.15377694835065195,-0.9203451869076085,-1.295129406110047,-1.3682445041935358,0.6585759549989774,-0.3686424924996835,-0.2804613415509132,0.0,0.2294423209791456,-0.28976543376903857,-0.9629651309541912,-1.2070296689524023,0.5492666968695888,-0.13835460076378936,-1.2874831787920908,0.2899326876417031,-0.025793804094565578,-0.7953832200238266,0.045912203453125626
TNP_0113,25.51669174107145,20.91180419921877,32.431415562221005,31.59399755859377,36.64129638671877,6.914723821149554,0.8033190644734297,0.15829026221144632,766.3847680698309,27.36557867953325,78.62170042919479,2.9849692835733097,2.737984937568002,24.221341991312325,29.84736828729541,33.919812011718776,25.583833821614604,12.127604058227481,0.6060561985066677,5.410225023268546,0.8321275162214008,0.8285176842622313,0.1487787629298056,0.0114973993977552,3.0,0.0,12650.927083333334,11.166619217081852,0.1412169227172108,0.9689815340016871,10.375,78.375,292314.1716660261,0.0041039930608681,300.2612644385443,57.0,0.5238380086322935,0.7044815951895939,47.01487212660679,True,52.93502189555247,27.84736828729541,278.1927490481442,0.804926586133773,0.12838708106143853,-2475.2712304534743,-50.39535744541013,0.5036174513357976,0.6662040501682841,-0.016634471735304763,-0.293733722249235,-0.3727798146927967,0.07749635649367899,0.5414553011687183,0.6316258017645477,0.6427046510054343,0.8965773328346852,-0.4838775705781456,0.7799978897541572,-0.6059602900289767,-0.8965130078005497,0.12507249705485862,0.22696434367963356,0.07490308708267847,-0.5989925440731673,-0.5834016162465117,1.455356253729627,1.0692997796725983,1.109645218835422,-0.9489213416647678,-0.5489104414343713,-0.23795556594670206,0.6295769095474618,-0.40614126490144825,0.8038987219236837,0.0,-0.017545923113923032,-0.4019443415844641,-0.6389351591756935,-0.24699121781728514,0.5237567148495089,-0.061187756706399275,-0.5341970781343571,0.26000827501057716,-0.020591754104381035,-0.46223888876321917,-0.7850392808577978
TNP_0114,22.833019461495557,19.069848632812523,29.306389578683056,28.06754816545761,32.29506835937502,6.4733701171875,0.7780722117906984,0.165470803379955,739.6893378789227,39.887559835768876,82.46598513752285,2.0471615008463604,1.4059828911718786,22.029407382516098,26.735652401878745,30.30925699869794,23.477441406250023,12.129337500645844,0.6813416756622228,5.290631888858473,0.8116570034534867,0.8089440468960872,0.1490793442160955,0.006569942513003,2.0,0.0,10067.059166666666,11.76790583082398,0.1417460169048132,0.8807655703644492,11.625,77.625,292060.09904256463,0.0041004259663352,634.3505686351864,57.0,0.5276432447701519,0.6944778505510285,46.47592817100832,True,52.71757185467408,24.735652401878745,317.2696771372067,0.7887239324797839,0.07731446480694636,-2817.61370928234,-30.836652040817885,0.37668599309302664,-3.3974610218847108,-1.1029941293236374,0.5287842746196548,-0.2796880074596975,-0.9822321366528083,-1.475125769682094,-1.48904971247734,0.07170571924715623,-1.5630235888428932,0.47363401453623705,-1.7352807636260639,1.366970637320514,0.5823482465971055,-1.5836179704018043,-1.815339171634877,-1.5041933816677107,0.39810996079854527,0.4104289603982161,0.17570596103405095,-0.168198220809779,-0.15377694835065195,-0.9203451869076085,-1.295129406110047,-1.3682445041935358,0.9153391497190924,-0.3686424924996835,-1.203076610634434,0.0,-0.2902538052703484,1.50379935855046,-0.9629651309541912,-1.1446431305745504,-1.3350103929510528,1.5616853737638587,-1.2874831787920908,-1.3259720944247884,-1.3653925565549105,0.8321300449400163,-0.5889966773594033
TNP_0115,26.430560756138412,21.624035644531272,32.83510853794645,32.156781040736625,37.121447753906274,6.404547781808034,0.7889250337975934,0.16359379293881104,749.792924703755,25.026984060287965,80.13498316162,2.982865220018665,2.7997016435833046,25.127056409422384,30.474150111607162,34.459183756510434,26.290600585937522,12.128634768759971,0.6511429725866655,5.277478562825075,0.8256301162131793,0.8210631387609231,0.1679282321555186,0.0213523131672597,4.0,0.0,15750.032083333334,9.208935121817683,0.1573499115748268,0.972277542847377,11.125,79.125,291553.82602107525,0.0040933180626874,94.8418232940148,57.0,0.4799355047596431,0.6913321713116554,45.97928796808967,True,52.80881907129768,28.474150111607162,270.3216228984372,0.8862376452938618,0.19663206665802804,-2449.681499067014,-49.955689447066455,0.6974795351472829,1.9959925504895097,0.2635658580644005,0.2898548014868051,-0.18966143459352405,0.4872630034628893,0.8632800009037379,0.865908320104161,-0.01733279936050307,-0.5057190865189325,0.22333822197701486,-0.7833074827560855,-0.9744232028280854,-0.31436694690019285,0.12123888274181632,0.3215920103485486,0.7273908180553433,-0.006112132900480185,0.011781098613501788,0.034964959541066556,0.6765143321526328,0.6284756816424801,0.8716118088376835,0.9435274879169947,0.8923333723001315,-0.3008149864726668,0.7372605934205739,0.8788852456371843,0.0,-0.17581908225271994,-0.7858114930295105,0.9871700929375404,0.9524821271865033,0.6626975531624238,-0.024706539464277633,0.6162948109640135,0.7790024390509876,0.32626724947649133,0.4561347614975564,-0.39940916957228007
TNP_0116,26.310799421037967,21.797021484375023,33.08023780691967,30.985071010044663,33.98903808593752,6.769438385881703,0.8082314361961234,0.15128740293331322,771.1357286358508,24.94458508294912,84.12081000973525,2.9196840202811507,2.957182002242709,25.279296817348328,30.125369412667435,33.35742594401044,26.492395019531273,12.1272666302139,0.5910808369777776,5.2999541910758285,0.8235388739963944,0.8187838002155088,0.1624970902480756,0.0202573227484259,4.0,0.0,16827.423333333332,4.651672597864769,0.1554659796053448,1.0065684673200839,10.125,79.125,291410.35054147243,0.0040913037150102,62.61321439087252,57.0,0.4919031372804452,0.6651514009046563,46.270919795665236,True,51.9573819405831,28.125369412667435,274.7016109157223,0.8612271344979154,0.09423043313495538,-2581.6004112535225,-56.23060578301906,0.7058445040144226,1.9114611659616347,0.20242016946548885,0.7330988547627663,0.12162161881670817,0.5867865895562068,0.19324393771268408,-0.6625030843696483,0.4547424166494902,1.3751508076593126,-1.417695611639638,1.2276396624958812,-0.9874057723388868,1.2189442773299128,0.006122421029322061,0.5630501154267479,0.8370666676870997,-0.7930862814781652,-0.7810887764536375,0.27545488742418056,0.5500930699626594,0.48135091423572696,0.3552751014835942,0.7777010513224033,0.8923333723001315,-2.4666598899374828,0.6037396858026968,1.6590279398817593,0.0,-1.2436212117375882,-0.5722037459828883,0.48699553632217496,-0.8473282005910482,-0.0535633552353598,-0.5453643696688972,0.6659374674597671,0.7460112564398992,0.25057521643768105,1.1536530344023592,0.2561237073721705
TNP_0117,26.825894949776806,22.205541992187523,33.77557735770091,32.964450613839304,37.262463378906276,6.949682407924104,0.8030809604999877,0.16516768213643665,767.6985762458833,25.506623941269577,77.12893752958044,3.2589679214937273,3.1197386451605813,25.27541022607585,31.18864097377234,34.89047851562502,26.929772949218773,12.127944541832658,0.621057894222222,5.410225023268546,0.8321275162214008,0.8285176842622313,0.1487787629298056,0.0114973993977552,3.0,0.0,15321.21375,10.60658362989324,0.1412169227172108,0.9795336816824493,10.625,78.875,287637.03817653656,0.0040383276732606,73.66956709541485,57.0,0.5238380086322935,0.7044815951895939,47.50811268720024,True,53.13582173552051,29.18864097377234,261.34904665136696,0.804926586133773,0.1219481282385747,-2327.296663429662,-53.146461761547144,0.5036174513357976,2.710666504594869,0.4739001902936667,-0.16749772012185896,-0.08190955083436177,0.8218198498906187,1.3251414913284016,0.934714738262986,0.6879321307452746,0.8733807482982806,0.43321336997033605,0.9037866294833404,-0.8988523851298316,-1.4707652762289385,0.6242993848392198,0.8122914767047814,0.8342667198559831,-0.40314118380119507,-0.3853668229910639,1.455356253729627,1.0692997796725983,1.109645218835422,-0.9489213416647678,-0.5489104414343713,-0.23795556594670206,0.36341927305052335,-0.40614126490144825,1.0439675170443483,0.0,0.2342806521942805,-1.223395292294952,-0.6389351591756935,-0.36016220339586563,1.3271926744062166,-0.2894591673863332,-0.5341970781343571,1.0579277051987754,0.5866393801875529,-0.2635855339544774,-0.1724938216823335
TNP_0118,26.002773995535733,21.772875976562524,32.5824634137835,31.452085518973234,35.645251464843774,6.579689418247767,0.7943560676872011,0.1594819029912008,758.8376656912449,23.436436731634057,82.0655003024999,2.6537781049550415,2.5753602891020324,24.868143263447323,30.012440976097494,33.91525065104169,26.22914225260419,12.127266630250048,0.5910808234666662,5.410225023268546,0.8321275162214008,0.8285176842622313,0.1487787629298056,0.0114973993977552,3.0,0.0,15898.731666666668,9.547073638105667,0.1412169227172108,0.9862229226134981,10.125,78.625,285961.020146966,0.0040147969415001,185.79652622518904,57.0,0.5238380086322935,0.7044815951895939,47.07557607322728,True,52.95973467009022,28.012440976097494,276.1197662221677,0.804926586133773,0.10976651869708065,-2543.80286004602,-47.767562400096864,0.5036174513357976,1.4801191791473318,0.12763943865152508,0.40117863347582305,-0.22848443796719645,0.5728950043968976,0.4603036665013912,0.14562091117526318,0.20925573137058207,0.023383535832022958,-0.3249745262068226,0.06889994632420893,-1.225025721468017,0.4282853843418115,-0.478359485739359,-0.02238128768590892,0.5408666248236823,-0.7930862606847888,-0.781088954811484,1.455356253729627,1.0692997796725983,1.109645218835422,-0.9489213416647678,-0.5489104414343713,-0.23795556594670206,-0.14011421965964418,-0.40614126490144825,1.1961524616804469,0.0,0.013446797693010059,-0.5030416937634441,-0.6389351591756935,-0.5742660795493121,0.1516605047432711,0.15685213311271304,-0.5341970781343571,0.5776657084011382,0.15800441255703485,0.6313213352332215,-0.4811667686910087
TNP_0119,26.617824079241093,22.64379882812502,34.83212079380583,32.85120929827011,36.58182373046877,8.214296714564735,0.794242715561869,0.15422733000158803,763.4091363760123,31.44036198824756,78.16486048055474,3.008180669717032,3.060782080278794,25.16255499230832,31.43371805710568,35.077067057291686,27.631555175781273,12.125947028824655,0.5314284216533345,5.111679408705173,0.7755254769895278,0.7746345682449352,0.156671092139006,0.0104024089789214,3.0,0.0,15912.284166666668,8.753265808924173,0.1304586438307129,0.974069028338117,9.125,77.875,284674.2646612525,0.0039967313254737,61.6365174556296,57.0,0.47940759611876627,0.6672419441925396,47.25623653276206,True,53.45558019527648,29.43371805710568,258.2713686388669,0.800852395626308,0.09105505084563852,-2374.8185419417896,-52.48871127830644,0.6734235690314166,3.240006043381433,0.6226636086124698,-0.41547511454065333,-0.07469900386988859,1.0739612504920053,1.2603850556173006,0.6026070284551813,2.324019948057709,0.012340535920522965,-1.0256618970207247,0.49962994564315777,0.03605201710555366,-1.072255168114846,0.16736375862330888,0.7218958200053662,0.752964430815447,-1.5521411175139763,-1.5685500048343577,-1.739091194641826,-2.352446962424536,-2.3683554174214843,-0.19860044291447046,-0.7147368780289625,-0.23795556594670206,-0.5173724162473491,-1.168618458664665,0.919642802889932,0.0,0.6352953036949424,-1.3734906495860355,-0.7204131604553851,-0.9031386954272143,1.0691700504495993,-0.23488267248424533,0.4735325267844926,1.2645200553053575,0.7707930929409588,-0.6538192270994618,-0.1573090869395304
TNP_0120,26.889977329799127,22.716088867187523,34.012343386280314,32.19597795758931,36.37606201171877,7.122366056481187,0.7907516275489043,0.15231126531821249,757.0520758076565,24.812036610304844,79.64807768478713,2.6619987173592112,3.037684621362633,25.503098121230863,31.032766224556255,34.70326741536461,26.97180379231773,12.126600851281623,0.5612061790222231,5.437572751163428,0.8247086724135473,0.8215984334976926,0.1428997361393857,0.0106761565836298,3.0,0.0,16705.787083333336,7.25487270736381,0.1288411731358976,1.0141184464989923,9.625,78.625,283261.0585422516,0.00397689038491,71.65323761490927,57.0,0.5308496730088822,0.7059342757300587,47.810667686655655,True,53.3443476743187,29.032766224556255,263.30652175202255,0.7770277113799674,0.0774541570181183,-2398.2054247268607,-54.0830039566323,0.5258739827593581,2.839006741602908,0.49251682419614023,0.13540080676703686,-0.15859772322823734,1.1155517294168966,0.8856945464561795,0.5022087437871475,0.911340653145924,-0.3277685225134735,-1.2811654989228696,-0.09934068833734298,-1.008289766476077,-0.5016750416108262,-0.4633814888508958,0.68648144382859,0.9982958609506374,-1.176052472931301,-1.1754589745953903,1.7479778007596478,0.6208105560660473,0.6630274220145789,-1.5078383037223912,-0.6732802688803223,-0.23795556594670206,-1.2294856740077178,-1.2832543153280236,1.8307952861605723,0.0,0.49579666255979493,-1.12793113931079,-1.1968728767977574,-1.1421879013391625,0.9421896984243748,-0.36716825561660377,-0.40211370020487464,1.1080167486839956,0.6096848458729707,0.21307569991753478,-0.33399191072451956
TNP_0121,26.373174525669665,21.747412109375023,33.6517937011719,32.43738685825895,36.92608642578127,7.278619175502232,0.7894631887869287,0.1601996854381659,753.8408087318406,24.644843080541072,78.79853407252918,2.2485586455262014,2.3841564576500396,24.988666647306715,30.82078502836684,34.63610026041669,26.732922363281272,12.12693223536382,0.576131038222222,5.437572751163428,0.8247086724135473,0.8215984334976926,0.1428997361393857,0.0106761565836298,3.0,0.0,12871.993333333332,10.99419655078018,0.1288411731358976,0.9788769055268383,9.875,78.375,283191.96407699585,0.0039759203217607,159.41933574729904,57.0,0.5308496730088822,0.7059342757300587,47.7356513921666,True,53.31450508270683,28.82078502836684,265.96858161376923,0.7770277113799674,0.11737576388733185,-2413.3489506724236,-41.87201753509138,0.5258739827593581,2.0408967837361898,0.3357991493047222,-0.6619565911965601,0.004707853314042073,0.5582449302602337,1.023742924627391,0.770584747024708,1.1134922681521653,-0.4532909076719176,-0.22925959436087406,-0.40191050902722364,-1.0346323461052926,-0.8284867185315272,-1.2166713661768,-0.3155461954820631,0.6276931428641698,-0.9854352969972844,-0.978438486906527,1.7479778007596478,0.6208105560660473,0.6630274220145789,-1.5078383037223912,-0.6732802688803223,-0.23795556594670206,0.5476328145806935,-1.2832543153280236,1.0290253967185528,0.0,0.458370548848081,-0.9981050741875757,-1.1968728767977574,-0.44052604427028463,0.8599671006911619,0.6460318182187054,-0.40211370020487464,0.796527808679396,0.41568458686112164,-1.0416988447263087,0.009914296950561273
TNP_0122,23.99712290736609,19.283740234375024,30.19078337751118,29.93841873604913,35.343273925781276,6.19366047014509,0.7920977501458898,0.16888032463944022,757.8907659176031,29.28259304111902,84.0492146760271,2.858537046890408,2.1325793137886326,23.16394677956679,28.0421083403088,32.38190104166669,24.200264485677106,12.129337500551374,0.6813417058844431,5.275799865863673,0.8160117092561003,0.81232369546151,0.1555748075150028,0.0114973993977552,2.0,0.0,11415.162083333336,11.326991513824254,0.1504696479518056,0.9105132597945791,11.625,78.625,282878.4148208797,0.0039715181952267,496.6108078606099,57.0,0.5010874788720237,0.70181957500624,45.904983701786435,True,53.0607250952157,26.0421083403088,300.8632034624021,0.8207815486194185,0.13023094540942123,-2773.865901685325,-42.78291320539124,0.3679765814877993,-1.6850603049407085,-0.6450482308608545,0.21853470904393987,-0.517743109614075,-0.8591743231232681,-0.40527852162290506,-0.0017244119214290404,-0.2901671011912835,-0.19662645812058158,0.928287226465234,-0.020318199646817546,-0.303920471013413,1.1914022056443077,-0.10528767011193338,-0.7012790002259216,-0.686857340550668,0.3981099064578406,0.4104293593565244,0.017002849353044393,0.09505555228916042,0.06436967585519161,-0.30282382774354283,-0.5489104414343713,-1.3682445041935358,0.7057940508095365,0.24963202801720225,-0.5262957149183145,0.0,0.14010064812594394,0.7036716265054291,-0.32185851503549,-0.2145834721364279,-1.0974792922886394,0.5704507366792161,-1.3391699615483152,-0.6576507949265074,-0.7985029381583397,0.3439007284936529,-1.0903183660184574
TNP_0123,26.571386788504483,22.313342285156274,34.1753112792969,32.93756710379466,37.301770019531276,7.603924490792416,0.7909210427025605,0.15633722412137754,756.0344171002944,27.363707541463363,77.05249323972247,2.4183455847403095,2.6406414336215795,25.04784152386126,31.228088390532015,35.01372477213544,27.158374023437524,12.126600851311991,0.5612061653688896,5.437572751163428,0.8247086724135473,0.8215984334976926,0.1428997361393857,0.0106761565836298,3.0,0.0,15207.257916666667,10.538529975362716,0.1288411731358976,0.9791240765656632,9.625,78.125,281565.6825658679,0.0039530878740602,140.7406043507467,57.0,0.5308496730088822,0.7059342757300587,47.879788652979414,True,53.3718450171809,29.228088390532015,260.85366599169896,0.7770277113799674,0.11251099617824865,-2344.600513772888,-45.05576726410766,0.5258739827593581,2.719764135132814,0.5003592960472262,-0.4235683094124229,-0.21480434358971717,0.8838403698814513,1.309768301065252,0.9538938125766472,1.5343542340958214,-0.3112637457274163,-0.7443115063394119,-0.1952258343997645,-0.6062551016982615,-1.5001726971064804,-0.907318714303725,0.07771158476631297,0.670323446811666,-1.1760524554628213,-1.1754591548306879,1.7479778007596478,0.6208105560660473,0.6630274220145789,-1.5078383037223912,-0.6732802688803223,-0.23795556594670206,0.3310766857950398,-1.2832543153280236,1.0346487120165009,0.0,0.5302815589828527,-1.247554524289322,-1.1968728767977574,-0.5260291643262152,1.2332404778622112,0.3818618855732988,-0.40211370020487464,1.06147835791885,0.6193930142174662,-0.6665552159243905,-0.4523577746712726
TNP_0124,24.0813619559152,20.05438232421877,31.77056113978797,29.65690478515627,33.99645996093752,7.68919918387277,0.785483351527139,0.16266332882396015,757.7474825006858,33.27045861214229,83.60815367580649,2.959430319374385,2.5881005778238313,23.2175527857471,28.502942626953146,32.15997721354169,25.34755045572919,12.125947028837581,0.5314284147200006,5.111679408705173,0.7755254769895278,0.7746345682449352,0.156671092139006,0.0104024089789214,3.0,0.0,8780.785416666668,9.719515466739663,0.1304586438307129,0.9462854553483265,9.125,77.625,276426.1651992798,0.0038809307716916,385.1741488078243,57.0,0.47940759611876627,0.6672419441925396,46.13926603893803,True,53.04926775215188,26.502942626953146,295.0760464907224,0.800852395626308,0.10110637496197811,-2752.266548388092,-52.64997648026227,0.6734235690314166,-1.0236616103739054,-0.4532088291787667,-0.6547539533809628,0.2588075106587117,-0.4158024006296423,-0.5662607565178447,-0.6588816939402372,1.6446779001663423,-0.8410149347147396,0.09926259193812045,-0.03381855223068776,0.3243973024298167,1.0217300628295203,0.07854037663618497,-0.002847131178379243,-0.648238918849837,-1.5521411100784286,-1.5685500963601007,-1.739091194641826,-2.352446962424536,-2.3683554174214843,-0.19860044291447046,-0.7147368780289625,-0.23795556594670206,-0.05816101776967717,-1.168618458664665,0.2875469401712748,0.0,0.12573179471274734,0.4214376209220298,-0.7204131604553851,-0.7264766996168496,-0.9802044288360967,-0.24826356645039327,0.4735325267844926,-0.3995179696680562,-0.5610256169768653,-1.0303642956164836,0.5450243120474352
TNP_0125,25.9115340262277,23.31201171875002,31.736399072265648,29.72872631138395,32.24523925781252,5.824865046037949,0.8311254779348671,0.1427120864931589,806.2910621454453,34.26748626735541,84.10048966729852,4.5159631754870375,3.6876037265296837,24.913626108836798,29.12555313662577,31.690429687500025,27.153316243489606,12.124674580249964,0.4721419846044439,5.194127648508076,0.7930134539444403,0.7908687591493785,0.1507634015873216,0.0123186422118806,3.0,0.0,13665.6475,3.122132493840679,0.1150078218920241,0.966895182009117,8.125,77.625,272677.4193781018,0.0038282996359879,127.22020301593815,57.0,0.49386081353399197,0.6980589323104684,46.53185076249507,True,53.72888509415564,27.12555313662577,287.2573037102536,0.7830843525678334,0.038460433129709835,-2614.555211399399,-74.75242439564367,0.620959638166679,0.7451499479990104,-0.14933408899970843,0.5710892039219335,1.2494609866356887,1.458402793272908,-0.5251900040061944,-1.5133630607221746,-0.7672941566846787,3.605535991474916,-2.561197841454847,4.540021568192273,0.481486398144767,1.2111272269848443,2.9145510202982856,1.6829754632964808,0.5736330222586332,-2.284072935787135,-2.3511800172306154,-0.8568924403700839,-1.2952513386731257,-1.3204849439201762,-0.7602424584440751,-0.4245406139884205,-0.23795556594670206,-3.193575800867315,-2.263672739878001,0.7564327439818617,0.0,0.9780517357252062,0.04012515534405164,-1.075748688434111,-1.8275412942325564,-0.23249323494192561,-2.0822023725980108,0.1621806329877007,0.2908195357781203,-0.18486014398385145,0.8987038906671995,2.6312474971765396
TNP_0126,25.63047739955359,21.374194335937524,32.16375763811386,31.974580078125022,37.51861572265627,6.533280238560266,0.8061011116004577,0.1604252217963697,768.1623343032074,30.047712337749953,80.07008066261493,2.400481106429072,2.1584236406291555,24.410415057375292,29.922938371930826,34.241634114583356,26.400793457031273,12.12863476882575,0.6511429512177767,5.275799865863673,0.8160117092561003,0.81232369546151,0.1555748075150028,0.0114973993977552,2.0,0.0,13539.0925,11.699715302491102,0.1504696479518056,0.9346773996633495,11.125,78.375,267273.30917078257,0.0037524277387596,246.9719307975965,57.0,0.5010874788720237,0.70181957500624,46.62561074536583,True,53.316583036491394,27.922938371930826,277.2437399252927,0.8207815486194185,0.13451629967276849,-2511.760204965466,-38.906492491642695,0.3679765814877993,1.08966154796499,0.05351701794899313,-0.20180074459002745,-0.1097110903200492,0.3435223192082918,0.7590893628618303,1.0597003579517625,0.14921410990586365,1.1676101527975844,-0.19918474752457427,0.9474825255066934,-0.18337025578781765,-0.3393343461368449,-0.9398678830766031,-0.661652965340957,0.21111363358242416,-0.006112095063687799,0.011780816526491638,0.017002849353044393,0.09505555228916042,0.06436967585519161,-0.30282382774354283,-0.5489104414343713,-1.3682445041935358,0.8829315130121705,0.24963202801720225,0.023455493927913434,0.0,0.46097654686729644,-0.4482265916406314,-0.32185851503549,-0.13926411837221156,0.325637843208785,0.8920946741794857,-1.3391699615483152,0.4252766391320573,0.06624852844990096,-0.31756705092149984,-0.2310412529121325
TNP_0127,24.78491196986609,20.338024902343772,30.97915816824779,30.933043526785735,36.69866943359377,6.194246198381698,0.7976648506649312,0.16594281614075237,761.2729776627756,30.59060409521895,82.21014071858288,2.2715110196353194,1.7905168821908342,23.778592718204848,28.899037888299873,33.431209309895856,25.425801595052103,12.12898455949101,0.6662277577244442,5.275799865863673,0.8160117092561003,0.81232369546151,0.1555748075150028,0.0114973993977552,2.0,0.0,12104.44625,12.076693128935124,0.1504696479518056,0.9144121590263078,11.375,78.375,266237.5408079326,0.0037378858978712,367.5979855665544,57.0,0.5010874788720237,0.70181957500624,46.23331034286632,True,53.17729715450923,26.899037888299873,290.1018821987302,0.8207815486194185,0.13885056430749307,-2648.406920218844,-34.13970745728795,0.3679765814877993,-0.33707136645030483,-0.31023406015921057,-0.06890112405349037,-0.22719740491377335,-0.2526149017612266,0.1634923019432403,0.6596201027813824,-0.28940931850043616,0.34573205839549126,0.5365760235267886,0.2983582533268332,-0.09783363621062492,0.4839272327984786,-1.1748520258299862,-1.2257491452976494,-0.24405889786895127,0.1950928280522733,0.2109127409761376,0.017002849353044393,0.09505555228916042,0.06436967585519161,-0.30282382774354283,-0.5489104414343713,-1.3682445041935358,1.0620907121655319,0.24963202801720225,-0.43759301010643614,0.0,0.2862956972514165,0.17885247601772902,-0.32185851503549,-0.06308511629466512,-0.41629292907185195,1.287616115448586,-1.3391699615483152,-0.13155330491320727,-0.38403765284856334,-0.10842738373089555,-0.4784563979496849
TNP_0128,25.685509905133948,21.864233398437523,32.45521718052458,31.409129673549128,37.575366210937524,6.76970727539063,0.8103142077662235,0.16041417332856286,772.0740251795805,40.90698039360722,76.03019496604828,3.785387039996416,3.530889261207169,24.210880201161267,29.84995225306922,34.12492268880211,26.70668131510419,12.12794454193256,0.6210578583822217,5.2474154393649055,0.8050014795750728,0.8022058832765958,0.1467190374278597,0.0082124281412537,2.0,0.0,6251.266666666666,10.36718313714755,0.1360653791823445,0.9417636895810172,10.625,77.625,263581.3604952693,0.0037005940159571,286.9404247532287,57.0,0.5173280960548722,0.7141433451975426,47.358528045794706,True,54.01959040265747,27.84995225306922,278.16029960595677,0.7698957422477084,0.08513974654104135,-2380.8467871750536,-65.6423043921604,0.3899970408498543,0.500365687705353,-0.023218698646456825,-1.8028277739155265,0.7392780476777032,0.6254554813090688,0.4357395979135218,1.0873908910213945,0.45509029097563747,1.5780587478227295,-0.2006580398119583,1.316047200793864,1.5275879007903277,-1.893441516166419,1.5834376498864156,1.4426916707191653,0.06736628565710269,-0.40314112633586413,-0.3853672961087157,-0.28671140528467964,-0.5705426850192648,-0.5887060892019664,-1.1447387041738437,-1.04638975121816,-1.3682445041935358,0.24964387951658307,-0.7712493365042062,0.18467358278310259,0.0,1.3426303244112396,-0.40352686925605247,-1.3395020908760351,-1.0071060386528687,1.0364393650970871,-1.3262950329669678,-1.2084875743987988,0.19528434163960234,-0.028742345459448638,-2.8370494898065846,1.556850140561206
TNP_0129,26.6271402762277,22.40209960937502,33.67003940628988,32.138534109933055,36.18289794921877,7.042899130062182,0.7902951261672966,0.15603753044944657,755.9212723190803,23.658653982603514,80.06745127228821,2.529183039357921,2.776440945212661,25.297653796567324,30.811904597483547,34.48146972656252,26.89196777343752,12.126932235349278,0.5761310450844439,5.437572751163428,0.8247086724135473,0.8215984334976926,0.1428997361393857,0.0106761565836298,3.0,0.0,15898.731666666668,9.547073638105667,0.1288411731358976,1.000356330602919,9.875,78.625,262651.0341567993,0.0036875325457736,112.2247981121229,57.0,0.5308496730088822,0.7059342757300587,47.73250876899858,True,53.31325490072393,28.811904597483547,266.0801020648016,0.7770277113799674,0.10192605307586032,-2431.877465933184,-49.591305238701175,0.5258739827593581,2.4517388818233936,0.3954678633791846,0.043050941898788636,-0.09449531477622648,0.9349049379771739,0.8528455919111617,0.4079572928742967,0.8085307533126895,-0.3722418369918898,-0.7842750907162943,-0.20588648496406803,-1.1900137468005816,-0.34034584860658823,-0.7053723180053536,0.2859273458838303,0.8502912597644888,-0.9854353053616371,-0.9784383963195213,1.7479778007596478,0.6208105560660473,0.6630274220145789,-1.5078383037223912,-0.6732802688803223,-0.23795556594670206,-0.14011421965964418,-1.2832543153280236,1.5176974522945275,0.0,0.45680267385716933,-0.9926663304739758,-1.1968728767977574,-0.7120700433550036,0.7593655193714849,0.00552804552951465,-0.40211370020487464,0.9568725937319588,0.48954827832649034,0.06774782068304999,-0.19899825857656214
TNP_0130,23.75229275948663,20.28997802734377,31.325027587890645,29.289386160714308,34.288378906250024,7.572734828404016,0.7806824711565158,0.16305006398855085,751.0152631075506,33.0776647409664,79.41781831247974,2.2074062387097406,1.6489402105027513,22.704914721176277,28.122235502697194,32.112320963541684,24.68666178385419,12.126600851342378,0.5612061513244448,5.111679408705173,0.7755254769895278,0.7746345682449352,0.156671092139006,0.0104024089789214,3.0,0.0,5875.245416666667,10.062786750615931,0.1304586438307129,0.9295669249669979,9.625,77.625,259478.05903168023,0.0036429850377908,488.3264102834556,57.0,0.47940759611876627,0.6672419441925396,45.994171802031474,True,52.9964878495432,26.122235502697194,299.8569665571286,0.800852395626308,0.10467722324757847,-2640.460372933608,-34.150563943792946,0.6734235690314166,-1.8825759289666553,-0.6272606050030118,-1.1629125912510443,0.18266225010802306,-0.28025761115811465,-0.7764243002446655,-0.5164443078728773,1.4940027795916384,-1.3087266900308945,0.15083299474992154,-0.6681371456501888,0.2940211992956141,-0.5902537213921728,-1.2916512570833554,-1.4428227864811645,-1.0175496429299615,-1.176052437984124,-1.1754593402289761,-1.739091194641826,-2.352446962424536,-2.3683554174214843,-0.19860044291447046,-0.7147368780289625,-0.23795556594670206,0.10497910347230914,-1.168618458664665,-0.09281140641925469,0.0,0.059539599932318304,0.654598433272387,-0.7204131604553851,-0.6637154974539736,-0.37314671839736,1.2867153042815984,0.4735325267844926,-0.7347378325655785,-0.7764836986180759,-1.8300364690593112,0.3846695443604997
TNP_0131,24.777348981584844,19.573571777343773,31.238110456194217,30.808409040178592,35.59549560546877,6.460761474609374,0.7959893790573691,0.17471678018161002,763.0378253094942,29.501553003748057,82.19384803238874,3.1589698855519313,2.3941719953156952,23.770848773738333,28.94128949265255,32.72921142578127,24.71201578776044,12.130052933463077,0.7116598909511103,5.295295067068163,0.815700428727697,0.8128717773695653,0.1610892305004863,0.0128661374212975,3.0,0.0,9920.337083333334,11.366402956474133,0.1578215727843174,0.8990100298659262,12.125,78.875,247235.19139759245,0.0034710992769019,384.9976901037816,57.0,0.5010346405652429,0.7104396337232058,46.23600475422265,True,53.46424695107413,26.94128949265255,289.5712865512693,0.8530150076270313,0.14624170242383838,-2648.5036810083116,-45.94796962155828,0.552898713816909,-0.8201941052368649,-0.39891097912622653,-0.32406780604399316,-0.13775650507846315,-0.6924261398889436,0.09222074280606138,0.12134330033598063,0.05539335712489144,0.18250412808705016,1.7065675352171277,0.46464452706410947,-0.2694217062626777,0.47765958506407236,0.4421024635455044,-0.3001897868056079,-0.2496377300623026,0.8096378238373444,0.8106544822626374,0.2256021142735823,0.07623780034246651,0.09974679146828004,0.2214303817405113,-0.3416273956911248,-0.23795556594670206,0.72452438985689,0.7706888879659692,-0.7880023013416967,0.0,0.6461644330324042,0.15297584338777828,0.32276470753081243,0.06682147072116917,-0.4168182970408011,0.30783187167938997,-0.24173301474287767,-0.32010801258655214,-0.4938104992099785,-0.5099746171554873,-0.2901022625632256
TNP_0132,27.132302664620557,24.016687011718773,30.29999252232145,29.60111474609377,32.429821777343776,3.1676898577008927,0.7992221492424803,0.1445582530272485,762.2337297093453,26.808338339032137,79.80378059932548,3.6246010047095565,4.680280225177557,25.729116505793346,29.01113664434526,31.80211588541669,25.72491861979169,12.128634768692871,0.6511429929244441,5.277478562825075,0.8256301162131793,0.8210631387609231,0.1679282321555186,0.0213523131672597,4.0,0.0,16051.07375,3.950309334793321,0.1573499115748268,1.0010908980669557,11.125,79.875,246425.969114542,0.0034597380670932,-0.0264389311079726,57.0,0.4799355047596431,0.6913321713116554,45.37144881536358,True,52.5776576130137,27.01113664434526,288.69414602031225,0.8862376452938618,0.08434824202405633,-2383.5551651596793,-95.4724992695234,0.6974795351472829,0.7488930194846664,-0.20900228086572212,1.78418535117232,0.9832386151875321,1.8638221747145087,-0.5981639895358614,-1.4232988424933304,-4.204999970445124,0.49744732622714255,-2.315015025569898,0.38888157872921647,-0.6937576351953952,-0.4417775509258286,1.2904846899568874,3.2050051840794627,1.1611222662197664,-0.0061121714974824975,0.011781367089002905,0.034964959541066556,0.6765143321526328,0.6284756816424801,0.8716118088376835,0.9435274879169947,0.8923333723001315,-2.7999836870232713,0.7372605934205739,1.53440937970127,0.0,-0.46572269169866953,0.11019855451812813,0.9871700929375404,-1.021017515991082,1.0217340795288594,-3.801439514247282,0.6162948109640135,0.292280393844025,-0.2587231890092167,2.8077125355519343,2.070608184658643
TNP_0133,25.210328194754485,22.002941894531272,32.30386396484377,29.961717564174126,33.03739013671877,7.093535770089286,0.8068118939773368,0.1507588952085464,781.6894527737235,33.54085908653279,84.86504093542513,3.26596088887519,2.2686658782976403,24.318776111377744,29.158636574590794,32.29489339192711,26.493308512369815,12.124988343733476,0.4869316280533331,5.194127648508076,0.7930134539444403,0.7908687591493785,0.1507634015873216,0.0123186422118806,3.0,0.0,8454.959166666666,8.5837092800438,0.1150078218920241,0.9564356532549398,8.375,77.625,243750.0673230141,0.0034221693022215,259.7904805826914,57.0,0.49386081353399197,0.6980589323104684,46.544275129787636,True,53.73276749324304,27.158636574590794,286.84184189628877,0.7830843525678334,0.10573964347165879,-2697.8317990758906,-45.46016762184909,0.620959638166679,0.0005452743126068034,-0.21830709827933528,-0.8430148756110578,0.979421324816166,0.7052583539911907,-0.39195521238690023,-1.1268451509593127,0.8740416283857824,1.2368560509399567,-1.4881711172332879,2.222025474892174,0.36700090101687644,1.505243124536246,0.6370406063603253,-0.4926231127700491,0.14509581742858976,-2.103591396837695,-2.1559444893105413,-0.8568924403700839,-1.2952513386731257,-1.3204849439201762,-0.7602424584440751,-0.4245406139884205,-0.23795556594670206,-0.5979543757009831,-2.263672739878001,0.518471094703288,0.0,0.9829207200148052,0.019863487569001224,-1.075748688434111,-0.6450424077194367,-0.6846479968997932,0.34830698196618,0.1621806329877007,0.00021281142525723097,-0.27024158978659935,-1.326624183050653,2.062569329629885
