timestamp_utc,GHI_Wm2,GHI_clearsky_Wm2,T_amb_C,RH_pct,wind_ms,point_id,cluster_id,year
2016-01-01 00:00:00+00:00,0.0,0.0,0.4,9.33,0.76,UKP_0023,2,2016
2016-01-01 01:00:00+00:00,0.0,0.0,0.44,8.59,0.66,UKP_0023,2,2016
2016-01-01 02:00:00+00:00,102.03,156.0,0.88,11.8,0.64,UKP_0023,2,2016
2016-01-01 03:00:00+00:00,224.15,357.75,2.67,21.53,0.61,UKP_0023,2,2016
2016-01-01 04:00:00+00:00,357.48,530.75,5.47,14.31,0.82,UKP_0023,2,2016
2016-01-01 05:00:00+00:00,461.02,654.7,7.04,9.46,2.46,UKP_0023,2,2016
2016-01-01 06:00:00+00:00,523.08,701.03,7.85,9.9,3.48,UKP_0023,2,2016
2016-01-01 07:00:00+00:00,477.08,684.67,8.0,10.63,4.03,UKP_0023,2,2016
2016-01-01 08:00:00+00:00,473.38,599.08,7.16,12.15,4.11,UKP_0023,2,2016
2016-01-01 09:00:00+00:00,345.1,447.95,5.88,14.48,3.51,UKP_0023,2,2016
2016-01-01 10:00:00+00:00,178.05,247.98,4.22,21.85,2.3,UKP_0023,2,2016
2016-01-01 11:00:00+00:00,27.48,43.25,2.12,30.73,1.3,UKP_0023,2,2016
2016-01-01 12:00:00+00:00,0.0,0.0,0.99,31.96,0.49,UKP_0023,2,2016
2016-01-01 13:00:00+00:00,0.0,0.0,0.03,33.9,0.68,UKP_0023,2,2016
2016-01-01 14:00:00+00:00,0.0,0.0,-0.41,33.05,0.91,UKP_0023,2,2016
2016-01-01 15:00:00+00:00,0.0,0.0,-0.59,30.46,0.67,UKP_0023,2,2016
2016-01-01 16:00:00+00:00,0.0,0.0,-0.8,28.83,0.59,UKP_0023,2,2016
2016-01-01 17:00:00+00:00,0.0,0.0,-1.83,29.26,0.82,UKP_0023,2,2016
2016-01-01 18:00:00+00:00,0.0,0.0,-2.45,28.09,1.05,UKP_0023,2,2016
2016-01-01 19:00:00+00:00,0.0,0.0,-2.76,26.72,1.27,UKP_0023,2,2016
2016-01-01 20:00:00+00:00,0.0,0.0,-2.79,25.61,1.4,UKP_0023,2,2016
2016-01-01 21:00:00+00:00,0.0,0.0,-3.2,26.02,1.33,UKP_0023,2,2016
2016-01-01 22:00:00+00:00,0.0,0.0,-3.11,26.3,1.13,UKP_0023,2,2016
2016-01-01 23:00:00+00:00,0.0,0.0,-2.99,27.45,1.02,UKP_0023,2,2016
2016-01-02 00:00:00+00:00,0.0,0.0,-3.14,28.29,0.99,UKP_0023,2,2016
2016-01-02 01:00:00+00:00,0.0,0.0,-3.44,28.78,1.0,UKP_0023,2,2016
2016-01-02 02:00:00+00:00,133.18,144.95,-2.17,29.42,0.99,UKP_0023,2,2016
2016-01-02 03:00:00+00:00,305.83,342.58,1.06,26.01,0.74,UKP_0023,2,2016
2016-01-02 04:00:00+00:00,460.33,516.42,3.63,21.67,1.85,UKP_0023,2,2016
2016-01-02 05:00:00+00:00,557.5,634.95,5.34,19.34,3.22,UKP_0023,2,2016
2016-01-02 06:00:00+00:00,667.03,685.47,6.51,18.05,3.89,UKP_0023,2,2016
2016-01-02 07:00:00+00:00,566.22,664.55,7.11,17.52,4.23,UKP_0023,2,2016
2016-01-02 08:00:00+00:00,509.75,577.33,7.14,17.8,4.42,UKP_0023,2,2016
2016-01-02 09:00:00+00:00,370.3,429.33,6.46,19.11,4.27,UKP_0023,2,2016
2016-01-02 10:00:00+00:00,220.3,238.25,4.95,22.12,3.57,UKP_0023,2,2016
2016-01-02 11:00:00+00:00,31.55,40.7,1.23,35.17,1.79,UKP_0023,2,2016
2016-01-02 12:00:00+00:00,0.0,0.0,-0.12,37.36,0.95,UKP_0023,2,2016
2016-01-02 13:00:00+00:00,0.0,0.0,-0.28,37.12,0.62,UKP_0023,2,2016
2016-01-02 14:00:00+00:00,0.0,0.0,-1.09,38.3,1.07,UKP_0023,2,2016
2016-01-02 15:00:00+00:00,0.0,0.0,-1.34,36.86,1.19,UKP_0023,2,2016
2016-01-02 16:00:00+00:00,0.0,0.0,-1.13,34.41,1.09,UKP_0023,2,2016
2016-01-02 17:00:00+00:00,0.0,0.0,-0.69,31.61,0.97,UKP_0023,2,2016
2016-01-02 18:00:00+00:00,0.0,0.0,-0.5,29.95,0.94,UKP_0023,2,2016
2016-01-02 19:00:00+00:00,0.0,0.0,-0.83,29.79,1.03,UKP_0023,2,2016
2016-01-02 20:00:00+00:00,0.0,0.0,-1.65,31.03,1.11,UKP_0023,2,2016
2016-01-02 21:00:00+00:00,0.0,0.0,-2.1,31.1,1.24,UKP_0023,2,2016
2016-01-02 22:00:00+00:00,0.0,0.0,-2.8,31.57,1.43,UKP_0023,2,2016
2016-01-02 23:00:00+00:00,0.0,0.0,-3.4,31.49,1.6,UKP_0023,2,2016
2016-01-03 00:00:00+00:00,0.0,0.0,-3.47,29.71,1.83,UKP_0023,2,2016
2016-01-03 01:00:00+00:00,0.0,0.0,-3.57,27.74,2.05,UKP_0023,2,2016
2016-01-03 02:00:00+00:00,127.05,145.93,-2.33,27.9,2.07,UKP_0023,2,2016
2016-01-03 03:00:00+00:00,285.62,347.1,1.83,23.22,1.79,UKP_0023,2,2016
2016-01-03 04:00:00+00:00,436.48,523.4,5.41,14.42,1.55,UKP_0023,2,2016
2016-01-03 05:00:00+00:00,532.0,645.85,7.53,12.35,1.73,UKP_0023,2,2016
2016-01-03 06:00:00+00:00,561.9,696.7,8.83,11.39,2.01,UKP_0023,2,2016
2016-01-03 07:00:00+00:00,552.8,680.5,9.4,11.62,2.61,UKP_0023,2,2016
2016-01-03 08:00:00+00:00,499.27,594.42,9.17,12.95,3.22,UKP_0023,2,2016
2016-01-03 09:00:00+00:00,363.55,446.05,8.24,15.13,3.08,UKP_0023,2,2016
2016-01-03 10:00:00+00:00,220.55,251.18,6.48,19.15,2.39,UKP_0023,2,2016
2016-01-03 11:00:00+00:00,34.4,46.8,2.63,31.77,1.09,UKP_0023,2,2016
2016-01-03 12:00:00+00:00,0.0,0.0,1.44,31.97,0.26,UKP_0023,2,2016
2016-01-03 13:00:00+00:00,0.0,0.0,0.8,33.15,0.49,UKP_0023,2,2016
2016-01-03 14:00:00+00:00,0.0,0.0,-0.04,33.62,0.94,UKP_0023,2,2016
2016-01-03 15:00:00+00:00,0.0,0.0,0.11,31.06,1.13,UKP_0023,2,2016
2016-01-03 16:00:00+00:00,0.0,0.0,0.68,28.24,0.9,UKP_0023,2,2016
2016-01-03 17:00:00+00:00,0.0,0.0,0.58,27.57,0.74,UKP_0023,2,2016
2016-01-03 18:00:00+00:00,0.0,0.0,0.37,27.82,0.75,UKP_0023,2,2016
2016-01-03 19:00:00+00:00,0.0,0.0,0.25,28.23,0.7,UKP_0023,2,2016
2016-01-03 20:00:00+00:00,0.0,0.0,0.23,27.54,0.75,UKP_0023,2,2016
2016-01-03 21:00:00+00:00,0.0,0.0,-0.21,27.92,0.76,UKP_0023,2,2016
2016-01-03 22:00:00+00:00,0.0,0.0,-0.67,28.21,0.94,UKP_0023,2,2016
2016-01-03 23:00:00+00:00,0.0,0.0,-1.03,28.06,0.99,UKP_0023,2,2016
2016-01-04 00:00:00+00:00,0.0,0.0,-1.07,27.17,0.85,UKP_0023,2,2016
2016-01-04 01:00:00+00:00,0.0,0.0,-1.03,26.1,0.68,UKP_0023,2,2016
2016-01-04 02:00:00+00:00,110.38,131.23,0.44,25.74,0.53,UKP_0023,2,2016
2016-01-04 03:00:00+00:00,255.77,320.42,3.66,25.57,0.25,UKP_0023,2,2016
2016-01-04 04:00:00+00:00,403.23,487.75,5.87,18.76,2.07,UKP_0023,2,2016
2016-01-04 05:00:00+00:00,506.9,606.0,6.97,18.52,4.06,UKP_0023,2,2016
2016-01-04 06:00:00+00:00,519.3,664.4,6.49,21.0,3.84,UKP_0023,2,2016
2016-01-04 07:00:00+00:00,449.67,648.22,5.47,24.38,2.64,UKP_0023,2,2016
2016-01-04 08:00:00+00:00,420.83,566.45,5.22,26.44,2.0,UKP_0023,2,2016
2016-01-04 09:00:00+00:00,300.88,417.15,5.03,28.32,1.89,UKP_0023,2,2016
2016-01-04 10:00:00+00:00,152.8,222.3,4.15,35.44,1.7,UKP_0023,2,2016
2016-01-04 11:00:00+00:00,27.4,37.58,2.5,40.14,0.99,UKP_0023,2,2016
2016-01-04 12:00:00+00:00,0.0,0.0,0.98,43.92,0.46,UKP_0023,2,2016
2016-01-04 13:00:00+00:00,0.0,0.0,0.14,45.08,0.42,UKP_0023,2,2016
2016-01-04 14:00:00+00:00,0.0,0.0,-0.24,45.56,0.25,UKP_0023,2,2016
2016-01-04 15:00:00+00:00,0.0,0.0,0.16,45.26,0.26,UKP_0023,2,2016
2016-01-04 16:00:00+00:00,0.0,0.0,-0.25,48.07,0.14,UKP_0023,2,2016
2016-01-04 17:00:00+00:00,0.0,0.0,-0.71,49.72,0.35,UKP_0023,2,2016
2016-01-04 18:00:00+00:00,0.0,0.0,-0.99,51.26,0.42,UKP_0023,2,2016
2016-01-04 19:00:00+00:00,0.0,0.0,-1.09,52.26,0.46,UKP_0023,2,2016
2016-01-04 20:00:00+00:00,0.0,0.0,-1.69,55.95,0.48,UKP_0023,2,2016
2016-01-04 21:00:00+00:00,0.0,0.0,-1.93,57.25,0.44,UKP_0023,2,2016
2016-01-04 22:00:00+00:00,0.0,0.0,-1.63,55.8,0.4,UKP_0023,2,2016
2016-01-04 23:00:00+00:00,0.0,0.0,-1.7,56.54,0.33,UKP_0023,2,2016
2016-01-05 00:00:00+00:00,0.0,0.0,-1.91,58.2,0.31,UKP_0023,2,2016
2016-01-05 01:00:00+00:00,0.0,0.0,-2.13,59.75,0.38,UKP_0023,2,2016
2016-01-05 02:00:00+00:00,90.97,107.97,-1.22,57.04,0.31,UKP_0023,2,2016
2016-01-05 03:00:00+00:00,234.62,288.65,1.38,47.03,0.97,UKP_0023,2,2016
2016-01-05 04:00:00+00:00,353.58,462.27,3.14,39.29,2.72,UKP_0023,2,2016
2016-01-05 05:00:00+00:00,455.15,589.53,4.36,36.57,3.4,UKP_0023,2,2016
2016-01-05 06:00:00+00:00,476.65,649.38,5.2,36.09,3.77,UKP_0023,2,2016
2016-01-05 07:00:00+00:00,460.8,638.58,5.54,37.31,3.9,UKP_0023,2,2016
2016-01-05 08:00:00+00:00,395.33,555.03,5.4,39.63,3.77,UKP_0023,2,2016
2016-01-05 09:00:00+00:00,284.48,410.1,4.89,42.34,3.39,UKP_0023,2,2016
2016-01-05 10:00:00+00:00,173.0,224.82,3.87,46.3,3.04,UKP_0023,2,2016
2016-01-05 11:00:00+00:00,28.23,39.53,1.16,59.03,1.88,UKP_0023,2,2016
2016-01-05 12:00:00+00:00,0.0,0.0,-0.46,69.58,1.24,UKP_0023,2,2016
2016-01-05 13:00:00+00:00,0.0,0.0,-0.59,72.32,0.56,UKP_0023,2,2016
2016-01-05 14:00:00+00:00,0.0,0.0,-0.81,74.28,0.08,UKP_0023,2,2016
2016-01-05 15:00:00+00:00,0.0,0.0,-1.47,78.07,0.32,UKP_0023,2,2016
2016-01-05 16:00:00+00:00,0.0,0.0,-1.95,80.62,0.4,UKP_0023,2,2016
2016-01-05 17:00:00+00:00,0.0,0.0,-2.32,82.26,0.43,UKP_0023,2,2016
2016-01-05 18:00:00+00:00,0.0,0.0,-2.39,81.83,0.48,UKP_0023,2,2016
2016-01-05 19:00:00+00:00,0.0,0.0,-2.45,81.1,0.5,UKP_0023,2,2016
2016-01-05 20:00:00+00:00,0.0,0.0,-2.58,80.84,0.52,UKP_0023,2,2016
2016-01-05 21:00:00+00:00,0.0,0.0,-2.99,82.01,0.53,UKP_0023,2,2016
2016-01-05 22:00:00+00:00,0.0,0.0,-3.56,84.79,0.55,UKP_0023,2,2016
2016-01-05 23:00:00+00:00,0.0,0.0,-4.06,85.88,0.71,UKP_0023,2,2016
2016-01-06 00:00:00+00:00,0.0,0.0,-4.76,87.9,0.93,UKP_0023,2,2016
2016-01-06 01:00:00+00:00,0.0,0.0,-5.13,86.25,1.36,UKP_0023,2,2016
2016-01-06 02:00:00+00:00,96.35,140.82,-3.72,70.52,1.51,UKP_0023,2,2016
2016-01-06 03:00:00+00:00,224.7,341.4,-0.37,48.6,1.02,UKP_0023,2,2016
2016-01-06 04:00:00+00:00,357.48,519.4,2.17,31.04,1.08,UKP_0023,2,2016
2016-01-06 05:00:00+00:00,468.6,643.33,4.07,22.58,2.23,UKP_0023,2,2016
2016-01-06 06:00:00+00:00,550.85,692.1,5.35,20.76,3.54,UKP_0023,2,2016
2016-01-06 07:00:00+00:00,571.83,675.53,5.47,23.06,4.37,UKP_0023,2,2016
2016-01-06 08:00:00+00:00,387.35,561.78,4.74,27.13,4.21,UKP_0023,2,2016
2016-01-06 09:00:00+00:00,273.75,421.7,3.66,32.66,3.98,UKP_0023,2,2016
2016-01-06 10:00:00+00:00,141.02,235.85,2.26,39.66,2.83,UKP_0023,2,2016
2016-01-06 11:00:00+00:00,27.65,44.35,0.54,50.53,1.67,UKP_0023,2,2016
2016-01-06 12:00:00+00:00,0.0,0.0,-0.12,55.31,0.81,UKP_0023,2,2016
2016-01-06 13:00:00+00:00,0.0,0.0,-0.82,58.24,0.56,UKP_0023,2,2016
2016-01-06 14:00:00+00:00,0.0,0.0,-1.25,60.39,0.65,UKP_0023,2,2016
2016-01-06 15:00:00+00:00,0.0,0.0,-1.54,61.68,0.49,UKP_0023,2,2016
2016-01-06 16:00:00+00:00,0.0,0.0,-1.67,62.79,0.27,UKP_0023,2,2016
2016-01-06 17:00:00+00:00,0.0,0.0,-1.87,64.72,0.12,UKP_0023,2,2016
2016-01-06 18:00:00+00:00,0.0,0.0,-2.19,66.46,0.17,UKP_0023,2,2016
2016-01-06 19:00:00+00:00,0.0,0.0,-2.54,68.87,0.19,UKP_0023,2,2016
2016-01-06 20:00:00+00:00,0.0,0.0,-3.2,72.07,0.08,UKP_0023,2,2016
2016-01-06 21:00:00+00:00,0.0,0.0,-3.76,74.55,0.07,UKP_0023,2,2016
2016-01-06 22:00:00+00:00,0.0,0.0,-4.06,75.14,0.48,UKP_0023,2,2016
2016-01-06 23:00:00+00:00,0.0,0.0,-4.64,77.02,1.04,UKP_0023,2,2016
2016-01-07 00:00:00+00:00,0.0,0.0,-5.58,79.38,1.56,UKP_0023,2,2016
2016-01-07 01:00:00+00:00,0.0,0.0,-6.05,75.04,1.84,UKP_0023,2,2016
2016-01-07 02:00:00+00:00,107.32,120.53,-4.34,58.78,1.65,UKP_0023,2,2016
2016-01-07 03:00:00+00:00,253.62,317.48,-0.4,39.24,1.14,UKP_0023,2,2016
2016-01-07 04:00:00+00:00,438.02,502.83,1.81,33.18,1.98,UKP_0023,2,2016
2016-01-07 05:00:00+00:00,533.88,621.33,3.25,31.4,3.09,UKP_0023,2,2016
2016-01-07 06:00:00+00:00,604.05,686.6,4.07,32.22,3.9,UKP_0023,2,2016
2016-01-07 07:00:00+00:00,481.08,678.38,4.1,34.87,4.18,UKP_0023,2,2016
2016-01-07 08:00:00+00:00,435.55,593.72,3.57,38.3,4.01,UKP_0023,2,2016
2016-01-07 09:00:00+00:00,308.42,447.12,2.78,42.14,3.44,UKP_0023,2,2016
2016-01-07 10:00:00+00:00,188.0,256.08,1.68,47.37,2.76,UKP_0023,2,2016
2016-01-07 11:00:00+00:00,31.15,51.33,0.01,57.1,2.03,UKP_0023,2,2016
2016-01-07 12:00:00+00:00,0.0,0.0,-0.67,62.74,1.49,UKP_0023,2,2016
2016-01-07 13:00:00+00:00,0.0,0.0,-1.0,66.51,0.91,UKP_0023,2,2016
2016-01-07 14:00:00+00:00,0.0,0.0,-1.59,70.7,0.57,UKP_0023,2,2016
2016-01-07 15:00:00+00:00,0.0,0.0,-1.99,73.1,0.47,UKP_0023,2,2016
2016-01-07 16:00:00+00:00,0.0,0.0,-2.32,74.91,0.3,UKP_0023,2,2016
2016-01-07 17:00:00+00:00,0.0,0.0,-2.58,75.17,0.15,UKP_0023,2,2016
2016-01-07 18:00:00+00:00,0.0,0.0,-2.91,75.38,0.1,UKP_0023,2,2016
2016-01-07 19:00:00+00:00,0.0,0.0,-3.28,76.28,0.21,UKP_0023,2,2016
2016-01-07 20:00:00+00:00,0.0,0.0,-3.79,78.6,0.24,UKP_0023,2,2016
2016-01-07 21:00:00+00:00,0.0,0.0,-4.12,80.01,0.24,UKP_0023,2,2016
2016-01-07 22:00:00+00:00,0.0,0.0,-4.66,84.01,0.22,UKP_0023,2,2016
2016-01-07 23:00:00+00:00,0.0,0.0,-5.02,87.19,0.29,UKP_0023,2,2016
2016-01-08 00:00:00+00:00,0.0,0.0,-5.31,89.4,0.35,UKP_0023,2,2016
2016-01-08 01:00:00+00:00,0.0,0.0,-5.62,91.55,0.4,UKP_0023,2,2016
2016-01-08 02:00:00+00:00,76.03,118.5,-4.47,85.68,0.39,UKP_0023,2,2016
2016-01-08 03:00:00+00:00,165.9,308.65,-1.81,68.52,1.1,UKP_0023,2,2016
2016-01-08 04:00:00+00:00,271.02,484.12,0.13,54.98,2.94,UKP_0023,2,2016
2016-01-08 05:00:00+00:00,349.17,607.6,1.47,48.09,4.22,UKP_0023,2,2016
2016-01-08 06:00:00+00:00,440.92,658.17,1.94,48.04,5.16,UKP_0023,2,2016
2016-01-08 07:00:00+00:00,327.4,645.1,1.42,53.11,5.62,UKP_0023,2,2016
2016-01-08 08:00:00+00:00,85.4,561.22,0.74,58.15,5.7,UKP_0023,2,2016
2016-01-08 09:00:00+00:00,137.7,419.33,0.03,62.1,5.36,UKP_0023,2,2016
2016-01-08 10:00:00+00:00,94.78,233.18,-0.89,68.14,4.53,UKP_0023,2,2016
2016-01-08 11:00:00+00:00,22.52,45.2,-2.36,80.77,2.8,UKP_0023,2,2016
2016-01-08 12:00:00+00:00,0.0,0.0,-3.24,88.64,1.82,UKP_0023,2,2016
2016-01-08 13:00:00+00:00,0.0,0.0,-3.6,89.88,1.03,UKP_0023,2,2016
2016-01-08 14:00:00+00:00,0.0,0.0,-4.0,87.08,1.17,UKP_0023,2,2016
2016-01-08 15:00:00+00:00,0.0,0.0,-4.32,78.97,1.56,UKP_0023,2,2016
2016-01-08 16:00:00+00:00,0.0,0.0,-4.24,69.31,1.42,UKP_0023,2,2016
2016-01-08 17:00:00+00:00,0.0,0.0,-4.22,62.69,1.34,UKP_0023,2,2016
2016-01-08 18:00:00+00:00,0.0,0.0,-4.58,58.47,1.36,UKP_0023,2,2016
2016-01-08 19:00:00+00:00,0.0,0.0,-4.76,52.55,1.35,UKP_0023,2,2016
2016-01-08 20:00:00+00:00,0.0,0.0,-4.82,45.95,1.4,UKP_0023,2,2016
2016-01-08 21:00:00+00:00,0.0,0.0,-4.76,39.98,1.38,UKP_0023,2,2016
2016-01-08 22:00:00+00:00,0.0,0.0,-4.87,35.4,1.44,UKP_0023,2,2016
2016-01-08 23:00:00+00:00,0.0,0.0,-5.35,33.16,1.63,UKP_0023,2,2016
2016-01-09 00:00:00+00:00,0.0,0.0,-5.7,30.94,1.94,UKP_0023,2,2016
2016-01-09 01:00:00+00:00,0.0,0.0,-6.15,29.42,2.22,UKP_0023,2,2016
2016-01-09 02:00:00+00:00,111.78,147.05,-4.56,30.77,2.3,UKP_0023,2,2016
2016-01-09 03:00:00+00:00,270.35,352.3,-0.44,24.64,2.37,UKP_0023,2,2016
2016-01-09 04:00:00+00:00,426.7,533.33,2.69,16.88,2.17,UKP_0023,2,2016
2016-01-09 05:00:00+00:00,540.88,656.6,5.5,12.38,1.07,UKP_0023,2,2016
2016-01-09 06:00:00+00:00,690.97,718.28,7.12,12.83,2.35,UKP_0023,2,2016
2016-01-09 07:00:00+00:00,651.33,700.88,7.63,15.38,3.31,UKP_0023,2,2016
2016-01-09 08:00:00+00:00,494.2,614.85,7.39,18.99,3.81,UKP_0023,2,2016
2016-01-09 09:00:00+00:00,370.38,468.58,6.68,23.01,3.71,UKP_0023,2,2016
2016-01-09 10:00:00+00:00,248.9,274.75,5.3,28.82,3.35,UKP_0023,2,2016
2016-01-09 11:00:00+00:00,45.97,61.97,1.69,44.49,1.92,UKP_0023,2,2016
2016-01-09 12:00:00+00:00,0.0,0.0,-0.13,53.8,1.2,UKP_0023,2,2016
2016-01-09 13:00:00+00:00,0.0,0.0,-0.55,57.46,0.69,UKP_0023,2,2016
2016-01-09 14:00:00+00:00,0.0,0.0,-1.06,59.37,0.74,UKP_0023,2,2016
2016-01-09 15:00:00+00:00,0.0,0.0,-1.37,57.24,1.12,UKP_0023,2,2016
2016-01-09 16:00:00+00:00,0.0,0.0,-1.51,52.94,1.21,UKP_0023,2,2016
2016-01-09 17:00:00+00:00,0.0,0.0,-1.29,47.29,1.08,UKP_0023,2,2016
2016-01-09 18:00:00+00:00,0.0,0.0,-1.47,43.86,0.97,UKP_0023,2,2016
2016-01-09 19:00:00+00:00,0.0,0.0,-1.71,41.16,1.09,UKP_0023,2,2016
2016-01-09 20:00:00+00:00,0.0,0.0,-2.09,38.56,1.35,UKP_0023,2,2016
2016-01-09 21:00:00+00:00,0.0,0.0,-2.46,36.39,1.61,UKP_0023,2,2016
2016-01-09 22:00:00+00:00,0.0,0.0,-2.53,30.96,1.9,UKP_0023,2,2016
2016-01-09 23:00:00+00:00,0.0,0.0,-2.91,26.6,2.07,UKP_0023,2,2016
2016-01-10 00:00:00+00:00,0.0,0.0,-3.23,23.27,2.2,UKP_0023,2,2016
2016-01-10 01:00:00+00:00,0.0,0.0,-3.56,21.48,2.33,UKP_0023,2,2016
2016-01-10 02:00:00+00:00,118.53,154.18,-2.21,23.38,2.28,UKP_0023,2,2016
2016-01-10 03:00:00+00:00,266.1,360.67,2.08,19.14,2.0,UKP_0023,2,2016
2016-01-10 04:00:00+00:00,421.2,536.15,5.42,18.88,0.81,UKP_0023,2,2016
2016-01-10 05:00:00+00:00,570.25,661.1,7.64,18.88,2.56,UKP_0023,2,2016
2016-01-10 06:00:00+00:00,533.65,710.1,8.27,20.44,3.79,UKP_0023,2,2016
2016-01-10 07:00:00+00:00,544.25,699.42,8.28,22.67,4.35,UKP_0023,2,2016
2016-01-10 08:00:00+00:00,500.6,615.38,7.81,25.41,4.32,UKP_0023,2,2016
2016-01-10 09:00:00+00:00,371.8,471.25,6.9,28.39,3.76,UKP_0023,2,2016
2016-01-10 10:00:00+00:00,249.9,279.95,5.49,32.42,3.12,UKP_0023,2,2016
2016-01-10 11:00:00+00:00,49.08,66.32,2.21,44.6,1.69,UKP_0023,2,2016
2016-01-10 12:00:00+00:00,0.0,0.0,0.88,48.58,0.6,UKP_0023,2,2016
2016-01-10 13:00:00+00:00,0.0,0.0,0.01,51.77,0.67,UKP_0023,2,2016
2016-01-10 14:00:00+00:00,0.0,0.0,-1.11,56.23,1.17,UKP_0023,2,2016
2016-01-10 15:00:00+00:00,0.0,0.0,-1.23,55.61,1.25,UKP_0023,2,2016
2016-01-10 16:00:00+00:00,0.0,0.0,-1.2,54.27,1.09,UKP_0023,2,2016
2016-01-10 17:00:00+00:00,0.0,0.0,-1.36,53.34,0.98,UKP_0023,2,2016
2016-01-10 18:00:00+00:00,0.0,0.0,-1.57,53.01,1.09,UKP_0023,2,2016
2016-01-10 19:00:00+00:00,0.0,0.0,-1.93,53.52,1.27,UKP_0023,2,2016
2016-01-10 20:00:00+00:00,0.0,0.0,-2.16,51.68,1.47,UKP_0023,2,2016
2016-01-10 21:00:00+00:00,0.0,0.0,-2.52,49.15,1.67,UKP_0023,2,2016
2016-01-10 22:00:00+00:00,0.0,0.0,-2.96,46.28,1.86,UKP_0023,2,2016
2016-01-10 23:00:00+00:00,0.0,0.0,-3.39,43.59,2.02,UKP_0023,2,2016
2016-01-11 00:00:00+00:00,0.0,0.0,-3.97,42.22,2.17,UKP_0023,2,2016
2016-01-11 01:00:00+00:00,0.0,0.0,-4.1,39.1,2.33,UKP_0023,2,2016
2016-01-11 02:00:00+00:00,136.15,154.65,-2.16,34.1,2.2,UKP_0023,2,2016
2016-01-11 03:00:00+00:00,300.48,357.58,2.21,25.27,1.85,UKP_0023,2,2016
2016-01-11 04:00:00+00:00,464.58,538.05,5.54,19.5,0.5,UKP_0023,2,2016
2016-01-11 05:00:00+00:00,572.95,664.95,7.54,18.5,3.47,UKP_0023,2,2016
2016-01-11 06:00:00+00:00,623.8,717.5,8.06,20.25,4.64,UKP_0023,2,2016
2016-01-11 07:00:00+00:00,594.65,707.08,8.02,22.58,5.0,UKP_0023,2,2016
2016-01-11 08:00:00+00:00,555.42,623.47,7.5,25.33,4.88,UKP_0023,2,2016
2016-01-11 09:00:00+00:00,409.48,476.88,6.41,29.05,4.22,UKP_0023,2,2016
2016-01-11 10:00:00+00:00,260.8,283.55,4.85,33.53,3.08,UKP_0023,2,2016
2016-01-11 11:00:00+00:00,51.25,68.03,2.13,43.77,1.39,UKP_0023,2,2016
2016-01-11 12:00:00+00:00,0.0,0.0,0.75,47.99,0.17,UKP_0023,2,2016
2016-01-11 13:00:00+00:00,0.0,0.0,-0.49,51.82,1.18,UKP_0023,2,2016
2016-01-11 14:00:00+00:00,0.0,0.0,-0.89,52.2,1.29,UKP_0023,2,2016
2016-01-11 15:00:00+00:00,0.0,0.0,-0.8,49.48,0.98,UKP_0023,2,2016
2016-01-11 16:00:00+00:00,0.0,0.0,-0.39,45.74,0.79,UKP_0023,2,2016
2016-01-11 17:00:00+00:00,0.0,0.0,-1.21,46.9,0.95,UKP_0023,2,2016
2016-01-11 18:00:00+00:00,0.0,0.0,-1.7,46.49,1.13,UKP_0023,2,2016
2016-01-11 19:00:00+00:00,0.0,0.0,-1.78,44.66,0.99,UKP_0023,2,2016
2016-01-11 20:00:00+00:00,0.0,0.0,-1.53,43.33,0.76,UKP_0023,2,2016
2016-01-11 21:00:00+00:00,0.0,0.0,-1.91,44.5,0.69,UKP_0023,2,2016
2016-01-11 22:00:00+00:00,0.0,0.0,-2.38,46.04,0.74,UKP_0023,2,2016
2016-01-11 23:00:00+00:00,0.0,0.0,-2.5,46.05,0.8,UKP_0023,2,2016
2016-01-12 00:00:00+00:00,0.0,0.0,-2.17,44.38,0.88,UKP_0023,2,2016
2016-01-12 01:00:00+00:00,0.0,0.0,-1.81,42.88,0.91,UKP_0023,2,2016
2016-01-12 02:00:00+00:00,100.55,147.93,-0.74,41.01,0.75,UKP_0023,2,2016
2016-01-12 03:00:00+00:00,270.52,353.7,1.94,36.92,0.32,UKP_0023,2,2016
2016-01-12 04:00:00+00:00,346.38,531.38,3.79,31.28,2.65,UKP_0023,2,2016
2016-01-12 05:00:00+00:00,464.38,656.17,5.0,27.18,3.75,UKP_0023,2,2016
2016-01-12 06:00:00+00:00,514.58,705.1,5.75,24.92,4.2,UKP_0023,2,2016
2016-01-12 07:00:00+00:00,518.9,692.72,6.01,24.09,4.53,UKP_0023,2,2016
2016-01-12 08:00:00+00:00,471.1,608.12,5.69,24.73,4.56,UKP_0023,2,2016
2016-01-12 09:00:00+00:00,337.23,456.92,4.84,26.62,4.17,UKP_0023,2,2016
2016-01-12 10:00:00+00:00,228.43,258.8,3.42,30.26,3.54,UKP_0023,2,2016
2016-01-12 11:00:00+00:00,44.15,53.88,0.48,41.41,2.18,UKP_0023,2,2016
2016-01-12 12:00:00+00:00,0.0,0.0,-1.02,48.08,1.36,UKP_0023,2,2016
2016-01-12 13:00:00+00:00,0.0,0.0,-1.31,51.12,0.67,UKP_0023,2,2016
2016-01-12 14:00:00+00:00,0.0,0.0,-2.21,55.13,0.19,UKP_0023,2,2016
2016-01-12 15:00:00+00:00,0.0,0.0,-2.87,57.34,0.37,UKP_0023,2,2016
2016-01-12 16:00:00+00:00,0.0,0.0,-3.2,57.26,0.72,UKP_0023,2,2016
2016-01-12 17:00:00+00:00,0.0,0.0,-3.93,57.83,0.87,UKP_0023,2,2016
2016-01-12 18:00:00+00:00,0.0,0.0,-4.62,57.51,0.91,UKP_0023,2,2016
2016-01-12 19:00:00+00:00,0.0,0.0,-5.04,55.1,0.96,UKP_0023,2,2016
2016-01-12 20:00:00+00:00,0.0,0.0,-5.52,55.34,0.99,UKP_0023,2,2016
2016-01-12 21:00:00+00:00,0.0,0.0,-5.88,54.35,1.1,UKP_0023,2,2016
2016-01-12 22:00:00+00:00,0.0,0.0,-5.98,48.44,1.15,UKP_0023,2,2016
2016-01-12 23:00:00+00:00,0.0,0.0,-6.3,43.89,1.05,UKP_0023,2,2016
2016-01-13 00:00:00+00:00,0.0,0.0,-6.69,41.24,0.96,UKP_0023,2,2016
2016-01-13 01:00:00+00:00,0.0,0.0,-6.59,38.04,0.89,UKP_0023,2,2016
2016-01-13 02:00:00+00:00,93.55,103.78,-4.4,34.46,0.8,UKP_0023,2,2016
2016-01-13 03:00:00+00:00,257.1,276.58,-1.27,31.18,1.2,UKP_0023,2,2016
2016-01-13 04:00:00+00:00,413.48,447.05,0.54,24.18,2.65,UKP_0023,2,2016
2016-01-13 05:00:00+00:00,543.92,572.2,1.79,22.08,3.44,UKP_0023,2,2016
2016-01-13 06:00:00+00:00,575.38,699.65,2.65,22.11,4.17,UKP_0023,2,2016
2016-01-13 07:00:00+00:00,544.03,687.3,3.0,24.06,4.48,UKP_0023,2,2016
2016-01-13 08:00:00+00:00,456.33,606.97,2.74,27.05,4.3,UKP_0023,2,2016
2016-01-13 09:00:00+00:00,337.0,463.67,1.96,30.8,3.72,UKP_0023,2,2016
2016-01-13 10:00:00+00:00,231.18,271.83,0.78,35.94,3.0,UKP_0023,2,2016
2016-01-13 11:00:00+00:00,45.15,62.72,-1.46,47.45,1.74,UKP_0023,2,2016
2016-01-13 12:00:00+00:00,0.0,0.0,-2.7,55.39,0.66,UKP_0023,2,2016
2016-01-13 13:00:00+00:00,0.0,0.0,-3.28,59.15,0.51,UKP_0023,2,2016
2016-01-13 14:00:00+00:00,0.0,0.0,-4.13,61.53,1.23,UKP_0023,2,2016
2016-01-13 15:00:00+00:00,0.0,0.0,-5.04,62.33,1.5,UKP_0023,2,2016
2016-01-13 16:00:00+00:00,0.0,0.0,-5.59,59.78,1.61,UKP_0023,2,2016
2016-01-13 17:00:00+00:00,0.0,0.0,-5.8,54.62,1.65,UKP_0023,2,2016
2016-01-13 18:00:00+00:00,0.0,0.0,-5.9,48.77,1.76,UKP_0023,2,2016
2016-01-13 19:00:00+00:00,0.0,0.0,-6.21,42.98,1.92,UKP_0023,2,2016
2016-01-13 20:00:00+00:00,0.0,0.0,-6.46,38.54,2.03,UKP_0023,2,2016
2016-01-13 21:00:00+00:00,0.0,0.0,-6.7,35.47,2.14,UKP_0023,2,2016
2016-01-13 22:00:00+00:00,0.0,0.0,-6.8,33.17,2.19,UKP_0023,2,2016
2016-01-13 23:00:00+00:00,0.0,0.0,-6.68,30.9,2.14,UKP_0023,2,2016
2016-01-14 00:00:00+00:00,0.0,0.0,-6.34,29.71,2.06,UKP_0023,2,2016
2016-01-14 01:00:00+00:00,0.0,0.0,-5.88,32.79,2.06,UKP_0023,2,2016
2016-01-14 02:00:00+00:00,66.25,149.8,-4.21,32.88,1.84,UKP_0023,2,2016
2016-01-14 03:00:00+00:00,198.38,356.77,-1.37,31.87,1.29,UKP_0023,2,2016
2016-01-14 04:00:00+00:00,345.58,535.58,1.28,22.77,0.71,UKP_0023,2,2016
2016-01-14 05:00:00+00:00,376.3,664.22,3.31,19.12,2.12,UKP_0023,2,2016
2016-01-14 06:00:00+00:00,348.73,706.03,4.4,17.55,3.29,UKP_0023,2,2016
2016-01-14 07:00:00+00:00,250.65,698.03,4.28,19.17,3.82,UKP_0023,2,2016
2016-01-14 08:00:00+00:00,262.48,616.6,3.33,23.08,3.65,UKP_0023,2,2016
2016-01-14 09:00:00+00:00,217.35,470.33,2.24,27.89,2.78,UKP_0023,2,2016
2016-01-14 10:00:00+00:00,124.6,274.83,1.05,36.8,1.87,UKP_0023,2,2016
2016-01-14 11:00:00+00:00,30.98,65.43,-0.16,44.49,1.24,UKP_0023,2,2016
2016-01-14 12:00:00+00:00,0.0,0.0,-1.37,49.22,1.0,UKP_0023,2,2016
2016-01-14 13:00:00+00:00,0.0,0.0,-2.07,54.61,0.88,UKP_0023,2,2016
2016-01-14 14:00:00+00:00,0.0,0.0,-2.68,59.55,0.78,UKP_0023,2,2016
2016-01-14 15:00:00+00:00,0.0,0.0,-3.06,62.19,0.78,UKP_0023,2,2016
2016-01-14 16:00:00+00:00,0.0,0.0,-3.09,62.58,0.77,UKP_0023,2,2016
2016-01-14 17:00:00+00:00,0.0,0.0,-3.25,61.74,0.94,UKP_0023,2,2016
2016-01-14 18:00:00+00:00,0.0,0.0,-3.78,64.03,1.04,UKP_0023,2,2016
2016-01-14 19:00:00+00:00,0.0,0.0,-4.29,67.86,1.07,UKP_0023,2,2016
2016-01-14 20:00:00+00:00,0.0,0.0,-4.69,69.9,0.94,UKP_0023,2,2016
2016-01-14 21:00:00+00:00,0.0,0.0,-5.09,70.61,0.92,UKP_0023,2,2016
2016-01-14 22:00:00+00:00,0.0,0.0,-5.46,71.71,0.89,UKP_0023,2,2016
2016-01-14 23:00:00+00:00,0.0,0.0,-5.73,72.79,0.92,UKP_0023,2,2016
2016-01-15 00:00:00+00:00,0.0,0.0,-6.0,74.2,1.06,UKP_0023,2,2016
2016-01-15 01:00:00+00:00,0.0,0.0,-6.17,73.8,1.2,UKP_0023,2,2016
2016-01-15 02:00:00+00:00,104.47,142.77,-4.56,62.2,1.05,UKP_0023,2,2016
2016-01-15 03:00:00+00:00,244.38,348.42,-0.97,41.68,0.34,UKP_0023,2,2016
2016-01-15 04:00:00+00:00,389.95,532.53,1.1,28.96,2.3,UKP_0023,2,2016
2016-01-15 05:00:00+00:00,476.98,662.53,2.41,25.59,3.29,UKP_0023,2,2016
2016-01-15 06:00:00+00:00,550.3,716.72,3.34,24.5,3.92,UKP_0023,2,2016
2016-01-15 07:00:00+00:00,543.95,710.22,3.79,24.83,4.34,UKP_0023,2,2016
2016-01-15 08:00:00+00:00,466.27,629.65,3.71,26.63,4.44,UKP_0023,2,2016
2016-01-15 09:00:00+00:00,340.4,484.0,3.15,29.73,4.2,UKP_0023,2,2016
2016-01-15 10:00:00+00:00,227.7,290.67,1.97,34.55,3.73,UKP_0023,2,2016
2016-01-15 11:00:00+00:00,49.78,74.47,-0.6,45.69,2.32,UKP_0023,2,2016
2016-01-15 12:00:00+00:00,0.0,0.0,-2.36,55.38,1.21,UKP_0023,2,2016
2016-01-15 13:00:00+00:00,0.0,0.0,-2.74,58.57,0.35,UKP_0023,2,2016
2016-01-15 14:00:00+00:00,0.0,0.0,-3.9,62.83,1.19,UKP_0023,2,2016
2016-01-15 15:00:00+00:00,0.0,0.0,-4.61,62.97,1.71,UKP_0023,2,2016
2016-01-15 16:00:00+00:00,0.0,0.0,-5.17,61.24,2.01,UKP_0023,2,2016
2016-01-15 17:00:00+00:00,0.0,0.0,-5.54,57.38,2.19,UKP_0023,2,2016
2016-01-15 18:00:00+00:00,0.0,0.0,-5.86,52.97,2.32,UKP_0023,2,2016
2016-01-15 19:00:00+00:00,0.0,0.0,-6.21,48.1,2.46,UKP_0023,2,2016
2016-01-15 20:00:00+00:00,0.0,0.0,-6.65,44.18,2.63,UKP_0023,2,2016
2016-01-15 21:00:00+00:00,0.0,0.0,-7.23,41.06,2.86,UKP_0023,2,2016
2016-01-15 22:00:00+00:00,0.0,0.0,-7.77,38.78,3.08,UKP_0023,2,2016
2016-01-15 23:00:00+00:00,0.0,0.0,-8.24,37.1,3.29,UKP_0023,2,2016
2016-01-16 00:00:00+00:00,0.0,0.0,-8.58,35.96,3.46,UKP_0023,2,2016
2016-01-16 01:00:00+00:00,0.0,0.0,-8.73,35.31,3.58,UKP_0023,2,2016
2016-01-16 02:00:00+00:00,138.15,153.07,-5.8,30.67,3.24,UKP_0023,2,2016
2016-01-16 03:00:00+00:00,317.15,363.62,-0.11,17.54,3.44,UKP_0023,2,2016
2016-01-16 04:00:00+00:00,488.95,549.55,3.92,11.48,1.52,UKP_0023,2,2016
2016-01-16 05:00:00+00:00,612.55,681.47,6.49,9.71,0.76,UKP_0023,2,2016
2016-01-16 06:00:00+00:00,691.55,737.35,7.86,9.78,2.53,UKP_0023,2,2016
2016-01-16 07:00:00+00:00,603.38,728.92,8.24,11.47,3.73,UKP_0023,2,2016
2016-01-16 08:00:00+00:00,527.67,646.28,7.89,14.25,4.38,UKP_0023,2,2016
2016-01-16 09:00:00+00:00,396.25,498.85,6.94,17.78,4.31,UKP_0023,2,2016
2016-01-16 10:00:00+00:00,257.95,302.95,5.3,22.79,3.76,UKP_0023,2,2016
2016-01-16 11:00:00+00:00,63.65,82.2,1.64,36.17,2.07,UKP_0023,2,2016
2016-01-16 12:00:00+00:00,0.0,0.0,0.02,43.05,1.1,UKP_0023,2,2016
2016-01-16 13:00:00+00:00,0.0,0.0,-0.31,45.75,0.14,UKP_0023,2,2016
2016-01-16 14:00:00+00:00,0.0,0.0,-1.51,49.92,1.01,UKP_0023,2,2016
2016-01-16 15:00:00+00:00,0.0,0.0,-2.25,51.14,1.29,UKP_0023,2,2016
2016-01-16 16:00:00+00:00,0.0,0.0,-2.61,50.22,1.26,UKP_0023,2,2016
2016-01-16 17:00:00+00:00,0.0,0.0,-2.52,47.14,1.0,UKP_0023,2,2016
2016-01-16 18:00:00+00:00,0.0,0.0,-2.39,44.39,0.82,UKP_0023,2,2016
2016-01-16 19:00:00+00:00,0.0,0.0,-2.65,43.3,0.78,UKP_0023,2,2016
2016-01-16 20:00:00+00:00,0.0,0.0,-2.86,41.75,0.76,UKP_0023,2,2016
2016-01-16 21:00:00+00:00,0.0,0.0,-2.92,40.32,0.66,UKP_0023,2,2016
2016-01-16 22:00:00+00:00,0.0,0.0,-3.38,44.08,0.57,UKP_0023,2,2016
2016-01-16 23:00:00+00:00,0.0,0.0,-4.15,47.82,0.69,UKP_0023,2,2016
2016-01-17 00:00:00+00:00,0.0,0.0,-4.4,48.88,0.87,UKP_0023,2,2016
2016-01-17 01:00:00+00:00,0.0,0.0,-4.52,48.36,0.93,UKP_0023,2,2016
2016-01-17 02:00:00+00:00,142.8,161.93,-3.16,43.14,0.86,UKP_0023,2,2016
2016-01-17 03:00:00+00:00,301.12,373.75,0.33,33.82,0.79,UKP_0023,2,2016
2016-01-17 04:00:00+00:00,465.3,559.33,2.43,26.34,1.88,UKP_0023,2,2016
2016-01-17 05:00:00+00:00,576.62,688.8,4.0,21.5,3.27,UKP_0023,2,2016
2016-01-17 06:00:00+00:00,636.67,748.33,5.01,20.4,4.02,UKP_0023,2,2016
2016-01-17 07:00:00+00:00,632.05,739.67,5.41,21.07,4.51,UKP_0023,2,2016
2016-01-17 08:00:00+00:00,580.58,658.67,5.15,23.6,4.72,UKP_0023,2,2016
2016-01-17 09:00:00+00:00,416.25,510.73,4.31,27.44,4.39,UKP_0023,2,2016
2016-01-17 10:00:00+00:00,262.0,312.1,2.92,32.33,3.71,UKP_0023,2,2016
2016-01-17 11:00:00+00:00,68.05,88.15,0.16,43.74,2.17,UKP_0023,2,2016
2016-01-17 12:00:00+00:00,0.0,0.0,-1.47,52.47,1.22,UKP_0023,2,2016
2016-01-17 13:00:00+00:00,0.0,0.0,-2.02,56.7,0.57,UKP_0023,2,2016
2016-01-17 14:00:00+00:00,0.0,0.0,-2.91,61.12,0.07,UKP_0023,2,2016
2016-01-17 15:00:00+00:00,0.0,0.0,-3.58,63.46,0.37,UKP_0023,2,2016
2016-01-17 16:00:00+00:00,0.0,0.0,-4.11,63.8,0.83,UKP_0023,2,2016
2016-01-17 17:00:00+00:00,0.0,0.0,-4.61,62.26,1.02,UKP_0023,2,2016
2016-01-17 18:00:00+00:00,0.0,0.0,-4.97,58.9,1.07,UKP_0023,2,2016
2016-01-17 19:00:00+00:00,0.0,0.0,-5.19,54.06,1.11,UKP_0023,2,2016
2016-01-17 20:00:00+00:00,0.0,0.0,-5.52,48.6,1.11,UKP_0023,2,2016
2016-01-17 21:00:00+00:00,0.0,0.0,-5.67,41.54,1.17,UKP_0023,2,2016
2016-01-17 22:00:00+00:00,0.0,0.0,-5.68,34.78,1.06,UKP_0023,2,2016
2016-01-17 23:00:00+00:00,0.0,0.0,-6.05,31.03,1.01,UKP_0023,2,2016
2016-01-18 00:00:00+00:00,0.0,0.0,-6.11,28.45,1.02,UKP_0023,2,2016
2016-01-18 01:00:00+00:00,0.0,0.0,-6.31,27.09,1.06,UKP_0023,2,2016
2016-01-18 02:00:00+00:00,120.28,150.05,-4.61,27.47,1.0,UKP_0023,2,2016
2016-01-18 03:00:00+00:00,301.6,357.75,-1.03,19.75,0.74,UKP_0023,2,2016
2016-01-18 04:00:00+00:00,431.83,541.17,1.27,13.21,2.24,UKP_0023,2,2016
2016-01-18 05:00:00+00:00,571.78,669.58,2.79,12.75,3.66,UKP_0023,2,2016
2016-01-18 06:00:00+00:00,707.3,737.53,3.74,13.87,4.59,UKP_0023,2,2016
2016-01-18 07:00:00+00:00,593.78,724.6,4.09,16.25,5.23,UKP_0023,2,2016
2016-01-18 08:00:00+00:00,525.9,638.1,3.8,19.78,5.6,UKP_0023,2,2016
2016-01-18 09:00:00+00:00,383.55,481.77,2.95,24.39,5.45,UKP_0023,2,2016
2016-01-18 10:00:00+00:00,256.52,285.3,1.55,30.54,4.8,UKP_0023,2,2016
2016-01-18 11:00:00+00:00,57.65,72.47,-1.11,42.85,3.24,UKP_0023,2,2016
2016-01-18 12:00:00+00:00,0.0,0.0,-2.7,53.07,2.07,UKP_0023,2,2016
2016-01-18 13:00:00+00:00,0.0,0.0,-3.09,57.71,1.54,UKP_0023,2,2016
2016-01-18 14:00:00+00:00,0.0,0.0,-3.97,62.97,1.19,UKP_0023,2,2016
2016-01-18 15:00:00+00:00,0.0,0.0,-4.99,68.42,1.09,UKP_0023,2,2016
2016-01-18 16:00:00+00:00,0.0,0.0,-5.38,70.15,1.14,UKP_0023,2,2016
2016-01-18 17:00:00+00:00,0.0,0.0,-5.78,71.97,1.13,UKP_0023,2,2016
2016-01-18 18:00:00+00:00,0.0,0.0,-6.13,72.28,1.14,UKP_0023,2,2016
2016-01-18 19:00:00+00:00,0.0,0.0,-6.41,70.57,1.13,UKP_0023,2,2016
2016-01-18 20:00:00+00:00,0.0,0.0,-6.63,67.73,1.09,UKP_0023,2,2016
2016-01-18 21:00:00+00:00,0.0,0.0,-6.9,65.71,1.06,UKP_0023,2,2016
2016-01-18 22:00:00+00:00,0.0,0.0,-7.23,64.91,1.06,UKP_0023,2,2016
2016-01-18 23:00:00+00:00,0.0,0.0,-7.4,63.82,1.08,UKP_0023,2,2016
2016-01-19 00:00:00+00:00,0.0,0.0,-7.66,63.56,1.13,UKP_0023,2,2016
2016-01-19 01:00:00+00:00,0.0,0.0,-7.93,63.33,1.23,UKP_0023,2,2016
2016-01-19 02:00:00+00:00,29.62,144.2,-6.28,54.29,1.15,UKP_0023,2,2016
2016-01-19 03:00:00+00:00,91.62,353.12,-2.71,39.4,2.05,UKP_0023,2,2016
2016-01-19 04:00:00+00:00,168.5,535.17,-0.56,29.13,3.47,UKP_0023,2,2016
2016-01-19 05:00:00+00:00,233.52,655.08,0.94,24.1,4.11,UKP_0023,2,2016
2016-01-19 06:00:00+00:00,374.8,711.88,1.88,22.35,4.69,UKP_0023,2,2016
2016-01-19 07:00:00+00:00,424.92,694.55,2.22,22.72,5.05,UKP_0023,2,2016
2016-01-19 08:00:00+00:00,356.98,603.55,1.84,25.08,4.86,UKP_0023,2,2016
2016-01-19 09:00:00+00:00,248.2,445.6,0.57,30.44,4.34,UKP_0023,2,2016
2016-01-19 10:00:00+00:00,130.4,246.23,-0.72,37.35,3.66,UKP_0023,2,2016
2016-01-19 11:00:00+00:00,31.62,60.05,-2.55,49.82,2.48,UKP_0023,2,2016
2016-01-19 12:00:00+00:00,0.0,0.0,-3.81,59.43,1.96,UKP_0023,2,2016
2016-01-19 13:00:00+00:00,0.0,0.0,-4.27,64.69,1.45,UKP_0023,2,2016
2016-01-19 14:00:00+00:00,0.0,0.0,-4.6,67.63,0.92,UKP_0023,2,2016
2016-01-19 15:00:00+00:00,0.0,0.0,-5.09,71.34,0.62,UKP_0023,2,2016
2016-01-19 16:00:00+00:00,0.0,0.0,-5.49,73.8,0.47,UKP_0023,2,2016
2016-01-19 17:00:00+00:00,0.0,0.0,-5.81,75.8,0.46,UKP_0023,2,2016
2016-01-19 18:00:00+00:00,0.0,0.0,-6.11,76.81,0.67,UKP_0023,2,2016
2016-01-19 19:00:00+00:00,0.0,0.0,-6.31,77.15,0.83,UKP_0023,2,2016
2016-01-19 20:00:00+00:00,0.0,0.0,-6.48,76.98,1.01,UKP_0023,2,2016
2016-01-19 21:00:00+00:00,0.0,0.0,-6.36,74.28,1.06,UKP_0023,2,2016
2016-01-19 22:00:00+00:00,0.0,0.0,-6.21,72.07,1.04,UKP_0023,2,2016
2016-01-19 23:00:00+00:00,0.0,0.0,-6.45,73.57,1.1,UKP_0023,2,2016
2016-01-20 00:00:00+00:00,0.0,0.0,-6.69,75.45,0.99,UKP_0023,2,2016
2016-01-20 01:00:00+00:00,0.0,0.0,-6.87,77.0,0.86,UKP_0023,2,2016
2016-01-20 02:00:00+00:00,100.47,138.98,-5.69,73.12,1.1,UKP_0023,2,2016
2016-01-20 03:00:00+00:00,221.45,345.25,-3.43,57.2,1.73,UKP_0023,2,2016
2016-01-20 04:00:00+00:00,349.23,535.0,-1.3,43.42,1.35,UKP_0023,2,2016
2016-01-20 05:00:00+00:00,447.38,667.35,0.44,34.24,0.77,UKP_0023,2,2016
2016-01-20 06:00:00+00:00,450.27,725.08,1.27,31.74,1.88,UKP_0023,2,2016
2016-01-20 07:00:00+00:00,472.95,715.83,1.61,31.78,2.97,UKP_0023,2,2016
2016-01-20 08:00:00+00:00,477.77,637.7,1.46,33.75,3.79,UKP_0023,2,2016
2016-01-20 09:00:00+00:00,343.1,485.02,1.02,36.53,4.03,UKP_0023,2,2016
2016-01-20 10:00:00+00:00,195.02,292.92,-0.08,40.88,3.91,UKP_0023,2,2016
2016-01-20 11:00:00+00:00,52.33,82.72,-2.59,53.79,2.62,UKP_0023,2,2016
2016-01-20 12:00:00+00:00,0.0,0.0,-5.36,71.51,1.39,UKP_0023,2,2016
2016-01-20 13:00:00+00:00,0.0,0.0,-5.62,72.3,0.87,UKP_0023,2,2016
2016-01-20 14:00:00+00:00,0.0,0.0,-5.84,69.26,0.87,UKP_0023,2,2016
2016-01-20 15:00:00+00:00,0.0,0.0,-6.04,64.43,1.23,UKP_0023,2,2016
2016-01-20 16:00:00+00:00,0.0,0.0,-6.42,60.01,1.51,UKP_0023,2,2016
2016-01-20 17:00:00+00:00,0.0,0.0,-6.54,53.34,1.61,UKP_0023,2,2016
2016-01-20 18:00:00+00:00,0.0,0.0,-6.68,47.56,1.63,UKP_0023,2,2016
2016-01-20 19:00:00+00:00,0.0,0.0,-6.97,43.51,1.71,UKP_0023,2,2016
2016-01-20 20:00:00+00:00,0.0,0.0,-7.12,39.07,1.85,UKP_0023,2,2016
2016-01-20 21:00:00+00:00,0.0,0.0,-7.56,35.38,2.11,UKP_0023,2,2016
2016-01-20 22:00:00+00:00,0.0,0.0,-8.35,31.57,2.46,UKP_0023,2,2016
2016-01-20 23:00:00+00:00,0.0,0.0,-9.14,27.86,2.82,UKP_0023,2,2016
2016-01-21 00:00:00+00:00,0.0,0.0,-9.91,24.72,3.12,UKP_0023,2,2016
2016-01-21 01:00:00+00:00,0.0,0.0,-10.53,22.53,3.36,UKP_0023,2,2016
2016-01-21 02:00:00+00:00,124.65,169.77,-7.68,20.7,3.09,UKP_0023,2,2016
2016-01-21 03:00:00+00:00,264.92,383.48,-2.26,10.39,3.33,UKP_0023,2,2016
2016-01-21 04:00:00+00:00,382.58,571.67,1.84,7.87,1.49,UKP_0023,2,2016
2016-01-21 05:00:00+00:00,499.83,700.17,4.48,7.2,1.21,UKP_0023,2,2016
2016-01-21 06:00:00+00:00,587.33,754.78,5.58,8.02,2.89,UKP_0023,2,2016
2016-01-21 07:00:00+00:00,545.85,747.25,5.78,9.85,3.85,UKP_0023,2,2016
2016-01-21 08:00:00+00:00,509.0,671.03,5.31,12.43,4.32,UKP_0023,2,2016
2016-01-21 09:00:00+00:00,395.95,523.5,4.4,15.11,4.13,UKP_0023,2,2016
2016-01-21 10:00:00+00:00,278.23,326.0,3.02,18.12,3.68,UKP_0023,2,2016
2016-01-21 11:00:00+00:00,68.45,100.0,-0.26,28.43,2.14,UKP_0023,2,2016
2016-01-21 12:00:00+00:00,0.0,0.0,-2.43,35.85,1.24,UKP_0023,2,2016
2016-01-21 13:00:00+00:00,0.0,0.0,-2.93,36.7,0.62,UKP_0023,2,2016
2016-01-21 14:00:00+00:00,0.0,0.0,-3.74,37.04,1.17,UKP_0023,2,2016
2016-01-21 15:00:00+00:00,0.0,0.0,-4.09,35.33,1.28,UKP_0023,2,2016
2016-01-21 16:00:00+00:00,0.0,0.0,-4.46,33.26,1.39,UKP_0023,2,2016
2016-01-21 17:00:00+00:00,0.0,0.0,-4.69,30.66,1.43,UKP_0023,2,2016
2016-01-21 18:00:00+00:00,0.0,0.0,-4.98,27.81,1.51,UKP_0023,2,2016
2016-01-21 19:00:00+00:00,0.0,0.0,-5.26,25.63,1.61,UKP_0023,2,2016
2016-01-21 20:00:00+00:00,0.0,0.0,-5.34,22.93,1.87,UKP_0023,2,2016
2016-01-21 21:00:00+00:00,0.0,0.0,-5.99,21.2,2.15,UKP_0023,2,2016
2016-01-21 22:00:00+00:00,0.0,0.0,-6.54,19.05,2.37,UKP_0023,2,2016
2016-01-21 23:00:00+00:00,0.0,0.0,-6.91,16.72,2.51,UKP_0023,2,2016
2016-01-22 00:00:00+00:00,0.0,0.0,-7.08,14.98,2.57,UKP_0023,2,2016
2016-01-22 01:00:00+00:00,0.0,0.0,-6.99,13.89,2.54,UKP_0023,2,2016
2016-01-22 02:00:00+00:00,125.7,158.07,-4.89,17.12,2.32,UKP_0023,2,2016
2016-01-22 03:00:00+00:00,274.1,367.27,-0.22,10.46,1.95,UKP_0023,2,2016
2016-01-22 04:00:00+00:00,432.17,555.25,3.26,9.59,0.87,UKP_0023,2,2016
2016-01-22 05:00:00+00:00,532.4,687.4,4.93,10.6,3.32,UKP_0023,2,2016
2016-01-22 06:00:00+00:00,640.7,752.5,5.56,11.74,4.24,UKP_0023,2,2016
2016-01-22 07:00:00+00:00,710.47,746.38,5.68,12.98,4.74,UKP_0023,2,2016
2016-01-22 08:00:00+00:00,601.5,635.83,5.3,14.2,4.83,UKP_0023,2,2016
2016-01-22 09:00:00+00:00,441.75,493.25,4.38,15.81,4.38,UKP_0023,2,2016
2016-01-22 10:00:00+00:00,260.38,307.58,2.92,18.12,3.73,UKP_0023,2,2016
2016-01-22 11:00:00+00:00,74.57,99.18,-0.39,27.43,2.14,UKP_0023,2,2016
2016-01-22 12:00:00+00:00,0.0,0.0,-2.21,32.37,1.12,UKP_0023,2,2016
2016-01-22 13:00:00+00:00,0.0,0.0,-2.69,33.03,0.32,UKP_0023,2,2016
2016-01-22 14:00:00+00:00,0.0,0.0,-3.79,34.75,1.04,UKP_0023,2,2016
2016-01-22 15:00:00+00:00,0.0,0.0,-4.18,34.64,1.17,UKP_0023,2,2016
2016-01-22 16:00:00+00:00,0.0,0.0,-4.49,34.5,1.16,UKP_0023,2,2016
2016-01-22 17:00:00+00:00,0.0,0.0,-4.74,34.42,1.23,UKP_0023,2,2016
2016-01-22 18:00:00+00:00,0.0,0.0,-5.11,34.67,1.36,UKP_0023,2,2016
2016-01-22 19:00:00+00:00,0.0,0.0,-5.24,33.9,1.56,UKP_0023,2,2016
2016-01-22 20:00:00+00:00,0.0,0.0,-5.52,33.24,1.78,UKP_0023,2,2016
2016-01-22 21:00:00+00:00,0.0,0.0,-5.92,32.57,1.92,UKP_0023,2,2016
2016-01-22 22:00:00+00:00,0.0,0.0,-6.05,30.8,1.95,UKP_0023,2,2016
2016-01-22 23:00:00+00:00,0.0,0.0,-6.12,29.46,1.95,UKP_0023,2,2016
2016-01-23 00:00:00+00:00,0.0,0.0,-5.89,27.39,1.88,UKP_0023,2,2016
2016-01-23 01:00:00+00:00,0.0,0.0,-5.76,25.91,1.89,UKP_0023,2,2016
2016-01-23 02:00:00+00:00,127.6,173.15,-4.03,25.2,1.76,UKP_0023,2,2016
2016-01-23 03:00:00+00:00,240.25,391.55,-0.14,18.77,1.18,UKP_0023,2,2016
2016-01-23 04:00:00+00:00,428.2,587.0,2.63,15.37,1.84,UKP_0023,2,2016
2016-01-23 05:00:00+00:00,562.05,709.08,4.14,14.22,3.65,UKP_0023,2,2016
2016-01-23 06:00:00+00:00,702.2,749.28,4.9,14.25,4.4,UKP_0023,2,2016
2016-01-23 07:00:00+00:00,585.72,731.72,5.16,14.75,4.78,UKP_0023,2,2016
2016-01-23 08:00:00+00:00,510.5,630.85,4.92,15.63,4.78,UKP_0023,2,2016
2016-01-23 09:00:00+00:00,377.15,476.58,4.24,16.93,4.33,UKP_0023,2,2016
2016-01-23 10:00:00+00:00,236.23,293.8,2.92,19.18,3.72,UKP_0023,2,2016
2016-01-23 11:00:00+00:00,68.5,86.57,-0.28,27.97,2.16,UKP_0023,2,2016
2016-01-23 12:00:00+00:00,0.0,0.0,-2.46,34.45,1.21,UKP_0023,2,2016
2016-01-23 13:00:00+00:00,0.0,0.0,-3.1,35.9,0.34,UKP_0023,2,2016
2016-01-23 14:00:00+00:00,0.0,0.0,-3.98,37.41,0.93,UKP_0023,2,2016
2016-01-23 15:00:00+00:00,0.0,0.0,-4.28,36.8,1.32,UKP_0023,2,2016
2016-01-23 16:00:00+00:00,0.0,0.0,-4.53,36.25,1.32,UKP_0023,2,2016
2016-01-23 17:00:00+00:00,0.0,0.0,-4.16,34.08,1.09,UKP_0023,2,2016
2016-01-23 18:00:00+00:00,0.0,0.0,-3.61,32.02,0.91,UKP_0023,2,2016
2016-01-23 19:00:00+00:00,0.0,0.0,-4.39,34.46,0.96,UKP_0023,2,2016
2016-01-23 20:00:00+00:00,0.0,0.0,-4.73,36.0,1.07,UKP_0023,2,2016
2016-01-23 21:00:00+00:00,0.0,0.0,-5.07,37.05,1.16,UKP_0023,2,2016
2016-01-23 22:00:00+00:00,0.0,0.0,-5.3,37.2,1.21,UKP_0023,2,2016
2016-01-23 23:00:00+00:00,0.0,0.0,-5.67,37.5,1.28,UKP_0023,2,2016
2016-01-24 00:00:00+00:00,0.0,0.0,-5.85,36.89,1.35,UKP_0023,2,2016
2016-01-24 01:00:00+00:00,0.0,0.0,-5.88,35.8,1.42,UKP_0023,2,2016
2016-01-24 02:00:00+00:00,141.98,163.1,-3.9,32.79,1.33,UKP_0023,2,2016
2016-01-24 03:00:00+00:00,296.3,375.4,-0.75,26.17,0.63,UKP_0023,2,2016
2016-01-24 04:00:00+00:00,459.77,566.17,1.6,21.43,1.86,UKP_0023,2,2016
2016-01-24 05:00:00+00:00,575.58,699.4,3.1,19.11,3.66,UKP_0023,2,2016
2016-01-24 06:00:00+00:00,581.17,755.75,3.91,18.59,4.53,UKP_0023,2,2016
2016-01-24 07:00:00+00:00,598.97,741.65,4.16,19.2,4.87,UKP_0023,2,2016
2016-01-24 08:00:00+00:00,531.08,656.17,3.88,20.4,4.78,UKP_0023,2,2016
2016-01-24 09:00:00+00:00,394.0,509.75,3.12,21.95,4.39,UKP_0023,2,2016
2016-01-24 10:00:00+00:00,232.75,309.38,1.75,24.52,3.82,UKP_0023,2,2016
2016-01-24 11:00:00+00:00,71.75,94.4,-1.17,33.07,2.35,UKP_0023,2,2016
2016-01-24 12:00:00+00:00,0.0,0.0,-3.22,39.52,1.21,UKP_0023,2,2016
2016-01-24 13:00:00+00:00,0.0,0.0,-3.68,40.86,0.16,UKP_0023,2,2016
2016-01-24 14:00:00+00:00,0.0,0.0,-4.38,42.31,0.8,UKP_0023,2,2016
2016-01-24 15:00:00+00:00,0.0,0.0,-5.16,44.66,1.17,UKP_0023,2,2016
2016-01-24 16:00:00+00:00,0.0,0.0,-5.63,45.62,1.26,UKP_0023,2,2016
2016-01-24 17:00:00+00:00,0.0,0.0,-5.84,45.55,1.21,UKP_0023,2,2016
2016-01-24 18:00:00+00:00,0.0,0.0,-6.15,45.52,1.2,UKP_0023,2,2016
2016-01-24 19:00:00+00:00,0.0,0.0,-6.5,44.98,1.35,UKP_0023,2,2016
2016-01-24 20:00:00+00:00,0.0,0.0,-6.48,42.65,1.61,UKP_0023,2,2016
2016-01-24 21:00:00+00:00,0.0,0.0,-6.57,40.09,1.75,UKP_0023,2,2016
2016-01-24 22:00:00+00:00,0.0,0.0,-6.67,37.22,1.86,UKP_0023,2,2016
2016-01-24 23:00:00+00:00,0.0,0.0,-6.66,34.3,1.91,UKP_0023,2,2016
2016-01-25 00:00:00+00:00,0.0,0.0,-6.83,32.54,1.87,UKP_0023,2,2016
2016-01-25 01:00:00+00:00,3.72,5.75,-6.81,30.24,1.81,UKP_0023,2,2016
2016-01-25 02:00:00+00:00,125.82,159.77,-4.55,27.6,1.59,UKP_0023,2,2016
2016-01-25 03:00:00+00:00,314.12,381.67,-0.76,20.48,1.15,UKP_0023,2,2016
2016-01-25 04:00:00+00:00,487.85,572.7,2.4,14.95,1.73,UKP_0023,2,2016
2016-01-25 05:00:00+00:00,628.65,708.0,4.16,14.02,3.68,UKP_0023,2,2016
2016-01-25 06:00:00+00:00,735.17,767.55,4.9,15.37,4.85,UKP_0023,2,2016
2016-01-25 07:00:00+00:00,691.1,766.4,5.01,17.54,5.59,UKP_0023,2,2016
2016-01-25 08:00:00+00:00,557.83,676.25,4.51,20.53,5.76,UKP_0023,2,2016
2016-01-25 09:00:00+00:00,386.67,525.85,3.53,23.97,5.23,UKP_0023,2,2016
2016-01-25 10:00:00+00:00,232.4,322.85,2.11,27.77,4.25,UKP_0023,2,2016
2016-01-25 11:00:00+00:00,80.12,101.03,-0.76,36.96,2.47,UKP_0023,2,2016
2016-01-25 12:00:00+00:00,0.0,0.0,-2.79,43.8,1.23,UKP_0023,2,2016
2016-01-25 13:00:00+00:00,0.0,0.0,-3.15,44.45,0.43,UKP_0023,2,2016
2016-01-25 14:00:00+00:00,0.0,0.0,-3.71,45.37,0.72,UKP_0023,2,2016
2016-01-25 15:00:00+00:00,0.0,0.0,-4.23,45.86,1.1,UKP_0023,2,2016
2016-01-25 16:00:00+00:00,0.0,0.0,-4.79,45.91,1.22,UKP_0023,2,2016
2016-01-25 17:00:00+00:00,0.0,0.0,-4.82,43.84,1.21,UKP_0023,2,2016
2016-01-25 18:00:00+00:00,0.0,0.0,-4.42,40.25,1.08,UKP_0023,2,2016
2016-01-25 19:00:00+00:00,0.0,0.0,-4.04,37.17,0.9,UKP_0023,2,2016
2016-01-25 20:00:00+00:00,0.0,0.0,-4.01,36.05,0.76,UKP_0023,2,2016
2016-01-25 21:00:00+00:00,0.0,0.0,-4.21,37.44,0.86,UKP_0023,2,2016
2016-01-25 22:00:00+00:00,0.0,0.0,-4.63,39.07,0.86,UKP_0023,2,2016
2016-01-25 23:00:00+00:00,0.0,0.0,-4.38,38.51,0.78,UKP_0023,2,2016
2016-01-26 00:00:00+00:00,0.0,0.0,-4.18,38.4,0.63,UKP_0023,2,2016
2016-01-26 01:00:00+00:00,2.12,4.82,-4.22,40.13,0.36,UKP_0023,2,2016
2016-01-26 02:00:00+00:00,39.0,138.85,-3.55,42.14,0.26,UKP_0023,2,2016
2016-01-26 03:00:00+00:00,155.6,349.5,-1.91,40.82,0.17,UKP_0023,2,2016
2016-01-26 04:00:00+00:00,308.33,531.0,0.34,33.46,1.7,UKP_0023,2,2016
2016-01-26 05:00:00+00:00,300.77,665.95,2.0,31.58,3.91,UKP_0023,2,2016
2016-01-26 06:00:00+00:00,413.5,711.25,2.68,32.02,4.95,UKP_0023,2,2016
2016-01-26 07:00:00+00:00,463.25,712.17,2.83,33.13,5.39,UKP_0023,2,2016
2016-01-26 08:00:00+00:00,301.02,623.72,2.71,34.73,5.54,UKP_0023,2,2016
2016-01-26 09:00:00+00:00,232.18,474.92,2.32,37.23,5.51,UKP_0023,2,2016
2016-01-26 10:00:00+00:00,148.05,280.6,1.15,42.17,5.03,UKP_0023,2,2016
2016-01-26 11:00:00+00:00,48.1,82.53,-1.1,52.21,3.31,UKP_0023,2,2016
2016-01-26 12:00:00+00:00,0.0,0.0,-3.08,62.59,2.06,UKP_0023,2,2016
2016-01-26 13:00:00+00:00,0.0,0.0,-3.52,65.0,1.32,UKP_0023,2,2016
2016-01-26 14:00:00+00:00,0.0,0.0,-3.93,66.59,0.94,UKP_0023,2,2016
2016-01-26 15:00:00+00:00,0.0,0.0,-4.82,71.03,0.97,UKP_0023,2,2016
2016-01-26 16:00:00+00:00,0.0,0.0,-5.28,73.02,1.17,UKP_0023,2,2016
2016-01-26 17:00:00+00:00,0.0,0.0,-5.62,73.99,1.28,UKP_0023,2,2016
2016-01-26 18:00:00+00:00,0.0,0.0,-5.93,75.06,1.42,UKP_0023,2,2016
2016-01-26 19:00:00+00:00,0.0,0.0,-6.15,74.93,1.53,UKP_0023,2,2016
2016-01-26 20:00:00+00:00,0.0,0.0,-6.4,73.69,1.71,UKP_0023,2,2016
2016-01-26 21:00:00+00:00,0.0,0.0,-6.51,68.65,1.87,UKP_0023,2,2016
2016-01-26 22:00:00+00:00,0.0,0.0,-6.46,60.78,1.94,UKP_0023,2,2016
2016-01-26 23:00:00+00:00,0.0,0.0,-6.13,52.96,1.81,UKP_0023,2,2016
2016-01-27 00:00:00+00:00,0.0,0.0,-5.55,45.15,1.6,UKP_0023,2,2016
2016-01-27 01:00:00+00:00,3.05,4.1,-4.92,39.23,1.3,UKP_0023,2,2016
2016-01-27 02:00:00+00:00,100.97,118.57,-2.9,35.18,0.82,UKP_0023,2,2016
2016-01-27 03:00:00+00:00,230.77,326.08,0.04,32.67,1.95,UKP_0023,2,2016
2016-01-27 04:00:00+00:00,362.0,513.3,2.05,32.71,4.0,UKP_0023,2,2016
2016-01-27 05:00:00+00:00,485.5,648.1,3.46,31.45,5.06,UKP_0023,2,2016
2016-01-27 06:00:00+00:00,532.92,740.85,4.19,32.16,5.53,UKP_0023,2,2016
2016-01-27 07:00:00+00:00,584.53,735.8,4.59,33.48,5.77,UKP_0023,2,2016
2016-01-27 08:00:00+00:00,460.48,652.95,4.53,35.57,5.94,UKP_0023,2,2016
2016-01-27 09:00:00+00:00,342.88,506.3,3.96,38.1,5.45,UKP_0023,2,2016
2016-01-27 10:00:00+00:00,199.55,307.3,2.96,41.17,4.47,UKP_0023,2,2016
2016-01-27 11:00:00+00:00,68.78,99.5,0.47,49.73,2.67,UKP_0023,2,2016
2016-01-27 12:00:00+00:00,0.0,0.0,-1.97,61.47,1.8,UKP_0023,2,2016
2016-01-27 13:00:00+00:00,0.0,0.0,-2.22,62.6,1.37,UKP_0023,2,2016
2016-01-27 14:00:00+00:00,0.0,0.0,-2.68,63.51,1.14,UKP_0023,2,2016
2016-01-27 15:00:00+00:00,0.0,0.0,-2.99,63.12,1.2,UKP_0023,2,2016
2016-01-27 16:00:00+00:00,0.0,0.0,-3.4,62.7,1.26,UKP_0023,2,2016
2016-01-27 17:00:00+00:00,0.0,0.0,-3.68,61.98,1.23,UKP_0023,2,2016
2016-01-27 18:00:00+00:00,0.0,0.0,-3.99,62.09,1.26,UKP_0023,2,2016
2016-01-27 19:00:00+00:00,0.0,0.0,-4.25,63.46,1.33,UKP_0023,2,2016
2016-01-27 20:00:00+00:00,0.0,0.0,-4.39,63.93,1.41,UKP_0023,2,2016
2016-01-27 21:00:00+00:00,0.0,0.0,-4.55,63.43,1.48,UKP_0023,2,2016
2016-01-27 22:00:00+00:00,0.0,0.0,-4.75,62.88,1.5,UKP_0023,2,2016
2016-01-27 23:00:00+00:00,0.0,0.0,-4.82,60.53,1.46,UKP_0023,2,2016
2016-01-28 00:00:00+00:00,0.0,0.0,-4.89,57.06,1.43,UKP_0023,2,2016
2016-01-28 01:00:00+00:00,4.12,5.68,-4.75,51.79,1.44,UKP_0023,2,2016
2016-01-28 02:00:00+00:00,131.95,153.35,-2.3,39.92,1.11,UKP_0023,2,2016
2016-01-28 03:00:00+00:00,315.48,384.45,1.62,28.87,1.2,UKP_0023,2,2016
2016-01-28 04:00:00+00:00,523.83,576.92,4.23,22.38,3.07,UKP_0023,2,2016
2016-01-28 05:00:00+00:00,595.78,707.6,6.36,16.84,4.6,UKP_0023,2,2016
2016-01-28 06:00:00+00:00,635.4,764.17,7.67,15.17,5.46,UKP_0023,2,2016
2016-01-28 07:00:00+00:00,642.3,756.05,8.04,16.55,6.15,UKP_0023,2,2016
2016-01-28 08:00:00+00:00,609.08,676.12,7.63,19.47,6.22,UKP_0023,2,2016
2016-01-28 09:00:00+00:00,445.88,530.88,6.7,23.03,5.93,UKP_0023,2,2016
2016-01-28 10:00:00+00:00,268.17,334.75,5.13,27.83,5.06,UKP_0023,2,2016
2016-01-28 11:00:00+00:00,97.95,117.7,1.98,37.95,2.82,UKP_0023,2,2016
2016-01-28 12:00:00+00:00,0.0,0.0,-0.29,46.73,1.7,UKP_0023,2,2016
2016-01-28 13:00:00+00:00,0.0,0.0,-0.65,49.14,0.98,UKP_0023,2,2016
2016-01-28 14:00:00+00:00,0.0,0.0,-1.06,49.26,1.09,UKP_0023,2,2016
2016-01-28 15:00:00+00:00,0.0,0.0,-1.55,49.28,1.03,UKP_0023,2,2016
2016-01-28 16:00:00+00:00,0.0,0.0,-1.83,49.42,0.9,UKP_0023,2,2016
2016-01-28 17:00:00+00:00,0.0,0.0,-2.12,49.77,0.67,UKP_0023,2,2016
2016-01-28 18:00:00+00:00,0.0,0.0,-2.33,49.75,0.68,UKP_0023,2,2016
2016-01-28 19:00:00+00:00,0.0,0.0,-2.58,49.43,0.85,UKP_0023,2,2016
2016-01-28 20:00:00+00:00,0.0,0.0,-2.52,47.36,0.86,UKP_0023,2,2016
2016-01-28 21:00:00+00:00,0.0,0.0,-2.94,49.28,0.84,UKP_0023,2,2016
2016-01-28 22:00:00+00:00,0.0,0.0,-3.26,50.36,0.95,UKP_0023,2,2016
2016-01-28 23:00:00+00:00,0.0,0.0,-3.33,50.42,0.86,UKP_0023,2,2016
2016-01-29 00:00:00+00:00,0.0,0.0,-3.61,52.15,0.91,UKP_0023,2,2016
2016-01-29 01:00:00+00:00,3.3,5.65,-3.36,50.85,0.93,UKP_0023,2,2016
2016-01-29 02:00:00+00:00,50.42,146.48,-0.91,43.44,0.39,UKP_0023,2,2016
2016-01-29 03:00:00+00:00,98.22,359.5,2.29,37.64,0.85,UKP_0023,2,2016
2016-01-29 04:00:00+00:00,91.25,539.62,3.98,38.81,2.76,UKP_0023,2,2016
2016-01-29 05:00:00+00:00,131.07,667.28,5.13,40.79,4.42,UKP_0023,2,2016
2016-01-29 06:00:00+00:00,310.83,724.33,5.69,43.63,5.32,UKP_0023,2,2016
2016-01-29 07:00:00+00:00,270.35,709.0,5.77,46.15,5.69,UKP_0023,2,2016
2016-01-29 08:00:00+00:00,207.3,624.03,4.48,55.11,5.59,UKP_0023,2,2016
2016-01-29 09:00:00+00:00,146.45,483.67,2.98,66.85,4.9,UKP_0023,2,2016
2016-01-29 10:00:00+00:00,82.93,289.42,1.95,74.46,3.44,UKP_0023,2,2016
2016-01-29 11:00:00+00:00,27.08,98.95,1.02,80.44,2.17,UKP_0023,2,2016
2016-01-29 12:00:00+00:00,0.0,0.0,0.12,86.62,1.57,UKP_0023,2,2016
2016-01-29 13:00:00+00:00,0.0,0.0,-0.33,89.49,1.18,UKP_0023,2,2016
2016-01-29 14:00:00+00:00,0.0,0.0,-0.94,92.8,0.88,UKP_0023,2,2016
2016-01-29 15:00:00+00:00,0.0,0.0,-1.35,93.18,0.87,UKP_0023,2,2016
2016-01-29 16:00:00+00:00,0.0,0.0,-1.44,90.98,0.67,UKP_0023,2,2016
2016-01-29 17:00:00+00:00,0.0,0.0,-1.35,88.02,0.87,UKP_0023,2,2016
2016-01-29 18:00:00+00:00,0.0,0.0,-1.11,85.45,1.18,UKP_0023,2,2016
2016-01-29 19:00:00+00:00,0.0,0.0,-1.14,86.04,1.46,UKP_0023,2,2016
2016-01-29 20:00:00+00:00,0.0,0.0,-1.59,88.84,1.37,UKP_0023,2,2016
2016-01-29 21:00:00+00:00,0.0,0.0,-2.44,95.31,1.21,UKP_0023,2,2016
2016-01-29 22:00:00+00:00,0.0,0.0,-3.12,100.0,1.1,UKP_0023,2,2016
2016-01-29 23:00:00+00:00,0.0,0.0,-3.56,100.0,0.91,UKP_0023,2,2016
2016-01-30 00:00:00+00:00,0.0,0.0,-3.79,100.0,0.54,UKP_0023,2,2016
2016-01-30 01:00:00+00:00,3.97,4.88,-3.84,100.0,0.28,UKP_0023,2,2016
2016-01-30 02:00:00+00:00,96.82,118.4,-1.62,89.28,0.57,UKP_0023,2,2016
2016-01-30 03:00:00+00:00,238.73,341.75,0.72,72.58,1.39,UKP_0023,2,2016
2016-01-30 04:00:00+00:00,378.05,545.42,2.69,57.46,2.6,UKP_0023,2,2016
2016-01-30 05:00:00+00:00,481.35,687.47,4.17,46.84,3.47,UKP_0023,2,2016
2016-01-30 06:00:00+00:00,526.08,756.62,5.15,40.01,4.05,UKP_0023,2,2016
2016-01-30 07:00:00+00:00,518.53,755.58,5.62,36.22,4.39,UKP_0023,2,2016
2016-01-30 08:00:00+00:00,461.7,680.5,5.57,35.2,4.42,UKP_0023,2,2016
2016-01-30 09:00:00+00:00,346.0,539.55,5.16,35.44,4.05,UKP_0023,2,2016
2016-01-30 10:00:00+00:00,206.7,345.75,4.11,37.44,3.48,UKP_0023,2,2016
2016-01-30 11:00:00+00:00,77.68,129.57,1.85,45.88,2.47,UKP_0023,2,2016
2016-01-30 12:00:00+00:00,0.0,0.0,-0.23,54.02,1.66,UKP_0023,2,2016
2016-01-30 13:00:00+00:00,0.0,0.0,-0.54,57.75,0.97,UKP_0023,2,2016
2016-01-30 14:00:00+00:00,0.0,0.0,-1.28,62.66,0.39,UKP_0023,2,2016
2016-01-30 15:00:00+00:00,0.0,0.0,-2.15,66.3,0.17,UKP_0023,2,2016
2016-01-30 16:00:00+00:00,0.0,0.0,-2.88,65.35,0.38,UKP_0023,2,2016
2016-01-30 17:00:00+00:00,0.0,0.0,-3.52,60.85,0.55,UKP_0023,2,2016
2016-01-30 18:00:00+00:00,0.0,0.0,-4.04,55.09,0.69,UKP_0023,2,2016
2016-01-30 19:00:00+00:00,0.0,0.0,-4.4,49.35,0.73,UKP_0023,2,2016
2016-01-30 20:00:00+00:00,0.0,0.0,-4.57,44.92,0.62,UKP_0023,2,2016
2016-01-30 21:00:00+00:00,0.0,0.0,-4.81,41.71,0.56,UKP_0023,2,2016
2016-01-30 22:00:00+00:00,0.0,0.0,-5.08,39.58,0.46,UKP_0023,2,2016
2016-01-30 23:00:00+00:00,0.0,0.0,-5.54,40.6,0.38,UKP_0023,2,2016
2016-01-31 00:00:00+00:00,0.0,0.0,-5.78,43.85,0.41,UKP_0023,2,2016
2016-01-31 01:00:00+00:00,4.15,7.95,-5.53,41.49,0.49,UKP_0023,2,2016
2016-01-31 02:00:00+00:00,80.4,170.57,-2.74,37.61,0.23,UKP_0023,2,2016
2016-01-31 03:00:00+00:00,177.02,391.02,0.98,29.45,0.91,UKP_0023,2,2016
2016-01-31 04:00:00+00:00,276.05,575.78,2.61,31.54,2.56,UKP_0023,2,2016
2016-01-31 05:00:00+00:00,410.3,708.97,3.93,32.05,3.87,UKP_0023,2,2016
2016-01-31 06:00:00+00:00,413.0,747.97,4.49,34.13,5.03,UKP_0023,2,2016
2016-01-31 07:00:00+00:00,392.48,747.28,4.45,37.26,5.6,UKP_0023,2,2016
2016-01-31 08:00:00+00:00,389.67,669.62,4.03,40.54,5.92,UKP_0023,2,2016
2016-01-31 09:00:00+00:00,319.9,524.6,3.18,44.78,5.77,UKP_0023,2,2016
2016-01-31 10:00:00+00:00,196.05,324.02,2.03,49.53,5.14,UKP_0023,2,2016
2016-01-31 11:00:00+00:00,65.7,112.5,0.11,58.14,3.8,UKP_0023,2,2016
2016-01-31 12:00:00+00:00,0.0,0.0,-1.67,70.07,2.53,UKP_0023,2,2016
2016-01-31 13:00:00+00:00,0.0,0.0,-2.4,77.2,1.84,UKP_0023,2,2016
2016-01-31 14:00:00+00:00,0.0,0.0,-3.14,83.85,1.61,UKP_0023,2,2016
2016-01-31 15:00:00+00:00,0.0,0.0,-4.05,91.6,1.53,UKP_0023,2,2016
2016-01-31 16:00:00+00:00,0.0,0.0,-4.24,93.62,1.22,UKP_0023,2,2016
2016-01-31 17:00:00+00:00,0.0,0.0,-4.82,98.33,0.67,UKP_0023,2,2016
2016-01-31 18:00:00+00:00,0.0,0.0,-5.15,99.98,0.26,UKP_0023,2,2016
2016-01-31 19:00:00+00:00,0.0,0.0,-5.65,100.0,0.26,UKP_0023,2,2016
2016-01-31 20:00:00+00:00,0.0,0.0,-6.1,100.0,0.64,UKP_0023,2,2016
2016-01-31 21:00:00+00:00,0.0,0.0,-6.52,99.0,1.08,UKP_0023,2,2016
2016-01-31 22:00:00+00:00,0.0,0.0,-7.12,95.9,1.54,UKP_0023,2,2016
2016-01-31 23:00:00+00:00,0.0,0.0,-7.17,86.95,1.66,UKP_0023,2,2016
2016-02-01 00:00:00+00:00,0.0,0.0,-6.9,76.47,1.59,UKP_0023,2,2016
2016-02-01 01:00:00+00:00,5.62,8.57,-6.34,65.42,1.41,UKP_0023,2,2016
2016-02-01 02:00:00+00:00,150.65,175.57,-3.51,49.2,1.25,UKP_0023,2,2016
2016-02-01 03:00:00+00:00,329.9,407.17,0.19,29.34,0.76,UKP_0023,2,2016
2016-02-01 04:00:00+00:00,520.6,602.03,2.54,21.28,1.93,UKP_0023,2,2016
2016-02-01 05:00:00+00:00,645.3,740.2,4.04,20.38,3.81,UKP_0023,2,2016
2016-02-01 06:00:00+00:00,789.53,809.88,4.95,21.18,4.33,UKP_0023,2,2016
2016-02-01 07:00:00+00:00,721.78,801.85,5.46,21.67,4.35,UKP_0023,2,2016
2016-02-01 08:00:00+00:00,566.62,721.8,5.57,22.11,4.37,UKP_0023,2,2016
2016-02-01 09:00:00+00:00,437.1,576.28,5.13,22.92,4.12,UKP_0023,2,2016
2016-02-01 10:00:00+00:00,277.52,376.77,4.04,24.46,3.52,UKP_0023,2,2016
2016-02-01 11:00:00+00:00,120.6,151.82,1.52,32.54,2.26,UKP_0023,2,2016
2016-02-01 12:00:00+00:00,0.0,0.0,-0.62,38.24,1.29,UKP_0023,2,2016
2016-02-01 13:00:00+00:00,0.0,0.0,-1.23,40.26,0.62,UKP_0023,2,2016
2016-02-01 14:00:00+00:00,0.0,0.0,-2.21,42.18,0.21,UKP_0023,2,2016
2016-02-01 15:00:00+00:00,0.0,0.0,-2.87,42.49,0.4,UKP_0023,2,2016
2016-02-01 16:00:00+00:00,0.0,0.0,-3.48,42.77,0.88,UKP_0023,2,2016
2016-02-01 17:00:00+00:00,0.0,0.0,-4.26,43.32,1.35,UKP_0023,2,2016
2016-02-01 18:00:00+00:00,0.0,0.0,-4.88,42.88,1.61,UKP_0023,2,2016
2016-02-01 19:00:00+00:00,0.0,0.0,-5.26,39.42,1.7,UKP_0023,2,2016
2016-02-01 20:00:00+00:00,0.0,0.0,-5.59,34.95,1.75,UKP_0023,2,2016
2016-02-01 21:00:00+00:00,0.0,0.0,-5.79,30.17,1.69,UKP_0023,2,2016
2016-02-01 22:00:00+00:00,0.0,0.0,-5.91,26.25,1.63,UKP_0023,2,2016
2016-02-01 23:00:00+00:00,0.0,0.0,-5.93,23.27,1.62,UKP_0023,2,2016
2016-02-02 00:00:00+00:00,0.0,0.0,-5.87,20.75,1.66,UKP_0023,2,2016
2016-02-02 01:00:00+00:00,6.28,10.65,-5.56,18.46,1.65,UKP_0023,2,2016
2016-02-02 02:00:00+00:00,153.32,189.95,-3.12,20.48,1.39,UKP_0023,2,2016
2016-02-02 03:00:00+00:00,315.35,423.05,1.13,13.21,1.44,UKP_0023,2,2016
2016-02-02 04:00:00+00:00,466.92,617.75,3.39,8.08,2.7,UKP_0023,2,2016
2016-02-02 05:00:00+00:00,627.58,755.97,4.79,7.45,3.83,UKP_0023,2,2016
2016-02-02 06:00:00+00:00,601.12,818.25,5.72,7.72,4.31,UKP_0023,2,2016
2016-02-02 07:00:00+00:00,646.95,813.65,6.13,8.45,4.6,UKP_0023,2,2016
2016-02-02 08:00:00+00:00,586.7,734.42,5.88,9.56,4.82,UKP_0023,2,2016
2016-02-02 09:00:00+00:00,439.95,586.35,5.07,11.27,4.67,UKP_0023,2,2016
2016-02-02 10:00:00+00:00,275.45,384.23,3.67,13.84,4.18,UKP_0023,2,2016
2016-02-02 11:00:00+00:00,124.85,158.1,0.77,22.92,2.62,UKP_0023,2,2016
2016-02-02 12:00:00+00:00,0.0,0.0,-1.57,30.12,1.51,UKP_0023,2,2016
2016-02-02 13:00:00+00:00,0.0,0.0,-2.35,32.83,0.58,UKP_0023,2,2016
2016-02-02 14:00:00+00:00,0.0,0.0,-3.14,33.18,0.17,UKP_0023,2,2016
2016-02-02 15:00:00+00:00,0.0,0.0,-3.82,33.13,0.17,UKP_0023,2,2016
2016-02-02 16:00:00+00:00,0.0,0.0,-4.25,31.22,0.23,UKP_0023,2,2016
2016-02-02 17:00:00+00:00,0.0,0.0,-4.67,27.73,0.28,UKP_0023,2,2016
2016-02-02 18:00:00+00:00,0.0,0.0,-5.21,24.2,0.3,UKP_0023,2,2016
2016-02-02 19:00:00+00:00,0.0,0.0,-5.99,22.22,0.59,UKP_0023,2,2016
2016-02-02 20:00:00+00:00,0.0,0.0,-6.5,20.03,1.03,UKP_0023,2,2016
2016-02-02 21:00:00+00:00,0.0,0.0,-6.74,17.52,1.3,UKP_0023,2,2016
2016-02-02 22:00:00+00:00,0.0,0.0,-6.65,15.12,1.36,UKP_0023,2,2016
2016-02-02 23:00:00+00:00,0.0,0.0,-6.43,13.57,1.43,UKP_0023,2,2016
2016-02-03 00:00:00+00:00,0.0,0.0,-6.17,11.73,1.46,UKP_0023,2,2016
2016-02-03 01:00:00+00:00,8.05,10.9,-5.68,10.95,1.4,UKP_0023,2,2016
2016-02-03 02:00:00+00:00,163.35,189.98,-2.89,13.55,1.17,UKP_0023,2,2016
2016-02-03 03:00:00+00:00,360.33,421.3,1.54,6.91,0.91,UKP_0023,2,2016
2016-02-03 04:00:00+00:00,542.78,614.45,4.43,4.42,1.21,UKP_0023,2,2016
2016-02-03 05:00:00+00:00,650.7,749.95,6.63,4.95,3.05,UKP_0023,2,2016
2016-02-03 06:00:00+00:00,795.9,813.9,8.07,5.73,4.32,UKP_0023,2,2016
2016-02-03 07:00:00+00:00,781.95,809.62,8.72,6.98,4.77,UKP_0023,2,2016
2016-02-03 08:00:00+00:00,616.55,728.97,8.73,8.66,4.91,UKP_0023,2,2016
2016-02-03 09:00:00+00:00,488.3,583.25,7.99,11.2,4.86,UKP_0023,2,2016
2016-02-03 10:00:00+00:00,311.67,382.65,6.48,14.86,3.95,UKP_0023,2,2016
2016-02-03 11:00:00+00:00,135.82,157.9,3.24,25.46,1.96,UKP_0023,2,2016
2016-02-03 12:00:00+00:00,0.0,0.0,1.1,30.17,0.74,UKP_0023,2,2016
2016-02-03 13:00:00+00:00,0.0,0.0,0.37,31.1,0.49,UKP_0023,2,2016
2016-02-03 14:00:00+00:00,0.0,0.0,-0.08,31.07,0.9,UKP_0023,2,2016
2016-02-03 15:00:00+00:00,0.0,0.0,-0.37,29.75,1.03,UKP_0023,2,2016
2016-02-03 16:00:00+00:00,0.0,0.0,-0.52,27.45,1.01,UKP_0023,2,2016
2016-02-03 17:00:00+00:00,0.0,0.0,-0.53,24.6,0.89,UKP_0023,2,2016
2016-02-03 18:00:00+00:00,0.0,0.0,-0.71,22.24,0.85,UKP_0023,2,2016
2016-02-03 19:00:00+00:00,0.0,0.0,-1.09,19.33,0.96,UKP_0023,2,2016
2016-02-03 20:00:00+00:00,0.0,0.0,-1.61,17.03,1.25,UKP_0023,2,2016
2016-02-03 21:00:00+00:00,0.0,0.0,-2.03,15.02,1.53,UKP_0023,2,2016
2016-02-03 22:00:00+00:00,0.0,0.0,-1.99,12.36,1.61,UKP_0023,2,2016
2016-02-03 23:00:00+00:00,0.0,0.0,-1.29,9.61,1.41,UKP_0023,2,2016
2016-02-04 00:00:00+00:00,0.0,0.0,-0.79,8.64,1.15,UKP_0023,2,2016
2016-02-04 01:00:00+00:00,7.38,10.25,-0.24,12.2,0.89,UKP_0023,2,2016
2016-02-04 02:00:00+00:00,161.57,183.95,1.89,15.91,0.54,UKP_0023,2,2016
2016-02-04 03:00:00+00:00,324.08,411.45,5.37,13.84,0.27,UKP_0023,2,2016
2016-02-04 04:00:00+00:00,485.75,605.38,7.83,8.51,1.88,UKP_0023,2,2016
2016-02-04 05:00:00+00:00,570.6,742.9,9.9,7.67,3.63,UKP_0023,2,2016
2016-02-04 06:00:00+00:00,633.47,802.28,10.93,7.94,4.71,UKP_0023,2,2016
2016-02-04 07:00:00+00:00,631.25,796.95,11.17,9.0,5.21,UKP_0023,2,2016
2016-02-04 08:00:00+00:00,649.12,721.17,10.7,10.59,5.14,UKP_0023,2,2016
2016-02-04 09:00:00+00:00,447.55,573.1,9.77,12.38,4.54,UKP_0023,2,2016
2016-02-04 10:00:00+00:00,285.02,374.2,8.28,14.41,3.63,UKP_0023,2,2016
2016-02-04 11:00:00+00:00,125.0,154.7,4.85,24.51,2.01,UKP_0023,2,2016
2016-02-04 12:00:00+00:00,0.0,0.0,2.78,27.3,0.95,UKP_0023,2,2016
2016-02-04 13:00:00+00:00,0.0,0.0,1.94,28.36,0.43,UKP_0023,2,2016
2016-02-04 14:00:00+00:00,0.0,0.0,1.5,27.96,0.79,UKP_0023,2,2016
2016-02-04 15:00:00+00:00,0.0,0.0,1.25,26.12,0.88,UKP_0023,2,2016
2016-02-04 16:00:00+00:00,0.0,0.0,0.97,23.39,0.93,UKP_0023,2,2016
2016-02-04 17:00:00+00:00,0.0,0.0,0.77,20.59,0.87,UKP_0023,2,2016
2016-02-04 18:00:00+00:00,0.0,0.0,0.48,17.99,0.67,UKP_0023,2,2016
2016-02-04 19:00:00+00:00,0.0,0.0,0.27,16.45,0.56,UKP_0023,2,2016
2016-02-04 20:00:00+00:00,0.0,0.0,0.13,15.89,0.5,UKP_0023,2,2016
2016-02-04 21:00:00+00:00,0.0,0.0,-0.33,16.1,0.49,UKP_0023,2,2016
2016-02-04 22:00:00+00:00,0.0,0.0,-0.19,15.35,0.5,UKP_0023,2,2016
2016-02-04 23:00:00+00:00,0.0,0.0,-0.18,14.96,0.51,UKP_0023,2,2016
2016-02-05 00:00:00+00:00,0.0,0.0,-0.31,14.94,0.51,UKP_0023,2,2016
2016-02-05 01:00:00+00:00,6.62,10.93,-0.18,14.98,0.51,UKP_0023,2,2016
2016-02-05 02:00:00+00:00,101.72,186.85,2.45,17.64,0.4,UKP_0023,2,2016
2016-02-05 03:00:00+00:00,217.48,413.0,7.16,12.26,0.38,UKP_0023,2,2016
2016-02-05 04:00:00+00:00,342.05,605.38,9.74,8.71,2.16,UKP_0023,2,2016
2016-02-05 05:00:00+00:00,490.05,745.15,11.14,8.53,3.44,UKP_0023,2,2016
2016-02-05 06:00:00+00:00,559.3,808.5,11.96,8.63,4.05,UKP_0023,2,2016
2016-02-05 07:00:00+00:00,615.05,803.2,12.23,8.87,4.46,UKP_0023,2,2016
2016-02-05 08:00:00+00:00,521.65,725.4,11.9,9.54,4.56,UKP_0023,2,2016
2016-02-05 09:00:00+00:00,396.45,580.58,11.06,10.51,4.21,UKP_0023,2,2016
2016-02-05 10:00:00+00:00,211.1,378.38,9.6,12.05,3.5,UKP_0023,2,2016
2016-02-05 11:00:00+00:00,97.35,160.3,6.19,20.65,2.06,UKP_0023,2,2016
2016-02-05 12:00:00+00:00,0.0,0.0,4.3,22.76,1.06,UKP_0023,2,2016
2016-02-05 13:00:00+00:00,0.0,0.0,3.34,22.63,0.16,UKP_0023,2,2016
2016-02-05 14:00:00+00:00,0.0,0.0,2.67,22.07,0.79,UKP_0023,2,2016
2016-02-05 15:00:00+00:00,0.0,0.0,2.18,21.12,0.97,UKP_0023,2,2016
2016-02-05 16:00:00+00:00,0.0,0.0,1.69,19.75,1.19,UKP_0023,2,2016
2016-02-05 17:00:00+00:00,0.0,0.0,1.33,17.91,1.37,UKP_0023,2,2016
2016-02-05 18:00:00+00:00,0.0,0.0,1.13,16.46,1.42,UKP_0023,2,2016
2016-02-05 19:00:00+00:00,0.0,0.0,0.85,15.75,1.39,UKP_0023,2,2016
2016-02-05 20:00:00+00:00,0.0,0.0,0.52,15.76,1.33,UKP_0023,2,2016
2016-02-05 21:00:00+00:00,0.0,0.0,0.38,15.73,1.31,UKP_0023,2,2016
2016-02-05 22:00:00+00:00,0.0,0.0,0.45,15.65,1.22,UKP_0023,2,2016
2016-02-05 23:00:00+00:00,0.0,0.0,0.61,15.29,1.11,UKP_0023,2,2016
2016-02-06 00:00:00+00:00,0.0,0.0,0.59,15.14,1.07,UKP_0023,2,2016
2016-02-06 01:00:00+00:00,7.38,10.88,0.74,15.34,1.02,UKP_0023,2,2016
2016-02-06 02:00:00+00:00,120.9,184.82,3.11,18.54,0.95,UKP_0023,2,2016
2016-02-06 03:00:00+00:00,253.93,411.48,7.25,13.13,2.02,UKP_0023,2,2016
2016-02-06 04:00:00+00:00,376.38,604.83,9.04,9.87,3.66,UKP_0023,2,2016
2016-02-06 05:00:00+00:00,517.22,741.35,10.18,9.6,4.61,UKP_0023,2,2016
2016-02-06 06:00:00+00:00,583.05,791.42,10.78,9.83,5.23,UKP_0023,2,2016
2016-02-06 07:00:00+00:00,586.38,779.12,10.86,10.54,5.65,UKP_0023,2,2016
2016-02-06 08:00:00+00:00,471.0,692.05,10.34,11.62,5.84,UKP_0023,2,2016
2016-02-06 09:00:00+00:00,380.67,539.17,9.33,13.1,5.45,UKP_0023,2,2016
2016-02-06 10:00:00+00:00,251.0,339.67,7.77,15.2,4.68,UKP_0023,2,2016
2016-02-06 11:00:00+00:00,98.3,130.32,4.36,23.94,2.81,UKP_0023,2,2016
2016-02-06 12:00:00+00:00,0.0,0.0,1.9,29.15,1.77,UKP_0023,2,2016
2016-02-06 13:00:00+00:00,0.0,0.0,0.9,32.21,1.39,UKP_0023,2,2016
2016-02-06 14:00:00+00:00,0.0,0.0,-0.01,33.68,1.28,UKP_0023,2,2016
2016-02-06 15:00:00+00:00,0.0,0.0,-0.62,33.69,1.32,UKP_0023,2,2016
2016-02-06 16:00:00+00:00,0.0,0.0,-0.79,33.19,1.38,UKP_0023,2,2016
2016-02-06 17:00:00+00:00,0.0,0.0,-1.56,35.17,1.2,UKP_0023,2,2016
2016-02-06 18:00:00+00:00,0.0,0.0,-1.76,35.32,0.99,UKP_0023,2,2016
2016-02-06 19:00:00+00:00,0.0,0.0,-2.14,35.35,0.98,UKP_0023,2,2016
2016-02-06 20:00:00+00:00,0.0,0.0,-2.47,34.74,1.17,UKP_0023,2,2016
2016-02-06 21:00:00+00:00,0.0,0.0,-2.88,35.47,1.52,UKP_0023,2,2016
2016-02-06 22:00:00+00:00,0.0,0.0,-3.21,38.37,1.8,UKP_0023,2,2016
2016-02-06 23:00:00+00:00,0.0,0.0,-3.48,40.96,2.01,UKP_0023,2,2016
2016-02-07 00:00:00+00:00,0.0,0.0,-3.68,42.92,2.13,UKP_0023,2,2016
2016-02-07 01:00:00+00:00,5.0,6.9,-3.56,45.47,2.2,UKP_0023,2,2016
2016-02-07 02:00:00+00:00,43.92,113.88,-1.51,49.54,2.18,UKP_0023,2,2016
2016-02-07 03:00:00+00:00,101.3,298.08,0.84,44.95,3.29,UKP_0023,2,2016
2016-02-07 04:00:00+00:00,228.05,482.88,1.85,41.18,4.33,UKP_0023,2,2016
2016-02-07 05:00:00+00:00,240.57,625.83,2.65,41.92,4.84,UKP_0023,2,2016
2016-02-07 06:00:00+00:00,196.57,752.45,2.88,45.68,5.24,UKP_0023,2,2016
2016-02-07 07:00:00+00:00,311.05,718.55,2.52,51.72,5.32,UKP_0023,2,2016
2016-02-07 08:00:00+00:00,143.6,597.7,1.93,58.52,5.18,UKP_0023,2,2016
2016-02-07 09:00:00+00:00,122.55,463.95,1.2,65.32,4.52,UKP_0023,2,2016
2016-02-07 10:00:00+00:00,72.82,284.95,0.29,72.22,3.43,UKP_0023,2,2016
2016-02-07 11:00:00+00:00,26.15,100.05,-0.78,81.55,2.0,UKP_0023,2,2016
2016-02-07 12:00:00+00:00,1.52,3.6,-1.92,92.41,0.9,UKP_0023,2,2016
2016-02-07 13:00:00+00:00,0.0,0.0,-2.33,93.88,0.55,UKP_0023,2,2016
2016-02-07 14:00:00+00:00,0.0,0.0,-2.71,96.49,0.77,UKP_0023,2,2016
2016-02-07 15:00:00+00:00,0.0,0.0,-3.25,100.0,1.11,UKP_0023,2,2016
2016-02-07 16:00:00+00:00,0.0,0.0,-3.73,100.0,1.19,UKP_0023,2,2016
2016-02-07 17:00:00+00:00,0.0,0.0,-3.97,100.0,1.12,UKP_0023,2,2016
2016-02-07 18:00:00+00:00,0.0,0.0,-4.17,100.0,0.73,UKP_0023,2,2016
2016-02-07 19:00:00+00:00,0.0,0.0,-4.31,100.0,0.11,UKP_0023,2,2016
2016-02-07 20:00:00+00:00,0.0,0.0,-4.72,100.0,0.81,UKP_0023,2,2016
2016-02-07 21:00:00+00:00,0.0,0.0,-5.5,99.24,1.38,UKP_0023,2,2016
2016-02-07 22:00:00+00:00,0.0,0.0,-5.95,93.45,1.69,UKP_0023,2,2016
2016-02-07 23:00:00+00:00,0.0,0.0,-6.34,87.62,1.9,UKP_0023,2,2016
2016-02-08 00:00:00+00:00,0.0,0.0,-6.7,82.74,2.11,UKP_0023,2,2016
2016-02-08 01:00:00+00:00,6.85,9.68,-6.69,77.93,2.21,UKP_0023,2,2016
2016-02-08 02:00:00+00:00,116.93,167.2,-3.68,73.98,2.11,UKP_0023,2,2016
2016-02-08 03:00:00+00:00,295.17,377.05,0.32,50.7,1.06,UKP_0023,2,2016
2016-02-08 04:00:00+00:00,531.22,594.38,3.11,41.39,1.43,UKP_0023,2,2016
2016-02-08 05:00:00+00:00,473.8,709.25,4.5,38.33,3.26,UKP_0023,2,2016
2016-02-08 06:00:00+00:00,624.28,788.45,5.19,39.55,4.19,UKP_0023,2,2016
2016-02-08 07:00:00+00:00,535.97,783.8,5.46,42.03,4.61,UKP_0023,2,2016
2016-02-08 08:00:00+00:00,419.12,699.17,5.29,45.4,4.71,UKP_0023,2,2016
2016-02-08 09:00:00+00:00,300.38,547.67,4.69,49.69,4.35,UKP_0023,2,2016
2016-02-08 10:00:00+00:00,196.93,351.23,3.53,55.75,3.7,UKP_0023,2,2016
2016-02-08 11:00:00+00:00,82.28,136.38,1.28,73.62,2.32,UKP_0023,2,2016
2016-02-08 12:00:00+00:00,3.2,4.88,-0.91,80.21,1.39,UKP_0023,2,2016
2016-02-08 13:00:00+00:00,0.0,0.0,-1.24,79.64,0.52,UKP_0023,2,2016
2016-02-08 14:00:00+00:00,0.0,0.0,-2.14,84.12,0.87,UKP_0023,2,2016
2016-02-08 15:00:00+00:00,0.0,0.0,-3.03,85.94,1.35,UKP_0023,2,2016
2016-02-08 16:00:00+00:00,0.0,0.0,-3.65,85.35,1.57,UKP_0023,2,2016
2016-02-08 17:00:00+00:00,0.0,0.0,-4.06,82.44,1.7,UKP_0023,2,2016
2016-02-08 18:00:00+00:00,0.0,0.0,-4.29,78.02,1.74,UKP_0023,2,2016
2016-02-08 19:00:00+00:00,0.0,0.0,-4.51,74.67,1.73,UKP_0023,2,2016
2016-02-08 20:00:00+00:00,0.0,0.0,-4.91,73.36,1.77,UKP_0023,2,2016
2016-02-08 21:00:00+00:00,0.0,0.0,-5.08,70.46,1.77,UKP_0023,2,2016
2016-02-08 22:00:00+00:00,0.0,0.0,-5.09,66.0,1.74,UKP_0023,2,2016
2016-02-08 23:00:00+00:00,0.0,0.0,-5.03,60.9,1.67,UKP_0023,2,2016
2016-02-09 00:00:00+00:00,0.0,0.0,-4.83,54.94,1.52,UKP_0023,2,2016
2016-02-09 01:00:00+00:00,8.07,12.6,-4.19,49.71,1.23,UKP_0023,2,2016
2016-02-09 02:00:00+00:00,138.4,183.73,-1.51,58.8,0.77,UKP_0023,2,2016
2016-02-09 03:00:00+00:00,280.48,420.98,1.63,46.16,0.91,UKP_0023,2,2016
2016-02-09 04:00:00+00:00,432.1,614.67,3.34,42.31,2.71,UKP_0023,2,2016
2016-02-09 05:00:00+00:00,634.05,759.25,4.54,39.67,3.75,UKP_0023,2,2016
2016-02-09 06:00:00+00:00,614.0,819.4,5.3,39.48,4.26,UKP_0023,2,2016
2016-02-09 07:00:00+00:00,565.97,812.33,5.67,40.4,4.49,UKP_0023,2,2016
2016-02-09 08:00:00+00:00,581.55,733.28,5.56,42.41,4.55,UKP_0023,2,2016
2016-02-09 09:00:00+00:00,398.67,586.95,4.95,45.9,4.27,UKP_0023,2,2016
2016-02-09 10:00:00+00:00,248.98,388.6,3.77,51.66,3.71,UKP_0023,2,2016
2016-02-09 11:00:00+00:00,108.22,161.2,1.58,67.86,2.53,UKP_0023,2,2016
2016-02-09 12:00:00+00:00,4.18,6.32,-0.67,78.3,1.54,UKP_0023,2,2016
2016-02-09 13:00:00+00:00,0.0,0.0,-1.01,78.4,0.91,UKP_0023,2,2016
2016-02-09 14:00:00+00:00,0.0,0.0,-1.48,79.49,0.36,UKP_0023,2,2016
2016-02-09 15:00:00+00:00,0.0,0.0,-2.49,84.47,0.8,UKP_0023,2,2016
2016-02-09 16:00:00+00:00,0.0,0.0,-3.42,86.46,1.28,UKP_0023,2,2016
2016-02-09 17:00:00+00:00,0.0,0.0,-4.24,86.14,1.59,UKP_0023,2,2016
2016-02-09 18:00:00+00:00,0.0,0.0,-4.82,82.79,1.81,UKP_0023,2,2016
2016-02-09 19:00:00+00:00,0.0,0.0,-5.14,77.44,1.87,UKP_0023,2,2016
2016-02-09 20:00:00+00:00,0.0,0.0,-5.34,73.01,1.84,UKP_0023,2,2016
2016-02-09 21:00:00+00:00,0.0,0.0,-5.44,68.99,1.71,UKP_0023,2,2016
2016-02-09 22:00:00+00:00,0.0,0.0,-5.2,63.04,1.46,UKP_0023,2,2016
2016-02-09 23:00:00+00:00,0.0,0.0,-5.3,59.02,1.28,UKP_0023,2,2016
2016-02-10 00:00:00+00:00,0.0,0.0,-5.48,56.49,1.13,UKP_0023,2,2016
2016-02-10 01:00:00+00:00,8.57,13.62,-5.35,56.19,1.06,UKP_0023,2,2016
2016-02-10 02:00:00+00:00,157.35,194.7,-2.77,61.98,0.93,UKP_0023,2,2016
2016-02-10 03:00:00+00:00,324.4,422.45,0.3,43.72,1.13,UKP_0023,2,2016
2016-02-10 04:00:00+00:00,491.73,614.85,2.22,34.98,2.54,UKP_0023,2,2016
2016-02-10 05:00:00+00:00,571.85,748.3,3.68,30.98,3.74,UKP_0023,2,2016
2016-02-10 06:00:00+00:00,753.5,815.4,4.57,31.06,4.39,UKP_0023,2,2016
2016-02-10 07:00:00+00:00,566.8,811.6,4.91,33.14,5.02,UKP_0023,2,2016
2016-02-10 08:00:00+00:00,464.27,728.72,4.59,36.76,5.37,UKP_0023,2,2016
2016-02-10 09:00:00+00:00,341.92,581.03,3.72,41.43,5.13,UKP_0023,2,2016
2016-02-10 10:00:00+00:00,221.57,380.77,2.31,47.62,4.43,UKP_0023,2,2016
2016-02-10 11:00:00+00:00,105.15,155.88,0.11,62.83,3.13,UKP_0023,2,2016
2016-02-10 12:00:00+00:00,4.07,6.32,-2.16,74.48,2.31,UKP_0023,2,2016
2016-02-10 13:00:00+00:00,0.0,0.0,-2.68,74.18,1.81,UKP_0023,2,2016
2016-02-10 14:00:00+00:00,0.0,0.0,-3.69,81.79,1.18,UKP_0023,2,2016
2016-02-10 15:00:00+00:00,0.0,0.0,-4.62,87.44,0.82,UKP_0023,2,2016
2016-02-10 16:00:00+00:00,0.0,0.0,-5.46,92.19,0.69,UKP_0023,2,2016
2016-02-10 17:00:00+00:00,0.0,0.0,-6.16,95.12,0.61,UKP_0023,2,2016
2016-02-10 18:00:00+00:00,0.0,0.0,-6.57,96.3,0.62,UKP_0023,2,2016
2016-02-10 19:00:00+00:00,0.0,0.0,-6.89,96.03,0.74,UKP_0023,2,2016
2016-02-10 20:00:00+00:00,0.0,0.0,-7.25,95.33,0.9,UKP_0023,2,2016
2016-02-10 21:00:00+00:00,0.0,0.0,-7.59,94.33,1.07,UKP_0023,2,2016
2016-02-10 22:00:00+00:00,0.0,0.0,-7.77,92.98,1.15,UKP_0023,2,2016
2016-02-10 23:00:00+00:00,0.0,0.0,-7.99,91.9,1.16,UKP_0023,2,2016
2016-02-11 00:00:00+00:00,0.0,0.0,-8.18,91.64,1.19,UKP_0023,2,2016
2016-02-11 01:00:00+00:00,7.22,10.45,-8.0,90.24,1.21,UKP_0023,2,2016
2016-02-11 02:00:00+00:00,85.62,148.55,-4.7,76.02,1.24,UKP_0023,2,2016
2016-02-11 03:00:00+00:00,199.27,345.1,-1.74,61.59,2.91,UKP_0023,2,2016
2016-02-11 04:00:00+00:00,304.1,526.88,-0.43,56.22,4.12,UKP_0023,2,2016
2016-02-11 05:00:00+00:00,431.95,666.22,0.8,52.4,5.13,UKP_0023,2,2016
2016-02-11 06:00:00+00:00,426.95,771.05,1.65,50.23,6.12,UKP_0023,2,2016
2016-02-11 07:00:00+00:00,386.0,751.22,2.02,48.41,6.87,UKP_0023,2,2016
2016-02-11 08:00:00+00:00,340.02,656.7,1.81,48.01,7.0,UKP_0023,2,2016
2016-02-11 09:00:00+00:00,302.58,514.45,1.26,48.77,6.58,UKP_0023,2,2016
2016-02-11 10:00:00+00:00,177.2,317.88,0.41,50.8,5.81,UKP_0023,2,2016
2016-02-11 11:00:00+00:00,56.58,114.4,-1.39,64.66,4.29,UKP_0023,2,2016
2016-02-11 12:00:00+00:00,3.58,5.43,-3.38,76.92,3.26,UKP_0023,2,2016
2016-02-11 13:00:00+00:00,0.0,0.0,-3.84,76.8,2.77,UKP_0023,2,2016
2016-02-11 14:00:00+00:00,0.0,0.0,-4.5,78.38,2.01,UKP_0023,2,2016
2016-02-11 15:00:00+00:00,0.0,0.0,-4.99,79.82,1.6,UKP_0023,2,2016
2016-02-11 16:00:00+00:00,0.0,0.0,-5.53,82.74,1.32,UKP_0023,2,2016
2016-02-11 17:00:00+00:00,0.0,0.0,-6.29,86.15,1.01,UKP_0023,2,2016
2016-02-11 18:00:00+00:00,0.0,0.0,-7.23,90.42,0.8,UKP_0023,2,2016
2016-02-11 19:00:00+00:00,0.0,0.0,-8.19,90.96,0.75,UKP_0023,2,2016
2016-02-11 20:00:00+00:00,0.0,0.0,-8.69,84.67,0.9,UKP_0023,2,2016
2016-02-11 21:00:00+00:00,0.0,0.0,-8.89,76.0,1.03,UKP_0023,2,2016
2016-02-11 22:00:00+00:00,0.0,0.0,-9.01,68.9,1.21,UKP_0023,2,2016
2016-02-11 23:00:00+00:00,0.0,0.0,-9.29,62.54,1.49,UKP_0023,2,2016
2016-02-12 00:00:00+00:00,0.0,0.0,-9.56,56.62,1.8,UKP_0023,2,2016
2016-02-12 01:00:00+00:00,8.98,13.5,-9.0,52.33,1.81,UKP_0023,2,2016
2016-02-12 02:00:00+00:00,147.02,191.32,-4.94,48.15,1.29,UKP_0023,2,2016
2016-02-12 03:00:00+00:00,300.48,423.02,-1.05,26.35,0.24,UKP_0023,2,2016
2016-02-12 04:00:00+00:00,450.67,623.62,1.3,22.17,2.54,UKP_0023,2,2016
2016-02-12 05:00:00+00:00,561.3,766.88,2.95,20.6,3.76,UKP_0023,2,2016
2016-02-12 06:00:00+00:00,637.65,837.22,4.03,20.58,4.37,UKP_0023,2,2016
2016-02-12 07:00:00+00:00,593.17,834.1,4.52,21.72,4.97,UKP_0023,2,2016
2016-02-12 08:00:00+00:00,571.28,754.6,4.29,23.95,5.15,UKP_0023,2,2016
2016-02-12 09:00:00+00:00,450.25,606.72,3.58,27.14,4.91,UKP_0023,2,2016
2016-02-12 10:00:00+00:00,276.8,404.27,2.42,31.15,4.23,UKP_0023,2,2016
2016-02-12 11:00:00+00:00,120.38,172.52,0.31,44.29,3.06,UKP_0023,2,2016
2016-02-12 12:00:00+00:00,4.97,7.97,-1.98,52.33,1.87,UKP_0023,2,2016
2016-02-12 13:00:00+00:00,0.0,0.0,-2.54,49.91,1.19,UKP_0023,2,2016
2016-02-12 14:00:00+00:00,0.0,0.0,-3.39,53.64,0.65,UKP_0023,2,2016
2016-02-12 15:00:00+00:00,0.0,0.0,-4.28,57.33,0.65,UKP_0023,2,2016
2016-02-12 16:00:00+00:00,0.0,0.0,-5.11,60.13,0.84,UKP_0023,2,2016
2016-02-12 17:00:00+00:00,0.0,0.0,-5.72,61.57,0.93,UKP_0023,2,2016
2016-02-12 18:00:00+00:00,0.0,0.0,-6.25,61.96,0.93,UKP_0023,2,2016
2016-02-12 19:00:00+00:00,0.0,0.0,-6.66,60.98,0.98,UKP_0023,2,2016
2016-02-12 20:00:00+00:00,0.0,0.0,-6.86,57.79,1.18,UKP_0023,2,2016
2016-02-12 21:00:00+00:00,0.0,0.0,-6.63,52.47,1.33,UKP_0023,2,2016
2016-02-12 22:00:00+00:00,0.0,0.0,-6.54,49.51,1.65,UKP_0023,2,2016
2016-02-12 23:00:00+00:00,0.0,0.0,-6.59,51.0,1.71,UKP_0023,2,2016
2016-02-13 00:00:00+00:00,0.0,0.0,-6.61,53.66,1.7,UKP_0023,2,2016
2016-02-13 01:00:00+00:00,9.15,13.23,-6.65,57.4,1.57,UKP_0023,2,2016
2016-02-13 02:00:00+00:00,105.7,180.2,-4.32,66.21,1.76,UKP_0023,2,2016
2016-02-13 03:00:00+00:00,202.2,400.45,-1.72,41.84,3.05,UKP_0023,2,2016
2016-02-13 04:00:00+00:00,355.4,603.65,-0.29,38.88,3.97,UKP_0023,2,2016
2016-02-13 05:00:00+00:00,340.48,742.85,0.84,38.14,4.63,UKP_0023,2,2016
2016-02-13 06:00:00+00:00,373.58,805.35,1.56,38.49,5.16,UKP_0023,2,2016
2016-02-13 07:00:00+00:00,323.08,799.55,1.84,39.46,5.48,UKP_0023,2,2016
2016-02-13 08:00:00+00:00,197.62,716.4,1.66,41.26,5.45,UKP_0023,2,2016
2016-02-13 09:00:00+00:00,225.52,564.53,1.17,43.57,5.11,UKP_0023,2,2016
2016-02-13 10:00:00+00:00,125.82,361.0,0.19,47.31,4.45,UKP_0023,2,2016
2016-02-13 11:00:00+00:00,42.45,142.18,-1.62,62.82,3.03,UKP_0023,2,2016
2016-02-13 12:00:00+00:00,2.97,7.0,-3.55,64.32,1.89,UKP_0023,2,2016
2016-02-13 13:00:00+00:00,0.0,0.0,-4.6,68.75,1.27,UKP_0023,2,2016
2016-02-13 14:00:00+00:00,0.0,0.0,-5.53,73.3,1.08,UKP_0023,2,2016
2016-02-13 15:00:00+00:00,0.0,0.0,-6.24,77.94,1.2,UKP_0023,2,2016
2016-02-13 16:00:00+00:00,0.0,0.0,-7.24,83.64,1.53,UKP_0023,2,2016
2016-02-13 17:00:00+00:00,0.0,0.0,-8.31,89.21,1.96,UKP_0023,2,2016
2016-02-13 18:00:00+00:00,0.0,0.0,-9.16,91.3,2.34,UKP_0023,2,2016
2016-02-13 19:00:00+00:00,0.0,0.0,-9.78,88.39,2.6,UKP_0023,2,2016
2016-02-13 20:00:00+00:00,0.0,0.0,-10.21,83.01,2.71,UKP_0023,2,2016
2016-02-13 21:00:00+00:00,0.0,0.0,-10.41,76.44,2.72,UKP_0023,2,2016
2016-02-13 22:00:00+00:00,0.0,0.0,-10.48,70.62,2.68,UKP_0023,2,2016
2016-02-13 23:00:00+00:00,0.0,0.0,-10.53,65.98,2.69,UKP_0023,2,2016
2016-02-14 00:00:00+00:00,0.0,0.0,-10.44,63.23,2.64,UKP_0023,2,2016
2016-02-14 01:00:00+00:00,10.35,17.08,-10.01,66.08,2.58,UKP_0023,2,2016
2016-02-14 02:00:00+00:00,141.7,211.52,-6.03,68.94,2.37,UKP_0023,2,2016
2016-02-14 03:00:00+00:00,294.67,446.73,-1.92,46.32,2.02,UKP_0023,2,2016
2016-02-14 04:00:00+00:00,466.98,646.55,0.44,38.81,2.46,UKP_0023,2,2016
2016-02-14 05:00:00+00:00,540.35,787.92,2.01,34.83,3.2,UKP_0023,2,2016
2016-02-14 06:00:00+00:00,643.6,850.65,3.09,33.27,3.75,UKP_0023,2,2016
2016-02-14 07:00:00+00:00,790.1,857.83,3.73,32.9,3.93,UKP_0023,2,2016
2016-02-14 08:00:00+00:00,556.7,772.6,3.93,33.53,4.0,UKP_0023,2,2016
2016-02-14 09:00:00+00:00,438.83,624.62,3.58,35.34,3.98,UKP_0023,2,2016
2016-02-14 10:00:00+00:00,290.33,421.48,2.58,39.77,3.57,UKP_0023,2,2016
2016-02-14 11:00:00+00:00,131.02,186.4,0.38,56.91,2.47,UKP_0023,2,2016
2016-02-14 12:00:00+00:00,6.8,10.02,-2.24,60.99,1.8,UKP_0023,2,2016
2016-02-14 13:00:00+00:00,0.0,0.0,-2.76,59.82,1.25,UKP_0023,2,2016
2016-02-14 14:00:00+00:00,0.0,0.0,-3.52,64.29,1.09,UKP_0023,2,2016
2016-02-14 15:00:00+00:00,0.0,0.0,-4.38,70.76,1.1,UKP_0023,2,2016
2016-02-14 16:00:00+00:00,0.0,0.0,-5.42,75.61,1.3,UKP_0023,2,2016
2016-02-14 17:00:00+00:00,0.0,0.0,-6.3,77.49,1.55,UKP_0023,2,2016
2016-02-14 18:00:00+00:00,0.0,0.0,-7.01,77.08,1.7,UKP_0023,2,2016
2016-02-14 19:00:00+00:00,0.0,0.0,-7.49,75.85,1.82,UKP_0023,2,2016
2016-02-14 20:00:00+00:00,0.0,0.0,-7.82,74.14,1.76,UKP_0023,2,2016
2016-02-14 21:00:00+00:00,0.0,0.0,-8.08,72.19,1.71,UKP_0023,2,2016
2016-02-14 22:00:00+00:00,0.0,0.0,-8.16,70.1,1.8,UKP_0023,2,2016
2016-02-14 23:00:00+00:00,0.0,0.0,-8.21,67.83,1.83,UKP_0023,2,2016
2016-02-15 00:00:00+00:00,0.0,0.0,-8.13,66.29,1.85,UKP_0023,2,2016
2016-02-15 01:00:00+00:00,12.9,21.6,-7.88,66.7,1.86,UKP_0023,2,2016
2016-02-15 02:00:00+00:00,139.38,227.3,-4.32,64.41,1.69,UKP_0023,2,2016
2016-02-15 03:00:00+00:00,326.92,463.23,-0.45,37.45,1.9,UKP_0023,2,2016
2016-02-15 04:00:00+00:00,510.6,659.65,1.96,28.63,2.98,UKP_0023,2,2016
2016-02-15 05:00:00+00:00,618.28,798.53,3.4,25.56,3.7,UKP_0023,2,2016
2016-02-15 06:00:00+00:00,636.65,857.33,4.32,25.43,4.15,UKP_0023,2,2016
2016-02-15 07:00:00+00:00,614.05,850.55,4.74,26.25,4.49,UKP_0023,2,2016
2016-02-15 08:00:00+00:00,540.97,766.38,4.54,28.2,4.81,UKP_0023,2,2016
2016-02-15 09:00:00+00:00,360.55,608.75,3.73,32.66,4.47,UKP_0023,2,2016
2016-02-15 10:00:00+00:00,220.82,405.02,2.69,37.26,3.57,UKP_0023,2,2016
2016-02-15 11:00:00+00:00,99.3,175.1,1.05,53.61,2.27,UKP_0023,2,2016
2016-02-15 12:00:00+00:00,6.75,9.3,-0.63,56.88,1.48,UKP_0023,2,2016
2016-02-15 13:00:00+00:00,0.0,0.0,-1.14,54.74,0.98,UKP_0023,2,2016
2016-02-15 14:00:00+00:00,0.0,0.0,-1.99,57.06,0.7,UKP_0023,2,2016
2016-02-15 15:00:00+00:00,0.0,0.0,-2.85,59.04,0.81,UKP_0023,2,2016
2016-02-15 16:00:00+00:00,0.0,0.0,-3.86,64.06,0.87,UKP_0023,2,2016
2016-02-15 17:00:00+00:00,0.0,0.0,-4.49,66.26,0.97,UKP_0023,2,2016
2016-02-15 18:00:00+00:00,0.0,0.0,-5.09,67.19,1.1,UKP_0023,2,2016
2016-02-15 19:00:00+00:00,0.0,0.0,-5.68,67.41,1.22,UKP_0023,2,2016
2016-02-15 20:00:00+00:00,0.0,0.0,-6.24,65.74,1.39,UKP_0023,2,2016
2016-02-15 21:00:00+00:00,0.0,0.0,-6.73,63.36,1.64,UKP_0023,2,2016
2016-02-15 22:00:00+00:00,0.0,0.0,-7.13,59.86,1.84,UKP_0023,2,2016
2016-02-15 23:00:00+00:00,0.0,0.0,-7.31,55.0,1.92,UKP_0023,2,2016
2016-02-16 00:00:00+00:00,0.0,0.0,-7.28,49.77,1.89,UKP_0023,2,2016
2016-02-16 01:00:00+00:00,15.25,18.95,-6.73,49.11,1.81,UKP_0023,2,2016
2016-02-16 02:00:00+00:00,178.0,216.48,-3.12,58.55,1.47,UKP_0023,2,2016
2016-02-16 03:00:00+00:00,329.88,453.4,0.86,31.9,2.06,UKP_0023,2,2016
2016-02-16 04:00:00+00:00,499.65,655.33,2.89,28.65,2.95,UKP_0023,2,2016
2016-02-16 05:00:00+00:00,676.1,800.67,4.05,28.47,3.71,UKP_0023,2,2016
2016-02-16 06:00:00+00:00,697.28,861.0,4.92,29.37,4.14,UKP_0023,2,2016
2016-02-16 07:00:00+00:00,685.2,859.1,5.4,31.15,4.54,UKP_0023,2,2016
2016-02-16 08:00:00+00:00,713.62,782.83,5.36,33.47,4.68,UKP_0023,2,2016
2016-02-16 09:00:00+00:00,472.73,628.28,4.9,36.11,4.78,UKP_0023,2,2016
2016-02-16 10:00:00+00:00,312.3,422.75,3.85,39.85,4.38,UKP_0023,2,2016
2016-02-16 11:00:00+00:00,159.25,187.12,1.71,53.07,3.05,UKP_0023,2,2016
2016-02-16 12:00:00+00:00,8.25,10.77,-0.54,58.78,1.84,UKP_0023,2,2016
2016-02-16 13:00:00+00:00,0.0,0.0,-1.21,57.72,0.91,UKP_0023,2,2016
2016-02-16 14:00:00+00:00,0.0,0.0,-2.42,65.02,0.69,UKP_0023,2,2016
2016-02-16 15:00:00+00:00,0.0,0.0,-3.38,70.52,1.04,UKP_0023,2,2016
2016-02-16 16:00:00+00:00,0.0,0.0,-4.31,74.99,1.37,UKP_0023,2,2016
2016-02-16 17:00:00+00:00,0.0,0.0,-4.89,76.28,1.53,UKP_0023,2,2016
2016-02-16 18:00:00+00:00,0.0,0.0,-4.98,73.78,1.54,UKP_0023,2,2016
2016-02-16 19:00:00+00:00,0.0,0.0,-4.97,70.91,1.57,UKP_0023,2,2016
2016-02-16 20:00:00+00:00,0.0,0.0,-5.07,67.56,1.69,UKP_0023,2,2016
2016-02-16 21:00:00+00:00,0.0,0.0,-5.27,63.54,1.85,UKP_0023,2,2016
2016-02-16 22:00:00+00:00,0.0,0.0,-5.47,57.9,1.94,UKP_0023,2,2016
2016-02-16 23:00:00+00:00,0.0,0.0,-5.57,50.74,2.0,UKP_0023,2,2016
2016-02-17 00:00:00+00:00,0.0,0.0,-5.44,44.36,1.97,UKP_0023,2,2016
2016-02-17 01:00:00+00:00,15.23,23.23,-4.86,41.4,1.82,UKP_0023,2,2016
2016-02-17 02:00:00+00:00,204.73,231.02,-1.49,50.0,1.26,UKP_0023,2,2016
2016-02-17 03:00:00+00:00,383.92,465.98,2.72,22.39,0.88,UKP_0023,2,2016
2016-02-17 04:00:00+00:00,558.75,663.2,4.6,19.09,2.0,UKP_0023,2,2016
2016-02-17 05:00:00+00:00,674.05,802.88,5.83,18.87,2.68,UKP_0023,2,2016
2016-02-17 06:00:00+00:00,844.1,868.15,6.78,18.81,3.0,UKP_0023,2,2016
2016-02-17 07:00:00+00:00,786.45,867.9,7.33,19.2,3.21,UKP_0023,2,2016
2016-02-17 08:00:00+00:00,622.12,783.83,7.39,19.98,3.42,UKP_0023,2,2016
2016-02-17 09:00:00+00:00,481.38,635.6,6.94,21.05,3.2,UKP_0023,2,2016
2016-02-17 10:00:00+00:00,310.52,433.17,5.92,22.94,2.65,UKP_0023,2,2016
2016-02-17 11:00:00+00:00,153.25,198.93,3.82,38.47,1.53,UKP_0023,2,2016
2016-02-17 12:00:00+00:00,8.93,13.15,1.83,32.04,0.82,UKP_0023,2,2016
2016-02-17 13:00:00+00:00,0.0,0.0,0.76,35.15,0.15,UKP_0023,2,2016
2016-02-17 14:00:00+00:00,0.0,0.0,-0.05,37.88,0.73,UKP_0023,2,2016
2016-02-17 15:00:00+00:00,0.0,0.0,-1.06,39.18,1.22,UKP_0023,2,2016
2016-02-17 16:00:00+00:00,0.0,0.0,-1.7,39.62,1.53,UKP_0023,2,2016
2016-02-17 17:00:00+00:00,0.0,0.0,-1.96,37.65,1.56,UKP_0023,2,2016
2016-02-17 18:00:00+00:00,0.0,0.0,-1.87,34.55,1.34,UKP_0023,2,2016
2016-02-17 19:00:00+00:00,0.0,0.0,-1.57,31.16,1.12,UKP_0023,2,2016
2016-02-17 20:00:00+00:00,0.0,0.0,-1.38,29.21,1.07,UKP_0023,2,2016
2016-02-17 21:00:00+00:00,0.0,0.0,-0.93,27.73,0.9,UKP_0023,2,2016
2016-02-17 22:00:00+00:00,0.0,0.0,-0.65,32.15,0.36,UKP_0023,2,2016
2016-02-17 23:00:00+00:00,0.0,0.0,-0.57,36.39,0.34,UKP_0023,2,2016
2016-02-18 00:00:00+00:00,0.0,0.0,-0.69,39.69,0.53,UKP_0023,2,2016
2016-02-18 01:00:00+00:00,15.35,22.27,-0.61,43.34,0.74,UKP_0023,2,2016
2016-02-18 02:00:00+00:00,167.4,222.1,1.85,54.66,0.59,UKP_0023,2,2016
2016-02-18 03:00:00+00:00,304.4,448.27,5.17,40.97,0.68,UKP_0023,2,2016
2016-02-18 04:00:00+00:00,454.3,639.55,7.41,36.21,2.29,UKP_0023,2,2016
2016-02-18 05:00:00+00:00,572.72,775.05,9.01,32.29,3.54,UKP_0023,2,2016
2016-02-18 06:00:00+00:00,565.15,836.1,10.09,32.29,4.24,UKP_0023,2,2016
2016-02-18 07:00:00+00:00,524.65,835.25,10.63,34.37,4.53,UKP_0023,2,2016
2016-02-18 08:00:00+00:00,457.98,765.7,10.57,37.3,4.48,UKP_0023,2,2016
2016-02-18 09:00:00+00:00,341.7,621.42,10.01,40.34,3.97,UKP_0023,2,2016
2016-02-18 10:00:00+00:00,195.5,422.45,8.85,44.89,3.21,UKP_0023,2,2016
2016-02-18 11:00:00+00:00,70.65,190.45,6.7,64.77,1.76,UKP_0023,2,2016
2016-02-18 12:00:00+00:00,5.68,12.3,4.95,66.17,1.13,UKP_0023,2,2016
2016-02-18 13:00:00+00:00,0.0,0.0,4.46,66.11,0.46,UKP_0023,2,2016
2016-02-18 14:00:00+00:00,0.0,0.0,4.18,66.09,0.37,UKP_0023,2,2016
2016-02-18 15:00:00+00:00,0.0,0.0,4.18,62.44,0.3,UKP_0023,2,2016
2016-02-18 16:00:00+00:00,0.0,0.0,3.91,60.05,0.16,UKP_0023,2,2016
2016-02-18 17:00:00+00:00,0.0,0.0,3.35,60.74,0.24,UKP_0023,2,2016
2016-02-18 18:00:00+00:00,0.0,0.0,2.99,61.71,0.41,UKP_0023,2,2016
2016-02-18 19:00:00+00:00,0.0,0.0,3.16,60.95,0.53,UKP_0023,2,2016
2016-02-18 20:00:00+00:00,0.0,0.0,3.42,59.53,0.59,UKP_0023,2,2016
2016-02-18 21:00:00+00:00,0.0,0.0,3.66,57.93,0.58,UKP_0023,2,2016
2016-02-18 22:00:00+00:00,0.0,0.0,3.56,58.46,0.58,UKP_0023,2,2016
2016-02-18 23:00:00+00:00,0.0,0.0,3.52,58.49,0.63,UKP_0023,2,2016
2016-02-19 00:00:00+00:00,0.0,0.0,3.55,58.25,0.5,UKP_0023,2,2016
2016-02-19 01:00:00+00:00,10.02,24.73,3.72,58.02,0.18,UKP_0023,2,2016
2016-02-19 02:00:00+00:00,81.85,227.2,5.11,67.55,0.26,UKP_0023,2,2016
2016-02-19 03:00:00+00:00,178.25,454.77,6.96,51.7,0.65,UKP_0023,2,2016
2016-02-19 04:00:00+00:00,263.85,644.88,8.05,46.02,1.27,UKP_0023,2,2016
2016-02-19 05:00:00+00:00,313.88,779.15,8.91,39.55,1.69,UKP_0023,2,2016
2016-02-19 06:00:00+00:00,374.85,844.78,9.29,36.41,2.08,UKP_0023,2,2016
2016-02-19 07:00:00+00:00,231.7,840.55,9.14,36.27,2.32,UKP_0023,2,2016
2016-02-19 08:00:00+00:00,333.45,762.88,8.67,38.42,2.24,UKP_0023,2,2016
2016-02-19 09:00:00+00:00,236.32,618.97,8.06,42.11,1.76,UKP_0023,2,2016
2016-02-19 10:00:00+00:00,159.32,421.0,7.29,54.14,1.14,UKP_0023,2,2016
2016-02-19 11:00:00+00:00,40.85,189.93,6.46,56.84,0.64,UKP_0023,2,2016
2016-02-19 12:00:00+00:00,6.7,12.77,5.34,55.64,0.2,UKP_0023,2,2016
2016-02-19 13:00:00+00:00,0.0,0.0,4.35,62.48,0.52,UKP_0023,2,2016
2016-02-19 14:00:00+00:00,0.0,0.0,4.06,62.83,0.77,UKP_0023,2,2016
2016-02-19 15:00:00+00:00,0.0,0.0,3.71,64.86,0.8,UKP_0023,2,2016
2016-02-19 16:00:00+00:00,0.0,0.0,3.33,66.64,0.87,UKP_0023,2,2016
2016-02-19 17:00:00+00:00,0.0,0.0,2.75,71.1,1.11,UKP_0023,2,2016
2016-02-19 18:00:00+00:00,0.0,0.0,2.19,76.17,1.38,UKP_0023,2,2016
2016-02-19 19:00:00+00:00,0.0,0.0,1.92,80.35,1.7,UKP_0023,2,2016
2016-02-19 20:00:00+00:00,0.0,0.0,1.8,84.55,1.95,UKP_0023,2,2016
2016-02-19 21:00:00+00:00,0.0,0.0,1.64,88.89,1.88,UKP_0023,2,2016
2016-02-19 22:00:00+00:00,0.0,0.0,1.43,91.69,1.73,UKP_0023,2,2016
2016-02-19 23:00:00+00:00,0.0,0.0,1.09,93.09,1.47,UKP_0023,2,2016
2016-02-20 00:00:00+00:00,0.0,0.0,0.67,93.5,1.25,UKP_0023,2,2016
2016-02-20 01:00:00+00:00,8.5,17.08,0.62,92.63,1.01,UKP_0023,2,2016
2016-02-20 02:00:00+00:00,56.38,159.73,3.27,80.15,1.37,UKP_0023,2,2016
2016-02-20 03:00:00+00:00,108.57,365.92,4.77,73.46,2.63,UKP_0023,2,2016
2016-02-20 04:00:00+00:00,154.12,551.9,5.6,72.93,3.99,UKP_0023,2,2016
2016-02-20 05:00:00+00:00,174.02,702.08,6.24,70.95,4.61,UKP_0023,2,2016
2016-02-20 06:00:00+00:00,430.5,839.78,6.52,68.97,4.48,UKP_0023,2,2016
2016-02-20 07:00:00+00:00,322.85,821.03,6.98,66.53,4.17,UKP_0023,2,2016
2016-02-20 08:00:00+00:00,192.27,730.25,7.28,63.03,4.24,UKP_0023,2,2016
2016-02-20 09:00:00+00:00,297.75,572.17,6.99,61.56,4.03,UKP_0023,2,2016
2016-02-20 10:00:00+00:00,162.7,376.1,6.18,63.16,3.72,UKP_0023,2,2016
2016-02-20 11:00:00+00:00,72.25,160.85,4.44,75.54,2.61,UKP_0023,2,2016
2016-02-20 12:00:00+00:00,6.05,11.05,1.88,88.63,1.85,UKP_0023,2,2016
2016-02-20 13:00:00+00:00,0.0,0.0,1.08,90.34,1.3,UKP_0023,2,2016
2016-02-20 14:00:00+00:00,0.0,0.0,0.74,92.76,0.6,UKP_0023,2,2016
2016-02-20 15:00:00+00:00,0.0,0.0,-0.08,95.03,0.64,UKP_0023,2,2016
2016-02-20 16:00:00+00:00,0.0,0.0,-0.4,92.07,0.82,UKP_0023,2,2016
2016-02-20 17:00:00+00:00,0.0,0.0,-0.52,87.22,0.89,UKP_0023,2,2016
2016-02-20 18:00:00+00:00,0.0,0.0,-0.71,84.68,0.93,UKP_0023,2,2016
2016-02-20 19:00:00+00:00,0.0,0.0,-1.3,81.55,1.24,UKP_0023,2,2016
2016-02-20 20:00:00+00:00,0.0,0.0,-2.38,78.48,1.75,UKP_0023,2,2016
2016-02-20 21:00:00+00:00,0.0,0.0,-3.35,75.65,2.15,UKP_0023,2,2016
2016-02-20 22:00:00+00:00,0.0,0.0,-3.52,67.13,2.22,UKP_0023,2,2016
2016-02-20 23:00:00+00:00,0.0,0.0,-3.34,56.93,2.1,UKP_0023,2,2016
2016-02-21 00:00:00+00:00,0.0,0.0,-2.95,47.62,1.9,UKP_0023,2,2016
2016-02-21 01:00:00+00:00,14.12,22.02,-2.45,46.14,1.85,UKP_0023,2,2016
2016-02-21 02:00:00+00:00,165.18,229.98,0.81,54.38,1.55,UKP_0023,2,2016
2016-02-21 03:00:00+00:00,310.12,467.83,4.2,38.0,0.69,UKP_0023,2,2016
2016-02-21 04:00:00+00:00,467.5,669.2,6.61,34.45,2.58,UKP_0023,2,2016
2016-02-21 05:00:00+00:00,591.1,812.92,8.06,31.2,3.62,UKP_0023,2,2016
2016-02-21 06:00:00+00:00,636.45,874.3,9.0,30.34,4.14,UKP_0023,2,2016
2016-02-21 07:00:00+00:00,679.1,867.35,9.58,30.93,4.46,UKP_0023,2,2016
2016-02-21 08:00:00+00:00,552.03,778.03,9.6,32.83,4.75,UKP_0023,2,2016
2016-02-21 09:00:00+00:00,429.25,620.7,9.06,36.16,4.56,UKP_0023,2,2016
2016-02-21 10:00:00+00:00,301.1,413.7,8.02,40.15,4.03,UKP_0023,2,2016
2016-02-21 11:00:00+00:00,148.05,194.05,5.63,54.66,2.59,UKP_0023,2,2016
2016-02-21 12:00:00+00:00,9.95,14.62,2.43,70.15,1.73,UKP_0023,2,2016
2016-02-21 13:00:00+00:00,0.0,0.0,2.18,66.61,0.84,UKP_0023,2,2016
2016-02-21 14:00:00+00:00,0.0,0.0,1.41,67.95,0.87,UKP_0023,2,2016
2016-02-21 15:00:00+00:00,0.0,0.0,0.45,69.84,1.23,UKP_0023,2,2016
2016-02-21 16:00:00+00:00,0.0,0.0,-0.24,70.45,1.39,UKP_0023,2,2016
2016-02-21 17:00:00+00:00,0.0,0.0,-0.46,66.79,1.36,UKP_0023,2,2016
2016-02-21 18:00:00+00:00,0.0,0.0,-0.57,60.09,1.27,UKP_0023,2,2016
2016-02-21 19:00:00+00:00,0.0,0.0,-1.02,56.16,1.18,UKP_0023,2,2016
2016-02-21 20:00:00+00:00,0.0,0.0,-1.39,52.93,1.19,UKP_0023,2,2016
2016-02-21 21:00:00+00:00,0.0,0.0,-1.37,47.26,1.11,UKP_0023,2,2016
2016-02-21 22:00:00+00:00,0.0,0.0,-1.26,41.93,1.14,UKP_0023,2,2016
2016-02-21 23:00:00+00:00,0.0,0.0,-0.93,38.02,1.32,UKP_0023,2,2016
2016-02-22 00:00:00+00:00,0.0,0.0,-0.92,36.23,1.23,UKP_0023,2,2016
2016-02-22 01:00:00+00:00,19.73,34.3,-0.34,36.43,0.93,UKP_0023,2,2016
2016-02-22 02:00:00+00:00,180.57,262.35,2.74,45.37,0.64,UKP_0023,2,2016
2016-02-22 03:00:00+00:00,324.88,502.0,5.81,27.86,1.46,UKP_0023,2,2016
2016-02-22 04:00:00+00:00,486.9,702.25,7.62,25.79,2.79,UKP_0023,2,2016
2016-02-22 05:00:00+00:00,634.05,845.25,8.74,25.19,3.67,UKP_0023,2,2016
2016-02-22 06:00:00+00:00,663.78,904.28,9.57,25.03,4.44,UKP_0023,2,2016
2016-02-22 07:00:00+00:00,657.7,896.0,10.07,25.0,5.04,UKP_0023,2,2016
2016-02-22 08:00:00+00:00,553.92,808.25,10.01,25.0,5.43,UKP_0023,2,2016
2016-02-22 09:00:00+00:00,447.67,653.12,9.38,25.89,5.47,UKP_0023,2,2016
2016-02-22 10:00:00+00:00,293.83,443.4,8.09,28.36,5.01,UKP_0023,2,2016
2016-02-22 11:00:00+00:00,144.9,204.12,5.52,39.06,3.27,UKP_0023,2,2016
2016-02-22 12:00:00+00:00,10.27,14.57,1.84,56.44,2.15,UKP_0023,2,2016
2016-02-22 13:00:00+00:00,0.0,0.0,2.04,48.08,1.07,UKP_0023,2,2016
2016-02-22 14:00:00+00:00,0.0,0.0,1.51,49.13,0.57,UKP_0023,2,2016
2016-02-22 15:00:00+00:00,0.0,0.0,0.39,53.81,1.33,UKP_0023,2,2016
2016-02-22 16:00:00+00:00,0.0,0.0,-0.42,56.54,1.72,UKP_0023,2,2016
2016-02-22 17:00:00+00:00,0.0,0.0,-0.91,57.86,1.9,UKP_0023,2,2016
2016-02-22 18:00:00+00:00,0.0,0.0,-1.17,57.67,1.97,UKP_0023,2,2016
2016-02-22 19:00:00+00:00,0.0,0.0,-1.46,57.8,2.05,UKP_0023,2,2016
2016-02-22 20:00:00+00:00,0.0,0.0,-1.79,58.31,2.12,UKP_0023,2,2016
2016-02-22 21:00:00+00:00,0.0,0.0,-2.08,57.96,2.2,UKP_0023,2,2016
2016-02-22 22:00:00+00:00,0.0,0.0,-2.27,55.77,2.18,UKP_0023,2,2016
2016-02-22 23:00:00+00:00,0.0,0.0,-2.43,52.94,2.14,UKP_0023,2,2016
2016-02-23 00:00:00+00:00,0.0,0.0,-2.73,51.09,2.19,UKP_0023,2,2016
2016-02-23 01:00:00+00:00,23.52,36.78,-2.6,53.3,2.26,UKP_0023,2,2016
2016-02-23 02:00:00+00:00,196.82,263.83,0.92,49.28,2.17,UKP_0023,2,2016
2016-02-23 03:00:00+00:00,341.2,491.27,4.39,32.1,0.52,UKP_0023,2,2016
2016-02-23 04:00:00+00:00,495.77,690.3,6.59,30.54,2.53,UKP_0023,2,2016
2016-02-23 05:00:00+00:00,649.58,830.08,7.86,29.9,3.85,UKP_0023,2,2016
2016-02-23 06:00:00+00:00,701.75,894.95,8.67,29.98,4.53,UKP_0023,2,2016
2016-02-23 07:00:00+00:00,656.12,883.05,9.06,30.24,4.93,UKP_0023,2,2016
2016-02-23 08:00:00+00:00,643.55,759.5,8.93,31.06,5.05,UKP_0023,2,2016
2016-02-23 09:00:00+00:00,387.58,613.33,8.27,33.07,4.8,UKP_0023,2,2016
2016-02-23 10:00:00+00:00,240.18,412.88,7.12,35.98,4.18,UKP_0023,2,2016
2016-02-23 11:00:00+00:00,141.18,188.77,5.03,44.51,2.85,UKP_0023,2,2016
2016-02-23 12:00:00+00:00,8.1,13.95,1.83,62.86,1.71,UKP_0023,2,2016
2016-02-23 13:00:00+00:00,0.0,0.0,1.4,57.93,1.03,UKP_0023,2,2016
2016-02-23 14:00:00+00:00,0.0,0.0,1.0,54.38,0.78,UKP_0023,2,2016
2016-02-23 15:00:00+00:00,0.0,0.0,0.13,54.86,1.15,UKP_0023,2,2016
2016-02-23 16:00:00+00:00,0.0,0.0,-0.78,55.96,1.47,UKP_0023,2,2016
2016-02-23 17:00:00+00:00,0.0,0.0,-1.58,54.58,1.84,UKP_0023,2,2016
2016-02-23 18:00:00+00:00,0.0,0.0,-2.46,54.0,2.16,UKP_0023,2,2016
2016-02-23 19:00:00+00:00,0.0,0.0,-2.93,49.36,2.32,UKP_0023,2,2016
2016-02-23 20:00:00+00:00,0.0,0.0,-3.62,46.83,2.54,UKP_0023,2,2016
2016-02-23 21:00:00+00:00,0.0,0.0,-4.66,45.44,2.98,UKP_0023,2,2016
2016-02-23 22:00:00+00:00,0.0,0.0,-5.78,43.46,3.48,UKP_0023,2,2016
2016-02-23 23:00:00+00:00,0.0,0.0,-6.54,39.74,3.94,UKP_0023,2,2016
2016-02-24 00:00:00+00:00,0.0,0.0,-7.02,36.16,4.33,UKP_0023,2,2016
2016-02-24 01:00:00+00:00,22.73,35.92,-6.38,36.74,4.88,UKP_0023,2,2016
2016-02-24 02:00:00+00:00,215.73,266.25,-1.37,35.13,5.9,UKP_0023,2,2016
2016-02-24 03:00:00+00:00,342.17,508.55,2.35,15.34,7.14,UKP_0023,2,2016
2016-02-24 04:00:00+00:00,497.65,713.0,4.76,12.82,6.88,UKP_0023,2,2016
2016-02-24 05:00:00+00:00,657.33,857.5,6.85,12.34,5.44,UKP_0023,2,2016
2016-02-24 06:00:00+00:00,703.78,923.53,8.38,12.44,3.56,UKP_0023,2,2016
2016-02-24 07:00:00+00:00,769.78,918.65,9.33,12.91,2.27,UKP_0023,2,2016
2016-02-24 08:00:00+00:00,613.55,831.0,9.57,14.1,2.32,UKP_0023,2,2016
2016-02-24 09:00:00+00:00,468.95,676.08,9.2,15.8,2.62,UKP_0023,2,2016
2016-02-24 10:00:00+00:00,304.42,464.3,8.18,17.55,2.72,UKP_0023,2,2016
2016-02-24 11:00:00+00:00,170.1,222.0,5.76,31.2,1.84,UKP_0023,2,2016
2016-02-24 12:00:00+00:00,12.12,17.95,2.54,41.89,1.34,UKP_0023,2,2016
2016-02-24 13:00:00+00:00,0.0,0.0,1.97,37.77,0.95,UKP_0023,2,2016
2016-02-24 14:00:00+00:00,0.0,0.0,1.11,38.5,1.08,UKP_0023,2,2016
2016-02-24 15:00:00+00:00,0.0,0.0,0.42,38.34,1.41,UKP_0023,2,2016
2016-02-24 16:00:00+00:00,0.0,0.0,-0.07,37.0,1.64,UKP_0023,2,2016
2016-02-24 17:00:00+00:00,0.0,0.0,-0.46,35.35,1.68,UKP_0023,2,2016
2016-02-24 18:00:00+00:00,0.0,0.0,-0.67,33.25,1.63,UKP_0023,2,2016
2016-02-24 19:00:00+00:00,0.0,0.0,-0.86,31.22,1.56,UKP_0023,2,2016
2016-02-24 20:00:00+00:00,0.0,0.0,-1.38,29.92,1.64,UKP_0023,2,2016
2016-02-24 21:00:00+00:00,0.0,0.0,-2.03,29.39,1.82,UKP_0023,2,2016
2016-02-24 22:00:00+00:00,0.0,0.0,-3.0,29.99,2.16,UKP_0023,2,2016
2016-02-24 23:00:00+00:00,0.0,0.0,-3.86,30.21,2.46,UKP_0023,2,2016
2016-02-25 00:00:00+00:00,0.0,0.0,-4.37,30.24,2.61,UKP_0023,2,2016
2016-02-25 01:00:00+00:00,24.3,33.65,-4.06,33.35,2.59,UKP_0023,2,2016
2016-02-25 02:00:00+00:00,209.68,252.43,-0.03,38.23,2.17,UKP_0023,2,2016
2016-02-25 03:00:00+00:00,331.83,489.55,3.86,16.94,0.82,UKP_0023,2,2016
2016-02-25 04:00:00+00:00,504.08,691.08,6.58,16.68,2.0,UKP_0023,2,2016
2016-02-25 05:00:00+00:00,644.75,832.78,7.85,17.41,3.34,UKP_0023,2,2016
2016-02-25 06:00:00+00:00,682.9,879.58,8.59,18.76,3.83,UKP_0023,2,2016
2016-02-25 07:00:00+00:00,653.42,863.72,9.04,20.14,4.04,UKP_0023,2,2016
2016-02-25 08:00:00+00:00,619.42,775.1,9.02,21.62,4.26,UKP_0023,2,2016
2016-02-25 09:00:00+00:00,442.12,614.95,8.37,23.71,4.24,UKP_0023,2,2016
2016-02-25 10:00:00+00:00,316.62,409.17,7.09,26.87,3.65,UKP_0023,2,2016
2016-02-25 11:00:00+00:00,141.2,185.3,4.78,38.06,2.39,UKP_0023,2,2016
2016-02-25 12:00:00+00:00,10.1,15.35,1.89,50.88,1.38,UKP_0023,2,2016
2016-02-25 13:00:00+00:00,0.0,0.0,1.34,45.96,0.63,UKP_0023,2,2016
2016-02-25 14:00:00+00:00,0.0,0.0,0.48,47.69,0.51,UKP_0023,2,2016
2016-02-25 15:00:00+00:00,0.0,0.0,-0.51,51.73,1.05,UKP_0023,2,2016
2016-02-25 16:00:00+00:00,0.0,0.0,-1.38,56.23,1.51,UKP_0023,2,2016
2016-02-25 17:00:00+00:00,0.0,0.0,-1.97,59.72,1.75,UKP_0023,2,2016
2016-02-25 18:00:00+00:00,0.0,0.0,-2.14,59.7,1.8,UKP_0023,2,2016
2016-02-25 19:00:00+00:00,0.0,0.0,-2.11,57.79,1.79,UKP_0023,2,2016
2016-02-25 20:00:00+00:00,0.0,0.0,-2.03,55.63,1.71,UKP_0023,2,2016
2016-02-25 21:00:00+00:00,0.0,0.0,-2.01,52.48,1.57,UKP_0023,2,2016
2016-02-25 22:00:00+00:00,0.0,0.0,-2.41,50.68,1.56,UKP_0023,2,2016
2016-02-25 23:00:00+00:00,0.0,0.0,-2.8,50.52,1.63,UKP_0023,2,2016
2016-02-26 00:00:00+00:00,0.0,0.0,-2.92,48.49,1.63,UKP_0023,2,2016
2016-02-26 01:00:00+00:00,23.02,31.9,-2.45,49.6,1.52,UKP_0023,2,2016
2016-02-26 02:00:00+00:00,168.65,240.75,0.68,49.27,1.2,UKP_0023,2,2016
2016-02-26 03:00:00+00:00,266.75,469.88,3.56,33.12,0.29,UKP_0023,2,2016
2016-02-26 04:00:00+00:00,380.73,666.4,5.65,29.97,2.12,UKP_0023,2,2016
2016-02-26 05:00:00+00:00,477.8,805.5,7.2,28.04,3.31,UKP_0023,2,2016
2016-02-26 06:00:00+00:00,506.52,833.72,8.29,27.66,4.06,UKP_0023,2,2016
2016-02-26 07:00:00+00:00,523.47,822.97,8.88,28.04,4.47,UKP_0023,2,2016
2016-02-26 08:00:00+00:00,439.85,733.62,8.81,29.05,4.71,UKP_0023,2,2016
2016-02-26 09:00:00+00:00,338.42,578.33,8.11,31.28,4.62,UKP_0023,2,2016
2016-02-26 10:00:00+00:00,236.77,383.02,6.89,34.56,4.16,UKP_0023,2,2016
2016-02-26 11:00:00+00:00,109.7,166.25,4.88,43.62,2.97,UKP_0023,2,2016
2016-02-26 12:00:00+00:00,9.57,13.57,1.89,61.62,1.7,UKP_0023,2,2016
2016-02-26 13:00:00+00:00,0.0,0.0,1.49,57.34,1.02,UKP_0023,2,2016
2016-02-26 14:00:00+00:00,0.0,0.0,1.06,54.89,0.52,UKP_0023,2,2016
2016-02-26 15:00:00+00:00,0.0,0.0,-0.18,60.33,1.08,UKP_0023,2,2016
2016-02-26 16:00:00+00:00,0.0,0.0,-1.03,63.29,1.58,UKP_0023,2,2016
2016-02-26 17:00:00+00:00,0.0,0.0,-1.79,66.54,1.89,UKP_0023,2,2016
2016-02-26 18:00:00+00:00,0.0,0.0,-2.37,68.02,2.1,UKP_0023,2,2016
2016-02-26 19:00:00+00:00,0.0,0.0,-2.76,67.93,2.22,UKP_0023,2,2016
2016-02-26 20:00:00+00:00,0.0,0.0,-2.93,66.28,2.27,UKP_0023,2,2016
2016-02-26 21:00:00+00:00,0.0,0.0,-3.01,63.63,2.27,UKP_0023,2,2016
2016-02-26 22:00:00+00:00,0.0,0.0,-3.23,60.25,2.31,UKP_0023,2,2016
2016-02-26 23:00:00+00:00,0.0,0.0,-3.49,57.43,2.36,UKP_0023,2,2016
2016-02-27 00:00:00+00:00,0.0,0.0,-3.71,54.79,2.39,UKP_0023,2,2016
2016-02-27 01:00:00+00:00,17.95,27.3,-3.16,55.46,2.33,UKP_0023,2,2016
2016-02-27 02:00:00+00:00,138.85,213.57,0.85,47.05,2.1,UKP_0023,2,2016
2016-02-27 03:00:00+00:00,270.52,420.7,4.64,28.68,0.42,UKP_0023,2,2016
2016-02-27 04:00:00+00:00,423.55,612.5,7.15,24.11,1.81,UKP_0023,2,2016
2016-02-27 05:00:00+00:00,468.23,736.9,8.47,23.27,3.33,UKP_0023,2,2016
2016-02-27 06:00:00+00:00,533.0,852.38,9.14,24.47,4.39,UKP_0023,2,2016
2016-02-27 07:00:00+00:00,554.12,834.08,9.38,26.26,4.92,UKP_0023,2,2016
2016-02-27 08:00:00+00:00,475.95,737.45,9.12,28.17,5.0,UKP_0023,2,2016
2016-02-27 09:00:00+00:00,368.6,583.53,8.45,30.59,4.74,UKP_0023,2,2016
2016-02-27 10:00:00+00:00,236.95,377.92,7.32,33.79,4.12,UKP_0023,2,2016
2016-02-27 11:00:00+00:00,104.6,162.23,5.39,42.62,2.87,UKP_0023,2,2016
2016-02-27 12:00:00+00:00,8.68,13.98,2.32,60.24,1.68,UKP_0023,2,2016
2016-02-27 13:00:00+00:00,0.0,0.0,1.86,56.64,0.88,UKP_0023,2,2016
2016-02-27 14:00:00+00:00,0.0,0.0,1.11,57.24,0.89,UKP_0023,2,2016
2016-02-27 15:00:00+00:00,0.0,0.0,0.32,58.97,1.35,UKP_0023,2,2016
2016-02-27 16:00:00+00:00,0.0,0.0,-0.34,59.61,1.59,UKP_0023,2,2016
2016-02-27 17:00:00+00:00,0.0,0.0,-0.71,58.71,1.65,UKP_0023,2,2016
2016-02-27 18:00:00+00:00,0.0,0.0,-0.86,57.06,1.62,UKP_0023,2,2016
2016-02-27 19:00:00+00:00,0.0,0.0,-0.93,55.38,1.58,UKP_0023,2,2016
2016-02-27 20:00:00+00:00,0.0,0.0,-1.21,54.62,1.67,UKP_0023,2,2016
2016-02-27 21:00:00+00:00,0.0,0.0,-1.68,53.39,1.85,UKP_0023,2,2016
2016-02-27 22:00:00+00:00,0.0,0.0,-2.04,51.08,1.98,UKP_0023,2,2016
2016-02-27 23:00:00+00:00,0.0,0.0,-2.39,48.13,2.06,UKP_0023,2,2016
2016-02-28 00:00:00+00:00,0.0,0.0,-2.64,44.14,2.08,UKP_0023,2,2016
2016-02-28 01:00:00+00:00,24.05,30.5,-2.06,44.06,1.97,UKP_0023,2,2016
2016-02-28 02:00:00+00:00,188.52,224.1,1.35,42.77,1.49,UKP_0023,2,2016
2016-02-28 03:00:00+00:00,369.98,451.1,4.27,30.02,0.47,UKP_0023,2,2016
2016-02-28 04:00:00+00:00,493.73,643.35,6.61,27.03,2.28,UKP_0023,2,2016
2016-02-28 05:00:00+00:00,580.5,784.35,7.93,26.07,3.36,UKP_0023,2,2016
2016-02-28 06:00:00+00:00,609.92,855.55,8.75,26.44,4.07,UKP_0023,2,2016
2016-02-28 07:00:00+00:00,633.95,846.12,9.16,27.55,4.49,UKP_0023,2,2016
2016-02-28 08:00:00+00:00,507.77,747.6,9.0,29.2,4.66,UKP_0023,2,2016
2016-02-28 09:00:00+00:00,418.77,593.05,8.28,31.99,4.47,UKP_0023,2,2016
2016-02-28 10:00:00+00:00,263.3,391.15,7.08,35.94,3.96,UKP_0023,2,2016
2016-02-28 11:00:00+00:00,118.8,168.95,5.05,48.42,2.75,UKP_0023,2,2016
2016-02-28 12:00:00+00:00,10.15,14.95,2.3,62.23,1.69,UKP_0023,2,2016
2016-02-28 13:00:00+00:00,0.0,0.0,1.97,57.19,0.92,UKP_0023,2,2016
2016-02-28 14:00:00+00:00,0.0,0.0,1.37,58.07,0.35,UKP_0023,2,2016
2016-02-28 15:00:00+00:00,0.0,0.0,0.52,62.1,0.86,UKP_0023,2,2016
2016-02-28 16:00:00+00:00,0.0,0.0,-0.14,63.94,1.28,UKP_0023,2,2016
2016-02-28 17:00:00+00:00,0.0,0.0,-0.71,66.42,1.56,UKP_0023,2,2016
2016-02-28 18:00:00+00:00,0.0,0.0,-0.98,66.29,1.64,UKP_0023,2,2016
2016-02-28 19:00:00+00:00,0.0,0.0,-0.76,63.11,1.43,UKP_0023,2,2016
2016-02-28 20:00:00+00:00,0.0,0.0,-0.47,60.83,1.17,UKP_0023,2,2016
2016-02-28 21:00:00+00:00,0.0,0.0,-0.62,61.96,0.98,UKP_0023,2,2016
2016-02-28 22:00:00+00:00,0.0,0.0,-0.59,61.22,0.9,UKP_0023,2,2016
2016-02-28 23:00:00+00:00,0.0,0.0,-0.71,59.7,0.85,UKP_0023,2,2016
2016-02-29 00:00:00+00:00,0.0,0.0,-1.05,60.44,0.86,UKP_0023,2,2016
2016-02-29 01:00:00+00:00,20.05,27.98,-0.73,60.87,0.84,UKP_0023,2,2016
2016-02-29 02:00:00+00:00,153.55,215.85,1.47,63.04,0.51,UKP_0023,2,2016
2016-02-29 03:00:00+00:00,308.98,438.25,3.68,45.39,1.4,UKP_0023,2,2016
2016-02-29 04:00:00+00:00,409.67,628.55,5.27,40.73,2.6,UKP_0023,2,2016
2016-02-29 05:00:00+00:00,475.02,761.5,6.71,37.43,3.4,UKP_0023,2,2016
2016-02-29 06:00:00+00:00,510.62,833.12,7.72,35.76,4.09,UKP_0023,2,2016
2016-02-29 07:00:00+00:00,506.85,825.97,7.91,36.0,4.44,UKP_0023,2,2016
2016-02-29 08:00:00+00:00,437.73,737.53,7.62,37.33,4.56,UKP_0023,2,2016
2016-02-29 09:00:00+00:00,371.25,598.9,7.13,39.13,4.56,UKP_0023,2,2016
2016-02-29 10:00:00+00:00,234.3,392.2,6.03,42.79,4.25,UKP_0023,2,2016
2016-02-29 11:00:00+00:00,101.1,169.12,4.27,52.16,3.19,UKP_0023,2,2016
2016-02-29 12:00:00+00:00,10.68,15.8,1.75,67.87,1.9,UKP_0023,2,2016
2016-02-29 13:00:00+00:00,0.0,0.0,1.28,63.02,1.2,UKP_0023,2,2016
2016-02-29 14:00:00+00:00,0.0,0.0,1.0,61.76,0.46,UKP_0023,2,2016
2016-02-29 15:00:00+00:00,0.0,0.0,0.18,65.73,0.31,UKP_0023,2,2016
2016-02-29 16:00:00+00:00,0.0,0.0,-0.47,68.27,0.82,UKP_0023,2,2016
2016-02-29 17:00:00+00:00,0.0,0.0,-0.95,70.01,1.11,UKP_0023,2,2016
2016-02-29 18:00:00+00:00,0.0,0.0,-1.48,71.45,1.42,UKP_0023,2,2016
2016-02-29 19:00:00+00:00,0.0,0.0,-2.0,72.62,1.71,UKP_0023,2,2016
2016-02-29 20:00:00+00:00,0.0,0.0,-2.52,73.97,1.95,UKP_0023,2,2016
2016-02-29 21:00:00+00:00,0.0,0.0,-2.92,73.64,2.18,UKP_0023,2,2016
2016-02-29 22:00:00+00:00,0.0,0.0,-3.27,72.44,2.35,UKP_0023,2,2016
2016-02-29 23:00:00+00:00,0.0,0.0,-3.7,70.38,2.51,UKP_0023,2,2016
2016-03-01 00:00:00+00:00,0.0,0.0,-3.87,67.13,2.54,UKP_0023,2,2016
2016-03-01 01:00:00+00:00,28.27,32.28,-2.94,65.87,2.37,UKP_0023,2,2016
2016-03-01 02:00:00+00:00,203.43,230.85,1.29,54.39,2.03,UKP_0023,2,2016
2016-03-01 03:00:00+00:00,330.62,457.48,4.9,37.86,0.9,UKP_0023,2,2016
2016-03-01 04:00:00+00:00,496.3,660.42,7.26,31.61,1.8,UKP_0023,2,2016
2016-03-01 05:00:00+00:00,690.22,806.3,8.67,29.32,3.11,UKP_0023,2,2016
2016-03-01 06:00:00+00:00,621.7,882.67,9.53,29.54,4.21,UKP_0023,2,2016
2016-03-01 07:00:00+00:00,668.4,876.55,9.85,30.74,4.83,UKP_0023,2,2016
2016-03-01 08:00:00+00:00,559.67,781.4,9.55,32.76,5.06,UKP_0023,2,2016
2016-03-01 09:00:00+00:00,508.27,635.0,8.8,35.83,4.83,UKP_0023,2,2016
2016-03-01 10:00:00+00:00,282.83,428.4,7.71,39.32,4.23,UKP_0023,2,2016
2016-03-01 11:00:00+00:00,164.77,201.32,5.86,49.5,2.84,UKP_0023,2,2016
2016-03-01 12:00:00+00:00,14.95,19.2,2.96,66.3,1.7,UKP_0023,2,2016
2016-03-01 13:00:00+00:00,0.0,0.0,2.73,61.4,0.83,UKP_0023,2,2016
2016-03-01 14:00:00+00:00,0.0,0.0,2.25,60.29,0.53,UKP_0023,2,2016
2016-03-01 15:00:00+00:00,0.0,0.0,1.29,64.6,1.09,UKP_0023,2,2016
2016-03-01 16:00:00+00:00,0.0,0.0,0.55,66.37,1.5,UKP_0023,2,2016
2016-03-01 17:00:00+00:00,0.0,0.0,0.08,66.83,1.66,UKP_0023,2,2016
2016-03-01 18:00:00+00:00,0.0,0.0,0.0,65.73,1.59,UKP_0023,2,2016
2016-03-01 19:00:00+00:00,0.0,0.0,-0.01,64.3,1.41,UKP_0023,2,2016
2016-03-01 20:00:00+00:00,0.0,0.0,-0.06,63.82,1.22,UKP_0023,2,2016
2016-03-01 21:00:00+00:00,0.0,0.0,-0.21,64.04,1.2,UKP_0023,2,2016
2016-03-01 22:00:00+00:00,0.0,0.0,-0.35,64.02,1.27,UKP_0023,2,2016
2016-03-01 23:00:00+00:00,0.0,0.0,-0.49,64.96,1.35,UKP_0023,2,2016
2016-03-02 00:00:00+00:00,0.0,0.0,-0.74,67.13,1.49,UKP_0023,2,2016
2016-03-02 01:00:00+00:00,26.92,43.1,-0.21,68.03,1.63,UKP_0023,2,2016
2016-03-02 02:00:00+00:00,202.2,260.85,2.54,63.09,1.22,UKP_0023,2,2016
2016-03-02 03:00:00+00:00,336.52,488.17,5.18,49.63,0.91,UKP_0023,2,2016
2016-03-02 04:00:00+00:00,533.78,684.42,6.78,47.64,3.21,UKP_0023,2,2016
2016-03-02 05:00:00+00:00,652.2,821.35,7.69,46.47,4.12,UKP_0023,2,2016
2016-03-02 06:00:00+00:00,681.12,873.62,8.08,46.58,4.76,UKP_0023,2,2016
2016-03-02 07:00:00+00:00,620.08,863.58,7.78,48.25,5.16,UKP_0023,2,2016
2016-03-02 08:00:00+00:00,461.62,797.92,7.24,49.92,5.11,UKP_0023,2,2016
2016-03-02 09:00:00+00:00,409.48,653.92,6.54,52.35,4.61,UKP_0023,2,2016
2016-03-02 10:00:00+00:00,270.0,445.17,5.75,55.76,3.72,UKP_0023,2,2016
2016-03-02 11:00:00+00:00,124.0,208.52,4.67,64.97,2.47,UKP_0023,2,2016
2016-03-02 12:00:00+00:00,14.93,20.77,3.11,74.73,1.41,UKP_0023,2,2016
2016-03-02 13:00:00+00:00,0.0,0.0,2.87,70.7,0.68,UKP_0023,2,2016
2016-03-02 14:00:00+00:00,0.0,0.0,2.42,72.15,0.39,UKP_0023,2,2016
2016-03-02 15:00:00+00:00,0.0,0.0,1.84,73.96,0.65,UKP_0023,2,2016
2016-03-02 16:00:00+00:00,0.0,0.0,1.26,75.63,0.88,UKP_0023,2,2016
2016-03-02 17:00:00+00:00,0.0,0.0,0.94,75.85,0.92,UKP_0023,2,2016
2016-03-02 18:00:00+00:00,0.0,0.0,0.67,76.1,0.98,UKP_0023,2,2016
2016-03-02 19:00:00+00:00,0.0,0.0,0.36,76.2,1.05,UKP_0023,2,2016
2016-03-02 20:00:00+00:00,0.0,0.0,0.01,75.93,1.21,UKP_0023,2,2016
2016-03-02 21:00:00+00:00,0.0,0.0,-0.23,75.36,1.33,UKP_0023,2,2016
2016-03-02 22:00:00+00:00,0.0,0.0,-0.26,73.65,1.39,UKP_0023,2,2016
2016-03-02 23:00:00+00:00,0.0,0.0,-0.26,71.79,1.44,UKP_0023,2,2016
2016-03-03 00:00:00+00:00,0.0,0.0,-0.35,70.84,1.54,UKP_0023,2,2016
2016-03-03 01:00:00+00:00,35.65,44.03,0.27,69.87,1.71,UKP_0023,2,2016
2016-03-03 02:00:00+00:00,229.25,260.85,3.58,59.88,1.55,UKP_0023,2,2016
2016-03-03 03:00:00+00:00,372.35,487.35,6.7,41.55,1.66,UKP_0023,2,2016
2016-03-03 04:00:00+00:00,529.72,682.58,8.65,34.56,3.27,UKP_0023,2,2016
2016-03-03 05:00:00+00:00,735.5,823.35,9.94,32.13,4.13,UKP_0023,2,2016
2016-03-03 06:00:00+00:00,690.9,887.0,10.82,31.66,4.69,UKP_0023,2,2016
2016-03-03 07:00:00+00:00,661.97,883.75,11.12,32.02,5.12,UKP_0023,2,2016
2016-03-03 08:00:00+00:00,527.08,802.65,10.94,33.41,5.38,UKP_0023,2,2016
2016-03-03 09:00:00+00:00,402.0,652.9,10.45,35.11,5.52,UKP_0023,2,2016
2016-03-03 10:00:00+00:00,251.88,449.25,9.35,38.26,5.29,UKP_0023,2,2016
2016-03-03 11:00:00+00:00,141.8,218.93,7.58,44.33,3.95,UKP_0023,2,2016
2016-03-03 12:00:00+00:00,14.43,22.77,3.97,65.78,2.34,UKP_0023,2,2016
2016-03-03 13:00:00+00:00,0.0,0.0,3.25,67.19,1.87,UKP_0023,2,2016
2016-03-03 14:00:00+00:00,0.0,0.0,3.48,62.84,1.18,UKP_0023,2,2016
2016-03-03 15:00:00+00:00,0.0,0.0,3.51,59.43,0.54,UKP_0023,2,2016
2016-03-03 16:00:00+00:00,0.0,0.0,2.4,64.14,1.15,UKP_0023,2,2016
2016-03-03 17:00:00+00:00,0.0,0.0,1.66,66.78,1.42,UKP_0023,2,2016
2016-03-03 18:00:00+00:00,0.0,0.0,1.18,68.43,1.56,UKP_0023,2,2016
2016-03-03 19:00:00+00:00,0.0,0.0,0.97,68.76,1.61,UKP_0023,2,2016
2016-03-03 20:00:00+00:00,0.0,0.0,0.89,68.1,1.58,UKP_0023,2,2016
2016-03-03 21:00:00+00:00,0.0,0.0,1.09,66.1,1.45,UKP_0023,2,2016
2016-03-03 22:00:00+00:00,0.0,0.0,1.33,63.8,1.28,UKP_0023,2,2016
2016-03-03 23:00:00+00:00,0.0,0.0,1.5,62.55,1.21,UKP_0023,2,2016
2016-03-04 00:00:00+00:00,0.0,0.0,1.58,61.72,1.22,UKP_0023,2,2016
2016-03-04 01:00:00+00:00,38.12,52.38,2.25,61.84,1.12,UKP_0023,2,2016
2016-03-04 02:00:00+00:00,240.82,282.35,4.87,53.9,0.26,UKP_0023,2,2016
2016-03-04 03:00:00+00:00,395.05,511.92,7.28,42.12,2.19,UKP_0023,2,2016
2016-03-04 04:00:00+00:00,521.83,698.65,8.79,37.41,3.26,UKP_0023,2,2016
2016-03-04 05:00:00+00:00,715.0,839.78,9.94,35.07,3.96,UKP_0023,2,2016
2016-03-04 06:00:00+00:00,811.95,899.58,10.71,33.64,4.62,UKP_0023,2,2016
2016-03-04 07:00:00+00:00,641.2,891.33,10.89,33.39,5.1,UKP_0023,2,2016
2016-03-04 08:00:00+00:00,565.62,804.62,10.62,34.41,5.32,UKP_0023,2,2016
2016-03-04 09:00:00+00:00,429.02,654.03,10.04,36.47,5.16,UKP_0023,2,2016
2016-03-04 10:00:00+00:00,272.9,449.08,8.95,39.82,4.65,UKP_0023,2,2016
2016-03-04 11:00:00+00:00,150.38,219.27,7.23,46.2,3.59,UKP_0023,2,2016
2016-03-04 12:00:00+00:00,15.65,23.9,3.85,68.17,2.19,UKP_0023,2,2016
2016-03-04 13:00:00+00:00,0.0,0.0,2.99,69.52,1.81,UKP_0023,2,2016
2016-03-04 14:00:00+00:00,0.0,0.0,2.72,68.49,1.44,UKP_0023,2,2016
2016-03-04 15:00:00+00:00,0.0,0.0,2.39,67.52,1.1,UKP_0023,2,2016
2016-03-04 16:00:00+00:00,0.0,0.0,2.29,67.87,0.53,UKP_0023,2,2016
2016-03-04 17:00:00+00:00,0.0,0.0,1.58,70.41,0.1,UKP_0023,2,2016
2016-03-04 18:00:00+00:00,0.0,0.0,0.71,74.07,0.57,UKP_0023,2,2016
2016-03-04 19:00:00+00:00,0.0,0.0,-0.08,77.55,0.93,UKP_0023,2,2016
2016-03-04 20:00:00+00:00,0.0,0.0,-0.75,80.36,1.22,UKP_0023,2,2016
2016-03-04 21:00:00+00:00,0.0,0.0,-1.12,81.02,1.4,UKP_0023,2,2016
2016-03-04 22:00:00+00:00,0.0,0.0,-1.18,79.39,1.43,UKP_0023,2,2016
2016-03-04 23:00:00+00:00,0.0,0.0,-1.08,77.15,1.38,UKP_0023,2,2016
2016-03-05 00:00:00+00:00,0.0,0.0,-0.94,75.3,1.3,UKP_0023,2,2016
2016-03-05 01:00:00+00:00,32.88,54.67,0.21,74.08,1.08,UKP_0023,2,2016
2016-03-05 02:00:00+00:00,172.2,285.62,3.79,56.98,1.14,UKP_0023,2,2016
2016-03-05 03:00:00+00:00,256.65,516.85,5.82,46.07,2.36,UKP_0023,2,2016
2016-03-05 04:00:00+00:00,386.83,712.75,7.27,38.73,3.11,UKP_0023,2,2016
2016-03-05 05:00:00+00:00,496.55,851.67,8.53,34.93,3.72,UKP_0023,2,2016
2016-03-05 06:00:00+00:00,458.58,880.85,9.14,33.79,4.45,UKP_0023,2,2016
2016-03-05 07:00:00+00:00,488.52,886.58,8.74,35.78,4.92,UKP_0023,2,2016
2016-03-05 08:00:00+00:00,360.58,802.5,8.34,38.58,4.96,UKP_0023,2,2016
2016-03-05 09:00:00+00:00,321.17,649.92,7.78,41.75,4.81,UKP_0023,2,2016
2016-03-05 10:00:00+00:00,215.88,442.73,6.85,46.19,4.63,UKP_0023,2,2016
2016-03-05 11:00:00+00:00,98.55,205.95,5.55,52.63,3.92,UKP_0023,2,2016
2016-03-05 12:00:00+00:00,12.2,22.33,2.89,72.09,2.31,UKP_0023,2,2016
2016-03-05 13:00:00+00:00,0.0,0.0,2.21,72.42,2.03,UKP_0023,2,2016
2016-03-05 14:00:00+00:00,0.0,0.0,2.04,70.65,1.73,UKP_0023,2,2016
2016-03-05 15:00:00+00:00,0.0,0.0,1.79,70.51,1.31,UKP_0023,2,2016
2016-03-05 16:00:00+00:00,0.0,0.0,0.79,73.35,0.39,UKP_0023,2,2016
2016-03-05 17:00:00+00:00,0.0,0.0,-0.08,77.45,0.66,UKP_0023,2,2016
2016-03-05 18:00:00+00:00,0.0,0.0,-0.84,80.08,1.17,UKP_0023,2,2016
2016-03-05 19:00:00+00:00,0.0,0.0,-1.34,81.18,1.39,UKP_0023,2,2016
2016-03-05 20:00:00+00:00,0.0,0.0,-1.16,81.15,1.32,UKP_0023,2,2016
2016-03-05 21:00:00+00:00,0.0,0.0,-0.72,78.21,1.16,UKP_0023,2,2016
2016-03-05 22:00:00+00:00,0.0,0.0,-0.31,75.22,1.09,UKP_0023,2,2016
2016-03-05 23:00:00+00:00,0.0,0.0,-0.31,73.73,1.06,UKP_0023,2,2016
2016-03-06 00:00:00+00:00,0.0,0.0,-0.61,75.44,1.14,UKP_0023,2,2016
2016-03-06 01:00:00+00:00,21.27,40.67,-0.13,76.45,1.23,UKP_0023,2,2016
2016-03-06 02:00:00+00:00,139.48,219.6,2.58,62.11,1.73,UKP_0023,2,2016
2016-03-06 03:00:00+00:00,249.82,432.35,4.81,47.61,2.31,UKP_0023,2,2016
2016-03-06 04:00:00+00:00,394.27,627.3,6.58,42.23,2.97,UKP_0023,2,2016
2016-03-06 05:00:00+00:00,536.88,777.33,7.66,40.81,4.02,UKP_0023,2,2016
2016-03-06 06:00:00+00:00,677.7,908.1,7.99,41.98,5.32,UKP_0023,2,2016
2016-03-06 07:00:00+00:00,484.9,898.5,8.03,42.88,6.4,UKP_0023,2,2016
2016-03-06 08:00:00+00:00,372.73,806.53,7.99,42.65,7.28,UKP_0023,2,2016
2016-03-06 09:00:00+00:00,257.05,646.38,7.56,43.26,7.41,UKP_0023,2,2016
2016-03-06 10:00:00+00:00,146.15,430.15,6.61,46.28,6.6,UKP_0023,2,2016
2016-03-06 11:00:00+00:00,63.88,193.48,5.06,52.67,4.97,UKP_0023,2,2016
2016-03-06 12:00:00+00:00,10.75,21.48,2.36,75.79,2.6,UKP_0023,2,2016
2016-03-06 13:00:00+00:00,0.0,0.0,1.31,80.58,2.11,UKP_0023,2,2016
2016-03-06 14:00:00+00:00,0.0,0.0,0.99,79.77,1.76,UKP_0023,2,2016
2016-03-06 15:00:00+00:00,0.0,0.0,0.93,79.28,1.2,UKP_0023,2,2016
2016-03-06 16:00:00+00:00,0.0,0.0,0.49,82.38,0.63,UKP_0023,2,2016
2016-03-06 17:00:00+00:00,0.0,0.0,-0.31,86.81,0.05,UKP_0023,2,2016
2016-03-06 18:00:00+00:00,0.0,0.0,-0.93,89.75,0.37,UKP_0023,2,2016
2016-03-06 19:00:00+00:00,0.0,0.0,-1.34,89.53,0.58,UKP_0023,2,2016
2016-03-06 20:00:00+00:00,0.0,0.0,-1.52,86.66,0.74,UKP_0023,2,2016
2016-03-06 21:00:00+00:00,0.0,0.0,-1.55,83.08,0.82,UKP_0023,2,2016
2016-03-06 22:00:00+00:00,0.0,0.0,-1.41,79.82,0.9,UKP_0023,2,2016
2016-03-06 23:00:00+00:00,0.0,0.0,-1.34,77.12,1.08,UKP_0023,2,2016
2016-03-07 00:00:00+00:00,0.0,0.0,-1.38,74.94,1.19,UKP_0023,2,2016
2016-03-07 01:00:00+00:00,38.6,55.5,-0.62,73.69,1.28,UKP_0023,2,2016
2016-03-07 02:00:00+00:00,182.93,277.17,2.77,57.12,0.5,UKP_0023,2,2016
2016-03-07 03:00:00+00:00,322.52,507.77,4.87,44.75,2.26,UKP_0023,2,2016
2016-03-07 04:00:00+00:00,458.4,700.67,6.31,40.15,3.42,UKP_0023,2,2016
2016-03-07 05:00:00+00:00,525.3,838.03,7.37,39.3,4.08,UKP_0023,2,2016
2016-03-07 06:00:00+00:00,579.62,900.65,8.02,38.82,4.29,UKP_0023,2,2016
2016-03-07 07:00:00+00:00,648.67,887.92,8.31,38.95,4.35,UKP_0023,2,2016
2016-03-07 08:00:00+00:00,456.5,794.33,8.25,39.99,4.46,UKP_0023,2,2016
2016-03-07 09:00:00+00:00,394.23,653.3,7.79,42.19,4.24,UKP_0023,2,2016
2016-03-07 10:00:00+00:00,262.15,447.35,6.86,45.74,3.77,UKP_0023,2,2016
2016-03-07 11:00:00+00:00,123.78,218.05,5.39,51.64,3.02,UKP_0023,2,2016
2016-03-07 12:00:00+00:00,17.27,25.8,2.87,69.83,1.75,UKP_0023,2,2016
2016-03-07 13:00:00+00:00,0.0,0.0,2.07,71.43,1.33,UKP_0023,2,2016
2016-03-07 14:00:00+00:00,0.0,0.0,1.85,73.24,0.86,UKP_0023,2,2016
2016-03-07 15:00:00+00:00,0.0,0.0,1.42,76.05,0.5,UKP_0023,2,2016
2016-03-07 16:00:00+00:00,0.0,0.0,0.88,79.08,0.33,UKP_0023,2,2016
2016-03-07 17:00:00+00:00,0.0,0.0,0.29,81.97,0.21,UKP_0023,2,2016
2016-03-07 18:00:00+00:00,0.0,0.0,-0.06,83.74,0.31,UKP_0023,2,2016
2016-03-07 19:00:00+00:00,0.0,0.0,-0.36,85.24,0.51,UKP_0023,2,2016
2016-03-07 20:00:00+00:00,0.0,0.0,-0.68,86.31,0.79,UKP_0023,2,2016
2016-03-07 21:00:00+00:00,0.0,0.0,-0.94,86.15,0.98,UKP_0023,2,2016
2016-03-07 22:00:00+00:00,0.0,0.0,-1.19,84.91,1.11,UKP_0023,2,2016
2016-03-07 23:00:00+00:00,0.0,0.0,-1.24,81.62,1.18,UKP_0023,2,2016
2016-03-08 00:00:00+00:00,0.0,0.0,-1.29,78.14,1.17,UKP_0023,2,2016
2016-03-08 01:00:00+00:00,41.65,61.72,-0.03,73.57,1.05,UKP_0023,2,2016
2016-03-08 02:00:00+00:00,189.62,288.38,3.49,56.91,1.12,UKP_0023,2,2016
2016-03-08 03:00:00+00:00,374.33,520.12,5.44,45.57,2.48,UKP_0023,2,2016
2016-03-08 04:00:00+00:00,515.1,703.78,6.82,40.53,3.14,UKP_0023,2,2016
2016-03-08 05:00:00+00:00,650.28,831.33,8.07,37.41,3.77,UKP_0023,2,2016
2016-03-08 06:00:00+00:00,654.3,921.6,8.91,35.82,4.28,UKP_0023,2,2016
2016-03-08 07:00:00+00:00,657.3,902.8,9.24,35.48,4.53,UKP_0023,2,2016
2016-03-08 08:00:00+00:00,590.67,807.53,9.15,35.86,4.58,UKP_0023,2,2016
2016-03-08 09:00:00+00:00,473.7,660.7,8.7,37.04,4.43,UKP_0023,2,2016
2016-03-08 10:00:00+00:00,255.6,438.35,7.82,39.53,3.99,UKP_0023,2,2016
2016-03-08 11:00:00+00:00,158.35,211.88,6.23,45.15,3.32,UKP_0023,2,2016
2016-03-08 12:00:00+00:00,17.62,24.92,3.29,65.01,1.85,UKP_0023,2,2016
2016-03-08 13:00:00+00:00,0.0,0.0,2.64,65.84,0.94,UKP_0023,2,2016
2016-03-08 14:00:00+00:00,0.0,0.0,2.23,67.8,0.31,UKP_0023,2,2016
2016-03-08 15:00:00+00:00,0.0,0.0,1.16,71.34,1.23,UKP_0023,2,2016
2016-03-08 16:00:00+00:00,0.0,0.0,0.26,73.24,1.61,UKP_0023,2,2016
2016-03-08 17:00:00+00:00,0.0,0.0,-0.25,73.0,1.77,UKP_0023,2,2016
2016-03-08 18:00:00+00:00,0.0,0.0,-0.54,70.92,1.83,UKP_0023,2,2016
2016-03-08 19:00:00+00:00,0.0,0.0,-0.86,68.88,1.91,UKP_0023,2,2016
2016-03-08 20:00:00+00:00,0.0,0.0,-1.02,66.59,1.97,UKP_0023,2,2016
2016-03-08 21:00:00+00:00,0.0,0.0,-0.93,64.1,1.96,UKP_0023,2,2016
2016-03-08 22:00:00+00:00,0.0,0.0,-0.63,59.44,1.8,UKP_0023,2,2016
2016-03-08 23:00:00+00:00,0.0,0.0,-0.3,55.8,1.62,UKP_0023,2,2016
2016-03-09 00:00:00+00:00,0.0,0.0,-0.12,54.07,1.6,UKP_0023,2,2016
2016-03-09 01:00:00+00:00,43.4,67.88,0.81,53.78,1.73,UKP_0023,2,2016
2016-03-09 02:00:00+00:00,180.77,301.88,3.98,43.89,1.47,UKP_0023,2,2016
2016-03-09 03:00:00+00:00,358.95,539.5,6.64,36.73,1.0,UKP_0023,2,2016
2016-03-09 04:00:00+00:00,521.47,735.4,8.35,32.89,2.86,UKP_0023,2,2016
2016-03-09 05:00:00+00:00,707.4,883.97,9.27,32.92,3.98,UKP_0023,2,2016
2016-03-09 06:00:00+00:00,723.6,926.88,9.53,35.08,4.6,UKP_0023,2,2016
2016-03-09 07:00:00+00:00,714.15,920.45,9.12,38.86,4.87,UKP_0023,2,2016
2016-03-09 08:00:00+00:00,613.1,831.95,8.24,44.0,4.64,UKP_0023,2,2016
2016-03-09 09:00:00+00:00,387.62,663.85,7.31,49.15,3.83,UKP_0023,2,2016
2016-03-09 10:00:00+00:00,259.65,455.42,6.71,52.0,3.04,UKP_0023,2,2016
2016-03-09 11:00:00+00:00,155.23,223.52,6.0,55.09,2.64,UKP_0023,2,2016
2016-03-09 12:00:00+00:00,21.27,26.7,3.37,71.7,1.82,UKP_0023,2,2016
2016-03-09 13:00:00+00:00,0.0,0.0,2.43,75.34,1.42,UKP_0023,2,2016
2016-03-09 14:00:00+00:00,0.0,0.0,2.34,76.52,0.66,UKP_0023,2,2016
2016-03-09 15:00:00+00:00,0.0,0.0,1.63,79.72,0.26,UKP_0023,2,2016
2016-03-09 16:00:00+00:00,0.0,0.0,1.25,79.75,0.69,UKP_0023,2,2016
2016-03-09 17:00:00+00:00,0.0,0.0,1.06,79.47,0.67,UKP_0023,2,2016
2016-03-09 18:00:00+00:00,0.0,0.0,0.71,80.09,0.65,UKP_0023,2,2016
2016-03-09 19:00:00+00:00,0.0,0.0,0.17,81.8,0.89,UKP_0023,2,2016
2016-03-09 20:00:00+00:00,0.0,0.0,-0.33,82.61,1.19,UKP_0023,2,2016
2016-03-09 21:00:00+00:00,0.0,0.0,-0.74,81.93,1.38,UKP_0023,2,2016
2016-03-09 22:00:00+00:00,0.0,0.0,-0.88,76.55,1.54,UKP_0023,2,2016
2016-03-09 23:00:00+00:00,0.0,0.0,-0.74,67.69,1.62,UKP_0023,2,2016
2016-03-10 00:00:00+00:00,0.0,0.0,-0.51,59.56,1.53,UKP_0023,2,2016
2016-03-10 01:00:00+00:00,56.25,77.15,0.75,55.51,1.44,UKP_0023,2,2016
2016-03-10 02:00:00+00:00,224.43,317.73,4.37,42.14,0.62,UKP_0023,2,2016
2016-03-10 03:00:00+00:00,418.08,556.3,7.07,33.4,1.74,UKP_0023,2,2016
2016-03-10 04:00:00+00:00,578.8,753.9,8.96,27.7,3.18,UKP_0023,2,2016
2016-03-10 05:00:00+00:00,800.67,893.47,10.4,26.84,4.15,UKP_0023,2,2016
2016-03-10 06:00:00+00:00,706.95,945.0,11.34,28.13,4.99,UKP_0023,2,2016
2016-03-10 07:00:00+00:00,832.58,936.47,11.36,31.5,5.66,UKP_0023,2,2016
2016-03-10 08:00:00+00:00,786.85,813.72,10.59,36.82,5.42,UKP_0023,2,2016
2016-03-10 09:00:00+00:00,497.8,655.42,9.83,41.21,4.64,UKP_0023,2,2016
2016-03-10 10:00:00+00:00,336.42,458.9,8.75,45.9,4.14,UKP_0023,2,2016
2016-03-10 11:00:00+00:00,192.57,235.73,7.1,53.27,3.51,UKP_0023,2,2016
2016-03-10 12:00:00+00:00,19.0,30.62,4.49,71.04,1.94,UKP_0023,2,2016
2016-03-10 13:00:00+00:00,0.0,0.0,3.53,75.07,1.37,UKP_0023,2,2016
2016-03-10 14:00:00+00:00,0.0,0.0,3.11,75.07,0.94,UKP_0023,2,2016
2016-03-10 15:00:00+00:00,0.0,0.0,2.7,76.43,0.25,UKP_0023,2,2016
2016-03-10 16:00:00+00:00,0.0,0.0,2.07,78.85,0.73,UKP_0023,2,2016
2016-03-10 17:00:00+00:00,0.0,0.0,1.49,80.54,0.91,UKP_0023,2,2016
2016-03-10 18:00:00+00:00,0.0,0.0,1.25,81.23,1.15,UKP_0023,2,2016
2016-03-10 19:00:00+00:00,0.0,0.0,1.28,78.13,1.41,UKP_0023,2,2016
2016-03-10 20:00:00+00:00,0.0,0.0,1.71,71.5,1.09,UKP_0023,2,2016
2016-03-10 21:00:00+00:00,0.0,0.0,2.08,67.08,0.76,UKP_0023,2,2016
2016-03-10 22:00:00+00:00,0.0,0.0,2.21,64.74,0.5,UKP_0023,2,2016
2016-03-10 23:00:00+00:00,0.0,0.0,2.23,63.73,0.38,UKP_0023,2,2016
2016-03-11 00:00:00+00:00,0.0,0.0,2.24,63.56,0.37,UKP_0023,2,2016
2016-03-11 01:00:00+00:00,26.08,74.97,3.02,62.83,0.4,UKP_0023,2,2016
2016-03-11 02:00:00+00:00,194.05,305.12,5.61,52.56,0.77,UKP_0023,2,2016
2016-03-11 03:00:00+00:00,385.55,527.47,7.38,43.94,2.66,UKP_0023,2,2016
2016-03-11 04:00:00+00:00,591.95,702.78,8.8,40.9,3.5,UKP_0023,2,2016
2016-03-11 05:00:00+00:00,602.85,824.6,9.83,41.11,4.29,UKP_0023,2,2016
2016-03-11 06:00:00+00:00,641.83,923.08,9.6,45.2,4.91,UKP_0023,2,2016
2016-03-11 07:00:00+00:00,417.85,916.95,8.21,53.34,4.96,UKP_0023,2,2016
2016-03-11 08:00:00+00:00,438.85,827.38,7.12,60.32,4.35,UKP_0023,2,2016
2016-03-11 09:00:00+00:00,300.62,667.33,6.52,63.97,3.28,UKP_0023,2,2016
2016-03-11 10:00:00+00:00,173.32,457.38,6.22,64.7,2.36,UKP_0023,2,2016
2016-03-11 11:00:00+00:00,74.68,217.88,5.61,66.14,1.95,UKP_0023,2,2016
2016-03-11 12:00:00+00:00,11.02,27.83,4.12,77.79,1.28,UKP_0023,2,2016
2016-03-11 13:00:00+00:00,0.0,0.0,3.13,77.74,0.87,UKP_0023,2,2016
2016-03-11 14:00:00+00:00,0.0,0.0,2.67,79.91,0.66,UKP_0023,2,2016
2016-03-11 15:00:00+00:00,0.0,0.0,2.22,78.63,0.48,UKP_0023,2,2016
2016-03-11 16:00:00+00:00,0.0,0.0,1.65,76.55,0.44,UKP_0023,2,2016
2016-03-11 17:00:00+00:00,0.0,0.0,1.49,73.63,0.46,UKP_0023,2,2016
2016-03-11 18:00:00+00:00,0.0,0.0,1.64,70.02,0.54,UKP_0023,2,2016
2016-03-11 19:00:00+00:00,0.0,0.0,1.77,67.56,0.5,UKP_0023,2,2016
2016-03-11 20:00:00+00:00,0.0,0.0,1.66,69.19,0.73,UKP_0023,2,2016
2016-03-11 21:00:00+00:00,0.0,0.0,1.37,75.26,1.17,UKP_0023,2,2016
2016-03-11 22:00:00+00:00,0.0,0.0,1.17,80.86,1.21,UKP_0023,2,2016
2016-03-11 23:00:00+00:00,0.0,0.0,1.33,81.28,0.84,UKP_0023,2,2016
2016-03-12 00:00:00+00:00,0.0,0.0,0.68,80.64,0.36,UKP_0023,2,2016
2016-03-12 01:00:00+00:00,25.5,74.75,0.53,82.57,0.89,UKP_0023,2,2016
2016-03-12 02:00:00+00:00,101.53,308.05,2.36,69.81,1.12,UKP_0023,2,2016
2016-03-12 03:00:00+00:00,179.48,543.28,4.62,44.49,1.89,UKP_0023,2,2016
2016-03-12 04:00:00+00:00,225.27,737.75,6.27,32.73,3.09,UKP_0023,2,2016
2016-03-12 05:00:00+00:00,245.5,871.78,7.28,31.51,3.67,UKP_0023,2,2016
2016-03-12 06:00:00+00:00,341.33,932.95,7.7,34.02,4.09,UKP_0023,2,2016
2016-03-12 07:00:00+00:00,244.75,926.3,8.16,37.6,4.56,UKP_0023,2,2016
2016-03-12 08:00:00+00:00,107.28,839.72,8.19,42.12,5.24,UKP_0023,2,2016
2016-03-12 09:00:00+00:00,175.18,687.03,7.48,48.19,5.38,UKP_0023,2,2016
2016-03-12 10:00:00+00:00,113.8,473.88,6.47,53.86,4.93,UKP_0023,2,2016
2016-03-12 11:00:00+00:00,50.05,228.8,5.02,63.41,3.68,UKP_0023,2,2016
2016-03-12 12:00:00+00:00,8.5,29.62,3.43,77.21,2.11,UKP_0023,2,2016
2016-03-12 13:00:00+00:00,0.0,0.0,2.45,83.1,1.41,UKP_0023,2,2016
2016-03-12 14:00:00+00:00,0.0,0.0,1.56,87.11,1.42,UKP_0023,2,2016
2016-03-12 15:00:00+00:00,0.0,0.0,1.1,86.13,1.67,UKP_0023,2,2016
2016-03-12 16:00:00+00:00,0.0,0.0,1.07,85.28,1.69,UKP_0023,2,2016
2016-03-12 17:00:00+00:00,0.0,0.0,0.69,86.91,1.7,UKP_0023,2,2016
2016-03-12 18:00:00+00:00,0.0,0.0,0.24,90.09,1.52,UKP_0023,2,2016
2016-03-12 19:00:00+00:00,0.0,0.0,0.19,92.33,1.49,UKP_0023,2,2016
2016-03-12 20:00:00+00:00,0.0,0.0,0.15,93.81,1.6,UKP_0023,2,2016
2016-03-12 21:00:00+00:00,0.0,0.0,-0.07,94.25,1.5,UKP_0023,2,2016
2016-03-12 22:00:00+00:00,0.0,0.0,-0.42,93.93,0.94,UKP_0023,2,2016
2016-03-12 23:00:00+00:00,0.0,0.0,-1.02,95.92,0.29,UKP_0023,2,2016
2016-03-13 00:00:00+00:00,0.0,0.0,-1.19,96.1,0.41,UKP_0023,2,2016
2016-03-13 01:00:00+00:00,32.53,67.5,-0.36,92.41,0.3,UKP_0023,2,2016
2016-03-13 02:00:00+00:00,129.32,286.98,2.16,77.48,0.44,UKP_0023,2,2016
2016-03-13 03:00:00+00:00,244.7,518.97,4.0,72.46,2.0,UKP_0023,2,2016
2016-03-13 04:00:00+00:00,338.75,711.4,4.78,70.85,2.86,UKP_0023,2,2016
2016-03-13 05:00:00+00:00,482.9,852.85,5.07,68.29,3.31,UKP_0023,2,2016
2016-03-13 06:00:00+00:00,447.17,944.58,5.08,66.7,3.29,UKP_0023,2,2016
2016-03-13 07:00:00+00:00,386.62,915.72,4.86,66.01,3.08,UKP_0023,2,2016
2016-03-13 08:00:00+00:00,492.4,832.8,4.61,64.34,2.92,UKP_0023,2,2016
2016-03-13 09:00:00+00:00,297.05,644.0,4.29,62.26,2.8,UKP_0023,2,2016
2016-03-13 10:00:00+00:00,196.38,433.92,3.96,61.35,2.62,UKP_0023,2,2016
2016-03-13 11:00:00+00:00,95.9,201.6,3.17,66.75,2.16,UKP_0023,2,2016
2016-03-13 12:00:00+00:00,13.43,27.67,1.25,77.73,1.36,UKP_0023,2,2016
2016-03-13 13:00:00+00:00,0.0,0.0,0.06,76.93,1.07,UKP_0023,2,2016
2016-03-13 14:00:00+00:00,0.0,0.0,-0.53,79.64,1.05,UKP_0023,2,2016
2016-03-13 15:00:00+00:00,0.0,0.0,-0.59,81.21,1.06,UKP_0023,2,2016
2016-03-13 16:00:00+00:00,0.0,0.0,-0.86,88.74,1.04,UKP_0023,2,2016
2016-03-13 17:00:00+00:00,0.0,0.0,-1.24,100.0,0.89,UKP_0023,2,2016
2016-03-13 18:00:00+00:00,0.0,0.0,-1.47,100.0,0.92,UKP_0023,2,2016
2016-03-13 19:00:00+00:00,0.0,0.0,-1.43,100.0,1.05,UKP_0023,2,2016
2016-03-13 20:00:00+00:00,0.0,0.0,-1.5,100.0,0.88,UKP_0023,2,2016
2016-03-13 21:00:00+00:00,0.0,0.0,-1.81,100.0,0.48,UKP_0023,2,2016
2016-03-13 22:00:00+00:00,0.0,0.0,-2.16,100.0,0.42,UKP_0023,2,2016
2016-03-13 23:00:00+00:00,0.0,0.0,-2.57,100.0,0.34,UKP_0023,2,2016
2016-03-14 00:00:00+00:00,0.0,0.0,-2.87,99.07,0.45,UKP_0023,2,2016
2016-03-14 01:00:00+00:00,32.6,80.93,-2.03,96.71,0.38,UKP_0023,2,2016
2016-03-14 02:00:00+00:00,128.38,307.75,0.14,81.5,0.28,UKP_0023,2,2016
2016-03-14 03:00:00+00:00,244.93,547.53,1.49,74.32,1.7,UKP_0023,2,2016
2016-03-14 04:00:00+00:00,370.48,741.17,1.96,71.59,2.56,UKP_0023,2,2016
2016-03-14 05:00:00+00:00,426.42,871.08,2.51,69.77,2.84,UKP_0023,2,2016
2016-03-14 06:00:00+00:00,489.7,896.5,2.7,69.11,2.84,UKP_0023,2,2016
2016-03-14 07:00:00+00:00,372.33,871.83,2.86,68.72,2.82,UKP_0023,2,2016
2016-03-14 08:00:00+00:00,192.12,751.42,2.98,67.77,2.99,UKP_0023,2,2016
2016-03-14 09:00:00+00:00,108.12,594.28,2.85,67.74,3.09,UKP_0023,2,2016
2016-03-14 10:00:00+00:00,104.97,402.27,2.37,69.44,2.95,UKP_0023,2,2016
2016-03-14 11:00:00+00:00,68.45,197.85,1.61,73.63,2.61,UKP_0023,2,2016
2016-03-14 12:00:00+00:00,18.27,30.33,-0.19,88.48,1.63,UKP_0023,2,2016
2016-03-14 13:00:00+00:00,0.0,0.0,-1.48,89.65,1.36,UKP_0023,2,2016
2016-03-14 14:00:00+00:00,0.0,0.0,-2.0,90.03,1.23,UKP_0023,2,2016
2016-03-14 15:00:00+00:00,0.0,0.0,-2.82,94.63,1.34,UKP_0023,2,2016
2016-03-14 16:00:00+00:00,0.0,0.0,-3.51,98.12,1.38,UKP_0023,2,2016
2016-03-14 17:00:00+00:00,0.0,0.0,-3.96,100.0,1.29,UKP_0023,2,2016
2016-03-14 18:00:00+00:00,0.0,0.0,-4.08,100.0,1.18,UKP_0023,2,2016
2016-03-14 19:00:00+00:00,0.0,0.0,-4.31,100.0,0.98,UKP_0023,2,2016
2016-03-14 20:00:00+00:00,0.0,0.0,-4.66,100.0,0.72,UKP_0023,2,2016
2016-03-14 21:00:00+00:00,0.0,0.0,-4.87,100.0,0.55,UKP_0023,2,2016
2016-03-14 22:00:00+00:00,0.0,0.0,-5.37,100.0,0.87,UKP_0023,2,2016
2016-03-14 23:00:00+00:00,0.0,0.0,-5.99,100.0,1.41,UKP_0023,2,2016
2016-03-15 00:00:00+00:00,0.0,0.0,-6.27,98.21,1.78,UKP_0023,2,2016
2016-03-15 01:00:00+00:00,66.22,100.43,-5.21,93.69,1.76,UKP_0023,2,2016
2016-03-15 02:00:00+00:00,224.15,345.88,-1.86,71.09,0.99,UKP_0023,2,2016
2016-03-15 03:00:00+00:00,424.48,584.17,1.24,60.95,1.08,UKP_0023,2,2016
2016-03-15 04:00:00+00:00,576.8,781.6,3.08,55.97,2.82,UKP_0023,2,2016
2016-03-15 05:00:00+00:00,638.35,915.88,4.23,53.93,3.53,UKP_0023,2,2016
2016-03-15 06:00:00+00:00,689.38,974.38,4.86,53.03,4.04,UKP_0023,2,2016
2016-03-15 07:00:00+00:00,631.62,963.05,5.08,53.08,4.12,UKP_0023,2,2016
2016-03-15 08:00:00+00:00,533.2,873.12,5.02,53.64,4.2,UKP_0023,2,2016
2016-03-15 09:00:00+00:00,382.1,716.22,4.55,54.99,4.06,UKP_0023,2,2016
2016-03-15 10:00:00+00:00,250.4,505.65,3.92,57.17,3.78,UKP_0023,2,2016
2016-03-15 11:00:00+00:00,138.48,267.5,2.88,62.71,3.24,UKP_0023,2,2016
2016-03-15 12:00:00+00:00,17.88,41.33,0.66,81.19,1.96,UKP_0023,2,2016
2016-03-15 13:00:00+00:00,0.0,0.0,-0.83,89.28,1.72,UKP_0023,2,2016
2016-03-15 14:00:00+00:00,0.0,0.0,-0.94,85.59,1.24,UKP_0023,2,2016
2016-03-15 15:00:00+00:00,0.0,0.0,-0.93,81.58,0.56,UKP_0023,2,2016
2016-03-15 16:00:00+00:00,0.0,0.0,-1.46,82.78,0.57,UKP_0023,2,2016
2016-03-15 17:00:00+00:00,0.0,0.0,-2.52,87.26,1.35,UKP_0023,2,2016
2016-03-15 18:00:00+00:00,0.0,0.0,-3.33,87.35,1.81,UKP_0023,2,2016
2016-03-15 19:00:00+00:00,0.0,0.0,-3.94,85.33,2.18,UKP_0023,2,2016
2016-03-15 20:00:00+00:00,0.0,0.0,-4.84,83.52,2.56,UKP_0023,2,2016
2016-03-15 21:00:00+00:00,0.0,0.0,-5.64,79.96,2.75,UKP_0023,2,2016
2016-03-15 22:00:00+00:00,0.0,0.0,-6.62,77.76,3.01,UKP_0023,2,2016
2016-03-15 23:00:00+00:00,0.0,0.0,-7.98,77.1,3.53,UKP_0023,2,2016
2016-03-16 00:00:00+00:00,0.0,0.0,-9.16,73.92,4.01,UKP_0023,2,2016
2016-03-16 01:00:00+00:00,57.53,119.43,-7.61,72.58,4.02,UKP_0023,2,2016
2016-03-16 02:00:00+00:00,213.9,373.85,-2.45,45.17,4.14,UKP_0023,2,2016
2016-03-16 03:00:00+00:00,409.45,614.38,2.88,30.3,3.48,UKP_0023,2,2016
2016-03-16 04:00:00+00:00,570.2,809.95,6.09,24.7,1.26,UKP_0023,2,2016
2016-03-16 05:00:00+00:00,657.12,944.65,8.1,24.32,0.53,UKP_0023,2,2016
2016-03-16 06:00:00+00:00,674.08,998.88,9.51,25.4,2.19,UKP_0023,2,2016
2016-03-16 07:00:00+00:00,667.45,983.38,10.1,27.74,3.32,UKP_0023,2,2016
2016-03-16 08:00:00+00:00,615.72,890.3,10.16,29.95,4.06,UKP_0023,2,2016
2016-03-16 09:00:00+00:00,466.08,729.03,9.67,33.62,4.07,UKP_0023,2,2016
2016-03-16 10:00:00+00:00,333.38,518.78,8.75,38.03,3.63,UKP_0023,2,2016
2016-03-16 11:00:00+00:00,191.38,277.2,7.12,45.27,3.17,UKP_0023,2,2016
2016-03-16 12:00:00+00:00,28.67,45.2,3.7,64.29,1.79,UKP_0023,2,2016
2016-03-16 13:00:00+00:00,0.0,0.0,2.49,64.74,0.85,UKP_0023,2,2016
2016-03-16 14:00:00+00:00,0.0,0.0,1.87,64.85,0.32,UKP_0023,2,2016
2016-03-16 15:00:00+00:00,0.0,0.0,0.75,68.95,1.12,UKP_0023,2,2016
2016-03-16 16:00:00+00:00,0.0,0.0,-0.38,73.07,1.56,UKP_0023,2,2016
2016-03-16 17:00:00+00:00,0.0,0.0,-0.58,71.98,1.49,UKP_0023,2,2016
2016-03-16 18:00:00+00:00,0.0,0.0,-0.31,67.18,1.26,UKP_0023,2,2016
2016-03-16 19:00:00+00:00,0.0,0.0,-0.14,62.51,1.2,UKP_0023,2,2016
2016-03-16 20:00:00+00:00,0.0,0.0,-0.03,59.71,1.12,UKP_0023,2,2016
2016-03-16 21:00:00+00:00,0.0,0.0,0.18,56.4,1.04,UKP_0023,2,2016
2016-03-16 22:00:00+00:00,0.0,0.0,0.52,52.2,0.81,UKP_0023,2,2016
2016-03-16 23:00:00+00:00,0.0,0.0,0.38,53.28,0.69,UKP_0023,2,2016
2016-03-17 00:00:00+00:00,0.0,0.0,0.59,56.01,0.87,UKP_0023,2,2016
2016-03-17 01:00:00+00:00,68.95,116.2,1.39,60.53,1.05,UKP_0023,2,2016
2016-03-17 02:00:00+00:00,170.15,358.9,3.65,54.4,1.49,UKP_0023,2,2016
2016-03-17 03:00:00+00:00,305.05,587.38,5.51,47.8,2.59,UKP_0023,2,2016
2016-03-17 04:00:00+00:00,460.6,773.8,6.77,46.68,3.45,UKP_0023,2,2016
2016-03-17 05:00:00+00:00,543.45,897.95,7.82,46.49,4.26,UKP_0023,2,2016
2016-03-17 06:00:00+00:00,558.42,953.17,8.46,46.41,5.02,UKP_0023,2,2016
2016-03-17 07:00:00+00:00,702.8,946.7,8.6,48.03,5.6,UKP_0023,2,2016
2016-03-17 08:00:00+00:00,603.08,857.78,7.85,52.61,5.96,UKP_0023,2,2016
2016-03-17 09:00:00+00:00,443.15,704.62,6.42,59.4,5.57,UKP_0023,2,2016
2016-03-17 10:00:00+00:00,298.5,497.45,5.39,64.17,4.76,UKP_0023,2,2016
2016-03-17 11:00:00+00:00,141.73,254.88,4.44,68.32,3.63,UKP_0023,2,2016
2016-03-17 12:00:00+00:00,21.15,38.92,2.72,81.53,2.14,UKP_0023,2,2016
2016-03-17 13:00:00+00:00,0.0,0.0,1.24,90.85,1.65,UKP_0023,2,2016
2016-03-17 14:00:00+00:00,0.0,0.0,0.37,95.94,1.5,UKP_0023,2,2016
2016-03-17 15:00:00+00:00,0.0,0.0,-0.08,99.13,1.21,UKP_0023,2,2016
2016-03-17 16:00:00+00:00,0.0,0.0,-0.22,100.0,1.05,UKP_0023,2,2016
2016-03-17 17:00:00+00:00,0.0,0.0,-0.64,100.0,1.1,UKP_0023,2,2016
2016-03-17 18:00:00+00:00,0.0,0.0,-0.85,100.0,0.98,UKP_0023,2,2016
2016-03-17 19:00:00+00:00,0.0,0.0,-1.22,100.0,0.87,UKP_0023,2,2016
2016-03-17 20:00:00+00:00,0.0,0.0,-1.3,99.51,0.79,UKP_0023,2,2016
2016-03-17 21:00:00+00:00,0.0,0.0,-1.47,99.01,0.65,UKP_0023,2,2016
2016-03-17 22:00:00+00:00,0.0,0.0,-1.35,97.58,0.62,UKP_0023,2,2016
2016-03-17 23:00:00+00:00,0.0,0.0,-1.3,95.53,0.52,UKP_0023,2,2016
2016-03-18 00:00:00+00:00,0.0,0.0,-1.27,92.67,0.52,UKP_0023,2,2016
2016-03-18 01:00:00+00:00,46.05,77.2,-0.05,92.82,0.48,UKP_0023,2,2016
2016-03-18 02:00:00+00:00,158.38,284.3,2.58,79.13,0.89,UKP_0023,2,2016
2016-03-18 03:00:00+00:00,328.83,517.35,4.29,72.75,2.35,UKP_0023,2,2016
2016-03-18 04:00:00+00:00,406.98,705.5,5.44,69.67,3.65,UKP_0023,2,2016
2016-03-18 05:00:00+00:00,521.55,846.15,6.34,67.1,4.69,UKP_0023,2,2016
2016-03-18 06:00:00+00:00,553.5,942.42,6.91,64.93,4.77,UKP_0023,2,2016
2016-03-18 07:00:00+00:00,522.75,933.83,7.46,62.14,4.64,UKP_0023,2,2016
2016-03-18 08:00:00+00:00,482.55,848.05,7.64,59.83,4.49,UKP_0023,2,2016
2016-03-18 09:00:00+00:00,457.15,708.72,7.54,58.26,4.15,UKP_0023,2,2016
2016-03-18 10:00:00+00:00,293.12,501.4,7.05,58.22,3.64,UKP_0023,2,2016
2016-03-18 11:00:00+00:00,135.12,261.2,6.03,61.86,2.89,UKP_0023,2,2016
2016-03-18 12:00:00+00:00,29.95,42.65,3.55,79.23,1.74,UKP_0023,2,2016
2016-03-18 13:00:00+00:00,0.0,0.0,2.35,80.13,1.44,UKP_0023,2,2016
2016-03-18 14:00:00+00:00,0.0,0.0,2.22,78.89,0.93,UKP_0023,2,2016
2016-03-18 15:00:00+00:00,0.0,0.0,1.86,79.7,0.41,UKP_0023,2,2016
2016-03-18 16:00:00+00:00,0.0,0.0,1.1,83.19,0.13,UKP_0023,2,2016
2016-03-18 17:00:00+00:00,0.0,0.0,0.43,85.36,0.52,UKP_0023,2,2016
2016-03-18 18:00:00+00:00,0.0,0.0,-0.05,86.2,0.73,UKP_0023,2,2016
2016-03-18 19:00:00+00:00,0.0,0.0,-0.43,86.27,0.84,UKP_0023,2,2016
2016-03-18 20:00:00+00:00,0.0,0.0,-0.91,85.98,1.01,UKP_0023,2,2016
2016-03-18 21:00:00+00:00,0.0,0.0,-1.29,84.64,1.17,UKP_0023,2,2016
2016-03-18 22:00:00+00:00,0.0,0.0,-1.39,80.61,1.18,UKP_0023,2,2016
2016-03-18 23:00:00+00:00,0.0,0.0,-1.15,73.8,1.05,UKP_0023,2,2016
2016-03-19 00:00:00+00:00,0.0,0.0,-0.95,69.05,0.96,UKP_0023,2,2016
2016-03-19 01:00:00+00:00,60.35,95.28,0.43,73.27,0.81,UKP_0023,2,2016
2016-03-19 02:00:00+00:00,213.7,328.33,3.49,62.48,0.77,UKP_0023,2,2016
2016-03-19 03:00:00+00:00,387.15,556.72,5.64,54.77,3.03,UKP_0023,2,2016
2016-03-19 04:00:00+00:00,486.95,751.12,6.95,50.49,3.86,UKP_0023,2,2016
2016-03-19 05:00:00+00:00,478.48,889.83,8.05,48.39,4.59,UKP_0023,2,2016
2016-03-19 06:00:00+00:00,577.58,950.03,8.65,48.03,5.17,UKP_0023,2,2016
2016-03-19 07:00:00+00:00,701.28,948.8,8.95,48.2,5.6,UKP_0023,2,2016
2016-03-19 08:00:00+00:00,411.08,868.58,8.88,49.27,5.86,UKP_0023,2,2016
2016-03-19 09:00:00+00:00,365.92,713.88,8.44,51.24,5.67,UKP_0023,2,2016
2016-03-19 10:00:00+00:00,222.27,513.58,7.66,54.13,5.27,UKP_0023,2,2016
2016-03-19 11:00:00+00:00,135.98,280.75,6.43,59.26,4.43,UKP_0023,2,2016
2016-03-19 12:00:00+00:00,31.1,49.35,3.93,77.72,2.49,UKP_0023,2,2016
2016-03-19 13:00:00+00:00,0.0,0.0,2.45,85.44,2.21,UKP_0023,2,2016
2016-03-19 14:00:00+00:00,0.0,0.0,1.87,86.87,2.24,UKP_0023,2,2016
2016-03-19 15:00:00+00:00,0.0,0.0,1.39,87.31,2.21,UKP_0023,2,2016
2016-03-19 16:00:00+00:00,0.0,0.0,1.21,85.28,1.96,UKP_0023,2,2016
2016-03-19 17:00:00+00:00,0.0,0.0,1.01,84.64,1.72,UKP_0023,2,2016
2016-03-19 18:00:00+00:00,0.0,0.0,0.71,85.42,1.52,UKP_0023,2,2016
2016-03-19 19:00:00+00:00,0.0,0.0,0.81,83.89,1.12,UKP_0023,2,2016
2016-03-19 20:00:00+00:00,0.0,0.0,0.34,86.37,0.83,UKP_0023,2,2016
2016-03-19 21:00:00+00:00,0.0,0.0,-0.01,87.64,0.56,UKP_0023,2,2016
2016-03-19 22:00:00+00:00,0.0,0.0,-0.33,88.28,0.59,UKP_0023,2,2016
2016-03-19 23:00:00+00:00,0.0,0.0,-0.77,89.82,0.74,UKP_0023,2,2016
2016-03-20 00:00:00+00:00,0.0,0.0,-1.14,89.86,0.87,UKP_0023,2,2016
2016-03-20 01:00:00+00:00,35.38,98.5,0.02,86.81,1.03,UKP_0023,2,2016
2016-03-20 02:00:00+00:00,127.1,303.08,3.15,61.67,0.66,UKP_0023,2,2016
2016-03-20 03:00:00+00:00,162.85,501.25,5.43,45.35,1.98,UKP_0023,2,2016
2016-03-20 04:00:00+00:00,253.68,659.8,7.0,37.24,2.82,UKP_0023,2,2016
2016-03-20 05:00:00+00:00,326.42,820.4,8.17,34.38,3.59,UKP_0023,2,2016
2016-03-20 06:00:00+00:00,483.7,967.53,8.8,34.22,4.24,UKP_0023,2,2016
2016-03-20 07:00:00+00:00,376.92,913.85,9.03,35.52,4.74,UKP_0023,2,2016
2016-03-20 08:00:00+00:00,440.67,809.53,8.85,38.59,5.2,UKP_0023,2,2016
2016-03-20 09:00:00+00:00,374.65,636.92,8.35,43.06,5.6,UKP_0023,2,2016
2016-03-20 10:00:00+00:00,244.12,443.73,7.4,48.43,5.65,UKP_0023,2,2016
2016-03-20 11:00:00+00:00,134.2,222.45,6.07,55.34,5.06,UKP_0023,2,2016
2016-03-20 12:00:00+00:00,23.0,36.88,3.38,74.25,3.05,UKP_0023,2,2016
2016-03-20 13:00:00+00:00,0.0,0.0,1.85,84.88,2.54,UKP_0023,2,2016
2016-03-20 14:00:00+00:00,0.0,0.0,1.32,85.21,2.22,UKP_0023,2,2016
2016-03-20 15:00:00+00:00,0.0,0.0,0.77,82.28,1.96,UKP_0023,2,2016
2016-03-20 16:00:00+00:00,0.0,0.0,0.55,80.8,1.47,UKP_0023,2,2016
2016-03-20 17:00:00+00:00,0.0,0.0,0.19,81.12,1.16,UKP_0023,2,2016
2016-03-20 18:00:00+00:00,0.0,0.0,-0.41,83.55,0.7,UKP_0023,2,2016
2016-03-20 19:00:00+00:00,0.0,0.0,-1.0,84.91,0.43,UKP_0023,2,2016
2016-03-20 20:00:00+00:00,0.0,0.0,-1.8,86.66,0.85,UKP_0023,2,2016
2016-03-20 21:00:00+00:00,0.0,0.0,-2.45,82.47,1.33,UKP_0023,2,2016
2016-03-20 22:00:00+00:00,0.0,0.0,-2.9,73.72,1.59,UKP_0023,2,2016
2016-03-20 23:00:00+00:00,0.0,0.0,-3.28,68.15,1.81,UKP_0023,2,2016
2016-03-21 00:00:00+00:00,0.0,0.0,-3.58,63.48,1.9,UKP_0023,2,2016
2016-03-21 01:00:00+00:00,82.43,137.38,-1.85,65.35,1.69,UKP_0023,2,2016
2016-03-21 02:00:00+00:00,223.98,391.73,1.77,40.99,0.98,UKP_0023,2,2016
2016-03-21 03:00:00+00:00,404.55,636.72,4.43,33.3,1.78,UKP_0023,2,2016
2016-03-21 04:00:00+00:00,599.85,833.72,6.36,31.11,3.37,UKP_0023,2,2016
2016-03-21 05:00:00+00:00,579.35,977.5,7.82,30.78,4.12,UKP_0023,2,2016
2016-03-21 06:00:00+00:00,685.58,1023.3,8.9,30.36,4.74,UKP_0023,2,2016
2016-03-21 07:00:00+00:00,735.58,1008.4,9.42,30.71,5.22,UKP_0023,2,2016
2016-03-21 08:00:00+00:00,669.33,917.3,9.44,31.87,5.39,UKP_0023,2,2016
2016-03-21 09:00:00+00:00,516.03,758.83,9.04,34.07,5.35,UKP_0023,2,2016
2016-03-21 10:00:00+00:00,346.88,545.45,8.14,37.54,5.15,UKP_0023,2,2016
2016-03-21 11:00:00+00:00,230.5,300.6,6.71,42.87,4.43,UKP_0023,2,2016
2016-03-21 12:00:00+00:00,35.67,56.47,3.45,63.2,2.44,UKP_0023,2,2016
2016-03-21 13:00:00+00:00,0.0,0.0,1.75,69.9,1.71,UKP_0023,2,2016
2016-03-21 14:00:00+00:00,0.0,0.0,1.91,65.31,0.68,UKP_0023,2,2016
2016-03-21 15:00:00+00:00,0.0,0.0,1.09,67.92,0.63,UKP_0023,2,2016
2016-03-21 16:00:00+00:00,0.0,0.0,-0.02,72.15,1.43,UKP_0023,2,2016
2016-03-21 17:00:00+00:00,0.0,0.0,-1.01,74.51,1.9,UKP_0023,2,2016
2016-03-21 18:00:00+00:00,0.0,0.0,-1.98,76.46,2.27,UKP_0023,2,2016
2016-03-21 19:00:00+00:00,0.0,0.0,-2.81,76.17,2.54,UKP_0023,2,2016
2016-03-21 20:00:00+00:00,0.0,0.0,-3.54,74.34,2.79,UKP_0023,2,2016
2016-03-21 21:00:00+00:00,0.0,0.0,-4.14,70.96,3.02,UKP_0023,2,2016
2016-03-21 22:00:00+00:00,0.0,0.0,-4.68,67.54,3.22,UKP_0023,2,2016
2016-03-21 23:00:00+00:00,0.0,0.0,-5.22,65.38,3.42,UKP_0023,2,2016
2016-03-22 00:00:00+00:00,0.0,0.0,-5.75,64.01,3.69,UKP_0023,2,2016
2016-03-22 01:00:00+00:00,113.35,159.73,-2.98,53.88,4.02,UKP_0023,2,2016
2016-03-22 02:00:00+00:00,296.62,417.35,2.14,26.81,4.92,UKP_0023,2,2016
2016-03-22 03:00:00+00:00,500.8,660.17,5.73,17.68,4.8,UKP_0023,2,2016
2016-03-22 04:00:00+00:00,695.83,855.88,7.62,15.95,4.23,UKP_0023,2,2016
2016-03-22 05:00:00+00:00,792.58,989.03,9.16,16.11,3.31,UKP_0023,2,2016
2016-03-22 06:00:00+00:00,845.47,1046.3,10.35,15.85,2.49,UKP_0023,2,2016
2016-03-22 07:00:00+00:00,857.17,1035.6,11.16,15.52,2.07,UKP_0023,2,2016
2016-03-22 08:00:00+00:00,728.28,939.8,11.54,15.62,2.56,UKP_0023,2,2016
2016-03-22 09:00:00+00:00,589.9,781.17,11.46,16.44,3.23,UKP_0023,2,2016
2016-03-22 10:00:00+00:00,402.05,565.8,10.82,16.98,3.57,UKP_0023,2,2016
2016-03-22 11:00:00+00:00,237.62,313.7,9.28,21.6,3.06,UKP_0023,2,2016
2016-03-22 12:00:00+00:00,42.58,64.1,5.63,40.22,1.61,UKP_0023,2,2016
2016-03-22 13:00:00+00:00,0.0,0.0,4.5,35.59,0.89,UKP_0023,2,2016
2016-03-22 14:00:00+00:00,0.0,0.0,3.51,32.21,1.34,UKP_0023,2,2016
2016-03-22 15:00:00+00:00,0.0,0.0,1.84,36.75,1.9,UKP_0023,2,2016
2016-03-22 16:00:00+00:00,0.0,0.0,1.15,36.78,2.1,UKP_0023,2,2016
2016-03-22 17:00:00+00:00,0.0,0.0,-0.16,39.59,2.47,UKP_0023,2,2016
2016-03-22 18:00:00+00:00,0.0,0.0,-1.34,41.82,2.77,UKP_0023,2,2016
2016-03-22 19:00:00+00:00,0.0,0.0,-2.44,43.35,3.06,UKP_0023,2,2016
2016-03-22 20:00:00+00:00,0.0,0.0,-3.41,44.33,3.33,UKP_0023,2,2016
2016-03-22 21:00:00+00:00,0.0,0.0,-4.45,45.47,3.71,UKP_0023,2,2016
2016-03-22 22:00:00+00:00,0.0,0.0,-5.25,45.83,3.99,UKP_0023,2,2016
2016-03-22 23:00:00+00:00,0.0,0.0,-5.71,45.62,4.16,UKP_0023,2,2016
2016-03-23 00:00:00+00:00,0.0,0.0,-5.82,44.9,4.22,UKP_0023,2,2016
2016-03-23 01:00:00+00:00,124.78,169.0,-2.62,40.62,4.35,UKP_0023,2,2016
2016-03-23 02:00:00+00:00,287.33,418.25,3.35,22.68,5.06,UKP_0023,2,2016
2016-03-23 03:00:00+00:00,475.7,656.08,8.1,15.08,4.38,UKP_0023,2,2016
2016-03-23 04:00:00+00:00,649.33,844.08,11.09,13.37,2.75,UKP_0023,2,2016
2016-03-23 05:00:00+00:00,811.47,976.12,13.31,13.46,0.66,UKP_0023,2,2016
2016-03-23 06:00:00+00:00,806.4,1020.0,14.85,13.71,1.54,UKP_0023,2,2016
2016-03-23 07:00:00+00:00,858.33,1005.12,15.46,14.71,3.25,UKP_0023,2,2016
2016-03-23 08:00:00+00:00,795.3,909.08,15.23,17.07,4.25,UKP_0023,2,2016
2016-03-23 09:00:00+00:00,557.33,745.75,14.51,20.32,4.45,UKP_0023,2,2016
2016-03-23 10:00:00+00:00,394.55,531.85,13.33,23.62,4.32,UKP_0023,2,2016
2016-03-23 11:00:00+00:00,235.95,291.35,11.42,29.04,3.69,UKP_0023,2,2016
2016-03-23 12:00:00+00:00,39.97,55.38,7.87,50.92,2.1,UKP_0023,2,2016
2016-03-23 13:00:00+00:00,0.0,0.0,6.73,48.27,1.38,UKP_0023,2,2016
2016-03-23 14:00:00+00:00,0.0,0.0,6.43,44.42,0.06,UKP_0023,2,2016
2016-03-23 15:00:00+00:00,0.0,0.0,5.09,52.23,1.1,UKP_0023,2,2016
2016-03-23 16:00:00+00:00,0.0,0.0,3.94,57.03,1.71,UKP_0023,2,2016
2016-03-23 17:00:00+00:00,0.0,0.0,3.03,57.71,1.91,UKP_0023,2,2016
2016-03-23 18:00:00+00:00,0.0,0.0,2.55,57.54,1.92,UKP_0023,2,2016
2016-03-23 19:00:00+00:00,0.0,0.0,2.47,55.56,1.74,UKP_0023,2,2016
2016-03-23 20:00:00+00:00,0.0,0.0,2.42,54.06,1.52,UKP_0023,2,2016
2016-03-23 21:00:00+00:00,0.0,0.0,1.59,56.19,1.88,UKP_0023,2,2016
2016-03-23 22:00:00+00:00,0.0,0.0,0.65,57.82,2.39,UKP_0023,2,2016
2016-03-23 23:00:00+00:00,0.0,0.0,0.34,55.73,2.57,UKP_0023,2,2016
2016-03-24 00:00:00+00:00,0.0,0.0,0.38,52.05,2.56,UKP_0023,2,2016
2016-03-24 01:00:00+00:00,121.35,155.98,2.7,55.35,2.32,UKP_0023,2,2016
2016-03-24 02:00:00+00:00,287.9,395.77,7.58,32.4,1.84,UKP_0023,2,2016
2016-03-24 03:00:00+00:00,485.9,627.2,10.78,25.09,1.05,UKP_0023,2,2016
2016-03-24 04:00:00+00:00,644.88,814.15,12.72,23.77,3.31,UKP_0023,2,2016
2016-03-24 05:00:00+00:00,779.97,942.35,13.98,23.67,4.26,UKP_0023,2,2016
2016-03-24 06:00:00+00:00,793.15,989.0,14.77,23.56,4.76,UKP_0023,2,2016
2016-03-24 07:00:00+00:00,826.53,973.8,15.06,23.97,4.93,UKP_0023,2,2016
2016-03-24 08:00:00+00:00,705.88,882.9,14.56,25.42,4.92,UKP_0023,2,2016
2016-03-24 09:00:00+00:00,592.83,728.35,12.92,28.12,4.24,UKP_0023,2,2016
2016-03-24 10:00:00+00:00,378.45,522.08,11.69,31.14,2.94,UKP_0023,2,2016
2016-03-24 11:00:00+00:00,194.65,283.25,10.5,40.79,1.43,UKP_0023,2,2016
2016-03-24 12:00:00+00:00,37.97,54.65,9.1,48.41,0.25,UKP_0023,2,2016
2016-03-24 13:00:00+00:00,0.0,0.0,8.06,48.31,0.55,UKP_0023,2,2016
2016-03-24 14:00:00+00:00,0.0,0.0,7.5,50.55,0.8,UKP_0023,2,2016
2016-03-24 15:00:00+00:00,0.0,0.0,7.29,49.54,0.81,UKP_0023,2,2016
2016-03-24 16:00:00+00:00,0.0,0.0,6.96,49.11,0.73,UKP_0023,2,2016
2016-03-24 17:00:00+00:00,0.0,0.0,6.57,49.76,0.81,UKP_0023,2,2016
2016-03-24 18:00:00+00:00,0.0,0.0,5.84,48.79,0.84,UKP_0023,2,2016
2016-03-24 19:00:00+00:00,0.0,0.0,4.86,51.05,1.05,UKP_0023,2,2016
2016-03-24 20:00:00+00:00,0.0,0.0,4.27,53.44,1.31,UKP_0023,2,2016
2016-03-24 21:00:00+00:00,0.0,0.0,4.11,55.53,1.46,UKP_0023,2,2016
2016-03-24 22:00:00+00:00,0.0,0.0,3.9,56.49,1.64,UKP_0023,2,2016
2016-03-24 23:00:00+00:00,0.0,0.0,3.63,56.44,1.79,UKP_0023,2,2016
2016-03-25 00:00:00+00:00,0.0,0.0,3.3,56.78,1.95,UKP_0023,2,2016
2016-03-25 01:00:00+00:00,100.93,157.12,4.78,63.79,1.79,UKP_0023,2,2016
2016-03-25 02:00:00+00:00,244.52,394.7,8.94,41.45,1.11,UKP_0023,2,2016
2016-03-25 03:00:00+00:00,432.73,627.7,11.53,31.48,1.56,UKP_0023,2,2016
2016-03-25 04:00:00+00:00,703.95,824.45,13.11,28.68,2.95,UKP_0023,2,2016
2016-03-25 05:00:00+00:00,709.75,946.92,14.38,26.95,3.83,UKP_0023,2,2016
2016-03-25 06:00:00+00:00,722.6,967.75,15.05,26.4,4.58,UKP_0023,2,2016
2016-03-25 07:00:00+00:00,876.47,973.05,14.98,27.16,4.82,UKP_0023,2,2016
2016-03-25 08:00:00+00:00,778.17,885.58,14.44,28.79,4.6,UKP_0023,2,2016
2016-03-25 09:00:00+00:00,499.15,718.78,13.68,30.37,4.22,UKP_0023,2,2016
2016-03-25 10:00:00+00:00,340.3,511.23,12.6,32.97,3.58,UKP_0023,2,2016
2016-03-25 11:00:00+00:00,196.55,275.3,11.14,39.11,2.54,UKP_0023,2,2016
2016-03-25 12:00:00+00:00,37.83,51.55,8.79,60.11,1.51,UKP_0023,2,2016
2016-03-25 13:00:00+00:00,0.0,0.0,7.97,54.85,0.94,UKP_0023,2,2016
2016-03-25 14:00:00+00:00,0.0,0.0,7.49,53.45,0.33,UKP_0023,2,2016
2016-03-25 15:00:00+00:00,0.0,0.0,7.06,55.18,0.2,UKP_0023,2,2016
2016-03-25 16:00:00+00:00,0.0,0.0,6.54,57.08,0.52,UKP_0023,2,2016
2016-03-25 17:00:00+00:00,0.0,0.0,5.99,57.83,0.67,UKP_0023,2,2016
2016-03-25 18:00:00+00:00,0.0,0.0,5.42,58.26,0.72,UKP_0023,2,2016
2016-03-25 19:00:00+00:00,0.0,0.0,5.09,55.99,0.78,UKP_0023,2,2016
2016-03-25 20:00:00+00:00,0.0,0.0,4.77,52.5,0.76,UKP_0023,2,2016
2016-03-25 21:00:00+00:00,0.0,0.0,4.61,48.02,0.62,UKP_0023,2,2016
2016-03-25 22:00:00+00:00,0.0,0.0,4.38,44.47,0.48,UKP_0023,2,2016
2016-03-25 23:00:00+00:00,0.0,0.0,4.08,43.64,0.44,UKP_0023,2,2016
2016-03-26 00:00:00+00:00,0.0,0.0,3.97,44.42,0.5,UKP_0023,2,2016
2016-03-26 01:00:00+00:00,58.47,140.9,5.53,54.18,0.43,UKP_0023,2,2016
2016-03-26 02:00:00+00:00,165.85,369.23,8.75,41.39,1.09,UKP_0023,2,2016
2016-03-26 03:00:00+00:00,300.65,599.08,9.85,33.53,2.25,UKP_0023,2,2016
2016-03-26 04:00:00+00:00,461.05,788.03,10.92,31.66,2.22,UKP_0023,2,2016
2016-03-26 05:00:00+00:00,510.6,916.12,12.36,29.64,2.97,UKP_0023,2,2016
2016-03-26 06:00:00+00:00,459.23,943.4,13.2,29.66,4.25,UKP_0023,2,2016
2016-03-26 07:00:00+00:00,523.2,936.75,13.39,31.4,5.02,UKP_0023,2,2016
2016-03-26 08:00:00+00:00,633.6,793.58,12.98,34.03,5.16,UKP_0023,2,2016
2016-03-26 09:00:00+00:00,435.88,651.67,12.26,36.45,4.77,UKP_0023,2,2016
2016-03-26 10:00:00+00:00,322.83,461.88,11.29,39.43,4.12,UKP_0023,2,2016
2016-03-26 11:00:00+00:00,148.65,242.9,10.13,46.04,3.03,UKP_0023,2,2016
2016-03-26 12:00:00+00:00,24.23,45.12,7.84,69.29,1.97,UKP_0023,2,2016
2016-03-26 13:00:00+00:00,0.0,0.0,6.83,68.83,1.68,UKP_0023,2,2016
2016-03-26 14:00:00+00:00,0.0,0.0,6.83,65.01,1.13,UKP_0023,2,2016
2016-03-26 15:00:00+00:00,0.0,0.0,6.68,65.36,0.56,UKP_0023,2,2016
2016-03-26 16:00:00+00:00,0.0,0.0,6.08,67.27,0.13,UKP_0023,2,2016
2016-03-26 17:00:00+00:00,0.0,0.0,5.68,68.03,0.54,UKP_0023,2,2016
2016-03-26 18:00:00+00:00,0.0,0.0,5.0,73.13,1.0,UKP_0023,2,2016
2016-03-26 19:00:00+00:00,0.0,0.0,4.31,80.64,0.34,UKP_0023,2,2016
2016-03-26 20:00:00+00:00,0.0,0.0,3.73,84.22,0.56,UKP_0023,2,2016
2016-03-26 21:00:00+00:00,0.0,0.0,3.6,82.82,0.73,UKP_0023,2,2016
2016-03-26 22:00:00+00:00,0.0,0.0,3.52,75.28,0.52,UKP_0023,2,2016
2016-03-26 23:00:00+00:00,0.0,0.0,3.17,71.9,0.44,UKP_0023,2,2016
2016-03-27 00:00:00+00:00,3.1,4.55,3.04,68.74,0.43,UKP_0023,2,2016
2016-03-27 01:00:00+00:00,44.08,139.7,4.77,70.81,0.9,UKP_0023,2,2016
2016-03-27 02:00:00+00:00,210.43,376.67,6.62,61.86,2.81,UKP_0023,2,2016
2016-03-27 03:00:00+00:00,401.9,599.85,7.7,57.37,3.71,UKP_0023,2,2016
2016-03-27 04:00:00+00:00,618.28,788.42,8.87,51.81,3.54,UKP_0023,2,2016
2016-03-27 05:00:00+00:00,613.3,911.1,10.24,44.08,4.19,UKP_0023,2,2016
2016-03-27 06:00:00+00:00,766.33,993.92,10.9,39.74,5.13,UKP_0023,2,2016
2016-03-27 07:00:00+00:00,606.78,984.8,10.97,38.93,5.23,UKP_0023,2,2016
2016-03-27 08:00:00+00:00,415.98,896.03,10.85,39.46,5.04,UKP_0023,2,2016
2016-03-27 09:00:00+00:00,426.08,741.9,10.55,41.19,4.92,UKP_0023,2,2016
2016-03-27 10:00:00+00:00,156.18,532.85,9.74,44.95,4.92,UKP_0023,2,2016
2016-03-27 11:00:00+00:00,125.65,289.17,8.23,51.43,4.54,UKP_0023,2,2016
2016-03-27 12:00:00+00:00,24.85,56.8,5.77,67.86,2.91,UKP_0023,2,2016
2016-03-27 13:00:00+00:00,0.0,0.0,4.02,83.17,2.31,UKP_0023,2,2016
2016-03-27 14:00:00+00:00,0.0,0.0,3.5,86.61,2.44,UKP_0023,2,2016
2016-03-27 15:00:00+00:00,0.0,0.0,3.22,88.35,2.5,UKP_0023,2,2016
2016-03-27 16:00:00+00:00,0.0,0.0,2.77,90.91,2.51,UKP_0023,2,2016
2016-03-27 17:00:00+00:00,0.0,0.0,2.8,87.56,2.21,UKP_0023,2,2016
2016-03-27 18:00:00+00:00,0.0,0.0,2.47,84.56,1.3,UKP_0023,2,2016
2016-03-27 19:00:00+00:00,0.0,0.0,1.42,88.0,0.63,UKP_0023,2,2016
2016-03-27 20:00:00+00:00,0.0,0.0,0.57,91.4,0.32,UKP_0023,2,2016
2016-03-27 21:00:00+00:00,0.0,0.0,0.27,91.02,0.84,UKP_0023,2,2016
2016-03-27 22:00:00+00:00,0.0,0.0,0.11,87.88,1.12,UKP_0023,2,2016
2016-03-27 23:00:00+00:00,0.0,0.0,-0.12,84.67,1.39,UKP_0023,2,2016
2016-03-28 00:00:00+00:00,4.45,5.38,-0.43,81.37,1.72,UKP_0023,2,2016
2016-03-28 01:00:00+00:00,124.7,150.55,1.79,72.9,1.76,UKP_0023,2,2016
2016-03-28 02:00:00+00:00,266.77,393.83,5.42,46.84,0.83,UKP_0023,2,2016
2016-03-28 03:00:00+00:00,444.5,627.78,8.04,36.21,1.85,UKP_0023,2,2016
2016-03-28 04:00:00+00:00,619.92,813.47,9.64,33.99,3.54,UKP_0023,2,2016
2016-03-28 05:00:00+00:00,807.97,952.9,10.86,34.01,4.52,UKP_0023,2,2016
2016-03-28 06:00:00+00:00,727.4,998.58,11.55,34.04,4.9,UKP_0023,2,2016
2016-03-28 07:00:00+00:00,753.53,981.2,11.83,34.19,5.16,UKP_0023,2,2016
2016-03-28 08:00:00+00:00,687.7,888.12,11.68,34.92,5.32,UKP_0023,2,2016
2016-03-28 09:00:00+00:00,482.0,723.08,11.33,35.96,5.34,UKP_0023,2,2016
2016-03-28 10:00:00+00:00,329.33,510.92,10.68,37.37,4.95,UKP_0023,2,2016
2016-03-28 11:00:00+00:00,185.57,275.85,9.45,40.47,4.12,UKP_0023,2,2016
2016-03-28 12:00:00+00:00,38.33,55.75,6.64,56.78,2.29,UKP_0023,2,2016
2016-03-28 13:00:00+00:00,0.0,0.0,4.37,67.99,1.69,UKP_0023,2,2016
2016-03-28 14:00:00+00:00,0.0,0.0,4.46,63.47,0.8,UKP_0023,2,2016
2016-03-28 15:00:00+00:00,0.0,0.0,3.64,63.42,1.27,UKP_0023,2,2016
2016-03-28 16:00:00+00:00,0.0,0.0,3.12,64.05,1.65,UKP_0023,2,2016
2016-03-28 17:00:00+00:00,0.0,0.0,3.05,61.74,1.63,UKP_0023,2,2016
2016-03-28 18:00:00+00:00,0.0,0.0,3.17,58.45,1.54,UKP_0023,2,2016
2016-03-28 19:00:00+00:00,0.0,0.0,3.55,54.18,1.32,UKP_0023,2,2016
2016-03-28 20:00:00+00:00,0.0,0.0,3.98,50.34,0.99,UKP_0023,2,2016
2016-03-28 21:00:00+00:00,0.0,0.0,4.01,48.71,0.79,UKP_0023,2,2016
2016-03-28 22:00:00+00:00,0.0,0.0,3.8,49.84,0.87,UKP_0023,2,2016
2016-03-28 23:00:00+00:00,0.0,0.0,3.79,51.43,0.88,UKP_0023,2,2016
2016-03-29 00:00:00+00:00,4.2,5.72,3.81,53.2,0.94,UKP_0023,2,2016
2016-03-29 01:00:00+00:00,119.65,151.43,4.69,61.6,0.98,UKP_0023,2,2016
2016-03-29 02:00:00+00:00,329.98,397.45,6.87,51.19,1.36,UKP_0023,2,2016
2016-03-29 03:00:00+00:00,542.62,629.45,8.83,44.71,2.25,UKP_0023,2,2016
2016-03-29 04:00:00+00:00,574.35,801.95,10.49,39.65,3.37,UKP_0023,2,2016
2016-03-29 05:00:00+00:00,795.15,935.33,11.69,37.75,4.26,UKP_0023,2,2016
2016-03-29 06:00:00+00:00,781.5,996.65,12.46,37.66,4.9,UKP_0023,2,2016
2016-03-29 07:00:00+00:00,696.62,963.0,12.83,38.77,5.42,UKP_0023,2,2016
2016-03-29 08:00:00+00:00,673.72,880.08,12.77,40.79,5.85,UKP_0023,2,2016
2016-03-29 09:00:00+00:00,445.38,708.08,12.16,43.46,5.89,UKP_0023,2,2016
2016-03-29 10:00:00+00:00,364.83,500.15,10.98,47.74,5.3,UKP_0023,2,2016
2016-03-29 11:00:00+00:00,198.23,267.65,9.52,53.01,4.4,UKP_0023,2,2016
2016-03-29 12:00:00+00:00,35.1,50.78,7.34,66.29,2.61,UKP_0023,2,2016
2016-03-29 13:00:00+00:00,0.0,0.0,5.47,80.67,2.04,UKP_0023,2,2016
2016-03-29 14:00:00+00:00,0.0,0.0,5.04,81.26,1.87,UKP_0023,2,2016
2016-03-29 15:00:00+00:00,0.0,0.0,4.73,79.05,1.7,UKP_0023,2,2016
2016-03-29 16:00:00+00:00,0.0,0.0,4.42,75.33,1.4,UKP_0023,2,2016
2016-03-29 17:00:00+00:00,0.0,0.0,4.35,73.42,1.02,UKP_0023,2,2016
2016-03-29 18:00:00+00:00,0.0,0.0,3.9,73.53,0.46,UKP_0023,2,2016
2016-03-29 19:00:00+00:00,0.0,0.0,3.56,75.56,0.39,UKP_0023,2,2016
2016-03-29 20:00:00+00:00,0.0,0.0,3.35,76.93,0.64,UKP_0023,2,2016
2016-03-29 21:00:00+00:00,0.0,0.0,3.06,79.22,0.86,UKP_0023,2,2016
2016-03-29 22:00:00+00:00,0.0,0.0,2.81,80.92,1.01,UKP_0023,2,2016
2016-03-29 23:00:00+00:00,0.0,0.0,2.63,79.86,1.07,UKP_0023,2,2016
2016-03-30 00:00:00+00:00,5.38,6.45,2.3,78.23,1.12,UKP_0023,2,2016
2016-03-30 01:00:00+00:00,105.88,148.48,4.04,74.58,1.06,UKP_0023,2,2016
2016-03-30 02:00:00+00:00,229.05,387.65,6.71,56.74,1.73,UKP_0023,2,2016
2016-03-30 03:00:00+00:00,409.52,616.0,8.66,51.01,3.05,UKP_0023,2,2016
2016-03-30 04:00:00+00:00,545.22,805.8,10.26,47.17,4.1,UKP_0023,2,2016
2016-03-30 05:00:00+00:00,620.58,933.88,11.27,44.53,4.99,UKP_0023,2,2016
2016-03-30 06:00:00+00:00,694.05,996.65,11.96,42.77,5.73,UKP_0023,2,2016
2016-03-30 07:00:00+00:00,547.42,982.05,12.12,42.29,6.51,UKP_0023,2,2016
2016-03-30 08:00:00+00:00,157.9,891.9,11.71,43.4,7.07,UKP_0023,2,2016
2016-03-30 09:00:00+00:00,126.6,734.58,11.06,45.09,7.15,UKP_0023,2,2016
2016-03-30 10:00:00+00:00,27.2,525.75,9.95,48.71,6.47,UKP_0023,2,2016
2016-03-30 11:00:00+00:00,16.77,286.5,8.77,53.03,5.43,UKP_0023,2,2016
2016-03-30 12:00:00+00:00,9.23,58.3,6.99,63.81,3.24,UKP_0023,2,2016
2016-03-30 13:00:00+00:00,0.0,0.0,5.28,78.52,2.11,UKP_0023,2,2016
2016-03-30 14:00:00+00:00,0.0,0.0,4.83,79.9,1.92,UKP_0023,2,2016
2016-03-30 15:00:00+00:00,0.0,0.0,4.67,77.01,1.59,UKP_0023,2,2016
2016-03-30 16:00:00+00:00,0.0,0.0,4.75,72.28,0.92,UKP_0023,2,2016
2016-03-30 17:00:00+00:00,0.0,0.0,4.08,73.29,0.39,UKP_0023,2,2016
2016-03-30 18:00:00+00:00,0.0,0.0,3.14,78.0,0.77,UKP_0023,2,2016
2016-03-30 19:00:00+00:00,0.0,0.0,2.38,80.89,1.19,UKP_0023,2,2016
2016-03-30 20:00:00+00:00,0.0,0.0,2.01,80.93,1.34,UKP_0023,2,2016
2016-03-30 21:00:00+00:00,0.0,0.0,1.85,79.26,1.25,UKP_0023,2,2016
2016-03-30 22:00:00+00:00,0.0,0.0,1.65,78.28,1.22,UKP_0023,2,2016
2016-03-30 23:00:00+00:00,0.0,0.0,1.46,77.37,1.24,UKP_0023,2,2016
2016-03-31 00:00:00+00:00,5.97,8.35,1.35,76.51,1.32,UKP_0023,2,2016
2016-03-31 01:00:00+00:00,143.43,176.82,3.67,72.2,1.47,UKP_0023,2,2016
2016-03-31 02:00:00+00:00,314.5,424.95,7.04,51.11,0.76,UKP_0023,2,2016
2016-03-31 03:00:00+00:00,504.33,656.15,9.8,39.43,1.95,UKP_0023,2,2016
2016-03-31 04:00:00+00:00,669.45,844.05,11.88,32.89,3.58,UKP_0023,2,2016
2016-03-31 05:00:00+00:00,928.42,978.92,13.42,29.73,4.96,UKP_0023,2,2016
2016-03-31 06:00:00+00:00,784.1,1024.25,14.28,28.45,5.8,UKP_0023,2,2016
2016-03-31 07:00:00+00:00,834.72,1014.53,14.49,28.66,6.24,UKP_0023,2,2016
2016-03-31 08:00:00+00:00,714.25,913.65,14.32,29.51,6.25,UKP_0023,2,2016
2016-03-31 09:00:00+00:00,550.47,753.65,13.83,30.57,5.75,UKP_0023,2,2016
2016-03-31 10:00:00+00:00,370.02,541.65,13.07,32.26,5.29,UKP_0023,2,2016
2016-03-31 11:00:00+00:00,193.77,297.5,11.8,35.55,4.7,UKP_0023,2,2016
2016-03-31 12:00:00+00:00,45.6,65.0,8.74,50.09,2.87,UKP_0023,2,2016
2016-03-31 13:00:00+00:00,0.0,0.0,6.16,63.8,2.05,UKP_0023,2,2016
2016-03-31 14:00:00+00:00,0.0,0.0,6.58,58.07,0.87,UKP_0023,2,2016
2016-03-31 15:00:00+00:00,0.0,0.0,5.98,56.82,0.96,UKP_0023,2,2016
2016-03-31 16:00:00+00:00,0.0,0.0,4.8,62.59,1.46,UKP_0023,2,2016
2016-03-31 17:00:00+00:00,0.0,0.0,4.05,65.25,1.71,UKP_0023,2,2016
2016-03-31 18:00:00+00:00,0.0,0.0,3.63,65.64,1.79,UKP_0023,2,2016
2016-03-31 19:00:00+00:00,0.0,0.0,2.92,67.07,2.13,UKP_0023,2,2016
2016-03-31 20:00:00+00:00,0.0,0.0,2.51,66.08,2.29,UKP_0023,2,2016
2016-03-31 21:00:00+00:00,0.0,0.0,2.58,62.37,2.26,UKP_0023,2,2016
2016-03-31 22:00:00+00:00,0.0,0.0,2.42,59.82,2.36,UKP_0023,2,2016
2016-03-31 23:00:00+00:00,0.0,0.0,2.31,57.34,2.42,UKP_0023,2,2016
2016-04-01 00:00:00+00:00,6.55,8.75,2.46,54.61,2.31,UKP_0023,2,2016
2016-04-01 01:00:00+00:00,141.02,175.57,5.33,56.8,1.95,UKP_0023,2,2016
2016-04-01 02:00:00+00:00,379.38,429.38,9.59,33.12,1.59,UKP_0023,2,2016
2016-04-01 03:00:00+00:00,567.72,656.58,12.99,26.44,1.2,UKP_0023,2,2016
2016-04-01 04:00:00+00:00,729.55,851.5,15.22,23.53,3.6,UKP_0023,2,2016
2016-04-01 05:00:00+00:00,806.7,976.97,15.69,24.4,4.74,UKP_0023,2,2016
2016-04-01 06:00:00+00:00,763.78,1020.75,15.64,26.62,5.39,UKP_0023,2,2016
2016-04-01 07:00:00+00:00,824.3,1003.03,16.36,27.7,6.21,UKP_0023,2,2016
2016-04-01 08:00:00+00:00,748.47,906.92,15.94,30.62,6.88,UKP_0023,2,2016
2016-04-01 09:00:00+00:00,669.85,752.5,15.08,33.8,5.84,UKP_0023,2,2016
2016-04-01 10:00:00+00:00,379.45,534.42,14.24,36.08,4.11,UKP_0023,2,2016
2016-04-01 11:00:00+00:00,208.85,292.67,13.07,39.46,3.42,UKP_0023,2,2016
2016-04-01 12:00:00+00:00,49.3,65.07,10.38,58.79,2.14,UKP_0023,2,2016
2016-04-01 13:00:00+00:00,0.0,0.0,8.96,64.93,1.75,UKP_0023,2,2016
2016-04-01 14:00:00+00:00,0.0,0.0,8.59,66.55,1.64,UKP_0023,2,2016
2016-04-01 15:00:00+00:00,0.0,0.0,8.03,70.55,1.58,UKP_0023,2,2016
2016-04-01 16:00:00+00:00,0.0,0.0,7.49,72.15,1.11,UKP_0023,2,2016
2016-04-01 17:00:00+00:00,0.0,0.0,6.47,75.16,0.97,UKP_0023,2,2016
2016-04-01 18:00:00+00:00,0.0,0.0,5.91,76.31,0.73,UKP_0023,2,2016
2016-04-01 19:00:00+00:00,0.0,0.0,5.41,78.34,0.63,UKP_0023,2,2016
2016-04-01 20:00:00+00:00,0.0,0.0,4.85,79.84,1.07,UKP_0023,2,2016
2016-04-01 21:00:00+00:00,0.0,0.0,4.44,79.3,1.37,UKP_0023,2,2016
2016-04-01 22:00:00+00:00,0.0,0.0,4.04,78.52,1.57,UKP_0023,2,2016
2016-04-01 23:00:00+00:00,0.0,0.0,3.65,77.75,1.7,UKP_0023,2,2016
2016-04-02 00:00:00+00:00,7.6,9.85,3.38,76.98,1.84,UKP_0023,2,2016
2016-04-02 01:00:00+00:00,151.93,182.57,6.24,66.95,1.75,UKP_0023,2,2016
2016-04-02 02:00:00+00:00,322.55,428.98,10.07,47.73,0.5,UKP_0023,2,2016
2016-04-02 03:00:00+00:00,515.25,657.33,12.85,40.34,3.36,UKP_0023,2,2016
2016-04-02 04:00:00+00:00,702.6,842.1,14.74,36.5,4.75,UKP_0023,2,2016
2016-04-02 05:00:00+00:00,832.92,968.08,16.14,34.47,5.49,UKP_0023,2,2016
2016-04-02 06:00:00+00:00,813.47,1000.1,16.98,33.82,6.15,UKP_0023,2,2016
2016-04-02 07:00:00+00:00,882.67,990.7,17.24,34.79,6.43,UKP_0023,2,2016
2016-04-02 08:00:00+00:00,802.75,897.5,17.06,36.71,6.5,UKP_0023,2,2016
2016-04-02 09:00:00+00:00,560.42,727.53,16.35,39.64,6.07,UKP_0023,2,2016
2016-04-02 10:00:00+00:00,401.35,527.78,15.28,43.2,5.32,UKP_0023,2,2016
2016-04-02 11:00:00+00:00,211.68,288.88,14.02,47.5,4.51,UKP_0023,2,2016
2016-04-02 12:00:00+00:00,41.97,62.75,11.58,60.02,2.62,UKP_0023,2,2016
2016-04-02 13:00:00+00:00,0.0,0.0,9.31,72.76,1.9,UKP_0023,2,2016
2016-04-02 14:00:00+00:00,0.0,0.0,9.3,71.26,1.39,UKP_0023,2,2016
2016-04-02 15:00:00+00:00,0.0,0.0,9.5,69.23,0.48,UKP_0023,2,2016
2016-04-02 16:00:00+00:00,0.0,0.0,8.89,70.89,0.42,UKP_0023,2,2016
2016-04-02 17:00:00+00:00,0.0,0.0,8.57,72.25,0.55,UKP_0023,2,2016
2016-04-02 18:00:00+00:00,0.0,0.0,8.27,73.73,0.69,UKP_0023,2,2016
2016-04-02 19:00:00+00:00,0.0,0.0,7.98,74.44,0.78,UKP_0023,2,2016
2016-04-02 20:00:00+00:00,0.0,0.0,7.57,75.44,0.93,UKP_0023,2,2016
2016-04-02 21:00:00+00:00,0.0,0.0,7.31,75.13,0.94,UKP_0023,2,2016
2016-04-02 22:00:00+00:00,0.0,0.0,6.91,74.64,1.07,UKP_0023,2,2016
2016-04-02 23:00:00+00:00,0.0,0.0,6.6,72.81,1.29,UKP_0023,2,2016
2016-04-03 00:00:00+00:00,8.85,10.25,6.55,69.96,1.4,UKP_0023,2,2016
2016-04-03 01:00:00+00:00,153.5,180.98,7.67,67.71,1.29,UKP_0023,2,2016
2016-04-03 02:00:00+00:00,314.85,428.08,10.39,50.86,1.09,UKP_0023,2,2016
2016-04-03 03:00:00+00:00,506.05,659.0,13.06,37.36,1.96,UKP_0023,2,2016
2016-04-03 04:00:00+00:00,748.83,846.0,15.76,29.63,3.88,UKP_0023,2,2016
2016-04-03 05:00:00+00:00,761.55,968.53,17.56,26.53,5.09,UKP_0023,2,2016
2016-04-03 06:00:00+00:00,821.3,1017.85,18.37,26.11,5.96,UKP_0023,2,2016
2016-04-03 07:00:00+00:00,745.9,1000.17,18.52,27.17,6.15,UKP_0023,2,2016
2016-04-03 08:00:00+00:00,739.75,917.6,18.21,29.24,6.06,UKP_0023,2,2016
2016-04-03 09:00:00+00:00,568.03,754.33,17.22,32.81,5.97,UKP_0023,2,2016
2016-04-03 10:00:00+00:00,360.6,545.67,15.71,38.56,5.55,UKP_0023,2,2016
2016-04-03 11:00:00+00:00,189.57,303.38,14.29,44.67,4.74,UKP_0023,2,2016
2016-04-03 12:00:00+00:00,48.7,66.05,11.82,59.3,2.8,UKP_0023,2,2016
2016-04-03 13:00:00+00:00,0.0,0.0,10.08,71.6,2.23,UKP_0023,2,2016
2016-04-03 14:00:00+00:00,0.0,0.0,9.8,72.37,2.18,UKP_0023,2,2016
2016-04-03 15:00:00+00:00,0.0,0.0,9.48,71.81,1.61,UKP_0023,2,2016
2016-04-03 16:00:00+00:00,0.0,0.0,9.2,71.36,1.12,UKP_0023,2,2016
2016-04-03 17:00:00+00:00,0.0,0.0,8.34,74.7,0.45,UKP_0023,2,2016
2016-04-03 18:00:00+00:00,0.0,0.0,7.84,75.77,0.08,UKP_0023,2,2016
2016-04-03 19:00:00+00:00,0.0,0.0,7.38,76.72,0.3,UKP_0023,2,2016
2016-04-03 20:00:00+00:00,0.0,0.0,6.67,77.4,0.69,UKP_0023,2,2016
2016-04-03 21:00:00+00:00,0.0,0.0,6.35,73.92,0.87,UKP_0023,2,2016
2016-04-03 22:00:00+00:00,0.0,0.0,6.45,69.54,0.79,UKP_0023,2,2016
2016-04-03 23:00:00+00:00,0.0,0.0,6.45,67.1,0.8,UKP_0023,2,2016
2016-04-04 00:00:00+00:00,8.2,10.55,6.28,65.56,0.71,UKP_0023,2,2016
2016-04-04 01:00:00+00:00,102.75,170.65,7.88,61.31,0.47,UKP_0023,2,2016
2016-04-04 02:00:00+00:00,281.88,413.05,10.24,51.69,0.87,UKP_0023,2,2016
2016-04-04 03:00:00+00:00,357.25,627.38,11.93,42.12,1.91,UKP_0023,2,2016
2016-04-04 04:00:00+00:00,536.95,813.2,13.48,33.69,2.97,UKP_0023,2,2016
2016-04-04 05:00:00+00:00,677.33,949.83,14.49,30.25,4.01,UKP_0023,2,2016
2016-04-04 06:00:00+00:00,788.25,1014.08,14.72,30.32,5.02,UKP_0023,2,2016
2016-04-04 07:00:00+00:00,607.5,989.22,14.03,34.97,5.85,UKP_0023,2,2016
2016-04-04 08:00:00+00:00,464.2,890.17,12.95,41.7,6.29,UKP_0023,2,2016
2016-04-04 09:00:00+00:00,282.25,712.78,11.93,47.21,6.18,UKP_0023,2,2016
2016-04-04 10:00:00+00:00,232.88,503.1,11.46,48.6,5.52,UKP_0023,2,2016
2016-04-04 11:00:00+00:00,123.72,275.35,10.9,49.05,4.16,UKP_0023,2,2016
2016-04-04 12:00:00+00:00,26.15,58.95,9.21,60.7,2.4,UKP_0023,2,2016
2016-04-04 13:00:00+00:00,0.0,0.0,7.92,64.06,1.68,UKP_0023,2,2016
2016-04-04 14:00:00+00:00,0.0,0.0,7.48,64.31,1.26,UKP_0023,2,2016
2016-04-04 15:00:00+00:00,0.0,0.0,7.16,65.21,0.9,UKP_0023,2,2016
2016-04-04 16:00:00+00:00,0.0,0.0,6.86,65.78,0.68,UKP_0023,2,2016
2016-04-04 17:00:00+00:00,0.0,0.0,6.43,66.47,0.6,UKP_0023,2,2016
2016-04-04 18:00:00+00:00,0.0,0.0,5.93,69.14,0.52,UKP_0023,2,2016
2016-04-04 19:00:00+00:00,0.0,0.0,5.82,69.51,0.56,UKP_0023,2,2016
2016-04-04 20:00:00+00:00,0.0,0.0,5.47,70.44,0.55,UKP_0023,2,2016
2016-04-04 21:00:00+00:00,0.0,0.0,4.48,73.3,0.83,UKP_0023,2,2016
2016-04-04 22:00:00+00:00,0.0,0.0,3.28,77.71,1.28,UKP_0023,2,2016
2016-04-04 23:00:00+00:00,0.0,0.0,2.34,80.76,1.67,UKP_0023,2,2016
2016-04-05 00:00:00+00:00,9.77,12.32,2.07,78.87,1.86,UKP_0023,2,2016
2016-04-05 01:00:00+00:00,100.68,191.18,5.38,64.12,1.33,UKP_0023,2,2016
2016-04-05 02:00:00+00:00,195.62,444.7,9.04,39.62,0.66,UKP_0023,2,2016
2016-04-05 03:00:00+00:00,343.9,679.97,11.55,31.21,2.08,UKP_0023,2,2016
2016-04-05 04:00:00+00:00,510.6,868.7,13.45,28.86,3.7,UKP_0023,2,2016
2016-04-05 05:00:00+00:00,690.95,1008.85,14.24,28.45,4.72,UKP_0023,2,2016
2016-04-05 06:00:00+00:00,779.83,1060.0,13.05,31.63,4.79,UKP_0023,2,2016
2016-04-05 07:00:00+00:00,777.6,1041.9,13.07,32.76,4.54,UKP_0023,2,2016
2016-04-05 08:00:00+00:00,720.72,945.53,12.48,35.11,4.76,UKP_0023,2,2016
2016-04-05 09:00:00+00:00,532.1,784.7,11.63,37.28,4.12,UKP_0023,2,2016
2016-04-05 10:00:00+00:00,325.48,570.15,10.98,37.88,3.36,UKP_0023,2,2016
2016-04-05 11:00:00+00:00,167.55,326.83,10.09,40.64,2.54,UKP_0023,2,2016
2016-04-05 12:00:00+00:00,37.08,80.95,8.4,58.32,1.73,UKP_0023,2,2016
2016-04-05 13:00:00+00:00,0.0,0.0,7.66,57.51,1.36,UKP_0023,2,2016
2016-04-05 14:00:00+00:00,0.0,0.0,7.38,57.34,0.79,UKP_0023,2,2016
2016-04-05 15:00:00+00:00,0.0,0.0,7.02,57.91,0.29,UKP_0023,2,2016
2016-04-05 16:00:00+00:00,0.0,0.0,6.78,57.41,0.11,UKP_0023,2,2016
2016-04-05 17:00:00+00:00,0.0,0.0,6.52,57.75,0.24,UKP_0023,2,2016
2016-04-05 18:00:00+00:00,0.0,0.0,6.17,58.33,0.36,UKP_0023,2,2016
2016-04-05 19:00:00+00:00,0.0,0.0,5.82,58.91,0.17,UKP_0023,2,2016
2016-04-05 20:00:00+00:00,0.0,0.0,5.45,58.67,0.22,UKP_0023,2,2016
2016-04-05 21:00:00+00:00,0.0,0.0,4.61,59.01,0.78,UKP_0023,2,2016
2016-04-05 22:00:00+00:00,0.0,0.0,3.92,57.9,1.19,UKP_0023,2,2016
2016-04-05 23:00:00+00:00,0.0,0.0,3.42,55.4,1.35,UKP_0023,2,2016
2016-04-06 00:00:00+00:00,10.18,13.32,3.47,50.8,1.26,UKP_0023,2,2016
2016-04-06 01:00:00+00:00,96.45,180.12,6.18,48.81,0.58,UKP_0023,2,2016
2016-04-06 02:00:00+00:00,243.75,416.2,8.77,30.71,1.65,UKP_0023,2,2016
2016-04-06 03:00:00+00:00,399.15,647.95,9.43,30.82,2.75,UKP_0023,2,2016
2016-04-06 04:00:00+00:00,517.17,840.92,9.06,35.6,2.81,UKP_0023,2,2016
2016-04-06 05:00:00+00:00,377.48,964.28,8.27,42.49,2.49,UKP_0023,2,2016
2016-04-06 06:00:00+00:00,748.1,1017.6,8.35,46.11,1.94,UKP_0023,2,2016
2016-04-06 07:00:00+00:00,609.58,977.45,9.29,47.15,2.88,UKP_0023,2,2016
2016-04-06 08:00:00+00:00,591.05,899.85,9.41,50.72,3.87,UKP_0023,2,2016
2016-04-06 09:00:00+00:00,438.92,740.53,9.68,51.92,4.25,UKP_0023,2,2016
2016-04-06 10:00:00+00:00,229.7,518.75,9.61,52.9,4.46,UKP_0023,2,2016
2016-04-06 11:00:00+00:00,134.75,283.77,8.82,55.13,4.09,UKP_0023,2,2016
2016-04-06 12:00:00+00:00,37.1,64.3,7.06,65.08,2.72,UKP_0023,2,2016
2016-04-06 13:00:00+00:00,0.0,0.0,5.22,73.95,1.69,UKP_0023,2,2016
2016-04-06 14:00:00+00:00,0.0,0.0,4.84,75.72,1.39,UKP_0023,2,2016
2016-04-06 15:00:00+00:00,0.0,0.0,4.08,79.08,1.3,UKP_0023,2,2016
2016-04-06 16:00:00+00:00,0.0,0.0,3.28,82.8,1.32,UKP_0023,2,2016
2016-04-06 17:00:00+00:00,0.0,0.0,2.59,85.26,1.2,UKP_0023,2,2016
2016-04-06 18:00:00+00:00,0.0,0.0,1.86,87.07,1.16,UKP_0023,2,2016
2016-04-06 19:00:00+00:00,0.0,0.0,1.26,87.18,1.23,UKP_0023,2,2016
2016-04-06 20:00:00+00:00,0.0,0.0,1.09,84.14,1.23,UKP_0023,2,2016
2016-04-06 21:00:00+00:00,0.0,0.0,0.98,80.5,1.25,UKP_0023,2,2016
2016-04-06 22:00:00+00:00,0.0,0.0,0.88,76.6,1.33,UKP_0023,2,2016
2016-04-06 23:00:00+00:00,0.0,0.0,1.0,71.16,1.38,UKP_0023,2,2016
2016-04-07 00:00:00+00:00,10.57,11.85,1.28,66.25,1.35,UKP_0023,2,2016
2016-04-07 01:00:00+00:00,129.12,160.48,3.96,59.6,1.15,UKP_0023,2,2016
2016-04-07 02:00:00+00:00,301.2,395.08,6.59,48.51,1.79,UKP_0023,2,2016
2016-04-07 03:00:00+00:00,442.8,622.88,8.53,47.04,2.89,UKP_0023,2,2016
2016-04-07 04:00:00+00:00,593.4,813.6,9.85,45.08,3.74,UKP_0023,2,2016
2016-04-07 05:00:00+00:00,714.8,940.05,10.79,43.03,4.55,UKP_0023,2,2016
2016-04-07 06:00:00+00:00,785.17,1015.6,11.43,41.39,5.2,UKP_0023,2,2016
2016-04-07 07:00:00+00:00,494.55,994.3,11.56,41.26,5.66,UKP_0023,2,2016
2016-04-07 08:00:00+00:00,414.95,909.88,11.35,41.22,6.07,UKP_0023,2,2016
2016-04-07 09:00:00+00:00,258.92,745.55,10.92,42.04,6.47,UKP_0023,2,2016
2016-04-07 10:00:00+00:00,153.32,529.83,10.29,44.36,6.71,UKP_0023,2,2016
2016-04-07 11:00:00+00:00,87.47,287.12,9.09,49.23,6.37,UKP_0023,2,2016
2016-04-07 12:00:00+00:00,22.35,64.97,6.89,66.29,4.28,UKP_0023,2,2016
2016-04-07 13:00:00+00:00,0.0,0.0,4.72,83.86,3.05,UKP_0023,2,2016
2016-04-07 14:00:00+00:00,0.0,0.0,4.06,85.84,2.84,UKP_0023,2,2016
2016-04-07 15:00:00+00:00,0.0,0.0,3.76,81.72,2.54,UKP_0023,2,2016
2016-04-07 16:00:00+00:00,0.0,0.0,3.63,79.95,2.12,UKP_0023,2,2016
2016-04-07 17:00:00+00:00,0.0,0.0,3.48,78.94,1.79,UKP_0023,2,2016
2016-04-07 18:00:00+00:00,0.0,0.0,3.03,79.12,1.45,UKP_0023,2,2016
2016-04-07 19:00:00+00:00,0.0,0.0,2.31,83.26,0.84,UKP_0023,2,2016
2016-04-07 20:00:00+00:00,0.0,0.0,1.46,88.12,0.39,UKP_0023,2,2016
2016-04-07 21:00:00+00:00,0.0,0.0,1.04,89.44,0.43,UKP_0023,2,2016
2016-04-07 22:00:00+00:00,0.0,0.0,0.66,89.12,0.8,UKP_0023,2,2016
2016-04-07 23:00:00+00:00,0.0,0.0,0.29,87.61,1.12,UKP_0023,2,2016
2016-04-08 00:00:00+00:00,11.25,16.67,0.07,85.98,1.25,UKP_0023,2,2016
2016-04-08 01:00:00+00:00,155.68,208.75,2.48,79.86,0.96,UKP_0023,2,2016
2016-04-08 02:00:00+00:00,310.58,458.35,5.15,56.82,1.03,UKP_0023,2,2016
2016-04-08 03:00:00+00:00,517.88,690.72,7.14,44.45,2.04,UKP_0023,2,2016
2016-04-08 04:00:00+00:00,633.25,882.47,8.96,37.03,3.06,UKP_0023,2,2016
2016-04-08 05:00:00+00:00,837.2,1018.8,10.26,33.85,3.91,UKP_0023,2,2016
2016-04-08 06:00:00+00:00,683.25,1051.22,11.15,32.4,4.54,UKP_0023,2,2016
2016-04-08 07:00:00+00:00,898.5,1039.43,11.71,32.19,5.01,UKP_0023,2,2016
2016-04-08 08:00:00+00:00,699.22,936.78,11.86,32.82,5.21,UKP_0023,2,2016
2016-04-08 09:00:00+00:00,535.38,774.97,11.62,34.06,5.25,UKP_0023,2,2016
2016-04-08 10:00:00+00:00,367.17,564.2,10.82,36.51,5.03,UKP_0023,2,2016
2016-04-08 11:00:00+00:00,196.85,323.15,9.55,40.4,4.44,UKP_0023,2,2016
2016-04-08 12:00:00+00:00,52.2,84.45,7.2,60.72,2.85,UKP_0023,2,2016
2016-04-08 13:00:00+00:00,0.0,0.0,5.39,64.59,1.99,UKP_0023,2,2016
2016-04-08 14:00:00+00:00,0.0,0.0,5.29,58.54,1.33,UKP_0023,2,2016
2016-04-08 15:00:00+00:00,0.0,0.0,4.45,63.58,0.57,UKP_0023,2,2016
2016-04-08 16:00:00+00:00,0.0,0.0,3.27,70.85,0.83,UKP_0023,2,2016
2016-04-08 17:00:00+00:00,0.0,0.0,2.31,74.91,1.09,UKP_0023,2,2016
2016-04-08 18:00:00+00:00,0.0,0.0,1.77,76.72,1.3,UKP_0023,2,2016
2016-04-08 19:00:00+00:00,0.0,0.0,1.42,76.81,1.43,UKP_0023,2,2016
2016-04-08 20:00:00+00:00,0.0,0.0,1.37,73.72,1.45,UKP_0023,2,2016
2016-04-08 21:00:00+00:00,0.0,0.0,1.37,70.69,1.42,UKP_0023,2,2016
2016-04-08 22:00:00+00:00,0.0,0.0,1.36,67.88,1.44,UKP_0023,2,2016
2016-04-08 23:00:00+00:00,0.0,0.0,1.34,64.83,1.43,UKP_0023,2,2016
2016-04-09 00:00:00+00:00,13.0,19.08,1.12,63.69,1.57,UKP_0023,2,2016
2016-04-09 01:00:00+00:00,189.12,216.5,3.98,63.58,1.21,UKP_0023,2,2016
2016-04-09 02:00:00+00:00,347.6,465.75,7.34,40.34,0.78,UKP_0023,2,2016
2016-04-09 03:00:00+00:00,540.53,696.33,9.25,34.79,2.76,UKP_0023,2,2016
2016-04-09 04:00:00+00:00,713.17,880.3,10.87,32.0,3.61,UKP_0023,2,2016
2016-04-09 05:00:00+00:00,915.42,1006.4,12.13,30.32,4.54,UKP_0023,2,2016
2016-04-09 06:00:00+00:00,778.12,1047.62,12.92,29.24,5.25,UKP_0023,2,2016
2016-04-09 07:00:00+00:00,808.08,1032.15,13.33,28.53,5.52,UKP_0023,2,2016
2016-04-09 08:00:00+00:00,830.53,942.03,13.34,28.05,5.67,UKP_0023,2,2016
2016-04-09 09:00:00+00:00,555.33,773.05,12.91,28.53,5.4,UKP_0023,2,2016
2016-04-09 10:00:00+00:00,372.88,561.25,12.07,29.98,5.08,UKP_0023,2,2016
2016-04-09 11:00:00+00:00,198.55,318.4,10.83,32.65,4.63,UKP_0023,2,2016
2016-04-09 12:00:00+00:00,49.55,81.97,8.38,50.44,2.89,UKP_0023,2,2016
2016-04-09 13:00:00+00:00,0.0,0.0,6.69,59.85,2.12,UKP_0023,2,2016
2016-04-09 14:00:00+00:00,0.0,0.0,6.7,54.82,1.54,UKP_0023,2,2016
2016-04-09 15:00:00+00:00,0.0,0.0,6.73,49.25,1.12,UKP_0023,2,2016
2016-04-09 16:00:00+00:00,0.0,0.0,6.44,50.95,0.95,UKP_0023,2,2016
2016-04-09 17:00:00+00:00,0.0,0.0,6.17,52.51,0.77,UKP_0023,2,2016
2016-04-09 18:00:00+00:00,0.0,0.0,5.55,53.06,0.21,UKP_0023,2,2016
2016-04-09 19:00:00+00:00,0.0,0.0,4.75,56.33,0.41,UKP_0023,2,2016
2016-04-09 20:00:00+00:00,0.0,0.0,4.14,57.92,0.68,UKP_0023,2,2016
2016-04-09 21:00:00+00:00,0.0,0.0,3.59,60.46,1.09,UKP_0023,2,2016
2016-04-09 22:00:00+00:00,0.0,0.0,3.08,59.7,1.51,UKP_0023,2,2016
2016-04-09 23:00:00+00:00,0.0,0.0,2.61,58.39,1.72,UKP_0023,2,2016
2016-04-10 00:00:00+00:00,13.85,19.35,2.43,58.25,1.85,UKP_0023,2,2016
2016-04-10 01:00:00+00:00,126.9,214.32,5.53,52.82,1.5,UKP_0023,2,2016
2016-04-10 02:00:00+00:00,244.7,459.33,9.04,32.29,1.24,UKP_0023,2,2016
2016-04-10 03:00:00+00:00,419.08,686.65,11.09,30.71,2.44,UKP_0023,2,2016
2016-04-10 04:00:00+00:00,656.45,874.62,12.66,29.69,3.81,UKP_0023,2,2016
2016-04-10 05:00:00+00:00,629.3,989.78,13.85,29.02,4.78,UKP_0023,2,2016
2016-04-10 06:00:00+00:00,745.92,1032.6,14.58,29.01,5.58,UKP_0023,2,2016
2016-04-10 07:00:00+00:00,625.85,1001.12,14.53,30.65,6.29,UKP_0023,2,2016
2016-04-10 08:00:00+00:00,535.17,917.25,14.08,33.41,6.5,UKP_0023,2,2016
2016-04-10 09:00:00+00:00,426.08,758.25,13.25,36.49,6.39,UKP_0023,2,2016
2016-04-10 10:00:00+00:00,228.88,546.9,12.05,40.65,5.92,UKP_0023,2,2016
2016-04-10 11:00:00+00:00,163.48,305.62,10.71,45.48,5.15,UKP_0023,2,2016
2016-04-10 12:00:00+00:00,40.2,75.57,8.89,56.02,3.42,UKP_0023,2,2016
2016-04-10 13:00:00+00:00,0.0,0.0,7.13,69.93,2.34,UKP_0023,2,2016
2016-04-10 14:00:00+00:00,0.0,0.0,6.94,66.97,1.86,UKP_0023,2,2016
2016-04-10 15:00:00+00:00,0.0,0.0,6.83,61.51,1.19,UKP_0023,2,2016
2016-04-10 16:00:00+00:00,0.0,0.0,5.99,65.9,0.25,UKP_0023,2,2016
2016-04-10 17:00:00+00:00,0.0,0.0,5.04,70.25,0.45,UKP_0023,2,2016
2016-04-10 18:00:00+00:00,0.0,0.0,4.09,72.03,0.8,UKP_0023,2,2016
2016-04-10 19:00:00+00:00,0.0,0.0,3.48,71.58,0.96,UKP_0023,2,2016
2016-04-10 20:00:00+00:00,0.0,0.0,2.98,70.56,1.09,UKP_0023,2,2016
2016-04-10 21:00:00+00:00,0.0,0.0,2.63,69.28,1.22,UKP_0023,2,2016
2016-04-10 22:00:00+00:00,0.0,0.0,2.36,67.52,1.34,UKP_0023,2,2016
2016-04-10 23:00:00+00:00,0.0,0.0,2.28,64.19,1.51,UKP_0023,2,2016
2016-04-11 00:00:00+00:00,15.77,19.52,2.43,61.39,1.67,UKP_0023,2,2016
2016-04-11 01:00:00+00:00,120.35,208.23,5.7,55.42,1.19,UKP_0023,2,2016
2016-04-11 02:00:00+00:00,213.07,451.27,9.16,38.17,1.17,UKP_0023,2,2016
2016-04-11 03:00:00+00:00,365.8,680.8,11.11,34.7,3.13,UKP_0023,2,2016
2016-04-11 04:00:00+00:00,519.92,864.83,12.63,32.39,4.14,UKP_0023,2,2016
2016-04-11 05:00:00+00:00,599.03,986.2,13.69,30.79,4.93,UKP_0023,2,2016
2016-04-11 06:00:00+00:00,733.25,1046.07,14.36,30.08,5.6,UKP_0023,2,2016
2016-04-11 07:00:00+00:00,706.65,1028.75,14.64,30.25,6.31,UKP_0023,2,2016
2016-04-11 08:00:00+00:00,585.58,936.25,14.43,31.59,6.88,UKP_0023,2,2016
2016-04-11 09:00:00+00:00,448.23,779.83,13.65,33.99,6.87,UKP_0023,2,2016
2016-04-11 10:00:00+00:00,283.83,571.33,12.53,37.18,6.38,UKP_0023,2,2016
2016-04-11 11:00:00+00:00,147.2,328.6,10.97,42.41,5.49,UKP_0023,2,2016
2016-04-11 12:00:00+00:00,41.72,87.8,8.71,53.14,3.63,UKP_0023,2,2016
2016-04-11 13:00:00+00:00,0.0,0.0,6.09,71.2,2.19,UKP_0023,2,2016
2016-04-11 14:00:00+00:00,0.0,0.0,5.73,71.21,1.68,UKP_0023,2,2016
2016-04-11 15:00:00+00:00,0.0,0.0,5.54,71.69,1.07,UKP_0023,2,2016
2016-04-11 16:00:00+00:00,0.0,0.0,5.15,73.41,0.33,UKP_0023,2,2016
2016-04-11 17:00:00+00:00,0.0,0.0,4.02,77.5,0.42,UKP_0023,2,2016
2016-04-11 18:00:00+00:00,0.0,0.0,3.09,79.48,0.88,UKP_0023,2,2016
2016-04-11 19:00:00+00:00,0.0,0.0,2.28,79.79,1.1,UKP_0023,2,2016
2016-04-11 20:00:00+00:00,0.0,0.0,1.79,77.27,1.29,UKP_0023,2,2016
2016-04-11 21:00:00+00:00,0.0,0.0,1.51,72.89,1.62,UKP_0023,2,2016
2016-04-11 22:00:00+00:00,0.0,0.0,0.88,69.72,2.07,UKP_0023,2,2016
2016-04-11 23:00:00+00:00,0.0,0.0,0.05,66.37,2.47,UKP_0023,2,2016
2016-04-12 00:00:00+00:00,18.7,26.17,-0.32,62.78,2.7,UKP_0023,2,2016
2016-04-12 01:00:00+00:00,229.35,242.82,3.63,46.04,2.91,UKP_0023,2,2016
2016-04-12 02:00:00+00:00,419.8,495.67,8.12,27.34,1.77,UKP_0023,2,2016
2016-04-12 03:00:00+00:00,635.22,723.05,11.89,20.92,2.17,UKP_0023,2,2016
2016-04-12 04:00:00+00:00,860.62,906.85,13.85,19.74,3.86,UKP_0023,2,2016
2016-04-12 05:00:00+00:00,897.22,1038.65,15.2,20.16,5.0,UKP_0023,2,2016
2016-04-12 06:00:00+00:00,1028.25,1084.68,15.99,21.43,5.97,UKP_0023,2,2016
2016-04-12 07:00:00+00:00,906.8,1064.68,16.14,23.59,6.49,UKP_0023,2,2016
2016-04-12 08:00:00+00:00,772.8,957.65,15.88,25.71,6.55,UKP_0023,2,2016
2016-04-12 09:00:00+00:00,557.88,796.75,15.15,27.9,6.27,UKP_0023,2,2016
2016-04-12 10:00:00+00:00,400.48,582.38,14.0,30.74,5.7,UKP_0023,2,2016
2016-04-12 11:00:00+00:00,223.3,338.05,12.5,34.91,4.92,UKP_0023,2,2016
2016-04-12 12:00:00+00:00,68.6,95.97,10.16,43.93,3.36,UKP_0023,2,2016
2016-04-12 13:00:00+00:00,0.0,0.0,7.05,62.02,2.14,UKP_0023,2,2016
2016-04-12 14:00:00+00:00,0.0,0.0,6.82,61.25,1.51,UKP_0023,2,2016
2016-04-12 15:00:00+00:00,0.0,0.0,6.56,59.99,1.04,UKP_0023,2,2016
2016-04-12 16:00:00+00:00,0.0,0.0,6.31,61.04,0.43,UKP_0023,2,2016
2016-04-12 17:00:00+00:00,0.0,0.0,5.61,63.08,0.23,UKP_0023,2,2016
2016-04-12 18:00:00+00:00,0.0,0.0,4.83,65.79,0.46,UKP_0023,2,2016
2016-04-12 19:00:00+00:00,0.0,0.0,4.26,67.49,0.73,UKP_0023,2,2016
2016-04-12 20:00:00+00:00,0.0,0.0,3.84,68.49,0.93,UKP_0023,2,2016
2016-04-12 21:00:00+00:00,0.0,0.0,3.25,70.21,1.3,UKP_0023,2,2016
2016-04-12 22:00:00+00:00,0.0,0.0,2.51,71.99,1.7,UKP_0023,2,2016
2016-04-12 23:00:00+00:00,0.0,0.0,1.86,73.17,2.03,UKP_0023,2,2016
2016-04-13 00:00:00+00:00,22.38,32.65,1.53,72.96,2.29,UKP_0023,2,2016
2016-04-13 01:00:00+00:00,228.95,260.08,5.32,55.33,2.49,UKP_0023,2,2016
2016-04-13 02:00:00+00:00,415.25,514.95,9.67,31.36,1.15,UKP_0023,2,2016
2016-04-13 03:00:00+00:00,634.03,743.65,12.76,21.08,2.96,UKP_0023,2,2016
2016-04-13 04:00:00+00:00,825.53,925.72,14.4,19.64,4.69,UKP_0023,2,2016
2016-04-13 05:00:00+00:00,998.92,1049.6,15.56,20.18,5.92,UKP_0023,2,2016
2016-04-13 06:00:00+00:00,926.7,1086.43,16.15,21.68,6.76,UKP_0023,2,2016
2016-04-13 07:00:00+00:00,761.03,1058.3,16.27,23.54,7.24,UKP_0023,2,2016
2016-04-13 08:00:00+00:00,693.08,961.17,15.92,26.02,7.77,UKP_0023,2,2016
2016-04-13 09:00:00+00:00,559.78,797.15,14.89,29.89,7.67,UKP_0023,2,2016
2016-04-13 10:00:00+00:00,308.33,583.78,13.69,33.99,7.01,UKP_0023,2,2016
2016-04-13 11:00:00+00:00,168.95,333.77,12.41,37.73,6.29,UKP_0023,2,2016
2016-04-13 12:00:00+00:00,43.75,98.88,10.43,44.61,4.31,UKP_0023,2,2016
2016-04-13 13:00:00+00:00,0.0,0.0,7.51,59.29,2.44,UKP_0023,2,2016
2016-04-13 14:00:00+00:00,0.0,0.0,7.06,60.18,1.93,UKP_0023,2,2016
2016-04-13 15:00:00+00:00,0.0,0.0,7.11,57.79,1.34,UKP_0023,2,2016
2016-04-13 16:00:00+00:00,0.0,0.0,6.86,57.8,0.69,UKP_0023,2,2016
2016-04-13 17:00:00+00:00,0.0,0.0,6.0,60.61,0.55,UKP_0023,2,2016
2016-04-13 18:00:00+00:00,0.0,0.0,5.01,63.12,0.85,UKP_0023,2,2016
2016-04-13 19:00:00+00:00,0.0,0.0,4.5,63.93,1.08,UKP_0023,2,2016
2016-04-13 20:00:00+00:00,0.0,0.0,4.0,64.82,1.21,UKP_0023,2,2016
2016-04-13 21:00:00+00:00,0.0,0.0,3.49,65.76,1.37,UKP_0023,2,2016
2016-04-13 22:00:00+00:00,0.0,0.0,3.0,66.9,1.59,UKP_0023,2,2016
2016-04-13 23:00:00+00:00,0.0,0.0,2.49,67.86,1.84,UKP_0023,2,2016
2016-04-14 00:00:00+00:00,23.02,31.08,2.31,67.84,2.02,UKP_0023,2,2016
2016-04-14 01:00:00+00:00,222.15,254.32,5.88,54.14,2.03,UKP_0023,2,2016
2016-04-14 02:00:00+00:00,393.27,505.02,9.51,39.2,0.85,UKP_0023,2,2016
2016-04-14 03:00:00+00:00,596.22,732.55,12.08,30.92,1.78,UKP_0023,2,2016
2016-04-14 04:00:00+00:00,782.45,912.1,14.02,26.97,3.24,UKP_0023,2,2016
2016-04-14 05:00:00+00:00,848.78,1031.45,15.49,25.61,4.63,UKP_0023,2,2016
2016-04-14 06:00:00+00:00,1015.0,1075.43,16.4,25.42,5.93,UKP_0023,2,2016
2016-04-14 07:00:00+00:00,897.85,1049.25,16.51,26.79,6.7,UKP_0023,2,2016
2016-04-14 08:00:00+00:00,743.8,951.2,16.1,28.84,6.96,UKP_0023,2,2016
2016-04-14 09:00:00+00:00,656.83,792.28,14.99,32.8,6.75,UKP_0023,2,2016
2016-04-14 10:00:00+00:00,424.92,578.1,13.83,35.86,5.94,UKP_0023,2,2016
2016-04-14 11:00:00+00:00,239.7,342.52,12.76,37.78,4.84,UKP_0023,2,2016
2016-04-14 12:00:00+00:00,73.9,101.78,10.97,44.16,2.85,UKP_0023,2,2016
2016-04-14 13:00:00+00:00,0.0,0.0,8.53,55.96,1.47,UKP_0023,2,2016
2016-04-14 14:00:00+00:00,0.0,0.0,8.24,54.74,0.59,UKP_0023,2,2016
2016-04-14 15:00:00+00:00,0.0,0.0,8.06,53.89,0.28,UKP_0023,2,2016
2016-04-14 16:00:00+00:00,0.0,0.0,7.06,56.94,1.06,UKP_0023,2,2016
2016-04-14 17:00:00+00:00,0.0,0.0,6.24,60.13,1.53,UKP_0023,2,2016
2016-04-14 18:00:00+00:00,0.0,0.0,5.63,61.97,1.8,UKP_0023,2,2016
2016-04-14 19:00:00+00:00,0.0,0.0,5.11,62.7,2.01,UKP_0023,2,2016
2016-04-14 20:00:00+00:00,0.0,0.0,4.68,62.47,2.19,UKP_0023,2,2016
2016-04-14 21:00:00+00:00,0.0,0.0,4.5,60.19,2.24,UKP_0023,2,2016
2016-04-14 22:00:00+00:00,0.0,0.0,4.48,56.29,2.22,UKP_0023,2,2016
2016-04-14 23:00:00+00:00,0.0,0.0,4.27,52.43,2.29,UKP_0023,2,2016
2016-04-15 00:00:00+00:00,22.3,33.55,4.33,49.14,2.33,UKP_0023,2,2016
2016-04-15 01:00:00+00:00,226.4,260.73,7.78,42.86,2.24,UKP_0023,2,2016
2016-04-15 02:00:00+00:00,385.62,508.6,12.16,24.24,0.88,UKP_0023,2,2016
2016-04-15 03:00:00+00:00,586.3,732.0,14.88,18.86,1.46,UKP_0023,2,2016
2016-04-15 04:00:00+00:00,759.95,904.2,16.76,17.78,3.21,UKP_0023,2,2016
2016-04-15 05:00:00+00:00,945.15,1031.0,18.04,18.3,4.54,UKP_0023,2,2016
2016-04-15 06:00:00+00:00,812.42,1062.55,18.77,18.98,5.6,UKP_0023,2,2016
2016-04-15 07:00:00+00:00,966.17,1048.65,18.93,20.27,6.2,UKP_0023,2,2016
2016-04-15 08:00:00+00:00,796.58,950.47,18.65,21.66,6.37,UKP_0023,2,2016
2016-04-15 09:00:00+00:00,705.22,791.33,17.83,23.12,6.22,UKP_0023,2,2016
2016-04-15 10:00:00+00:00,367.23,573.7,15.79,26.13,5.52,UKP_0023,2,2016
2016-04-15 11:00:00+00:00,195.18,333.2,14.03,29.13,4.27,UKP_0023,2,2016
2016-04-15 12:00:00+00:00,65.65,96.35,12.15,38.94,2.37,UKP_0023,2,2016
2016-04-15 13:00:00+00:00,0.0,0.0,10.38,44.33,1.43,UKP_0023,2,2016
2016-04-15 14:00:00+00:00,0.0,0.0,10.22,40.69,0.55,UKP_0023,2,2016
2016-04-15 15:00:00+00:00,0.0,0.0,9.63,41.8,0.19,UKP_0023,2,2016
2016-04-15 16:00:00+00:00,0.0,0.0,9.11,42.24,0.37,UKP_0023,2,2016
2016-04-15 17:00:00+00:00,0.0,0.0,8.71,43.1,0.23,UKP_0023,2,2016
2016-04-15 18:00:00+00:00,0.0,0.0,8.18,43.83,0.26,UKP_0023,2,2016
2016-04-15 19:00:00+00:00,0.0,0.0,7.66,44.11,0.4,UKP_0023,2,2016
2016-04-15 20:00:00+00:00,0.0,0.0,6.88,46.18,0.86,UKP_0023,2,2016
2016-04-15 21:00:00+00:00,0.0,0.0,5.98,49.34,1.35,UKP_0023,2,2016
2016-04-15 22:00:00+00:00,0.0,0.0,5.63,50.65,1.55,UKP_0023,2,2016
2016-04-15 23:00:00+00:00,0.0,0.0,5.68,50.35,1.63,UKP_0023,2,2016
2016-04-16 00:00:00+00:00,25.55,30.0,5.72,50.84,1.7,UKP_0023,2,2016
2016-04-16 01:00:00+00:00,223.5,241.45,7.99,49.88,1.41,UKP_0023,2,2016
2016-04-16 02:00:00+00:00,409.05,485.92,11.29,32.79,0.51,UKP_0023,2,2016
2016-04-16 03:00:00+00:00,681.38,712.62,13.59,28.71,2.42,UKP_0023,2,2016
2016-04-16 04:00:00+00:00,780.88,886.42,15.07,27.93,3.93,UKP_0023,2,2016
2016-04-16 05:00:00+00:00,955.85,1007.42,16.3,27.75,4.84,UKP_0023,2,2016
2016-04-16 06:00:00+00:00,960.08,1036.8,17.58,27.36,5.52,UKP_0023,2,2016
2016-04-16 07:00:00+00:00,893.05,1016.53,18.47,27.33,5.97,UKP_0023,2,2016
2016-04-16 08:00:00+00:00,778.67,922.97,18.65,28.14,6.43,UKP_0023,2,2016
2016-04-16 09:00:00+00:00,629.7,765.97,18.07,30.03,6.68,UKP_0023,2,2016
2016-04-16 10:00:00+00:00,490.7,561.45,16.85,33.47,6.52,UKP_0023,2,2016
2016-04-16 11:00:00+00:00,257.58,324.45,15.33,38.09,5.57,UKP_0023,2,2016
2016-04-16 12:00:00+00:00,77.1,93.9,13.39,44.94,3.51,UKP_0023,2,2016
2016-04-16 13:00:00+00:00,0.0,0.0,10.49,58.31,1.75,UKP_0023,2,2016
2016-04-16 14:00:00+00:00,0.0,0.0,10.19,59.25,1.2,UKP_0023,2,2016
2016-04-16 15:00:00+00:00,0.0,0.0,10.3,58.05,0.6,UKP_0023,2,2016
2016-04-16 16:00:00+00:00,0.0,0.0,10.08,59.38,0.08,UKP_0023,2,2016
2016-04-16 17:00:00+00:00,0.0,0.0,8.94,62.35,0.83,UKP_0023,2,2016
2016-04-16 18:00:00+00:00,0.0,0.0,8.1,64.65,1.11,UKP_0023,2,2016
2016-04-16 19:00:00+00:00,0.0,0.0,7.66,66.58,1.26,UKP_0023,2,2016
2016-04-16 20:00:00+00:00,0.0,0.0,7.43,67.71,1.28,UKP_0023,2,2016
2016-04-16 21:00:00+00:00,0.0,0.0,7.31,68.03,1.17,UKP_0023,2,2016
2016-04-16 22:00:00+00:00,0.0,0.0,7.19,68.14,1.08,UKP_0023,2,2016
2016-04-16 23:00:00+00:00,0.0,0.0,6.84,69.25,1.02,UKP_0023,2,2016
2016-04-17 00:00:00+00:00,20.45,30.48,6.61,69.82,1.13,UKP_0023,2,2016
2016-04-17 01:00:00+00:00,193.32,238.73,9.53,57.57,1.08,UKP_0023,2,2016
2016-04-17 02:00:00+00:00,339.25,481.83,12.42,46.3,2.03,UKP_0023,2,2016
2016-04-17 03:00:00+00:00,544.3,707.0,14.3,40.78,3.21,UKP_0023,2,2016
2016-04-17 04:00:00+00:00,756.9,891.1,15.9,37.29,4.04,UKP_0023,2,2016
2016-04-17 05:00:00+00:00,720.97,1007.08,17.05,35.12,4.84,UKP_0023,2,2016
2016-04-17 06:00:00+00:00,752.47,1041.43,17.76,34.06,5.54,UKP_0023,2,2016
2016-04-17 07:00:00+00:00,684.97,1012.95,17.98,34.33,5.94,UKP_0023,2,2016
2016-04-17 08:00:00+00:00,555.08,908.15,17.86,34.62,6.21,UKP_0023,2,2016
2016-04-17 09:00:00+00:00,505.38,764.72,17.35,35.62,6.61,UKP_0023,2,2016
2016-04-17 10:00:00+00:00,228.4,535.08,16.34,37.61,6.98,UKP_0023,2,2016
2016-04-17 11:00:00+00:00,128.25,303.73,14.77,41.92,6.59,UKP_0023,2,2016
2016-04-17 12:00:00+00:00,44.83,87.1,12.83,48.92,4.84,UKP_0023,2,2016
2016-04-17 13:00:00+00:00,0.0,0.0,10.62,59.87,2.96,UKP_0023,2,2016
2016-04-17 14:00:00+00:00,0.0,0.0,9.77,63.42,2.96,UKP_0023,2,2016
2016-04-17 15:00:00+00:00,0.0,0.0,9.19,65.13,2.83,UKP_0023,2,2016
2016-04-17 16:00:00+00:00,0.0,0.0,8.8,65.9,2.74,UKP_0023,2,2016
2016-04-17 17:00:00+00:00,0.0,0.0,8.55,66.02,2.63,UKP_0023,2,2016
2016-04-17 18:00:00+00:00,0.0,0.0,8.26,67.0,2.43,UKP_0023,2,2016
2016-04-17 19:00:00+00:00,0.0,0.0,8.02,69.1,2.39,UKP_0023,2,2016
2016-04-17 20:00:00+00:00,0.0,0.0,7.74,70.5,2.48,UKP_0023,2,2016
2016-04-17 21:00:00+00:00,0.0,0.0,7.33,72.58,2.44,UKP_0023,2,2016
2016-04-17 22:00:00+00:00,0.0,0.0,6.85,75.56,2.54,UKP_0023,2,2016
2016-04-17 23:00:00+00:00,0.0,0.0,6.57,77.39,2.52,UKP_0023,2,2016
2016-04-18 00:00:00+00:00,16.48,29.75,6.39,78.05,2.57,UKP_0023,2,2016
2016-04-18 01:00:00+00:00,124.72,221.73,8.57,71.8,2.88,UKP_0023,2,2016
2016-04-18 02:00:00+00:00,285.42,453.7,10.54,57.41,3.79,UKP_0023,2,2016
2016-04-18 03:00:00+00:00,445.6,666.92,12.21,47.96,4.08,UKP_0023,2,2016
2016-04-18 04:00:00+00:00,573.8,842.92,13.49,42.81,4.4,UKP_0023,2,2016
2016-04-18 05:00:00+00:00,567.2,945.2,14.27,40.97,4.68,UKP_0023,2,2016
2016-04-18 06:00:00+00:00,672.95,1042.1,14.7,40.76,4.98,UKP_0023,2,2016
2016-04-18 07:00:00+00:00,657.88,1016.88,14.83,41.39,5.16,UKP_0023,2,2016
2016-04-18 08:00:00+00:00,511.85,913.12,14.62,42.79,5.15,UKP_0023,2,2016
2016-04-18 09:00:00+00:00,478.67,759.97,14.23,43.99,4.98,UKP_0023,2,2016
2016-04-18 10:00:00+00:00,319.02,549.35,13.32,47.1,4.79,UKP_0023,2,2016
2016-04-18 11:00:00+00:00,198.02,307.05,12.23,52.0,4.41,UKP_0023,2,2016
2016-04-18 12:00:00+00:00,44.5,85.9,10.81,59.46,3.49,UKP_0023,2,2016
2016-04-18 13:00:00+00:00,0.0,0.0,9.32,73.06,2.07,UKP_0023,2,2016
2016-04-18 14:00:00+00:00,0.0,0.0,8.71,75.49,2.18,UKP_0023,2,2016
2016-04-18 15:00:00+00:00,0.0,0.0,8.37,75.27,2.15,UKP_0023,2,2016
2016-04-18 16:00:00+00:00,0.0,0.0,7.95,76.11,2.1,UKP_0023,2,2016
2016-04-18 17:00:00+00:00,0.0,0.0,7.66,76.03,1.96,UKP_0023,2,2016
2016-04-18 18:00:00+00:00,0.0,0.0,7.57,74.42,1.56,UKP_0023,2,2016
2016-04-18 19:00:00+00:00,0.0,0.0,7.45,73.46,0.98,UKP_0023,2,2016
2016-04-18 20:00:00+00:00,0.0,0.0,7.07,74.67,0.78,UKP_0023,2,2016
2016-04-18 21:00:00+00:00,0.0,0.0,6.71,75.26,0.51,UKP_0023,2,2016
2016-04-18 22:00:00+00:00,0.0,0.0,6.05,77.35,0.58,UKP_0023,2,2016
2016-04-18 23:00:00+00:00,0.0,0.0,5.57,77.8,0.86,UKP_0023,2,2016
2016-04-19 00:00:00+00:00,16.45,36.62,5.56,76.94,0.93,UKP_0023,2,2016
2016-04-19 01:00:00+00:00,131.35,252.5,7.77,68.47,0.71,UKP_0023,2,2016
2016-04-19 02:00:00+00:00,318.35,497.0,10.19,53.06,0.78,UKP_0023,2,2016
2016-04-19 03:00:00+00:00,510.5,718.6,12.13,44.85,2.45,UKP_0023,2,2016
2016-04-19 04:00:00+00:00,660.47,895.67,13.94,39.5,3.65,UKP_0023,2,2016
2016-04-19 05:00:00+00:00,705.22,1014.25,15.25,36.55,4.69,UKP_0023,2,2016
2016-04-19 06:00:00+00:00,813.8,1056.78,15.68,36.24,5.45,UKP_0023,2,2016
2016-04-19 07:00:00+00:00,825.85,1032.18,15.89,36.62,5.88,UKP_0023,2,2016
2016-04-19 08:00:00+00:00,650.45,925.05,15.78,37.49,6.03,UKP_0023,2,2016
2016-04-19 09:00:00+00:00,607.65,771.62,15.13,39.46,5.91,UKP_0023,2,2016
2016-04-19 10:00:00+00:00,436.15,557.28,14.09,42.82,5.37,UKP_0023,2,2016
2016-04-19 11:00:00+00:00,234.93,315.5,13.03,45.87,4.61,UKP_0023,2,2016
2016-04-19 12:00:00+00:00,62.28,89.03,11.53,51.54,3.33,UKP_0023,2,2016
2016-04-19 13:00:00+00:00,0.0,0.0,9.32,66.25,1.76,UKP_0023,2,2016
2016-04-19 14:00:00+00:00,0.0,0.0,8.95,66.89,1.32,UKP_0023,2,2016
2016-04-19 15:00:00+00:00,0.0,0.0,8.89,68.59,0.97,UKP_0023,2,2016
2016-04-19 16:00:00+00:00,0.0,0.0,8.44,69.53,0.76,UKP_0023,2,2016
2016-04-19 17:00:00+00:00,0.0,0.0,7.55,71.83,0.48,UKP_0023,2,2016
2016-04-19 18:00:00+00:00,0.0,0.0,6.83,73.38,0.96,UKP_0023,2,2016
2016-04-19 19:00:00+00:00,0.0,0.0,6.22,73.04,1.33,UKP_0023,2,2016
2016-04-19 20:00:00+00:00,0.0,0.0,5.73,72.34,1.57,UKP_0023,2,2016
2016-04-19 21:00:00+00:00,0.0,0.0,5.77,66.87,1.54,UKP_0023,2,2016
2016-04-19 22:00:00+00:00,0.0,0.0,6.19,57.14,1.36,UKP_0023,2,2016
2016-04-19 23:00:00+00:00,0.0,0.0,6.33,48.98,1.23,UKP_0023,2,2016
2016-04-20 00:00:00+00:00,30.55,35.75,6.55,45.37,1.15,UKP_0023,2,2016
2016-04-20 01:00:00+00:00,224.9,249.7,8.82,41.55,0.85,UKP_0023,2,2016
2016-04-20 02:00:00+00:00,395.5,494.3,11.49,28.89,1.59,UKP_0023,2,2016
2016-04-20 03:00:00+00:00,601.55,722.67,12.9,25.74,2.25,UKP_0023,2,2016
2016-04-20 04:00:00+00:00,818.88,897.9,14.62,23.22,3.11,UKP_0023,2,2016
2016-04-20 05:00:00+00:00,859.85,1025.4,16.04,21.44,4.07,UKP_0023,2,2016
2016-04-20 06:00:00+00:00,910.75,1075.0,17.11,21.11,4.6,UKP_0023,2,2016
2016-04-20 07:00:00+00:00,935.88,1053.57,17.83,21.48,5.17,UKP_0023,2,2016
2016-04-20 08:00:00+00:00,660.25,945.88,17.98,23.49,5.84,UKP_0023,2,2016
2016-04-20 09:00:00+00:00,669.8,791.7,17.45,26.91,6.2,UKP_0023,2,2016
2016-04-20 10:00:00+00:00,366.88,569.25,16.39,30.75,5.94,UKP_0023,2,2016
2016-04-20 11:00:00+00:00,196.0,329.9,14.89,34.97,5.15,UKP_0023,2,2016
2016-04-20 12:00:00+00:00,69.18,101.93,12.81,42.08,3.55,UKP_0023,2,2016
2016-04-20 13:00:00+00:00,0.0,0.0,9.71,58.95,2.1,UKP_0023,2,2016
2016-04-20 14:00:00+00:00,0.0,0.0,9.06,60.75,1.91,UKP_0023,2,2016
2016-04-20 15:00:00+00:00,0.0,0.0,8.89,60.68,1.52,UKP_0023,2,2016
2016-04-20 16:00:00+00:00,0.0,0.0,8.76,60.62,0.84,UKP_0023,2,2016
2016-04-20 17:00:00+00:00,0.0,0.0,8.26,62.89,0.27,UKP_0023,2,2016
2016-04-20 18:00:00+00:00,0.0,0.0,7.41,64.87,0.94,UKP_0023,2,2016
2016-04-20 19:00:00+00:00,0.0,0.0,6.86,65.84,1.25,UKP_0023,2,2016
2016-04-20 20:00:00+00:00,0.0,0.0,6.43,65.67,1.41,UKP_0023,2,2016
2016-04-20 21:00:00+00:00,0.0,0.0,6.04,64.8,1.55,UKP_0023,2,2016
2016-04-20 22:00:00+00:00,0.0,0.0,5.55,63.93,1.73,UKP_0023,2,2016
2016-04-20 23:00:00+00:00,0.0,0.0,5.11,62.22,1.91,UKP_0023,2,2016
2016-04-21 00:00:00+00:00,38.28,47.97,5.11,59.05,2.01,UKP_0023,2,2016
2016-04-21 01:00:00+00:00,268.5,283.08,8.77,46.54,1.73,UKP_0023,2,2016
2016-04-21 02:00:00+00:00,471.33,533.92,12.46,32.0,1.01,UKP_0023,2,2016
2016-04-21 03:00:00+00:00,675.45,759.8,14.75,24.58,3.33,UKP_0023,2,2016
2016-04-21 04:00:00+00:00,822.35,938.85,16.27,22.48,4.5,UKP_0023,2,2016
2016-04-21 05:00:00+00:00,889.65,1056.93,17.37,21.36,5.5,UKP_0023,2,2016
2016-04-21 06:00:00+00:00,1068.18,1094.1,18.03,20.64,6.17,UKP_0023,2,2016
2016-04-21 07:00:00+00:00,998.0,1076.93,18.28,20.25,6.61,UKP_0023,2,2016
2016-04-21 08:00:00+00:00,882.33,972.5,18.06,20.47,7.04,UKP_0023,2,2016
2016-04-21 09:00:00+00:00,706.03,817.78,17.28,21.66,7.03,UKP_0023,2,2016
2016-04-21 10:00:00+00:00,470.2,606.28,16.15,23.15,6.53,UKP_0023,2,2016
2016-04-21 11:00:00+00:00,268.02,362.65,14.65,25.16,5.74,UKP_0023,2,2016
2016-04-21 12:00:00+00:00,94.43,120.85,12.43,30.01,3.91,UKP_0023,2,2016
2016-04-21 13:00:00+00:00,0.0,0.0,9.14,43.82,2.19,UKP_0023,2,2016
2016-04-21 14:00:00+00:00,0.0,0.0,9.05,40.82,1.4,UKP_0023,2,2016
2016-04-21 15:00:00+00:00,0.0,0.0,8.92,39.44,0.6,UKP_0023,2,2016
2016-04-21 16:00:00+00:00,0.0,0.0,8.14,40.55,0.28,UKP_0023,2,2016
2016-04-21 17:00:00+00:00,0.0,0.0,7.76,40.96,0.38,UKP_0023,2,2016
2016-04-21 18:00:00+00:00,0.0,0.0,7.29,40.53,0.4,UKP_0023,2,2016
2016-04-21 19:00:00+00:00,0.0,0.0,6.81,40.95,0.34,UKP_0023,2,2016
2016-04-21 20:00:00+00:00,0.0,0.0,6.58,41.0,0.08,UKP_0023,2,2016
2016-04-21 21:00:00+00:00,0.0,0.0,6.27,41.98,0.19,UKP_0023,2,2016
2016-04-21 22:00:00+00:00,0.0,0.0,6.02,42.58,0.2,UKP_0023,2,2016
2016-04-21 23:00:00+00:00,0.0,0.0,5.77,42.72,0.29,UKP_0023,2,2016
2016-04-22 00:00:00+00:00,24.73,42.12,5.85,42.38,0.38,UKP_0023,2,2016
2016-04-22 01:00:00+00:00,94.93,263.95,8.28,39.26,0.67,UKP_0023,2,2016
2016-04-22 02:00:00+00:00,158.6,504.5,10.63,31.45,2.77,UKP_0023,2,2016
2016-04-22 03:00:00+00:00,374.8,733.28,12.34,29.58,4.11,UKP_0023,2,2016
2016-04-22 04:00:00+00:00,403.98,909.12,13.73,29.57,5.09,UKP_0023,2,2016
2016-04-22 05:00:00+00:00,521.42,1024.85,14.78,29.68,6.01,UKP_0023,2,2016
2016-04-22 06:00:00+00:00,675.83,1065.75,15.48,30.2,6.97,UKP_0023,2,2016
2016-04-22 07:00:00+00:00,535.35,1031.65,15.65,31.37,7.96,UKP_0023,2,2016
2016-04-22 08:00:00+00:00,576.38,946.92,15.38,32.85,8.64,UKP_0023,2,2016
2016-04-22 09:00:00+00:00,382.3,777.35,14.7,34.63,8.94,UKP_0023,2,2016
2016-04-22 10:00:00+00:00,292.9,576.08,13.69,36.6,8.71,UKP_0023,2,2016
2016-04-22 11:00:00+00:00,136.95,334.1,12.27,39.45,7.86,UKP_0023,2,2016
2016-04-22 12:00:00+00:00,25.55,101.55,10.42,45.48,6.28,UKP_0023,2,2016
2016-04-22 13:00:00+00:00,0.0,0.0,8.12,58.97,3.75,UKP_0023,2,2016
2016-04-22 14:00:00+00:00,0.0,0.0,7.36,65.68,4.06,UKP_0023,2,2016
2016-04-22 15:00:00+00:00,0.0,0.0,6.66,71.1,4.25,UKP_0023,2,2016
2016-04-22 16:00:00+00:00,0.0,0.0,6.22,74.27,4.43,UKP_0023,2,2016
2016-04-22 17:00:00+00:00,0.0,0.0,5.77,77.34,4.16,UKP_0023,2,2016
2016-04-22 18:00:00+00:00,0.0,0.0,5.46,80.84,3.54,UKP_0023,2,2016
2016-04-22 19:00:00+00:00,0.0,0.0,5.06,83.84,3.26,UKP_0023,2,2016
2016-04-22 20:00:00+00:00,0.0,0.0,4.59,85.02,2.69,UKP_0023,2,2016
2016-04-22 21:00:00+00:00,0.0,0.0,3.63,89.66,1.78,UKP_0023,2,2016
2016-04-22 22:00:00+00:00,0.0,0.0,2.5,94.82,0.63,UKP_0023,2,2016
2016-04-22 23:00:00+00:00,0.0,0.0,1.88,95.29,0.2,UKP_0023,2,2016
2016-04-23 00:00:00+00:00,29.3,43.5,1.72,92.41,0.69,UKP_0023,2,2016
2016-04-23 01:00:00+00:00,193.9,263.33,4.57,71.88,0.22,UKP_0023,2,2016
2016-04-23 02:00:00+00:00,326.77,504.0,7.26,52.49,1.95,UKP_0023,2,2016
2016-04-23 03:00:00+00:00,522.17,734.67,9.18,41.3,3.04,UKP_0023,2,2016
2016-04-23 04:00:00+00:00,637.92,918.25,10.71,35.64,4.04,UKP_0023,2,2016
2016-04-23 05:00:00+00:00,736.42,1039.85,11.92,32.72,5.2,UKP_0023,2,2016
2016-04-23 06:00:00+00:00,810.3,1087.03,12.78,31.05,6.36,UKP_0023,2,2016
2016-04-23 07:00:00+00:00,679.35,1066.55,13.08,30.72,7.29,UKP_0023,2,2016
2016-04-23 08:00:00+00:00,698.92,979.92,12.99,30.73,8.01,UKP_0023,2,2016
2016-04-23 09:00:00+00:00,544.4,822.15,12.52,30.67,8.33,UKP_0023,2,2016
2016-04-23 10:00:00+00:00,356.45,612.47,11.47,32.13,7.76,UKP_0023,2,2016
2016-04-23 11:00:00+00:00,199.05,370.42,10.11,34.82,6.69,UKP_0023,2,2016
2016-04-23 12:00:00+00:00,56.85,127.3,8.32,39.0,5.04,UKP_0023,2,2016
2016-04-23 13:00:00+00:00,0.0,0.0,5.31,56.22,2.83,UKP_0023,2,2016
2016-04-23 14:00:00+00:00,0.0,0.0,4.42,58.82,2.42,UKP_0023,2,2016
2016-04-23 15:00:00+00:00,0.0,0.0,4.29,54.7,2.09,UKP_0023,2,2016
2016-04-23 16:00:00+00:00,0.0,0.0,4.11,51.19,1.82,UKP_0023,2,2016
2016-04-23 17:00:00+00:00,0.0,0.0,3.61,50.2,1.53,UKP_0023,2,2016
2016-04-23 18:00:00+00:00,0.0,0.0,3.18,48.55,1.32,UKP_0023,2,2016
2016-04-23 19:00:00+00:00,0.0,0.0,2.98,48.2,1.25,UKP_0023,2,2016
2016-04-23 20:00:00+00:00,0.0,0.0,2.87,47.52,1.1,UKP_0023,2,2016
2016-04-23 21:00:00+00:00,0.0,0.0,2.6,47.35,0.63,UKP_0023,2,2016
2016-04-23 22:00:00+00:00,0.0,0.0,2.19,47.34,0.24,UKP_0023,2,2016
2016-04-23 23:00:00+00:00,0.0,0.0,1.33,49.18,0.51,UKP_0023,2,2016
2016-04-24 00:00:00+00:00,38.0,59.12,1.27,49.23,0.67,UKP_0023,2,2016
2016-04-24 01:00:00+00:00,243.35,301.55,4.01,41.08,0.24,UKP_0023,2,2016
2016-04-24 02:00:00+00:00,464.12,555.0,6.52,23.02,2.5,UKP_0023,2,2016
2016-04-24 03:00:00+00:00,632.08,779.85,8.36,19.6,3.62,UKP_0023,2,2016
2016-04-24 04:00:00+00:00,677.25,954.88,10.04,18.41,4.5,UKP_0023,2,2016
2016-04-24 05:00:00+00:00,853.28,1074.32,11.39,18.07,5.29,UKP_0023,2,2016
2016-04-24 06:00:00+00:00,780.42,1105.07,12.38,18.55,5.89,UKP_0023,2,2016
2016-04-24 07:00:00+00:00,760.53,1081.15,13.02,19.05,6.27,UKP_0023,2,2016
2016-04-24 08:00:00+00:00,679.75,985.08,13.24,19.8,6.45,UKP_0023,2,2016
2016-04-24 09:00:00+00:00,561.55,824.7,13.01,20.61,6.23,UKP_0023,2,2016
2016-04-24 10:00:00+00:00,423.48,614.05,12.3,21.82,5.8,UKP_0023,2,2016
2016-04-24 11:00:00+00:00,222.68,371.27,11.15,23.72,5.11,UKP_0023,2,2016
2016-04-24 12:00:00+00:00,83.25,129.98,9.26,28.36,3.65,UKP_0023,2,2016
2016-04-24 13:00:00+00:00,0.0,0.0,5.87,45.63,2.27,UKP_0023,2,2016
2016-04-24 14:00:00+00:00,0.0,0.0,5.56,43.1,1.6,UKP_0023,2,2016
2016-04-24 15:00:00+00:00,0.0,0.0,5.65,39.57,0.82,UKP_0023,2,2016
2016-04-24 16:00:00+00:00,0.0,0.0,5.16,38.04,0.22,UKP_0023,2,2016
2016-04-24 17:00:00+00:00,0.0,0.0,3.94,42.95,0.73,UKP_0023,2,2016
2016-04-24 18:00:00+00:00,0.0,0.0,3.52,44.22,1.03,UKP_0023,2,2016
2016-04-24 19:00:00+00:00,0.0,0.0,3.11,45.5,1.23,UKP_0023,2,2016
2016-04-24 20:00:00+00:00,0.0,0.0,2.68,46.88,1.41,UKP_0023,2,2016
2016-04-24 21:00:00+00:00,0.0,0.0,2.21,48.15,1.62,UKP_0023,2,2016
2016-04-24 22:00:00+00:00,0.0,0.0,1.75,49.6,1.78,UKP_0023,2,2016
2016-04-24 23:00:00+00:00,0.0,0.0,1.32,51.52,1.98,UKP_0023,2,2016
2016-04-25 00:00:00+00:00,40.78,62.03,1.26,53.77,2.21,UKP_0023,2,2016
2016-04-25 01:00:00+00:00,259.48,306.42,5.24,40.85,2.22,UKP_0023,2,2016
2016-04-25 02:00:00+00:00,433.02,558.12,9.05,25.08,0.68,UKP_0023,2,2016
2016-04-25 03:00:00+00:00,648.17,783.4,11.62,18.11,2.73,UKP_0023,2,2016
2016-04-25 04:00:00+00:00,782.7,957.72,13.37,15.78,4.07,UKP_0023,2,2016
2016-04-25 05:00:00+00:00,914.9,1079.0,14.66,14.58,4.86,UKP_0023,2,2016
2016-04-25 06:00:00+00:00,1034.1,1118.3,15.06,14.34,5.29,UKP_0023,2,2016
2016-04-25 07:00:00+00:00,840.22,1083.55,15.44,14.12,5.59,UKP_0023,2,2016
2016-04-25 08:00:00+00:00,722.12,980.53,15.6,14.15,5.89,UKP_0023,2,2016
2016-04-25 09:00:00+00:00,709.47,823.78,15.31,14.54,6.21,UKP_0023,2,2016
2016-04-25 10:00:00+00:00,505.02,609.97,13.47,16.6,5.73,UKP_0023,2,2016
2016-04-25 11:00:00+00:00,223.25,360.58,12.27,18.44,4.75,UKP_0023,2,2016
2016-04-25 12:00:00+00:00,87.2,121.25,10.47,24.33,3.23,UKP_0023,2,2016
2016-04-25 13:00:00+00:00,0.0,0.0,7.43,38.15,2.22,UKP_0023,2,2016
2016-04-25 14:00:00+00:00,0.0,0.0,7.04,34.66,1.67,UKP_0023,2,2016
2016-04-25 15:00:00+00:00,0.0,0.0,7.13,32.25,1.04,UKP_0023,2,2016
2016-04-25 16:00:00+00:00,0.0,0.0,6.93,30.91,0.52,UKP_0023,2,2016
2016-04-25 17:00:00+00:00,0.0,0.0,5.82,33.49,0.11,UKP_0023,2,2016
2016-04-25 18:00:00+00:00,0.0,0.0,5.08,33.97,0.38,UKP_0023,2,2016
2016-04-25 19:00:00+00:00,0.0,0.0,4.33,35.38,0.9,UKP_0023,2,2016
2016-04-25 20:00:00+00:00,0.0,0.0,3.52,36.87,1.27,UKP_0023,2,2016
2016-04-25 21:00:00+00:00,0.0,0.0,2.68,38.37,1.53,UKP_0023,2,2016
2016-04-25 22:00:00+00:00,0.0,0.0,1.98,39.37,1.85,UKP_0023,2,2016
2016-04-25 23:00:00+00:00,0.0,0.0,1.49,39.64,2.02,UKP_0023,2,2016
2016-04-26 00:00:00+00:00,44.65,59.35,1.8,38.95,2.05,UKP_0023,2,2016
2016-04-26 01:00:00+00:00,232.23,294.12,6.12,28.52,1.66,UKP_0023,2,2016
2016-04-26 02:00:00+00:00,450.83,543.08,9.75,15.49,0.55,UKP_0023,2,2016
2016-04-26 03:00:00+00:00,669.42,766.6,11.92,13.33,2.66,UKP_0023,2,2016
2016-04-26 04:00:00+00:00,878.5,945.08,13.74,12.84,3.79,UKP_0023,2,2016
2016-04-26 05:00:00+00:00,915.8,1060.85,15.1,12.41,4.7,UKP_0023,2,2016
2016-04-26 06:00:00+00:00,971.7,1098.1,15.98,12.35,5.39,UKP_0023,2,2016
2016-04-26 07:00:00+00:00,936.85,1075.0,16.41,12.49,5.87,UKP_0023,2,2016
2016-04-26 08:00:00+00:00,673.75,972.53,16.37,13.06,6.23,UKP_0023,2,2016
2016-04-26 09:00:00+00:00,582.35,815.6,15.82,14.2,6.32,UKP_0023,2,2016
2016-04-26 10:00:00+00:00,380.27,607.47,14.88,15.75,6.05,UKP_0023,2,2016
2016-04-26 11:00:00+00:00,208.48,367.65,13.5,17.88,5.42,UKP_0023,2,2016
2016-04-26 12:00:00+00:00,86.3,131.23,11.17,24.14,3.62,UKP_0023,2,2016
2016-04-26 13:00:00+00:00,0.0,0.0,7.94,36.01,2.58,UKP_0023,2,2016
2016-04-26 14:00:00+00:00,0.0,0.0,7.77,33.9,1.9,UKP_0023,2,2016
2016-04-26 15:00:00+00:00,0.0,0.0,7.79,31.64,1.22,UKP_0023,2,2016
2016-04-26 16:00:00+00:00,0.0,0.0,7.47,29.84,0.65,UKP_0023,2,2016
2016-04-26 17:00:00+00:00,0.0,0.0,6.64,31.69,0.29,UKP_0023,2,2016
2016-04-26 18:00:00+00:00,0.0,0.0,5.67,34.73,0.83,UKP_0023,2,2016
2016-04-26 19:00:00+00:00,0.0,0.0,4.74,36.9,1.23,UKP_0023,2,2016
2016-04-26 20:00:00+00:00,0.0,0.0,4.18,38.09,1.45,UKP_0023,2,2016
2016-04-26 21:00:00+00:00,0.0,0.0,3.63,39.44,1.67,UKP_0023,2,2016
2016-04-26 22:00:00+00:00,0.0,0.0,3.01,41.64,1.92,UKP_0023,2,2016
2016-04-26 23:00:00+00:00,0.0,0.0,2.4,43.16,2.13,UKP_0023,2,2016
2016-04-27 00:00:00+00:00,42.35,60.97,2.52,43.72,2.17,UKP_0023,2,2016
2016-04-27 01:00:00+00:00,209.73,295.38,6.67,33.17,1.85,UKP_0023,2,2016
2016-04-27 02:00:00+00:00,430.58,544.47,10.38,22.24,0.87,UKP_0023,2,2016
2016-04-27 03:00:00+00:00,603.08,765.25,12.42,19.59,3.04,UKP_0023,2,2016
2016-04-27 04:00:00+00:00,811.22,939.78,14.12,18.37,4.22,UKP_0023,2,2016
2016-04-27 05:00:00+00:00,815.55,1053.9,15.38,17.38,5.19,UKP_0023,2,2016
2016-04-27 06:00:00+00:00,899.3,1075.1,16.12,16.88,5.98,UKP_0023,2,2016
2016-04-27 07:00:00+00:00,667.83,1033.75,16.4,16.69,6.73,UKP_0023,2,2016
2016-04-27 08:00:00+00:00,625.5,938.95,16.16,17.06,7.32,UKP_0023,2,2016
2016-04-27 09:00:00+00:00,481.9,780.38,15.49,18.05,7.5,UKP_0023,2,2016
2016-04-27 10:00:00+00:00,371.95,583.83,14.38,19.93,7.03,UKP_0023,2,2016
2016-04-27 11:00:00+00:00,200.93,347.15,13.01,22.45,6.29,UKP_0023,2,2016
2016-04-27 12:00:00+00:00,63.0,118.75,11.11,27.23,4.51,UKP_0023,2,2016
2016-04-27 13:00:00+00:00,0.0,0.0,7.77,41.54,2.78,UKP_0023,2,2016
2016-04-27 14:00:00+00:00,0.0,0.0,7.05,45.57,2.37,UKP_0023,2,2016
2016-04-27 15:00:00+00:00,0.0,0.0,7.1,45.55,1.96,UKP_0023,2,2016
2016-04-27 16:00:00+00:00,0.0,0.0,6.96,44.88,1.68,UKP_0023,2,2016
2016-04-27 17:00:00+00:00,0.0,0.0,6.7,44.65,1.41,UKP_0023,2,2016
2016-04-27 18:00:00+00:00,0.0,0.0,6.75,44.02,0.96,UKP_0023,2,2016
2016-04-27 19:00:00+00:00,0.0,0.0,6.1,44.94,0.62,UKP_0023,2,2016
2016-04-27 20:00:00+00:00,0.0,0.0,5.26,46.47,0.83,UKP_0023,2,2016
2016-04-27 21:00:00+00:00,0.0,0.0,4.55,47.89,1.14,UKP_0023,2,2016
2016-04-27 22:00:00+00:00,0.0,0.0,3.68,49.63,1.43,UKP_0023,2,2016
2016-04-27 23:00:00+00:00,0.0,0.0,3.12,49.88,1.63,UKP_0023,2,2016
2016-04-28 00:00:00+00:00,43.8,61.0,3.39,48.38,1.71,UKP_0023,2,2016
2016-04-28 01:00:00+00:00,204.32,293.62,7.12,36.88,1.29,UKP_0023,2,2016
2016-04-28 02:00:00+00:00,426.17,544.05,10.38,22.21,1.37,UKP_0023,2,2016
2016-04-28 03:00:00+00:00,649.0,771.53,12.3,18.78,3.17,UKP_0023,2,2016
2016-04-28 04:00:00+00:00,831.65,954.55,13.95,17.21,4.29,UKP_0023,2,2016
2016-04-28 05:00:00+00:00,717.25,1072.72,15.17,15.9,5.22,UKP_0023,2,2016
2016-04-28 06:00:00+00:00,807.17,1084.72,15.93,15.51,5.96,UKP_0023,2,2016
2016-04-28 07:00:00+00:00,755.9,1044.45,16.24,16.17,6.53,UKP_0023,2,2016
2016-04-28 08:00:00+00:00,678.6,945.62,16.13,17.68,6.91,UKP_0023,2,2016
2016-04-28 09:00:00+00:00,565.22,785.25,15.44,20.07,6.85,UKP_0023,2,2016
2016-04-28 10:00:00+00:00,400.1,578.53,14.44,22.76,6.39,UKP_0023,2,2016
2016-04-28 11:00:00+00:00,213.0,328.23,13.07,25.77,5.59,UKP_0023,2,2016
2016-04-28 12:00:00+00:00,84.82,114.03,11.16,30.33,3.77,UKP_0023,2,2016
2016-04-28 13:00:00+00:00,0.0,0.0,8.14,42.25,2.38,UKP_0023,2,2016
2016-04-28 14:00:00+00:00,0.0,0.0,7.78,41.11,1.97,UKP_0023,2,2016
2016-04-28 15:00:00+00:00,0.0,0.0,7.55,39.96,1.45,UKP_0023,2,2016
2016-04-28 16:00:00+00:00,0.0,0.0,7.6,38.44,1.07,UKP_0023,2,2016
2016-04-28 17:00:00+00:00,0.0,0.0,7.33,39.15,0.66,UKP_0023,2,2016
2016-04-28 18:00:00+00:00,0.0,0.0,6.87,40.28,0.28,UKP_0023,2,2016
2016-04-28 19:00:00+00:00,0.0,0.0,6.43,40.11,0.27,UKP_0023,2,2016
2016-04-28 20:00:00+00:00,0.0,0.0,5.75,41.78,0.4,UKP_0023,2,2016
2016-04-28 21:00:00+00:00,0.0,0.0,5.32,42.4,0.75,UKP_0023,2,2016
2016-04-28 22:00:00+00:00,0.0,0.0,4.62,43.99,1.14,UKP_0023,2,2016
2016-04-28 23:00:00+00:00,0.0,0.0,4.23,44.53,1.41,UKP_0023,2,2016
2016-04-29 00:00:00+00:00,42.75,66.55,4.35,44.98,1.54,UKP_0023,2,2016
2016-04-29 01:00:00+00:00,180.73,302.02,7.67,37.05,1.22,UKP_0023,2,2016
2016-04-29 02:00:00+00:00,371.02,549.9,10.7,25.33,1.46,UKP_0023,2,2016
2016-04-29 03:00:00+00:00,514.58,764.05,12.59,21.14,3.19,UKP_0023,2,2016
2016-04-29 04:00:00+00:00,744.67,951.22,14.19,19.18,4.16,UKP_0023,2,2016
2016-04-29 05:00:00+00:00,776.4,1068.62,15.3,17.92,4.88,UKP_0023,2,2016
2016-04-29 06:00:00+00:00,866.4,1097.68,15.91,17.41,5.51,UKP_0023,2,2016
2016-04-29 07:00:00+00:00,741.05,1057.55,16.18,17.22,6.13,UKP_0023,2,2016
2016-04-29 08:00:00+00:00,500.42,955.85,15.95,17.77,6.67,UKP_0023,2,2016
2016-04-29 09:00:00+00:00,462.33,789.83,15.17,19.46,6.59,UKP_0023,2,2016
2016-04-29 10:00:00+00:00,353.62,580.53,13.97,22.29,5.72,UKP_0023,2,2016
2016-04-29 11:00:00+00:00,188.02,337.35,12.41,25.93,4.62,UKP_0023,2,2016
2016-04-29 12:00:00+00:00,57.45,115.78,10.67,30.68,3.11,UKP_0023,2,2016
2016-04-29 13:00:00+00:00,0.0,0.0,8.35,40.48,1.68,UKP_0023,2,2016
2016-04-29 14:00:00+00:00,0.0,0.0,7.84,43.21,1.04,UKP_0023,2,2016
2016-04-29 15:00:00+00:00,0.0,0.0,7.52,44.94,0.89,UKP_0023,2,2016
2016-04-29 16:00:00+00:00,0.0,0.0,7.01,44.86,0.89,UKP_0023,2,2016
2016-04-29 17:00:00+00:00,0.0,0.0,6.37,45.94,0.79,UKP_0023,2,2016
2016-04-29 18:00:00+00:00,0.0,0.0,6.22,45.93,0.6,UKP_0023,2,2016
2016-04-29 19:00:00+00:00,0.0,0.0,6.15,46.01,0.52,UKP_0023,2,2016
2016-04-29 20:00:00+00:00,0.0,0.0,5.82,46.57,0.64,UKP_0023,2,2016
2016-04-29 21:00:00+00:00,0.0,0.0,5.02,48.44,1.06,UKP_0023,2,2016
2016-04-29 22:00:00+00:00,0.0,0.0,4.35,50.34,1.52,UKP_0023,2,2016
2016-04-29 23:00:00+00:00,0.0,0.0,3.89,51.28,1.75,UKP_0023,2,2016
2016-04-30 00:00:00+00:00,40.62,54.65,4.09,50.56,1.83,UKP_0023,2,2016
2016-04-30 01:00:00+00:00,179.65,260.92,7.24,40.74,1.82,UKP_0023,2,2016
2016-04-30 02:00:00+00:00,347.58,497.33,10.35,30.08,1.0,UKP_0023,2,2016
2016-04-30 03:00:00+00:00,540.08,729.65,12.7,24.53,1.62,UKP_0023,2,2016
2016-04-30 04:00:00+00:00,686.92,894.1,14.61,21.33,2.55,UKP_0023,2,2016
2016-04-30 05:00:00+00:00,752.28,1019.67,15.8,19.76,3.72,UKP_0023,2,2016
2016-04-30 06:00:00+00:00,816.1,989.97,16.17,20.27,4.62,UKP_0023,2,2016
2016-04-30 07:00:00+00:00,660.25,958.35,16.02,21.75,5.05,UKP_0023,2,2016
2016-04-30 08:00:00+00:00,629.97,857.45,15.17,24.01,4.98,UKP_0023,2,2016
2016-04-30 09:00:00+00:00,539.38,698.4,14.23,26.13,4.56,UKP_0023,2,2016
2016-04-30 10:00:00+00:00,386.5,515.8,13.56,27.65,4.06,UKP_0023,2,2016
2016-04-30 11:00:00+00:00,210.07,295.1,13.14,28.04,3.64,UKP_0023,2,2016
2016-04-30 12:00:00+00:00,62.62,96.57,11.59,32.69,2.41,UKP_0023,2,2016
2016-04-30 13:00:00+00:00,0.0,0.0,9.53,39.69,1.28,UKP_0023,2,2016
2016-04-30 14:00:00+00:00,0.0,0.0,9.1,39.82,0.52,UKP_0023,2,2016
2016-04-30 15:00:00+00:00,0.0,0.0,8.85,39.44,0.31,UKP_0023,2,2016
2016-04-30 16:00:00+00:00,0.0,0.0,8.22,40.96,0.76,UKP_0023,2,2016
2016-04-30 17:00:00+00:00,0.0,0.0,7.18,43.53,1.17,UKP_0023,2,2016
2016-04-30 18:00:00+00:00,0.0,0.0,6.36,45.58,1.6,UKP_0023,2,2016
2016-04-30 19:00:00+00:00,0.0,0.0,5.52,48.16,1.88,UKP_0023,2,2016
2016-04-30 20:00:00+00:00,0.0,0.0,5.05,49.21,2.01,UKP_0023,2,2016
2016-04-30 21:00:00+00:00,0.0,0.0,4.63,49.98,2.09,UKP_0023,2,2016
2016-04-30 22:00:00+00:00,0.0,0.0,4.13,50.66,2.23,UKP_0023,2,2016
2016-04-30 23:00:00+00:00,0.0,0.0,3.79,50.63,2.34,UKP_0023,2,2016
2016-05-01 00:00:00+00:00,45.5,54.58,4.33,48.36,2.32,UKP_0023,2,2016
2016-05-01 01:00:00+00:00,229.4,273.15,8.8,37.04,2.17,UKP_0023,2,2016
2016-05-01 02:00:00+00:00,394.58,512.62,13.08,22.82,0.54,UKP_0023,2,2016
2016-05-01 03:00:00+00:00,574.62,733.22,15.98,16.83,2.02,UKP_0023,2,2016
2016-05-01 04:00:00+00:00,815.03,913.1,17.81,15.32,3.67,UKP_0023,2,2016
2016-05-01 05:00:00+00:00,917.25,1016.45,19.06,14.52,4.82,UKP_0023,2,2016
2016-05-01 06:00:00+00:00,833.0,1004.17,19.67,14.61,5.68,UKP_0023,2,2016
2016-05-01 07:00:00+00:00,744.12,973.25,19.83,14.8,6.14,UKP_0023,2,2016
2016-05-01 08:00:00+00:00,617.72,881.42,19.45,15.25,6.28,UKP_0023,2,2016
2016-05-01 09:00:00+00:00,536.67,717.75,18.73,15.94,6.13,UKP_0023,2,2016
2016-05-01 10:00:00+00:00,335.23,519.65,17.93,16.75,5.79,UKP_0023,2,2016
2016-05-01 11:00:00+00:00,205.25,310.35,16.84,18.12,5.11,UKP_0023,2,2016
2016-05-01 12:00:00+00:00,74.45,109.8,14.36,25.2,2.88,UKP_0023,2,2016
2016-05-01 13:00:00+00:00,0.0,0.0,11.18,32.07,2.28,UKP_0023,2,2016
2016-05-01 14:00:00+00:00,0.0,0.0,11.48,29.23,1.44,UKP_0023,2,2016
2016-05-01 15:00:00+00:00,0.0,0.0,11.84,27.02,0.77,UKP_0023,2,2016
2016-05-01 16:00:00+00:00,0.0,0.0,11.48,26.77,0.61,UKP_0023,2,2016
2016-05-01 17:00:00+00:00,0.0,0.0,10.67,28.61,0.75,UKP_0023,2,2016
2016-05-01 18:00:00+00:00,0.0,0.0,10.05,29.72,0.88,UKP_0023,2,2016
2016-05-01 19:00:00+00:00,0.0,0.0,9.6,30.43,0.96,UKP_0023,2,2016
2016-05-01 20:00:00+00:00,0.0,0.0,9.4,30.74,0.94,UKP_0023,2,2016
2016-05-01 21:00:00+00:00,0.0,0.0,9.26,30.84,1.08,UKP_0023,2,2016
2016-05-01 22:00:00+00:00,0.0,0.0,8.68,31.97,1.38,UKP_0023,2,2016
2016-05-01 23:00:00+00:00,0.0,0.0,8.09,33.07,1.58,UKP_0023,2,2016
2016-05-02 00:00:00+00:00,50.42,58.58,8.39,33.13,1.67,UKP_0023,2,2016
2016-05-02 01:00:00+00:00,206.4,284.42,11.53,31.55,1.51,UKP_0023,2,2016
2016-05-02 02:00:00+00:00,383.6,532.45,14.88,21.32,1.71,UKP_0023,2,2016
2016-05-02 03:00:00+00:00,564.95,754.4,16.86,18.92,3.11,UKP_0023,2,2016
2016-05-02 04:00:00+00:00,815.08,932.35,18.46,17.42,4.07,UKP_0023,2,2016
2016-05-02 05:00:00+00:00,932.6,1046.8,19.61,16.42,4.9,UKP_0023,2,2016
2016-05-02 06:00:00+00:00,865.15,1053.82,20.28,15.89,5.66,UKP_0023,2,2016
2016-05-02 07:00:00+00:00,801.22,1023.8,20.52,15.6,6.29,UKP_0023,2,2016
2016-05-02 08:00:00+00:00,693.22,919.0,20.22,15.79,6.8,UKP_0023,2,2016
2016-05-02 09:00:00+00:00,636.4,771.42,19.54,16.47,6.72,UKP_0023,2,2016
2016-05-02 10:00:00+00:00,351.55,552.47,18.43,17.65,6.12,UKP_0023,2,2016
2016-05-02 11:00:00+00:00,249.55,329.8,17.0,19.26,5.0,UKP_0023,2,2016
2016-05-02 12:00:00+00:00,84.25,115.6,14.95,23.35,3.07,UKP_0023,2,2016
2016-05-02 13:00:00+00:00,0.0,0.0,12.13,32.29,1.97,UKP_0023,2,2016
2016-05-02 14:00:00+00:00,0.0,0.0,11.79,30.45,1.6,UKP_0023,2,2016
2016-05-02 15:00:00+00:00,0.0,0.0,11.6,29.04,1.23,UKP_0023,2,2016
2016-05-02 16:00:00+00:00,0.0,0.0,11.26,27.44,0.84,UKP_0023,2,2016
2016-05-02 17:00:00+00:00,0.0,0.0,10.62,27.66,0.41,UKP_0023,2,2016
2016-05-02 18:00:00+00:00,0.0,0.0,9.67,29.08,0.45,UKP_0023,2,2016
2016-05-02 19:00:00+00:00,0.0,0.0,9.15,29.61,0.77,UKP_0023,2,2016
2016-05-02 20:00:00+00:00,0.0,0.0,8.61,29.78,1.05,UKP_0023,2,2016
2016-05-02 21:00:00+00:00,0.0,0.0,8.18,30.13,1.24,UKP_0023,2,2016
2016-05-02 22:00:00+00:00,0.0,0.0,7.81,30.58,1.31,UKP_0023,2,2016
2016-05-02 23:00:00+00:00,0.0,0.0,7.8,30.18,1.21,UKP_0023,2,2016
2016-05-03 00:00:00+00:00,48.53,58.75,8.0,30.52,0.97,UKP_0023,2,2016
2016-05-03 01:00:00+00:00,221.27,272.35,10.26,29.73,0.91,UKP_0023,2,2016
2016-05-03 02:00:00+00:00,378.92,506.85,12.5,24.0,1.92,UKP_0023,2,2016
2016-05-03 03:00:00+00:00,564.0,723.22,14.41,21.33,2.26,UKP_0023,2,2016
2016-05-03 04:00:00+00:00,783.53,898.17,16.19,19.57,3.24,UKP_0023,2,2016
2016-05-03 05:00:00+00:00,852.95,1010.22,17.39,19.43,4.44,UKP_0023,2,2016
2016-05-03 06:00:00+00:00,717.38,974.0,17.5,21.47,5.42,UKP_0023,2,2016
2016-05-03 07:00:00+00:00,658.92,941.85,16.56,25.46,5.63,UKP_0023,2,2016
2016-05-03 08:00:00+00:00,493.85,842.53,15.09,30.83,5.05,UKP_0023,2,2016
2016-05-03 09:00:00+00:00,475.23,701.05,13.8,35.99,4.19,UKP_0023,2,2016
2016-05-03 10:00:00+00:00,315.55,506.9,13.05,39.5,3.43,UKP_0023,2,2016
2016-05-03 11:00:00+00:00,180.15,285.08,12.47,42.58,2.76,UKP_0023,2,2016
2016-05-03 12:00:00+00:00,51.62,92.35,11.57,48.56,1.95,UKP_0023,2,2016
2016-05-03 13:00:00+00:00,0.0,0.0,10.3,54.01,1.44,UKP_0023,2,2016
2016-05-03 14:00:00+00:00,0.0,0.0,9.62,58.43,1.35,UKP_0023,2,2016
2016-05-03 15:00:00+00:00,0.0,0.0,9.01,63.14,1.37,UKP_0023,2,2016
2016-05-03 16:00:00+00:00,0.0,0.0,8.5,67.36,1.55,UKP_0023,2,2016
2016-05-03 17:00:00+00:00,0.0,0.0,7.97,70.85,1.47,UKP_0023,2,2016
2016-05-03 18:00:00+00:00,0.0,0.0,7.7,72.13,1.34,UKP_0023,2,2016
2016-05-03 19:00:00+00:00,0.0,0.0,7.64,73.34,1.43,UKP_0023,2,2016
2016-05-03 20:00:00+00:00,0.0,0.0,7.27,75.74,1.7,UKP_0023,2,2016
2016-05-03 21:00:00+00:00,0.0,0.0,6.98,76.34,1.67,UKP_0023,2,2016
2016-05-03 22:00:00+00:00,0.0,0.0,6.67,76.04,1.42,UKP_0023,2,2016
2016-05-03 23:00:00+00:00,0.0,0.0,6.48,75.31,1.12,UKP_0023,2,2016
2016-05-04 00:00:00+00:00,31.75,47.15,6.62,74.83,0.86,UKP_0023,2,2016
2016-05-04 01:00:00+00:00,147.07,225.7,8.26,68.77,1.28,UKP_0023,2,2016
2016-05-04 02:00:00+00:00,296.1,454.62,10.11,56.6,2.8,UKP_0023,2,2016
2016-05-04 03:00:00+00:00,442.25,660.05,11.47,49.09,3.72,UKP_0023,2,2016
2016-05-04 04:00:00+00:00,528.33,843.88,12.61,44.94,4.16,UKP_0023,2,2016
2016-05-04 05:00:00+00:00,623.17,969.7,13.84,41.11,4.71,UKP_0023,2,2016
2016-05-04 06:00:00+00:00,871.3,1046.18,15.2,37.63,5.47,UKP_0023,2,2016
2016-05-04 07:00:00+00:00,695.8,997.45,15.91,36.3,6.16,UKP_0023,2,2016
2016-05-04 08:00:00+00:00,567.47,897.28,15.88,37.39,6.57,UKP_0023,2,2016
2016-05-04 09:00:00+00:00,474.4,752.15,15.23,40.5,6.93,UKP_0023,2,2016
2016-05-04 10:00:00+00:00,278.95,544.47,13.89,46.74,6.96,UKP_0023,2,2016
2016-05-04 11:00:00+00:00,167.25,310.7,11.91,55.69,6.48,UKP_0023,2,2016
2016-05-04 12:00:00+00:00,61.2,106.0,10.44,61.33,5.64,UKP_0023,2,2016
2016-05-04 13:00:00+00:00,0.0,0.0,9.26,65.75,4.05,UKP_0023,2,2016
2016-05-04 14:00:00+00:00,0.0,0.0,8.56,69.49,3.19,UKP_0023,2,2016
2016-05-04 15:00:00+00:00,0.0,0.0,8.01,73.43,2.75,UKP_0023,2,2016
2016-05-04 16:00:00+00:00,0.0,0.0,7.53,75.89,2.51,UKP_0023,2,2016
2016-05-04 17:00:00+00:00,0.0,0.0,7.18,75.76,2.67,UKP_0023,2,2016
2016-05-04 18:00:00+00:00,0.0,0.0,6.94,74.33,2.32,UKP_0023,2,2016
2016-05-04 19:00:00+00:00,0.0,0.0,6.81,73.74,1.75,UKP_0023,2,2016
2016-05-04 20:00:00+00:00,0.0,0.0,6.44,74.46,1.41,UKP_0023,2,2016
2016-05-04 21:00:00+00:00,0.0,0.0,5.84,76.15,1.4,UKP_0023,2,2016
2016-05-04 22:00:00+00:00,0.0,0.0,5.42,77.04,1.41,UKP_0023,2,2016
2016-05-04 23:00:00+00:00,0.0,0.0,5.04,78.75,1.09,UKP_0023,2,2016
2016-05-05 00:00:00+00:00,14.0,53.67,4.84,83.11,0.94,UKP_0023,2,2016
2016-05-05 01:00:00+00:00,61.5,249.85,5.78,75.8,1.18,UKP_0023,2,2016
2016-05-05 02:00:00+00:00,160.6,484.2,7.09,64.27,0.87,UKP_0023,2,2016
2016-05-05 03:00:00+00:00,199.77,686.88,8.13,60.73,1.44,UKP_0023,2,2016
2016-05-05 04:00:00+00:00,479.85,874.22,9.44,58.52,2.5,UKP_0023,2,2016
2016-05-05 05:00:00+00:00,370.98,988.72,11.11,54.53,3.71,UKP_0023,2,2016
2016-05-05 06:00:00+00:00,564.38,1033.68,12.35,50.84,4.67,UKP_0023,2,2016
2016-05-05 07:00:00+00:00,558.1,993.35,12.85,49.47,5.43,UKP_0023,2,2016
2016-05-05 08:00:00+00:00,546.28,912.45,12.55,50.65,5.83,UKP_0023,2,2016
2016-05-05 09:00:00+00:00,351.83,734.83,11.82,53.52,5.84,UKP_0023,2,2016
2016-05-05 10:00:00+00:00,218.32,536.75,10.66,59.77,5.3,UKP_0023,2,2016
2016-05-05 11:00:00+00:00,130.55,308.9,9.31,68.66,4.36,UKP_0023,2,2016
2016-05-05 12:00:00+00:00,39.42,95.6,8.16,79.78,3.09,UKP_0023,2,2016
2016-05-05 13:00:00+00:00,2.25,3.3,7.15,89.81,2.19,UKP_0023,2,2016
2016-05-05 14:00:00+00:00,0.0,0.0,6.79,94.59,1.86,UKP_0023,2,2016
2016-05-05 15:00:00+00:00,0.0,0.0,6.57,97.11,1.79,UKP_0023,2,2016
2016-05-05 16:00:00+00:00,0.0,0.0,6.33,97.45,1.94,UKP_0023,2,2016
2016-05-05 17:00:00+00:00,0.0,0.0,6.01,97.93,2.07,UKP_0023,2,2016
2016-05-05 18:00:00+00:00,0.0,0.0,5.74,97.78,2.2,UKP_0023,2,2016
2016-05-05 19:00:00+00:00,0.0,0.0,5.48,97.89,2.1,UKP_0023,2,2016
2016-05-05 20:00:00+00:00,0.0,0.0,5.28,96.44,1.73,UKP_0023,2,2016
2016-05-05 21:00:00+00:00,0.0,0.0,5.16,93.27,1.02,UKP_0023,2,2016
2016-05-05 22:00:00+00:00,0.0,0.0,4.95,92.81,0.43,UKP_0023,2,2016
2016-05-05 23:00:00+00:00,0.0,0.0,4.36,94.32,0.99,UKP_0023,2,2016
2016-05-06 00:00:00+00:00,36.05,56.67,4.82,92.49,1.15,UKP_0023,2,2016
2016-05-06 01:00:00+00:00,122.4,254.57,7.66,79.02,0.81,UKP_0023,2,2016
2016-05-06 02:00:00+00:00,259.58,491.38,9.53,69.28,2.55,UKP_0023,2,2016
2016-05-06 03:00:00+00:00,356.7,698.25,10.98,63.44,3.58,UKP_0023,2,2016
2016-05-06 04:00:00+00:00,536.17,887.85,11.92,59.81,4.23,UKP_0023,2,2016
2016-05-06 05:00:00+00:00,585.95,997.85,12.11,59.46,4.77,UKP_0023,2,2016
2016-05-06 06:00:00+00:00,734.85,1078.15,11.9,61.39,5.13,UKP_0023,2,2016
2016-05-06 07:00:00+00:00,623.53,1047.07,11.13,66.17,5.32,UKP_0023,2,2016
2016-05-06 08:00:00+00:00,522.2,944.72,10.21,72.19,5.16,UKP_0023,2,2016
2016-05-06 09:00:00+00:00,457.45,787.75,9.65,76.84,4.89,UKP_0023,2,2016
2016-05-06 10:00:00+00:00,289.95,573.03,9.08,81.16,4.26,UKP_0023,2,2016
2016-05-06 11:00:00+00:00,156.4,341.92,8.48,86.12,3.46,UKP_0023,2,2016
2016-05-06 12:00:00+00:00,41.7,117.15,7.81,91.84,2.47,UKP_0023,2,2016
2016-05-06 13:00:00+00:00,2.53,3.95,7.27,97.18,1.69,UKP_0023,2,2016
2016-05-06 14:00:00+00:00,0.0,0.0,6.97,99.48,1.38,UKP_0023,2,2016
2016-05-06 15:00:00+00:00,0.0,0.0,6.72,100.0,1.49,UKP_0023,2,2016
2016-05-06 16:00:00+00:00,0.0,0.0,6.43,100.0,1.39,UKP_0023,2,2016
2016-05-06 17:00:00+00:00,0.0,0.0,6.13,100.0,1.26,UKP_0023,2,2016
2016-05-06 18:00:00+00:00,0.0,0.0,5.97,100.0,1.15,UKP_0023,2,2016
2016-05-06 19:00:00+00:00,0.0,0.0,5.92,98.15,1.06,UKP_0023,2,2016
2016-05-06 20:00:00+00:00,0.0,0.0,5.99,95.76,1.01,UKP_0023,2,2016
2016-05-06 21:00:00+00:00,0.0,0.0,6.13,92.58,0.86,UKP_0023,2,2016
2016-05-06 22:00:00+00:00,0.0,0.0,6.15,90.57,0.82,UKP_0023,2,2016
2016-05-06 23:00:00+00:00,0.0,0.0,6.16,88.53,0.75,UKP_0023,2,2016
2016-05-07 00:00:00+00:00,44.17,61.88,6.44,88.05,0.52,UKP_0023,2,2016
2016-05-07 01:00:00+00:00,188.5,266.77,7.92,82.55,0.23,UKP_0023,2,2016
2016-05-07 02:00:00+00:00,335.9,495.92,9.73,70.43,0.97,UKP_0023,2,2016
2016-05-07 03:00:00+00:00,548.03,713.92,11.43,62.5,2.42,UKP_0023,2,2016
2016-05-07 04:00:00+00:00,627.22,882.7,12.58,58.18,3.57,UKP_0023,2,2016
2016-05-07 05:00:00+00:00,666.65,994.5,12.86,57.58,4.52,UKP_0023,2,2016
2016-05-07 06:00:00+00:00,762.28,1078.72,12.55,59.98,5.1,UKP_0023,2,2016
2016-05-07 07:00:00+00:00,561.5,1050.6,12.07,63.32,5.34,UKP_0023,2,2016
2016-05-07 08:00:00+00:00,589.62,958.4,11.51,66.83,5.29,UKP_0023,2,2016
2016-05-07 09:00:00+00:00,462.77,792.78,11.11,69.53,4.89,UKP_0023,2,2016
2016-05-07 10:00:00+00:00,206.27,574.33,10.65,72.8,4.48,UKP_0023,2,2016
2016-05-07 11:00:00+00:00,106.55,342.33,10.06,77.44,3.99,UKP_0023,2,2016
2016-05-07 12:00:00+00:00,42.4,117.78,9.14,84.51,3.03,UKP_0023,2,2016
2016-05-07 13:00:00+00:00,1.95,4.25,7.87,94.77,1.62,UKP_0023,2,2016
2016-05-07 14:00:00+00:00,0.0,0.0,7.41,97.1,0.89,UKP_0023,2,2016
2016-05-07 15:00:00+00:00,0.0,0.0,7.21,97.3,0.52,UKP_0023,2,2016
2016-05-07 16:00:00+00:00,0.0,0.0,6.96,96.22,0.78,UKP_0023,2,2016
2016-05-07 17:00:00+00:00,0.0,0.0,7.07,91.83,0.96,UKP_0023,2,2016
2016-05-07 18:00:00+00:00,0.0,0.0,7.05,87.91,0.87,UKP_0023,2,2016
2016-05-07 19:00:00+00:00,0.0,0.0,7.11,85.96,0.76,UKP_0023,2,2016
2016-05-07 20:00:00+00:00,0.0,0.0,7.1,83.87,0.95,UKP_0023,2,2016
2016-05-07 21:00:00+00:00,0.0,0.0,6.99,81.91,1.07,UKP_0023,2,2016
2016-05-07 22:00:00+00:00,0.0,0.0,6.87,81.94,0.84,UKP_0023,2,2016
2016-05-07 23:00:00+00:00,0.0,0.0,6.59,83.72,0.91,UKP_0023,2,2016
2016-05-08 00:00:00+00:00,14.93,67.8,6.58,84.87,1.23,UKP_0023,2,2016
2016-05-08 01:00:00+00:00,46.67,281.42,8.63,76.2,1.2,UKP_0023,2,2016
2016-05-08 02:00:00+00:00,116.62,516.58,10.89,65.85,0.9,UKP_0023,2,2016
2016-05-08 03:00:00+00:00,177.48,729.55,12.83,55.53,1.34,UKP_0023,2,2016
2016-05-08 04:00:00+00:00,258.08,899.72,14.54,48.61,1.98,UKP_0023,2,2016
2016-05-08 05:00:00+00:00,242.65,1009.1,15.76,44.75,2.96,UKP_0023,2,2016
2016-05-08 06:00:00+00:00,511.33,1039.1,16.16,44.89,4.1,UKP_0023,2,2016
2016-05-08 07:00:00+00:00,519.22,986.15,15.63,48.89,4.86,UKP_0023,2,2016
2016-05-08 08:00:00+00:00,633.53,890.35,14.57,54.35,4.95,UKP_0023,2,2016
2016-05-08 09:00:00+00:00,391.83,695.55,13.05,62.5,4.87,UKP_0023,2,2016
2016-05-08 10:00:00+00:00,301.88,497.23,11.73,70.98,4.39,UKP_0023,2,2016
2016-05-08 11:00:00+00:00,172.7,280.17,10.85,77.13,3.67,UKP_0023,2,2016
2016-05-08 12:00:00+00:00,61.9,90.82,10.01,84.65,2.66,UKP_0023,2,2016
2016-05-08 13:00:00+00:00,3.5,3.72,8.87,96.0,1.74,UKP_0023,2,2016
2016-05-08 14:00:00+00:00,0.0,0.0,8.51,93.4,1.24,UKP_0023,2,2016
2016-05-08 15:00:00+00:00,0.0,0.0,8.29,92.62,0.86,UKP_0023,2,2016
2016-05-08 16:00:00+00:00,0.0,0.0,8.05,93.24,0.61,UKP_0023,2,2016
2016-05-08 17:00:00+00:00,0.0,0.0,7.91,93.21,0.5,UKP_0023,2,2016
2016-05-08 18:00:00+00:00,0.0,0.0,7.81,92.68,0.52,UKP_0023,2,2016
2016-05-08 19:00:00+00:00,0.0,0.0,7.83,91.27,0.68,UKP_0023,2,2016
2016-05-08 20:00:00+00:00,0.0,0.0,7.43,92.6,0.99,UKP_0023,2,2016
2016-05-08 21:00:00+00:00,0.0,0.0,7.27,92.96,0.98,UKP_0023,2,2016
2016-05-08 22:00:00+00:00,0.0,0.0,7.13,92.2,0.8,UKP_0023,2,2016
2016-05-08 23:00:00+00:00,0.0,0.0,7.06,90.09,0.81,UKP_0023,2,2016
2016-05-09 00:00:00+00:00,56.0,63.33,7.28,88.65,1.16,UKP_0023,2,2016
2016-05-09 01:00:00+00:00,220.38,267.92,9.62,80.41,1.11,UKP_0023,2,2016
2016-05-09 02:00:00+00:00,356.7,500.42,12.23,62.6,0.64,UKP_0023,2,2016
2016-05-09 03:00:00+00:00,622.12,722.03,14.09,53.37,2.53,UKP_0023,2,2016
2016-05-09 04:00:00+00:00,810.9,894.67,14.99,51.94,3.72,UKP_0023,2,2016
2016-05-09 05:00:00+00:00,851.25,1006.42,15.33,52.88,4.32,UKP_0023,2,2016
2016-05-09 06:00:00+00:00,870.85,1049.72,15.23,54.76,4.51,UKP_0023,2,2016
2016-05-09 07:00:00+00:00,696.42,1004.97,14.9,57.3,4.56,UKP_0023,2,2016
2016-05-09 08:00:00+00:00,769.03,915.12,14.39,60.33,4.47,UKP_0023,2,2016
2016-05-09 09:00:00+00:00,586.85,751.5,13.79,64.11,4.33,UKP_0023,2,2016
2016-05-09 10:00:00+00:00,390.75,540.28,13.22,67.46,4.16,UKP_0023,2,2016
2016-05-09 11:00:00+00:00,233.35,307.3,12.32,72.95,3.74,UKP_0023,2,2016
2016-05-09 12:00:00+00:00,70.93,98.97,11.43,80.26,2.77,UKP_0023,2,2016
2016-05-09 13:00:00+00:00,1.95,4.15,9.92,91.6,1.81,UKP_0023,2,2016
2016-05-09 14:00:00+00:00,0.0,0.0,9.43,92.08,1.46,UKP_0023,2,2016
2016-05-09 15:00:00+00:00,0.0,0.0,9.33,90.79,1.22,UKP_0023,2,2016
2016-05-09 16:00:00+00:00,0.0,0.0,9.2,89.83,0.92,UKP_0023,2,2016
2016-05-09 17:00:00+00:00,0.0,0.0,9.03,89.53,0.65,UKP_0023,2,2016
2016-05-09 18:00:00+00:00,0.0,0.0,8.82,88.93,0.58,UKP_0023,2,2016
2016-05-09 19:00:00+00:00,0.0,0.0,8.66,87.78,0.61,UKP_0023,2,2016
2016-05-09 20:00:00+00:00,0.0,0.0,8.62,86.19,0.67,UKP_0023,2,2016
2016-05-09 21:00:00+00:00,0.0,0.0,8.41,85.79,0.74,UKP_0023,2,2016
2016-05-09 22:00:00+00:00,0.0,0.0,8.23,85.2,0.79,UKP_0023,2,2016
2016-05-09 23:00:00+00:00,0.0,0.0,7.93,85.41,0.79,UKP_0023,2,2016
2016-05-10 00:00:00+00:00,34.9,62.72,8.23,84.13,0.72,UKP_0023,2,2016
2016-05-10 01:00:00+00:00,141.5,262.15,9.6,80.56,0.59,UKP_0023,2,2016
2016-05-10 02:00:00+00:00,284.05,494.4,10.94,72.58,1.63,UKP_0023,2,2016
2016-05-10 03:00:00+00:00,490.58,710.9,12.32,66.51,2.64,UKP_0023,2,2016
2016-05-10 04:00:00+00:00,557.65,870.5,13.42,62.56,3.54,UKP_0023,2,2016
2016-05-10 05:00:00+00:00,681.72,996.53,14.05,60.53,4.19,UKP_0023,2,2016
2016-05-10 06:00:00+00:00,556.78,1074.47,14.17,60.03,4.52,UKP_0023,2,2016
2016-05-10 07:00:00+00:00,490.75,1048.82,14.05,60.47,4.66,UKP_0023,2,2016
2016-05-10 08:00:00+00:00,403.7,953.08,13.65,62.16,4.73,UKP_0023,2,2016
2016-05-10 09:00:00+00:00,309.77,794.9,13.14,64.37,4.64,UKP_0023,2,2016
2016-05-10 10:00:00+00:00,197.8,575.28,12.61,66.91,4.46,UKP_0023,2,2016
2016-05-10 11:00:00+00:00,99.68,334.33,12.02,69.46,4.27,UKP_0023,2,2016
2016-05-10 12:00:00+00:00,36.58,113.97,10.99,75.65,3.54,UKP_0023,2,2016
2016-05-10 13:00:00+00:00,3.47,4.6,9.72,86.84,2.26,UKP_0023,2,2016
2016-05-10 14:00:00+00:00,0.0,0.0,9.08,91.12,1.99,UKP_0023,2,2016
2016-05-10 15:00:00+00:00,0.0,0.0,8.66,92.41,1.8,UKP_0023,2,2016
2016-05-10 16:00:00+00:00,0.0,0.0,8.45,93.06,1.55,UKP_0023,2,2016
2016-05-10 17:00:00+00:00,0.0,0.0,8.23,93.84,1.22,UKP_0023,2,2016
2016-05-10 18:00:00+00:00,0.0,0.0,7.95,94.25,1.01,UKP_0023,2,2016
2016-05-10 19:00:00+00:00,0.0,0.0,7.6,94.46,0.88,UKP_0023,2,2016
2016-05-10 20:00:00+00:00,0.0,0.0,7.31,93.8,0.81,UKP_0023,2,2016
2016-05-10 21:00:00+00:00,0.0,0.0,6.75,94.14,0.73,UKP_0023,2,2016
2016-05-10 22:00:00+00:00,0.0,0.0,6.48,92.54,0.72,UKP_0023,2,2016
2016-05-10 23:00:00+00:00,0.0,0.0,6.31,92.36,0.65,UKP_0023,2,2016
2016-05-11 00:00:00+00:00,57.3,68.38,6.42,90.89,0.8,UKP_0023,2,2016
2016-05-11 01:00:00+00:00,215.7,274.2,6.91,87.81,1.02,UKP_0023,2,2016
2016-05-11 02:00:00+00:00,376.65,504.73,8.67,83.69,2.38,UKP_0023,2,2016
2016-05-11 03:00:00+00:00,661.4,726.97,10.88,75.17,4.63,UKP_0023,2,2016
2016-05-11 04:00:00+00:00,838.08,897.22,12.8,65.23,5.64,UKP_0023,2,2016
2016-05-11 05:00:00+00:00,796.67,993.3,14.02,59.59,6.19,UKP_0023,2,2016
2016-05-11 06:00:00+00:00,801.55,1073.22,14.73,56.49,6.63,UKP_0023,2,2016
2016-05-11 07:00:00+00:00,686.03,1044.88,14.88,55.58,6.83,UKP_0023,2,2016
2016-05-11 08:00:00+00:00,690.15,957.2,14.63,56.44,6.83,UKP_0023,2,2016
2016-05-11 09:00:00+00:00,535.6,802.95,13.94,59.46,6.54,UKP_0023,2,2016
2016-05-11 10:00:00+00:00,375.77,600.4,12.71,65.99,5.84,UKP_0023,2,2016
2016-05-11 11:00:00+00:00,221.35,367.23,11.51,73.27,5.07,UKP_0023,2,2016
2016-05-11 12:00:00+00:00,70.82,134.68,10.26,81.57,4.14,UKP_0023,2,2016
2016-05-11 13:00:00+00:00,4.05,5.57,9.14,89.1,2.83,UKP_0023,2,2016
2016-05-11 14:00:00+00:00,0.0,0.0,8.53,92.77,2.17,UKP_0023,2,2016
2016-05-11 15:00:00+00:00,0.0,0.0,7.88,96.16,1.45,UKP_0023,2,2016
2016-05-11 16:00:00+00:00,0.0,0.0,7.43,97.67,1.05,UKP_0023,2,2016
2016-05-11 17:00:00+00:00,0.0,0.0,7.15,98.11,0.99,UKP_0023,2,2016
2016-05-11 18:00:00+00:00,0.0,0.0,6.97,98.39,1.05,UKP_0023,2,2016
2016-05-11 19:00:00+00:00,0.0,0.0,6.84,98.08,1.13,UKP_0023,2,2016
2016-05-11 20:00:00+00:00,0.0,0.0,6.72,97.7,1.01,UKP_0023,2,2016
2016-05-11 21:00:00+00:00,0.0,0.0,6.75,96.88,0.84,UKP_0023,2,2016
2016-05-11 22:00:00+00:00,0.0,0.0,6.77,96.15,0.55,UKP_0023,2,2016
2016-05-11 23:00:00+00:00,0.0,0.0,6.41,97.87,0.23,UKP_0023,2,2016
2016-05-12 00:00:00+00:00,71.55,85.3,6.63,96.87,0.5,UKP_0023,2,2016
2016-05-12 01:00:00+00:00,235.93,307.65,8.79,84.42,0.72,UKP_0023,2,2016
2016-05-12 02:00:00+00:00,422.05,545.05,10.96,72.68,2.34,UKP_0023,2,2016
2016-05-12 03:00:00+00:00,590.38,757.45,12.83,63.29,3.27,UKP_0023,2,2016
2016-05-12 04:00:00+00:00,799.6,924.9,14.08,57.78,4.18,UKP_0023,2,2016
2016-05-12 05:00:00+00:00,775.4,1034.15,14.66,55.44,4.94,UKP_0023,2,2016
2016-05-12 06:00:00+00:00,893.53,1075.5,15.03,54.16,5.58,UKP_0023,2,2016
2016-05-12 07:00:00+00:00,679.3,1042.95,15.13,53.9,6.11,UKP_0023,2,2016
2016-05-12 08:00:00+00:00,510.9,953.83,14.8,55.48,6.4,UKP_0023,2,2016
2016-05-12 09:00:00+00:00,508.7,810.8,14.44,57.08,6.43,UKP_0023,2,2016
2016-05-12 10:00:00+00:00,252.6,611.17,13.69,60.11,6.13,UKP_0023,2,2016
2016-05-12 11:00:00+00:00,147.52,380.48,13.08,62.17,5.75,UKP_0023,2,2016
2016-05-12 12:00:00+00:00,45.15,145.38,12.14,66.14,4.64,UKP_0023,2,2016
2016-05-12 13:00:00+00:00,3.95,6.45,10.49,79.15,2.79,UKP_0023,2,2016
2016-05-12 14:00:00+00:00,0.0,0.0,9.46,82.7,2.41,UKP_0023,2,2016
2016-05-12 15:00:00+00:00,0.0,0.0,8.96,81.99,2.15,UKP_0023,2,2016
2016-05-12 16:00:00+00:00,0.0,0.0,8.86,79.05,1.66,UKP_0023,2,2016
2016-05-12 17:00:00+00:00,0.0,0.0,8.69,77.88,1.06,UKP_0023,2,2016
2016-05-12 18:00:00+00:00,0.0,0.0,8.19,78.7,0.47,UKP_0023,2,2016
2016-05-12 19:00:00+00:00,0.0,0.0,7.36,82.61,0.35,UKP_0023,2,2016
2016-05-12 20:00:00+00:00,0.0,0.0,6.7,84.95,0.54,UKP_0023,2,2016
2016-05-12 21:00:00+00:00,0.0,0.0,6.18,86.77,0.79,UKP_0023,2,2016
2016-05-12 22:00:00+00:00,0.0,0.0,5.75,87.95,1.01,UKP_0023,2,2016
2016-05-12 23:00:00+00:00,0.0,0.0,5.54,87.31,1.07,UKP_0023,2,2016
2016-05-13 00:00:00+00:00,62.33,85.05,6.41,85.26,0.91,UKP_0023,2,2016
2016-05-13 01:00:00+00:00,198.0,306.6,9.3,70.15,0.73,UKP_0023,2,2016
2016-05-13 02:00:00+00:00,374.8,546.95,11.26,60.65,2.22,UKP_0023,2,2016
2016-05-13 03:00:00+00:00,516.9,762.35,13.02,52.92,3.3,UKP_0023,2,2016
2016-05-13 04:00:00+00:00,642.58,932.3,14.46,46.84,4.12,UKP_0023,2,2016
2016-05-13 05:00:00+00:00,795.28,1045.62,15.72,42.43,4.84,UKP_0023,2,2016
2016-05-13 06:00:00+00:00,885.5,1097.88,16.66,39.59,5.47,UKP_0023,2,2016
2016-05-13 07:00:00+00:00,839.22,1065.85,17.17,38.08,5.87,UKP_0023,2,2016
2016-05-13 08:00:00+00:00,670.75,908.6,17.21,37.96,6.04,UKP_0023,2,2016
2016-05-13 09:00:00+00:00,438.3,766.2,16.93,39.14,6.07,UKP_0023,2,2016
2016-05-13 10:00:00+00:00,406.77,583.12,16.26,41.2,5.93,UKP_0023,2,2016
2016-05-13 11:00:00+00:00,220.6,362.05,15.13,45.47,5.5,UKP_0023,2,2016
2016-05-13 12:00:00+00:00,52.92,138.77,13.48,53.43,4.2,UKP_0023,2,2016
2016-05-13 13:00:00+00:00,3.62,6.4,11.39,70.66,2.24,UKP_0023,2,2016
2016-05-13 14:00:00+00:00,0.0,0.0,10.35,76.84,1.79,UKP_0023,2,2016
2016-05-13 15:00:00+00:00,0.0,0.0,9.72,76.51,1.7,UKP_0023,2,2016
2016-05-13 16:00:00+00:00,0.0,0.0,9.6,73.81,1.44,UKP_0023,2,2016
2016-05-13 17:00:00+00:00,0.0,0.0,9.51,71.26,1.03,UKP_0023,2,2016
2016-05-13 18:00:00+00:00,0.0,0.0,9.43,69.55,0.74,UKP_0023,2,2016
2016-05-13 19:00:00+00:00,0.0,0.0,8.95,70.55,0.8,UKP_0023,2,2016
2016-05-13 20:00:00+00:00,0.0,0.0,8.22,72.97,0.94,UKP_0023,2,2016
2016-05-13 21:00:00+00:00,0.0,0.0,7.81,73.45,1.01,UKP_0023,2,2016
2016-05-13 22:00:00+00:00,0.0,0.0,7.68,72.42,1.09,UKP_0023,2,2016
2016-05-13 23:00:00+00:00,0.0,0.0,7.5,71.94,1.08,UKP_0023,2,2016
2016-05-14 00:00:00+00:00,87.4,105.43,7.93,72.93,0.97,UKP_0023,2,2016
2016-05-14 01:00:00+00:00,271.73,343.42,10.42,62.94,0.48,UKP_0023,2,2016
2016-05-14 02:00:00+00:00,453.12,589.6,12.51,51.61,2.37,UKP_0023,2,2016
2016-05-14 03:00:00+00:00,633.15,809.17,14.29,45.64,3.22,UKP_0023,2,2016
2016-05-14 04:00:00+00:00,941.35,985.97,15.75,42.3,4.02,UKP_0023,2,2016
2016-05-14 05:00:00+00:00,900.22,1078.97,16.96,39.97,4.91,UKP_0023,2,2016
2016-05-14 06:00:00+00:00,971.12,1095.1,17.82,38.55,5.82,UKP_0023,2,2016
2016-05-14 07:00:00+00:00,855.42,1067.3,18.22,38.05,6.59,UKP_0023,2,2016
2016-05-14 08:00:00+00:00,812.97,974.25,18.16,38.49,7.25,UKP_0023,2,2016
2016-05-14 09:00:00+00:00,625.42,821.3,17.53,40.81,7.36,UKP_0023,2,2016
2016-05-14 10:00:00+00:00,430.7,621.15,16.53,44.04,7.32,UKP_0023,2,2016
2016-05-14 11:00:00+00:00,258.0,391.0,15.0,49.55,6.93,UKP_0023,2,2016
2016-05-14 12:00:00+00:00,102.38,157.05,13.3,56.57,5.64,UKP_0023,2,2016
2016-05-14 13:00:00+00:00,4.15,7.75,10.86,70.07,3.05,UKP_0023,2,2016
2016-05-14 14:00:00+00:00,0.0,0.0,9.66,77.92,2.38,UKP_0023,2,2016
2016-05-14 15:00:00+00:00,0.0,0.0,9.34,77.66,1.97,UKP_0023,2,2016
2016-05-14 16:00:00+00:00,0.0,0.0,9.65,71.6,1.13,UKP_0023,2,2016
2016-05-14 17:00:00+00:00,0.0,0.0,9.82,68.39,0.43,UKP_0023,2,2016
2016-05-14 18:00:00+00:00,0.0,0.0,9.06,72.34,0.43,UKP_0023,2,2016
2016-05-14 19:00:00+00:00,0.0,0.0,8.24,76.03,0.86,UKP_0023,2,2016
2016-05-14 20:00:00+00:00,0.0,0.0,7.46,79.39,1.18,UKP_0023,2,2016
2016-05-14 21:00:00+00:00,0.0,0.0,6.96,80.58,1.33,UKP_0023,2,2016
2016-05-14 22:00:00+00:00,0.0,0.0,6.74,80.02,1.36,UKP_0023,2,2016
2016-05-14 23:00:00+00:00,0.0,0.0,6.71,77.38,1.2,UKP_0023,2,2016
2016-05-15 00:00:00+00:00,82.07,98.88,7.47,79.0,0.97,UKP_0023,2,2016
2016-05-15 01:00:00+00:00,255.75,325.2,10.03,68.85,0.36,UKP_0023,2,2016
2016-05-15 02:00:00+00:00,461.12,562.12,12.62,53.59,2.24,UKP_0023,2,2016
2016-05-15 03:00:00+00:00,607.53,773.38,14.52,45.48,3.7,UKP_0023,2,2016
2016-05-15 04:00:00+00:00,761.25,940.58,15.78,41.5,4.7,UKP_0023,2,2016
2016-05-15 05:00:00+00:00,834.97,1048.28,16.85,38.99,5.61,UKP_0023,2,2016
2016-05-15 06:00:00+00:00,910.03,1088.35,17.64,36.63,6.35,UKP_0023,2,2016
2016-05-15 07:00:00+00:00,833.05,1060.45,18.12,34.86,6.78,UKP_0023,2,2016
2016-05-15 08:00:00+00:00,589.42,965.03,18.05,34.08,6.8,UKP_0023,2,2016
2016-05-15 09:00:00+00:00,571.75,820.5,17.8,33.22,6.51,UKP_0023,2,2016
2016-05-15 10:00:00+00:00,347.67,616.08,17.28,33.19,6.01,UKP_0023,2,2016
2016-05-15 11:00:00+00:00,200.75,387.33,16.35,34.84,5.34,UKP_0023,2,2016
2016-05-15 12:00:00+00:00,88.0,155.93,14.7,40.94,3.75,UKP_0023,2,2016
2016-05-15 13:00:00+00:00,5.85,7.9,11.45,61.7,1.99,UKP_0023,2,2016
2016-05-15 14:00:00+00:00,0.0,0.0,10.9,60.42,1.35,UKP_0023,2,2016
2016-05-15 15:00:00+00:00,0.0,0.0,10.84,56.73,0.5,UKP_0023,2,2016
2016-05-15 16:00:00+00:00,0.0,0.0,10.51,53.78,0.31,UKP_0023,2,2016
2016-05-15 17:00:00+00:00,0.0,0.0,9.32,58.33,1.03,UKP_0023,2,2016
2016-05-15 18:00:00+00:00,0.0,0.0,8.46,63.02,1.32,UKP_0023,2,2016
2016-05-15 19:00:00+00:00,0.0,0.0,7.9,64.91,1.4,UKP_0023,2,2016
2016-05-15 20:00:00+00:00,0.0,0.0,7.66,65.42,1.33,UKP_0023,2,2016
2016-05-15 21:00:00+00:00,0.0,0.0,7.65,63.73,1.21,UKP_0023,2,2016
2016-05-15 22:00:00+00:00,0.0,0.0,7.45,62.97,1.25,UKP_0023,2,2016
2016-05-15 23:00:00+00:00,0.0,0.0,7.35,61.65,1.3,UKP_0023,2,2016
2016-05-16 00:00:00+00:00,95.72,116.12,8.11,62.68,1.21,UKP_0023,2,2016
2016-05-16 01:00:00+00:00,281.38,353.48,11.4,51.68,0.49,UKP_0023,2,2016
2016-05-16 02:00:00+00:00,478.98,593.62,13.82,38.24,1.81,UKP_0023,2,2016
2016-05-16 03:00:00+00:00,648.5,805.75,15.77,32.17,3.18,UKP_0023,2,2016
2016-05-16 04:00:00+00:00,790.38,973.8,17.37,28.39,4.15,UKP_0023,2,2016
2016-05-16 05:00:00+00:00,929.95,1083.6,18.48,26.26,5.11,UKP_0023,2,2016
2016-05-16 06:00:00+00:00,1043.5,1118.28,19.12,25.28,5.94,UKP_0023,2,2016
2016-05-16 07:00:00+00:00,931.88,1087.47,19.37,24.58,6.42,UKP_0023,2,2016
2016-05-16 08:00:00+00:00,857.17,990.92,19.23,24.28,6.71,UKP_0023,2,2016
2016-05-16 09:00:00+00:00,712.9,836.88,18.72,24.32,6.64,UKP_0023,2,2016
2016-05-16 10:00:00+00:00,490.58,635.5,17.78,25.19,6.31,UKP_0023,2,2016
2016-05-16 11:00:00+00:00,292.15,403.9,16.46,27.02,5.71,UKP_0023,2,2016
2016-05-16 12:00:00+00:00,128.25,167.12,14.57,33.34,4.16,UKP_0023,2,2016
2016-05-16 13:00:00+00:00,5.82,9.07,11.38,54.76,2.43,UKP_0023,2,2016
2016-05-16 14:00:00+00:00,0.0,0.0,10.65,55.16,1.9,UKP_0023,2,2016
2016-05-16 15:00:00+00:00,0.0,0.0,10.5,53.81,1.6,UKP_0023,2,2016
2016-05-16 16:00:00+00:00,0.0,0.0,10.25,53.56,1.23,UKP_0023,2,2016
2016-05-16 17:00:00+00:00,0.0,0.0,10.26,51.01,0.94,UKP_0023,2,2016
2016-05-16 18:00:00+00:00,0.0,0.0,9.92,52.26,0.73,UKP_0023,2,2016
2016-05-16 19:00:00+00:00,0.0,0.0,9.59,54.34,0.45,UKP_0023,2,2016
2016-05-16 20:00:00+00:00,0.0,0.0,9.12,56.65,0.23,UKP_0023,2,2016
2016-05-16 21:00:00+00:00,0.0,0.0,8.57,58.98,0.16,UKP_0023,2,2016
2016-05-16 22:00:00+00:00,0.0,0.0,7.91,62.62,0.3,UKP_0023,2,2016
2016-05-16 23:00:00+00:00,0.0,0.0,7.53,64.59,0.38,UKP_0023,2,2016
2016-05-17 00:00:00+00:00,88.65,112.62,8.17,65.54,0.27,UKP_0023,2,2016
2016-05-17 01:00:00+00:00,249.88,346.2,10.68,55.19,1.0,UKP_0023,2,2016
2016-05-17 02:00:00+00:00,436.1,584.75,12.87,44.31,3.15,UKP_0023,2,2016
2016-05-17 03:00:00+00:00,585.85,794.8,14.55,39.73,4.11,UKP_0023,2,2016
2016-05-17 04:00:00+00:00,730.67,961.38,15.8,36.78,4.93,UKP_0023,2,2016
2016-05-17 05:00:00+00:00,889.12,1066.62,16.7,34.89,5.51,UKP_0023,2,2016
2016-05-17 06:00:00+00:00,948.03,1096.6,17.42,33.37,5.83,UKP_0023,2,2016
2016-05-17 07:00:00+00:00,845.95,1062.4,17.67,32.66,5.82,UKP_0023,2,2016
2016-05-17 08:00:00+00:00,729.8,967.65,17.91,31.93,5.62,UKP_0023,2,2016
2016-05-17 09:00:00+00:00,639.67,816.47,18.3,30.87,5.48,UKP_0023,2,2016
2016-05-17 10:00:00+00:00,478.52,618.0,18.29,30.08,5.28,UKP_0023,2,2016
2016-05-17 11:00:00+00:00,277.48,390.23,17.48,30.65,4.82,UKP_0023,2,2016
2016-05-17 12:00:00+00:00,109.88,159.43,15.75,36.71,3.4,UKP_0023,2,2016
2016-05-17 13:00:00+00:00,6.22,8.77,12.28,56.44,2.07,UKP_0023,2,2016
2016-05-17 14:00:00+00:00,0.0,0.0,11.93,51.27,1.33,UKP_0023,2,2016
2016-05-17 15:00:00+00:00,0.0,0.0,11.7,47.8,0.65,UKP_0023,2,2016
2016-05-17 16:00:00+00:00,0.0,0.0,10.34,52.5,1.16,UKP_0023,2,2016
2016-05-17 17:00:00+00:00,0.0,0.0,9.57,55.19,1.41,UKP_0023,2,2016
2016-05-17 18:00:00+00:00,0.0,0.0,9.05,57.55,1.44,UKP_0023,2,2016
2016-05-17 19:00:00+00:00,0.0,0.0,8.6,59.13,1.45,UKP_0023,2,2016
2016-05-17 20:00:00+00:00,0.0,0.0,8.08,60.93,1.49,UKP_0023,2,2016
2016-05-17 21:00:00+00:00,0.0,0.0,7.43,63.37,1.73,UKP_0023,2,2016
2016-05-17 22:00:00+00:00,0.0,0.0,7.12,63.96,1.83,UKP_0023,2,2016
2016-05-17 23:00:00+00:00,0.0,0.0,7.08,63.39,1.84,UKP_0023,2,2016
2016-05-18 00:00:00+00:00,97.93,115.05,8.18,64.58,1.7,UKP_0023,2,2016
2016-05-18 01:00:00+00:00,294.75,345.92,12.23,48.41,1.53,UKP_0023,2,2016
2016-05-18 02:00:00+00:00,507.75,581.03,14.77,35.01,2.15,UKP_0023,2,2016
2016-05-18 03:00:00+00:00,668.1,789.17,16.5,31.76,2.9,UKP_0023,2,2016
2016-05-18 04:00:00+00:00,809.28,954.15,18.03,30.08,3.76,UKP_0023,2,2016
2016-05-18 05:00:00+00:00,1039.43,1063.88,19.17,29.11,4.58,UKP_0023,2,2016
2016-05-18 06:00:00+00:00,949.67,1097.6,19.91,28.56,5.13,UKP_0023,2,2016
2016-05-18 07:00:00+00:00,1010.42,1073.43,20.24,28.43,5.42,UKP_0023,2,2016
2016-05-18 08:00:00+00:00,783.33,977.72,20.17,28.63,5.51,UKP_0023,2,2016
2016-05-18 09:00:00+00:00,696.38,825.15,19.76,29.16,5.3,UKP_0023,2,2016
2016-05-18 10:00:00+00:00,499.17,626.8,19.05,29.91,4.86,UKP_0023,2,2016
2016-05-18 11:00:00+00:00,309.75,398.38,18.01,31.49,4.27,UKP_0023,2,2016
2016-05-18 12:00:00+00:00,136.8,165.38,16.35,38.88,2.99,UKP_0023,2,2016
2016-05-18 13:00:00+00:00,7.57,9.48,13.64,55.94,1.74,UKP_0023,2,2016
2016-05-18 14:00:00+00:00,0.0,0.0,13.12,52.01,1.25,UKP_0023,2,2016
2016-05-18 15:00:00+00:00,0.0,0.0,12.79,50.54,0.81,UKP_0023,2,2016
2016-05-18 16:00:00+00:00,0.0,0.0,12.37,47.94,0.64,UKP_0023,2,2016
2016-05-18 17:00:00+00:00,0.0,0.0,11.33,52.35,0.73,UKP_0023,2,2016
2016-05-18 18:00:00+00:00,0.0,0.0,10.7,54.67,0.83,UKP_0023,2,2016
2016-05-18 19:00:00+00:00,0.0,0.0,9.9,57.11,0.97,UKP_0023,2,2016
2016-05-18 20:00:00+00:00,0.0,0.0,9.07,61.05,1.19,UKP_0023,2,2016
2016-05-18 21:00:00+00:00,0.0,0.0,8.37,64.21,1.32,UKP_0023,2,2016
2016-05-18 22:00:00+00:00,0.0,0.0,7.78,66.75,1.41,UKP_0023,2,2016
2016-05-18 23:00:00+00:00,0.0,0.0,7.21,69.43,1.46,UKP_0023,2,2016
2016-05-19 00:00:00+00:00,90.18,119.0,7.87,72.18,1.29,UKP_0023,2,2016
2016-05-19 01:00:00+00:00,260.08,350.65,11.3,52.01,1.01,UKP_0023,2,2016
2016-05-19 02:00:00+00:00,466.02,585.15,14.0,39.73,1.0,UKP_0023,2,2016
2016-05-19 03:00:00+00:00,608.17,792.25,15.95,34.98,2.67,UKP_0023,2,2016
2016-05-19 04:00:00+00:00,789.72,957.2,17.53,31.8,3.86,UKP_0023,2,2016
2016-05-19 05:00:00+00:00,869.83,1066.15,18.71,30.19,4.68,UKP_0023,2,2016
2016-05-19 06:00:00+00:00,870.95,1094.97,19.46,29.58,5.22,UKP_0023,2,2016
2016-05-19 07:00:00+00:00,826.58,1066.3,19.84,29.59,5.56,UKP_0023,2,2016
2016-05-19 08:00:00+00:00,604.5,961.85,19.71,30.63,5.74,UKP_0023,2,2016
2016-05-19 09:00:00+00:00,606.88,818.08,19.22,32.22,5.96,UKP_0023,2,2016
2016-05-19 10:00:00+00:00,393.08,618.05,18.39,34.19,5.84,UKP_0023,2,2016
2016-05-19 11:00:00+00:00,224.02,388.75,17.27,36.91,5.26,UKP_0023,2,2016
2016-05-19 12:00:00+00:00,79.25,156.27,15.72,41.8,3.92,UKP_0023,2,2016
2016-05-19 13:00:00+00:00,5.15,9.15,12.8,61.3,2.15,UKP_0023,2,2016
2016-05-19 14:00:00+00:00,0.0,0.0,11.83,63.52,1.66,UKP_0023,2,2016
2016-05-19 15:00:00+00:00,0.0,0.0,11.62,60.7,1.28,UKP_0023,2,2016
2016-05-19 16:00:00+00:00,0.0,0.0,11.51,56.64,0.88,UKP_0023,2,2016
2016-05-19 17:00:00+00:00,0.0,0.0,11.18,56.39,0.5,UKP_0023,2,2016
2016-05-19 18:00:00+00:00,0.0,0.0,10.16,60.98,0.64,UKP_0023,2,2016
2016-05-19 19:00:00+00:00,0.0,0.0,9.68,62.21,0.79,UKP_0023,2,2016
2016-05-19 20:00:00+00:00,0.0,0.0,9.2,63.27,0.87,UKP_0023,2,2016
2016-05-19 21:00:00+00:00,0.0,0.0,8.86,63.34,0.92,UKP_0023,2,2016
2016-05-19 22:00:00+00:00,0.0,0.0,8.72,62.84,0.91,UKP_0023,2,2016
2016-05-19 23:00:00+00:00,0.0,0.0,8.54,62.7,0.97,UKP_0023,2,2016
2016-05-20 00:00:00+00:00,85.47,106.45,9.19,63.84,1.02,UKP_0023,2,2016
2016-05-20 01:00:00+00:00,251.35,330.85,12.15,50.37,0.72,UKP_0023,2,2016
2016-05-20 02:00:00+00:00,493.1,566.15,14.57,38.99,1.95,UKP_0023,2,2016
2016-05-20 03:00:00+00:00,657.15,775.83,16.56,33.55,2.98,UKP_0023,2,2016
2016-05-20 04:00:00+00:00,841.05,944.53,18.31,30.19,3.87,UKP_0023,2,2016
2016-05-20 05:00:00+00:00,931.4,1053.55,19.61,28.16,4.73,UKP_0023,2,2016
2016-05-20 06:00:00+00:00,957.12,1092.38,20.47,27.61,5.58,UKP_0023,2,2016
2016-05-20 07:00:00+00:00,827.67,1055.32,20.69,28.67,6.32,UKP_0023,2,2016
2016-05-20 08:00:00+00:00,853.47,960.12,20.26,31.16,6.62,UKP_0023,2,2016
2016-05-20 09:00:00+00:00,576.17,794.35,19.39,34.2,6.55,UKP_0023,2,2016
2016-05-20 10:00:00+00:00,518.28,599.38,18.18,38.36,6.16,UKP_0023,2,2016
2016-05-20 11:00:00+00:00,315.1,369.62,16.74,43.35,5.36,UKP_0023,2,2016
2016-05-20 12:00:00+00:00,102.72,143.4,15.18,49.83,3.83,UKP_0023,2,2016
2016-05-20 13:00:00+00:00,2.7,8.75,12.8,67.78,2.25,UKP_0023,2,2016
2016-05-20 14:00:00+00:00,0.0,0.0,12.11,70.18,1.66,UKP_0023,2,2016
2016-05-20 15:00:00+00:00,0.0,0.0,11.76,69.21,1.38,UKP_0023,2,2016
2016-05-20 16:00:00+00:00,0.0,0.0,11.37,67.18,1.2,UKP_0023,2,2016
2016-05-20 17:00:00+00:00,0.0,0.0,11.3,61.86,0.66,UKP_0023,2,2016
2016-05-20 18:00:00+00:00,0.0,0.0,10.56,63.48,0.03,UKP_0023,2,2016
2016-05-20 19:00:00+00:00,0.0,0.0,9.61,68.55,0.44,UKP_0023,2,2016
2016-05-20 20:00:00+00:00,0.0,0.0,8.87,71.53,0.82,UKP_0023,2,2016
2016-05-20 21:00:00+00:00,0.0,0.0,8.2,75.63,1.1,UKP_0023,2,2016
2016-05-20 22:00:00+00:00,0.0,0.0,8.0,78.94,1.2,UKP_0023,2,2016
2016-05-20 23:00:00+00:00,0.0,0.0,7.67,78.94,1.35,UKP_0023,2,2016
2016-05-21 00:00:00+00:00,80.15,106.43,8.24,81.24,1.39,UKP_0023,2,2016
2016-05-21 01:00:00+00:00,225.93,328.98,11.26,63.18,1.57,UKP_0023,2,2016
2016-05-21 02:00:00+00:00,455.27,564.7,13.99,45.94,2.82,UKP_0023,2,2016
2016-05-21 03:00:00+00:00,599.92,775.5,16.16,36.45,3.85,UKP_0023,2,2016
2016-05-21 04:00:00+00:00,824.8,944.38,17.86,31.04,4.65,UKP_0023,2,2016
2016-05-21 05:00:00+00:00,722.97,1054.85,19.03,28.33,5.42,UKP_0023,2,2016
2016-05-21 06:00:00+00:00,902.12,1090.03,19.74,27.15,6.16,UKP_0023,2,2016
2016-05-21 07:00:00+00:00,756.55,1057.47,19.97,27.04,6.64,UKP_0023,2,2016
2016-05-21 08:00:00+00:00,744.0,1012.05,19.66,27.66,6.83,UKP_0023,2,2016
2016-05-21 09:00:00+00:00,588.53,851.7,19.08,28.67,6.53,UKP_0023,2,2016
2016-05-21 10:00:00+00:00,395.75,639.72,18.33,30.15,5.96,UKP_0023,2,2016
2016-05-21 11:00:00+00:00,240.55,399.92,17.3,32.63,5.14,UKP_0023,2,2016
2016-05-21 12:00:00+00:00,83.95,159.07,15.74,39.65,3.41,UKP_0023,2,2016
2016-05-21 13:00:00+00:00,4.5,9.95,13.07,58.6,2.01,UKP_0023,2,2016
2016-05-21 14:00:00+00:00,0.0,0.0,12.58,58.04,1.44,UKP_0023,2,2016
2016-05-21 15:00:00+00:00,0.0,0.0,12.43,54.64,0.99,UKP_0023,2,2016
2016-05-21 16:00:00+00:00,0.0,0.0,11.77,56.37,0.91,UKP_0023,2,2016
2016-05-21 17:00:00+00:00,0.0,0.0,11.18,55.02,1.08,UKP_0023,2,2016
2016-05-21 18:00:00+00:00,0.0,0.0,10.6,55.87,1.38,UKP_0023,2,2016
2016-05-21 19:00:00+00:00,0.0,0.0,9.91,59.3,1.59,UKP_0023,2,2016
2016-05-21 20:00:00+00:00,0.0,0.0,9.32,60.92,1.74,UKP_0023,2,2016
2016-05-21 21:00:00+00:00,0.0,0.0,8.84,61.43,1.79,UKP_0023,2,2016
2016-05-21 22:00:00+00:00,0.0,0.0,8.23,61.77,1.94,UKP_0023,2,2016
2016-05-21 23:00:00+00:00,0.0,0.0,7.59,61.34,2.11,UKP_0023,2,2016
2016-05-22 00:00:00+00:00,102.82,118.1,8.26,64.02,2.15,UKP_0023,2,2016
2016-05-22 01:00:00+00:00,294.98,348.45,12.26,43.47,2.1,UKP_0023,2,2016
2016-05-22 02:00:00+00:00,511.3,585.95,15.74,27.96,0.81,UKP_0023,2,2016
2016-05-22 03:00:00+00:00,700.6,797.2,18.2,20.94,0.6,UKP_0023,2,2016
2016-05-22 04:00:00+00:00,849.85,965.12,20.3,17.71,2.18,UKP_0023,2,2016
2016-05-22 05:00:00+00:00,1013.53,1076.62,21.55,18.01,4.13,UKP_0023,2,2016
2016-05-22 06:00:00+00:00,948.85,1109.78,22.08,20.08,5.74,UKP_0023,2,2016
2016-05-22 07:00:00+00:00,1003.85,1084.68,22.06,23.0,6.78,UKP_0023,2,2016
2016-05-22 08:00:00+00:00,688.58,977.35,21.59,26.04,7.11,UKP_0023,2,2016
2016-05-22 09:00:00+00:00,633.83,825.3,20.73,28.94,6.62,UKP_0023,2,2016
2016-05-22 10:00:00+00:00,453.45,621.03,19.53,32.28,5.95,UKP_0023,2,2016
2016-05-22 11:00:00+00:00,263.62,387.62,18.24,35.79,5.06,UKP_0023,2,2016
2016-05-22 12:00:00+00:00,99.8,154.65,16.6,41.53,3.52,UKP_0023,2,2016
2016-05-22 13:00:00+00:00,7.43,9.98,13.98,58.43,1.95,UKP_0023,2,2016
2016-05-22 14:00:00+00:00,0.0,0.0,13.27,58.6,0.92,UKP_0023,2,2016
2016-05-22 15:00:00+00:00,0.0,0.0,12.77,57.8,0.37,UKP_0023,2,2016
2016-05-22 16:00:00+00:00,0.0,0.0,12.49,56.07,0.34,UKP_0023,2,2016
2016-05-22 17:00:00+00:00,0.0,0.0,12.12,56.84,0.46,UKP_0023,2,2016
2016-05-22 18:00:00+00:00,0.0,0.0,11.7,57.3,0.53,UKP_0023,2,2016
2016-05-22 19:00:00+00:00,0.0,0.0,11.37,57.06,0.37,UKP_0023,2,2016
2016-05-22 20:00:00+00:00,0.0,0.0,10.84,58.57,0.05,UKP_0023,2,2016
2016-05-22 21:00:00+00:00,0.0,0.0,9.82,63.51,0.36,UKP_0023,2,2016
2016-05-22 22:00:00+00:00,0.0,0.0,9.19,65.3,0.73,UKP_0023,2,2016
2016-05-22 23:00:00+00:00,0.0,0.0,8.6,67.37,0.95,UKP_0023,2,2016
2016-05-23 00:00:00+00:00,77.35,102.78,9.15,69.74,0.92,UKP_0023,2,2016
2016-05-23 01:00:00+00:00,233.6,329.48,11.88,59.03,0.35,UKP_0023,2,2016
2016-05-23 02:00:00+00:00,444.55,562.05,14.25,44.4,1.43,UKP_0023,2,2016
2016-05-23 03:00:00+00:00,612.35,766.83,16.29,37.5,2.95,UKP_0023,2,2016
2016-05-23 04:00:00+00:00,765.0,929.85,17.91,33.73,4.34,UKP_0023,2,2016
2016-05-23 05:00:00+00:00,848.67,1033.6,18.88,32.5,5.26,UKP_0023,2,2016
2016-05-23 06:00:00+00:00,866.6,1068.25,19.46,32.36,5.86,UKP_0023,2,2016
2016-05-23 07:00:00+00:00,728.33,1044.28,19.68,32.97,6.42,UKP_0023,2,2016
2016-05-23 08:00:00+00:00,691.9,950.78,19.29,35.55,6.97,UKP_0023,2,2016
2016-05-23 09:00:00+00:00,576.0,806.7,17.94,41.85,6.75,UKP_0023,2,2016
2016-05-23 10:00:00+00:00,492.23,606.9,16.25,48.72,6.3,UKP_0023,2,2016
2016-05-23 11:00:00+00:00,254.45,377.95,14.8,54.19,5.86,UKP_0023,2,2016
2016-05-23 12:00:00+00:00,87.38,150.68,13.56,58.32,5.21,UKP_0023,2,2016
2016-05-23 13:00:00+00:00,5.97,10.35,11.87,68.47,3.12,UKP_0023,2,2016
2016-05-23 14:00:00+00:00,0.0,0.0,10.93,76.31,2.32,UKP_0023,2,2016
2016-05-23 15:00:00+00:00,0.0,0.0,10.13,79.01,2.27,UKP_0023,2,2016
2016-05-23 16:00:00+00:00,0.0,0.0,9.78,78.36,1.96,UKP_0023,2,2016
2016-05-23 17:00:00+00:00,0.0,0.0,9.62,77.19,1.71,UKP_0023,2,2016
2016-05-23 18:00:00+00:00,0.0,0.0,9.2,80.25,1.87,UKP_0023,2,2016
2016-05-23 19:00:00+00:00,0.0,0.0,9.04,83.69,1.73,UKP_0023,2,2016
2016-05-23 20:00:00+00:00,0.0,0.0,8.81,87.97,1.07,UKP_0023,2,2016
2016-05-23 21:00:00+00:00,0.0,0.0,8.18,90.61,0.86,UKP_0023,2,2016
2016-05-23 22:00:00+00:00,0.0,0.0,7.87,92.09,1.02,UKP_0023,2,2016
2016-05-23 23:00:00+00:00,0.0,0.0,7.43,94.83,0.82,UKP_0023,2,2016
2016-05-24 00:00:00+00:00,42.88,74.45,7.51,90.52,0.87,UKP_0023,2,2016
2016-05-24 01:00:00+00:00,132.45,246.77,8.79,83.11,1.83,UKP_0023,2,2016
2016-05-24 02:00:00+00:00,264.0,463.05,10.59,72.35,2.85,UKP_0023,2,2016
2016-05-24 03:00:00+00:00,337.73,663.6,12.79,56.68,3.18,UKP_0023,2,2016
2016-05-24 04:00:00+00:00,657.03,823.8,14.75,46.24,4.31,UKP_0023,2,2016
2016-05-24 05:00:00+00:00,394.3,919.65,15.91,42.71,5.13,UKP_0023,2,2016
2016-05-24 06:00:00+00:00,857.0,1100.15,16.66,41.93,6.04,UKP_0023,2,2016
2016-05-24 07:00:00+00:00,803.62,1059.75,16.86,42.82,6.95,UKP_0023,2,2016
2016-05-24 08:00:00+00:00,749.28,952.62,16.67,43.95,7.48,UKP_0023,2,2016
2016-05-24 09:00:00+00:00,662.05,796.53,16.12,45.37,7.48,UKP_0023,2,2016
2016-05-24 10:00:00+00:00,444.7,576.67,15.09,48.05,7.04,UKP_0023,2,2016
2016-05-24 11:00:00+00:00,280.02,347.8,13.72,52.7,6.26,UKP_0023,2,2016
2016-05-24 12:00:00+00:00,116.55,137.0,12.04,60.17,5.21,UKP_0023,2,2016
2016-05-24 13:00:00+00:00,8.85,10.52,10.41,70.75,3.6,UKP_0023,2,2016
2016-05-24 14:00:00+00:00,0.0,0.0,9.83,76.33,3.23,UKP_0023,2,2016
2016-05-24 15:00:00+00:00,0.0,0.0,9.33,81.24,3.01,UKP_0023,2,2016
2016-05-24 16:00:00+00:00,0.0,0.0,8.92,86.04,2.79,UKP_0023,2,2016
2016-05-24 17:00:00+00:00,0.0,0.0,8.33,89.82,2.91,UKP_0023,2,2016
2016-05-24 18:00:00+00:00,0.0,0.0,7.83,90.36,2.81,UKP_0023,2,2016
2016-05-24 19:00:00+00:00,0.0,0.0,7.38,90.63,2.25,UKP_0023,2,2016
2016-05-24 20:00:00+00:00,0.0,0.0,7.05,91.97,2.03,UKP_0023,2,2016
2016-05-24 21:00:00+00:00,0.0,0.0,6.66,92.73,1.63,UKP_0023,2,2016
2016-05-24 22:00:00+00:00,0.0,0.0,6.32,93.86,1.2,UKP_0023,2,2016
2016-05-24 23:00:00+00:00,0.0,0.0,5.97,95.81,0.78,UKP_0023,2,2016
2016-05-25 00:00:00+00:00,86.4,105.43,6.4,93.14,0.57,UKP_0023,2,2016
2016-05-25 01:00:00+00:00,239.98,325.25,8.32,78.37,0.95,UKP_0023,2,2016
2016-05-25 02:00:00+00:00,457.48,562.97,10.54,60.38,1.93,UKP_0023,2,2016
2016-05-25 03:00:00+00:00,671.22,776.1,12.62,47.24,3.76,UKP_0023,2,2016
2016-05-25 04:00:00+00:00,776.25,942.7,14.04,39.74,5.33,UKP_0023,2,2016
2016-05-25 05:00:00+00:00,962.5,1055.97,15.04,34.91,6.58,UKP_0023,2,2016
2016-05-25 06:00:00+00:00,904.05,1107.32,15.82,31.95,7.54,UKP_0023,2,2016
2016-05-25 07:00:00+00:00,851.83,1075.05,16.23,31.46,8.23,UKP_0023,2,2016
2016-05-25 08:00:00+00:00,799.2,987.9,16.09,33.78,8.49,UKP_0023,2,2016
2016-05-25 09:00:00+00:00,613.53,838.35,15.5,37.82,8.08,UKP_0023,2,2016
2016-05-25 10:00:00+00:00,473.92,641.6,14.58,42.38,7.43,UKP_0023,2,2016
2016-05-25 11:00:00+00:00,291.95,414.15,13.28,47.19,6.51,UKP_0023,2,2016
2016-05-25 12:00:00+00:00,109.25,179.2,11.92,52.15,5.29,UKP_0023,2,2016
2016-05-25 13:00:00+00:00,8.18,13.18,10.23,60.86,3.18,UKP_0023,2,2016
2016-05-25 14:00:00+00:00,0.0,0.0,8.81,70.61,2.15,UKP_0023,2,2016
2016-05-25 15:00:00+00:00,0.0,0.0,8.22,74.45,1.98,UKP_0023,2,2016
2016-05-25 16:00:00+00:00,0.0,0.0,7.94,75.41,1.86,UKP_0023,2,2016
2016-05-25 17:00:00+00:00,0.0,0.0,7.87,74.53,1.68,UKP_0023,2,2016
2016-05-25 18:00:00+00:00,0.0,0.0,7.81,73.79,1.5,UKP_0023,2,2016
2016-05-25 19:00:00+00:00,0.0,0.0,7.65,74.06,1.21,UKP_0023,2,2016
2016-05-25 20:00:00+00:00,0.0,0.0,7.54,74.61,0.93,UKP_0023,2,2016
2016-05-25 21:00:00+00:00,0.0,0.0,7.27,75.45,0.65,UKP_0023,2,2016
2016-05-25 22:00:00+00:00,0.0,0.0,6.76,76.13,0.48,UKP_0023,2,2016
2016-05-25 23:00:00+00:00,0.0,0.0,5.98,79.29,0.58,UKP_0023,2,2016
2016-05-26 00:00:00+00:00,101.95,127.2,6.63,77.67,0.64,UKP_0023,2,2016
2016-05-26 01:00:00+00:00,281.58,356.33,9.0,62.93,1.51,UKP_0023,2,2016
2016-05-26 02:00:00+00:00,514.45,592.1,11.31,50.47,3.07,UKP_0023,2,2016
2016-05-26 03:00:00+00:00,675.35,799.0,13.23,43.19,3.91,UKP_0023,2,2016
2016-05-26 04:00:00+00:00,807.25,962.22,14.91,38.08,4.86,UKP_0023,2,2016
2016-05-26 05:00:00+00:00,947.45,1070.22,16.2,34.77,5.74,UKP_0023,2,2016
2016-05-26 06:00:00+00:00,852.65,1103.6,17.14,32.63,6.49,UKP_0023,2,2016
2016-05-26 07:00:00+00:00,792.65,1078.9,17.67,31.55,7.11,UKP_0023,2,2016
2016-05-26 08:00:00+00:00,584.15,981.33,17.62,31.75,7.59,UKP_0023,2,2016
2016-05-26 09:00:00+00:00,553.78,838.62,17.08,33.36,7.68,UKP_0023,2,2016
2016-05-26 10:00:00+00:00,389.6,642.62,16.12,36.0,7.32,UKP_0023,2,2016
2016-05-26 11:00:00+00:00,226.4,415.33,14.91,39.04,6.67,UKP_0023,2,2016
2016-05-26 12:00:00+00:00,82.35,180.4,13.51,42.77,5.41,UKP_0023,2,2016
2016-05-26 13:00:00+00:00,6.43,13.85,10.96,55.36,2.95,UKP_0023,2,2016
2016-05-26 14:00:00+00:00,0.0,0.0,9.58,63.91,1.91,UKP_0023,2,2016
2016-05-26 15:00:00+00:00,0.0,0.0,9.42,63.51,1.35,UKP_0023,2,2016
2016-05-26 16:00:00+00:00,0.0,0.0,9.45,61.23,0.62,UKP_0023,2,2016
2016-05-26 17:00:00+00:00,0.0,0.0,9.22,60.76,0.59,UKP_0023,2,2016
2016-05-26 18:00:00+00:00,0.0,0.0,8.24,63.69,1.07,UKP_0023,2,2016
2016-05-26 19:00:00+00:00,0.0,0.0,7.8,64.56,1.17,UKP_0023,2,2016
2016-05-26 20:00:00+00:00,0.0,0.0,7.55,64.48,1.19,UKP_0023,2,2016
2016-05-26 21:00:00+00:00,0.0,0.0,7.39,63.98,1.11,UKP_0023,2,2016
2016-05-26 22:00:00+00:00,0.0,0.0,7.14,63.88,1.12,UKP_0023,2,2016
2016-05-26 23:00:00+00:00,0.0,0.0,6.76,64.46,1.2,UKP_0023,2,2016
2016-05-27 00:00:00+00:00,90.78,123.55,7.72,64.08,1.16,UKP_0023,2,2016
2016-05-27 01:00:00+00:00,264.2,347.62,11.33,46.72,0.47,UKP_0023,2,2016
2016-05-27 02:00:00+00:00,476.0,581.0,13.95,36.49,1.94,UKP_0023,2,2016
2016-05-27 03:00:00+00:00,596.72,787.22,15.95,31.17,3.48,UKP_0023,2,2016
2016-05-27 04:00:00+00:00,797.12,952.67,17.58,27.77,4.56,UKP_0023,2,2016
2016-05-27 05:00:00+00:00,894.72,1061.28,18.71,26.34,5.51,UKP_0023,2,2016
2016-05-27 06:00:00+00:00,959.88,1105.97,19.39,25.99,6.09,UKP_0023,2,2016
2016-05-27 07:00:00+00:00,869.83,1083.82,19.84,25.98,6.58,UKP_0023,2,2016
2016-05-27 08:00:00+00:00,843.25,996.25,19.85,27.01,7.17,UKP_0023,2,2016
2016-05-27 09:00:00+00:00,680.9,841.97,19.28,29.37,7.42,UKP_0023,2,2016
2016-05-27 10:00:00+00:00,489.7,644.5,18.14,32.87,7.1,UKP_0023,2,2016
2016-05-27 11:00:00+00:00,296.38,417.83,16.77,36.3,6.23,UKP_0023,2,2016
2016-05-27 12:00:00+00:00,136.48,184.98,15.33,39.79,4.88,UKP_0023,2,2016
2016-05-27 13:00:00+00:00,9.62,14.75,12.63,51.31,2.5,UKP_0023,2,2016
2016-05-27 14:00:00+00:00,0.0,0.0,11.19,58.87,1.6,UKP_0023,2,2016
2016-05-27 15:00:00+00:00,0.0,0.0,10.9,57.81,1.1,UKP_0023,2,2016
2016-05-27 16:00:00+00:00,0.0,0.0,10.64,57.35,0.44,UKP_0023,2,2016
2016-05-27 17:00:00+00:00,0.0,0.0,10.32,57.17,0.11,UKP_0023,2,2016
2016-05-27 18:00:00+00:00,0.0,0.0,9.71,59.72,0.43,UKP_0023,2,2016
2016-05-27 19:00:00+00:00,0.0,0.0,8.71,62.59,0.8,UKP_0023,2,2016
2016-05-27 20:00:00+00:00,0.0,0.0,8.0,64.52,1.09,UKP_0023,2,2016
2016-05-27 21:00:00+00:00,0.0,0.0,7.28,67.0,1.36,UKP_0023,2,2016
2016-05-27 22:00:00+00:00,0.0,0.0,6.8,68.46,1.48,UKP_0023,2,2016
2016-05-27 23:00:00+00:00,0.0,0.0,6.54,69.03,1.48,UKP_0023,2,2016
2016-05-28 00:00:00+00:00,82.88,127.03,7.86,65.82,1.21,UKP_0023,2,2016
2016-05-28 01:00:00+00:00,216.18,350.67,11.29,48.97,1.45,UKP_0023,2,2016
2016-05-28 02:00:00+00:00,373.15,581.97,13.5,41.29,2.69,UKP_0023,2,2016
2016-05-28 03:00:00+00:00,521.75,786.58,15.15,36.73,3.6,UKP_0023,2,2016
2016-05-28 04:00:00+00:00,706.3,947.85,16.53,33.33,4.36,UKP_0023,2,2016
2016-05-28 05:00:00+00:00,767.35,1058.47,17.62,30.93,5.14,UKP_0023,2,2016
2016-05-28 06:00:00+00:00,817.6,1088.78,18.38,29.47,5.91,UKP_0023,2,2016
2016-05-28 07:00:00+00:00,715.88,1053.6,18.81,28.92,6.58,UKP_0023,2,2016
2016-05-28 08:00:00+00:00,498.05,956.97,18.78,29.68,7.11,UKP_0023,2,2016
2016-05-28 09:00:00+00:00,389.12,811.47,17.95,33.14,7.17,UKP_0023,2,2016
2016-05-28 10:00:00+00:00,243.85,612.25,16.73,39.47,6.96,UKP_0023,2,2016
2016-05-28 11:00:00+00:00,131.0,382.4,14.87,49.3,6.29,UKP_0023,2,2016
2016-05-28 12:00:00+00:00,44.03,156.73,12.74,59.63,5.01,UKP_0023,2,2016
2016-05-28 13:00:00+00:00,3.45,12.3,11.92,64.83,3.99,UKP_0023,2,2016
2016-05-28 14:00:00+00:00,0.0,0.0,11.38,68.77,3.15,UKP_0023,2,2016
2016-05-28 15:00:00+00:00,0.0,0.0,10.63,71.89,2.89,UKP_0023,2,2016
2016-05-28 16:00:00+00:00,0.0,0.0,10.07,74.65,2.88,UKP_0023,2,2016
2016-05-28 17:00:00+00:00,0.0,0.0,9.68,76.72,2.81,UKP_0023,2,2016
2016-05-28 18:00:00+00:00,0.0,0.0,8.9,82.59,2.42,UKP_0023,2,2016
2016-05-28 19:00:00+00:00,0.0,0.0,8.26,88.47,1.95,UKP_0023,2,2016
2016-05-28 20:00:00+00:00,0.0,0.0,8.04,91.74,1.65,UKP_0023,2,2016
2016-05-28 21:00:00+00:00,0.0,0.0,7.83,93.23,1.36,UKP_0023,2,2016
2016-05-28 22:00:00+00:00,0.0,0.0,7.55,98.94,1.18,UKP_0023,2,2016
2016-05-28 23:00:00+00:00,0.0,0.0,7.38,100.0,1.12,UKP_0023,2,2016
2016-05-29 00:00:00+00:00,48.3,97.05,7.75,98.7,2.11,UKP_0023,2,2016
2016-05-29 01:00:00+00:00,153.43,299.25,8.58,95.66,4.02,UKP_0023,2,2016
2016-05-29 02:00:00+00:00,275.8,530.3,9.5,88.44,6.23,UKP_0023,2,2016
2016-05-29 03:00:00+00:00,473.17,764.17,10.8,75.22,6.74,UKP_0023,2,2016
2016-05-29 04:00:00+00:00,567.15,921.83,11.86,66.34,6.66,UKP_0023,2,2016
2016-05-29 05:00:00+00:00,576.33,1026.9,12.33,63.57,6.48,UKP_0023,2,2016
2016-05-29 06:00:00+00:00,780.22,1096.8,12.58,63.83,6.45,UKP_0023,2,2016
2016-05-29 07:00:00+00:00,652.1,1077.12,12.62,64.39,6.91,UKP_0023,2,2016
2016-05-29 08:00:00+00:00,758.72,937.35,12.4,64.83,7.39,UKP_0023,2,2016
2016-05-29 09:00:00+00:00,556.75,793.0,12.01,64.99,7.29,UKP_0023,2,2016
2016-05-29 10:00:00+00:00,367.5,602.58,11.84,63.55,6.9,UKP_0023,2,2016
2016-05-29 11:00:00+00:00,236.07,383.02,11.22,64.21,5.94,UKP_0023,2,2016
2016-05-29 12:00:00+00:00,83.38,160.93,10.45,67.78,4.4,UKP_0023,2,2016
2016-05-29 13:00:00+00:00,9.32,12.85,8.85,84.37,2.46,UKP_0023,2,2016
2016-05-29 14:00:00+00:00,0.0,0.0,8.13,91.0,1.76,UKP_0023,2,2016
2016-05-29 15:00:00+00:00,0.0,0.0,7.67,95.23,1.57,UKP_0023,2,2016
2016-05-29 16:00:00+00:00,0.0,0.0,7.37,97.98,1.15,UKP_0023,2,2016
2016-05-29 17:00:00+00:00,0.0,0.0,7.39,96.82,1.36,UKP_0023,2,2016
2016-05-29 18:00:00+00:00,0.0,0.0,7.29,99.48,1.61,UKP_0023,2,2016
2016-05-29 19:00:00+00:00,0.0,0.0,7.02,100.0,1.76,UKP_0023,2,2016
2016-05-29 20:00:00+00:00,0.0,0.0,6.82,100.0,1.91,UKP_0023,2,2016
2016-05-29 21:00:00+00:00,0.0,0.0,6.76,100.0,2.05,UKP_0023,2,2016
2016-05-29 22:00:00+00:00,0.0,0.0,6.56,100.0,1.8,UKP_0023,2,2016
2016-05-29 23:00:00+00:00,0.0,0.0,6.11,100.0,1.79,UKP_0023,2,2016
2016-05-30 00:00:00+00:00,48.42,97.07,6.91,100.0,2.28,UKP_0023,2,2016
2016-05-30 01:00:00+00:00,136.18,299.7,8.1,91.18,3.28,UKP_0023,2,2016
2016-05-30 02:00:00+00:00,233.82,530.7,9.49,79.78,3.8,UKP_0023,2,2016
2016-05-30 03:00:00+00:00,392.65,757.6,11.04,68.44,4.6,UKP_0023,2,2016
2016-05-30 04:00:00+00:00,616.62,951.22,12.32,60.59,5.48,UKP_0023,2,2016
2016-05-30 05:00:00+00:00,457.75,1038.57,12.98,56.76,6.01,UKP_0023,2,2016
2016-05-30 06:00:00+00:00,545.03,1095.68,13.43,54.96,6.45,UKP_0023,2,2016
2016-05-30 07:00:00+00:00,667.95,1076.4,13.61,54.15,7.0,UKP_0023,2,2016
2016-05-30 08:00:00+00:00,524.85,957.65,13.46,54.94,7.33,UKP_0023,2,2016
2016-05-30 09:00:00+00:00,453.33,799.05,12.92,57.79,7.06,UKP_0023,2,2016
2016-05-30 10:00:00+00:00,243.18,605.25,12.05,62.28,6.28,UKP_0023,2,2016
2016-05-30 11:00:00+00:00,151.12,388.38,11.21,66.49,5.63,UKP_0023,2,2016
2016-05-30 12:00:00+00:00,67.85,171.18,10.09,72.55,4.77,UKP_0023,2,2016
2016-05-30 13:00:00+00:00,8.6,14.57,8.83,82.41,3.0,UKP_0023,2,2016
2016-05-30 14:00:00+00:00,0.0,0.0,8.08,91.37,1.81,UKP_0023,2,2016
2016-05-30 15:00:00+00:00,0.0,0.0,7.53,93.18,1.64,UKP_0023,2,2016
2016-05-30 16:00:00+00:00,0.0,0.0,7.04,92.94,1.51,UKP_0023,2,2016
2016-05-30 17:00:00+00:00,0.0,0.0,6.71,91.99,1.33,UKP_0023,2,2016
2016-05-30 18:00:00+00:00,0.0,0.0,6.66,92.28,1.11,UKP_0023,2,2016
2016-05-30 19:00:00+00:00,0.0,0.0,6.46,92.71,1.08,UKP_0023,2,2016
2016-05-30 20:00:00+00:00,0.0,0.0,6.34,90.32,1.2,UKP_0023,2,2016
2016-05-30 21:00:00+00:00,0.0,0.0,6.39,86.87,1.14,UKP_0023,2,2016
2016-05-30 22:00:00+00:00,0.0,0.0,6.54,83.01,1.0,UKP_0023,2,2016
2016-05-30 23:00:00+00:00,0.0,0.0,6.59,81.03,0.85,UKP_0023,2,2016
2016-05-31 00:00:00+00:00,100.72,121.95,7.43,77.92,0.89,UKP_0023,2,2016
2016-05-31 01:00:00+00:00,278.83,348.95,9.92,66.51,0.27,UKP_0023,2,2016
2016-05-31 02:00:00+00:00,533.15,588.1,12.05,59.42,2.13,UKP_0023,2,2016
2016-05-31 03:00:00+00:00,704.8,791.92,13.67,52.75,3.41,UKP_0023,2,2016
2016-05-31 04:00:00+00:00,890.58,976.45,14.94,47.81,4.26,UKP_0023,2,2016
2016-05-31 05:00:00+00:00,838.58,1083.6,15.97,45.0,5.01,UKP_0023,2,2016
2016-05-31 06:00:00+00:00,952.35,1113.28,16.26,44.94,5.65,UKP_0023,2,2016
2016-05-31 07:00:00+00:00,854.5,1082.5,16.23,46.35,6.16,UKP_0023,2,2016
2016-05-31 08:00:00+00:00,624.15,988.1,15.87,48.52,6.35,UKP_0023,2,2016
2016-05-31 09:00:00+00:00,630.17,842.7,15.51,50.33,6.38,UKP_0023,2,2016
2016-05-31 10:00:00+00:00,359.23,641.75,14.8,53.46,6.11,UKP_0023,2,2016
2016-05-31 11:00:00+00:00,217.35,417.55,14.2,55.3,5.62,UKP_0023,2,2016
2016-05-31 12:00:00+00:00,103.55,187.77,13.33,58.31,4.58,UKP_0023,2,2016
2016-05-31 13:00:00+00:00,10.18,16.75,10.96,73.11,2.68,UKP_0023,2,2016
2016-05-31 14:00:00+00:00,0.0,0.0,9.75,79.14,2.1,UKP_0023,2,2016
2016-05-31 15:00:00+00:00,0.0,0.0,9.54,78.63,1.74,UKP_0023,2,2016
2016-05-31 16:00:00+00:00,0.0,0.0,9.54,76.52,1.24,UKP_0023,2,2016
2016-05-31 17:00:00+00:00,0.0,0.0,9.29,75.45,0.89,UKP_0023,2,2016
2016-05-31 18:00:00+00:00,0.0,0.0,8.94,75.49,0.84,UKP_0023,2,2016
2016-05-31 19:00:00+00:00,0.0,0.0,8.52,75.45,0.98,UKP_0023,2,2016
2016-05-31 20:00:00+00:00,0.0,0.0,7.95,75.81,1.16,UKP_0023,2,2016
2016-05-31 21:00:00+00:00,0.0,0.0,7.48,75.37,1.43,UKP_0023,2,2016
2016-05-31 22:00:00+00:00,0.0,0.0,6.86,75.74,1.67,UKP_0023,2,2016
2016-05-31 23:00:00+00:00,2.03,3.05,6.51,73.93,1.82,UKP_0023,2,2016
2016-06-01 00:00:00+00:00,119.03,131.5,7.77,72.69,1.75,UKP_0023,2,2016
2016-06-01 01:00:00+00:00,314.85,368.5,11.31,55.31,1.35,UKP_0023,2,2016
2016-06-01 02:00:00+00:00,536.38,605.35,14.11,42.24,1.31,UKP_0023,2,2016
2016-06-01 03:00:00+00:00,728.83,815.12,16.14,36.28,2.73,UKP_0023,2,2016
2016-06-01 04:00:00+00:00,858.9,981.4,17.45,35.63,4.11,UKP_0023,2,2016
2016-06-01 05:00:00+00:00,988.25,1089.15,18.3,36.81,5.12,UKP_0023,2,2016
2016-06-01 06:00:00+00:00,1006.95,1117.82,18.69,39.13,5.69,UKP_0023,2,2016
2016-06-01 07:00:00+00:00,832.97,1080.47,18.5,41.9,5.86,UKP_0023,2,2016
2016-06-01 08:00:00+00:00,768.1,987.75,17.8,45.47,5.87,UKP_0023,2,2016
2016-06-01 09:00:00+00:00,652.2,839.25,16.84,49.92,5.66,UKP_0023,2,2016
2016-06-01 10:00:00+00:00,467.92,644.12,15.81,55.02,5.23,UKP_0023,2,2016
2016-06-01 11:00:00+00:00,290.65,419.23,14.71,60.81,4.49,UKP_0023,2,2016
2016-06-01 12:00:00+00:00,142.4,188.55,13.76,66.29,3.56,UKP_0023,2,2016
2016-06-01 13:00:00+00:00,12.0,16.9,12.68,76.36,2.07,UKP_0023,2,2016
2016-06-01 14:00:00+00:00,0.0,0.0,12.07,82.42,1.66,UKP_0023,2,2016
2016-06-01 15:00:00+00:00,0.0,0.0,11.43,82.63,1.53,UKP_0023,2,2016
2016-06-01 16:00:00+00:00,0.0,0.0,11.2,81.25,1.22,UKP_0023,2,2016
2016-06-01 17:00:00+00:00,0.0,0.0,11.01,80.17,0.99,UKP_0023,2,2016
2016-06-01 18:00:00+00:00,0.0,0.0,10.63,80.39,0.79,UKP_0023,2,2016
2016-06-01 19:00:00+00:00,0.0,0.0,10.44,79.39,0.81,UKP_0023,2,2016
2016-06-01 20:00:00+00:00,0.0,0.0,10.18,78.63,0.89,UKP_0023,2,2016
2016-06-01 21:00:00+00:00,0.0,0.0,9.95,77.57,0.95,UKP_0023,2,2016
2016-06-01 22:00:00+00:00,0.0,0.0,9.78,76.26,1.1,UKP_0023,2,2016
2016-06-01 23:00:00+00:00,0.0,0.0,9.59,75.59,1.26,UKP_0023,2,2016
2016-06-02 00:00:00+00:00,97.68,126.45,10.41,75.83,1.24,UKP_0023,2,2016
2016-06-02 01:00:00+00:00,260.38,347.83,13.06,64.28,1.13,UKP_0023,2,2016
2016-06-02 02:00:00+00:00,511.1,580.85,15.02,56.11,2.15,UKP_0023,2,2016
2016-06-02 03:00:00+00:00,626.38,785.1,16.49,51.97,3.15,UKP_0023,2,2016
2016-06-02 04:00:00+00:00,832.88,951.03,17.6,49.39,4.03,UKP_0023,2,2016
2016-06-02 05:00:00+00:00,833.12,1052.82,17.99,49.44,4.75,UKP_0023,2,2016
2016-06-02 06:00:00+00:00,895.47,1081.78,17.95,50.85,5.37,UKP_0023,2,2016
2016-06-02 07:00:00+00:00,843.67,1057.22,17.78,52.57,5.97,UKP_0023,2,2016
2016-06-02 08:00:00+00:00,595.95,956.7,17.41,55.35,6.33,UKP_0023,2,2016
2016-06-02 09:00:00+00:00,502.9,817.3,16.8,58.72,6.18,UKP_0023,2,2016
2016-06-02 10:00:00+00:00,373.42,623.7,15.79,64.02,5.65,UKP_0023,2,2016
2016-06-02 11:00:00+00:00,222.75,401.5,15.21,66.8,5.04,UKP_0023,2,2016
2016-06-02 12:00:00+00:00,90.22,175.0,14.73,67.96,3.96,UKP_0023,2,2016
2016-06-02 13:00:00+00:00,8.38,15.77,13.17,78.96,2.32,UKP_0023,2,2016
2016-06-02 14:00:00+00:00,0.0,0.0,12.48,80.11,1.7,UKP_0023,2,2016
2016-06-02 15:00:00+00:00,0.0,0.0,12.27,78.38,1.08,UKP_0023,2,2016
2016-06-02 16:00:00+00:00,0.0,0.0,12.06,77.35,0.62,UKP_0023,2,2016
2016-06-02 17:00:00+00:00,0.0,0.0,11.77,76.5,0.41,UKP_0023,2,2016
2016-06-02 18:00:00+00:00,0.0,0.0,11.04,77.91,0.71,UKP_0023,2,2016
2016-06-02 19:00:00+00:00,0.0,0.0,10.51,78.68,0.96,UKP_0023,2,2016
2016-06-02 20:00:00+00:00,0.0,0.0,9.98,79.6,1.14,UKP_0023,2,2016
2016-06-02 21:00:00+00:00,0.0,0.0,9.64,79.68,1.19,UKP_0023,2,2016
2016-06-02 22:00:00+00:00,0.0,0.0,9.4,79.59,1.23,UKP_0023,2,2016
2016-06-02 23:00:00+00:00,0.0,0.0,9.18,79.37,1.25,UKP_0023,2,2016
2016-06-03 00:00:00+00:00,96.25,127.65,10.07,80.04,1.1,UKP_0023,2,2016
2016-06-03 01:00:00+00:00,256.73,350.12,12.41,68.88,0.97,UKP_0023,2,2016
2016-06-03 02:00:00+00:00,534.05,585.3,14.44,57.32,1.85,UKP_0023,2,2016
2016-06-03 03:00:00+00:00,614.95,789.4,16.43,49.4,3.23,UKP_0023,2,2016
2016-06-03 04:00:00+00:00,821.22,956.6,18.03,44.16,4.37,UKP_0023,2,2016
2016-06-03 05:00:00+00:00,866.33,1061.25,19.15,41.22,5.16,UKP_0023,2,2016
2016-06-03 06:00:00+00:00,815.5,1097.8,19.75,40.09,5.6,UKP_0023,2,2016
2016-06-03 07:00:00+00:00,857.78,1070.6,19.9,40.09,5.85,UKP_0023,2,2016
2016-06-03 08:00:00+00:00,791.1,981.75,19.8,40.41,5.91,UKP_0023,2,2016
2016-06-03 09:00:00+00:00,658.92,831.75,19.34,41.46,5.78,UKP_0023,2,2016
2016-06-03 10:00:00+00:00,444.23,634.92,18.95,42.2,5.58,UKP_0023,2,2016
2016-06-03 11:00:00+00:00,276.23,409.1,18.06,44.28,5.12,UKP_0023,2,2016
2016-06-03 12:00:00+00:00,130.0,180.65,16.66,48.74,4.12,UKP_0023,2,2016
2016-06-03 13:00:00+00:00,12.07,16.73,13.99,65.83,2.3,UKP_0023,2,2016
2016-06-03 14:00:00+00:00,0.0,0.0,12.83,70.76,1.7,UKP_0023,2,2016
2016-06-03 15:00:00+00:00,0.0,0.0,12.79,67.68,1.06,UKP_0023,2,2016
2016-06-03 16:00:00+00:00,0.0,0.0,12.63,67.13,0.26,UKP_0023,2,2016
2016-06-03 17:00:00+00:00,0.0,0.0,11.8,70.5,0.45,UKP_0023,2,2016
2016-06-03 18:00:00+00:00,0.0,0.0,11.07,72.88,0.8,UKP_0023,2,2016
2016-06-03 19:00:00+00:00,0.0,0.0,10.72,73.44,0.97,UKP_0023,2,2016
2016-06-03 20:00:00+00:00,0.0,0.0,10.59,72.91,1.03,UKP_0023,2,2016
2016-06-03 21:00:00+00:00,0.0,0.0,10.37,73.26,1.08,UKP_0023,2,2016
2016-06-03 22:00:00+00:00,0.0,0.0,10.05,74.03,1.18,UKP_0023,2,2016
2016-06-03 23:00:00+00:00,0.0,0.0,9.59,74.79,1.28,UKP_0023,2,2016
2016-06-04 00:00:00+00:00,93.55,122.8,10.36,76.39,1.28,UKP_0023,2,2016
2016-06-04 01:00:00+00:00,253.18,340.3,12.63,66.23,1.15,UKP_0023,2,2016
2016-06-04 02:00:00+00:00,516.95,574.85,14.69,52.46,1.84,UKP_0023,2,2016
2016-06-04 03:00:00+00:00,593.75,777.35,16.67,45.52,3.12,UKP_0023,2,2016
2016-06-04 04:00:00+00:00,724.53,938.97,18.25,41.94,4.41,UKP_0023,2,2016
2016-06-04 05:00:00+00:00,956.45,1050.1,19.3,40.92,5.38,UKP_0023,2,2016
2016-06-04 06:00:00+00:00,908.47,1072.3,19.74,41.7,5.96,UKP_0023,2,2016
2016-06-04 07:00:00+00:00,882.1,1046.0,19.48,44.08,6.15,UKP_0023,2,2016
2016-06-04 08:00:00+00:00,594.97,945.2,18.88,47.32,6.06,UKP_0023,2,2016
2016-06-04 09:00:00+00:00,535.58,802.05,18.48,50.02,5.82,UKP_0023,2,2016
2016-06-04 10:00:00+00:00,404.5,617.25,17.75,53.39,5.49,UKP_0023,2,2016
2016-06-04 11:00:00+00:00,208.5,395.88,16.69,58.2,4.97,UKP_0023,2,2016
2016-06-04 12:00:00+00:00,106.2,176.15,15.76,62.63,4.18,UKP_0023,2,2016
2016-06-04 13:00:00+00:00,10.85,16.67,14.31,73.89,2.57,UKP_0023,2,2016
2016-06-04 14:00:00+00:00,0.0,0.0,13.25,79.71,2.18,UKP_0023,2,2016
2016-06-04 15:00:00+00:00,0.0,0.0,12.89,79.78,1.84,UKP_0023,2,2016
2016-06-04 16:00:00+00:00,0.0,0.0,12.58,79.07,1.39,UKP_0023,2,2016
2016-06-04 17:00:00+00:00,0.0,0.0,12.1,79.39,0.96,UKP_0023,2,2016
2016-06-04 18:00:00+00:00,0.0,0.0,11.5,80.45,0.61,UKP_0023,2,2016
2016-06-04 19:00:00+00:00,0.0,0.0,10.93,81.23,0.52,UKP_0023,2,2016
2016-06-04 20:00:00+00:00,0.0,0.0,10.25,82.47,0.79,UKP_0023,2,2016
2016-06-04 21:00:00+00:00,0.0,0.0,9.82,82.3,1.09,UKP_0023,2,2016
2016-06-04 22:00:00+00:00,0.0,0.0,9.38,81.18,1.25,UKP_0023,2,2016
2016-06-04 23:00:00+00:00,0.0,0.0,8.89,79.53,1.39,UKP_0023,2,2016
2016-06-05 00:00:00+00:00,95.28,125.7,10.0,77.2,1.32,UKP_0023,2,2016
2016-06-05 01:00:00+00:00,247.18,343.75,12.93,62.71,0.24,UKP_0023,2,2016
2016-06-05 02:00:00+00:00,519.65,577.95,15.15,48.87,1.66,UKP_0023,2,2016
2016-06-05 03:00:00+00:00,569.4,779.85,17.14,40.76,3.06,UKP_0023,2,2016
2016-06-05 04:00:00+00:00,796.92,946.58,18.77,36.43,4.24,UKP_0023,2,2016
2016-06-05 05:00:00+00:00,752.62,1047.53,19.84,35.18,5.33,UKP_0023,2,2016
2016-06-05 06:00:00+00:00,904.2,1091.43,20.25,36.32,6.03,UKP_0023,2,2016
2016-06-05 07:00:00+00:00,839.38,1060.75,20.15,38.09,6.23,UKP_0023,2,2016
2016-06-05 08:00:00+00:00,677.33,963.35,19.48,40.38,6.25,UKP_0023,2,2016
2016-06-05 09:00:00+00:00,581.88,809.45,18.6,43.63,6.25,UKP_0023,2,2016
2016-06-05 10:00:00+00:00,509.42,619.45,17.39,48.18,5.78,UKP_0023,2,2016
2016-06-05 11:00:00+00:00,304.85,392.48,16.28,52.89,5.01,UKP_0023,2,2016
2016-06-05 12:00:00+00:00,113.32,167.45,15.24,57.37,4.04,UKP_0023,2,2016
2016-06-05 13:00:00+00:00,8.55,15.98,13.66,69.55,2.4,UKP_0023,2,2016
2016-06-05 14:00:00+00:00,0.0,0.0,12.41,77.28,2.07,UKP_0023,2,2016
2016-06-05 15:00:00+00:00,0.0,0.0,11.93,78.69,1.89,UKP_0023,2,2016
2016-06-05 16:00:00+00:00,0.0,0.0,11.69,77.95,1.65,UKP_0023,2,2016
2016-06-05 17:00:00+00:00,0.0,0.0,11.27,78.15,1.48,UKP_0023,2,2016
2016-06-05 18:00:00+00:00,0.0,0.0,10.82,78.78,1.46,UKP_0023,2,2016
2016-06-05 19:00:00+00:00,0.0,0.0,10.47,78.93,1.35,UKP_0023,2,2016
2016-06-05 20:00:00+00:00,0.0,0.0,9.97,79.94,1.17,UKP_0023,2,2016
2016-06-05 21:00:00+00:00,0.0,0.0,9.81,78.56,0.91,UKP_0023,2,2016
2016-06-05 22:00:00+00:00,0.0,0.0,9.67,77.99,0.74,UKP_0023,2,2016
2016-06-05 23:00:00+00:00,0.0,0.0,9.48,78.15,0.7,UKP_0023,2,2016
2016-06-06 00:00:00+00:00,75.12,109.3,10.06,77.46,0.82,UKP_0023,2,2016
2016-06-06 01:00:00+00:00,192.88,314.55,11.62,68.63,2.15,UKP_0023,2,2016
2016-06-06 02:00:00+00:00,355.77,542.2,13.64,55.62,3.34,UKP_0023,2,2016
2016-06-06 03:00:00+00:00,514.5,747.67,15.46,48.06,4.14,UKP_0023,2,2016
2016-06-06 04:00:00+00:00,681.28,911.33,16.68,44.57,4.87,UKP_0023,2,2016
2016-06-06 05:00:00+00:00,828.78,1031.15,17.45,43.17,5.5,UKP_0023,2,2016
2016-06-06 06:00:00+00:00,799.22,1074.78,17.51,43.99,5.92,UKP_0023,2,2016
2016-06-06 07:00:00+00:00,691.55,1049.62,17.85,44.06,6.26,UKP_0023,2,2016
2016-06-06 08:00:00+00:00,674.1,955.08,17.7,45.56,6.37,UKP_0023,2,2016
2016-06-06 09:00:00+00:00,445.77,793.95,17.33,47.29,6.25,UKP_0023,2,2016
2016-06-06 10:00:00+00:00,307.88,594.0,16.61,49.89,5.92,UKP_0023,2,2016
2016-06-06 11:00:00+00:00,174.27,367.8,15.44,54.64,5.13,UKP_0023,2,2016
2016-06-06 12:00:00+00:00,93.07,158.77,14.11,60.58,4.16,UKP_0023,2,2016
2016-06-06 13:00:00+00:00,10.05,15.52,12.52,73.96,2.55,UKP_0023,2,2016
2016-06-06 14:00:00+00:00,0.0,0.0,11.49,83.52,2.14,UKP_0023,2,2016
2016-06-06 15:00:00+00:00,0.0,0.0,10.79,85.88,1.99,UKP_0023,2,2016
2016-06-06 16:00:00+00:00,0.0,0.0,10.27,86.46,1.89,UKP_0023,2,2016
2016-06-06 17:00:00+00:00,0.0,0.0,9.56,86.67,1.7,UKP_0023,2,2016
2016-06-06 18:00:00+00:00,0.0,0.0,9.04,87.02,1.57,UKP_0023,2,2016
2016-06-06 19:00:00+00:00,0.0,0.0,8.72,87.29,1.53,UKP_0023,2,2016
2016-06-06 20:00:00+00:00,0.0,0.0,8.42,86.51,1.33,UKP_0023,2,2016
2016-06-06 21:00:00+00:00,0.0,0.0,8.25,85.96,1.04,UKP_0023,2,2016
2016-06-06 22:00:00+00:00,0.0,0.0,8.09,85.47,0.52,UKP_0023,2,2016
2016-06-06 23:00:00+00:00,0.0,0.0,7.79,85.37,0.36,UKP_0023,2,2016
2016-06-07 00:00:00+00:00,57.6,101.68,8.39,88.58,0.32,UKP_0023,2,2016
2016-06-07 01:00:00+00:00,147.18,299.52,10.08,76.84,1.55,UKP_0023,2,2016
2016-06-07 02:00:00+00:00,174.18,526.65,11.93,65.5,3.53,UKP_0023,2,2016
2016-06-07 03:00:00+00:00,375.98,744.92,13.7,57.06,4.48,UKP_0023,2,2016
2016-06-07 04:00:00+00:00,447.3,911.2,14.86,52.32,4.95,UKP_0023,2,2016
2016-06-07 05:00:00+00:00,512.05,1022.8,15.77,49.2,5.18,UKP_0023,2,2016
2016-06-07 06:00:00+00:00,481.38,1077.45,16.49,47.25,5.41,UKP_0023,2,2016
2016-06-07 07:00:00+00:00,541.78,1056.6,16.81,46.56,5.5,UKP_0023,2,2016
2016-06-07 08:00:00+00:00,416.8,975.03,16.54,47.52,5.49,UKP_0023,2,2016
2016-06-07 09:00:00+00:00,366.92,824.75,16.13,49.25,5.36,UKP_0023,2,2016
2016-06-07 10:00:00+00:00,308.3,631.1,15.31,52.27,5.06,UKP_0023,2,2016
2016-06-07 11:00:00+00:00,175.8,405.67,14.19,56.6,4.47,UKP_0023,2,2016
2016-06-07 12:00:00+00:00,80.3,179.55,12.99,61.96,3.5,UKP_0023,2,2016
2016-06-07 13:00:00+00:00,14.77,17.48,11.34,78.63,2.05,UKP_0023,2,2016
2016-06-07 14:00:00+00:00,0.0,0.0,10.52,81.58,1.49,UKP_0023,2,2016
2016-06-07 15:00:00+00:00,0.0,0.0,10.32,79.16,1.13,UKP_0023,2,2016
2016-06-07 16:00:00+00:00,0.0,0.0,10.07,78.25,0.83,UKP_0023,2,2016
2016-06-07 17:00:00+00:00,0.0,0.0,9.96,77.2,0.59,UKP_0023,2,2016
2016-06-07 18:00:00+00:00,0.0,0.0,9.55,79.06,0.39,UKP_0023,2,2016
2016-06-07 19:00:00+00:00,0.0,0.0,9.06,81.2,0.32,UKP_0023,2,2016
2016-06-07 20:00:00+00:00,0.0,0.0,8.81,81.07,0.35,UKP_0023,2,2016
2016-06-07 21:00:00+00:00,0.0,0.0,8.45,82.44,0.29,UKP_0023,2,2016
2016-06-07 22:00:00+00:00,0.0,0.0,8.08,83.3,0.13,UKP_0023,2,2016
2016-06-07 23:00:00+00:00,0.0,0.0,7.87,83.26,0.06,UKP_0023,2,2016
2016-06-08 00:00:00+00:00,92.05,107.47,8.42,85.17,0.07,UKP_0023,2,2016
2016-06-08 01:00:00+00:00,246.15,312.88,10.26,74.02,1.26,UKP_0023,2,2016
2016-06-08 02:00:00+00:00,480.48,544.45,12.25,63.8,3.09,UKP_0023,2,2016
2016-06-08 03:00:00+00:00,697.88,754.25,14.38,54.17,4.34,UKP_0023,2,2016
2016-06-08 04:00:00+00:00,782.85,914.03,15.94,48.13,5.34,UKP_0023,2,2016
2016-06-08 05:00:00+00:00,883.33,1021.97,16.94,44.73,6.17,UKP_0023,2,2016
2016-06-08 06:00:00+00:00,911.95,1079.15,17.28,43.81,6.82,UKP_0023,2,2016
2016-06-08 07:00:00+00:00,766.62,1051.2,17.1,44.46,7.07,UKP_0023,2,2016
2016-06-08 08:00:00+00:00,650.08,961.42,16.87,45.26,7.06,UKP_0023,2,2016
2016-06-08 09:00:00+00:00,598.38,821.42,16.64,46.08,6.78,UKP_0023,2,2016
2016-06-08 10:00:00+00:00,433.35,627.28,15.68,48.72,6.15,UKP_0023,2,2016
2016-06-08 11:00:00+00:00,260.95,403.77,14.7,51.61,5.28,UKP_0023,2,2016
2016-06-08 12:00:00+00:00,115.15,177.98,13.69,55.04,4.03,UKP_0023,2,2016
2016-06-08 13:00:00+00:00,12.98,17.75,11.86,69.1,2.38,UKP_0023,2,2016
2016-06-08 14:00:00+00:00,0.0,0.0,10.61,74.23,1.87,UKP_0023,2,2016
2016-06-08 15:00:00+00:00,0.0,0.0,10.42,74.15,1.67,UKP_0023,2,2016
2016-06-08 16:00:00+00:00,0.0,0.0,10.29,73.49,1.45,UKP_0023,2,2016
2016-06-08 17:00:00+00:00,0.0,0.0,10.19,72.56,1.23,UKP_0023,2,2016
2016-06-08 18:00:00+00:00,0.0,0.0,10.04,72.04,1.13,UKP_0023,2,2016
2016-06-08 19:00:00+00:00,0.0,0.0,9.75,71.23,1.14,UKP_0023,2,2016
2016-06-08 20:00:00+00:00,0.0,0.0,9.41,71.82,1.22,UKP_0023,2,2016
2016-06-08 21:00:00+00:00,0.0,0.0,9.04,72.94,1.2,UKP_0023,2,2016
2016-06-08 22:00:00+00:00,0.0,0.0,8.67,73.89,0.96,UKP_0023,2,2016
2016-06-08 23:00:00+00:00,0.0,0.0,8.32,74.47,0.52,UKP_0023,2,2016
2016-06-09 00:00:00+00:00,83.45,109.2,8.79,75.3,0.26,UKP_0023,2,2016
2016-06-09 01:00:00+00:00,222.48,310.52,10.88,61.19,1.02,UKP_0023,2,2016
2016-06-09 02:00:00+00:00,401.3,527.8,13.18,50.6,2.72,UKP_0023,2,2016
2016-06-09 03:00:00+00:00,639.53,753.22,15.29,43.74,3.87,UKP_0023,2,2016
2016-06-09 04:00:00+00:00,795.45,915.9,16.87,39.7,4.85,UKP_0023,2,2016
2016-06-09 05:00:00+00:00,826.95,1021.67,17.96,37.64,5.73,UKP_0023,2,2016
2016-06-09 06:00:00+00:00,902.47,1079.22,18.45,37.26,6.35,UKP_0023,2,2016
2016-06-09 07:00:00+00:00,1049.55,1065.43,18.45,38.18,6.68,UKP_0023,2,2016
2016-06-09 08:00:00+00:00,570.08,971.58,18.1,40.02,6.76,UKP_0023,2,2016
2016-06-09 09:00:00+00:00,567.47,827.83,17.45,42.69,6.6,UKP_0023,2,2016
2016-06-09 10:00:00+00:00,315.52,639.17,16.51,46.07,6.2,UKP_0023,2,2016
2016-06-09 11:00:00+00:00,189.4,420.38,15.52,49.78,5.56,UKP_0023,2,2016
2016-06-09 12:00:00+00:00,83.3,194.18,14.34,54.53,4.43,UKP_0023,2,2016
2016-06-09 13:00:00+00:00,14.82,20.6,12.37,67.36,2.59,UKP_0023,2,2016
2016-06-09 14:00:00+00:00,0.0,0.0,11.1,75.47,2.08,UKP_0023,2,2016
2016-06-09 15:00:00+00:00,0.0,0.0,10.8,76.87,1.92,UKP_0023,2,2016
2016-06-09 16:00:00+00:00,0.0,0.0,10.45,77.59,1.9,UKP_0023,2,2016
2016-06-09 17:00:00+00:00,0.0,0.0,10.07,78.08,1.9,UKP_0023,2,2016
2016-06-09 18:00:00+00:00,0.0,0.0,9.7,78.21,1.85,UKP_0023,2,2016
2016-06-09 19:00:00+00:00,0.0,0.0,9.39,77.76,1.79,UKP_0023,2,2016
2016-06-09 20:00:00+00:00,0.0,0.0,9.14,76.86,1.63,UKP_0023,2,2016
2016-06-09 21:00:00+00:00,0.0,0.0,8.8,77.36,1.57,UKP_0023,2,2016
2016-06-09 22:00:00+00:00,0.0,0.0,8.49,76.9,1.4,UKP_0023,2,2016
2016-06-09 23:00:00+00:00,0.0,0.0,8.19,76.46,1.1,UKP_0023,2,2016
2016-06-10 00:00:00+00:00,88.47,114.82,8.91,77.23,0.91,UKP_0023,2,2016
2016-06-10 01:00:00+00:00,246.12,322.92,10.78,64.96,1.3,UKP_0023,2,2016
2016-06-10 02:00:00+00:00,448.98,550.47,12.99,51.77,2.16,UKP_0023,2,2016
2016-06-10 03:00:00+00:00,646.42,755.55,15.21,44.06,2.87,UKP_0023,2,2016
2016-06-10 04:00:00+00:00,733.88,917.75,17.1,39.1,3.91,UKP_0023,2,2016
2016-06-10 05:00:00+00:00,853.17,1028.12,18.41,36.35,4.94,UKP_0023,2,2016
2016-06-10 06:00:00+00:00,842.72,1078.88,19.18,35.18,5.63,UKP_0023,2,2016
2016-06-10 07:00:00+00:00,862.1,1059.55,19.43,35.31,5.99,UKP_0023,2,2016
2016-06-10 08:00:00+00:00,814.0,973.92,19.3,35.93,6.03,UKP_0023,2,2016
2016-06-10 09:00:00+00:00,697.28,829.72,18.93,37.06,5.79,UKP_0023,2,2016
2016-06-10 10:00:00+00:00,496.98,639.0,18.28,38.8,5.38,UKP_0023,2,2016
2016-06-10 11:00:00+00:00,309.12,418.02,17.3,41.48,4.81,UKP_0023,2,2016
2016-06-10 12:00:00+00:00,148.25,192.3,15.82,46.88,3.73,UKP_0023,2,2016
2016-06-10 13:00:00+00:00,13.35,20.5,13.26,67.34,2.16,UKP_0023,2,2016
2016-06-10 14:00:00+00:00,0.0,0.0,12.3,70.28,1.51,UKP_0023,2,2016
2016-06-10 15:00:00+00:00,0.0,0.0,12.16,67.92,1.13,UKP_0023,2,2016
2016-06-10 16:00:00+00:00,0.0,0.0,11.71,68.23,0.86,UKP_0023,2,2016
2016-06-10 17:00:00+00:00,0.0,0.0,11.27,67.78,0.88,UKP_0023,2,2016
2016-06-10 18:00:00+00:00,0.0,0.0,10.86,69.64,0.99,UKP_0023,2,2016
2016-06-10 19:00:00+00:00,0.0,0.0,10.53,70.73,0.94,UKP_0023,2,2016
2016-06-10 20:00:00+00:00,0.0,0.0,9.96,75.08,1.14,UKP_0023,2,2016
2016-06-10 21:00:00+00:00,0.0,0.0,9.73,76.96,1.23,UKP_0023,2,2016
2016-06-10 22:00:00+00:00,0.0,0.0,9.67,76.99,1.15,UKP_0023,2,2016
2016-06-10 23:00:00+00:00,0.0,0.0,9.59,77.51,0.93,UKP_0023,2,2016
2016-06-11 00:00:00+00:00,89.0,115.62,10.18,78.47,0.67,UKP_0023,2,2016
2016-06-11 01:00:00+00:00,249.68,324.4,11.78,72.44,1.6,UKP_0023,2,2016
2016-06-11 02:00:00+00:00,518.92,554.62,13.72,60.43,2.89,UKP_0023,2,2016
2016-06-11 03:00:00+00:00,650.47,758.12,15.57,53.14,3.48,UKP_0023,2,2016
2016-06-11 04:00:00+00:00,801.1,920.4,17.04,48.61,4.24,UKP_0023,2,2016
2016-06-11 05:00:00+00:00,799.78,1028.43,18.08,45.99,4.96,UKP_0023,2,2016
2016-06-11 06:00:00+00:00,938.12,1077.53,18.81,44.51,5.58,UKP_0023,2,2016
2016-06-11 07:00:00+00:00,881.78,1061.2,19.13,44.56,6.13,UKP_0023,2,2016
2016-06-11 08:00:00+00:00,609.5,968.97,18.46,47.85,6.35,UKP_0023,2,2016
2016-06-11 09:00:00+00:00,586.88,831.7,17.6,52.03,6.33,UKP_0023,2,2016
2016-06-11 10:00:00+00:00,439.25,640.65,16.84,55.51,6.13,UKP_0023,2,2016
2016-06-11 11:00:00+00:00,227.23,414.0,16.03,58.69,5.78,UKP_0023,2,2016
2016-06-11 12:00:00+00:00,113.0,188.68,15.04,62.62,5.07,UKP_0023,2,2016
2016-06-11 13:00:00+00:00,14.4,19.88,13.66,70.84,3.32,UKP_0023,2,2016
2016-06-11 14:00:00+00:00,0.0,0.0,12.71,76.69,2.72,UKP_0023,2,2016
2016-06-11 15:00:00+00:00,0.0,0.0,11.97,78.65,2.65,UKP_0023,2,2016
2016-06-11 16:00:00+00:00,0.0,0.0,11.57,78.91,2.31,UKP_0023,2,2016
2016-06-11 17:00:00+00:00,0.0,0.0,11.5,76.65,1.82,UKP_0023,2,2016
2016-06-11 18:00:00+00:00,0.0,0.0,11.26,75.86,1.31,UKP_0023,2,2016
2016-06-11 19:00:00+00:00,0.0,0.0,11.01,76.08,0.91,UKP_0023,2,2016
2016-06-11 20:00:00+00:00,0.0,0.0,10.61,77.23,0.62,UKP_0023,2,2016
2016-06-11 21:00:00+00:00,0.0,0.0,10.25,78.2,0.12,UKP_0023,2,2016
2016-06-11 22:00:00+00:00,0.0,0.0,9.57,81.2,0.54,UKP_0023,2,2016
2016-06-11 23:00:00+00:00,0.0,0.0,9.21,81.96,0.9,UKP_0023,2,2016
2016-06-12 00:00:00+00:00,48.83,112.25,10.02,79.9,1.09,UKP_0023,2,2016
2016-06-12 01:00:00+00:00,135.27,320.85,12.37,65.84,1.62,UKP_0023,2,2016
2016-06-12 02:00:00+00:00,371.17,554.28,14.43,57.25,2.66,UKP_0023,2,2016
2016-06-12 03:00:00+00:00,399.0,752.1,16.2,50.87,3.48,UKP_0023,2,2016
2016-06-12 04:00:00+00:00,496.62,914.47,17.47,47.32,4.14,UKP_0023,2,2016
2016-06-12 05:00:00+00:00,657.95,1029.55,18.36,45.78,4.69,UKP_0023,2,2016
2016-06-12 06:00:00+00:00,727.08,1086.62,18.8,45.74,5.28,UKP_0023,2,2016
2016-06-12 07:00:00+00:00,621.03,1065.88,18.58,47.96,5.74,UKP_0023,2,2016
2016-06-12 08:00:00+00:00,564.25,973.72,18.01,51.39,5.96,UKP_0023,2,2016
2016-06-12 09:00:00+00:00,443.75,827.05,17.49,53.91,6.0,UKP_0023,2,2016
2016-06-12 10:00:00+00:00,229.82,634.58,16.48,58.1,5.89,UKP_0023,2,2016
2016-06-12 11:00:00+00:00,162.32,406.17,15.58,62.97,5.55,UKP_0023,2,2016
2016-06-12 12:00:00+00:00,68.57,176.62,14.7,67.98,4.92,UKP_0023,2,2016
2016-06-12 13:00:00+00:00,10.8,18.73,13.6,74.88,3.44,UKP_0023,2,2016
2016-06-12 14:00:00+00:00,0.0,0.0,12.93,79.52,2.65,UKP_0023,2,2016
2016-06-12 15:00:00+00:00,0.0,0.0,12.44,81.76,2.4,UKP_0023,2,2016
2016-06-12 16:00:00+00:00,0.0,0.0,11.9,83.39,2.33,UKP_0023,2,2016
2016-06-12 17:00:00+00:00,0.0,0.0,11.35,84.58,2.27,UKP_0023,2,2016
2016-06-12 18:00:00+00:00,0.0,0.0,11.1,85.31,2.15,UKP_0023,2,2016
2016-06-12 19:00:00+00:00,0.0,0.0,10.85,86.96,1.93,UKP_0023,2,2016
2016-06-12 20:00:00+00:00,0.0,0.0,10.7,88.4,1.5,UKP_0023,2,2016
2016-06-12 21:00:00+00:00,0.0,0.0,10.69,89.04,1.13,UKP_0023,2,2016
2016-06-12 22:00:00+00:00,0.0,0.0,10.53,90.69,0.94,UKP_0023,2,2016
2016-06-12 23:00:00+00:00,0.0,0.0,10.5,91.6,0.89,UKP_0023,2,2016
2016-06-13 00:00:00+00:00,58.47,112.25,11.17,90.23,1.12,UKP_0023,2,2016
2016-06-13 01:00:00+00:00,161.3,321.0,12.67,85.4,2.68,UKP_0023,2,2016
2016-06-13 02:00:00+00:00,432.67,554.72,14.66,73.72,4.34,UKP_0023,2,2016
2016-06-13 03:00:00+00:00,437.62,751.67,15.96,65.3,5.43,UKP_0023,2,2016
2016-06-13 04:00:00+00:00,563.88,915.95,16.74,61.48,6.25,UKP_0023,2,2016
2016-06-13 05:00:00+00:00,725.53,1031.97,16.85,61.31,6.83,UKP_0023,2,2016
2016-06-13 06:00:00+00:00,714.25,1066.8,16.95,60.48,7.26,UKP_0023,2,2016
2016-06-13 07:00:00+00:00,698.2,1044.3,17.09,59.23,7.47,UKP_0023,2,2016
2016-06-13 08:00:00+00:00,508.62,956.78,16.96,59.05,7.46,UKP_0023,2,2016
2016-06-13 09:00:00+00:00,462.62,813.42,16.54,60.45,6.82,UKP_0023,2,2016
2016-06-13 10:00:00+00:00,284.67,623.42,15.93,63.02,6.07,UKP_0023,2,2016
2016-06-13 11:00:00+00:00,156.32,405.5,15.18,66.78,5.14,UKP_0023,2,2016
2016-06-13 12:00:00+00:00,72.85,186.45,14.28,71.89,3.86,UKP_0023,2,2016
2016-06-13 13:00:00+00:00,10.77,20.62,13.22,79.98,2.29,UKP_0023,2,2016
2016-06-13 14:00:00+00:00,0.0,0.0,12.62,84.91,1.59,UKP_0023,2,2016
2016-06-13 15:00:00+00:00,0.0,0.0,12.22,86.98,1.41,UKP_0023,2,2016
2016-06-13 16:00:00+00:00,0.0,0.0,11.8,89.28,1.18,UKP_0023,2,2016
2016-06-13 17:00:00+00:00,0.0,0.0,11.37,91.75,1.03,UKP_0023,2,2016
2016-06-13 18:00:00+00:00,0.0,0.0,11.0,93.82,0.93,UKP_0023,2,2016
2016-06-13 19:00:00+00:00,0.0,0.0,10.54,95.82,0.93,UKP_0023,2,2016
2016-06-13 20:00:00+00:00,0.0,0.0,10.26,97.13,0.78,UKP_0023,2,2016
2016-06-13 21:00:00+00:00,0.0,0.0,10.1,98.14,0.56,UKP_0023,2,2016
2016-06-13 22:00:00+00:00,0.0,0.0,10.04,98.34,0.49,UKP_0023,2,2016
2016-06-13 23:00:00+00:00,0.0,0.0,9.97,98.37,0.6,UKP_0023,2,2016
2016-06-14 00:00:00+00:00,89.03,116.7,10.65,94.28,0.71,UKP_0023,2,2016
2016-06-14 01:00:00+00:00,231.9,323.67,12.21,85.82,0.18,UKP_0023,2,2016
2016-06-14 02:00:00+00:00,398.35,546.0,13.92,76.49,1.52,UKP_0023,2,2016
2016-06-14 03:00:00+00:00,547.88,745.78,15.39,67.87,2.84,UKP_0023,2,2016
2016-06-14 04:00:00+00:00,709.5,904.8,16.47,62.35,3.96,UKP_0023,2,2016
2016-06-14 05:00:00+00:00,829.85,1009.72,16.81,60.66,4.74,UKP_0023,2,2016
2016-06-14 06:00:00+00:00,808.45,1062.62,16.92,60.56,5.27,UKP_0023,2,2016
2016-06-14 07:00:00+00:00,625.25,1038.05,17.08,60.09,5.63,UKP_0023,2,2016
2016-06-14 08:00:00+00:00,683.78,902.2,17.06,60.36,5.81,UKP_0023,2,2016
2016-06-14 09:00:00+00:00,507.12,761.28,16.56,62.56,5.56,UKP_0023,2,2016
2016-06-14 10:00:00+00:00,468.77,581.5,15.94,65.37,5.18,UKP_0023,2,2016
2016-06-14 11:00:00+00:00,257.02,366.55,15.16,69.03,4.67,UKP_0023,2,2016
2016-06-14 12:00:00+00:00,110.0,156.95,14.11,74.5,3.92,UKP_0023,2,2016
2016-06-14 13:00:00+00:00,11.6,17.17,12.94,81.98,2.76,UKP_0023,2,2016
2016-06-14 14:00:00+00:00,0.0,0.0,12.23,87.56,1.96,UKP_0023,2,2016
2016-06-14 15:00:00+00:00,0.0,0.0,11.86,90.4,1.57,UKP_0023,2,2016
2016-06-14 16:00:00+00:00,0.0,0.0,11.62,92.58,1.33,UKP_0023,2,2016
2016-06-14 17:00:00+00:00,0.0,0.0,11.39,94.4,1.18,UKP_0023,2,2016
2016-06-14 18:00:00+00:00,0.0,0.0,11.15,96.3,0.84,UKP_0023,2,2016
2016-06-14 19:00:00+00:00,0.0,0.0,11.04,97.71,0.87,UKP_0023,2,2016
2016-06-14 20:00:00+00:00,0.0,0.0,11.01,99.19,0.94,UKP_0023,2,2016
2016-06-14 21:00:00+00:00,0.0,0.0,11.02,98.34,0.98,UKP_0023,2,2016
2016-06-14 22:00:00+00:00,0.0,0.0,11.01,96.79,0.98,UKP_0023,2,2016
2016-06-14 23:00:00+00:00,0.0,0.0,11.03,94.82,0.94,UKP_0023,2,2016
2016-06-15 00:00:00+00:00,40.08,86.97,11.71,93.21,0.77,UKP_0023,2,2016
2016-06-15 01:00:00+00:00,130.27,275.35,13.11,83.51,0.28,UKP_0023,2,2016
2016-06-15 02:00:00+00:00,237.5,495.42,14.46,77.2,1.06,UKP_0023,2,2016
2016-06-15 03:00:00+00:00,422.48,705.85,15.31,73.57,2.09,UKP_0023,2,2016
2016-06-15 04:00:00+00:00,620.25,887.33,15.48,73.0,2.8,UKP_0023,2,2016
2016-06-15 05:00:00+00:00,604.92,971.3,15.35,74.38,3.22,UKP_0023,2,2016
2016-06-15 06:00:00+00:00,580.53,1061.55,15.09,76.27,3.5,UKP_0023,2,2016
2016-06-15 07:00:00+00:00,275.15,1037.03,14.79,78.45,3.68,UKP_0023,2,2016
2016-06-15 08:00:00+00:00,227.68,952.67,14.3,81.43,3.77,UKP_0023,2,2016
2016-06-15 09:00:00+00:00,152.85,812.2,13.98,83.73,3.61,UKP_0023,2,2016
2016-06-15 10:00:00+00:00,159.25,623.8,13.63,86.11,3.4,UKP_0023,2,2016
2016-06-15 11:00:00+00:00,82.88,399.58,13.22,88.92,3.13,UKP_0023,2,2016
2016-06-15 12:00:00+00:00,31.7,180.07,12.71,92.38,2.79,UKP_0023,2,2016
2016-06-15 13:00:00+00:00,11.52,19.95,12.05,97.14,2.13,UKP_0023,2,2016
2016-06-15 14:00:00+00:00,0.0,0.0,11.7,99.93,1.5,UKP_0023,2,2016
2016-06-15 15:00:00+00:00,0.0,0.0,11.54,100.0,1.41,UKP_0023,2,2016
2016-06-15 16:00:00+00:00,0.0,0.0,11.37,100.0,1.42,UKP_0023,2,2016
2016-06-15 17:00:00+00:00,0.0,0.0,11.09,100.0,1.35,UKP_0023,2,2016
2016-06-15 18:00:00+00:00,0.0,0.0,10.72,100.0,1.35,UKP_0023,2,2016
2016-06-15 19:00:00+00:00,0.0,0.0,10.21,100.0,1.0,UKP_0023,2,2016
2016-06-15 20:00:00+00:00,0.0,0.0,9.67,100.0,0.67,UKP_0023,2,2016
2016-06-15 21:00:00+00:00,0.0,0.0,9.33,100.0,0.67,UKP_0023,2,2016
2016-06-15 22:00:00+00:00,0.0,0.0,9.23,100.0,0.68,UKP_0023,2,2016
2016-06-15 23:00:00+00:00,0.0,0.0,9.18,99.53,0.68,UKP_0023,2,2016
2016-06-16 00:00:00+00:00,32.33,84.9,9.57,96.18,0.83,UKP_0023,2,2016
2016-06-16 01:00:00+00:00,106.82,271.33,10.25,91.33,1.08,UKP_0023,2,2016
2016-06-16 02:00:00+00:00,239.2,485.62,11.3,88.03,1.61,UKP_0023,2,2016
2016-06-16 03:00:00+00:00,283.38,703.2,12.41,84.85,2.35,UKP_0023,2,2016
2016-06-16 04:00:00+00:00,355.83,868.28,13.61,79.89,3.21,UKP_0023,2,2016
2016-06-16 05:00:00+00:00,422.6,979.38,14.64,75.79,4.04,UKP_0023,2,2016
2016-06-16 06:00:00+00:00,499.1,1036.6,15.86,71.27,4.85,UKP_0023,2,2016
2016-06-16 07:00:00+00:00,482.75,1014.88,16.18,70.09,5.5,UKP_0023,2,2016
2016-06-16 08:00:00+00:00,409.3,927.47,16.04,71.18,5.84,UKP_0023,2,2016
2016-06-16 09:00:00+00:00,284.5,778.95,15.69,73.01,5.78,UKP_0023,2,2016
2016-06-16 10:00:00+00:00,216.18,583.38,15.39,74.27,5.54,UKP_0023,2,2016
2016-06-16 11:00:00+00:00,124.18,361.6,14.47,78.65,4.98,UKP_0023,2,2016
2016-06-16 12:00:00+00:00,51.92,152.27,13.38,85.07,4.05,UKP_0023,2,2016
2016-06-16 13:00:00+00:00,7.43,17.55,12.38,92.63,2.84,UKP_0023,2,2016
2016-06-16 14:00:00+00:00,0.0,0.0,11.79,97.64,2.19,UKP_0023,2,2016
2016-06-16 15:00:00+00:00,0.0,0.0,11.46,99.38,1.86,UKP_0023,2,2016
2016-06-16 16:00:00+00:00,0.0,0.0,11.16,100.0,1.74,UKP_0023,2,2016
2016-06-16 17:00:00+00:00,0.0,0.0,10.87,100.0,1.65,UKP_0023,2,2016
2016-06-16 18:00:00+00:00,0.0,0.0,10.61,100.0,1.57,UKP_0023,2,2016
2016-06-16 19:00:00+00:00,0.0,0.0,10.39,100.0,1.47,UKP_0023,2,2016
2016-06-16 20:00:00+00:00,0.0,0.0,10.13,100.0,1.38,UKP_0023,2,2016
2016-06-16 21:00:00+00:00,0.0,0.0,9.88,100.0,1.26,UKP_0023,2,2016
2016-06-16 22:00:00+00:00,0.0,0.0,9.67,100.0,1.09,UKP_0023,2,2016
2016-06-16 23:00:00+00:00,0.0,0.0,9.56,100.0,0.87,UKP_0023,2,2016
2016-06-17 00:00:00+00:00,71.35,86.15,10.27,98.92,0.74,UKP_0023,2,2016
2016-06-17 01:00:00+00:00,208.27,260.75,11.83,89.45,1.34,UKP_0023,2,2016
2016-06-17 02:00:00+00:00,345.5,478.73,13.6,78.48,2.29,UKP_0023,2,2016
2016-06-17 03:00:00+00:00,507.02,687.75,15.12,70.07,3.32,UKP_0023,2,2016
2016-06-17 04:00:00+00:00,689.88,847.85,16.26,65.83,4.13,UKP_0023,2,2016
2016-06-17 05:00:00+00:00,750.92,952.05,17.25,62.38,4.77,UKP_0023,2,2016
2016-06-17 06:00:00+00:00,841.2,1062.9,17.91,60.09,5.25,UKP_0023,2,2016
2016-06-17 07:00:00+00:00,796.67,1038.25,18.22,58.91,5.54,UKP_0023,2,2016
2016-06-17 08:00:00+00:00,762.28,935.53,18.24,58.61,5.57,UKP_0023,2,2016
2016-06-17 09:00:00+00:00,606.92,766.7,18.03,58.78,5.23,UKP_0023,2,2016
2016-06-17 10:00:00+00:00,429.23,569.25,17.49,59.79,4.67,UKP_0023,2,2016
2016-06-17 11:00:00+00:00,266.08,350.8,16.61,62.79,4.12,UKP_0023,2,2016
2016-06-17 12:00:00+00:00,110.93,145.85,15.42,67.7,3.49,UKP_0023,2,2016
2016-06-17 13:00:00+00:00,12.32,18.65,13.57,80.33,2.19,UKP_0023,2,2016
2016-06-17 14:00:00+00:00,0.0,0.0,12.51,87.38,1.95,UKP_0023,2,2016
2016-06-17 15:00:00+00:00,0.0,0.0,12.09,88.72,1.91,UKP_0023,2,2016
2016-06-17 16:00:00+00:00,0.0,0.0,11.78,89.98,1.77,UKP_0023,2,2016
2016-06-17 17:00:00+00:00,0.0,0.0,11.56,91.56,1.68,UKP_0023,2,2016
2016-06-17 18:00:00+00:00,0.0,0.0,11.27,92.58,1.58,UKP_0023,2,2016
2016-06-17 19:00:00+00:00,0.0,0.0,10.97,92.55,1.46,UKP_0023,2,2016
2016-06-17 20:00:00+00:00,0.0,0.0,10.69,92.1,1.33,UKP_0023,2,2016
2016-06-17 21:00:00+00:00,0.0,0.0,10.48,91.46,1.09,UKP_0023,2,2016
2016-06-17 22:00:00+00:00,0.0,0.0,10.31,90.64,0.87,UKP_0023,2,2016
2016-06-17 23:00:00+00:00,0.0,0.0,10.1,90.68,0.63,UKP_0023,2,2016
2016-06-18 00:00:00+00:00,64.22,94.3,10.75,89.7,0.55,UKP_0023,2,2016
2016-06-18 01:00:00+00:00,163.25,283.88,12.53,78.17,1.2,UKP_0023,2,2016
2016-06-18 02:00:00+00:00,311.67,507.45,14.47,67.17,2.18,UKP_0023,2,2016
2016-06-18 03:00:00+00:00,468.85,713.53,16.46,57.77,3.26,UKP_0023,2,2016
2016-06-18 04:00:00+00:00,660.4,878.42,18.04,52.12,4.24,UKP_0023,2,2016
2016-06-18 05:00:00+00:00,640.9,988.95,19.1,49.78,5.02,UKP_0023,2,2016
2016-06-18 06:00:00+00:00,879.88,1067.6,19.67,49.74,5.38,UKP_0023,2,2016
2016-06-18 07:00:00+00:00,807.15,1046.15,19.75,50.63,5.37,UKP_0023,2,2016
2016-06-18 08:00:00+00:00,670.45,959.92,19.69,50.57,5.26,UKP_0023,2,2016
2016-06-18 09:00:00+00:00,570.22,814.3,19.41,50.61,4.82,UKP_0023,2,2016
2016-06-18 10:00:00+00:00,367.2,620.58,18.86,51.44,4.3,UKP_0023,2,2016
2016-06-18 11:00:00+00:00,217.32,397.85,18.0,54.12,3.79,UKP_0023,2,2016
2016-06-18 12:00:00+00:00,116.8,178.0,16.57,59.49,3.25,UKP_0023,2,2016
2016-06-18 13:00:00+00:00,15.3,20.27,14.41,74.72,2.13,UKP_0023,2,2016
2016-06-18 14:00:00+00:00,0.0,0.0,13.42,80.87,1.56,UKP_0023,2,2016
2016-06-18 15:00:00+00:00,0.0,0.0,13.01,82.59,1.28,UKP_0023,2,2016
2016-06-18 16:00:00+00:00,0.0,0.0,12.53,84.8,1.08,UKP_0023,2,2016
2016-06-18 17:00:00+00:00,0.0,0.0,12.09,87.06,0.98,UKP_0023,2,2016
2016-06-18 18:00:00+00:00,0.0,0.0,11.76,88.96,0.97,UKP_0023,2,2016
2016-06-18 19:00:00+00:00,0.0,0.0,11.35,91.2,0.88,UKP_0023,2,2016
2016-06-18 20:00:00+00:00,0.0,0.0,11.05,92.47,0.87,UKP_0023,2,2016
2016-06-18 21:00:00+00:00,0.0,0.0,10.7,93.13,0.94,UKP_0023,2,2016
2016-06-18 22:00:00+00:00,0.0,0.0,10.37,92.71,1.03,UKP_0023,2,2016
2016-06-18 23:00:00+00:00,0.0,0.0,9.99,91.58,1.09,UKP_0023,2,2016
2016-06-19 00:00:00+00:00,68.03,96.1,10.87,88.69,1.11,UKP_0023,2,2016
2016-06-19 01:00:00+00:00,174.1,292.12,13.34,74.38,0.81,UKP_0023,2,2016
2016-06-19 02:00:00+00:00,342.38,517.88,15.75,61.38,1.2,UKP_0023,2,2016
2016-06-19 03:00:00+00:00,506.88,724.65,17.81,53.21,2.73,UKP_0023,2,2016
2016-06-19 04:00:00+00:00,637.9,890.2,19.13,50.81,4.21,UKP_0023,2,2016
2016-06-19 05:00:00+00:00,714.65,1000.03,19.79,51.8,5.1,UKP_0023,2,2016
2016-06-19 06:00:00+00:00,773.08,1066.55,19.94,54.17,5.39,UKP_0023,2,2016
2016-06-19 07:00:00+00:00,741.08,1044.03,19.66,57.13,5.51,UKP_0023,2,2016
2016-06-19 08:00:00+00:00,682.5,958.83,19.29,59.92,5.58,UKP_0023,2,2016
2016-06-19 09:00:00+00:00,549.2,816.9,18.84,62.11,5.34,UKP_0023,2,2016
2016-06-19 10:00:00+00:00,363.75,626.62,18.25,64.22,5.05,UKP_0023,2,2016
2016-06-19 11:00:00+00:00,214.9,406.08,17.37,67.65,4.7,UKP_0023,2,2016
2016-06-19 12:00:00+00:00,106.97,184.88,15.99,74.91,4.09,UKP_0023,2,2016
2016-06-19 13:00:00+00:00,15.32,21.2,14.55,84.3,2.95,UKP_0023,2,2016
2016-06-19 14:00:00+00:00,0.0,0.0,13.9,90.43,2.18,UKP_0023,2,2016
2016-06-19 15:00:00+00:00,0.0,0.0,13.47,94.27,1.72,UKP_0023,2,2016
2016-06-19 16:00:00+00:00,0.0,0.0,13.07,97.67,1.4,UKP_0023,2,2016
2016-06-19 17:00:00+00:00,0.0,0.0,12.63,100.0,1.31,UKP_0023,2,2016
2016-06-19 18:00:00+00:00,0.0,0.0,12.26,100.0,1.23,UKP_0023,2,2016
2016-06-19 19:00:00+00:00,0.0,0.0,12.01,100.0,1.02,UKP_0023,2,2016
2016-06-19 20:00:00+00:00,0.0,0.0,11.87,100.0,0.9,UKP_0023,2,2016
2016-06-19 21:00:00+00:00,0.0,0.0,11.69,100.0,0.85,UKP_0023,2,2016
2016-06-19 22:00:00+00:00,0.0,0.0,11.45,100.0,0.8,UKP_0023,2,2016
2016-06-19 23:00:00+00:00,0.0,0.0,11.18,100.0,0.8,UKP_0023,2,2016
2016-06-20 00:00:00+00:00,69.45,96.5,12.03,94.27,0.84,UKP_0023,2,2016
2016-06-20 01:00:00+00:00,185.95,293.05,13.84,80.26,0.87,UKP_0023,2,2016
2016-06-20 02:00:00+00:00,402.55,521.22,16.35,63.71,1.45,UKP_0023,2,2016
2016-06-20 03:00:00+00:00,568.92,728.67,18.34,54.8,2.99,UKP_0023,2,2016
2016-06-20 04:00:00+00:00,565.83,886.97,19.67,51.64,4.19,UKP_0023,2,2016
2016-06-20 05:00:00+00:00,599.92,971.15,20.36,51.94,5.11,UKP_0023,2,2016
2016-06-20 06:00:00+00:00,821.08,1034.4,20.43,54.57,5.49,UKP_0023,2,2016
2016-06-20 07:00:00+00:00,740.88,1024.53,20.08,57.63,5.59,UKP_0023,2,2016
2016-06-20 08:00:00+00:00,611.08,948.88,19.66,60.04,5.73,UKP_0023,2,2016
2016-06-20 09:00:00+00:00,610.75,814.35,19.12,62.57,5.33,UKP_0023,2,2016
2016-06-20 10:00:00+00:00,410.4,625.28,18.41,64.91,4.86,UKP_0023,2,2016
2016-06-20 11:00:00+00:00,258.33,405.45,17.46,68.34,4.4,UKP_0023,2,2016
2016-06-20 12:00:00+00:00,109.75,181.98,16.23,74.13,3.77,UKP_0023,2,2016
2016-06-20 13:00:00+00:00,12.73,20.95,14.73,83.96,2.72,UKP_0023,2,2016
2016-06-20 14:00:00+00:00,0.0,0.0,13.89,91.32,1.74,UKP_0023,2,2016
2016-06-20 15:00:00+00:00,0.0,0.0,13.43,95.2,1.23,UKP_0023,2,2016
2016-06-20 16:00:00+00:00,0.0,0.0,12.9,98.51,0.89,UKP_0023,2,2016
2016-06-20 17:00:00+00:00,0.0,0.0,12.51,100.0,0.59,UKP_0023,2,2016
2016-06-20 18:00:00+00:00,0.0,0.0,12.27,100.0,0.32,UKP_0023,2,2016
2016-06-20 19:00:00+00:00,0.0,0.0,11.88,100.0,0.24,UKP_0023,2,2016
2016-06-20 20:00:00+00:00,0.0,0.0,11.54,100.0,0.77,UKP_0023,2,2016
2016-06-20 21:00:00+00:00,0.0,0.0,11.68,100.0,0.86,UKP_0023,2,2016
2016-06-20 22:00:00+00:00,0.0,0.0,11.71,100.0,0.96,UKP_0023,2,2016
2016-06-20 23:00:00+00:00,0.0,0.0,11.57,100.0,1.07,UKP_0023,2,2016
2016-06-21 00:00:00+00:00,58.65,98.6,11.91,99.78,1.84,UKP_0023,2,2016
2016-06-21 01:00:00+00:00,176.05,296.0,13.01,93.22,2.68,UKP_0023,2,2016
2016-06-21 02:00:00+00:00,385.58,517.53,14.56,83.38,3.54,UKP_0023,2,2016
2016-06-21 03:00:00+00:00,543.25,715.67,16.3,73.63,4.66,UKP_0023,2,2016
2016-06-21 04:00:00+00:00,698.6,878.45,17.65,66.88,5.52,UKP_0023,2,2016
2016-06-21 05:00:00+00:00,695.95,995.5,18.52,63.31,6.14,UKP_0023,2,2016
2016-06-21 06:00:00+00:00,685.5,1057.85,18.98,61.6,6.73,UKP_0023,2,2016
2016-06-21 07:00:00+00:00,718.62,1040.88,19.1,61.41,6.97,UKP_0023,2,2016
2016-06-21 08:00:00+00:00,504.12,947.38,19.06,61.63,7.17,UKP_0023,2,2016
2016-06-21 09:00:00+00:00,319.05,770.0,18.4,64.57,7.1,UKP_0023,2,2016
2016-06-21 10:00:00+00:00,170.9,547.28,16.9,71.59,6.59,UKP_0023,2,2016
2016-06-21 11:00:00+00:00,119.72,324.25,15.55,78.77,5.96,UKP_0023,2,2016
2016-06-21 12:00:00+00:00,61.9,130.98,14.27,86.46,5.13,UKP_0023,2,2016
2016-06-21 13:00:00+00:00,11.02,16.65,13.17,93.52,3.71,UKP_0023,2,2016
2016-06-21 14:00:00+00:00,0.0,0.0,12.78,96.53,3.33,UKP_0023,2,2016
2016-06-21 15:00:00+00:00,0.0,0.0,12.49,98.3,3.15,UKP_0023,2,2016
2016-06-21 16:00:00+00:00,0.0,0.0,12.26,99.23,2.84,UKP_0023,2,2016
2016-06-21 17:00:00+00:00,0.0,0.0,12.06,100.0,2.31,UKP_0023,2,2016
2016-06-21 18:00:00+00:00,0.0,0.0,11.97,100.0,1.95,UKP_0023,2,2016
2016-06-21 19:00:00+00:00,0.0,0.0,11.85,100.0,1.74,UKP_0023,2,2016
2016-06-21 20:00:00+00:00,0.0,0.0,11.8,100.0,1.72,UKP_0023,2,2016
2016-06-21 21:00:00+00:00,0.0,0.0,11.69,100.0,1.56,UKP_0023,2,2016
2016-06-21 22:00:00+00:00,0.0,0.0,11.54,100.0,1.35,UKP_0023,2,2016
2016-06-21 23:00:00+00:00,0.0,0.0,11.34,100.0,1.15,UKP_0023,2,2016
2016-06-22 00:00:00+00:00,51.97,73.72,11.87,100.0,1.39,UKP_0023,2,2016
2016-06-22 01:00:00+00:00,175.95,274.1,12.39,95.11,1.9,UKP_0023,2,2016
2016-06-22 02:00:00+00:00,349.92,494.75,13.18,88.97,2.56,UKP_0023,2,2016
2016-06-22 03:00:00+00:00,450.5,698.4,14.2,82.54,3.49,UKP_0023,2,2016
2016-06-22 04:00:00+00:00,540.28,870.53,15.16,77.41,4.36,UKP_0023,2,2016
2016-06-22 05:00:00+00:00,551.4,972.3,15.97,73.55,4.89,UKP_0023,2,2016
2016-06-22 06:00:00+00:00,655.72,1056.22,16.75,70.01,5.33,UKP_0023,2,2016
2016-06-22 07:00:00+00:00,642.45,1038.85,17.29,67.95,5.51,UKP_0023,2,2016
2016-06-22 08:00:00+00:00,566.6,948.92,17.42,67.69,5.47,UKP_0023,2,2016
2016-06-22 09:00:00+00:00,478.95,795.28,17.55,67.27,5.41,UKP_0023,2,2016
2016-06-22 10:00:00+00:00,293.38,589.17,16.82,70.77,5.24,UKP_0023,2,2016
2016-06-22 11:00:00+00:00,185.65,369.92,15.74,77.22,4.75,UKP_0023,2,2016
2016-06-22 12:00:00+00:00,78.3,163.48,14.57,84.6,4.07,UKP_0023,2,2016
2016-06-22 13:00:00+00:00,11.25,20.17,13.29,93.72,2.98,UKP_0023,2,2016
2016-06-22 14:00:00+00:00,0.0,0.0,12.67,98.79,2.33,UKP_0023,2,2016
2016-06-22 15:00:00+00:00,0.0,0.0,12.37,100.0,1.87,UKP_0023,2,2016
2016-06-22 16:00:00+00:00,0.0,0.0,12.04,100.0,1.51,UKP_0023,2,2016
2016-06-22 17:00:00+00:00,0.0,0.0,11.69,100.0,1.48,UKP_0023,2,2016
2016-06-22 18:00:00+00:00,0.0,0.0,11.37,100.0,1.41,UKP_0023,2,2016
2016-06-22 19:00:00+00:00,0.0,0.0,11.08,100.0,1.4,UKP_0023,2,2016
2016-06-22 20:00:00+00:00,0.0,0.0,10.69,100.0,1.3,UKP_0023,2,2016
2016-06-22 21:00:00+00:00,0.0,0.0,10.18,100.0,1.22,UKP_0023,2,2016
2016-06-22 22:00:00+00:00,0.0,0.0,9.4,100.0,1.12,UKP_0023,2,2016
2016-06-22 23:00:00+00:00,0.0,0.0,9.18,98.74,1.14,UKP_0023,2,2016
2016-06-23 00:00:00+00:00,83.47,99.15,10.45,92.34,1.27,UKP_0023,2,2016
2016-06-23 01:00:00+00:00,230.12,302.1,13.17,71.46,1.2,UKP_0023,2,2016
2016-06-23 02:00:00+00:00,440.1,529.83,15.89,54.17,2.07,UKP_0023,2,2016
2016-06-23 03:00:00+00:00,638.33,736.78,17.92,46.88,3.54,UKP_0023,2,2016
2016-06-23 04:00:00+00:00,843.85,903.72,18.96,46.26,4.69,UKP_0023,2,2016
2016-06-23 05:00:00+00:00,775.33,1012.88,19.55,47.42,5.36,UKP_0023,2,2016
2016-06-23 06:00:00+00:00,962.5,1076.65,19.79,49.25,5.68,UKP_0023,2,2016
2016-06-23 07:00:00+00:00,879.45,1058.57,19.84,51.03,5.7,UKP_0023,2,2016
2016-06-23 08:00:00+00:00,751.88,972.38,19.68,52.81,5.6,UKP_0023,2,2016
2016-06-23 09:00:00+00:00,644.3,820.53,19.23,54.97,5.43,UKP_0023,2,2016
2016-06-23 10:00:00+00:00,452.9,602.33,18.73,56.87,5.08,UKP_0023,2,2016
2016-06-23 11:00:00+00:00,289.62,372.5,17.92,60.18,4.66,UKP_0023,2,2016
2016-06-23 12:00:00+00:00,122.93,164.25,16.68,65.61,4.12,UKP_0023,2,2016
2016-06-23 13:00:00+00:00,14.3,21.58,14.7,77.95,2.75,UKP_0023,2,2016
2016-06-23 14:00:00+00:00,0.0,0.0,13.45,87.67,2.13,UKP_0023,2,2016
2016-06-23 15:00:00+00:00,0.0,0.0,12.98,90.26,2.07,UKP_0023,2,2016
2016-06-23 16:00:00+00:00,0.0,0.0,12.54,91.82,2.02,UKP_0023,2,2016
2016-06-23 17:00:00+00:00,0.0,0.0,12.18,93.58,1.93,UKP_0023,2,2016
2016-06-23 18:00:00+00:00,0.0,0.0,11.95,94.61,1.66,UKP_0023,2,2016
2016-06-23 19:00:00+00:00,0.0,0.0,11.66,95.6,1.33,UKP_0023,2,2016
2016-06-23 20:00:00+00:00,0.0,0.0,11.2,97.26,1.01,UKP_0023,2,2016
2016-06-23 21:00:00+00:00,0.0,0.0,10.53,98.93,0.91,UKP_0023,2,2016
2016-06-23 22:00:00+00:00,0.0,0.0,9.74,98.66,1.43,UKP_0023,2,2016
2016-06-23 23:00:00+00:00,0.0,0.0,9.05,95.64,1.81,UKP_0023,2,2016
2016-06-24 00:00:00+00:00,79.12,107.4,10.46,85.86,1.83,UKP_0023,2,2016
2016-06-24 01:00:00+00:00,223.52,321.33,13.93,59.36,1.5,UKP_0023,2,2016
2016-06-24 02:00:00+00:00,433.9,552.85,16.87,44.2,2.19,UKP_0023,2,2016
2016-06-24 03:00:00+00:00,683.53,761.9,18.49,40.23,3.65,UKP_0023,2,2016
2016-06-24 04:00:00+00:00,909.65,928.92,19.48,39.75,4.72,UKP_0023,2,2016
2016-06-24 05:00:00+00:00,970.15,1039.12,20.09,40.6,5.46,UKP_0023,2,2016
2016-06-24 06:00:00+00:00,784.92,1088.75,20.37,42.46,5.71,UKP_0023,2,2016
2016-06-24 07:00:00+00:00,812.15,1071.43,20.43,44.55,5.53,UKP_0023,2,2016
2016-06-24 08:00:00+00:00,832.1,986.12,20.13,46.91,5.22,UKP_0023,2,2016
2016-06-24 09:00:00+00:00,683.53,844.67,19.76,48.88,4.97,UKP_0023,2,2016
2016-06-24 10:00:00+00:00,498.17,656.83,19.21,50.95,4.72,UKP_0023,2,2016
2016-06-24 11:00:00+00:00,289.5,438.83,18.2,54.89,4.32,UKP_0023,2,2016
2016-06-24 12:00:00+00:00,140.8,212.68,16.7,61.28,3.77,UKP_0023,2,2016
2016-06-24 13:00:00+00:00,16.6,27.83,14.8,72.67,2.68,UKP_0023,2,2016
2016-06-24 14:00:00+00:00,0.0,0.0,13.8,81.53,2.22,UKP_0023,2,2016
2016-06-24 15:00:00+00:00,0.0,0.0,13.42,83.88,2.28,UKP_0023,2,2016
2016-06-24 16:00:00+00:00,0.0,0.0,13.06,86.16,2.27,UKP_0023,2,2016
2016-06-24 17:00:00+00:00,0.0,0.0,12.75,87.96,2.34,UKP_0023,2,2016
2016-06-24 18:00:00+00:00,0.0,0.0,12.4,90.31,2.32,UKP_0023,2,2016
2016-06-24 19:00:00+00:00,0.0,0.0,12.09,92.08,2.13,UKP_0023,2,2016
2016-06-24 20:00:00+00:00,0.0,0.0,11.77,93.79,1.77,UKP_0023,2,2016
2016-06-24 21:00:00+00:00,0.0,0.0,11.46,94.74,1.54,UKP_0023,2,2016
2016-06-24 22:00:00+00:00,0.0,0.0,11.17,95.57,1.34,UKP_0023,2,2016
2016-06-24 23:00:00+00:00,0.0,0.0,10.88,96.59,1.07,UKP_0023,2,2016
2016-06-25 00:00:00+00:00,59.22,111.65,11.14,93.95,1.14,UKP_0023,2,2016
2016-06-25 01:00:00+00:00,159.05,323.7,12.49,82.37,1.66,UKP_0023,2,2016
2016-06-25 02:00:00+00:00,315.12,550.5,14.76,67.84,2.48,UKP_0023,2,2016
2016-06-25 03:00:00+00:00,465.55,756.22,17.21,56.33,3.6,UKP_0023,2,2016
2016-06-25 04:00:00+00:00,513.97,922.85,18.99,49.88,4.86,UKP_0023,2,2016
2016-06-25 05:00:00+00:00,708.88,1041.68,19.92,47.85,5.76,UKP_0023,2,2016
2016-06-25 06:00:00+00:00,792.78,1077.85,20.28,48.29,6.05,UKP_0023,2,2016
2016-06-25 07:00:00+00:00,755.33,1056.35,20.3,49.51,5.99,UKP_0023,2,2016
2016-06-25 08:00:00+00:00,764.6,973.97,20.19,50.34,5.88,UKP_0023,2,2016
2016-06-25 09:00:00+00:00,551.1,819.22,19.83,51.12,5.56,UKP_0023,2,2016
2016-06-25 10:00:00+00:00,408.17,624.6,19.16,52.97,5.01,UKP_0023,2,2016
2016-06-25 11:00:00+00:00,245.07,402.25,18.1,56.8,4.37,UKP_0023,2,2016
2016-06-25 12:00:00+00:00,127.47,183.25,16.67,62.43,3.8,UKP_0023,2,2016
2016-06-25 13:00:00+00:00,19.52,22.4,14.67,74.53,2.65,UKP_0023,2,2016
2016-06-25 14:00:00+00:00,0.0,0.0,13.52,83.65,2.19,UKP_0023,2,2016
2016-06-25 15:00:00+00:00,0.0,0.0,13.14,85.95,2.1,UKP_0023,2,2016
2016-06-25 16:00:00+00:00,0.0,0.0,12.79,88.22,1.97,UKP_0023,2,2016
2016-06-25 17:00:00+00:00,0.0,0.0,12.42,90.54,1.82,UKP_0023,2,2016
2016-06-25 18:00:00+00:00,0.0,0.0,12.09,92.34,1.63,UKP_0023,2,2016
2016-06-25 19:00:00+00:00,0.0,0.0,11.65,94.3,1.45,UKP_0023,2,2016
2016-06-25 20:00:00+00:00,0.0,0.0,11.14,96.67,1.37,UKP_0023,2,2016
2016-06-25 21:00:00+00:00,0.0,0.0,10.81,97.5,1.09,UKP_0023,2,2016
2016-06-25 22:00:00+00:00,0.0,0.0,10.66,96.91,0.77,UKP_0023,2,2016
2016-06-25 23:00:00+00:00,0.0,0.0,10.42,95.49,0.78,UKP_0023,2,2016
2016-06-26 00:00:00+00:00,65.18,94.4,11.33,89.23,1.09,UKP_0023,2,2016
2016-06-26 01:00:00+00:00,215.93,298.58,13.78,72.67,0.41,UKP_0023,2,2016
2016-06-26 02:00:00+00:00,387.8,525.2,16.46,57.5,1.63,UKP_0023,2,2016
2016-06-26 03:00:00+00:00,616.4,729.45,18.4,48.61,3.14,UKP_0023,2,2016
2016-06-26 04:00:00+00:00,748.28,893.9,19.78,44.41,4.24,UKP_0023,2,2016
2016-06-26 05:00:00+00:00,975.5,1012.67,20.67,43.49,5.04,UKP_0023,2,2016
2016-06-26 06:00:00+00:00,832.17,1071.68,21.12,44.64,5.5,UKP_0023,2,2016
2016-06-26 07:00:00+00:00,760.38,1047.6,20.9,47.7,5.49,UKP_0023,2,2016
2016-06-26 08:00:00+00:00,782.38,960.6,20.17,51.98,5.15,UKP_0023,2,2016
2016-06-26 09:00:00+00:00,619.38,815.85,18.99,57.42,4.84,UKP_0023,2,2016
2016-06-26 10:00:00+00:00,426.75,621.9,17.8,63.26,4.32,UKP_0023,2,2016
2016-06-26 11:00:00+00:00,245.2,397.3,16.74,69.03,3.75,UKP_0023,2,2016
2016-06-26 12:00:00+00:00,124.78,177.18,15.79,75.2,3.31,UKP_0023,2,2016
2016-06-26 13:00:00+00:00,17.15,20.95,14.83,82.64,2.89,UKP_0023,2,2016
2016-06-26 14:00:00+00:00,0.0,0.0,14.24,88.28,2.58,UKP_0023,2,2016
2016-06-26 15:00:00+00:00,0.0,0.0,13.87,92.09,2.4,UKP_0023,2,2016
2016-06-26 16:00:00+00:00,0.0,0.0,13.53,95.1,2.23,UKP_0023,2,2016
2016-06-26 17:00:00+00:00,0.0,0.0,13.21,97.53,2.1,UKP_0023,2,2016
2016-06-26 18:00:00+00:00,0.0,0.0,12.92,99.43,2.1,UKP_0023,2,2016
2016-06-26 19:00:00+00:00,0.0,0.0,12.73,100.0,2.13,UKP_0023,2,2016
2016-06-26 20:00:00+00:00,0.0,0.0,12.59,100.0,2.1,UKP_0023,2,2016
2016-06-26 21:00:00+00:00,0.0,0.0,12.46,100.0,1.93,UKP_0023,2,2016
2016-06-26 22:00:00+00:00,0.0,0.0,12.27,100.0,1.79,UKP_0023,2,2016
2016-06-26 23:00:00+00:00,0.0,0.0,12.15,100.0,1.65,UKP_0023,2,2016
2016-06-27 00:00:00+00:00,65.25,82.8,12.67,97.99,1.82,UKP_0023,2,2016
2016-06-27 01:00:00+00:00,217.8,275.92,13.71,88.71,1.99,UKP_0023,2,2016
2016-06-27 02:00:00+00:00,419.3,499.08,15.57,75.88,2.37,UKP_0023,2,2016
2016-06-27 03:00:00+00:00,608.25,696.35,17.4,66.27,3.63,UKP_0023,2,2016
2016-06-27 04:00:00+00:00,805.65,863.03,18.55,61.7,4.54,UKP_0023,2,2016
2016-06-27 05:00:00+00:00,746.08,983.97,19.41,59.2,5.01,UKP_0023,2,2016
2016-06-27 06:00:00+00:00,781.17,1040.9,20.04,57.62,5.44,UKP_0023,2,2016
2016-06-27 07:00:00+00:00,828.53,1028.1,20.18,58.02,5.9,UKP_0023,2,2016
2016-06-27 08:00:00+00:00,619.22,942.72,19.92,60.25,6.09,UKP_0023,2,2016
2016-06-27 09:00:00+00:00,533.92,800.53,19.58,62.51,6.06,UKP_0023,2,2016
2016-06-27 10:00:00+00:00,376.75,611.67,18.94,65.78,6.03,UKP_0023,2,2016
2016-06-27 11:00:00+00:00,234.57,393.7,17.47,74.06,5.56,UKP_0023,2,2016
2016-06-27 12:00:00+00:00,109.7,175.12,16.04,83.06,4.89,UKP_0023,2,2016
2016-06-27 13:00:00+00:00,16.65,21.08,15.06,89.9,4.12,UKP_0023,2,2016
2016-06-27 14:00:00+00:00,0.0,0.0,14.52,93.88,3.66,UKP_0023,2,2016
2016-06-27 15:00:00+00:00,0.0,0.0,14.24,95.72,3.56,UKP_0023,2,2016
2016-06-27 16:00:00+00:00,0.0,0.0,14.04,96.8,3.31,UKP_0023,2,2016
2016-06-27 17:00:00+00:00,0.0,0.0,13.86,97.96,3.05,UKP_0023,2,2016
2016-06-27 18:00:00+00:00,0.0,0.0,13.66,98.8,2.5,UKP_0023,2,2016
2016-06-27 19:00:00+00:00,0.0,0.0,13.33,99.81,1.88,UKP_0023,2,2016
2016-06-27 20:00:00+00:00,0.0,0.0,13.06,100.0,1.56,UKP_0023,2,2016
2016-06-27 21:00:00+00:00,0.0,0.0,12.72,100.0,1.32,UKP_0023,2,2016
2016-06-27 22:00:00+00:00,0.0,0.0,12.56,100.0,1.36,UKP_0023,2,2016
2016-06-27 23:00:00+00:00,0.0,0.0,12.3,100.0,1.31,UKP_0023,2,2016
2016-06-28 00:00:00+00:00,61.6,75.25,12.62,99.28,1.46,UKP_0023,2,2016
2016-06-28 01:00:00+00:00,198.3,250.55,13.46,92.61,1.9,UKP_0023,2,2016
2016-06-28 02:00:00+00:00,403.65,464.05,14.44,85.75,2.44,UKP_0023,2,2016
2016-06-28 03:00:00+00:00,597.22,657.7,15.43,79.1,3.01,UKP_0023,2,2016
2016-06-28 04:00:00+00:00,699.1,825.12,16.62,73.15,3.58,UKP_0023,2,2016
2016-06-28 05:00:00+00:00,741.42,953.47,18.05,66.71,4.31,UKP_0023,2,2016
2016-06-28 06:00:00+00:00,864.45,1063.95,19.29,61.66,5.02,UKP_0023,2,2016
2016-06-28 07:00:00+00:00,749.38,1045.1,19.92,59.41,5.47,UKP_0023,2,2016
2016-06-28 08:00:00+00:00,757.15,961.45,20.05,59.29,5.59,UKP_0023,2,2016
2016-06-28 09:00:00+00:00,713.45,824.85,19.68,61.13,5.26,UKP_0023,2,2016
2016-06-28 10:00:00+00:00,555.05,639.45,18.96,64.46,4.77,UKP_0023,2,2016
2016-06-28 11:00:00+00:00,334.52,422.92,17.88,69.94,4.27,UKP_0023,2,2016
2016-06-28 12:00:00+00:00,165.88,200.38,16.5,78.0,3.66,UKP_0023,2,2016
2016-06-28 13:00:00+00:00,22.83,25.48,15.17,87.22,2.71,UKP_0023,2,2016
2016-06-28 14:00:00+00:00,0.0,0.0,14.42,93.21,1.85,UKP_0023,2,2016
2016-06-28 15:00:00+00:00,0.0,0.0,13.97,96.45,1.57,UKP_0023,2,2016
2016-06-28 16:00:00+00:00,0.0,0.0,13.59,98.54,1.36,UKP_0023,2,2016
2016-06-28 17:00:00+00:00,0.0,0.0,13.31,99.79,1.14,UKP_0023,2,2016
2016-06-28 18:00:00+00:00,0.0,0.0,13.11,99.99,0.88,UKP_0023,2,2016
2016-06-28 19:00:00+00:00,0.0,0.0,12.94,100.0,0.8,UKP_0023,2,2016
2016-06-28 20:00:00+00:00,0.0,0.0,12.84,99.9,0.78,UKP_0023,2,2016
2016-06-28 21:00:00+00:00,0.0,0.0,12.77,99.14,0.76,UKP_0023,2,2016
2016-06-28 22:00:00+00:00,0.0,0.0,12.71,98.31,0.78,UKP_0023,2,2016
2016-06-28 23:00:00+00:00,0.0,0.0,12.67,96.98,0.83,UKP_0023,2,2016
2016-06-29 00:00:00+00:00,86.82,96.3,13.48,90.98,1.0,UKP_0023,2,2016
2016-06-29 01:00:00+00:00,248.0,298.12,15.3,77.12,1.34,UKP_0023,2,2016
2016-06-29 02:00:00+00:00,463.45,521.0,17.54,63.99,1.94,UKP_0023,2,2016
2016-06-29 03:00:00+00:00,688.4,723.2,19.48,55.94,3.25,UKP_0023,2,2016
2016-06-29 04:00:00+00:00,702.28,885.17,20.53,54.0,4.51,UKP_0023,2,2016
2016-06-29 05:00:00+00:00,898.4,995.65,20.8,55.7,5.17,UKP_0023,2,2016
2016-06-29 06:00:00+00:00,907.72,1044.35,20.73,57.98,5.39,UKP_0023,2,2016
2016-06-29 07:00:00+00:00,875.38,1029.62,20.73,58.54,5.56,UKP_0023,2,2016
2016-06-29 08:00:00+00:00,696.4,950.3,20.54,59.62,5.54,UKP_0023,2,2016
2016-06-29 09:00:00+00:00,640.53,811.47,20.33,60.61,5.44,UKP_0023,2,2016
2016-06-29 10:00:00+00:00,467.8,624.5,19.88,62.14,5.33,UKP_0023,2,2016
2016-06-29 11:00:00+00:00,279.48,407.25,19.01,65.42,5.05,UKP_0023,2,2016
2016-06-29 12:00:00+00:00,134.85,190.35,17.77,71.03,4.51,UKP_0023,2,2016
2016-06-29 13:00:00+00:00,17.73,23.83,16.25,80.33,3.4,UKP_0023,2,2016
2016-06-29 14:00:00+00:00,0.0,0.0,15.37,87.54,2.42,UKP_0023,2,2016
2016-06-29 15:00:00+00:00,0.0,0.0,14.87,90.84,2.13,UKP_0023,2,2016
2016-06-29 16:00:00+00:00,0.0,0.0,14.4,93.21,2.04,UKP_0023,2,2016
2016-06-29 17:00:00+00:00,0.0,0.0,13.9,95.65,1.86,UKP_0023,2,2016
2016-06-29 18:00:00+00:00,0.0,0.0,13.47,97.9,1.63,UKP_0023,2,2016
2016-06-29 19:00:00+00:00,0.0,0.0,13.02,100.0,1.38,UKP_0023,2,2016
2016-06-29 20:00:00+00:00,0.0,0.0,12.74,100.0,1.11,UKP_0023,2,2016
2016-06-29 21:00:00+00:00,0.0,0.0,12.52,100.0,0.97,UKP_0023,2,2016
2016-06-29 22:00:00+00:00,0.0,0.0,12.27,100.0,0.9,UKP_0023,2,2016
2016-06-29 23:00:00+00:00,0.0,0.0,12.18,100.0,0.95,UKP_0023,2,2016
2016-06-30 00:00:00+00:00,37.85,88.22,13.0,94.42,1.33,UKP_0023,2,2016
2016-06-30 01:00:00+00:00,139.82,286.3,14.83,82.59,1.46,UKP_0023,2,2016
2016-06-30 02:00:00+00:00,276.58,507.75,17.17,69.37,2.11,UKP_0023,2,2016
2016-06-30 03:00:00+00:00,473.55,704.08,19.14,59.8,3.33,UKP_0023,2,2016
2016-06-30 04:00:00+00:00,557.4,870.15,20.24,56.98,4.61,UKP_0023,2,2016
2016-06-30 05:00:00+00:00,676.08,990.33,20.46,58.19,5.51,UKP_0023,2,2016
2016-06-30 06:00:00+00:00,770.45,1055.85,20.27,60.57,6.16,UKP_0023,2,2016
2016-06-30 07:00:00+00:00,851.03,1042.15,20.6,60.22,6.96,UKP_0023,2,2016
2016-06-30 08:00:00+00:00,655.2,920.8,20.24,62.09,7.53,UKP_0023,2,2016
2016-06-30 09:00:00+00:00,545.0,782.35,19.74,63.48,7.58,UKP_0023,2,2016
2016-06-30 10:00:00+00:00,302.85,606.38,18.92,66.26,6.93,UKP_0023,2,2016
2016-06-30 11:00:00+00:00,161.48,393.95,17.67,72.08,5.69,UKP_0023,2,2016
2016-06-30 12:00:00+00:00,70.88,177.52,16.31,80.3,4.33,UKP_0023,2,2016
2016-06-30 13:00:00+00:00,12.07,21.62,15.31,88.05,3.32,UKP_0023,2,2016
2016-06-30 14:00:00+00:00,0.0,0.0,14.78,93.05,2.7,UKP_0023,2,2016
2016-06-30 15:00:00+00:00,0.0,0.0,14.45,95.56,2.38,UKP_0023,2,2016
2016-06-30 16:00:00+00:00,0.0,0.0,14.1,97.34,2.25,UKP_0023,2,2016
2016-06-30 17:00:00+00:00,0.0,0.0,13.75,98.93,2.16,UKP_0023,2,2016
2016-06-30 18:00:00+00:00,0.0,0.0,13.42,100.0,1.87,UKP_0023,2,2016
2016-06-30 19:00:00+00:00,0.0,0.0,13.15,100.0,1.76,UKP_0023,2,2016
2016-06-30 20:00:00+00:00,0.0,0.0,12.82,100.0,1.48,UKP_0023,2,2016
2016-06-30 21:00:00+00:00,0.0,0.0,12.62,100.0,1.03,UKP_0023,2,2016
2016-06-30 22:00:00+00:00,0.0,0.0,12.29,100.0,0.87,UKP_0023,2,2016
2016-06-30 23:00:00+00:00,0.62,1.35,12.09,100.0,0.82,UKP_0023,2,2016
2016-07-01 00:00:00+00:00,38.8,84.88,12.92,93.88,0.77,UKP_0023,2,2016
2016-07-01 01:00:00+00:00,143.23,292.73,14.47,84.82,0.96,UKP_0023,2,2016
2016-07-01 02:00:00+00:00,290.2,519.2,16.48,74.46,1.94,UKP_0023,2,2016
2016-07-01 03:00:00+00:00,451.65,725.75,18.27,65.47,3.45,UKP_0023,2,2016
2016-07-01 04:00:00+00:00,581.53,891.45,19.3,62.0,4.72,UKP_0023,2,2016
2016-07-01 05:00:00+00:00,491.73,989.92,19.43,62.69,5.56,UKP_0023,2,2016
2016-07-01 06:00:00+00:00,519.3,1043.47,19.36,64.09,6.0,UKP_0023,2,2016
2016-07-01 07:00:00+00:00,285.08,1028.5,19.69,63.15,6.24,UKP_0023,2,2016
2016-07-01 08:00:00+00:00,203.12,933.53,19.69,62.74,6.24,UKP_0023,2,2016
2016-07-01 09:00:00+00:00,180.4,773.35,19.42,63.28,5.91,UKP_0023,2,2016
2016-07-01 10:00:00+00:00,130.02,581.67,18.83,65.22,5.43,UKP_0023,2,2016
2016-07-01 11:00:00+00:00,88.97,363.23,17.82,69.62,4.87,UKP_0023,2,2016
2016-07-01 12:00:00+00:00,46.03,152.0,16.31,77.51,4.07,UKP_0023,2,2016
2016-07-01 13:00:00+00:00,7.12,18.67,14.7,88.22,2.81,UKP_0023,2,2016
2016-07-01 14:00:00+00:00,0.0,0.0,13.94,95.19,2.18,UKP_0023,2,2016
2016-07-01 15:00:00+00:00,0.0,0.0,13.66,98.04,2.01,UKP_0023,2,2016
2016-07-01 16:00:00+00:00,0.0,0.0,13.45,99.7,2.03,UKP_0023,2,2016
2016-07-01 17:00:00+00:00,0.0,0.0,13.32,100.0,1.97,UKP_0023,2,2016
2016-07-01 18:00:00+00:00,0.0,0.0,13.26,100.0,1.88,UKP_0023,2,2016
2016-07-01 19:00:00+00:00,0.0,0.0,13.31,100.0,1.96,UKP_0023,2,2016
2016-07-01 20:00:00+00:00,0.0,0.0,13.28,100.0,2.16,UKP_0023,2,2016
2016-07-01 21:00:00+00:00,0.0,0.0,13.23,100.0,2.13,UKP_0023,2,2016
2016-07-01 22:00:00+00:00,0.0,0.0,13.08,100.0,2.1,UKP_0023,2,2016
2016-07-01 23:00:00+00:00,0.0,0.0,13.01,100.0,2.12,UKP_0023,2,2016
2016-07-02 00:00:00+00:00,28.08,62.9,13.6,100.0,2.41,UKP_0023,2,2016
2016-07-02 01:00:00+00:00,109.6,215.7,14.52,93.53,3.21,UKP_0023,2,2016
2016-07-02 02:00:00+00:00,258.3,408.02,15.53,85.01,3.69,UKP_0023,2,2016
2016-07-02 03:00:00+00:00,312.1,611.33,15.87,82.39,4.5,UKP_0023,2,2016
2016-07-02 04:00:00+00:00,367.25,800.3,15.49,86.41,4.89,UKP_0023,2,2016
2016-07-02 05:00:00+00:00,390.95,920.65,15.61,87.32,5.1,UKP_0023,2,2016
2016-07-02 06:00:00+00:00,454.33,966.5,16.12,85.05,5.54,UKP_0023,2,2016
2016-07-02 07:00:00+00:00,552.9,951.28,16.51,83.0,6.08,UKP_0023,2,2016
2016-07-02 08:00:00+00:00,376.73,868.4,16.71,81.8,6.45,UKP_0023,2,2016
2016-07-02 09:00:00+00:00,293.38,722.6,16.66,80.99,6.51,UKP_0023,2,2016
2016-07-02 10:00:00+00:00,310.25,532.8,16.35,81.22,6.27,UKP_0023,2,2016
2016-07-02 11:00:00+00:00,177.55,313.73,15.64,83.94,5.72,UKP_0023,2,2016
2016-07-02 12:00:00+00:00,76.95,127.65,14.47,90.0,4.58,UKP_0023,2,2016
2016-07-02 13:00:00+00:00,11.93,17.42,13.4,97.1,3.0,UKP_0023,2,2016
2016-07-02 14:00:00+00:00,0.0,0.0,12.9,100.0,1.97,UKP_0023,2,2016
2016-07-02 15:00:00+00:00,0.0,0.0,12.62,100.0,1.74,UKP_0023,2,2016
2016-07-02 16:00:00+00:00,0.0,0.0,12.35,100.0,1.8,UKP_0023,2,2016
2016-07-02 17:00:00+00:00,0.0,0.0,12.06,100.0,1.91,UKP_0023,2,2016
2016-07-02 18:00:00+00:00,0.0,0.0,11.7,100.0,1.9,UKP_0023,2,2016
2016-07-02 19:00:00+00:00,0.0,0.0,11.4,100.0,1.9,UKP_0023,2,2016
2016-07-02 20:00:00+00:00,0.0,0.0,11.19,100.0,1.8,UKP_0023,2,2016
2016-07-02 21:00:00+00:00,0.0,0.0,11.01,100.0,1.73,UKP_0023,2,2016
2016-07-02 22:00:00+00:00,0.0,0.0,10.83,100.0,1.73,UKP_0023,2,2016
2016-07-02 23:00:00+00:00,0.0,0.0,10.71,100.0,1.71,UKP_0023,2,2016
2016-07-03 00:00:00+00:00,38.3,68.7,11.45,100.0,2.38,UKP_0023,2,2016
2016-07-03 01:00:00+00:00,111.1,249.73,12.26,96.44,3.15,UKP_0023,2,2016
2016-07-03 02:00:00+00:00,175.4,469.48,13.24,90.03,3.95,UKP_0023,2,2016
2016-07-03 03:00:00+00:00,226.2,674.62,14.34,82.96,4.82,UKP_0023,2,2016
2016-07-03 04:00:00+00:00,253.12,842.33,15.1,78.3,5.32,UKP_0023,2,2016
2016-07-03 05:00:00+00:00,283.17,956.12,15.64,74.94,5.54,UKP_0023,2,2016
2016-07-03 06:00:00+00:00,412.35,1052.4,15.98,72.87,5.47,UKP_0023,2,2016
2016-07-03 07:00:00+00:00,458.48,1035.57,16.26,71.48,5.14,UKP_0023,2,2016
2016-07-03 08:00:00+00:00,498.08,953.4,16.67,69.89,4.79,UKP_0023,2,2016
2016-07-03 09:00:00+00:00,459.6,812.72,17.02,68.49,4.5,UKP_0023,2,2016
2016-07-03 10:00:00+00:00,293.3,622.1,16.86,68.99,4.34,UKP_0023,2,2016
2016-07-03 11:00:00+00:00,185.27,396.55,16.05,72.32,4.12,UKP_0023,2,2016
2016-07-03 12:00:00+00:00,78.45,173.23,14.74,79.28,3.76,UKP_0023,2,2016
2016-07-03 13:00:00+00:00,12.07,21.15,13.15,90.22,2.75,UKP_0023,2,2016
2016-07-03 14:00:00+00:00,0.0,0.0,12.33,96.86,1.91,UKP_0023,2,2016
2016-07-03 15:00:00+00:00,0.0,0.0,11.87,99.42,1.65,UKP_0023,2,2016
2016-07-03 16:00:00+00:00,0.0,0.0,11.47,100.0,1.46,UKP_0023,2,2016
2016-07-03 17:00:00+00:00,0.0,0.0,11.23,100.0,1.29,UKP_0023,2,2016
2016-07-03 18:00:00+00:00,0.0,0.0,11.08,100.0,1.14,UKP_0023,2,2016
2016-07-03 19:00:00+00:00,0.0,0.0,10.9,100.0,1.01,UKP_0023,2,2016
2016-07-03 20:00:00+00:00,0.0,0.0,10.71,100.0,0.94,UKP_0023,2,2016
2016-07-03 21:00:00+00:00,0.0,0.0,10.63,100.0,0.8,UKP_0023,2,2016
2016-07-03 22:00:00+00:00,0.0,0.0,10.6,100.0,0.62,UKP_0023,2,2016
2016-07-03 23:00:00+00:00,0.0,0.0,10.56,100.0,0.35,UKP_0023,2,2016
2016-07-04 00:00:00+00:00,42.45,61.72,11.15,98.75,0.16,UKP_0023,2,2016
2016-07-04 01:00:00+00:00,142.1,223.82,12.38,91.99,0.89,UKP_0023,2,2016
2016-07-04 02:00:00+00:00,276.02,430.17,14.0,83.32,2.14,UKP_0023,2,2016
2016-07-04 03:00:00+00:00,433.27,632.83,15.8,74.02,3.23,UKP_0023,2,2016
2016-07-04 04:00:00+00:00,587.5,805.6,17.05,68.69,4.07,UKP_0023,2,2016
2016-07-04 05:00:00+00:00,526.6,921.65,17.76,66.59,4.83,UKP_0023,2,2016
2016-07-04 06:00:00+00:00,571.5,1059.05,18.04,66.63,5.47,UKP_0023,2,2016
2016-07-04 07:00:00+00:00,541.47,1043.68,17.83,68.63,5.8,UKP_0023,2,2016
2016-07-04 08:00:00+00:00,410.17,962.12,17.23,71.87,5.78,UKP_0023,2,2016
2016-07-04 09:00:00+00:00,376.75,820.97,16.28,76.98,5.33,UKP_0023,2,2016
2016-07-04 10:00:00+00:00,277.6,629.78,15.34,82.68,4.68,UKP_0023,2,2016
2016-07-04 11:00:00+00:00,201.2,410.65,14.51,88.09,4.05,UKP_0023,2,2016
2016-07-04 12:00:00+00:00,84.45,182.23,13.78,93.37,3.3,UKP_0023,2,2016
2016-07-04 13:00:00+00:00,12.77,23.02,13.3,97.6,2.56,UKP_0023,2,2016
2016-07-04 14:00:00+00:00,0.0,0.0,13.1,99.71,2.28,UKP_0023,2,2016
2016-07-04 15:00:00+00:00,0.0,0.0,12.95,100.0,2.09,UKP_0023,2,2016
2016-07-04 16:00:00+00:00,0.0,0.0,12.57,100.0,2.06,UKP_0023,2,2016
2016-07-04 17:00:00+00:00,0.0,0.0,12.22,100.0,2.14,UKP_0023,2,2016
2016-07-04 18:00:00+00:00,0.0,0.0,11.85,100.0,2.25,UKP_0023,2,2016
2016-07-04 19:00:00+00:00,0.0,0.0,11.55,100.0,2.01,UKP_0023,2,2016
2016-07-04 20:00:00+00:00,0.0,0.0,11.4,100.0,1.9,UKP_0023,2,2016
2016-07-04 21:00:00+00:00,0.0,0.0,11.2,100.0,1.55,UKP_0023,2,2016
2016-07-04 22:00:00+00:00,0.0,0.0,11.09,100.0,1.32,UKP_0023,2,2016
2016-07-04 23:00:00+00:00,0.0,0.0,11.13,100.0,1.12,UKP_0023,2,2016
2016-07-05 00:00:00+00:00,76.57,96.47,11.86,99.9,0.9,UKP_0023,2,2016
2016-07-05 01:00:00+00:00,240.7,304.95,12.81,95.21,1.19,UKP_0023,2,2016
2016-07-05 02:00:00+00:00,417.67,527.53,14.07,88.48,2.12,UKP_0023,2,2016
2016-07-05 03:00:00+00:00,630.47,729.8,15.72,79.2,3.09,UKP_0023,2,2016
2016-07-05 04:00:00+00:00,780.67,893.4,17.46,70.69,4.12,UKP_0023,2,2016
2016-07-05 05:00:00+00:00,797.83,1004.42,18.37,67.33,5.16,UKP_0023,2,2016
2016-07-05 06:00:00+00:00,937.6,1064.9,18.61,66.97,5.9,UKP_0023,2,2016
2016-07-05 07:00:00+00:00,830.55,1054.68,18.79,67.06,6.47,UKP_0023,2,2016
2016-07-05 08:00:00+00:00,831.3,979.2,18.82,67.27,6.83,UKP_0023,2,2016
2016-07-05 09:00:00+00:00,666.67,842.3,18.39,68.72,6.65,UKP_0023,2,2016
2016-07-05 10:00:00+00:00,477.08,655.03,17.74,70.7,6.12,UKP_0023,2,2016
2016-07-05 11:00:00+00:00,287.55,433.17,16.72,74.77,5.48,UKP_0023,2,2016
2016-07-05 12:00:00+00:00,121.72,199.82,15.18,83.23,4.45,UKP_0023,2,2016
2016-07-05 13:00:00+00:00,12.35,23.92,13.99,91.37,3.36,UKP_0023,2,2016
2016-07-05 14:00:00+00:00,0.0,0.0,13.41,96.09,2.75,UKP_0023,2,2016
2016-07-05 15:00:00+00:00,0.0,0.0,13.14,98.32,2.6,UKP_0023,2,2016
2016-07-05 16:00:00+00:00,0.0,0.0,12.84,100.0,2.42,UKP_0023,2,2016
2016-07-05 17:00:00+00:00,0.0,0.0,12.6,100.0,2.1,UKP_0023,2,2016
2016-07-05 18:00:00+00:00,0.0,0.0,12.41,100.0,1.83,UKP_0023,2,2016
2016-07-05 19:00:00+00:00,0.0,0.0,12.28,100.0,1.78,UKP_0023,2,2016
2016-07-05 20:00:00+00:00,0.0,0.0,12.17,100.0,1.88,UKP_0023,2,2016
2016-07-05 21:00:00+00:00,0.0,0.0,12.16,100.0,1.96,UKP_0023,2,2016
2016-07-05 22:00:00+00:00,0.0,0.0,12.15,100.0,2.08,UKP_0023,2,2016
2016-07-05 23:00:00+00:00,0.0,0.0,12.14,100.0,2.12,UKP_0023,2,2016
2016-07-06 00:00:00+00:00,40.45,86.03,13.01,100.0,2.78,UKP_0023,2,2016
2016-07-06 01:00:00+00:00,154.15,287.77,14.07,96.25,3.83,UKP_0023,2,2016
2016-07-06 02:00:00+00:00,343.2,511.23,15.21,87.56,4.82,UKP_0023,2,2016
2016-07-06 03:00:00+00:00,588.75,720.38,16.81,77.44,5.72,UKP_0023,2,2016
2016-07-06 04:00:00+00:00,688.33,885.2,17.82,71.18,5.92,UKP_0023,2,2016
2016-07-06 05:00:00+00:00,725.6,975.58,18.5,67.5,5.67,UKP_0023,2,2016
2016-07-06 06:00:00+00:00,844.0,1031.0,18.71,65.98,5.53,UKP_0023,2,2016
2016-07-06 07:00:00+00:00,768.47,1017.08,18.92,65.39,5.68,UKP_0023,2,2016
2016-07-06 08:00:00+00:00,614.85,944.25,18.5,67.41,5.78,UKP_0023,2,2016
2016-07-06 09:00:00+00:00,585.35,805.1,17.74,71.6,5.27,UKP_0023,2,2016
2016-07-06 10:00:00+00:00,370.05,615.15,17.37,73.32,5.05,UKP_0023,2,2016
2016-07-06 11:00:00+00:00,232.48,394.83,16.48,77.93,4.61,UKP_0023,2,2016
2016-07-06 12:00:00+00:00,117.28,177.55,15.22,85.52,3.93,UKP_0023,2,2016
2016-07-06 13:00:00+00:00,17.33,21.2,14.15,93.59,2.96,UKP_0023,2,2016
2016-07-06 14:00:00+00:00,0.0,0.0,13.73,97.92,2.38,UKP_0023,2,2016
2016-07-06 15:00:00+00:00,0.0,0.0,13.58,99.51,2.25,UKP_0023,2,2016
2016-07-06 16:00:00+00:00,0.0,0.0,13.44,100.0,2.36,UKP_0023,2,2016
2016-07-06 17:00:00+00:00,0.0,0.0,13.27,100.0,2.31,UKP_0023,2,2016
2016-07-06 18:00:00+00:00,0.0,0.0,13.11,100.0,2.13,UKP_0023,2,2016
2016-07-06 19:00:00+00:00,0.0,0.0,12.91,100.0,1.93,UKP_0023,2,2016
2016-07-06 20:00:00+00:00,0.0,0.0,12.72,100.0,1.71,UKP_0023,2,2016
2016-07-06 21:00:00+00:00,0.0,0.0,12.55,100.0,1.66,UKP_0023,2,2016
2016-07-06 22:00:00+00:00,0.0,0.0,12.38,100.0,1.63,UKP_0023,2,2016
2016-07-06 23:00:00+00:00,0.0,0.0,12.21,100.0,1.52,UKP_0023,2,2016
2016-07-07 00:00:00+00:00,64.03,89.3,12.74,99.68,1.91,UKP_0023,2,2016
2016-07-07 01:00:00+00:00,202.2,299.3,13.46,93.0,2.31,UKP_0023,2,2016
2016-07-07 02:00:00+00:00,404.55,526.88,14.5,84.22,2.74,UKP_0023,2,2016
2016-07-07 03:00:00+00:00,618.9,731.85,15.55,76.12,3.51,UKP_0023,2,2016
2016-07-07 04:00:00+00:00,749.5,896.3,15.8,75.5,3.86,UKP_0023,2,2016
2016-07-07 05:00:00+00:00,725.08,1006.65,16.26,73.8,4.04,UKP_0023,2,2016
2016-07-07 06:00:00+00:00,948.9,1071.85,17.01,70.27,4.33,UKP_0023,2,2016
2016-07-07 07:00:00+00:00,742.97,1058.3,17.23,69.32,4.54,UKP_0023,2,2016
2016-07-07 08:00:00+00:00,767.62,972.72,17.38,68.75,4.63,UKP_0023,2,2016
2016-07-07 09:00:00+00:00,696.5,831.72,17.72,67.53,4.68,UKP_0023,2,2016
2016-07-07 10:00:00+00:00,430.25,618.0,17.23,69.97,4.56,UKP_0023,2,2016
2016-07-07 11:00:00+00:00,238.5,358.4,16.24,75.28,4.16,UKP_0023,2,2016
2016-07-07 12:00:00+00:00,120.8,155.9,15.06,82.17,3.57,UKP_0023,2,2016
2016-07-07 13:00:00+00:00,15.45,19.7,13.82,91.53,2.57,UKP_0023,2,2016
2016-07-07 14:00:00+00:00,0.0,0.0,13.19,97.4,1.81,UKP_0023,2,2016
2016-07-07 15:00:00+00:00,0.0,0.0,12.83,99.57,1.69,UKP_0023,2,2016
2016-07-07 16:00:00+00:00,0.0,0.0,12.49,100.0,1.53,UKP_0023,2,2016
2016-07-07 17:00:00+00:00,0.0,0.0,12.23,100.0,1.34,UKP_0023,2,2016
2016-07-07 18:00:00+00:00,0.0,0.0,11.94,100.0,1.29,UKP_0023,2,2016
2016-07-07 19:00:00+00:00,0.0,0.0,11.57,100.0,1.27,UKP_0023,2,2016
2016-07-07 20:00:00+00:00,0.0,0.0,11.28,100.0,1.21,UKP_0023,2,2016
2016-07-07 21:00:00+00:00,0.0,0.0,11.1,100.0,1.09,UKP_0023,2,2016
2016-07-07 22:00:00+00:00,0.0,0.0,10.97,100.0,0.93,UKP_0023,2,2016
2016-07-07 23:00:00+00:00,0.0,0.0,10.78,99.91,0.85,UKP_0023,2,2016
2016-07-08 00:00:00+00:00,68.1,84.7,11.53,96.22,0.78,UKP_0023,2,2016
2016-07-08 01:00:00+00:00,209.65,290.92,13.43,83.32,1.04,UKP_0023,2,2016
2016-07-08 02:00:00+00:00,427.95,519.0,15.47,70.66,2.39,UKP_0023,2,2016
2016-07-08 03:00:00+00:00,666.33,724.65,17.25,61.58,3.53,UKP_0023,2,2016
2016-07-08 04:00:00+00:00,684.8,895.22,18.49,57.43,4.31,UKP_0023,2,2016
2016-07-08 05:00:00+00:00,795.53,1001.38,19.26,56.16,4.75,UKP_0023,2,2016
2016-07-08 06:00:00+00:00,858.45,1059.62,19.79,55.55,4.97,UKP_0023,2,2016
2016-07-08 07:00:00+00:00,739.97,1043.75,20.04,55.66,5.03,UKP_0023,2,2016
2016-07-08 08:00:00+00:00,733.6,959.53,19.94,56.54,5.16,UKP_0023,2,2016
2016-07-08 09:00:00+00:00,535.1,807.9,19.43,58.97,5.13,UKP_0023,2,2016
2016-07-08 10:00:00+00:00,308.02,600.78,18.62,62.17,4.99,UKP_0023,2,2016
2016-07-08 11:00:00+00:00,184.12,340.27,17.36,67.74,4.58,UKP_0023,2,2016
2016-07-08 12:00:00+00:00,74.72,128.1,15.96,75.04,3.91,UKP_0023,2,2016
2016-07-08 13:00:00+00:00,11.35,17.08,14.47,84.98,2.66,UKP_0023,2,2016
2016-07-08 14:00:00+00:00,0.0,0.0,13.93,91.04,2.03,UKP_0023,2,2016
2016-07-08 15:00:00+00:00,0.0,0.0,13.62,93.59,1.77,UKP_0023,2,2016
2016-07-08 16:00:00+00:00,0.0,0.0,13.18,95.83,1.68,UKP_0023,2,2016
2016-07-08 17:00:00+00:00,0.0,0.0,12.78,97.84,1.56,UKP_0023,2,2016
2016-07-08 18:00:00+00:00,0.0,0.0,12.29,100.0,1.51,UKP_0023,2,2016
2016-07-08 19:00:00+00:00,0.0,0.0,11.93,100.0,1.39,UKP_0023,2,2016
2016-07-08 20:00:00+00:00,0.0,0.0,11.64,100.0,1.23,UKP_0023,2,2016
2016-07-08 21:00:00+00:00,0.0,0.0,11.37,100.0,1.06,UKP_0023,2,2016
2016-07-08 22:00:00+00:00,0.0,0.0,11.14,100.0,0.77,UKP_0023,2,2016
2016-07-08 23:00:00+00:00,0.0,0.0,10.99,100.0,0.59,UKP_0023,2,2016
2016-07-09 00:00:00+00:00,61.83,76.38,11.78,95.53,0.66,UKP_0023,2,2016
2016-07-09 01:00:00+00:00,205.68,276.38,13.71,82.03,0.17,UKP_0023,2,2016
2016-07-09 02:00:00+00:00,436.85,501.23,15.91,68.16,1.75,UKP_0023,2,2016
2016-07-09 03:00:00+00:00,668.92,708.65,17.61,60.1,3.25,UKP_0023,2,2016
2016-07-09 04:00:00+00:00,825.5,875.5,18.63,57.87,4.22,UKP_0023,2,2016
2016-07-09 05:00:00+00:00,743.45,987.8,19.08,58.35,4.79,UKP_0023,2,2016
2016-07-09 06:00:00+00:00,904.33,1048.3,19.3,59.11,5.21,UKP_0023,2,2016
2016-07-09 07:00:00+00:00,751.47,1033.75,19.23,60.63,5.48,UKP_0023,2,2016
2016-07-09 08:00:00+00:00,576.05,953.08,18.87,62.89,5.36,UKP_0023,2,2016
2016-07-09 09:00:00+00:00,535.97,817.55,18.3,65.32,5.08,UKP_0023,2,2016
2016-07-09 10:00:00+00:00,322.6,617.97,17.38,69.37,4.64,UKP_0023,2,2016
2016-07-09 11:00:00+00:00,211.23,392.75,16.3,74.42,4.02,UKP_0023,2,2016
2016-07-09 12:00:00+00:00,103.1,173.48,15.1,80.25,3.29,UKP_0023,2,2016
2016-07-09 13:00:00+00:00,14.02,20.55,13.81,88.39,2.33,UKP_0023,2,2016
2016-07-09 14:00:00+00:00,0.0,0.0,13.18,93.36,1.65,UKP_0023,2,2016
2016-07-09 15:00:00+00:00,0.0,0.0,12.89,96.08,1.22,UKP_0023,2,2016
2016-07-09 16:00:00+00:00,0.0,0.0,12.65,98.37,1.04,UKP_0023,2,2016
2016-07-09 17:00:00+00:00,0.0,0.0,12.33,100.0,1.01,UKP_0023,2,2016
2016-07-09 18:00:00+00:00,0.0,0.0,12.0,100.0,1.06,UKP_0023,2,2016
2016-07-09 19:00:00+00:00,0.0,0.0,11.68,100.0,0.98,UKP_0023,2,2016
2016-07-09 20:00:00+00:00,0.0,0.0,11.42,100.0,0.87,UKP_0023,2,2016
2016-07-09 21:00:00+00:00,0.0,0.0,11.3,100.0,0.74,UKP_0023,2,2016
2016-07-09 22:00:00+00:00,0.0,0.0,11.26,100.0,0.66,UKP_0023,2,2016
2016-07-09 23:00:00+00:00,0.0,0.0,11.32,100.0,0.6,UKP_0023,2,2016
2016-07-10 00:00:00+00:00,50.7,73.3,12.26,100.0,0.65,UKP_0023,2,2016
2016-07-10 01:00:00+00:00,185.02,266.1,13.71,91.95,1.45,UKP_0023,2,2016
2016-07-10 02:00:00+00:00,416.15,488.88,15.23,81.46,2.08,UKP_0023,2,2016
2016-07-10 03:00:00+00:00,592.0,695.8,16.41,74.18,2.87,UKP_0023,2,2016
2016-07-10 04:00:00+00:00,738.95,864.58,17.27,71.3,3.53,UKP_0023,2,2016
2016-07-10 05:00:00+00:00,828.4,980.03,18.0,69.56,4.19,UKP_0023,2,2016
2016-07-10 06:00:00+00:00,800.8,1059.75,18.4,68.94,4.81,UKP_0023,2,2016
2016-07-10 07:00:00+00:00,731.45,1047.43,18.88,67.81,5.35,UKP_0023,2,2016
2016-07-10 08:00:00+00:00,794.53,971.67,18.85,67.85,5.74,UKP_0023,2,2016
2016-07-10 09:00:00+00:00,656.62,832.83,18.36,69.74,5.7,UKP_0023,2,2016
2016-07-10 10:00:00+00:00,383.3,640.4,17.65,72.87,5.31,UKP_0023,2,2016
2016-07-10 11:00:00+00:00,241.57,404.35,16.94,75.89,4.74,UKP_0023,2,2016
2016-07-10 12:00:00+00:00,105.47,171.0,15.79,81.71,4.01,UKP_0023,2,2016
2016-07-10 13:00:00+00:00,15.05,20.52,14.57,89.9,2.97,UKP_0023,2,2016
2016-07-10 14:00:00+00:00,0.0,0.0,14.01,94.58,2.24,UKP_0023,2,2016
2016-07-10 15:00:00+00:00,0.0,0.0,13.61,97.2,1.92,UKP_0023,2,2016
2016-07-10 16:00:00+00:00,0.0,0.0,13.26,99.05,1.76,UKP_0023,2,2016
2016-07-10 17:00:00+00:00,0.0,0.0,12.98,100.0,1.67,UKP_0023,2,2016
2016-07-10 18:00:00+00:00,0.0,0.0,12.71,100.0,1.64,UKP_0023,2,2016
2016-07-10 19:00:00+00:00,0.0,0.0,12.4,100.0,1.4,UKP_0023,2,2016
2016-07-10 20:00:00+00:00,0.0,0.0,12.02,100.0,1.35,UKP_0023,2,2016
2016-07-10 21:00:00+00:00,0.0,0.0,11.74,100.0,1.24,UKP_0023,2,2016
2016-07-10 22:00:00+00:00,0.0,0.0,11.57,100.0,1.07,UKP_0023,2,2016
2016-07-10 23:00:00+00:00,0.0,0.0,11.47,100.0,0.87,UKP_0023,2,2016
2016-07-11 00:00:00+00:00,39.75,66.62,12.28,98.0,0.77,UKP_0023,2,2016
2016-07-11 01:00:00+00:00,155.2,246.25,13.97,86.71,1.0,UKP_0023,2,2016
2016-07-11 02:00:00+00:00,265.0,442.5,16.2,73.3,2.13,UKP_0023,2,2016
2016-07-11 03:00:00+00:00,505.05,665.0,18.05,64.58,3.58,UKP_0023,2,2016
2016-07-11 04:00:00+00:00,585.95,838.2,19.09,61.92,4.75,UKP_0023,2,2016
2016-07-11 05:00:00+00:00,613.17,956.97,19.46,61.93,5.3,UKP_0023,2,2016
2016-07-11 06:00:00+00:00,680.3,1052.2,19.53,62.57,5.75,UKP_0023,2,2016
2016-07-11 07:00:00+00:00,737.88,1037.68,19.44,63.53,6.19,UKP_0023,2,2016
2016-07-11 08:00:00+00:00,517.15,956.25,19.19,64.66,6.4,UKP_0023,2,2016
2016-07-11 09:00:00+00:00,414.45,802.15,18.66,66.96,6.13,UKP_0023,2,2016
2016-07-11 10:00:00+00:00,331.17,613.38,18.03,69.22,5.61,UKP_0023,2,2016
2016-07-11 11:00:00+00:00,191.2,384.73,16.97,73.79,4.94,UKP_0023,2,2016
2016-07-11 12:00:00+00:00,83.72,163.7,15.49,81.56,4.0,UKP_0023,2,2016
2016-07-11 13:00:00+00:00,12.3,20.27,14.21,89.92,2.93,UKP_0023,2,2016
2016-07-11 14:00:00+00:00,0.0,0.0,13.54,95.45,2.17,UKP_0023,2,2016
2016-07-11 15:00:00+00:00,0.0,0.0,13.21,98.29,1.84,UKP_0023,2,2016
2016-07-11 16:00:00+00:00,0.0,0.0,13.06,99.97,1.77,UKP_0023,2,2016
2016-07-11 17:00:00+00:00,0.0,0.0,13.02,100.0,1.8,UKP_0023,2,2016
2016-07-11 18:00:00+00:00,0.0,0.0,12.94,100.0,1.68,UKP_0023,2,2016
2016-07-11 19:00:00+00:00,0.0,0.0,12.78,100.0,1.64,UKP_0023,2,2016
2016-07-11 20:00:00+00:00,0.0,0.0,12.66,100.0,1.62,UKP_0023,2,2016
2016-07-11 21:00:00+00:00,0.0,0.0,12.57,100.0,1.54,UKP_0023,2,2016
2016-07-11 22:00:00+00:00,0.0,0.0,12.44,100.0,1.46,UKP_0023,2,2016
2016-07-11 23:00:00+00:00,0.0,0.0,12.3,100.0,1.38,UKP_0023,2,2016
2016-07-12 00:00:00+00:00,39.2,63.95,12.62,99.95,1.74,UKP_0023,2,2016
2016-07-12 01:00:00+00:00,134.45,257.6,13.2,95.47,1.99,UKP_0023,2,2016
2016-07-12 02:00:00+00:00,329.35,487.25,14.18,88.8,2.45,UKP_0023,2,2016
2016-07-12 03:00:00+00:00,537.92,695.75,15.43,80.76,3.25,UKP_0023,2,2016
2016-07-12 04:00:00+00:00,623.7,855.83,16.65,73.77,4.01,UKP_0023,2,2016
2016-07-12 05:00:00+00:00,699.88,968.53,17.4,69.95,4.61,UKP_0023,2,2016
2016-07-12 06:00:00+00:00,749.65,1043.22,17.29,70.53,4.88,UKP_0023,2,2016
2016-07-12 07:00:00+00:00,602.22,1030.65,17.29,71.29,4.92,UKP_0023,2,2016
2016-07-12 08:00:00+00:00,543.53,947.47,18.08,68.65,4.98,UKP_0023,2,2016
2016-07-12 09:00:00+00:00,487.45,798.05,18.12,68.89,5.15,UKP_0023,2,2016
2016-07-12 10:00:00+00:00,330.83,605.38,17.14,73.9,5.08,UKP_0023,2,2016
2016-07-12 11:00:00+00:00,181.5,383.52,16.13,80.3,4.76,UKP_0023,2,2016
2016-07-12 12:00:00+00:00,75.35,164.95,15.15,87.13,4.16,UKP_0023,2,2016
2016-07-12 13:00:00+00:00,8.77,19.88,14.26,94.34,3.27,UKP_0023,2,2016
2016-07-12 14:00:00+00:00,0.0,0.0,13.84,98.72,2.65,UKP_0023,2,2016
2016-07-12 15:00:00+00:00,0.0,0.0,13.68,100.0,2.3,UKP_0023,2,2016
2016-07-12 16:00:00+00:00,0.0,0.0,13.49,100.0,2.19,UKP_0023,2,2016
2016-07-12 17:00:00+00:00,0.0,0.0,13.32,100.0,2.16,UKP_0023,2,2016
2016-07-12 18:00:00+00:00,0.0,0.0,13.19,100.0,2.18,UKP_0023,2,2016
2016-07-12 19:00:00+00:00,0.0,0.0,13.04,100.0,2.22,UKP_0023,2,2016
2016-07-12 20:00:00+00:00,0.0,0.0,12.85,100.0,2.18,UKP_0023,2,2016
2016-07-12 21:00:00+00:00,0.0,0.0,12.71,100.0,2.02,UKP_0023,2,2016
2016-07-12 22:00:00+00:00,0.0,0.0,12.56,100.0,1.8,UKP_0023,2,2016
2016-07-12 23:00:00+00:00,0.0,0.0,12.4,100.0,1.62,UKP_0023,2,2016
2016-07-13 00:00:00+00:00,52.65,71.25,12.99,100.0,2.07,UKP_0023,2,2016
2016-07-13 01:00:00+00:00,169.98,263.25,13.81,95.09,2.69,UKP_0023,2,2016
2016-07-13 02:00:00+00:00,383.2,493.23,14.95,86.73,3.08,UKP_0023,2,2016
2016-07-13 03:00:00+00:00,566.7,702.95,16.1,78.88,3.57,UKP_0023,2,2016
2016-07-13 04:00:00+00:00,674.12,867.97,17.05,73.9,4.14,UKP_0023,2,2016
2016-07-13 05:00:00+00:00,686.8,979.53,17.79,70.83,4.73,UKP_0023,2,2016
2016-07-13 06:00:00+00:00,702.38,1032.8,18.17,69.54,5.18,UKP_0023,2,2016
2016-07-13 07:00:00+00:00,609.03,1010.92,18.08,70.26,5.37,UKP_0023,2,2016
2016-07-13 08:00:00+00:00,495.8,926.3,17.78,71.74,5.39,UKP_0023,2,2016
2016-07-13 09:00:00+00:00,367.15,792.0,17.25,74.33,5.27,UKP_0023,2,2016
2016-07-13 10:00:00+00:00,161.8,599.53,16.47,78.39,4.91,UKP_0023,2,2016
2016-07-13 11:00:00+00:00,96.28,381.8,15.58,83.47,4.25,UKP_0023,2,2016
2016-07-13 12:00:00+00:00,44.88,171.27,14.63,89.56,3.36,UKP_0023,2,2016
2016-07-13 13:00:00+00:00,6.32,19.75,13.86,95.15,2.4,UKP_0023,2,2016
2016-07-13 14:00:00+00:00,0.0,0.0,13.53,98.16,1.7,UKP_0023,2,2016
2016-07-13 15:00:00+00:00,0.0,0.0,13.4,99.6,1.29,UKP_0023,2,2016
2016-07-13 16:00:00+00:00,0.0,0.0,13.19,100.0,1.29,UKP_0023,2,2016
2016-07-13 17:00:00+00:00,0.0,0.0,12.86,100.0,1.2,UKP_0023,2,2016
2016-07-13 18:00:00+00:00,0.0,0.0,12.62,100.0,1.29,UKP_0023,2,2016
2016-07-13 19:00:00+00:00,0.0,0.0,12.28,100.0,1.52,UKP_0023,2,2016
2016-07-13 20:00:00+00:00,0.0,0.0,11.81,100.0,1.54,UKP_0023,2,2016
2016-07-13 21:00:00+00:00,0.0,0.0,11.54,100.0,1.27,UKP_0023,2,2016
2016-07-13 22:00:00+00:00,0.0,0.0,11.79,100.0,0.97,UKP_0023,2,2016
2016-07-13 23:00:00+00:00,0.0,0.0,12.02,100.0,0.62,UKP_0023,2,2016
2016-07-14 00:00:00+00:00,43.78,64.62,12.2,100.0,0.49,UKP_0023,2,2016
2016-07-14 01:00:00+00:00,176.55,254.45,12.68,99.17,0.72,UKP_0023,2,2016
2016-07-14 02:00:00+00:00,311.33,466.67,13.16,96.13,1.06,UKP_0023,2,2016
2016-07-14 03:00:00+00:00,478.92,688.62,13.64,92.36,1.01,UKP_0023,2,2016
2016-07-14 04:00:00+00:00,584.92,861.8,14.68,86.4,1.46,UKP_0023,2,2016
2016-07-14 05:00:00+00:00,546.3,975.72,15.67,81.4,2.4,UKP_0023,2,2016
2016-07-14 06:00:00+00:00,509.33,1048.57,16.34,78.42,3.15,UKP_0023,2,2016
2016-07-14 07:00:00+00:00,477.15,1036.62,16.62,77.8,3.68,UKP_0023,2,2016
2016-07-14 08:00:00+00:00,354.17,957.2,16.67,78.38,4.06,UKP_0023,2,2016
2016-07-14 09:00:00+00:00,212.25,818.03,16.48,79.77,4.27,UKP_0023,2,2016
2016-07-14 10:00:00+00:00,139.3,623.22,16.19,81.38,4.25,UKP_0023,2,2016
2016-07-14 11:00:00+00:00,88.72,399.05,15.55,84.91,3.95,UKP_0023,2,2016
2016-07-14 12:00:00+00:00,40.08,170.5,14.71,90.11,3.3,UKP_0023,2,2016
2016-07-14 13:00:00+00:00,5.8,19.4,13.78,97.02,2.25,UKP_0023,2,2016
2016-07-14 14:00:00+00:00,0.0,0.0,13.25,100.0,1.55,UKP_0023,2,2016
2016-07-14 15:00:00+00:00,0.0,0.0,12.9,100.0,1.09,UKP_0023,2,2016
2016-07-14 16:00:00+00:00,0.0,0.0,12.62,100.0,0.64,UKP_0023,2,2016
2016-07-14 17:00:00+00:00,0.0,0.0,12.4,100.0,0.66,UKP_0023,2,2016
2016-07-14 18:00:00+00:00,0.0,0.0,12.05,100.0,0.73,UKP_0023,2,2016
2016-07-14 19:00:00+00:00,0.0,0.0,11.74,100.0,0.77,UKP_0023,2,2016
2016-07-14 20:00:00+00:00,0.0,0.0,11.54,100.0,0.77,UKP_0023,2,2016
2016-07-14 21:00:00+00:00,0.0,0.0,11.63,98.25,0.57,UKP_0023,2,2016
2016-07-14 22:00:00+00:00,0.0,0.0,11.88,94.03,0.39,UKP_0023,2,2016
2016-07-14 23:00:00+00:00,0.0,0.0,12.1,91.14,0.24,UKP_0023,2,2016
2016-07-15 00:00:00+00:00,31.17,72.28,12.57,89.09,0.25,UKP_0023,2,2016
2016-07-15 01:00:00+00:00,135.43,280.5,13.23,90.51,0.76,UKP_0023,2,2016
2016-07-15 02:00:00+00:00,255.5,503.62,13.77,90.58,1.83,UKP_0023,2,2016
2016-07-15 03:00:00+00:00,457.48,706.0,14.73,86.46,2.55,UKP_0023,2,2016
2016-07-15 04:00:00+00:00,611.28,870.42,15.85,80.27,3.13,UKP_0023,2,2016
2016-07-15 05:00:00+00:00,665.75,983.38,17.0,74.58,3.8,UKP_0023,2,2016
2016-07-15 06:00:00+00:00,675.47,1032.7,17.99,70.76,4.5,UKP_0023,2,2016
2016-07-15 07:00:00+00:00,586.0,1016.85,18.47,69.65,5.1,UKP_0023,2,2016
2016-07-15 08:00:00+00:00,480.0,931.88,18.5,70.77,5.5,UKP_0023,2,2016
2016-07-15 09:00:00+00:00,301.1,782.67,18.03,73.92,5.65,UKP_0023,2,2016
2016-07-15 10:00:00+00:00,213.12,581.35,17.3,77.84,5.57,UKP_0023,2,2016
2016-07-15 11:00:00+00:00,158.18,342.45,16.21,83.36,5.09,UKP_0023,2,2016
2016-07-15 12:00:00+00:00,72.88,136.9,15.13,89.42,4.19,UKP_0023,2,2016
2016-07-15 13:00:00+00:00,8.88,16.7,14.15,95.96,2.94,UKP_0023,2,2016
2016-07-15 14:00:00+00:00,0.0,0.0,13.58,100.0,2.02,UKP_0023,2,2016
2016-07-15 15:00:00+00:00,0.0,0.0,13.21,100.0,1.67,UKP_0023,2,2016
2016-07-15 16:00:00+00:00,0.0,0.0,12.88,100.0,1.7,UKP_0023,2,2016
2016-07-15 17:00:00+00:00,0.0,0.0,12.69,100.0,1.65,UKP_0023,2,2016
2016-07-15 18:00:00+00:00,0.0,0.0,12.51,100.0,1.65,UKP_0023,2,2016
2016-07-15 19:00:00+00:00,0.0,0.0,12.28,100.0,1.6,UKP_0023,2,2016
2016-07-15 20:00:00+00:00,0.0,0.0,12.19,100.0,1.52,UKP_0023,2,2016
2016-07-15 21:00:00+00:00,0.0,0.0,12.1,100.0,1.51,UKP_0023,2,2016
2016-07-15 22:00:00+00:00,0.0,0.0,11.99,100.0,1.64,UKP_0023,2,2016
2016-07-15 23:00:00+00:00,0.0,0.0,11.95,100.0,1.84,UKP_0023,2,2016
2016-07-16 00:00:00+00:00,26.27,55.33,12.79,100.0,2.5,UKP_0023,2,2016
2016-07-16 01:00:00+00:00,114.45,241.55,13.6,99.48,4.17,UKP_0023,2,2016
2016-07-16 02:00:00+00:00,216.5,466.17,14.11,96.58,5.32,UKP_0023,2,2016
2016-07-16 03:00:00+00:00,243.93,675.78,14.54,92.74,5.85,UKP_0023,2,2016
2016-07-16 04:00:00+00:00,231.88,845.9,14.97,89.52,6.13,UKP_0023,2,2016
2016-07-16 05:00:00+00:00,208.1,963.1,15.49,86.2,6.43,UKP_0023,2,2016
2016-07-16 06:00:00+00:00,136.48,1009.55,15.95,83.61,6.53,UKP_0023,2,2016
2016-07-16 07:00:00+00:00,151.52,990.2,16.11,82.84,6.53,UKP_0023,2,2016
2016-07-16 08:00:00+00:00,290.27,865.4,16.31,82.41,6.51,UKP_0023,2,2016
2016-07-16 09:00:00+00:00,214.68,727.53,16.1,83.02,6.46,UKP_0023,2,2016
2016-07-16 10:00:00+00:00,113.18,545.42,15.45,85.41,6.1,UKP_0023,2,2016
2016-07-16 11:00:00+00:00,97.6,341.02,14.54,89.51,5.34,UKP_0023,2,2016
2016-07-16 12:00:00+00:00,44.72,145.7,13.58,94.24,4.07,UKP_0023,2,2016
2016-07-16 13:00:00+00:00,6.0,16.62,12.72,99.88,2.49,UKP_0023,2,2016
2016-07-16 14:00:00+00:00,0.0,0.0,12.19,100.0,1.94,UKP_0023,2,2016
2016-07-16 15:00:00+00:00,0.0,0.0,11.77,100.0,1.56,UKP_0023,2,2016
2016-07-16 16:00:00+00:00,0.0,0.0,11.46,100.0,1.13,UKP_0023,2,2016
2016-07-16 17:00:00+00:00,0.0,0.0,11.08,98.11,0.62,UKP_0023,2,2016
2016-07-16 18:00:00+00:00,0.0,0.0,10.87,95.34,0.54,UKP_0023,2,2016
2016-07-16 19:00:00+00:00,0.0,0.0,10.9,91.61,0.63,UKP_0023,2,2016
2016-07-16 20:00:00+00:00,0.0,0.0,10.86,89.42,0.59,UKP_0023,2,2016
2016-07-16 21:00:00+00:00,0.0,0.0,10.58,88.82,0.66,UKP_0023,2,2016
2016-07-16 22:00:00+00:00,0.0,0.0,10.27,88.45,0.78,UKP_0023,2,2016
2016-07-16 23:00:00+00:00,0.0,0.0,9.99,88.33,0.86,UKP_0023,2,2016
2016-07-17 00:00:00+00:00,23.52,61.75,10.56,90.43,0.82,UKP_0023,2,2016
2016-07-17 01:00:00+00:00,89.1,260.38,12.31,81.96,1.14,UKP_0023,2,2016
2016-07-17 02:00:00+00:00,211.23,488.23,13.52,77.61,1.81,UKP_0023,2,2016
2016-07-17 03:00:00+00:00,250.27,698.0,14.1,77.12,2.44,UKP_0023,2,2016
2016-07-17 04:00:00+00:00,275.33,868.25,14.29,80.21,2.95,UKP_0023,2,2016
2016-07-17 05:00:00+00:00,246.57,970.9,14.46,84.18,3.32,UKP_0023,2,2016
2016-07-17 06:00:00+00:00,175.95,1011.6,14.8,86.26,4.1,UKP_0023,2,2016
2016-07-17 07:00:00+00:00,263.38,1008.12,15.02,87.32,4.93,UKP_0023,2,2016
2016-07-17 08:00:00+00:00,306.05,929.62,14.72,89.76,5.32,UKP_0023,2,2016
2016-07-17 09:00:00+00:00,212.73,789.05,14.29,92.11,5.36,UKP_0023,2,2016
2016-07-17 10:00:00+00:00,181.5,601.05,13.77,93.7,4.94,UKP_0023,2,2016
2016-07-17 11:00:00+00:00,99.1,379.08,13.18,95.7,3.98,UKP_0023,2,2016
2016-07-17 12:00:00+00:00,33.17,164.62,12.48,98.98,2.69,UKP_0023,2,2016
2016-07-17 13:00:00+00:00,6.65,18.88,11.9,100.0,1.7,UKP_0023,2,2016
2016-07-17 14:00:00+00:00,0.0,0.0,11.46,100.0,1.34,UKP_0023,2,2016
2016-07-17 15:00:00+00:00,0.0,0.0,11.16,100.0,0.87,UKP_0023,2,2016
2016-07-17 16:00:00+00:00,0.0,0.0,10.78,100.0,0.61,UKP_0023,2,2016
2016-07-17 17:00:00+00:00,0.0,0.0,10.49,99.42,0.61,UKP_0023,2,2016
2016-07-17 18:00:00+00:00,0.0,0.0,10.38,97.66,0.62,UKP_0023,2,2016
2016-07-17 19:00:00+00:00,0.0,0.0,10.51,94.96,0.53,UKP_0023,2,2016
2016-07-17 20:00:00+00:00,0.0,0.0,10.54,93.69,0.49,UKP_0023,2,2016
2016-07-17 21:00:00+00:00,0.0,0.0,10.37,94.12,0.61,UKP_0023,2,2016
2016-07-17 22:00:00+00:00,0.0,0.0,10.21,93.77,0.75,UKP_0023,2,2016
2016-07-17 23:00:00+00:00,0.0,0.0,10.13,92.65,0.78,UKP_0023,2,2016
2016-07-18 00:00:00+00:00,52.92,74.7,10.73,92.8,0.67,UKP_0023,2,2016
2016-07-18 01:00:00+00:00,153.4,285.45,12.06,87.66,0.91,UKP_0023,2,2016
2016-07-18 02:00:00+00:00,304.2,509.35,13.31,84.47,1.52,UKP_0023,2,2016
2016-07-18 03:00:00+00:00,491.3,716.72,14.63,80.27,2.42,UKP_0023,2,2016
2016-07-18 04:00:00+00:00,522.65,883.6,15.57,78.26,3.32,UKP_0023,2,2016
2016-07-18 05:00:00+00:00,486.25,996.45,16.11,78.32,4.04,UKP_0023,2,2016
2016-07-18 06:00:00+00:00,447.85,1045.32,16.41,78.83,4.61,UKP_0023,2,2016
2016-07-18 07:00:00+00:00,506.4,1031.47,16.55,79.04,4.98,UKP_0023,2,2016
2016-07-18 08:00:00+00:00,389.1,951.97,16.48,79.49,4.91,UKP_0023,2,2016
2016-07-18 09:00:00+00:00,410.55,814.92,16.2,80.41,4.28,UKP_0023,2,2016
2016-07-18 10:00:00+00:00,268.75,625.88,15.91,81.07,3.56,UKP_0023,2,2016
2016-07-18 11:00:00+00:00,155.82,409.88,15.4,82.78,2.96,UKP_0023,2,2016
2016-07-18 12:00:00+00:00,65.97,189.18,14.52,86.92,2.29,UKP_0023,2,2016
2016-07-18 13:00:00+00:00,12.18,20.45,13.27,96.09,1.25,UKP_0023,2,2016
2016-07-18 14:00:00+00:00,0.0,0.0,12.61,99.91,0.63,UKP_0023,2,2016
2016-07-18 15:00:00+00:00,0.0,0.0,12.21,100.0,0.37,UKP_0023,2,2016
2016-07-18 16:00:00+00:00,0.0,0.0,11.94,100.0,0.26,UKP_0023,2,2016
2016-07-18 17:00:00+00:00,0.0,0.0,11.72,100.0,0.24,UKP_0023,2,2016
2016-07-18 18:00:00+00:00,0.0,0.0,11.53,100.0,0.31,UKP_0023,2,2016
2016-07-18 19:00:00+00:00,0.0,0.0,11.34,100.0,0.48,UKP_0023,2,2016
2016-07-18 20:00:00+00:00,0.0,0.0,11.2,100.0,0.55,UKP_0023,2,2016
2016-07-18 21:00:00+00:00,0.0,0.0,10.95,100.0,0.47,UKP_0023,2,2016
2016-07-18 22:00:00+00:00,0.0,0.0,10.7,100.0,0.39,UKP_0023,2,2016
2016-07-18 23:00:00+00:00,0.0,0.0,10.61,99.98,0.32,UKP_0023,2,2016
2016-07-19 00:00:00+00:00,53.08,68.3,11.46,97.04,0.24,UKP_0023,2,2016
2016-07-19 01:00:00+00:00,206.57,273.27,13.28,89.53,0.83,UKP_0023,2,2016
2016-07-19 02:00:00+00:00,419.25,501.62,15.0,80.85,2.08,UKP_0023,2,2016
2016-07-19 03:00:00+00:00,591.5,711.08,16.34,75.61,3.32,UKP_0023,2,2016
2016-07-19 04:00:00+00:00,771.35,880.8,17.18,74.14,4.08,UKP_0023,2,2016
2016-07-19 05:00:00+00:00,786.47,996.5,17.61,74.56,4.49,UKP_0023,2,2016
2016-07-19 06:00:00+00:00,813.58,1063.53,17.81,74.74,4.78,UKP_0023,2,2016
2016-07-19 07:00:00+00:00,732.53,1057.0,17.68,75.26,5.01,UKP_0023,2,2016
2016-07-19 08:00:00+00:00,702.67,981.62,17.31,76.84,5.0,UKP_0023,2,2016
2016-07-19 09:00:00+00:00,535.58,840.15,16.95,77.6,4.92,UKP_0023,2,2016
2016-07-19 10:00:00+00:00,375.42,654.0,16.47,78.98,4.76,UKP_0023,2,2016
2016-07-19 11:00:00+00:00,227.9,433.1,15.66,82.79,4.44,UKP_0023,2,2016
2016-07-19 12:00:00+00:00,110.85,202.65,14.52,88.77,3.75,UKP_0023,2,2016
2016-07-19 13:00:00+00:00,13.57,22.35,13.43,96.18,2.57,UKP_0023,2,2016
2016-07-19 14:00:00+00:00,0.0,0.0,12.85,100.0,1.8,UKP_0023,2,2016
2016-07-19 15:00:00+00:00,0.0,0.0,12.51,100.0,1.59,UKP_0023,2,2016
2016-07-19 16:00:00+00:00,0.0,0.0,12.06,100.0,1.45,UKP_0023,2,2016
2016-07-19 17:00:00+00:00,0.0,0.0,11.76,100.0,1.42,UKP_0023,2,2016
2016-07-19 18:00:00+00:00,0.0,0.0,11.57,100.0,1.27,UKP_0023,2,2016
2016-07-19 19:00:00+00:00,0.0,0.0,11.21,100.0,0.88,UKP_0023,2,2016
2016-07-19 20:00:00+00:00,0.0,0.0,10.87,100.0,0.32,UKP_0023,2,2016
2016-07-19 21:00:00+00:00,0.0,0.0,10.64,100.0,0.11,UKP_0023,2,2016
2016-07-19 22:00:00+00:00,0.0,0.0,10.51,99.27,0.4,UKP_0023,2,2016
2016-07-19 23:00:00+00:00,0.0,0.0,10.53,95.93,0.55,UKP_0023,2,2016
2016-07-20 00:00:00+00:00,66.68,81.15,11.38,90.85,0.51,UKP_0023,2,2016
2016-07-20 01:00:00+00:00,214.62,304.23,13.49,80.15,0.9,UKP_0023,2,2016
2016-07-20 02:00:00+00:00,449.62,536.28,15.0,73.05,2.38,UKP_0023,2,2016
2016-07-20 03:00:00+00:00,636.4,745.22,16.24,70.09,3.34,UKP_0023,2,2016
2016-07-20 04:00:00+00:00,833.95,913.28,17.14,69.5,4.15,UKP_0023,2,2016
2016-07-20 05:00:00+00:00,724.5,1026.95,17.73,70.45,4.7,UKP_0023,2,2016
2016-07-20 06:00:00+00:00,905.45,1070.22,17.93,72.68,4.91,UKP_0023,2,2016
2016-07-20 07:00:00+00:00,891.7,1054.88,18.06,73.33,5.15,UKP_0023,2,2016
2016-07-20 08:00:00+00:00,758.8,973.4,17.93,74.12,5.29,UKP_0023,2,2016
2016-07-20 09:00:00+00:00,651.78,833.5,17.5,76.23,5.03,UKP_0023,2,2016
2016-07-20 10:00:00+00:00,432.6,641.6,17.01,78.31,4.72,UKP_0023,2,2016
2016-07-20 11:00:00+00:00,261.77,408.58,16.29,81.13,4.3,UKP_0023,2,2016
2016-07-20 12:00:00+00:00,127.35,182.55,15.14,87.34,3.67,UKP_0023,2,2016
2016-07-20 13:00:00+00:00,12.2,18.9,13.93,96.07,2.55,UKP_0023,2,2016
2016-07-20 14:00:00+00:00,0.0,0.0,13.42,100.0,1.94,UKP_0023,2,2016
2016-07-20 15:00:00+00:00,0.0,0.0,13.22,100.0,1.73,UKP_0023,2,2016
2016-07-20 16:00:00+00:00,0.0,0.0,12.99,100.0,1.62,UKP_0023,2,2016
2016-07-20 17:00:00+00:00,0.0,0.0,12.69,100.0,1.57,UKP_0023,2,2016
2016-07-20 18:00:00+00:00,0.0,0.0,12.34,100.0,1.5,UKP_0023,2,2016
2016-07-20 19:00:00+00:00,0.0,0.0,12.01,100.0,1.43,UKP_0023,2,2016
2016-07-20 20:00:00+00:00,0.0,0.0,11.75,100.0,1.36,UKP_0023,2,2016
2016-07-20 21:00:00+00:00,0.0,0.0,11.67,100.0,1.11,UKP_0023,2,2016
2016-07-20 22:00:00+00:00,0.0,0.0,11.62,100.0,0.9,UKP_0023,2,2016
2016-07-20 23:00:00+00:00,0.0,0.0,11.51,100.0,0.76,UKP_0023,2,2016
2016-07-21 00:00:00+00:00,41.4,73.57,11.97,99.82,0.68,UKP_0023,2,2016
2016-07-21 01:00:00+00:00,129.55,287.85,13.2,91.84,1.16,UKP_0023,2,2016
2016-07-21 02:00:00+00:00,268.48,516.78,14.41,84.71,2.33,UKP_0023,2,2016
2016-07-21 03:00:00+00:00,387.02,725.7,15.38,80.57,3.34,UKP_0023,2,2016
2016-07-21 04:00:00+00:00,504.95,894.85,16.18,77.93,4.08,UKP_0023,2,2016
2016-07-21 05:00:00+00:00,734.33,1016.0,17.03,75.63,4.65,UKP_0023,2,2016
2016-07-21 06:00:00+00:00,734.05,1067.22,17.49,74.59,5.07,UKP_0023,2,2016
2016-07-21 07:00:00+00:00,693.25,1051.93,17.73,74.46,5.37,UKP_0023,2,2016
2016-07-21 08:00:00+00:00,556.35,972.65,17.53,75.59,5.47,UKP_0023,2,2016
2016-07-21 09:00:00+00:00,443.75,830.38,17.1,77.53,5.21,UKP_0023,2,2016
2016-07-21 10:00:00+00:00,331.42,631.53,16.53,80.06,4.76,UKP_0023,2,2016
2016-07-21 11:00:00+00:00,187.07,397.45,15.73,83.81,4.22,UKP_0023,2,2016
2016-07-21 12:00:00+00:00,76.93,162.07,14.61,89.81,3.54,UKP_0023,2,2016
2016-07-21 13:00:00+00:00,8.32,16.7,13.5,97.48,2.52,UKP_0023,2,2016
2016-07-21 14:00:00+00:00,0.0,0.0,13.01,100.0,1.91,UKP_0023,2,2016
2016-07-21 15:00:00+00:00,0.0,0.0,12.7,100.0,1.76,UKP_0023,2,2016
2016-07-21 16:00:00+00:00,0.0,0.0,12.43,100.0,1.73,UKP_0023,2,2016
2016-07-21 17:00:00+00:00,0.0,0.0,12.16,100.0,1.74,UKP_0023,2,2016
2016-07-21 18:00:00+00:00,0.0,0.0,11.92,100.0,1.79,UKP_0023,2,2016
2016-07-21 19:00:00+00:00,0.0,0.0,11.69,100.0,1.76,UKP_0023,2,2016
2016-07-21 20:00:00+00:00,0.0,0.0,11.43,100.0,1.76,UKP_0023,2,2016
2016-07-21 21:00:00+00:00,0.0,0.0,11.12,100.0,1.71,UKP_0023,2,2016
2016-07-21 22:00:00+00:00,0.0,0.0,10.88,100.0,1.53,UKP_0023,2,2016
2016-07-21 23:00:00+00:00,0.0,0.0,10.8,100.0,1.21,UKP_0023,2,2016
2016-07-22 00:00:00+00:00,20.15,59.12,11.45,100.0,0.88,UKP_0023,2,2016
2016-07-22 01:00:00+00:00,83.38,259.58,12.71,93.31,1.14,UKP_0023,2,2016
2016-07-22 02:00:00+00:00,172.32,487.98,14.46,84.02,2.0,UKP_0023,2,2016
2016-07-22 03:00:00+00:00,228.75,700.72,16.0,75.76,3.07,UKP_0023,2,2016
2016-07-22 04:00:00+00:00,229.77,872.88,16.85,73.28,3.67,UKP_0023,2,2016
2016-07-22 05:00:00+00:00,161.23,953.55,17.34,73.72,3.84,UKP_0023,2,2016
2016-07-22 06:00:00+00:00,244.73,1026.03,17.6,74.8,3.99,UKP_0023,2,2016
2016-07-22 07:00:00+00:00,247.9,1019.78,17.6,76.36,4.21,UKP_0023,2,2016
2016-07-22 08:00:00+00:00,226.6,944.1,17.29,78.62,4.35,UKP_0023,2,2016
2016-07-22 09:00:00+00:00,208.8,793.65,16.85,80.65,4.33,UKP_0023,2,2016
2016-07-22 10:00:00+00:00,179.48,593.62,16.24,82.8,4.12,UKP_0023,2,2016
2016-07-22 11:00:00+00:00,106.35,365.35,15.5,85.65,3.84,UKP_0023,2,2016
2016-07-22 12:00:00+00:00,48.8,148.05,14.36,92.23,3.3,UKP_0023,2,2016
2016-07-22 13:00:00+00:00,7.15,14.62,13.49,98.94,2.39,UKP_0023,2,2016
2016-07-22 14:00:00+00:00,0.0,0.0,13.4,100.0,2.04,UKP_0023,2,2016
2016-07-22 15:00:00+00:00,0.0,0.0,13.39,100.0,2.23,UKP_0023,2,2016
2016-07-22 16:00:00+00:00,0.0,0.0,13.25,100.0,2.64,UKP_0023,2,2016
2016-07-22 17:00:00+00:00,0.0,0.0,13.0,100.0,2.76,UKP_0023,2,2016
2016-07-22 18:00:00+00:00,0.0,0.0,12.25,100.0,2.74,UKP_0023,2,2016
2016-07-22 19:00:00+00:00,0.0,0.0,11.63,100.0,2.34,UKP_0023,2,2016
2016-07-22 20:00:00+00:00,0.0,0.0,11.17,100.0,2.04,UKP_0023,2,2016
2016-07-22 21:00:00+00:00,0.0,0.0,10.47,100.0,1.48,UKP_0023,2,2016
2016-07-22 22:00:00+00:00,0.0,0.0,9.99,100.0,0.93,UKP_0023,2,2016
2016-07-22 23:00:00+00:00,0.0,0.0,9.77,99.47,0.78,UKP_0023,2,2016
2016-07-23 00:00:00+00:00,17.23,46.7,10.56,96.29,0.82,UKP_0023,2,2016
2016-07-23 01:00:00+00:00,75.43,221.7,12.51,86.06,1.11,UKP_0023,2,2016
2016-07-23 02:00:00+00:00,164.85,443.77,13.79,83.55,2.23,UKP_0023,2,2016
2016-07-23 03:00:00+00:00,199.23,656.83,14.86,80.61,2.72,UKP_0023,2,2016
2016-07-23 04:00:00+00:00,142.62,831.58,15.66,79.21,3.21,UKP_0023,2,2016
2016-07-23 05:00:00+00:00,194.68,952.55,16.22,79.18,3.57,UKP_0023,2,2016
2016-07-23 06:00:00+00:00,233.27,1009.35,16.51,79.88,3.81,UKP_0023,2,2016
2016-07-23 07:00:00+00:00,360.77,1000.17,16.55,80.81,3.9,UKP_0023,2,2016
2016-07-23 08:00:00+00:00,317.0,919.12,16.26,82.78,3.9,UKP_0023,2,2016
2016-07-23 09:00:00+00:00,383.6,777.62,15.78,85.09,3.87,UKP_0023,2,2016
2016-07-23 10:00:00+00:00,264.83,577.17,15.38,87.28,3.79,UKP_0023,2,2016
2016-07-23 11:00:00+00:00,164.73,360.0,14.91,90.27,3.64,UKP_0023,2,2016
2016-07-23 12:00:00+00:00,95.03,152.3,13.98,95.81,3.29,UKP_0023,2,2016
2016-07-23 13:00:00+00:00,11.7,15.18,13.32,100.0,2.65,UKP_0023,2,2016
2016-07-23 14:00:00+00:00,0.0,0.0,13.2,100.0,2.36,UKP_0023,2,2016
2016-07-23 15:00:00+00:00,0.0,0.0,13.06,100.0,2.4,UKP_0023,2,2016
2016-07-23 16:00:00+00:00,0.0,0.0,12.82,100.0,2.29,UKP_0023,2,2016
2016-07-23 17:00:00+00:00,0.0,0.0,12.54,100.0,2.07,UKP_0023,2,2016
2016-07-23 18:00:00+00:00,0.0,0.0,12.24,100.0,1.89,UKP_0023,2,2016
2016-07-23 19:00:00+00:00,0.0,0.0,12.01,100.0,1.82,UKP_0023,2,2016
2016-07-23 20:00:00+00:00,0.0,0.0,11.74,100.0,1.75,UKP_0023,2,2016
2016-07-23 21:00:00+00:00,0.0,0.0,11.5,100.0,1.63,UKP_0023,2,2016
2016-07-23 22:00:00+00:00,0.0,0.0,11.28,100.0,1.44,UKP_0023,2,2016
2016-07-23 23:00:00+00:00,0.0,0.0,11.22,100.0,1.12,UKP_0023,2,2016
2016-07-24 00:00:00+00:00,49.95,54.85,11.77,100.0,0.93,UKP_0023,2,2016
2016-07-24 01:00:00+00:00,210.23,250.73,12.62,95.39,0.97,UKP_0023,2,2016
2016-07-24 02:00:00+00:00,448.85,475.15,13.79,90.17,1.62,UKP_0023,2,2016
2016-07-24 03:00:00+00:00,661.38,681.88,14.79,86.23,2.67,UKP_0023,2,2016
2016-07-24 04:00:00+00:00,666.6,849.62,15.56,83.37,3.57,UKP_0023,2,2016
2016-07-24 05:00:00+00:00,896.25,965.33,16.02,81.9,4.25,UKP_0023,2,2016
2016-07-24 06:00:00+00:00,977.5,1043.0,16.31,80.96,4.98,UKP_0023,2,2016
2016-07-24 07:00:00+00:00,861.03,1031.45,16.38,81.09,5.53,UKP_0023,2,2016
2016-07-24 08:00:00+00:00,851.8,949.65,16.12,82.52,5.79,UKP_0023,2,2016
2016-07-24 09:00:00+00:00,756.05,807.65,16.18,83.48,5.82,UKP_0023,2,2016
2016-07-24 10:00:00+00:00,572.3,614.42,15.88,85.49,5.67,UKP_0023,2,2016
2016-07-24 11:00:00+00:00,328.23,389.23,15.26,88.89,5.2,UKP_0023,2,2016
2016-07-24 12:00:00+00:00,151.15,166.0,14.31,94.55,4.08,UKP_0023,2,2016
2016-07-24 13:00:00+00:00,14.75,15.93,13.39,100.0,2.18,UKP_0023,2,2016
2016-07-24 14:00:00+00:00,0.0,0.0,13.13,100.0,1.57,UKP_0023,2,2016
2016-07-24 15:00:00+00:00,0.0,0.0,13.01,100.0,1.58,UKP_0023,2,2016
2016-07-24 16:00:00+00:00,0.0,0.0,12.75,100.0,1.69,UKP_0023,2,2016
2016-07-24 17:00:00+00:00,0.0,0.0,12.59,100.0,1.78,UKP_0023,2,2016
2016-07-24 18:00:00+00:00,0.0,0.0,12.42,100.0,1.78,UKP_0023,2,2016
2016-07-24 19:00:00+00:00,0.0,0.0,12.19,100.0,1.76,UKP_0023,2,2016
2016-07-24 20:00:00+00:00,0.0,0.0,12.09,100.0,1.69,UKP_0023,2,2016
2016-07-24 21:00:00+00:00,0.0,0.0,12.01,100.0,1.57,UKP_0023,2,2016
2016-07-24 22:00:00+00:00,0.0,0.0,11.91,100.0,1.49,UKP_0023,2,2016
2016-07-24 23:00:00+00:00,0.0,0.0,11.72,100.0,1.44,UKP_0023,2,2016
2016-07-25 00:00:00+00:00,50.3,57.08,12.26,100.0,1.61,UKP_0023,2,2016
2016-07-25 01:00:00+00:00,221.35,258.0,13.36,96.13,2.46,UKP_0023,2,2016
2016-07-25 02:00:00+00:00,482.52,488.2,14.44,88.64,2.66,UKP_0023,2,2016
2016-07-25 03:00:00+00:00,698.47,699.92,15.45,83.08,3.29,UKP_0023,2,2016
2016-07-25 04:00:00+00:00,854.97,871.75,16.2,80.47,4.12,UKP_0023,2,2016
2016-07-25 05:00:00+00:00,844.03,989.6,16.83,79.22,4.75,UKP_0023,2,2016
2016-07-25 06:00:00+00:00,1007.58,1052.15,17.46,78.15,5.25,UKP_0023,2,2016
2016-07-25 07:00:00+00:00,893.33,1037.82,17.78,77.85,5.74,UKP_0023,2,2016
2016-07-25 08:00:00+00:00,712.8,955.83,17.72,78.76,6.12,UKP_0023,2,2016
2016-07-25 09:00:00+00:00,593.88,815.53,17.24,81.02,5.99,UKP_0023,2,2016
2016-07-25 10:00:00+00:00,390.0,626.97,16.78,83.49,5.58,UKP_0023,2,2016
2016-07-25 11:00:00+00:00,240.88,399.0,16.1,86.92,5.11,UKP_0023,2,2016
2016-07-25 12:00:00+00:00,103.38,163.93,15.07,92.87,4.19,UKP_0023,2,2016
2016-07-25 13:00:00+00:00,10.93,15.27,14.18,99.22,2.9,UKP_0023,2,2016
2016-07-25 14:00:00+00:00,0.0,0.0,13.79,100.0,2.27,UKP_0023,2,2016
2016-07-25 15:00:00+00:00,0.0,0.0,13.47,100.0,2.05,UKP_0023,2,2016
2016-07-25 16:00:00+00:00,0.0,0.0,13.12,100.0,1.98,UKP_0023,2,2016
2016-07-25 17:00:00+00:00,0.0,0.0,12.79,100.0,1.92,UKP_0023,2,2016
2016-07-25 18:00:00+00:00,0.0,0.0,12.52,100.0,1.83,UKP_0023,2,2016
2016-07-25 19:00:00+00:00,0.0,0.0,12.31,100.0,1.72,UKP_0023,2,2016
2016-07-25 20:00:00+00:00,0.0,0.0,12.13,100.0,1.6,UKP_0023,2,2016
2016-07-25 21:00:00+00:00,0.0,0.0,11.99,100.0,1.39,UKP_0023,2,2016
2016-07-25 22:00:00+00:00,0.0,0.0,11.84,100.0,1.2,UKP_0023,2,2016
2016-07-25 23:00:00+00:00,0.0,0.0,11.73,100.0,1.08,UKP_0023,2,2016
2016-07-26 00:00:00+00:00,17.08,44.95,12.05,100.0,1.06,UKP_0023,2,2016
2016-07-26 01:00:00+00:00,80.22,218.25,13.15,94.0,1.5,UKP_0023,2,2016
2016-07-26 02:00:00+00:00,149.43,422.65,14.43,86.68,1.71,UKP_0023,2,2016
2016-07-26 03:00:00+00:00,266.92,635.03,15.35,82.25,2.18,UKP_0023,2,2016
2016-07-26 04:00:00+00:00,352.67,825.3,15.98,80.56,2.99,UKP_0023,2,2016
2016-07-26 05:00:00+00:00,395.27,942.58,16.5,80.18,3.87,UKP_0023,2,2016
2016-07-26 06:00:00+00:00,460.85,1034.4,16.6,80.64,4.63,UKP_0023,2,2016
2016-07-26 07:00:00+00:00,397.35,1016.4,16.67,81.28,5.33,UKP_0023,2,2016
2016-07-26 08:00:00+00:00,313.75,927.22,16.39,83.14,5.94,UKP_0023,2,2016
2016-07-26 09:00:00+00:00,255.65,773.33,15.81,85.34,5.95,UKP_0023,2,2016
2016-07-26 10:00:00+00:00,279.48,562.58,15.09,89.16,5.47,UKP_0023,2,2016
2016-07-26 11:00:00+00:00,118.75,337.45,14.3,94.71,4.9,UKP_0023,2,2016
2016-07-26 12:00:00+00:00,50.67,130.62,13.71,99.62,3.96,UKP_0023,2,2016
2016-07-26 13:00:00+00:00,6.4,12.4,13.23,100.0,2.82,UKP_0023,2,2016
2016-07-26 14:00:00+00:00,0.0,0.0,13.04,100.0,2.66,UKP_0023,2,2016
2016-07-26 15:00:00+00:00,0.0,0.0,12.96,100.0,3.3,UKP_0023,2,2016
2016-07-26 16:00:00+00:00,0.0,0.0,12.32,100.0,3.63,UKP_0023,2,2016
2016-07-26 17:00:00+00:00,0.0,0.0,11.91,100.0,4.3,UKP_0023,2,2016
2016-07-26 18:00:00+00:00,0.0,0.0,11.66,100.0,4.54,UKP_0023,2,2016
2016-07-26 19:00:00+00:00,0.0,0.0,11.36,100.0,4.17,UKP_0023,2,2016
2016-07-26 20:00:00+00:00,0.0,0.0,11.01,100.0,3.59,UKP_0023,2,2016
2016-07-26 21:00:00+00:00,0.0,0.0,10.55,100.0,2.37,UKP_0023,2,2016
2016-07-26 22:00:00+00:00,0.0,0.0,10.09,100.0,1.13,UKP_0023,2,2016
2016-07-26 23:00:00+00:00,0.0,0.0,9.87,99.91,0.69,UKP_0023,2,2016
2016-07-27 00:00:00+00:00,18.2,40.35,10.06,98.98,0.5,UKP_0023,2,2016
2016-07-27 01:00:00+00:00,75.88,203.15,10.67,94.23,0.67,UKP_0023,2,2016
2016-07-27 02:00:00+00:00,155.4,417.8,11.33,90.0,1.21,UKP_0023,2,2016
2016-07-27 03:00:00+00:00,226.35,629.9,12.17,85.03,1.58,UKP_0023,2,2016
2016-07-27 04:00:00+00:00,245.0,808.78,13.0,80.79,1.78,UKP_0023,2,2016
2016-07-27 05:00:00+00:00,352.83,933.1,13.56,78.47,1.98,UKP_0023,2,2016
2016-07-27 06:00:00+00:00,367.85,983.97,13.88,77.67,2.12,UKP_0023,2,2016
2016-07-27 07:00:00+00:00,391.65,973.03,14.13,77.21,2.18,UKP_0023,2,2016
2016-07-27 08:00:00+00:00,386.52,887.55,14.29,76.98,2.24,UKP_0023,2,2016
2016-07-27 09:00:00+00:00,297.67,704.2,14.24,77.8,2.44,UKP_0023,2,2016
2016-07-27 10:00:00+00:00,189.77,505.77,13.94,80.35,2.43,UKP_0023,2,2016
2016-07-27 11:00:00+00:00,121.72,307.9,13.47,83.83,2.25,UKP_0023,2,2016
2016-07-27 12:00:00+00:00,53.6,121.6,12.76,89.17,1.91,UKP_0023,2,2016
2016-07-27 13:00:00+00:00,9.68,11.5,11.85,97.02,1.29,UKP_0023,2,2016
2016-07-27 14:00:00+00:00,0.0,0.0,11.46,99.1,0.76,UKP_0023,2,2016
2016-07-27 15:00:00+00:00,0.0,0.0,11.18,100.0,0.49,UKP_0023,2,2016
2016-07-27 16:00:00+00:00,0.0,0.0,11.01,100.0,0.42,UKP_0023,2,2016
2016-07-27 17:00:00+00:00,0.0,0.0,10.89,100.0,0.4,UKP_0023,2,2016
2016-07-27 18:00:00+00:00,0.0,0.0,10.79,100.0,0.45,UKP_0023,2,2016
2016-07-27 19:00:00+00:00,0.0,0.0,10.74,100.0,0.62,UKP_0023,2,2016
2016-07-27 20:00:00+00:00,0.0,0.0,10.61,100.0,0.76,UKP_0023,2,2016
2016-07-27 21:00:00+00:00,0.0,0.0,10.56,100.0,0.71,UKP_0023,2,2016
2016-07-27 22:00:00+00:00,0.0,0.0,10.48,100.0,0.52,UKP_0023,2,2016
2016-07-27 23:00:00+00:00,0.0,0.0,10.55,98.41,0.36,UKP_0023,2,2016
2016-07-28 00:00:00+00:00,34.42,48.12,11.1,96.06,0.25,UKP_0023,2,2016
2016-07-28 01:00:00+00:00,160.9,246.8,12.58,88.35,0.12,UKP_0023,2,2016
2016-07-28 02:00:00+00:00,330.83,480.23,14.23,78.61,1.25,UKP_0023,2,2016
2016-07-28 03:00:00+00:00,482.73,694.6,15.16,77.46,2.76,UKP_0023,2,2016
2016-07-28 04:00:00+00:00,583.28,869.05,15.73,77.91,3.79,UKP_0023,2,2016
2016-07-28 05:00:00+00:00,632.12,988.25,16.03,78.3,4.47,UKP_0023,2,2016
2016-07-28 06:00:00+00:00,701.22,1044.8,16.15,78.69,4.85,UKP_0023,2,2016
2016-07-28 07:00:00+00:00,659.95,1029.15,16.06,79.88,4.95,UKP_0023,2,2016
2016-07-28 08:00:00+00:00,487.67,953.38,15.9,81.02,4.92,UKP_0023,2,2016
2016-07-28 09:00:00+00:00,443.17,812.22,15.57,82.64,4.79,UKP_0023,2,2016
2016-07-28 10:00:00+00:00,254.5,622.08,15.04,85.02,4.38,UKP_0023,2,2016
2016-07-28 11:00:00+00:00,175.57,398.2,14.3,88.23,3.83,UKP_0023,2,2016
2016-07-28 12:00:00+00:00,67.82,168.38,13.39,92.91,3.2,UKP_0023,2,2016
2016-07-28 13:00:00+00:00,6.93,14.12,12.52,99.21,2.28,UKP_0023,2,2016
2016-07-28 14:00:00+00:00,0.0,0.0,12.2,100.0,1.9,UKP_0023,2,2016
2016-07-28 15:00:00+00:00,0.0,0.0,11.92,100.0,1.81,UKP_0023,2,2016
2016-07-28 16:00:00+00:00,0.0,0.0,11.6,100.0,1.65,UKP_0023,2,2016
2016-07-28 17:00:00+00:00,0.0,0.0,11.33,100.0,1.56,UKP_0023,2,2016
2016-07-28 18:00:00+00:00,0.0,0.0,11.09,100.0,1.49,UKP_0023,2,2016
2016-07-28 19:00:00+00:00,0.0,0.0,10.89,100.0,1.35,UKP_0023,2,2016
2016-07-28 20:00:00+00:00,0.0,0.0,10.74,100.0,1.14,UKP_0023,2,2016
2016-07-28 21:00:00+00:00,0.0,0.0,10.57,100.0,0.84,UKP_0023,2,2016
2016-07-28 22:00:00+00:00,0.0,0.0,10.43,100.0,0.56,UKP_0023,2,2016
2016-07-28 23:00:00+00:00,0.0,0.0,10.46,97.74,0.68,UKP_0023,2,2016
2016-07-29 00:00:00+00:00,29.92,49.75,11.09,97.01,0.77,UKP_0023,2,2016
2016-07-29 01:00:00+00:00,157.57,247.6,12.41,89.7,1.02,UKP_0023,2,2016
2016-07-29 02:00:00+00:00,334.9,475.27,13.73,83.29,0.27,UKP_0023,2,2016
2016-07-29 03:00:00+00:00,541.65,684.75,14.42,83.37,1.48,UKP_0023,2,2016
2016-07-29 04:00:00+00:00,565.92,848.92,14.92,84.39,2.61,UKP_0023,2,2016
2016-07-29 05:00:00+00:00,628.3,970.72,15.52,83.82,3.87,UKP_0023,2,2016
2016-07-29 06:00:00+00:00,587.2,1038.68,15.69,85.53,4.86,UKP_0023,2,2016
2016-07-29 07:00:00+00:00,512.05,1019.53,15.49,88.07,5.66,UKP_0023,2,2016
2016-07-29 08:00:00+00:00,396.9,932.1,15.08,89.99,5.94,UKP_0023,2,2016
2016-07-29 09:00:00+00:00,309.9,780.78,14.33,93.55,5.4,UKP_0023,2,2016
2016-07-29 10:00:00+00:00,219.4,580.78,13.73,96.11,4.72,UKP_0023,2,2016
2016-07-29 11:00:00+00:00,149.1,364.02,13.32,98.28,4.1,UKP_0023,2,2016
2016-07-29 12:00:00+00:00,70.12,143.5,12.88,100.0,3.47,UKP_0023,2,2016
2016-07-29 13:00:00+00:00,8.07,11.85,12.42,100.0,2.73,UKP_0023,2,2016
2016-07-29 14:00:00+00:00,0.0,0.0,12.0,100.0,2.3,UKP_0023,2,2016
2016-07-29 15:00:00+00:00,0.0,0.0,11.51,100.0,1.5,UKP_0023,2,2016
2016-07-29 16:00:00+00:00,0.0,0.0,11.12,100.0,1.04,UKP_0023,2,2016
2016-07-29 17:00:00+00:00,0.0,0.0,11.08,100.0,1.06,UKP_0023,2,2016
2016-07-29 18:00:00+00:00,0.0,0.0,10.97,99.63,0.98,UKP_0023,2,2016
2016-07-29 19:00:00+00:00,0.0,0.0,10.88,97.81,0.94,UKP_0023,2,2016
2016-07-29 20:00:00+00:00,0.0,0.0,10.73,96.78,0.84,UKP_0023,2,2016
2016-07-29 21:00:00+00:00,0.0,0.0,10.63,96.35,0.84,UKP_0023,2,2016
2016-07-29 22:00:00+00:00,0.0,0.0,10.59,96.0,0.75,UKP_0023,2,2016
2016-07-29 23:00:00+00:00,0.0,0.0,10.42,96.52,0.71,UKP_0023,2,2016
2016-07-30 00:00:00+00:00,23.23,40.9,10.7,97.2,0.56,UKP_0023,2,2016
2016-07-30 01:00:00+00:00,112.7,217.82,11.7,89.48,0.87,UKP_0023,2,2016
2016-07-30 02:00:00+00:00,275.8,442.9,12.91,85.43,1.78,UKP_0023,2,2016
2016-07-30 03:00:00+00:00,391.83,642.05,13.85,83.46,2.55,UKP_0023,2,2016
2016-07-30 04:00:00+00:00,403.95,816.25,14.79,80.2,3.01,UKP_0023,2,2016
2016-07-30 05:00:00+00:00,472.58,930.7,15.52,77.95,3.55,UKP_0023,2,2016
2016-07-30 06:00:00+00:00,466.88,1046.8,16.09,77.12,4.0,UKP_0023,2,2016
2016-07-30 07:00:00+00:00,513.58,1037.75,16.22,77.76,4.41,UKP_0023,2,2016
2016-07-30 08:00:00+00:00,492.8,954.62,16.12,78.99,4.66,UKP_0023,2,2016
2016-07-30 09:00:00+00:00,445.25,810.7,15.92,79.77,4.74,UKP_0023,2,2016
2016-07-30 10:00:00+00:00,316.73,613.88,15.38,82.29,4.58,UKP_0023,2,2016
2016-07-30 11:00:00+00:00,200.25,391.73,14.35,87.59,4.05,UKP_0023,2,2016
2016-07-30 12:00:00+00:00,84.03,161.25,13.44,93.45,3.24,UKP_0023,2,2016
2016-07-30 13:00:00+00:00,8.57,12.98,12.67,99.23,2.23,UKP_0023,2,2016
2016-07-30 14:00:00+00:00,0.0,0.0,12.38,100.0,1.71,UKP_0023,2,2016
2016-07-30 15:00:00+00:00,0.0,0.0,12.17,100.0,1.61,UKP_0023,2,2016
2016-07-30 16:00:00+00:00,0.0,0.0,11.96,100.0,1.68,UKP_0023,2,2016
2016-07-30 17:00:00+00:00,0.0,0.0,11.82,100.0,1.75,UKP_0023,2,2016
2016-07-30 18:00:00+00:00,0.0,0.0,11.63,100.0,1.8,UKP_0023,2,2016
2016-07-30 19:00:00+00:00,0.0,0.0,11.44,100.0,1.8,UKP_0023,2,2016
2016-07-30 20:00:00+00:00,0.0,0.0,11.18,100.0,1.68,UKP_0023,2,2016
2016-07-30 21:00:00+00:00,0.0,0.0,10.9,100.0,1.59,UKP_0023,2,2016
2016-07-30 22:00:00+00:00,0.0,0.0,10.55,100.0,1.53,UKP_0023,2,2016
2016-07-30 23:00:00+00:00,0.0,0.0,10.42,100.0,1.37,UKP_0023,2,2016
2016-07-31 00:00:00+00:00,22.08,48.8,11.12,100.0,1.21,UKP_0023,2,2016
2016-07-31 01:00:00+00:00,132.05,246.6,12.42,94.99,1.66,UKP_0023,2,2016
2016-07-31 02:00:00+00:00,297.0,477.8,13.62,88.44,2.68,UKP_0023,2,2016
2016-07-31 03:00:00+00:00,378.92,686.97,14.6,84.15,3.48,UKP_0023,2,2016
2016-07-31 04:00:00+00:00,449.52,857.38,15.46,80.94,4.04,UKP_0023,2,2016
2016-07-31 05:00:00+00:00,527.15,974.08,16.23,79.42,4.62,UKP_0023,2,2016
2016-07-31 06:00:00+00:00,567.47,1029.25,16.66,79.2,5.17,UKP_0023,2,2016
2016-07-31 07:00:00+00:00,607.7,1013.67,16.87,79.54,5.61,UKP_0023,2,2016
2016-07-31 08:00:00+00:00,537.67,929.67,16.78,80.4,5.83,UKP_0023,2,2016
2016-07-31 09:00:00+00:00,478.08,780.47,16.46,82.12,5.71,UKP_0023,2,2016
2016-07-31 10:00:00+00:00,344.88,582.72,15.91,85.14,5.27,UKP_0023,2,2016
2016-07-31 11:00:00+00:00,207.73,357.35,15.07,89.52,4.61,UKP_0023,2,2016
2016-07-31 12:00:00+00:00,82.68,142.32,14.18,95.05,3.85,UKP_0023,2,2016
2016-07-31 13:00:00+00:00,7.18,11.35,13.48,100.0,2.8,UKP_0023,2,2016
2016-07-31 14:00:00+00:00,0.0,0.0,13.24,100.0,2.37,UKP_0023,2,2016
2016-07-31 15:00:00+00:00,0.0,0.0,13.07,100.0,2.26,UKP_0023,2,2016
2016-07-31 16:00:00+00:00,0.0,0.0,12.85,100.0,2.43,UKP_0023,2,2016
2016-07-31 17:00:00+00:00,0.0,0.0,12.33,100.0,2.4,UKP_0023,2,2016
2016-07-31 18:00:00+00:00,0.0,0.0,11.81,100.0,2.1,UKP_0023,2,2016
2016-07-31 19:00:00+00:00,0.0,0.0,11.37,100.0,1.69,UKP_0023,2,2016
2016-07-31 20:00:00+00:00,0.0,0.0,11.07,100.0,1.35,UKP_0023,2,2016
2016-07-31 21:00:00+00:00,0.0,0.0,10.78,100.0,1.0,UKP_0023,2,2016
2016-07-31 22:00:00+00:00,0.0,0.0,10.48,100.0,0.72,UKP_0023,2,2016
2016-07-31 23:00:00+00:00,0.0,0.0,10.26,100.0,0.63,UKP_0023,2,2016
2016-08-01 00:00:00+00:00,31.33,43.95,10.6,98.68,0.9,UKP_0023,2,2016
2016-08-01 01:00:00+00:00,159.6,236.1,11.61,93.3,1.37,UKP_0023,2,2016
2016-08-01 02:00:00+00:00,333.98,464.1,12.81,88.48,2.03,UKP_0023,2,2016
2016-08-01 03:00:00+00:00,495.83,674.95,14.04,84.3,2.89,UKP_0023,2,2016
2016-08-01 04:00:00+00:00,485.65,847.8,15.04,81.61,3.76,UKP_0023,2,2016
2016-08-01 05:00:00+00:00,529.05,964.38,15.66,80.33,4.42,UKP_0023,2,2016
2016-08-01 06:00:00+00:00,530.45,1036.15,15.73,80.36,4.96,UKP_0023,2,2016
2016-08-01 07:00:00+00:00,506.6,1020.7,15.47,81.97,5.15,UKP_0023,2,2016
2016-08-01 08:00:00+00:00,310.8,895.42,15.22,83.44,5.0,UKP_0023,2,2016
2016-08-01 09:00:00+00:00,298.4,756.7,14.9,85.0,4.73,UKP_0023,2,2016
2016-08-01 10:00:00+00:00,172.73,565.95,14.36,87.8,4.35,UKP_0023,2,2016
2016-08-01 11:00:00+00:00,106.7,349.75,13.7,91.57,3.92,UKP_0023,2,2016
2016-08-01 12:00:00+00:00,40.53,140.0,13.03,95.95,3.35,UKP_0023,2,2016
2016-08-01 13:00:00+00:00,3.8,10.98,12.49,100.0,2.54,UKP_0023,2,2016
2016-08-01 14:00:00+00:00,0.0,0.0,12.32,100.0,2.09,UKP_0023,2,2016
2016-08-01 15:00:00+00:00,0.0,0.0,12.08,100.0,1.93,UKP_0023,2,2016
2016-08-01 16:00:00+00:00,0.0,0.0,11.88,100.0,2.02,UKP_0023,2,2016
2016-08-01 17:00:00+00:00,0.0,0.0,11.65,100.0,2.08,UKP_0023,2,2016
2016-08-01 18:00:00+00:00,0.0,0.0,11.43,100.0,2.08,UKP_0023,2,2016
2016-08-01 19:00:00+00:00,0.0,0.0,11.09,100.0,1.92,UKP_0023,2,2016
2016-08-01 20:00:00+00:00,0.0,0.0,10.82,100.0,1.7,UKP_0023,2,2016
2016-08-01 21:00:00+00:00,0.0,0.0,10.66,100.0,1.47,UKP_0023,2,2016
2016-08-01 22:00:00+00:00,0.0,0.0,10.43,100.0,1.3,UKP_0023,2,2016
2016-08-01 23:00:00+00:00,0.0,0.0,10.17,100.0,1.35,UKP_0023,2,2016
2016-08-02 00:00:00+00:00,35.65,46.5,10.64,100.0,1.48,UKP_0023,2,2016
2016-08-02 01:00:00+00:00,194.48,247.82,11.56,96.73,1.74,UKP_0023,2,2016
2016-08-02 02:00:00+00:00,453.0,486.3,12.67,89.88,2.11,UKP_0023,2,2016
2016-08-02 03:00:00+00:00,623.67,700.15,13.65,84.41,3.0,UKP_0023,2,2016
2016-08-02 04:00:00+00:00,570.72,873.85,14.26,81.42,3.66,UKP_0023,2,2016
2016-08-02 05:00:00+00:00,584.75,980.92,14.68,79.55,4.06,UKP_0023,2,2016
2016-08-02 06:00:00+00:00,661.15,1033.78,14.91,78.48,4.27,UKP_0023,2,2016
2016-08-02 07:00:00+00:00,454.2,1020.2,15.03,77.39,4.31,UKP_0023,2,2016
2016-08-02 08:00:00+00:00,453.1,933.72,14.99,76.9,4.1,UKP_0023,2,2016
2016-08-02 09:00:00+00:00,390.02,787.42,14.84,76.9,3.77,UKP_0023,2,2016
2016-08-02 10:00:00+00:00,253.82,589.78,14.35,78.75,3.42,UKP_0023,2,2016
2016-08-02 11:00:00+00:00,145.45,362.3,13.61,82.2,3.04,UKP_0023,2,2016
2016-08-02 12:00:00+00:00,54.72,141.75,12.74,86.88,2.43,UKP_0023,2,2016
2016-08-02 13:00:00+00:00,5.22,10.6,11.79,94.78,1.58,UKP_0023,2,2016
2016-08-02 14:00:00+00:00,0.0,0.0,11.31,97.0,1.15,UKP_0023,2,2016
2016-08-02 15:00:00+00:00,0.0,0.0,11.0,96.31,0.99,UKP_0023,2,2016
2016-08-02 16:00:00+00:00,0.0,0.0,10.67,95.55,0.89,UKP_0023,2,2016
2016-08-02 17:00:00+00:00,0.0,0.0,10.47,94.47,0.73,UKP_0023,2,2016
2016-08-02 18:00:00+00:00,0.0,0.0,10.36,93.29,0.49,UKP_0023,2,2016
2016-08-02 19:00:00+00:00,0.0,0.0,10.13,93.27,0.3,UKP_0023,2,2016
2016-08-02 20:00:00+00:00,0.0,0.0,9.92,92.93,0.53,UKP_0023,2,2016
2016-08-02 21:00:00+00:00,0.0,0.0,9.98,90.81,0.75,UKP_0023,2,2016
2016-08-02 22:00:00+00:00,0.0,0.0,10.23,86.72,0.83,UKP_0023,2,2016
2016-08-02 23:00:00+00:00,0.0,0.0,10.4,82.87,0.77,UKP_0023,2,2016
2016-08-03 00:00:00+00:00,29.8,47.05,10.84,82.65,0.54,UKP_0023,2,2016
2016-08-03 01:00:00+00:00,167.2,250.65,12.21,80.44,0.48,UKP_0023,2,2016
2016-08-03 02:00:00+00:00,406.38,482.77,13.49,78.96,1.99,UKP_0023,2,2016
2016-08-03 03:00:00+00:00,642.15,691.92,14.41,78.73,2.87,UKP_0023,2,2016
2016-08-03 04:00:00+00:00,745.97,861.25,15.34,77.53,3.46,UKP_0023,2,2016
2016-08-03 05:00:00+00:00,696.22,975.6,15.97,76.83,4.07,UKP_0023,2,2016
2016-08-03 06:00:00+00:00,806.75,1035.93,16.28,76.55,4.65,UKP_0023,2,2016
2016-08-03 07:00:00+00:00,737.7,1023.67,16.24,77.59,5.02,UKP_0023,2,2016
2016-08-03 08:00:00+00:00,582.1,943.58,16.11,78.91,5.1,UKP_0023,2,2016
2016-08-03 09:00:00+00:00,482.88,801.47,15.91,79.78,5.03,UKP_0023,2,2016
2016-08-03 10:00:00+00:00,336.38,609.8,15.45,81.91,4.79,UKP_0023,2,2016
2016-08-03 11:00:00+00:00,201.9,385.0,14.81,85.12,4.26,UKP_0023,2,2016
2016-08-03 12:00:00+00:00,83.38,155.25,13.95,90.8,3.41,UKP_0023,2,2016
2016-08-03 13:00:00+00:00,6.0,10.43,13.01,99.47,2.07,UKP_0023,2,2016
2016-08-03 14:00:00+00:00,0.0,0.0,12.79,100.0,1.59,UKP_0023,2,2016
2016-08-03 15:00:00+00:00,0.0,0.0,12.62,100.0,1.53,UKP_0023,2,2016
2016-08-03 16:00:00+00:00,0.0,0.0,12.46,100.0,1.57,UKP_0023,2,2016
2016-08-03 17:00:00+00:00,0.0,0.0,12.29,100.0,1.45,UKP_0023,2,2016
2016-08-03 18:00:00+00:00,0.0,0.0,12.06,100.0,1.06,UKP_0023,2,2016
2016-08-03 19:00:00+00:00,0.0,0.0,11.55,100.0,0.55,UKP_0023,2,2016
2016-08-03 20:00:00+00:00,0.0,0.0,11.14,100.0,0.13,UKP_0023,2,2016
2016-08-03 21:00:00+00:00,0.0,0.0,11.01,100.0,0.5,UKP_0023,2,2016
2016-08-03 22:00:00+00:00,0.0,0.0,10.86,99.32,0.97,UKP_0023,2,2016
2016-08-03 23:00:00+00:00,0.0,0.0,10.69,97.28,1.25,UKP_0023,2,2016
2016-08-04 00:00:00+00:00,32.2,48.6,11.23,94.45,1.1,UKP_0023,2,2016
2016-08-04 01:00:00+00:00,213.55,253.98,13.55,81.96,0.94,UKP_0023,2,2016
2016-08-04 02:00:00+00:00,422.98,481.27,15.53,68.39,1.79,UKP_0023,2,2016
2016-08-04 03:00:00+00:00,584.9,693.92,16.71,64.34,2.88,UKP_0023,2,2016
2016-08-04 04:00:00+00:00,769.78,865.08,17.49,65.24,3.69,UKP_0023,2,2016
2016-08-04 05:00:00+00:00,906.9,981.6,17.85,67.61,4.26,UKP_0023,2,2016
2016-08-04 06:00:00+00:00,945.6,1046.18,17.88,70.74,4.59,UKP_0023,2,2016
2016-08-04 07:00:00+00:00,795.88,1035.45,17.66,73.82,4.75,UKP_0023,2,2016
2016-08-04 08:00:00+00:00,761.78,951.08,17.24,76.99,4.69,UKP_0023,2,2016
2016-08-04 09:00:00+00:00,609.12,802.53,16.7,80.04,4.5,UKP_0023,2,2016
2016-08-04 10:00:00+00:00,392.7,603.1,16.01,83.62,4.24,UKP_0023,2,2016
2016-08-04 11:00:00+00:00,224.3,371.45,15.27,88.13,3.85,UKP_0023,2,2016
2016-08-04 12:00:00+00:00,92.57,136.65,14.54,93.99,3.22,UKP_0023,2,2016
2016-08-04 13:00:00+00:00,5.45,9.5,13.86,100.0,2.16,UKP_0023,2,2016
2016-08-04 14:00:00+00:00,0.0,0.0,13.65,100.0,1.85,UKP_0023,2,2016
2016-08-04 15:00:00+00:00,0.0,0.0,13.53,100.0,1.91,UKP_0023,2,2016
2016-08-04 16:00:00+00:00,0.0,0.0,13.2,100.0,2.06,UKP_0023,2,2016
2016-08-04 17:00:00+00:00,0.0,0.0,12.89,100.0,2.04,UKP_0023,2,2016
2016-08-04 18:00:00+00:00,0.0,0.0,12.58,100.0,1.99,UKP_0023,2,2016
2016-08-04 19:00:00+00:00,0.0,0.0,12.31,100.0,1.92,UKP_0023,2,2016
2016-08-04 20:00:00+00:00,0.0,0.0,11.98,100.0,1.82,UKP_0023,2,2016
2016-08-04 21:00:00+00:00,0.0,0.0,11.64,100.0,1.76,UKP_0023,2,2016
2016-08-04 22:00:00+00:00,0.0,0.0,11.36,100.0,1.64,UKP_0023,2,2016
2016-08-04 23:00:00+00:00,0.0,0.0,11.11,100.0,1.5,UKP_0023,2,2016
2016-08-05 00:00:00+00:00,31.48,50.03,11.49,100.0,1.5,UKP_0023,2,2016
2016-08-05 01:00:00+00:00,201.05,259.12,12.1,97.93,1.56,UKP_0023,2,2016
2016-08-05 02:00:00+00:00,375.7,485.73,13.06,91.48,1.37,UKP_0023,2,2016
2016-08-05 03:00:00+00:00,565.03,693.92,14.56,83.15,2.02,UKP_0023,2,2016
2016-08-05 04:00:00+00:00,667.25,862.3,15.95,77.16,2.88,UKP_0023,2,2016
2016-08-05 05:00:00+00:00,714.75,976.85,16.77,74.39,3.79,UKP_0023,2,2016
2016-08-05 06:00:00+00:00,786.33,1036.25,16.56,75.63,4.54,UKP_0023,2,2016
2016-08-05 07:00:00+00:00,644.7,1021.03,16.15,77.97,4.66,UKP_0023,2,2016
2016-08-05 08:00:00+00:00,512.62,932.95,15.85,79.45,4.55,UKP_0023,2,2016
2016-08-05 09:00:00+00:00,345.77,783.38,15.5,80.98,4.5,UKP_0023,2,2016
2016-08-05 10:00:00+00:00,136.48,568.67,15.02,83.39,4.37,UKP_0023,2,2016
2016-08-05 11:00:00+00:00,79.18,336.4,14.28,87.29,3.96,UKP_0023,2,2016
2016-08-05 12:00:00+00:00,30.02,118.85,13.41,93.12,3.24,UKP_0023,2,2016
2016-08-05 13:00:00+00:00,2.47,8.02,12.53,99.14,2.28,UKP_0023,2,2016
2016-08-05 14:00:00+00:00,0.0,0.0,12.12,100.0,1.92,UKP_0023,2,2016
2016-08-05 15:00:00+00:00,0.0,0.0,11.87,100.0,1.71,UKP_0023,2,2016
2016-08-05 16:00:00+00:00,0.0,0.0,11.67,100.0,1.63,UKP_0023,2,2016
2016-08-05 17:00:00+00:00,0.0,0.0,11.42,100.0,1.66,UKP_0023,2,2016
2016-08-05 18:00:00+00:00,0.0,0.0,11.24,100.0,1.61,UKP_0023,2,2016
2016-08-05 19:00:00+00:00,0.0,0.0,11.18,100.0,1.33,UKP_0023,2,2016
2016-08-05 20:00:00+00:00,0.0,0.0,11.16,100.0,0.82,UKP_0023,2,2016
2016-08-05 21:00:00+00:00,0.0,0.0,10.76,100.0,0.32,UKP_0023,2,2016
2016-08-05 22:00:00+00:00,0.0,0.0,10.31,100.0,0.6,UKP_0023,2,2016
2016-08-05 23:00:00+00:00,0.0,0.0,9.93,100.0,0.87,UKP_0023,2,2016
2016-08-06 00:00:00+00:00,24.02,38.17,10.2,98.72,0.94,UKP_0023,2,2016
2016-08-06 01:00:00+00:00,143.65,223.7,11.9,90.03,1.16,UKP_0023,2,2016
2016-08-06 02:00:00+00:00,303.17,449.27,13.57,79.71,1.62,UKP_0023,2,2016
2016-08-06 03:00:00+00:00,466.77,665.55,15.08,73.58,2.49,UKP_0023,2,2016
2016-08-06 04:00:00+00:00,475.7,834.47,16.23,71.33,3.52,UKP_0023,2,2016
2016-08-06 05:00:00+00:00,539.15,954.7,16.8,72.47,4.2,UKP_0023,2,2016
2016-08-06 06:00:00+00:00,549.7,1039.43,17.01,74.49,4.55,UKP_0023,2,2016
2016-08-06 07:00:00+00:00,616.67,1023.9,17.06,76.08,4.8,UKP_0023,2,2016
2016-08-06 08:00:00+00:00,576.47,933.42,17.01,77.02,4.92,UKP_0023,2,2016
2016-08-06 09:00:00+00:00,413.45,782.08,16.56,79.33,4.86,UKP_0023,2,2016
2016-08-06 10:00:00+00:00,269.23,578.7,15.89,83.08,4.55,UKP_0023,2,2016
2016-08-06 11:00:00+00:00,155.98,347.15,14.87,88.96,4.07,UKP_0023,2,2016
2016-08-06 12:00:00+00:00,52.92,126.9,13.97,95.28,3.39,UKP_0023,2,2016
2016-08-06 13:00:00+00:00,3.72,8.05,13.41,100.0,2.44,UKP_0023,2,2016
2016-08-06 14:00:00+00:00,0.0,0.0,13.26,100.0,2.12,UKP_0023,2,2016
2016-08-06 15:00:00+00:00,0.0,0.0,13.2,100.0,2.26,UKP_0023,2,2016
2016-08-06 16:00:00+00:00,0.0,0.0,12.71,100.0,2.37,UKP_0023,2,2016
2016-08-06 17:00:00+00:00,0.0,0.0,12.17,100.0,2.11,UKP_0023,2,2016
2016-08-06 18:00:00+00:00,0.0,0.0,11.35,100.0,1.86,UKP_0023,2,2016
2016-08-06 19:00:00+00:00,0.0,0.0,10.43,100.0,1.25,UKP_0023,2,2016
2016-08-06 20:00:00+00:00,0.0,0.0,9.77,100.0,1.02,UKP_0023,2,2016
2016-08-06 21:00:00+00:00,0.0,0.0,9.76,100.0,0.86,UKP_0023,2,2016
2016-08-06 22:00:00+00:00,0.0,0.0,9.69,99.27,0.73,UKP_0023,2,2016
2016-08-06 23:00:00+00:00,0.0,0.0,9.68,96.29,0.72,UKP_0023,2,2016
2016-08-07 00:00:00+00:00,21.67,37.1,10.42,91.12,0.54,UKP_0023,2,2016
2016-08-07 01:00:00+00:00,126.45,221.27,12.32,77.89,0.41,UKP_0023,2,2016
2016-08-07 02:00:00+00:00,279.2,453.55,13.7,71.91,1.57,UKP_0023,2,2016
2016-08-07 03:00:00+00:00,413.45,663.58,14.76,71.31,2.51,UKP_0023,2,2016
2016-08-07 04:00:00+00:00,460.8,834.95,15.86,70.49,3.11,UKP_0023,2,2016
2016-08-07 05:00:00+00:00,503.45,952.3,16.64,70.9,3.77,UKP_0023,2,2016
2016-08-07 06:00:00+00:00,579.8,1030.95,16.99,72.4,4.27,UKP_0023,2,2016
2016-08-07 07:00:00+00:00,509.88,1013.08,16.9,74.85,4.52,UKP_0023,2,2016
2016-08-07 08:00:00+00:00,431.73,923.92,16.6,77.24,4.61,UKP_0023,2,2016
2016-08-07 09:00:00+00:00,316.58,766.05,16.22,79.28,4.54,UKP_0023,2,2016
2016-08-07 10:00:00+00:00,224.27,565.35,15.7,81.58,4.26,UKP_0023,2,2016
2016-08-07 11:00:00+00:00,136.88,335.33,14.97,84.85,3.77,UKP_0023,2,2016
2016-08-07 12:00:00+00:00,51.62,123.32,13.98,90.14,3.09,UKP_0023,2,2016
2016-08-07 13:00:00+00:00,3.7,7.35,12.91,98.92,2.07,UKP_0023,2,2016
2016-08-07 14:00:00+00:00,0.0,0.0,12.56,100.0,1.64,UKP_0023,2,2016
2016-08-07 15:00:00+00:00,0.0,0.0,12.38,100.0,1.51,UKP_0023,2,2016
2016-08-07 16:00:00+00:00,0.0,0.0,12.19,100.0,1.56,UKP_0023,2,2016
2016-08-07 17:00:00+00:00,0.0,0.0,12.0,100.0,1.66,UKP_0023,2,2016
2016-08-07 18:00:00+00:00,0.0,0.0,11.8,100.0,1.64,UKP_0023,2,2016
2016-08-07 19:00:00+00:00,0.0,0.0,11.67,100.0,1.67,UKP_0023,2,2016
2016-08-07 20:00:00+00:00,0.0,0.0,11.64,100.0,1.58,UKP_0023,2,2016
2016-08-07 21:00:00+00:00,0.0,0.0,11.48,100.0,1.53,UKP_0023,2,2016
2016-08-07 22:00:00+00:00,0.0,0.0,11.41,100.0,1.47,UKP_0023,2,2016
2016-08-07 23:00:00+00:00,0.0,0.0,11.3,100.0,1.31,UKP_0023,2,2016
2016-08-08 00:00:00+00:00,21.35,33.0,11.59,100.0,1.15,UKP_0023,2,2016
2016-08-08 01:00:00+00:00,145.25,213.77,12.57,96.39,1.49,UKP_0023,2,2016
2016-08-08 02:00:00+00:00,320.55,444.05,13.8,89.05,2.21,UKP_0023,2,2016
2016-08-08 03:00:00+00:00,535.05,663.62,14.95,83.99,3.13,UKP_0023,2,2016
2016-08-08 04:00:00+00:00,580.97,839.85,15.73,81.43,4.03,UKP_0023,2,2016
2016-08-08 05:00:00+00:00,572.5,958.7,16.38,80.34,4.81,UKP_0023,2,2016
2016-08-08 06:00:00+00:00,566.5,1038.72,16.62,79.78,5.37,UKP_0023,2,2016
2016-08-08 07:00:00+00:00,501.5,1026.38,16.57,80.34,5.53,UKP_0023,2,2016
2016-08-08 08:00:00+00:00,401.38,942.6,16.29,81.57,5.25,UKP_0023,2,2016
2016-08-08 09:00:00+00:00,372.85,795.33,15.94,82.34,4.72,UKP_0023,2,2016
2016-08-08 10:00:00+00:00,219.02,590.45,15.45,83.51,4.22,UKP_0023,2,2016
2016-08-08 11:00:00+00:00,137.8,358.0,14.69,86.7,3.78,UKP_0023,2,2016
2016-08-08 12:00:00+00:00,53.45,131.65,13.79,92.75,3.17,UKP_0023,2,2016
2016-08-08 13:00:00+00:00,4.2,7.1,13.0,99.32,2.27,UKP_0023,2,2016
2016-08-08 14:00:00+00:00,0.0,0.0,12.71,100.0,1.97,UKP_0023,2,2016
2016-08-08 15:00:00+00:00,0.0,0.0,12.47,100.0,1.9,UKP_0023,2,2016
2016-08-08 16:00:00+00:00,0.0,0.0,12.21,100.0,1.75,UKP_0023,2,2016
2016-08-08 17:00:00+00:00,0.0,0.0,12.02,100.0,1.65,UKP_0023,2,2016
2016-08-08 18:00:00+00:00,0.0,0.0,11.81,100.0,1.44,UKP_0023,2,2016
2016-08-08 19:00:00+00:00,0.0,0.0,11.74,100.0,1.23,UKP_0023,2,2016
2016-08-08 20:00:00+00:00,0.0,0.0,11.59,100.0,1.15,UKP_0023,2,2016
2016-08-08 21:00:00+00:00,0.0,0.0,11.31,100.0,1.09,UKP_0023,2,2016
2016-08-08 22:00:00+00:00,0.0,0.0,11.12,100.0,0.92,UKP_0023,2,2016
2016-08-08 23:00:00+00:00,0.0,0.0,11.04,100.0,0.8,UKP_0023,2,2016
2016-08-09 00:00:00+00:00,25.62,34.85,11.34,100.0,0.63,UKP_0023,2,2016
2016-08-09 01:00:00+00:00,149.55,226.18,12.53,95.98,1.2,UKP_0023,2,2016
2016-08-09 02:00:00+00:00,330.62,458.25,13.63,90.98,2.26,UKP_0023,2,2016
2016-08-09 03:00:00+00:00,530.5,673.38,14.82,86.54,3.44,UKP_0023,2,2016
2016-08-09 04:00:00+00:00,604.25,845.65,15.68,83.17,4.36,UKP_0023,2,2016
2016-08-09 05:00:00+00:00,647.6,963.5,15.96,82.14,4.95,UKP_0023,2,2016
2016-08-09 06:00:00+00:00,621.4,1015.6,15.88,83.13,5.25,UKP_0023,2,2016
2016-08-09 07:00:00+00:00,566.1,1000.97,15.81,83.95,5.49,UKP_0023,2,2016
2016-08-09 08:00:00+00:00,511.92,914.4,15.6,84.99,5.68,UKP_0023,2,2016
2016-08-09 09:00:00+00:00,384.62,756.1,15.28,86.28,5.75,UKP_0023,2,2016
2016-08-09 10:00:00+00:00,193.95,551.28,14.72,88.78,5.46,UKP_0023,2,2016
2016-08-09 11:00:00+00:00,158.48,324.7,14.07,91.91,4.87,UKP_0023,2,2016
2016-08-09 12:00:00+00:00,51.1,115.75,13.29,96.65,3.89,UKP_0023,2,2016
2016-08-09 13:00:00+00:00,3.08,6.3,12.61,100.0,2.51,UKP_0023,2,2016
2016-08-09 14:00:00+00:00,0.0,0.0,12.19,100.0,2.21,UKP_0023,2,2016
2016-08-09 15:00:00+00:00,0.0,0.0,11.94,100.0,2.17,UKP_0023,2,2016
2016-08-09 16:00:00+00:00,0.0,0.0,11.6,100.0,2.1,UKP_0023,2,2016
2016-08-09 17:00:00+00:00,0.0,0.0,11.17,100.0,1.67,UKP_0023,2,2016
2016-08-09 18:00:00+00:00,0.0,0.0,10.92,99.76,1.39,UKP_0023,2,2016
2016-08-09 19:00:00+00:00,0.0,0.0,10.64,99.71,1.14,UKP_0023,2,2016
2016-08-09 20:00:00+00:00,0.0,0.0,10.26,100.0,0.74,UKP_0023,2,2016
2016-08-09 21:00:00+00:00,0.0,0.0,9.87,100.0,0.46,UKP_0023,2,2016
2016-08-09 22:00:00+00:00,0.0,0.0,9.48,100.0,0.79,UKP_0023,2,2016
2016-08-09 23:00:00+00:00,0.0,0.0,9.34,97.94,1.28,UKP_0023,2,2016
2016-08-10 00:00:00+00:00,20.8,33.75,10.04,93.8,1.35,UKP_0023,2,2016
2016-08-10 01:00:00+00:00,136.27,218.45,12.65,81.19,0.63,UKP_0023,2,2016
2016-08-10 02:00:00+00:00,275.48,444.92,14.19,73.88,1.65,UKP_0023,2,2016
2016-08-10 03:00:00+00:00,481.05,657.83,14.9,73.93,2.84,UKP_0023,2,2016
2016-08-10 04:00:00+00:00,551.55,831.33,15.46,74.55,3.66,UKP_0023,2,2016
2016-08-10 05:00:00+00:00,558.6,953.6,15.65,76.25,4.22,UKP_0023,2,2016
2016-08-10 06:00:00+00:00,561.22,1029.5,15.79,77.4,4.7,UKP_0023,2,2016
2016-08-10 07:00:00+00:00,543.5,1014.67,15.89,77.97,5.13,UKP_0023,2,2016
2016-08-10 08:00:00+00:00,383.55,931.15,15.58,79.62,5.19,UKP_0023,2,2016
2016-08-10 09:00:00+00:00,341.0,785.78,15.01,82.12,4.78,UKP_0023,2,2016
2016-08-10 10:00:00+00:00,180.5,588.67,14.28,85.39,4.22,UKP_0023,2,2016
2016-08-10 11:00:00+00:00,122.32,357.8,13.52,89.88,3.55,UKP_0023,2,2016
2016-08-10 12:00:00+00:00,43.6,130.9,12.81,94.46,2.85,UKP_0023,2,2016
2016-08-10 13:00:00+00:00,2.97,6.32,12.15,99.62,2.03,UKP_0023,2,2016
2016-08-10 14:00:00+00:00,0.0,0.0,11.88,100.0,1.68,UKP_0023,2,2016
2016-08-10 15:00:00+00:00,0.0,0.0,11.64,100.0,1.53,UKP_0023,2,2016
2016-08-10 16:00:00+00:00,0.0,0.0,11.46,100.0,1.53,UKP_0023,2,2016
2016-08-10 17:00:00+00:00,0.0,0.0,11.25,100.0,1.54,UKP_0023,2,2016
2016-08-10 18:00:00+00:00,0.0,0.0,11.07,100.0,1.55,UKP_0023,2,2016
2016-08-10 19:00:00+00:00,0.0,0.0,10.87,100.0,1.55,UKP_0023,2,2016
2016-08-10 20:00:00+00:00,0.0,0.0,10.7,100.0,1.51,UKP_0023,2,2016
2016-08-10 21:00:00+00:00,0.0,0.0,10.61,100.0,1.31,UKP_0023,2,2016
2016-08-10 22:00:00+00:00,0.0,0.0,10.57,100.0,1.02,UKP_0023,2,2016
2016-08-10 23:00:00+00:00,0.0,0.0,10.54,100.0,0.7,UKP_0023,2,2016
2016-08-11 00:00:00+00:00,16.48,34.67,10.83,98.92,0.47,UKP_0023,2,2016
2016-08-11 01:00:00+00:00,111.3,224.43,12.06,92.51,0.69,UKP_0023,2,2016
2016-08-11 02:00:00+00:00,256.1,454.1,13.3,85.58,1.75,UKP_0023,2,2016
2016-08-11 03:00:00+00:00,372.73,668.9,14.25,82.27,2.91,UKP_0023,2,2016
2016-08-11 04:00:00+00:00,458.0,830.97,15.2,79.95,3.82,UKP_0023,2,2016
2016-08-11 05:00:00+00:00,455.75,955.5,15.95,78.67,4.49,UKP_0023,2,2016
2016-08-11 06:00:00+00:00,522.28,1026.07,16.22,78.6,5.01,UKP_0023,2,2016
2016-08-11 07:00:00+00:00,505.65,1010.05,16.51,78.82,5.38,UKP_0023,2,2016
2016-08-11 08:00:00+00:00,420.33,920.75,16.45,80.01,5.62,UKP_0023,2,2016
2016-08-11 09:00:00+00:00,372.88,767.3,15.88,83.74,5.62,UKP_0023,2,2016
2016-08-11 10:00:00+00:00,231.02,567.45,15.19,88.04,5.48,UKP_0023,2,2016
2016-08-11 11:00:00+00:00,148.23,340.38,14.5,92.77,5.18,UKP_0023,2,2016
2016-08-11 12:00:00+00:00,50.35,122.38,13.73,98.45,4.45,UKP_0023,2,2016
2016-08-11 13:00:00+00:00,3.03,5.8,13.23,100.0,3.29,UKP_0023,2,2016
2016-08-11 14:00:00+00:00,0.0,0.0,13.0,100.0,3.62,UKP_0023,2,2016
2016-08-11 15:00:00+00:00,0.0,0.0,12.66,100.0,3.53,UKP_0023,2,2016
2016-08-11 16:00:00+00:00,0.0,0.0,11.99,100.0,2.54,UKP_0023,2,2016
2016-08-11 17:00:00+00:00,0.0,0.0,11.34,100.0,1.73,UKP_0023,2,2016
2016-08-11 18:00:00+00:00,0.0,0.0,10.99,100.0,1.21,UKP_0023,2,2016
2016-08-11 19:00:00+00:00,0.0,0.0,10.72,100.0,0.61,UKP_0023,2,2016
2016-08-11 20:00:00+00:00,0.0,0.0,10.62,98.84,0.24,UKP_0023,2,2016
2016-08-11 21:00:00+00:00,0.0,0.0,10.52,97.81,0.35,UKP_0023,2,2016
2016-08-11 22:00:00+00:00,0.0,0.0,10.51,95.83,0.44,UKP_0023,2,2016
2016-08-11 23:00:00+00:00,0.0,0.0,10.63,93.68,0.45,UKP_0023,2,2016
2016-08-12 00:00:00+00:00,19.33,31.62,10.99,92.76,0.51,UKP_0023,2,2016
2016-08-12 01:00:00+00:00,112.45,214.15,12.69,86.87,0.3,UKP_0023,2,2016
2016-08-12 02:00:00+00:00,263.73,446.55,14.46,77.84,1.06,UKP_0023,2,2016
2016-08-12 03:00:00+00:00,397.0,651.65,15.49,75.63,2.43,UKP_0023,2,2016
2016-08-12 04:00:00+00:00,552.53,832.17,16.3,74.87,3.46,UKP_0023,2,2016
2016-08-12 05:00:00+00:00,591.6,953.17,16.66,76.03,4.18,UKP_0023,2,2016
2016-08-12 06:00:00+00:00,613.25,1024.47,16.7,77.74,4.49,UKP_0023,2,2016
2016-08-12 07:00:00+00:00,577.33,1007.3,16.72,78.49,4.76,UKP_0023,2,2016
2016-08-12 08:00:00+00:00,549.4,922.2,16.56,79.96,4.86,UKP_0023,2,2016
2016-08-12 09:00:00+00:00,446.9,777.0,16.21,82.19,4.76,UKP_0023,2,2016
2016-08-12 10:00:00+00:00,249.05,581.45,15.69,85.12,4.45,UKP_0023,2,2016
2016-08-12 11:00:00+00:00,148.82,349.83,14.95,90.29,3.91,UKP_0023,2,2016
2016-08-12 12:00:00+00:00,56.22,126.88,14.09,97.3,3.0,UKP_0023,2,2016
2016-08-12 13:00:00+00:00,3.12,5.5,13.72,100.0,2.09,UKP_0023,2,2016
2016-08-12 14:00:00+00:00,0.0,0.0,13.59,100.0,2.11,UKP_0023,2,2016
2016-08-12 15:00:00+00:00,0.0,0.0,13.34,100.0,2.22,UKP_0023,2,2016
2016-08-12 16:00:00+00:00,0.0,0.0,12.93,100.0,2.06,UKP_0023,2,2016
2016-08-12 17:00:00+00:00,0.0,0.0,12.59,100.0,1.78,UKP_0023,2,2016
2016-08-12 18:00:00+00:00,0.0,0.0,12.41,100.0,1.52,UKP_0023,2,2016
2016-08-12 19:00:00+00:00,0.0,0.0,12.19,100.0,1.25,UKP_0023,2,2016
2016-08-12 20:00:00+00:00,0.0,0.0,11.99,100.0,0.9,UKP_0023,2,2016
2016-08-12 21:00:00+00:00,0.0,0.0,11.86,100.0,0.52,UKP_0023,2,2016
2016-08-12 22:00:00+00:00,0.0,0.0,11.91,98.15,0.25,UKP_0023,2,2016
2016-08-12 23:00:00+00:00,0.0,0.0,12.04,95.86,0.4,UKP_0023,2,2016
2016-08-13 00:00:00+00:00,13.75,33.88,12.15,97.18,0.32,UKP_0023,2,2016
2016-08-13 01:00:00+00:00,103.25,231.35,12.89,94.25,0.46,UKP_0023,2,2016
2016-08-13 02:00:00+00:00,255.15,464.08,13.88,89.88,1.34,UKP_0023,2,2016
2016-08-13 03:00:00+00:00,457.3,677.92,14.82,85.67,2.62,UKP_0023,2,2016
2016-08-13 04:00:00+00:00,579.85,850.72,15.13,85.61,3.61,UKP_0023,2,2016
2016-08-13 05:00:00+00:00,657.9,968.3,15.45,85.5,4.4,UKP_0023,2,2016
2016-08-13 06:00:00+00:00,745.83,1018.72,15.66,85.55,5.01,UKP_0023,2,2016
2016-08-13 07:00:00+00:00,739.88,1007.62,15.96,85.02,5.44,UKP_0023,2,2016
2016-08-13 08:00:00+00:00,642.33,923.33,15.98,85.34,5.66,UKP_0023,2,2016
2016-08-13 09:00:00+00:00,501.88,778.7,16.05,85.21,5.72,UKP_0023,2,2016
2016-08-13 10:00:00+00:00,300.08,584.75,15.66,86.67,5.44,UKP_0023,2,2016
2016-08-13 11:00:00+00:00,174.93,358.0,14.78,91.2,4.77,UKP_0023,2,2016
2016-08-13 12:00:00+00:00,61.12,130.82,13.96,96.75,3.92,UKP_0023,2,2016
2016-08-13 13:00:00+00:00,2.95,5.12,13.38,100.0,2.55,UKP_0023,2,2016
2016-08-13 14:00:00+00:00,0.0,0.0,13.3,100.0,2.38,UKP_0023,2,2016
2016-08-13 15:00:00+00:00,0.0,0.0,13.26,100.0,2.5,UKP_0023,2,2016
2016-08-13 16:00:00+00:00,0.0,0.0,13.12,100.0,2.56,UKP_0023,2,2016
2016-08-13 17:00:00+00:00,0.0,0.0,12.86,100.0,2.52,UKP_0023,2,2016
2016-08-13 18:00:00+00:00,0.0,0.0,12.5,100.0,2.33,UKP_0023,2,2016
2016-08-13 19:00:00+00:00,0.0,0.0,12.25,100.0,2.18,UKP_0023,2,2016
2016-08-13 20:00:00+00:00,0.0,0.0,12.11,100.0,2.12,UKP_0023,2,2016
2016-08-13 21:00:00+00:00,0.0,0.0,11.82,100.0,1.98,UKP_0023,2,2016
2016-08-13 22:00:00+00:00,0.0,0.0,11.59,100.0,1.67,UKP_0023,2,2016
2016-08-13 23:00:00+00:00,0.0,0.0,11.48,100.0,1.52,UKP_0023,2,2016
2016-08-14 00:00:00+00:00,18.45,33.58,11.67,100.0,1.35,UKP_0023,2,2016
2016-08-14 01:00:00+00:00,122.2,226.32,12.57,98.39,1.74,UKP_0023,2,2016
2016-08-14 02:00:00+00:00,279.35,456.8,13.41,93.23,2.09,UKP_0023,2,2016
2016-08-14 03:00:00+00:00,467.2,669.42,14.54,87.85,2.72,UKP_0023,2,2016
2016-08-14 04:00:00+00:00,555.72,841.05,15.46,83.8,3.41,UKP_0023,2,2016
2016-08-14 05:00:00+00:00,565.17,955.42,16.13,81.22,4.19,UKP_0023,2,2016
2016-08-14 06:00:00+00:00,631.95,1016.95,16.44,80.01,4.99,UKP_0023,2,2016
2016-08-14 07:00:00+00:00,595.38,997.15,16.6,80.56,5.3,UKP_0023,2,2016
2016-08-14 08:00:00+00:00,525.8,903.78,16.55,80.95,5.48,UKP_0023,2,2016
2016-08-14 09:00:00+00:00,365.9,740.47,16.15,82.76,5.26,UKP_0023,2,2016
2016-08-14 10:00:00+00:00,170.48,542.22,15.77,84.22,4.89,UKP_0023,2,2016
2016-08-14 11:00:00+00:00,109.28,313.6,14.94,88.05,4.17,UKP_0023,2,2016
2016-08-14 12:00:00+00:00,45.15,102.9,13.97,93.56,3.18,UKP_0023,2,2016
2016-08-14 13:00:00+00:00,2.65,4.15,13.06,100.0,1.82,UKP_0023,2,2016
2016-08-14 14:00:00+00:00,0.0,0.0,12.73,100.0,1.31,UKP_0023,2,2016
2016-08-14 15:00:00+00:00,0.0,0.0,12.37,100.0,1.2,UKP_0023,2,2016
2016-08-14 16:00:00+00:00,0.0,0.0,12.04,100.0,1.11,UKP_0023,2,2016
2016-08-14 17:00:00+00:00,0.0,0.0,11.86,100.0,1.11,UKP_0023,2,2016
2016-08-14 18:00:00+00:00,0.0,0.0,11.63,100.0,1.34,UKP_0023,2,2016
2016-08-14 19:00:00+00:00,0.0,0.0,11.35,100.0,1.51,UKP_0023,2,2016
2016-08-14 20:00:00+00:00,0.0,0.0,11.19,100.0,1.42,UKP_0023,2,2016
2016-08-14 21:00:00+00:00,0.0,0.0,10.97,100.0,1.44,UKP_0023,2,2016
2016-08-14 22:00:00+00:00,0.0,0.0,10.85,100.0,1.42,UKP_0023,2,2016
2016-08-14 23:00:00+00:00,0.0,0.0,10.75,100.0,1.38,UKP_0023,2,2016
2016-08-15 00:00:00+00:00,20.25,28.05,11.09,100.0,1.3,UKP_0023,2,2016
2016-08-15 01:00:00+00:00,143.57,198.4,12.39,97.79,1.78,UKP_0023,2,2016
2016-08-15 02:00:00+00:00,341.02,413.5,13.53,90.93,2.3,UKP_0023,2,2016
2016-08-15 03:00:00+00:00,613.42,637.55,14.58,85.29,3.24,UKP_0023,2,2016
2016-08-15 04:00:00+00:00,656.55,826.95,15.49,82.0,4.14,UKP_0023,2,2016
2016-08-15 05:00:00+00:00,646.45,941.65,16.06,80.55,5.04,UKP_0023,2,2016
2016-08-15 06:00:00+00:00,643.88,1027.82,16.34,80.23,5.76,UKP_0023,2,2016
2016-08-15 07:00:00+00:00,724.15,1016.3,16.38,80.17,6.11,UKP_0023,2,2016
2016-08-15 08:00:00+00:00,584.67,927.67,16.17,80.91,6.06,UKP_0023,2,2016
2016-08-15 09:00:00+00:00,459.77,777.9,15.75,82.65,5.5,UKP_0023,2,2016
2016-08-15 10:00:00+00:00,273.67,578.7,15.37,83.53,4.88,UKP_0023,2,2016
2016-08-15 11:00:00+00:00,138.98,349.58,14.6,87.23,4.11,UKP_0023,2,2016
2016-08-15 12:00:00+00:00,45.42,121.07,13.58,93.61,3.06,UKP_0023,2,2016
2016-08-15 13:00:00+00:00,2.25,4.07,12.71,100.0,1.76,UKP_0023,2,2016
2016-08-15 14:00:00+00:00,0.0,0.0,12.52,100.0,1.54,UKP_0023,2,2016
2016-08-15 15:00:00+00:00,0.0,0.0,12.34,100.0,1.65,UKP_0023,2,2016
2016-08-15 16:00:00+00:00,0.0,0.0,12.15,100.0,1.85,UKP_0023,2,2016
2016-08-15 17:00:00+00:00,0.0,0.0,11.9,100.0,2.0,UKP_0023,2,2016
2016-08-15 18:00:00+00:00,0.0,0.0,11.6,100.0,2.06,UKP_0023,2,2016
2016-08-15 19:00:00+00:00,0.0,0.0,11.32,100.0,2.1,UKP_0023,2,2016
2016-08-15 20:00:00+00:00,0.0,0.0,11.0,100.0,1.91,UKP_0023,2,2016
2016-08-15 21:00:00+00:00,0.0,0.0,10.78,100.0,1.63,UKP_0023,2,2016
2016-08-15 22:00:00+00:00,0.0,0.0,10.6,100.0,1.31,UKP_0023,2,2016
2016-08-15 23:00:00+00:00,0.0,0.0,10.49,100.0,0.97,UKP_0023,2,2016
2016-08-16 00:00:00+00:00,12.57,31.92,10.69,100.0,0.85,UKP_0023,2,2016
2016-08-16 01:00:00+00:00,57.03,227.38,11.82,94.76,1.2,UKP_0023,2,2016
2016-08-16 02:00:00+00:00,144.77,461.25,13.4,80.96,2.31,UKP_0023,2,2016
2016-08-16 03:00:00+00:00,150.23,676.85,14.28,79.27,3.08,UKP_0023,2,2016
2016-08-16 04:00:00+00:00,242.0,851.08,15.24,76.81,3.56,UKP_0023,2,2016
2016-08-16 05:00:00+00:00,242.43,968.95,15.95,75.2,4.09,UKP_0023,2,2016
2016-08-16 06:00:00+00:00,241.65,1027.05,16.26,75.42,4.55,UKP_0023,2,2016
2016-08-16 07:00:00+00:00,230.68,1010.55,16.34,76.24,4.82,UKP_0023,2,2016
2016-08-16 08:00:00+00:00,292.95,925.38,16.18,77.45,4.93,UKP_0023,2,2016
2016-08-16 09:00:00+00:00,175.45,778.58,15.78,79.3,4.85,UKP_0023,2,2016
2016-08-16 10:00:00+00:00,85.2,581.47,15.18,82.2,4.5,UKP_0023,2,2016
2016-08-16 11:00:00+00:00,39.9,354.5,14.45,85.57,3.96,UKP_0023,2,2016
2016-08-16 12:00:00+00:00,13.1,125.12,13.41,91.86,3.14,UKP_0023,2,2016
2016-08-16 13:00:00+00:00,1.38,3.83,12.46,100.0,2.01,UKP_0023,2,2016
2016-08-16 14:00:00+00:00,0.0,0.0,12.23,100.0,1.57,UKP_0023,2,2016
2016-08-16 15:00:00+00:00,0.0,0.0,11.98,100.0,1.39,UKP_0023,2,2016
2016-08-16 16:00:00+00:00,0.0,0.0,11.79,100.0,1.25,UKP_0023,2,2016
2016-08-16 17:00:00+00:00,0.0,0.0,11.6,100.0,1.14,UKP_0023,2,2016
2016-08-16 18:00:00+00:00,0.0,0.0,11.37,100.0,0.89,UKP_0023,2,2016
2016-08-16 19:00:00+00:00,0.0,0.0,11.18,99.86,0.75,UKP_0023,2,2016
2016-08-16 20:00:00+00:00,0.0,0.0,10.89,99.39,0.58,UKP_0023,2,2016
2016-08-16 21:00:00+00:00,0.0,0.0,10.65,99.08,0.65,UKP_0023,2,2016
2016-08-16 22:00:00+00:00,0.0,0.0,10.41,99.29,0.9,UKP_0023,2,2016
2016-08-16 23:00:00+00:00,0.0,0.0,10.03,99.92,0.97,UKP_0023,2,2016
2016-08-17 00:00:00+00:00,10.3,30.52,10.12,99.19,0.96,UKP_0023,2,2016
2016-08-17 01:00:00+00:00,59.58,220.27,11.47,94.39,1.43,UKP_0023,2,2016
2016-08-17 02:00:00+00:00,126.78,450.58,12.64,88.87,2.23,UKP_0023,2,2016
2016-08-17 03:00:00+00:00,204.45,663.92,13.65,86.32,3.33,UKP_0023,2,2016
2016-08-17 04:00:00+00:00,195.05,836.12,14.56,83.36,4.72,UKP_0023,2,2016
2016-08-17 05:00:00+00:00,254.25,952.95,14.93,82.28,5.5,UKP_0023,2,2016
2016-08-17 06:00:00+00:00,282.15,999.85,15.08,81.47,5.81,UKP_0023,2,2016
2016-08-17 07:00:00+00:00,342.33,981.65,15.01,81.11,5.56,UKP_0023,2,2016
2016-08-17 08:00:00+00:00,230.1,860.0,14.91,81.16,5.09,UKP_0023,2,2016
2016-08-17 09:00:00+00:00,302.73,718.03,14.66,82.26,4.51,UKP_0023,2,2016
2016-08-17 10:00:00+00:00,192.23,528.03,14.2,84.74,3.92,UKP_0023,2,2016
2016-08-17 11:00:00+00:00,107.35,309.23,13.75,87.2,3.37,UKP_0023,2,2016
2016-08-17 12:00:00+00:00,30.77,109.55,12.91,92.29,2.66,UKP_0023,2,2016
2016-08-17 13:00:00+00:00,0.0,0.0,11.88,99.84,1.58,UKP_0023,2,2016
2016-08-17 14:00:00+00:00,0.0,0.0,11.62,100.0,1.24,UKP_0023,2,2016
2016-08-17 15:00:00+00:00,0.0,0.0,11.5,100.0,0.96,UKP_0023,2,2016
2016-08-17 16:00:00+00:00,0.0,0.0,11.28,100.0,0.91,UKP_0023,2,2016
2016-08-17 17:00:00+00:00,0.0,0.0,10.99,100.0,0.94,UKP_0023,2,2016
2016-08-17 18:00:00+00:00,0.0,0.0,10.78,100.0,0.92,UKP_0023,2,2016
2016-08-17 19:00:00+00:00,0.0,0.0,10.63,100.0,0.69,UKP_0023,2,2016
2016-08-17 20:00:00+00:00,0.0,0.0,10.43,100.0,0.32,UKP_0023,2,2016
2016-08-17 21:00:00+00:00,0.0,0.0,10.16,99.46,0.47,UKP_0023,2,2016
2016-08-17 22:00:00+00:00,0.0,0.0,10.02,97.88,0.66,UKP_0023,2,2016
2016-08-17 23:00:00+00:00,0.0,0.0,9.97,95.45,0.79,UKP_0023,2,2016
2016-08-18 00:00:00+00:00,17.08,31.48,10.49,92.77,0.76,UKP_0023,2,2016
2016-08-18 01:00:00+00:00,187.2,228.93,12.2,90.68,0.47,UKP_0023,2,2016
2016-08-18 02:00:00+00:00,352.35,459.92,13.33,87.37,1.89,UKP_0023,2,2016
2016-08-18 03:00:00+00:00,511.42,673.67,14.21,85.27,2.84,UKP_0023,2,2016
2016-08-18 04:00:00+00:00,585.9,846.4,15.11,81.68,3.59,UKP_0023,2,2016
2016-08-18 05:00:00+00:00,643.42,965.5,15.76,79.5,4.2,UKP_0023,2,2016
2016-08-18 06:00:00+00:00,665.05,1023.9,16.22,78.55,4.7,UKP_0023,2,2016
2016-08-18 07:00:00+00:00,630.58,1001.3,16.52,77.9,5.14,UKP_0023,2,2016
2016-08-18 08:00:00+00:00,574.8,910.03,16.41,79.24,5.17,UKP_0023,2,2016
2016-08-18 09:00:00+00:00,547.9,754.85,16.1,80.81,5.01,UKP_0023,2,2016
2016-08-18 10:00:00+00:00,324.83,554.67,15.68,82.46,4.52,UKP_0023,2,2016
2016-08-18 11:00:00+00:00,171.07,325.17,15.02,85.07,3.76,UKP_0023,2,2016
2016-08-18 12:00:00+00:00,57.08,114.15,13.99,90.87,2.67,UKP_0023,2,2016
2016-08-18 13:00:00+00:00,0.0,0.0,12.56,100.0,1.23,UKP_0023,2,2016
2016-08-18 14:00:00+00:00,0.0,0.0,11.96,100.0,1.0,UKP_0023,2,2016
2016-08-18 15:00:00+00:00,0.0,0.0,11.58,100.0,1.13,UKP_0023,2,2016
2016-08-18 16:00:00+00:00,0.0,0.0,11.21,99.36,1.39,UKP_0023,2,2016
2016-08-18 17:00:00+00:00,0.0,0.0,11.22,94.23,1.22,UKP_0023,2,2016
2016-08-18 18:00:00+00:00,0.0,0.0,11.55,87.7,0.6,UKP_0023,2,2016
2016-08-18 19:00:00+00:00,0.0,0.0,11.75,83.74,0.47,UKP_0023,2,2016
2016-08-18 20:00:00+00:00,0.0,0.0,11.45,84.23,0.79,UKP_0023,2,2016
2016-08-18 21:00:00+00:00,0.0,0.0,11.31,84.32,0.58,UKP_0023,2,2016
2016-08-18 22:00:00+00:00,0.0,0.0,11.11,84.85,0.57,UKP_0023,2,2016
2016-08-18 23:00:00+00:00,0.0,0.0,10.7,86.33,0.77,UKP_0023,2,2016
2016-08-19 00:00:00+00:00,22.58,27.42,10.81,85.88,1.0,UKP_0023,2,2016
2016-08-19 01:00:00+00:00,169.88,210.55,12.74,83.97,0.64,UKP_0023,2,2016
2016-08-19 02:00:00+00:00,339.95,442.67,14.69,78.12,1.94,UKP_0023,2,2016
2016-08-19 03:00:00+00:00,627.58,666.58,15.73,76.39,3.13,UKP_0023,2,2016
2016-08-19 04:00:00+00:00,770.92,841.58,16.51,75.1,3.85,UKP_0023,2,2016
2016-08-19 05:00:00+00:00,822.15,962.33,16.97,75.24,4.44,UKP_0023,2,2016
2016-08-19 06:00:00+00:00,867.3,1012.58,17.25,75.89,4.93,UKP_0023,2,2016
2016-08-19 07:00:00+00:00,777.03,989.67,17.11,77.3,5.38,UKP_0023,2,2016
2016-08-19 08:00:00+00:00,591.55,901.17,16.71,80.18,5.65,UKP_0023,2,2016
2016-08-19 09:00:00+00:00,456.73,750.62,15.89,84.58,5.61,UKP_0023,2,2016
2016-08-19 10:00:00+00:00,238.23,548.5,15.2,89.11,5.33,UKP_0023,2,2016
2016-08-19 11:00:00+00:00,138.18,319.55,14.48,93.69,4.85,UKP_0023,2,2016
2016-08-19 12:00:00+00:00,48.95,112.35,13.8,98.36,3.99,UKP_0023,2,2016
2016-08-19 13:00:00+00:00,0.0,0.0,13.19,100.0,2.68,UKP_0023,2,2016
2016-08-19 14:00:00+00:00,0.0,0.0,12.58,100.0,2.44,UKP_0023,2,2016
2016-08-19 15:00:00+00:00,0.0,0.0,11.72,100.0,1.99,UKP_0023,2,2016
2016-08-19 16:00:00+00:00,0.0,0.0,11.44,100.0,1.75,UKP_0023,2,2016
2016-08-19 17:00:00+00:00,0.0,0.0,11.23,100.0,1.64,UKP_0023,2,2016
2016-08-19 18:00:00+00:00,0.0,0.0,11.19,100.0,1.57,UKP_0023,2,2016
2016-08-19 19:00:00+00:00,0.0,0.0,11.12,100.0,1.42,UKP_0023,2,2016
2016-08-19 20:00:00+00:00,0.0,0.0,11.12,100.0,1.28,UKP_0023,2,2016
2016-08-19 21:00:00+00:00,0.0,0.0,11.26,100.0,1.02,UKP_0023,2,2016
2016-08-19 22:00:00+00:00,0.0,0.0,11.36,99.77,0.73,UKP_0023,2,2016
2016-08-19 23:00:00+00:00,0.0,0.0,11.45,97.87,0.51,UKP_0023,2,2016
2016-08-20 00:00:00+00:00,17.1,26.33,11.55,96.61,0.35,UKP_0023,2,2016
2016-08-20 01:00:00+00:00,140.35,205.85,12.06,97.53,0.22,UKP_0023,2,2016
2016-08-20 02:00:00+00:00,292.9,434.27,12.96,94.11,1.15,UKP_0023,2,2016
2016-08-20 03:00:00+00:00,496.05,648.75,13.82,91.74,2.26,UKP_0023,2,2016
2016-08-20 04:00:00+00:00,639.15,822.42,14.75,88.37,3.18,UKP_0023,2,2016
2016-08-20 05:00:00+00:00,777.95,945.7,15.19,87.09,4.04,UKP_0023,2,2016
2016-08-20 06:00:00+00:00,753.92,1016.33,15.23,87.66,4.92,UKP_0023,2,2016
2016-08-20 07:00:00+00:00,616.0,995.55,15.34,87.37,5.88,UKP_0023,2,2016
2016-08-20 08:00:00+00:00,571.45,912.35,15.33,87.39,6.39,UKP_0023,2,2016
2016-08-20 09:00:00+00:00,426.35,762.2,15.2,86.98,6.2,UKP_0023,2,2016
2016-08-20 10:00:00+00:00,273.92,561.88,15.01,86.66,5.54,UKP_0023,2,2016
2016-08-20 11:00:00+00:00,158.65,327.42,14.33,89.05,4.01,UKP_0023,2,2016
2016-08-20 12:00:00+00:00,53.92,110.5,13.4,95.07,2.33,UKP_0023,2,2016
2016-08-20 13:00:00+00:00,0.0,0.0,12.73,97.58,0.94,UKP_0023,2,2016
2016-08-20 14:00:00+00:00,0.0,0.0,12.25,96.73,0.45,UKP_0023,2,2016
2016-08-20 15:00:00+00:00,0.0,0.0,12.08,95.5,0.39,UKP_0023,2,2016
2016-08-20 16:00:00+00:00,0.0,0.0,11.92,94.27,0.41,UKP_0023,2,2016
2016-08-20 17:00:00+00:00,0.0,0.0,11.66,93.29,0.45,UKP_0023,2,2016
2016-08-20 18:00:00+00:00,0.0,0.0,11.33,92.25,0.51,UKP_0023,2,2016
2016-08-20 19:00:00+00:00,0.0,0.0,10.96,91.02,0.62,UKP_0023,2,2016
2016-08-20 20:00:00+00:00,0.0,0.0,10.69,88.82,0.72,UKP_0023,2,2016
2016-08-20 21:00:00+00:00,0.0,0.0,10.56,85.97,0.93,UKP_0023,2,2016
2016-08-20 22:00:00+00:00,0.0,0.0,10.69,81.77,1.1,UKP_0023,2,2016
2016-08-20 23:00:00+00:00,0.0,0.0,10.8,77.33,1.22,UKP_0023,2,2016
2016-08-21 00:00:00+00:00,24.33,28.2,11.14,74.62,1.26,UKP_0023,2,2016
2016-08-21 01:00:00+00:00,205.43,222.48,13.44,76.41,0.96,UKP_0023,2,2016
2016-08-21 02:00:00+00:00,403.42,456.35,15.75,67.89,1.22,UKP_0023,2,2016
2016-08-21 03:00:00+00:00,624.4,674.58,16.68,65.93,2.65,UKP_0023,2,2016
2016-08-21 04:00:00+00:00,795.67,850.62,17.39,67.12,3.33,UKP_0023,2,2016
2016-08-21 05:00:00+00:00,853.47,969.85,17.85,69.21,3.77,UKP_0023,2,2016
2016-08-21 06:00:00+00:00,942.78,1028.32,18.1,70.98,3.98,UKP_0023,2,2016
2016-08-21 07:00:00+00:00,892.15,1012.0,18.18,71.38,4.24,UKP_0023,2,2016
2016-08-21 08:00:00+00:00,779.38,925.97,18.06,71.67,4.36,UKP_0023,2,2016
2016-08-21 09:00:00+00:00,644.9,778.5,17.82,72.19,4.36,UKP_0023,2,2016
2016-08-21 10:00:00+00:00,402.42,579.85,17.26,74.5,4.15,UKP_0023,2,2016
2016-08-21 11:00:00+00:00,255.18,347.73,16.25,80.1,3.61,UKP_0023,2,2016
2016-08-21 12:00:00+00:00,93.72,119.25,14.82,90.24,2.54,UKP_0023,2,2016
2016-08-21 13:00:00+00:00,0.0,0.0,13.52,100.0,1.25,UKP_0023,2,2016
2016-08-21 14:00:00+00:00,0.0,0.0,13.03,100.0,0.68,UKP_0023,2,2016
2016-08-21 15:00:00+00:00,0.0,0.0,12.51,100.0,0.31,UKP_0023,2,2016
2016-08-21 16:00:00+00:00,0.0,0.0,12.07,100.0,0.14,UKP_0023,2,2016
2016-08-21 17:00:00+00:00,0.0,0.0,11.68,100.0,0.32,UKP_0023,2,2016
2016-08-21 18:00:00+00:00,0.0,0.0,11.36,97.22,0.61,UKP_0023,2,2016
2016-08-21 19:00:00+00:00,0.0,0.0,11.03,94.78,0.91,UKP_0023,2,2016
2016-08-21 20:00:00+00:00,0.0,0.0,10.8,91.22,1.13,UKP_0023,2,2016
2016-08-21 21:00:00+00:00,0.0,0.0,10.78,85.46,1.3,UKP_0023,2,2016
2016-08-21 22:00:00+00:00,0.0,0.0,10.8,80.18,1.41,UKP_0023,2,2016
2016-08-21 23:00:00+00:00,0.0,0.0,10.79,75.95,1.5,UKP_0023,2,2016
2016-08-22 00:00:00+00:00,18.05,28.38,11.1,73.25,1.5,UKP_0023,2,2016
2016-08-22 01:00:00+00:00,163.68,223.85,13.74,71.73,0.86,UKP_0023,2,2016
2016-08-22 02:00:00+00:00,340.85,456.52,16.0,64.79,1.91,UKP_0023,2,2016
2016-08-22 03:00:00+00:00,567.3,671.88,16.94,63.37,2.95,UKP_0023,2,2016
2016-08-22 04:00:00+00:00,728.38,843.83,17.57,65.39,3.48,UKP_0023,2,2016
2016-08-22 05:00:00+00:00,760.7,958.7,18.03,67.43,3.89,UKP_0023,2,2016
2016-08-22 06:00:00+00:00,845.25,1023.72,18.09,70.56,4.14,UKP_0023,2,2016
2016-08-22 07:00:00+00:00,748.25,1001.58,17.8,74.0,4.3,UKP_0023,2,2016
2016-08-22 08:00:00+00:00,636.85,913.65,17.41,76.13,4.43,UKP_0023,2,2016
2016-08-22 09:00:00+00:00,470.6,760.88,16.74,79.22,4.34,UKP_0023,2,2016
2016-08-22 10:00:00+00:00,240.1,557.35,15.97,83.44,4.07,UKP_0023,2,2016
2016-08-22 11:00:00+00:00,133.6,323.92,15.11,88.56,3.73,UKP_0023,2,2016
2016-08-22 12:00:00+00:00,44.47,102.93,14.18,95.84,3.25,UKP_0023,2,2016
2016-08-22 13:00:00+00:00,0.0,0.0,13.72,100.0,2.54,UKP_0023,2,2016
2016-08-22 14:00:00+00:00,0.0,0.0,13.88,100.0,3.14,UKP_0023,2,2016
2016-08-22 15:00:00+00:00,0.0,0.0,13.91,100.0,4.39,UKP_0023,2,2016
2016-08-22 16:00:00+00:00,0.0,0.0,13.45,100.0,5.35,UKP_0023,2,2016
2016-08-22 17:00:00+00:00,0.0,0.0,12.48,100.0,4.96,UKP_0023,2,2016
2016-08-22 18:00:00+00:00,0.0,0.0,11.64,100.0,3.34,UKP_0023,2,2016
2016-08-22 19:00:00+00:00,0.0,0.0,11.03,100.0,1.79,UKP_0023,2,2016
2016-08-22 20:00:00+00:00,0.0,0.0,10.46,100.0,0.46,UKP_0023,2,2016
2016-08-22 21:00:00+00:00,0.0,0.0,10.07,98.66,0.68,UKP_0023,2,2016
2016-08-22 22:00:00+00:00,0.0,0.0,10.14,94.11,1.03,UKP_0023,2,2016
2016-08-22 23:00:00+00:00,0.0,0.0,10.54,87.88,0.89,UKP_0023,2,2016
2016-08-23 00:00:00+00:00,18.7,23.65,10.96,84.73,0.69,UKP_0023,2,2016
2016-08-23 01:00:00+00:00,151.8,196.23,12.46,84.39,1.06,UKP_0023,2,2016
2016-08-23 02:00:00+00:00,313.12,429.85,13.89,78.79,2.31,UKP_0023,2,2016
2016-08-23 03:00:00+00:00,508.55,637.9,15.44,73.53,2.98,UKP_0023,2,2016
2016-08-23 04:00:00+00:00,600.35,823.33,16.6,70.81,3.72,UKP_0023,2,2016
2016-08-23 05:00:00+00:00,724.42,939.9,17.09,71.93,4.08,UKP_0023,2,2016
2016-08-23 06:00:00+00:00,725.08,1009.47,17.29,73.63,4.06,UKP_0023,2,2016
2016-08-23 07:00:00+00:00,657.62,992.05,17.25,75.12,3.96,UKP_0023,2,2016
2016-08-23 08:00:00+00:00,515.67,904.95,17.01,76.67,3.89,UKP_0023,2,2016
2016-08-23 09:00:00+00:00,477.75,756.83,16.55,78.85,3.67,UKP_0023,2,2016
2016-08-23 10:00:00+00:00,375.33,559.55,16.05,81.01,3.25,UKP_0023,2,2016
2016-08-23 11:00:00+00:00,217.9,329.38,15.34,84.34,2.69,UKP_0023,2,2016
2016-08-23 12:00:00+00:00,77.9,108.38,14.26,90.52,2.0,UKP_0023,2,2016
2016-08-23 13:00:00+00:00,0.0,0.0,13.08,99.78,0.99,UKP_0023,2,2016
2016-08-23 14:00:00+00:00,0.0,0.0,12.86,100.0,0.64,UKP_0023,2,2016
2016-08-23 15:00:00+00:00,0.0,0.0,12.76,100.0,0.76,UKP_0023,2,2016
2016-08-23 16:00:00+00:00,0.0,0.0,12.47,100.0,0.95,UKP_0023,2,2016
2016-08-23 17:00:00+00:00,0.0,0.0,12.14,100.0,1.14,UKP_0023,2,2016
2016-08-23 18:00:00+00:00,0.0,0.0,11.84,100.0,1.29,UKP_0023,2,2016
2016-08-23 19:00:00+00:00,0.0,0.0,11.56,100.0,1.42,UKP_0023,2,2016
2016-08-23 20:00:00+00:00,0.0,0.0,11.38,100.0,1.35,UKP_0023,2,2016
2016-08-23 21:00:00+00:00,0.0,0.0,11.39,100.0,1.42,UKP_0023,2,2016
2016-08-23 22:00:00+00:00,0.0,0.0,11.28,100.0,1.61,UKP_0023,2,2016
2016-08-23 23:00:00+00:00,0.0,0.0,11.14,100.0,1.73,UKP_0023,2,2016
2016-08-24 00:00:00+00:00,17.75,21.9,11.26,100.0,1.63,UKP_0023,2,2016
2016-08-24 01:00:00+00:00,159.52,192.27,12.46,97.43,2.04,UKP_0023,2,2016
2016-08-24 02:00:00+00:00,311.55,410.98,13.68,88.87,2.22,UKP_0023,2,2016
2016-08-24 03:00:00+00:00,534.35,633.35,15.12,81.63,2.86,UKP_0023,2,2016
2016-08-24 04:00:00+00:00,665.72,811.92,16.13,78.08,3.64,UKP_0023,2,2016
2016-08-24 05:00:00+00:00,702.97,933.92,16.76,75.91,4.33,UKP_0023,2,2016
2016-08-24 06:00:00+00:00,891.83,1026.3,16.97,75.49,4.77,UKP_0023,2,2016
2016-08-24 07:00:00+00:00,803.85,1009.17,16.93,75.81,5.11,UKP_0023,2,2016
2016-08-24 08:00:00+00:00,700.83,917.72,16.58,76.53,5.17,UKP_0023,2,2016
2016-08-24 09:00:00+00:00,560.65,764.42,16.14,77.42,4.98,UKP_0023,2,2016
2016-08-24 10:00:00+00:00,374.38,562.35,15.51,79.6,4.63,UKP_0023,2,2016
2016-08-24 11:00:00+00:00,186.82,318.38,14.67,83.51,4.05,UKP_0023,2,2016
2016-08-24 12:00:00+00:00,69.6,99.05,13.55,90.63,3.22,UKP_0023,2,2016
2016-08-24 13:00:00+00:00,0.0,0.0,12.46,99.46,2.15,UKP_0023,2,2016
2016-08-24 14:00:00+00:00,0.0,0.0,12.14,100.0,1.6,UKP_0023,2,2016
2016-08-24 15:00:00+00:00,0.0,0.0,11.9,100.0,1.14,UKP_0023,2,2016
2016-08-24 16:00:00+00:00,0.0,0.0,11.48,100.0,0.52,UKP_0023,2,2016
2016-08-24 17:00:00+00:00,0.0,0.0,10.91,100.0,0.36,UKP_0023,2,2016
2016-08-24 18:00:00+00:00,0.0,0.0,10.29,100.0,0.65,UKP_0023,2,2016
2016-08-24 19:00:00+00:00,0.0,0.0,9.78,100.0,1.0,UKP_0023,2,2016
2016-08-24 20:00:00+00:00,0.0,0.0,9.59,95.34,1.26,UKP_0023,2,2016
2016-08-24 21:00:00+00:00,0.0,0.0,9.81,88.03,1.26,UKP_0023,2,2016
2016-08-24 22:00:00+00:00,0.0,0.0,10.2,80.41,1.12,UKP_0023,2,2016
2016-08-24 23:00:00+00:00,0.0,0.0,10.59,73.76,0.92,UKP_0023,2,2016
2016-08-25 00:00:00+00:00,22.55,26.77,10.97,75.62,0.66,UKP_0023,2,2016
2016-08-25 01:00:00+00:00,211.85,224.77,12.5,80.16,0.24,UKP_0023,2,2016
2016-08-25 02:00:00+00:00,413.42,458.98,14.22,74.59,1.48,UKP_0023,2,2016
2016-08-25 03:00:00+00:00,633.75,675.17,15.51,72.53,2.59,UKP_0023,2,2016
2016-08-25 04:00:00+00:00,790.9,847.95,16.47,71.2,3.48,UKP_0023,2,2016
2016-08-25 05:00:00+00:00,866.47,963.97,17.01,71.47,4.08,UKP_0023,2,2016
2016-08-25 06:00:00+00:00,891.55,1015.78,17.23,72.14,4.45,UKP_0023,2,2016
2016-08-25 07:00:00+00:00,815.53,998.08,17.22,73.03,4.84,UKP_0023,2,2016
2016-08-25 08:00:00+00:00,805.5,907.83,16.99,74.39,5.06,UKP_0023,2,2016
2016-08-25 09:00:00+00:00,611.88,756.97,16.54,75.98,5.04,UKP_0023,2,2016
2016-08-25 10:00:00+00:00,414.15,554.5,15.84,78.88,4.79,UKP_0023,2,2016
2016-08-25 11:00:00+00:00,224.6,318.48,14.93,83.18,4.43,UKP_0023,2,2016
2016-08-25 12:00:00+00:00,68.78,95.12,13.69,91.16,3.5,UKP_0023,2,2016
2016-08-25 13:00:00+00:00,0.0,0.0,12.66,99.39,2.31,UKP_0023,2,2016
2016-08-25 14:00:00+00:00,0.0,0.0,12.41,100.0,1.79,UKP_0023,2,2016
2016-08-25 15:00:00+00:00,0.0,0.0,12.32,100.0,1.45,UKP_0023,2,2016
2016-08-25 16:00:00+00:00,0.0,0.0,12.29,99.12,1.17,UKP_0023,2,2016
2016-08-25 17:00:00+00:00,0.0,0.0,11.99,99.57,0.8,UKP_0023,2,2016
2016-08-25 18:00:00+00:00,0.0,0.0,11.67,99.31,0.61,UKP_0023,2,2016
2016-08-25 19:00:00+00:00,0.0,0.0,11.43,98.8,0.57,UKP_0023,2,2016
2016-08-25 20:00:00+00:00,0.0,0.0,11.29,98.01,0.68,UKP_0023,2,2016
2016-08-25 21:00:00+00:00,0.0,0.0,11.06,97.45,0.87,UKP_0023,2,2016
2016-08-25 22:00:00+00:00,0.0,0.0,10.82,97.22,0.87,UKP_0023,2,2016
2016-08-25 23:00:00+00:00,0.0,0.0,10.56,97.29,0.82,UKP_0023,2,2016
2016-08-26 00:00:00+00:00,16.15,26.65,10.46,96.76,0.76,UKP_0023,2,2016
2016-08-26 01:00:00+00:00,128.1,225.18,10.97,95.96,0.82,UKP_0023,2,2016
2016-08-26 02:00:00+00:00,269.67,458.77,11.91,91.35,1.45,UKP_0023,2,2016
2016-08-26 03:00:00+00:00,521.17,675.4,13.04,87.24,2.2,UKP_0023,2,2016
2016-08-26 04:00:00+00:00,623.38,844.3,13.97,84.02,2.91,UKP_0023,2,2016
2016-08-26 05:00:00+00:00,640.95,958.15,14.76,81.61,3.55,UKP_0023,2,2016
2016-08-26 06:00:00+00:00,977.12,1009.35,15.47,79.83,4.1,UKP_0023,2,2016
2016-08-26 07:00:00+00:00,891.95,987.25,15.85,79.4,4.5,UKP_0023,2,2016
2016-08-26 08:00:00+00:00,526.33,891.58,15.77,80.19,4.69,UKP_0023,2,2016
2016-08-26 09:00:00+00:00,461.08,732.95,15.42,81.26,4.48,UKP_0023,2,2016
2016-08-26 10:00:00+00:00,199.43,525.42,14.83,83.13,3.97,UKP_0023,2,2016
2016-08-26 11:00:00+00:00,80.68,283.65,14.05,86.68,3.36,UKP_0023,2,2016
2016-08-26 12:00:00+00:00,30.65,73.57,13.01,93.01,2.64,UKP_0023,2,2016
2016-08-26 13:00:00+00:00,0.0,0.0,12.13,100.0,1.83,UKP_0023,2,2016
2016-08-26 14:00:00+00:00,0.0,0.0,11.87,100.0,1.53,UKP_0023,2,2016
2016-08-26 15:00:00+00:00,0.0,0.0,11.63,100.0,1.42,UKP_0023,2,2016
2016-08-26 16:00:00+00:00,0.0,0.0,11.36,100.0,1.31,UKP_0023,2,2016
2016-08-26 17:00:00+00:00,0.0,0.0,11.05,100.0,1.26,UKP_0023,2,2016
2016-08-26 18:00:00+00:00,0.0,0.0,10.75,100.0,1.33,UKP_0023,2,2016
2016-08-26 19:00:00+00:00,0.0,0.0,10.59,100.0,1.36,UKP_0023,2,2016
2016-08-26 20:00:00+00:00,0.0,0.0,10.38,99.24,1.19,UKP_0023,2,2016
2016-08-26 21:00:00+00:00,0.0,0.0,10.19,97.89,0.75,UKP_0023,2,2016
2016-08-26 22:00:00+00:00,0.0,0.0,10.12,96.73,0.64,UKP_0023,2,2016
2016-08-26 23:00:00+00:00,0.0,0.0,9.78,97.58,0.77,UKP_0023,2,2016
2016-08-27 00:00:00+00:00,11.82,20.98,9.56,98.33,0.85,UKP_0023,2,2016
2016-08-27 01:00:00+00:00,95.43,199.75,10.4,96.36,1.11,UKP_0023,2,2016
2016-08-27 02:00:00+00:00,216.5,435.58,11.59,87.69,1.63,UKP_0023,2,2016
2016-08-27 03:00:00+00:00,347.23,654.85,12.93,81.13,2.28,UKP_0023,2,2016
2016-08-27 04:00:00+00:00,424.6,829.75,14.12,77.01,3.11,UKP_0023,2,2016
2016-08-27 05:00:00+00:00,493.33,946.28,14.97,75.83,3.81,UKP_0023,2,2016
2016-08-27 06:00:00+00:00,561.05,1000.4,15.38,76.05,4.29,UKP_0023,2,2016
2016-08-27 07:00:00+00:00,503.45,985.25,15.45,76.81,4.57,UKP_0023,2,2016
2016-08-27 08:00:00+00:00,436.52,898.38,15.32,77.36,4.73,UKP_0023,2,2016
2016-08-27 09:00:00+00:00,402.42,751.12,15.13,77.38,4.61,UKP_0023,2,2016
2016-08-27 10:00:00+00:00,240.88,554.3,14.82,78.08,4.3,UKP_0023,2,2016
2016-08-27 11:00:00+00:00,154.0,323.58,14.22,80.56,3.65,UKP_0023,2,2016
2016-08-27 12:00:00+00:00,50.1,95.5,13.29,87.44,2.56,UKP_0023,2,2016
2016-08-27 13:00:00+00:00,0.0,0.0,12.46,89.38,1.31,UKP_0023,2,2016
2016-08-27 14:00:00+00:00,0.0,0.0,11.95,91.06,0.68,UKP_0023,2,2016
2016-08-27 15:00:00+00:00,0.0,0.0,11.19,93.2,0.39,UKP_0023,2,2016
2016-08-27 16:00:00+00:00,0.0,0.0,10.71,92.77,0.62,UKP_0023,2,2016
2016-08-27 17:00:00+00:00,0.0,0.0,10.44,91.17,0.69,UKP_0023,2,2016
2016-08-27 18:00:00+00:00,0.0,0.0,10.18,89.96,0.79,UKP_0023,2,2016
2016-08-27 19:00:00+00:00,0.0,0.0,9.92,89.31,0.88,UKP_0023,2,2016
2016-08-27 20:00:00+00:00,0.0,0.0,9.67,88.09,0.98,UKP_0023,2,2016
2016-08-27 21:00:00+00:00,0.0,0.0,9.57,85.95,1.05,UKP_0023,2,2016
2016-08-27 22:00:00+00:00,0.0,0.0,9.63,83.08,1.05,UKP_0023,2,2016
2016-08-27 23:00:00+00:00,0.0,0.0,9.71,80.33,1.0,UKP_0023,2,2016
2016-08-28 00:00:00+00:00,19.35,24.17,9.87,78.67,0.91,UKP_0023,2,2016
2016-08-28 01:00:00+00:00,177.93,216.38,11.91,77.3,0.65,UKP_0023,2,2016
2016-08-28 02:00:00+00:00,360.88,448.95,13.64,72.7,1.69,UKP_0023,2,2016
2016-08-28 03:00:00+00:00,600.03,664.58,14.85,71.47,2.65,UKP_0023,2,2016
2016-08-28 04:00:00+00:00,761.35,838.4,15.69,71.35,3.41,UKP_0023,2,2016
2016-08-28 05:00:00+00:00,764.8,953.55,16.17,72.2,3.99,UKP_0023,2,2016
2016-08-28 06:00:00+00:00,814.8,1011.72,16.35,73.37,4.43,UKP_0023,2,2016
2016-08-28 07:00:00+00:00,775.3,990.75,16.3,74.57,4.64,UKP_0023,2,2016
2016-08-28 08:00:00+00:00,678.58,899.88,16.06,75.92,4.63,UKP_0023,2,2016
2016-08-28 09:00:00+00:00,529.53,752.58,15.67,77.17,4.41,UKP_0023,2,2016
2016-08-28 10:00:00+00:00,346.6,546.35,15.08,79.29,3.98,UKP_0023,2,2016
2016-08-28 11:00:00+00:00,167.93,306.2,14.15,83.92,3.3,UKP_0023,2,2016
2016-08-28 12:00:00+00:00,52.67,83.0,13.01,92.03,2.26,UKP_0023,2,2016
2016-08-28 13:00:00+00:00,0.0,0.0,12.11,99.15,1.2,UKP_0023,2,2016
2016-08-28 14:00:00+00:00,0.0,0.0,11.82,100.0,0.73,UKP_0023,2,2016
2016-08-28 15:00:00+00:00,0.0,0.0,11.47,100.0,0.33,UKP_0023,2,2016
2016-08-28 16:00:00+00:00,0.0,0.0,11.09,100.0,0.05,UKP_0023,2,2016
2016-08-28 17:00:00+00:00,0.0,0.0,10.8,100.0,0.16,UKP_0023,2,2016
2016-08-28 18:00:00+00:00,0.0,0.0,10.54,98.8,0.33,UKP_0023,2,2016
2016-08-28 19:00:00+00:00,0.0,0.0,10.3,96.77,0.47,UKP_0023,2,2016
2016-08-28 20:00:00+00:00,0.0,0.0,10.19,93.57,0.43,UKP_0023,2,2016
2016-08-28 21:00:00+00:00,0.0,0.0,10.01,91.39,0.63,UKP_0023,2,2016
2016-08-28 22:00:00+00:00,0.0,0.0,9.99,87.58,0.92,UKP_0023,2,2016
2016-08-28 23:00:00+00:00,0.0,0.0,9.85,83.92,1.13,UKP_0023,2,2016
2016-08-29 00:00:00+00:00,18.02,21.85,9.98,80.66,1.24,UKP_0023,2,2016
2016-08-29 01:00:00+00:00,156.8,206.62,12.08,78.71,0.84,UKP_0023,2,2016
2016-08-29 02:00:00+00:00,332.02,437.95,14.13,71.64,1.19,UKP_0023,2,2016
2016-08-29 03:00:00+00:00,582.38,654.12,15.23,70.6,2.89,UKP_0023,2,2016
2016-08-29 04:00:00+00:00,611.9,827.72,15.82,72.42,3.66,UKP_0023,2,2016
2016-08-29 05:00:00+00:00,669.83,943.38,16.1,74.91,4.18,UKP_0023,2,2016
2016-08-29 06:00:00+00:00,700.53,1008.58,16.11,77.04,4.68,UKP_0023,2,2016
2016-08-29 07:00:00+00:00,631.58,983.7,15.97,78.1,4.93,UKP_0023,2,2016
2016-08-29 08:00:00+00:00,442.23,890.4,15.69,79.2,4.94,UKP_0023,2,2016
2016-08-29 09:00:00+00:00,384.83,732.38,15.2,80.54,4.76,UKP_0023,2,2016
2016-08-29 10:00:00+00:00,254.2,522.55,14.55,82.55,4.34,UKP_0023,2,2016
2016-08-29 11:00:00+00:00,146.52,303.25,13.7,86.1,3.78,UKP_0023,2,2016
2016-08-29 12:00:00+00:00,38.33,83.03,12.59,92.82,2.82,UKP_0023,2,2016
2016-08-29 13:00:00+00:00,0.0,0.0,11.71,100.0,1.58,UKP_0023,2,2016
2016-08-29 14:00:00+00:00,0.0,0.0,11.6,100.0,1.04,UKP_0023,2,2016
2016-08-29 15:00:00+00:00,0.0,0.0,11.3,100.0,0.66,UKP_0023,2,2016
2016-08-29 16:00:00+00:00,0.0,0.0,10.88,100.0,0.59,UKP_0023,2,2016
2016-08-29 17:00:00+00:00,0.0,0.0,10.5,100.0,0.19,UKP_0023,2,2016
2016-08-29 18:00:00+00:00,0.0,0.0,10.14,100.0,0.23,UKP_0023,2,2016
2016-08-29 19:00:00+00:00,0.0,0.0,9.84,99.59,0.28,UKP_0023,2,2016
2016-08-29 20:00:00+00:00,0.0,0.0,9.68,98.3,0.36,UKP_0023,2,2016
2016-08-29 21:00:00+00:00,0.0,0.0,9.39,97.92,0.57,UKP_0023,2,2016
2016-08-29 22:00:00+00:00,0.0,0.0,9.11,97.25,0.79,UKP_0023,2,2016
2016-08-29 23:00:00+00:00,0.0,0.0,8.91,95.26,0.92,UKP_0023,2,2016
2016-08-30 00:00:00+00:00,10.7,21.27,9.12,92.02,0.91,UKP_0023,2,2016
2016-08-30 01:00:00+00:00,58.53,206.52,10.82,89.59,0.95,UKP_0023,2,2016
2016-08-30 02:00:00+00:00,165.82,441.52,12.31,84.46,1.9,UKP_0023,2,2016
2016-08-30 03:00:00+00:00,311.85,657.3,13.45,81.2,2.58,UKP_0023,2,2016
2016-08-30 04:00:00+00:00,354.27,830.55,14.42,78.0,3.24,UKP_0023,2,2016
2016-08-30 05:00:00+00:00,422.38,946.53,15.04,76.87,3.95,UKP_0023,2,2016
2016-08-30 06:00:00+00:00,454.55,994.03,15.43,76.84,4.62,UKP_0023,2,2016
2016-08-30 07:00:00+00:00,466.55,971.53,15.53,77.01,5.03,UKP_0023,2,2016
2016-08-30 08:00:00+00:00,426.02,880.05,15.35,77.87,5.07,UKP_0023,2,2016
2016-08-30 09:00:00+00:00,384.9,728.67,15.03,79.45,4.83,UKP_0023,2,2016
2016-08-30 10:00:00+00:00,187.2,527.8,14.56,81.62,4.53,UKP_0023,2,2016
2016-08-30 11:00:00+00:00,102.62,296.95,13.77,85.64,4.12,UKP_0023,2,2016
2016-08-30 12:00:00+00:00,27.25,75.55,12.58,93.66,3.17,UKP_0023,2,2016
2016-08-30 13:00:00+00:00,0.0,0.0,11.69,100.0,1.96,UKP_0023,2,2016
2016-08-30 14:00:00+00:00,0.0,0.0,11.56,100.0,1.74,UKP_0023,2,2016
2016-08-30 15:00:00+00:00,0.0,0.0,11.41,100.0,1.66,UKP_0023,2,2016
2016-08-30 16:00:00+00:00,0.0,0.0,11.27,100.0,1.72,UKP_0023,2,2016
2016-08-30 17:00:00+00:00,0.0,0.0,10.99,100.0,1.69,UKP_0023,2,2016
2016-08-30 18:00:00+00:00,0.0,0.0,10.56,100.0,1.19,UKP_0023,2,2016
2016-08-30 19:00:00+00:00,0.0,0.0,10.21,99.8,0.74,UKP_0023,2,2016
2016-08-30 20:00:00+00:00,0.0,0.0,9.94,99.04,0.39,UKP_0023,2,2016
2016-08-30 21:00:00+00:00,0.0,0.0,9.63,98.94,0.16,UKP_0023,2,2016
2016-08-30 22:00:00+00:00,0.0,0.0,9.4,98.66,0.28,UKP_0023,2,2016
2016-08-30 23:00:00+00:00,0.0,0.0,9.29,97.68,0.49,UKP_0023,2,2016
2016-08-31 00:00:00+00:00,13.77,19.98,9.33,96.49,0.72,UKP_0023,2,2016
2016-08-31 01:00:00+00:00,103.85,201.8,10.92,93.17,0.92,UKP_0023,2,2016
2016-08-31 02:00:00+00:00,209.02,432.15,12.54,83.69,1.86,UKP_0023,2,2016
2016-08-31 03:00:00+00:00,369.48,647.58,13.58,79.59,2.52,UKP_0023,2,2016
2016-08-31 04:00:00+00:00,551.45,820.62,14.26,78.27,3.07,UKP_0023,2,2016
2016-08-31 05:00:00+00:00,645.65,940.4,14.65,78.23,3.59,UKP_0023,2,2016
2016-08-31 06:00:00+00:00,573.28,984.95,14.8,78.82,3.99,UKP_0023,2,2016
2016-08-31 07:00:00+00:00,568.4,961.38,14.64,80.59,4.09,UKP_0023,2,2016
2016-08-31 08:00:00+00:00,436.98,869.62,14.38,82.38,3.91,UKP_0023,2,2016
2016-08-31 09:00:00+00:00,346.58,717.05,14.17,83.61,3.78,UKP_0023,2,2016
2016-08-31 10:00:00+00:00,153.77,514.6,13.76,86.14,3.67,UKP_0023,2,2016
2016-08-31 11:00:00+00:00,59.1,282.52,13.07,90.34,3.32,UKP_0023,2,2016
2016-08-31 12:00:00+00:00,19.02,65.95,12.26,96.39,2.6,UKP_0023,2,2016
2016-08-31 13:00:00+00:00,0.0,0.0,11.74,100.0,1.81,UKP_0023,2,2016
2016-08-31 14:00:00+00:00,0.0,0.0,11.69,100.0,1.66,UKP_0023,2,2016
2016-08-31 15:00:00+00:00,0.0,0.0,11.6,100.0,1.79,UKP_0023,2,2016
2016-08-31 16:00:00+00:00,0.0,0.0,11.44,100.0,1.86,UKP_0023,2,2016
2016-08-31 17:00:00+00:00,0.0,0.0,11.22,100.0,1.89,UKP_0023,2,2016
2016-08-31 18:00:00+00:00,0.0,0.0,10.94,100.0,1.8,UKP_0023,2,2016
2016-08-31 19:00:00+00:00,0.0,0.0,10.56,100.0,1.49,UKP_0023,2,2016
2016-08-31 20:00:00+00:00,0.0,0.0,10.17,100.0,1.11,UKP_0023,2,2016
2016-08-31 21:00:00+00:00,0.0,0.0,9.9,100.0,0.59,UKP_0023,2,2016
2016-08-31 22:00:00+00:00,0.0,0.0,9.74,100.0,0.2,UKP_0023,2,2016
2016-08-31 23:00:00+00:00,0.0,0.0,9.58,100.0,0.05,UKP_0023,2,2016
2016-09-01 00:00:00+00:00,17.48,19.05,9.57,100.0,0.01,UKP_0023,2,2016
2016-09-01 01:00:00+00:00,172.4,199.4,10.66,96.9,0.35,UKP_0023,2,2016
2016-09-01 02:00:00+00:00,356.35,431.7,12.21,89.91,1.75,UKP_0023,2,2016
2016-09-01 03:00:00+00:00,559.75,647.4,13.54,83.67,3.03,UKP_0023,2,2016
2016-09-01 04:00:00+00:00,585.28,819.4,14.44,79.61,3.88,UKP_0023,2,2016
2016-09-01 05:00:00+00:00,803.55,936.72,14.99,78.23,4.33,UKP_0023,2,2016
2016-09-01 06:00:00+00:00,782.3,990.8,15.36,77.48,4.7,UKP_0023,2,2016
2016-09-01 07:00:00+00:00,651.67,970.97,15.25,77.98,4.75,UKP_0023,2,2016
2016-09-01 08:00:00+00:00,544.78,882.55,14.81,79.91,4.44,UKP_0023,2,2016
2016-09-01 09:00:00+00:00,381.35,728.35,14.33,82.11,3.82,UKP_0023,2,2016
2016-09-01 10:00:00+00:00,242.9,522.5,14.01,83.58,3.25,UKP_0023,2,2016
2016-09-01 11:00:00+00:00,143.05,283.73,13.52,86.13,2.74,UKP_0023,2,2016
2016-09-01 12:00:00+00:00,36.4,65.12,12.59,92.99,1.97,UKP_0023,2,2016
2016-09-01 13:00:00+00:00,0.0,0.0,11.6,100.0,1.11,UKP_0023,2,2016
2016-09-01 14:00:00+00:00,0.0,0.0,11.12,100.0,0.67,UKP_0023,2,2016
2016-09-01 15:00:00+00:00,0.0,0.0,10.66,100.0,0.39,UKP_0023,2,2016
2016-09-01 16:00:00+00:00,0.0,0.0,10.21,100.0,0.2,UKP_0023,2,2016
2016-09-01 17:00:00+00:00,0.0,0.0,9.82,100.0,0.38,UKP_0023,2,2016
2016-09-01 18:00:00+00:00,0.0,0.0,9.41,100.0,0.43,UKP_0023,2,2016
2016-09-01 19:00:00+00:00,0.0,0.0,9.14,100.0,0.39,UKP_0023,2,2016
2016-09-01 20:00:00+00:00,0.0,0.0,8.8,100.0,0.5,UKP_0023,2,2016
2016-09-01 21:00:00+00:00,0.0,0.0,8.48,99.78,0.85,UKP_0023,2,2016
2016-09-01 22:00:00+00:00,0.0,0.0,8.58,94.43,0.88,UKP_0023,2,2016
2016-09-01 23:00:00+00:00,0.0,0.0,8.9,88.84,0.78,UKP_0023,2,2016
2016-09-02 00:00:00+00:00,13.93,19.52,9.24,86.3,0.62,UKP_0023,2,2016
2016-09-02 01:00:00+00:00,162.2,204.38,11.01,86.48,0.25,UKP_0023,2,2016
2016-09-02 02:00:00+00:00,356.27,438.83,13.24,75.88,1.2,UKP_0023,2,2016
2016-09-02 03:00:00+00:00,632.72,655.53,14.75,69.87,2.44,UKP_0023,2,2016
2016-09-02 04:00:00+00:00,764.42,828.78,15.95,68.05,3.32,UKP_0023,2,2016
2016-09-02 05:00:00+00:00,762.3,944.17,16.78,67.99,3.99,UKP_0023,2,2016
2016-09-02 06:00:00+00:00,859.12,991.05,17.25,69.28,4.48,UKP_0023,2,2016
2016-09-02 07:00:00+00:00,736.9,971.28,17.32,71.63,4.73,UKP_0023,2,2016
2016-09-02 08:00:00+00:00,609.47,849.95,17.05,74.47,4.7,UKP_0023,2,2016
2016-09-02 09:00:00+00:00,449.17,706.2,16.5,77.14,4.41,UKP_0023,2,2016
2016-09-02 10:00:00+00:00,278.75,512.22,15.8,79.6,4.07,UKP_0023,2,2016
2016-09-02 11:00:00+00:00,141.35,287.3,14.79,84.35,3.55,UKP_0023,2,2016
2016-09-02 12:00:00+00:00,39.62,69.05,13.43,92.62,2.55,UKP_0023,2,2016
2016-09-02 13:00:00+00:00,0.0,0.0,12.27,100.0,1.38,UKP_0023,2,2016
2016-09-02 14:00:00+00:00,0.0,0.0,11.91,100.0,1.0,UKP_0023,2,2016
2016-09-02 15:00:00+00:00,0.0,0.0,11.57,100.0,0.72,UKP_0023,2,2016
2016-09-02 16:00:00+00:00,0.0,0.0,11.16,100.0,0.56,UKP_0023,2,2016
2016-09-02 17:00:00+00:00,0.0,0.0,10.83,100.0,0.35,UKP_0023,2,2016
2016-09-02 18:00:00+00:00,0.0,0.0,10.56,99.45,0.11,UKP_0023,2,2016
2016-09-02 19:00:00+00:00,0.0,0.0,10.01,97.66,0.27,UKP_0023,2,2016
2016-09-02 20:00:00+00:00,0.0,0.0,9.48,95.01,0.51,UKP_0023,2,2016
2016-09-02 21:00:00+00:00,0.0,0.0,9.12,91.29,0.67,UKP_0023,2,2016
2016-09-02 22:00:00+00:00,0.0,0.0,9.02,87.07,0.6,UKP_0023,2,2016
2016-09-02 23:00:00+00:00,0.0,0.0,8.81,83.74,0.62,UKP_0023,2,2016
2016-09-03 00:00:00+00:00,17.62,22.67,8.79,79.98,0.75,UKP_0023,2,2016
2016-09-03 01:00:00+00:00,192.2,228.68,10.9,77.69,0.54,UKP_0023,2,2016
2016-09-03 02:00:00+00:00,460.4,476.83,13.61,60.71,1.14,UKP_0023,2,2016
2016-09-03 03:00:00+00:00,691.22,702.65,15.05,52.82,2.61,UKP_0023,2,2016
2016-09-03 04:00:00+00:00,834.42,883.08,15.91,52.21,3.43,UKP_0023,2,2016
2016-09-03 05:00:00+00:00,909.22,994.25,16.52,51.87,3.83,UKP_0023,2,2016
2016-09-03 06:00:00+00:00,943.33,1023.35,16.94,52.04,4.01,UKP_0023,2,2016
2016-09-03 07:00:00+00:00,844.2,1004.08,17.14,52.53,4.06,UKP_0023,2,2016
2016-09-03 08:00:00+00:00,763.9,909.1,17.02,53.98,4.05,UKP_0023,2,2016
2016-09-03 09:00:00+00:00,595.3,751.45,16.6,56.34,3.9,UKP_0023,2,2016
2016-09-03 10:00:00+00:00,375.7,543.4,15.85,60.37,3.63,UKP_0023,2,2016
2016-09-03 11:00:00+00:00,191.98,303.85,14.63,68.03,2.98,UKP_0023,2,2016
2016-09-03 12:00:00+00:00,44.95,70.7,12.79,81.04,1.7,UKP_0023,2,2016
2016-09-03 13:00:00+00:00,0.0,0.0,10.87,93.75,0.48,UKP_0023,2,2016
2016-09-03 14:00:00+00:00,0.0,0.0,10.32,97.05,0.34,UKP_0023,2,2016
2016-09-03 15:00:00+00:00,0.0,0.0,9.92,97.1,0.76,UKP_0023,2,2016
2016-09-03 16:00:00+00:00,0.0,0.0,9.43,95.96,1.06,UKP_0023,2,2016
2016-09-03 17:00:00+00:00,0.0,0.0,9.06,93.19,1.2,UKP_0023,2,2016
2016-09-03 18:00:00+00:00,0.0,0.0,8.93,88.28,1.22,UKP_0023,2,2016
2016-09-03 19:00:00+00:00,0.0,0.0,8.89,83.05,1.13,UKP_0023,2,2016
2016-09-03 20:00:00+00:00,0.0,0.0,8.79,79.59,1.08,UKP_0023,2,2016
2016-09-03 21:00:00+00:00,0.0,0.0,8.71,77.46,1.27,UKP_0023,2,2016
2016-09-03 22:00:00+00:00,0.0,0.0,8.52,77.49,1.42,UKP_0023,2,2016
2016-09-03 23:00:00+00:00,0.0,0.0,8.37,78.12,1.42,UKP_0023,2,2016
2016-09-04 00:00:00+00:00,15.18,20.8,8.43,78.55,1.34,UKP_0023,2,2016
2016-09-04 01:00:00+00:00,164.8,220.45,10.12,79.56,1.2,UKP_0023,2,2016
2016-09-04 02:00:00+00:00,352.2,464.92,12.47,68.8,1.72,UKP_0023,2,2016
2016-09-04 03:00:00+00:00,581.12,687.95,14.15,63.67,2.47,UKP_0023,2,2016
2016-09-04 04:00:00+00:00,852.1,865.33,15.35,61.35,3.13,UKP_0023,2,2016
2016-09-04 05:00:00+00:00,752.1,984.65,16.17,61.09,3.77,UKP_0023,2,2016
2016-09-04 06:00:00+00:00,688.47,1029.03,16.6,62.64,4.19,UKP_0023,2,2016
2016-09-04 07:00:00+00:00,743.95,998.42,16.66,64.87,4.37,UKP_0023,2,2016
2016-09-04 08:00:00+00:00,565.1,897.88,16.15,68.66,4.45,UKP_0023,2,2016
2016-09-04 09:00:00+00:00,472.5,739.92,15.39,72.76,4.3,UKP_0023,2,2016
2016-09-04 10:00:00+00:00,305.05,531.33,14.56,76.89,4.05,UKP_0023,2,2016
2016-09-04 11:00:00+00:00,155.45,291.27,13.44,83.07,3.59,UKP_0023,2,2016
2016-09-04 12:00:00+00:00,37.92,63.17,11.98,92.72,2.65,UKP_0023,2,2016
2016-09-04 13:00:00+00:00,0.0,0.0,11.11,100.0,1.62,UKP_0023,2,2016
2016-09-04 14:00:00+00:00,0.0,0.0,10.96,100.0,1.3,UKP_0023,2,2016
2016-09-04 15:00:00+00:00,0.0,0.0,10.74,100.0,1.29,UKP_0023,2,2016
2016-09-04 16:00:00+00:00,0.0,0.0,10.53,100.0,1.38,UKP_0023,2,2016
2016-09-04 17:00:00+00:00,0.0,0.0,10.5,100.0,1.4,UKP_0023,2,2016
2016-09-04 18:00:00+00:00,0.0,0.0,10.4,100.0,1.42,UKP_0023,2,2016
2016-09-04 19:00:00+00:00,0.0,0.0,10.21,100.0,1.35,UKP_0023,2,2016
2016-09-04 20:00:00+00:00,0.0,0.0,9.98,100.0,1.19,UKP_0023,2,2016
2016-09-04 21:00:00+00:00,0.0,0.0,9.65,100.0,1.0,UKP_0023,2,2016
2016-09-04 22:00:00+00:00,0.0,0.0,9.51,100.0,0.7,UKP_0023,2,2016
2016-09-04 23:00:00+00:00,0.0,0.0,9.41,100.0,0.29,UKP_0023,2,2016
2016-09-05 00:00:00+00:00,13.77,17.95,9.41,99.04,0.11,UKP_0023,2,2016
2016-09-05 01:00:00+00:00,185.43,200.9,10.94,92.49,0.09,UKP_0023,2,2016
2016-09-05 02:00:00+00:00,407.6,438.2,12.89,82.11,1.55,UKP_0023,2,2016
2016-09-05 03:00:00+00:00,658.28,659.12,14.53,74.37,2.68,UKP_0023,2,2016
2016-09-05 04:00:00+00:00,833.22,834.53,15.77,69.73,3.53,UKP_0023,2,2016
2016-09-05 05:00:00+00:00,921.1,948.62,16.52,68.87,4.18,UKP_0023,2,2016
2016-09-05 06:00:00+00:00,950.15,1007.2,16.77,70.08,4.59,UKP_0023,2,2016
2016-09-05 07:00:00+00:00,844.12,984.4,16.78,71.56,4.82,UKP_0023,2,2016
2016-09-05 08:00:00+00:00,764.85,889.58,16.63,72.38,4.9,UKP_0023,2,2016
2016-09-05 09:00:00+00:00,619.7,732.62,16.25,73.59,4.75,UKP_0023,2,2016
2016-09-05 10:00:00+00:00,408.83,523.45,15.52,76.17,4.45,UKP_0023,2,2016
2016-09-05 11:00:00+00:00,204.98,278.95,14.39,81.06,3.92,UKP_0023,2,2016
2016-09-05 12:00:00+00:00,40.47,56.4,12.77,90.57,2.97,UKP_0023,2,2016
2016-09-05 13:00:00+00:00,0.0,0.0,11.65,100.0,1.82,UKP_0023,2,2016
2016-09-05 14:00:00+00:00,0.0,0.0,11.41,100.0,1.71,UKP_0023,2,2016
2016-09-05 15:00:00+00:00,0.0,0.0,11.08,100.0,1.48,UKP_0023,2,2016
2016-09-05 16:00:00+00:00,0.0,0.0,10.77,100.0,1.13,UKP_0023,2,2016
2016-09-05 17:00:00+00:00,0.0,0.0,10.52,100.0,0.85,UKP_0023,2,2016
2016-09-05 18:00:00+00:00,0.0,0.0,10.19,100.0,0.32,UKP_0023,2,2016
2016-09-05 19:00:00+00:00,0.0,0.0,9.58,100.0,0.35,UKP_0023,2,2016
2016-09-05 20:00:00+00:00,0.0,0.0,9.25,99.96,0.6,UKP_0023,2,2016
2016-09-05 21:00:00+00:00,0.0,0.0,9.02,97.62,0.95,UKP_0023,2,2016
2016-09-05 22:00:00+00:00,0.0,0.0,8.82,93.66,1.29,UKP_0023,2,2016
2016-09-05 23:00:00+00:00,0.0,0.0,9.11,86.5,1.28,UKP_0023,2,2016
2016-09-06 00:00:00+00:00,15.12,19.48,9.37,81.08,1.05,UKP_0023,2,2016
2016-09-06 01:00:00+00:00,190.57,214.48,11.71,77.16,0.61,UKP_0023,2,2016
2016-09-06 02:00:00+00:00,386.88,456.77,14.31,66.24,1.66,UKP_0023,2,2016
2016-09-06 03:00:00+00:00,651.65,677.67,15.6,62.25,2.89,UKP_0023,2,2016
2016-09-06 04:00:00+00:00,806.58,855.47,16.43,61.37,3.51,UKP_0023,2,2016
2016-09-06 05:00:00+00:00,844.1,971.6,16.99,61.97,3.97,UKP_0023,2,2016
2016-09-06 06:00:00+00:00,911.45,1008.95,17.3,63.43,4.31,UKP_0023,2,2016
2016-09-06 07:00:00+00:00,843.3,984.62,17.3,65.53,4.5,UKP_0023,2,2016
2016-09-06 08:00:00+00:00,689.6,888.17,16.99,68.1,4.51,UKP_0023,2,2016
2016-09-06 09:00:00+00:00,509.23,731.2,16.38,71.07,4.31,UKP_0023,2,2016
2016-09-06 10:00:00+00:00,338.2,524.28,15.54,74.55,3.9,UKP_0023,2,2016
2016-09-06 11:00:00+00:00,177.95,286.0,14.39,80.3,3.28,UKP_0023,2,2016
2016-09-06 12:00:00+00:00,39.28,58.6,12.8,90.2,2.24,UKP_0023,2,2016
2016-09-06 13:00:00+00:00,0.0,0.0,11.64,99.48,1.12,UKP_0023,2,2016
2016-09-06 14:00:00+00:00,0.0,0.0,11.26,100.0,0.75,UKP_0023,2,2016
2016-09-06 15:00:00+00:00,0.0,0.0,10.75,100.0,0.31,UKP_0023,2,2016
2016-09-06 16:00:00+00:00,0.0,0.0,10.19,100.0,0.57,UKP_0023,2,2016
2016-09-06 17:00:00+00:00,0.0,0.0,9.85,98.01,0.71,UKP_0023,2,2016
2016-09-06 18:00:00+00:00,0.0,0.0,9.68,94.5,0.72,UKP_0023,2,2016
2016-09-06 19:00:00+00:00,0.0,0.0,9.5,90.66,0.72,UKP_0023,2,2016
2016-09-06 20:00:00+00:00,0.0,0.0,9.28,87.14,0.79,UKP_0023,2,2016
2016-09-06 21:00:00+00:00,0.0,0.0,8.88,84.42,0.83,UKP_0023,2,2016
2016-09-06 22:00:00+00:00,0.0,0.0,8.59,80.61,1.03,UKP_0023,2,2016
2016-09-06 23:00:00+00:00,0.0,0.0,8.52,75.2,1.26,UKP_0023,2,2016
2016-09-07 00:00:00+00:00,15.32,18.9,8.56,70.23,1.31,UKP_0023,2,2016
2016-09-07 01:00:00+00:00,196.5,214.12,10.67,74.15,1.08,UKP_0023,2,2016
2016-09-07 02:00:00+00:00,428.38,456.7,13.75,55.91,1.13,UKP_0023,2,2016
2016-09-07 03:00:00+00:00,675.85,677.0,15.51,46.19,2.05,UKP_0023,2,2016
2016-09-07 04:00:00+00:00,845.45,850.97,16.77,43.97,2.9,UKP_0023,2,2016
2016-09-07 05:00:00+00:00,917.67,964.58,17.59,44.34,3.72,UKP_0023,2,2016
2016-09-07 06:00:00+00:00,977.12,1013.9,17.97,46.41,4.31,UKP_0023,2,2016
2016-09-07 07:00:00+00:00,897.7,994.2,18.0,49.42,4.47,UKP_0023,2,2016
2016-09-07 08:00:00+00:00,785.65,899.38,17.77,52.73,4.42,UKP_0023,2,2016
2016-09-07 09:00:00+00:00,654.7,742.12,17.27,56.36,4.25,UKP_0023,2,2016
2016-09-07 10:00:00+00:00,442.88,534.62,16.42,60.89,3.91,UKP_0023,2,2016
2016-09-07 11:00:00+00:00,231.93,294.9,15.11,68.28,3.37,UKP_0023,2,2016
2016-09-07 12:00:00+00:00,44.75,61.15,13.11,82.39,2.07,UKP_0023,2,2016
2016-09-07 13:00:00+00:00,0.0,0.0,11.36,94.81,0.94,UKP_0023,2,2016
2016-09-07 14:00:00+00:00,0.0,0.0,10.75,99.41,0.41,UKP_0023,2,2016
2016-09-07 15:00:00+00:00,0.0,0.0,10.1,100.0,0.63,UKP_0023,2,2016
2016-09-07 16:00:00+00:00,0.0,0.0,9.71,99.09,0.74,UKP_0023,2,2016
2016-09-07 17:00:00+00:00,0.0,0.0,9.6,94.33,0.88,UKP_0023,2,2016
2016-09-07 18:00:00+00:00,0.0,0.0,9.51,88.71,0.98,UKP_0023,2,2016
2016-09-07 19:00:00+00:00,0.0,0.0,9.15,84.44,1.09,UKP_0023,2,2016
2016-09-07 20:00:00+00:00,0.0,0.0,8.89,79.85,1.24,UKP_0023,2,2016
2016-09-07 21:00:00+00:00,0.0,0.0,8.62,75.02,1.47,UKP_0023,2,2016
2016-09-07 22:00:00+00:00,0.0,0.0,8.38,70.38,1.65,UKP_0023,2,2016
2016-09-07 23:00:00+00:00,0.0,0.0,8.32,64.99,1.72,UKP_0023,2,2016
2016-09-08 00:00:00+00:00,15.1,20.23,8.5,60.01,1.71,UKP_0023,2,2016
2016-09-08 01:00:00+00:00,192.55,221.6,10.79,64.49,1.48,UKP_0023,2,2016
2016-09-08 02:00:00+00:00,409.15,466.0,14.21,49.9,0.39,UKP_0023,2,2016
2016-09-08 03:00:00+00:00,666.4,685.58,15.95,47.66,2.25,UKP_0023,2,2016
2016-09-08 04:00:00+00:00,780.28,857.3,16.96,49.14,3.25,UKP_0023,2,2016
2016-09-08 05:00:00+00:00,914.05,968.72,17.69,50.82,3.89,UKP_0023,2,2016
2016-09-08 06:00:00+00:00,875.0,999.4,18.1,53.14,4.35,UKP_0023,2,2016
2016-09-08 07:00:00+00:00,794.25,974.25,18.18,56.42,4.64,UKP_0023,2,2016
2016-09-08 08:00:00+00:00,662.58,875.4,17.9,60.26,4.76,UKP_0023,2,2016
2016-09-08 09:00:00+00:00,566.12,716.05,17.26,64.52,4.47,UKP_0023,2,2016
2016-09-08 10:00:00+00:00,378.45,507.55,16.35,69.07,3.98,UKP_0023,2,2016
2016-09-08 11:00:00+00:00,183.7,268.15,15.07,75.69,3.38,UKP_0023,2,2016
2016-09-08 12:00:00+00:00,35.55,48.8,13.35,86.8,2.25,UKP_0023,2,2016
2016-09-08 13:00:00+00:00,0.0,0.0,11.99,97.64,1.17,UKP_0023,2,2016
2016-09-08 14:00:00+00:00,0.0,0.0,11.73,100.0,0.81,UKP_0023,2,2016
2016-09-08 15:00:00+00:00,0.0,0.0,11.49,100.0,0.56,UKP_0023,2,2016
2016-09-08 16:00:00+00:00,0.0,0.0,11.22,100.0,0.3,UKP_0023,2,2016
2016-09-08 17:00:00+00:00,0.0,0.0,10.82,100.0,0.49,UKP_0023,2,2016
2016-09-08 18:00:00+00:00,0.0,0.0,10.52,100.0,0.75,UKP_0023,2,2016
2016-09-08 19:00:00+00:00,0.0,0.0,10.39,97.76,0.89,UKP_0023,2,2016
2016-09-08 20:00:00+00:00,0.0,0.0,10.29,94.63,0.96,UKP_0023,2,2016
2016-09-08 21:00:00+00:00,0.0,0.0,10.22,91.12,0.94,UKP_0023,2,2016
2016-09-08 22:00:00+00:00,0.0,0.0,10.19,87.57,1.03,UKP_0023,2,2016
2016-09-08 23:00:00+00:00,0.0,0.0,10.05,85.09,1.14,UKP_0023,2,2016
2016-09-09 00:00:00+00:00,13.1,16.95,9.92,83.15,1.24,UKP_0023,2,2016
2016-09-09 01:00:00+00:00,175.15,204.05,11.48,84.6,1.11,UKP_0023,2,2016
2016-09-09 02:00:00+00:00,397.88,444.77,14.0,73.93,0.49,UKP_0023,2,2016
2016-09-09 03:00:00+00:00,654.92,664.7,16.05,65.62,2.32,UKP_0023,2,2016
2016-09-09 04:00:00+00:00,821.45,836.88,17.3,62.43,3.22,UKP_0023,2,2016
2016-09-09 05:00:00+00:00,841.25,947.72,18.06,61.8,4.07,UKP_0023,2,2016
2016-09-09 06:00:00+00:00,879.75,990.22,18.33,63.49,4.63,UKP_0023,2,2016
2016-09-09 07:00:00+00:00,814.7,965.6,18.25,65.52,4.81,UKP_0023,2,2016
2016-09-09 08:00:00+00:00,747.45,869.45,17.94,67.23,4.89,UKP_0023,2,2016
2016-09-09 09:00:00+00:00,580.5,712.58,17.45,69.29,4.82,UKP_0023,2,2016
2016-09-09 10:00:00+00:00,381.92,504.42,16.7,72.7,4.58,UKP_0023,2,2016
2016-09-09 11:00:00+00:00,223.18,265.33,15.37,80.03,3.96,UKP_0023,2,2016
2016-09-09 12:00:00+00:00,35.6,45.03,13.85,90.53,2.86,UKP_0023,2,2016
2016-09-09 13:00:00+00:00,0.0,0.0,12.76,99.26,1.62,UKP_0023,2,2016
2016-09-09 14:00:00+00:00,0.0,0.0,12.53,100.0,1.22,UKP_0023,2,2016
2016-09-09 15:00:00+00:00,0.0,0.0,12.22,100.0,1.17,UKP_0023,2,2016
2016-09-09 16:00:00+00:00,0.0,0.0,11.92,100.0,1.08,UKP_0023,2,2016
2016-09-09 17:00:00+00:00,0.0,0.0,11.66,100.0,0.96,UKP_0023,2,2016
2016-09-09 18:00:00+00:00,0.0,0.0,11.37,100.0,0.86,UKP_0023,2,2016
2016-09-09 19:00:00+00:00,0.0,0.0,11.09,100.0,0.69,UKP_0023,2,2016
2016-09-09 20:00:00+00:00,0.0,0.0,10.85,100.0,0.48,UKP_0023,2,2016
2016-09-09 21:00:00+00:00,0.0,0.0,10.64,100.0,0.23,UKP_0023,2,2016
2016-09-09 22:00:00+00:00,0.0,0.0,10.45,100.0,0.18,UKP_0023,2,2016
2016-09-09 23:00:00+00:00,0.0,0.0,10.48,100.0,0.11,UKP_0023,2,2016
2016-09-10 00:00:00+00:00,13.15,16.4,10.61,98.18,0.18,UKP_0023,2,2016
2016-09-10 01:00:00+00:00,175.18,201.75,11.95,92.84,0.42,UKP_0023,2,2016
2016-09-10 02:00:00+00:00,379.15,440.1,13.82,83.25,1.61,UKP_0023,2,2016
2016-09-10 03:00:00+00:00,660.1,660.33,15.68,74.93,3.04,UKP_0023,2,2016
2016-09-10 04:00:00+00:00,745.05,829.7,16.92,70.35,3.88,UKP_0023,2,2016
2016-09-10 05:00:00+00:00,908.8,943.6,17.65,68.09,4.4,UKP_0023,2,2016
2016-09-10 06:00:00+00:00,845.03,984.42,17.95,68.14,4.75,UKP_0023,2,2016
2016-09-10 07:00:00+00:00,730.7,955.0,17.95,69.0,4.89,UKP_0023,2,2016
2016-09-10 08:00:00+00:00,677.53,849.67,17.73,70.12,4.85,UKP_0023,2,2016
2016-09-10 09:00:00+00:00,502.5,675.97,17.36,70.72,4.6,UKP_0023,2,2016
2016-09-10 10:00:00+00:00,338.42,454.05,16.55,73.89,4.15,UKP_0023,2,2016
2016-09-10 11:00:00+00:00,161.8,202.9,15.41,79.53,3.54,UKP_0023,2,2016
2016-09-10 12:00:00+00:00,23.12,31.35,13.76,89.9,2.58,UKP_0023,2,2016
2016-09-10 13:00:00+00:00,0.0,0.0,12.52,99.59,1.63,UKP_0023,2,2016
2016-09-10 14:00:00+00:00,0.0,0.0,12.19,100.0,1.3,UKP_0023,2,2016
2016-09-10 15:00:00+00:00,0.0,0.0,11.86,100.0,1.22,UKP_0023,2,2016
2016-09-10 16:00:00+00:00,0.0,0.0,11.5,100.0,1.18,UKP_0023,2,2016
2016-09-10 17:00:00+00:00,0.0,0.0,11.15,100.0,1.06,UKP_0023,2,2016
2016-09-10 18:00:00+00:00,0.0,0.0,10.84,100.0,0.9,UKP_0023,2,2016
2016-09-10 19:00:00+00:00,0.0,0.0,10.38,100.0,0.65,UKP_0023,2,2016
2016-09-10 20:00:00+00:00,0.0,0.0,9.8,100.0,0.59,UKP_0023,2,2016
2016-09-10 21:00:00+00:00,0.0,0.0,9.56,100.0,0.56,UKP_0023,2,2016
2016-09-10 22:00:00+00:00,0.0,0.0,9.47,96.77,0.61,UKP_0023,2,2016
2016-09-10 23:00:00+00:00,0.0,0.0,9.51,92.24,0.61,UKP_0023,2,2016
2016-09-11 00:00:00+00:00,9.1,15.4,9.47,90.37,0.75,UKP_0023,2,2016
2016-09-11 01:00:00+00:00,63.1,201.98,10.94,86.71,0.78,UKP_0023,2,2016
2016-09-11 02:00:00+00:00,139.88,445.27,13.29,70.61,0.82,UKP_0023,2,2016
2016-09-11 03:00:00+00:00,322.9,668.2,15.11,62.26,2.59,UKP_0023,2,2016
2016-09-11 04:00:00+00:00,213.8,844.58,16.54,58.06,3.56,UKP_0023,2,2016
2016-09-11 05:00:00+00:00,384.88,961.88,17.32,57.22,4.3,UKP_0023,2,2016
2016-09-11 06:00:00+00:00,431.85,1002.12,17.65,58.15,4.56,UKP_0023,2,2016
2016-09-11 07:00:00+00:00,479.1,975.05,17.75,58.94,4.59,UKP_0023,2,2016
2016-09-11 08:00:00+00:00,553.12,874.17,17.59,60.75,4.58,UKP_0023,2,2016
2016-09-11 09:00:00+00:00,388.45,706.88,16.97,64.34,4.4,UKP_0023,2,2016
2016-09-11 10:00:00+00:00,254.3,491.65,16.02,69.37,4.02,UKP_0023,2,2016
2016-09-11 11:00:00+00:00,129.02,250.82,14.7,77.11,3.4,UKP_0023,2,2016
2016-09-11 12:00:00+00:00,24.65,37.75,12.94,89.38,2.34,UKP_0023,2,2016
2016-09-11 13:00:00+00:00,0.0,0.0,11.92,98.79,1.41,UKP_0023,2,2016
2016-09-11 14:00:00+00:00,0.0,0.0,11.61,100.0,1.2,UKP_0023,2,2016
2016-09-11 15:00:00+00:00,0.0,0.0,11.3,100.0,0.97,UKP_0023,2,2016
2016-09-11 16:00:00+00:00,0.0,0.0,10.95,100.0,0.83,UKP_0023,2,2016
2016-09-11 17:00:00+00:00,0.0,0.0,10.62,100.0,0.71,UKP_0023,2,2016
2016-09-11 18:00:00+00:00,0.0,0.0,10.39,100.0,0.62,UKP_0023,2,2016
2016-09-11 19:00:00+00:00,0.0,0.0,10.13,100.0,0.5,UKP_0023,2,2016
2016-09-11 20:00:00+00:00,0.0,0.0,9.88,100.0,0.45,UKP_0023,2,2016
2016-09-11 21:00:00+00:00,0.0,0.0,9.65,100.0,0.22,UKP_0023,2,2016
2016-09-11 22:00:00+00:00,0.0,0.0,9.44,99.27,0.21,UKP_0023,2,2016
2016-09-11 23:00:00+00:00,0.0,0.0,9.28,97.13,0.4,UKP_0023,2,2016
2016-09-12 00:00:00+00:00,11.2,13.85,9.31,93.56,0.49,UKP_0023,2,2016
2016-09-12 01:00:00+00:00,145.88,188.65,10.85,89.83,0.23,UKP_0023,2,2016
2016-09-12 02:00:00+00:00,322.15,426.95,12.85,79.16,1.49,UKP_0023,2,2016
2016-09-12 03:00:00+00:00,616.33,646.2,14.45,70.57,2.48,UKP_0023,2,2016
2016-09-12 04:00:00+00:00,592.33,819.55,15.89,63.67,3.37,UKP_0023,2,2016
2016-09-12 05:00:00+00:00,665.35,932.05,16.64,62.22,4.06,UKP_0023,2,2016
2016-09-12 06:00:00+00:00,772.83,989.5,16.96,62.73,4.34,UKP_0023,2,2016
2016-09-12 07:00:00+00:00,693.88,961.47,17.05,63.58,4.28,UKP_0023,2,2016
2016-09-12 08:00:00+00:00,668.62,860.67,16.97,64.26,4.07,UKP_0023,2,2016
2016-09-12 09:00:00+00:00,479.85,695.95,16.66,65.44,3.97,UKP_0023,2,2016
2016-09-12 10:00:00+00:00,304.42,478.4,15.94,68.74,3.74,UKP_0023,2,2016
2016-09-12 11:00:00+00:00,166.6,237.4,14.7,75.72,3.12,UKP_0023,2,2016
2016-09-12 12:00:00+00:00,22.65,33.42,12.83,89.81,1.85,UKP_0023,2,2016
2016-09-12 13:00:00+00:00,0.0,0.0,11.35,99.98,0.96,UKP_0023,2,2016
2016-09-12 14:00:00+00:00,0.0,0.0,10.88,100.0,0.62,UKP_0023,2,2016
2016-09-12 15:00:00+00:00,0.0,0.0,10.21,100.0,0.49,UKP_0023,2,2016
2016-09-12 16:00:00+00:00,0.0,0.0,9.64,100.0,0.53,UKP_0023,2,2016
2016-09-12 17:00:00+00:00,0.0,0.0,9.25,98.7,0.53,UKP_0023,2,2016
2016-09-12 18:00:00+00:00,0.0,0.0,8.96,95.4,0.56,UKP_0023,2,2016
2016-09-12 19:00:00+00:00,0.0,0.0,8.79,92.43,0.61,UKP_0023,2,2016
2016-09-12 20:00:00+00:00,0.0,0.0,8.62,89.98,0.67,UKP_0023,2,2016
2016-09-12 21:00:00+00:00,0.0,0.0,8.54,86.15,0.64,UKP_0023,2,2016
2016-09-12 22:00:00+00:00,0.0,0.0,8.42,82.11,0.59,UKP_0023,2,2016
2016-09-12 23:00:00+00:00,0.0,0.0,8.1,80.02,0.61,UKP_0023,2,2016
2016-09-13 00:00:00+00:00,6.3,13.62,7.83,79.02,0.76,UKP_0023,2,2016
2016-09-13 01:00:00+00:00,84.82,190.45,9.5,81.4,0.68,UKP_0023,2,2016
2016-09-13 02:00:00+00:00,233.55,433.33,11.97,72.68,0.93,UKP_0023,2,2016
2016-09-13 03:00:00+00:00,403.12,652.4,13.19,67.57,2.06,UKP_0023,2,2016
2016-09-13 04:00:00+00:00,554.65,827.33,14.4,63.09,2.62,UKP_0023,2,2016
2016-09-13 05:00:00+00:00,572.8,945.08,15.28,60.95,3.27,UKP_0023,2,2016
2016-09-13 06:00:00+00:00,708.58,987.0,15.85,60.46,3.69,UKP_0023,2,2016
2016-09-13 07:00:00+00:00,686.33,963.45,16.08,61.31,3.86,UKP_0023,2,2016
2016-09-13 08:00:00+00:00,487.92,857.7,16.03,62.5,3.81,UKP_0023,2,2016
2016-09-13 09:00:00+00:00,482.35,689.72,15.74,64.01,3.52,UKP_0023,2,2016
2016-09-13 10:00:00+00:00,307.25,472.25,15.2,66.11,3.17,UKP_0023,2,2016
2016-09-13 11:00:00+00:00,157.75,233.73,14.1,71.4,2.72,UKP_0023,2,2016
2016-09-13 12:00:00+00:00,23.6,32.33,12.18,84.42,1.7,UKP_0023,2,2016
2016-09-13 13:00:00+00:00,0.0,0.0,10.92,93.79,0.88,UKP_0023,2,2016
2016-09-13 14:00:00+00:00,0.0,0.0,10.44,96.91,0.36,UKP_0023,2,2016
2016-09-13 15:00:00+00:00,0.0,0.0,9.88,99.5,0.1,UKP_0023,2,2016
2016-09-13 16:00:00+00:00,0.0,0.0,9.51,100.0,0.09,UKP_0023,2,2016
2016-09-13 17:00:00+00:00,0.0,0.0,9.32,99.85,0.19,UKP_0023,2,2016
2016-09-13 18:00:00+00:00,0.0,0.0,9.1,98.83,0.33,UKP_0023,2,2016
2016-09-13 19:00:00+00:00,0.0,0.0,8.87,97.71,0.57,UKP_0023,2,2016
2016-09-13 20:00:00+00:00,0.0,0.0,8.71,95.65,0.84,UKP_0023,2,2016
2016-09-13 21:00:00+00:00,0.0,0.0,8.69,93.06,1.07,UKP_0023,2,2016
2016-09-13 22:00:00+00:00,0.0,0.0,8.79,88.86,1.2,UKP_0023,2,2016
2016-09-13 23:00:00+00:00,0.0,0.0,8.91,84.24,1.23,UKP_0023,2,2016
2016-09-14 00:00:00+00:00,9.73,12.48,8.94,81.18,1.27,UKP_0023,2,2016
2016-09-14 01:00:00+00:00,164.98,179.95,10.35,81.24,1.13,UKP_0023,2,2016
2016-09-14 02:00:00+00:00,376.58,423.85,12.45,71.27,0.58,UKP_0023,2,2016
2016-09-14 03:00:00+00:00,628.12,646.3,13.97,66.52,1.95,UKP_0023,2,2016
2016-09-14 04:00:00+00:00,790.53,819.78,15.19,64.73,3.01,UKP_0023,2,2016
2016-09-14 05:00:00+00:00,906.0,931.78,15.85,64.95,3.57,UKP_0023,2,2016
2016-09-14 06:00:00+00:00,898.22,976.58,16.18,65.87,3.71,UKP_0023,2,2016
2016-09-14 07:00:00+00:00,822.05,952.22,16.28,66.84,3.52,UKP_0023,2,2016
2016-09-14 08:00:00+00:00,706.55,852.83,16.23,67.55,3.25,UKP_0023,2,2016
2016-09-14 09:00:00+00:00,556.72,689.65,16.03,68.06,3.01,UKP_0023,2,2016
2016-09-14 10:00:00+00:00,357.17,477.35,15.54,70.02,2.64,UKP_0023,2,2016
2016-09-14 11:00:00+00:00,191.57,237.55,14.5,75.74,2.16,UKP_0023,2,2016
2016-09-14 12:00:00+00:00,25.8,32.05,13.03,85.57,1.35,UKP_0023,2,2016
2016-09-14 13:00:00+00:00,0.0,0.0,11.83,94.94,0.71,UKP_0023,2,2016
2016-09-14 14:00:00+00:00,0.0,0.0,11.38,97.69,0.64,UKP_0023,2,2016
2016-09-14 15:00:00+00:00,0.0,0.0,10.91,100.0,0.69,UKP_0023,2,2016
2016-09-14 16:00:00+00:00,0.0,0.0,10.48,100.0,0.8,UKP_0023,2,2016
2016-09-14 17:00:00+00:00,0.0,0.0,9.95,100.0,0.83,UKP_0023,2,2016
2016-09-14 18:00:00+00:00,0.0,0.0,9.19,99.63,0.91,UKP_0023,2,2016
2016-09-14 19:00:00+00:00,0.0,0.0,8.76,96.23,0.86,UKP_0023,2,2016
2016-09-14 20:00:00+00:00,0.0,0.0,8.62,91.73,0.86,UKP_0023,2,2016
2016-09-14 21:00:00+00:00,0.0,0.0,8.78,84.9,0.81,UKP_0023,2,2016
2016-09-14 22:00:00+00:00,0.0,0.0,9.13,79.64,0.5,UKP_0023,2,2016
2016-09-14 23:00:00+00:00,0.0,0.0,9.67,75.6,0.28,UKP_0023,2,2016
2016-09-15 00:00:00+00:00,10.27,12.5,9.76,75.36,0.19,UKP_0023,2,2016
2016-09-15 01:00:00+00:00,156.5,186.57,11.02,78.31,0.35,UKP_0023,2,2016
2016-09-15 02:00:00+00:00,343.33,424.58,13.17,71.32,1.72,UKP_0023,2,2016
2016-09-15 03:00:00+00:00,632.25,641.95,14.68,65.35,2.75,UKP_0023,2,2016
2016-09-15 04:00:00+00:00,766.62,813.17,15.84,62.34,3.49,UKP_0023,2,2016
2016-09-15 05:00:00+00:00,667.3,923.95,16.49,61.51,4.04,UKP_0023,2,2016
2016-09-15 06:00:00+00:00,791.15,963.92,16.71,61.92,4.32,UKP_0023,2,2016
2016-09-15 07:00:00+00:00,708.97,938.25,16.66,63.07,4.37,UKP_0023,2,2016
2016-09-15 08:00:00+00:00,522.3,836.0,16.36,64.47,4.18,UKP_0023,2,2016
2016-09-15 09:00:00+00:00,402.08,671.7,15.84,66.17,3.77,UKP_0023,2,2016
2016-09-15 10:00:00+00:00,261.33,459.15,15.2,68.14,3.26,UKP_0023,2,2016
2016-09-15 11:00:00+00:00,136.88,224.95,14.12,72.99,2.7,UKP_0023,2,2016
2016-09-15 12:00:00+00:00,19.73,28.05,12.32,84.75,1.7,UKP_0023,2,2016
2016-09-15 13:00:00+00:00,0.0,0.0,11.11,93.52,0.91,UKP_0023,2,2016
2016-09-15 14:00:00+00:00,0.0,0.0,10.4,96.79,0.35,UKP_0023,2,2016
2016-09-15 15:00:00+00:00,0.0,0.0,9.43,99.59,0.63,UKP_0023,2,2016
2016-09-15 16:00:00+00:00,0.0,0.0,9.01,96.94,0.76,UKP_0023,2,2016
2016-09-15 17:00:00+00:00,0.0,0.0,9.02,90.97,0.7,UKP_0023,2,2016
2016-09-15 18:00:00+00:00,0.0,0.0,8.98,85.97,0.68,UKP_0023,2,2016
2016-09-15 19:00:00+00:00,0.0,0.0,8.87,81.98,0.69,UKP_0023,2,2016
2016-09-15 20:00:00+00:00,0.0,0.0,8.69,78.59,0.81,UKP_0023,2,2016
2016-09-15 21:00:00+00:00,0.0,0.0,8.48,75.37,0.89,UKP_0023,2,2016
2016-09-15 22:00:00+00:00,0.0,0.0,8.12,73.0,0.99,UKP_0023,2,2016
2016-09-15 23:00:00+00:00,0.0,0.0,7.96,69.43,1.11,UKP_0023,2,2016
2016-09-16 00:00:00+00:00,9.38,12.02,7.75,66.76,1.22,UKP_0023,2,2016
2016-09-16 01:00:00+00:00,164.82,185.95,9.5,73.35,1.0,UKP_0023,2,2016
2016-09-16 02:00:00+00:00,379.27,426.75,12.7,58.43,0.36,UKP_0023,2,2016
2016-09-16 03:00:00+00:00,643.8,647.88,14.78,50.86,1.96,UKP_0023,2,2016
2016-09-16 04:00:00+00:00,786.5,822.42,16.13,44.87,3.07,UKP_0023,2,2016
2016-09-16 05:00:00+00:00,801.12,935.38,16.96,43.65,3.68,UKP_0023,2,2016
2016-09-16 06:00:00+00:00,905.28,987.4,17.53,43.07,4.03,UKP_0023,2,2016
2016-09-16 07:00:00+00:00,825.75,963.17,17.81,43.32,4.21,UKP_0023,2,2016
2016-09-16 08:00:00+00:00,716.58,860.6,17.74,44.35,4.24,UKP_0023,2,2016
2016-09-16 09:00:00+00:00,567.17,694.55,17.27,46.38,4.0,UKP_0023,2,2016
2016-09-16 10:00:00+00:00,366.05,478.77,16.45,49.62,3.74,UKP_0023,2,2016
2016-09-16 11:00:00+00:00,183.27,237.2,15.06,57.1,3.18,UKP_0023,2,2016
2016-09-16 12:00:00+00:00,20.48,29.25,12.55,73.73,1.88,UKP_0023,2,2016
2016-09-16 13:00:00+00:00,0.0,0.0,10.82,84.84,0.9,UKP_0023,2,2016
2016-09-16 14:00:00+00:00,0.0,0.0,10.14,89.64,0.11,UKP_0023,2,2016
2016-09-16 15:00:00+00:00,0.0,0.0,9.35,91.82,0.62,UKP_0023,2,2016
2016-09-16 16:00:00+00:00,0.0,0.0,8.93,89.6,0.8,UKP_0023,2,2016
2016-09-16 17:00:00+00:00,0.0,0.0,8.66,85.39,0.91,UKP_0023,2,2016
2016-09-16 18:00:00+00:00,0.0,0.0,8.3,80.05,1.11,UKP_0023,2,2016
2016-09-16 19:00:00+00:00,0.0,0.0,7.82,74.69,1.32,UKP_0023,2,2016
2016-09-16 20:00:00+00:00,0.0,0.0,7.46,68.53,1.51,UKP_0023,2,2016
2016-09-16 21:00:00+00:00,0.0,0.0,7.27,61.42,1.65,UKP_0023,2,2016
2016-09-16 22:00:00+00:00,0.0,0.0,7.08,56.01,1.74,UKP_0023,2,2016
2016-09-16 23:00:00+00:00,0.0,0.0,6.95,50.93,1.8,UKP_0023,2,2016
2016-09-17 00:00:00+00:00,9.15,11.4,6.96,46.45,1.8,UKP_0023,2,2016
2016-09-17 01:00:00+00:00,155.73,178.82,8.79,56.93,1.6,UKP_0023,2,2016
2016-09-17 02:00:00+00:00,371.2,416.75,12.34,40.67,1.17,UKP_0023,2,2016
2016-09-17 03:00:00+00:00,636.53,638.65,14.26,42.71,2.37,UKP_0023,2,2016
2016-09-17 04:00:00+00:00,764.17,817.1,15.61,42.37,3.25,UKP_0023,2,2016
2016-09-17 05:00:00+00:00,926.25,932.33,16.62,42.25,4.02,UKP_0023,2,2016
2016-09-17 06:00:00+00:00,930.12,981.53,17.13,43.9,4.46,UKP_0023,2,2016
2016-09-17 07:00:00+00:00,870.08,952.05,17.28,46.33,4.61,UKP_0023,2,2016
2016-09-17 08:00:00+00:00,725.4,841.67,17.14,48.92,4.51,UKP_0023,2,2016
2016-09-17 09:00:00+00:00,562.45,665.38,16.73,51.63,4.27,UKP_0023,2,2016
2016-09-17 10:00:00+00:00,347.9,434.23,15.91,55.86,3.96,UKP_0023,2,2016
2016-09-17 11:00:00+00:00,165.4,183.07,14.51,63.95,3.36,UKP_0023,2,2016
2016-09-17 12:00:00+00:00,18.33,20.73,12.07,79.6,2.01,UKP_0023,2,2016
2016-09-17 13:00:00+00:00,0.0,0.0,10.6,91.72,1.1,UKP_0023,2,2016
2016-09-17 14:00:00+00:00,0.0,0.0,10.44,93.31,0.59,UKP_0023,2,2016
2016-09-17 15:00:00+00:00,0.0,0.0,10.01,96.21,0.51,UKP_0023,2,2016
2016-09-17 16:00:00+00:00,0.0,0.0,9.61,97.95,0.57,UKP_0023,2,2016
2016-09-17 17:00:00+00:00,0.0,0.0,9.1,99.27,0.62,UKP_0023,2,2016
2016-09-17 18:00:00+00:00,0.0,0.0,8.78,98.97,0.84,UKP_0023,2,2016
2016-09-17 19:00:00+00:00,0.0,0.0,8.59,98.53,0.97,UKP_0023,2,2016
2016-09-17 20:00:00+00:00,0.0,0.0,8.26,99.08,1.04,UKP_0023,2,2016
2016-09-17 21:00:00+00:00,0.0,0.0,8.01,99.28,0.96,UKP_0023,2,2016
2016-09-17 22:00:00+00:00,0.0,0.0,7.73,98.84,0.81,UKP_0023,2,2016
2016-09-17 23:00:00+00:00,0.0,0.0,7.57,96.74,0.86,UKP_0023,2,2016
2016-09-18 00:00:00+00:00,8.98,9.73,7.45,93.48,1.08,UKP_0023,2,2016
2016-09-18 01:00:00+00:00,153.8,162.05,9.22,85.72,1.1,UKP_0023,2,2016
2016-09-18 02:00:00+00:00,363.48,395.2,12.28,65.43,0.83,UKP_0023,2,2016
2016-09-18 03:00:00+00:00,600.33,620.88,14.64,51.83,2.05,UKP_0023,2,2016
2016-09-18 04:00:00+00:00,775.12,799.05,16.11,47.47,3.2,UKP_0023,2,2016
2016-09-18 05:00:00+00:00,856.62,913.6,17.09,46.37,3.98,UKP_0023,2,2016
2016-09-18 06:00:00+00:00,922.15,982.03,17.58,47.65,4.43,UKP_0023,2,2016
2016-09-18 07:00:00+00:00,864.65,943.95,17.65,50.27,4.62,UKP_0023,2,2016
2016-09-18 08:00:00+00:00,679.88,793.7,17.37,53.64,4.59,UKP_0023,2,2016
2016-09-18 09:00:00+00:00,510.65,632.3,16.77,57.56,4.45,UKP_0023,2,2016
2016-09-18 10:00:00+00:00,307.33,418.23,15.8,62.7,4.17,UKP_0023,2,2016
2016-09-18 11:00:00+00:00,144.93,191.3,14.36,70.3,3.6,UKP_0023,2,2016
2016-09-18 12:00:00+00:00,14.77,19.88,12.35,82.97,2.43,UKP_0023,2,2016
2016-09-18 13:00:00+00:00,0.0,0.0,10.97,93.92,1.49,UKP_0023,2,2016
2016-09-18 14:00:00+00:00,0.0,0.0,10.72,97.36,1.01,UKP_0023,2,2016
2016-09-18 15:00:00+00:00,0.0,0.0,10.4,100.0,0.65,UKP_0023,2,2016
2016-09-18 16:00:00+00:00,0.0,0.0,10.12,100.0,0.49,UKP_0023,2,2016
2016-09-18 17:00:00+00:00,0.0,0.0,9.82,100.0,0.42,UKP_0023,2,2016
2016-09-18 18:00:00+00:00,0.0,0.0,9.59,100.0,0.54,UKP_0023,2,2016
2016-09-18 19:00:00+00:00,0.0,0.0,9.35,100.0,0.88,UKP_0023,2,2016
2016-09-18 20:00:00+00:00,0.0,0.0,9.1,98.07,1.23,UKP_0023,2,2016
2016-09-18 21:00:00+00:00,0.0,0.0,8.96,93.22,1.26,UKP_0023,2,2016
2016-09-18 22:00:00+00:00,0.0,0.0,8.75,89.53,1.26,UKP_0023,2,2016
2016-09-18 23:00:00+00:00,0.0,0.0,8.84,84.71,1.27,UKP_0023,2,2016
2016-09-19 00:00:00+00:00,7.95,10.05,8.88,81.21,1.23,UKP_0023,2,2016
2016-09-19 01:00:00+00:00,153.5,171.1,10.33,80.27,0.98,UKP_0023,2,2016
2016-09-19 02:00:00+00:00,355.3,408.35,12.82,72.55,0.27,UKP_0023,2,2016
2016-09-19 03:00:00+00:00,608.33,630.15,15.14,64.1,1.61,UKP_0023,2,2016
2016-09-19 04:00:00+00:00,776.88,805.38,16.63,59.27,2.82,UKP_0023,2,2016
2016-09-19 05:00:00+00:00,884.62,911.72,17.47,57.75,3.85,UKP_0023,2,2016
2016-09-19 06:00:00+00:00,922.47,961.88,17.85,58.16,4.47,UKP_0023,2,2016
2016-09-19 07:00:00+00:00,800.4,936.03,17.83,60.04,4.75,UKP_0023,2,2016
2016-09-19 08:00:00+00:00,738.15,831.45,17.43,62.75,4.81,UKP_0023,2,2016
2016-09-19 09:00:00+00:00,552.62,662.97,16.95,65.28,4.78,UKP_0023,2,2016
2016-09-19 10:00:00+00:00,346.5,443.12,16.08,69.41,4.6,UKP_0023,2,2016
2016-09-19 11:00:00+00:00,175.38,203.35,14.62,77.24,4.11,UKP_0023,2,2016
2016-09-19 12:00:00+00:00,16.65,20.45,12.92,88.83,3.08,UKP_0023,2,2016
2016-09-19 13:00:00+00:00,0.0,0.0,11.93,96.6,1.96,UKP_0023,2,2016
2016-09-19 14:00:00+00:00,0.0,0.0,11.39,100.0,1.29,UKP_0023,2,2016
2016-09-19 15:00:00+00:00,0.0,0.0,11.03,100.0,0.97,UKP_0023,2,2016
2016-09-19 16:00:00+00:00,0.0,0.0,10.62,100.0,0.81,UKP_0023,2,2016
2016-09-19 17:00:00+00:00,0.0,0.0,10.32,100.0,0.53,UKP_0023,2,2016
2016-09-19 18:00:00+00:00,0.0,0.0,10.27,100.0,0.31,UKP_0023,2,2016
2016-09-19 19:00:00+00:00,0.0,0.0,10.17,100.0,0.22,UKP_0023,2,2016
2016-09-19 20:00:00+00:00,0.0,0.0,10.14,100.0,0.15,UKP_0023,2,2016
2016-09-19 21:00:00+00:00,0.0,0.0,9.96,100.0,0.1,UKP_0023,2,2016
2016-09-19 22:00:00+00:00,0.0,0.0,9.84,99.06,0.05,UKP_0023,2,2016
2016-09-19 23:00:00+00:00,0.0,0.0,9.64,98.29,0.26,UKP_0023,2,2016
2016-09-20 00:00:00+00:00,7.38,9.65,9.38,97.23,0.57,UKP_0023,2,2016
2016-09-20 01:00:00+00:00,136.02,169.15,10.67,92.41,0.58,UKP_0023,2,2016
2016-09-20 02:00:00+00:00,317.73,403.42,12.67,82.3,0.77,UKP_0023,2,2016
2016-09-20 03:00:00+00:00,622.67,623.8,14.62,72.57,2.39,UKP_0023,2,2016
2016-09-20 04:00:00+00:00,781.17,792.42,16.39,63.6,3.53,UKP_0023,2,2016
2016-09-20 05:00:00+00:00,723.2,904.65,17.41,60.51,4.31,UKP_0023,2,2016
2016-09-20 06:00:00+00:00,754.5,953.55,17.82,60.21,4.75,UKP_0023,2,2016
2016-09-20 07:00:00+00:00,726.72,922.65,17.63,61.9,5.0,UKP_0023,2,2016
2016-09-20 08:00:00+00:00,539.88,818.42,16.98,64.98,5.02,UKP_0023,2,2016
2016-09-20 09:00:00+00:00,413.1,650.38,16.25,68.16,4.77,UKP_0023,2,2016
2016-09-20 10:00:00+00:00,250.02,427.67,15.37,71.21,4.42,UKP_0023,2,2016
2016-09-20 11:00:00+00:00,120.8,188.95,14.12,76.92,3.79,UKP_0023,2,2016
2016-09-20 12:00:00+00:00,13.2,17.35,12.58,87.43,2.52,UKP_0023,2,2016
2016-09-20 13:00:00+00:00,0.0,0.0,11.5,96.53,1.8,UKP_0023,2,2016
2016-09-20 14:00:00+00:00,0.0,0.0,11.3,99.6,1.42,UKP_0023,2,2016
2016-09-20 15:00:00+00:00,0.0,0.0,11.08,100.0,1.32,UKP_0023,2,2016
2016-09-20 16:00:00+00:00,0.0,0.0,10.75,100.0,1.26,UKP_0023,2,2016
2016-09-20 17:00:00+00:00,0.0,0.0,10.47,100.0,1.29,UKP_0023,2,2016
2016-09-20 18:00:00+00:00,0.0,0.0,10.29,100.0,1.19,UKP_0023,2,2016
2016-09-20 19:00:00+00:00,0.0,0.0,10.16,100.0,1.15,UKP_0023,2,2016
2016-09-20 20:00:00+00:00,0.0,0.0,10.01,100.0,1.16,UKP_0023,2,2016
2016-09-20 21:00:00+00:00,0.0,0.0,9.87,100.0,1.27,UKP_0023,2,2016
2016-09-20 22:00:00+00:00,0.0,0.0,9.69,100.0,1.4,UKP_0023,2,2016
2016-09-20 23:00:00+00:00,0.0,0.0,9.47,100.0,1.55,UKP_0023,2,2016
2016-09-21 00:00:00+00:00,7.12,8.6,9.38,100.0,1.63,UKP_0023,2,2016
2016-09-21 01:00:00+00:00,130.68,158.05,10.49,99.79,2.33,UKP_0023,2,2016
2016-09-21 02:00:00+00:00,309.6,389.65,11.69,92.79,3.85,UKP_0023,2,2016
2016-09-21 03:00:00+00:00,592.08,608.22,12.89,84.14,4.76,UKP_0023,2,2016
2016-09-21 04:00:00+00:00,761.33,780.55,13.89,77.31,5.1,UKP_0023,2,2016
2016-09-21 05:00:00+00:00,819.92,892.05,14.59,72.88,5.38,UKP_0023,2,2016
2016-09-21 06:00:00+00:00,748.03,948.62,15.06,70.1,5.47,UKP_0023,2,2016
2016-09-21 07:00:00+00:00,650.53,908.65,15.45,67.57,5.17,UKP_0023,2,2016
2016-09-21 08:00:00+00:00,561.75,797.22,15.58,66.59,4.93,UKP_0023,2,2016
2016-09-21 09:00:00+00:00,384.38,620.0,15.31,67.79,4.57,UKP_0023,2,2016
2016-09-21 10:00:00+00:00,241.57,393.6,14.63,71.28,4.07,UKP_0023,2,2016
2016-09-21 11:00:00+00:00,100.75,157.45,13.49,78.05,3.43,UKP_0023,2,2016
2016-09-21 12:00:00+00:00,8.9,13.82,11.65,92.72,2.07,UKP_0023,2,2016
2016-09-21 13:00:00+00:00,0.0,0.0,11.03,100.0,1.41,UKP_0023,2,2016
2016-09-21 14:00:00+00:00,0.0,0.0,10.85,100.0,1.3,UKP_0023,2,2016
2016-09-21 15:00:00+00:00,0.0,0.0,10.66,100.0,1.36,UKP_0023,2,2016
2016-09-21 16:00:00+00:00,0.0,0.0,10.51,100.0,1.86,UKP_0023,2,2016
2016-09-21 17:00:00+00:00,0.0,0.0,10.38,100.0,2.92,UKP_0023,2,2016
2016-09-21 18:00:00+00:00,0.0,0.0,10.42,100.0,3.87,UKP_0023,2,2016
2016-09-21 19:00:00+00:00,0.0,0.0,10.37,100.0,3.85,UKP_0023,2,2016
2016-09-21 20:00:00+00:00,0.0,0.0,9.7,100.0,2.84,UKP_0023,2,2016
2016-09-21 21:00:00+00:00,0.0,0.0,9.13,100.0,2.07,UKP_0023,2,2016
2016-09-21 22:00:00+00:00,0.0,0.0,8.77,100.0,1.41,UKP_0023,2,2016
2016-09-21 23:00:00+00:00,0.0,0.0,8.38,100.0,1.26,UKP_0023,2,2016
2016-09-22 00:00:00+00:00,4.8,7.7,8.14,100.0,1.23,UKP_0023,2,2016
2016-09-22 01:00:00+00:00,60.78,147.2,9.26,99.94,1.65,UKP_0023,2,2016
2016-09-22 02:00:00+00:00,148.3,375.05,10.59,91.84,2.42,UKP_0023,2,2016
2016-09-22 03:00:00+00:00,233.12,591.03,12.1,80.52,3.11,UKP_0023,2,2016
2016-09-22 04:00:00+00:00,246.95,763.42,13.6,69.69,3.77,UKP_0023,2,2016
2016-09-22 05:00:00+00:00,310.7,875.17,14.7,64.48,4.41,UKP_0023,2,2016
2016-09-22 06:00:00+00:00,333.27,938.33,15.27,62.44,4.73,UKP_0023,2,2016
2016-09-22 07:00:00+00:00,381.38,906.05,15.42,62.23,4.45,UKP_0023,2,2016
2016-09-22 08:00:00+00:00,372.55,800.8,15.29,62.18,3.95,UKP_0023,2,2016
2016-09-22 09:00:00+00:00,267.05,629.12,15.13,61.22,3.47,UKP_0023,2,2016
2016-09-22 10:00:00+00:00,179.65,412.6,14.62,61.02,3.22,UKP_0023,2,2016
2016-09-22 11:00:00+00:00,76.2,181.32,13.46,64.85,2.83,UKP_0023,2,2016
2016-09-22 12:00:00+00:00,8.62,15.5,11.26,79.3,1.78,UKP_0023,2,2016
2016-09-22 13:00:00+00:00,0.0,0.0,9.78,88.13,0.82,UKP_0023,2,2016
2016-09-22 14:00:00+00:00,0.0,0.0,9.21,90.28,0.22,UKP_0023,2,2016
2016-09-22 15:00:00+00:00,0.0,0.0,8.79,90.43,0.21,UKP_0023,2,2016
2016-09-22 16:00:00+00:00,0.0,0.0,8.76,88.03,0.23,UKP_0023,2,2016
2016-09-22 17:00:00+00:00,0.0,0.0,8.87,85.5,0.12,UKP_0023,2,2016
2016-09-22 18:00:00+00:00,0.0,0.0,8.56,87.08,0.23,UKP_0023,2,2016
2016-09-22 19:00:00+00:00,0.0,0.0,7.84,91.61,0.72,UKP_0023,2,2016
2016-09-22 20:00:00+00:00,0.0,0.0,6.68,94.57,1.36,UKP_0023,2,2016
2016-09-22 21:00:00+00:00,0.0,0.0,6.22,92.63,1.72,UKP_0023,2,2016
2016-09-22 22:00:00+00:00,0.0,0.0,6.0,90.57,1.76,UKP_0023,2,2016
2016-09-22 23:00:00+00:00,0.0,0.0,5.87,91.53,1.64,UKP_0023,2,2016
2016-09-23 00:00:00+00:00,6.1,8.2,5.76,91.08,1.42,UKP_0023,2,2016
2016-09-23 01:00:00+00:00,116.62,157.95,7.23,82.79,1.38,UKP_0023,2,2016
2016-09-23 02:00:00+00:00,292.65,390.35,9.16,74.67,1.14,UKP_0023,2,2016
2016-09-23 03:00:00+00:00,564.85,606.3,11.21,67.55,0.17,UKP_0023,2,2016
2016-09-23 04:00:00+00:00,664.53,787.62,12.73,62.33,1.47,UKP_0023,2,2016
2016-09-23 05:00:00+00:00,650.7,899.4,13.51,60.31,2.61,UKP_0023,2,2016
2016-09-23 06:00:00+00:00,733.53,946.9,13.74,60.74,3.24,UKP_0023,2,2016
2016-09-23 07:00:00+00:00,638.2,918.22,13.61,62.51,3.57,UKP_0023,2,2016
2016-09-23 08:00:00+00:00,570.47,817.2,13.19,65.73,3.61,UKP_0023,2,2016
2016-09-23 09:00:00+00:00,428.8,652.08,12.78,69.79,3.44,UKP_0023,2,2016
2016-09-23 10:00:00+00:00,268.23,437.25,12.28,74.8,3.07,UKP_0023,2,2016
2016-09-23 11:00:00+00:00,119.82,198.0,11.38,82.41,2.48,UKP_0023,2,2016
2016-09-23 12:00:00+00:00,11.4,16.1,10.18,92.29,1.37,UKP_0023,2,2016
2016-09-23 13:00:00+00:00,0.0,0.0,9.63,96.98,0.89,UKP_0023,2,2016
2016-09-23 14:00:00+00:00,0.0,0.0,9.38,98.28,0.96,UKP_0023,2,2016
2016-09-23 15:00:00+00:00,0.0,0.0,8.92,100.0,1.21,UKP_0023,2,2016
2016-09-23 16:00:00+00:00,0.0,0.0,8.54,100.0,1.56,UKP_0023,2,2016
2016-09-23 17:00:00+00:00,0.0,0.0,8.37,100.0,2.09,UKP_0023,2,2016
2016-09-23 18:00:00+00:00,0.0,0.0,8.0,100.0,2.0,UKP_0023,2,2016
2016-09-23 19:00:00+00:00,0.0,0.0,7.69,100.0,1.82,UKP_0023,2,2016
2016-09-23 20:00:00+00:00,0.0,0.0,7.6,100.0,1.75,UKP_0023,2,2016
2016-09-23 21:00:00+00:00,0.0,0.0,7.5,100.0,1.4,UKP_0023,2,2016
2016-09-23 22:00:00+00:00,0.0,0.0,7.49,100.0,0.92,UKP_0023,2,2016
2016-09-23 23:00:00+00:00,0.0,0.0,6.98,100.0,0.61,UKP_0023,2,2016
2016-09-24 00:00:00+00:00,5.55,8.57,6.48,100.0,0.7,UKP_0023,2,2016
2016-09-24 01:00:00+00:00,120.3,170.88,7.68,96.0,0.92,UKP_0023,2,2016
2016-09-24 02:00:00+00:00,297.9,407.4,9.95,79.84,1.77,UKP_0023,2,2016
2016-09-24 03:00:00+00:00,510.9,623.85,11.96,66.21,3.16,UKP_0023,2,2016
2016-09-24 04:00:00+00:00,632.45,794.35,13.41,58.83,4.12,UKP_0023,2,2016
2016-09-24 05:00:00+00:00,735.5,904.25,14.38,55.43,4.76,UKP_0023,2,2016
2016-09-24 06:00:00+00:00,756.35,939.38,14.9,54.62,5.17,UKP_0023,2,2016
2016-09-24 07:00:00+00:00,611.33,908.38,15.06,54.67,5.39,UKP_0023,2,2016
2016-09-24 08:00:00+00:00,466.0,805.05,14.85,56.36,5.37,UKP_0023,2,2016
2016-09-24 09:00:00+00:00,354.67,641.4,14.26,59.33,5.22,UKP_0023,2,2016
2016-09-24 10:00:00+00:00,208.0,426.17,13.27,63.99,4.85,UKP_0023,2,2016
2016-09-24 11:00:00+00:00,82.07,184.2,11.98,70.75,4.21,UKP_0023,2,2016
2016-09-24 12:00:00+00:00,7.12,13.52,10.15,82.96,2.86,UKP_0023,2,2016
2016-09-24 13:00:00+00:00,0.0,0.0,9.15,91.82,1.95,UKP_0023,2,2016
2016-09-24 14:00:00+00:00,0.0,0.0,8.83,94.77,1.74,UKP_0023,2,2016
2016-09-24 15:00:00+00:00,0.0,0.0,8.63,97.09,1.5,UKP_0023,2,2016
2016-09-24 16:00:00+00:00,0.0,0.0,8.42,98.9,1.27,UKP_0023,2,2016
2016-09-24 17:00:00+00:00,0.0,0.0,8.2,100.0,1.21,UKP_0023,2,2016
2016-09-24 18:00:00+00:00,0.0,0.0,7.97,100.0,0.97,UKP_0023,2,2016
2016-09-24 19:00:00+00:00,0.0,0.0,7.81,98.81,0.49,UKP_0023,2,2016
2016-09-24 20:00:00+00:00,0.0,0.0,7.37,99.94,0.34,UKP_0023,2,2016
2016-09-24 21:00:00+00:00,0.0,0.0,6.97,99.81,0.64,UKP_0023,2,2016
2016-09-24 22:00:00+00:00,0.0,0.0,6.87,97.82,0.69,UKP_0023,2,2016
2016-09-24 23:00:00+00:00,0.0,0.0,6.89,95.82,0.55,UKP_0023,2,2016
2016-09-25 00:00:00+00:00,5.47,7.8,6.91,94.19,0.32,UKP_0023,2,2016
2016-09-25 01:00:00+00:00,126.5,164.62,8.15,89.99,0.43,UKP_0023,2,2016
2016-09-25 02:00:00+00:00,307.12,399.25,10.42,79.5,1.56,UKP_0023,2,2016
2016-09-25 03:00:00+00:00,583.6,615.92,12.41,67.93,2.62,UKP_0023,2,2016
2016-09-25 04:00:00+00:00,755.8,787.78,14.16,59.29,3.41,UKP_0023,2,2016
2016-09-25 05:00:00+00:00,738.45,897.58,15.34,55.25,4.07,UKP_0023,2,2016
2016-09-25 06:00:00+00:00,831.38,934.55,16.01,54.44,4.54,UKP_0023,2,2016
2016-09-25 07:00:00+00:00,727.55,902.78,16.16,55.52,4.66,UKP_0023,2,2016
2016-09-25 08:00:00+00:00,632.88,799.97,15.92,57.2,4.7,UKP_0023,2,2016
2016-09-25 09:00:00+00:00,448.45,635.75,15.3,59.88,4.63,UKP_0023,2,2016
2016-09-25 10:00:00+00:00,284.83,421.3,14.18,64.7,4.24,UKP_0023,2,2016
2016-09-25 11:00:00+00:00,124.68,181.73,12.73,72.02,3.62,UKP_0023,2,2016
2016-09-25 12:00:00+00:00,9.05,12.52,10.76,85.4,2.32,UKP_0023,2,2016
2016-09-25 13:00:00+00:00,0.0,0.0,9.77,94.77,1.53,UKP_0023,2,2016
2016-09-25 14:00:00+00:00,0.0,0.0,9.45,98.01,1.3,UKP_0023,2,2016
2016-09-25 15:00:00+00:00,0.0,0.0,9.22,99.77,1.09,UKP_0023,2,2016
2016-09-25 16:00:00+00:00,0.0,0.0,8.98,100.0,1.0,UKP_0023,2,2016
2016-09-25 17:00:00+00:00,0.0,0.0,8.71,100.0,0.94,UKP_0023,2,2016
2016-09-25 18:00:00+00:00,0.0,0.0,8.41,100.0,0.93,UKP_0023,2,2016
2016-09-25 19:00:00+00:00,0.0,0.0,8.22,100.0,0.93,UKP_0023,2,2016
2016-09-25 20:00:00+00:00,0.0,0.0,8.04,100.0,0.94,UKP_0023,2,2016
2016-09-25 21:00:00+00:00,0.0,0.0,7.86,100.0,0.94,UKP_0023,2,2016
2016-09-25 22:00:00+00:00,0.0,0.0,7.74,100.0,0.88,UKP_0023,2,2016
2016-09-25 23:00:00+00:00,0.0,0.0,7.66,100.0,0.73,UKP_0023,2,2016
2016-09-26 00:00:00+00:00,5.72,7.28,7.52,100.0,0.61,UKP_0023,2,2016
2016-09-26 01:00:00+00:00,143.02,160.57,8.48,97.03,0.49,UKP_0023,2,2016
2016-09-26 02:00:00+00:00,334.42,396.15,10.44,84.84,1.22,UKP_0023,2,2016
2016-09-26 03:00:00+00:00,591.85,613.88,12.35,72.47,1.94,UKP_0023,2,2016
2016-09-26 04:00:00+00:00,686.0,786.2,14.06,63.43,2.66,UKP_0023,2,2016
2016-09-26 05:00:00+00:00,753.35,896.12,15.34,58.64,3.61,UKP_0023,2,2016
2016-09-26 06:00:00+00:00,761.72,932.22,15.78,58.78,4.31,UKP_0023,2,2016
2016-09-26 07:00:00+00:00,709.1,899.75,15.81,60.44,4.74,UKP_0023,2,2016
2016-09-26 08:00:00+00:00,644.1,794.03,15.32,63.68,4.92,UKP_0023,2,2016
2016-09-26 09:00:00+00:00,482.3,626.42,14.7,67.05,4.65,UKP_0023,2,2016
2016-09-26 10:00:00+00:00,293.88,408.88,13.96,70.4,4.21,UKP_0023,2,2016
2016-09-26 11:00:00+00:00,136.1,171.32,12.79,76.82,3.51,UKP_0023,2,2016
2016-09-26 12:00:00+00:00,8.55,10.95,10.96,90.6,2.05,UKP_0023,2,2016
2016-09-26 13:00:00+00:00,0.0,0.0,10.09,98.48,1.13,UKP_0023,2,2016
2016-09-26 14:00:00+00:00,0.0,0.0,9.81,100.0,0.7,UKP_0023,2,2016
2016-09-26 15:00:00+00:00,0.0,0.0,9.49,100.0,0.5,UKP_0023,2,2016
2016-09-26 16:00:00+00:00,0.0,0.0,9.11,100.0,0.33,UKP_0023,2,2016
2016-09-26 17:00:00+00:00,0.0,0.0,8.75,100.0,0.25,UKP_0023,2,2016
2016-09-26 18:00:00+00:00,0.0,0.0,8.47,100.0,0.34,UKP_0023,2,2016
2016-09-26 19:00:00+00:00,0.0,0.0,8.25,100.0,0.58,UKP_0023,2,2016
2016-09-26 20:00:00+00:00,0.0,0.0,8.01,100.0,0.69,UKP_0023,2,2016
2016-09-26 21:00:00+00:00,0.0,0.0,7.78,100.0,0.55,UKP_0023,2,2016
2016-09-26 22:00:00+00:00,0.0,0.0,7.58,100.0,0.39,UKP_0023,2,2016
2016-09-26 23:00:00+00:00,0.0,0.0,7.48,98.49,0.41,UKP_0023,2,2016
2016-09-27 00:00:00+00:00,4.53,6.45,7.5,94.75,0.37,UKP_0023,2,2016
2016-09-27 01:00:00+00:00,117.72,148.93,8.81,90.57,0.18,UKP_0023,2,2016
2016-09-27 02:00:00+00:00,296.25,381.7,10.86,83.79,1.12,UKP_0023,2,2016
2016-09-27 03:00:00+00:00,586.0,600.03,12.52,72.74,2.67,UKP_0023,2,2016
2016-09-27 04:00:00+00:00,647.05,772.08,14.16,63.92,3.31,UKP_0023,2,2016
2016-09-27 05:00:00+00:00,717.05,881.7,15.34,59.15,4.0,UKP_0023,2,2016
2016-09-27 06:00:00+00:00,839.25,932.35,15.98,57.72,4.51,UKP_0023,2,2016
2016-09-27 07:00:00+00:00,768.72,903.0,16.06,58.72,4.78,UKP_0023,2,2016
2016-09-27 08:00:00+00:00,564.17,797.6,15.63,61.44,4.93,UKP_0023,2,2016
2016-09-27 09:00:00+00:00,429.85,627.47,14.75,65.45,4.69,UKP_0023,2,2016
2016-09-27 10:00:00+00:00,262.6,407.67,13.71,70.28,4.17,UKP_0023,2,2016
2016-09-27 11:00:00+00:00,114.72,169.48,12.43,77.44,3.44,UKP_0023,2,2016
2016-09-27 12:00:00+00:00,8.05,10.25,10.65,90.19,2.11,UKP_0023,2,2016
2016-09-27 13:00:00+00:00,0.0,0.0,9.96,96.77,1.47,UKP_0023,2,2016
2016-09-27 14:00:00+00:00,0.0,0.0,9.78,97.92,1.02,UKP_0023,2,2016
2016-09-27 15:00:00+00:00,0.0,0.0,9.47,98.71,0.52,UKP_0023,2,2016
2016-09-27 16:00:00+00:00,0.0,0.0,9.1,98.9,0.48,UKP_0023,2,2016
2016-09-27 17:00:00+00:00,0.0,0.0,8.65,98.77,0.58,UKP_0023,2,2016
2016-09-27 18:00:00+00:00,0.0,0.0,8.29,99.06,0.79,UKP_0023,2,2016
2016-09-27 19:00:00+00:00,0.0,0.0,7.98,99.48,0.92,UKP_0023,2,2016
2016-09-27 20:00:00+00:00,0.0,0.0,7.7,99.66,0.99,UKP_0023,2,2016
2016-09-27 21:00:00+00:00,0.0,0.0,7.42,99.95,1.05,UKP_0023,2,2016
2016-09-27 22:00:00+00:00,0.0,0.0,7.21,99.42,1.0,UKP_0023,2,2016
2016-09-27 23:00:00+00:00,0.0,0.0,7.04,98.5,0.93,UKP_0023,2,2016
2016-09-28 00:00:00+00:00,5.28,6.8,6.97,96.42,0.95,UKP_0023,2,2016
2016-09-28 01:00:00+00:00,141.68,159.88,8.23,90.32,0.91,UKP_0023,2,2016
2016-09-28 02:00:00+00:00,353.83,395.5,10.65,77.04,1.36,UKP_0023,2,2016
2016-09-28 03:00:00+00:00,610.05,611.95,12.83,65.44,2.67,UKP_0023,2,2016
2016-09-28 04:00:00+00:00,751.12,782.75,14.55,58.52,3.82,UKP_0023,2,2016
2016-09-28 05:00:00+00:00,827.12,891.55,15.54,56.02,4.62,UKP_0023,2,2016
2016-09-28 06:00:00+00:00,796.15,927.75,15.87,57.1,5.14,UKP_0023,2,2016
2016-09-28 07:00:00+00:00,710.05,896.3,15.59,60.17,5.43,UKP_0023,2,2016
2016-09-28 08:00:00+00:00,624.58,791.22,15.01,63.58,5.58,UKP_0023,2,2016
2016-09-28 09:00:00+00:00,454.75,624.47,14.32,66.93,5.4,UKP_0023,2,2016
2016-09-28 10:00:00+00:00,274.75,408.95,13.39,70.22,4.95,UKP_0023,2,2016
2016-09-28 11:00:00+00:00,120.68,172.5,12.16,76.05,4.31,UKP_0023,2,2016
2016-09-28 12:00:00+00:00,6.57,9.8,10.47,87.55,2.94,UKP_0023,2,2016
2016-09-28 13:00:00+00:00,0.0,0.0,9.84,94.09,2.07,UKP_0023,2,2016
2016-09-28 14:00:00+00:00,0.0,0.0,9.52,97.03,1.84,UKP_0023,2,2016
2016-09-28 15:00:00+00:00,0.0,0.0,9.17,99.29,1.49,UKP_0023,2,2016
2016-09-28 16:00:00+00:00,0.0,0.0,8.87,100.0,1.13,UKP_0023,2,2016
2016-09-28 17:00:00+00:00,0.0,0.0,8.55,100.0,0.93,UKP_0023,2,2016
2016-09-28 18:00:00+00:00,0.0,0.0,8.13,100.0,0.61,UKP_0023,2,2016
2016-09-28 19:00:00+00:00,0.0,0.0,7.79,100.0,0.35,UKP_0023,2,2016
2016-09-28 20:00:00+00:00,0.0,0.0,7.4,100.0,0.56,UKP_0023,2,2016
2016-09-28 21:00:00+00:00,0.0,0.0,7.09,98.42,0.68,UKP_0023,2,2016
2016-09-28 22:00:00+00:00,0.0,0.0,7.14,93.69,0.72,UKP_0023,2,2016
2016-09-28 23:00:00+00:00,0.0,0.0,7.16,89.43,0.73,UKP_0023,2,2016
2016-09-29 00:00:00+00:00,5.32,6.53,6.94,86.71,0.81,UKP_0023,2,2016
2016-09-29 01:00:00+00:00,140.57,159.65,8.45,80.47,0.85,UKP_0023,2,2016
2016-09-29 02:00:00+00:00,354.7,397.2,11.46,66.71,0.73,UKP_0023,2,2016
2016-09-29 03:00:00+00:00,613.78,614.53,13.91,57.87,2.65,UKP_0023,2,2016
2016-09-29 04:00:00+00:00,758.83,785.3,15.49,53.85,3.82,UKP_0023,2,2016
2016-09-29 05:00:00+00:00,816.62,893.97,16.37,52.45,4.52,UKP_0023,2,2016
2016-09-29 06:00:00+00:00,902.83,931.45,16.86,52.38,5.02,UKP_0023,2,2016
2016-09-29 07:00:00+00:00,787.58,898.9,16.82,54.28,5.27,UKP_0023,2,2016
2016-09-29 08:00:00+00:00,564.7,792.08,16.32,57.62,5.12,UKP_0023,2,2016
2016-09-29 09:00:00+00:00,489.95,623.03,15.54,61.36,4.65,UKP_0023,2,2016
2016-09-29 10:00:00+00:00,290.0,404.52,14.55,65.46,4.09,UKP_0023,2,2016
2016-09-29 11:00:00+00:00,121.72,166.52,13.23,71.83,3.47,UKP_0023,2,2016
2016-09-29 12:00:00+00:00,6.8,8.85,11.11,85.97,2.1,UKP_0023,2,2016
2016-09-29 13:00:00+00:00,0.0,0.0,10.27,93.8,1.29,UKP_0023,2,2016
2016-09-29 14:00:00+00:00,0.0,0.0,10.07,96.72,0.84,UKP_0023,2,2016
2016-09-29 15:00:00+00:00,0.0,0.0,9.73,99.36,0.46,UKP_0023,2,2016
2016-09-29 16:00:00+00:00,0.0,0.0,9.4,100.0,0.1,UKP_0023,2,2016
2016-09-29 17:00:00+00:00,0.0,0.0,8.99,100.0,0.26,UKP_0023,2,2016
2016-09-29 18:00:00+00:00,0.0,0.0,8.71,100.0,0.3,UKP_0023,2,2016
2016-09-29 19:00:00+00:00,0.0,0.0,8.68,99.97,0.3,UKP_0023,2,2016
2016-09-29 20:00:00+00:00,0.0,0.0,8.5,98.55,0.52,UKP_0023,2,2016
2016-09-29 21:00:00+00:00,0.0,0.0,8.38,95.57,0.76,UKP_0023,2,2016
2016-09-29 22:00:00+00:00,0.0,0.0,8.36,91.02,0.94,UKP_0023,2,2016
2016-09-29 23:00:00+00:00,0.0,0.0,8.03,87.91,1.07,UKP_0023,2,2016
2016-09-30 00:00:00+00:00,4.68,6.0,7.65,85.35,1.28,UKP_0023,2,2016
2016-09-30 01:00:00+00:00,137.07,152.7,9.19,79.89,1.37,UKP_0023,2,2016
2016-09-30 02:00:00+00:00,364.58,390.4,12.6,64.1,0.72,UKP_0023,2,2016
2016-09-30 03:00:00+00:00,608.97,609.47,15.43,53.12,1.58,UKP_0023,2,2016
2016-09-30 04:00:00+00:00,778.78,779.9,16.99,49.3,3.07,UKP_0023,2,2016
2016-09-30 05:00:00+00:00,885.12,887.88,17.87,48.81,4.04,UKP_0023,2,2016
2016-09-30 06:00:00+00:00,925.1,932.15,18.28,49.89,4.69,UKP_0023,2,2016
2016-09-30 07:00:00+00:00,868.6,897.47,18.16,52.48,5.03,UKP_0023,2,2016
2016-09-30 08:00:00+00:00,762.38,790.33,17.67,55.96,5.06,UKP_0023,2,2016
2016-09-30 09:00:00+00:00,574.22,618.83,16.89,60.38,4.83,UKP_0023,2,2016
2016-09-30 10:00:00+00:00,346.2,397.27,15.84,66.08,4.32,UKP_0023,2,2016
2016-09-30 11:00:00+00:00,140.75,156.05,14.54,73.86,3.71,UKP_0023,2,2016
2016-09-30 12:00:00+00:00,6.25,7.47,12.79,86.33,2.44,UKP_0023,2,2016
2016-09-30 13:00:00+00:00,0.0,0.0,11.85,94.29,1.35,UKP_0023,2,2016
2016-09-30 14:00:00+00:00,0.0,0.0,11.51,97.56,1.05,UKP_0023,2,2016
2016-09-30 15:00:00+00:00,0.0,0.0,11.09,100.0,0.87,UKP_0023,2,2016
2016-09-30 16:00:00+00:00,0.0,0.0,10.63,100.0,0.78,UKP_0023,2,2016
2016-09-30 17:00:00+00:00,0.0,0.0,10.39,100.0,0.66,UKP_0023,2,2016
2016-09-30 18:00:00+00:00,0.0,0.0,10.07,100.0,0.63,UKP_0023,2,2016
2016-09-30 19:00:00+00:00,0.0,0.0,9.73,98.77,0.65,UKP_0023,2,2016
2016-09-30 20:00:00+00:00,0.0,0.0,9.38,97.6,0.71,UKP_0023,2,2016
2016-09-30 21:00:00+00:00,0.0,0.0,9.24,94.88,0.65,UKP_0023,2,2016
2016-09-30 22:00:00+00:00,0.0,0.0,9.26,91.61,0.55,UKP_0023,2,2016
2016-09-30 23:00:00+00:00,0.0,0.0,9.16,90.06,0.45,UKP_0023,2,2016
2016-10-01 00:00:00+00:00,4.72,4.78,9.1,88.75,0.57,UKP_0023,2,2016
2016-10-01 01:00:00+00:00,122.32,125.38,10.17,85.43,0.72,UKP_0023,2,2016
2016-10-01 02:00:00+00:00,341.45,367.73,12.69,72.27,0.28,UKP_0023,2,2016
2016-10-01 03:00:00+00:00,552.3,585.88,15.05,61.89,1.8,UKP_0023,2,2016
2016-10-01 04:00:00+00:00,743.9,755.97,16.8,56.39,3.17,UKP_0023,2,2016
2016-10-01 05:00:00+00:00,754.4,863.25,17.92,54.03,4.16,UKP_0023,2,2016
2016-10-01 06:00:00+00:00,838.33,911.28,18.4,54.3,4.78,UKP_0023,2,2016
2016-10-01 07:00:00+00:00,748.95,876.42,18.22,56.63,4.99,UKP_0023,2,2016
2016-10-01 08:00:00+00:00,591.85,767.15,17.78,59.44,4.91,UKP_0023,2,2016
2016-10-01 09:00:00+00:00,467.38,595.97,17.25,62.17,4.54,UKP_0023,2,2016
2016-10-01 10:00:00+00:00,275.45,375.08,16.44,65.7,4.13,UKP_0023,2,2016
2016-10-01 11:00:00+00:00,113.8,140.25,15.06,72.7,3.51,UKP_0023,2,2016
2016-10-01 12:00:00+00:00,5.47,6.1,12.9,86.98,2.13,UKP_0023,2,2016
2016-10-01 13:00:00+00:00,0.0,0.0,11.86,95.76,1.35,UKP_0023,2,2016
2016-10-01 14:00:00+00:00,0.0,0.0,11.47,99.8,1.1,UKP_0023,2,2016
2016-10-01 15:00:00+00:00,0.0,0.0,11.07,100.0,0.96,UKP_0023,2,2016
2016-10-01 16:00:00+00:00,0.0,0.0,10.83,100.0,0.75,UKP_0023,2,2016
2016-10-01 17:00:00+00:00,0.0,0.0,10.57,100.0,0.48,UKP_0023,2,2016
2016-10-01 18:00:00+00:00,0.0,0.0,10.28,100.0,0.28,UKP_0023,2,2016
2016-10-01 19:00:00+00:00,0.0,0.0,10.0,100.0,0.28,UKP_0023,2,2016
2016-10-01 20:00:00+00:00,0.0,0.0,9.95,100.0,0.45,UKP_0023,2,2016
2016-10-01 21:00:00+00:00,0.0,0.0,9.91,99.46,0.5,UKP_0023,2,2016
2016-10-01 22:00:00+00:00,0.0,0.0,9.81,98.56,0.42,UKP_0023,2,2016
2016-10-01 23:00:00+00:00,0.0,0.0,9.87,95.62,0.32,UKP_0023,2,2016
2016-10-02 00:00:00+00:00,3.4,4.43,9.78,93.31,0.32,UKP_0023,2,2016
2016-10-02 01:00:00+00:00,96.72,124.55,10.44,88.56,0.27,UKP_0023,2,2016
2016-10-02 02:00:00+00:00,261.58,344.73,12.48,76.19,1.07,UKP_0023,2,2016
2016-10-02 03:00:00+00:00,480.67,559.6,14.38,64.54,2.26,UKP_0023,2,2016
2016-10-02 04:00:00+00:00,625.28,730.88,15.98,59.15,3.31,UKP_0023,2,2016
2016-10-02 05:00:00+00:00,625.4,839.42,17.09,56.71,4.18,UKP_0023,2,2016
2016-10-02 06:00:00+00:00,779.97,904.58,17.59,57.2,4.64,UKP_0023,2,2016
2016-10-02 07:00:00+00:00,667.75,864.5,17.56,58.88,4.69,UKP_0023,2,2016
2016-10-02 08:00:00+00:00,523.78,753.08,17.27,59.82,4.56,UKP_0023,2,2016
2016-10-02 09:00:00+00:00,405.95,579.1,16.65,61.18,4.19,UKP_0023,2,2016
2016-10-02 10:00:00+00:00,239.27,355.85,15.72,64.89,3.77,UKP_0023,2,2016
2016-10-02 11:00:00+00:00,89.78,124.28,14.37,71.79,3.14,UKP_0023,2,2016
2016-10-02 12:00:00+00:00,3.4,4.97,12.31,86.42,1.93,UKP_0023,2,2016
2016-10-02 13:00:00+00:00,0.0,0.0,11.37,94.14,1.27,UKP_0023,2,2016
2016-10-02 14:00:00+00:00,0.0,0.0,11.09,97.71,1.04,UKP_0023,2,2016
2016-10-02 15:00:00+00:00,0.0,0.0,10.69,100.0,0.94,UKP_0023,2,2016
2016-10-02 16:00:00+00:00,0.0,0.0,10.3,100.0,0.82,UKP_0023,2,2016
2016-10-02 17:00:00+00:00,0.0,0.0,9.92,100.0,0.69,UKP_0023,2,2016
2016-10-02 18:00:00+00:00,0.0,0.0,9.62,100.0,0.59,UKP_0023,2,2016
2016-10-02 19:00:00+00:00,0.0,0.0,9.43,100.0,0.53,UKP_0023,2,2016
2016-10-02 20:00:00+00:00,0.0,0.0,9.21,99.53,0.63,UKP_0023,2,2016
2016-10-02 21:00:00+00:00,0.0,0.0,8.9,98.55,0.76,UKP_0023,2,2016
2016-10-02 22:00:00+00:00,0.0,0.0,8.43,97.88,0.9,UKP_0023,2,2016
2016-10-02 23:00:00+00:00,0.0,0.0,8.29,94.02,1.09,UKP_0023,2,2016
2016-10-03 00:00:00+00:00,2.92,3.95,8.1,89.8,1.17,UKP_0023,2,2016
2016-10-03 01:00:00+00:00,103.9,113.72,9.44,81.87,1.06,UKP_0023,2,2016
2016-10-03 02:00:00+00:00,298.77,332.65,12.82,62.67,0.92,UKP_0023,2,2016
2016-10-03 03:00:00+00:00,511.2,549.33,14.95,52.55,2.65,UKP_0023,2,2016
2016-10-03 04:00:00+00:00,617.28,719.55,16.42,48.72,3.6,UKP_0023,2,2016
2016-10-03 05:00:00+00:00,770.38,835.38,17.46,47.66,4.36,UKP_0023,2,2016
2016-10-03 06:00:00+00:00,764.22,910.58,17.88,49.22,4.84,UKP_0023,2,2016
2016-10-03 07:00:00+00:00,688.25,869.83,17.9,51.78,4.97,UKP_0023,2,2016
2016-10-03 08:00:00+00:00,516.6,754.4,17.56,54.79,4.85,UKP_0023,2,2016
2016-10-03 09:00:00+00:00,375.62,577.3,17.0,57.87,4.55,UKP_0023,2,2016
2016-10-03 10:00:00+00:00,220.07,354.67,16.03,62.15,4.11,UKP_0023,2,2016
2016-10-03 11:00:00+00:00,91.12,125.43,14.57,69.54,3.45,UKP_0023,2,2016
2016-10-03 12:00:00+00:00,4.22,4.68,12.17,86.04,1.93,UKP_0023,2,2016
2016-10-03 13:00:00+00:00,0.0,0.0,11.08,94.8,1.24,UKP_0023,2,2016
2016-10-03 14:00:00+00:00,0.0,0.0,10.74,98.14,1.0,UKP_0023,2,2016
2016-10-03 15:00:00+00:00,0.0,0.0,10.41,100.0,0.84,UKP_0023,2,2016
2016-10-03 16:00:00+00:00,0.0,0.0,10.17,100.0,0.79,UKP_0023,2,2016
2016-10-03 17:00:00+00:00,0.0,0.0,9.91,100.0,0.86,UKP_0023,2,2016
2016-10-03 18:00:00+00:00,0.0,0.0,9.62,99.97,0.84,UKP_0023,2,2016
2016-10-03 19:00:00+00:00,0.0,0.0,9.24,99.65,0.82,UKP_0023,2,2016
2016-10-03 20:00:00+00:00,0.0,0.0,8.92,97.19,0.82,UKP_0023,2,2016
2016-10-03 21:00:00+00:00,0.0,0.0,9.15,90.95,0.62,UKP_0023,2,2016
2016-10-03 22:00:00+00:00,0.0,0.0,9.37,85.73,0.4,UKP_0023,2,2016
2016-10-03 23:00:00+00:00,0.0,0.0,9.78,80.47,0.22,UKP_0023,2,2016
2016-10-04 00:00:00+00:00,2.83,3.95,9.88,77.58,0.05,UKP_0023,2,2016
2016-10-04 01:00:00+00:00,76.68,124.1,10.36,76.41,0.19,UKP_0023,2,2016
2016-10-04 02:00:00+00:00,199.77,349.77,11.65,73.2,1.02,UKP_0023,2,2016
2016-10-04 03:00:00+00:00,414.23,565.08,13.24,60.91,2.25,UKP_0023,2,2016
2016-10-04 04:00:00+00:00,558.0,733.47,14.43,58.08,3.11,UKP_0023,2,2016
2016-10-04 05:00:00+00:00,434.73,844.22,15.23,56.95,3.78,UKP_0023,2,2016
2016-10-04 06:00:00+00:00,528.88,903.72,15.62,56.58,4.14,UKP_0023,2,2016
2016-10-04 07:00:00+00:00,545.15,862.03,15.78,56.7,4.26,UKP_0023,2,2016
2016-10-04 08:00:00+00:00,361.58,706.83,15.8,57.33,4.22,UKP_0023,2,2016
2016-10-04 09:00:00+00:00,268.85,524.12,15.64,58.26,4.15,UKP_0023,2,2016
2016-10-04 10:00:00+00:00,162.68,308.77,14.98,61.49,3.89,UKP_0023,2,2016
2016-10-04 11:00:00+00:00,56.0,100.3,13.56,69.71,3.21,UKP_0023,2,2016
2016-10-04 12:00:00+00:00,2.55,3.67,11.24,86.97,1.69,UKP_0023,2,2016
2016-10-04 13:00:00+00:00,0.0,0.0,10.43,92.98,1.06,UKP_0023,2,2016
2016-10-04 14:00:00+00:00,0.0,0.0,10.03,96.01,0.79,UKP_0023,2,2016
2016-10-04 15:00:00+00:00,0.0,0.0,9.59,98.27,0.55,UKP_0023,2,2016
2016-10-04 16:00:00+00:00,0.0,0.0,9.18,99.21,0.42,UKP_0023,2,2016
2016-10-04 17:00:00+00:00,0.0,0.0,8.89,98.99,0.41,UKP_0023,2,2016
2016-10-04 18:00:00+00:00,0.0,0.0,8.66,97.61,0.5,UKP_0023,2,2016
2016-10-04 19:00:00+00:00,0.0,0.0,8.47,94.7,0.68,UKP_0023,2,2016
2016-10-04 20:00:00+00:00,0.0,0.0,8.39,90.2,0.85,UKP_0023,2,2016
2016-10-04 21:00:00+00:00,0.0,0.0,8.23,85.73,0.92,UKP_0023,2,2016
2016-10-04 22:00:00+00:00,0.0,0.0,8.12,80.39,0.91,UKP_0023,2,2016
2016-10-04 23:00:00+00:00,0.0,0.0,8.67,71.72,0.75,UKP_0023,2,2016
2016-10-05 00:00:00+00:00,2.55,3.72,8.9,66.45,0.6,UKP_0023,2,2016
2016-10-05 01:00:00+00:00,62.9,123.7,9.53,66.63,0.55,UKP_0023,2,2016
2016-10-05 02:00:00+00:00,200.55,349.52,11.63,63.67,1.19,UKP_0023,2,2016
2016-10-05 03:00:00+00:00,361.27,570.05,13.49,55.37,2.65,UKP_0023,2,2016
2016-10-05 04:00:00+00:00,380.95,744.53,14.98,50.94,3.73,UKP_0023,2,2016
2016-10-05 05:00:00+00:00,606.15,834.2,15.88,49.37,4.4,UKP_0023,2,2016
2016-10-05 06:00:00+00:00,623.25,889.38,16.22,49.66,4.84,UKP_0023,2,2016
2016-10-05 07:00:00+00:00,491.98,847.83,15.93,52.63,5.11,UKP_0023,2,2016
2016-10-05 08:00:00+00:00,439.73,731.6,15.36,56.33,5.08,UKP_0023,2,2016
2016-10-05 09:00:00+00:00,301.77,555.28,14.58,60.21,4.76,UKP_0023,2,2016
2016-10-05 10:00:00+00:00,177.35,335.88,13.5,65.58,4.29,UKP_0023,2,2016
2016-10-05 11:00:00+00:00,65.32,113.5,11.94,74.41,3.6,UKP_0023,2,2016
2016-10-05 12:00:00+00:00,2.55,3.6,10.14,88.2,2.09,UKP_0023,2,2016
2016-10-05 13:00:00+00:00,0.0,0.0,9.57,92.15,1.53,UKP_0023,2,2016
2016-10-05 14:00:00+00:00,0.0,0.0,9.21,92.75,1.11,UKP_0023,2,2016
2016-10-05 15:00:00+00:00,0.0,0.0,8.6,94.11,0.76,UKP_0023,2,2016
2016-10-05 16:00:00+00:00,0.0,0.0,7.91,95.3,0.61,UKP_0023,2,2016
2016-10-05 17:00:00+00:00,0.0,0.0,7.3,95.63,0.59,UKP_0023,2,2016
2016-10-05 18:00:00+00:00,0.0,0.0,6.89,95.2,0.63,UKP_0023,2,2016
2016-10-05 19:00:00+00:00,0.0,0.0,6.62,93.53,0.72,UKP_0023,2,2016
2016-10-05 20:00:00+00:00,0.0,0.0,6.34,91.72,0.83,UKP_0023,2,2016
2016-10-05 21:00:00+00:00,0.0,0.0,6.15,88.55,0.95,UKP_0023,2,2016
2016-10-05 22:00:00+00:00,0.0,0.0,5.93,85.0,1.01,UKP_0023,2,2016
2016-10-05 23:00:00+00:00,0.0,0.0,5.95,80.24,1.07,UKP_0023,2,2016
2016-10-06 00:00:00+00:00,0.0,0.0,5.92,75.75,1.17,UKP_0023,2,2016
2016-10-06 01:00:00+00:00,92.32,123.72,6.92,75.45,1.18,UKP_0023,2,2016
2016-10-06 02:00:00+00:00,257.52,333.73,10.22,64.49,0.51,UKP_0023,2,2016
2016-10-06 03:00:00+00:00,426.88,539.47,12.5,48.47,1.88,UKP_0023,2,2016
2016-10-06 04:00:00+00:00,543.17,706.6,14.53,41.06,3.16,UKP_0023,2,2016
2016-10-06 05:00:00+00:00,566.03,819.75,15.84,39.41,4.18,UKP_0023,2,2016
2016-10-06 06:00:00+00:00,629.35,878.35,16.46,40.14,4.77,UKP_0023,2,2016
2016-10-06 07:00:00+00:00,634.17,842.8,16.64,41.95,4.96,UKP_0023,2,2016
2016-10-06 08:00:00+00:00,456.5,722.15,16.4,44.6,4.89,UKP_0023,2,2016
2016-10-06 09:00:00+00:00,307.05,544.05,15.85,47.72,4.61,UKP_0023,2,2016
2016-10-06 10:00:00+00:00,197.05,322.7,14.82,52.62,4.2,UKP_0023,2,2016
2016-10-06 11:00:00+00:00,74.88,114.9,13.08,62.84,3.42,UKP_0023,2,2016
2016-10-06 12:00:00+00:00,0.0,0.0,10.02,85.22,1.77,UKP_0023,2,2016
2016-10-06 13:00:00+00:00,0.0,0.0,8.79,94.61,1.29,UKP_0023,2,2016
2016-10-06 14:00:00+00:00,0.0,0.0,8.74,96.86,0.91,UKP_0023,2,2016
2016-10-06 15:00:00+00:00,0.0,0.0,8.6,98.03,0.65,UKP_0023,2,2016
2016-10-06 16:00:00+00:00,0.0,0.0,8.33,98.43,0.57,UKP_0023,2,2016
2016-10-06 17:00:00+00:00,0.0,0.0,8.21,98.01,0.47,UKP_0023,2,2016
2016-10-06 18:00:00+00:00,0.0,0.0,7.92,97.65,0.48,UKP_0023,2,2016
2016-10-06 19:00:00+00:00,0.0,0.0,7.36,98.18,0.24,UKP_0023,2,2016
2016-10-06 20:00:00+00:00,0.0,0.0,6.6,99.18,0.57,UKP_0023,2,2016
2016-10-06 21:00:00+00:00,0.0,0.0,6.15,97.08,0.84,UKP_0023,2,2016
2016-10-06 22:00:00+00:00,0.0,0.0,5.83,92.47,1.1,UKP_0023,2,2016
2016-10-06 23:00:00+00:00,0.0,0.0,5.54,86.22,1.37,UKP_0023,2,2016
2016-10-07 00:00:00+00:00,0.0,0.0,5.48,78.44,1.5,UKP_0023,2,2016
2016-10-07 01:00:00+00:00,133.05,155.52,6.68,74.96,1.43,UKP_0023,2,2016
2016-10-07 02:00:00+00:00,343.02,385.45,10.56,57.06,0.44,UKP_0023,2,2016
2016-10-07 03:00:00+00:00,581.03,604.42,13.07,34.45,1.79,UKP_0023,2,2016
2016-10-07 04:00:00+00:00,735.05,774.97,15.0,27.04,3.06,UKP_0023,2,2016
2016-10-07 05:00:00+00:00,843.78,881.5,16.23,25.78,3.86,UKP_0023,2,2016
2016-10-07 06:00:00+00:00,868.9,916.28,16.89,26.39,4.39,UKP_0023,2,2016
2016-10-07 07:00:00+00:00,804.9,882.42,17.12,27.76,4.63,UKP_0023,2,2016
2016-10-07 08:00:00+00:00,698.38,772.3,16.9,30.34,4.61,UKP_0023,2,2016
2016-10-07 09:00:00+00:00,537.53,599.95,16.35,33.69,4.15,UKP_0023,2,2016
2016-10-07 10:00:00+00:00,323.17,380.4,15.45,37.46,3.66,UKP_0023,2,2016
2016-10-07 11:00:00+00:00,128.68,150.27,13.78,45.2,2.98,UKP_0023,2,2016
2016-10-07 12:00:00+00:00,0.0,0.0,10.46,69.41,1.49,UKP_0023,2,2016
2016-10-07 13:00:00+00:00,0.0,0.0,9.27,75.23,0.79,UKP_0023,2,2016
2016-10-07 14:00:00+00:00,0.0,0.0,8.82,78.1,0.28,UKP_0023,2,2016
2016-10-07 15:00:00+00:00,0.0,0.0,8.41,79.44,0.14,UKP_0023,2,2016
2016-10-07 16:00:00+00:00,0.0,0.0,7.84,81.87,0.13,UKP_0023,2,2016
2016-10-07 17:00:00+00:00,0.0,0.0,7.46,83.48,0.11,UKP_0023,2,2016
2016-10-07 18:00:00+00:00,0.0,0.0,7.25,83.24,0.14,UKP_0023,2,2016
2016-10-07 19:00:00+00:00,0.0,0.0,7.02,81.64,0.42,UKP_0023,2,2016
2016-10-07 20:00:00+00:00,0.0,0.0,6.46,80.87,0.69,UKP_0023,2,2016
2016-10-07 21:00:00+00:00,0.0,0.0,5.98,77.46,0.9,UKP_0023,2,2016
2016-10-07 22:00:00+00:00,0.0,0.0,5.82,71.89,0.97,UKP_0023,2,2016
2016-10-07 23:00:00+00:00,0.0,0.0,5.75,66.65,1.04,UKP_0023,2,2016
2016-10-08 00:00:00+00:00,0.0,0.0,5.75,61.33,1.12,UKP_0023,2,2016
2016-10-08 01:00:00+00:00,126.25,153.02,6.71,60.17,0.94,UKP_0023,2,2016
2016-10-08 02:00:00+00:00,307.62,381.55,9.94,49.08,1.03,UKP_0023,2,2016
2016-10-08 03:00:00+00:00,578.62,598.33,11.96,38.84,2.31,UKP_0023,2,2016
2016-10-08 04:00:00+00:00,701.12,766.7,13.68,35.56,3.23,UKP_0023,2,2016
2016-10-08 05:00:00+00:00,702.67,872.2,14.93,34.49,3.95,UKP_0023,2,2016
2016-10-08 06:00:00+00:00,742.15,896.25,15.69,34.9,4.45,UKP_0023,2,2016
2016-10-08 07:00:00+00:00,601.45,857.1,15.97,36.71,4.76,UKP_0023,2,2016
2016-10-08 08:00:00+00:00,484.92,744.58,15.73,40.0,4.87,UKP_0023,2,2016
2016-10-08 09:00:00+00:00,317.65,573.17,14.98,44.5,4.64,UKP_0023,2,2016
2016-10-08 10:00:00+00:00,164.68,356.38,13.7,51.32,4.16,UKP_0023,2,2016
2016-10-08 11:00:00+00:00,74.3,132.77,11.87,61.79,3.33,UKP_0023,2,2016
2016-10-08 12:00:00+00:00,0.0,0.0,9.18,81.81,1.65,UKP_0023,2,2016
2016-10-08 13:00:00+00:00,0.0,0.0,8.78,84.38,1.08,UKP_0023,2,2016
2016-10-08 14:00:00+00:00,0.0,0.0,8.54,85.89,0.57,UKP_0023,2,2016
2016-10-08 15:00:00+00:00,0.0,0.0,7.89,88.14,0.36,UKP_0023,2,2016
2016-10-08 16:00:00+00:00,0.0,0.0,7.49,89.0,0.31,UKP_0023,2,2016
2016-10-08 17:00:00+00:00,0.0,0.0,7.0,90.26,0.19,UKP_0023,2,2016
2016-10-08 18:00:00+00:00,0.0,0.0,6.6,91.5,0.25,UKP_0023,2,2016
2016-10-08 19:00:00+00:00,0.0,0.0,6.36,91.49,0.22,UKP_0023,2,2016
2016-10-08 20:00:00+00:00,0.0,0.0,5.91,92.54,0.14,UKP_0023,2,2016
2016-10-08 21:00:00+00:00,0.0,0.0,5.3,93.24,0.49,UKP_0023,2,2016
2016-10-08 22:00:00+00:00,0.0,0.0,4.65,92.43,0.83,UKP_0023,2,2016
2016-10-08 23:00:00+00:00,0.0,0.0,4.28,89.47,1.05,UKP_0023,2,2016
2016-10-09 00:00:00+00:00,0.0,0.0,4.15,84.74,1.16,UKP_0023,2,2016
2016-10-09 01:00:00+00:00,126.65,146.3,5.32,81.62,0.95,UKP_0023,2,2016
2016-10-09 02:00:00+00:00,312.67,374.5,8.59,64.54,0.13,UKP_0023,2,2016
2016-10-09 03:00:00+00:00,537.25,592.17,11.08,48.79,2.1,UKP_0023,2,2016
2016-10-09 04:00:00+00:00,744.53,761.3,13.12,37.18,3.45,UKP_0023,2,2016
2016-10-09 05:00:00+00:00,745.3,867.0,14.35,33.21,4.52,UKP_0023,2,2016
2016-10-09 06:00:00+00:00,810.67,910.83,14.9,33.42,5.12,UKP_0023,2,2016
2016-10-09 07:00:00+00:00,719.47,874.97,14.99,35.69,5.34,UKP_0023,2,2016
2016-10-09 08:00:00+00:00,588.08,763.08,14.63,39.24,5.33,UKP_0023,2,2016
2016-10-09 09:00:00+00:00,432.98,589.72,13.82,43.8,5.15,UKP_0023,2,2016
2016-10-09 10:00:00+00:00,257.9,369.62,12.54,49.74,4.7,UKP_0023,2,2016
2016-10-09 11:00:00+00:00,102.53,137.62,10.73,59.08,3.84,UKP_0023,2,2016
2016-10-09 12:00:00+00:00,0.0,0.0,7.9,80.27,2.03,UKP_0023,2,2016
2016-10-09 13:00:00+00:00,0.0,0.0,7.24,85.42,1.48,UKP_0023,2,2016
2016-10-09 14:00:00+00:00,0.0,0.0,6.87,86.98,0.88,UKP_0023,2,2016
2016-10-09 15:00:00+00:00,0.0,0.0,6.63,87.66,0.51,UKP_0023,2,2016
2016-10-09 16:00:00+00:00,0.0,0.0,5.96,89.8,0.28,UKP_0023,2,2016
2016-10-09 17:00:00+00:00,0.0,0.0,5.47,90.8,0.15,UKP_0023,2,2016
2016-10-09 18:00:00+00:00,0.0,0.0,4.88,92.28,0.32,UKP_0023,2,2016
2016-10-09 19:00:00+00:00,0.0,0.0,4.48,92.36,0.44,UKP_0023,2,2016
2016-10-09 20:00:00+00:00,0.0,0.0,4.06,91.82,0.52,UKP_0023,2,2016
2016-10-09 21:00:00+00:00,0.0,0.0,3.54,91.12,0.71,UKP_0023,2,2016
2016-10-09 22:00:00+00:00,0.0,0.0,3.13,87.96,0.81,UKP_0023,2,2016
2016-10-09 23:00:00+00:00,0.0,0.0,2.86,82.68,0.86,UKP_0023,2,2016
2016-10-10 00:00:00+00:00,0.0,0.0,2.86,76.17,0.88,UKP_0023,2,2016
2016-10-10 01:00:00+00:00,95.93,136.12,3.93,73.56,0.77,UKP_0023,2,2016
2016-10-10 02:00:00+00:00,252.6,361.45,7.22,56.71,0.8,UKP_0023,2,2016
2016-10-10 03:00:00+00:00,439.1,580.9,9.5,44.55,2.26,UKP_0023,2,2016
2016-10-10 04:00:00+00:00,588.4,750.72,11.23,38.02,3.47,UKP_0023,2,2016
2016-10-10 05:00:00+00:00,742.45,862.05,12.38,35.62,4.42,UKP_0023,2,2016
2016-10-10 06:00:00+00:00,673.0,892.53,13.02,35.25,5.08,UKP_0023,2,2016
2016-10-10 07:00:00+00:00,659.65,859.17,13.18,36.99,5.48,UKP_0023,2,2016
2016-10-10 08:00:00+00:00,511.85,744.17,12.78,40.89,5.58,UKP_0023,2,2016
2016-10-10 09:00:00+00:00,306.38,563.5,11.91,45.68,5.28,UKP_0023,2,2016
2016-10-10 10:00:00+00:00,187.48,337.75,10.69,50.74,4.61,UKP_0023,2,2016
2016-10-10 11:00:00+00:00,68.75,111.7,9.12,57.64,3.67,UKP_0023,2,2016
2016-10-10 12:00:00+00:00,0.0,0.0,6.63,76.42,2.06,UKP_0023,2,2016
2016-10-10 13:00:00+00:00,0.0,0.0,6.16,77.69,1.24,UKP_0023,2,2016
2016-10-10 14:00:00+00:00,0.0,0.0,6.16,77.02,0.65,UKP_0023,2,2016
2016-10-10 15:00:00+00:00,0.0,0.0,5.71,78.76,0.18,UKP_0023,2,2016
2016-10-10 16:00:00+00:00,0.0,0.0,4.94,81.45,0.29,UKP_0023,2,2016
2016-10-10 17:00:00+00:00,0.0,0.0,4.55,81.58,0.53,UKP_0023,2,2016
2016-10-10 18:00:00+00:00,0.0,0.0,3.97,82.48,0.66,UKP_0023,2,2016
2016-10-10 19:00:00+00:00,0.0,0.0,3.37,83.0,0.79,UKP_0023,2,2016
2016-10-10 20:00:00+00:00,0.0,0.0,2.96,81.86,0.89,UKP_0023,2,2016
2016-10-10 21:00:00+00:00,0.0,0.0,2.57,79.87,1.08,UKP_0023,2,2016
2016-10-10 22:00:00+00:00,0.0,0.0,2.38,76.03,1.22,UKP_0023,2,2016
2016-10-10 23:00:00+00:00,0.0,0.0,2.45,70.75,1.27,UKP_0023,2,2016
2016-10-11 00:00:00+00:00,0.0,0.0,2.66,65.2,1.27,UKP_0023,2,2016
2016-10-11 01:00:00+00:00,124.1,149.8,3.91,64.97,1.15,UKP_0023,2,2016
2016-10-11 02:00:00+00:00,317.45,382.1,7.31,57.02,0.96,UKP_0023,2,2016
2016-10-11 03:00:00+00:00,565.17,601.03,9.82,40.75,1.75,UKP_0023,2,2016
2016-10-11 04:00:00+00:00,754.62,772.42,12.09,32.42,3.1,UKP_0023,2,2016
2016-10-11 05:00:00+00:00,786.53,877.53,13.49,29.78,4.24,UKP_0023,2,2016
2016-10-11 06:00:00+00:00,820.25,901.95,14.13,30.28,4.98,UKP_0023,2,2016
2016-10-11 07:00:00+00:00,791.53,860.15,14.18,32.79,5.32,UKP_0023,2,2016
2016-10-11 08:00:00+00:00,662.0,748.45,13.65,37.2,5.25,UKP_0023,2,2016
2016-10-11 09:00:00+00:00,496.58,576.4,12.7,42.91,4.76,UKP_0023,2,2016
2016-10-11 10:00:00+00:00,293.48,357.85,11.46,50.03,4.1,UKP_0023,2,2016
2016-10-11 11:00:00+00:00,103.95,125.68,9.87,59.38,3.31,UKP_0023,2,2016
2016-10-11 12:00:00+00:00,0.0,0.0,7.46,79.08,1.67,UKP_0023,2,2016
2016-10-11 13:00:00+00:00,0.0,0.0,6.98,81.64,0.71,UKP_0023,2,2016
2016-10-11 14:00:00+00:00,0.0,0.0,6.6,83.26,0.31,UKP_0023,2,2016
2016-10-11 15:00:00+00:00,0.0,0.0,6.02,84.65,0.77,UKP_0023,2,2016
2016-10-11 16:00:00+00:00,0.0,0.0,6.01,82.34,0.79,UKP_0023,2,2016
2016-10-11 17:00:00+00:00,0.0,0.0,5.96,80.71,0.67,UKP_0023,2,2016
2016-10-11 18:00:00+00:00,0.0,0.0,6.02,79.29,0.53,UKP_0023,2,2016
2016-10-11 19:00:00+00:00,0.0,0.0,5.92,78.87,0.45,UKP_0023,2,2016
2016-10-11 20:00:00+00:00,0.0,0.0,5.75,79.77,0.43,UKP_0023,2,2016
2016-10-11 21:00:00+00:00,0.0,0.0,5.36,81.3,0.48,UKP_0023,2,2016
2016-10-11 22:00:00+00:00,0.0,0.0,5.07,82.02,0.79,UKP_0023,2,2016
2016-10-11 23:00:00+00:00,0.0,0.0,4.82,82.03,1.0,UKP_0023,2,2016
2016-10-12 00:00:00+00:00,0.0,0.0,4.5,81.64,1.13,UKP_0023,2,2016
2016-10-12 01:00:00+00:00,125.5,144.43,5.27,77.78,1.11,UKP_0023,2,2016
2016-10-12 02:00:00+00:00,326.8,374.88,8.64,61.15,0.65,UKP_0023,2,2016
2016-10-12 03:00:00+00:00,526.55,590.03,11.12,49.03,2.25,UKP_0023,2,2016
2016-10-12 04:00:00+00:00,680.67,757.3,12.92,44.52,3.54,UKP_0023,2,2016
2016-10-12 05:00:00+00:00,788.15,864.88,14.13,42.32,4.6,UKP_0023,2,2016
2016-10-12 06:00:00+00:00,800.67,897.95,14.65,41.77,5.25,UKP_0023,2,2016
2016-10-12 07:00:00+00:00,753.17,864.35,14.66,42.32,5.67,UKP_0023,2,2016
2016-10-12 08:00:00+00:00,664.15,755.9,14.15,45.1,5.72,UKP_0023,2,2016
2016-10-12 09:00:00+00:00,478.12,585.6,13.35,48.52,5.27,UKP_0023,2,2016
2016-10-12 10:00:00+00:00,289.62,367.75,12.24,52.73,4.58,UKP_0023,2,2016
2016-10-12 11:00:00+00:00,103.57,131.98,10.57,60.41,3.74,UKP_0023,2,2016
2016-10-12 12:00:00+00:00,0.0,0.0,7.7,79.81,1.96,UKP_0023,2,2016
2016-10-12 13:00:00+00:00,0.0,0.0,7.32,81.53,1.33,UKP_0023,2,2016
2016-10-12 14:00:00+00:00,0.0,0.0,6.97,82.89,0.66,UKP_0023,2,2016
2016-10-12 15:00:00+00:00,0.0,0.0,6.19,85.85,0.06,UKP_0023,2,2016
2016-10-12 16:00:00+00:00,0.0,0.0,5.86,85.44,0.19,UKP_0023,2,2016
2016-10-12 17:00:00+00:00,0.0,0.0,5.51,85.06,0.32,UKP_0023,2,2016
2016-10-12 18:00:00+00:00,0.0,0.0,5.07,84.76,0.43,UKP_0023,2,2016
2016-10-12 19:00:00+00:00,0.0,0.0,4.67,83.99,0.54,UKP_0023,2,2016
2016-10-12 20:00:00+00:00,0.0,0.0,4.36,81.0,0.58,UKP_0023,2,2016
2016-10-12 21:00:00+00:00,0.0,0.0,4.27,75.45,0.7,UKP_0023,2,2016
2016-10-12 22:00:00+00:00,0.0,0.0,3.87,71.53,0.86,UKP_0023,2,2016
2016-10-12 23:00:00+00:00,0.0,0.0,3.58,67.66,1.0,UKP_0023,2,2016
2016-10-13 00:00:00+00:00,0.0,0.0,3.46,63.13,1.16,UKP_0023,2,2016
2016-10-13 01:00:00+00:00,116.7,150.45,4.2,62.68,1.25,UKP_0023,2,2016
2016-10-13 02:00:00+00:00,318.88,387.48,7.74,47.71,1.12,UKP_0023,2,2016
2016-10-13 03:00:00+00:00,514.53,608.15,10.16,37.55,1.22,UKP_0023,2,2016
2016-10-13 04:00:00+00:00,654.53,778.97,11.98,34.23,2.74,UKP_0023,2,2016
2016-10-13 05:00:00+00:00,779.33,884.47,13.44,32.47,3.78,UKP_0023,2,2016
2016-10-13 06:00:00+00:00,754.15,910.15,14.32,32.91,4.63,UKP_0023,2,2016
2016-10-13 07:00:00+00:00,693.38,871.3,14.56,35.55,5.09,UKP_0023,2,2016
2016-10-13 08:00:00+00:00,555.05,758.4,14.29,39.1,5.21,UKP_0023,2,2016
2016-10-13 09:00:00+00:00,440.77,585.08,13.56,43.35,4.86,UKP_0023,2,2016
2016-10-13 10:00:00+00:00,259.95,365.02,12.43,48.3,4.31,UKP_0023,2,2016
2016-10-13 11:00:00+00:00,94.2,127.32,10.71,55.78,3.44,UKP_0023,2,2016
2016-10-13 12:00:00+00:00,0.0,0.0,7.71,75.95,1.59,UKP_0023,2,2016
2016-10-13 13:00:00+00:00,0.0,0.0,7.28,76.19,0.73,UKP_0023,2,2016
2016-10-13 14:00:00+00:00,0.0,0.0,7.03,76.66,0.37,UKP_0023,2,2016
2016-10-13 15:00:00+00:00,0.0,0.0,6.44,78.49,0.64,UKP_0023,2,2016
2016-10-13 16:00:00+00:00,0.0,0.0,6.05,78.88,0.74,UKP_0023,2,2016
2016-10-13 17:00:00+00:00,0.0,0.0,5.74,78.66,0.7,UKP_0023,2,2016
2016-10-13 18:00:00+00:00,0.0,0.0,5.67,76.47,0.72,UKP_0023,2,2016
2016-10-13 19:00:00+00:00,0.0,0.0,5.31,75.76,0.84,UKP_0023,2,2016
2016-10-13 20:00:00+00:00,0.0,0.0,4.96,75.16,0.96,UKP_0023,2,2016
2016-10-13 21:00:00+00:00,0.0,0.0,4.56,74.35,1.12,UKP_0023,2,2016
2016-10-13 22:00:00+00:00,0.0,0.0,4.25,72.73,1.3,UKP_0023,2,2016
2016-10-13 23:00:00+00:00,0.0,0.0,4.11,69.36,1.44,UKP_0023,2,2016
2016-10-14 00:00:00+00:00,0.0,0.0,4.05,65.02,1.51,UKP_0023,2,2016
2016-10-14 01:00:00+00:00,124.57,144.25,4.78,62.99,1.52,UKP_0023,2,2016
2016-10-14 02:00:00+00:00,351.52,377.75,8.56,50.0,1.25,UKP_0023,2,2016
2016-10-14 03:00:00+00:00,583.72,593.97,11.53,34.57,0.99,UKP_0023,2,2016
2016-10-14 04:00:00+00:00,750.62,761.28,13.65,29.72,2.87,UKP_0023,2,2016
2016-10-14 05:00:00+00:00,857.33,865.53,15.05,27.73,4.09,UKP_0023,2,2016
2016-10-14 06:00:00+00:00,884.67,895.55,15.73,27.92,4.87,UKP_0023,2,2016
2016-10-14 07:00:00+00:00,793.47,867.7,15.85,29.55,5.18,UKP_0023,2,2016
2016-10-14 08:00:00+00:00,692.7,756.8,15.47,32.62,5.09,UKP_0023,2,2016
2016-10-14 09:00:00+00:00,525.33,582.4,14.76,36.27,4.74,UKP_0023,2,2016
2016-10-14 10:00:00+00:00,310.88,360.83,13.64,40.44,4.2,UKP_0023,2,2016
2016-10-14 11:00:00+00:00,101.93,122.4,11.81,47.88,3.24,UKP_0023,2,2016
2016-10-14 12:00:00+00:00,0.0,0.0,8.53,69.6,1.55,UKP_0023,2,2016
2016-10-14 13:00:00+00:00,0.0,0.0,7.92,69.44,0.83,UKP_0023,2,2016
2016-10-14 14:00:00+00:00,0.0,0.0,7.27,73.39,0.62,UKP_0023,2,2016
2016-10-14 15:00:00+00:00,0.0,0.0,6.79,75.87,0.75,UKP_0023,2,2016
2016-10-14 16:00:00+00:00,0.0,0.0,6.3,78.36,0.9,UKP_0023,2,2016
2016-10-14 17:00:00+00:00,0.0,0.0,6.14,78.26,1.06,UKP_0023,2,2016
2016-10-14 18:00:00+00:00,0.0,0.0,5.99,77.24,1.18,UKP_0023,2,2016
2016-10-14 19:00:00+00:00,0.0,0.0,5.41,77.38,1.36,UKP_0023,2,2016
2016-10-14 20:00:00+00:00,0.0,0.0,4.89,76.44,1.58,UKP_0023,2,2016
2016-10-14 21:00:00+00:00,0.0,0.0,4.51,73.57,1.68,UKP_0023,2,2016
2016-10-14 22:00:00+00:00,0.0,0.0,4.3,69.0,1.75,UKP_0023,2,2016
2016-10-14 23:00:00+00:00,0.0,0.0,4.04,65.34,1.85,UKP_0023,2,2016
2016-10-15 00:00:00+00:00,0.0,0.0,3.87,62.13,1.92,UKP_0023,2,2016
2016-10-15 01:00:00+00:00,126.45,145.2,4.75,59.63,1.94,UKP_0023,2,2016
2016-10-15 02:00:00+00:00,334.77,383.88,8.76,48.07,1.91,UKP_0023,2,2016
2016-10-15 03:00:00+00:00,560.97,603.0,12.42,30.67,0.77,UKP_0023,2,2016
2016-10-15 04:00:00+00:00,728.72,775.12,15.02,24.26,2.23,UKP_0023,2,2016
2016-10-15 05:00:00+00:00,787.78,880.72,16.2,24.56,3.6,UKP_0023,2,2016
2016-10-15 06:00:00+00:00,819.47,903.65,16.74,26.65,4.5,UKP_0023,2,2016
2016-10-15 07:00:00+00:00,756.5,864.53,16.7,29.64,5.06,UKP_0023,2,2016
2016-10-15 08:00:00+00:00,599.8,749.47,16.1,33.65,5.23,UKP_0023,2,2016
2016-10-15 09:00:00+00:00,475.7,571.55,15.18,38.28,4.98,UKP_0023,2,2016
2016-10-15 10:00:00+00:00,271.2,348.5,13.79,44.44,4.39,UKP_0023,2,2016
2016-10-15 11:00:00+00:00,87.72,111.45,11.7,54.0,3.28,UKP_0023,2,2016
2016-10-15 12:00:00+00:00,0.0,0.0,8.62,73.3,1.48,UKP_0023,2,2016
2016-10-15 13:00:00+00:00,0.0,0.0,8.03,76.24,0.52,UKP_0023,2,2016
2016-10-15 14:00:00+00:00,0.0,0.0,7.27,80.45,0.36,UKP_0023,2,2016
2016-10-15 15:00:00+00:00,0.0,0.0,6.95,80.36,0.71,UKP_0023,2,2016
2016-10-15 16:00:00+00:00,0.0,0.0,6.64,80.14,0.91,UKP_0023,2,2016
2016-10-15 17:00:00+00:00,0.0,0.0,6.21,80.18,1.05,UKP_0023,2,2016
2016-10-15 18:00:00+00:00,0.0,0.0,5.95,78.61,1.09,UKP_0023,2,2016
2016-10-15 19:00:00+00:00,0.0,0.0,5.71,76.72,1.2,UKP_0023,2,2016
2016-10-15 20:00:00+00:00,0.0,0.0,5.37,74.89,1.36,UKP_0023,2,2016
2016-10-15 21:00:00+00:00,0.0,0.0,5.04,72.24,1.57,UKP_0023,2,2016
2016-10-15 22:00:00+00:00,0.0,0.0,4.84,68.3,1.62,UKP_0023,2,2016
2016-10-15 23:00:00+00:00,0.0,0.0,4.66,64.31,1.62,UKP_0023,2,2016
2016-10-16 00:00:00+00:00,0.0,0.0,4.41,59.86,1.63,UKP_0023,2,2016
2016-10-16 01:00:00+00:00,115.32,136.55,5.24,55.78,1.48,UKP_0023,2,2016
2016-10-16 02:00:00+00:00,333.42,372.88,8.72,47.75,1.03,UKP_0023,2,2016
2016-10-16 03:00:00+00:00,565.55,592.47,11.4,34.93,1.65,UKP_0023,2,2016
2016-10-16 04:00:00+00:00,733.42,761.42,13.21,30.95,3.26,UKP_0023,2,2016
2016-10-16 05:00:00+00:00,830.2,865.2,14.39,30.24,4.23,UKP_0023,2,2016
2016-10-16 06:00:00+00:00,827.7,893.17,14.97,31.09,4.82,UKP_0023,2,2016
2016-10-16 07:00:00+00:00,784.78,856.85,15.08,32.08,5.11,UKP_0023,2,2016
2016-10-16 08:00:00+00:00,695.2,743.38,14.68,34.43,5.04,UKP_0023,2,2016
2016-10-16 09:00:00+00:00,523.1,568.4,13.9,38.03,4.6,UKP_0023,2,2016
2016-10-16 10:00:00+00:00,286.7,346.5,12.7,42.88,4.02,UKP_0023,2,2016
2016-10-16 11:00:00+00:00,82.32,109.2,10.83,50.77,3.2,UKP_0023,2,2016
2016-10-16 12:00:00+00:00,0.0,0.0,7.63,71.48,1.55,UKP_0023,2,2016
2016-10-16 13:00:00+00:00,0.0,0.0,7.13,72.58,0.75,UKP_0023,2,2016
2016-10-16 14:00:00+00:00,0.0,0.0,6.85,73.92,0.07,UKP_0023,2,2016
2016-10-16 15:00:00+00:00,0.0,0.0,6.51,74.64,0.3,UKP_0023,2,2016
2016-10-16 16:00:00+00:00,0.0,0.0,6.29,74.36,0.43,UKP_0023,2,2016
2016-10-16 17:00:00+00:00,0.0,0.0,5.62,76.51,0.57,UKP_0023,2,2016
2016-10-16 18:00:00+00:00,0.0,0.0,5.27,76.59,0.71,UKP_0023,2,2016
2016-10-16 19:00:00+00:00,0.0,0.0,4.93,76.07,0.86,UKP_0023,2,2016
2016-10-16 20:00:00+00:00,0.0,0.0,4.63,74.87,0.98,UKP_0023,2,2016
2016-10-16 21:00:00+00:00,0.0,0.0,4.44,72.37,1.04,UKP_0023,2,2016
2016-10-16 22:00:00+00:00,0.0,0.0,4.23,70.04,1.09,UKP_0023,2,2016
2016-10-16 23:00:00+00:00,0.0,0.0,4.28,66.28,1.1,UKP_0023,2,2016
2016-10-17 00:00:00+00:00,0.0,0.0,4.55,60.96,1.05,UKP_0023,2,2016
2016-10-17 01:00:00+00:00,111.45,136.12,5.19,57.31,0.86,UKP_0023,2,2016
2016-10-17 02:00:00+00:00,316.08,374.38,7.88,47.23,0.51,UKP_0023,2,2016
2016-10-17 03:00:00+00:00,563.83,594.85,10.25,35.95,2.02,UKP_0023,2,2016
2016-10-17 04:00:00+00:00,745.92,762.5,12.0,31.93,3.27,UKP_0023,2,2016
2016-10-17 05:00:00+00:00,735.0,865.45,13.3,30.64,4.2,UKP_0023,2,2016
2016-10-17 06:00:00+00:00,813.2,892.7,14.02,30.84,4.9,UKP_0023,2,2016
2016-10-17 07:00:00+00:00,688.75,853.28,14.18,32.44,5.15,UKP_0023,2,2016
2016-10-17 08:00:00+00:00,546.1,739.75,13.91,34.82,5.13,UKP_0023,2,2016
2016-10-17 09:00:00+00:00,386.98,562.55,13.21,38.41,4.83,UKP_0023,2,2016
2016-10-17 10:00:00+00:00,220.07,340.17,12.04,43.69,4.22,UKP_0023,2,2016
2016-10-17 11:00:00+00:00,64.12,102.4,10.23,52.23,3.28,UKP_0023,2,2016
2016-10-17 12:00:00+00:00,0.0,0.0,7.18,72.71,1.5,UKP_0023,2,2016
2016-10-17 13:00:00+00:00,0.0,0.0,6.49,76.15,0.66,UKP_0023,2,2016
2016-10-17 14:00:00+00:00,0.0,0.0,6.01,77.91,0.73,UKP_0023,2,2016
2016-10-17 15:00:00+00:00,0.0,0.0,5.64,77.49,1.08,UKP_0023,2,2016
2016-10-17 16:00:00+00:00,0.0,0.0,5.44,75.21,1.17,UKP_0023,2,2016
2016-10-17 17:00:00+00:00,0.0,0.0,5.18,72.76,1.27,UKP_0023,2,2016
2016-10-17 18:00:00+00:00,0.0,0.0,4.84,70.21,1.39,UKP_0023,2,2016
2016-10-17 19:00:00+00:00,0.0,0.0,4.57,66.76,1.47,UKP_0023,2,2016
2016-10-17 20:00:00+00:00,0.0,0.0,4.35,62.13,1.54,UKP_0023,2,2016
2016-10-17 21:00:00+00:00,0.0,0.0,4.23,57.08,1.56,UKP_0023,2,2016
2016-10-17 22:00:00+00:00,0.0,0.0,4.15,52.36,1.57,UKP_0023,2,2016
2016-10-17 23:00:00+00:00,0.0,0.0,4.5,46.71,1.58,UKP_0023,2,2016
2016-10-18 00:00:00+00:00,0.0,0.0,4.51,43.5,1.56,UKP_0023,2,2016
2016-10-18 01:00:00+00:00,105.28,130.8,4.87,44.91,1.5,UKP_0023,2,2016
2016-10-18 02:00:00+00:00,309.85,365.62,8.11,41.33,1.24,UKP_0023,2,2016
2016-10-18 03:00:00+00:00,580.92,583.9,11.34,27.2,1.16,UKP_0023,2,2016
2016-10-18 04:00:00+00:00,699.0,748.95,13.32,24.84,3.14,UKP_0023,2,2016
2016-10-18 05:00:00+00:00,701.08,850.65,14.49,25.33,4.21,UKP_0023,2,2016
2016-10-18 06:00:00+00:00,778.3,876.42,15.11,26.34,5.08,UKP_0023,2,2016
2016-10-18 07:00:00+00:00,673.88,835.25,15.01,28.73,5.47,UKP_0023,2,2016
2016-10-18 08:00:00+00:00,600.88,722.4,14.42,32.0,5.27,UKP_0023,2,2016
2016-10-18 09:00:00+00:00,437.08,548.25,13.56,35.48,4.8,UKP_0023,2,2016
2016-10-18 10:00:00+00:00,247.75,328.95,12.34,39.59,4.21,UKP_0023,2,2016
2016-10-18 11:00:00+00:00,67.93,95.95,10.37,47.42,3.25,UKP_0023,2,2016
2016-10-18 12:00:00+00:00,0.0,0.0,7.12,68.06,1.53,UKP_0023,2,2016
2016-10-18 13:00:00+00:00,0.0,0.0,6.56,69.61,0.71,UKP_0023,2,2016
2016-10-18 14:00:00+00:00,0.0,0.0,5.95,72.51,0.48,UKP_0023,2,2016
2016-10-18 15:00:00+00:00,0.0,0.0,5.44,72.77,0.85,UKP_0023,2,2016
2016-10-18 16:00:00+00:00,0.0,0.0,5.32,70.87,0.95,UKP_0023,2,2016
2016-10-18 17:00:00+00:00,0.0,0.0,5.3,68.44,1.05,UKP_0023,2,2016
2016-10-18 18:00:00+00:00,0.0,0.0,5.17,65.99,1.16,UKP_0023,2,2016
2016-10-18 19:00:00+00:00,0.0,0.0,4.93,63.86,1.25,UKP_0023,2,2016
2016-10-18 20:00:00+00:00,0.0,0.0,4.68,61.67,1.34,UKP_0023,2,2016
2016-10-18 21:00:00+00:00,0.0,0.0,4.56,58.35,1.33,UKP_0023,2,2016
2016-10-18 22:00:00+00:00,0.0,0.0,4.42,55.45,1.23,UKP_0023,2,2016
2016-10-18 23:00:00+00:00,0.0,0.0,4.47,53.8,1.05,UKP_0023,2,2016
2016-10-19 00:00:00+00:00,0.0,0.0,4.38,54.17,0.94,UKP_0023,2,2016
2016-10-19 01:00:00+00:00,97.07,125.43,4.33,56.56,0.92,UKP_0023,2,2016
2016-10-19 02:00:00+00:00,298.02,360.3,6.94,50.82,0.88,UKP_0023,2,2016
2016-10-19 03:00:00+00:00,549.25,577.28,9.33,43.12,1.57,UKP_0023,2,2016
2016-10-19 04:00:00+00:00,640.83,743.15,11.38,36.85,3.28,UKP_0023,2,2016
2016-10-19 05:00:00+00:00,785.9,845.72,12.72,34.57,4.59,UKP_0023,2,2016
2016-10-19 06:00:00+00:00,753.83,871.72,13.37,34.28,4.98,UKP_0023,2,2016
2016-10-19 07:00:00+00:00,672.88,831.62,13.63,34.61,5.07,UKP_0023,2,2016
2016-10-19 08:00:00+00:00,516.47,715.67,13.48,36.01,5.0,UKP_0023,2,2016
2016-10-19 09:00:00+00:00,365.7,538.92,12.91,38.71,4.68,UKP_0023,2,2016
2016-10-19 10:00:00+00:00,207.15,318.27,11.91,42.61,4.17,UKP_0023,2,2016
2016-10-19 11:00:00+00:00,61.45,87.4,10.11,50.64,3.16,UKP_0023,2,2016
2016-10-19 12:00:00+00:00,0.0,0.0,7.03,70.19,1.43,UKP_0023,2,2016
2016-10-19 13:00:00+00:00,0.0,0.0,6.48,72.12,0.66,UKP_0023,2,2016
2016-10-19 14:00:00+00:00,0.0,0.0,5.83,74.26,0.55,UKP_0023,2,2016
2016-10-19 15:00:00+00:00,0.0,0.0,5.4,74.52,0.76,UKP_0023,2,2016
2016-10-19 16:00:00+00:00,0.0,0.0,5.21,73.24,0.88,UKP_0023,2,2016
2016-10-19 17:00:00+00:00,0.0,0.0,4.99,71.65,0.99,UKP_0023,2,2016
2016-10-19 18:00:00+00:00,0.0,0.0,4.69,70.76,1.06,UKP_0023,2,2016
2016-10-19 19:00:00+00:00,0.0,0.0,4.58,68.38,1.1,UKP_0023,2,2016
2016-10-19 20:00:00+00:00,0.0,0.0,4.59,65.27,1.07,UKP_0023,2,2016
2016-10-19 21:00:00+00:00,0.0,0.0,4.79,61.49,0.94,UKP_0023,2,2016
2016-10-19 22:00:00+00:00,0.0,0.0,5.07,58.01,0.8,UKP_0023,2,2016
2016-10-19 23:00:00+00:00,0.0,0.0,4.85,57.37,0.71,UKP_0023,2,2016
2016-10-20 00:00:00+00:00,0.0,0.0,4.4,57.9,0.77,UKP_0023,2,2016
2016-10-20 01:00:00+00:00,95.57,115.7,4.17,59.57,0.79,UKP_0023,2,2016
2016-10-20 02:00:00+00:00,303.5,349.62,7.07,52.3,0.68,UKP_0023,2,2016
2016-10-20 03:00:00+00:00,539.62,569.7,9.65,39.07,1.45,UKP_0023,2,2016
2016-10-20 04:00:00+00:00,686.97,739.92,11.76,32.49,3.19,UKP_0023,2,2016
2016-10-20 05:00:00+00:00,758.3,844.85,13.3,29.5,4.19,UKP_0023,2,2016
2016-10-20 06:00:00+00:00,814.17,874.8,14.24,28.35,4.83,UKP_0023,2,2016
2016-10-20 07:00:00+00:00,787.15,835.6,14.6,28.81,5.13,UKP_0023,2,2016
2016-10-20 08:00:00+00:00,590.03,692.9,14.46,30.74,5.17,UKP_0023,2,2016
2016-10-20 09:00:00+00:00,427.35,521.7,13.7,34.27,4.95,UKP_0023,2,2016
2016-10-20 10:00:00+00:00,238.48,305.4,12.36,40.05,4.46,UKP_0023,2,2016
2016-10-20 11:00:00+00:00,60.22,79.95,10.18,50.06,3.21,UKP_0023,2,2016
2016-10-20 12:00:00+00:00,0.0,0.0,6.83,70.29,1.64,UKP_0023,2,2016
2016-10-20 13:00:00+00:00,0.0,0.0,6.38,72.56,1.02,UKP_0023,2,2016
2016-10-20 14:00:00+00:00,0.0,0.0,5.96,74.15,0.55,UKP_0023,2,2016
2016-10-20 15:00:00+00:00,0.0,0.0,5.27,75.7,0.33,UKP_0023,2,2016
2016-10-20 16:00:00+00:00,0.0,0.0,4.51,78.24,0.26,UKP_0023,2,2016
2016-10-20 17:00:00+00:00,0.0,0.0,4.13,78.69,0.2,UKP_0023,2,2016
2016-10-20 18:00:00+00:00,0.0,0.0,3.71,79.06,0.22,UKP_0023,2,2016
2016-10-20 19:00:00+00:00,0.0,0.0,3.2,79.59,0.55,UKP_0023,2,2016
2016-10-20 20:00:00+00:00,0.0,0.0,2.46,80.02,0.93,UKP_0023,2,2016
2016-10-20 21:00:00+00:00,0.0,0.0,1.8,79.05,1.22,UKP_0023,2,2016
2016-10-20 22:00:00+00:00,0.0,0.0,1.75,72.25,1.22,UKP_0023,2,2016
2016-10-20 23:00:00+00:00,0.0,0.0,1.9,64.33,1.17,UKP_0023,2,2016
2016-10-21 00:00:00+00:00,0.0,0.0,2.21,57.03,1.07,UKP_0023,2,2016
2016-10-21 01:00:00+00:00,87.05,109.62,2.82,53.16,0.96,UKP_0023,2,2016
2016-10-21 02:00:00+00:00,313.85,340.73,5.95,46.21,0.33,UKP_0023,2,2016
2016-10-21 03:00:00+00:00,543.62,558.4,8.55,35.18,1.84,UKP_0023,2,2016
2016-10-21 04:00:00+00:00,666.28,727.75,10.61,28.44,3.32,UKP_0023,2,2016
2016-10-21 05:00:00+00:00,790.12,837.72,12.21,25.49,4.31,UKP_0023,2,2016
2016-10-21 06:00:00+00:00,793.9,869.03,13.1,24.99,5.07,UKP_0023,2,2016
2016-10-21 07:00:00+00:00,685.17,832.95,13.39,25.96,5.4,UKP_0023,2,2016
2016-10-21 08:00:00+00:00,600.58,718.35,13.15,28.5,5.33,UKP_0023,2,2016
2016-10-21 09:00:00+00:00,431.05,541.85,12.54,31.95,5.04,UKP_0023,2,2016
2016-10-21 10:00:00+00:00,241.05,321.08,11.4,36.93,4.59,UKP_0023,2,2016
2016-10-21 11:00:00+00:00,63.5,86.72,9.47,45.89,3.44,UKP_0023,2,2016
2016-10-21 12:00:00+00:00,0.0,0.0,6.08,65.93,1.68,UKP_0023,2,2016
2016-10-21 13:00:00+00:00,0.0,0.0,5.62,67.5,0.98,UKP_0023,2,2016
2016-10-21 14:00:00+00:00,0.0,0.0,5.23,68.51,0.56,UKP_0023,2,2016
2016-10-21 15:00:00+00:00,0.0,0.0,4.85,68.18,0.67,UKP_0023,2,2016
2016-10-21 16:00:00+00:00,0.0,0.0,4.42,68.01,0.81,UKP_0023,2,2016
2016-10-21 17:00:00+00:00,0.0,0.0,4.16,67.07,0.82,UKP_0023,2,2016
2016-10-21 18:00:00+00:00,0.0,0.0,4.22,65.29,0.83,UKP_0023,2,2016
2016-10-21 19:00:00+00:00,0.0,0.0,4.08,64.82,0.83,UKP_0023,2,2016
2016-10-21 20:00:00+00:00,0.0,0.0,3.59,65.51,0.99,UKP_0023,2,2016
2016-10-21 21:00:00+00:00,0.0,0.0,3.25,65.19,1.1,UKP_0023,2,2016
2016-10-21 22:00:00+00:00,0.0,0.0,2.9,63.84,1.22,UKP_0023,2,2016
2016-10-21 23:00:00+00:00,0.0,0.0,2.91,59.64,1.39,UKP_0023,2,2016
2016-10-22 00:00:00+00:00,0.0,0.0,2.94,54.2,1.5,UKP_0023,2,2016
2016-10-22 01:00:00+00:00,104.1,123.3,3.49,49.02,1.47,UKP_0023,2,2016
2016-10-22 02:00:00+00:00,318.48,362.58,6.99,42.14,1.02,UKP_0023,2,2016
2016-10-22 03:00:00+00:00,583.25,583.3,10.04,29.65,1.95,UKP_0023,2,2016
2016-10-22 04:00:00+00:00,747.6,751.53,12.1,25.31,3.42,UKP_0023,2,2016
2016-10-22 05:00:00+00:00,785.88,852.95,13.73,22.39,4.35,UKP_0023,2,2016
2016-10-22 06:00:00+00:00,852.85,875.3,14.69,21.09,5.02,UKP_0023,2,2016
2016-10-22 07:00:00+00:00,789.42,837.33,14.97,21.36,5.42,UKP_0023,2,2016
2016-10-22 08:00:00+00:00,651.17,722.8,14.67,23.24,5.54,UKP_0023,2,2016
2016-10-22 09:00:00+00:00,479.55,547.38,13.8,26.64,5.21,UKP_0023,2,2016
2016-10-22 10:00:00+00:00,277.3,325.92,12.4,31.37,4.53,UKP_0023,2,2016
2016-10-22 11:00:00+00:00,73.35,88.22,10.14,40.69,3.04,UKP_0023,2,2016
2016-10-22 12:00:00+00:00,0.0,0.0,6.84,58.24,1.44,UKP_0023,2,2016
2016-10-22 13:00:00+00:00,0.0,0.0,6.49,58.89,0.38,UKP_0023,2,2016
2016-10-22 14:00:00+00:00,0.0,0.0,5.43,61.53,0.53,UKP_0023,2,2016
2016-10-22 15:00:00+00:00,0.0,0.0,4.8,61.43,0.91,UKP_0023,2,2016
2016-10-22 16:00:00+00:00,0.0,0.0,4.57,59.52,1.02,UKP_0023,2,2016
2016-10-22 17:00:00+00:00,0.0,0.0,4.65,56.15,1.03,UKP_0023,2,2016
2016-10-22 18:00:00+00:00,0.0,0.0,4.62,53.09,0.99,UKP_0023,2,2016
2016-10-22 19:00:00+00:00,0.0,0.0,4.38,50.75,1.01,UKP_0023,2,2016
2016-10-22 20:00:00+00:00,0.0,0.0,4.12,48.8,1.06,UKP_0023,2,2016
2016-10-22 21:00:00+00:00,0.0,0.0,3.66,47.71,1.14,UKP_0023,2,2016
2016-10-22 22:00:00+00:00,0.0,0.0,3.44,45.58,1.25,UKP_0023,2,2016
2016-10-22 23:00:00+00:00,0.0,0.0,3.43,42.74,1.33,UKP_0023,2,2016
2016-10-23 00:00:00+00:00,0.0,0.0,3.39,40.29,1.35,UKP_0023,2,2016
2016-10-23 01:00:00+00:00,107.57,117.03,3.97,38.84,1.31,UKP_0023,2,2016
2016-10-23 02:00:00+00:00,336.58,353.98,7.65,37.27,1.03,UKP_0023,2,2016
2016-10-23 03:00:00+00:00,558.33,571.45,11.06,22.83,1.21,UKP_0023,2,2016
2016-10-23 04:00:00+00:00,738.62,739.67,13.29,18.84,3.48,UKP_0023,2,2016
2016-10-23 05:00:00+00:00,837.78,841.67,14.65,18.25,4.56,UKP_0023,2,2016
2016-10-23 06:00:00+00:00,842.9,865.53,15.43,18.75,5.24,UKP_0023,2,2016
2016-10-23 07:00:00+00:00,797.85,832.8,15.55,20.56,5.67,UKP_0023,2,2016
2016-10-23 08:00:00+00:00,696.85,717.95,15.06,23.75,5.69,UKP_0023,2,2016
2016-10-23 09:00:00+00:00,506.5,542.4,14.16,27.87,5.21,UKP_0023,2,2016
2016-10-23 10:00:00+00:00,293.83,321.33,12.81,33.0,4.43,UKP_0023,2,2016
2016-10-23 11:00:00+00:00,73.9,84.53,10.56,42.68,2.87,UKP_0023,2,2016
2016-10-23 12:00:00+00:00,0.0,0.0,7.19,59.66,1.37,UKP_0023,2,2016
2016-10-23 13:00:00+00:00,0.0,0.0,6.86,60.27,0.37,UKP_0023,2,2016
2016-10-23 14:00:00+00:00,0.0,0.0,5.93,62.85,0.44,UKP_0023,2,2016
2016-10-23 15:00:00+00:00,0.0,0.0,5.5,62.67,0.65,UKP_0023,2,2016
2016-10-23 16:00:00+00:00,0.0,0.0,5.33,61.41,0.65,UKP_0023,2,2016
2016-10-23 17:00:00+00:00,0.0,0.0,5.23,60.06,0.6,UKP_0023,2,2016
2016-10-23 18:00:00+00:00,0.0,0.0,5.01,59.44,0.61,UKP_0023,2,2016
2016-10-23 19:00:00+00:00,0.0,0.0,4.69,59.05,0.67,UKP_0023,2,2016
2016-10-23 20:00:00+00:00,0.0,0.0,4.3,58.1,0.75,UKP_0023,2,2016
2016-10-23 21:00:00+00:00,0.0,0.0,4.01,54.18,0.83,UKP_0023,2,2016
2016-10-23 22:00:00+00:00,0.0,0.0,3.84,48.85,0.83,UKP_0023,2,2016
2016-10-23 23:00:00+00:00,0.0,0.0,3.81,46.45,0.77,UKP_0023,2,2016
2016-10-24 00:00:00+00:00,0.0,0.0,3.62,44.69,0.72,UKP_0023,2,2016
2016-10-24 01:00:00+00:00,102.0,112.82,4.03,41.93,0.72,UKP_0023,2,2016
2016-10-24 02:00:00+00:00,318.48,349.62,7.03,38.08,0.49,UKP_0023,2,2016
2016-10-24 03:00:00+00:00,531.35,568.45,9.69,25.57,1.23,UKP_0023,2,2016
2016-10-24 04:00:00+00:00,702.4,736.33,11.87,18.73,3.02,UKP_0023,2,2016
2016-10-24 05:00:00+00:00,788.62,838.72,13.43,16.69,4.11,UKP_0023,2,2016
2016-10-24 06:00:00+00:00,838.8,866.15,14.34,16.48,4.86,UKP_0023,2,2016
2016-10-24 07:00:00+00:00,800.72,828.35,14.49,17.87,5.36,UKP_0023,2,2016
2016-10-24 08:00:00+00:00,677.1,711.28,14.04,20.55,5.45,UKP_0023,2,2016
2016-10-24 09:00:00+00:00,493.55,531.58,13.11,23.75,5.12,UKP_0023,2,2016
2016-10-24 10:00:00+00:00,280.33,307.15,11.67,27.82,4.52,UKP_0023,2,2016
2016-10-24 11:00:00+00:00,65.9,73.03,9.32,36.73,3.28,UKP_0023,2,2016
2016-10-24 12:00:00+00:00,0.0,0.0,5.94,53.6,2.02,UKP_0023,2,2016
2016-10-24 13:00:00+00:00,0.0,0.0,5.49,55.33,1.08,UKP_0023,2,2016
2016-10-24 14:00:00+00:00,0.0,0.0,4.3,58.94,0.42,UKP_0023,2,2016
2016-10-24 15:00:00+00:00,0.0,0.0,3.54,60.5,0.32,UKP_0023,2,2016
2016-10-24 16:00:00+00:00,0.0,0.0,3.1,59.62,0.32,UKP_0023,2,2016
2016-10-24 17:00:00+00:00,0.0,0.0,2.71,57.22,0.26,UKP_0023,2,2016
2016-10-24 18:00:00+00:00,0.0,0.0,2.55,53.75,0.33,UKP_0023,2,2016
2016-10-24 19:00:00+00:00,0.0,0.0,2.25,51.0,0.54,UKP_0023,2,2016
2016-10-24 20:00:00+00:00,0.0,0.0,1.88,48.34,0.82,UKP_0023,2,2016
2016-10-24 21:00:00+00:00,0.0,0.0,1.2,46.54,1.36,UKP_0023,2,2016
2016-10-24 22:00:00+00:00,0.0,0.0,0.51,44.67,1.72,UKP_0023,2,2016
2016-10-24 23:00:00+00:00,0.0,0.0,-0.05,42.69,1.92,UKP_0023,2,2016
2016-10-25 00:00:00+00:00,0.0,0.0,-0.21,39.92,2.02,UKP_0023,2,2016
2016-10-25 01:00:00+00:00,89.28,99.75,0.44,38.73,1.92,UKP_0023,2,2016
2016-10-25 02:00:00+00:00,303.67,335.02,4.24,32.95,1.49,UKP_0023,2,2016
2016-10-25 03:00:00+00:00,519.03,555.12,7.3,27.87,0.99,UKP_0023,2,2016
2016-10-25 04:00:00+00:00,699.1,726.22,9.24,25.96,2.68,UKP_0023,2,2016
2016-10-25 05:00:00+00:00,795.45,832.4,10.78,24.28,3.64,UKP_0023,2,2016
2016-10-25 06:00:00+00:00,833.4,860.67,11.84,23.58,4.54,UKP_0023,2,2016
2016-10-25 07:00:00+00:00,759.17,822.33,12.15,24.43,5.08,UKP_0023,2,2016
2016-10-25 08:00:00+00:00,612.45,707.4,11.88,26.3,5.12,UKP_0023,2,2016
2016-10-25 09:00:00+00:00,449.15,532.35,11.14,28.87,4.69,UKP_0023,2,2016
2016-10-25 10:00:00+00:00,270.52,312.95,9.93,32.49,4.08,UKP_0023,2,2016
2016-10-25 11:00:00+00:00,56.53,77.07,7.78,41.17,2.9,UKP_0023,2,2016
2016-10-25 12:00:00+00:00,0.0,0.0,4.88,54.45,1.62,UKP_0023,2,2016
2016-10-25 13:00:00+00:00,0.0,0.0,4.67,55.95,0.57,UKP_0023,2,2016
2016-10-25 14:00:00+00:00,0.0,0.0,3.66,58.12,0.4,UKP_0023,2,2016
2016-10-25 15:00:00+00:00,0.0,0.0,2.93,58.84,0.86,UKP_0023,2,2016
2016-10-25 16:00:00+00:00,0.0,0.0,2.66,57.87,1.0,UKP_0023,2,2016
2016-10-25 17:00:00+00:00,0.0,0.0,2.54,56.23,0.95,UKP_0023,2,2016
2016-10-25 18:00:00+00:00,0.0,0.0,2.47,54.51,0.79,UKP_0023,2,2016
2016-10-25 19:00:00+00:00,0.0,0.0,1.96,55.26,0.52,UKP_0023,2,2016
2016-10-25 20:00:00+00:00,0.0,0.0,1.87,54.81,0.49,UKP_0023,2,2016
2016-10-25 21:00:00+00:00,0.0,0.0,1.42,56.28,0.76,UKP_0023,2,2016
2016-10-25 22:00:00+00:00,0.0,0.0,0.85,58.3,1.04,UKP_0023,2,2016
2016-10-25 23:00:00+00:00,0.0,0.0,0.34,59.98,1.27,UKP_0023,2,2016
2016-10-26 00:00:00+00:00,0.0,0.0,0.07,59.93,1.47,UKP_0023,2,2016
2016-10-26 01:00:00+00:00,84.55,105.68,0.36,58.72,1.52,UKP_0023,2,2016
2016-10-26 02:00:00+00:00,283.25,341.45,3.91,47.68,1.14,UKP_0023,2,2016
2016-10-26 03:00:00+00:00,489.88,556.8,6.92,35.77,1.11,UKP_0023,2,2016
2016-10-26 04:00:00+00:00,660.03,723.17,8.84,30.2,3.01,UKP_0023,2,2016
2016-10-26 05:00:00+00:00,707.53,825.58,10.23,27.68,4.18,UKP_0023,2,2016
2016-10-26 06:00:00+00:00,736.47,842.47,11.12,26.58,4.96,UKP_0023,2,2016
2016-10-26 07:00:00+00:00,717.15,804.25,11.39,26.68,5.25,UKP_0023,2,2016
2016-10-26 08:00:00+00:00,553.65,689.55,11.13,27.73,5.2,UKP_0023,2,2016
2016-10-26 09:00:00+00:00,397.15,514.4,10.45,29.54,4.69,UKP_0023,2,2016
2016-10-26 10:00:00+00:00,236.2,297.5,9.36,32.54,4.04,UKP_0023,2,2016
2016-10-26 11:00:00+00:00,48.88,68.53,7.46,40.27,2.86,UKP_0023,2,2016
2016-10-26 12:00:00+00:00,0.0,0.0,4.54,54.08,1.59,UKP_0023,2,2016
2016-10-26 13:00:00+00:00,0.0,0.0,4.38,55.54,0.62,UKP_0023,2,2016
2016-10-26 14:00:00+00:00,0.0,0.0,3.47,57.98,0.41,UKP_0023,2,2016
2016-10-26 15:00:00+00:00,0.0,0.0,2.62,59.62,1.0,UKP_0023,2,2016
2016-10-26 16:00:00+00:00,0.0,0.0,2.09,59.55,1.25,UKP_0023,2,2016
2016-10-26 17:00:00+00:00,0.0,0.0,1.8,58.22,1.41,UKP_0023,2,2016
2016-10-26 18:00:00+00:00,0.0,0.0,1.58,56.67,1.46,UKP_0023,2,2016
2016-10-26 19:00:00+00:00,0.0,0.0,1.56,54.61,1.43,UKP_0023,2,2016
2016-10-26 20:00:00+00:00,0.0,0.0,1.25,53.48,1.52,UKP_0023,2,2016
2016-10-26 21:00:00+00:00,0.0,0.0,0.95,52.42,1.58,UKP_0023,2,2016
2016-10-26 22:00:00+00:00,0.0,0.0,0.56,51.97,1.72,UKP_0023,2,2016
2016-10-26 23:00:00+00:00,0.0,0.0,0.15,51.37,1.92,UKP_0023,2,2016
2016-10-27 00:00:00+00:00,0.0,0.0,-0.08,49.52,2.05,UKP_0023,2,2016
2016-10-27 01:00:00+00:00,83.32,106.15,0.44,47.85,2.01,UKP_0023,2,2016
2016-10-27 02:00:00+00:00,293.88,343.8,4.16,38.37,1.9,UKP_0023,2,2016
2016-10-27 03:00:00+00:00,499.23,562.9,7.95,26.27,0.21,UKP_0023,2,2016
2016-10-27 04:00:00+00:00,652.03,731.83,10.63,20.88,2.28,UKP_0023,2,2016
2016-10-27 05:00:00+00:00,764.42,836.25,12.21,19.27,3.56,UKP_0023,2,2016
2016-10-27 06:00:00+00:00,767.42,855.15,13.22,19.28,4.36,UKP_0023,2,2016
2016-10-27 07:00:00+00:00,783.25,814.05,13.55,20.67,4.98,UKP_0023,2,2016
2016-10-27 08:00:00+00:00,637.88,695.62,13.25,23.35,5.3,UKP_0023,2,2016
2016-10-27 09:00:00+00:00,463.58,519.1,12.44,27.03,5.1,UKP_0023,2,2016
2016-10-27 10:00:00+00:00,283.15,300.35,11.12,31.79,4.35,UKP_0023,2,2016
2016-10-27 11:00:00+00:00,53.3,68.57,8.76,41.22,2.83,UKP_0023,2,2016
2016-10-27 12:00:00+00:00,0.0,0.0,5.49,55.96,1.55,UKP_0023,2,2016
2016-10-27 13:00:00+00:00,0.0,0.0,5.35,56.79,0.5,UKP_0023,2,2016
2016-10-27 14:00:00+00:00,0.0,0.0,4.2,59.12,0.76,UKP_0023,2,2016
2016-10-27 15:00:00+00:00,0.0,0.0,3.37,59.51,1.41,UKP_0023,2,2016
2016-10-27 16:00:00+00:00,0.0,0.0,3.2,55.84,1.58,UKP_0023,2,2016
2016-10-27 17:00:00+00:00,0.0,0.0,3.04,51.43,1.62,UKP_0023,2,2016
2016-10-27 18:00:00+00:00,0.0,0.0,3.08,46.26,1.66,UKP_0023,2,2016
2016-10-27 19:00:00+00:00,0.0,0.0,3.07,41.55,1.73,UKP_0023,2,2016
2016-10-27 20:00:00+00:00,0.0,0.0,3.11,37.14,1.81,UKP_0023,2,2016
2016-10-27 21:00:00+00:00,0.0,0.0,2.83,33.51,1.9,UKP_0023,2,2016
2016-10-27 22:00:00+00:00,0.0,0.0,2.41,30.49,2.04,UKP_0023,2,2016
2016-10-27 23:00:00+00:00,0.0,0.0,1.98,27.61,2.22,UKP_0023,2,2016
2016-10-28 00:00:00+00:00,0.0,0.0,1.55,25.03,2.37,UKP_0023,2,2016
2016-10-28 01:00:00+00:00,86.22,104.07,1.68,24.48,2.4,UKP_0023,2,2016
2016-10-28 02:00:00+00:00,304.35,342.5,5.35,23.94,2.14,UKP_0023,2,2016
2016-10-28 03:00:00+00:00,514.03,558.0,9.77,11.84,1.01,UKP_0023,2,2016
2016-10-28 04:00:00+00:00,682.58,725.05,12.31,12.52,2.25,UKP_0023,2,2016
2016-10-28 05:00:00+00:00,790.3,827.25,13.42,14.2,3.73,UKP_0023,2,2016
2016-10-28 06:00:00+00:00,795.28,846.53,14.12,15.93,4.63,UKP_0023,2,2016
2016-10-28 07:00:00+00:00,747.5,806.83,14.14,18.26,5.16,UKP_0023,2,2016
2016-10-28 08:00:00+00:00,643.15,690.15,13.6,21.13,5.27,UKP_0023,2,2016
2016-10-28 09:00:00+00:00,458.1,514.65,12.66,24.61,4.84,UKP_0023,2,2016
2016-10-28 10:00:00+00:00,277.88,296.48,11.24,29.21,4.11,UKP_0023,2,2016
2016-10-28 11:00:00+00:00,50.2,65.78,8.75,39.98,2.72,UKP_0023,2,2016
2016-10-28 12:00:00+00:00,0.0,0.0,6.0,51.27,1.5,UKP_0023,2,2016
2016-10-28 13:00:00+00:00,0.0,0.0,5.61,54.06,0.56,UKP_0023,2,2016
2016-10-28 14:00:00+00:00,0.0,0.0,4.65,55.85,0.35,UKP_0023,2,2016
2016-10-28 15:00:00+00:00,0.0,0.0,3.9,57.77,0.55,UKP_0023,2,2016
2016-10-28 16:00:00+00:00,0.0,0.0,3.51,58.1,0.55,UKP_0023,2,2016
2016-10-28 17:00:00+00:00,0.0,0.0,3.51,56.81,0.51,UKP_0023,2,2016
2016-10-28 18:00:00+00:00,0.0,0.0,3.18,57.26,0.44,UKP_0023,2,2016
2016-10-28 19:00:00+00:00,0.0,0.0,2.46,59.62,0.47,UKP_0023,2,2016
2016-10-28 20:00:00+00:00,0.0,0.0,1.96,61.6,0.6,UKP_0023,2,2016
2016-10-28 21:00:00+00:00,0.0,0.0,1.52,64.04,0.7,UKP_0023,2,2016
2016-10-28 22:00:00+00:00,0.0,0.0,1.47,63.93,0.84,UKP_0023,2,2016
2016-10-28 23:00:00+00:00,0.0,0.0,1.36,63.12,0.92,UKP_0023,2,2016
2016-10-29 00:00:00+00:00,0.0,0.0,1.08,63.25,1.04,UKP_0023,2,2016
2016-10-29 01:00:00+00:00,71.47,88.0,1.21,61.86,1.12,UKP_0023,2,2016
2016-10-29 02:00:00+00:00,252.12,315.17,3.93,53.24,0.95,UKP_0023,2,2016
2016-10-29 03:00:00+00:00,443.27,528.25,6.72,40.33,1.27,UKP_0023,2,2016
2016-10-29 04:00:00+00:00,616.62,693.47,8.6,32.86,2.64,UKP_0023,2,2016
2016-10-29 05:00:00+00:00,665.97,795.03,10.02,29.85,3.64,UKP_0023,2,2016
2016-10-29 06:00:00+00:00,648.92,804.95,10.91,29.06,4.31,UKP_0023,2,2016
2016-10-29 07:00:00+00:00,523.42,762.58,11.01,29.96,4.68,UKP_0023,2,2016
2016-10-29 08:00:00+00:00,316.08,643.55,10.47,32.45,4.57,UKP_0023,2,2016
2016-10-29 09:00:00+00:00,260.3,463.85,9.69,35.2,4.22,UKP_0023,2,2016
2016-10-29 10:00:00+00:00,148.57,249.98,8.46,39.87,3.83,UKP_0023,2,2016
2016-10-29 11:00:00+00:00,27.58,45.75,6.58,48.0,2.79,UKP_0023,2,2016
2016-10-29 12:00:00+00:00,0.0,0.0,4.01,61.02,1.63,UKP_0023,2,2016
2016-10-29 13:00:00+00:00,0.0,0.0,3.71,62.5,0.8,UKP_0023,2,2016
2016-10-29 14:00:00+00:00,0.0,0.0,3.02,64.78,0.35,UKP_0023,2,2016
2016-10-29 15:00:00+00:00,0.0,0.0,2.08,68.8,0.93,UKP_0023,2,2016
2016-10-29 16:00:00+00:00,0.0,0.0,1.46,70.59,1.31,UKP_0023,2,2016
2016-10-29 17:00:00+00:00,0.0,0.0,0.85,71.49,1.65,UKP_0023,2,2016
2016-10-29 18:00:00+00:00,0.0,0.0,0.45,70.18,1.87,UKP_0023,2,2016
2016-10-29 19:00:00+00:00,0.0,0.0,0.14,67.38,2.07,UKP_0023,2,2016
2016-10-29 20:00:00+00:00,0.0,0.0,-0.1,63.61,2.23,UKP_0023,2,2016
2016-10-29 21:00:00+00:00,0.0,0.0,-0.17,58.55,2.3,UKP_0023,2,2016
2016-10-29 22:00:00+00:00,0.0,0.0,-0.09,53.16,2.31,UKP_0023,2,2016
2016-10-29 23:00:00+00:00,0.0,0.0,0.09,48.24,2.26,UKP_0023,2,2016
2016-10-30 00:00:00+00:00,0.0,0.0,0.26,44.08,2.2,UKP_0023,2,2016
2016-10-30 01:00:00+00:00,60.88,76.3,0.81,41.02,2.12,UKP_0023,2,2016
2016-10-30 02:00:00+00:00,264.1,297.58,4.21,35.1,2.04,UKP_0023,2,2016
2016-10-30 03:00:00+00:00,476.77,511.92,8.33,23.76,0.72,UKP_0023,2,2016
2016-10-30 04:00:00+00:00,674.45,684.15,11.06,19.44,2.06,UKP_0023,2,2016
2016-10-30 05:00:00+00:00,780.15,791.12,12.42,19.33,3.64,UKP_0023,2,2016
2016-10-30 06:00:00+00:00,800.45,818.15,13.19,20.6,4.64,UKP_0023,2,2016
2016-10-30 07:00:00+00:00,753.0,786.3,13.24,22.74,5.27,UKP_0023,2,2016
2016-10-30 08:00:00+00:00,643.25,670.35,12.7,25.85,5.31,UKP_0023,2,2016
2016-10-30 09:00:00+00:00,465.48,493.25,11.75,29.63,4.76,UKP_0023,2,2016
2016-10-30 10:00:00+00:00,261.08,274.9,10.28,34.74,3.84,UKP_0023,2,2016
2016-10-30 11:00:00+00:00,46.88,53.22,7.98,45.72,2.3,UKP_0023,2,2016
2016-10-30 12:00:00+00:00,0.0,0.0,6.32,53.25,1.13,UKP_0023,2,2016
2016-10-30 13:00:00+00:00,0.0,0.0,5.75,56.15,0.49,UKP_0023,2,2016
2016-10-30 14:00:00+00:00,0.0,0.0,5.11,56.68,0.76,UKP_0023,2,2016
2016-10-30 15:00:00+00:00,0.0,0.0,4.71,56.86,0.82,UKP_0023,2,2016
2016-10-30 16:00:00+00:00,0.0,0.0,4.28,56.84,0.87,UKP_0023,2,2016
2016-10-30 17:00:00+00:00,0.0,0.0,3.81,56.37,0.86,UKP_0023,2,2016
2016-10-30 18:00:00+00:00,0.0,0.0,3.32,55.43,0.89,UKP_0023,2,2016
2016-10-30 19:00:00+00:00,0.0,0.0,2.93,53.23,1.0,UKP_0023,2,2016
2016-10-30 20:00:00+00:00,0.0,0.0,2.49,51.06,1.09,UKP_0023,2,2016
2016-10-30 21:00:00+00:00,0.0,0.0,1.92,49.64,1.13,UKP_0023,2,2016
2016-10-30 22:00:00+00:00,0.0,0.0,1.42,49.45,1.2,UKP_0023,2,2016
2016-10-30 23:00:00+00:00,0.0,0.0,1.18,49.32,1.33,UKP_0023,2,2016
2016-10-31 00:00:00+00:00,0.0,0.0,1.22,48.2,1.47,UKP_0023,2,2016
2016-10-31 01:00:00+00:00,66.68,76.0,1.48,48.01,1.51,UKP_0023,2,2016
2016-10-31 02:00:00+00:00,264.48,295.62,4.38,41.14,1.29,UKP_0023,2,2016
2016-10-31 03:00:00+00:00,481.05,514.95,7.51,29.34,0.67,UKP_0023,2,2016
2016-10-31 04:00:00+00:00,667.42,681.5,9.74,22.98,3.02,UKP_0023,2,2016
2016-10-31 05:00:00+00:00,706.65,781.65,11.09,21.85,4.07,UKP_0023,2,2016
2016-10-31 06:00:00+00:00,719.58,804.88,11.92,22.29,4.82,UKP_0023,2,2016
2016-10-31 07:00:00+00:00,632.6,764.25,12.1,24.01,5.13,UKP_0023,2,2016
2016-10-31 08:00:00+00:00,490.85,648.08,11.71,27.25,5.11,UKP_0023,2,2016
2016-10-31 09:00:00+00:00,350.88,468.33,10.85,31.78,4.78,UKP_0023,2,2016
2016-10-31 10:00:00+00:00,203.05,251.48,9.5,37.63,4.12,UKP_0023,2,2016
2016-10-31 11:00:00+00:00,33.58,44.3,7.3,47.98,2.84,UKP_0023,2,2016
2016-10-31 12:00:00+00:00,0.0,0.0,4.47,61.87,1.57,UKP_0023,2,2016
2016-10-31 13:00:00+00:00,0.0,0.0,4.18,65.08,0.43,UKP_0023,2,2016
2016-10-31 14:00:00+00:00,0.0,0.0,3.25,69.79,0.61,UKP_0023,2,2016
2016-10-31 15:00:00+00:00,0.0,0.0,2.52,71.82,1.1,UKP_0023,2,2016
2016-10-31 16:00:00+00:00,0.0,0.0,2.18,71.22,1.25,UKP_0023,2,2016
2016-10-31 17:00:00+00:00,0.0,0.0,2.25,68.02,1.13,UKP_0023,2,2016
2016-10-31 18:00:00+00:00,0.0,0.0,2.14,65.68,1.0,UKP_0023,2,2016
2016-10-31 19:00:00+00:00,0.0,0.0,2.02,63.03,1.01,UKP_0023,2,2016
2016-10-31 20:00:00+00:00,0.0,0.0,1.98,60.3,1.0,UKP_0023,2,2016
2016-10-31 21:00:00+00:00,0.0,0.0,1.78,58.4,1.12,UKP_0023,2,2016
2016-10-31 22:00:00+00:00,0.0,0.0,1.45,56.97,1.29,UKP_0023,2,2016
2016-10-31 23:00:00+00:00,0.0,0.0,1.09,54.9,1.46,UKP_0023,2,2016
2016-11-01 00:00:00+00:00,0.0,0.0,1.07,51.42,1.58,UKP_0023,2,2016
2016-11-01 01:00:00+00:00,58.47,71.25,1.4,48.42,1.61,UKP_0023,2,2016
2016-11-01 02:00:00+00:00,249.48,285.23,4.37,43.84,1.32,UKP_0023,2,2016
2016-11-01 03:00:00+00:00,452.4,494.65,7.39,37.66,0.9,UKP_0023,2,2016
2016-11-01 04:00:00+00:00,627.25,657.75,9.36,32.47,2.79,UKP_0023,2,2016
2016-11-01 05:00:00+00:00,717.88,759.05,10.63,30.87,3.85,UKP_0023,2,2016
2016-11-01 06:00:00+00:00,759.17,803.28,11.44,30.48,4.56,UKP_0023,2,2016
2016-11-01 07:00:00+00:00,703.85,769.9,11.57,31.18,4.91,UKP_0023,2,2016
2016-11-01 08:00:00+00:00,579.03,654.2,11.2,32.61,4.79,UKP_0023,2,2016
2016-11-01 09:00:00+00:00,404.02,471.75,10.41,34.71,4.36,UKP_0023,2,2016
2016-11-01 10:00:00+00:00,228.12,251.18,9.2,37.93,3.68,UKP_0023,2,2016
2016-11-01 11:00:00+00:00,38.7,48.0,7.06,46.34,2.48,UKP_0023,2,2016
2016-11-01 12:00:00+00:00,0.0,0.0,4.68,56.25,1.35,UKP_0023,2,2016
2016-11-01 13:00:00+00:00,0.0,0.0,4.27,58.46,0.15,UKP_0023,2,2016
2016-11-01 14:00:00+00:00,0.0,0.0,2.84,64.54,0.88,UKP_0023,2,2016
2016-11-01 15:00:00+00:00,0.0,0.0,2.39,65.26,1.27,UKP_0023,2,2016
2016-11-01 16:00:00+00:00,0.0,0.0,2.12,64.96,1.35,UKP_0023,2,2016
2016-11-01 17:00:00+00:00,0.0,0.0,1.97,63.74,1.29,UKP_0023,2,2016
2016-11-01 18:00:00+00:00,0.0,0.0,1.94,62.1,1.12,UKP_0023,2,2016
2016-11-01 19:00:00+00:00,0.0,0.0,2.06,60.12,1.04,UKP_0023,2,2016
2016-11-01 20:00:00+00:00,0.0,0.0,2.1,58.5,1.03,UKP_0023,2,2016
2016-11-01 21:00:00+00:00,0.0,0.0,1.67,58.68,1.24,UKP_0023,2,2016
2016-11-01 22:00:00+00:00,0.0,0.0,1.33,57.94,1.51,UKP_0023,2,2016
2016-11-01 23:00:00+00:00,0.0,0.0,0.99,56.64,1.7,UKP_0023,2,2016
2016-11-02 00:00:00+00:00,0.0,0.0,0.68,55.14,1.83,UKP_0023,2,2016
2016-11-02 01:00:00+00:00,60.75,71.82,0.76,53.29,1.85,UKP_0023,2,2016
2016-11-02 02:00:00+00:00,274.98,295.52,4.06,43.81,1.53,UKP_0023,2,2016
2016-11-02 03:00:00+00:00,434.02,498.98,7.28,37.27,1.19,UKP_0023,2,2016
2016-11-02 04:00:00+00:00,671.42,678.42,9.16,33.11,2.65,UKP_0023,2,2016
2016-11-02 05:00:00+00:00,670.0,778.4,10.57,30.47,3.74,UKP_0023,2,2016
2016-11-02 06:00:00+00:00,676.92,804.4,11.51,29.27,4.52,UKP_0023,2,2016
2016-11-02 07:00:00+00:00,589.58,762.8,11.67,30.0,4.99,UKP_0023,2,2016
2016-11-02 08:00:00+00:00,471.75,642.38,11.23,32.05,5.04,UKP_0023,2,2016
2016-11-02 09:00:00+00:00,324.17,464.25,10.39,35.04,4.61,UKP_0023,2,2016
2016-11-02 10:00:00+00:00,200.6,252.95,9.07,39.46,3.83,UKP_0023,2,2016
2016-11-02 11:00:00+00:00,32.12,45.12,6.93,48.13,2.52,UKP_0023,2,2016
2016-11-02 12:00:00+00:00,0.0,0.0,4.71,57.6,1.12,UKP_0023,2,2016
2016-11-02 13:00:00+00:00,0.0,0.0,3.61,62.4,0.69,UKP_0023,2,2016
2016-11-02 14:00:00+00:00,0.0,0.0,2.3,67.08,1.4,UKP_0023,2,2016
2016-11-02 15:00:00+00:00,0.0,0.0,1.66,67.95,1.7,UKP_0023,2,2016
2016-11-02 16:00:00+00:00,0.0,0.0,1.52,65.84,1.71,UKP_0023,2,2016
2016-11-02 17:00:00+00:00,0.0,0.0,1.72,61.81,1.51,UKP_0023,2,2016
2016-11-02 18:00:00+00:00,0.0,0.0,1.94,58.12,1.28,UKP_0023,2,2016
2016-11-02 19:00:00+00:00,0.0,0.0,2.33,54.35,1.16,UKP_0023,2,2016
2016-11-02 20:00:00+00:00,0.0,0.0,2.3,52.58,1.15,UKP_0023,2,2016
2016-11-02 21:00:00+00:00,0.0,0.0,2.05,51.61,1.25,UKP_0023,2,2016
2016-11-02 22:00:00+00:00,0.0,0.0,1.54,51.71,1.43,UKP_0023,2,2016
2016-11-02 23:00:00+00:00,0.0,0.0,1.19,51.34,1.67,UKP_0023,2,2016
2016-11-03 00:00:00+00:00,0.0,0.0,0.71,51.59,1.89,UKP_0023,2,2016
2016-11-03 01:00:00+00:00,60.65,75.38,0.54,51.56,2.04,UKP_0023,2,2016
2016-11-03 02:00:00+00:00,277.02,305.25,3.83,41.92,2.02,UKP_0023,2,2016
2016-11-03 03:00:00+00:00,465.25,517.03,7.25,33.74,0.3,UKP_0023,2,2016
2016-11-03 04:00:00+00:00,621.03,683.67,9.52,28.07,2.1,UKP_0023,2,2016
2016-11-03 05:00:00+00:00,731.45,785.28,10.96,25.49,3.35,UKP_0023,2,2016
2016-11-03 06:00:00+00:00,769.4,807.55,11.96,24.07,4.15,UKP_0023,2,2016
2016-11-03 07:00:00+00:00,749.35,764.47,12.26,24.53,4.65,UKP_0023,2,2016
2016-11-03 08:00:00+00:00,614.12,651.55,11.93,26.41,4.67,UKP_0023,2,2016
2016-11-03 09:00:00+00:00,442.55,480.6,11.12,28.87,4.27,UKP_0023,2,2016
2016-11-03 10:00:00+00:00,248.98,268.23,9.8,32.73,3.69,UKP_0023,2,2016
2016-11-03 11:00:00+00:00,39.58,49.47,7.29,42.87,2.44,UKP_0023,2,2016
2016-11-03 12:00:00+00:00,0.0,0.0,4.91,51.84,1.3,UKP_0023,2,2016
2016-11-03 13:00:00+00:00,0.0,0.0,4.42,54.46,0.31,UKP_0023,2,2016
2016-11-03 14:00:00+00:00,0.0,0.0,2.88,60.26,1.05,UKP_0023,2,2016
2016-11-03 15:00:00+00:00,0.0,0.0,2.28,60.55,1.45,UKP_0023,2,2016
2016-11-03 16:00:00+00:00,0.0,0.0,2.07,58.46,1.52,UKP_0023,2,2016
2016-11-03 17:00:00+00:00,0.0,0.0,2.11,55.62,1.41,UKP_0023,2,2016
2016-11-03 18:00:00+00:00,0.0,0.0,1.96,53.81,1.15,UKP_0023,2,2016
2016-11-03 19:00:00+00:00,0.0,0.0,1.77,52.43,0.89,UKP_0023,2,2016
2016-11-03 20:00:00+00:00,0.0,0.0,1.57,51.35,0.9,UKP_0023,2,2016
2016-11-03 21:00:00+00:00,0.0,0.0,1.3,50.49,1.04,UKP_0023,2,2016
2016-11-03 22:00:00+00:00,0.0,0.0,1.22,48.4,1.34,UKP_0023,2,2016
2016-11-03 23:00:00+00:00,0.0,0.0,0.83,47.52,1.59,UKP_0023,2,2016
2016-11-04 00:00:00+00:00,0.0,0.0,0.61,46.18,1.69,UKP_0023,2,2016
2016-11-04 01:00:00+00:00,55.22,64.8,1.02,43.48,1.63,UKP_0023,2,2016
2016-11-04 02:00:00+00:00,263.85,281.7,4.22,36.55,1.37,UKP_0023,2,2016
2016-11-04 03:00:00+00:00,423.6,488.02,7.41,26.47,0.97,UKP_0023,2,2016
2016-11-04 04:00:00+00:00,578.42,654.25,9.48,20.34,2.51,UKP_0023,2,2016
2016-11-04 05:00:00+00:00,671.2,756.08,11.05,17.2,3.71,UKP_0023,2,2016
2016-11-04 06:00:00+00:00,699.55,801.95,12.02,16.35,4.47,UKP_0023,2,2016
2016-11-04 07:00:00+00:00,663.15,763.88,12.32,17.43,4.92,UKP_0023,2,2016
2016-11-04 08:00:00+00:00,582.95,647.95,11.97,20.14,5.04,UKP_0023,2,2016
2016-11-04 09:00:00+00:00,413.98,471.3,11.01,24.19,4.75,UKP_0023,2,2016
2016-11-04 10:00:00+00:00,234.2,254.05,9.47,29.64,4.04,UKP_0023,2,2016
2016-11-04 11:00:00+00:00,33.6,40.97,6.6,42.12,2.62,UKP_0023,2,2016
2016-11-04 12:00:00+00:00,0.0,0.0,4.24,51.67,1.46,UKP_0023,2,2016
2016-11-04 13:00:00+00:00,0.0,0.0,3.73,54.84,0.5,UKP_0023,2,2016
2016-11-04 14:00:00+00:00,0.0,0.0,2.68,59.09,0.35,UKP_0023,2,2016
2016-11-04 15:00:00+00:00,0.0,0.0,2.08,60.26,0.77,UKP_0023,2,2016
2016-11-04 16:00:00+00:00,0.0,0.0,1.67,59.3,0.91,UKP_0023,2,2016
2016-11-04 17:00:00+00:00,0.0,0.0,1.5,55.41,0.89,UKP_0023,2,2016
2016-11-04 18:00:00+00:00,0.0,0.0,1.38,50.4,0.8,UKP_0023,2,2016
2016-11-04 19:00:00+00:00,0.0,0.0,1.31,45.95,0.77,UKP_0023,2,2016
2016-11-04 20:00:00+00:00,0.0,0.0,1.22,42.2,0.79,UKP_0023,2,2016
2016-11-04 21:00:00+00:00,0.0,0.0,1.11,39.97,0.93,UKP_0023,2,2016
2016-11-04 22:00:00+00:00,0.0,0.0,0.81,39.45,1.01,UKP_0023,2,2016
2016-11-04 23:00:00+00:00,0.0,0.0,0.35,40.79,1.07,UKP_0023,2,2016
2016-11-05 00:00:00+00:00,0.0,0.0,0.07,41.27,1.27,UKP_0023,2,2016
2016-11-05 01:00:00+00:00,50.62,59.3,0.31,40.39,1.58,UKP_0023,2,2016
2016-11-05 02:00:00+00:00,255.6,274.8,2.96,35.49,1.64,UKP_0023,2,2016
2016-11-05 03:00:00+00:00,430.65,484.1,6.31,29.13,0.25,UKP_0023,2,2016
2016-11-05 04:00:00+00:00,589.4,652.53,8.32,22.93,2.23,UKP_0023,2,2016
2016-11-05 05:00:00+00:00,700.9,759.08,9.64,20.96,3.39,UKP_0023,2,2016
2016-11-05 06:00:00+00:00,776.62,808.47,10.54,21.13,4.18,UKP_0023,2,2016
2016-11-05 07:00:00+00:00,758.95,770.9,10.84,22.68,4.76,UKP_0023,2,2016
2016-11-05 08:00:00+00:00,581.78,623.1,10.49,25.75,4.94,UKP_0023,2,2016
2016-11-05 09:00:00+00:00,416.67,458.05,9.65,29.93,4.61,UKP_0023,2,2016
2016-11-05 10:00:00+00:00,232.75,251.43,8.36,35.19,4.01,UKP_0023,2,2016
2016-11-05 11:00:00+00:00,33.83,42.67,5.96,45.79,2.74,UKP_0023,2,2016
2016-11-05 12:00:00+00:00,0.0,0.0,3.37,57.92,1.68,UKP_0023,2,2016
2016-11-05 13:00:00+00:00,0.0,0.0,3.39,60.3,0.62,UKP_0023,2,2016
2016-11-05 14:00:00+00:00,0.0,0.0,2.51,64.97,0.36,UKP_0023,2,2016
2016-11-05 15:00:00+00:00,0.0,0.0,1.67,68.04,0.72,UKP_0023,2,2016
2016-11-05 16:00:00+00:00,0.0,0.0,1.37,68.04,1.0,UKP_0023,2,2016
2016-11-05 17:00:00+00:00,0.0,0.0,0.92,68.23,1.11,UKP_0023,2,2016
2016-11-05 18:00:00+00:00,0.0,0.0,0.68,67.15,1.09,UKP_0023,2,2016
2016-11-05 19:00:00+00:00,0.0,0.0,0.5,65.72,1.01,UKP_0023,2,2016
2016-11-05 20:00:00+00:00,0.0,0.0,0.43,64.8,0.93,UKP_0023,2,2016
2016-11-05 21:00:00+00:00,0.0,0.0,0.14,65.81,0.97,UKP_0023,2,2016
2016-11-05 22:00:00+00:00,0.0,0.0,-0.24,66.68,1.14,UKP_0023,2,2016
2016-11-05 23:00:00+00:00,0.0,0.0,-0.47,66.26,1.31,UKP_0023,2,2016
2016-11-06 00:00:00+00:00,0.0,0.0,-0.62,64.82,1.42,UKP_0023,2,2016
2016-11-06 01:00:00+00:00,55.3,70.82,-0.48,62.02,1.45,UKP_0023,2,2016
2016-11-06 02:00:00+00:00,282.88,294.88,2.38,46.71,1.26,UKP_0023,2,2016
2016-11-06 03:00:00+00:00,469.58,500.5,5.52,32.52,0.72,UKP_0023,2,2016
2016-11-06 04:00:00+00:00,642.92,660.58,7.52,26.82,2.36,UKP_0023,2,2016
2016-11-06 05:00:00+00:00,750.15,776.17,9.04,24.09,3.6,UKP_0023,2,2016
2016-11-06 06:00:00+00:00,787.75,808.55,9.98,23.61,4.59,UKP_0023,2,2016
2016-11-06 07:00:00+00:00,686.53,767.58,10.23,24.82,5.15,UKP_0023,2,2016
2016-11-06 08:00:00+00:00,580.38,652.95,9.89,27.03,5.19,UKP_0023,2,2016
2016-11-06 09:00:00+00:00,410.42,479.65,9.12,30.0,4.85,UKP_0023,2,2016
2016-11-06 10:00:00+00:00,227.77,264.15,7.79,34.42,4.22,UKP_0023,2,2016
2016-11-06 11:00:00+00:00,33.88,45.47,5.34,44.52,2.87,UKP_0023,2,2016
2016-11-06 12:00:00+00:00,0.0,0.0,2.92,55.02,1.74,UKP_0023,2,2016
2016-11-06 13:00:00+00:00,0.0,0.0,2.91,57.46,0.81,UKP_0023,2,2016
2016-11-06 14:00:00+00:00,0.0,0.0,2.26,61.29,0.27,UKP_0023,2,2016
2016-11-06 15:00:00+00:00,0.0,0.0,1.32,65.57,0.61,UKP_0023,2,2016
2016-11-06 16:00:00+00:00,0.0,0.0,0.81,67.17,0.8,UKP_0023,2,2016
2016-11-06 17:00:00+00:00,0.0,0.0,0.55,67.03,0.95,UKP_0023,2,2016
2016-11-06 18:00:00+00:00,0.0,0.0,0.4,65.62,1.13,UKP_0023,2,2016
2016-11-06 19:00:00+00:00,0.0,0.0,0.34,62.49,1.28,UKP_0023,2,2016
2016-11-06 20:00:00+00:00,0.0,0.0,0.09,59.8,1.41,UKP_0023,2,2016
2016-11-06 21:00:00+00:00,0.0,0.0,-0.36,58.22,1.63,UKP_0023,2,2016
2016-11-06 22:00:00+00:00,0.0,0.0,-0.78,56.36,1.79,UKP_0023,2,2016
2016-11-06 23:00:00+00:00,0.0,0.0,-1.17,54.17,1.94,UKP_0023,2,2016
2016-11-07 00:00:00+00:00,0.0,0.0,-1.41,51.16,2.06,UKP_0023,2,2016
2016-11-07 01:00:00+00:00,52.5,71.4,-1.29,48.23,2.09,UKP_0023,2,2016
2016-11-07 02:00:00+00:00,263.42,302.33,2.0,37.55,1.9,UKP_0023,2,2016
2016-11-07 03:00:00+00:00,460.65,514.67,5.49,30.86,0.28,UKP_0023,2,2016
2016-11-07 04:00:00+00:00,664.72,680.08,7.78,25.19,1.91,UKP_0023,2,2016
2016-11-07 05:00:00+00:00,716.12,782.0,9.26,22.39,3.17,UKP_0023,2,2016
2016-11-07 06:00:00+00:00,749.62,806.38,10.32,21.11,4.0,UKP_0023,2,2016
2016-11-07 07:00:00+00:00,719.7,766.25,10.8,20.68,4.63,UKP_0023,2,2016
2016-11-07 08:00:00+00:00,587.62,651.6,10.59,21.48,4.97,UKP_0023,2,2016
2016-11-07 09:00:00+00:00,418.1,477.77,9.93,23.63,4.9,UKP_0023,2,2016
2016-11-07 10:00:00+00:00,231.18,262.3,8.68,27.3,4.52,UKP_0023,2,2016
2016-11-07 11:00:00+00:00,33.83,44.17,6.02,36.34,2.9,UKP_0023,2,2016
2016-11-07 12:00:00+00:00,0.0,0.0,2.89,47.5,1.68,UKP_0023,2,2016
2016-11-07 13:00:00+00:00,0.0,0.0,2.98,46.63,0.85,UKP_0023,2,2016
2016-11-07 14:00:00+00:00,0.0,0.0,2.3,47.25,1.15,UKP_0023,2,2016
2016-11-07 15:00:00+00:00,0.0,0.0,1.9,45.75,1.7,UKP_0023,2,2016
2016-11-07 16:00:00+00:00,0.0,0.0,1.92,41.54,1.9,UKP_0023,2,2016
2016-11-07 17:00:00+00:00,0.0,0.0,2.23,36.26,1.94,UKP_0023,2,2016
2016-11-07 18:00:00+00:00,0.0,0.0,2.37,31.72,1.94,UKP_0023,2,2016
2016-11-07 19:00:00+00:00,0.0,0.0,2.23,28.6,1.95,UKP_0023,2,2016
2016-11-07 20:00:00+00:00,0.0,0.0,2.21,25.66,2.06,UKP_0023,2,2016
2016-11-07 21:00:00+00:00,0.0,0.0,2.0,23.35,2.14,UKP_0023,2,2016
2016-11-07 22:00:00+00:00,0.0,0.0,1.65,21.35,2.26,UKP_0023,2,2016
2016-11-07 23:00:00+00:00,0.0,0.0,1.34,19.5,2.36,UKP_0023,2,2016
2016-11-08 00:00:00+00:00,0.0,0.0,1.33,17.52,2.42,UKP_0023,2,2016
2016-11-08 01:00:00+00:00,55.35,69.07,1.64,16.5,2.49,UKP_0023,2,2016
2016-11-08 02:00:00+00:00,285.8,299.4,4.18,20.34,2.27,UKP_0023,2,2016
2016-11-08 03:00:00+00:00,478.83,509.7,9.11,8.27,2.07,UKP_0023,2,2016
2016-11-08 04:00:00+00:00,669.12,673.75,12.53,6.44,1.27,UKP_0023,2,2016
2016-11-08 05:00:00+00:00,759.6,773.9,13.9,8.02,3.4,UKP_0023,2,2016
2016-11-08 06:00:00+00:00,765.42,798.35,14.59,9.49,4.29,UKP_0023,2,2016
2016-11-08 07:00:00+00:00,718.03,757.15,14.71,11.3,4.81,UKP_0023,2,2016
2016-11-08 08:00:00+00:00,612.97,642.2,14.24,13.44,4.84,UKP_0023,2,2016
2016-11-08 09:00:00+00:00,431.55,468.85,13.24,16.19,4.39,UKP_0023,2,2016
2016-11-08 10:00:00+00:00,240.73,254.6,11.63,19.88,3.64,UKP_0023,2,2016
2016-11-08 11:00:00+00:00,34.05,40.62,8.2,31.84,1.99,UKP_0023,2,2016
2016-11-08 12:00:00+00:00,0.0,0.0,6.21,36.39,0.95,UKP_0023,2,2016
2016-11-08 13:00:00+00:00,0.0,0.0,5.16,37.63,1.24,UKP_0023,2,2016
2016-11-08 14:00:00+00:00,0.0,0.0,4.12,37.06,1.67,UKP_0023,2,2016
2016-11-08 15:00:00+00:00,0.0,0.0,3.85,34.29,1.92,UKP_0023,2,2016
2016-11-08 16:00:00+00:00,0.0,0.0,4.18,29.82,1.97,UKP_0023,2,2016
2016-11-08 17:00:00+00:00,0.0,0.0,4.23,26.72,1.89,UKP_0023,2,2016
2016-11-08 18:00:00+00:00,0.0,0.0,4.05,24.43,1.79,UKP_0023,2,2016
2016-11-08 19:00:00+00:00,0.0,0.0,4.11,21.85,1.73,UKP_0023,2,2016
2016-11-08 20:00:00+00:00,0.0,0.0,4.13,19.62,1.69,UKP_0023,2,2016
2016-11-08 21:00:00+00:00,0.0,0.0,4.24,17.29,1.62,UKP_0023,2,2016
2016-11-08 22:00:00+00:00,0.0,0.0,4.23,15.26,1.63,UKP_0023,2,2016
2016-11-08 23:00:00+00:00,0.0,0.0,4.24,13.21,1.65,UKP_0023,2,2016
2016-11-09 00:00:00+00:00,0.0,0.0,4.38,11.46,1.65,UKP_0023,2,2016
2016-11-09 01:00:00+00:00,50.2,63.95,5.2,9.94,1.51,UKP_0023,2,2016
2016-11-09 02:00:00+00:00,264.45,291.52,7.6,15.45,0.96,UKP_0023,2,2016
2016-11-09 03:00:00+00:00,457.42,503.25,11.08,13.6,0.41,UKP_0023,2,2016
2016-11-09 04:00:00+00:00,629.85,668.9,13.17,9.25,3.26,UKP_0023,2,2016
2016-11-09 05:00:00+00:00,723.3,771.12,14.19,9.64,4.37,UKP_0023,2,2016
2016-11-09 06:00:00+00:00,781.88,795.0,14.83,10.05,4.78,UKP_0023,2,2016
2016-11-09 07:00:00+00:00,743.97,754.38,15.0,10.79,4.94,UKP_0023,2,2016
2016-11-09 08:00:00+00:00,603.4,638.9,14.63,12.19,5.03,UKP_0023,2,2016
2016-11-09 09:00:00+00:00,427.1,465.3,13.66,14.49,4.55,UKP_0023,2,2016
2016-11-09 10:00:00+00:00,236.27,251.48,12.13,17.53,3.66,UKP_0023,2,2016
2016-11-09 11:00:00+00:00,31.92,39.28,8.62,28.69,2.03,UKP_0023,2,2016
2016-11-09 12:00:00+00:00,0.0,0.0,6.32,32.29,1.21,UKP_0023,2,2016
2016-11-09 13:00:00+00:00,0.0,0.0,5.51,32.55,1.12,UKP_0023,2,2016
2016-11-09 14:00:00+00:00,0.0,0.0,4.55,32.67,1.5,UKP_0023,2,2016
2016-11-09 15:00:00+00:00,0.0,0.0,4.45,29.82,1.76,UKP_0023,2,2016
2016-11-09 16:00:00+00:00,0.0,0.0,4.07,27.6,1.84,UKP_0023,2,2016
2016-11-09 17:00:00+00:00,0.0,0.0,4.0,24.68,1.84,UKP_0023,2,2016
2016-11-09 18:00:00+00:00,0.0,0.0,4.13,21.57,1.79,UKP_0023,2,2016
2016-11-09 19:00:00+00:00,0.0,0.0,3.74,19.76,1.65,UKP_0023,2,2016
2016-11-09 20:00:00+00:00,0.0,0.0,3.95,17.38,1.53,UKP_0023,2,2016
2016-11-09 21:00:00+00:00,0.0,0.0,4.51,15.09,1.47,UKP_0023,2,2016
2016-11-09 22:00:00+00:00,0.0,0.0,4.8,13.87,1.41,UKP_0023,2,2016
2016-11-09 23:00:00+00:00,0.0,0.0,4.91,12.72,1.36,UKP_0023,2,2016
2016-11-10 00:00:00+00:00,0.0,0.0,5.09,11.67,1.26,UKP_0023,2,2016
2016-11-10 01:00:00+00:00,54.38,65.4,5.52,10.59,1.1,UKP_0023,2,2016
2016-11-10 02:00:00+00:00,289.77,293.4,6.99,16.89,0.74,UKP_0023,2,2016
2016-11-10 03:00:00+00:00,461.45,503.48,10.24,14.1,0.69,UKP_0023,2,2016
2016-11-10 04:00:00+00:00,611.67,669.5,12.63,8.49,3.0,UKP_0023,2,2016
2016-11-10 05:00:00+00:00,728.5,770.67,13.96,8.21,4.28,UKP_0023,2,2016
2016-11-10 06:00:00+00:00,767.72,795.38,14.66,8.18,4.83,UKP_0023,2,2016
2016-11-10 07:00:00+00:00,735.38,752.9,14.76,8.66,5.0,UKP_0023,2,2016
2016-11-10 08:00:00+00:00,606.33,638.85,14.31,9.6,4.89,UKP_0023,2,2016
2016-11-10 09:00:00+00:00,437.73,466.05,13.22,11.48,4.41,UKP_0023,2,2016
2016-11-10 10:00:00+00:00,240.12,251.52,11.35,15.25,3.38,UKP_0023,2,2016
2016-11-10 11:00:00+00:00,32.08,38.45,7.86,26.57,1.73,UKP_0023,2,2016
2016-11-10 12:00:00+00:00,0.0,0.0,6.08,28.24,0.32,UKP_0023,2,2016
2016-11-10 13:00:00+00:00,0.0,0.0,4.72,29.61,0.81,UKP_0023,2,2016
2016-11-10 14:00:00+00:00,0.0,0.0,4.29,28.49,0.94,UKP_0023,2,2016
2016-11-10 15:00:00+00:00,0.0,0.0,4.13,26.49,0.68,UKP_0023,2,2016
2016-11-10 16:00:00+00:00,0.0,0.0,4.24,24.11,0.38,UKP_0023,2,2016
2016-11-10 17:00:00+00:00,0.0,0.0,3.97,23.18,0.15,UKP_0023,2,2016
2016-11-10 18:00:00+00:00,0.0,0.0,3.5,22.52,0.15,UKP_0023,2,2016
2016-11-10 19:00:00+00:00,0.0,0.0,3.02,22.4,0.14,UKP_0023,2,2016
2016-11-10 20:00:00+00:00,0.0,0.0,2.53,22.26,0.1,UKP_0023,2,2016
2016-11-10 21:00:00+00:00,0.0,0.0,2.15,21.28,0.11,UKP_0023,2,2016
2016-11-10 22:00:00+00:00,0.0,0.0,1.92,20.99,0.2,UKP_0023,2,2016
2016-11-10 23:00:00+00:00,0.0,0.0,1.73,20.47,0.26,UKP_0023,2,2016
2016-11-11 00:00:00+00:00,0.0,0.0,1.58,19.55,0.33,UKP_0023,2,2016
2016-11-11 01:00:00+00:00,42.38,55.7,1.63,19.16,0.38,UKP_0023,2,2016
2016-11-11 02:00:00+00:00,232.62,274.12,4.05,24.7,0.43,UKP_0023,2,2016
2016-11-11 03:00:00+00:00,383.4,479.77,7.52,17.16,1.08,UKP_0023,2,2016
2016-11-11 04:00:00+00:00,536.3,644.0,9.64,11.77,2.7,UKP_0023,2,2016
2016-11-11 05:00:00+00:00,651.65,744.88,11.2,10.01,3.96,UKP_0023,2,2016
2016-11-11 06:00:00+00:00,692.38,779.97,11.99,10.06,4.54,UKP_0023,2,2016
2016-11-11 07:00:00+00:00,652.85,745.15,12.14,10.75,4.84,UKP_0023,2,2016
2016-11-11 08:00:00+00:00,566.0,634.72,11.73,12.1,4.87,UKP_0023,2,2016
2016-11-11 09:00:00+00:00,405.85,463.17,10.79,14.09,4.44,UKP_0023,2,2016
2016-11-11 10:00:00+00:00,225.5,249.05,9.25,16.78,3.61,UKP_0023,2,2016
2016-11-11 11:00:00+00:00,29.73,37.25,6.05,27.94,2.23,UKP_0023,2,2016
2016-11-11 12:00:00+00:00,0.0,0.0,4.22,30.93,0.97,UKP_0023,2,2016
2016-11-11 13:00:00+00:00,0.0,0.0,3.01,32.22,0.31,UKP_0023,2,2016
2016-11-11 14:00:00+00:00,0.0,0.0,2.29,32.05,0.57,UKP_0023,2,2016
2016-11-11 15:00:00+00:00,0.0,0.0,1.71,31.14,0.51,UKP_0023,2,2016
2016-11-11 16:00:00+00:00,0.0,0.0,1.24,31.71,0.37,UKP_0023,2,2016
2016-11-11 17:00:00+00:00,0.0,0.0,0.89,31.49,0.24,UKP_0023,2,2016
2016-11-11 18:00:00+00:00,0.0,0.0,0.66,29.9,0.15,UKP_0023,2,2016
2016-11-11 19:00:00+00:00,0.0,0.0,0.28,27.84,0.23,UKP_0023,2,2016
2016-11-11 20:00:00+00:00,0.0,0.0,0.15,24.99,0.34,UKP_0023,2,2016
2016-11-11 21:00:00+00:00,0.0,0.0,0.12,21.56,0.48,UKP_0023,2,2016
2016-11-11 22:00:00+00:00,0.0,0.0,-0.09,19.12,0.62,UKP_0023,2,2016
2016-11-11 23:00:00+00:00,0.0,0.0,-0.26,16.76,0.73,UKP_0023,2,2016
2016-11-12 00:00:00+00:00,0.0,0.0,-0.75,15.11,0.81,UKP_0023,2,2016
2016-11-12 01:00:00+00:00,49.6,60.92,-1.03,13.87,0.85,UKP_0023,2,2016
2016-11-12 02:00:00+00:00,272.42,287.0,1.52,18.53,0.81,UKP_0023,2,2016
2016-11-12 03:00:00+00:00,461.7,497.02,5.56,7.59,1.29,UKP_0023,2,2016
2016-11-12 04:00:00+00:00,629.05,661.3,7.66,5.71,2.58,UKP_0023,2,2016
2016-11-12 05:00:00+00:00,712.62,761.85,9.03,6.58,3.43,UKP_0023,2,2016
2016-11-12 06:00:00+00:00,757.92,783.47,9.94,7.66,4.05,UKP_0023,2,2016
2016-11-12 07:00:00+00:00,735.75,746.05,10.38,9.22,4.64,UKP_0023,2,2016
2016-11-12 08:00:00+00:00,616.97,634.67,10.17,11.79,4.95,UKP_0023,2,2016
2016-11-12 09:00:00+00:00,437.48,461.95,9.35,15.33,4.71,UKP_0023,2,2016
2016-11-12 10:00:00+00:00,231.12,246.43,7.89,19.77,4.07,UKP_0023,2,2016
2016-11-12 11:00:00+00:00,27.0,35.28,4.74,32.32,2.52,UKP_0023,2,2016
2016-11-12 12:00:00+00:00,0.0,0.0,3.03,37.96,1.58,UKP_0023,2,2016
2016-11-12 13:00:00+00:00,0.0,0.0,2.52,40.92,0.82,UKP_0023,2,2016
2016-11-12 14:00:00+00:00,0.0,0.0,2.01,42.94,0.4,UKP_0023,2,2016
2016-11-12 15:00:00+00:00,0.0,0.0,1.5,45.22,0.28,UKP_0023,2,2016
2016-11-12 16:00:00+00:00,0.0,0.0,0.78,47.28,0.34,UKP_0023,2,2016
2016-11-12 17:00:00+00:00,0.0,0.0,0.13,47.35,0.48,UKP_0023,2,2016
2016-11-12 18:00:00+00:00,0.0,0.0,-0.26,46.0,0.56,UKP_0023,2,2016
2016-11-12 19:00:00+00:00,0.0,0.0,-0.61,44.22,0.59,UKP_0023,2,2016
2016-11-12 20:00:00+00:00,0.0,0.0,-0.51,40.77,0.63,UKP_0023,2,2016
2016-11-12 21:00:00+00:00,0.0,0.0,-0.78,38.14,0.69,UKP_0023,2,2016
2016-11-12 22:00:00+00:00,0.0,0.0,-1.04,34.96,0.75,UKP_0023,2,2016
2016-11-12 23:00:00+00:00,0.0,0.0,-1.31,32.47,0.83,UKP_0023,2,2016
2016-11-13 00:00:00+00:00,0.0,0.0,-1.65,30.68,0.94,UKP_0023,2,2016
2016-11-13 01:00:00+00:00,36.6,44.75,-1.82,28.99,0.99,UKP_0023,2,2016
2016-11-13 02:00:00+00:00,237.62,253.32,0.83,28.88,0.92,UKP_0023,2,2016
2016-11-13 03:00:00+00:00,421.35,461.38,4.57,17.75,1.19,UKP_0023,2,2016
2016-11-13 04:00:00+00:00,596.45,627.62,6.73,12.3,2.35,UKP_0023,2,2016
2016-11-13 05:00:00+00:00,707.95,732.33,8.24,10.88,3.24,UKP_0023,2,2016
2016-11-13 06:00:00+00:00,747.17,774.5,9.24,10.74,3.84,UKP_0023,2,2016
2016-11-13 07:00:00+00:00,703.33,738.4,9.71,11.15,4.24,UKP_0023,2,2016
2016-11-13 08:00:00+00:00,591.9,627.33,9.61,12.16,4.21,UKP_0023,2,2016
2016-11-13 09:00:00+00:00,419.23,455.67,8.98,13.57,3.84,UKP_0023,2,2016
2016-11-13 10:00:00+00:00,222.5,241.77,7.7,16.09,3.17,UKP_0023,2,2016
2016-11-13 11:00:00+00:00,26.42,33.85,4.82,27.08,1.77,UKP_0023,2,2016
2016-11-13 12:00:00+00:00,0.0,0.0,3.08,31.06,0.68,UKP_0023,2,2016
2016-11-13 13:00:00+00:00,0.0,0.0,1.93,32.92,0.58,UKP_0023,2,2016
2016-11-13 14:00:00+00:00,0.0,0.0,1.07,33.49,1.17,UKP_0023,2,2016
2016-11-13 15:00:00+00:00,0.0,0.0,0.65,32.76,1.38,UKP_0023,2,2016
2016-11-13 16:00:00+00:00,0.0,0.0,0.16,32.85,1.44,UKP_0023,2,2016
2016-11-13 17:00:00+00:00,0.0,0.0,-0.16,32.54,1.55,UKP_0023,2,2016
2016-11-13 18:00:00+00:00,0.0,0.0,-0.54,32.6,1.64,UKP_0023,2,2016
2016-11-13 19:00:00+00:00,0.0,0.0,-1.14,32.41,1.74,UKP_0023,2,2016
2016-11-13 20:00:00+00:00,0.0,0.0,-1.64,31.24,1.89,UKP_0023,2,2016
2016-11-13 21:00:00+00:00,0.0,0.0,-2.21,30.32,2.0,UKP_0023,2,2016
2016-11-13 22:00:00+00:00,0.0,0.0,-2.89,29.75,1.97,UKP_0023,2,2016
2016-11-13 23:00:00+00:00,0.0,0.0,-3.1,28.13,1.9,UKP_0023,2,2016
2016-11-14 00:00:00+00:00,0.0,0.0,-3.13,26.07,1.81,UKP_0023,2,2016
2016-11-14 01:00:00+00:00,35.1,39.67,-2.85,23.84,1.7,UKP_0023,2,2016
2016-11-14 02:00:00+00:00,226.85,235.82,-0.06,24.1,1.36,UKP_0023,2,2016
2016-11-14 03:00:00+00:00,396.08,434.65,3.98,14.72,0.6,UKP_0023,2,2016
2016-11-14 04:00:00+00:00,581.7,618.95,6.67,8.41,2.04,UKP_0023,2,2016
2016-11-14 05:00:00+00:00,666.1,723.62,8.35,7.39,3.45,UKP_0023,2,2016
2016-11-14 06:00:00+00:00,748.45,786.85,9.3,7.89,4.14,UKP_0023,2,2016
2016-11-14 07:00:00+00:00,706.35,742.95,9.71,9.07,4.48,UKP_0023,2,2016
2016-11-14 08:00:00+00:00,597.5,629.0,9.51,11.37,4.49,UKP_0023,2,2016
2016-11-14 09:00:00+00:00,422.52,455.17,8.73,14.87,4.09,UKP_0023,2,2016
2016-11-14 10:00:00+00:00,224.62,235.95,7.31,20.0,3.37,UKP_0023,2,2016
2016-11-14 11:00:00+00:00,25.4,30.5,4.16,33.62,1.86,UKP_0023,2,2016
2016-11-14 12:00:00+00:00,0.0,0.0,2.39,40.74,0.79,UKP_0023,2,2016
2016-11-14 13:00:00+00:00,0.0,0.0,1.23,45.8,0.26,UKP_0023,2,2016
2016-11-14 14:00:00+00:00,0.0,0.0,0.48,47.12,0.89,UKP_0023,2,2016
2016-11-14 15:00:00+00:00,0.0,0.0,0.18,46.16,1.01,UKP_0023,2,2016
2016-11-14 16:00:00+00:00,0.0,0.0,-0.21,46.28,0.95,UKP_0023,2,2016
2016-11-14 17:00:00+00:00,0.0,0.0,-0.59,46.59,1.01,UKP_0023,2,2016
2016-11-14 18:00:00+00:00,0.0,0.0,-0.97,45.47,1.08,UKP_0023,2,2016
2016-11-14 19:00:00+00:00,0.0,0.0,-1.32,43.51,1.19,UKP_0023,2,2016
2016-11-14 20:00:00+00:00,0.0,0.0,-1.7,40.66,1.26,UKP_0023,2,2016
2016-11-14 21:00:00+00:00,0.0,0.0,-1.98,39.01,1.3,UKP_0023,2,2016
2016-11-14 22:00:00+00:00,0.0,0.0,-2.25,40.33,1.34,UKP_0023,2,2016
2016-11-14 23:00:00+00:00,0.0,0.0,-2.74,42.72,1.45,UKP_0023,2,2016
2016-11-15 00:00:00+00:00,0.0,0.0,-3.25,42.45,1.63,UKP_0023,2,2016
2016-11-15 01:00:00+00:00,36.55,41.1,-3.27,39.41,1.76,UKP_0023,2,2016
2016-11-15 02:00:00+00:00,241.62,245.85,-0.84,35.73,1.57,UKP_0023,2,2016
2016-11-15 03:00:00+00:00,426.92,450.02,3.16,22.78,0.83,UKP_0023,2,2016
2016-11-15 04:00:00+00:00,605.08,618.12,5.74,15.95,1.92,UKP_0023,2,2016
2016-11-15 05:00:00+00:00,710.17,722.0,7.4,13.57,3.09,UKP_0023,2,2016
2016-11-15 06:00:00+00:00,755.6,765.15,8.5,12.88,3.8,UKP_0023,2,2016
2016-11-15 07:00:00+00:00,698.55,737.17,9.02,13.11,4.18,UKP_0023,2,2016
2016-11-15 08:00:00+00:00,594.47,623.83,8.93,14.46,4.24,UKP_0023,2,2016
2016-11-15 09:00:00+00:00,418.5,450.27,8.26,16.67,3.89,UKP_0023,2,2016
2016-11-15 10:00:00+00:00,221.52,235.32,6.93,20.29,3.2,UKP_0023,2,2016
2016-11-15 11:00:00+00:00,25.6,30.7,3.97,31.98,1.8,UKP_0023,2,2016
2016-11-15 12:00:00+00:00,0.0,0.0,2.37,36.92,0.7,UKP_0023,2,2016
2016-11-15 13:00:00+00:00,0.0,0.0,1.38,39.65,0.32,UKP_0023,2,2016
2016-11-15 14:00:00+00:00,0.0,0.0,0.72,40.56,0.96,UKP_0023,2,2016
2016-11-15 15:00:00+00:00,0.0,0.0,0.05,40.95,1.23,UKP_0023,2,2016
2016-11-15 16:00:00+00:00,0.0,0.0,-0.16,39.04,1.19,UKP_0023,2,2016
2016-11-15 17:00:00+00:00,0.0,0.0,-0.27,36.19,1.18,UKP_0023,2,2016
2016-11-15 18:00:00+00:00,0.0,0.0,-0.56,33.78,1.21,UKP_0023,2,2016
2016-11-15 19:00:00+00:00,0.0,0.0,-0.79,30.09,1.23,UKP_0023,2,2016
2016-11-15 20:00:00+00:00,0.0,0.0,-1.3,28.1,1.26,UKP_0023,2,2016
2016-11-15 21:00:00+00:00,0.0,0.0,-1.43,25.71,1.34,UKP_0023,2,2016
2016-11-15 22:00:00+00:00,0.0,0.0,-1.69,23.72,1.44,UKP_0023,2,2016
2016-11-15 23:00:00+00:00,0.0,0.0,-1.87,21.94,1.52,UKP_0023,2,2016
2016-11-16 00:00:00+00:00,0.0,0.0,-1.91,20.29,1.54,UKP_0023,2,2016
2016-11-16 01:00:00+00:00,36.4,44.8,-1.63,18.99,1.46,UKP_0023,2,2016
2016-11-16 02:00:00+00:00,245.02,257.1,0.81,21.57,1.15,UKP_0023,2,2016
2016-11-16 03:00:00+00:00,428.42,463.95,4.62,17.26,0.15,UKP_0023,2,2016
2016-11-16 04:00:00+00:00,596.17,626.78,7.13,15.74,2.57,UKP_0023,2,2016
2016-11-16 05:00:00+00:00,687.8,727.75,8.66,14.48,3.86,UKP_0023,2,2016
2016-11-16 06:00:00+00:00,741.58,751.0,9.54,14.3,4.44,UKP_0023,2,2016
2016-11-16 07:00:00+00:00,698.05,714.58,9.9,14.78,4.7,UKP_0023,2,2016
2016-11-16 08:00:00+00:00,578.03,606.2,9.71,16.08,4.66,UKP_0023,2,2016
2016-11-16 09:00:00+00:00,406.77,438.5,8.95,18.29,4.23,UKP_0023,2,2016
2016-11-16 10:00:00+00:00,213.38,230.1,7.57,21.92,3.62,UKP_0023,2,2016
2016-11-16 11:00:00+00:00,24.23,30.35,4.52,32.67,1.92,UKP_0023,2,2016
2016-11-16 12:00:00+00:00,0.0,0.0,3.01,36.05,0.5,UKP_0023,2,2016
2016-11-16 13:00:00+00:00,0.0,0.0,1.58,39.44,1.1,UKP_0023,2,2016
2016-11-16 14:00:00+00:00,0.0,0.0,0.71,40.09,1.74,UKP_0023,2,2016
2016-11-16 15:00:00+00:00,0.0,0.0,0.28,38.31,1.99,UKP_0023,2,2016
2016-11-16 16:00:00+00:00,0.0,0.0,0.26,35.31,2.04,UKP_0023,2,2016
2016-11-16 17:00:00+00:00,0.0,0.0,0.56,31.55,1.89,UKP_0023,2,2016
2016-11-16 18:00:00+00:00,0.0,0.0,0.82,28.18,1.61,UKP_0023,2,2016
2016-11-16 19:00:00+00:00,0.0,0.0,1.07,24.95,1.39,UKP_0023,2,2016
2016-11-16 20:00:00+00:00,0.0,0.0,1.05,22.07,1.37,UKP_0023,2,2016
2016-11-16 21:00:00+00:00,0.0,0.0,0.73,20.13,1.51,UKP_0023,2,2016
2016-11-16 22:00:00+00:00,0.0,0.0,0.14,18.99,1.73,UKP_0023,2,2016
2016-11-16 23:00:00+00:00,0.0,0.0,-0.1,17.3,1.98,UKP_0023,2,2016
2016-11-17 00:00:00+00:00,0.0,0.0,-0.15,15.69,2.15,UKP_0023,2,2016
2016-11-17 01:00:00+00:00,39.0,47.47,-0.08,14.49,2.13,UKP_0023,2,2016
2016-11-17 02:00:00+00:00,251.8,262.95,2.57,16.58,1.84,UKP_0023,2,2016
2016-11-17 03:00:00+00:00,444.27,469.23,7.0,11.84,1.29,UKP_0023,2,2016
2016-11-17 04:00:00+00:00,602.17,630.83,10.22,9.7,1.69,UKP_0023,2,2016
2016-11-17 05:00:00+00:00,695.1,731.35,12.05,10.36,3.54,UKP_0023,2,2016
2016-11-17 06:00:00+00:00,738.12,757.42,12.87,10.95,4.36,UKP_0023,2,2016
2016-11-17 07:00:00+00:00,693.75,724.67,13.1,12.04,4.75,UKP_0023,2,2016
2016-11-17 08:00:00+00:00,587.6,615.5,12.74,13.62,4.69,UKP_0023,2,2016
2016-11-17 09:00:00+00:00,415.33,446.83,11.86,15.8,4.18,UKP_0023,2,2016
2016-11-17 10:00:00+00:00,224.0,236.27,10.35,18.99,3.39,UKP_0023,2,2016
2016-11-17 11:00:00+00:00,25.92,31.75,6.71,30.03,1.81,UKP_0023,2,2016
2016-11-17 12:00:00+00:00,0.0,0.0,4.92,32.83,0.74,UKP_0023,2,2016
2016-11-17 13:00:00+00:00,0.0,0.0,3.94,34.62,0.7,UKP_0023,2,2016
2016-11-17 14:00:00+00:00,0.0,0.0,3.03,35.14,1.46,UKP_0023,2,2016
2016-11-17 15:00:00+00:00,0.0,0.0,2.63,34.17,1.57,UKP_0023,2,2016
2016-11-17 16:00:00+00:00,0.0,0.0,2.59,32.29,1.44,UKP_0023,2,2016
2016-11-17 17:00:00+00:00,0.0,0.0,2.74,30.13,1.23,UKP_0023,2,2016
2016-11-17 18:00:00+00:00,0.0,0.0,2.71,28.83,1.16,UKP_0023,2,2016
2016-11-17 19:00:00+00:00,0.0,0.0,2.41,28.06,1.23,UKP_0023,2,2016
2016-11-17 20:00:00+00:00,0.0,0.0,2.13,26.88,1.38,UKP_0023,2,2016
2016-11-17 21:00:00+00:00,0.0,0.0,1.5,26.78,1.63,UKP_0023,2,2016
2016-11-17 22:00:00+00:00,0.0,0.0,1.08,26.23,1.96,UKP_0023,2,2016
2016-11-17 23:00:00+00:00,0.0,0.0,0.57,25.09,2.26,UKP_0023,2,2016
2016-11-18 00:00:00+00:00,0.0,0.0,0.05,23.31,2.42,UKP_0023,2,2016
2016-11-18 01:00:00+00:00,37.33,44.83,0.0,21.38,2.44,UKP_0023,2,2016
2016-11-18 02:00:00+00:00,240.25,258.33,2.57,21.61,2.15,UKP_0023,2,2016
2016-11-18 03:00:00+00:00,430.38,464.8,7.04,14.47,1.84,UKP_0023,2,2016
2016-11-18 04:00:00+00:00,584.22,626.5,10.24,12.56,1.04,UKP_0023,2,2016
2016-11-18 05:00:00+00:00,696.22,727.28,12.15,12.33,3.59,UKP_0023,2,2016
2016-11-18 06:00:00+00:00,705.3,753.33,12.86,13.2,4.43,UKP_0023,2,2016
2016-11-18 07:00:00+00:00,674.72,715.85,12.95,14.69,4.9,UKP_0023,2,2016
2016-11-18 08:00:00+00:00,575.25,605.78,12.44,16.89,4.83,UKP_0023,2,2016
2016-11-18 09:00:00+00:00,406.25,437.38,11.52,19.42,4.35,UKP_0023,2,2016
2016-11-18 10:00:00+00:00,215.75,227.93,10.06,22.76,3.7,UKP_0023,2,2016
2016-11-18 11:00:00+00:00,23.92,29.0,6.51,33.82,1.94,UKP_0023,2,2016
2016-11-18 12:00:00+00:00,0.0,0.0,4.72,38.04,0.88,UKP_0023,2,2016
2016-11-18 13:00:00+00:00,0.0,0.0,3.77,40.53,0.61,UKP_0023,2,2016
2016-11-18 14:00:00+00:00,0.0,0.0,2.93,41.98,1.2,UKP_0023,2,2016
2016-11-18 15:00:00+00:00,0.0,0.0,2.88,40.64,1.25,UKP_0023,2,2016
2016-11-18 16:00:00+00:00,0.0,0.0,3.05,38.84,1.11,UKP_0023,2,2016
2016-11-18 17:00:00+00:00,0.0,0.0,3.58,36.14,0.96,UKP_0023,2,2016
2016-11-18 18:00:00+00:00,0.0,0.0,3.7,34.56,0.94,UKP_0023,2,2016
2016-11-18 19:00:00+00:00,0.0,0.0,3.3,34.38,1.03,UKP_0023,2,2016
2016-11-18 20:00:00+00:00,0.0,0.0,2.26,35.9,1.15,UKP_0023,2,2016
2016-11-18 21:00:00+00:00,0.0,0.0,1.75,35.92,1.39,UKP_0023,2,2016
2016-11-18 22:00:00+00:00,0.0,0.0,1.28,35.63,1.65,UKP_0023,2,2016
2016-11-18 23:00:00+00:00,0.0,0.0,1.26,34.0,1.87,UKP_0023,2,2016
2016-11-19 00:00:00+00:00,0.0,0.0,0.99,32.64,2.01,UKP_0023,2,2016
2016-11-19 01:00:00+00:00,34.25,41.1,0.75,30.62,2.1,UKP_0023,2,2016
2016-11-19 02:00:00+00:00,241.57,252.38,2.93,28.59,1.9,UKP_0023,2,2016
2016-11-19 03:00:00+00:00,428.88,459.0,7.21,19.35,1.34,UKP_0023,2,2016
2016-11-19 04:00:00+00:00,587.55,621.0,10.08,16.12,2.13,UKP_0023,2,2016
2016-11-19 05:00:00+00:00,696.95,721.62,11.62,15.45,3.83,UKP_0023,2,2016
2016-11-19 06:00:00+00:00,719.88,745.4,12.42,15.5,4.56,UKP_0023,2,2016
2016-11-19 07:00:00+00:00,696.3,706.75,12.63,16.2,4.99,UKP_0023,2,2016
2016-11-19 08:00:00+00:00,585.8,597.42,12.15,18.13,5.1,UKP_0023,2,2016
2016-11-19 09:00:00+00:00,415.27,429.23,11.03,21.14,4.6,UKP_0023,2,2016
2016-11-19 10:00:00+00:00,213.85,221.77,9.31,25.43,3.67,UKP_0023,2,2016
2016-11-19 11:00:00+00:00,23.77,27.0,5.74,36.6,1.86,UKP_0023,2,2016
2016-11-19 12:00:00+00:00,0.0,0.0,4.06,41.45,0.72,UKP_0023,2,2016
2016-11-19 13:00:00+00:00,0.0,0.0,3.03,44.3,0.69,UKP_0023,2,2016
2016-11-19 14:00:00+00:00,0.0,0.0,2.21,45.89,1.3,UKP_0023,2,2016
2016-11-19 15:00:00+00:00,0.0,0.0,1.92,45.44,1.17,UKP_0023,2,2016
2016-11-19 16:00:00+00:00,0.0,0.0,1.74,44.91,0.89,UKP_0023,2,2016
2016-11-19 17:00:00+00:00,0.0,0.0,1.59,44.26,0.77,UKP_0023,2,2016
2016-11-19 18:00:00+00:00,0.0,0.0,1.44,44.08,0.77,UKP_0023,2,2016
2016-11-19 19:00:00+00:00,0.0,0.0,1.36,43.49,0.94,UKP_0023,2,2016
2016-11-19 20:00:00+00:00,0.0,0.0,1.09,43.49,1.19,UKP_0023,2,2016
2016-11-19 21:00:00+00:00,0.0,0.0,0.76,43.31,1.45,UKP_0023,2,2016
2016-11-19 22:00:00+00:00,0.0,0.0,0.54,42.23,1.65,UKP_0023,2,2016
2016-11-19 23:00:00+00:00,0.0,0.0,0.51,39.85,1.71,UKP_0023,2,2016
2016-11-20 00:00:00+00:00,0.0,0.0,0.49,36.56,1.7,UKP_0023,2,2016
2016-11-20 01:00:00+00:00,30.33,35.12,0.66,32.63,1.58,UKP_0023,2,2016
2016-11-20 02:00:00+00:00,233.2,237.27,2.79,29.24,1.25,UKP_0023,2,2016
2016-11-20 03:00:00+00:00,411.85,442.25,6.59,21.5,0.64,UKP_0023,2,2016
2016-11-20 04:00:00+00:00,582.38,604.83,9.39,16.92,2.05,UKP_0023,2,2016
2016-11-20 05:00:00+00:00,684.83,707.62,11.07,14.78,3.59,UKP_0023,2,2016
2016-11-20 06:00:00+00:00,693.17,737.88,12.12,14.18,4.49,UKP_0023,2,2016
2016-11-20 07:00:00+00:00,663.8,701.83,12.4,15.0,4.87,UKP_0023,2,2016
2016-11-20 08:00:00+00:00,548.05,591.22,12.02,16.81,4.75,UKP_0023,2,2016
2016-11-20 09:00:00+00:00,382.5,421.52,11.09,19.32,4.27,UKP_0023,2,2016
2016-11-20 10:00:00+00:00,196.45,213.73,9.51,22.98,3.37,UKP_0023,2,2016
2016-11-20 11:00:00+00:00,21.15,24.65,6.15,33.52,1.64,UKP_0023,2,2016
2016-11-20 12:00:00+00:00,0.0,0.0,4.63,36.34,0.33,UKP_0023,2,2016
2016-11-20 13:00:00+00:00,0.0,0.0,3.31,38.45,1.02,UKP_0023,2,2016
2016-11-20 14:00:00+00:00,0.0,0.0,2.89,36.79,1.35,UKP_0023,2,2016
2016-11-20 15:00:00+00:00,0.0,0.0,2.84,33.64,1.28,UKP_0023,2,2016
2016-11-20 16:00:00+00:00,0.0,0.0,2.87,30.72,1.04,UKP_0023,2,2016
2016-11-20 17:00:00+00:00,0.0,0.0,3.65,26.81,0.87,UKP_0023,2,2016
2016-11-20 18:00:00+00:00,0.0,0.0,3.61,25.03,0.78,UKP_0023,2,2016
2016-11-20 19:00:00+00:00,0.0,0.0,3.34,23.76,0.87,UKP_0023,2,2016
2016-11-20 20:00:00+00:00,0.0,0.0,2.2,24.34,1.01,UKP_0023,2,2016
2016-11-20 21:00:00+00:00,0.0,0.0,1.92,23.71,1.08,UKP_0023,2,2016
2016-11-20 22:00:00+00:00,0.0,0.0,1.72,22.59,1.06,UKP_0023,2,2016
2016-11-20 23:00:00+00:00,0.0,0.0,1.56,21.21,1.04,UKP_0023,2,2016
2016-11-21 00:00:00+00:00,0.0,0.0,1.11,20.4,1.13,UKP_0023,2,2016
2016-11-21 01:00:00+00:00,25.7,32.35,0.86,19.57,1.25,UKP_0023,2,2016
2016-11-21 02:00:00+00:00,211.62,231.15,3.01,20.5,1.2,UKP_0023,2,2016
2016-11-21 03:00:00+00:00,372.83,436.23,6.9,15.07,0.68,UKP_0023,2,2016
2016-11-21 04:00:00+00:00,549.5,601.92,9.72,10.11,2.16,UKP_0023,2,2016
2016-11-21 05:00:00+00:00,604.25,705.7,11.24,9.13,3.43,UKP_0023,2,2016
2016-11-21 06:00:00+00:00,691.58,737.8,12.1,9.42,4.36,UKP_0023,2,2016
2016-11-21 07:00:00+00:00,659.92,700.83,12.26,10.26,4.66,UKP_0023,2,2016
2016-11-21 08:00:00+00:00,525.53,567.58,11.93,11.21,4.22,UKP_0023,2,2016
2016-11-21 09:00:00+00:00,365.05,404.83,11.13,12.24,3.48,UKP_0023,2,2016
2016-11-21 10:00:00+00:00,187.55,204.55,9.73,15.11,2.49,UKP_0023,2,2016
2016-11-21 11:00:00+00:00,19.62,22.9,6.79,22.88,1.28,UKP_0023,2,2016
2016-11-21 12:00:00+00:00,0.0,0.0,4.96,23.4,0.67,UKP_0023,2,2016
2016-11-21 13:00:00+00:00,0.0,0.0,4.14,22.87,1.07,UKP_0023,2,2016
2016-11-21 14:00:00+00:00,0.0,0.0,3.81,20.9,1.16,UKP_0023,2,2016
2016-11-21 15:00:00+00:00,0.0,0.0,3.58,19.4,1.0,UKP_0023,2,2016
2016-11-21 16:00:00+00:00,0.0,0.0,3.25,17.96,0.83,UKP_0023,2,2016
2016-11-21 17:00:00+00:00,0.0,0.0,3.01,16.63,0.9,UKP_0023,2,2016
2016-11-21 18:00:00+00:00,0.0,0.0,2.75,15.87,1.01,UKP_0023,2,2016
2016-11-21 19:00:00+00:00,0.0,0.0,2.36,16.62,1.13,UKP_0023,2,2016
2016-11-21 20:00:00+00:00,0.0,0.0,2.34,16.64,1.17,UKP_0023,2,2016
2016-11-21 21:00:00+00:00,0.0,0.0,2.45,16.35,1.18,UKP_0023,2,2016
2016-11-21 22:00:00+00:00,0.0,0.0,2.79,15.8,1.14,UKP_0023,2,2016
2016-11-21 23:00:00+00:00,0.0,0.0,3.59,14.79,1.13,UKP_0023,2,2016
2016-11-22 00:00:00+00:00,0.0,0.0,3.68,14.43,1.12,UKP_0023,2,2016
2016-11-22 01:00:00+00:00,26.17,31.33,3.34,14.79,1.09,UKP_0023,2,2016
2016-11-22 02:00:00+00:00,213.0,229.02,4.62,16.97,1.05,UKP_0023,2,2016
2016-11-22 03:00:00+00:00,393.98,431.55,8.33,15.0,1.26,UKP_0023,2,2016
2016-11-22 04:00:00+00:00,556.65,593.55,10.69,11.49,3.0,UKP_0023,2,2016
2016-11-22 05:00:00+00:00,665.83,694.2,11.94,11.14,3.97,UKP_0023,2,2016
2016-11-22 06:00:00+00:00,713.05,728.3,12.71,11.05,4.37,UKP_0023,2,2016
2016-11-22 07:00:00+00:00,663.05,697.2,13.0,11.43,4.39,UKP_0023,2,2016
2016-11-22 08:00:00+00:00,567.45,593.53,12.84,12.07,4.28,UKP_0023,2,2016
2016-11-22 09:00:00+00:00,400.6,430.42,12.06,13.34,3.84,UKP_0023,2,2016
2016-11-22 10:00:00+00:00,210.48,225.12,10.56,15.96,2.99,UKP_0023,2,2016
2016-11-22 11:00:00+00:00,23.05,28.0,7.25,23.93,1.46,UKP_0023,2,2016
2016-11-22 12:00:00+00:00,0.0,0.0,5.56,25.16,0.46,UKP_0023,2,2016
2016-11-22 13:00:00+00:00,0.0,0.0,4.21,26.29,1.24,UKP_0023,2,2016
2016-11-22 14:00:00+00:00,0.0,0.0,3.42,26.51,1.6,UKP_0023,2,2016
2016-11-22 15:00:00+00:00,0.0,0.0,3.59,24.64,1.46,UKP_0023,2,2016
2016-11-22 16:00:00+00:00,0.0,0.0,4.37,21.31,0.74,UKP_0023,2,2016
2016-11-22 17:00:00+00:00,0.0,0.0,5.02,18.95,0.27,UKP_0023,2,2016
2016-11-22 18:00:00+00:00,0.0,0.0,4.42,18.68,0.33,UKP_0023,2,2016
2016-11-22 19:00:00+00:00,0.0,0.0,3.62,19.04,0.49,UKP_0023,2,2016
2016-11-22 20:00:00+00:00,0.0,0.0,3.54,18.72,0.46,UKP_0023,2,2016
2016-11-22 21:00:00+00:00,0.0,0.0,3.22,18.99,0.58,UKP_0023,2,2016
2016-11-22 22:00:00+00:00,0.0,0.0,2.94,19.52,0.75,UKP_0023,2,2016
2016-11-22 23:00:00+00:00,0.0,0.0,2.71,19.39,0.85,UKP_0023,2,2016
2016-11-23 00:00:00+00:00,0.0,0.0,2.55,19.46,0.96,UKP_0023,2,2016
2016-11-23 01:00:00+00:00,24.3,31.0,2.29,19.52,1.05,UKP_0023,2,2016
2016-11-23 02:00:00+00:00,186.27,229.55,4.21,19.64,0.98,UKP_0023,2,2016
2016-11-23 03:00:00+00:00,328.98,433.55,7.62,17.78,0.39,UKP_0023,2,2016
2016-11-23 04:00:00+00:00,461.95,595.9,9.89,11.28,1.75,UKP_0023,2,2016
2016-11-23 05:00:00+00:00,556.17,697.0,10.85,10.76,3.04,UKP_0023,2,2016
2016-11-23 06:00:00+00:00,545.75,712.47,11.53,10.94,3.51,UKP_0023,2,2016
2016-11-23 07:00:00+00:00,514.9,684.1,11.58,11.3,3.7,UKP_0023,2,2016
2016-11-23 08:00:00+00:00,362.3,576.47,11.39,12.02,3.84,UKP_0023,2,2016
2016-11-23 09:00:00+00:00,253.1,412.67,10.76,13.49,3.87,UKP_0023,2,2016
2016-11-23 10:00:00+00:00,129.65,208.57,8.95,18.18,2.92,UKP_0023,2,2016
2016-11-23 11:00:00+00:00,15.43,22.8,6.42,26.98,1.71,UKP_0023,2,2016
2016-11-23 12:00:00+00:00,0.0,0.0,5.14,29.75,0.36,UKP_0023,2,2016
2016-11-23 13:00:00+00:00,0.0,0.0,3.94,30.85,0.29,UKP_0023,2,2016
2016-11-23 14:00:00+00:00,0.0,0.0,3.54,29.18,0.51,UKP_0023,2,2016
2016-11-23 15:00:00+00:00,0.0,0.0,3.25,27.17,0.29,UKP_0023,2,2016
2016-11-23 16:00:00+00:00,0.0,0.0,2.92,26.18,0.31,UKP_0023,2,2016
2016-11-23 17:00:00+00:00,0.0,0.0,2.94,24.49,0.29,UKP_0023,2,2016
2016-11-23 18:00:00+00:00,0.0,0.0,3.0,23.64,0.4,UKP_0023,2,2016
2016-11-23 19:00:00+00:00,0.0,0.0,3.46,22.59,0.46,UKP_0023,2,2016
2016-11-23 20:00:00+00:00,0.0,0.0,3.64,22.16,0.45,UKP_0023,2,2016
2016-11-23 21:00:00+00:00,0.0,0.0,3.45,22.45,0.38,UKP_0023,2,2016
2016-11-23 22:00:00+00:00,0.0,0.0,3.12,22.39,0.46,UKP_0023,2,2016
2016-11-23 23:00:00+00:00,0.0,0.0,1.86,24.33,0.74,UKP_0023,2,2016
2016-11-24 00:00:00+00:00,0.0,0.0,1.53,25.75,1.14,UKP_0023,2,2016
2016-11-24 01:00:00+00:00,18.58,28.23,0.79,27.86,1.36,UKP_0023,2,2016
2016-11-24 02:00:00+00:00,170.75,222.25,2.23,27.34,1.22,UKP_0023,2,2016
2016-11-24 03:00:00+00:00,323.8,424.58,6.39,18.44,0.4,UKP_0023,2,2016
2016-11-24 04:00:00+00:00,467.83,585.62,8.8,14.55,1.44,UKP_0023,2,2016
2016-11-24 05:00:00+00:00,553.15,687.12,10.18,13.89,2.67,UKP_0023,2,2016
2016-11-24 06:00:00+00:00,600.47,712.72,11.05,13.69,3.36,UKP_0023,2,2016
2016-11-24 07:00:00+00:00,472.4,683.08,11.44,13.75,3.85,UKP_0023,2,2016
2016-11-24 08:00:00+00:00,412.73,579.72,11.29,14.38,3.95,UKP_0023,2,2016
2016-11-24 09:00:00+00:00,299.08,417.55,10.69,15.48,3.79,UKP_0023,2,2016
2016-11-24 10:00:00+00:00,160.57,214.5,9.43,17.99,3.31,UKP_0023,2,2016
2016-11-24 11:00:00+00:00,19.1,24.65,6.15,26.9,1.83,UKP_0023,2,2016
2016-11-24 12:00:00+00:00,0.0,0.0,5.07,28.49,0.87,UKP_0023,2,2016
2016-11-24 13:00:00+00:00,0.0,0.0,4.05,30.2,0.81,UKP_0023,2,2016
2016-11-24 14:00:00+00:00,0.0,0.0,3.74,29.47,1.17,UKP_0023,2,2016
2016-11-24 15:00:00+00:00,0.0,0.0,3.37,27.79,1.26,UKP_0023,2,2016
2016-11-24 16:00:00+00:00,0.0,0.0,3.35,25.52,1.26,UKP_0023,2,2016
2016-11-24 17:00:00+00:00,0.0,0.0,3.42,23.52,1.28,UKP_0023,2,2016
2016-11-24 18:00:00+00:00,0.0,0.0,3.24,22.64,1.43,UKP_0023,2,2016
2016-11-24 19:00:00+00:00,0.0,0.0,3.1,22.27,1.65,UKP_0023,2,2016
2016-11-24 20:00:00+00:00,0.0,0.0,3.06,21.0,1.82,UKP_0023,2,2016
2016-11-24 21:00:00+00:00,0.0,0.0,2.96,20.1,1.89,UKP_0023,2,2016
2016-11-24 22:00:00+00:00,0.0,0.0,2.75,19.64,2.0,UKP_0023,2,2016
2016-11-24 23:00:00+00:00,0.0,0.0,2.53,18.73,2.07,UKP_0023,2,2016
2016-11-25 00:00:00+00:00,0.0,0.0,2.52,17.21,2.11,UKP_0023,2,2016
2016-11-25 01:00:00+00:00,24.92,30.92,2.44,16.39,2.13,UKP_0023,2,2016
2016-11-25 02:00:00+00:00,215.15,229.93,4.22,17.33,2.0,UKP_0023,2,2016
2016-11-25 03:00:00+00:00,399.17,433.3,8.63,12.89,1.76,UKP_0023,2,2016
2016-11-25 04:00:00+00:00,558.42,593.53,11.68,10.35,2.17,UKP_0023,2,2016
2016-11-25 05:00:00+00:00,657.1,694.45,13.21,10.77,3.19,UKP_0023,2,2016
2016-11-25 06:00:00+00:00,685.83,723.7,14.12,11.05,4.1,UKP_0023,2,2016
2016-11-25 07:00:00+00:00,631.8,688.78,14.42,11.72,4.84,UKP_0023,2,2016
2016-11-25 08:00:00+00:00,526.22,585.15,14.15,12.82,5.13,UKP_0023,2,2016
2016-11-25 09:00:00+00:00,376.85,424.15,13.32,14.48,4.79,UKP_0023,2,2016
2016-11-25 10:00:00+00:00,202.12,221.1,11.78,17.32,3.69,UKP_0023,2,2016
2016-11-25 11:00:00+00:00,21.75,27.12,7.82,26.08,2.11,UKP_0023,2,2016
2016-11-25 12:00:00+00:00,0.0,0.0,6.46,27.82,1.63,UKP_0023,2,2016
2016-11-25 13:00:00+00:00,0.0,0.0,5.61,28.41,1.73,UKP_0023,2,2016
2016-11-25 14:00:00+00:00,0.0,0.0,4.75,27.81,2.12,UKP_0023,2,2016
2016-11-25 15:00:00+00:00,0.0,0.0,4.34,26.2,2.28,UKP_0023,2,2016
2016-11-25 16:00:00+00:00,0.0,0.0,4.07,24.5,2.33,UKP_0023,2,2016
2016-11-25 17:00:00+00:00,0.0,0.0,4.01,22.67,2.28,UKP_0023,2,2016
2016-11-25 18:00:00+00:00,0.0,0.0,4.15,20.67,2.08,UKP_0023,2,2016
2016-11-25 19:00:00+00:00,0.0,0.0,4.1,19.23,1.77,UKP_0023,2,2016
2016-11-25 20:00:00+00:00,0.0,0.0,5.05,16.7,1.49,UKP_0023,2,2016
2016-11-25 21:00:00+00:00,0.0,0.0,5.12,15.72,1.34,UKP_0023,2,2016
2016-11-25 22:00:00+00:00,0.0,0.0,4.88,15.34,1.2,UKP_0023,2,2016
2016-11-25 23:00:00+00:00,0.0,0.0,5.07,14.11,1.01,UKP_0023,2,2016
2016-11-26 00:00:00+00:00,0.0,0.0,5.55,13.04,0.67,UKP_0023,2,2016
2016-11-26 01:00:00+00:00,23.5,29.33,5.49,13.73,0.56,UKP_0023,2,2016
2016-11-26 02:00:00+00:00,217.65,226.35,5.88,17.99,0.69,UKP_0023,2,2016
2016-11-26 03:00:00+00:00,402.85,428.88,9.57,16.08,0.8,UKP_0023,2,2016
2016-11-26 04:00:00+00:00,559.6,588.55,12.14,13.08,2.84,UKP_0023,2,2016
2016-11-26 05:00:00+00:00,669.92,688.9,13.35,12.52,4.19,UKP_0023,2,2016
2016-11-26 06:00:00+00:00,679.5,717.85,13.99,12.78,4.81,UKP_0023,2,2016
2016-11-26 07:00:00+00:00,630.53,682.22,14.12,13.71,5.06,UKP_0023,2,2016
2016-11-26 08:00:00+00:00,539.72,577.38,13.75,15.03,4.93,UKP_0023,2,2016
2016-11-26 09:00:00+00:00,379.3,415.33,12.79,16.99,4.37,UKP_0023,2,2016
2016-11-26 10:00:00+00:00,190.82,212.75,11.12,20.32,3.46,UKP_0023,2,2016
2016-11-26 11:00:00+00:00,20.17,24.58,7.4,29.38,2.08,UKP_0023,2,2016
2016-11-26 12:00:00+00:00,0.0,0.0,5.57,33.34,1.34,UKP_0023,2,2016
2016-11-26 13:00:00+00:00,0.0,0.0,5.03,34.38,1.19,UKP_0023,2,2016
2016-11-26 14:00:00+00:00,0.0,0.0,4.57,33.78,1.34,UKP_0023,2,2016
2016-11-26 15:00:00+00:00,0.0,0.0,4.33,32.47,1.35,UKP_0023,2,2016
2016-11-26 16:00:00+00:00,0.0,0.0,3.56,32.43,1.28,UKP_0023,2,2016
2016-11-26 17:00:00+00:00,0.0,0.0,3.42,30.88,1.19,UKP_0023,2,2016
2016-11-26 18:00:00+00:00,0.0,0.0,3.16,30.27,1.28,UKP_0023,2,2016
2016-11-26 19:00:00+00:00,0.0,0.0,2.76,29.92,1.36,UKP_0023,2,2016
2016-11-26 20:00:00+00:00,0.0,0.0,2.44,29.52,1.4,UKP_0023,2,2016
2016-11-26 21:00:00+00:00,0.0,0.0,2.48,28.2,1.45,UKP_0023,2,2016
2016-11-26 22:00:00+00:00,0.0,0.0,2.3,27.31,1.46,UKP_0023,2,2016
2016-11-26 23:00:00+00:00,0.0,0.0,1.94,27.06,1.48,UKP_0023,2,2016
2016-11-27 00:00:00+00:00,0.0,0.0,1.68,27.25,1.48,UKP_0023,2,2016
2016-11-27 01:00:00+00:00,21.92,26.62,1.55,27.35,1.47,UKP_0023,2,2016
2016-11-27 02:00:00+00:00,203.85,219.48,3.38,27.2,1.37,UKP_0023,2,2016
2016-11-27 03:00:00+00:00,390.2,422.65,7.63,19.5,1.69,UKP_0023,2,2016
2016-11-27 04:00:00+00:00,564.72,584.2,9.88,17.86,3.2,UKP_0023,2,2016
2016-11-27 05:00:00+00:00,641.28,685.1,11.25,17.06,4.15,UKP_0023,2,2016
2016-11-27 06:00:00+00:00,651.65,716.7,12.19,16.65,4.69,UKP_0023,2,2016
2016-11-27 07:00:00+00:00,638.75,682.12,12.67,16.8,5.01,UKP_0023,2,2016
2016-11-27 08:00:00+00:00,549.12,578.72,12.61,17.85,5.21,UKP_0023,2,2016
2016-11-27 09:00:00+00:00,391.12,418.25,11.96,19.9,5.05,UKP_0023,2,2016
2016-11-27 10:00:00+00:00,197.77,216.02,10.51,23.58,4.3,UKP_0023,2,2016
2016-11-27 11:00:00+00:00,20.62,25.4,6.54,34.43,2.4,UKP_0023,2,2016
2016-11-27 12:00:00+00:00,0.0,0.0,4.8,39.12,1.78,UKP_0023,2,2016
2016-11-27 13:00:00+00:00,0.0,0.0,4.51,38.47,1.64,UKP_0023,2,2016
2016-11-27 14:00:00+00:00,0.0,0.0,3.9,36.97,1.63,UKP_0023,2,2016
2016-11-27 15:00:00+00:00,0.0,0.0,3.61,33.63,1.82,UKP_0023,2,2016
2016-11-27 16:00:00+00:00,0.0,0.0,3.54,29.24,1.96,UKP_0023,2,2016
2016-11-27 17:00:00+00:00,0.0,0.0,3.64,24.93,1.96,UKP_0023,2,2016
2016-11-27 18:00:00+00:00,0.0,0.0,3.39,21.62,1.91,UKP_0023,2,2016
2016-11-27 19:00:00+00:00,0.0,0.0,3.27,18.74,1.87,UKP_0023,2,2016
2016-11-27 20:00:00+00:00,0.0,0.0,3.35,16.18,1.8,UKP_0023,2,2016
2016-11-27 21:00:00+00:00,0.0,0.0,3.53,13.83,1.66,UKP_0023,2,2016
2016-11-27 22:00:00+00:00,0.0,0.0,3.77,12.06,1.47,UKP_0023,2,2016
2016-11-27 23:00:00+00:00,0.0,0.0,4.43,10.44,1.28,UKP_0023,2,2016
2016-11-28 00:00:00+00:00,0.0,0.0,5.13,8.17,0.96,UKP_0023,2,2016
2016-11-28 01:00:00+00:00,21.38,27.62,5.29,7.96,0.71,UKP_0023,2,2016
2016-11-28 02:00:00+00:00,207.35,223.55,6.05,9.95,0.51,UKP_0023,2,2016
2016-11-28 03:00:00+00:00,394.65,427.48,9.11,13.14,0.74,UKP_0023,2,2016
2016-11-28 04:00:00+00:00,559.0,589.17,11.65,9.37,2.45,UKP_0023,2,2016
2016-11-28 05:00:00+00:00,644.95,691.4,13.0,9.48,3.86,UKP_0023,2,2016
2016-11-28 06:00:00+00:00,691.33,722.97,13.71,9.97,4.66,UKP_0023,2,2016
2016-11-28 07:00:00+00:00,675.15,690.22,13.75,11.16,5.13,UKP_0023,2,2016
2016-11-28 08:00:00+00:00,567.22,586.7,13.17,12.99,5.12,UKP_0023,2,2016
2016-11-28 09:00:00+00:00,401.95,424.5,12.09,15.21,4.47,UKP_0023,2,2016
2016-11-28 10:00:00+00:00,207.82,220.75,10.44,18.3,3.42,UKP_0023,2,2016
2016-11-28 11:00:00+00:00,21.52,26.62,6.62,27.62,1.81,UKP_0023,2,2016
2016-11-28 12:00:00+00:00,0.0,0.0,5.05,30.03,1.02,UKP_0023,2,2016
2016-11-28 13:00:00+00:00,0.0,0.0,4.06,31.24,1.26,UKP_0023,2,2016
2016-11-28 14:00:00+00:00,0.0,0.0,3.6,30.57,1.37,UKP_0023,2,2016
2016-11-28 15:00:00+00:00,0.0,0.0,3.46,29.17,1.37,UKP_0023,2,2016
2016-11-28 16:00:00+00:00,0.0,0.0,3.18,28.15,1.44,UKP_0023,2,2016
2016-11-28 17:00:00+00:00,0.0,0.0,2.88,27.25,1.51,UKP_0023,2,2016
2016-11-28 18:00:00+00:00,0.0,0.0,2.63,25.91,1.62,UKP_0023,2,2016
2016-11-28 19:00:00+00:00,0.0,0.0,2.38,24.35,1.73,UKP_0023,2,2016
2016-11-28 20:00:00+00:00,0.0,0.0,2.31,22.6,1.85,UKP_0023,2,2016
2016-11-28 21:00:00+00:00,0.0,0.0,2.06,21.1,2.03,UKP_0023,2,2016
2016-11-28 22:00:00+00:00,0.0,0.0,1.67,20.06,2.19,UKP_0023,2,2016
2016-11-28 23:00:00+00:00,0.0,0.0,1.47,18.7,2.26,UKP_0023,2,2016
2016-11-29 00:00:00+00:00,0.0,0.0,1.41,17.12,2.21,UKP_0023,2,2016
2016-11-29 01:00:00+00:00,19.65,25.55,1.33,16.06,2.09,UKP_0023,2,2016
2016-11-29 02:00:00+00:00,199.35,218.6,3.39,16.19,1.77,UKP_0023,2,2016
2016-11-29 03:00:00+00:00,386.25,421.88,7.3,13.01,1.26,UKP_0023,2,2016
2016-11-29 04:00:00+00:00,549.95,583.08,10.04,10.26,1.95,UKP_0023,2,2016
2016-11-29 05:00:00+00:00,643.33,685.83,11.67,10.6,3.5,UKP_0023,2,2016
2016-11-29 06:00:00+00:00,654.53,716.08,12.43,11.1,4.44,UKP_0023,2,2016
2016-11-29 07:00:00+00:00,605.12,681.62,12.38,12.3,4.75,UKP_0023,2,2016
2016-11-29 08:00:00+00:00,529.7,575.62,11.87,13.93,4.51,UKP_0023,2,2016
2016-11-29 09:00:00+00:00,366.4,412.65,10.98,15.63,3.86,UKP_0023,2,2016
2016-11-29 10:00:00+00:00,192.88,210.32,9.32,18.52,3.03,UKP_0023,2,2016
2016-11-29 11:00:00+00:00,19.08,23.23,5.89,27.04,1.51,UKP_0023,2,2016
2016-11-29 12:00:00+00:00,0.0,0.0,4.44,28.99,0.2,UKP_0023,2,2016
2016-11-29 13:00:00+00:00,0.0,0.0,3.28,30.31,0.93,UKP_0023,2,2016
2016-11-29 14:00:00+00:00,0.0,0.0,3.03,29.23,1.1,UKP_0023,2,2016
2016-11-29 15:00:00+00:00,0.0,0.0,3.13,27.56,0.93,UKP_0023,2,2016
2016-11-29 16:00:00+00:00,0.0,0.0,3.11,26.72,0.83,UKP_0023,2,2016
2016-11-29 17:00:00+00:00,0.0,0.0,2.84,26.17,0.9,UKP_0023,2,2016
2016-11-29 18:00:00+00:00,0.0,0.0,2.61,25.36,1.01,UKP_0023,2,2016
2016-11-29 19:00:00+00:00,0.0,0.0,2.33,24.93,1.05,UKP_0023,2,2016
2016-11-29 20:00:00+00:00,0.0,0.0,2.21,24.5,1.02,UKP_0023,2,2016
2016-11-29 21:00:00+00:00,0.0,0.0,2.57,23.42,1.01,UKP_0023,2,2016
2016-11-29 22:00:00+00:00,0.0,0.0,2.92,23.14,0.95,UKP_0023,2,2016
2016-11-29 23:00:00+00:00,0.0,0.0,2.83,24.05,0.96,UKP_0023,2,2016
2016-11-30 00:00:00+00:00,0.0,0.0,2.79,24.29,0.88,UKP_0023,2,2016
2016-11-30 01:00:00+00:00,16.65,20.55,2.5,25.12,0.87,UKP_0023,2,2016
2016-11-30 02:00:00+00:00,182.9,200.68,3.36,25.68,0.73,UKP_0023,2,2016
2016-11-30 03:00:00+00:00,355.62,399.58,6.62,21.86,0.36,UKP_0023,2,2016
2016-11-30 04:00:00+00:00,516.45,558.85,8.85,18.78,2.87,UKP_0023,2,2016
2016-11-30 05:00:00+00:00,590.95,659.85,10.1,18.18,4.14,UKP_0023,2,2016
2016-11-30 06:00:00+00:00,629.97,685.35,10.83,18.26,4.64,UKP_0023,2,2016
2016-11-30 07:00:00+00:00,568.05,651.58,11.12,18.66,4.95,UKP_0023,2,2016
2016-11-30 08:00:00+00:00,445.0,548.6,10.78,19.94,4.97,UKP_0023,2,2016
2016-11-30 09:00:00+00:00,305.67,387.92,9.86,22.12,4.66,UKP_0023,2,2016
2016-11-30 10:00:00+00:00,155.85,190.48,8.25,25.69,3.85,UKP_0023,2,2016
2016-11-30 11:00:00+00:00,14.93,19.2,4.79,35.23,2.11,UKP_0023,2,2016
2016-11-30 12:00:00+00:00,0.0,0.0,3.46,39.27,0.74,UKP_0023,2,2016
2016-11-30 13:00:00+00:00,0.0,0.0,2.34,42.23,0.2,UKP_0023,2,2016
2016-11-30 14:00:00+00:00,0.0,0.0,1.93,42.69,0.42,UKP_0023,2,2016
2016-11-30 15:00:00+00:00,0.0,0.0,2.03,41.59,0.31,UKP_0023,2,2016
2016-11-30 16:00:00+00:00,0.0,0.0,1.84,41.84,0.28,UKP_0023,2,2016
2016-11-30 17:00:00+00:00,0.0,0.0,1.47,42.62,0.25,UKP_0023,2,2016
2016-11-30 18:00:00+00:00,0.0,0.0,0.8,44.72,0.26,UKP_0023,2,2016
2016-11-30 19:00:00+00:00,0.0,0.0,0.33,46.44,0.18,UKP_0023,2,2016
2016-11-30 20:00:00+00:00,0.0,0.0,0.08,47.29,0.09,UKP_0023,2,2016
2016-11-30 21:00:00+00:00,0.0,0.0,-0.17,48.42,0.12,UKP_0023,2,2016
2016-11-30 22:00:00+00:00,0.0,0.0,-0.3,48.74,0.27,UKP_0023,2,2016
2016-11-30 23:00:00+00:00,0.0,0.0,-0.52,49.64,0.38,UKP_0023,2,2016
2016-12-01 00:00:00+00:00,0.0,0.0,-0.76,50.65,0.47,UKP_0023,2,2016
2016-12-01 01:00:00+00:00,12.88,16.83,-0.82,50.93,0.6,UKP_0023,2,2016
2016-12-01 02:00:00+00:00,168.93,185.5,0.64,45.8,0.79,UKP_0023,2,2016
2016-12-01 03:00:00+00:00,332.33,384.85,3.98,35.14,0.23,UKP_0023,2,2016
2016-12-01 04:00:00+00:00,492.75,548.55,6.1,29.01,1.96,UKP_0023,2,2016
2016-12-01 05:00:00+00:00,607.35,654.08,7.51,26.11,3.03,UKP_0023,2,2016
2016-12-01 06:00:00+00:00,632.92,697.45,8.48,25.13,3.83,UKP_0023,2,2016
2016-12-01 07:00:00+00:00,549.17,670.42,8.85,25.47,4.26,UKP_0023,2,2016
2016-12-01 08:00:00+00:00,466.12,567.03,8.69,26.72,4.33,UKP_0023,2,2016
2016-12-01 09:00:00+00:00,319.58,405.05,8.03,28.88,4.2,UKP_0023,2,2016
2016-12-01 10:00:00+00:00,164.62,203.48,6.74,32.57,3.67,UKP_0023,2,2016
2016-12-01 11:00:00+00:00,16.23,21.27,3.71,42.34,2.06,UKP_0023,2,2016
2016-12-01 12:00:00+00:00,0.0,0.0,2.34,48.23,1.11,UKP_0023,2,2016
2016-12-01 13:00:00+00:00,0.0,0.0,2.13,49.78,0.19,UKP_0023,2,2016
2016-12-01 14:00:00+00:00,0.0,0.0,1.26,52.67,0.52,UKP_0023,2,2016
2016-12-01 15:00:00+00:00,0.0,0.0,0.64,53.85,0.99,UKP_0023,2,2016
2016-12-01 16:00:00+00:00,0.0,0.0,0.41,52.61,1.18,UKP_0023,2,2016
2016-12-01 17:00:00+00:00,0.0,0.0,0.12,51.16,1.22,UKP_0023,2,2016
2016-12-01 18:00:00+00:00,0.0,0.0,-0.01,48.88,1.35,UKP_0023,2,2016
2016-12-01 19:00:00+00:00,0.0,0.0,-0.2,46.27,1.59,UKP_0023,2,2016
2016-12-01 20:00:00+00:00,0.0,0.0,-0.79,44.44,1.88,UKP_0023,2,2016
2016-12-01 21:00:00+00:00,0.0,0.0,-1.49,42.3,2.1,UKP_0023,2,2016
2016-12-01 22:00:00+00:00,0.0,0.0,-2.32,39.97,2.34,UKP_0023,2,2016
2016-12-01 23:00:00+00:00,0.0,0.0,-3.19,37.73,2.61,UKP_0023,2,2016
2016-12-02 00:00:00+00:00,0.0,0.0,-4.01,35.05,2.9,UKP_0023,2,2016
2016-12-02 01:00:00+00:00,13.45,19.45,-4.68,32.76,3.18,UKP_0023,2,2016
2016-12-02 02:00:00+00:00,178.2,203.85,-2.13,25.77,3.11,UKP_0023,2,2016
2016-12-02 03:00:00+00:00,357.88,411.5,3.15,17.68,3.69,UKP_0023,2,2016
2016-12-02 04:00:00+00:00,521.35,579.53,6.95,13.23,3.21,UKP_0023,2,2016
2016-12-02 05:00:00+00:00,632.65,688.12,9.36,9.79,2.03,UKP_0023,2,2016
2016-12-02 06:00:00+00:00,687.47,723.65,10.88,8.32,1.51,UKP_0023,2,2016
2016-12-02 07:00:00+00:00,650.22,691.28,11.53,8.29,1.96,UKP_0023,2,2016
2016-12-02 08:00:00+00:00,547.75,586.47,11.46,9.15,2.26,UKP_0023,2,2016
2016-12-02 09:00:00+00:00,377.35,421.7,10.78,10.61,2.24,UKP_0023,2,2016
2016-12-02 10:00:00+00:00,203.68,214.18,9.23,13.6,1.87,UKP_0023,2,2016
2016-12-02 11:00:00+00:00,18.52,23.48,5.5,22.04,1.06,UKP_0023,2,2016
2016-12-02 12:00:00+00:00,0.0,0.0,2.95,26.52,1.44,UKP_0023,2,2016
2016-12-02 13:00:00+00:00,0.0,0.0,2.2,26.27,1.98,UKP_0023,2,2016
2016-12-02 14:00:00+00:00,0.0,0.0,1.67,24.36,2.34,UKP_0023,2,2016
2016-12-02 15:00:00+00:00,0.0,0.0,1.33,21.79,2.45,UKP_0023,2,2016
2016-12-02 16:00:00+00:00,0.0,0.0,1.2,19.47,2.42,UKP_0023,2,2016
2016-12-02 17:00:00+00:00,0.0,0.0,0.95,17.58,2.42,UKP_0023,2,2016
2016-12-02 18:00:00+00:00,0.0,0.0,0.44,16.1,2.55,UKP_0023,2,2016
2016-12-02 19:00:00+00:00,0.0,0.0,0.01,14.39,2.67,UKP_0023,2,2016
2016-12-02 20:00:00+00:00,0.0,0.0,-0.21,12.4,2.73,UKP_0023,2,2016
2016-12-02 21:00:00+00:00,0.0,0.0,-0.21,10.33,2.65,UKP_0023,2,2016
2016-12-02 22:00:00+00:00,0.0,0.0,-0.36,9.13,2.56,UKP_0023,2,2016
2016-12-02 23:00:00+00:00,0.0,0.0,-0.89,8.55,2.46,UKP_0023,2,2016
2016-12-03 00:00:00+00:00,0.0,0.0,-1.08,8.08,2.79,UKP_0023,2,2016
2016-12-03 01:00:00+00:00,13.27,18.08,-0.97,7.61,2.83,UKP_0023,2,2016
2016-12-03 02:00:00+00:00,184.3,198.27,0.85,8.7,2.74,UKP_0023,2,2016
2016-12-03 03:00:00+00:00,368.62,401.85,5.87,7.94,2.25,UKP_0023,2,2016
2016-12-03 04:00:00+00:00,531.88,564.6,9.98,5.54,1.16,UKP_0023,2,2016
2016-12-03 05:00:00+00:00,641.45,667.97,12.59,5.67,0.75,UKP_0023,2,2016
2016-12-03 06:00:00+00:00,689.7,707.5,13.88,6.07,1.94,UKP_0023,2,2016
2016-12-03 07:00:00+00:00,647.9,672.42,14.3,7.15,3.09,UKP_0023,2,2016
2016-12-03 08:00:00+00:00,533.92,567.22,13.78,9.25,3.76,UKP_0023,2,2016
2016-12-03 09:00:00+00:00,370.12,403.02,12.59,11.92,3.67,UKP_0023,2,2016
2016-12-03 10:00:00+00:00,188.77,200.45,10.39,17.19,2.94,UKP_0023,2,2016
2016-12-03 11:00:00+00:00,17.85,20.52,6.61,26.85,1.4,UKP_0023,2,2016
2016-12-03 12:00:00+00:00,0.0,0.0,5.1,29.05,0.96,UKP_0023,2,2016
2016-12-03 13:00:00+00:00,0.0,0.0,4.14,29.02,1.75,UKP_0023,2,2016
2016-12-03 14:00:00+00:00,0.0,0.0,4.2,26.18,1.83,UKP_0023,2,2016
2016-12-03 15:00:00+00:00,0.0,0.0,4.41,23.51,1.56,UKP_0023,2,2016
2016-12-03 16:00:00+00:00,0.0,0.0,4.61,21.32,1.37,UKP_0023,2,2016
2016-12-03 17:00:00+00:00,0.0,0.0,4.91,19.57,1.26,UKP_0023,2,2016
2016-12-03 18:00:00+00:00,0.0,0.0,4.98,18.3,1.26,UKP_0023,2,2016
2016-12-03 19:00:00+00:00,0.0,0.0,4.42,17.67,1.33,UKP_0023,2,2016
2016-12-03 20:00:00+00:00,0.0,0.0,4.79,15.77,1.42,UKP_0023,2,2016
2016-12-03 21:00:00+00:00,0.0,0.0,4.93,14.31,1.48,UKP_0023,2,2016
2016-12-03 22:00:00+00:00,0.0,0.0,5.01,13.2,1.53,UKP_0023,2,2016
2016-12-03 23:00:00+00:00,0.0,0.0,4.22,13.41,1.61,UKP_0023,2,2016
2016-12-04 00:00:00+00:00,0.0,0.0,4.99,12.32,1.55,UKP_0023,2,2016
2016-12-04 01:00:00+00:00,13.32,16.62,5.6,11.82,1.22,UKP_0023,2,2016
2016-12-04 02:00:00+00:00,177.85,190.7,7.22,11.91,0.86,UKP_0023,2,2016
2016-12-04 03:00:00+00:00,364.48,390.52,8.58,16.04,0.61,UKP_0023,2,2016
2016-12-04 04:00:00+00:00,521.08,552.3,10.48,11.97,0.18,UKP_0023,2,2016
2016-12-04 05:00:00+00:00,617.38,655.72,12.88,10.59,2.23,UKP_0023,2,2016
2016-12-04 06:00:00+00:00,665.08,695.65,14.02,11.03,3.86,UKP_0023,2,2016
2016-12-04 07:00:00+00:00,624.53,663.05,14.07,11.96,4.47,UKP_0023,2,2016
2016-12-04 08:00:00+00:00,533.55,561.28,13.57,13.22,4.33,UKP_0023,2,2016
2016-12-04 09:00:00+00:00,369.27,401.25,12.6,14.78,3.77,UKP_0023,2,2016
2016-12-04 10:00:00+00:00,187.9,201.9,10.64,18.31,2.71,UKP_0023,2,2016
2016-12-04 11:00:00+00:00,17.8,21.42,7.33,25.65,1.07,UKP_0023,2,2016
2016-12-04 12:00:00+00:00,0.0,0.0,5.45,27.71,0.8,UKP_0023,2,2016
2016-12-04 13:00:00+00:00,0.0,0.0,4.39,28.76,1.63,UKP_0023,2,2016
2016-12-04 14:00:00+00:00,0.0,0.0,4.38,27.57,1.64,UKP_0023,2,2016
2016-12-04 15:00:00+00:00,0.0,0.0,4.13,27.1,1.53,UKP_0023,2,2016
2016-12-04 16:00:00+00:00,0.0,0.0,4.12,26.02,1.48,UKP_0023,2,2016
2016-12-04 17:00:00+00:00,0.0,0.0,4.26,24.26,1.41,UKP_0023,2,2016
2016-12-04 18:00:00+00:00,0.0,0.0,4.61,22.2,1.33,UKP_0023,2,2016
2016-12-04 19:00:00+00:00,0.0,0.0,4.96,20.62,1.29,UKP_0023,2,2016
2016-12-04 20:00:00+00:00,0.0,0.0,4.34,20.99,1.28,UKP_0023,2,2016
2016-12-04 21:00:00+00:00,0.0,0.0,3.83,21.04,1.3,UKP_0023,2,2016
2016-12-04 22:00:00+00:00,0.0,0.0,3.59,20.97,1.31,UKP_0023,2,2016
2016-12-04 23:00:00+00:00,0.0,0.0,3.46,20.3,1.29,UKP_0023,2,2016
2016-12-05 00:00:00+00:00,0.0,0.0,3.4,19.67,1.24,UKP_0023,2,2016
2016-12-05 01:00:00+00:00,13.1,16.45,3.48,18.85,1.18,UKP_0023,2,2016
2016-12-05 02:00:00+00:00,180.38,192.27,4.94,18.45,1.03,UKP_0023,2,2016
2016-12-05 03:00:00+00:00,366.52,395.23,8.46,16.53,0.54,UKP_0023,2,2016
2016-12-05 04:00:00+00:00,528.25,558.75,11.05,12.53,1.5,UKP_0023,2,2016
2016-12-05 05:00:00+00:00,636.47,663.22,12.55,11.89,3.59,UKP_0023,2,2016
2016-12-05 06:00:00+00:00,671.45,697.45,13.29,12.05,4.37,UKP_0023,2,2016
2016-12-05 07:00:00+00:00,651.03,663.5,13.43,12.88,4.6,UKP_0023,2,2016
2016-12-05 08:00:00+00:00,539.15,559.53,13.05,14.1,4.44,UKP_0023,2,2016
2016-12-05 09:00:00+00:00,375.3,398.15,12.14,15.75,3.87,UKP_0023,2,2016
2016-12-05 10:00:00+00:00,190.8,199.32,10.39,19.11,2.74,UKP_0023,2,2016
2016-12-05 11:00:00+00:00,18.0,20.98,7.02,26.82,1.23,UKP_0023,2,2016
2016-12-05 12:00:00+00:00,0.0,0.0,5.54,28.59,0.8,UKP_0023,2,2016
2016-12-05 13:00:00+00:00,0.0,0.0,3.99,30.07,1.55,UKP_0023,2,2016
2016-12-05 14:00:00+00:00,0.0,0.0,3.67,28.36,1.73,UKP_0023,2,2016
2016-12-05 15:00:00+00:00,0.0,0.0,3.8,25.87,1.66,UKP_0023,2,2016
2016-12-05 16:00:00+00:00,0.0,0.0,4.23,23.07,1.44,UKP_0023,2,2016
2016-12-05 17:00:00+00:00,0.0,0.0,4.94,20.01,1.28,UKP_0023,2,2016
2016-12-05 18:00:00+00:00,0.0,0.0,4.99,18.38,1.19,UKP_0023,2,2016
2016-12-05 19:00:00+00:00,0.0,0.0,4.89,16.68,1.16,UKP_0023,2,2016
2016-12-05 20:00:00+00:00,0.0,0.0,4.38,16.21,1.12,UKP_0023,2,2016
2016-12-05 21:00:00+00:00,0.0,0.0,3.89,15.52,1.07,UKP_0023,2,2016
2016-12-05 22:00:00+00:00,0.0,0.0,3.57,14.3,1.13,UKP_0023,2,2016
2016-12-05 23:00:00+00:00,0.0,0.0,3.52,12.77,1.23,UKP_0023,2,2016
2016-12-06 00:00:00+00:00,0.0,0.0,3.6,10.99,1.26,UKP_0023,2,2016
2016-12-06 01:00:00+00:00,13.55,16.42,4.35,8.81,1.26,UKP_0023,2,2016
2016-12-06 02:00:00+00:00,178.95,194.68,5.29,9.14,1.04,UKP_0023,2,2016
2016-12-06 03:00:00+00:00,371.2,399.95,8.24,11.61,0.57,UKP_0023,2,2016
2016-12-06 04:00:00+00:00,545.15,564.33,10.95,9.25,1.31,UKP_0023,2,2016
2016-12-06 05:00:00+00:00,636.8,669.7,12.55,9.8,3.03,UKP_0023,2,2016
2016-12-06 06:00:00+00:00,656.4,699.55,13.31,10.35,3.91,UKP_0023,2,2016
2016-12-06 07:00:00+00:00,639.42,669.55,13.43,11.28,4.47,UKP_0023,2,2016
2016-12-06 08:00:00+00:00,535.17,566.92,12.91,12.88,4.5,UKP_0023,2,2016
2016-12-06 09:00:00+00:00,371.1,406.5,11.91,14.88,4.02,UKP_0023,2,2016
2016-12-06 10:00:00+00:00,188.6,205.9,10.02,18.7,2.96,UKP_0023,2,2016
2016-12-06 11:00:00+00:00,17.92,22.02,6.52,27.44,1.28,UKP_0023,2,2016
2016-12-06 12:00:00+00:00,0.0,0.0,5.18,28.98,0.58,UKP_0023,2,2016
2016-12-06 13:00:00+00:00,0.0,0.0,4.13,29.96,1.45,UKP_0023,2,2016
2016-12-06 14:00:00+00:00,0.0,0.0,3.93,28.73,1.53,UKP_0023,2,2016
2016-12-06 15:00:00+00:00,0.0,0.0,3.85,26.94,1.41,UKP_0023,2,2016
2016-12-06 16:00:00+00:00,0.0,0.0,4.51,23.85,1.29,UKP_0023,2,2016
2016-12-06 17:00:00+00:00,0.0,0.0,5.21,21.31,1.23,UKP_0023,2,2016
2016-12-06 18:00:00+00:00,0.0,0.0,5.09,20.58,1.27,UKP_0023,2,2016
2016-12-06 19:00:00+00:00,0.0,0.0,4.28,20.81,1.33,UKP_0023,2,2016
2016-12-06 20:00:00+00:00,0.0,0.0,3.64,20.91,1.5,UKP_0023,2,2016
2016-12-06 21:00:00+00:00,0.0,0.0,3.23,20.06,1.93,UKP_0023,2,2016
2016-12-06 22:00:00+00:00,0.0,0.0,3.0,18.14,2.27,UKP_0023,2,2016
2016-12-06 23:00:00+00:00,0.0,0.0,2.39,17.09,2.34,UKP_0023,2,2016
2016-12-07 00:00:00+00:00,0.0,0.0,2.7,15.2,2.44,UKP_0023,2,2016
2016-12-07 01:00:00+00:00,10.98,14.18,2.5,14.04,2.5,UKP_0023,2,2016
2016-12-07 02:00:00+00:00,166.25,184.93,4.05,13.84,2.37,UKP_0023,2,2016
2016-12-07 03:00:00+00:00,351.15,388.67,8.42,11.67,1.94,UKP_0023,2,2016
2016-12-07 04:00:00+00:00,513.78,553.9,12.3,8.38,0.36,UKP_0023,2,2016
2016-12-07 05:00:00+00:00,624.6,661.62,14.4,8.13,2.83,UKP_0023,2,2016
2016-12-07 06:00:00+00:00,679.95,698.38,14.99,8.88,3.76,UKP_0023,2,2016
2016-12-07 07:00:00+00:00,664.4,669.67,15.05,9.9,4.27,UKP_0023,2,2016
2016-12-07 08:00:00+00:00,533.12,538.42,14.49,11.41,4.33,UKP_0023,2,2016
2016-12-07 09:00:00+00:00,369.6,384.08,13.24,13.63,3.88,UKP_0023,2,2016
2016-12-07 10:00:00+00:00,181.73,191.23,10.94,18.02,2.57,UKP_0023,2,2016
2016-12-07 11:00:00+00:00,18.05,19.88,7.57,26.17,1.0,UKP_0023,2,2016
2016-12-07 12:00:00+00:00,0.0,0.0,5.63,28.56,0.74,UKP_0023,2,2016
2016-12-07 13:00:00+00:00,0.0,0.0,4.36,29.19,1.52,UKP_0023,2,2016
2016-12-07 14:00:00+00:00,0.0,0.0,4.03,27.54,1.69,UKP_0023,2,2016
2016-12-07 15:00:00+00:00,0.0,0.0,4.11,25.05,1.62,UKP_0023,2,2016
2016-12-07 16:00:00+00:00,0.0,0.0,4.42,22.63,1.46,UKP_0023,2,2016
2016-12-07 17:00:00+00:00,0.0,0.0,4.33,20.87,1.25,UKP_0023,2,2016
2016-12-07 18:00:00+00:00,0.0,0.0,4.24,19.5,1.17,UKP_0023,2,2016
2016-12-07 19:00:00+00:00,0.0,0.0,4.07,18.21,1.1,UKP_0023,2,2016
2016-12-07 20:00:00+00:00,0.0,0.0,3.85,17.09,1.07,UKP_0023,2,2016
2016-12-07 21:00:00+00:00,0.0,0.0,4.18,16.0,0.94,UKP_0023,2,2016
2016-12-07 22:00:00+00:00,0.0,0.0,3.97,15.68,0.97,UKP_0023,2,2016
2016-12-07 23:00:00+00:00,0.0,0.0,2.83,16.69,1.07,UKP_0023,2,2016
2016-12-08 00:00:00+00:00,0.0,0.0,2.5,16.33,1.23,UKP_0023,2,2016
2016-12-08 01:00:00+00:00,10.5,13.23,1.92,16.07,1.28,UKP_0023,2,2016
2016-12-08 02:00:00+00:00,161.57,182.18,3.9,14.53,1.21,UKP_0023,2,2016
2016-12-08 03:00:00+00:00,347.67,386.6,7.47,13.97,0.74,UKP_0023,2,2016
2016-12-08 04:00:00+00:00,522.67,556.15,10.27,9.48,1.13,UKP_0023,2,2016
2016-12-08 05:00:00+00:00,638.22,659.78,11.91,7.7,3.04,UKP_0023,2,2016
2016-12-08 06:00:00+00:00,680.75,686.2,12.7,7.76,4.06,UKP_0023,2,2016
2016-12-08 07:00:00+00:00,634.03,661.28,12.81,8.69,4.38,UKP_0023,2,2016
2016-12-08 08:00:00+00:00,523.03,556.6,12.39,10.17,4.35,UKP_0023,2,2016
2016-12-08 09:00:00+00:00,362.05,392.9,11.39,12.2,3.87,UKP_0023,2,2016
2016-12-08 10:00:00+00:00,184.18,193.0,9.48,16.13,2.8,UKP_0023,2,2016
2016-12-08 11:00:00+00:00,16.88,19.73,6.14,24.31,1.26,UKP_0023,2,2016
2016-12-08 12:00:00+00:00,0.0,0.0,4.69,26.76,0.48,UKP_0023,2,2016
2016-12-08 13:00:00+00:00,0.0,0.0,3.53,27.61,1.32,UKP_0023,2,2016
2016-12-08 14:00:00+00:00,0.0,0.0,3.09,26.43,1.51,UKP_0023,2,2016
2016-12-08 15:00:00+00:00,0.0,0.0,2.92,24.51,1.49,UKP_0023,2,2016
2016-12-08 16:00:00+00:00,0.0,0.0,2.94,22.39,1.46,UKP_0023,2,2016
2016-12-08 17:00:00+00:00,0.0,0.0,2.93,20.46,1.43,UKP_0023,2,2016
2016-12-08 18:00:00+00:00,0.0,0.0,2.85,18.47,1.46,UKP_0023,2,2016
2016-12-08 19:00:00+00:00,0.0,0.0,2.76,16.61,1.48,UKP_0023,2,2016
2016-12-08 20:00:00+00:00,0.0,0.0,3.13,14.7,1.4,UKP_0023,2,2016
2016-12-08 21:00:00+00:00,0.0,0.0,3.66,14.02,1.25,UKP_0023,2,2016
2016-12-08 22:00:00+00:00,0.0,0.0,3.64,14.03,1.13,UKP_0023,2,2016
2016-12-08 23:00:00+00:00,0.0,0.0,3.3,13.79,1.06,UKP_0023,2,2016
2016-12-09 00:00:00+00:00,0.0,0.0,3.09,13.27,0.99,UKP_0023,2,2016
2016-12-09 01:00:00+00:00,10.02,11.38,3.11,12.81,0.79,UKP_0023,2,2016
2016-12-09 02:00:00+00:00,162.6,171.95,4.1,13.33,0.59,UKP_0023,2,2016
2016-12-09 03:00:00+00:00,337.98,375.42,6.86,14.3,0.22,UKP_0023,2,2016
2016-12-09 04:00:00+00:00,503.83,543.67,9.35,9.01,1.52,UKP_0023,2,2016
2016-12-09 05:00:00+00:00,614.33,652.92,10.81,8.17,2.98,UKP_0023,2,2016
2016-12-09 06:00:00+00:00,658.1,689.33,11.56,9.09,3.63,UKP_0023,2,2016
2016-12-09 07:00:00+00:00,632.2,660.83,11.79,10.41,3.82,UKP_0023,2,2016
2016-12-09 08:00:00+00:00,530.9,562.28,11.51,11.84,3.68,UKP_0023,2,2016
2016-12-09 09:00:00+00:00,374.08,405.5,10.56,13.48,3.27,UKP_0023,2,2016
2016-12-09 10:00:00+00:00,193.02,207.98,8.76,16.4,2.24,UKP_0023,2,2016
2016-12-09 11:00:00+00:00,19.35,23.52,5.81,22.74,0.87,UKP_0023,2,2016
2016-12-09 12:00:00+00:00,0.0,0.0,3.94,24.81,0.64,UKP_0023,2,2016
2016-12-09 13:00:00+00:00,0.0,0.0,2.44,26.06,1.54,UKP_0023,2,2016
2016-12-09 14:00:00+00:00,0.0,0.0,1.69,25.72,1.82,UKP_0023,2,2016
2016-12-09 15:00:00+00:00,0.0,0.0,1.3,24.61,1.86,UKP_0023,2,2016
2016-12-09 16:00:00+00:00,0.0,0.0,1.1,23.1,1.9,UKP_0023,2,2016
2016-12-09 17:00:00+00:00,0.0,0.0,1.13,21.02,1.87,UKP_0023,2,2016
2016-12-09 18:00:00+00:00,0.0,0.0,0.93,19.26,1.71,UKP_0023,2,2016
2016-12-09 19:00:00+00:00,0.0,0.0,0.68,17.85,1.62,UKP_0023,2,2016
2016-12-09 20:00:00+00:00,0.0,0.0,0.58,16.74,1.57,UKP_0023,2,2016
2016-12-09 21:00:00+00:00,0.0,0.0,0.61,15.82,1.47,UKP_0023,2,2016
2016-12-09 22:00:00+00:00,0.0,0.0,1.53,15.95,1.07,UKP_0023,2,2016
2016-12-09 23:00:00+00:00,0.0,0.0,1.49,17.48,0.72,UKP_0023,2,2016
2016-12-10 00:00:00+00:00,0.0,0.0,1.46,18.02,0.4,UKP_0023,2,2016
2016-12-10 01:00:00+00:00,9.1,12.12,1.25,21.84,0.26,UKP_0023,2,2016
2016-12-10 02:00:00+00:00,166.32,177.02,1.54,25.02,0.19,UKP_0023,2,2016
2016-12-10 03:00:00+00:00,363.62,380.27,4.82,22.2,0.13,UKP_0023,2,2016
2016-12-10 04:00:00+00:00,521.8,546.85,7.04,15.69,1.73,UKP_0023,2,2016
2016-12-10 05:00:00+00:00,641.35,654.8,8.51,12.17,2.93,UKP_0023,2,2016
2016-12-10 06:00:00+00:00,686.72,696.62,9.48,10.44,3.68,UKP_0023,2,2016
2016-12-10 07:00:00+00:00,652.6,670.8,9.84,10.08,3.94,UKP_0023,2,2016
2016-12-10 08:00:00+00:00,543.62,571.08,9.68,10.37,3.87,UKP_0023,2,2016
2016-12-10 09:00:00+00:00,381.45,410.98,8.83,11.37,3.68,UKP_0023,2,2016
2016-12-10 10:00:00+00:00,196.12,209.27,7.01,13.99,2.87,UKP_0023,2,2016
2016-12-10 11:00:00+00:00,17.95,22.85,3.22,22.16,1.56,UKP_0023,2,2016
2016-12-10 12:00:00+00:00,0.0,0.0,1.47,25.29,0.36,UKP_0023,2,2016
2016-12-10 13:00:00+00:00,0.0,0.0,0.68,25.57,0.38,UKP_0023,2,2016
2016-12-10 14:00:00+00:00,0.0,0.0,0.58,22.78,0.41,UKP_0023,2,2016
2016-12-10 15:00:00+00:00,0.0,0.0,0.5,19.72,0.27,UKP_0023,2,2016
2016-12-10 16:00:00+00:00,0.0,0.0,0.41,18.42,0.3,UKP_0023,2,2016
2016-12-10 17:00:00+00:00,0.0,0.0,0.34,18.69,0.31,UKP_0023,2,2016
2016-12-10 18:00:00+00:00,0.0,0.0,0.1,21.75,0.27,UKP_0023,2,2016
2016-12-10 19:00:00+00:00,0.0,0.0,-0.26,26.32,0.3,UKP_0023,2,2016
2016-12-10 20:00:00+00:00,0.0,0.0,-0.6,29.38,0.46,UKP_0023,2,2016
2016-12-10 21:00:00+00:00,0.0,0.0,-1.03,31.64,0.58,UKP_0023,2,2016
2016-12-10 22:00:00+00:00,0.0,0.0,-1.35,33.72,0.64,UKP_0023,2,2016
2016-12-10 23:00:00+00:00,0.0,0.0,-1.9,39.16,0.86,UKP_0023,2,2016
2016-12-11 00:00:00+00:00,0.0,0.0,-2.59,47.88,1.21,UKP_0023,2,2016
2016-12-11 01:00:00+00:00,8.15,10.18,-3.12,52.48,1.48,UKP_0023,2,2016
2016-12-11 02:00:00+00:00,152.18,164.1,-1.64,45.55,1.48,UKP_0023,2,2016
2016-12-11 03:00:00+00:00,328.55,367.08,2.65,29.08,1.14,UKP_0023,2,2016
2016-12-11 04:00:00+00:00,492.55,537.88,5.2,19.23,1.25,UKP_0023,2,2016
2016-12-11 05:00:00+00:00,607.83,651.97,6.89,14.95,2.49,UKP_0023,2,2016
2016-12-11 06:00:00+00:00,631.47,704.4,7.9,13.41,3.23,UKP_0023,2,2016
2016-12-11 07:00:00+00:00,633.15,681.08,8.33,13.11,3.56,UKP_0023,2,2016
2016-12-11 08:00:00+00:00,537.25,584.15,8.23,13.5,3.42,UKP_0023,2,2016
2016-12-11 09:00:00+00:00,384.67,425.17,7.66,14.35,2.98,UKP_0023,2,2016
2016-12-11 10:00:00+00:00,205.0,222.55,6.38,16.13,2.3,UKP_0023,2,2016
2016-12-11 11:00:00+00:00,22.12,27.5,3.64,23.07,1.16,UKP_0023,2,2016
2016-12-11 12:00:00+00:00,0.0,0.0,2.63,25.09,0.23,UKP_0023,2,2016
2016-12-11 13:00:00+00:00,0.0,0.0,1.39,27.27,0.77,UKP_0023,2,2016
2016-12-11 14:00:00+00:00,0.0,0.0,0.33,27.47,1.23,UKP_0023,2,2016
2016-12-11 15:00:00+00:00,0.0,0.0,-0.09,25.21,1.59,UKP_0023,2,2016
2016-12-11 16:00:00+00:00,0.0,0.0,-0.56,22.93,1.73,UKP_0023,2,2016
2016-12-11 17:00:00+00:00,0.0,0.0,-0.91,20.63,1.8,UKP_0023,2,2016
2016-12-11 18:00:00+00:00,0.0,0.0,-1.14,18.39,1.85,UKP_0023,2,2016
2016-12-11 19:00:00+00:00,0.0,0.0,-1.36,17.28,1.89,UKP_0023,2,2016
2016-12-11 20:00:00+00:00,0.0,0.0,-1.47,16.81,1.86,UKP_0023,2,2016
2016-12-11 21:00:00+00:00,0.0,0.0,-1.52,16.46,1.77,UKP_0023,2,2016
2016-12-11 22:00:00+00:00,0.0,0.0,-2.05,16.11,1.67,UKP_0023,2,2016
2016-12-11 23:00:00+00:00,0.0,0.0,-2.09,15.07,1.62,UKP_0023,2,2016
2016-12-12 00:00:00+00:00,0.0,0.0,-2.17,13.86,1.66,UKP_0023,2,2016
2016-12-12 01:00:00+00:00,8.2,11.57,-2.17,12.54,1.62,UKP_0023,2,2016
2016-12-12 02:00:00+00:00,167.38,178.45,-0.06,10.72,1.37,UKP_0023,2,2016
2016-12-12 03:00:00+00:00,341.42,384.92,3.9,9.47,1.06,UKP_0023,2,2016
2016-12-12 04:00:00+00:00,508.0,553.03,7.14,4.23,1.47,UKP_0023,2,2016
2016-12-12 05:00:00+00:00,625.5,661.6,9.07,4.0,3.05,UKP_0023,2,2016
2016-12-12 06:00:00+00:00,651.85,698.2,9.81,4.63,3.95,UKP_0023,2,2016
2016-12-12 07:00:00+00:00,565.03,673.78,10.02,5.66,4.32,UKP_0023,2,2016
2016-12-12 08:00:00+00:00,479.4,577.6,9.64,7.21,4.25,UKP_0023,2,2016
2016-12-12 09:00:00+00:00,344.42,421.27,8.6,8.94,3.69,UKP_0023,2,2016
2016-12-12 10:00:00+00:00,190.93,221.35,6.71,11.65,2.48,UKP_0023,2,2016
2016-12-12 11:00:00+00:00,21.1,27.88,3.91,19.29,1.32,UKP_0023,2,2016
2016-12-12 12:00:00+00:00,0.0,0.0,2.25,22.47,0.39,UKP_0023,2,2016
2016-12-12 13:00:00+00:00,0.0,0.0,0.82,23.18,0.51,UKP_0023,2,2016
2016-12-12 14:00:00+00:00,0.0,0.0,0.44,21.87,0.67,UKP_0023,2,2016
2016-12-12 15:00:00+00:00,0.0,0.0,0.52,19.81,0.68,UKP_0023,2,2016
2016-12-12 16:00:00+00:00,0.0,0.0,0.48,18.09,0.65,UKP_0023,2,2016
2016-12-12 17:00:00+00:00,0.0,0.0,0.28,16.74,0.54,UKP_0023,2,2016
2016-12-12 18:00:00+00:00,0.0,0.0,-0.44,15.81,0.46,UKP_0023,2,2016
2016-12-12 19:00:00+00:00,0.0,0.0,-0.44,13.91,0.6,UKP_0023,2,2016
2016-12-12 20:00:00+00:00,0.0,0.0,-0.09,12.21,0.61,UKP_0023,2,2016
2016-12-12 21:00:00+00:00,0.0,0.0,-0.64,11.43,0.49,UKP_0023,2,2016
2016-12-12 22:00:00+00:00,0.0,0.0,-1.14,10.49,0.45,UKP_0023,2,2016
2016-12-12 23:00:00+00:00,0.0,0.0,-1.55,9.18,0.46,UKP_0023,2,2016
2016-12-13 00:00:00+00:00,0.0,0.0,-1.23,7.72,0.6,UKP_0023,2,2016
2016-12-13 01:00:00+00:00,7.7,8.88,-0.84,6.7,0.75,UKP_0023,2,2016
2016-12-13 02:00:00+00:00,124.38,158.1,-0.03,7.74,0.83,UKP_0023,2,2016
2016-12-13 03:00:00+00:00,270.83,360.3,3.13,7.93,1.14,UKP_0023,2,2016
2016-12-13 04:00:00+00:00,398.27,529.97,5.72,3.31,2.39,UKP_0023,2,2016
2016-12-13 05:00:00+00:00,446.45,642.2,7.28,3.41,3.48,UKP_0023,2,2016
2016-12-13 06:00:00+00:00,559.17,693.58,8.12,4.05,4.01,UKP_0023,2,2016
2016-12-13 07:00:00+00:00,553.83,670.03,8.45,4.98,4.31,UKP_0023,2,2016
2016-12-13 08:00:00+00:00,453.83,574.45,8.18,6.51,4.38,UKP_0023,2,2016
2016-12-13 09:00:00+00:00,322.6,417.55,7.32,8.55,3.99,UKP_0023,2,2016
2016-12-13 10:00:00+00:00,178.43,217.57,5.7,11.4,2.99,UKP_0023,2,2016
2016-12-13 11:00:00+00:00,20.23,26.3,2.41,20.08,1.69,UKP_0023,2,2016
2016-12-13 12:00:00+00:00,0.0,0.0,1.06,23.32,0.63,UKP_0023,2,2016
2016-12-13 13:00:00+00:00,0.0,0.0,-0.35,25.17,0.29,UKP_0023,2,2016
2016-12-13 14:00:00+00:00,0.0,0.0,-0.8,23.78,0.56,UKP_0023,2,2016
2016-12-13 15:00:00+00:00,0.0,0.0,-0.94,21.08,0.62,UKP_0023,2,2016
2016-12-13 16:00:00+00:00,0.0,0.0,-1.12,17.76,0.57,UKP_0023,2,2016
2016-12-13 17:00:00+00:00,0.0,0.0,-1.4,15.08,0.45,UKP_0023,2,2016
2016-12-13 18:00:00+00:00,0.0,0.0,-1.64,12.43,0.37,UKP_0023,2,2016
2016-12-13 19:00:00+00:00,0.0,0.0,-1.99,10.62,0.47,UKP_0023,2,2016
2016-12-13 20:00:00+00:00,0.0,0.0,-2.1,9.19,0.48,UKP_0023,2,2016
2016-12-13 21:00:00+00:00,0.0,0.0,-1.69,7.61,0.53,UKP_0023,2,2016
2016-12-13 22:00:00+00:00,0.0,0.0,-1.52,6.88,0.6,UKP_0023,2,2016
2016-12-13 23:00:00+00:00,0.0,0.0,-1.66,6.53,0.79,UKP_0023,2,2016
2016-12-14 00:00:00+00:00,0.0,0.0,-1.76,6.17,1.06,UKP_0023,2,2016
2016-12-14 01:00:00+00:00,7.1,9.57,-1.75,5.74,1.25,UKP_0023,2,2016
2016-12-14 02:00:00+00:00,150.45,168.32,-1.02,7.2,1.26,UKP_0023,2,2016
2016-12-14 03:00:00+00:00,341.55,375.02,2.23,9.09,0.97,UKP_0023,2,2016
2016-12-14 04:00:00+00:00,508.83,545.08,5.06,4.5,1.6,UKP_0023,2,2016
2016-12-14 05:00:00+00:00,628.55,655.72,6.72,4.81,3.04,UKP_0023,2,2016
2016-12-14 06:00:00+00:00,693.83,707.9,7.59,5.72,3.73,UKP_0023,2,2016
2016-12-14 07:00:00+00:00,679.05,684.92,7.91,6.85,3.85,UKP_0023,2,2016
2016-12-14 08:00:00+00:00,568.47,586.65,7.8,8.07,3.52,UKP_0023,2,2016
2016-12-14 09:00:00+00:00,406.9,427.38,7.16,9.32,2.9,UKP_0023,2,2016
2016-12-14 10:00:00+00:00,213.95,224.25,5.75,11.37,1.88,UKP_0023,2,2016
2016-12-14 11:00:00+00:00,22.1,28.12,3.07,18.14,0.51,UKP_0023,2,2016
2016-12-14 12:00:00+00:00,0.0,0.0,0.85,20.92,1.22,UKP_0023,2,2016
2016-12-14 13:00:00+00:00,0.0,0.0,-0.82,22.43,1.96,UKP_0023,2,2016
2016-12-14 14:00:00+00:00,0.0,0.0,-1.19,21.3,2.3,UKP_0023,2,2016
2016-12-14 15:00:00+00:00,0.0,0.0,-1.4,19.82,2.38,UKP_0023,2,2016
2016-12-14 16:00:00+00:00,0.0,0.0,-1.31,17.82,2.39,UKP_0023,2,2016
2016-12-14 17:00:00+00:00,0.0,0.0,-1.29,15.54,2.38,UKP_0023,2,2016
2016-12-14 18:00:00+00:00,0.0,0.0,-1.23,13.63,2.38,UKP_0023,2,2016
2016-12-14 19:00:00+00:00,0.0,0.0,-1.21,11.99,2.41,UKP_0023,2,2016
2016-12-14 20:00:00+00:00,0.0,0.0,-1.22,10.57,2.47,UKP_0023,2,2016
2016-12-14 21:00:00+00:00,0.0,0.0,-1.44,9.73,2.62,UKP_0023,2,2016
2016-12-14 22:00:00+00:00,0.0,0.0,-1.78,8.94,2.8,UKP_0023,2,2016
2016-12-14 23:00:00+00:00,0.0,0.0,-2.04,8.27,2.98,UKP_0023,2,2016
2016-12-15 00:00:00+00:00,0.0,0.0,-2.06,7.19,3.06,UKP_0023,2,2016
2016-12-15 01:00:00+00:00,6.97,9.82,-1.75,6.38,3.01,UKP_0023,2,2016
2016-12-15 02:00:00+00:00,148.38,170.5,0.63,6.33,2.69,UKP_0023,2,2016
2016-12-15 03:00:00+00:00,310.45,374.55,5.58,7.68,1.83,UKP_0023,2,2016
2016-12-15 04:00:00+00:00,477.33,540.05,9.38,4.5,0.54,UKP_0023,2,2016
2016-12-15 05:00:00+00:00,620.38,649.38,11.54,5.38,2.55,UKP_0023,2,2016
2016-12-15 06:00:00+00:00,620.1,684.7,12.32,5.97,3.67,UKP_0023,2,2016
2016-12-15 07:00:00+00:00,603.5,659.42,12.53,6.66,3.86,UKP_0023,2,2016
2016-12-15 08:00:00+00:00,508.05,564.4,12.2,7.99,3.9,UKP_0023,2,2016
2016-12-15 09:00:00+00:00,361.25,410.23,11.18,9.98,3.56,UKP_0023,2,2016
2016-12-15 10:00:00+00:00,198.27,214.25,9.06,14.23,2.38,UKP_0023,2,2016
2016-12-15 11:00:00+00:00,21.2,26.23,5.75,21.51,0.99,UKP_0023,2,2016
2016-12-15 12:00:00+00:00,0.0,0.0,4.02,23.04,0.43,UKP_0023,2,2016
2016-12-15 13:00:00+00:00,0.0,0.0,3.46,22.41,0.79,UKP_0023,2,2016
2016-12-15 14:00:00+00:00,0.0,0.0,3.17,21.57,0.65,UKP_0023,2,2016
2016-12-15 15:00:00+00:00,0.0,0.0,3.15,20.43,0.53,UKP_0023,2,2016
2016-12-15 16:00:00+00:00,0.0,0.0,2.67,20.69,0.6,UKP_0023,2,2016
2016-12-15 17:00:00+00:00,0.0,0.0,2.2,20.45,0.57,UKP_0023,2,2016
2016-12-15 18:00:00+00:00,0.0,0.0,1.95,19.85,0.45,UKP_0023,2,2016
2016-12-15 19:00:00+00:00,0.0,0.0,1.84,18.71,0.53,UKP_0023,2,2016
2016-12-15 20:00:00+00:00,0.0,0.0,2.13,17.06,0.76,UKP_0023,2,2016
2016-12-15 21:00:00+00:00,0.0,0.0,2.27,15.17,0.94,UKP_0023,2,2016
2016-12-15 22:00:00+00:00,0.0,0.0,1.96,13.74,1.05,UKP_0023,2,2016
2016-12-15 23:00:00+00:00,0.0,0.0,1.72,12.19,1.08,UKP_0023,2,2016
2016-12-16 00:00:00+00:00,0.0,0.0,1.81,10.99,1.04,UKP_0023,2,2016
2016-12-16 01:00:00+00:00,6.8,8.82,2.04,10.19,0.92,UKP_0023,2,2016
2016-12-16 02:00:00+00:00,121.75,164.38,3.79,9.99,0.64,UKP_0023,2,2016
2016-12-16 03:00:00+00:00,256.5,366.67,7.08,11.88,0.53,UKP_0023,2,2016
2016-12-16 04:00:00+00:00,377.17,532.45,9.79,8.58,1.81,UKP_0023,2,2016
2016-12-16 05:00:00+00:00,463.98,641.35,11.37,7.81,3.29,UKP_0023,2,2016
2016-12-16 06:00:00+00:00,527.75,671.1,12.29,7.89,4.07,UKP_0023,2,2016
2016-12-16 07:00:00+00:00,573.42,642.4,12.49,8.41,4.49,UKP_0023,2,2016
2016-12-16 08:00:00+00:00,484.58,546.45,11.78,9.7,4.46,UKP_0023,2,2016
2016-12-16 09:00:00+00:00,343.38,394.75,10.49,11.46,3.85,UKP_0023,2,2016
2016-12-16 10:00:00+00:00,182.85,203.98,8.34,15.39,2.39,UKP_0023,2,2016
2016-12-16 11:00:00+00:00,18.83,24.12,5.67,21.57,0.93,UKP_0023,2,2016
2016-12-16 12:00:00+00:00,0.0,0.0,4.3,22.65,0.57,UKP_0023,2,2016
2016-12-16 13:00:00+00:00,0.0,0.0,3.81,22.62,0.78,UKP_0023,2,2016
2016-12-16 14:00:00+00:00,0.0,0.0,3.57,21.73,0.59,UKP_0023,2,2016
2016-12-16 15:00:00+00:00,0.0,0.0,3.86,19.9,0.35,UKP_0023,2,2016
2016-12-16 16:00:00+00:00,0.0,0.0,4.02,19.26,0.31,UKP_0023,2,2016
2016-12-16 17:00:00+00:00,0.0,0.0,3.5,19.69,0.38,UKP_0023,2,2016
2016-12-16 18:00:00+00:00,0.0,0.0,3.03,19.9,0.33,UKP_0023,2,2016
2016-12-16 19:00:00+00:00,0.0,0.0,2.98,19.66,0.13,UKP_0023,2,2016
2016-12-16 20:00:00+00:00,0.0,0.0,2.9,19.92,0.03,UKP_0023,2,2016
2016-12-16 21:00:00+00:00,0.0,0.0,2.73,19.09,0.11,UKP_0023,2,2016
2016-12-16 22:00:00+00:00,0.0,0.0,2.16,18.77,0.24,UKP_0023,2,2016
2016-12-16 23:00:00+00:00,0.0,0.0,1.71,18.08,0.31,UKP_0023,2,2016
2016-12-17 00:00:00+00:00,0.0,0.0,1.33,17.75,0.43,UKP_0023,2,2016
2016-12-17 01:00:00+00:00,7.05,8.35,1.14,17.33,0.32,UKP_0023,2,2016
2016-12-17 02:00:00+00:00,152.8,163.62,2.67,16.46,0.26,UKP_0023,2,2016
2016-12-17 03:00:00+00:00,350.15,369.85,6.25,14.0,0.65,UKP_0023,2,2016
2016-12-17 04:00:00+00:00,519.78,540.6,8.84,10.05,2.12,UKP_0023,2,2016
2016-12-17 05:00:00+00:00,639.97,654.47,10.34,8.09,3.55,UKP_0023,2,2016
2016-12-17 06:00:00+00:00,684.35,695.62,11.08,7.7,4.31,UKP_0023,2,2016
2016-12-17 07:00:00+00:00,653.83,670.1,11.21,7.79,4.79,UKP_0023,2,2016
2016-12-17 08:00:00+00:00,556.12,574.65,10.71,8.49,4.83,UKP_0023,2,2016
2016-12-17 09:00:00+00:00,398.77,419.12,9.67,9.75,4.37,UKP_0023,2,2016
2016-12-17 10:00:00+00:00,210.35,220.68,7.77,12.26,3.26,UKP_0023,2,2016
2016-12-17 11:00:00+00:00,23.73,28.38,4.2,19.11,1.67,UKP_0023,2,2016
2016-12-17 12:00:00+00:00,0.0,0.0,3.05,20.13,0.43,UKP_0023,2,2016
2016-12-17 13:00:00+00:00,0.0,0.0,1.75,20.31,0.36,UKP_0023,2,2016
2016-12-17 14:00:00+00:00,0.0,0.0,1.61,18.55,0.38,UKP_0023,2,2016
2016-12-17 15:00:00+00:00,0.0,0.0,2.12,16.31,0.28,UKP_0023,2,2016
2016-12-17 16:00:00+00:00,0.0,0.0,1.53,16.02,0.45,UKP_0023,2,2016
2016-12-17 17:00:00+00:00,0.0,0.0,0.54,16.67,0.52,UKP_0023,2,2016
2016-12-17 18:00:00+00:00,0.0,0.0,0.33,15.66,0.62,UKP_0023,2,2016
2016-12-17 19:00:00+00:00,0.0,0.0,0.11,14.81,0.8,UKP_0023,2,2016
2016-12-17 20:00:00+00:00,0.0,0.0,-0.43,14.7,0.85,UKP_0023,2,2016
2016-12-17 21:00:00+00:00,0.0,0.0,-0.26,13.17,0.82,UKP_0023,2,2016
2016-12-17 22:00:00+00:00,0.0,0.0,-0.35,12.51,0.88,UKP_0023,2,2016
2016-12-17 23:00:00+00:00,0.0,0.0,-0.78,12.37,1.08,UKP_0023,2,2016
2016-12-18 00:00:00+00:00,0.0,0.0,-0.44,11.84,1.14,UKP_0023,2,2016
2016-12-18 01:00:00+00:00,5.15,7.55,-0.31,11.16,1.0,UKP_0023,2,2016
2016-12-18 02:00:00+00:00,103.32,158.52,0.91,11.4,0.89,UKP_0023,2,2016
2016-12-18 03:00:00+00:00,273.3,365.33,4.1,11.98,0.65,UKP_0023,2,2016
2016-12-18 04:00:00+00:00,424.55,536.4,6.81,7.88,1.54,UKP_0023,2,2016
2016-12-18 05:00:00+00:00,531.17,648.88,8.49,6.51,2.85,UKP_0023,2,2016
2016-12-18 06:00:00+00:00,597.72,682.55,9.45,6.2,3.39,UKP_0023,2,2016
2016-12-18 07:00:00+00:00,601.9,657.97,9.93,6.18,3.69,UKP_0023,2,2016
2016-12-18 08:00:00+00:00,512.1,563.05,9.82,6.5,3.86,UKP_0023,2,2016
2016-12-18 09:00:00+00:00,364.48,407.75,9.01,7.25,3.61,UKP_0023,2,2016
2016-12-18 10:00:00+00:00,199.4,212.05,7.21,9.08,2.72,UKP_0023,2,2016
2016-12-18 11:00:00+00:00,21.85,26.17,3.85,15.11,1.44,UKP_0023,2,2016
2016-12-18 12:00:00+00:00,0.0,0.0,2.64,16.01,0.19,UKP_0023,2,2016
2016-12-18 13:00:00+00:00,0.0,0.0,1.55,15.99,0.79,UKP_0023,2,2016
2016-12-18 14:00:00+00:00,0.0,0.0,0.91,15.89,1.31,UKP_0023,2,2016
2016-12-18 15:00:00+00:00,0.0,0.0,0.83,14.94,1.3,UKP_0023,2,2016
2016-12-18 16:00:00+00:00,0.0,0.0,0.91,13.48,1.08,UKP_0023,2,2016
2016-12-18 17:00:00+00:00,0.0,0.0,0.86,12.83,0.91,UKP_0023,2,2016
2016-12-18 18:00:00+00:00,0.0,0.0,0.87,12.47,0.86,UKP_0023,2,2016
2016-12-18 19:00:00+00:00,0.0,0.0,0.7,11.75,0.91,UKP_0023,2,2016
2016-12-18 20:00:00+00:00,0.0,0.0,0.55,11.69,0.98,UKP_0023,2,2016
2016-12-18 21:00:00+00:00,0.0,0.0,0.37,11.67,1.09,UKP_0023,2,2016
2016-12-18 22:00:00+00:00,0.0,0.0,0.07,11.73,1.19,UKP_0023,2,2016
2016-12-18 23:00:00+00:00,0.0,0.0,-0.21,11.63,1.31,UKP_0023,2,2016
2016-12-19 00:00:00+00:00,0.0,0.0,-0.3,11.53,1.38,UKP_0023,2,2016
2016-12-19 01:00:00+00:00,5.5,7.22,-0.34,11.38,1.38,UKP_0023,2,2016
2016-12-19 02:00:00+00:00,148.65,157.32,1.05,11.29,1.29,UKP_0023,2,2016
2016-12-19 03:00:00+00:00,330.17,361.52,4.93,10.53,0.79,UKP_0023,2,2016
2016-12-19 04:00:00+00:00,498.6,531.3,8.18,6.76,1.62,UKP_0023,2,2016
2016-12-19 05:00:00+00:00,613.97,643.75,9.73,6.37,3.48,UKP_0023,2,2016
2016-12-19 06:00:00+00:00,665.15,686.58,10.58,6.36,4.15,UKP_0023,2,2016
2016-12-19 07:00:00+00:00,635.8,660.65,10.96,6.71,4.44,UKP_0023,2,2016
2016-12-19 08:00:00+00:00,537.83,566.1,10.77,7.49,4.51,UKP_0023,2,2016
2016-12-19 09:00:00+00:00,381.92,411.25,9.96,8.45,4.2,UKP_0023,2,2016
2016-12-19 10:00:00+00:00,206.25,215.07,8.22,10.44,3.1,UKP_0023,2,2016
2016-12-19 11:00:00+00:00,22.92,27.33,4.36,16.72,1.81,UKP_0023,2,2016
2016-12-19 12:00:00+00:00,0.0,0.0,2.94,17.59,1.37,UKP_0023,2,2016
2016-12-19 13:00:00+00:00,0.0,0.0,2.66,17.04,1.14,UKP_0023,2,2016
2016-12-19 14:00:00+00:00,0.0,0.0,2.41,15.96,1.09,UKP_0023,2,2016
2016-12-19 15:00:00+00:00,0.0,0.0,1.99,14.86,1.07,UKP_0023,2,2016
2016-12-19 16:00:00+00:00,0.0,0.0,1.61,14.28,1.15,UKP_0023,2,2016
2016-12-19 17:00:00+00:00,0.0,0.0,1.16,13.73,1.23,UKP_0023,2,2016
2016-12-19 18:00:00+00:00,0.0,0.0,1.0,12.51,1.28,UKP_0023,2,2016
2016-12-19 19:00:00+00:00,0.0,0.0,1.62,10.65,1.31,UKP_0023,2,2016
2016-12-19 20:00:00+00:00,0.0,0.0,1.82,9.37,1.34,UKP_0023,2,2016
2016-12-19 21:00:00+00:00,0.0,0.0,1.76,8.43,1.29,UKP_0023,2,2016
2016-12-19 22:00:00+00:00,0.0,0.0,1.32,7.53,1.3,UKP_0023,2,2016
2016-12-19 23:00:00+00:00,0.0,0.0,1.04,6.66,1.32,UKP_0023,2,2016
2016-12-20 00:00:00+00:00,0.0,0.0,2.02,4.93,1.34,UKP_0023,2,2016
2016-12-20 01:00:00+00:00,5.88,7.53,2.5,3.85,1.25,UKP_0023,2,2016
2016-12-20 02:00:00+00:00,150.68,163.25,4.13,3.84,1.11,UKP_0023,2,2016
2016-12-20 03:00:00+00:00,331.17,372.98,6.55,7.07,1.2,UKP_0023,2,2016
2016-12-20 04:00:00+00:00,498.58,546.2,9.89,4.9,1.99,UKP_0023,2,2016
2016-12-20 05:00:00+00:00,595.67,661.53,11.93,3.47,3.37,UKP_0023,2,2016
2016-12-20 06:00:00+00:00,659.83,701.9,12.94,3.47,4.19,UKP_0023,2,2016
2016-12-20 07:00:00+00:00,634.7,678.5,13.23,3.92,4.59,UKP_0023,2,2016
2016-12-20 08:00:00+00:00,548.95,585.3,12.88,4.54,4.44,UKP_0023,2,2016
2016-12-20 09:00:00+00:00,399.42,431.4,11.94,5.31,3.8,UKP_0023,2,2016
2016-12-20 10:00:00+00:00,219.15,232.38,9.7,8.22,2.38,UKP_0023,2,2016
2016-12-20 11:00:00+00:00,27.67,33.15,6.23,12.31,1.14,UKP_0023,2,2016
2016-12-20 12:00:00+00:00,0.0,0.0,4.5,12.15,0.95,UKP_0023,2,2016
2016-12-20 13:00:00+00:00,0.0,0.0,3.54,11.87,1.77,UKP_0023,2,2016
2016-12-20 14:00:00+00:00,0.0,0.0,3.7,10.33,1.85,UKP_0023,2,2016
2016-12-20 15:00:00+00:00,0.0,0.0,4.37,8.78,1.37,UKP_0023,2,2016
2016-12-20 16:00:00+00:00,0.0,0.0,5.0,7.63,0.99,UKP_0023,2,2016
2016-12-20 17:00:00+00:00,0.0,0.0,5.63,6.68,0.89,UKP_0023,2,2016
2016-12-20 18:00:00+00:00,0.0,0.0,4.82,6.81,1.0,UKP_0023,2,2016
2016-12-20 19:00:00+00:00,0.0,0.0,3.68,6.8,1.1,UKP_0023,2,2016
2016-12-20 20:00:00+00:00,0.0,0.0,3.02,6.83,1.24,UKP_0023,2,2016
2016-12-20 21:00:00+00:00,0.0,0.0,2.3,6.72,1.45,UKP_0023,2,2016
2016-12-20 22:00:00+00:00,0.0,0.0,2.28,5.94,1.77,UKP_0023,2,2016
2016-12-20 23:00:00+00:00,0.0,0.0,2.56,5.36,2.07,UKP_0023,2,2016
2016-12-21 00:00:00+00:00,0.0,0.0,1.76,5.52,2.19,UKP_0023,2,2016
2016-12-21 01:00:00+00:00,5.78,7.22,2.07,5.24,2.18,UKP_0023,2,2016
2016-12-21 02:00:00+00:00,144.05,159.5,4.1,5.51,2.04,UKP_0023,2,2016
2016-12-21 03:00:00+00:00,338.85,366.4,8.18,7.38,1.7,UKP_0023,2,2016
2016-12-21 04:00:00+00:00,507.02,535.67,12.52,4.67,1.3,UKP_0023,2,2016
2016-12-21 05:00:00+00:00,623.85,648.47,15.17,3.21,2.41,UKP_0023,2,2016
2016-12-21 06:00:00+00:00,669.95,691.22,16.06,3.28,3.67,UKP_0023,2,2016
2016-12-21 07:00:00+00:00,659.0,666.0,16.09,3.7,4.33,UKP_0023,2,2016
2016-12-21 08:00:00+00:00,560.38,573.22,15.42,4.37,4.61,UKP_0023,2,2016
2016-12-21 09:00:00+00:00,402.25,420.8,14.13,5.45,4.2,UKP_0023,2,2016
2016-12-21 10:00:00+00:00,218.12,225.27,11.31,8.83,2.58,UKP_0023,2,2016
2016-12-21 11:00:00+00:00,26.7,31.73,7.42,13.65,1.69,UKP_0023,2,2016
2016-12-21 12:00:00+00:00,0.0,0.0,6.19,13.67,1.35,UKP_0023,2,2016
2016-12-21 13:00:00+00:00,0.0,0.0,5.95,13.42,1.43,UKP_0023,2,2016
2016-12-21 14:00:00+00:00,0.0,0.0,6.03,12.75,1.34,UKP_0023,2,2016
2016-12-21 15:00:00+00:00,0.0,0.0,5.78,12.61,1.09,UKP_0023,2,2016
2016-12-21 16:00:00+00:00,0.0,0.0,5.1,12.59,1.2,UKP_0023,2,2016
2016-12-21 17:00:00+00:00,0.0,0.0,4.15,13.46,1.32,UKP_0023,2,2016
2016-12-21 18:00:00+00:00,0.0,0.0,4.07,13.25,1.23,UKP_0023,2,2016
2016-12-21 19:00:00+00:00,0.0,0.0,4.71,12.14,1.02,UKP_0023,2,2016
2016-12-21 20:00:00+00:00,0.0,0.0,5.08,11.18,0.93,UKP_0023,2,2016
2016-12-21 21:00:00+00:00,0.0,0.0,4.79,10.75,0.79,UKP_0023,2,2016
2016-12-21 22:00:00+00:00,0.0,0.0,3.49,10.91,1.06,UKP_0023,2,2016
2016-12-21 23:00:00+00:00,0.0,0.0,2.05,10.81,1.46,UKP_0023,2,2016
2016-12-22 00:00:00+00:00,0.0,0.0,1.81,9.7,1.82,UKP_0023,2,2016
2016-12-22 01:00:00+00:00,5.57,6.93,1.77,8.44,1.98,UKP_0023,2,2016
2016-12-22 02:00:00+00:00,140.1,158.12,3.47,7.91,1.8,UKP_0023,2,2016
2016-12-22 03:00:00+00:00,329.77,363.33,7.33,10.12,1.05,UKP_0023,2,2016
2016-12-22 04:00:00+00:00,506.9,532.42,10.63,5.9,1.42,UKP_0023,2,2016
2016-12-22 05:00:00+00:00,620.25,645.2,12.4,5.96,3.61,UKP_0023,2,2016
2016-12-22 06:00:00+00:00,654.08,689.47,13.23,6.16,4.52,UKP_0023,2,2016
2016-12-22 07:00:00+00:00,622.88,668.8,13.56,6.53,4.83,UKP_0023,2,2016
2016-12-22 08:00:00+00:00,538.8,578.75,13.24,7.18,4.86,UKP_0023,2,2016
2016-12-22 09:00:00+00:00,391.2,428.27,12.1,8.45,4.44,UKP_0023,2,2016
2016-12-22 10:00:00+00:00,227.35,233.02,9.67,11.42,2.91,UKP_0023,2,2016
2016-12-22 11:00:00+00:00,29.5,35.0,5.93,17.28,1.45,UKP_0023,2,2016
2016-12-22 12:00:00+00:00,0.0,0.0,4.45,17.69,0.99,UKP_0023,2,2016
2016-12-22 13:00:00+00:00,0.0,0.0,3.64,17.88,1.35,UKP_0023,2,2016
2016-12-22 14:00:00+00:00,0.0,0.0,3.15,17.93,1.37,UKP_0023,2,2016
2016-12-22 15:00:00+00:00,0.0,0.0,3.13,17.23,1.39,UKP_0023,2,2016
2016-12-22 16:00:00+00:00,0.0,0.0,2.99,16.95,1.43,UKP_0023,2,2016
2016-12-22 17:00:00+00:00,0.0,0.0,2.63,16.93,1.5,UKP_0023,2,2016
2016-12-22 18:00:00+00:00,0.0,0.0,2.64,16.45,1.54,UKP_0023,2,2016
2016-12-22 19:00:00+00:00,0.0,0.0,2.37,15.99,1.56,UKP_0023,2,2016
2016-12-22 20:00:00+00:00,0.0,0.0,2.21,15.38,1.58,UKP_0023,2,2016
2016-12-22 21:00:00+00:00,0.0,0.0,2.13,14.67,1.6,UKP_0023,2,2016
2016-12-22 22:00:00+00:00,0.0,0.0,1.96,14.05,1.64,UKP_0023,2,2016
2016-12-22 23:00:00+00:00,0.0,0.0,1.55,13.97,1.71,UKP_0023,2,2016
2016-12-23 00:00:00+00:00,0.0,0.0,0.88,14.15,1.71,UKP_0023,2,2016
2016-12-23 01:00:00+00:00,5.32,6.65,0.57,13.94,1.7,UKP_0023,2,2016
2016-12-23 02:00:00+00:00,145.98,157.45,2.54,13.03,1.51,UKP_0023,2,2016
2016-12-23 03:00:00+00:00,333.6,364.83,5.95,12.32,1.07,UKP_0023,2,2016
2016-12-23 04:00:00+00:00,498.8,534.78,9.1,8.18,2.27,UKP_0023,2,2016
2016-12-23 05:00:00+00:00,612.9,648.4,10.48,7.9,3.75,UKP_0023,2,2016
2016-12-23 06:00:00+00:00,673.2,693.05,11.09,8.17,4.44,UKP_0023,2,2016
2016-12-23 07:00:00+00:00,663.05,671.55,11.15,8.73,4.76,UKP_0023,2,2016
2016-12-23 08:00:00+00:00,554.85,558.47,10.73,9.49,4.66,UKP_0023,2,2016
2016-12-23 09:00:00+00:00,395.08,411.75,9.81,10.55,4.21,UKP_0023,2,2016
2016-12-23 10:00:00+00:00,205.8,222.18,8.02,12.52,3.22,UKP_0023,2,2016
2016-12-23 11:00:00+00:00,26.77,32.33,4.3,18.62,1.94,UKP_0023,2,2016
2016-12-23 12:00:00+00:00,0.0,0.0,2.89,20.13,1.05,UKP_0023,2,2016
2016-12-23 13:00:00+00:00,0.0,0.0,1.87,20.86,0.57,UKP_0023,2,2016
2016-12-23 14:00:00+00:00,0.0,0.0,1.4,20.92,0.54,UKP_0023,2,2016
2016-12-23 15:00:00+00:00,0.0,0.0,0.96,20.73,0.65,UKP_0023,2,2016
2016-12-23 16:00:00+00:00,0.0,0.0,0.34,21.33,0.83,UKP_0023,2,2016
2016-12-23 17:00:00+00:00,0.0,0.0,-0.13,21.53,0.98,UKP_0023,2,2016
2016-12-23 18:00:00+00:00,0.0,0.0,-0.34,21.52,0.72,UKP_0023,2,2016
2016-12-23 19:00:00+00:00,0.0,0.0,-0.41,21.25,0.5,UKP_0023,2,2016
2016-12-23 20:00:00+00:00,0.0,0.0,-1.03,21.56,0.47,UKP_0023,2,2016
2016-12-23 21:00:00+00:00,0.0,0.0,-1.43,21.67,0.44,UKP_0023,2,2016
2016-12-23 22:00:00+00:00,0.0,0.0,-1.97,22.44,0.35,UKP_0023,2,2016
2016-12-23 23:00:00+00:00,0.0,0.0,-1.75,21.61,0.24,UKP_0023,2,2016
2016-12-24 00:00:00+00:00,0.0,0.0,-1.93,21.93,0.53,UKP_0023,2,2016
2016-12-24 01:00:00+00:00,4.43,5.5,-2.76,23.52,0.71,UKP_0023,2,2016
2016-12-24 02:00:00+00:00,131.95,147.6,-1.27,22.42,0.78,UKP_0023,2,2016
2016-12-24 03:00:00+00:00,311.9,352.38,2.22,18.31,1.15,UKP_0023,2,2016
2016-12-24 04:00:00+00:00,482.45,522.65,4.53,15.16,2.48,UKP_0023,2,2016
2016-12-24 05:00:00+00:00,594.97,636.83,5.82,14.46,3.83,UKP_0023,2,2016
2016-12-24 06:00:00+00:00,584.2,674.5,6.53,14.56,4.62,UKP_0023,2,2016
2016-12-24 07:00:00+00:00,477.3,651.35,6.71,15.39,5.05,UKP_0023,2,2016
2016-12-24 08:00:00+00:00,393.15,557.17,6.36,16.69,5.31,UKP_0023,2,2016
2016-12-24 09:00:00+00:00,277.55,402.85,5.44,19.15,5.11,UKP_0023,2,2016
2016-12-24 10:00:00+00:00,160.52,209.27,3.93,22.66,4.33,UKP_0023,2,2016
2016-12-24 11:00:00+00:00,18.9,27.55,1.22,29.48,2.75,UKP_0023,2,2016
2016-12-24 12:00:00+00:00,0.0,0.0,0.06,33.15,1.84,UKP_0023,2,2016
2016-12-24 13:00:00+00:00,0.0,0.0,-0.48,35.6,1.33,UKP_0023,2,2016
2016-12-24 14:00:00+00:00,0.0,0.0,-0.9,36.87,1.26,UKP_0023,2,2016
2016-12-24 15:00:00+00:00,0.0,0.0,-1.29,37.89,1.39,UKP_0023,2,2016
2016-12-24 16:00:00+00:00,0.0,0.0,-2.07,41.08,1.49,UKP_0023,2,2016
2016-12-24 17:00:00+00:00,0.0,0.0,-2.96,45.42,1.49,UKP_0023,2,2016
2016-12-24 18:00:00+00:00,0.0,0.0,-3.48,50.86,1.66,UKP_0023,2,2016
2016-12-24 19:00:00+00:00,0.0,0.0,-3.91,57.04,1.65,UKP_0023,2,2016
2016-12-24 20:00:00+00:00,0.0,0.0,-4.36,68.98,1.62,UKP_0023,2,2016
2016-12-24 21:00:00+00:00,0.0,0.0,-5.03,78.3,1.49,UKP_0023,2,2016
2016-12-24 22:00:00+00:00,0.0,0.0,-5.38,81.26,1.35,UKP_0023,2,2016
2016-12-24 23:00:00+00:00,0.0,0.0,-5.58,82.69,1.27,UKP_0023,2,2016
2016-12-25 00:00:00+00:00,0.0,0.0,-5.66,83.61,1.21,UKP_0023,2,2016
2016-12-25 01:00:00+00:00,0.0,0.0,-5.68,83.52,1.21,UKP_0023,2,2016
2016-12-25 02:00:00+00:00,63.7,105.2,-4.37,74.73,1.08,UKP_0023,2,2016
2016-12-25 03:00:00+00:00,152.73,269.42,-1.44,59.88,1.97,UKP_0023,2,2016
2016-12-25 04:00:00+00:00,245.38,431.38,0.14,52.27,2.86,UKP_0023,2,2016
2016-12-25 05:00:00+00:00,258.73,536.17,1.08,47.13,3.15,UKP_0023,2,2016
2016-12-25 06:00:00+00:00,256.75,593.08,1.75,44.07,3.34,UKP_0023,2,2016
2016-12-25 07:00:00+00:00,298.6,568.6,2.05,42.3,3.49,UKP_0023,2,2016
2016-12-25 08:00:00+00:00,154.62,476.05,1.75,44.32,3.5,UKP_0023,2,2016
2016-12-25 09:00:00+00:00,177.2,333.17,0.84,50.24,3.3,UKP_0023,2,2016
2016-12-25 10:00:00+00:00,73.65,173.57,-0.27,57.97,2.66,UKP_0023,2,2016
2016-12-25 11:00:00+00:00,13.12,22.73,-1.77,69.47,1.77,UKP_0023,2,2016
2016-12-25 12:00:00+00:00,0.0,0.0,-2.69,76.23,1.46,UKP_0023,2,2016
2016-12-25 13:00:00+00:00,0.0,0.0,-3.14,79.23,1.03,UKP_0023,2,2016
2016-12-25 14:00:00+00:00,0.0,0.0,-3.67,80.64,0.68,UKP_0023,2,2016
2016-12-25 15:00:00+00:00,0.0,0.0,-4.48,82.11,1.39,UKP_0023,2,2016
2016-12-25 16:00:00+00:00,0.0,0.0,-5.05,79.48,1.83,UKP_0023,2,2016
2016-12-25 17:00:00+00:00,0.0,0.0,-5.4,73.24,2.06,UKP_0023,2,2016
2016-12-25 18:00:00+00:00,0.0,0.0,-5.51,64.33,2.18,UKP_0023,2,2016
2016-12-25 19:00:00+00:00,0.0,0.0,-5.69,55.27,2.29,UKP_0023,2,2016
2016-12-25 20:00:00+00:00,0.0,0.0,-5.92,47.32,2.42,UKP_0023,2,2016
2016-12-25 21:00:00+00:00,0.0,0.0,-6.28,40.39,2.6,UKP_0023,2,2016
2016-12-25 22:00:00+00:00,0.0,0.0,-6.78,35.03,2.82,UKP_0023,2,2016
2016-12-25 23:00:00+00:00,0.0,0.0,-7.3,31.22,3.01,UKP_0023,2,2016
2016-12-26 00:00:00+00:00,0.0,0.0,-7.88,29.29,3.18,UKP_0023,2,2016
2016-12-26 01:00:00+00:00,0.0,0.0,-8.41,27.71,3.38,UKP_0023,2,2016
2016-12-26 02:00:00+00:00,102.88,113.95,-6.42,30.57,3.32,UKP_0023,2,2016
2016-12-26 03:00:00+00:00,271.1,292.55,-1.3,28.2,3.7,UKP_0023,2,2016
2016-12-26 04:00:00+00:00,404.6,471.98,1.87,16.53,3.8,UKP_0023,2,2016
2016-12-26 05:00:00+00:00,525.38,593.75,4.69,9.73,2.77,UKP_0023,2,2016
2016-12-26 06:00:00+00:00,595.78,693.1,6.48,8.7,2.64,UKP_0023,2,2016
2016-12-26 07:00:00+00:00,575.85,672.25,7.46,9.32,2.82,UKP_0023,2,2016
2016-12-26 08:00:00+00:00,514.38,578.72,7.7,10.87,3.18,UKP_0023,2,2016
2016-12-26 09:00:00+00:00,360.73,423.92,7.15,13.28,3.38,UKP_0023,2,2016
2016-12-26 10:00:00+00:00,197.73,225.98,5.65,17.79,2.65,UKP_0023,2,2016
2016-12-26 11:00:00+00:00,24.75,32.33,2.19,27.39,1.26,UKP_0023,2,2016
2016-12-26 12:00:00+00:00,0.0,0.0,0.63,28.55,1.21,UKP_0023,2,2016
2016-12-26 13:00:00+00:00,0.0,0.0,-0.09,28.28,1.64,UKP_0023,2,2016
2016-12-26 14:00:00+00:00,0.0,0.0,-0.12,25.58,1.99,UKP_0023,2,2016
2016-12-26 15:00:00+00:00,0.0,0.0,-0.18,23.49,1.9,UKP_0023,2,2016
2016-12-26 16:00:00+00:00,0.0,0.0,0.7,20.27,1.65,UKP_0023,2,2016
2016-12-26 17:00:00+00:00,0.0,0.0,1.45,18.39,1.45,UKP_0023,2,2016
2016-12-26 18:00:00+00:00,0.0,0.0,1.49,17.67,1.36,UKP_0023,2,2016
2016-12-26 19:00:00+00:00,0.0,0.0,1.22,17.33,1.41,UKP_0023,2,2016
2016-12-26 20:00:00+00:00,0.0,0.0,0.63,17.21,1.52,UKP_0023,2,2016
2016-12-26 21:00:00+00:00,0.0,0.0,-0.08,17.21,1.6,UKP_0023,2,2016
2016-12-26 22:00:00+00:00,0.0,0.0,-1.19,17.84,1.91,UKP_0023,2,2016
2016-12-26 23:00:00+00:00,0.0,0.0,-1.12,16.13,2.24,UKP_0023,2,2016
2016-12-27 00:00:00+00:00,0.0,0.0,-1.33,15.6,2.35,UKP_0023,2,2016
2016-12-27 01:00:00+00:00,0.0,0.0,-1.05,14.65,2.21,UKP_0023,2,2016
2016-12-27 02:00:00+00:00,133.32,157.15,1.04,15.03,1.78,UKP_0023,2,2016
2016-12-27 03:00:00+00:00,289.73,353.25,4.92,21.15,0.92,UKP_0023,2,2016
2016-12-27 04:00:00+00:00,440.42,517.97,7.95,13.28,0.8,UKP_0023,2,2016
2016-12-27 05:00:00+00:00,540.35,631.92,9.76,12.12,2.6,UKP_0023,2,2016
2016-12-27 06:00:00+00:00,636.58,672.7,10.72,12.32,3.8,UKP_0023,2,2016
2016-12-27 07:00:00+00:00,608.33,652.42,10.79,13.04,4.39,UKP_0023,2,2016
2016-12-27 08:00:00+00:00,513.12,566.35,10.22,14.17,4.49,UKP_0023,2,2016
2016-12-27 09:00:00+00:00,365.55,417.12,9.06,15.9,3.9,UKP_0023,2,2016
2016-12-27 10:00:00+00:00,216.73,226.3,7.26,18.4,2.68,UKP_0023,2,2016
2016-12-27 11:00:00+00:00,27.83,35.33,4.0,27.2,1.22,UKP_0023,2,2016
2016-12-27 12:00:00+00:00,0.0,0.0,2.65,27.36,0.86,UKP_0023,2,2016
2016-12-27 13:00:00+00:00,0.0,0.0,1.24,29.94,1.49,UKP_0023,2,2016
2016-12-27 14:00:00+00:00,0.0,0.0,0.82,30.17,1.88,UKP_0023,2,2016
2016-12-27 15:00:00+00:00,0.0,0.0,1.0,29.11,1.88,UKP_0023,2,2016
2016-12-27 16:00:00+00:00,0.0,0.0,1.36,27.54,1.66,UKP_0023,2,2016
2016-12-27 17:00:00+00:00,0.0,0.0,1.56,26.65,1.43,UKP_0023,2,2016
2016-12-27 18:00:00+00:00,0.0,0.0,1.36,26.35,1.42,UKP_0023,2,2016
2016-12-27 19:00:00+00:00,0.0,0.0,1.09,26.34,1.54,UKP_0023,2,2016
2016-12-27 20:00:00+00:00,0.0,0.0,1.25,25.36,1.73,UKP_0023,2,2016
2016-12-27 21:00:00+00:00,0.0,0.0,0.98,25.5,1.82,UKP_0023,2,2016
2016-12-27 22:00:00+00:00,0.0,0.0,0.74,25.24,1.96,UKP_0023,2,2016
2016-12-27 23:00:00+00:00,0.0,0.0,0.56,24.86,2.04,UKP_0023,2,2016
2016-12-28 00:00:00+00:00,0.0,0.0,0.33,24.4,2.08,UKP_0023,2,2016
2016-12-28 01:00:00+00:00,0.0,0.0,0.37,23.63,2.04,UKP_0023,2,2016
2016-12-28 02:00:00+00:00,137.8,155.77,2.1,22.46,1.77,UKP_0023,2,2016
2016-12-28 03:00:00+00:00,318.27,351.92,5.97,22.3,1.25,UKP_0023,2,2016
2016-12-28 04:00:00+00:00,479.77,522.75,9.18,14.62,1.14,UKP_0023,2,2016
2016-12-28 05:00:00+00:00,599.97,638.0,10.98,13.73,3.21,UKP_0023,2,2016
2016-12-28 06:00:00+00:00,652.22,684.85,11.71,14.22,4.34,UKP_0023,2,2016
2016-12-28 07:00:00+00:00,648.78,666.25,11.73,15.41,4.91,UKP_0023,2,2016
2016-12-28 08:00:00+00:00,559.67,578.2,11.22,17.11,4.95,UKP_0023,2,2016
2016-12-28 09:00:00+00:00,411.1,430.02,10.16,19.25,4.44,UKP_0023,2,2016
2016-12-28 10:00:00+00:00,222.35,235.25,8.39,22.6,3.13,UKP_0023,2,2016
2016-12-28 11:00:00+00:00,31.4,37.62,4.57,32.45,1.58,UKP_0023,2,2016
2016-12-28 12:00:00+00:00,0.0,0.0,3.15,33.53,1.03,UKP_0023,2,2016
2016-12-28 13:00:00+00:00,0.0,0.0,2.08,35.09,1.53,UKP_0023,2,2016
2016-12-28 14:00:00+00:00,0.0,0.0,1.73,34.55,1.73,UKP_0023,2,2016
2016-12-28 15:00:00+00:00,0.0,0.0,1.79,32.97,1.84,UKP_0023,2,2016
2016-12-28 16:00:00+00:00,0.0,0.0,1.76,31.6,1.85,UKP_0023,2,2016
2016-12-28 17:00:00+00:00,0.0,0.0,1.54,30.79,1.91,UKP_0023,2,2016
2016-12-28 18:00:00+00:00,0.0,0.0,1.05,30.52,2.06,UKP_0023,2,2016
2016-12-28 19:00:00+00:00,0.0,0.0,0.44,30.29,2.18,UKP_0023,2,2016
2016-12-28 20:00:00+00:00,0.0,0.0,-0.18,30.25,2.36,UKP_0023,2,2016
2016-12-28 21:00:00+00:00,0.0,0.0,-0.76,29.96,2.51,UKP_0023,2,2016
2016-12-28 22:00:00+00:00,0.0,0.0,-1.2,29.03,2.61,UKP_0023,2,2016
2016-12-28 23:00:00+00:00,0.0,0.0,-1.37,26.98,2.6,UKP_0023,2,2016
2016-12-29 00:00:00+00:00,0.0,0.0,-1.56,24.7,2.64,UKP_0023,2,2016
2016-12-29 01:00:00+00:00,0.0,0.0,-1.6,22.06,2.66,UKP_0023,2,2016
2016-12-29 02:00:00+00:00,140.1,157.45,0.06,20.17,2.51,UKP_0023,2,2016
2016-12-29 03:00:00+00:00,313.17,354.9,4.8,16.22,2.24,UKP_0023,2,2016
2016-12-29 04:00:00+00:00,490.3,526.15,8.75,10.57,1.69,UKP_0023,2,2016
2016-12-29 05:00:00+00:00,592.0,642.45,11.45,10.4,3.41,UKP_0023,2,2016
2016-12-29 06:00:00+00:00,632.92,685.75,12.06,11.42,4.63,UKP_0023,2,2016
2016-12-29 07:00:00+00:00,596.67,664.55,11.86,13.02,5.32,UKP_0023,2,2016
2016-12-29 08:00:00+00:00,499.23,572.3,11.01,15.22,5.36,UKP_0023,2,2016
2016-12-29 09:00:00+00:00,359.25,419.27,9.63,18.09,5.06,UKP_0023,2,2016
2016-12-29 10:00:00+00:00,207.05,225.82,7.34,22.66,4.01,UKP_0023,2,2016
2016-12-29 11:00:00+00:00,27.38,35.28,3.1,34.27,1.89,UKP_0023,2,2016
2016-12-29 12:00:00+00:00,0.0,0.0,1.91,37.0,0.7,UKP_0023,2,2016
2016-12-29 13:00:00+00:00,0.0,0.0,0.86,38.87,0.79,UKP_0023,2,2016
2016-12-29 14:00:00+00:00,0.0,0.0,0.12,39.56,1.19,UKP_0023,2,2016
2016-12-29 15:00:00+00:00,0.0,0.0,0.04,37.95,1.42,UKP_0023,2,2016
2016-12-29 16:00:00+00:00,0.0,0.0,-0.1,36.53,1.42,UKP_0023,2,2016
2016-12-29 17:00:00+00:00,0.0,0.0,-0.2,35.15,1.31,UKP_0023,2,2016
2016-12-29 18:00:00+00:00,0.0,0.0,-0.19,33.8,1.2,UKP_0023,2,2016
2016-12-29 19:00:00+00:00,0.0,0.0,-0.5,33.33,1.14,UKP_0023,2,2016
2016-12-29 20:00:00+00:00,0.0,0.0,-0.94,32.98,1.17,UKP_0023,2,2016
2016-12-29 21:00:00+00:00,0.0,0.0,-1.27,32.86,1.2,UKP_0023,2,2016
2016-12-29 22:00:00+00:00,0.0,0.0,-1.54,32.35,1.24,UKP_0023,2,2016
2016-12-29 23:00:00+00:00,0.0,0.0,-1.95,31.96,1.34,UKP_0023,2,2016
2016-12-30 00:00:00+00:00,0.0,0.0,-2.27,31.51,1.45,UKP_0023,2,2016
2016-12-30 01:00:00+00:00,0.0,0.0,-2.09,29.75,1.53,UKP_0023,2,2016
2016-12-30 02:00:00+00:00,121.47,142.35,-1.33,29.38,1.42,UKP_0023,2,2016
2016-12-30 03:00:00+00:00,272.58,338.65,1.78,26.55,0.87,UKP_0023,2,2016
2016-12-30 04:00:00+00:00,420.98,512.17,4.36,22.13,1.1,UKP_0023,2,2016
2016-12-30 05:00:00+00:00,542.83,629.33,6.03,19.69,2.94,UKP_0023,2,2016
2016-12-30 06:00:00+00:00,601.5,689.97,6.85,19.73,3.96,UKP_0023,2,2016
2016-12-30 07:00:00+00:00,539.9,672.12,7.02,21.16,4.62,UKP_0023,2,2016
2016-12-30 08:00:00+00:00,432.27,576.88,6.58,23.76,4.76,UKP_0023,2,2016
2016-12-30 09:00:00+00:00,305.02,404.73,5.59,27.29,4.36,UKP_0023,2,2016
2016-12-30 10:00:00+00:00,160.55,196.57,4.05,32.18,3.55,UKP_0023,2,2016
2016-12-30 11:00:00+00:00,22.12,30.58,1.07,42.66,2.09,UKP_0023,2,2016
2016-12-30 12:00:00+00:00,0.0,0.0,-0.16,47.48,1.17,UKP_0023,2,2016
2016-12-30 13:00:00+00:00,0.0,0.0,-0.35,49.39,0.28,UKP_0023,2,2016
2016-12-30 14:00:00+00:00,0.0,0.0,-1.03,52.26,0.64,UKP_0023,2,2016
2016-12-30 15:00:00+00:00,0.0,0.0,-2.13,56.19,1.08,UKP_0023,2,2016
2016-12-30 16:00:00+00:00,0.0,0.0,-2.45,55.91,1.33,UKP_0023,2,2016
2016-12-30 17:00:00+00:00,0.0,0.0,-2.61,54.83,1.39,UKP_0023,2,2016
2016-12-30 18:00:00+00:00,0.0,0.0,-2.89,54.24,1.42,UKP_0023,2,2016
2016-12-30 19:00:00+00:00,0.0,0.0,-3.55,55.09,1.41,UKP_0023,2,2016
2016-12-30 20:00:00+00:00,0.0,0.0,-3.85,54.46,1.42,UKP_0023,2,2016
2016-12-30 21:00:00+00:00,0.0,0.0,-4.04,53.52,1.42,UKP_0023,2,2016
2016-12-30 22:00:00+00:00,0.0,0.0,-4.11,52.26,1.42,UKP_0023,2,2016
2016-12-30 23:00:00+00:00,0.0,0.0,-4.21,50.87,1.45,UKP_0023,2,2016
2016-12-31 00:00:00+00:00,0.0,0.0,-4.32,49.52,1.47,UKP_0023,2,2016
2016-12-31 01:00:00+00:00,0.0,0.0,-4.41,47.81,1.45,UKP_0023,2,2016
2016-12-31 02:00:00+00:00,104.12,123.38,-2.78,40.76,1.33,UKP_0023,2,2016
2016-12-31 03:00:00+00:00,243.68,311.55,0.87,31.94,0.48,UKP_0023,2,2016
2016-12-31 04:00:00+00:00,410.88,480.75,3.34,27.66,2.48,UKP_0023,2,2016
2016-12-31 05:00:00+00:00,421.65,594.1,4.67,27.03,3.92,UKP_0023,2,2016
2016-12-31 06:00:00+00:00,446.95,666.38,5.17,28.5,4.68,UKP_0023,2,2016
2016-12-31 07:00:00+00:00,423.15,635.58,4.73,31.98,4.83,UKP_0023,2,2016
2016-12-31 08:00:00+00:00,295.7,529.95,3.98,36.03,4.45,UKP_0023,2,2016
2016-12-31 09:00:00+00:00,215.55,381.52,3.29,39.7,3.83,UKP_0023,2,2016
2016-12-31 10:00:00+00:00,129.5,200.23,2.35,43.82,3.23,UKP_0023,2,2016
2016-12-31 11:00:00+00:00,21.05,32.17,0.11,54.76,2.19,UKP_0023,2,2016
2016-12-31 12:00:00+00:00,0.0,0.0,-0.85,62.98,1.18,UKP_0023,2,2016
2016-12-31 13:00:00+00:00,0.0,0.0,-1.08,66.43,0.49,UKP_0023,2,2016
2016-12-31 14:00:00+00:00,0.0,0.0,-1.56,69.58,0.42,UKP_0023,2,2016
2016-12-31 15:00:00+00:00,0.0,0.0,-1.95,71.68,0.45,UKP_0023,2,2016
2016-12-31 16:00:00+00:00,0.0,0.0,-2.21,73.03,0.38,UKP_0023,2,2016
2016-12-31 17:00:00+00:00,0.0,0.0,-2.38,73.62,0.25,UKP_0023,2,2016
2016-12-31 18:00:00+00:00,0.0,0.0,-2.68,75.24,0.21,UKP_0023,2,2016
2016-12-31 19:00:00+00:00,0.0,0.0,-2.89,76.54,0.22,UKP_0023,2,2016
2016-12-31 20:00:00+00:00,0.0,0.0,-3.02,77.81,0.19,UKP_0023,2,2016
2016-12-31 21:00:00+00:00,0.0,0.0,-2.94,77.72,0.13,UKP_0023,2,2016
2016-12-31 22:00:00+00:00,0.0,0.0,-2.93,78.09,0.09,UKP_0023,2,2016
2016-12-31 23:00:00+00:00,0.0,0.0,-3.06,79.64,0.12,UKP_0023,2,2016
