point_id,date,GHI_daily_kWh,GHIcs_daily_kWh,kt_daily,Ta_mean_C,Ta_max_C,Ta_min_C,DTR_C,RH_mean_pct,wind_mean_ms,cluster_id
UKP_0023,2016-01-01,3.16885,4.42316,0.7164221958961466,1.3425,8.0,-3.2,11.2,21.76708333333333,1.5016666666666667,2
UKP_0023,2016-01-02,3.82199,4.27453,0.8941310506652195,0.78125,7.14,-3.44,10.58,28.49458333333333,1.8416666666666668,2
UKP_0023,2016-01-03,3.61362,4.37793,0.8254174918283298,2.194166666666667,9.4,-3.57,12.97,24.614166666666662,1.4487499999999998,2
UKP_0023,2016-01-04,3.14716,4.1015,0.7673192734365476,1.4479166666666667,6.97,-1.93,8.9,38.51041666666666,1.0795833333333331,2
UKP_0023,2016-01-05,2.95281,3.96586,0.744557296525848,0.16875,5.54,-4.06,9.6,63.00666666666667,1.4233333333333331,2
UKP_0023,2016-01-06,3.09958,4.276260000000001,0.724834317838485,-0.5575,5.47,-5.13,10.6,55.747083333333336,1.4025,2
UKP_0023,2016-01-07,3.3810899999999995,4.2754,0.790824250362539,-1.2095833333333337,4.1,-6.05,10.15,61.40083333333333,1.5320833333333332,2
UKP_0023,2016-01-08,1.97084,4.08107,0.4829223708488214,-2.8120833333333333,1.94,-5.62,7.56,64.60875,2.31125,2
UKP_0023,2016-01-09,3.85146,4.52859,0.8504766384238802,0.3362499999999999,7.63,-6.15,13.78,34.7575,1.8979166666666665,2
UKP_0023,2016-01-10,3.62536,4.55452,0.7959916742049656,1.106666666666667,8.28,-3.56,11.84,38.16625,2.0145833333333334,2
UKP_0023,2016-01-11,3.96956,4.59174,0.8645001676924217,1.1333333333333333,8.06,-4.1,12.16,38.266666666666666,1.925,2
UKP_0023,2016-01-12,3.2962200000000004,4.464720000000001,0.7382814599795732,-0.6533333333333333,6.01,-6.3,12.31,43.21125,1.7825,2
UKP_0023,2016-01-13,3.49712,4.19175,0.8342863958967018,-3.01,3.0,-6.8,9.8,40.05083333333334,2.112083333333333,2
UKP_0023,2016-01-14,2.2213000000000003,4.53762,0.4895297534831035,-1.77625,4.4,-6.34,10.74,46.03791666666667,1.5691666666666666,2
UKP_0023,2016-01-15,3.39418,4.59198,0.739153916175593,-2.712916666666666,3.79,-8.24,12.03,46.37166666666667,2.3954166666666667,2
UKP_0023,2016-01-16,4.09725,4.744260000000001,0.863622567059984,-0.1029166666666666,8.24,-8.73,16.97,33.407916666666665,1.9525,2
UKP_0023,2016-01-17,4.08144,4.84146,0.8430184283253399,-1.4225,5.41,-6.05,11.46,42.4725,1.7804166666666663,2
UKP_0023,2016-01-18,3.95019,4.65832,0.8479859691906095,-2.7329166666666667,4.09,-7.4,11.49,44.404583333333335,2.222916666666667,2
UKP_0023,2016-01-19,2.09018,4.44943,0.4697635427459247,-3.664583333333333,2.22,-7.93,10.15,55.21333333333333,2.075416666666667,2
UKP_0023,2016-01-20,3.10997,4.625850000000001,0.6723023876692931,-4.270416666666667,1.61,-9.14,10.75,50.19583333333333,1.919166666666667,2
UKP_0023,2016-01-21,3.65679,4.947649999999999,0.7390963386658314,-2.3995833333333336,5.78,-10.53,16.31,21.98125,2.3233333333333333,2
UKP_0023,2016-01-22,4.09374,4.80271,0.8523812597471011,-1.8166666666666669,5.68,-7.08,12.76,23.969583333333333,2.2579166666666666,2
UKP_0023,2016-01-23,3.8384,4.82958,0.79476890330008,-1.6029166666666663,5.16,-5.89,11.05,27.69541666666667,2.04875,2
UKP_0023,2016-01-24,3.883350000000001,4.87117,0.7972109370028145,-2.62375,4.16,-6.67,10.83,33.88333333333333,2.103333333333333,2
UKP_0023,2016-01-25,4.24345,4.98782,0.8507624573460951,-1.7612500000000002,5.01,-6.83,11.84,32.48708333333333,2.130416666666666,2
UKP_0023,2016-01-26,2.4119200000000003,4.57531,0.5271599082903673,-2.6983333333333337,2.83,-6.51,9.34,53.17958333333333,2.2825,2
UKP_0023,2016-01-27,3.37143,4.65285,0.7245946033076501,-1.28375,4.59,-5.55,10.14,49.92916666666667,2.5416666666666665,2
UKP_0023,2016-01-28,4.269939999999999,5.00767,0.8526799888970318,0.54,8.04,-4.89,12.93,39.46083333333333,2.3291666666666666,2
UKP_0023,2016-01-29,1.4192,4.647930000000001,0.3053402267245849,0.2983333333333333,5.77,-3.61,9.38,71.96041666666666,2.11,2
UKP_0023,2016-01-30,3.33561,4.90549,0.6799748852815928,-0.5520833333333333,5.62,-5.54,11.16,55.60541666666666,1.6362500000000002,2
UKP_0023,2016-01-31,2.7247200000000005,4.98028,0.5471017693784287,-1.9279166666666667,4.49,-7.17,11.66,65.70291666666667,2.27375,2
UKP_0023,2016-02-01,4.56522,5.37194,0.8498270643380232,-1.3058333333333334,5.57,-6.9,12.47,35.548750000000005,2.0187500000000003,2
UKP_0023,2016-02-02,4.244470000000001,5.49237,0.7727938940748712,-1.471666666666667,6.13,-6.74,12.87,19.294166666666666,1.9508333333333332,2
UKP_0023,2016-02-03,4.8554,5.46287,0.8888002094137331,1.3475,8.73,-6.17,14.9,16.46375,1.9433333333333331,2
UKP_0023,2016-02-04,4.32079,5.37633,0.8036690456128994,3.7104166666666663,11.17,-0.79,11.96,16.5025,1.7366666666666666,2
UKP_0023,2016-02-05,3.55882,5.41767,0.6568912466060133,4.682916666666666,12.23,-0.31,12.54,15.34125,1.815,2
UKP_0023,2016-02-06,3.64621,5.22511,0.6978245434067417,2.842916666666666,10.86,-3.48,14.34,24.297916666666666,2.4916666666666667,2
UKP_0023,2016-02-07,1.4931,4.44882,0.3356170849798373,-1.8445833333333328,2.88,-6.34,9.22,75.17,2.3716666666666666,2
UKP_0023,2016-02-08,3.5861300000000003,5.1691400000000005,0.693757568957312,-1.1516666666666666,5.46,-6.7,12.16,66.3425,2.245,2
UKP_0023,2016-02-09,4.01467,5.49931,0.7300315857807614,-0.7808333333333334,5.67,-5.44,11.11,62.36875,2.13125,2
UKP_0023,2016-02-10,4.01118,5.4736400000000005,0.7328176496810165,-2.3341666666666665,4.91,-7.99,12.9,67.05208333333333,2.1275,2
UKP_0023,2016-02-11,2.72107,4.82833,0.5635633852698552,-4.013333333333333,2.02,-9.29,11.31,70.55375,2.9425000000000003,2
UKP_0023,2016-02-12,4.12295,5.63574,0.7315720739423748,-2.654166666666667,4.52,-9.56,14.08,44.31958333333333,2.168333333333333,2
UKP_0023,2016-02-13,2.30397,5.33639,0.4317469300407203,-4.582916666666667,1.84,-10.53,12.37,62.58083333333334,2.9179166666666667,2
UKP_0023,2016-02-14,4.3114300000000005,5.833399999999999,0.7390938389275553,-3.3354166666666667,3.93,-10.44,14.37,58.17,2.32,2
UKP_0023,2016-02-15,4.08717,5.84274,0.6995296727220448,-1.97875,4.74,-8.13,12.87,51.21041666666667,2.1941666666666664,2
UKP_0023,2016-02-16,4.74751,5.89668,0.8051157600548106,-1.3029166666666667,5.4,-7.28,12.68,52.38375,2.392916666666667,2
UKP_0023,2016-02-17,5.04343,5.98704,0.8423912317271973,1.26625,7.39,-5.44,12.83,31.219583333333333,1.615,2
UKP_0023,2016-02-18,3.67548,5.79091,0.6346981735167702,5.180416666666667,10.63,-0.69,11.32,51.657916666666665,1.5225,2
UKP_0023,2016-02-19,2.23104,5.82161,0.3832341912288869,4.950833333333333,9.29,1.09,8.2,61.81541666666666,1.2129166666666666,2
UKP_0023,2016-02-20,1.98596,5.307939999999999,0.3741489165288229,1.9858333333333336,7.28,-3.52,10.8,78.03666666666668,2.275,2
UKP_0023,2016-02-21,4.30395,5.9647,0.7215702382349489,2.6833333333333336,9.6,-2.95,12.55,49.376666666666665,2.1395833333333334,2
UKP_0023,2016-02-22,4.4182,6.26989,0.7046694599107799,2.8975000000000004,10.07,-2.43,12.5,42.81333333333333,2.5325,2
UKP_0023,2016-02-23,4.48535,6.07869,0.7378810237074107,1.5633333333333332,9.06,-6.54,15.6,44.60208333333333,2.7191666666666667,2
UKP_0023,2016-02-24,4.778309999999999,6.43473,0.7425812738063601,1.805,9.57,-7.02,16.59,27.723333333333333,2.88625,2
UKP_0023,2016-02-25,4.58042,6.04266,0.758013854825524,1.7945833333333334,9.04,-4.37,13.41,39.20916666666667,2.20125,2
UKP_0023,2016-02-26,3.48125,5.74591,0.6058657375420081,1.7179166666666663,8.88,-3.49,12.37,49.177083333333336,2.349166666666666,2
UKP_0023,2016-02-27,3.601,5.57254,0.6462044238354503,2.4370833333333333,9.38,-3.71,13.09,45.430416666666666,2.3841666666666668,2
UKP_0023,2016-02-28,4.2194400000000005,5.75077,0.7337173978441148,2.665,9.16,-2.64,11.8,48.19541666666667,2.07,2
UKP_0023,2016-02-29,3.5398,5.644769999999999,0.6270937522698002,1.78875,7.91,-3.7,11.61,57.59291666666667,2.1925,2
UKP_0023,2016-03-01,4.5694300000000005,6.01187,0.7600679988090229,3.139583333333333,9.85,-3.87,13.72,53.18875,2.254166666666667,2
UKP_0023,2016-03-02,4.3328500000000005,6.16139,0.7032260577564479,3.084583333333333,8.08,-0.74,8.82,64.66125,2.1141666666666667,2
UKP_0023,2016-03-03,4.59253,6.215409999999999,0.7388941357046438,4.761666666666667,11.12,-0.35,11.47,54.48,2.5416666666666665,2
UKP_0023,2016-03-04,4.79754,6.326890000000001,0.758277763640588,4.394583333333333,10.89,-1.18,12.07,58.22958333333333,2.2729166666666667,2
UKP_0023,2016-03-05,3.30059,6.31242,0.5228723690755684,3.168333333333333,9.14,-1.34,10.48,61.70208333333333,2.3341666666666665,2
UKP_0023,2016-03-06,3.35488,6.00187,0.5589724535852992,2.575416666666667,8.03,-1.55,9.58,66.8725,2.6758333333333333,2
UKP_0023,2016-03-07,4.00997,6.30654,0.6358431088996502,2.86875,8.31,-1.38,9.69,64.45208333333333,1.9466666666666663,2
UKP_0023,2016-03-08,4.578519999999999,6.37311,0.718412203774923,3.233333333333333,9.24,-1.29,10.53,56.790416666666665,2.3608333333333333,2
UKP_0023,2016-03-09,4.68661,6.577400000000001,0.7125323075987471,3.587916666666666,9.53,-0.88,10.41,60.901250000000005,2.04375,2
UKP_0023,2016-03-10,5.450399999999999,6.67441,0.8166115057360874,4.923333333333333,11.36,-0.51,11.87,56.89125000000001,2.185416666666667,2
UKP_0023,2016-03-11,3.85865,6.472770000000001,0.5961358120248362,4.349166666666666,9.83,1.17,8.66,65.29125,1.7908333333333333,2
UKP_0023,2016-03-12,1.81817,6.65391,0.2732483607382727,3.08875,8.19,-1.02,9.21,70.2925,2.3433333333333333,2
UKP_0023,2016-03-13,3.15715,6.43799,0.490393740903605,1.149166666666667,5.08,-2.57,7.65,82.05208333333333,1.53125,2
UKP_0023,2016-03-14,2.55677,6.29294,0.406291812729821,-1.1112499999999998,2.98,-5.99,8.97,86.26166666666666,1.64375,2
UKP_0023,2016-03-15,4.573060000000001,7.06921,0.6468983097121179,-0.7020833333333334,5.08,-7.98,13.06,73.63166666666667,2.4433333333333334,2
UKP_0023,2016-03-16,4.88496,7.305029999999999,0.6687118328056149,2.567083333333333,10.16,-9.16,19.32,51.25666666666667,2.130416666666666,2
UKP_0023,2016-03-17,4.31703,6.98775,0.6177997209402167,2.61625,8.6,-1.47,10.07,75.41375000000001,2.38875,2
UKP_0023,2016-03-18,3.93593,6.668769999999999,0.5902032908617332,2.7604166666666665,7.64,-1.39,9.03,75.97416666666666,2.012916666666667,2
UKP_0023,2016-03-19,4.07184,6.94625,0.5861925499370163,3.55125,8.95,-0.95,9.9,70.71916666666667,2.6754166666666666,2
UKP_0023,2016-03-20,2.98269,6.41392,0.4650338638461346,2.80625,9.03,-3.28,12.31,65.76958333333333,2.5229166666666667,2
UKP_0023,2016-03-21,5.109730000000001,7.5874,0.673449402957535,2.1416666666666666,9.44,-5.22,14.66,54.84458333333333,2.92375,2
UKP_0023,2016-03-22,6.10225,7.82863,0.779478657185229,3.1,11.54,-5.75,17.29,32.66708333333333,3.053333333333333,2
UKP_0023,2016-03-23,6.03644,7.62206,0.7919696250095118,6.471666666666667,15.46,-5.82,21.28,38.16916666666666,2.6333333333333333,2
UKP_0023,2016-03-24,5.84946,7.36948,0.7937412137627078,8.322083333333333,15.06,0.38,14.68,41.78125,2.1083333333333334,2
UKP_0023,2016-03-25,5.64295,7.33413,0.76940959595753,8.755,15.05,3.3,11.75,44.80458333333333,1.8958333333333333,2
UKP_0023,2016-03-26,4.04424,6.88866,0.5870866032000419,7.829166666666667,13.39,3.17,10.22,55.150416666666665,1.892083333333333,2
UKP_0023,2016-03-27,4.41294,7.31576,0.6032100560980677,5.386666666666667,10.97,-0.12,11.09,68.43166666666666,2.7433333333333336,2
UKP_0023,2016-03-28,5.47217,7.37741,0.7417467647860156,6.225833333333333,11.83,-0.43,12.26,50.52791666666667,2.48875,2
UKP_0023,2016-03-29,5.56133,7.28772,0.7631097243033486,6.989999999999999,12.83,2.63,10.2,61.31541666666666,2.4995833333333333,2
UKP_0023,2016-03-30,3.4948,7.37399,0.4739360915867799,6.329166666666667,12.12,1.46,10.66,64.46208333333334,2.9829166666666667,2
UKP_0023,2016-03-31,6.05903,7.699469999999999,0.7869411790681697,7.567916666666666,14.49,1.35,13.14,50.90875,2.9683333333333333,2
UKP_0023,2016-04-01,6.27492,7.67411,0.8176739713139374,9.57625,16.36,2.46,13.9,53.80708333333333,2.645833333333333,2
UKP_0023,2016-04-02,6.24716,7.584149999999999,0.8237126111693467,10.9225,17.24,3.38,13.86,58.38458333333333,2.73875,2
UKP_0023,2016-04-03,5.96748,7.69789,0.7752098302262048,11.382083333333334,18.52,6.35,12.17,55.925,2.6275,2
UKP_0023,2016-04-04,4.489310000000001,7.428310000000001,0.6043514608302561,8.86125,14.72,2.34,12.38,56.82749999999999,2.370416666666667,2
UKP_0023,2016-04-05,5.19188,8.015780000000001,0.6477073971591036,8.340833333333334,14.24,2.07,12.17,49.20375000000001,1.9604166666666665,2
UKP_0023,2016-04-06,4.4333800000000005,7.56504,0.5860352357687468,5.603333333333333,9.68,0.88,8.799999999999999,62.15416666666667,2.0929166666666665,2
UKP_0023,2016-04-07,4.40862,7.49119,0.5885072999082923,5.87375,11.56,0.29,11.27,65.095,3.0666666666666664,2
UKP_0023,2016-04-08,5.89841,8.04996,0.7327253800018881,5.72125,11.86,0.07,11.79,57.092083333333335,2.4525,2
UKP_0023,2016-04-09,6.31188,8.04083,0.784978665137803,7.704999999999999,13.34,1.12,12.22,46.057500000000005,2.5429166666666667,2
UKP_0023,2016-04-10,4.85586,7.88136,0.6161195529705533,8.018333333333333,14.58,2.28,12.3,52.25875,2.828333333333333,2
UKP_0023,2016-04-11,4.780399999999999,7.98948,0.5983368129089752,7.505833333333334,14.64,0.05,14.59,55.084583333333335,3.02125,2
UKP_0023,2016-04-12,7.01902,8.35337,0.840262073869588,8.545416666666666,16.14,-0.32,16.46,47.07125,2.92375,2
UKP_0023,2016-04-13,6.58668,8.446129999999998,0.7798459175977639,9.00125,16.27,1.53,14.74,46.91958333333333,3.393333333333333,2
UKP_0023,2016-04-14,6.917890000000001,8.35708,0.8277879354990022,9.485416666666667,16.51,2.31,14.2,46.41833333333333,3.0083333333333333,2
UKP_0023,2016-04-15,6.83417,8.32633,0.8207901920774219,11.590000000000002,18.93,4.33,14.6,35.25125,2.50125,2
UKP_0023,2016-04-16,7.16309,8.085899999999999,0.8858741760348262,11.784583333333332,18.65,5.72,12.93,47.873333333333335,2.76625,2
UKP_0023,2016-04-17,5.47457,8.00938,0.6835198230075237,11.766666666666666,17.98,6.57,11.41,54.434583333333336,3.665000000000001,2
UKP_0023,2016-04-18,4.896109999999999,7.83459,0.6249350636089444,10.11,14.83,5.57,9.26,62.30875,2.9620833333333336,2
UKP_0023,2016-04-19,5.97345,8.16208,0.7318538901848548,10.257916666666668,15.89,5.56,10.330000000000002,56.01041666666666,2.6279166666666667,2
UKP_0023,2016-04-20,6.7399700000000005,8.292950000000001,0.8127349133902892,11.123333333333331,17.98,5.11,12.87,44.92583333333334,2.704166666666667,2
UKP_0023,2016-04-21,7.65275,8.67164,0.8825031943207975,11.306666666666668,18.28,5.11,13.170000000000002,34.27916666666667,2.810833333333333,2
UKP_0023,2016-04-22,4.203720000000001,8.311219999999999,0.5057885605242072,9.185416666666669,15.65,1.88,13.77,55.38875,4.464166666666666,2
UKP_0023,2016-04-23,5.7918,8.56944,0.6758668010978547,6.8133333333333335,13.08,1.33,11.75,46.45125,3.348333333333333,2
UKP_0023,2016-04-24,6.41974,8.836020000000001,0.7265420404209134,6.946666666666666,13.24,1.27,11.97,34.02,2.9545833333333333,2
UKP_0023,2016-04-25,7.20043,8.84465,0.8141000491822741,8.59375,15.6,1.26,14.34,28.23958333333333,2.7904166666666668,2
UKP_0023,2016-04-26,7.03113,8.73666,0.8047846659936405,9.325,16.41,1.8,14.61,26.18541666666667,2.924166666666667,2
UKP_0023,2016-04-27,6.22292,8.53766,0.7288788731338564,9.55,16.4,2.52,13.88,33.240833333333335,3.3129166666666667,2
UKP_0023,2016-04-28,6.377,8.578299999999999,0.7433873844468019,9.8475,16.24,3.39,12.849999999999998,31.735416666666666,2.95125,2
UKP_0023,2016-04-29,5.79944,8.63693,0.6714700709627147,9.733333333333333,16.18,3.89,12.29,34.348333333333336,2.7575,2
UKP_0023,2016-04-30,5.85202,7.86796,0.7437785652189385,9.87625,16.17,3.79,12.380000000000004,36.05,2.41875,2
UKP_0023,2016-05-01,6.32282,8.01951,0.7884297170275989,13.233333333333334,19.83,4.33,15.499999999999998,25.25125,2.7591666666666668,2
UKP_0023,2016-05-02,6.634390000000001,8.37491,0.7921744830690719,13.720416666666669,20.52,7.8,12.72,24.54208333333333,2.8629166666666666,2
UKP_0023,2016-05-03,5.741899999999999,7.81332,0.734886066358475,11.122083333333334,17.5,6.48,11.02,47.98583333333334,2.4179166666666667,2
UKP_0023,2016-05-04,5.18504,7.85533,0.6600664771562748,9.933333333333334,15.91,5.04,10.87,61.07125,3.595416666666667,2
UKP_0023,2016-05-05,3.69783,7.9564,0.4647617012719319,7.829583333333333,12.85,4.36,8.489999999999998,77.46041666666666,2.645,2
UKP_0023,2016-05-06,4.72546,8.28031,0.5706863631917163,8.13,12.11,4.82,7.289999999999999,84.2275,2.526666666666667,2
UKP_0023,2016-05-07,5.143809999999999,8.33488,0.6171426583226153,9.011666666666668,12.86,6.44,6.419999999999999,79.00958333333334,2.2716666666666665,2
UKP_0023,2016-05-08,3.4523200000000003,7.98726,0.4322283236053415,10.307916666666666,16.16,6.58,9.58,76.64458333333333,2.035,2
UKP_0023,2016-05-09,6.53748,8.1268,0.804434709848895,11.1,15.33,7.28,8.05,75.83958333333334,2.1775,2
UKP_0023,2016-05-10,4.288930000000001,8.29665,0.5169472015813612,10.23875,14.17,6.31,7.86,79.36416666666666,2.40625,2
UKP_0023,2016-05-11,6.33112,8.45093,0.7491625182080552,9.70625,14.88,6.41,8.47,82.08583333333333,3.16,2
UKP_0023,2016-05-12,5.93656,8.681059999999999,0.6838519719942036,10.518333333333333,15.13,5.54,9.59,72.8575,2.970416666666667,2
UKP_0023,2016-05-13,6.10757,8.60774,0.7095439685678239,11.79875,17.21,6.41,10.8,60.545,2.8775,2
UKP_0023,2016-05-14,7.34713,9.04746,0.8120654857827502,12.038333333333334,18.22,6.71,11.509999999999998,60.53458333333333,3.2583333333333333,2
UKP_0023,2016-05-15,6.54921,8.850010000000001,0.7400228926294998,12.3625,18.12,7.35,10.77,51.992916666666666,3.004583333333333,2
UKP_0023,2016-05-16,7.687159999999999,9.17551,0.8377910328690175,13.161666666666669,19.37,7.53,11.84,43.38208333333333,2.84125,2
UKP_0023,2016-05-17,7.01582,8.98592,0.7807570065168619,12.69875,18.3,7.08,11.22,47.26,2.984166666666667,2
UKP_0023,2016-05-18,7.810329999999999,9.02314,0.8655889191567459,14.110416666666666,20.24,7.21,13.029999999999998,45.250416666666666,2.6020833333333333,2
UKP_0023,2016-05-19,6.69441,8.98382,0.7451629707629939,13.71125,19.84,7.87,11.97,48.7375,2.6491666666666664,2
UKP_0023,2016-05-20,7.41275,8.80068,0.8422928682783604,13.897916666666667,20.69,7.67,13.02,52.98166666666666,2.8241666666666667,2
UKP_0023,2016-05-21,6.62499,8.99475,0.7365396481280747,13.828333333333331,19.97,7.59,12.38,47.60125,3.2229166666666664,2
UKP_0023,2016-05-22,7.57249,9.06183,0.8356468836868491,15.137083333333337,22.08,8.26,13.82,44.02583333333333,2.490833333333333,2
UKP_0023,2016-05-23,6.68438,8.74048,0.764761203046057,13.008333333333333,19.68,7.43,12.25,62.06833333333333,3.2237500000000003,2
UKP_0023,2016-05-24,5.75046,8.17236,0.7036474164133739,11.06375,16.86,5.97,10.89,70.25583333333333,3.78625,2
UKP_0023,2016-05-25,7.24574,9.02517,0.8028369548717642,10.685833333333331,16.23,5.98,10.25,59.9875,3.620416666666667,2
UKP_0023,2016-05-26,6.81604,9.16172,0.7439694729810561,11.618333333333334,17.67,6.63,11.040000000000004,51.834583333333335,3.428333333333333,2
UKP_0023,2016-05-27,7.40558,9.14341,0.8099363366621425,13.19,19.85,6.54,13.310000000000002,46.82125,3.124166666666667,2
UKP_0023,2016-05-28,5.5105900000000005,8.92707,0.6172898834668038,12.577083333333334,18.81,7.38,11.43,59.937916666666666,3.703333333333333,2
UKP_0023,2016-05-29,5.53824,8.703149999999999,0.6363489081539443,9.329583333333334,12.62,6.11,6.509999999999999,83.59958333333334,4.030833333333333,2
UKP_0023,2016-05-30,4.547350000000001,8.78302,0.5177433274659514,9.365833333333333,13.61,6.34,7.27,77.4175,3.5683333333333334,2
UKP_0023,2016-05-31,7.10017,9.20442,0.7713870075463745,11.48,16.26,6.51,9.750000000000002,64.21916666666667,3.0570833333333334,2
UKP_0023,2016-06-01,7.71943,9.28511,0.8313773342480594,13.339583333333332,18.69,7.77,10.920000000000002,62.84,2.75,2
UKP_0023,2016-06-02,6.6943,8.973049999999999,0.7460451017212655,13.655833333333334,17.99,9.18,8.809999999999999,67.8925,2.815,2
UKP_0023,2016-06-03,7.17536,9.09362,0.7890543040065452,14.559166666666668,19.9,9.59,10.31,59.22916666666666,2.78125,2
UKP_0023,2016-06-04,6.78958,8.875869999999999,0.7649481121287266,14.3575,19.74,8.89,10.849999999999998,64.99166666666666,2.9333333333333336,2
UKP_0023,2016-06-05,6.919980000000001,8.9417,0.7738998177080421,14.266666666666666,20.25,9.48,10.77,61.3325,2.9691666666666667,2
UKP_0023,2016-06-06,5.84424,8.665719999999999,0.6744090508347836,12.766666666666666,17.85,7.79,10.060000000000002,67.40124999999999,3.2270833333333333,2
UKP_0023,2016-06-07,4.10034,8.7744,0.4673071663019694,11.9675,16.81,7.87,8.939999999999998,68.16916666666667,2.60125,2
UKP_0023,2016-06-08,6.9322,8.795020000000001,0.7881960473085905,12.447916666666666,17.28,8.32,8.96,62.705000000000005,3.259583333333333,2
UKP_0023,2016-06-09,6.661770000000001,8.8567,0.7521729312272066,12.92875,18.45,8.19,10.26,60.65083333333333,3.365,2
UKP_0023,2016-06-10,7.20084,8.90152,0.8089449891703889,13.861666666666666,19.43,8.91,10.52,57.19041666666666,2.765416666666667,2
UKP_0023,2016-06-11,6.91911,8.904200000000001,0.7770613867613035,13.816666666666668,19.13,9.21,9.919999999999998,65.71333333333332,3.1845833333333338,2
UKP_0023,2016-06-12,4.93646,8.87287,0.5563543701192512,13.961666666666666,18.8,10.02,8.780000000000001,69.63083333333334,3.2770833333333336,2
UKP_0023,2016-06-13,5.28777,8.80485,0.6005519685173513,13.505,17.09,9.97,7.119999999999999,78.86916666666666,3.438333333333333,2
UKP_0023,2016-06-14,6.2785,8.53299,0.7357913228540055,13.524166666666666,17.08,10.65,6.429999999999998,80.41708333333334,2.6808333333333336,2
UKP_0023,2016-06-15,3.57706,8.50907,0.4203820158959792,12.467916666666667,15.48,9.18,6.300000000000001,89.94833333333334,1.9566666666666668,2
UKP_0023,2016-06-16,3.51552,8.26541,0.4253291730234798,12.362083333333333,16.18,9.56,6.619999999999999,88.71916666666668,2.8158333333333334,2
UKP_0023,2016-06-17,6.398569999999999,8.201210000000001,0.7801982878136273,13.815833333333332,18.24,10.1,8.139999999999999,78.32416666666667,2.7883333333333336,2
UKP_0023,2016-06-18,5.953609999999999,8.571200000000001,0.6946063561694977,14.749166666666667,19.75,9.99,9.76,71.72500000000001,2.5595833333333333,2
UKP_0023,2016-06-19,5.89074,8.64607,0.6813199523020286,15.17125,19.94,10.87,9.070000000000002,78.62708333333333,2.749166666666667,2
UKP_0023,2016-06-20,5.96762,8.553379999999999,0.6976914389399279,15.420416666666666,20.43,11.54,8.89,79.49166666666666,2.58375,2
UKP_0023,2016-06-21,5.14891,8.33702,0.6175959755404209,14.464999999999998,19.1,11.34,7.760000000000002,85.57541666666667,3.951666666666666,2
UKP_0023,2016-06-22,5.03232,8.36581,0.601534101300412,13.452916666666669,17.55,9.18,8.370000000000001,88.09750000000001,3.005416666666666,2
UKP_0023,2016-06-23,7.12908,8.67325,0.8219617790332344,14.907916666666669,19.84,9.05,10.79,73.80125,3.060416666666667,2
UKP_0023,2016-06-24,7.357639999999999,9.03866,0.8140188921809205,15.488333333333337,20.43,10.46,9.97,68.13333333333334,3.1479166666666667,2
UKP_0023,2016-06-25,5.88583,8.86649,0.6638286401947107,15.097916666666668,20.3,10.42,9.88,73.57416666666667,3.0825,2
UKP_0023,2016-06-26,6.817279999999999,8.66726,0.7865553819776953,15.697083333333332,21.12,11.33,9.79,75.84208333333333,2.992083333333333,2
UKP_0023,2016-06-27,6.36284,8.414969999999999,0.7561334146170458,15.784583333333332,20.18,12.3,7.879999999999999,82.66333333333334,3.623333333333333,2
UKP_0023,2016-06-28,6.864,8.40972,0.8161983989954481,15.433333333333332,20.05,12.62,7.4300000000000015,84.1675,2.6750000000000003,2
UKP_0023,2016-06-29,7.10724,8.60111,0.8263166033221293,16.54625,20.8,12.18,8.620000000000001,78.2725,3.0341666666666662,2
UKP_0023,2016-06-30,5.53086,8.448799999999999,0.6546326105482436,16.140416666666667,20.6,12.09,8.510000000000002,81.63666666666667,3.5070833333333336,2
UKP_0023,2016-07-01,3.45718,8.39835,0.4116499074222912,15.842916666666667,19.69,12.92,6.770000000000001,82.92,3.3129166666666667,2
UKP_0023,2016-07-02,3.7203,7.51928,0.494768116096222,13.885416666666666,16.71,10.71,6.0,92.40666666666664,3.589166666666667,2
UKP_0023,2016-07-03,3.48489,8.328100000000001,0.4184495863402216,13.339166666666666,17.02,10.56,6.459999999999999,88.02041666666666,2.966666666666667,2
UKP_0023,2016-07-04,4.48385,8.20729,0.5463252791116191,13.89625,18.04,11.09,6.949999999999999,88.705,2.95875,2
UKP_0023,2016-07-05,7.10873,8.80959,0.8069308560330276,14.742916666666666,18.82,11.86,6.960000000000001,86.88791666666667,3.473333333333333,2
UKP_0023,2016-07-06,6.09029,8.47235,0.7188430600718808,15.100416666666668,18.92,12.21,6.710000000000001,87.42083333333333,3.6429166666666655,2
UKP_0023,2016-07-07,6.72525,8.636869999999998,0.7786675033895383,14.099166666666669,17.72,10.78,6.94,87.25083333333333,2.6841666666666666,2
UKP_0023,2016-07-08,6.297689999999999,8.4729,0.7432744396841695,15.162916666666668,20.04,10.99,9.05,80.01333333333334,2.7841666666666662,2
UKP_0023,2016-07-09,6.361,8.483369999999999,0.7498199418391512,14.793333333333337,19.3,11.26,8.040000000000001,82.09291666666667,2.5033333333333334,2
UKP_0023,2016-07-10,6.5400100000000005,8.516639999999999,0.7679096451182628,14.920416666666666,18.88,11.47,7.409999999999998,86.41624999999999,2.856666666666667,2
UKP_0023,2016-07-11,5.13229,8.245899999999999,0.6224050740367941,15.378750000000002,19.53,12.28,7.250000000000002,83.84833333333333,3.1825,2
UKP_0023,2016-07-12,5.3438,8.32203,0.6421269810370787,14.750833333333333,18.12,12.4,5.720000000000001,88.43541666666665,3.190416666666667,2
UKP_0023,2016-07-13,5.0170900000000005,8.31255,0.6035560688356763,14.564583333333331,18.17,11.54,6.630000000000003,88.98458333333333,2.8791666666666664,2
UKP_0023,2016-07-14,3.9686,8.384469999999999,0.4733274732928856,13.77,16.67,11.54,5.130000000000003,91.94458333333334,1.8108333333333333,2
UKP_0023,2016-07-15,4.65224,8.257700000000002,0.563382055536045,14.512916666666667,18.5,11.95,6.550000000000001,89.29875,2.8191666666666664,2
UKP_0023,2016-07-16,2.09558,7.88927,0.265624069147082,13.17625,16.31,9.99,6.319999999999999,91.89666666666666,3.4891666666666663,2
UKP_0023,2016-07-17,2.37455,8.24953,0.287840640618314,12.309583333333334,15.02,10.13,4.889999999999999,91.73375,2.19625,2
UKP_0023,2016-07-18,4.26734,8.55534,0.4987925669815578,13.415,16.55,10.61,5.940000000000001,90.2625,1.9058333333333333,2
UKP_0023,2016-07-19,6.340319999999999,8.68597,0.7299495623401877,13.967083333333331,17.81,10.51,7.299999999999999,89.08708333333334,2.5025,2
UKP_0023,2016-07-20,6.96742,8.79074,0.7925862896638963,14.499583333333334,18.06,11.38,6.679999999999998,87.22083333333335,2.73,2
UKP_0023,2016-07-21,5.09687,8.644680000000001,0.5895961446808904,14.022083333333336,17.73,10.8,6.93,90.15958333333332,2.8875,2
UKP_0023,2016-07-22,2.16541,8.239030000000001,0.262823414892287,14.0025,17.6,9.77,7.830000000000002,90.40041666666669,2.712916666666666,2
UKP_0023,2016-07-23,2.62497,7.96404,0.3296028146518601,13.6625,16.55,10.56,5.99,91.95083333333334,2.553333333333333,2
UKP_0023,2016-07-24,7.44607,8.294889999999999,0.8976695290715128,13.841666666666669,16.38,11.72,4.659999999999998,93.085,2.900416666666666,2
UKP_0023,2016-07-25,7.10442,8.431049999999999,0.8426494920561497,14.44,17.78,11.73,6.050000000000001,91.90916666666668,3.200416666666667,2
UKP_0023,2016-07-26,3.14449,7.88316,0.3988869945554828,13.50125,16.67,9.87,6.8000000000000025,93.22791666666666,3.4454166666666666,2
UKP_0023,2016-07-27,2.89212,7.5286,0.3841511037908774,11.984166666666669,14.29,10.06,4.229999999999999,91.04333333333334,1.252916666666667,2
UKP_0023,2016-07-28,5.02111,8.36938,0.599938107721241,13.124583333333334,16.15,10.43,5.719999999999999,90.91791666666666,2.450833333333333,2
UKP_0023,2016-07-29,4.511,8.14825,0.5536158070751388,12.706666666666663,15.69,10.42,5.27,94.00833333333333,2.410833333333333,2
UKP_0023,2016-07-30,4.2081800000000005,8.12033,0.5182277074946463,13.087916666666668,16.22,10.42,5.799999999999999,91.24666666666668,2.53125,2
UKP_0023,2016-07-31,4.64011,8.13843,0.5701480506682493,13.588333333333331,16.87,10.26,6.610000000000001,92.45458333333332,3.0620833333333333,2
UKP_0023,2016-08-01,4.00545,8.00693,0.5002479102477478,12.799583333333333,15.73,10.17,5.5600000000000005,93.03291666666668,2.804583333333333,2
UKP_0023,2016-08-02,4.87995,8.21509,0.5940227069940804,12.257916666666668,15.03,9.92,5.109999999999999,87.81208333333335,2.1,2
UKP_0023,2016-08-03,5.924810000000001,8.274370000000001,0.7160436383676341,13.395416666666668,16.28,10.69,5.590000000000002,89.24458333333332,2.4308333333333336,2
UKP_0023,2016-08-04,6.75771,8.280389999999999,0.816110110755653,14.407083333333333,17.88,11.11,6.77,87.88833333333334,2.7145833333333336,2
UKP_0023,2016-08-05,5.09283,8.1335,0.6261547919100019,13.120416666666666,16.77,9.93,6.84,91.71166666666666,2.40375,2
UKP_0023,2016-08-06,4.5906,8.00549,0.5734314826450349,13.399166666666666,17.06,9.68,7.379999999999999,89.81833333333333,2.617083333333333,2
UKP_0023,2016-08-07,4.05948,7.928100000000001,0.512036931925682,13.6,16.99,10.42,6.569999999999999,88.03666666666668,2.442083333333333,2
UKP_0023,2016-08-08,4.43237,8.04322,0.5510690991916173,13.557916666666666,16.62,11.04,5.580000000000002,92.39625,2.709583333333333,2
UKP_0023,2016-08-09,4.77879,7.886909999999999,0.605914103241954,12.859583333333331,15.96,9.34,6.620000000000001,93.82958333333332,2.90375,2
UKP_0023,2016-08-10,4.20241,7.98467,0.5263097911372667,12.854583333333332,15.89,10.04,5.850000000000001,90.0025,2.53,2
UKP_0023,2016-08-11,3.92413,7.92875,0.4949241683745861,13.178333333333333,16.51,10.51,6.000000000000002,91.85375,2.87,2
UKP_0023,2016-08-12,4.58073,7.92394,0.578087416108653,14.003333333333332,16.72,10.99,5.729999999999999,90.37916666666666,2.38625,2
UKP_0023,2016-08-13,5.2362,8.03331,0.6518110218577399,13.751666666666669,16.05,11.48,4.57,93.90958333333332,3.0425,2
UKP_0023,2016-08-14,4.454680000000001,7.803809999999999,0.570833990063828,13.458333333333334,16.6,10.75,5.850000000000001,93.10833333333332,2.6595833333333334,2
UKP_0023,2016-08-15,5.29405,7.84921,0.6744691503985751,13.280833333333334,16.38,10.49,5.889999999999999,92.70375,3.0025,2
UKP_0023,2016-08-16,1.92934,8.023909999999999,0.2404488584742351,13.065416666666666,16.34,10.03,6.3100000000000005,90.52416666666666,2.4141666666666666,2
UKP_0023,2016-08-17,2.33807,7.660699999999999,0.3052031798660696,12.38125,15.08,9.97,5.109999999999999,92.38625,2.4404166666666667,2
UKP_0023,2016-08-18,5.268680000000001,7.88997,0.6677693324562706,13.226666666666668,16.52,10.49,6.029999999999999,87.37208333333332,2.2695833333333333,2
UKP_0023,2016-08-19,5.871029999999999,7.78557,0.7540912226079786,13.564583333333331,17.25,10.81,6.44,90.47708333333333,2.82375,2
UKP_0023,2016-08-20,5.21771,7.769550000000001,0.6715588418891699,12.910000000000002,15.34,10.56,4.779999999999999,90.42333333333332,2.25875,2
UKP_0023,2016-08-21,6.91725,7.9937,0.8653377034414602,14.212916666666668,18.18,10.78,7.4,82.37708333333333,2.0829166666666667,2
UKP_0023,2016-08-22,5.69808,7.867190000000001,0.724284020088494,14.166666666666666,18.09,10.07,8.02,85.59833333333334,2.9758333333333336,2
UKP_0023,2016-08-23,5.36419,7.71147,0.6956118612923347,13.837083333333334,17.29,10.96,6.329999999999998,88.50416666666666,2.1525,2
UKP_0023,2016-08-24,5.97982,7.701729999999999,0.776425556336044,13.121250000000002,16.97,9.59,7.379999999999999,88.24624999999999,2.52625,2
UKP_0023,2016-08-25,6.77093,7.84437,0.8631579081557856,13.650833333333331,17.23,10.56,6.67,86.68708333333335,2.3575,2
UKP_0023,2016-08-26,5.36666,7.69222,0.6976737534807896,12.473333333333334,15.85,9.78,6.07,92.16166666666668,2.200833333333333,2
UKP_0023,2016-08-27,3.93733,7.695720000000001,0.5116259427318041,12.192083333333334,15.45,9.56,5.889999999999999,85.18041666666666,2.1225,2
UKP_0023,2016-08-28,6.04975,7.73651,0.7819740425592419,12.788333333333334,16.35,9.85,6.500000000000002,85.46416666666666,1.9720833333333327,2
UKP_0023,2016-08-29,4.96917,7.61553,0.6525048158171526,12.50875,16.11,8.91,7.199999999999999,88.06708333333334,2.1441666666666666,2
UKP_0023,2016-08-30,3.37264,7.57827,0.4450408866403546,12.223333333333334,15.53,9.12,6.41,90.34791666666666,2.3716666666666666,2
UKP_0023,2016-08-31,4.05035,7.458600000000001,0.543044271042823,12.1225,14.8,9.33,5.470000000000001,91.98791666666666,2.17875,2
UKP_0023,2016-09-01,5.27726,7.49769,0.7038514529141642,11.75,15.36,8.48,6.879999999999999,91.31458333333336,1.9,2
UKP_0023,2016-09-02,5.806220000000001,7.478260000000001,0.7764132298154919,12.827083333333334,17.32,8.81,8.51,85.745,1.9625,2
UKP_0023,2016-09-03,6.864439999999999,7.91409,0.8673694638297011,12.231666666666667,17.14,8.37,8.770000000000001,73.36041666666667,2.0004166666666667,2
UKP_0023,2016-09-04,5.68594,7.79512,0.7294230236353001,12.269583333333337,16.66,8.43,8.23,84.77625,2.2570833333333336,2
UKP_0023,2016-09-05,6.8525,7.57192,0.9049884309395768,12.52375,16.78,8.82,7.960000000000001,87.49000000000001,2.263333333333333,2
UKP_0023,2016-09-06,6.40391,7.67729,0.8341367852458353,12.635416666666666,17.3,8.52,8.780000000000001,80.55291666666666,2.064583333333333,2
UKP_0023,2016-09-07,7.113899999999999,7.72254,0.9211865526109284,12.620416666666666,18.0,8.32,9.68,70.92916666666666,2.1141666666666667,2
UKP_0023,2016-09-08,6.47318,7.60903,0.8507234167824282,13.300833333333337,18.18,8.5,9.68,76.73875,2.0766666666666667,2
UKP_0023,2016-09-09,6.5668500000000005,7.4677,0.8793671411545725,13.777916666666668,18.33,9.92,8.409999999999998,84.9825,2.15,2
UKP_0023,2016-09-10,6.16053,7.24524,0.8502865329512893,13.421666666666669,17.95,9.47,8.479999999999999,87.3975,2.216666666666667,2
UKP_0023,2016-09-11,3.39415,7.47575,0.4540213356519413,12.9775,17.75,9.28,8.47,83.26916666666666,2.00875,2
UKP_0023,2016-09-12,5.46209,7.28406,0.7498688917993537,12.244166666666668,17.05,8.1,8.950000000000001,82.2525,1.8458333333333328,2
UKP_0023,2016-09-13,4.709020000000001,7.29839,0.6452135333957216,11.687083333333334,16.08,7.83,8.249999999999998,80.97166666666666,1.6520833333333331,2
UKP_0023,2016-09-14,6.434019999999999,7.232369999999999,0.8896143311252052,12.218333333333334,16.28,8.62,7.660000000000002,81.24583333333334,1.6266666666666667,2
UKP_0023,2016-09-15,5.41871,7.12474,0.7605484551015195,12.01,16.71,7.96,8.75,76.57708333333333,1.89,2
UKP_0023,2016-09-16,6.369470000000001,7.28134,0.8747661831476076,11.875416666666666,17.81,6.95,10.86,63.68375,2.043333333333333,2
UKP_0023,2016-09-17,6.48271,7.07371,0.916451197462152,11.835416666666667,17.28,6.96,10.32,72.14458333333333,2.0941666666666667,2
UKP_0023,2016-09-18,6.20269,6.8819,0.901304872200991,12.30375,17.65,7.45,10.2,78.00833333333334,2.12625,2
UKP_0023,2016-09-19,6.33875,6.996,0.9060534591194968,12.9275,17.85,8.88,8.97,82.95041666666667,2.0004166666666667,2
UKP_0023,2016-09-20,5.40639,6.882059999999999,0.7855772835459152,12.77,17.82,9.38,8.44,85.64833333333333,2.384583333333333,2
UKP_0023,2016-09-21,5.3166400000000005,6.67648,0.7963238113496933,11.845833333333331,15.58,8.38,7.199999999999999,89.20875000000001,3.2045833333333333,2
UKP_0023,2016-09-22,2.62337,6.64329,0.3948901824246721,10.6425,15.42,5.87,9.55,81.25291666666666,2.0854166666666667,2
UKP_0023,2016-09-23,5.065900000000001,6.83557,0.7411086420005941,9.869166666666668,13.74,5.76,7.98,85.09416666666667,1.840833333333333,2
UKP_0023,2016-09-24,4.78814,6.8274,0.7013123590239331,10.226666666666668,15.06,6.48,8.58,82.24041666666666,2.49375,2
UKP_0023,2016-09-25,5.57576,6.761550000000001,0.8246274892591194,10.937916666666666,16.16,6.91,9.25,82.8275,2.1804166666666664,2
UKP_0023,2016-09-26,5.550110000000001,6.7037700000000005,0.8279087737198622,10.930416666666666,15.81,7.48,8.33,85.88125000000001,1.86625,2
UKP_0023,2016-09-27,5.35596,6.63871,0.8067772202732157,10.875,16.06,7.04,9.02,84.72083333333333,2.084583333333333,2
UKP_0023,2016-09-28,5.676609999999999,6.67942,0.849865706902695,10.676666666666668,15.87,6.97,8.899999999999999,83.22125,2.46625,2
UKP_0023,2016-09-29,5.8534,6.68253,0.8759257347142474,11.507083333333334,16.86,6.94,9.919999999999998,79.5775,2.080833333333333,2
UKP_0023,2016-09-30,6.402699999999999,6.62592,0.9663110934028784,12.75875,18.28,7.65,10.63,78.76333333333334,2.10375,2
UKP_0023,2016-10-01,5.56032,6.37524,0.8721742240292131,13.058333333333332,18.4,9.1,9.3,81.91166666666668,1.9408333333333327,2
UKP_0023,2016-10-02,4.80295,6.189970000000001,0.77592460060388,12.452916666666669,17.59,8.29,9.3,82.51958333333333,1.9829166666666669,2
UKP_0023,2016-10-03,4.96455,6.151470000000001,0.8070509975664353,12.52875,17.9,8.1,9.8,77.565,2.12125,2
UKP_0023,2016-10-04,3.61193,6.03003,0.5989903864491553,11.502916666666666,15.8,8.12,7.6800000000000015,77.3325,1.825,2
UKP_0023,2016-10-05,3.71632,6.10279,0.6089542651803519,10.522916666666667,16.22,5.93,10.29,75.15124999999999,2.1958333333333333,2
UKP_0023,2016-10-06,4.18492,5.94822,0.7035583754467724,10.469583333333334,16.64,5.54,11.1,74.01833333333333,2.049583333333333,2
UKP_0023,2016-10-07,5.99749,6.50348,0.9221970391236692,10.585416666666667,17.12,5.48,11.64,59.49375,1.8166666666666669,2
UKP_0023,2016-10-08,4.80143,6.332050000000001,0.7582741766094707,9.70375,15.97,4.28,11.69,67.45166666666667,1.91375,2
UKP_0023,2016-10-09,5.37803,6.387110000000001,0.8420130544174125,8.385,14.99,2.86,12.13,69.59166666666667,2.115833333333333,2
UKP_0023,2016-10-10,4.52559,6.20006,0.7299268071599307,7.069583333333333,13.18,2.38,10.8,64.11375,2.2150000000000003,2
UKP_0023,2016-10-11,5.71566,6.35336,0.8996279134190412,8.218333333333334,14.18,2.66,11.52,63.23708333333334,2.0329166666666665,2
UKP_0023,2016-10-12,5.536969999999999,6.33505,0.8740215152208742,8.39875,14.66,3.58,11.08,67.1775,2.1725,2
UKP_0023,2016-10-13,5.18147,6.42679,0.806229859696676,8.331666666666667,14.56,3.46,11.1,60.05916666666667,2.0816666666666666,2
UKP_0023,2016-10-14,5.97674,6.32846,0.9444224977324656,9.040416666666667,15.85,4.04,11.81,57.025,2.2775000000000003,2
UKP_0023,2016-10-15,5.54908,6.33707,0.8756538905203824,9.438333333333333,16.74,3.87,12.869999999999996,57.571666666666665,2.220833333333333,2
UKP_0023,2016-10-16,5.77771,6.246020000000001,0.9250226544263386,8.639166666666666,15.08,4.23,10.85,57.020833333333336,2.063333333333333,2
UKP_0023,2016-10-17,5.1915,6.22415,0.8340897953937485,8.055833333333334,14.18,4.15,10.03,54.33041666666667,2.2891666666666666,2
UKP_0023,2016-10-18,5.20195,6.087140000000001,0.8545803119363116,8.390416666666667,15.11,4.42,10.69,49.91875,2.2425,2
UKP_0023,2016-10-19,4.94855,6.015479999999999,0.8226359326271554,7.833333333333333,13.63,4.33,9.3,55.42541666666667,2.09125,2
UKP_0023,2016-10-20,5.30136,5.930140000000001,0.8939687764538441,7.407916666666666,14.6,1.75,12.85,57.79333333333333,2.005416666666666,2
UKP_0023,2016-10-21,5.21617,5.9442,0.8775226270986844,6.94625,13.39,2.21,11.18,51.2175,2.1908333333333334,2
UKP_0023,2016-10-22,5.66295,6.070609999999999,0.9328469461882744,7.76625,14.97,2.94,12.03,42.98041666666666,2.273333333333333,2
UKP_0023,2016-10-23,5.79071,5.98834,0.9669975318702678,8.303333333333333,15.55,3.39,12.16,43.16333333333333,2.1079166666666667,2
UKP_0023,2016-10-24,5.59925,5.9234800000000005,0.9452635950488564,6.6691666666666665,14.49,-0.05,14.54,40.04541666666667,2.0829166666666667,2
UKP_0023,2016-10-25,5.38775,5.86128,0.9192104796221984,5.281666666666667,12.15,-0.21,12.36,43.63125,2.0591666666666666,2
UKP_0023,2016-10-26,4.91474,5.76938,0.851866231726806,4.84125,11.39,0.07,11.32,46.20125,2.3058333333333336,2
UKP_0023,2016-10-27,5.28146,5.83377,0.90532537278638,6.199166666666667,13.55,-0.08,13.63,38.36291666666667,2.404583333333333,2
UKP_0023,2016-10-28,5.34959,5.77729,0.9259687500540912,6.571666666666666,14.14,1.36,12.78,40.190000000000005,2.0258333333333334,2
UKP_0023,2016-10-29,3.97432,5.39058,0.7372713140329983,4.33875,11.01,-0.17,11.18,52.34291666666667,2.282083333333333,2
UKP_0023,2016-10-30,5.22649,5.45724,0.9577167212730244,6.227916666666666,13.24,0.26,12.98,41.92875,2.1029166666666668,2
UKP_0023,2016-10-31,4.61682,5.33104,0.8660261412407335,5.337916666666668,12.1,1.09,11.01,48.73083333333333,2.1583333333333337,2
UKP_0023,2016-11-01,4.81837,5.26624,0.914954502643252,5.144166666666666,11.57,0.99,10.58,49.38,2.115,2
UKP_0023,2016-11-02,4.40631,5.29504,0.8321580195805887,5.0075,11.67,0.68,10.99,48.72625,2.2654166666666664,2
UKP_0023,2016-11-03,5.01938,5.38848,0.9315020191222756,5.187083333333333,12.26,0.54,11.72,44.04333333333333,2.063333333333333,2
UKP_0023,2016-11-04,4.61972,5.22495,0.8841653987119494,4.969166666666667,12.32,0.35,11.97,39.1425,1.99875,2
UKP_0023,2016-11-05,4.82777,5.18443,0.9312055520086104,4.071666666666666,10.84,-0.47,11.31,48.10666666666666,1.9808333333333328,2
UKP_0023,2016-11-06,4.92756,5.3213,0.926006802848928,3.5416666666666665,10.23,-1.17,11.4,48.81583333333333,2.168333333333333,2
UKP_0023,2016-11-07,4.89746,5.35895,0.9138842497130968,4.34125,10.8,-1.41,12.21,32.54291666666666,2.4691666666666667,2
UKP_0023,2016-11-08,5.05145,5.28759,0.9553407128767548,7.16875,14.71,1.33,13.38,20.53333333333333,2.40125,2
UKP_0023,2016-11-09,4.94976,5.24308,0.9440557840048216,7.892916666666667,15.0,3.74,11.26,18.461666666666662,2.317916666666666,2
UKP_0023,2016-11-10,4.96513,5.2456000000000005,0.9465323318590818,7.202916666666667,14.76,1.73,13.03,18.32208333333333,1.6479166666666665,2
UKP_0023,2016-11-11,4.41866,5.10778,0.8650842440355693,4.657916666666666,12.14,-0.26,12.4,21.824166666666667,1.622083333333333,2
UKP_0023,2016-11-12,4.93163,5.17594,0.9527989118884688,3.33,10.38,-1.31,11.69,27.571250000000003,1.7775,2
UKP_0023,2016-11-13,4.710520000000001,4.99092,0.9438179734397668,2.5904166666666666,9.71,-3.1,12.81,25.014166666666668,2.026666666666667,2
UKP_0023,2016-11-14,4.63067,4.93313,0.938688013492448,2.2583333333333333,9.71,-3.13,12.84,30.239166666666662,1.913333333333333,2
UKP_0023,2016-11-15,4.73458,4.91953,0.9624049451878534,2.125,9.02,-3.27,12.29,28.163750000000004,1.8954166666666667,2
UKP_0023,2016-11-16,4.655849999999999,4.891109999999999,0.95190048884609,3.249166666666667,9.9,-1.91,11.81,24.114166666666662,2.214583333333333,2
UKP_0023,2016-11-17,4.71706,4.954269999999999,0.9521200903463076,5.395416666666667,13.1,-0.15,13.25,22.5475,2.1908333333333334,2
UKP_0023,2016-11-18,4.58959,4.8910100000000005,0.9383726469583992,5.53625,12.95,0.0,12.95,28.041666666666668,2.1529166666666666,2
UKP_0023,2016-11-19,4.64407,4.8226700000000005,0.9629665724588248,4.879583333333334,12.63,0.51,12.12,33.26958333333334,2.1391666666666667,2
UKP_0023,2016-11-20,4.44771,4.71792,0.942726879641876,5.3675,12.4,0.49,11.91,25.70125,1.91375,2
UKP_0023,2016-11-21,4.21315,4.64584,0.9068650663819676,5.65875,12.26,0.86,11.4,16.380416666666665,1.7804166666666668,2
UKP_0023,2016-11-22,4.4333100000000005,4.68222,0.946839319809834,6.5683333333333325,13.0,2.71,10.29,17.866666666666667,1.7520833333333334,2
UKP_0023,2016-11-23,3.3788,4.60408,0.7338708276137688,5.7625,11.58,1.86,9.72,20.68875,1.3608333333333331,2
UKP_0023,2016-11-24,3.49846,4.58002,0.7638525595958097,5.442083333333334,11.44,0.79,10.65,21.64125,1.9095833333333327,2
UKP_0023,2016-11-25,4.29933,4.6521300000000005,0.9241637701439984,7.329999999999999,14.42,2.44,11.98,18.232916666666664,2.47,2
UKP_0023,2016-11-26,4.313560000000001,4.59212,0.9393395642971004,6.94625,14.12,1.94,12.18,23.508750000000003,2.1075,2
UKP_0023,2016-11-27,4.271,4.57526,0.9334988612669006,6.149583333333333,12.67,1.55,11.12,23.36083333333333,2.533333333333333,2
UKP_0023,2016-11-28,4.39232,4.630979999999999,0.9484644718828412,6.448333333333333,13.75,1.47,12.28,19.26875,2.22875,2
UKP_0023,2016-11-29,4.16624,4.55446,0.9147604765438714,5.554583333333333,12.43,1.33,11.1,20.6725,1.9070833333333332,2
UKP_0023,2016-11-30,3.78204,4.322640000000001,0.8749375381711175,4.2975,11.12,-0.52,11.64,33.72083333333333,1.6054166666666667,2
UKP_0023,2016-12-01,3.76288,4.35451,0.8641339668527572,2.502083333333333,8.85,-3.19,12.04,41.11,1.9379166666666665,2
UKP_0023,2016-12-02,4.1885200000000005,4.56321,0.917888942213924,3.2125000000000004,11.53,-4.68,16.21,17.215833333333332,2.40375,2
UKP_0023,2016-12-03,4.18778,4.4219,0.9470544336145096,6.437916666666666,14.3,-1.08,15.38,15.136666666666668,1.945,2
UKP_0023,2016-12-04,4.092239999999999,4.35041,0.940656168039334,7.229166666666667,14.07,3.46,10.61,19.0475,1.7979166666666666,2
UKP_0023,2016-12-05,4.17045,4.364850000000001,0.9554623870236088,6.858750000000001,13.43,3.4,10.03,18.68583333333333,1.90375,2
UKP_0023,2016-12-06,4.15426,4.415520000000001,0.9408314309526395,6.73,13.43,2.39,11.04,18.020416666666662,1.9891666666666667,2
UKP_0023,2016-12-07,4.11361,4.30496,0.9555512710919496,7.111250000000001,15.05,2.5,12.55,17.345000000000002,1.9520833333333332,2
UKP_0023,2016-12-08,4.08155,4.30765,0.9475119844927048,5.93,12.81,1.92,10.89,16.546666666666667,1.8675,2
UKP_0023,2016-12-09,4.03641,4.30478,0.9376576735628768,4.7804166666666665,11.79,0.58,11.21,16.802916666666665,1.76625,2
UKP_0023,2016-12-10,4.18065,4.35266,0.9604816365165209,2.984166666666667,9.84,-1.9,11.74,21.074583333333333,1.2658333333333334,2
UKP_0023,2016-12-11,4.0029200000000005,4.37606,0.9147315164782934,1.7787500000000005,8.33,-3.12,11.45,22.977500000000003,1.82125,2
UKP_0023,2016-12-12,3.90323,4.40965,0.8851564183098433,2.70375,10.02,-2.17,12.19,12.807916666666666,1.53125,2
UKP_0023,2016-12-13,3.33572,4.29893,0.775941920431363,1.6691666666666665,8.45,-2.1,10.55,11.32625,1.538333333333333,2
UKP_0023,2016-12-14,4.22078,4.41293,0.9564575010253956,1.445,7.91,-2.04,9.95,11.580833333333333,2.244166666666666,2
UKP_0023,2016-12-15,3.87588,4.303529999999999,0.9006280890338862,4.870833333333334,12.53,-2.06,14.59,13.712916666666668,1.6841666666666668,2
UKP_0023,2016-12-16,3.35701,4.196470000000001,0.799960442943712,5.646249999999999,12.49,1.71,10.78,15.630416666666669,1.3562500000000002,2
UKP_0023,2016-12-17,4.196899999999999,4.345440000000001,0.9658170403917666,3.9345833333333338,11.21,-0.78,11.99,14.16625,1.5845833333333337,2
UKP_0023,2016-12-18,3.63494,4.266220000000001,0.8520282592083858,3.286666666666666,9.93,-0.44,10.37,11.29875,1.6125,2
UKP_0023,2016-12-19,4.04676,4.26809,0.9481430803942748,4.142916666666667,10.96,-0.34,11.3,10.943333333333332,1.96,2
UKP_0023,2016-12-20,4.0717,4.41412,0.9224262140585212,6.2225,13.23,2.02,11.21,6.73875,1.96875,2
UKP_0023,2016-12-21,4.15595,4.3255,0.9608022193966016,7.5675,16.09,1.76,14.33,9.097916666666666,1.9633333333333336,2
UKP_0023,2016-12-22,4.0664,4.33931,0.9371075124847036,5.749583333333334,13.56,1.55,12.01,12.507083333333334,2.18125,2
UKP_0023,2016-12-23,4.11535,4.30144,0.9567377436393396,3.5425,11.15,-1.97,13.12,16.381249999999998,1.774166666666667,2
UKP_0023,2016-12-24,3.43732,4.18765,0.8208231346936827,0.0591666666666667,6.71,-5.58,12.29,36.78625,2.2704166666666667,2
UKP_0023,2016-12-25,1.69448,3.50937,0.482844499155119,-3.0620833333333333,2.05,-7.3,9.35,60.583333333333336,2.22125,2
UKP_0023,2016-12-26,3.57318,4.098529999999999,0.8718198964018807,0.9383333333333336,7.7,-8.41,16.11,19.88875,2.3316666666666666,2
UKP_0023,2016-12-27,3.77196,4.230510000000001,0.891608813121822,3.664583333333333,10.79,-1.33,12.12,21.55333333333333,2.11875,2
UKP_0023,2016-12-28,4.06133,4.30063,0.944356989557344,4.030833333333334,11.73,-1.37,13.1,25.739166666666662,2.4604166666666667,2
UKP_0023,2016-12-29,3.85807,4.28392,0.9005933817624979,3.0475,12.06,-1.95,14.01,26.714166666666667,2.3141666666666665,2
UKP_0023,2016-12-30,3.41922,4.193350000000001,0.8153910358066938,0.2608333333333333,7.02,-4.21,11.23,40.095416666666665,1.961666666666667,2
UKP_0023,2016-12-31,2.71223,3.95561,0.6856666860484223,-0.4395833333333334,5.17,-4.41,9.58,55.91125,1.6029166666666663,2
UKP_0023,2017-01-01,2.1819,3.99795,0.5457546992833828,-1.9679166666666663,2.28,-5.08,7.359999999999999,84.34875000000001,2.095833333333333,2
UKP_0023,2017-01-02,2.54369,3.92383,0.6482671267613531,-2.865,1.99,-6.45,8.44,72.71166666666666,1.7854166666666669,2
UKP_0023,2017-01-03,3.27372,4.2006000000000006,0.7793458077417511,-1.1375,5.49,-6.44,11.93,53.35125,1.8729166666666663,2
UKP_0023,2017-01-04,2.49413,3.92447,0.6355329509462425,-2.254166666666667,3.52,-6.45,9.97,71.95416666666667,2.0158333333333336,2
UKP_0023,2017-01-05,3.07656,4.14855,0.7415988718949994,-2.4804166666666667,3.88,-6.54,10.42,57.522083333333335,2.1416666666666666,2
UKP_0023,2017-01-06,2.71098,3.72948,0.7269056275941954,-2.915833333333333,2.38,-6.54,8.92,71.30791666666666,2.565,2
UKP_0023,2017-01-07,0.58278,3.47207,0.1678479984562523,-6.36625,-1.42,-12.01,10.59,93.36916666666669,1.55,2
UKP_0023,2017-01-08,2.67006,3.90278,0.6841430979968124,-7.46375,-1.92,-12.54,10.62,79.2,2.020833333333333,2
UKP_0023,2017-01-09,3.01013,4.384930000000001,0.6864716198434182,-6.6375,-0.79,-12.52,11.73,73.14083333333333,1.9008333333333327,2
UKP_0023,2017-01-10,2.77737,4.29686,0.646372001880443,-6.989583333333333,-2.18,-10.13,7.950000000000001,80.89583333333333,2.0970833333333334,2
UKP_0023,2017-01-11,2.67963,4.35687,0.6150355645222373,-7.292083333333333,-2.89,-10.44,7.549999999999999,74.19625,1.731666666666667,2
UKP_0023,2017-01-12,2.73767,4.290220000000001,0.6381187911109453,-7.422916666666667,-2.1,-11.19,9.09,66.31,1.72,2
UKP_0023,2017-01-13,3.44234,4.48581,0.7673842628198697,-7.48,-1.33,-13.27,11.94,59.16958333333333,1.9358333333333333,2
UKP_0023,2017-01-14,2.99461,4.4167700000000005,0.6780090428073003,-5.152083333333334,0.76,-13.7,14.46,50.122083333333336,1.6766666666666667,2
UKP_0023,2017-01-15,1.67416,4.36371,0.3836551924852935,-4.2125,0.82,-8.51,9.33,84.28541666666666,2.1279166666666667,2
UKP_0023,2017-01-16,1.18813,3.83681,0.3096661028302157,-5.394166666666667,-0.51,-9.1,8.59,83.16708333333334,2.7358333333333333,2
UKP_0023,2017-01-17,1.70341,4.58445,0.3715625647569501,-4.62,0.91,-9.03,9.94,78.9025,2.30875,2
UKP_0023,2017-01-18,1.75812,4.7887200000000005,0.3671377737683556,-4.51,0.24,-9.16,9.4,75.89958333333333,2.23875,2
UKP_0023,2017-01-19,2.92387,4.74118,0.6166966873225652,-4.235833333333333,1.62,-8.35,9.97,60.78083333333333,2.1791666666666667,2
UKP_0023,2017-01-20,3.63918,4.92095,0.7395279366788933,-1.5254166666666666,4.72,-7.56,12.28,30.94083333333333,1.6708333333333334,2
UKP_0023,2017-01-21,2.14877,4.604430000000001,0.4666744852240124,-0.605,4.76,-4.06,8.82,51.96291666666667,1.6908333333333332,2
UKP_0023,2017-01-22,2.4911,4.39007,0.5674396991391937,-1.184583333333333,5.14,-7.33,12.47,54.56916666666667,2.1437500000000003,2
UKP_0023,2017-01-23,3.39903,4.849099999999999,0.7009610030727352,-0.7579166666666666,6.86,-9.59,16.45,37.5375,2.2183333333333333,2
UKP_0023,2017-01-24,2.35825,4.58346,0.5145130534574317,1.7483333333333333,7.59,-3.3,10.89,48.33291666666667,1.8545833333333333,2
UKP_0023,2017-01-25,1.45746,4.38892,0.3320771397063514,0.8558333333333333,5.63,-2.25,7.88,64.73125,1.8166666666666669,2
UKP_0023,2017-01-26,1.7023799999999998,4.25787,0.3998196281239211,0.1054166666666667,5.68,-3.48,9.16,69.10166666666667,2.645,2
UKP_0023,2017-01-27,1.87406,4.26484,0.4394209395897618,-4.128333333333333,-0.04,-7.77,7.729999999999999,80.88125000000001,2.22625,2
UKP_0023,2017-01-28,3.2745,4.98686,0.6566256121086215,0.4433333333333333,6.7,-7.66,14.36,42.38333333333333,1.9333333333333331,2
UKP_0023,2017-01-29,1.924,4.86623,0.395377941445431,0.7841666666666667,6.39,-3.7,10.09,58.026250000000005,1.580833333333333,2
UKP_0023,2017-01-30,2.93594,4.77126,0.615338505971169,0.3383333333333333,7.01,-4.88,11.89,64.15375,1.69375,2
UKP_0023,2017-01-31,2.41696,4.82235,0.5011996225906457,-2.829166666666667,3.01,-6.96,9.97,67.09583333333333,2.7154166666666666,2
UKP_0023,2017-02-01,3.50184,5.09453,0.6873725348560122,-0.9929166666666666,6.04,-6.73,12.77,47.16583333333333,2.1620833333333334,2
UKP_0023,2017-02-02,3.7402,5.23625,0.7142898066364287,1.762916666666667,7.43,-4.47,11.9,37.7275,1.9554166666666664,2
UKP_0023,2017-02-03,3.74959,5.17265,0.7248876301315573,5.022916666666666,11.32,0.07,11.25,28.465,1.8258333333333332,2
UKP_0023,2017-02-04,2.2603,5.23512,0.4317570561897339,3.6775,8.27,-0.48,8.75,33.428333333333335,1.8904166666666664,2
UKP_0023,2017-02-05,0.9144,4.35953,0.2097473810250187,-0.8591666666666665,4.21,-4.71,8.92,79.48708333333333,3.5970833333333334,2
UKP_0023,2017-02-06,2.54221,4.69214,0.5418018217700239,-2.660416666666667,2.9,-6.95,9.85,69.19208333333333,1.8575,2
UKP_0023,2017-02-07,3.67903,5.38096,0.6837125717344116,-0.0299999999999999,5.9,-6.5,12.4,45.24583333333334,1.51375,2
UKP_0023,2017-02-08,2.7044,5.31146,0.5091632055969545,-0.0975,6.08,-6.23,12.31,51.47583333333333,2.4962500000000003,2
UKP_0023,2017-02-09,3.92158,5.21168,0.7524598593927485,-4.7,2.5,-12.43,14.93,54.52666666666667,3.265833333333333,2
UKP_0023,2017-02-10,4.38372,5.76138,0.7608802057840309,-2.026666666666667,6.12,-13.06,19.18,39.67416666666667,2.200833333333333,2
UKP_0023,2017-02-11,4.358359999999999,5.8415,0.7461028845330822,-0.64875,6.33,-6.47,12.8,43.43333333333334,1.9141666666666663,2
UKP_0023,2017-02-12,4.71872,5.783519999999999,0.8158906686585333,-0.8004166666666666,6.37,-6.38,12.75,33.98125,1.95625,2
UKP_0023,2017-02-13,4.69981,5.77559,0.8137367784070545,-1.36,6.91,-9.62,16.53,36.11083333333333,2.66,2
UKP_0023,2017-02-14,4.860810000000001,5.799939999999999,0.8380793594416496,2.79375,11.05,-10.1,21.15,27.8375,2.1004166666666664,2
UKP_0023,2017-02-15,4.48053,5.52439,0.811045201370649,3.3320833333333333,9.58,-1.33,10.91,44.63833333333333,1.98,2
UKP_0023,2017-02-16,4.79808,5.593,0.8578723404255318,4.914166666666667,11.77,0.28,11.49,56.04625000000001,2.1966666666666668,2
UKP_0023,2017-02-17,3.85402,5.690110000000001,0.6773190676454408,5.267916666666667,11.82,-0.62,12.44,59.90833333333333,2.30125,2
UKP_0023,2017-02-18,4.4966,5.66713,0.7934527706264016,6.63,13.91,0.43,13.48,56.4625,2.22,2
UKP_0023,2017-02-19,3.23102,5.70271,0.5665762418218707,3.72,10.22,-1.91,12.13,72.51041666666667,2.1629166666666664,2
UKP_0023,2017-02-20,3.26824,5.407850000000001,0.6043510822230646,1.4458333333333335,7.44,-3.81,11.25,73.73458333333333,3.1558333333333333,2
UKP_0023,2017-02-21,1.96002,5.0475,0.3883150074294204,-0.6383333333333334,5.23,-4.81,10.04,77.90166666666666,3.904166666666667,2
UKP_0023,2017-02-22,4.20725,6.17102,0.6817754601346294,-1.2416666666666665,4.66,-6.18,10.84,57.33833333333333,2.353333333333333,2
UKP_0023,2017-02-23,5.2083900000000005,6.43472,0.8094198348956909,-0.8516666666666666,6.19,-6.72,12.91,42.41791666666666,2.248333333333333,2
UKP_0023,2017-02-24,5.15321,6.39386,0.8059622825648356,2.267916666666667,9.74,-5.75,15.49,32.82541666666667,1.8791666666666669,2
UKP_0023,2017-02-25,5.37528,6.24116,0.8612629703452563,1.5191666666666668,9.07,-6.65,15.72,43.001666666666665,2.21875,2
UKP_0023,2017-02-26,5.27942,6.49614,0.8127010809496101,0.6075,7.58,-7.96,15.54,49.81666666666666,2.7320833333333336,2
UKP_0023,2017-02-27,5.414,6.55406,0.8260528588386435,2.3275,8.79,-3.7,12.489999999999998,45.75375,2.150416666666666,2
UKP_0023,2017-02-28,4.63523,6.18091,0.749926790715283,3.438333333333334,9.92,-1.8,11.72,50.865833333333335,2.1820833333333334,2
UKP_0023,2017-03-01,3.1970500000000004,5.82023,0.5492995981258474,0.5195833333333334,6.4,-4.42,10.82,74.68375,2.08,2
UKP_0023,2017-03-02,4.545319999999999,6.21688,0.7311255806771242,-0.4895833333333333,5.55,-6.63,12.18,58.35666666666666,2.217083333333333,2
UKP_0023,2017-03-03,4.166060000000001,6.4192,0.6489998753738785,-0.3083333333333333,5.44,-6.81,12.25,45.54750000000001,1.7279166666666663,2
UKP_0023,2017-03-04,3.97876,6.69122,0.5946239998087045,-0.29,6.57,-5.95,12.52,43.0975,2.61125,2
UKP_0023,2017-03-05,4.54541,6.76384,0.6720161919856176,-0.2695833333333333,6.3,-6.7,13.0,46.29375,2.252083333333333,2
UKP_0023,2017-03-06,5.15161,6.93673,0.7426568426333445,0.2441666666666667,7.51,-6.91,14.42,44.42916666666667,2.504166666666667,2
UKP_0023,2017-03-07,3.96583,6.25285,0.6342435849252741,0.79625,6.63,-3.68,10.31,57.8975,2.6091666666666664,2
UKP_0023,2017-03-08,0.83335,6.0748500000000005,0.1371803419014461,-2.2154166666666666,0.71,-4.78,5.49,91.0275,2.7904166666666668,2
UKP_0023,2017-03-09,3.39823,6.16334,0.5513617616422265,-1.9158333333333333,3.81,-7.23,11.04,80.06416666666667,3.147083333333333,2
UKP_0023,2017-03-10,2.7851,6.08255,0.4578836178905228,-3.237916666666667,1.96,-7.48,9.44,80.04791666666667,2.3783333333333334,2
UKP_0023,2017-03-11,1.65873,6.33,0.262042654028436,-5.510000000000001,-1.01,-9.95,8.94,85.52375,2.161666666666666,2
UKP_0023,2017-03-12,3.41995,7.035519999999999,0.4860976871645592,-4.057083333333334,1.19,-9.88,11.07,58.13125,1.875,2
UKP_0023,2017-03-13,4.41353,6.900930000000001,0.6395558279826051,-2.2020833333333334,4.92,-8.82,13.74,59.98416666666666,2.5429166666666667,2
UKP_0023,2017-03-14,4.79634,7.16922,0.669018386937491,-2.695,3.99,-9.56,13.55,59.3175,2.672083333333333,2
UKP_0023,2017-03-15,5.362100000000001,7.24869,0.7397336622203461,1.2279166666666668,7.99,-9.7,17.689999999999998,46.18333333333334,2.3366666666666664,2
UKP_0023,2017-03-16,4.12626,6.64973,0.6205154194230443,0.935,6.31,-4.21,10.52,72.25500000000001,2.8854166666666665,2
UKP_0023,2017-03-17,3.74475,6.61696,0.5659320896605088,-0.4054166666666667,5.45,-6.74,12.19,75.18166666666666,2.99375,2
UKP_0023,2017-03-18,5.02481,7.35375,0.6832989971103179,1.1854166666666666,8.24,-7.17,15.41,59.26625000000001,2.268333333333333,2
UKP_0023,2017-03-19,3.78177,7.21151,0.5244075096616381,1.1695833333333334,7.27,-5.02,12.29,61.56166666666667,2.9025,2
UKP_0023,2017-03-20,5.75966,7.459899999999999,0.772082735693508,3.2100000000000004,10.09,-5.3,15.39,41.15208333333333,2.36,2
UKP_0023,2017-03-21,5.66727,7.22909,0.7839534436561172,5.600833333333333,12.73,0.31,12.42,46.07666666666666,2.5341666666666667,2
UKP_0023,2017-03-22,6.08515,7.25143,0.8391655163188502,7.980416666666667,15.74,0.44,15.3,53.359166666666674,2.908333333333333,2
UKP_0023,2017-03-23,5.12828,7.11396,0.7208755742230769,6.952916666666667,13.23,0.74,12.49,56.81666666666666,2.848333333333333,2
UKP_0023,2017-03-24,5.12649,7.380310000000001,0.6946171637776731,6.189583333333334,12.73,1.02,11.71,57.175,2.650416666666666,2
UKP_0023,2017-03-25,6.67177,7.59966,0.877903748325583,7.696666666666666,14.84,0.94,13.9,49.6125,2.16625,2
UKP_0023,2017-03-26,6.0400100000000005,7.57727,0.7971221825274802,8.770416666666668,16.39,0.34,16.05,47.94458333333333,2.669583333333333,2
UKP_0023,2017-03-27,6.56967,7.515239999999999,0.8741796669168251,9.498333333333331,16.78,3.99,12.79,50.59875,2.905,2
UKP_0023,2017-03-28,6.4722100000000005,7.61229,0.8502316648472406,10.924166666666666,18.29,4.66,13.63,42.60375,2.5941666666666667,2
UKP_0023,2017-03-29,6.2562,7.405609999999999,0.8447919887760765,9.938333333333333,16.55,3.65,12.9,51.946666666666665,2.89,2
UKP_0023,2017-03-30,6.65955,7.78712,0.8552006390038936,11.236666666666666,17.94,3.41,14.53,43.95291666666666,2.438333333333333,2
UKP_0023,2017-03-31,6.28529,7.78209,0.8076609239934259,10.793333333333337,17.48,4.79,12.69,49.26,2.505416666666666,2
UKP_0023,2017-04-01,5.17163,7.74089,0.6680924286483855,9.359583333333331,16.19,2.37,13.82,51.33041666666667,3.029166666666667,2
UKP_0023,2017-04-02,6.36929,8.02992,0.7931947018152111,8.648333333333333,15.3,1.74,13.56,39.2525,2.8662500000000004,2
UKP_0023,2017-04-03,6.11057,7.8571,0.7777131511626427,8.302916666666667,15.63,1.38,14.25,44.14333333333334,3.135,2
UKP_0023,2017-04-04,4.83182,7.74655,0.6237383093118871,7.681249999999999,14.24,2.07,12.17,55.60041666666667,2.393333333333333,2
UKP_0023,2017-04-05,1.1103599999999998,6.96934,0.1593206817288293,4.714166666666666,8.37,0.88,7.489999999999999,85.92666666666666,3.53,2
UKP_0023,2017-04-06,3.4743600000000003,7.22075,0.4811633140601739,4.623333333333334,9.07,0.24,8.83,85.19458333333334,4.590833333333333,2
UKP_0023,2017-04-07,2.38245,7.65281,0.3113170195000267,3.784583333333333,9.02,-2.24,11.26,75.88291666666667,4.097083333333333,2
UKP_0023,2017-04-08,5.22368,8.19601,0.6373442687356409,3.79625,10.19,-2.83,13.02,48.98416666666666,2.78375,2
UKP_0023,2017-04-09,6.26737,8.44461,0.7421740021149584,3.716666666666667,10.77,-4.32,15.09,44.498333333333335,2.44375,2
UKP_0023,2017-04-10,6.64479,8.47825,0.7837454663403415,4.00375,12.13,-5.04,17.17,41.075,2.8891666666666667,2
UKP_0023,2017-04-11,6.973809999999999,8.49653,0.8207833080092696,6.890833333333333,14.82,-4.19,19.01,34.84791666666667,2.5508333333333333,2
UKP_0023,2017-04-12,7.15773,8.359359999999999,0.8562533495387208,7.55125,15.49,-0.46,15.95,50.23416666666666,2.6166666666666667,2
UKP_0023,2017-04-13,7.4865,8.410380000000002,0.890150028892868,9.277083333333334,17.33,-0.67,18.0,40.469166666666666,2.4658333333333333,2
UKP_0023,2017-04-14,6.38648,8.0574,0.7926229304738501,8.3375,14.39,2.89,11.5,47.02375,2.609583333333333,2
UKP_0023,2017-04-15,7.22464,8.26426,0.8742028929389927,10.803333333333336,17.19,3.36,13.830000000000002,37.89,2.6904166666666662,2
UKP_0023,2017-04-16,7.56054,8.38082,0.902124135824418,12.208333333333334,19.92,4.85,15.070000000000002,40.500416666666666,2.5725,2
UKP_0023,2017-04-17,7.67316,8.234020000000001,0.9318850330701164,12.789166666666668,19.63,6.11,13.52,41.90875,2.3608333333333333,2
UKP_0023,2017-04-18,6.6529,8.1593,0.815376319046977,12.597499999999998,19.14,6.51,12.63,43.465,2.5425,2
UKP_0023,2017-04-19,6.20709,8.03725,0.7722902734144141,12.395416666666668,18.34,6.41,11.93,43.94416666666667,2.460833333333333,2
UKP_0023,2017-04-20,6.71435,8.04828,0.8342589969533862,12.23625,19.27,5.59,13.68,45.96541666666667,2.7445833333333334,2
UKP_0023,2017-04-21,6.6458900000000005,7.99586,0.831166378600926,12.134166666666664,19.22,5.78,13.439999999999998,50.215833333333336,2.999166666666667,2
UKP_0023,2017-04-22,5.94733,8.37359,0.7102485313945393,11.860833333333332,19.06,5.69,13.369999999999996,49.865833333333335,2.879166666666667,2
UKP_0023,2017-04-23,5.67263,8.32893,0.681075480283782,10.961666666666666,17.61,4.86,12.75,53.195,2.7116666666666664,2
UKP_0023,2017-04-24,5.35189,8.286059999999999,0.6458908093834707,9.734583333333331,16.57,2.98,13.59,54.58166666666667,2.8029166666666665,2
UKP_0023,2017-04-25,5.953930000000001,8.60399,0.6919963877224405,8.649166666666668,15.69,2.39,13.3,50.41,3.2616666666666667,2
UKP_0023,2017-04-26,4.93083,8.57476,0.5750400011195649,7.905416666666666,14.16,1.24,12.92,50.7625,3.23,2
UKP_0023,2017-04-27,5.77966,8.48605,0.6810777688088097,7.249583333333334,13.83,1.37,12.46,57.085,2.42125,2
UKP_0023,2017-04-28,6.85842,8.679210000000001,0.7902124732550542,8.974166666666667,15.04,1.87,13.169999999999998,48.85458333333333,3.0654166666666662,2
UKP_0023,2017-04-29,6.02367,8.644,0.6968614067561314,9.16375,15.51,3.29,12.22,54.43666666666667,3.424583333333333,2
UKP_0023,2017-04-30,2.79822,7.54705,0.370770035974321,7.345833333333334,12.35,1.97,10.38,67.16458333333334,3.046666666666667,2
UKP_0023,2017-05-01,5.73922,8.7393,0.6567139244561921,6.84375,12.47,1.0,11.47,57.475,2.5908333333333333,2
UKP_0023,2017-05-02,6.79203,8.82939,0.7692524625143978,9.490416666666668,15.22,1.79,13.43,41.751666666666665,2.62875,2
UKP_0023,2017-05-03,4.41993,7.70805,0.5734174012882636,8.767916666666666,15.4,3.94,11.46,60.62791666666666,3.065,2
UKP_0023,2017-05-04,4.33916,7.92562,0.5474852440566164,7.648333333333333,12.32,2.89,9.43,66.53166666666667,2.642916666666667,2
UKP_0023,2017-05-05,6.8615200000000005,8.602870000000001,0.7975849919852328,10.027083333333334,16.14,3.43,12.71,51.85625,3.2358333333333333,2
UKP_0023,2017-05-06,7.26866,8.63075,0.8421817339165193,12.144583333333337,18.67,4.71,13.96,40.9425,2.42375,2
UKP_0023,2017-05-07,7.40771,8.61152,0.8602093474787261,12.7725,18.83,6.68,12.15,46.98791666666667,2.7079166666666663,2
UKP_0023,2017-05-08,5.252560000000001,8.4841,0.6191063283082473,12.528333333333334,19.21,5.13,14.080000000000002,49.47,3.09125,2
UKP_0023,2017-05-09,6.12692,8.66686,0.7069365375695466,12.04375,18.88,5.85,13.03,49.31541666666666,3.0658333333333334,2
UKP_0023,2017-05-10,5.64626,8.68208,0.650334942778689,11.22125,16.7,6.26,10.44,57.90708333333333,3.075416666666667,2
UKP_0023,2017-05-11,6.59272,8.60833,0.7658535395367045,12.841666666666669,19.11,6.66,12.45,51.755833333333335,3.0275,2
UKP_0023,2017-05-12,6.612439999999999,8.630700000000001,0.7661533826920178,12.502916666666666,18.39,6.91,11.48,55.69916666666666,2.8058333333333336,2
UKP_0023,2017-05-13,6.74172,8.67915,0.7767719189091098,12.555833333333332,18.76,6.95,11.810000000000002,53.14541666666667,3.3125,2
UKP_0023,2017-05-14,7.25259,8.802029999999998,0.8239678801367414,12.864166666666668,19.29,6.88,12.41,51.95916666666667,3.6012500000000003,2
UKP_0023,2017-05-15,7.0753200000000005,8.807049999999998,0.8033700274212139,13.309166666666668,19.81,7.71,12.099999999999998,47.85625,3.1904166666666662,2
UKP_0023,2017-05-16,5.51743,8.55313,0.645077299187549,12.780416666666667,19.8,6.57,13.23,50.125,3.54375,2
UKP_0023,2017-05-17,4.88363,8.596789999999999,0.5680759911548381,10.00875,15.69,5.97,9.72,70.0125,2.2295833333333333,2
UKP_0023,2017-05-18,4.863779999999999,8.648370000000002,0.5623926820892259,9.024583333333334,13.9,5.56,8.34,79.35333333333334,2.9600000000000004,2
UKP_0023,2017-05-19,5.85226,8.83051,0.66273182409623,10.140833333333331,14.49,6.29,8.2,80.8575,2.6125000000000003,2
UKP_0023,2017-05-20,5.49833,8.90971,0.6171166064888756,10.503333333333334,15.04,6.85,8.19,72.19708333333334,3.1595833333333334,2
UKP_0023,2017-05-21,6.37158,9.012289999999998,0.7069879020759431,11.342083333333331,17.57,4.38,13.19,62.04749999999999,2.887083333333333,2
UKP_0023,2017-05-22,4.45547,8.21383,0.5424351368362871,11.056666666666668,17.04,5.26,11.78,64.90208333333334,2.5854166666666667,2
UKP_0023,2017-05-23,5.37664,8.7172,0.6167852062588904,10.642916666666666,16.02,6.5,9.52,73.09791666666666,2.2020833333333334,2
UKP_0023,2017-05-24,6.523650000000001,8.75015,0.7455472191905282,11.468333333333334,15.7,6.77,8.93,72.76333333333334,2.544166666666667,2
UKP_0023,2017-05-25,5.02236,8.82403,0.5691685091732462,11.875833333333333,17.33,7.07,10.259999999999998,74.41083333333333,3.02125,2
UKP_0023,2017-05-26,5.46792,8.839229999999999,0.6185968687317788,10.937083333333334,14.7,7.36,7.339999999999999,75.04041666666667,2.459166666666667,2
UKP_0023,2017-05-27,5.866,8.725520000000001,0.6722808497373222,11.966666666666669,17.25,7.15,10.1,60.56708333333333,2.619166666666666,2
UKP_0023,2017-05-28,5.31956,8.77055,0.606525246421262,10.932083333333331,16.71,5.98,10.73,71.5225,2.6179166666666664,2
UKP_0023,2017-05-29,4.20563,8.85566,0.4749087024569597,10.32875,15.63,6.78,8.850000000000001,78.64458333333333,2.4858333333333333,2
UKP_0023,2017-05-30,5.61101,8.835529999999999,0.635050755302738,10.29,14.3,6.99,7.31,81.30875,3.147083333333333,2
UKP_0023,2017-05-31,4.189769999999999,8.93087,0.4691334662804406,9.064166666666669,12.79,3.96,8.829999999999998,85.56208333333332,2.9933333333333336,2
UKP_0023,2017-06-01,6.177779999999999,8.89955,0.6941676826356389,10.646666666666668,15.67,5.38,10.29,66.85666666666667,2.44,2
UKP_0023,2017-06-02,7.35819,9.05686,0.8124438271100579,12.475,17.88,7.52,10.36,56.51958333333334,2.970833333333333,2
UKP_0023,2017-06-03,8.39592,9.23153,0.90948304343917,15.607083333333334,21.8,8.95,12.85,48.15958333333333,2.9179166666666667,2
UKP_0023,2017-06-04,7.788699999999999,8.948210000000001,0.8704198940346727,16.140833333333333,22.24,9.82,12.419999999999998,52.725,2.6875,2
UKP_0023,2017-06-05,6.03238,8.62828,0.6991405007718804,16.190416666666668,22.37,11.04,11.330000000000002,57.96833333333333,3.1166666666666667,2
UKP_0023,2017-06-06,6.70446,8.51,0.7878331374853115,13.742916666666666,20.17,8.6,11.570000000000002,75.56916666666667,4.062083333333333,2
UKP_0023,2017-06-07,2.96401,7.981079999999999,0.3713795626657044,11.4475,16.13,6.58,9.55,81.94208333333333,2.4916666666666667,2
UKP_0023,2017-06-08,5.98313,8.92396,0.6704568375474566,11.972083333333332,17.14,6.84,10.3,75.23875,2.8816666666666664,2
UKP_0023,2017-06-09,4.78598,8.725290000000001,0.5485181581357181,10.83625,15.81,5.85,9.96,76.66958333333334,3.364583333333333,2
UKP_0023,2017-06-10,6.50571,8.95711,0.726317975329096,11.63375,16.86,6.95,9.91,68.39708333333333,3.17125,2
UKP_0023,2017-06-11,4.17641,8.79025,0.47511845510651,10.37375,15.08,5.79,9.29,76.44250000000001,2.617083333333333,2
UKP_0023,2017-06-12,6.57496,8.83943,0.7438217170111647,11.72,16.97,7.09,9.88,68.40916666666666,3.0141666666666667,2
UKP_0023,2017-06-13,7.13077,9.0391,0.788880530141275,12.264166666666666,16.97,8.11,8.86,64.85875,3.3858333333333337,2
UKP_0023,2017-06-14,6.86918,9.02528,0.7611043646291306,12.9375,18.53,7.63,10.900000000000002,64.395,2.69875,2
UKP_0023,2017-06-15,5.8672200000000005,8.93305,0.6567991895265336,12.428333333333333,17.11,8.06,9.05,70.54333333333334,3.57625,2
UKP_0023,2017-06-16,5.33245,8.74117,0.6100384731105789,12.086666666666666,17.03,8.07,8.96,76.6125,3.077916666666667,2
UKP_0023,2017-06-17,6.240270000000001,8.5659,0.7285013833922882,12.276666666666666,16.45,8.8,7.649999999999999,75.41458333333334,2.39625,2
UKP_0023,2017-06-18,5.86125,8.52307,0.6876923455984756,13.487916666666663,18.42,8.62,9.800000000000002,78.94458333333334,2.650416666666666,2
UKP_0023,2017-06-19,3.99331,8.42067,0.4742271101943195,11.449166666666663,15.16,8.62,6.540000000000001,89.42458333333333,2.6245833333333333,2
UKP_0023,2017-06-20,3.20697,8.09192,0.3963175612215642,11.155416666666667,13.6,8.26,5.34,93.28583333333334,2.86875,2
UKP_0023,2017-06-21,3.98367,8.58487,0.4640338176349787,12.054583333333332,16.89,7.65,9.24,77.79375,2.6329166666666666,2
UKP_0023,2017-06-22,6.36675,8.69464,0.7322614852368816,11.606666666666667,16.72,7.18,9.54,68.91583333333334,2.3225,2
UKP_0023,2017-06-23,6.2466,8.851469999999999,0.7057132883012652,13.339999999999998,18.95,8.44,10.51,69.91250000000001,2.5145833333333334,2
UKP_0023,2017-06-24,6.41757,8.90296,0.7208355423364813,14.581666666666663,19.9,10.03,9.87,78.17958333333333,2.5725,2
UKP_0023,2017-06-25,5.992649999999999,8.2785,0.7238811378872984,14.025416666666668,19.0,9.52,9.48,85.25166666666667,2.7375000000000003,2
UKP_0023,2017-06-26,5.90699,8.10567,0.7287479011605456,14.431666666666668,18.58,10.06,8.519999999999998,86.41458333333333,2.7016666666666667,2
UKP_0023,2017-06-27,5.256480000000001,8.61594,0.6100878139819916,14.13,17.45,11.43,6.02,90.52291666666667,3.1758333333333333,2
UKP_0023,2017-06-28,4.05955,8.355649999999999,0.4858449073381485,14.299166666666666,18.28,10.87,7.410000000000002,87.26125,2.7529166666666662,2
UKP_0023,2017-06-29,3.70362,8.234020000000001,0.4497948754071522,13.120416666666666,16.29,9.97,6.319999999999999,92.77458333333334,2.6125000000000003,2
UKP_0023,2017-06-30,3.30272,8.55726,0.3859553174731164,13.767083333333334,17.61,10.74,6.869999999999999,86.37916666666666,2.085833333333333,2
UKP_0023,2017-07-01,4.43135,8.48713,0.5221258540873063,14.157916666666669,17.81,11.27,6.539999999999999,88.9825,2.672083333333333,2
UKP_0023,2017-07-02,3.69124,8.507209999999999,0.4338954839483215,14.62375,18.59,11.17,7.42,87.93208333333332,3.061666666666667,2
UKP_0023,2017-07-03,5.3919,8.55238,0.6304560835697198,14.681666666666668,18.17,11.56,6.610000000000001,90.14375,3.2125,2
UKP_0023,2017-07-04,6.082050000000001,8.71455,0.6979189975385994,15.015,19.23,10.26,8.97,85.93833333333333,2.9175,2
UKP_0023,2017-07-05,3.53526,8.65227,0.4085933518024749,14.964583333333332,19.16,11.64,7.52,82.39416666666666,2.9025,2
UKP_0023,2017-07-06,2.16258,8.46075,0.2556014537718287,12.826666666666666,15.43,10.2,5.23,92.4375,2.56,2
UKP_0023,2017-07-07,3.2374,8.48616,0.38149174656146,13.845,17.12,10.87,6.250000000000002,86.86916666666667,1.765,2
UKP_0023,2017-07-08,5.72702,8.50928,0.6730322659496455,14.788333333333334,18.57,11.37,7.200000000000001,89.38499999999999,2.5508333333333333,2
UKP_0023,2017-07-09,5.19345,8.53364,0.6085855508317669,14.752083333333331,18.5,10.88,7.619999999999999,89.20625,2.874166666666667,2
UKP_0023,2017-07-10,4.0289,8.35951,0.4819540858256046,14.072916666666666,17.92,10.31,7.610000000000001,89.26708333333333,3.2154166666666666,2
UKP_0023,2017-07-11,3.00463,8.00674,0.3752625912668577,13.55125,17.02,10.95,6.07,91.59416666666668,3.029166666666667,2
UKP_0023,2017-07-12,3.21091,8.304350000000001,0.3866539825513134,12.962083333333332,15.28,10.44,4.84,95.2225,3.427083333333333,2
UKP_0023,2017-07-13,5.0779700000000005,8.43571,0.6019611864324402,13.008333333333333,16.59,10.31,6.279999999999999,91.63916666666668,2.865,2
UKP_0023,2017-07-14,5.14996,8.54292,0.6028336915246777,12.871666666666668,15.43,10.63,4.799999999999999,90.4075,1.5945833333333337,2
UKP_0023,2017-07-15,4.74698,8.327290000000001,0.5700510009859149,13.353333333333332,16.31,10.46,5.849999999999998,93.75791666666667,2.59,2
UKP_0023,2017-07-16,4.64598,8.23668,0.5640597910808723,14.390416666666669,18.07,11.03,7.040000000000001,90.73916666666666,2.8720833333333338,2
UKP_0023,2017-07-17,3.35136,8.21502,0.4079551845278526,12.808749999999998,15.67,9.67,6.0,94.14166666666668,2.3312500000000003,2
UKP_0023,2017-07-18,4.78904,8.17544,0.5857837620972082,13.694166666666668,17.35,10.2,7.150000000000002,86.90750000000001,2.304583333333333,2
UKP_0023,2017-07-19,5.33968,8.3634,0.6384580433794869,13.769166666666663,17.68,10.62,7.0600000000000005,87.54124999999999,2.7191666666666667,2
UKP_0023,2017-07-20,5.126939999999999,8.42427,0.6085916049699261,13.558333333333332,16.94,10.42,6.520000000000001,91.02791666666668,3.106666666666667,2
UKP_0023,2017-07-21,4.7734700000000005,8.364469999999999,0.5706840959439153,14.059583333333334,17.47,10.86,6.609999999999999,90.5475,3.4233333333333333,2
UKP_0023,2017-07-22,4.62396,8.45051,0.5471811760473629,13.427083333333334,16.32,11.15,5.17,90.74625,2.317083333333333,2
UKP_0023,2017-07-23,4.67996,8.37404,0.5588652550023644,13.842916666666667,17.52,11.2,6.32,84.48166666666667,2.473333333333333,2
UKP_0023,2017-07-24,5.170319999999999,8.30918,0.6222419059401769,13.630833333333332,16.35,11.04,5.310000000000002,89.56625000000001,2.6979166666666665,2
UKP_0023,2017-07-25,4.42523,8.3621,0.529200798842396,12.7375,15.45,10.09,5.359999999999999,92.01041666666669,2.0812500000000003,2
UKP_0023,2017-07-26,5.05221,8.39578,0.6017558821217325,13.96125,17.85,10.78,7.070000000000002,89.1275,3.0729166666666665,2
UKP_0023,2017-07-27,4.787529999999999,8.10743,0.5905114197717402,13.49875,17.41,9.16,8.25,91.7875,3.1,2
UKP_0023,2017-07-28,4.05846,8.06764,0.5030541769340228,13.63375,18.16,8.96,9.2,87.75166666666667,2.09,2
UKP_0023,2017-07-29,4.8824,8.06382,0.6054698641586741,13.512916666666667,16.26,11.72,4.540000000000001,92.405,2.30625,2
UKP_0023,2017-07-30,4.1637,8.26628,0.5036969471152682,14.08,17.37,11.46,5.91,91.79291666666668,3.231666666666667,2
UKP_0023,2017-07-31,3.01058,8.34542,0.3607463734599337,12.768333333333333,14.56,11.13,3.43,84.99291666666666,1.1758333333333333,2
UKP_0023,2017-08-01,4.71701,8.13994,0.5794895294068507,14.512916666666667,18.06,11.61,6.449999999999999,89.43124999999999,2.4933333333333336,2
UKP_0023,2017-08-02,4.147069999999999,8.12948,0.5101273390179938,14.41875,17.77,11.81,5.959999999999999,92.22166666666668,3.06,2
UKP_0023,2017-08-03,5.1384300000000005,8.14487,0.6308793142186433,14.515833333333331,17.79,11.72,6.069999999999999,93.03916666666667,3.629166666666667,2
UKP_0023,2017-08-04,2.80469,7.96582,0.3520905569043739,14.0325,16.99,11.45,5.539999999999999,94.03541666666666,2.8775,2
UKP_0023,2017-08-05,4.228470000000001,8.0304,0.5265578302450687,14.523333333333332,17.82,12.0,5.82,92.2575,2.7579166666666666,2
UKP_0023,2017-08-06,5.215319999999999,7.97023,0.6543499999372665,13.96125,16.51,12.36,4.150000000000002,91.03541666666666,2.250833333333333,2
UKP_0023,2017-08-07,3.53501,8.01548,0.4410228707451082,14.392083333333332,17.12,11.85,5.270000000000001,92.08958333333334,2.0187500000000003,2
UKP_0023,2017-08-08,4.63037,7.96259,0.5815155621474922,14.36375,17.79,11.72,6.069999999999999,92.27,2.565,2
UKP_0023,2017-08-09,4.487760000000001,7.9062,0.5676254079077181,14.314583333333331,17.12,11.82,5.300000000000001,94.27291666666667,2.987083333333333,2
UKP_0023,2017-08-10,5.154859999999999,7.94168,0.6490893614449335,15.1625,19.29,11.47,7.8199999999999985,90.65416666666664,2.973333333333333,2
UKP_0023,2017-08-11,5.631390000000001,8.05755,0.6988960664221755,14.902500000000002,18.75,11.1,7.65,90.24166666666667,3.1566666666666667,2
UKP_0023,2017-08-12,5.254239999999999,8.102640000000001,0.6484602549292575,14.604166666666666,18.65,10.8,7.849999999999998,89.37791666666668,2.7558333333333334,2
UKP_0023,2017-08-13,6.35504,8.25693,0.7696613632427548,14.089166666666666,18.2,10.15,8.049999999999999,87.49791666666665,2.591666666666667,2
UKP_0023,2017-08-14,6.10358,8.15836,0.7481381061880084,14.117916666666666,18.39,10.24,8.15,85.56333333333333,2.5329166666666665,2
UKP_0023,2017-08-15,5.6274,8.12206,0.6928537833997779,14.251666666666669,18.6,10.61,7.990000000000002,82.32083333333334,2.4204166666666667,2
UKP_0023,2017-08-16,6.8481000000000005,8.292110000000001,0.8258573511446423,14.7425,19.5,10.79,8.71,81.95958333333333,2.29375,2
UKP_0023,2017-08-17,6.79903,8.460690000000001,0.8036023066676594,14.032916666666663,19.04,10.11,8.93,75.25583333333334,2.0529166666666665,2
UKP_0023,2017-08-18,6.25727,8.22682,0.7605940083774776,14.362083333333333,19.09,10.21,8.879999999999999,81.46291666666666,2.027083333333333,2
UKP_0023,2017-08-19,3.83173,7.70311,0.4974263641568145,13.11,16.91,10.17,6.74,88.665,2.2016666666666667,2
UKP_0023,2017-08-20,4.5710500000000005,7.69826,0.5937770353300617,13.835,17.93,10.35,7.58,88.70625,2.938333333333333,2
UKP_0023,2017-08-21,4.1535,7.99788,0.5193251211571066,13.885416666666666,17.83,10.71,7.119999999999997,89.48291666666667,3.240833333333333,2
UKP_0023,2017-08-22,5.408180000000001,7.92246,0.6826389782971451,14.020833333333334,18.11,10.82,7.289999999999999,87.425,2.2870833333333334,2
UKP_0023,2017-08-23,3.7538,7.86864,0.4770582972406921,13.424166666666666,16.45,10.01,6.44,90.325,2.1633333333333336,2
UKP_0023,2017-08-24,5.20225,7.668099999999999,0.6784275113783077,11.777083333333332,15.36,8.58,6.779999999999999,88.99791666666665,1.9641666666666664,2
UKP_0023,2017-08-25,3.90339,7.67881,0.5083326713383974,13.131666666666666,17.45,8.85,8.6,81.46416666666666,1.8375,2
UKP_0023,2017-08-26,4.05139,7.79534,0.5197194734289973,12.665,15.66,9.18,6.48,89.16875,2.4075,2
UKP_0023,2017-08-27,5.024220000000001,7.82998,0.6416644742387593,12.6575,16.3,9.76,6.540000000000001,88.57875,2.3125,2
UKP_0023,2017-08-28,2.8613600000000003,7.61475,0.375765455202075,12.270416666666668,16.07,8.81,7.26,90.26,1.9375,2
UKP_0023,2017-08-29,4.473109999999999,7.47417,0.5984758173817293,13.024166666666666,16.33,9.15,7.179999999999998,84.82208333333334,1.5816666666666668,2
UKP_0023,2017-08-30,4.97639,7.57814,0.656676968227032,14.005,17.42,10.61,6.810000000000002,87.28125,2.307916666666667,2
UKP_0023,2017-08-31,4.48592,7.45688,0.601581358423362,13.110416666666666,15.96,10.35,5.610000000000001,92.125,2.4883333333333333,2
UKP_0023,2017-09-01,2.50667,7.35148,0.3409748785278611,11.3375,14.19,8.68,5.51,91.26291666666668,2.089583333333333,2
UKP_0023,2017-09-02,3.14946,7.40727,0.4251849871815122,12.032083333333333,15.67,8.65,7.02,88.91166666666668,2.36,2
UKP_0023,2017-09-03,4.83708,7.764309999999999,0.6229890357288672,11.252083333333331,14.79,8.64,6.149999999999999,87.58291666666666,2.2516666666666665,2
UKP_0023,2017-09-04,6.2302,7.58716,0.8211504700045867,12.399166666666666,15.94,8.68,7.26,90.87541666666668,2.355833333333333,2
UKP_0023,2017-09-05,5.75626,7.51158,0.7663181381280636,12.757083333333334,16.47,9.5,6.969999999999999,90.2025,2.41,2
UKP_0023,2017-09-06,5.70355,7.655489999999999,0.7450274247631439,12.477916666666667,16.16,9.35,6.8100000000000005,89.21,2.1354166666666665,2
UKP_0023,2017-09-07,2.97804,7.41972,0.4013682457019941,11.529166666666669,15.31,8.48,6.83,87.22833333333334,2.1108333333333333,2
UKP_0023,2017-09-08,5.93144,7.43687,0.797572096863331,12.163333333333334,16.38,8.44,7.939999999999999,79.35000000000001,2.02875,2
UKP_0023,2017-09-09,6.561730000000001,7.525180000000001,0.8719698399240948,13.53125,18.31,8.72,9.589999999999998,83.03875000000001,2.1445833333333333,2
UKP_0023,2017-09-10,6.19936,7.519699999999999,0.8244158676542948,11.98625,16.83,7.62,9.209999999999996,80.80749999999999,2.0966666666666667,2
UKP_0023,2017-09-11,6.03751,7.46565,0.8087052031638237,11.38,16.83,6.64,10.189999999999998,72.47125,2.0116666666666667,2
UKP_0023,2017-09-12,6.50245,7.53615,0.8628344711822349,11.637083333333337,16.77,6.72,10.05,77.075,2.0770833333333334,2
UKP_0023,2017-09-13,6.34251,7.44574,0.8518307112523402,11.489166666666668,16.94,6.85,10.090000000000002,78.36333333333333,2.0204166666666667,2
UKP_0023,2017-09-14,6.0013000000000005,7.36808,0.8144998425641417,11.71,17.14,6.79,10.35,58.79166666666666,2.0704166666666666,2
UKP_0023,2017-09-15,6.05351,7.24667,0.8353505817154638,12.7625,17.8,8.32,9.48,63.11166666666667,2.0004166666666667,2
UKP_0023,2017-09-16,3.07489,7.03687,0.4369684248820853,12.65,17.01,8.12,8.890000000000002,72.99166666666666,1.8125,2
UKP_0023,2017-09-17,3.56152,6.93184,0.5137914320007386,12.996666666666668,18.38,8.17,10.21,72.92291666666667,1.88375,2
UKP_0023,2017-09-18,5.363239999999999,7.05219,0.7605070198051952,12.639583333333334,17.5,8.26,9.24,83.41625,1.9725,2
UKP_0023,2017-09-19,6.17755,7.22142,0.8554480974655954,12.265,18.13,7.42,10.71,68.40125,2.1945833333333336,2
UKP_0023,2017-09-20,6.40363,7.21276,0.8878196418569313,12.65375,18.67,7.45,11.220000000000002,56.54541666666666,2.00375,2
UKP_0023,2017-09-21,5.09202,6.95046,0.7326162584922437,11.902500000000002,16.87,8.24,8.63,81.685,1.7545833333333334,2
UKP_0023,2017-09-22,1.87263,6.7641,0.2768483612010467,10.917916666666663,13.62,8.11,5.51,85.92833333333334,1.3929166666666666,2
UKP_0023,2017-09-23,0.81556,6.450819999999999,0.1264273379198303,10.343333333333334,13.38,7.35,6.030000000000001,95.40708333333332,2.464583333333333,2
UKP_0023,2017-09-24,3.09285,6.75146,0.4581009144688704,11.343333333333334,15.12,7.13,7.989999999999999,89.02416666666666,1.6304166666666668,2
UKP_0023,2017-09-25,5.004770000000001,7.03684,0.7112240721687577,11.535833333333334,15.61,8.36,7.25,86.22500000000001,1.60625,2
UKP_0023,2017-09-26,5.45434,6.9480200000000005,0.7850207685067112,11.794166666666667,16.17,8.13,8.040000000000001,78.21208333333333,1.7645833333333334,2
UKP_0023,2017-09-27,5.34222,6.77365,0.7886767104884368,11.607916666666666,16.39,8.16,8.23,76.10583333333334,1.65625,2
UKP_0023,2017-09-28,5.77104,6.84252,0.8434085687729083,11.032916666666669,16.36,6.6,9.76,75.52791666666667,1.8945833333333333,2
UKP_0023,2017-09-29,5.66311,6.777699999999999,0.8355504079555012,11.045416666666666,16.35,6.24,10.11,72.0325,2.125833333333333,2
UKP_0023,2017-09-30,6.18062,6.97586,0.886001152546066,11.562916666666666,16.66,6.2,10.46,72.31166666666667,2.0525,2
UKP_0023,2017-10-01,5.83157,6.85227,0.8510420634329938,10.869166666666668,16.32,6.23,10.09,71.00458333333334,1.971666666666667,2
UKP_0023,2017-10-02,5.312060000000001,6.773020000000001,0.7842971082323691,10.0225,15.28,5.6,9.68,65.43375,2.2133333333333334,2
UKP_0023,2017-10-03,6.07434,6.83488,0.8887266491876961,11.420416666666668,17.47,5.32,12.15,55.49958333333333,2.02625,2
UKP_0023,2017-10-04,5.73075,6.75067,0.8489157372527466,11.194583333333334,17.08,5.85,11.23,65.20875,2.080833333333333,2
UKP_0023,2017-10-05,5.87421,6.73061,0.8727604184464707,10.637916666666667,16.73,5.65,11.08,64.04583333333333,2.16375,2
UKP_0023,2017-10-06,5.7495,6.7768500000000005,0.848403019101795,11.423333333333334,17.71,6.03,11.68,52.905,1.9741666666666668,2
UKP_0023,2017-10-07,5.855659999999999,6.61011,0.8858642291883191,10.566666666666666,16.86,5.46,11.4,58.52041666666667,1.6849999999999998,2
UKP_0023,2017-10-08,6.01363,6.6732,0.901161361865372,9.420833333333333,15.78,5.04,10.739999999999998,58.662083333333335,1.830833333333333,2
UKP_0023,2017-10-09,5.49724,6.33341,0.8679747560950578,9.220833333333331,15.35,4.04,11.31,64.80333333333333,1.92875,2
UKP_0023,2017-10-10,5.91202,6.46948,0.9138323327377162,8.767916666666666,14.9,3.84,11.06,48.27916666666667,2.1983333333333333,2
UKP_0023,2017-10-11,5.56121,6.41183,0.8673358463964266,8.727916666666667,14.91,3.74,11.17,53.90916666666666,2.057916666666667,2
UKP_0023,2017-10-12,5.878100000000001,6.4263,0.914694303098206,8.9625,15.6,3.89,11.71,55.99208333333333,2.09125,2
UKP_0023,2017-10-13,5.00003,6.2627,0.7983824867868491,8.410416666666666,14.59,3.78,10.81,58.73125,1.8804166666666668,2
UKP_0023,2017-10-14,5.5373,6.3172,0.8765434053061484,8.077083333333333,13.92,3.26,10.66,60.57416666666666,2.0141666666666667,2
UKP_0023,2017-10-15,5.254309999999999,6.27851,0.8368721241186204,7.577916666666667,13.8,3.13,10.670000000000002,50.767500000000005,2.252083333333333,2
UKP_0023,2017-10-16,5.40434,6.28163,0.8603403893575394,8.012500000000001,14.26,3.27,10.99,54.04791666666667,2.0004166666666667,2
UKP_0023,2017-10-17,5.7699,6.25812,0.9219861555866616,9.391666666666667,15.8,3.22,12.58,50.41666666666666,1.96875,2
UKP_0023,2017-10-18,5.28876,6.14445,0.8607377389351366,10.580833333333333,17.08,5.99,11.089999999999998,52.89291666666667,1.7554166666666668,2
UKP_0023,2017-10-19,5.23876,6.05212,0.865607423514405,9.655,16.14,3.95,12.19,71.46333333333334,1.8441666666666665,2
UKP_0023,2017-10-20,4.93672,5.99295,0.8237545782961647,8.56625,15.56,3.1,12.46,49.744166666666665,1.8329166666666667,2
UKP_0023,2017-10-21,5.29866,6.00363,0.8825760414948955,7.925833333333333,14.75,2.33,12.42,53.68083333333333,1.846666666666667,2
UKP_0023,2017-10-22,4.69441,5.8753,0.7990077102445832,5.91875,13.2,-0.07,13.27,53.620000000000005,2.0470833333333336,2
UKP_0023,2017-10-23,4.87845,5.58495,0.8734993151236806,4.67375,10.8,-0.23,11.03,52.430416666666666,2.3720833333333333,2
UKP_0023,2017-10-24,5.22579,5.90766,0.8845786656645779,4.9975,11.72,-0.81,12.53,54.94875,2.449583333333333,2
UKP_0023,2017-10-25,5.19296,5.813230000000001,0.8933002822871278,6.578333333333333,13.42,0.48,12.94,50.93708333333333,1.8641666666666667,2
UKP_0023,2017-10-26,4.82196,5.65958,0.8519996183462376,5.470833333333334,11.83,0.97,10.86,63.70708333333334,1.975,2
UKP_0023,2017-10-27,4.33514,5.47782,0.7913987681230855,4.47125,11.02,-0.24,11.26,62.13916666666666,1.950416666666667,2
UKP_0023,2017-10-28,3.90736,5.30842,0.7360683593234899,4.079166666666667,10.16,-0.57,10.73,62.71541666666667,1.965833333333333,2
UKP_0023,2017-10-29,3.1512,5.1577,0.6109700060104309,3.5283333333333338,8.81,0.13,8.68,64.35833333333333,2.1525,2
UKP_0023,2017-10-30,4.63112,5.44629,0.8503256345145044,5.401666666666666,11.94,0.81,11.13,54.30875,2.1354166666666665,2
UKP_0023,2017-10-31,4.59775,5.434480000000001,0.8460331071234044,5.350416666666667,11.7,1.92,9.78,58.8575,1.89375,2
UKP_0023,2017-11-01,4.374689999999999,5.11332,0.855547863227805,5.569583333333333,11.85,2.16,9.69,61.78625,2.0258333333333334,2
UKP_0023,2017-11-02,4.84424,5.27486,0.9183637101269038,6.047083333333333,12.56,1.8,10.76,57.57,1.78875,2
UKP_0023,2017-11-03,4.1204,5.14983,0.80010408110559,5.514166666666667,11.42,1.45,9.97,64.77041666666666,1.98,2
UKP_0023,2017-11-04,4.68594,5.19322,0.9023187925795556,6.349166666666666,12.37,2.67,9.7,63.2375,1.9875,2
UKP_0023,2017-11-05,4.2182,5.17983,0.8143510501309887,7.271249999999999,13.07,4.22,8.850000000000001,57.33708333333333,1.97,2
UKP_0023,2017-11-06,4.30726,5.18642,0.8304880823381061,7.306249999999999,13.77,3.68,10.09,54.81333333333333,2.0175,2
UKP_0023,2017-11-07,3.92705,5.20667,0.7542344723210804,6.03375,12.63,1.5,11.13,60.41666666666666,1.8225,2
UKP_0023,2017-11-08,4.2946,5.02409,0.8548015660547482,4.74125,11.63,0.05,11.58,56.4475,1.9458333333333333,2
UKP_0023,2017-11-09,3.68779,4.95608,0.7440941227744508,3.82375,10.14,-0.2,10.34,61.2,2.150416666666666,2
UKP_0023,2017-11-10,4.6051,5.11559,0.900208969053423,4.7475,11.46,0.03,11.43,49.64041666666666,2.0391666666666666,2
UKP_0023,2017-11-11,4.3413,4.94044,0.8787274007983096,5.14125,11.85,0.83,11.02,49.59625,1.9908333333333332,2
UKP_0023,2017-11-12,4.38755,4.91573,0.8925530897750691,5.195,12.16,0.65,11.51,37.51208333333333,1.8708333333333331,2
UKP_0023,2017-11-13,4.48338,4.90717,0.913638614517125,5.239166666666667,12.3,0.94,11.36,29.83458333333333,1.7320833333333334,2
UKP_0023,2017-11-14,4.13222,4.65502,0.8876911377394726,2.7862500000000003,9.89,-2.35,12.24,50.08625,2.35375,2
UKP_0023,2017-11-15,4.00595,4.6077,0.8694033899776461,1.7816666666666665,8.61,-2.38,10.989999999999998,61.1,2.38625,2
UKP_0023,2017-11-16,3.81301,4.40836,0.8649497772414232,2.083333333333333,8.27,-1.97,10.24,60.88458333333333,1.8404166666666668,2
UKP_0023,2017-11-17,3.2138400000000003,4.58194,0.701414684609576,2.057916666666667,8.15,-2.84,10.99,57.083333333333336,1.8716666666666668,2
UKP_0023,2017-11-18,2.19007,4.06311,0.5390132189382025,1.3304166666666666,6.4,-3.29,9.69,64.40958333333333,1.76375,2
UKP_0023,2017-11-19,2.2967,4.26757,0.5381751207361566,0.9633333333333332,6.02,-3.54,9.56,75.02374999999999,2.0554166666666664,2
UKP_0023,2017-11-20,3.68691,4.8015,0.7678662917838175,0.9666666666666668,7.73,-4.99,12.72,62.41625,2.0125,2
UKP_0023,2017-11-21,3.7774,4.87788,0.7743937940252733,0.9650000000000002,8.23,-5.64,13.87,31.956666666666667,2.065,2
UKP_0023,2017-11-22,4.11373,4.94323,0.8321947390673711,-0.2012499999999999,7.0,-5.12,12.12,24.44083333333333,2.28,2
UKP_0023,2017-11-23,3.28942,4.76029,0.6910125223463276,1.7162499999999998,8.85,-3.28,12.13,27.703333333333333,2.025416666666666,2
UKP_0023,2017-11-24,4.01467,4.58445,0.875714644068536,3.26625,10.05,-2.48,12.53,24.15083333333333,2.2325,2
UKP_0023,2017-11-25,4.03832,4.663600000000001,0.8659233210395401,3.74875,10.79,-1.04,11.829999999999998,33.079166666666666,1.64,2
UKP_0023,2017-11-26,3.95954,4.566230000000001,0.8671354706179932,2.27375,8.94,-2.1,11.04,36.335,1.872083333333333,2
UKP_0023,2017-11-27,3.95878,4.57456,0.8653903326221538,2.6629166666666664,10.45,-2.35,12.8,31.53375,2.249166666666667,2
UKP_0023,2017-11-28,3.9876,4.51304,0.8835729353163277,2.5058333333333334,9.3,-2.17,11.47,31.77916666666667,1.7787499999999998,2
UKP_0023,2017-11-29,3.61767,4.40103,0.8220053033039993,1.1870833333333335,7.72,-3.43,11.15,40.6825,2.0654166666666667,2
UKP_0023,2017-11-30,3.8719,4.59495,0.8426424661857038,1.7625000000000002,9.08,-4.07,13.15,28.311666666666667,1.9941666666666664,2
UKP_0023,2017-12-01,4.0126,4.53911,0.8840058954288396,2.611666666666667,9.08,-2.54,11.62,24.2775,1.6525,2
UKP_0023,2017-12-02,4.01762,4.476109999999999,0.8975695414098404,2.39875,9.63,-2.01,11.64,24.42375,1.7966666666666666,2
UKP_0023,2017-12-03,3.59129,4.46529,0.804268031863552,2.9120833333333334,10.08,-1.83,11.91,15.6075,1.5295833333333333,2
UKP_0023,2017-12-04,3.4254,4.37096,0.7836722367626334,3.6558333333333337,9.96,-0.52,10.48,18.349166666666665,1.5,2
UKP_0023,2017-12-05,1.78256,4.0485,0.4403013461775966,1.5816666666666668,7.82,-2.19,10.01,47.22875,1.8016666666666667,2
UKP_0023,2017-12-06,2.72615,4.16639,0.6543194468112683,2.8008333333333333,8.97,-1.71,10.68,51.81,1.5599999999999998,2
UKP_0023,2017-12-07,2.02209,4.17979,0.4837778931477419,3.404583333333333,10.38,-3.08,13.46,64.04708333333333,2.16625,2
UKP_0023,2017-12-08,3.66122,4.42143,0.8280624141963121,4.06125,13.32,-4.72,18.04,27.222916666666663,2.3800000000000003,2
UKP_0023,2017-12-09,3.58239,4.38114,0.8176844382968815,4.702916666666667,12.23,0.75,11.48,32.98791666666667,1.93125,2
UKP_0023,2017-12-10,3.9135,4.32139,0.9056113889280996,4.3825,11.29,-0.26,11.55,27.755,1.649166666666667,2
UKP_0023,2017-12-11,3.37281,4.22088,0.7990774435662704,2.5025,9.66,-1.49,11.15,68.20458333333333,2.495,2
UKP_0023,2017-12-12,1.50376,3.32988,0.4515958533040229,-2.2841666666666667,1.92,-5.99,7.91,92.18666666666668,2.565,2
UKP_0023,2017-12-13,2.71063,3.69188,0.734214004788888,-3.11375,2.49,-6.82,9.31,76.22875,2.232083333333333,2
UKP_0023,2017-12-14,3.16662,4.354730000000001,0.7271679300438831,-3.345416666666667,3.74,-7.76,11.5,46.77,2.0125,2
UKP_0023,2017-12-15,3.14354,4.42862,0.7098238277386635,-1.455833333333333,5.21,-6.31,11.52,29.0625,1.6629166666666666,2
UKP_0023,2017-12-16,3.67091,4.44158,0.8264874211429265,-1.76625,5.12,-6.17,11.29,28.135,2.12125,2
UKP_0023,2017-12-17,3.89235,4.39051,0.8865370993347015,-0.7695833333333334,6.44,-5.76,12.2,31.339583333333334,2.3604166666666666,2
UKP_0023,2017-12-18,3.67852,4.28091,0.8592845913602483,1.6216666666666668,10.17,-5.62,15.79,31.41416666666667,2.552083333333333,2
UKP_0023,2017-12-19,3.41069,4.19604,0.812835435315202,3.0179166666666664,9.87,-3.68,13.55,35.69416666666667,2.0616666666666665,2
UKP_0023,2017-12-20,3.28711,4.12345,0.7971746959463556,3.33875,9.86,-1.25,11.11,44.92791666666667,1.8741666666666663,2
UKP_0023,2017-12-21,2.44889,4.08904,0.5988911822823939,0.8250000000000001,6.67,-3.87,10.54,49.24583333333334,1.9954166666666664,2
UKP_0023,2017-12-22,3.87641,4.43759,0.8735394662418114,-0.6166666666666666,7.19,-7.27,14.46,30.24125,2.41375,2
UKP_0023,2017-12-23,3.62266,4.45029,0.8140278498704578,1.4004166666666666,9.37,-6.52,15.89,25.75125,1.705833333333333,2
UKP_0023,2017-12-24,3.55856,4.25621,0.8360865652775591,0.6658333333333334,6.63,-3.57,10.2,40.28958333333333,1.6145833333333333,2
UKP_0023,2017-12-25,3.4460900000000003,4.20985,0.8185778590686129,-0.5545833333333333,5.98,-4.5,10.48,36.90583333333333,1.892083333333333,2
UKP_0023,2017-12-26,3.74941,4.1483,0.9038425379070943,3.404583333333333,9.97,-1.99,11.96,30.745416666666667,1.8645833333333333,2
UKP_0023,2017-12-27,2.88727,3.9696,0.7273453244659412,3.4454166666666666,10.37,-1.97,12.34,35.134166666666665,1.375,2
UKP_0023,2017-12-28,3.2938,4.15852,0.792060636957379,0.6845833333333333,7.43,-5.1,12.53,40.272083333333335,1.9979166666666668,2
UKP_0023,2017-12-29,3.64971,4.28951,0.8508454345601246,-0.9825,6.18,-6.74,12.92,44.53875,2.240833333333333,2
UKP_0023,2017-12-30,3.48267,4.209429999999999,0.8273495461380759,-1.4174999999999998,5.44,-7.66,13.1,49.04125,2.22,2
UKP_0023,2017-12-31,3.18703,4.15433,0.7671586031923319,-2.887083333333333,4.01,-9.37,13.38,45.22916666666666,2.2041666666666666,2
UKP_0023,2018-01-01,2.64044,3.84798,0.6861885976538339,-4.0841666666666665,1.62,-8.7,10.32,62.552083333333336,2.195,2
UKP_0023,2018-01-02,3.39923,4.1139,0.8262791997860911,-4.271249999999999,1.49,-8.62,10.11,52.51916666666667,2.22875,2
UKP_0023,2018-01-03,3.72827,4.34542,0.8579769044189055,-2.3766666666666665,4.41,-6.78,11.19,36.09666666666667,1.9358333333333333,2
UKP_0023,2018-01-04,3.64809,4.33167,0.8421901945439058,-2.2704166666666667,5.0,-6.78,11.78,36.94291666666667,1.6791666666666665,2
UKP_0023,2018-01-05,3.0933,4.18472,0.7391892408572137,-4.385833333333333,1.9,-8.18,10.08,45.86833333333333,1.930416666666667,2
UKP_0023,2018-01-06,3.67184,4.36802,0.8406188616352489,-4.295833333333333,2.42,-8.27,10.69,32.525416666666665,2.177083333333333,2
UKP_0023,2018-01-07,3.9599,4.49119,0.8817039581937083,-2.563333333333333,4.61,-7.51,12.12,24.16875,2.827916666666667,2
UKP_0023,2018-01-08,3.9559,4.58733,0.8623534823088813,-0.5695833333333334,5.96,-5.09,11.05,17.44333333333333,1.8158333333333327,2
UKP_0023,2018-01-09,4.15754,4.6506300000000005,0.8939735046649593,1.413333333333333,8.17,-2.91,11.08,13.708333333333334,1.75375,2
UKP_0023,2018-01-10,3.49289,4.48396,0.7789743887099796,4.571666666666666,9.61,0.48,9.13,12.334583333333336,1.2833333333333334,2
UKP_0023,2018-01-11,2.57744,4.453939999999999,0.5786876338702364,6.4375,12.78,2.4,10.38,18.66958333333333,1.3283333333333334,2
UKP_0023,2018-01-12,1.41019,4.461,0.3161152208025106,3.4875000000000003,9.5,-2.17,11.67,21.99875,1.1525,2
UKP_0023,2018-01-13,4.3051,4.76958,0.9026161632680448,1.48625,8.99,-3.61,12.6,19.813333333333333,2.15875,2
UKP_0023,2018-01-14,4.20101,4.6151,0.9102749669562956,0.495,8.76,-8.43,17.189999999999998,23.64708333333333,2.630416666666666,2
UKP_0023,2018-01-15,4.27693,4.72864,0.9044735907153008,1.132083333333333,9.54,-9.37,18.91,15.09625,2.620833333333333,2
UKP_0023,2018-01-16,4.37659,4.80448,0.910939373251632,2.3016666666666667,10.04,-3.43,13.47,13.189583333333331,1.70625,2
UKP_0023,2018-01-17,4.132020000000001,4.70478,0.8782599824008777,0.4045833333333333,7.11,-3.67,10.78,14.63375,1.8166666666666669,2
UKP_0023,2018-01-18,4.35124,4.78361,0.909614287117888,2.2029166666666664,8.95,-1.56,10.51,16.24875,1.6416666666666666,2
UKP_0023,2018-01-19,4.29283,4.82383,0.8899214939166596,2.1441666666666666,9.52,-3.71,13.23,13.625,1.7891666666666666,2
UKP_0023,2018-01-20,4.49484,4.99142,0.9005132807898354,2.891666666666667,11.54,-5.38,16.919999999999998,14.437916666666666,2.2925,2
UKP_0023,2018-01-21,4.54228,4.971220000000001,0.913715345528864,4.15125,11.56,-1.11,12.67,13.48625,2.0395833333333333,2
UKP_0023,2018-01-22,4.42869,4.88873,0.9058978507710592,3.21875,11.14,-2.89,14.03,15.253333333333332,1.5829166666666667,2
UKP_0023,2018-01-23,3.93295,4.318350000000001,0.910752949621962,-1.8179166666666668,5.72,-6.74,12.46,58.38375,2.5812500000000003,2
UKP_0023,2018-01-24,3.09635,4.35702,0.7106577431363638,-3.615833333333333,1.79,-7.9,9.69,66.06541666666666,2.0820833333333333,2
UKP_0023,2018-01-25,4.06771,4.80121,0.847226011776198,-3.145833333333333,2.92,-7.64,10.56,53.98916666666667,1.65625,2
UKP_0023,2018-01-26,3.50353,4.608689999999999,0.7602008379821599,-4.493333333333333,2.0,-8.82,10.82,55.97666666666667,1.860833333333333,2
UKP_0023,2018-01-27,4.4327700000000005,5.037739999999999,0.8799124210459454,-3.681666666666666,2.98,-8.66,11.64,38.11333333333334,2.339583333333333,2
UKP_0023,2018-01-28,4.3645,5.09987,0.8558061283915079,-1.1791666666666667,5.27,-6.41,11.68,32.001666666666665,2.3945833333333333,2
UKP_0023,2018-01-29,4.3437600000000005,5.04603,0.8608272245706031,0.9845833333333336,6.93,-3.67,10.6,36.26166666666666,1.9925,2
UKP_0023,2018-01-30,4.67476,5.14274,0.9090018161524792,3.35875,10.21,-3.93,14.14,32.091249999999995,2.505,2
UKP_0023,2018-01-31,3.74447,5.0972,0.7346131209291376,4.245416666666666,11.03,-0.28,11.31,34.331250000000004,1.4266666666666667,2
UKP_0023,2018-02-01,3.68243,5.192519999999999,0.7091797431690201,1.48375,7.5,-3.17,10.67,44.65416666666667,1.9145833333333333,2
UKP_0023,2018-02-02,4.61894,5.33231,0.8662174554742692,0.4758333333333334,7.08,-5.25,12.33,43.9575,1.9120833333333331,2
UKP_0023,2018-02-03,4.10126,5.36358,0.764649730217504,-1.8775,4.67,-6.19,10.86,48.278333333333336,2.370416666666667,2
UKP_0023,2018-02-04,4.65794,5.57345,0.8357372901883034,0.0508333333333333,6.31,-5.56,11.87,27.83333333333333,1.6541666666666668,2
UKP_0023,2018-02-05,2.15389,5.28824,0.4072980802686716,0.54875,5.53,-2.99,8.52,50.88625,1.4891666666666667,2
UKP_0023,2018-02-06,2.07405,5.25616,0.3945941523850111,-0.74125,5.84,-6.61,12.45,48.39541666666667,2.4529166666666664,2
UKP_0023,2018-02-07,4.36625,5.73592,0.7612118021171843,-0.1679166666666667,6.72,-5.21,11.93,31.549166666666665,2.053333333333333,2
UKP_0023,2018-02-08,4.321890000000001,5.523029999999999,0.7825215506705561,-1.5479166666666666,5.19,-5.73,10.920000000000002,33.41041666666667,2.26625,2
UKP_0023,2018-02-09,4.232480000000001,5.744140000000001,0.7368344086321016,-1.9891666666666667,4.48,-6.2,10.68,33.134166666666665,2.060416666666667,2
UKP_0023,2018-02-10,4.38818,5.60452,0.7829716014930806,-1.31875,4.87,-6.29,11.16,31.000416666666663,1.7983333333333336,2
UKP_0023,2018-02-11,3.96541,5.50629,0.72016003515979,-1.2091666666666667,4.66,-5.14,9.8,58.727916666666665,1.9595833333333332,2
UKP_0023,2018-02-12,1.30599,4.637569999999999,0.2816108436099078,-2.26375,2.35,-4.84,7.19,88.12208333333332,3.3675,2
UKP_0023,2018-02-13,2.9407400000000004,5.1725,0.5685335911068149,-2.5500000000000003,4.24,-9.18,13.42,58.845,2.244166666666666,2
UKP_0023,2018-02-14,4.42601,5.65445,0.7827481010531528,0.2091666666666666,7.11,-9.24,16.35,31.130416666666665,2.512916666666667,2
UKP_0023,2018-02-15,4.23031,5.447970000000001,0.7764928955188813,3.58375,10.51,-1.53,12.04,49.06125,1.961666666666667,2
UKP_0023,2018-02-16,3.81327,5.586930000000001,0.6825340571655631,2.0083333333333333,8.45,-2.0,10.45,58.85791666666666,2.3375,2
UKP_0023,2018-02-17,4.03965,5.89959,0.6847340238897958,0.5329166666666666,7.22,-5.67,12.89,50.5325,3.1225,2
UKP_0023,2018-02-18,4.48981,6.0294300000000005,0.7446491625244841,0.1816666666666667,7.43,-5.1,12.53,32.13708333333333,2.33,2
UKP_0023,2018-02-19,4.95986,6.13275,0.8087497452203335,2.22375,9.69,-5.13,14.82,28.61875,2.325416666666667,2
UKP_0023,2018-02-20,4.89313,6.0454300000000005,0.8093932110701803,2.5425,9.86,-3.45,13.31,37.405,2.31875,2
UKP_0023,2018-02-21,4.456180000000001,5.82767,0.7646589460281725,1.9895833333333333,9.24,-4.11,13.35,58.72708333333333,2.7016666666666667,2
UKP_0023,2018-02-22,4.413270000000001,5.733,0.7698011512297228,1.335,7.74,-4.46,12.2,52.22875,2.142916666666667,2
UKP_0023,2018-02-23,4.39986,5.95838,0.7384322584326612,2.8920833333333333,9.06,-3.46,12.52,43.89875,2.05125,2
UKP_0023,2018-02-24,2.40965,5.48003,0.4397147460871564,1.5770833333333334,7.2,-2.04,9.24,70.32541666666667,2.036666666666666,2
UKP_0023,2018-02-25,3.22417,5.59219,0.5765487224146533,0.0933333333333333,5.58,-6.4,11.98,61.13333333333333,2.6620833333333334,2
UKP_0023,2018-02-26,5.1208,6.35441,0.8058655327559916,5.298333333333333,13.64,-6.37,20.01,38.91791666666666,2.48875,2
UKP_0023,2018-02-27,4.10083,6.13665,0.6682522223037,4.7925,11.18,-0.79,11.97,46.205000000000005,1.9708333333333328,2
UKP_0023,2018-02-28,4.05845,6.15375,0.6595084298192159,3.612083333333333,9.34,-0.7,10.04,53.41,2.14875,2
UKP_0023,2018-03-01,3.90545,6.34842,0.6151845656084506,4.958333333333333,11.93,0.32,11.61,51.39125000000001,2.1804166666666664,2
UKP_0023,2018-03-02,3.80086,6.18404,0.6146240968687138,3.3241666666666667,9.78,-3.35,13.13,56.71125,2.915,2
UKP_0023,2018-03-03,4.09047,6.36742,0.6424061864931165,2.9725,9.85,-1.85,11.7,62.59,2.575833333333333,2
UKP_0023,2018-03-04,2.43212,6.0774300000000006,0.4001888956351615,1.255,6.13,-3.54,9.67,79.98458333333333,2.81625,2
UKP_0023,2018-03-05,4.17124,6.50997,0.6407464243306805,0.695,7.35,-4.84,12.19,63.26541666666666,2.97875,2
UKP_0023,2018-03-06,4.70918,6.81672,0.6908278468236924,2.4304166666666664,9.82,-4.7,14.52,40.51291666666666,2.3575,2
UKP_0023,2018-03-07,5.283390000000001,6.893800000000001,0.7663973425396734,3.811666666666667,11.69,-2.41,14.1,37.53,2.4854166666666666,2
UKP_0023,2018-03-08,4.86001,6.72246,0.7229511220594842,2.556666666666666,10.1,-5.06,15.16,42.3225,2.763333333333333,2
UKP_0023,2018-03-09,4.58265,6.68329,0.6856877376262289,2.28625,9.5,-5.15,14.65,47.99958333333333,2.932916666666667,2
UKP_0023,2018-03-10,5.02214,6.828519999999999,0.7354653717057285,3.220833333333333,10.78,-3.07,13.85,42.80916666666667,2.8425,2
UKP_0023,2018-03-11,5.00324,6.77017,0.7390124620208945,4.074583333333334,11.35,-2.68,14.03,47.53583333333333,2.5258333333333334,2
UKP_0023,2018-03-12,5.414230000000001,6.87298,0.7877558206192948,4.68875,11.38,-1.7,13.08,44.74333333333333,2.96625,2
UKP_0023,2018-03-13,5.22592,6.87324,0.7603284622681589,6.07375,13.41,-0.08,13.49,36.35125,2.689166666666667,2
UKP_0023,2018-03-14,5.0812,6.697229999999999,0.7587017319100584,4.515416666666667,11.79,-0.85,12.64,42.892500000000005,2.5425,2
UKP_0023,2018-03-15,2.3716800000000005,6.078729999999999,0.3901604446981525,2.521666666666667,8.07,-2.74,10.81,60.365,3.367083333333333,2
UKP_0023,2018-03-16,5.49233,7.195270000000001,0.7633250732773057,1.366666666666667,8.42,-5.02,13.44,44.154583333333335,2.668333333333333,2
UKP_0023,2018-03-17,5.580970000000001,7.391529999999999,0.7550493605518751,1.8504166666666664,9.06,-5.11,14.170000000000002,38.34916666666667,2.8516666666666666,2
UKP_0023,2018-03-18,6.0720600000000005,7.50512,0.8090556846526106,4.9191666666666665,13.7,-4.61,18.31,29.79041666666667,2.622916666666667,2
UKP_0023,2018-03-19,5.78783,7.27283,0.7958153841076995,5.110833333333333,12.62,-1.75,14.37,34.854166666666664,2.7245833333333334,2
UKP_0023,2018-03-20,5.47142,7.263859999999999,0.7532386362071957,6.215416666666667,13.37,-1.33,14.7,36.5675,2.3320833333333333,2
UKP_0023,2018-03-21,2.66537,6.81292,0.3912228530497936,4.979583333333333,11.95,-0.43,12.38,66.86625,3.3508333333333336,2
UKP_0023,2018-03-22,3.4437,6.5065100000000005,0.5292699158227682,2.06125,7.67,-3.74,11.41,73.66958333333334,2.285833333333333,2
UKP_0023,2018-03-23,5.8811800000000005,7.33138,0.8021927658912784,3.424166666666667,9.88,-4.51,14.39,65.61625,2.40625,2
UKP_0023,2018-03-24,5.80508,7.499479999999999,0.7740643351272356,4.345833333333333,11.53,-2.15,13.68,56.29,2.592083333333333,2
UKP_0023,2018-03-25,4.07502,7.332829999999999,0.5557226882390565,4.569583333333333,11.39,-2.62,14.010000000000002,44.23833333333334,2.68625,2
UKP_0023,2018-03-26,6.52884,7.68117,0.849979885876761,7.492916666666667,15.82,-2.74,18.56,24.40375,2.489583333333333,2
UKP_0023,2018-03-27,6.3977200000000005,7.70222,0.8306332459992054,8.067083333333334,16.26,0.68,15.580000000000002,33.422916666666666,2.4458333333333333,2
UKP_0023,2018-03-28,5.395099999999999,7.50483,0.7188837055602857,5.727916666666666,13.39,-1.7,15.09,40.38166666666667,3.29625,2
UKP_0023,2018-03-29,4.9461,7.72259,0.6404716552348371,5.810416666666666,13.03,-0.5,13.53,44.80916666666667,3.21375,2
UKP_0023,2018-03-30,4.73139,7.51684,0.6294387003049153,4.944999999999999,10.1,-1.67,11.77,35.260416666666664,1.96375,2
UKP_0023,2018-03-31,6.32452,8.00082,0.7904839753925224,6.131666666666667,14.88,-2.08,16.96,23.0775,2.721666666666667,2
UKP_0023,2018-04-01,6.796069999999999,7.607819999999999,0.8933005775636121,7.845416666666666,16.15,-0.23,16.38,33.557916666666664,2.392916666666667,2
UKP_0023,2018-04-02,4.91431,7.32722,0.6706922953043581,8.414583333333333,15.12,1.96,13.16,52.11416666666667,2.34125,2
UKP_0023,2018-04-03,3.88978,7.255109999999999,0.5361434905880131,7.840416666666666,14.75,1.85,12.9,61.693333333333335,2.493333333333333,2
UKP_0023,2018-04-04,5.18404,7.39968,0.7005762411347517,7.64,13.63,2.42,11.21,59.86666666666667,2.6079166666666667,2
UKP_0023,2018-04-05,4.90929,7.12517,0.6890067184361918,8.59875,13.99,2.83,11.16,58.680416666666666,2.279166666666667,2
UKP_0023,2018-04-06,5.6441300000000005,7.247139999999999,0.7788079159502923,7.827083333333333,13.82,2.58,11.24,61.69041666666666,2.8054166666666664,2
UKP_0023,2018-04-07,4.14444,7.58534,0.5463749812137624,6.194583333333333,12.26,1.97,10.29,72.13666666666667,2.25875,2
UKP_0023,2018-04-08,4.53924,7.713889999999999,0.5884501853150615,6.444583333333333,10.92,2.23,8.69,74.80958333333334,2.027083333333333,2
UKP_0023,2018-04-09,3.53757,7.739079999999999,0.4571047204577289,6.752083333333334,12.01,2.83,9.18,78.02916666666667,2.2591666666666668,2
UKP_0023,2018-04-10,4.727729999999999,7.82073,0.6045126222232451,7.760833333333333,13.2,2.81,10.39,74.88,3.57875,2
UKP_0023,2018-04-11,2.96037,7.4479,0.3974771412075887,4.701666666666667,9.02,0.25,8.77,83.87,2.5825,2
UKP_0023,2018-04-12,4.5315900000000005,8.06961,0.5615624546911189,4.469166666666666,9.82,-1.16,10.98,71.3575,2.3979166666666667,2
UKP_0023,2018-04-13,6.49604,8.45552,0.768260260752739,5.2825,11.24,-0.89,12.13,60.962916666666665,2.6958333333333333,2
UKP_0023,2018-04-14,6.07515,8.06935,0.7528673313216058,6.957083333333333,13.27,0.57,12.7,51.87708333333333,2.7025,2
UKP_0023,2018-04-15,6.24148,8.22986,0.7583944319830471,8.41,14.46,0.83,13.63,51.69166666666666,2.4095833333333334,2
UKP_0023,2018-04-16,5.20145,7.93008,0.6559139378165163,7.681249999999999,14.88,0.52,14.36,57.33708333333333,2.4391666666666665,2
UKP_0023,2018-04-17,5.46798,8.015550000000001,0.6821715290903305,8.349166666666667,15.18,0.7,14.48,43.31125,2.7729166666666667,2
UKP_0023,2018-04-18,7.165640000000001,8.477049999999998,0.8452987772869102,8.759583333333333,15.65,2.43,13.22,51.01625000000001,2.85625,2
UKP_0023,2018-04-19,5.85524,8.21728,0.7125520853615794,9.04375,15.41,3.62,11.79,53.77916666666667,3.591666666666667,2
UKP_0023,2018-04-20,3.2947800000000003,7.8729,0.4184963609343444,7.193333333333334,12.68,0.46,12.22,71.47208333333333,4.227083333333334,2
UKP_0023,2018-04-21,7.1541500000000005,8.43774,0.8478751419218891,6.756666666666667,13.78,0.06,13.72,42.63041666666667,2.922083333333333,2
UKP_0023,2018-04-22,7.14699,8.8034,0.8118442874344003,7.328749999999999,14.15,-0.15,14.3,39.16125,2.762916666666667,2
UKP_0023,2018-04-23,7.0555,8.51844,0.8282619822408798,8.885833333333332,15.24,1.61,13.63,39.56333333333333,2.5104166666666665,2
UKP_0023,2018-04-24,6.40946,8.326450000000001,0.7697710308714998,9.38875,15.03,3.78,11.25,50.16666666666666,2.242083333333333,2
UKP_0023,2018-04-25,7.2137,8.36921,0.8619332051651231,10.117083333333332,16.1,4.1,12.000000000000002,49.21125,2.665833333333333,2
UKP_0023,2018-04-26,6.2572600000000005,8.33575,0.7506535104819602,10.373333333333331,16.05,5.0,11.05,46.34625,2.5483333333333333,2
UKP_0023,2018-04-27,5.50838,8.248940000000001,0.6677682223412946,9.60125,15.76,3.88,11.88,52.41833333333333,3.036666666666666,2
UKP_0023,2018-04-28,5.6317200000000005,8.12471,0.6931595096932691,9.835416666666667,15.95,4.34,11.61,52.255833333333335,2.9112500000000003,2
UKP_0023,2018-04-29,6.22559,8.43377,0.7381740313050984,9.932083333333331,15.48,4.52,10.96,51.99541666666666,2.779583333333333,2
UKP_0023,2018-04-30,6.5855500000000005,8.439680000000001,0.7803080211572002,10.717083333333331,16.67,4.95,11.720000000000002,47.42416666666667,2.342916666666667,2
UKP_0023,2018-05-01,7.47357,8.559719999999999,0.8731091671222891,10.625,17.64,4.93,12.71,53.40833333333333,2.804583333333333,2
UKP_0023,2018-05-02,5.45062,8.48718,0.642218027660542,9.931666666666668,16.46,3.58,12.88,62.2275,3.0170833333333333,2
UKP_0023,2018-05-03,4.79028,8.22946,0.5820892257815216,9.149166666666668,15.28,3.57,11.71,57.63,2.7770833333333336,2
UKP_0023,2018-05-04,6.51882,8.24816,0.7903362689375569,9.5475,14.66,4.63,10.03,62.01916666666667,2.8004166666666666,2
UKP_0023,2018-05-05,6.29913,8.543880000000001,0.7372680796078596,9.982916666666666,15.89,4.33,11.56,57.22625,3.0091666666666668,2
UKP_0023,2018-05-06,3.16406,8.23809,0.3840768916095843,10.279583333333331,16.42,5.33,11.090000000000002,49.51125,3.6025000000000005,2
UKP_0023,2018-05-07,4.12428,7.78682,0.5296488168469285,9.504166666666666,14.9,4.57,10.33,54.90083333333334,3.3129166666666667,2
UKP_0023,2018-05-08,1.8697,8.17715,0.2286493460435482,6.502083333333334,10.95,0.44,10.51,76.93458333333334,4.0512500000000005,2
UKP_0023,2018-05-09,5.032430000000001,8.80178,0.5717513957404071,7.04375,13.03,1.5,11.53,60.928333333333335,2.9770833333333333,2
UKP_0023,2018-05-10,7.57801,8.896469999999999,0.8517996463765967,9.739166666666668,15.76,3.42,12.34,45.9925,2.87625,2
UKP_0023,2018-05-11,7.988539999999999,8.9196,0.8956163953540516,13.094583333333333,20.13,5.89,14.239999999999998,44.51333333333333,2.57625,2
UKP_0023,2018-05-12,6.85141,8.75749,0.7823485953166945,12.925416666666663,19.46,7.06,12.400000000000002,53.32625,2.8241666666666667,2
UKP_0023,2018-05-13,6.24812,8.47899,0.7368943706738657,10.539583333333336,16.51,3.35,13.160000000000002,61.7475,3.31625,2
UKP_0023,2018-05-14,6.2014,8.369950000000001,0.7409124307791563,9.47375,16.28,3.86,12.420000000000002,59.6225,2.9325,2
UKP_0023,2018-05-15,7.56064,8.5374,0.885590460796027,11.359166666666669,17.6,5.4,12.2,53.99125,3.29625,2
UKP_0023,2018-05-16,5.86525,8.60846,0.6813355698928728,11.675833333333337,17.62,4.61,13.010000000000002,51.78583333333333,3.37,2
UKP_0023,2018-05-17,7.3974,9.04969,0.8174202652245547,12.321666666666664,18.35,5.34,13.010000000000002,42.70083333333333,2.8675,2
UKP_0023,2018-05-18,5.13067,8.34241,0.6150105305301466,11.354583333333332,16.8,6.2,10.6,53.14375,3.1575,2
UKP_0023,2018-05-19,6.35726,8.735959999999999,0.7277116653464532,11.095,17.46,5.0,12.46,50.91916666666666,3.3070833333333334,2
UKP_0023,2018-05-20,8.01197,9.09711,0.8807159636412002,12.49375,18.86,6.58,12.28,25.39333333333333,2.768333333333333,2
UKP_0023,2018-05-21,8.211559999999999,9.03004,0.9093603129111276,13.8725,20.68,7.85,12.83,21.10833333333333,2.47875,2
UKP_0023,2018-05-22,7.94558,8.91516,0.8912436793058116,14.4075,21.92,6.49,15.43,27.30708333333333,2.9250000000000003,2
UKP_0023,2018-05-23,7.39742,8.80899,0.8397580199319106,13.383333333333333,20.2,7.03,13.169999999999998,33.19041666666667,2.7862500000000003,2
UKP_0023,2018-05-24,8.02152,9.09023,0.8824331177538963,12.742916666666666,19.39,5.74,13.65,23.387083333333333,2.807916666666667,2
UKP_0023,2018-05-25,7.605539999999999,8.79883,0.8643808324515873,13.24375,19.93,6.84,13.09,25.024583333333336,2.8841666666666668,2
UKP_0023,2018-05-26,7.12192,8.725200000000001,0.8162471920414431,12.956666666666663,19.95,6.11,13.84,24.31375,3.015,2
UKP_0023,2018-05-27,5.5095,8.485050000000001,0.6493185072568811,12.340833333333334,19.03,6.79,12.240000000000002,34.49583333333333,2.6375,2
UKP_0023,2018-05-28,6.83506,8.315869999999999,0.8219296357446667,12.181666666666668,18.9,5.39,13.509999999999998,39.12375,2.7216666666666662,2
UKP_0023,2018-05-29,5.953600000000001,8.767430000000001,0.6790587435542684,11.77125,18.31,5.73,12.579999999999998,39.81041666666667,3.2154166666666666,2
UKP_0023,2018-05-30,6.988270000000001,8.5693,0.8155006826695297,12.5525,18.62,7.01,11.61,48.47958333333333,2.904166666666667,2
UKP_0023,2018-05-31,7.27527,8.44109,0.8618875050497032,14.085,20.68,8.1,12.58,52.6625,2.8520833333333333,2
UKP_0023,2018-06-01,5.356739999999999,8.524059999999999,0.6284258909486794,12.423333333333334,18.86,7.27,11.59,64.92999999999999,3.0345833333333334,2
UKP_0023,2018-06-02,5.70813,8.74432,0.6527814627095074,13.045416666666666,19.25,8.3,10.95,62.32625,2.865833333333333,2
UKP_0023,2018-06-03,6.89717,8.37289,0.8237502224441023,15.1025,22.67,9.16,13.510000000000002,49.71833333333333,2.5929166666666665,2
UKP_0023,2018-06-04,7.30774,8.448229999999999,0.8650024916461793,15.482083333333334,22.24,9.89,12.349999999999998,61.22333333333333,2.8825,2
UKP_0023,2018-06-05,6.1243,8.50724,0.7198927031563703,14.627916666666666,19.31,10.71,8.599999999999998,77.28416666666666,2.796666666666667,2
UKP_0023,2018-06-06,3.6943,7.714510000000001,0.4788768178406664,13.2975,17.77,9.12,8.65,86.49041666666666,3.032083333333333,2
UKP_0023,2018-06-07,6.31121,8.169640000000001,0.7725199641599874,14.943333333333332,20.23,9.99,10.24,77.39,2.80875,2
UKP_0023,2018-06-08,5.00725,8.428780000000001,0.5940658078630595,13.90375,18.6,10.21,8.39,80.88541666666667,2.704166666666667,2
UKP_0023,2018-06-09,1.76056,8.4541,0.2082492518423013,12.300833333333337,15.66,9.85,5.8100000000000005,84.08083333333333,1.75375,2
UKP_0023,2018-06-10,5.22999,8.549209999999999,0.6117512612276457,13.151666666666666,17.1,9.13,7.970000000000001,85.55916666666667,2.475,2
UKP_0023,2018-06-11,7.77525,8.99024,0.8648545533823346,14.3225,19.21,9.73,9.48,71.87416666666667,2.7154166666666666,2
UKP_0023,2018-06-12,7.40129,9.17767,0.8064454267804355,14.39625,19.41,9.36,10.05,60.77333333333333,3.294166666666667,2
UKP_0023,2018-06-13,6.40308,8.93988,0.7162378018496892,14.043333333333337,19.16,9.44,9.72,63.36041666666667,3.3366666666666664,2
UKP_0023,2018-06-14,5.416600000000001,8.65094,0.6261284900831586,14.40875,20.57,10.21,10.36,74.54041666666667,3.165,2
UKP_0023,2018-06-15,4.691470000000001,8.21842,0.570848167896019,13.380416666666669,17.99,8.78,9.21,82.52875,3.089166666666667,2
UKP_0023,2018-06-16,3.67035,7.970320000000001,0.4605022132110128,12.395,16.8,7.83,8.97,82.7075,3.1491666666666664,2
UKP_0023,2018-06-17,2.5782,8.32964,0.3095211797868815,12.314166666666669,17.33,8.11,9.22,75.41958333333334,2.6625,2
UKP_0023,2018-06-18,7.0333000000000006,8.8264,0.7968480920873744,12.529166666666669,17.33,8.87,8.459999999999999,74.44833333333334,2.748333333333333,2
UKP_0023,2018-06-19,5.80616,8.75166,0.6634352797069357,12.472916666666668,17.04,7.45,9.59,74.02041666666666,2.714166666666667,2
UKP_0023,2018-06-20,7.12742,8.94573,0.7967398971352814,13.353333333333332,18.15,8.71,9.439999999999998,67.90125,2.3295833333333333,2
UKP_0023,2018-06-21,7.791720000000001,9.04855,0.8611015024506691,13.949583333333337,18.87,9.13,9.74,70.47583333333334,3.0425,2
UKP_0023,2018-06-22,6.66387,9.11607,0.7310025043686589,14.244166666666668,18.59,9.88,8.709999999999999,69.83041666666666,2.7125,2
UKP_0023,2018-06-23,7.65712,8.91701,0.8587093655833066,15.002916666666666,20.28,9.69,10.590000000000002,64.80333333333333,2.96625,2
UKP_0023,2018-06-24,7.33624,8.985059999999999,0.8164931564174308,14.294583333333334,19.86,8.43,11.43,62.24875,2.782916666666667,2
UKP_0023,2018-06-25,8.04956,9.001040000000001,0.894292215121808,14.979583333333332,20.69,9.81,10.88,61.06583333333333,3.0058333333333334,2
UKP_0023,2018-06-26,5.36805,8.667449999999999,0.6193344063132756,14.57625,19.33,10.62,8.709999999999999,72.12166666666667,2.4391666666666665,2
UKP_0023,2018-06-27,4.2695,7.877890000000001,0.5419598395001707,13.638333333333334,17.83,10.58,7.249999999999998,85.98333333333333,2.306666666666666,2
UKP_0023,2018-06-28,6.37006,8.593200000000001,0.7412907880649815,14.370833333333332,18.65,10.07,8.579999999999998,83.65833333333333,2.495416666666667,2
UKP_0023,2018-06-29,6.34762,8.66094,0.73290197137955,15.303333333333336,19.64,11.57,8.07,81.62041666666666,3.4275,2
UKP_0023,2018-06-30,5.73929,8.73814,0.6568091149832802,14.776666666666666,18.83,11.69,7.139999999999999,86.46,3.255416666666666,2
UKP_0023,2018-07-01,4.93605,8.42376,0.5859675489330181,15.604166666666666,20.31,11.28,9.03,85.76916666666666,3.405,2
UKP_0023,2018-07-02,4.86036,8.49739,0.571982691155755,15.20125,19.42,10.7,8.720000000000002,84.95666666666666,3.400416666666666,2
UKP_0023,2018-07-03,2.39198,7.87534,0.3037303786249228,13.2125,17.42,8.71,8.71,84.78458333333333,3.0537500000000004,2
UKP_0023,2018-07-04,3.02045,8.229040000000001,0.3670476750629477,13.435416666666669,18.23,8.87,9.36,75.37291666666667,2.46375,2
UKP_0023,2018-07-05,7.40638,8.940719999999999,0.8283874229368553,14.122083333333334,19.15,8.93,10.22,64.70125,2.6341666666666668,2
UKP_0023,2018-07-06,7.81108,8.79181,0.8884495911535849,14.92125,19.97,10.29,9.68,70.12375,2.490833333333333,2
UKP_0023,2018-07-07,7.97072,8.824489999999999,0.9032499328573096,15.96875,20.94,12.05,8.89,76.38000000000001,2.3541666666666665,2
UKP_0023,2018-07-08,6.06658,8.64026,0.7021293340709654,16.042916666666667,21.04,11.82,9.22,81.60333333333334,2.9320833333333334,2
UKP_0023,2018-07-09,4.33108,8.32681,0.520136763058122,15.740416666666668,20.32,11.92,8.4,82.6925,2.8920833333333333,2
UKP_0023,2018-07-10,4.10012,7.841019999999999,0.5229064585984986,16.090833333333332,20.61,12.64,7.969999999999999,83.88666666666667,3.0379166666666664,2
UKP_0023,2018-07-11,4.68944,7.6497,0.6130227329176308,14.740833333333333,18.56,11.34,7.219999999999999,89.23041666666667,3.2104166666666667,2
UKP_0023,2018-07-12,5.596220000000001,8.05575,0.6946864041212799,13.8675,18.08,9.27,8.809999999999999,90.4775,2.26125,2
UKP_0023,2018-07-13,5.25122,8.020900000000001,0.654692116844743,12.844583333333333,15.52,9.73,5.789999999999999,91.86541666666666,2.0620833333333333,2
UKP_0023,2018-07-14,4.55768,8.27386,0.5508529271706314,13.552916666666668,16.48,11.68,4.800000000000001,90.91375,1.961666666666667,2
UKP_0023,2018-07-15,6.38527,8.351420000000001,0.7645729708241232,13.5775,15.65,11.54,4.110000000000001,93.00333333333332,2.1595833333333334,2
UKP_0023,2018-07-16,6.34275,8.12664,0.7804886152210507,13.512916666666667,16.55,11.27,5.280000000000001,92.69833333333334,2.7279166666666668,2
UKP_0023,2018-07-17,4.86098,8.01394,0.6065655595125493,13.206666666666663,15.87,10.89,4.979999999999999,91.53208333333332,1.7858333333333334,2
UKP_0023,2018-07-18,4.809769999999999,8.271220000000001,0.5815067184768388,13.72375,17.17,10.4,6.770000000000001,88.39333333333333,2.3854166666666665,2
UKP_0023,2018-07-19,4.8207,8.10937,0.5944604821336306,14.44375,18.18,10.96,7.219999999999999,85.30708333333332,2.3770833333333337,2
UKP_0023,2018-07-20,6.39304,8.25201,0.774725188166277,14.244583333333331,16.89,11.65,5.24,90.85,2.398333333333333,2
UKP_0023,2018-07-21,4.44355,8.242790000000001,0.5390832472985482,14.749166666666667,17.91,11.99,5.92,89.35958333333333,2.682916666666667,2
UKP_0023,2018-07-22,4.07038,7.7193,0.527299107432021,13.264583333333334,15.82,11.02,4.800000000000001,92.78583333333334,2.6333333333333333,2
UKP_0023,2018-07-23,4.84592,8.066519999999999,0.6007448069303741,13.918333333333337,17.38,10.84,6.539999999999999,88.00958333333334,2.922916666666667,2
UKP_0023,2018-07-24,4.41205,8.04043,0.5487330901456762,13.711666666666666,18.17,10.44,7.730000000000002,88.72208333333333,2.710833333333333,2
UKP_0023,2018-07-25,4.1773,8.07962,0.5170168894081651,13.848333333333334,16.4,10.88,5.519999999999998,94.26791666666666,3.474166666666666,2
UKP_0023,2018-07-26,3.33929,8.11895,0.4112957956385986,12.789166666666668,16.33,10.44,5.889999999999999,90.0875,1.8795833333333332,2
UKP_0023,2018-07-27,3.1276,8.2897,0.3772874772307803,13.332083333333337,16.85,10.05,6.800000000000001,88.97958333333334,2.493333333333333,2
UKP_0023,2018-07-28,2.5042,8.05283,0.3109714224688711,12.998333333333331,15.87,9.83,6.039999999999999,89.01375,1.8441666666666665,2
UKP_0023,2018-07-29,3.4196500000000003,8.14545,0.4198233369549871,13.370833333333332,16.41,10.23,6.18,91.68041666666666,2.6225,2
UKP_0023,2018-07-30,4.04709,8.27571,0.4890323609696328,13.86875,17.19,10.99,6.200000000000001,90.8,2.8720833333333338,2
UKP_0023,2018-07-31,2.90547,8.210280000000001,0.3538819626127245,13.216666666666669,16.01,10.63,5.380000000000001,93.19916666666668,3.030416666666667,2
UKP_0023,2018-08-01,2.99538,8.14149,0.3679154552790705,13.496250000000002,16.68,10.84,5.84,91.28708333333331,3.023333333333333,2
UKP_0023,2018-08-02,4.16204,8.13197,0.5118120209494132,13.969583333333333,17.56,10.47,7.089999999999998,91.30166666666666,2.9129166666666664,2
UKP_0023,2018-08-03,4.6143,8.16587,0.5650714498271464,14.079166666666666,17.79,10.93,6.859999999999999,89.98291666666667,2.7045833333333333,2
UKP_0023,2018-08-04,4.5010900000000005,7.835349999999999,0.5744593413185117,14.735416666666666,18.62,11.54,7.080000000000002,91.12666666666668,2.356666666666667,2
UKP_0023,2018-08-05,2.58359,7.56295,0.341611408246782,13.613333333333337,16.47,11.51,4.959999999999999,94.72166666666668,2.3425,2
UKP_0023,2018-08-06,2.6192999999999995,7.49407,0.3495163509281337,13.47375,16.96,11.08,5.880000000000001,93.40541666666668,2.317083333333333,2
UKP_0023,2018-08-07,3.00629,7.72405,0.3892116182572614,12.6075,14.93,11.06,3.869999999999999,91.44708333333334,1.7333333333333334,2
UKP_0023,2018-08-08,5.04647,7.908060000000001,0.6381426038750337,13.33375,16.78,10.72,6.0600000000000005,89.585,2.0570833333333334,2
UKP_0023,2018-08-09,5.35638,8.08951,0.6621389923493511,13.93875,16.24,11.73,4.509999999999998,92.50541666666668,2.7983333333333333,2
UKP_0023,2018-08-10,4.38687,7.87164,0.5573006387487233,14.195416666666668,17.74,11.68,6.059999999999999,92.87541666666668,2.720833333333333,2
UKP_0023,2018-08-11,4.14451,7.75592,0.5343672962072843,14.851666666666668,17.91,12.04,5.870000000000001,92.78041666666668,2.6983333333333337,2
UKP_0023,2018-08-12,2.66914,7.61289,0.3506079819884433,13.4575,15.85,10.96,4.889999999999999,96.3275,2.1308333333333334,2
UKP_0023,2018-08-13,3.11991,7.533819999999999,0.4141205922095298,12.969166666666666,15.38,10.64,4.74,94.11583333333334,2.5345833333333334,2
UKP_0023,2018-08-14,4.77592,7.78205,0.6137097551416401,13.91375,17.65,10.77,6.879999999999999,91.64,2.6316666666666664,2
UKP_0023,2018-08-15,4.84889,7.75142,0.6255486091580639,13.74125,16.94,10.97,5.970000000000001,90.1725,2.200416666666667,2
UKP_0023,2018-08-16,5.50928,7.832149999999999,0.7034186015334232,14.067916666666669,18.11,10.87,7.24,90.06875000000001,2.37,2
UKP_0023,2018-08-17,4.00191,7.8465,0.5100248518447715,13.145833333333334,16.26,10.21,6.050000000000001,93.66625,2.7383333333333333,2
UKP_0023,2018-08-18,3.6532,7.88147,0.4635175925303274,13.924583333333333,17.29,10.75,6.539999999999999,91.4975,2.4679166666666665,2
UKP_0023,2018-08-19,5.337110000000001,7.77748,0.6862261298003982,14.17125,16.41,11.82,4.59,93.52583333333332,2.4545833333333333,2
UKP_0023,2018-08-20,4.40403,7.70267,0.5717536906033881,13.548333333333332,15.94,11.24,4.699999999999999,94.30583333333334,3.0195833333333333,2
UKP_0023,2018-08-21,4.38352,7.72309,0.567586289943533,13.510833333333332,16.17,11.09,5.080000000000002,93.69708333333334,2.71625,2
UKP_0023,2018-08-22,4.37159,7.394579999999999,0.591188410971279,13.6375,17.27,11.02,6.25,91.7775,2.459583333333333,2
UKP_0023,2018-08-23,3.29717,7.447100000000001,0.44274549824764,13.610833333333334,16.93,11.49,5.44,93.75875,2.442083333333333,2
UKP_0023,2018-08-24,4.50833,7.68264,0.5868204158987015,12.92625,15.1,10.08,5.02,96.68875,2.5283333333333333,2
UKP_0023,2018-08-25,2.97156,7.65801,0.388032922391065,13.351666666666668,16.77,10.07,6.699999999999999,90.00375000000001,1.8525,2
UKP_0023,2018-08-26,3.09591,7.71681,0.4011903882562873,13.137083333333337,15.94,10.6,5.34,92.43625,2.1708333333333334,2
UKP_0023,2018-08-27,2.96554,7.67728,0.3862748265010524,14.047083333333331,17.05,11.04,6.010000000000002,90.96583333333332,2.0795833333333333,2
UKP_0023,2018-08-28,5.1343000000000005,7.69838,0.666932523465976,13.9325,16.68,11.97,4.709999999999999,92.99875000000002,2.279583333333333,2
UKP_0023,2018-08-29,4.4144,7.49325,0.5891168718513329,12.965833333333334,15.18,11.07,4.109999999999999,92.97541666666666,2.205833333333333,2
UKP_0023,2018-08-30,5.27553,7.60226,0.6939423276762436,14.072916666666666,17.51,11.0,6.510000000000002,90.315,2.63875,2
UKP_0023,2018-08-31,5.07494,7.55857,0.6714153603128634,13.952916666666669,17.49,10.77,6.719999999999999,90.32,2.348333333333333,2
UKP_0023,2018-09-01,3.59717,7.26167,0.4953640140628808,13.405,16.51,11.04,5.470000000000002,91.69041666666668,2.12625,2
UKP_0023,2018-09-02,4.4731000000000005,7.217659999999999,0.6197437950804001,12.242916666666666,14.38,10.31,4.07,95.29416666666668,2.2891666666666666,2
UKP_0023,2018-09-03,3.63997,7.29017,0.4992983702712008,13.080833333333333,16.09,10.28,5.8100000000000005,90.86833333333334,1.8995833333333327,2
UKP_0023,2018-09-04,3.9734,7.33671,0.541577900721168,12.686666666666667,15.76,10.27,5.49,92.775,2.05625,2
UKP_0023,2018-09-05,4.50559,7.393269999999999,0.6094177542548832,12.525,15.46,10.13,5.33,89.65875,1.5179166666666666,2
UKP_0023,2018-09-06,5.77467,7.39474,0.7809158942707926,13.545,17.58,10.43,7.149999999999999,84.38250000000001,1.8425,2
UKP_0023,2018-09-07,5.08817,7.40752,0.6868925092338596,12.310416666666669,15.41,10.27,5.140000000000001,88.83416666666666,1.38375,2
UKP_0023,2018-09-08,4.22137,7.17367,0.5884533300249384,13.28375,16.67,10.66,6.010000000000002,89.41333333333334,1.92125,2
UKP_0023,2018-09-09,5.19679,7.24929,0.7168688243952166,13.23125,17.25,10.14,7.109999999999999,91.12541666666664,1.83125,2
UKP_0023,2018-09-10,5.43857,7.2972,0.7452954557912623,13.032083333333333,17.11,9.73,7.379999999999999,87.1275,1.7908333333333333,2
UKP_0023,2018-09-11,4.356109999999999,7.19237,0.6056571060721292,12.727083333333333,16.35,8.43,7.920000000000002,90.20416666666668,2.5729166666666665,2
UKP_0023,2018-09-12,5.04321,7.173430000000001,0.7030402471342161,12.00125,15.67,8.34,7.33,90.08541666666667,2.6341666666666668,2
UKP_0023,2018-09-13,4.26205,7.014849999999999,0.6075753579905487,11.3,15.31,7.77,7.540000000000001,92.16916666666668,2.28,2
UKP_0023,2018-09-14,5.33578,7.342560000000001,0.7266920529079774,10.90125,15.98,7.45,8.530000000000001,77.79458333333334,2.0404166666666668,2
UKP_0023,2018-09-15,6.277340000000001,7.38546,0.8499592442447729,10.875833333333333,16.33,6.3,10.029999999999998,69.29291666666667,1.9875,2
UKP_0023,2018-09-16,5.754029999999999,7.452229999999999,0.7721219017663169,10.1225,15.64,5.85,9.79,68.4375,2.0508333333333333,2
UKP_0023,2018-09-17,6.00046,7.32366,0.8193253100225844,9.98875,15.28,6.0,9.28,69.67708333333333,2.1708333333333334,2
UKP_0023,2018-09-18,6.664569999999999,7.45309,0.8942022704676851,10.895416666666668,15.99,5.9,10.09,66.69958333333334,1.87125,2
UKP_0023,2018-09-19,6.66371,7.34999,0.9066284443924414,11.57,17.02,6.56,10.46,69.30291666666666,2.1054166666666667,2
UKP_0023,2018-09-20,5.49713,7.08248,0.7761589160858908,11.151666666666666,16.25,7.11,9.14,77.63041666666668,2.34625,2
UKP_0023,2018-09-21,5.56982,6.98928,0.7969089806103061,11.642083333333334,16.5,7.27,9.23,80.93083333333333,1.9483333333333333,2
UKP_0023,2018-09-22,1.79614,6.62849,0.2709727253114963,9.510416666666666,12.98,6.95,6.03,92.19,1.9016666666666664,2
UKP_0023,2018-09-23,1.46493,6.54732,0.2237449826799362,8.82375,12.62,5.87,6.749999999999999,91.51625,2.450416666666667,2
UKP_0023,2018-09-24,1.64153,6.4331700000000005,0.2551665819494899,9.16375,14.37,5.96,8.41,85.70666666666666,2.4691666666666667,2
UKP_0023,2018-09-25,4.885730000000001,6.83398,0.7149172224677276,10.312916666666666,14.01,6.72,7.29,86.53500000000001,1.96375,2
UKP_0023,2018-09-26,5.40195,7.090769999999999,0.7618284050956385,10.580833333333333,15.43,6.5,8.93,81.9525,2.0454166666666667,2
UKP_0023,2018-09-27,5.38114,6.90558,0.7792451901216119,10.557916666666666,15.37,6.81,8.559999999999999,79.74041666666666,1.961666666666667,2
UKP_0023,2018-09-28,4.01382,6.78415,0.5916467059248396,9.925833333333332,14.49,6.19,8.3,79.26,2.067083333333333,2
UKP_0023,2018-09-29,4.94805,6.8481000000000005,0.7225434792132124,9.603333333333332,14.49,5.66,8.83,73.03750000000001,1.9725,2
UKP_0023,2018-09-30,5.3852,6.98724,0.7707191967071405,9.557916666666667,15.05,5.15,9.9,65.90791666666667,1.89875,2
UKP_0023,2018-10-01,5.11462,7.01435,0.7291652113168005,8.715416666666666,14.24,4.53,9.71,65.04958333333333,2.0620833333333333,2
UKP_0023,2018-10-02,5.45183,6.79069,0.8028388867699748,8.475833333333332,13.58,4.28,9.3,73.35541666666667,1.935,2
UKP_0023,2018-10-03,5.10033,6.71505,0.7595371590680635,7.852916666666666,13.02,4.17,8.85,71.51875,1.9270833333333333,2
UKP_0023,2018-10-04,4.76157,6.57382,0.7243231484890065,6.565416666666667,11.57,2.75,8.82,70.3975,1.905,2
UKP_0023,2018-10-05,5.09422,6.55786,0.7768113378449677,7.099166666666666,12.44,2.59,9.85,66.22291666666666,2.099166666666666,2
UKP_0023,2018-10-06,4.96369,6.51936,0.7613768836204781,6.39,11.69,1.26,10.43,71.93333333333332,2.03625,2
UKP_0023,2018-10-07,4.63861,6.31693,0.7343139784673884,6.074166666666667,11.22,1.18,10.04,69.85125000000001,2.145833333333333,2
UKP_0023,2018-10-08,5.49864,6.54872,0.8396511073919788,7.510416666666667,13.18,2.72,10.46,71.63083333333333,2.1720833333333336,2
UKP_0023,2018-10-09,5.06264,6.369689999999999,0.7948016308485971,7.482083333333333,13.28,3.08,10.2,60.78958333333333,2.106666666666667,2
UKP_0023,2018-10-10,4.91758,5.83508,0.8427613674534026,6.817083333333333,11.76,2.75,9.01,69.28541666666666,1.6245833333333335,2
UKP_0023,2018-10-11,2.44581,5.87917,0.4160128045285303,5.397916666666667,11.57,0.26,11.31,67.54708333333333,1.8091666666666668,2
UKP_0023,2018-10-12,5.19455,6.29635,0.8250097278582036,5.265416666666667,11.46,0.3,11.16,59.68291666666667,1.7525000000000002,2
UKP_0023,2018-10-13,5.0870500000000005,6.294149999999999,0.8082187428008549,5.10625,11.3,0.05,11.25,51.76416666666666,2.072083333333333,2
UKP_0023,2018-10-14,5.24416,6.36436,0.8239885864407419,5.7225,12.12,0.84,11.28,57.74916666666667,2.214166666666667,2
UKP_0023,2018-10-15,5.25982,6.21241,0.8466633721856734,5.549166666666667,12.23,-0.09,12.32,50.26666666666667,2.22625,2
UKP_0023,2018-10-16,5.22135,6.08423,0.8581776165595318,5.7820833333333335,11.89,-0.28,12.17,45.78083333333333,1.6925,2
UKP_0023,2018-10-17,4.30157,5.86508,0.7334205160031918,5.119583333333334,10.86,0.65,10.21,65.94791666666667,1.8775,2
UKP_0023,2018-10-18,4.35725,6.009189999999999,0.7250977253173889,4.845833333333333,10.45,-0.11,10.56,65.69250000000001,1.8945833333333333,2
UKP_0023,2018-10-19,4.5867,5.81441,0.788850459461923,4.379166666666666,10.94,-0.7,11.64,57.63583333333333,1.9554166666666664,2
UKP_0023,2018-10-20,4.53458,5.75241,0.7882922114383363,3.70625,10.06,-0.62,10.68,57.53041666666667,2.154583333333333,2
UKP_0023,2018-10-21,4.40695,5.84458,0.7540233857693796,3.5674999999999994,9.76,-0.64,10.4,53.96,2.0629166666666667,2
UKP_0023,2018-10-22,4.87725,5.81495,0.8387432394087654,3.4154166666666668,9.63,-0.95,10.58,61.85208333333333,2.1325,2
UKP_0023,2018-10-23,3.77956,5.82869,0.6484407302498503,2.34625,7.25,-1.54,8.79,67.10916666666667,2.0591666666666666,2
UKP_0023,2018-10-24,4.75185,5.73201,0.8290023918311378,3.1391666666666667,9.36,-1.9,11.26,63.40708333333333,2.1558333333333333,2
UKP_0023,2018-10-25,4.79594,5.777480000000001,0.8301093210188524,2.9000000000000004,9.06,-1.9,10.96,53.28625,2.2725,2
UKP_0023,2018-10-26,4.55253,5.493320000000001,0.8287392687846329,3.6429166666666655,9.73,-2.05,11.78,54.49333333333333,2.1437500000000003,2
UKP_0023,2018-10-27,4.46078,5.57679,0.7998830868653831,4.21125,9.73,0.16,9.57,65.86833333333333,1.8320833333333333,2
UKP_0023,2018-10-28,4.79947,5.59358,0.8580318865556584,5.927916666666667,12.66,0.51,12.15,48.43875,1.8516666666666663,2
UKP_0023,2018-10-29,4.99301,5.61417,0.8893585338527334,7.50875,14.99,2.12,12.87,45.44083333333333,2.00875,2
UKP_0023,2018-10-30,4.90408,5.472309999999999,0.8961626808422769,7.416666666666667,14.15,3.0,11.15,60.61000000000001,2.0591666666666666,2
UKP_0023,2018-10-31,4.9423,5.5236,0.8947606633355059,6.45625,13.22,1.37,11.85,55.4825,2.1404166666666664,2
UKP_0023,2018-11-01,4.20277,5.32058,0.7899082430862802,5.579583333333333,11.81,1.32,10.49,47.73,1.59,2
UKP_0023,2018-11-02,4.5230500000000005,5.218430000000001,0.8667453621108264,3.8395833333333336,10.51,-0.38,10.89,57.39958333333333,2.06375,2
UKP_0023,2018-11-03,0.62315,3.84235,0.1621793954220724,1.2591666666666663,5.57,-2.21,7.78,87.12541666666668,2.92,2
UKP_0023,2018-11-04,3.30787,4.63495,0.7136797592207036,0.27,6.18,-5.12,11.3,66.07916666666667,1.9,2
UKP_0023,2018-11-05,4.27275,5.17183,0.8261582457273345,0.4283333333333332,7.75,-5.25,13.0,43.91,2.3895833333333334,2
UKP_0023,2018-11-06,4.50422,5.50733,0.8178591077709163,2.3858333333333337,11.21,-5.78,16.990000000000002,35.69583333333333,2.4858333333333333,2
UKP_0023,2018-11-07,4.5103800000000005,5.31415,0.8487490943989162,4.007916666666667,12.2,-4.78,16.98,44.13916666666666,2.189583333333333,2
UKP_0023,2018-11-08,4.2725100000000005,5.07211,0.8423535767165935,4.0616666666666665,10.71,0.17,10.54,50.615,2.120416666666667,2
UKP_0023,2018-11-09,4.00406,4.9896400000000005,0.802474727635661,3.865,10.33,-0.32,10.65,53.50666666666667,2.0508333333333333,2
UKP_0023,2018-11-10,3.094,4.77351,0.6481603683662546,3.08625,9.06,-0.41,9.47,53.34916666666666,2.1016666666666666,2
UKP_0023,2018-11-11,2.90036,4.74124,0.6117302646565035,3.1975,9.08,-2.44,11.52,56.32750000000001,2.0329166666666665,2
UKP_0023,2018-11-12,3.63637,4.59916,0.7906595987093296,2.99,9.02,-2.47,11.49,60.23791666666667,1.925,2
UKP_0023,2018-11-13,2.49623,4.48112,0.5570549326953976,1.367916666666667,6.18,-2.93,9.11,79.75083333333333,1.8445833333333328,2
UKP_0023,2018-11-14,2.98736,4.34045,0.6882604338259859,0.59875,6.47,-3.75,10.22,80.07208333333334,1.7229166666666669,2
UKP_0023,2018-11-15,3.25426,4.542020000000001,0.716478571208405,1.0016666666666667,6.61,-4.29,10.9,55.50708333333333,1.8666666666666665,2
UKP_0023,2018-11-16,4.23067,4.89465,0.8643457652743302,1.8433333333333333,9.05,-3.28,12.33,47.03125,2.222916666666667,2
UKP_0023,2018-11-17,4.25314,4.98949,0.8524197863909939,2.807916666666667,9.38,-3.19,12.57,44.92291666666667,1.7566666666666666,2
UKP_0023,2018-11-18,4.03636,4.650399999999999,0.8679597453982455,2.861666666666667,8.9,-0.72,9.62,51.16041666666666,1.69625,2
UKP_0023,2018-11-19,3.39197,4.02259,0.8432303565613198,1.8754166666666665,8.02,-3.16,11.18,64.21958333333333,2.0429166666666667,2
UKP_0023,2018-11-20,4.04706,4.66248,0.8680058681216862,2.6670833333333337,9.66,-4.42,14.08,38.255833333333335,2.0004166666666667,2
UKP_0023,2018-11-21,4.24024,4.87579,0.8696518923087335,4.9875,11.4,0.58,10.82,28.166666666666668,1.7479166666666668,2
UKP_0023,2018-11-22,3.55073,4.66233,0.7615784382486869,3.919166666666667,11.3,-2.47,13.77,33.35375,1.7458333333333331,2
UKP_0023,2018-11-23,4.166189999999999,4.70652,0.8851954310190967,4.049166666666667,11.03,-3.57,14.6,29.4675,2.4058333333333333,2
UKP_0023,2018-11-24,4.13808,4.69424,0.8815228876239817,6.838333333333334,14.34,1.61,12.73,29.59583333333333,1.9320833333333327,2
UKP_0023,2018-11-25,4.16364,4.6691400000000005,0.8917359513743429,5.615416666666667,12.39,1.35,11.04,39.27458333333333,2.1620833333333334,2
UKP_0023,2018-11-26,4.13455,4.67786,0.8838550106245163,6.1570833333333335,14.16,-0.13,14.29,32.847500000000004,1.8825,2
UKP_0023,2018-11-27,3.42555,4.411479999999999,0.7765081106567412,6.7,12.59,2.36,10.23,40.49125,1.7395833333333333,2
UKP_0023,2018-11-28,2.23731,4.27741,0.5230525013968733,5.267916666666666,11.05,1.45,9.6,41.12916666666667,1.288333333333333,2
UKP_0023,2018-11-29,3.51772,4.49087,0.7833047939486112,4.06125,10.38,-0.98,11.36,40.07,1.4704166666666667,2
UKP_0023,2018-11-30,3.82263,4.35635,0.8774845914584458,1.3941666666666668,8.66,-4.31,12.97,41.89375,2.52625,2
UKP_0023,2018-12-01,3.94839,4.5236,0.8728424263860641,2.6475,10.08,-3.31,13.39,45.70583333333334,1.8033333333333332,2
UKP_0023,2018-12-02,3.5589,4.35875,0.8164955549182679,0.8154166666666667,7.08,-3.5,10.58,54.95708333333334,2.119166666666666,2
UKP_0023,2018-12-03,3.70481,4.43789,0.8348133910484486,2.7375000000000003,8.64,-3.6,12.24,43.39416666666667,1.6145833333333333,2
UKP_0023,2018-12-04,3.34301,4.2456700000000005,0.7873928025494208,2.43125,8.34,-1.09,9.43,53.63541666666666,1.6595833333333332,2
UKP_0023,2018-12-05,3.3565500000000004,4.31299,0.778242008444258,1.0845833333333332,7.3,-4.19,11.49,60.625,1.4475,2
UKP_0023,2018-12-06,2.3756,3.98688,0.5958544024400032,-1.877916666666667,4.98,-6.97,11.95,57.99,2.34,2
UKP_0023,2018-12-07,3.6321,4.199409999999999,0.864907213156134,-0.3695833333333334,7.19,-8.0,15.19,39.748333333333335,2.074583333333333,2
UKP_0023,2018-12-08,3.58556,4.24925,0.843810084132494,0.0895833333333333,6.83,-4.2,11.03,45.93125,2.000833333333333,2
UKP_0023,2018-12-09,3.80317,4.32917,0.8784986498566699,-0.3308333333333333,6.47,-5.27,11.739999999999998,44.88666666666666,1.6895833333333332,2
UKP_0023,2018-12-10,2.88902,4.12612,0.7001783758106889,-2.305416666666667,4.02,-6.48,10.5,63.51458333333333,1.9470833333333333,2
UKP_0023,2018-12-11,2.49985,3.98249,0.6277103018463324,-3.3954166666666663,1.93,-6.81,8.74,75.61291666666666,1.8570833333333332,2
UKP_0023,2018-12-12,1.2817,3.65172,0.3509852891240292,-3.92625,-1.68,-6.53,4.8500000000000005,77.02458333333333,1.74875,2
UKP_0023,2018-12-13,1.69036,3.53728,0.4778700018092998,-4.345833333333333,-0.24,-7.35,7.109999999999999,91.84458333333332,1.85,2
UKP_0023,2018-12-14,2.6289,4.26057,0.617030115688746,-4.765,0.52,-9.65,10.17,61.83125,2.0925,2
UKP_0023,2018-12-15,3.51491,4.43436,0.7926532802929848,-2.2479166666666663,5.8,-10.95,16.75,29.80333333333333,2.3320833333333333,2
UKP_0023,2018-12-16,3.83253,4.438980000000001,0.8633807766649093,-1.3295833333333331,6.69,-7.98,14.670000000000002,25.95458333333333,2.4025,2
UKP_0023,2018-12-17,3.07514,4.35172,0.7066493248646512,-1.044166666666667,6.4,-7.22,13.62,21.81833333333333,2.1925,2
UKP_0023,2018-12-18,3.83662,4.322649999999999,0.8875620279226865,0.8270833333333334,8.06,-7.82,15.88,25.4875,2.16,2
UKP_0023,2018-12-19,3.524,4.2109700000000005,0.836861815686172,3.1908333333333334,10.85,-2.11,12.96,28.563333333333333,1.4275,2
UKP_0023,2018-12-20,3.87469,4.35755,0.88919002650572,0.0908333333333333,6.61,-3.59,10.2,19.640416666666667,1.3770833333333332,2
UKP_0023,2018-12-21,3.81827,4.43858,0.8602458443916748,0.2645833333333334,6.85,-3.7,10.55,17.01,1.8258333333333332,2
UKP_0023,2018-12-22,3.7534,4.35231,0.8623926144966696,1.0270833333333331,8.4,-3.22,11.62,14.277500000000002,1.50375,2
UKP_0023,2018-12-23,2.78478,4.21147,0.6612370502461136,-0.3641666666666666,6.85,-4.75,11.6,17.68,1.4595833333333337,2
UKP_0023,2018-12-24,3.63214,4.21629,0.861454027118628,-1.44375,5.59,-5.71,11.3,27.914583333333336,1.507083333333333,2
UKP_0023,2018-12-25,3.95046,4.41869,0.8940342047077302,-2.24375,4.0,-6.46,10.46,30.969583333333333,1.4316666666666666,2
UKP_0023,2018-12-26,3.77617,4.40456,0.8573319468914035,-4.194583333333333,3.13,-9.9,13.03,57.30625,2.36875,2
UKP_0023,2018-12-27,3.08034,4.17013,0.7386676194746926,-6.239999999999999,-0.27,-10.23,9.96,51.739583333333336,2.5304166666666665,2
UKP_0023,2018-12-28,3.68627,4.4909300000000005,0.820825530569392,-4.715833333333333,3.85,-11.4,15.25,20.00625,3.064166666666667,2
UKP_0023,2018-12-29,3.93972,4.37866,0.899754719480389,-1.2595833333333333,7.13,-11.33,18.46,21.304583333333333,2.2275,2
UKP_0023,2018-12-30,3.59371,4.16546,0.8627402495762773,0.0595833333333333,7.09,-4.54,11.63,35.48291666666667,2.0404166666666668,2
UKP_0023,2018-12-31,3.60775,4.2415,0.8505835199811387,-0.2854166666666667,6.97,-5.27,12.239999999999998,30.617500000000003,2.181666666666666,2
UKP_0023,2019-01-01,3.45772,4.19665,0.8239238440184432,-0.2504166666666667,6.66,-5.38,12.04,33.288333333333334,1.6416666666666666,2
UKP_0023,2019-01-02,1.86573,3.83296,0.4867595800634497,-4.30875,1.18,-8.63,9.81,68.60958333333333,2.2666666666666666,2
UKP_0023,2019-01-03,3.55682,4.28416,0.830225761876307,-3.969583333333333,2.49,-7.88,10.37,34.525,2.688333333333333,2
UKP_0023,2019-01-04,3.45362,4.3365100000000005,0.7964054043458909,-1.0570833333333334,5.74,-6.76,12.5,39.22166666666667,1.65125,2
UKP_0023,2019-01-05,1.63598,4.0603,0.4029209664310519,-3.25875,1.57,-6.19,7.760000000000001,72.08624999999999,2.2445833333333334,2
UKP_0023,2019-01-06,1.15947,3.52152,0.3292527090574524,-5.394583333333333,-2.44,-7.56,5.119999999999999,85.13708333333334,1.73625,2
UKP_0023,2019-01-07,2.43475,3.5723700000000003,0.6815503433294984,-4.182083333333334,0.99,-6.8,7.79,58.26333333333333,1.7120833333333334,2
UKP_0023,2019-01-08,2.3816,4.123679999999999,0.5775423893221588,-1.55625,4.4,-6.42,10.82,50.17124999999999,1.7604166666666667,2
UKP_0023,2019-01-09,2.73564,4.38307,0.6241378759636511,-2.44875,3.82,-6.69,10.51,51.11875,2.0091666666666668,2
UKP_0023,2019-01-10,2.44693,4.33959,0.5638620238317444,-1.0979166666666669,5.72,-5.92,11.64,38.32041666666667,1.6466666666666667,2
UKP_0023,2019-01-11,2.21336,4.222519999999999,0.5241798736299652,-4.124583333333333,1.57,-8.29,9.86,64.22500000000001,2.01,2
UKP_0023,2019-01-12,2.9158000000000004,4.301810000000001,0.6778077134973418,-3.6566666666666663,3.15,-8.25,11.4,69.31791666666668,2.512083333333333,2
UKP_0023,2019-01-13,1.91747,3.85207,0.497776520156695,-5.26375,0.41,-9.94,10.35,80.62583333333333,2.4345833333333333,2
UKP_0023,2019-01-14,3.94648,4.61537,0.8550733743990191,-3.3679166666666664,4.77,-9.64,14.41,24.26625,2.7416666666666667,2
UKP_0023,2019-01-15,3.57207,4.67008,0.764884113334247,1.184583333333333,9.32,-7.65,16.97,24.217916666666667,2.2062500000000003,2
UKP_0023,2019-01-16,2.34396,4.15374,0.5643010876944633,0.9066666666666668,7.7,-4.54,12.24,47.62083333333334,1.7308333333333332,2
UKP_0023,2019-01-17,3.05777,4.43935,0.6887877729847838,-2.0641666666666665,4.49,-7.07,11.56,46.017500000000005,2.0516666666666667,2
UKP_0023,2019-01-18,3.77351,4.758780000000001,0.7929574386712559,-0.9475,6.0,-7.57,13.57,30.745,1.9854166666666664,2
UKP_0023,2019-01-19,3.67368,4.55401,0.8066912457372734,1.3608333333333336,7.62,-4.18,11.8,50.06458333333333,2.2033333333333336,2
UKP_0023,2019-01-20,2.75072,4.65892,0.5904200973616203,2.1175,7.41,-1.46,8.870000000000001,43.32083333333333,1.5820833333333333,2
UKP_0023,2019-01-21,1.35211,4.429930000000001,0.3052215272024614,-1.57875,3.05,-5.47,8.52,75.82833333333333,2.32875,2
UKP_0023,2019-01-22,0.45635,3.93455,0.1159853096288012,-4.229166666666667,-1.81,-6.03,4.220000000000001,96.81541666666668,4.20125,2
UKP_0023,2019-01-23,0.82759,3.95073,0.209477742088171,-6.155833333333334,-3.19,-11.17,7.98,98.58041666666666,2.2379166666666666,2
UKP_0023,2019-01-24,3.26867,4.7158,0.6931316001526783,-6.521666666666667,-1.11,-12.11,11.0,72.67583333333333,1.7804166666666663,2
UKP_0023,2019-01-25,0.95345,4.35512,0.2189262293576296,-8.106666666666667,-3.48,-14.58,11.1,94.34458333333332,2.8275,2
UKP_0023,2019-01-26,3.35517,5.003559999999999,0.6705565637266268,-8.544583333333334,-2.66,-14.63,11.97,62.55,1.71,2
UKP_0023,2019-01-27,1.94062,4.980729999999999,0.3896256171284129,-8.825833333333334,-5.06,-14.06,9.0,86.89,1.5945833333333337,2
UKP_0023,2019-01-28,3.34958,4.837,0.6924912135621253,-10.582916666666668,-2.38,-18.23,15.85,72.9225,2.7304166666666667,2
UKP_0023,2019-01-29,3.70844,5.1116,0.7254949526567024,-5.942083333333334,1.17,-18.18,19.35,48.82708333333333,2.1979166666666665,2
UKP_0023,2019-01-30,2.65526,4.91134,0.5406386037211841,-2.5500000000000003,2.06,-5.66,7.720000000000001,67.24916666666667,1.3637499999999998,2
UKP_0023,2019-01-31,1.1612,4.71708,0.2461692402927234,-3.3925,2.05,-8.2,10.25,85.87583333333333,2.2775000000000003,2
UKP_0023,2019-02-01,1.48959,4.269550000000001,0.3488868850347226,-5.67625,-0.73,-10.42,9.69,88.74000000000001,2.5658333333333334,2
UKP_0023,2019-02-02,3.77234,5.16593,0.730234439878202,-5.255833333333333,2.38,-11.74,14.12,56.06583333333333,2.04375,2
UKP_0023,2019-02-03,4.04583,5.41654,0.7469399284414034,-4.324166666666667,3.5,-11.14,14.64,42.38041666666667,2.1775,2
UKP_0023,2019-02-04,4.3344,5.4498,0.7953319387867445,-0.3254166666666666,6.69,-11.28,17.97,40.865833333333335,1.5170833333333331,2
UKP_0023,2019-02-05,2.84518,4.736149999999999,0.600736885444929,-1.6654166666666663,4.26,-7.2,11.46,49.52125,1.43,2
UKP_0023,2019-02-06,2.00297,3.92679,0.5100782063721259,-2.517916666666667,2.96,-6.92,9.88,84.78125,2.419583333333333,2
UKP_0023,2019-02-07,0.99051,4.36358,0.2269948070162573,-2.0075,0.52,-3.96,4.48,99.12916666666666,5.8,2
UKP_0023,2019-02-08,2.99029,5.18764,0.5764258892290135,-6.501666666666666,-2.37,-14.98,12.61,85.93208333333332,3.50375,2
UKP_0023,2019-02-09,4.11461,5.50104,0.7479694748629351,-6.525416666666666,1.45,-16.62,18.07,60.45125,2.6575,2
UKP_0023,2019-02-10,3.3413600000000003,5.48738,0.6089171881663017,-2.252083333333333,3.37,-6.83,10.2,58.9925,1.6616666666666668,2
UKP_0023,2019-02-11,3.09875,5.26227,0.5888618409925754,-1.415,3.93,-5.34,9.27,66.74416666666667,2.027083333333333,2
UKP_0023,2019-02-12,3.73045,5.38067,0.6933058522451664,-0.3633333333333333,4.68,-5.63,10.31,61.02875,1.69375,2
UKP_0023,2019-02-13,3.11537,5.32073,0.585515521366429,2.265416666666667,6.95,-2.02,8.97,70.4025,1.2566666666666666,2
UKP_0023,2019-02-14,0.70258,4.79455,0.1465372141285418,-1.15625,2.15,-4.8,6.949999999999999,91.02541666666669,1.5708333333333335,2
UKP_0023,2019-02-15,3.07718,5.01839,0.6131807213070327,-2.77875,2.48,-6.91,9.39,86.90458333333333,1.3425,2
UKP_0023,2019-02-16,2.65377,4.91377,0.5400680129513591,-6.02625,0.75,-13.28,14.03,75.83458333333333,2.3779166666666667,2
UKP_0023,2019-02-17,4.02576,5.93541,0.6782614848847847,-2.388333333333333,4.63,-13.44,18.07,57.73291666666666,1.8133333333333332,2
UKP_0023,2019-02-18,2.09329,5.56511,0.3761453053039383,-2.525416666666666,2.54,-7.11,9.65,86.02166666666666,2.71375,2
UKP_0023,2019-02-19,3.0289200000000003,5.23902,0.5781462945360011,-4.62125,0.58,-9.46,10.04,85.555,2.6358333333333333,2
UKP_0023,2019-02-20,2.9651,5.83492,0.5081646363617667,-1.4662499999999998,3.95,-8.42,12.37,75.68791666666667,1.4925,2
UKP_0023,2019-02-21,1.32942,5.51449,0.2410775973843456,0.5650000000000001,3.19,-3.16,6.35,96.64166666666668,3.24375,2
UKP_0023,2019-02-22,3.02957,5.62547,0.5385452237768578,-1.905,3.52,-9.88,13.4,85.97166666666668,2.62875,2
UKP_0023,2019-02-23,4.59753,6.35317,0.723659212645026,-1.997083333333333,4.01,-10.51,14.52,56.91166666666667,1.575416666666667,2
UKP_0023,2019-02-24,1.54869,5.895809999999999,0.2626763752563261,-3.74,0.13,-9.15,9.28,81.94041666666666,2.4691666666666667,2
UKP_0023,2019-02-25,2.25187,5.77707,0.3897944805931034,-6.009583333333333,-1.09,-10.52,9.43,74.91291666666667,1.935,2
UKP_0023,2019-02-26,3.17537,5.9080900000000005,0.5374613453755782,-5.713333333333334,-1.72,-10.29,8.569999999999999,86.31791666666668,2.1404166666666664,2
UKP_0023,2019-02-27,1.00694,5.839519999999999,0.1724354056497794,-7.199166666666667,-4.1,-11.49,7.390000000000001,94.72458333333331,1.5179166666666666,2
UKP_0023,2019-02-28,4.70768,6.40762,0.7347002475177992,-7.043333333333333,-1.37,-11.58,10.21,70.0325,1.8258333333333332,2
UKP_0023,2019-03-01,4.920109999999999,6.5019800000000005,0.756709494646246,-3.753333333333333,3.28,-10.18,13.46,57.494166666666665,2.33,2
UKP_0023,2019-03-02,1.82338,6.40589,0.2846411661767529,-0.8966666666666666,3.34,-3.95,7.29,78.75041666666667,1.4533333333333334,2
UKP_0023,2019-03-03,3.55335,6.12706,0.5799437250492079,-2.7920833333333337,2.19,-9.42,11.61,86.62666666666667,2.0658333333333334,2
UKP_0023,2019-03-04,3.49457,6.07439,0.5752956263921151,-3.3683333333333336,2.41,-10.76,13.17,77.30416666666666,1.8595833333333331,2
UKP_0023,2019-03-05,3.8993,6.04321,0.645236554744912,-4.050416666666667,1.78,-11.85,13.63,79.84791666666666,2.306666666666666,2
UKP_0023,2019-03-06,4.97694,6.70573,0.7421921252421436,-4.309166666666667,3.58,-12.58,16.16,67.88833333333334,2.364583333333333,2
UKP_0023,2019-03-07,4.150930000000001,6.82466,0.6082251716569032,-4.0925,3.08,-10.59,13.67,69.48708333333333,2.4458333333333333,2
UKP_0023,2019-03-08,3.97497,6.52234,0.6094392503304029,-3.0108333333333337,3.35,-10.71,14.06,61.98458333333334,1.8754166666666665,2
UKP_0023,2019-03-09,4.48666,6.71133,0.6685202485945408,-2.609166666666667,4.56,-10.96,15.52,67.89916666666666,2.520833333333333,2
UKP_0023,2019-03-10,5.5599,7.17213,0.7752090383191604,-2.330416666666667,5.43,-11.98,17.41,61.41375,2.3866666666666667,2
UKP_0023,2019-03-11,3.81547,6.71287,0.5683813331704621,-1.345,5.15,-7.19,12.34,67.15291666666667,2.2741666666666664,2
UKP_0023,2019-03-12,4.8091,6.99933,0.687080049090413,0.3374999999999999,5.35,-5.73,11.08,61.83291666666667,1.819583333333333,2
UKP_0023,2019-03-13,2.00136,7.04245,0.2841851912331646,-0.80375,4.55,-5.91,10.46,67.05333333333333,1.7758333333333332,2
UKP_0023,2019-03-14,3.43901,6.8075600000000005,0.5051751288273625,0.19875,4.4,-5.94,10.34,82.33416666666666,3.047916666666667,2
UKP_0023,2019-03-15,3.97469,6.78442,0.5858555337081136,-2.339583333333333,3.36,-11.12,14.48,76.39041666666667,2.3825,2
UKP_0023,2019-03-16,4.9124300000000005,7.26909,0.6757971080286529,0.3137500000000001,6.82,-11.92,18.74,59.34375,2.2158333333333333,2
UKP_0023,2019-03-17,3.99476,7.054309999999999,0.5662864263124247,0.33125,5.08,-5.16,10.24,71.45625,2.3575,2
UKP_0023,2019-03-18,4.41362,7.25007,0.6087692946412931,0.9429166666666668,6.58,-5.36,11.94,70.13416666666667,1.8033333333333332,2
UKP_0023,2019-03-19,5.03125,7.112229999999999,0.7074082249870998,0.94625,6.88,-5.86,12.74,69.22708333333334,1.9229166666666664,2
UKP_0023,2019-03-20,3.65618,6.887479999999999,0.5308443726878337,-0.2295833333333333,5.8,-6.51,12.31,73.715,2.3779166666666667,2
UKP_0023,2019-03-21,4.587149999999999,7.2074,0.6364500374614979,-0.3779166666666667,5.56,-6.98,12.54,63.43208333333333,1.9983333333333333,2
UKP_0023,2019-03-22,5.055890000000001,7.56962,0.6679186009337326,-0.7358333333333332,6.58,-8.87,15.45,61.43833333333333,2.6554166666666665,2
UKP_0023,2019-03-23,5.88534,7.590689999999999,0.7753366294763718,2.3208333333333333,9.24,-8.6,17.84,41.6025,1.7379166666666668,2
UKP_0023,2019-03-24,4.71606,7.40769,0.6366438120385707,3.5050000000000003,10.78,-2.59,13.37,65.635,1.9875,2
UKP_0023,2019-03-25,1.88775,7.15595,0.2638014519385965,1.47875,5.14,-2.22,7.359999999999999,85.24958333333333,1.7929166666666667,2
UKP_0023,2019-03-26,4.6869700000000005,7.60434,0.6163546080264691,2.2570833333333336,9.9,-5.14,15.04,58.094166666666666,2.7529166666666662,2
UKP_0023,2019-03-27,5.117310000000001,7.5439,0.6783374647065842,6.439166666666666,13.71,-5.53,19.24,45.52166666666667,2.0883333333333334,2
UKP_0023,2019-03-28,5.59822,7.38878,0.7576650001759425,7.11,13.49,1.99,11.5,56.711666666666666,2.0708333333333333,2
UKP_0023,2019-03-29,6.320810000000001,7.481899999999999,0.8448134832061376,7.382083333333333,14.42,1.69,12.73,58.89333333333334,2.380416666666666,2
UKP_0023,2019-03-30,5.085310000000001,7.7203,0.6586933150266182,6.359166666666667,12.7,-0.71,13.41,51.462916666666665,2.1841666666666666,2
UKP_0023,2019-03-31,5.98966,8.00504,0.7482361112499126,5.491666666666667,12.38,-1.06,13.44,46.03333333333333,2.36,2
UKP_0023,2019-04-01,4.587140000000001,7.957689999999999,0.5764411531487154,3.8958333333333335,11.01,-3.84,14.85,56.07875000000001,3.335833333333333,2
UKP_0023,2019-04-02,6.55452,7.80132,0.8401808924643522,5.02625,12.84,-4.14,16.98,49.775,3.078333333333333,2
UKP_0023,2019-04-03,6.76652,7.838019999999999,0.8632945565334103,7.3625,15.26,-1.93,17.19,52.22541666666667,2.5929166666666665,2
UKP_0023,2019-04-04,5.98194,7.55073,0.7922333337306459,7.87625,14.6,1.81,12.79,62.68541666666667,2.41375,2
UKP_0023,2019-04-05,5.465409999999999,7.67872,0.711760553842307,7.829166666666667,14.51,1.72,12.79,66.05916666666667,2.41125,2
UKP_0023,2019-04-06,4.7254000000000005,7.787649999999999,0.6067812497993619,6.812916666666666,13.47,0.99,12.48,67.82291666666667,2.7145833333333336,2
UKP_0023,2019-04-07,5.5430600000000005,7.72789,0.717279878466179,6.220416666666666,12.16,1.24,10.92,65.80416666666666,2.685,2
UKP_0023,2019-04-08,3.82665,7.32446,0.5224480712571302,4.662916666666667,10.88,-0.67,11.55,67.5175,2.5033333333333334,2
UKP_0023,2019-04-09,7.37465,8.08678,0.911938991786595,7.125416666666666,13.5,-0.59,14.09,60.40833333333333,2.3675,2
UKP_0023,2019-04-10,6.6593,8.03881,0.8283937547970409,7.577916666666667,14.49,0.89,13.6,63.50416666666666,2.922083333333333,2
UKP_0023,2019-04-11,6.94448,8.20287,0.8465914978538,8.905833333333334,15.59,1.52,14.07,43.91875,2.370833333333333,2
UKP_0023,2019-04-12,4.3980500000000005,7.94047,0.5538777931281146,8.528333333333334,14.93,2.91,12.02,61.77916666666667,2.3225,2
UKP_0023,2019-04-13,6.24196,8.164399999999999,0.7645338297976582,8.921666666666667,15.46,2.66,12.8,58.82625,2.4933333333333336,2
UKP_0023,2019-04-14,6.78638,8.10427,0.8373832559872759,9.72125,16.26,4.15,12.11,50.85375,2.3466666666666667,2
UKP_0023,2019-04-15,6.57317,8.18845,0.8027367816863998,10.285416666666666,16.73,4.59,12.14,50.98333333333333,2.3229166666666665,2
UKP_0023,2019-04-16,2.73142,7.97245,0.3426073540755978,6.5025,13.92,2.17,11.75,77.02541666666667,2.189583333333333,2
UKP_0023,2019-04-17,1.70256,7.71554,0.2206663435093331,3.1479166666666667,6.65,0.25,6.4,85.57041666666667,2.7175,2
UKP_0023,2019-04-18,3.3360100000000004,8.22059,0.4058115050136304,3.624583333333333,8.48,-0.37,8.85,78.46333333333332,2.4745833333333334,2
UKP_0023,2019-04-19,5.82577,8.268930000000001,0.704537346428135,5.394166666666667,10.09,0.35,9.74,73.49166666666666,2.245,2
UKP_0023,2019-04-20,5.44718,8.07453,0.6746126399926684,7.364166666666667,13.19,1.77,11.42,71.375,2.3779166666666667,2
UKP_0023,2019-04-21,4.7847100000000005,8.38569,0.5705803577284636,7.572500000000001,12.74,2.88,9.86,67.87375,2.7745833333333336,2
UKP_0023,2019-04-22,6.65728,8.37583,0.7948203342235933,8.84625,14.88,3.13,11.75,58.8575,2.6283333333333334,2
UKP_0023,2019-04-23,6.81825,8.37192,0.8144189146575697,10.460416666666667,17.16,4.61,12.55,58.56791666666667,2.7016666666666667,2
UKP_0023,2019-04-24,6.371449999999999,8.40972,0.7576292670861812,10.680833333333332,17.22,5.24,11.98,56.55791666666667,2.966666666666667,2
UKP_0023,2019-04-25,6.63447,8.240369999999999,0.8051179740715528,10.83,17.43,4.84,12.59,48.5825,2.822083333333333,2
UKP_0023,2019-04-26,6.83359,8.574290000000001,0.7969861061382341,10.104166666666666,16.57,2.53,14.04,51.899166666666666,3.0883333333333334,2
UKP_0023,2019-04-27,7.894900000000001,9.01571,0.8756825585561205,11.755833333333332,18.91,3.69,15.22,30.46625,2.88375,2
UKP_0023,2019-04-28,7.63752,9.02305,0.8464454923778546,11.494583333333331,18.87,4.48,14.39,30.476250000000004,2.8166666666666664,2
UKP_0023,2019-04-29,7.57933,8.89447,0.8521395878562747,11.502083333333331,18.76,5.04,13.720000000000002,29.09708333333333,2.4858333333333333,2
UKP_0023,2019-04-30,5.42221,8.383030000000002,0.6468078964288567,10.69,16.66,4.33,12.33,42.611666666666665,3.5620833333333333,2
UKP_0023,2019-05-01,4.02787,8.30764,0.4848392563953181,9.900833333333331,16.49,3.86,12.63,54.13041666666667,4.207083333333333,2
UKP_0023,2019-05-02,4.54587,8.38546,0.5421133724327586,9.18125,15.74,2.93,12.81,55.34625,2.8266666666666667,2
UKP_0023,2019-05-03,5.3428,8.502979999999999,0.628344415722488,7.793333333333333,13.84,0.55,13.29,61.56875,2.65,2
UKP_0023,2019-05-04,7.39953,9.06008,0.8167179539253517,8.490416666666667,14.94,1.54,13.4,39.81791666666667,2.605,2
UKP_0023,2019-05-05,7.08136,9.1059,0.7776672267431006,8.704583333333334,15.48,2.17,13.31,32.5775,3.01625,2
UKP_0023,2019-05-06,7.79234,8.94777,0.8708695015629593,10.327916666666669,17.31,3.07,14.239999999999998,28.56083333333333,2.8891666666666667,2
UKP_0023,2019-05-07,7.52554,9.20192,0.8178228021978022,10.376666666666669,17.22,4.16,13.06,32.42166666666667,3.144166666666667,2
UKP_0023,2019-05-08,7.42782,8.8755,0.8368903160385329,10.875833333333333,18.39,3.02,15.37,29.813333333333333,3.2175,2
UKP_0023,2019-05-09,8.16543,9.14484,0.8929002585064365,12.224583333333332,19.16,3.79,15.37,31.6425,2.7466666666666666,2
UKP_0023,2019-05-10,6.4448,8.486229999999999,0.7594420608444504,12.352916666666667,18.94,6.54,12.400000000000002,49.05375,3.875833333333333,2
UKP_0023,2019-05-11,3.9899,8.63002,0.4623280131448131,9.877083333333331,15.98,3.84,12.14,54.24958333333333,3.3854166666666665,2
UKP_0023,2019-05-12,4.83148,8.63301,0.5596518479649624,9.558333333333334,15.43,4.27,11.16,54.59791666666666,3.3258333333333336,2
UKP_0023,2019-05-13,5.95888,8.73172,0.6824405729913465,9.984583333333331,16.18,4.48,11.7,59.57791666666666,3.26,2
UKP_0023,2019-05-14,2.36522,8.64895,0.2734690338133531,8.793333333333333,14.82,2.93,11.89,66.68916666666667,2.8075,2
UKP_0023,2019-05-15,5.50427,8.735959999999999,0.6300704215678644,10.20125,16.04,3.91,12.13,54.79625000000001,2.575416666666667,2
UKP_0023,2019-05-16,5.018890000000001,8.1612,0.614969612311915,9.7775,15.58,4.51,11.07,64.4325,3.32125,2
UKP_0023,2019-05-17,5.63974,8.53537,0.6607493289687499,8.555833333333334,14.42,2.62,11.8,66.37458333333333,3.26375,2
UKP_0023,2019-05-18,5.24638,8.80183,0.5960555929846407,9.511666666666668,15.85,3.5,12.35,50.90958333333333,2.731666666666667,2
UKP_0023,2019-05-19,6.19468,9.0134,0.6872745024075266,10.788333333333334,16.84,5.42,11.42,54.63166666666667,2.9891666666666663,2
UKP_0023,2019-05-20,6.50689,9.04842,0.7191189179989435,11.597083333333332,18.22,5.76,12.46,47.41125,2.6125000000000003,2
UKP_0023,2019-05-21,6.57409,8.858699999999999,0.7421055008071162,12.254583333333334,18.31,6.21,12.099999999999998,41.5275,2.6154166666666665,2
UKP_0023,2019-05-22,6.75503,8.91739,0.7575120074371537,12.503333333333332,19.49,5.78,13.709999999999996,42.66833333333333,2.8183333333333334,2
UKP_0023,2019-05-23,5.261229999999999,8.6424,0.6087695547533092,11.378749999999998,17.05,6.81,10.240000000000002,54.7725,2.9029166666666666,2
UKP_0023,2019-05-24,2.65535,8.604280000000001,0.308608041579307,11.002083333333331,17.24,4.58,12.659999999999998,65.50041666666667,2.9775000000000005,2
UKP_0023,2019-05-25,5.922689999999999,9.12906,0.6487732581448692,10.250833333333334,16.02,5.68,10.34,55.76333333333333,2.859583333333333,2
UKP_0023,2019-05-26,7.63167,9.32477,0.8184298379477455,11.972916666666668,18.86,5.42,13.44,48.55416666666667,2.9466666666666668,2
UKP_0023,2019-05-27,7.47187,9.34407,0.7996376311393215,11.745,18.58,4.85,13.73,39.02875,3.1125000000000003,2
UKP_0023,2019-05-28,7.28064,9.33966,0.7795401545666545,12.4525,19.34,5.64,13.7,30.11708333333333,3.0066666666666664,2
UKP_0023,2019-05-29,7.7286,9.27167,0.8335715140853805,13.2675,19.91,6.16,13.75,31.2825,2.9758333333333336,2
UKP_0023,2019-05-30,7.88045,9.26657,0.8504171446392786,13.378333333333332,19.79,6.84,12.95,38.719166666666666,2.7099999999999995,2
UKP_0023,2019-05-31,7.66137,9.1023,0.8416960548432814,14.80125,20.83,8.46,12.369999999999996,32.42958333333333,2.63125,2
UKP_0023,2019-06-01,7.41965,8.79402,0.8437153884116707,14.310833333333331,20.6,8.16,12.44,37.41666666666666,2.7320833333333336,2
UKP_0023,2019-06-02,6.37581,8.744530000000001,0.7291198040374954,13.36375,19.68,7.02,12.66,47.774166666666666,3.07375,2
UKP_0023,2019-06-03,6.47488,8.694700000000001,0.744692743855452,13.27625,20.21,6.89,13.32,52.85375,3.232083333333333,2
UKP_0023,2019-06-04,7.5662,8.93225,0.8470654090514709,14.307083333333331,21.37,7.28,14.09,42.60208333333333,3.455,2
UKP_0023,2019-06-05,8.11678,9.10622,0.8913445974290102,15.062083333333334,22.04,7.74,14.3,34.847500000000004,3.1820833333333334,2
UKP_0023,2019-06-06,5.550979999999999,8.733780000000001,0.6355758903933919,13.2675,19.76,5.95,13.810000000000002,54.67916666666667,3.17625,2
UKP_0023,2019-06-07,7.90702,8.98159,0.8803586002033047,12.9575,18.88,7.2,11.68,52.53375,2.7895833333333333,2
UKP_0023,2019-06-08,7.29536,9.12141,0.7998061703179662,13.4175,20.09,6.51,13.58,45.1875,2.994166666666666,2
UKP_0023,2019-06-09,7.3933,9.09102,0.8132530783124445,13.630416666666669,20.2,7.28,12.919999999999998,47.125416666666666,3.171666666666667,2
UKP_0023,2019-06-10,8.100480000000001,9.1849,0.8819344794173047,15.201666666666668,21.69,8.73,12.96,34.7025,2.935416666666667,2
UKP_0023,2019-06-11,7.29641,8.891789999999999,0.8205783087544803,15.4,22.35,9.48,12.87,41.90541666666667,3.1604166666666664,2
UKP_0023,2019-06-12,6.463760000000001,8.36129,0.7730577458741414,12.972916666666668,18.8,6.0,12.8,55.41041666666666,3.02,2
UKP_0023,2019-06-13,7.498369999999999,8.97989,0.8350180236060798,14.082916666666668,20.59,7.51,13.08,51.57625,2.872916666666667,2
UKP_0023,2019-06-14,8.27066,9.34521,0.8850159600479818,14.610833333333334,21.15,7.49,13.659999999999998,33.88583333333333,2.5370833333333334,2
UKP_0023,2019-06-15,7.36964,9.21333,0.7998888566891668,14.92375,21.47,8.51,12.96,31.116666666666664,2.8375,2
UKP_0023,2019-06-16,3.79555,9.06963,0.4184900596826993,14.029166666666669,20.37,6.66,13.71,51.24125,2.9466666666666668,2
UKP_0023,2019-06-17,6.00389,8.86453,0.6772936636234521,12.302083333333334,17.93,5.4,12.53,63.89875,4.1466666666666665,2
UKP_0023,2019-06-18,3.48856,8.88326,0.39271168467432,10.9,16.17,5.51,10.660000000000002,61.2125,2.721666666666667,2
UKP_0023,2019-06-19,6.13612,8.72128,0.7035802084097748,11.920416666666666,17.45,6.33,11.12,65.10000000000001,3.407083333333333,2
UKP_0023,2019-06-20,5.8825,8.623940000000001,0.682112816183786,12.88875,17.99,8.13,9.859999999999998,67.63625,3.5716666666666668,2
UKP_0023,2019-06-21,5.229850000000001,8.77674,0.5958761453569321,13.340416666666668,19.42,7.05,12.37,62.7075,2.9620833333333336,2
UKP_0023,2019-06-22,5.11759,8.82964,0.579592146452177,13.867083333333332,20.01,8.13,11.88,65.07041666666667,2.8883333333333336,2
UKP_0023,2019-06-23,7.2614,8.468950000000001,0.8574144374450197,14.012083333333337,20.14,9.36,10.78,72.21875,2.549166666666667,2
UKP_0023,2019-06-24,3.69153,8.67184,0.4256916640528423,12.965000000000002,16.82,9.68,7.140000000000001,83.45375,2.630416666666666,2
UKP_0023,2019-06-25,4.764519999999999,8.73331,0.5455571827863661,13.492916666666666,18.24,8.06,10.179999999999998,79.05791666666666,2.6375,2
UKP_0023,2019-06-26,6.48717,8.87101,0.7312774982780991,13.57375,18.87,8.6,10.27,68.09041666666667,2.5425,2
UKP_0023,2019-06-27,6.364520000000001,9.13079,0.6970393580402136,14.050416666666663,19.95,8.24,11.71,65.91041666666666,3.154166666666667,2
UKP_0023,2019-06-28,7.93797,9.1943,0.8633577325081844,14.50875,20.03,9.18,10.85,59.13708333333333,2.888333333333333,2
UKP_0023,2019-06-29,6.73608,9.00987,0.7476334286732217,15.28,20.61,10.42,10.19,64.2825,3.0175,2
UKP_0023,2019-06-30,6.3049,8.86644,0.7110971257911856,14.48125,19.62,9.51,10.11,72.42541666666666,2.9933333333333336,2
UKP_0023,2019-07-01,6.85849,8.88343,0.7720542628241568,14.4575,19.97,9.05,10.919999999999998,69.295,2.5375,2
UKP_0023,2019-07-02,4.66574,8.84149,0.5277096959901555,14.99875,21.11,8.61,12.5,61.48916666666667,2.3470833333333334,2
UKP_0023,2019-07-03,5.5698,8.622069999999999,0.6459933635426296,15.670416666666666,21.0,10.28,10.72,75.0825,2.3291666666666666,2
UKP_0023,2019-07-04,3.0214600000000003,8.492090000000001,0.3557969828393246,15.500416666666666,19.99,11.11,8.879999999999999,81.76208333333334,2.3129166666666667,2
UKP_0023,2019-07-05,3.55839,8.53033,0.4171456438379289,15.386666666666663,19.87,11.85,8.020000000000001,80.72791666666667,2.9575,2
UKP_0023,2019-07-06,4.31629,8.651819999999999,0.4988880952215835,14.72125,19.8,10.73,9.07,84.07958333333333,3.188333333333333,2
UKP_0023,2019-07-07,5.89915,8.50637,0.6934979315501206,14.740833333333333,19.33,11.29,8.04,84.43041666666666,3.1625,2
UKP_0023,2019-07-08,5.3937,8.27878,0.6515090387714132,14.221666666666666,17.12,11.09,6.030000000000001,91.36375,3.580416666666667,2
UKP_0023,2019-07-09,3.46119,7.80897,0.4432325902135621,14.077083333333334,17.84,11.01,6.83,90.38791666666668,2.2304166666666667,2
UKP_0023,2019-07-10,5.3435500000000005,8.1323,0.6570773335956618,14.345833333333331,18.64,10.62,8.020000000000001,86.95041666666667,3.0033333333333334,2
UKP_0023,2019-07-11,3.71717,8.0659,0.4608499981403191,14.28125,18.73,10.35,8.38,87.34666666666668,3.0629166666666667,2
UKP_0023,2019-07-12,4.54218,7.76877,0.5846717047872443,14.2925,18.5,10.3,8.2,86.34875,3.66125,2
UKP_0023,2019-07-13,3.6615,8.42026,0.4348440546966483,13.236666666666666,17.21,8.84,8.370000000000001,88.07666666666667,3.2741666666666664,2
UKP_0023,2019-07-14,4.69544,8.31892,0.5644290364614637,12.927916666666668,17.1,9.03,8.070000000000002,85.96166666666666,3.52875,2
UKP_0023,2019-07-15,4.24432,8.55975,0.4958462571920909,12.294583333333334,16.54,8.59,7.949999999999999,88.62333333333333,3.33625,2
UKP_0023,2019-07-16,2.61873,8.46518,0.3093531383857165,11.808333333333332,15.53,8.89,6.639999999999999,86.01791666666666,2.2920833333333333,2
UKP_0023,2019-07-17,2.9643,8.29449,0.357381828177501,12.68625,16.44,8.63,7.81,85.39666666666666,2.39,2
UKP_0023,2019-07-18,5.355600000000001,8.462299999999999,0.6328775864717632,13.840416666666668,17.98,9.97,8.01,83.75208333333333,2.5091666666666668,2
UKP_0023,2019-07-19,4.787640000000001,8.416229999999999,0.5688580278818427,13.272083333333333,17.8,9.24,8.56,83.70666666666666,2.57875,2
UKP_0023,2019-07-20,4.92143,8.28809,0.5937954341712023,14.115833333333333,18.39,10.29,8.100000000000001,82.18958333333333,2.6333333333333333,2
UKP_0023,2019-07-21,5.81462,8.46583,0.6868340139123984,14.419583333333334,18.41,10.43,7.98,84.7075,2.642916666666667,2
UKP_0023,2019-07-22,6.58809,8.293989999999999,0.7943209480599809,15.073333333333332,19.85,10.92,8.930000000000001,82.51583333333333,2.84375,2
UKP_0023,2019-07-23,5.84162,8.524280000000001,0.6852918956205097,15.962083333333332,21.06,10.91,10.15,81.54333333333334,2.6020833333333333,2
UKP_0023,2019-07-24,5.40008,8.12865,0.6643267947322126,15.989166666666668,21.6,11.62,9.980000000000002,79.53750000000001,2.848333333333333,2
UKP_0023,2019-07-25,4.15172,8.00929,0.5183630509071341,14.3425,18.72,9.51,9.21,87.92916666666667,2.6183333333333336,2
UKP_0023,2019-07-26,5.1895500000000006,8.412799999999999,0.6168635888170408,13.236666666666666,16.76,9.91,6.850000000000001,86.85041666666666,1.4729166666666669,2
UKP_0023,2019-07-27,3.24708,8.19055,0.3964422413635226,13.686666666666667,17.05,11.01,6.040000000000001,87.73583333333333,2.445,2
UKP_0023,2019-07-28,5.67072,8.34511,0.6795260937243488,14.75125,18.77,11.44,7.33,85.285,2.525416666666666,2
UKP_0023,2019-07-29,5.71845,8.22437,0.6953055370806517,14.555833333333332,18.19,11.46,6.73,87.64833333333333,2.4825,2
UKP_0023,2019-07-30,4.59844,8.020529999999999,0.573333682437445,14.42375,17.85,11.71,6.140000000000001,89.32083333333333,2.3375,2
UKP_0023,2019-07-31,3.28949,8.1264,0.4047905591651899,13.920833333333334,16.72,11.49,5.229999999999999,91.15708333333332,2.6420833333333333,2
UKP_0023,2019-08-01,4.60313,8.0877,0.5691519220544778,13.347916666666668,17.19,10.49,6.700000000000001,91.57791666666668,2.62625,2
UKP_0023,2019-08-02,4.640890000000001,7.89028,0.5881781128172893,14.19875,17.82,10.79,7.030000000000001,88.99833333333333,3.0829166666666663,2
UKP_0023,2019-08-03,3.72271,7.64709,0.4868139383739435,12.692916666666669,15.34,10.18,5.16,88.96416666666666,2.27375,2
UKP_0023,2019-08-04,5.90109,7.86875,0.7499399523431294,14.5875,19.37,11.64,7.73,85.74458333333332,2.43875,2
UKP_0023,2019-08-05,5.670529999999999,7.93581,0.7145496174933623,14.957916666666668,19.18,11.48,7.699999999999999,88.795,2.9525,2
UKP_0023,2019-08-06,3.14183,7.755269999999999,0.4051219364380609,14.285416666666668,18.36,9.91,8.45,89.31916666666666,3.516666666666667,2
UKP_0023,2019-08-07,3.94164,7.764369999999999,0.5076574145745244,13.902500000000002,17.47,10.57,6.899999999999999,81.25041666666667,2.16375,2
UKP_0023,2019-08-08,5.61544,8.01378,0.7007230046245342,15.140416666666669,19.73,11.66,8.07,83.325,2.2041666666666666,2
UKP_0023,2019-08-09,4.88416,7.70371,0.6340010202876276,14.596666666666666,17.78,11.89,5.890000000000001,89.34875,2.1725,2
UKP_0023,2019-08-10,5.15296,7.84084,0.6571948923839793,14.675833333333337,18.07,11.54,6.530000000000001,90.40375,2.6820833333333334,2
UKP_0023,2019-08-11,4.764729999999999,8.06504,0.5907881424022695,14.574166666666663,18.39,11.49,6.9,89.73833333333333,2.6558333333333333,2
UKP_0023,2019-08-12,4.18017,8.01177,0.5217536199865948,14.467083333333331,18.41,10.84,7.57,90.82166666666666,2.8225,2
UKP_0023,2019-08-13,4.728890000000001,8.02256,0.5894490038092579,14.702083333333334,18.37,11.31,7.0600000000000005,88.98041666666667,3.0529166666666665,2
UKP_0023,2019-08-14,4.746230000000001,7.78811,0.6094200004879233,13.183333333333332,15.6,11.04,4.5600000000000005,91.5425,1.8175,2
UKP_0023,2019-08-15,4.617229999999999,8.056809999999999,0.5730841362772611,14.305833333333334,18.16,11.21,6.949999999999999,90.95791666666666,2.6445833333333333,2
UKP_0023,2019-08-16,4.16718,7.853260000000001,0.5306305916269167,12.894583333333332,15.2,10.47,4.729999999999999,93.52125,1.6608333333333334,2
UKP_0023,2019-08-17,3.95153,7.83833,0.5041290683091935,13.40375,17.46,9.95,7.510000000000002,89.125,2.342083333333333,2
UKP_0023,2019-08-18,1.81731,7.87053,0.2309005873810277,11.95875,14.15,10.29,3.860000000000001,93.03791666666666,2.59125,2
UKP_0023,2019-08-19,4.2965,7.94296,0.540919254283038,12.411666666666669,16.28,8.67,7.610000000000001,80.81333333333333,1.94,2
UKP_0023,2019-08-20,6.94534,8.09646,0.8578242836992956,12.553333333333333,16.9,8.74,8.159999999999998,76.62166666666667,1.905,2
UKP_0023,2019-08-21,5.23725,8.06224,0.6496023437655045,13.215416666666668,17.76,9.41,8.350000000000001,81.23916666666666,1.5408333333333335,2
UKP_0023,2019-08-22,2.95529,7.87401,0.3753221039851359,13.027916666666668,16.78,10.14,6.640000000000001,86.95416666666667,1.5954166666666667,2
UKP_0023,2019-08-23,6.00981,7.8031,0.7701823634196665,13.7725,17.77,10.32,7.449999999999999,86.78708333333333,2.018333333333333,2
UKP_0023,2019-08-24,5.0336300000000005,7.81554,0.6440540256975206,13.578333333333331,17.07,11.13,5.94,89.96541666666667,2.505,2
UKP_0023,2019-08-25,3.92408,7.71287,0.5087704058281807,12.322083333333332,15.01,9.03,5.98,94.42708333333331,2.5620833333333333,2
UKP_0023,2019-08-26,5.20109,7.57574,0.6865454727854968,13.452083333333334,17.53,9.29,8.240000000000002,84.685,2.017916666666667,2
UKP_0023,2019-08-27,5.72012,7.73976,0.7390565082121409,13.290833333333332,17.07,10.34,6.73,82.55416666666666,1.77125,2
UKP_0023,2019-08-28,5.95709,7.76873,0.7668035830824343,14.50625,18.84,10.8,8.04,80.15625,1.9483333333333333,2
UKP_0023,2019-08-29,4.95726,7.60781,0.6516014464083619,14.412916666666668,18.09,11.44,6.65,86.47208333333333,2.0575,2
UKP_0023,2019-08-30,4.86044,7.42846,0.6542998144972174,13.66625,16.84,10.94,5.9,90.705,2.1804166666666664,2
UKP_0023,2019-08-31,4.91467,7.512989999999999,0.6541563345618723,14.175,17.41,11.43,5.98,90.54708333333332,2.217083333333333,2
UKP_0023,2019-09-01,4.152559999999999,7.03952,0.5898924926699547,14.274166666666666,17.76,11.62,6.140000000000002,89.36041666666667,2.5616666666666665,2
UKP_0023,2019-09-02,5.121230000000001,7.324179999999999,0.6992223020187927,14.2,17.57,11.32,6.25,88.71708333333333,2.12375,2
UKP_0023,2019-09-03,4.4016,7.50667,0.586358531812375,14.48375,18.41,11.38,7.029999999999999,88.28250000000001,2.69125,2
UKP_0023,2019-09-04,4.45655,7.097180000000001,0.6279325027687053,14.409999999999998,17.91,11.44,6.470000000000001,90.42208333333332,2.7608333333333337,2
UKP_0023,2019-09-05,5.02901,7.25153,0.6935101971583929,13.35875,16.65,10.82,5.829999999999998,91.47208333333332,1.9629166666666664,2
UKP_0023,2019-09-06,5.6825600000000005,7.420400000000001,0.765802382620883,14.5625,18.84,10.79,8.05,87.07208333333334,2.304583333333333,2
UKP_0023,2019-09-07,5.421810000000001,7.38389,0.7342755647768318,13.470833333333331,17.62,9.29,8.330000000000002,82.66791666666667,1.5683333333333334,2
UKP_0023,2019-09-08,5.310099999999999,7.35246,0.7222208621332179,13.714166666666666,17.98,9.47,8.51,80.15541666666667,1.7825,2
UKP_0023,2019-09-09,6.34393,7.36487,0.8613770507829738,14.363333333333337,19.72,10.3,9.419999999999998,76.82375,2.125,2
UKP_0023,2019-09-10,6.404859999999999,7.41359,0.8639350166383627,14.644166666666663,19.79,10.11,9.68,76.33416666666666,2.2879166666666664,2
UKP_0023,2019-09-11,6.12658,7.33825,0.8348829761864204,14.259166666666664,19.74,10.64,9.099999999999998,79.51166666666667,2.2216666666666667,2
UKP_0023,2019-09-12,4.22734,7.17866,0.5888759183468781,13.440416666666666,18.0,10.01,7.99,84.85291666666667,2.32,2
UKP_0023,2019-09-13,5.08804,7.261559999999999,0.7006813962839942,13.515833333333331,17.57,10.26,7.31,83.42083333333333,2.2591666666666668,2
UKP_0023,2019-09-14,5.19873,7.18544,0.7235089291678729,12.625,15.81,10.07,5.74,89.9525,1.9170833333333333,2
UKP_0023,2019-09-15,4.45916,6.98571,0.6383259539832028,12.874583333333334,17.92,8.79,9.130000000000004,81.26791666666666,1.9941666666666664,2
UKP_0023,2019-09-16,5.98034,7.2109,0.8293472382088228,11.950833333333334,17.77,7.17,10.6,72.28041666666667,2.115,2
UKP_0023,2019-09-17,4.7102,7.1146400000000005,0.6620433359945126,10.667916666666663,16.76,5.48,11.28,61.90625,2.1704166666666667,2
UKP_0023,2019-09-18,5.09689,6.83879,0.7452911991741229,10.932916666666666,16.53,5.36,11.170000000000002,74.16583333333334,1.9991666666666663,2
UKP_0023,2019-09-19,5.410100000000001,7.0227200000000005,0.7703710243324524,11.357916666666666,16.77,6.63,10.14,80.36625,2.1179166666666664,2
UKP_0023,2019-09-20,4.81312,6.93117,0.6944166713556297,11.203333333333331,16.47,6.84,9.63,83.70083333333334,2.224166666666666,2
UKP_0023,2019-09-21,4.59054,6.74605,0.680478205764855,10.649583333333334,15.31,6.79,8.52,79.935,1.98,2
UKP_0023,2019-09-22,3.12709,6.74734,0.4634552282825528,10.627083333333331,14.96,7.03,7.930000000000001,81.20416666666667,1.9075,2
UKP_0023,2019-09-23,5.88716,6.86771,0.8572231500747702,11.45375,15.57,8.08,7.49,80.87833333333333,1.5641666666666667,2
UKP_0023,2019-09-24,4.777489999999999,6.73149,0.7097225131434496,11.944583333333334,16.46,8.58,7.880000000000001,84.13875,2.0970833333333334,2
UKP_0023,2019-09-25,5.380859999999999,6.72091,0.8006147976985258,11.90875,16.96,8.42,8.540000000000001,87.63916666666667,2.4725,2
UKP_0023,2019-09-26,4.44418,6.57322,0.6761039490538884,10.3525,14.33,7.54,6.79,91.73833333333332,1.9916666666666665,2
UKP_0023,2019-09-27,3.31142,6.44424,0.5138573361637679,10.097916666666666,14.31,6.84,7.470000000000001,88.33291666666666,1.9904166666666665,2
UKP_0023,2019-09-28,3.14679,6.43929,0.4886858644353647,9.155416666666666,13.18,5.09,8.09,90.45125,1.92,2
UKP_0023,2019-09-29,2.70955,6.474019999999999,0.4185266650396508,9.35125,14.38,4.91,9.47,85.91833333333334,1.6316666666666668,2
UKP_0023,2019-09-30,2.55975,6.31697,0.4052180080006712,9.2025,13.51,5.42,8.09,88.21291666666667,1.56125,2
UKP_0023,2019-10-01,2.8524000000000003,6.14126,0.4644649469327142,8.82,12.83,5.77,7.0600000000000005,91.62916666666666,1.9466666666666663,2
UKP_0023,2019-10-02,3.72975,6.44392,0.5788014128046283,8.785833333333334,12.97,5.61,7.36,85.11958333333332,1.5566666666666666,2
UKP_0023,2019-10-03,3.90294,6.491569999999999,0.6012320594247618,8.717083333333333,13.59,5.14,8.45,76.9575,1.7954166666666664,2
UKP_0023,2019-10-04,2.92194,6.42647,0.4546726274299888,8.227083333333333,13.17,4.96,8.21,72.865,2.0416666666666665,2
UKP_0023,2019-10-05,4.69901,6.43246,0.7305152305649784,8.2475,13.52,4.61,8.91,65.705,2.1020833333333333,2
UKP_0023,2019-10-06,5.18219,6.41446,0.8078918568359613,9.57625,15.03,5.67,9.36,62.44,1.68375,2
UKP_0023,2019-10-07,3.5171900000000003,6.31338,0.5571009506793508,8.412916666666666,13.82,4.16,9.66,61.55916666666667,1.78,2
UKP_0023,2019-10-08,4.588430000000001,6.32346,0.7256201509932855,7.9325,13.66,3.74,9.92,72.57166666666667,1.9154166666666663,2
UKP_0023,2019-10-09,4.76334,6.09776,0.7811622628637401,6.667916666666667,12.2,2.56,9.64,69.89458333333333,1.9725,2
UKP_0023,2019-10-10,4.77691,6.05693,0.7886685168889189,7.157916666666666,12.62,2.25,10.37,68.28083333333333,2.27125,2
UKP_0023,2019-10-11,5.1442,6.23826,0.8246209680263406,7.4941666666666675,13.15,3.67,9.48,67.65708333333333,1.9975,2
UKP_0023,2019-10-12,4.58188,6.231529999999999,0.7352736807814454,7.257916666666667,12.96,3.05,9.91,65.87791666666666,2.025,2
UKP_0023,2019-10-13,5.33828,6.14124,0.8692511610033153,7.34,13.45,2.71,10.739999999999998,62.52,2.2279166666666668,2
UKP_0023,2019-10-14,5.07171,6.13739,0.8263626720804773,7.390833333333333,13.53,3.36,10.17,68.60708333333334,2.045,2
UKP_0023,2019-10-15,4.55152,6.105510000000001,0.7454774457825799,6.997916666666666,12.83,2.9,9.93,62.61708333333333,2.1591666666666667,2
UKP_0023,2019-10-16,4.83233,5.80114,0.8329966179061357,7.708333333333333,13.76,2.75,11.01,65.48083333333334,1.9529166666666664,2
UKP_0023,2019-10-17,4.45841,5.95556,0.7486130607365218,6.949166666666667,13.15,2.21,10.94,63.05833333333334,1.8216666666666663,2
UKP_0023,2019-10-18,4.53956,5.885940000000001,0.7712548887688286,6.656666666666666,12.98,2.01,10.97,57.895,1.7591666666666663,2
UKP_0023,2019-10-19,3.68698,5.836720000000001,0.6316869748763003,6.09625,12.28,1.94,10.34,60.34625,1.8333333333333333,2
UKP_0023,2019-10-20,4.23925,5.91425,0.7167857293824238,5.0625,11.33,0.34,10.99,63.77375,2.1045833333333333,2
UKP_0023,2019-10-21,4.73277,5.86912,0.8063849435690531,4.880833333333333,11.66,-1.05,12.71,47.3,2.188333333333333,2
UKP_0023,2019-10-22,5.05591,6.02102,0.8397098830430724,5.704166666666667,13.27,-1.41,14.68,46.372083333333336,2.21875,2
UKP_0023,2019-10-23,5.0476,5.86832,0.8601439594296153,4.865833333333334,12.17,-0.62,12.79,49.19708333333333,2.315,2
UKP_0023,2019-10-24,4.78609,5.811109999999999,0.8236102913212795,4.59375,11.65,-1.16,12.81,50.115,2.2425,2
UKP_0023,2019-10-25,4.91518,5.69671,0.8628102887456093,4.126666666666667,11.35,-1.79,13.14,57.026250000000005,2.2825,2
UKP_0023,2019-10-26,4.85607,5.65922,0.8580811489922638,5.03,11.62,0.6,11.02,47.16958333333333,2.384583333333333,2
UKP_0023,2019-10-27,5.09124,5.64403,0.9020575723374964,6.5687500000000005,14.1,1.14,12.96,45.18291666666667,2.4170833333333333,2
UKP_0023,2019-10-28,5.0623000000000005,5.52395,0.9164275563681786,7.232916666666667,13.82,2.66,11.16,46.2325,2.262916666666667,2
UKP_0023,2019-10-29,4.62364,5.37268,0.8605835448975185,7.619583333333334,13.42,3.62,9.8,44.64541666666667,1.63375,2
UKP_0023,2019-10-30,3.46407,5.3548100000000005,0.6469081069169587,5.49875,11.25,-0.11,11.36,52.74208333333333,1.875,2
UKP_0023,2019-10-31,4.28448,5.32394,0.8047573789336471,5.2475,11.7,-0.23,11.93,57.32125,2.408333333333333,2
UKP_0023,2019-11-01,4.85059,5.44651,0.8905868161446505,6.474166666666666,13.66,0.82,12.84,49.38125,2.0191666666666666,2
UKP_0023,2019-11-02,3.86635,5.17255,0.747474649834221,5.682916666666666,12.06,1.77,10.29,54.19,1.7795833333333333,2
UKP_0023,2019-11-03,3.33669,4.74491,0.703214602595202,5.350833333333333,11.39,0.69,10.7,65.53291666666667,1.8404166666666668,2
UKP_0023,2019-11-04,3.65728,5.2182,0.7008700318117359,3.6325,10.52,-1.0,11.52,53.62375,2.4570833333333333,2
UKP_0023,2019-11-05,4.75749,5.339690000000001,0.8909674531667566,5.156666666666667,12.51,-0.22,12.73,36.68541666666667,1.99375,2
UKP_0023,2019-11-06,4.30941,5.12203,0.8413480592655647,4.402916666666667,10.86,0.23,10.63,38.98458333333333,1.81125,2
UKP_0023,2019-11-07,1.46406,4.80448,0.3047280871186892,2.4179166666666667,8.26,-1.52,9.78,70.46916666666667,1.6587500000000002,2
UKP_0023,2019-11-08,3.04422,4.984649999999999,0.6107189070446271,2.76,8.55,-1.73,10.28,71.96791666666667,2.58375,2
UKP_0023,2019-11-09,3.97924,5.07045,0.7847903046080722,3.7575,11.35,-1.8,13.15,51.306666666666665,2.3579166666666667,2
UKP_0023,2019-11-10,4.3853800000000005,5.11623,0.8571506753996596,4.154166666666667,11.12,-2.53,13.65,29.74833333333333,1.924583333333333,2
UKP_0023,2019-11-11,3.04375,4.91026,0.6198755259395633,4.785,11.14,1.16,9.98,35.515,1.8158333333333327,2
UKP_0023,2019-11-12,3.9572,4.95096,0.7992793316851681,6.1883333333333335,13.22,1.8,11.42,29.754166666666663,2.006666666666667,2
UKP_0023,2019-11-13,3.22459,4.81821,0.6692506138171646,7.228333333333333,12.58,3.8,8.780000000000001,29.140416666666667,1.3079166666666666,2
UKP_0023,2019-11-14,2.21422,4.56268,0.4852893474887565,5.180000000000001,9.84,2.01,7.83,51.28541666666666,1.7445833333333332,2
UKP_0023,2019-11-15,1.78185,4.513520000000001,0.3947805703752281,5.288333333333333,10.98,1.61,9.37,45.44125,1.785,2
UKP_0023,2019-11-16,3.13827,4.55914,0.6883469250779751,5.469166666666666,12.05,0.68,11.37,43.37458333333333,2.0079166666666666,2
UKP_0023,2019-11-17,4.1759,4.87201,0.8571205724126181,5.127083333333333,12.32,-0.34,12.66,36.52583333333333,2.017916666666667,2
UKP_0023,2019-11-18,4.21869,4.98359,0.8465162663862796,3.877916666666667,11.09,-0.33,11.42,28.13875,1.8383333333333327,2
UKP_0023,2019-11-19,4.14001,4.86218,0.8514719734769177,4.3758333333333335,11.09,-0.66,11.75,36.00541666666667,1.872083333333333,2
UKP_0023,2019-11-20,3.46633,4.62353,0.7497150445655161,4.21,10.84,0.35,10.49,37.44083333333334,1.4391666666666667,2
UKP_0023,2019-11-21,3.44638,4.42421,0.77898201034761,4.508333333333334,10.36,0.0,10.36,36.5325,1.5795833333333331,2
UKP_0023,2019-11-22,2.4661500000000003,4.21583,0.5849737774056356,6.609583333333333,12.27,2.32,9.95,51.49375,1.7320833333333334,2
UKP_0023,2019-11-23,1.53156,4.422149999999999,0.3463383195956718,3.82875,9.19,0.46,8.729999999999999,59.80041666666667,1.875,2
UKP_0023,2019-11-24,2.62759,4.69474,0.559688076442998,3.657083333333333,10.38,-1.33,11.71,37.165416666666665,1.88,2
UKP_0023,2019-11-25,3.10028,4.537859999999999,0.6832030957323496,1.6166666666666665,8.87,-2.64,11.51,42.73541666666667,2.181666666666666,2
UKP_0023,2019-11-26,1.99619,4.26767,0.4677470376106869,0.5729166666666666,4.3,-2.58,6.88,74.46583333333334,2.085,2
UKP_0023,2019-11-27,0.98704,3.6216,0.2725425226419262,0.84625,6.2,-2.81,9.01,81.74125,2.855,2
UKP_0023,2019-11-28,0.89924,2.84824,0.3157177765918603,-1.5816666666666668,3.25,-5.49,8.74,88.07416666666667,2.8433333333333333,2
UKP_0023,2019-11-29,2.38827,3.70003,0.6454731448123393,-4.08875,3.17,-9.64,12.81,60.625416666666666,1.8804166666666668,2
UKP_0023,2019-11-30,3.48103,4.52398,0.7694618455430837,-3.0704166666666666,4.6,-9.23,13.83,39.90833333333334,1.76625,2
UKP_0023,2019-12-01,3.63228,4.43957,0.8181603173280296,-2.57375,5.37,-8.71,14.080000000000002,44.12791666666666,2.109583333333333,2
UKP_0023,2019-12-02,3.29488,4.46617,0.7377417339689264,-4.20625,4.07,-10.61,14.68,49.27125,2.7175,2
UKP_0023,2019-12-03,3.66669,4.5831800000000005,0.8000318556111694,-2.652083333333333,7.38,-11.54,18.92,39.85333333333333,3.05875,2
UKP_0023,2019-12-04,3.4221099999999995,4.49616,0.7611183765702287,1.3170833333333334,9.42,-8.51,17.93,32.026666666666664,2.11,2
UKP_0023,2019-12-05,3.83258,4.42787,0.8655583836020481,1.4220833333333331,8.79,-3.56,12.35,30.039583333333336,1.91375,2
UKP_0023,2019-12-06,3.62714,4.4992,0.8061744310099572,1.4154166666666663,8.27,-3.62,11.89,30.040000000000003,1.74,2
UKP_0023,2019-12-07,3.80348,4.40091,0.8642485304175728,0.6345833333333334,8.17,-4.41,12.58,35.060833333333335,2.0454166666666667,2
UKP_0023,2019-12-08,3.6217,4.36048,0.8305736983084432,1.0641666666666667,8.75,-3.37,12.12,30.70875,2.237083333333333,2
UKP_0023,2019-12-09,3.1356,4.157100000000001,0.7542758172764665,2.555,9.01,-2.82,11.83,36.30708333333333,1.7212500000000002,2
UKP_0023,2019-12-10,2.92413,4.196689999999999,0.6967705501240264,1.59375,7.79,-2.3,10.09,44.298750000000005,1.53625,2
UKP_0023,2019-12-11,2.74694,4.03166,0.681342176671644,0.21,5.64,-3.06,8.7,60.38583333333333,1.4183333333333332,2
UKP_0023,2019-12-12,0.8744700000000001,3.67678,0.2378358237370743,-2.2270833333333333,-0.06,-5.14,5.08,91.07,1.6304166666666668,2
UKP_0023,2019-12-13,0.3036999999999999,2.96324,0.1024891672628609,-3.5141666666666667,-0.17,-5.7,5.53,93.085,3.02875,2
UKP_0023,2019-12-14,2.26164,3.72871,0.6065475727530433,-5.77375,-1.76,-7.8,6.04,79.42666666666666,1.4800000000000002,2
UKP_0023,2019-12-15,2.25673,4.21145,0.5358558216291301,-6.9745833333333325,-1.5,-11.71,10.21,74.87958333333333,1.6991666666666667,2
UKP_0023,2019-12-16,3.65626,4.27141,0.8559843236776616,-8.122083333333334,0.01,-14.67,14.68,62.0725,2.236666666666667,2
UKP_0023,2019-12-17,3.46172,4.32324,0.8007235314255049,-4.617500000000001,2.76,-15.47,18.23,40.40708333333333,1.7041666666666666,2
UKP_0023,2019-12-18,3.46758,4.26883,0.8123021999002068,-0.1508333333333333,5.91,-3.93,9.84,40.67875,1.54,2
UKP_0023,2019-12-19,1.56194,4.18918,0.3728510114151218,0.5304166666666666,6.33,-3.22,9.55,58.63916666666666,1.1716666666666666,2
UKP_0023,2019-12-20,2.04335,4.01813,0.508532576098832,-1.6075,3.63,-5.14,8.77,82.27958333333333,1.7179166666666663,2
UKP_0023,2019-12-21,2.44318,3.79453,0.6438689376549928,-5.105416666666667,1.69,-12.1,13.79,64.7625,1.91375,2
UKP_0023,2019-12-22,3.31443,4.390809999999999,0.7548561654911053,-5.702500000000001,2.47,-13.65,16.12,46.080000000000005,2.08625,2
UKP_0023,2019-12-23,3.62158,4.3748000000000005,0.827827557831215,-4.662083333333333,2.65,-10.41,13.06,36.86083333333333,1.6545833333333333,2
UKP_0023,2019-12-24,3.39421,4.29058,0.7910841890839932,-7.023333333333333,0.44,-11.61,12.05,36.08291666666667,1.8725,2
UKP_0023,2019-12-25,3.40722,4.20928,0.8094543484871521,-7.5575,0.43,-16.46,16.89,44.1375,2.02625,2
UKP_0023,2019-12-26,3.3695500000000003,4.17284,0.8074956144975605,-10.770416666666668,-1.45,-18.3,16.85,57.41458333333333,3.0041666666666664,2
UKP_0023,2019-12-27,3.70648,4.433050000000001,0.8361015553625607,-8.097083333333332,1.71,-14.57,16.28,51.54541666666666,4.8133333333333335,2
UKP_0023,2019-12-28,3.80013,4.29932,0.8838909408929785,-3.158333333333333,5.79,-13.09,18.88,39.365,2.2670833333333333,2
UKP_0023,2019-12-29,3.59388,4.30213,0.8353722458410137,-1.9395833333333328,5.17,-7.08,12.25,35.015,1.6929166666666668,2
UKP_0023,2019-12-30,3.2685500000000003,4.305680000000001,0.7591251556084055,-5.40875,3.01,-12.47,15.48,52.864583333333336,2.1720833333333336,2
UKP_0023,2019-12-31,2.77854,3.98235,0.6977136615315077,-7.322500000000001,-0.26,-12.65,12.39,55.03541666666666,2.3579166666666667,2
UKP_0023,2020-01-01,3.32823,4.13113,0.805646396990654,-6.016666666666667,-0.96,-12.4,11.44,66.67125,1.9683333333333333,2
UKP_0023,2020-01-02,0.93621,4.06632,0.2302352003777371,-5.4675,-1.78,-9.02,7.239999999999999,96.36416666666666,1.9216666666666664,2
UKP_0023,2020-01-03,2.74105,4.0499,0.6768191807205116,-5.30875,-0.45,-8.64,8.190000000000001,91.86958333333332,1.774166666666667,2
UKP_0023,2020-01-04,2.1035500000000003,3.87235,0.5432231074153938,-7.41125,-1.81,-12.94,11.13,81.44166666666666,1.7716666666666667,2
UKP_0023,2020-01-05,2.79663,4.27341,0.6544258566343973,-5.56125,-0.08,-14.98,14.9,56.69166666666666,1.6475,2
UKP_0023,2020-01-06,1.17728,4.27861,0.2751547815762595,-2.55625,1.89,-5.76,7.649999999999999,81.99666666666667,1.2329166666666669,2
UKP_0023,2020-01-07,0.86863,3.96825,0.2188949788949789,-3.957083333333333,-0.18,-6.48,6.300000000000001,95.87708333333336,1.4383333333333337,2
UKP_0023,2020-01-08,0.5347999999999999,3.68337,0.1451931247743235,-6.40625,-2.37,-9.86,7.489999999999999,98.21125,1.8654166666666667,2
UKP_0023,2020-01-09,1.95255,4.135140000000001,0.4721847386061898,-8.999583333333334,-2.62,-14.94,12.32,72.61916666666667,2.1241666666666665,2
UKP_0023,2020-01-10,3.63564,4.59155,0.7918110442007601,-5.326666666666667,2.69,-14.52,17.21,42.14833333333333,2.294166666666667,2
UKP_0023,2020-01-11,3.0664900000000004,4.44545,0.6898041818038669,-0.0375,5.75,-4.97,10.72,41.51958333333334,1.6045833333333333,2
UKP_0023,2020-01-12,1.9229,4.29332,0.4478818257199556,1.7404166666666667,7.19,-1.85,9.04,61.21,1.55875,2
UKP_0023,2020-01-13,1.4993,4.01136,0.3737635116269793,-0.6554166666666666,5.35,-4.73,10.08,86.87124999999999,2.9883333333333333,2
UKP_0023,2020-01-14,2.20323,4.2155,0.5226497449887321,-3.669166666666667,1.8,-8.24,10.04,84.62041666666666,1.518333333333333,2
UKP_0023,2020-01-15,2.6574500000000003,4.43478,0.5992292740564358,-4.096666666666667,1.95,-7.67,9.62,76.17958333333333,1.9258333333333333,2
UKP_0023,2020-01-16,1.54269,4.06029,0.3799457674205537,-4.890416666666667,-1.55,-8.88,7.330000000000001,89.59958333333333,1.6016666666666666,2
UKP_0023,2020-01-17,0.8912899999999999,3.84949,0.2315345669166564,-6.228333333333333,-0.93,-9.67,8.74,87.78166666666668,1.8370833333333332,2
UKP_0023,2020-01-18,1.13234,3.62501,0.3123687934653973,-7.518333333333333,-2.54,-14.39,11.85,82.8175,1.6383333333333334,2
UKP_0023,2020-01-19,2.90919,4.73192,0.6148011800706691,-8.637916666666667,-1.31,-16.96,15.65,58.3575,1.9895833333333333,2
UKP_0023,2020-01-20,1.75395,4.596019999999999,0.3816236656933608,-5.85625,-0.92,-10.63,9.71,68.71583333333334,1.3404166666666668,2
UKP_0023,2020-01-21,2.0681700000000003,4.43466,0.4663649524428029,-5.4816666666666665,-0.75,-8.93,8.18,92.62916666666666,1.48625,2
UKP_0023,2020-01-22,3.6424,4.7823400000000005,0.7616355173408833,-5.965,0.61,-10.17,10.78,66.59208333333333,1.6629166666666668,2
UKP_0023,2020-01-23,3.67657,5.02967,0.7309763861247357,-7.0304166666666665,0.13,-11.74,11.87,42.70708333333334,2.5708333333333333,2
UKP_0023,2020-01-24,3.96932,4.92782,0.8054920837205906,-3.0420833333333337,5.74,-12.34,18.08,43.57874999999999,2.07625,2
UKP_0023,2020-01-25,2.67231,4.82333,0.5540383925628144,-2.2175,3.03,-8.2,11.23,57.9575,1.6958333333333335,2
UKP_0023,2020-01-26,3.45784,4.90396,0.7051117872087048,-3.365833333333333,2.99,-8.69,11.68,69.00666666666667,1.765,2
UKP_0023,2020-01-27,1.75738,4.94871,0.3551188087400554,-4.442916666666666,0.82,-8.0,8.82,68.05458333333333,1.2125,2
UKP_0023,2020-01-28,1.1476,4.48482,0.255885409001922,-3.9325,0.34,-7.04,7.38,96.40833333333336,2.54375,2
UKP_0023,2020-01-29,1.14085,4.6137,0.2472744218306348,-6.702500000000001,-2.15,-12.71,10.56,87.55041666666666,2.0341666666666667,2
UKP_0023,2020-01-30,2.54909,5.193689999999999,0.4908051886038636,-9.469583333333334,-1.98,-15.35,13.37,71.10041666666667,2.557916666666667,2
UKP_0023,2020-01-31,3.74403,5.185059999999999,0.7220803616544459,-5.930833333333333,1.44,-12.48,13.92,63.77916666666667,1.721666666666667,2
UKP_0023,2020-02-01,1.76671,4.64211,0.380583398497666,-9.91125,-3.81,-16.95,13.14,87.38625,2.622916666666667,2
UKP_0023,2020-02-02,4.48715,5.29541,0.8473659263399813,-6.872916666666666,2.07,-16.43,18.5,52.884166666666665,2.5504166666666666,2
UKP_0023,2020-02-03,4.38336,5.40906,0.8103737063371453,-6.203333333333333,2.38,-13.17,15.55,46.9575,2.28375,2
UKP_0023,2020-02-04,3.52707,5.13941,0.6862791643398757,-6.923749999999999,0.27,-14.22,14.49,55.82041666666667,2.1979166666666665,2
UKP_0023,2020-02-05,4.2378100000000005,5.420559999999999,0.7818029871452398,-5.391666666666667,2.6,-15.85,18.45,56.47875,1.97375,2
UKP_0023,2020-02-06,3.3976,5.30341,0.6406444155741307,-5.95625,0.27,-10.53,10.8,59.7475,1.7125,2
UKP_0023,2020-02-07,2.37195,5.21894,0.4544888425618995,-9.39125,-4.15,-17.02,12.87,77.61874999999999,2.375,2
UKP_0023,2020-02-08,3.825180000000001,5.67143,0.6744648175151594,-8.615,1.33,-17.19,18.520000000000003,57.59875,3.5195833333333333,2
UKP_0023,2020-02-09,4.41345,5.542590000000001,0.796279356762813,-3.55625,3.88,-13.27,17.15,47.11958333333334,2.1641666666666666,2
UKP_0023,2020-02-10,4.52005,5.57108,0.8113417865117716,-2.2608333333333333,4.33,-6.57,10.9,38.4975,1.7908333333333335,2
UKP_0023,2020-02-11,3.73618,5.35554,0.6976289972626477,0.1025,6.23,-4.3,10.53,42.13791666666666,1.8954166666666667,2
UKP_0023,2020-02-12,4.72813,5.49402,0.8605957022362496,3.046666666666667,9.16,-4.28,13.44,47.98458333333334,2.3320833333333333,2
UKP_0023,2020-02-13,4.29546,5.50075,0.7808862427850748,3.200833333333333,10.08,-2.41,12.49,59.80166666666667,1.78,2
UKP_0023,2020-02-14,4.88133,5.89554,0.8279699569505085,1.17,7.68,-3.16,10.84,44.13583333333333,1.96625,2
UKP_0023,2020-02-15,4.974270000000001,5.94824,0.8362591287506893,1.8875,9.61,-3.61,13.22,34.655,1.985833333333333,2
UKP_0023,2020-02-16,4.6226400000000005,5.86562,0.7880906025279512,0.9308333333333332,8.26,-4.74,13.0,37.58958333333333,1.9875,2
UKP_0023,2020-02-17,4.83354,6.00774,0.8045521277551958,-0.4920833333333334,7.13,-6.57,13.7,41.62125,2.58375,2
UKP_0023,2020-02-18,4.99885,5.8578,0.8533664515688484,1.81625,9.57,-5.18,14.75,40.3675,1.7079166666666667,2
UKP_0023,2020-02-19,2.55575,5.63671,0.4534116532516308,0.3766666666666667,4.9,-3.35,8.25,55.48458333333334,1.4483333333333333,2
UKP_0023,2020-02-20,3.92823,5.78689,0.6788153913414633,0.5841666666666666,6.18,-3.95,10.13,62.68333333333334,1.9591666666666667,2
UKP_0023,2020-02-21,0.79798,5.07463,0.1572489028756776,-2.8225,1.47,-6.07,7.54,82.74541666666666,2.464583333333333,2
UKP_0023,2020-02-22,4.13171,5.48433,0.7533664093882024,-1.0275,4.29,-6.02,10.31,78.19166666666666,1.8,2
UKP_0023,2020-02-23,2.73368,4.98736,0.5481216515350806,-1.18375,1.64,-4.33,5.97,78.44666666666667,1.36125,2
UKP_0023,2020-02-24,3.65428,5.6303,0.6490382395254249,-0.8579166666666667,2.35,-4.14,6.49,86.84916666666668,1.7433333333333332,2
UKP_0023,2020-02-25,3.43368,5.43881,0.6313292797505337,-1.2304166666666667,2.17,-6.59,8.76,90.41166666666668,2.0541666666666667,2
UKP_0023,2020-02-26,4.38211,6.250940000000001,0.7010321647624196,-3.0979166666666664,4.46,-9.8,14.260000000000002,73.96333333333334,2.607083333333333,2
UKP_0023,2020-02-27,4.08223,6.21362,0.6569809547413585,0.63125,7.13,-9.56,16.69,62.181666666666665,1.6970833333333333,2
UKP_0023,2020-02-28,4.83742,6.07539,0.7962320114428868,0.6704166666666667,6.88,-7.07,13.95,71.76375,2.1654166666666668,2
UKP_0023,2020-02-29,3.21482,6.02106,0.5339292416949839,-1.1908333333333332,3.96,-8.01,11.97,77.59875,1.9791666666666667,2
UKP_0023,2020-03-01,2.91238,5.77154,0.5046105545486993,-2.2895833333333333,3.89,-9.26,13.15,74.73416666666667,2.4604166666666667,2
UKP_0023,2020-03-02,4.40562,6.26765,0.7029141703828389,-1.4183333333333332,5.21,-9.03,14.239999999999998,70.915,2.2275,2
UKP_0023,2020-03-03,5.06512,6.55113,0.7731673772311037,-1.2229166666666669,5.31,-8.39,13.7,68.33916666666667,2.055833333333333,2
UKP_0023,2020-03-04,4.25554,6.51357,0.6533345001281939,-2.8395833333333336,4.35,-8.9,13.25,70.34791666666666,2.397083333333333,2
UKP_0023,2020-03-05,3.03213,5.824050000000001,0.5206222474051562,-1.7375,2.66,-6.78,9.44,83.11208333333333,2.29875,2
UKP_0023,2020-03-06,1.72311,5.94222,0.2899774831628583,-2.52875,1.4,-6.36,7.76,83.74875,2.9304166666666664,2
UKP_0023,2020-03-07,1.85445,6.17892,0.3001252646093492,-4.056666666666667,-0.56,-8.67,8.11,96.48541666666668,2.64625,2
UKP_0023,2020-03-08,5.52183,6.9828,0.7907759065131466,-3.1595833333333334,3.77,-9.22,12.99,60.94916666666666,2.249166666666667,2
UKP_0023,2020-03-09,5.50449,7.118939999999999,0.7732176419523131,-0.2695833333333332,6.79,-6.48,13.27,50.25458333333333,1.9629166666666664,2
UKP_0023,2020-03-10,5.34246,6.89592,0.7747276650541189,-0.7445833333333334,5.26,-5.66,10.92,63.18541666666667,1.6479166666666665,2
UKP_0023,2020-03-11,2.792,6.3935,0.4366935168530538,0.7020833333333334,5.48,-5.91,11.39,81.53833333333334,3.3475,2
UKP_0023,2020-03-12,4.08023,6.4014,0.6373965070140908,0.7908333333333334,4.16,-2.82,6.98,78.29083333333334,3.1520833333333336,2
UKP_0023,2020-03-13,2.13605,6.2974,0.3391955410169276,-0.47625,3.12,-4.43,7.55,89.31708333333334,2.7045833333333333,2
UKP_0023,2020-03-14,2.64864,6.27242,0.4222676415163525,-1.5599999999999998,1.06,-4.12,5.18,81.83291666666666,2.4845833333333336,2
UKP_0023,2020-03-15,4.13922,6.87842,0.6017690109065744,-2.8979166666666667,2.87,-10.98,13.85,69.36749999999999,1.8770833333333328,2
UKP_0023,2020-03-16,5.41407,7.12993,0.7593440608813831,0.1958333333333334,6.69,-11.44,18.13,62.720416666666665,1.8225,2
UKP_0023,2020-03-17,5.91952,7.20129,0.8220082790722217,-0.0666666666666667,6.1,-7.56,13.66,65.66375000000001,2.07,2
UKP_0023,2020-03-18,4.32984,7.22849,0.598996470908862,-0.2245833333333333,5.56,-8.5,14.06,77.56708333333334,2.2416666666666667,2
UKP_0023,2020-03-19,5.00014,7.23409,0.6911912901277147,0.2683333333333333,4.73,-4.27,9.0,76.20041666666667,1.9770833333333333,2
UKP_0023,2020-03-20,4.52344,7.248189999999999,0.6240785630619506,0.2074999999999999,4.35,-4.65,9.0,75.21458333333334,2.0108333333333333,2
UKP_0023,2020-03-21,4.885689999999999,6.82478,0.715875090479107,1.3179166666666666,6.08,-5.07,11.15,79.23666666666666,1.7541666666666669,2
UKP_0023,2020-03-22,3.96693,7.08405,0.559980519618015,-0.0141666666666666,4.28,-5.24,9.52,84.33958333333334,2.185416666666667,2
UKP_0023,2020-03-23,5.957199999999999,7.49833,0.7944702353724095,3.219583333333333,8.36,-5.26,13.62,65.34541666666667,1.684583333333333,2
UKP_0023,2020-03-24,4.66862,6.91583,0.6750628630258407,3.4341666666666666,7.87,-1.34,9.21,81.45958333333333,1.915,2
UKP_0023,2020-03-25,4.827310000000001,7.60403,0.634835738417655,2.6495833333333336,7.69,-1.91,9.6,69.19375000000001,2.143333333333333,2
UKP_0023,2020-03-26,5.32822,7.386319999999999,0.7213632769768978,4.007916666666667,8.31,-0.53,8.84,53.739583333333336,1.3329166666666663,2
UKP_0023,2020-03-27,1.48723,7.11419,0.2090512061106043,2.4458333333333333,6.57,-2.54,9.11,87.38625,2.7070833333333333,2
UKP_0023,2020-03-28,5.54541,7.6018,0.7294864374227156,1.0366666666666666,5.97,-4.37,10.34,72.20208333333333,1.65125,2
UKP_0023,2020-03-29,4.04604,7.80498,0.518392103503148,0.7479166666666667,7.14,-6.43,13.57,69.28583333333333,2.45125,2
UKP_0023,2020-03-30,5.49718,7.76065,0.7083401519202644,4.265416666666667,10.69,-5.92,16.61,49.8525,2.1654166666666668,2
UKP_0023,2020-03-31,5.15031,7.544659999999999,0.6826430879589008,4.941666666666667,11.36,-1.29,12.65,67.02958333333333,2.182916666666667,2
UKP_0023,2020-04-01,4.61855,7.521109999999999,0.6140782411106872,2.858333333333333,7.83,-2.18,10.01,73.74375,2.1329166666666666,2
UKP_0023,2020-04-02,4.353269999999999,8.08282,0.5385830687804503,1.27375,7.58,-5.55,13.13,67.41250000000001,2.85875,2
UKP_0023,2020-04-03,6.50741,8.1629,0.7971933994046233,2.7816666666666667,9.68,-5.88,15.56,57.586666666666666,2.4154166666666668,2
UKP_0023,2020-04-04,6.00433,7.94238,0.7559862409000828,3.1437500000000003,9.62,-3.94,13.56,63.50375,2.4604166666666667,2
UKP_0023,2020-04-05,4.8985,7.978800000000001,0.613939439514714,2.985,9.96,-4.31,14.27,65.36041666666667,2.498333333333333,2
UKP_0023,2020-04-06,6.323600000000001,8.04303,0.7862211131874431,3.50625,10.16,-4.72,14.88,59.36375,2.872916666666667,2
UKP_0023,2020-04-07,5.566529999999999,8.11497,0.6859581735976842,5.243333333333333,11.3,-1.24,12.54,52.45,2.0766666666666667,2
UKP_0023,2020-04-08,3.63446,7.69599,0.4722537321384253,3.297083333333333,9.15,-2.92,12.07,69.08,2.804583333333333,2
UKP_0023,2020-04-09,5.29722,7.97041,0.6646107289336434,4.507916666666667,11.4,-3.67,15.07,66.92958333333333,2.462916666666666,2
UKP_0023,2020-04-10,5.02265,8.069420000000001,0.622430112697071,5.252083333333333,10.25,-0.97,11.22,68.84708333333333,2.3295833333333333,2
UKP_0023,2020-04-11,6.90016,8.24792,0.8365939533846108,6.570833333333333,13.24,-0.14,13.38,52.10125,2.7570833333333336,2
UKP_0023,2020-04-12,6.38674,8.22968,0.7760617666786558,9.93,16.42,-0.3,16.720000000000002,56.22708333333333,1.9420833333333332,2
UKP_0023,2020-04-13,6.9738,8.14449,0.8562598763090139,9.267083333333334,15.45,4.8,10.65,71.59583333333333,2.28375,2
UKP_0023,2020-04-14,4.73323,7.89725,0.5993516730507455,7.767083333333333,12.06,3.76,8.3,77.19666666666667,2.3070833333333334,2
UKP_0023,2020-04-15,5.30069,8.00202,0.6624189892052256,7.04,12.17,0.32,11.85,70.53791666666666,2.523333333333333,2
UKP_0023,2020-04-16,5.564850000000001,8.367700000000001,0.6650393776067498,7.633333333333333,13.41,-0.11,13.52,56.72958333333333,2.34375,2
UKP_0023,2020-04-17,4.02672,8.1095,0.4965435600221962,5.479583333333333,9.92,1.81,8.11,73.71375,1.895,2
UKP_0023,2020-04-18,5.53388,7.98349,0.693165520342607,4.636666666666667,9.26,-0.01,9.27,77.96791666666667,2.2475,2
UKP_0023,2020-04-19,5.05264,7.97328,0.6336965464651938,4.319166666666667,9.54,0.06,9.48,67.02041666666666,2.3375,2
UKP_0023,2020-04-20,4.25348,8.31282,0.5116771444587997,4.0441666666666665,8.55,0.48,8.07,74.93291666666666,2.1041666666666665,2
UKP_0023,2020-04-21,4.206390000000001,7.61558,0.5523400712749391,2.5070833333333336,6.43,-2.73,9.16,88.04291666666666,3.1141666666666663,2
UKP_0023,2020-04-22,5.59232,8.14544,0.68655836885423,3.074583333333333,6.22,-3.27,9.49,86.91958333333334,1.7016666666666669,2
UKP_0023,2020-04-23,5.01606,8.490260000000001,0.5908016951188774,4.215833333333333,8.07,-1.7,9.77,83.68875,1.9533333333333331,2
UKP_0023,2020-04-24,6.46307,8.49758,0.7605777174207246,5.435,9.46,-2.35,11.81,82.61041666666667,1.3883333333333334,2
UKP_0023,2020-04-25,5.83799,8.30321,0.7031003672073812,5.815,8.93,2.35,6.58,81.85208333333334,2.1508333333333334,2
UKP_0023,2020-04-26,4.03592,7.83727,0.5149650324666625,4.948333333333333,7.24,2.02,5.220000000000001,85.02166666666666,1.785,2
UKP_0023,2020-04-27,3.60141,7.532,0.47814790228359,4.657916666666667,7.88,1.82,6.06,89.66000000000001,1.5625,2
UKP_0023,2020-04-28,5.10133,8.305489999999999,0.6142118044811324,6.338333333333334,9.57,1.94,7.630000000000001,84.5775,1.7254166666666668,2
UKP_0023,2020-04-29,5.104019999999999,8.35368,0.6109906053380066,6.76125,10.94,1.97,8.969999999999999,83.05958333333334,2.1395833333333334,2
UKP_0023,2020-04-30,4.7968,8.14287,0.5890797716284307,7.752916666666667,11.42,2.21,9.21,82.42875,2.293333333333333,2
UKP_0023,2020-05-01,5.57144,8.28315,0.6726233377398696,9.416666666666666,13.57,4.54,9.03,77.97291666666666,2.228333333333333,2
UKP_0023,2020-05-02,5.5216400000000005,8.02733,0.687855114963506,8.707916666666668,13.9,4.36,9.54,77.98625,2.48375,2
UKP_0023,2020-05-03,4.66536,8.17862,0.5704336428395009,7.516666666666667,12.55,2.13,10.420000000000002,76.73083333333334,2.3525,2
UKP_0023,2020-05-04,5.26396,8.494069999999999,0.6197217588270406,5.883333333333333,9.04,1.96,7.079999999999999,75.77166666666666,1.3216666666666663,2
UKP_0023,2020-05-05,4.93037,8.448889999999999,0.5835523956401374,4.93875,8.24,-0.03,8.27,84.61999999999999,2.3320833333333333,2
UKP_0023,2020-05-06,4.52033,8.636149999999999,0.523419579326436,4.8875,9.97,-0.25,10.22,76.03333333333333,2.097916666666667,2
UKP_0023,2020-05-07,4.89747,8.61308,0.5686084420439611,3.919166666666667,8.32,0.14,8.18,76.19875,2.3295833333333333,2
UKP_0023,2020-05-08,7.674399999999999,8.75883,0.876190084748762,8.0425,13.16,1.58,11.58,67.56125,2.271666666666667,2
UKP_0023,2020-05-09,6.01073,8.61734,0.6975157067029965,8.40125,13.5,3.18,10.32,72.6475,2.3383333333333334,2
UKP_0023,2020-05-10,3.76952,8.667539999999999,0.434900790766469,8.258750000000001,13.95,1.98,11.97,75.51416666666667,2.2516666666666665,2
UKP_0023,2020-05-11,5.785819999999999,8.33025,0.6945553854926322,7.489166666666667,11.66,2.76,8.9,78.58749999999999,2.2920833333333333,2
UKP_0023,2020-05-12,5.10011,7.97424,0.6395731756255142,7.857500000000001,11.02,4.17,6.85,75.15833333333333,2.645,2
UKP_0023,2020-05-13,5.81773,8.512739999999999,0.6834145057877958,8.429166666666667,12.6,4.32,8.28,73.64708333333333,1.9075,2
UKP_0023,2020-05-14,6.4080900000000005,8.7631,0.7312583446497245,8.76125,14.03,2.72,11.31,69.70958333333333,2.48625,2
UKP_0023,2020-05-15,6.69693,8.93176,0.7497883955681747,9.27125,14.79,2.51,12.28,52.17,2.410416666666667,2
UKP_0023,2020-05-16,7.84951,9.15512,0.8573901816688367,9.980416666666668,15.43,3.36,12.07,64.39125,2.2279166666666668,2
UKP_0023,2020-05-17,6.30625,9.25378,0.6814782715819914,9.900833333333331,15.39,3.46,11.93,58.055416666666666,2.01125,2
UKP_0023,2020-05-18,6.03446,9.08907,0.6639249120096996,8.7525,14.39,2.58,11.81,54.88541666666666,2.8800000000000003,2
UKP_0023,2020-05-19,7.29672,9.24541,0.7892262214439382,8.759583333333333,14.78,2.74,12.04,49.52791666666667,2.575,2
UKP_0023,2020-05-20,8.17014,9.20607,0.8874731562979642,10.67,17.02,3.5,13.52,45.290416666666665,2.335,2
UKP_0023,2020-05-21,8.578479999999999,9.27631,0.9247728892199591,13.115,19.99,5.67,14.32,46.47416666666667,2.518333333333333,2
UKP_0023,2020-05-22,7.98514,9.00365,0.8868780994374503,13.088333333333331,18.64,6.95,11.69,48.435833333333335,2.279166666666667,2
UKP_0023,2020-05-23,6.61397,8.73818,0.7569047559102696,12.239583333333334,18.18,6.68,11.5,54.00958333333333,3.0841666666666665,2
UKP_0023,2020-05-24,7.38618,8.763459999999998,0.8428383309788602,12.084166666666668,17.76,6.43,11.330000000000002,54.19083333333333,2.651666666666667,2
UKP_0023,2020-05-25,7.59275,8.98873,0.8446966367885118,12.407916666666669,18.07,6.85,11.22,54.598333333333336,2.60875,2
UKP_0023,2020-05-26,6.22042,9.005630000000002,0.69072569048473,12.215833333333334,17.35,7.85,9.500000000000002,52.619166666666665,1.87625,2
UKP_0023,2020-05-27,6.145989999999999,8.90388,0.6902597519283727,11.165,17.87,5.47,12.400000000000002,62.904583333333335,2.4691666666666667,2
UKP_0023,2020-05-28,4.62849,8.721260000000001,0.5307134519553367,9.407916666666669,14.16,4.51,9.65,72.625,1.74875,2
UKP_0023,2020-05-29,4.295940000000001,8.51776,0.5043509091592157,8.991666666666667,13.5,4.43,9.07,76.89208333333333,2.8158333333333334,2
UKP_0023,2020-05-30,3.1918200000000003,7.87213,0.4054582431946627,8.571666666666667,13.34,3.96,9.38,81.44166666666666,2.7608333333333337,2
UKP_0023,2020-05-31,2.64547,7.474699999999999,0.3539232343772994,8.593333333333334,13.28,4.86,8.419999999999998,79.79083333333334,2.5175,2
UKP_0023,2020-06-01,3.4607400000000004,8.6434,0.4003910498183585,7.635000000000001,11.45,3.53,7.92,87.1075,2.48375,2
UKP_0023,2020-06-02,6.052020000000001,8.824119999999999,0.6858496937938289,9.175,13.83,4.73,9.1,74.16833333333334,2.4404166666666667,2
UKP_0023,2020-06-03,5.55463,8.88062,0.6254777256542899,8.85125,13.66,3.75,9.91,77.4475,2.52,2
UKP_0023,2020-06-04,4.96462,8.75413,0.5671174634144113,9.716666666666669,14.44,5.42,9.02,71.11,2.33,2
UKP_0023,2020-06-05,3.20201,8.30033,0.3857689995458012,9.044166666666667,12.3,5.62,6.680000000000001,85.21625,2.580416666666667,2
UKP_0023,2020-06-06,5.32531,8.61191,0.618365728392424,10.175416666666669,14.8,6.09,8.71,82.13541666666667,2.65375,2
UKP_0023,2020-06-07,6.13077,8.33456,0.7355841220172391,10.575416666666667,14.83,6.76,8.07,82.63583333333334,2.45125,2
UKP_0023,2020-06-08,6.753430000000001,8.862770000000001,0.7619999165046594,11.561666666666667,15.89,7.77,8.120000000000001,80.175,2.37,2
UKP_0023,2020-06-09,6.7717,8.91257,0.7597920689542971,12.722083333333332,17.09,8.61,8.48,78.48125,2.7504166666666667,2
UKP_0023,2020-06-10,6.67854,9.02981,0.7396102465057405,12.866666666666667,17.54,8.48,9.06,75.61291666666666,2.7066666666666666,2
UKP_0023,2020-06-11,6.99284,9.12253,0.7665461226216849,13.152500000000002,17.95,9.12,8.83,72.64666666666666,2.6445833333333333,2
UKP_0023,2020-06-12,7.630079999999999,9.13583,0.8351819156004434,13.099166666666669,18.28,7.18,11.1,71.15541666666667,2.68,2
UKP_0023,2020-06-13,7.38783,9.15652,0.8068381874336538,12.792083333333332,18.69,7.03,11.66,61.97416666666667,2.3841666666666668,2
UKP_0023,2020-06-14,6.65035,9.16964,0.725257480119176,12.840833333333334,18.79,6.02,12.77,65.84625,2.4208333333333334,2
UKP_0023,2020-06-15,6.56683,9.0438,0.7261140228664942,12.605833333333331,17.72,7.7,10.02,69.82333333333334,2.651666666666667,2
UKP_0023,2020-06-16,7.53406,9.17141,0.8214723799284952,13.372916666666669,18.65,7.68,10.97,63.43541666666667,2.473333333333333,2
UKP_0023,2020-06-17,6.88583,9.04334,0.7614255352557794,13.819166666666668,18.95,8.86,10.09,70.14666666666666,2.1679166666666667,2
UKP_0023,2020-06-18,6.85119,8.96126,0.7645342284455534,13.944583333333334,19.44,8.32,11.12,73.64416666666666,2.2379166666666666,2
UKP_0023,2020-06-19,6.68716,8.93796,0.748175198814942,13.974583333333332,19.66,7.49,12.17,67.68208333333332,2.7220833333333334,2
UKP_0023,2020-06-20,6.03729,8.95935,0.6738535719667162,13.688333333333333,19.34,7.79,11.55,68.24166666666666,2.85625,2
UKP_0023,2020-06-21,6.58868,8.97217,0.734346317557514,13.040833333333332,18.34,7.11,11.23,67.91208333333334,2.455416666666667,2
UKP_0023,2020-06-22,7.00606,9.05668,0.7735792807077206,14.525,20.11,8.68,11.43,69.59833333333333,2.3366666666666664,2
UKP_0023,2020-06-23,6.0671,8.90247,0.6815074917410562,14.2975,18.56,11.26,7.299999999999999,85.25958333333334,2.5866666666666664,2
UKP_0023,2020-06-24,4.415520000000001,8.6065,0.513044791727183,13.206666666666663,16.97,9.77,7.199999999999999,89.68291666666666,2.4091666666666667,2
UKP_0023,2020-06-25,6.089390000000001,8.699399999999999,0.699978159413293,13.245833333333332,18.04,8.68,9.36,82.9975,2.458333333333333,2
UKP_0023,2020-06-26,6.272189999999999,8.937149999999999,0.701810980010406,13.420833333333334,17.96,9.34,8.620000000000001,75.10458333333334,2.5225,2
UKP_0023,2020-06-27,6.26356,8.90117,0.7036782804957101,14.072916666666666,18.59,9.74,8.85,78.27166666666666,2.833333333333333,2
UKP_0023,2020-06-28,7.4336,9.004950000000001,0.8255015297142126,15.000416666666666,19.61,10.04,9.57,77.50833333333334,2.8512500000000003,2
UKP_0023,2020-06-29,6.33125,9.03576,0.700688154621194,13.996666666666668,19.81,8.26,11.55,74.20541666666666,2.70375,2
UKP_0023,2020-06-30,6.1908,9.18544,0.6739796895957081,14.370416666666666,19.37,9.52,9.85,72.05541666666666,2.255,2
UKP_0023,2020-07-01,6.730480000000001,8.852879999999999,0.7602588084329621,14.534583333333332,19.29,10.55,8.739999999999998,81.10291666666667,2.1941666666666664,2
UKP_0023,2020-07-02,7.59073,8.92058,0.8509233704534908,15.380833333333332,20.25,11.32,8.93,80.22541666666667,2.629583333333333,2
UKP_0023,2020-07-03,6.33847,8.845979999999999,0.7165367771575338,14.645,19.72,8.96,10.759999999999998,81.79416666666667,2.3979166666666667,2
UKP_0023,2020-07-04,5.4238800000000005,8.77522,0.6180904866202785,14.159999999999998,19.53,8.98,10.55,76.03458333333333,2.36,2
UKP_0023,2020-07-05,3.617,8.67117,0.4171294069889069,12.986666666666666,16.7,9.68,7.02,82.74958333333333,2.240833333333333,2
UKP_0023,2020-07-06,6.26928,8.79759,0.712613340698987,12.655,15.95,9.24,6.709999999999999,85.51958333333333,1.5520833333333333,2
UKP_0023,2020-07-07,2.90085,8.58784,0.3377857528784886,13.548333333333334,17.0,10.8,6.199999999999999,84.20083333333334,1.8395833333333331,2
UKP_0023,2020-07-08,4.470149999999999,8.574440000000001,0.5213343378692952,13.624583333333334,16.82,11.22,5.6,90.24958333333332,1.81125,2
UKP_0023,2020-07-09,6.34026,8.60581,0.7367418058265288,14.55625,18.07,11.11,6.960000000000001,87.995,2.940416666666667,2
UKP_0023,2020-07-10,5.88604,8.58823,0.6853612444007672,14.429166666666667,18.35,10.98,7.370000000000001,86.55458333333333,2.9891666666666663,2
UKP_0023,2020-07-11,4.6762,8.567440000000001,0.5458106505560586,13.589166666666666,17.72,9.41,8.309999999999999,89.71208333333334,3.3395833333333336,2
UKP_0023,2020-07-12,4.73117,8.87964,0.5328110148609628,13.290416666666667,17.5,9.61,7.890000000000001,82.6925,2.1391666666666667,2
UKP_0023,2020-07-13,7.1629,8.80973,0.8130669157851602,14.347083333333332,18.89,10.74,8.15,82.10416666666667,2.2904166666666668,2
UKP_0023,2020-07-14,6.94483,8.805,0.7887370812038614,14.48875,18.78,10.86,7.920000000000002,84.8725,2.295,2
UKP_0023,2020-07-15,6.82899,8.70482,0.7845067445392323,14.34625,18.82,10.92,7.9,85.78416666666668,2.095833333333333,2
UKP_0023,2020-07-16,5.5883,8.61245,0.6488629832393802,14.775,18.63,11.59,7.039999999999999,86.66916666666667,2.4625,2
UKP_0023,2020-07-17,6.234229999999999,8.52549,0.7312459459808175,14.830833333333333,18.74,11.99,6.749999999999998,86.40541666666667,2.2358333333333333,2
UKP_0023,2020-07-18,4.76888,8.49869,0.5611311861004461,15.482083333333334,19.42,11.85,7.570000000000002,87.92625,2.8725,2
UKP_0023,2020-07-19,5.51388,8.556460000000001,0.6444113570331655,14.961666666666666,19.97,9.35,10.62,85.41791666666667,3.19875,2
UKP_0023,2020-07-20,2.91021,8.342559999999999,0.3488389654974013,14.002083333333331,18.75,9.93,8.82,82.41791666666667,2.7079166666666663,2
UKP_0023,2020-07-21,3.45276,8.18289,0.4219487247170621,12.570833333333333,17.59,7.44,10.15,82.23875,2.377083333333333,2
UKP_0023,2020-07-22,4.34012,8.298440000000001,0.5230043237042142,12.164166666666668,16.9,8.29,8.61,74.7725,2.087916666666666,2
UKP_0023,2020-07-23,5.63138,8.66268,0.6500736492632765,13.648333333333332,17.89,9.13,8.76,79.02208333333333,1.9391666666666667,2
UKP_0023,2020-07-24,5.893440000000001,8.55592,0.6888142946638118,13.8,18.08,10.54,7.539999999999999,85.83791666666667,2.254583333333333,2
UKP_0023,2020-07-25,4.27753,8.402899999999999,0.5090540170655369,14.233333333333334,18.11,11.15,6.959999999999999,87.76333333333334,2.498333333333333,2
UKP_0023,2020-07-26,5.5415600000000005,8.38172,0.6611483084617478,13.9325,16.58,11.45,5.129999999999999,90.9175,2.2216666666666667,2
UKP_0023,2020-07-27,5.27289,8.33961,0.632270573803811,14.784999999999998,18.81,10.65,8.159999999999998,88.1925,2.6566666666666667,2
UKP_0023,2020-07-28,5.14898,8.08063,0.6372003173019926,15.088333333333331,19.4,11.3,8.099999999999998,86.5625,2.845416666666667,2
UKP_0023,2020-07-29,3.9303,8.389190000000001,0.4684957665757956,14.687083333333334,19.0,10.17,8.83,86.9525,2.6075,2
UKP_0023,2020-07-30,5.19055,8.35792,0.621033702165132,12.753333333333332,15.75,10.43,5.32,93.35375,2.418333333333333,2
UKP_0023,2020-07-31,5.0894200000000005,8.254700000000001,0.6165481483276194,13.840416666666668,17.17,10.94,6.230000000000002,93.09666666666668,2.415,2
UKP_0023,2020-08-01,4.56187,8.278229999999999,0.5510682839205966,14.202083333333334,17.16,10.75,6.41,93.445,2.8025,2
UKP_0023,2020-08-02,5.67968,8.41608,0.6748605051282783,14.98875,18.69,11.36,7.330000000000002,87.36874999999999,2.3233333333333333,2
UKP_0023,2020-08-03,5.77538,8.49274,0.6800373024489152,15.0,18.68,11.48,7.199999999999999,89.59708333333333,2.4175,2
UKP_0023,2020-08-04,5.37305,8.34845,0.6435985122986903,14.865,18.7,10.5,8.2,87.65750000000001,2.10875,2
UKP_0023,2020-08-05,5.22627,8.20581,0.6368987339458263,14.924166666666666,18.37,10.71,7.66,79.07666666666667,2.0079166666666666,2
UKP_0023,2020-08-06,5.78509,8.29013,0.697828622711586,14.711666666666666,19.04,10.99,8.049999999999999,86.41208333333333,2.486666666666667,2
UKP_0023,2020-08-07,5.26483,8.247950000000001,0.6383198249261937,14.99375,18.98,12.09,6.890000000000001,84.77,1.9633333333333327,2
UKP_0023,2020-08-08,6.50638,8.17178,0.7962010724713587,15.312083333333334,19.1,12.24,6.860000000000001,89.14958333333334,2.3233333333333333,2
UKP_0023,2020-08-09,4.04705,8.193190000000001,0.4939529047904417,15.1175,18.44,12.63,5.8100000000000005,91.94875,3.24625,2
UKP_0023,2020-08-10,4.32675,8.13218,0.5320529058628806,14.259166666666667,17.2,11.85,5.35,93.12583333333332,2.2983333333333333,2
UKP_0023,2020-08-11,4.89989,8.09178,0.6055392015106689,15.2325,18.95,12.02,6.93,89.93624999999999,2.6958333333333333,2
UKP_0023,2020-08-12,4.99658,8.09676,0.6171085718237912,15.26125,18.24,12.55,5.689999999999998,94.7525,3.765416666666667,2
UKP_0023,2020-08-13,2.90768,7.87559,0.3692015455350012,12.99875,14.72,11.51,3.210000000000001,88.06333333333333,2.5345833333333334,2
UKP_0023,2020-08-14,4.412979999999999,8.06201,0.5473796236918583,13.569166666666666,16.09,10.74,5.35,89.88875,1.97375,2
UKP_0023,2020-08-15,5.77025,8.098609999999999,0.7124988115244468,14.78,18.07,11.89,6.18,88.13291666666667,2.672083333333333,2
UKP_0023,2020-08-16,4.91443,7.978890000000001,0.6159290327351298,14.623333333333331,17.65,12.15,5.499999999999998,92.86125,2.7016666666666667,2
UKP_0023,2020-08-17,3.92364,8.077729999999999,0.4857354727132499,14.3975,17.0,11.81,5.19,94.37333333333332,2.33625,2
UKP_0023,2020-08-18,5.8889700000000005,7.97105,0.7387947635505988,15.033333333333331,18.81,12.03,6.779999999999999,92.55333333333334,3.1654166666666668,2
UKP_0023,2020-08-19,3.3553200000000003,7.91815,0.4237504972752474,12.582916666666668,16.05,9.98,6.07,95.67041666666668,2.4054166666666665,2
UKP_0023,2020-08-20,3.97524,7.66749,0.5184538877781386,11.492083333333332,14.22,9.16,5.0600000000000005,92.7425,1.75125,2
UKP_0023,2020-08-21,4.40475,7.63464,0.5769427242148942,12.537916666666668,15.68,9.49,6.19,88.24916666666667,1.60875,2
UKP_0023,2020-08-22,4.93684,7.75688,0.6364466125555636,13.493333333333332,16.56,10.39,6.169999999999998,91.34458333333332,2.369166666666666,2
UKP_0023,2020-08-23,5.51302,7.80935,0.7059511995236479,13.938333333333333,18.33,10.43,7.899999999999999,87.96333333333332,2.1966666666666668,2
UKP_0023,2020-08-24,5.14755,7.781989999999999,0.6614696240935802,14.328333333333331,18.46,10.6,7.860000000000001,89.08166666666666,2.3754166666666667,2
UKP_0023,2020-08-25,4.854690000000001,7.70146,0.6303596980312824,14.215000000000002,18.05,10.96,7.09,88.66666666666667,2.055,2
UKP_0023,2020-08-26,4.80216,7.778449999999999,0.6173672132622824,13.318333333333332,16.76,10.57,6.190000000000001,92.52375,2.9933333333333336,2
UKP_0023,2020-08-27,3.860970000000001,7.74217,0.4986935187421615,13.570416666666668,17.39,10.2,7.190000000000001,88.2925,2.7391666666666663,2
UKP_0023,2020-08-28,4.74721,7.777729999999999,0.6103593207786848,12.66125,15.64,10.25,5.390000000000001,93.11708333333333,2.690416666666667,2
UKP_0023,2020-08-29,4.82192,7.76011,0.6213726351817178,13.391666666666666,16.64,10.32,6.32,91.32666666666668,2.419583333333333,2
UKP_0023,2020-08-30,4.95476,7.61651,0.6505289167873475,13.170833333333334,17.98,9.29,8.690000000000001,86.31666666666666,2.2425,2
UKP_0023,2020-08-31,6.8753,7.6831,0.8948601475966732,14.040416666666667,19.45,9.13,10.32,77.14791666666666,2.1416666666666666,2
UKP_0023,2020-09-01,6.83107,7.83204,0.8721954944050336,14.835416666666667,19.61,9.24,10.37,79.13375,1.97875,2
UKP_0023,2020-09-02,4.817609999999999,7.55099,0.6380103800958549,13.398333333333332,16.65,11.08,5.569999999999999,90.91041666666666,2.0033333333333334,2
UKP_0023,2020-09-03,3.48882,7.40045,0.4714334939091542,13.984166666666669,17.8,10.71,7.09,87.34791666666666,2.29625,2
UKP_0023,2020-09-04,5.734970000000001,7.486359999999999,0.7660558669366689,13.609583333333331,17.8,10.86,6.940000000000001,84.79083333333334,2.12875,2
UKP_0023,2020-09-05,4.95578,7.39796,0.6698846709092776,13.564583333333331,17.73,10.69,7.040000000000001,84.98541666666667,1.7554166666666668,2
UKP_0023,2020-09-06,4.16528,7.36233,0.5657556778900158,12.68875,16.5,9.27,7.23,87.48458333333333,2.1625,2
UKP_0023,2020-09-07,4.748150000000001,7.42792,0.6392300940236298,13.122083333333334,16.71,9.3,7.41,84.2975,2.1108333333333333,2
UKP_0023,2020-09-08,5.169230000000001,7.56506,0.6833032388374978,13.308333333333332,17.83,10.15,7.679999999999998,80.14291666666666,1.83,2
UKP_0023,2020-09-09,6.05234,7.65968,0.7901557245211288,13.167083333333332,18.4,8.44,9.96,70.97416666666668,1.90375,2
UKP_0023,2020-09-10,6.18986,7.52487,0.8225869682798507,12.56875,19.3,6.32,12.98,54.640833333333326,2.209166666666667,2
UKP_0023,2020-09-11,6.45296,7.58405,0.8508593693343266,11.92125,18.48,5.97,12.510000000000002,46.38625,2.1479166666666667,2
UKP_0023,2020-09-12,6.122,7.341849999999999,0.8338497790066537,12.78625,18.54,7.73,10.81,50.26791666666667,1.79875,2
UKP_0023,2020-09-13,5.598,7.2112,0.7762924339915687,13.278333333333334,18.63,8.27,10.36,66.50416666666666,1.7970833333333334,2
UKP_0023,2020-09-14,4.25326,7.22565,0.5886335485388858,13.272916666666667,18.87,8.86,10.010000000000002,75.05416666666666,1.9058333333333333,2
UKP_0023,2020-09-15,4.687810000000001,7.21309,0.6499031621676702,13.135,18.36,8.59,9.77,74.94500000000001,2.0170833333333333,2
UKP_0023,2020-09-16,5.20025,7.167050000000001,0.7255774691121172,13.8825,19.04,8.66,10.38,78.62083333333334,2.152083333333333,2
UKP_0023,2020-09-17,5.52244,7.08185,0.7798018879247653,14.492916666666666,20.6,9.33,11.27,75.70916666666666,2.3920833333333333,2
UKP_0023,2020-09-18,5.799510000000001,7.19673,0.80585349179419,13.753333333333332,19.71,7.92,11.79,72.54875,2.100416666666667,2
UKP_0023,2020-09-19,5.80081,7.25923,0.7990943943090384,12.485,18.72,7.03,11.689999999999998,65.14083333333333,1.805,2
UKP_0023,2020-09-20,6.62921,7.35818,0.9009306649198578,11.909166666666666,18.87,5.94,12.93,48.17583333333334,2.3833333333333333,2
UKP_0023,2020-09-21,6.095940000000001,7.24147,0.8418097430494085,12.571666666666667,19.29,6.95,12.34,55.91125,2.2275,2
UKP_0023,2020-09-22,5.44243,7.09412,0.767174787006704,12.525416666666668,18.31,7.58,10.73,71.77666666666666,1.9254166666666668,2
UKP_0023,2020-09-23,5.50361,6.994479999999999,0.7868504878132471,12.41375,17.64,7.84,9.8,79.34291666666667,1.919166666666667,2
UKP_0023,2020-09-24,4.82958,6.96823,0.6930856185860684,11.958333333333334,18.62,5.88,12.740000000000002,68.0725,2.125833333333333,2
UKP_0023,2020-09-25,6.04347,7.1650100000000005,0.8434698625682309,11.517083333333332,17.9,5.82,12.079999999999998,65.7625,2.022083333333333,2
UKP_0023,2020-09-26,5.68024,7.00958,0.8103538300440254,8.97875,15.6,4.41,11.19,48.99375,2.2183333333333333,2
UKP_0023,2020-09-27,5.43233,6.98367,0.7778617832744102,9.705416666666666,15.3,5.11,10.19,53.588750000000005,2.147083333333333,2
UKP_0023,2020-09-28,6.1363,7.04369,0.8711768973364814,10.509583333333332,16.4,5.9,10.499999999999998,51.12916666666666,1.9216666666666664,2
UKP_0023,2020-09-29,6.25933,6.9132,0.905417172944512,10.4725,16.91,5.48,11.43,44.568333333333335,1.8158333333333327,2
UKP_0023,2020-09-30,6.14766,6.9586,0.8834621906705372,10.664583333333333,17.1,5.81,11.290000000000004,47.86208333333334,1.997083333333333,2
UKP_0023,2020-10-01,5.90095,6.99424,0.8436870910920987,10.819166666666668,17.37,6.31,11.060000000000002,51.27333333333333,2.03625,2
UKP_0023,2020-10-02,6.38095,6.99593,0.9120946035766508,10.89875,17.13,6.01,11.12,53.80375,2.084166666666667,2
UKP_0023,2020-10-03,5.934349999999999,6.86347,0.8646282419825538,10.814583333333331,17.4,5.44,11.959999999999996,60.22833333333333,2.0145833333333334,2
UKP_0023,2020-10-04,6.21941,6.82792,0.9108791549988868,10.485,16.81,5.26,11.55,56.43541666666667,1.8658333333333332,2
UKP_0023,2020-10-05,6.28517,6.78728,0.9260219115757712,10.605833333333331,17.63,5.51,12.12,55.5075,2.2825,2
UKP_0023,2020-10-06,6.43381,6.804,0.9455922986478542,10.911666666666669,18.17,5.25,12.920000000000002,48.28625,2.1341666666666668,2
UKP_0023,2020-10-07,5.916390000000001,6.65967,0.8883908662140918,10.229166666666666,17.42,4.57,12.85,42.74791666666667,2.1529166666666666,2
UKP_0023,2020-10-08,5.81876,6.61272,0.8799344294027268,10.02375,16.64,4.45,12.19,40.12833333333334,2.035833333333333,2
UKP_0023,2020-10-09,6.127680000000001,6.48699,0.9446106745963846,10.724166666666669,17.38,5.07,12.31,31.094166666666663,1.7608333333333333,2
UKP_0023,2020-10-10,5.99842,6.40055,0.937172586730828,11.639583333333334,18.96,6.04,12.920000000000002,25.620416666666667,1.7608333333333333,2
UKP_0023,2020-10-11,6.07587,6.38004,0.952324750315045,11.629583333333334,18.55,7.09,11.46,40.41166666666667,1.89,2
UKP_0023,2020-10-12,5.69816,6.45134,0.8832521615664342,10.50625,17.41,5.41,12.0,53.052083333333336,1.94375,2
UKP_0023,2020-10-13,5.895560000000001,6.31775,0.9331739939060584,10.031666666666666,16.48,5.88,10.6,50.71666666666667,2.0995833333333334,2
UKP_0023,2020-10-14,5.84441,6.31851,0.9249664873522396,9.960416666666667,16.89,4.42,12.47,43.037083333333335,1.9879166666666668,2
UKP_0023,2020-10-15,5.9913,6.27846,0.9542626695081278,10.12125,17.05,4.21,12.84,34.45166666666667,1.9116666666666668,2
UKP_0023,2020-10-16,5.83873,6.257890000000001,0.9330189568688486,10.517083333333334,17.13,5.68,11.45,30.62125,1.8575,2
UKP_0023,2020-10-17,5.78022,6.16652,0.9373552668279678,10.808749999999998,18.0,6.12,11.88,29.084166666666665,1.825416666666667,2
UKP_0023,2020-10-18,5.889480000000001,6.19499,0.9506843433161314,10.211666666666666,17.69,5.28,12.41,39.49,2.03375,2
UKP_0023,2020-10-19,5.60213,6.08258,0.9210121362974264,9.08375,15.87,4.12,11.75,46.73333333333333,1.9608333333333332,2
UKP_0023,2020-10-20,5.8184,6.20557,0.9376092768271084,7.948333333333333,14.89,2.48,12.41,44.29,2.07375,2
UKP_0023,2020-10-21,5.37481,6.07575,0.8846331728593178,6.972083333333334,13.85,2.0,11.85,44.46541666666667,1.9975,2
UKP_0023,2020-10-22,4.41678,5.90478,0.7480007722556979,5.913333333333333,11.78,1.54,10.239999999999998,62.10833333333333,2.129583333333333,2
UKP_0023,2020-10-23,5.15465,5.8331,0.8836896332996177,6.4054166666666665,13.35,1.14,12.21,52.97458333333333,2.1079166666666667,2
UKP_0023,2020-10-24,5.1456800000000005,5.89159,0.8733941092302758,6.40625,13.57,0.35,13.22,39.00833333333333,2.219583333333333,2
UKP_0023,2020-10-25,5.415430000000001,5.91877,0.9149586822937874,5.7275,13.45,-0.23,13.68,40.855,2.22625,2
UKP_0023,2020-10-26,4.60583,5.79685,0.7945401381784934,4.360833333333333,10.18,0.62,9.56,40.16833333333333,2.2954166666666667,2
UKP_0023,2020-10-27,5.52874,5.8318900000000005,0.9480185668796908,5.93375,13.18,0.98,12.2,35.594166666666666,2.375833333333333,2
UKP_0023,2020-10-28,5.4369700000000005,5.781,0.940489534682581,6.291666666666667,13.42,1.43,11.99,36.93291666666666,1.9775,2
UKP_0023,2020-10-29,5.29642,5.624149999999999,0.9417280833548184,5.261666666666667,12.3,0.72,11.58,45.415416666666665,2.3208333333333333,2
UKP_0023,2020-10-30,5.14018,5.504599999999999,0.933797187806562,5.725416666666667,12.9,1.02,11.88,44.0825,2.33375,2
UKP_0023,2020-10-31,4.97627,5.39741,0.9219736873796875,6.366666666666667,13.16,1.61,11.55,53.79916666666667,2.240416666666667,2
UKP_0023,2020-11-01,3.37209,5.30834,0.6352437861930471,6.089166666666666,13.23,1.62,11.61,57.3825,2.5654166666666667,2
UKP_0023,2020-11-02,3.56673,5.2684,0.6770044036140005,5.340416666666666,12.36,0.59,11.77,59.58916666666667,2.5283333333333333,2
UKP_0023,2020-11-03,3.85352,5.3098,0.7257373159064372,4.810833333333333,11.57,0.62,10.95,53.55583333333333,2.0995833333333334,2
UKP_0023,2020-11-04,3.84722,5.41397,0.7106097743430421,3.6945833333333336,10.0,-1.12,11.12,57.39166666666667,2.1766666666666667,2
UKP_0023,2020-11-05,4.5243400000000005,5.41647,0.8352930967955144,3.574583333333333,10.19,-1.36,11.55,43.986250000000005,2.285833333333333,2
UKP_0023,2020-11-06,4.59611,5.4387,0.8450751098608122,3.6825,10.82,-1.15,11.97,25.47208333333333,2.3000000000000003,2
UKP_0023,2020-11-07,4.78618,5.35442,0.8938745933266348,4.4075,12.59,-1.62,14.21,21.0325,2.286666666666666,2
UKP_0023,2020-11-08,4.71498,5.30931,0.8880589003090796,5.4425,13.89,-1.91,15.8,21.595,2.0820833333333333,2
UKP_0023,2020-11-09,4.7169,5.21737,0.9040761916444492,5.045416666666667,12.22,0.93,11.29,24.28833333333333,1.9479166666666667,2
UKP_0023,2020-11-10,4.39553,5.00542,0.8781540809762217,4.19125,11.27,-1.33,12.6,31.95958333333333,2.1358333333333333,2
UKP_0023,2020-11-11,4.20984,5.039149999999999,0.8354266096464682,2.8945833333333333,10.99,-3.05,14.04,27.155416666666667,2.543333333333333,2
UKP_0023,2020-11-12,4.7267,5.03262,0.939212577146695,3.807083333333333,11.33,-3.4,14.73,17.372083333333332,2.1591666666666667,2
UKP_0023,2020-11-13,4.48031,4.88048,0.9180060158017244,4.9504166666666665,11.93,-0.18,12.11,17.150833333333335,1.86625,2
UKP_0023,2020-11-14,4.0643400000000005,4.70868,0.8631591019139122,5.239166666666667,11.85,0.71,11.14,26.57583333333333,1.75875,2
UKP_0023,2020-11-15,3.41055,4.2815900000000005,0.7965615577390641,3.625,10.44,-1.43,11.87,50.05791666666667,2.23875,2
UKP_0023,2020-11-16,1.81493,3.86845,0.469162067494733,0.0716666666666667,5.24,-4.09,9.33,62.49958333333333,2.04,2
UKP_0023,2020-11-17,3.78123,4.8611,0.7778548065252721,0.57875,7.38,-3.66,11.04,31.892916666666665,1.7895833333333335,2
UKP_0023,2020-11-18,3.72168,4.78196,0.7782750169386612,-0.08,6.91,-4.9,11.81,33.373333333333335,1.7966666666666669,2
UKP_0023,2020-11-19,3.41885,4.56205,0.7494109008011749,-0.5895833333333332,6.2,-5.99,12.19,57.635,2.4225,2
UKP_0023,2020-11-20,3.92863,4.91179,0.7998367194037205,-0.5645833333333333,5.96,-5.22,11.18,41.89958333333333,2.074583333333333,2
UKP_0023,2020-11-21,3.8753,4.89688,0.7913814510463805,-1.1475,4.91,-5.39,10.3,31.78458333333333,2.04,2
UKP_0023,2020-11-22,3.82973,4.69137,0.81633510040777,0.98125,7.1,-2.71,9.81,26.304583333333337,1.6316666666666668,2
UKP_0023,2020-11-23,1.57578,4.3699,0.3605986407011602,-0.3595833333333333,5.77,-4.88,10.65,53.227916666666665,1.8541666666666667,2
UKP_0023,2020-11-24,2.3935500000000003,4.497529999999999,0.5321921143383147,-0.4716666666666667,5.37,-5.09,10.46,55.43541666666667,1.89375,2
UKP_0023,2020-11-25,0.96358,4.22292,0.228178606272437,-0.1120833333333334,6.21,-5.48,11.69,68.11999999999999,2.317083333333333,2
UKP_0023,2020-11-26,0.92203,3.981,0.2316076362722934,-0.82125,4.17,-6.17,10.34,68.76666666666667,2.9008333333333334,2
UKP_0023,2020-11-27,2.98448,4.628970000000001,0.6447395424900139,1.41375,9.69,-7.66,17.35,33.81166666666667,2.5375,2
UKP_0023,2020-11-28,3.62476,4.52627,0.8008271711585918,5.435833333333334,12.96,-2.17,15.13,25.94,2.1975,2
UKP_0023,2020-11-29,2.8241300000000003,4.42112,0.6387815757093226,6.18125,12.9,2.12,10.78,35.432916666666664,1.6345833333333333,2
UKP_0023,2020-11-30,3.45067,4.47585,0.7709530033401476,4.8075,11.03,1.45,9.58,37.779583333333335,1.8279166666666664,2
UKP_0023,2020-12-01,3.28615,4.34638,0.7560659675408041,4.53375,11.37,0.13,11.239999999999998,34.524166666666666,1.8904166666666664,2
UKP_0023,2020-12-02,3.69711,4.42293,0.8358961141143993,3.929583333333333,10.54,0.29,10.25,29.27875,2.0591666666666666,2
UKP_0023,2020-12-03,3.90871,4.5125,0.8661961218836565,3.1637500000000003,9.8,-0.35,10.15,28.85375,1.86,2
UKP_0023,2020-12-04,3.49158,4.31916,0.8083932986969689,1.845,8.54,-2.99,11.53,36.2625,1.6575,2
UKP_0023,2020-12-05,2.96504,4.05487,0.7312293612372283,0.9054166666666666,7.09,-3.22,10.31,48.02791666666667,1.788333333333333,2
UKP_0023,2020-12-06,2.89277,3.95362,0.7316762865424599,1.945,7.07,-2.79,9.86,35.74125,1.6395833333333334,2
UKP_0023,2020-12-07,3.52266,4.25721,0.8274574192957359,4.017083333333333,10.19,0.08,10.11,30.342916666666667,1.7854166666666669,2
UKP_0023,2020-12-08,2.48004,4.15325,0.5971323662192258,3.40625,10.12,-0.89,11.01,37.10208333333333,1.6762499999999998,2
UKP_0023,2020-12-09,3.09558,4.158900000000001,0.7443266248286805,3.2220833333333334,8.98,-0.86,9.84,36.04583333333333,1.5320833333333332,2
UKP_0023,2020-12-10,3.29854,4.1934700000000005,0.7865896262522445,1.9645833333333331,8.27,-2.22,10.49,37.10666666666666,1.6679166666666667,2
UKP_0023,2020-12-11,2.6600300000000003,4.2506,0.6258010633792876,0.7658333333333335,7.5,-3.86,11.36,40.48458333333333,1.6704166666666664,2
UKP_0023,2020-12-12,0.80375,3.70448,0.2169670237118299,-2.495833333333333,3.23,-7.06,10.29,76.30458333333333,2.3175,2
UKP_0023,2020-12-13,3.28966,4.43838,0.7411848467233539,-2.87125,4.2,-7.13,11.33,38.11708333333333,1.7720833333333337,2
UKP_0023,2020-12-14,3.94153,4.44115,0.8875021109397342,-2.0116666666666667,4.16,-5.98,10.14,34.91041666666667,1.7791666666666668,2
UKP_0023,2020-12-15,3.4292,4.39862,0.7796081498288099,-2.543333333333333,4.04,-6.81,10.85,48.895,2.0658333333333334,2
UKP_0023,2020-12-16,3.85972,4.35387,0.8865032718018684,-3.8858333333333337,2.16,-7.46,9.62,49.1675,1.8525,2
UKP_0023,2020-12-17,3.71579,4.441350000000001,0.8366352572978936,-3.0141666666666667,3.48,-7.37,10.85,27.2525,1.68,2
UKP_0023,2020-12-18,3.82461,4.33669,0.8819191595433384,-2.14625,3.73,-6.09,9.82,23.99083333333333,1.4625,2
UKP_0023,2020-12-19,3.87442,4.3763000000000005,0.8853186481731142,-0.0608333333333334,7.02,-5.61,12.63,24.59166666666667,1.9495833333333328,2
UKP_0023,2020-12-20,3.4918400000000003,4.2814,0.8155836875788295,3.047083333333333,9.47,-2.62,12.09,25.50791666666667,1.6583333333333332,2
UKP_0023,2020-12-21,2.27732,4.07403,0.5589845926515024,2.4570833333333333,8.07,-1.65,9.72,24.69333333333333,1.15875,2
UKP_0023,2020-12-22,3.28576,4.27447,0.7686941305003896,0.8412499999999999,7.26,-3.41,10.67,23.69875,1.3724999999999998,2
UKP_0023,2020-12-23,3.6701,4.18028,0.8779555436477939,-0.5929166666666666,6.51,-5.68,12.19,26.207083333333333,1.8166666666666669,2
UKP_0023,2020-12-24,3.0785,4.32203,0.7122810346064234,-2.3541666666666665,5.01,-9.84,14.85,36.62583333333333,2.24625,2
UKP_0023,2020-12-25,3.8791,4.432639999999999,0.8751218235633844,-1.5091666666666663,5.93,-10.44,16.369999999999997,22.18125,1.9041666666666668,2
UKP_0023,2020-12-26,3.489,4.29523,0.8122964311573536,-0.0387499999999999,6.36,-4.19,10.55,19.05,1.2270833333333333,2
UKP_0023,2020-12-27,3.62871,4.17744,0.8686444329541537,-2.56,5.6,-8.22,13.82,37.04833333333333,2.8479166666666664,2
UKP_0023,2020-12-28,2.51451,4.12706,0.6092739141180404,-5.3620833333333335,-0.31,-8.9,8.59,70.56708333333333,2.4758333333333336,2
UKP_0023,2020-12-29,3.87905,4.50393,0.861258944965841,-4.327083333333333,2.26,-8.63,10.89,25.857083333333332,1.8341666666666667,2
UKP_0023,2020-12-30,3.38655,4.49096,0.7540815326789818,-2.734583333333333,3.83,-7.1,10.93,21.329166666666666,1.90125,2
UKP_0023,2020-12-31,3.81269,4.46946,0.8530538364813647,0.0766666666666667,5.74,-4.93,10.67,16.655416666666667,1.524166666666667,2
UKP_0023,2021-01-01,3.65056,4.16412,0.8766702208389768,0.0833333333333333,6.8,-3.97,10.77,19.000416666666663,1.4520833333333334,2
UKP_0023,2021-01-02,2.04862,3.84674,0.5325600378502318,-0.2499999999999999,5.44,-3.51,8.95,41.912083333333335,1.5454166666666664,2
UKP_0023,2021-01-03,1.08931,3.00406,0.3626125976178904,-0.4229166666666666,4.97,-4.85,9.82,72.53583333333334,1.2583333333333333,2
UKP_0023,2021-01-04,2.1654400000000003,4.19882,0.5157258467855256,0.0875,5.77,-4.87,10.64,67.76083333333334,1.7245833333333334,2
UKP_0023,2021-01-05,1.25255,3.9806,0.3146636185499674,-1.87875,2.34,-4.91,7.25,87.60666666666667,1.8583333333333332,2
UKP_0023,2021-01-06,0.90683,3.22805,0.2809219188054708,-3.2016666666666667,2.96,-8.14,11.1,68.425,1.829583333333333,2
UKP_0023,2021-01-07,3.21706,4.497059999999999,0.7153695970256124,-2.6666666666666665,4.61,-7.87,12.48,31.18625,1.7891666666666666,2
UKP_0023,2021-01-08,2.74555,4.43019,0.619736399567513,-2.365833333333333,4.6,-6.52,11.12,35.78666666666667,1.63875,2
UKP_0023,2021-01-09,3.6276,4.54223,0.7986385541903426,-1.9941666666666664,5.15,-6.28,11.43,42.629583333333336,1.065416666666667,2
UKP_0023,2021-01-10,3.89107,4.65822,0.8353126301462791,-0.6541666666666667,6.41,-5.36,11.77,19.063333333333333,1.045,2
UKP_0023,2021-01-11,3.78689,4.74385,0.798273554180676,0.1049999999999999,7.1,-4.08,11.18,19.69625,1.145,2
UKP_0023,2021-01-12,4.0983,4.770149999999999,0.8591553724725639,1.36,8.24,-2.71,10.95,22.52416666666667,1.6195833333333332,2
UKP_0023,2021-01-13,4.199389999999999,4.765569999999999,0.8811936452512501,2.9554166666666664,9.46,-2.2,11.66,22.9025,1.7466666666666668,2
UKP_0023,2021-01-14,3.6132,4.614739999999999,0.7829693547198759,5.04875,11.31,-0.2,11.51,24.94666666666667,1.99875,2
UKP_0023,2021-01-15,3.48457,4.48729,0.7765421891609413,3.269166666666667,10.67,-3.3,13.97,30.076666666666668,1.8179166666666668,2
UKP_0023,2021-01-16,4.15979,4.75668,0.8745154183169773,1.7170833333333333,9.89,-5.28,15.170000000000002,27.187916666666663,2.30625,2
UKP_0023,2021-01-17,4.12861,4.64851,0.8881577107503265,2.2033333333333336,8.81,-3.19,12.0,28.675833333333333,1.1829166666666666,2
UKP_0023,2021-01-18,3.57572,4.403689999999999,0.8119826781630861,-0.6112500000000001,5.6,-5.48,11.08,43.52333333333333,1.612083333333333,2
UKP_0023,2021-01-19,4.06726,4.61899,0.8805518089452457,-1.669166666666667,5.18,-6.81,11.989999999999998,51.95250000000001,2.14875,2
UKP_0023,2021-01-20,4.27618,4.973409999999999,0.8598084613977132,-3.204166666666667,5.63,-10.89,16.52,34.40833333333333,3.31625,2
UKP_0023,2021-01-21,4.39808,4.95645,0.8873447729725913,1.3170833333333334,10.82,-10.55,21.37,24.8375,2.63625,2
UKP_0023,2021-01-22,2.1888400000000003,4.7203800000000005,0.4636999563594456,2.02125,8.52,-2.92,11.44,34.24875,1.5108333333333333,2
UKP_0023,2021-01-23,3.36221,4.426069999999999,0.7596377825023103,-2.29625,4.44,-8.19,12.63,55.17333333333334,2.290833333333333,2
UKP_0023,2021-01-24,4.06556,4.9507200000000005,0.8212058044082475,-4.272083333333334,2.75,-10.77,13.52,45.5725,2.075,2
UKP_0023,2021-01-25,4.46123,5.1679200000000005,0.8632544621433766,-3.782083333333333,3.32,-10.79,14.11,24.95041666666667,2.087916666666666,2
UKP_0023,2021-01-26,4.64088,5.15843,0.8996690853612437,-3.44875,3.53,-7.63,11.16,23.743333333333336,2.012083333333333,2
UKP_0023,2021-01-27,4.57325,5.16105,0.8861084469245598,-2.766666666666667,4.39,-7.43,11.82,25.78708333333333,1.8908333333333327,2
UKP_0023,2021-01-28,4.15092,5.15207,0.8056800470490502,-3.2916666666666665,3.0,-8.09,11.09,36.297916666666666,2.027083333333333,2
UKP_0023,2021-01-29,4.04706,5.18093,0.7811454700217915,-5.374583333333334,1.59,-11.37,12.96,45.84333333333333,2.5595833333333333,2
UKP_0023,2021-01-30,4.56322,5.166,0.883317847464189,-2.44,5.11,-11.19,16.3,31.93375,2.24375,2
UKP_0023,2021-01-31,4.8398900000000005,5.31245,0.911046692204162,-1.1879166666666665,5.42,-5.32,10.74,33.23833333333334,1.9466666666666663,2
UKP_0023,2021-02-01,4.64519,5.235060000000001,0.8873231634403423,-0.8204166666666667,6.75,-7.0,13.75,37.84875,2.6841666666666666,2
UKP_0023,2021-02-02,4.642720000000001,5.24917,0.8844674491395783,-1.1925,6.41,-7.05,13.46,29.28125,2.0141666666666667,2
UKP_0023,2021-02-03,2.7944,4.646769999999999,0.601363958190313,-3.080833333333333,3.13,-8.56,11.69,61.02875,2.2275,2
UKP_0023,2021-02-04,1.33488,4.26928,0.3126709890192257,-3.530416666666666,2.69,-9.01,11.7,77.97625000000001,2.214583333333333,2
UKP_0023,2021-02-05,2.88932,4.80582,0.6012126962724363,-6.0575,-0.63,-10.87,10.239999999999998,68.31958333333334,2.0941666666666667,2
UKP_0023,2021-02-06,4.02155,5.470020000000001,0.7351984087809551,-3.9158333333333335,4.34,-11.03,15.37,44.50083333333333,2.797916666666667,2
UKP_0023,2021-02-07,4.61541,5.54793,0.8319156874726249,0.8433333333333334,10.14,-9.73,19.87,32.625416666666666,2.76625,2
UKP_0023,2021-02-08,4.48215,5.449350000000001,0.8225109416719424,3.1604166666666664,11.48,-5.66,17.14,30.99125,2.62,2
UKP_0023,2021-02-09,4.08098,5.38607,0.7576916007404286,4.304166666666666,11.44,-1.61,13.05,36.7125,1.6045833333333333,2
UKP_0023,2021-02-10,3.59069,5.36908,0.6687719311315905,0.2058333333333334,6.95,-4.86,11.81,47.0875,2.455,2
UKP_0023,2021-02-11,4.56745,5.5501000000000005,0.8229491360516026,1.60875,8.83,-4.91,13.74,39.8825,2.2070833333333333,2
UKP_0023,2021-02-12,4.58442,5.68774,0.8060178559498149,2.052083333333333,8.91,-3.73,12.64,37.88291666666667,2.1220833333333333,2
UKP_0023,2021-02-13,4.16773,5.49224,0.7588397448035774,2.489583333333333,8.68,-1.65,10.33,43.025416666666665,1.7670833333333336,2
UKP_0023,2021-02-14,4.112730000000001,5.59016,0.7357088169211616,0.5191666666666667,7.3,-4.95,12.25,53.76583333333334,2.37875,2
UKP_0023,2021-02-15,3.94937,5.63272,0.7011479356332287,-0.1504166666666666,6.79,-6.68,13.47,49.21041666666667,2.3270833333333334,2
UKP_0023,2021-02-16,4.224889999999999,5.71411,0.739378485888441,-0.86625,5.49,-7.58,13.07,47.30625,2.174583333333333,2
UKP_0023,2021-02-17,3.7895,5.68831,0.6661908369972804,-0.51125,4.76,-4.62,9.38,58.04416666666666,1.78,2
UKP_0023,2021-02-18,3.58474,5.70511,0.6283384544732704,-0.8483333333333333,5.62,-6.61,12.23,58.07916666666667,2.160833333333333,2
UKP_0023,2021-02-19,4.69904,6.00218,0.782888883705587,1.4320833333333332,8.74,-7.31,16.05,37.21375,1.9591666666666667,2
UKP_0023,2021-02-20,5.06107,5.79547,0.8732803379190989,4.032916666666667,10.63,-0.65,11.28,40.625416666666666,2.2433333333333336,2
UKP_0023,2021-02-21,5.19508,5.93282,0.8756510394719543,5.317916666666666,12.46,0.75,11.71,39.085,2.428333333333333,2
UKP_0023,2021-02-22,4.91236,5.945390000000001,0.8262468904478931,5.784166666666667,12.76,1.1,11.66,40.25875,2.255416666666666,2
UKP_0023,2021-02-23,3.99962,5.99163,0.6675345440222443,4.252916666666667,11.32,-0.93,12.25,46.14458333333334,2.4591666666666665,2
UKP_0023,2021-02-24,4.77529,6.269489999999999,0.7616712045158379,3.1341666666666668,10.73,-2.32,13.05,36.96458333333333,3.022083333333333,2
UKP_0023,2021-02-25,5.213550000000001,6.21689,0.8386106236397942,3.975,11.11,-2.25,13.36,31.442083333333333,2.7891666666666666,2
UKP_0023,2021-02-26,5.19294,6.32634,0.8208442796308766,4.75375,12.26,-0.39,12.65,44.3975,2.4520833333333334,2
UKP_0023,2021-02-27,3.76088,6.29087,0.5978314605134107,1.7416666666666665,7.93,-4.07,12.0,75.34208333333333,2.5370833333333334,2
UKP_0023,2021-02-28,5.136850000000001,6.582019999999999,0.7804367048413711,1.28625,7.96,-3.89,11.85,41.910833333333336,1.8633333333333333,2
UKP_0023,2021-03-01,5.46039,6.761939999999999,0.807518256595001,0.5341666666666667,7.91,-6.55,14.46,36.19583333333333,2.72125,2
UKP_0023,2021-03-02,5.913,6.7059,0.8817608374714804,3.942083333333333,12.58,-6.96,19.54,32.02583333333333,2.46125,2
UKP_0023,2021-03-03,5.3687700000000005,6.74568,0.79588269826022,3.279583333333333,10.92,-2.79,13.71,39.727916666666665,2.4091666666666667,2
UKP_0023,2021-03-04,5.28857,6.759600000000001,0.7823791348600508,2.380416666666666,9.38,-2.83,12.21,36.30625,2.5733333333333333,2
UKP_0023,2021-03-05,5.2873600000000005,6.89689,0.7666295968182761,2.5816666666666666,9.79,-3.28,13.07,30.6925,2.905,2
UKP_0023,2021-03-06,5.8886400000000005,6.81547,0.8640108459137815,4.418333333333333,12.49,-3.5,15.99,34.60708333333333,2.3279166666666664,2
UKP_0023,2021-03-07,3.0912,6.16492,0.5014176988509178,2.42625,8.53,-1.75,10.28,76.20375,2.4770833333333333,2
UKP_0023,2021-03-08,3.47185,6.197649999999999,0.560188135825676,2.0325,8.92,-2.63,11.55,71.63875,1.9170833333333333,2
UKP_0023,2021-03-09,5.292590000000001,6.82998,0.7749056366197267,3.09,10.14,-3.09,13.23,46.73541666666667,2.3779166666666667,2
UKP_0023,2021-03-10,4.315429999999999,6.57366,0.6564729541838183,3.2175,10.4,-2.95,13.35,56.94458333333333,2.69125,2
UKP_0023,2021-03-11,5.407109999999999,7.025390000000001,0.7696526456182502,3.891666666666667,11.06,-3.16,14.22,47.98333333333333,2.38125,2
UKP_0023,2021-03-12,3.88778,6.22938,0.6241038434001457,2.99625,8.38,-1.19,9.57,54.90708333333333,2.2691666666666666,2
UKP_0023,2021-03-13,5.53036,6.82659,0.8101204261571296,5.08625,12.75,-1.23,13.98,45.3675,2.327916666666667,2
UKP_0023,2021-03-14,5.28025,6.91802,0.763260297021402,4.7175,12.04,-1.26,13.3,37.13708333333333,2.2716666666666665,2
UKP_0023,2021-03-15,5.75304,6.991779999999999,0.8228290935927619,4.972916666666666,12.23,-1.76,13.99,34.187916666666666,2.26125,2
UKP_0023,2021-03-16,5.0798000000000005,6.98358,0.7273919680164043,4.430833333333333,11.37,-0.75,12.12,42.29208333333333,2.5733333333333333,2
UKP_0023,2021-03-17,4.85783,6.9858400000000005,0.6953823734869392,4.8254166666666665,11.34,-0.7,12.04,43.99041666666667,2.53125,2
UKP_0023,2021-03-18,5.23176,7.21599,0.7250231776928738,5.01125,11.69,-0.77,12.46,34.8375,2.4291666666666667,2
UKP_0023,2021-03-19,4.97741,7.10424,0.7006252604078691,4.954583333333333,11.45,-1.16,12.61,42.10333333333333,2.5954166666666665,2
UKP_0023,2021-03-20,5.46999,7.29364,0.7499670946194219,5.252083333333333,11.88,-1.66,13.54,39.36375,2.4308333333333336,2
UKP_0023,2021-03-21,5.5637,7.41827,0.7499996629942022,5.47375,12.73,-0.28,13.01,50.01041666666666,2.6133333333333333,2
UKP_0023,2021-03-22,3.70002,6.66154,0.5554301257667146,4.984583333333333,11.08,-0.27,11.35,55.32708333333333,2.35,2
UKP_0023,2021-03-23,3.5318,6.697760000000001,0.5273106232531473,4.500416666666667,10.31,-0.5,10.81,52.66375,1.8012499999999998,2
UKP_0023,2021-03-24,4.52558,7.38856,0.6125117749602087,3.1875,10.29,-3.47,13.76,54.0825,2.910833333333333,2
UKP_0023,2021-03-25,6.09171,7.68118,0.7930695544174202,4.525833333333334,12.6,-3.7,16.3,31.755,2.942083333333333,2
UKP_0023,2021-03-26,6.32193,7.59422,0.8324660070421979,7.43875,15.58,-1.76,17.34,27.15125,2.4570833333333333,2
UKP_0023,2021-03-27,6.05445,7.42125,0.8158261748357757,7.386666666666667,14.7,1.49,13.21,41.915416666666665,2.6979166666666665,2
UKP_0023,2021-03-28,5.689649999999999,7.36308,0.7727269023289166,7.3125,13.64,1.99,11.65,56.76666666666667,2.874166666666667,2
UKP_0023,2021-03-29,4.06674,7.16038,0.5679503043134583,6.330416666666667,12.81,0.42,12.39,45.37041666666667,3.893333333333333,2
UKP_0023,2021-03-30,5.09542,7.42467,0.6862823532897758,6.88375,14.23,0.18,14.05,36.09708333333334,3.313333333333333,2
UKP_0023,2021-03-31,6.26213,8.213809999999999,0.7623904132187135,6.199583333333333,14.74,-1.17,15.91,19.3825,3.5004166666666667,2
UKP_0023,2021-04-01,6.6909,8.33826,0.8024336012549381,4.86875,13.31,-1.73,15.04,16.154166666666665,3.68125,2
UKP_0023,2021-04-02,6.46634,8.24276,0.784487234858227,3.1291666666666664,10.9,-3.99,14.89,17.66208333333333,3.535,2
UKP_0023,2021-04-03,6.94354,8.3778,0.8288023108692019,3.591666666666667,11.0,-4.13,15.13,19.076666666666668,3.317916666666666,2
UKP_0023,2021-04-04,6.99694,8.08751,0.8651537988824742,7.065,15.28,-3.16,18.44,22.86583333333333,2.615,2
UKP_0023,2021-04-05,4.55357,7.456180000000001,0.6107108465729099,6.75,14.2,1.56,12.64,58.12833333333333,2.9475,2
UKP_0023,2021-04-06,3.70834,6.9957,0.5300884829252255,6.293749999999999,11.6,1.41,10.19,59.38791666666666,2.76125,2
UKP_0023,2021-04-07,3.31625,7.78667,0.4258880882328389,5.742916666666667,12.07,-0.38,12.45,56.38875,3.28875,2
UKP_0023,2021-04-08,5.45429,8.360430000000001,0.652393477368987,6.040416666666666,13.32,-0.45,13.77,36.33583333333333,2.95,2
UKP_0023,2021-04-09,6.140149999999999,8.41127,0.7299908337266547,6.001666666666666,12.55,-0.5,13.05,25.6875,2.7433333333333336,2
UKP_0023,2021-04-10,5.97714,8.324860000000001,0.7179868490280917,6.449166666666667,13.78,-0.14,13.92,26.871666666666663,2.8966666666666665,2
UKP_0023,2021-04-11,6.09196,8.36896,0.7279231828088557,6.815,14.14,-0.26,14.4,32.73,2.9000000000000004,2
UKP_0023,2021-04-12,4.73157,7.74626,0.6108199311667823,6.351666666666667,13.27,-0.33,13.6,41.470416666666665,3.4433333333333334,2
UKP_0023,2021-04-13,6.39024,8.366200000000001,0.7638163084793572,9.080833333333333,16.68,-0.15,16.83,32.287083333333335,2.404583333333333,2
UKP_0023,2021-04-14,5.62765,7.955970000000001,0.7073493238410904,8.981666666666667,15.47,3.41,12.06,46.367916666666666,3.12625,2
UKP_0023,2021-04-15,5.16104,8.05001,0.6411221849413852,8.150833333333333,13.12,3.1,10.02,47.89125000000001,2.9454166666666666,2
UKP_0023,2021-04-16,5.8914,7.880850000000001,0.7475589562039627,8.219583333333334,15.78,1.91,13.87,45.58166666666667,2.64875,2
UKP_0023,2021-04-17,3.23699,7.346010000000001,0.4406460105553898,5.125416666666667,10.66,-0.7,11.36,72.3475,4.30625,2
UKP_0023,2021-04-18,4.70656,8.260039999999998,0.5697986934687969,4.0225,10.01,-2.02,12.03,63.45333333333334,2.6958333333333333,2
UKP_0023,2021-04-19,7.11728,8.822880000000001,0.8066844386413505,5.895416666666667,13.46,-1.53,14.99,42.814166666666665,3.4129166666666664,2
UKP_0023,2021-04-20,4.3134,8.2043,0.5257486927586753,5.7175,13.05,-0.87,13.92,54.43375,2.353333333333333,2
UKP_0023,2021-04-21,3.28005,7.82098,0.4193911760418771,5.14,10.16,-0.06,10.22,80.16291666666667,4.497083333333333,2
UKP_0023,2021-04-22,4.08148,7.95612,0.5129987984092749,1.1504166666666666,5.38,-4.25,9.63,84.1075,2.34,2
UKP_0023,2021-04-23,1.08495,7.80487,0.1390093621034046,1.45125,5.47,-3.39,8.86,81.70458333333333,2.4591666666666665,2
UKP_0023,2021-04-24,4.77341,8.45977,0.5642482006011984,3.6341666666666663,8.45,-2.77,11.22,61.04625000000001,1.9066666666666665,2
UKP_0023,2021-04-25,6.21562,8.8246,0.7043514720213947,6.464166666666667,14.26,-1.39,15.65,41.5725,2.2204166666666665,2
UKP_0023,2021-04-26,8.426309999999999,8.7322,0.9649698815876868,8.035833333333334,15.31,-0.7,16.01,49.12416666666667,2.615,2
UKP_0023,2021-04-27,7.59993,8.691540000000002,0.8744054563403031,8.875,15.88,0.04,15.840000000000002,58.36541666666667,2.517916666666667,2
UKP_0023,2021-04-28,7.90346,8.51998,0.9276383277895018,9.245833333333334,15.17,3.02,12.15,58.305,2.68375,2
UKP_0023,2021-04-29,6.91086,8.4812,0.8148445974626232,8.194166666666666,14.17,0.51,13.66,65.87666666666667,2.85625,2
UKP_0023,2021-04-30,7.67366,8.50118,0.9026582192119212,8.731250000000001,14.37,1.08,13.29,64.15208333333334,2.3866666666666667,2
UKP_0023,2021-05-01,5.57076,8.01395,0.6951328620717624,8.928333333333333,14.22,4.2,10.02,65.25791666666667,2.35,2
UKP_0023,2021-05-02,5.24258,7.71728,0.6793300230132897,8.349583333333333,12.82,4.66,8.16,74.35375,2.748333333333333,2
UKP_0023,2021-05-03,5.24557,7.9724,0.6579662335055942,8.290833333333333,12.94,4.88,8.059999999999999,67.81625,2.607083333333333,2
UKP_0023,2021-05-04,4.95108,8.28296,0.5977428358944147,9.332083333333332,14.46,5.31,9.150000000000002,70.105,3.075,2
UKP_0023,2021-05-05,4.08501,8.243829999999999,0.4955233186516461,7.909166666666667,12.69,3.67,9.02,74.19375000000001,3.1604166666666664,2
UKP_0023,2021-05-06,5.06723,8.35346,0.6066025335609435,8.156666666666666,12.67,3.7,8.969999999999999,77.5425,3.3475,2
UKP_0023,2021-05-07,4.93777,8.249139999999999,0.5985799731850837,7.586666666666667,13.06,2.19,10.87,75.10083333333334,2.765416666666667,2
UKP_0023,2021-05-08,5.52426,8.21566,0.6724061122295714,7.072916666666667,11.7,2.67,9.03,78.29333333333334,2.57875,2
UKP_0023,2021-05-09,5.14029,8.529729999999999,0.6026322052397908,8.09875,12.53,3.5,9.03,78.69791666666667,3.544583333333333,2
UKP_0023,2021-05-10,5.063359999999999,7.7041,0.657229267532872,7.939166666666666,11.58,4.63,6.95,77.42958333333333,2.4345833333333333,2
UKP_0023,2021-05-11,5.0299700000000005,8.353729999999999,0.6021226446150404,8.119583333333333,12.14,4.7,7.44,76.57541666666667,3.33875,2
UKP_0023,2021-05-12,4.43363,8.46993,0.523455329619017,7.71,12.41,2.9,9.51,77.06208333333333,3.54625,2
UKP_0023,2021-05-13,3.69226,8.700149999999999,0.4243903840738379,5.697916666666667,10.1,1.16,8.94,80.83833333333332,2.6495833333333336,2
UKP_0023,2021-05-14,6.678109999999999,8.992209999999998,0.7426550314105209,7.315416666666667,12.83,2.34,10.49,65.31666666666666,2.7816666666666667,2
UKP_0023,2021-05-15,5.88912,8.93858,0.6588429034589387,8.145833333333334,14.18,2.73,11.45,65.12541666666667,3.01375,2
UKP_0023,2021-05-16,7.37363,9.03216,0.8163750420718855,10.314583333333331,16.2,4.15,12.05,53.57541666666666,2.523333333333333,2
UKP_0023,2021-05-17,5.74122,8.759409999999999,0.6554345555237169,9.98,14.86,4.47,10.39,58.873333333333335,2.283333333333333,2
UKP_0023,2021-05-18,2.74012,8.81059,0.3110030088790876,10.1825,15.3,5.41,9.89,63.12916666666666,2.408333333333333,2
UKP_0023,2021-05-19,2.17275,8.60733,0.2524301961235366,8.42125,13.02,4.93,8.09,79.8025,2.084583333333333,2
UKP_0023,2021-05-20,1.88204,8.74269,0.2152701285302349,6.301666666666667,8.98,1.77,7.210000000000001,93.375,1.4662499999999998,2
UKP_0023,2021-05-21,3.95349,8.8167,0.4484092687740311,7.902916666666667,12.39,2.56,9.83,63.98666666666667,1.91875,2
UKP_0023,2021-05-22,5.55509,9.0672,0.6126577113110994,9.161666666666669,13.84,4.27,9.57,60.14416666666667,2.052083333333333,2
UKP_0023,2021-05-23,6.1138,8.96583,0.6819000583325805,9.114583333333334,14.61,2.92,11.69,65.81,2.0954166666666665,2
UKP_0023,2021-05-24,5.14708,9.06973,0.567500906862718,9.590416666666666,14.34,4.24,10.1,68.17708333333333,2.517916666666667,2
UKP_0023,2021-05-25,7.11843,9.3391,0.7622179867439046,9.850833333333332,15.12,3.89,11.23,61.83416666666667,2.4879166666666666,2
UKP_0023,2021-05-26,7.79363,9.29683,0.8383104778725652,10.878333333333332,16.08,4.99,11.089999999999998,50.725,2.365416666666667,2
UKP_0023,2021-05-27,7.93061,9.19417,0.8625694325860844,12.099583333333332,18.49,4.58,13.909999999999998,50.85874999999999,2.4829166666666667,2
UKP_0023,2021-05-28,6.938,9.0196,0.7692137123597498,12.625833333333333,18.29,5.91,12.38,60.22375,2.411666666666666,2
UKP_0023,2021-05-29,5.213010000000001,8.771139999999999,0.5943366540723328,11.704583333333332,16.65,7.14,9.509999999999998,81.33458333333333,2.8929166666666664,2
UKP_0023,2021-05-30,6.26639,8.73076,0.7177370584004142,11.3725,15.69,6.83,8.86,82.21208333333333,2.549166666666667,2
UKP_0023,2021-05-31,5.89344,8.66129,0.6804344387498861,10.614583333333334,15.01,4.78,10.23,78.645,2.998333333333333,2
UKP_0023,2021-06-01,3.90521,8.65069,0.451433353871194,9.095,14.39,3.6,10.79,74.31541666666666,2.717083333333333,2
UKP_0023,2021-06-02,5.15372,8.61139,0.5984771331922024,9.4825,14.43,5.0,9.43,75.03166666666667,2.884583333333333,2
UKP_0023,2021-06-03,6.646599999999999,8.78065,0.756959906157289,10.239583333333334,15.67,4.83,10.84,68.68958333333333,2.94125,2
UKP_0023,2021-06-04,6.0453,8.81617,0.6857059244547236,11.464166666666666,16.89,6.11,10.78,65.7725,2.50625,2
UKP_0023,2021-06-05,4.9006300000000005,8.7289,0.5614258383072324,11.847083333333332,17.09,7.27,9.82,70.63250000000001,2.4720833333333334,2
UKP_0023,2021-06-06,6.59608,8.84524,0.7457208622942961,12.582083333333337,17.68,7.99,9.69,68.80875,2.745416666666667,2
UKP_0023,2021-06-07,6.12412,8.89807,0.6882526210740081,12.79375,17.99,8.5,9.489999999999998,71.39375,2.22375,2
UKP_0023,2021-06-08,7.86487,9.18215,0.8565390458661643,16.229583333333334,23.13,9.79,13.34,52.32458333333333,2.165833333333333,2
UKP_0023,2021-06-09,6.7898000000000005,8.67825,0.7823927635179904,16.25583333333333,22.91,10.52,12.39,66.47041666666667,2.4879166666666666,2
UKP_0023,2021-06-10,4.642720000000001,8.61461,0.5389355989417978,13.73875,19.3,10.03,9.27,79.71541666666667,2.1991666666666667,2
UKP_0023,2021-06-11,4.88316,8.75924,0.5574867225923711,14.343333333333334,19.85,9.79,10.060000000000002,77.01375,2.5075,2
UKP_0023,2021-06-12,5.37442,8.57973,0.6264089895602776,13.457916666666668,18.37,8.65,9.72,80.42375,1.9916666666666665,2
UKP_0023,2021-06-13,6.621989999999999,8.81866,0.7509066003224979,13.20625,17.77,8.58,9.19,80.0225,2.6808333333333336,2
UKP_0023,2021-06-14,6.731310000000001,9.0913,0.7404122622727225,12.185833333333331,18.04,6.52,11.52,74.03916666666667,2.5975,2
UKP_0023,2021-06-15,6.98245,9.00724,0.7752041690906427,12.840833333333334,18.86,7.15,11.71,66.41083333333333,2.535833333333333,2
UKP_0023,2021-06-16,4.33901,8.65367,0.5014069175274768,12.249583333333334,18.49,7.01,11.48,70.79458333333334,2.1904166666666667,2
UKP_0023,2021-06-17,5.305650000000001,8.932319999999999,0.5939834220001077,12.647916666666667,17.63,8.04,9.59,73.48625,2.072083333333333,2
UKP_0023,2021-06-18,2.73333,8.71261,0.3137211467057518,9.904583333333331,12.68,7.05,5.63,91.65208333333334,1.905,2
UKP_0023,2021-06-19,2.49166,8.85117,0.2815062867394932,10.474583333333332,13.85,5.89,7.96,88.16791666666667,1.7420833333333334,2
UKP_0023,2021-06-20,2.41566,8.88552,0.2718647867541798,11.999583333333334,16.87,7.76,9.11,75.48833333333333,2.103333333333333,2
UKP_0023,2021-06-21,6.07401,9.07669,0.6691877766013822,12.382916666666668,17.73,6.78,10.95,67.0525,2.0091666666666668,2
UKP_0023,2021-06-22,5.7018,8.94585,0.6373681651268466,13.09875,18.07,8.38,9.69,69.37708333333333,2.185416666666667,2
UKP_0023,2021-06-23,5.382140000000001,9.20967,0.5844009611636465,12.057916666666666,17.84,5.01,12.83,67.28750000000001,2.3783333333333334,2
UKP_0023,2021-06-24,6.6519,9.0602,0.7341890907485485,12.257916666666668,17.28,6.22,11.060000000000002,68.81333333333333,2.2966666666666664,2
UKP_0023,2021-06-25,6.56006,8.90434,0.7367261357944553,11.92,16.98,7.06,9.920000000000002,63.80166666666667,2.2670833333333333,2
UKP_0023,2021-06-26,6.388059999999999,8.99377,0.7102761133540217,12.611666666666666,17.79,7.89,9.9,64.52291666666666,2.2091666666666665,2
UKP_0023,2021-06-27,6.566730000000001,8.96048,0.7328547131403675,13.820416666666668,18.98,8.96,10.02,73.64208333333333,2.55625,2
UKP_0023,2021-06-28,5.98624,8.88275,0.6739174242211027,14.496666666666668,19.61,9.15,10.46,74.21541666666667,2.742083333333333,2
UKP_0023,2021-06-29,7.24625,9.14146,0.7926797251204951,15.6475,21.17,10.29,10.880000000000004,64.45916666666666,2.620833333333333,2
UKP_0023,2021-06-30,6.45063,9.02023,0.7151292151087058,15.577916666666669,21.05,9.82,11.23,67.22291666666666,2.716666666666667,2
UKP_0023,2021-07-01,7.05129,8.853819999999999,0.7964121701141429,14.765833333333331,19.78,8.77,11.010000000000002,70.82666666666667,2.90625,2
UKP_0023,2021-07-02,6.415229999999999,8.959940000000001,0.7159902856492341,14.127916666666666,19.43,9.32,10.11,65.34166666666667,2.762083333333333,2
UKP_0023,2021-07-03,5.577529999999999,9.01475,0.6187115560609002,13.282083333333333,18.86,7.41,11.45,67.27791666666667,2.6141666666666663,2
UKP_0023,2021-07-04,5.65598,8.87034,0.6376283208986352,14.01125,19.13,8.48,10.65,72.03125,2.59625,2
UKP_0023,2021-07-05,7.419869999999999,8.89859,0.8338253588489861,14.303333333333336,19.22,9.62,9.6,78.62458333333333,2.7229166666666664,2
UKP_0023,2021-07-06,6.9573100000000005,8.812149999999999,0.7895133423738817,15.275416666666668,20.73,10.6,10.13,73.22875,2.7245833333333334,2
UKP_0023,2021-07-07,6.96471,8.8279,0.7889430102289333,15.91125,21.3,10.93,10.37,68.0125,2.7533333333333334,2
UKP_0023,2021-07-08,6.661449999999999,8.89432,0.748955513181446,14.9425,20.29,9.62,10.67,75.20125,2.6195833333333334,2
UKP_0023,2021-07-09,5.74368,8.461649999999999,0.678789597773484,15.38,20.53,10.84,9.69,79.55666666666666,2.9408333333333334,2
UKP_0023,2021-07-10,5.9818,8.7079,0.6869394457906038,15.170833333333334,19.41,11.96,7.449999999999999,85.13666666666667,2.5654166666666667,2
UKP_0023,2021-07-11,4.47437,8.653139999999999,0.5170805048803093,13.390416666666669,16.92,10.26,6.660000000000002,91.35916666666668,2.3525,2
UKP_0023,2021-07-12,3.82356,8.36379,0.4571563848446697,13.5625,17.09,10.91,6.18,87.82166666666666,2.619166666666666,2
UKP_0023,2021-07-13,3.63221,8.370700000000001,0.4339195049398496,12.071666666666667,14.37,9.62,4.75,92.98,2.505,2
UKP_0023,2021-07-14,5.29358,8.573540000000001,0.6174322391917456,13.98875,17.68,10.3,7.379999999999999,85.83083333333333,2.405416666666667,2
UKP_0023,2021-07-15,6.40116,8.47526,0.7552759443368109,14.6175,19.26,11.22,8.040000000000001,83.72833333333334,2.32625,2
UKP_0023,2021-07-16,6.276680000000001,8.59724,0.7300808166341758,15.782916666666669,20.76,11.49,9.27,81.17791666666666,2.5575,2
UKP_0023,2021-07-17,5.35953,8.638729999999999,0.6204071663311621,16.7925,22.64,12.17,10.47,82.13666666666667,2.6845833333333338,2
UKP_0023,2021-07-18,3.65263,8.530959999999999,0.4281616605868508,15.864583333333334,19.8,12.75,7.050000000000001,88.29166666666667,2.7495833333333333,2
UKP_0023,2021-07-19,1.70114,7.8318,0.2172093260808498,13.792083333333332,16.04,11.59,4.449999999999999,94.13708333333334,1.57625,2
UKP_0023,2021-07-20,3.28688,8.534870000000002,0.3851118997711739,13.819583333333334,16.0,11.72,4.279999999999999,94.44708333333334,2.5704166666666666,2
UKP_0023,2021-07-21,3.64105,8.56573,0.4250717685474559,13.957083333333332,16.65,11.08,5.569999999999999,93.49125,3.22875,2
UKP_0023,2021-07-22,3.28021,8.64101,0.3796095595306567,14.130833333333332,17.02,11.44,5.58,92.36,2.6029166666666668,2
UKP_0023,2021-07-23,5.40821,8.559719999999999,0.6318209006836674,13.662916666666668,15.91,11.5,4.41,88.56291666666668,1.877916666666667,2
UKP_0023,2021-07-24,4.8216,8.56033,0.5632493139867272,14.20875,18.15,11.56,6.589999999999998,89.81791666666668,2.2079166666666667,2
UKP_0023,2021-07-25,4.74887,8.26333,0.5746920430383393,15.910416666666668,19.34,12.59,6.75,89.06416666666667,2.137916666666667,2
UKP_0023,2021-07-26,4.06409,8.380120000000002,0.4849679956850259,14.731666666666667,18.09,11.46,6.629999999999999,91.80375,2.0116666666666667,2
UKP_0023,2021-07-27,5.28454,7.93223,0.6662111411292915,16.345,20.24,12.5,7.739999999999998,84.06083333333333,2.4279166666666665,2
UKP_0023,2021-07-28,2.21792,7.96876,0.2783268664133441,13.739166666666668,15.61,11.83,3.78,91.93791666666668,1.534166666666667,2
UKP_0023,2021-07-29,3.52517,7.7352,0.455730944254835,13.820833333333333,17.1,10.88,6.220000000000001,87.54458333333334,1.9395833333333328,2
UKP_0023,2021-07-30,4.19524,8.10904,0.5173534721742648,13.486666666666666,16.05,10.53,5.520000000000001,89.87791666666668,2.1225,2
UKP_0023,2021-07-31,5.64604,8.28128,0.6817834924069709,13.995416666666666,17.36,10.99,6.369999999999999,90.56458333333336,2.8479166666666664,2
UKP_0023,2021-08-01,4.94927,8.364780000000001,0.5916796377191031,14.477083333333333,17.58,11.53,6.049999999999999,90.24458333333332,3.155,2
UKP_0023,2021-08-02,4.900110000000001,8.28491,0.5914499976463233,13.719166666666666,15.81,11.03,4.780000000000001,95.13166666666666,3.06375,2
UKP_0023,2021-08-03,5.43411,8.29916,0.6547783149137985,14.329166666666666,17.89,11.37,6.520000000000001,89.1775,2.401666666666667,2
UKP_0023,2021-08-04,5.52799,8.33882,0.6629223319366528,13.902500000000002,17.26,10.67,6.590000000000002,89.64916666666666,1.6233333333333333,2
UKP_0023,2021-08-05,4.115,8.249120000000001,0.4988410885039858,13.498333333333331,16.55,10.84,5.710000000000001,92.08083333333332,2.212916666666666,2
UKP_0023,2021-08-06,4.53209,8.261610000000001,0.5485722516555489,13.979583333333332,17.79,10.86,6.93,89.12374999999999,2.685,2
UKP_0023,2021-08-07,5.20542,8.11788,0.6412289908202635,13.5,16.54,11.03,5.51,92.52833333333332,2.495833333333333,2
UKP_0023,2021-08-08,4.47809,8.172369999999999,0.5479548772265573,13.862916666666663,17.18,10.61,6.57,91.5875,2.7070833333333333,2
UKP_0023,2021-08-09,3.53384,8.1491,0.4336478874967787,13.3,16.62,10.31,6.3100000000000005,89.18791666666668,2.0641666666666665,2
UKP_0023,2021-08-10,5.652340000000001,8.29545,0.6813783459607375,13.593333333333334,17.31,9.77,7.539999999999999,87.40499999999999,1.96875,2
UKP_0023,2021-08-11,6.0977,8.49994,0.7173815344578902,13.965000000000002,18.3,10.09,8.21,82.26416666666667,2.105833333333333,2
UKP_0023,2021-08-12,5.12221,8.345229999999999,0.613788954888002,14.30125,18.24,10.36,7.879999999999999,84.50458333333334,1.8691666666666664,2
UKP_0023,2021-08-13,5.32173,8.20791,0.6483660274052712,14.420416666666668,18.69,10.36,8.330000000000002,86.19041666666668,2.07,2
UKP_0023,2021-08-14,5.67749,8.14121,0.6973766798792809,13.2875,17.51,9.3,8.21,87.11416666666666,2.27375,2
UKP_0023,2021-08-15,6.31171,8.145019999999999,0.7749164520160786,12.856666666666667,17.08,9.05,8.029999999999998,82.03291666666667,2.0625,2
UKP_0023,2021-08-16,6.68573,8.396049999999999,0.7962946861917213,12.933750000000002,17.53,9.06,8.47,78.96416666666666,2.155416666666667,2
UKP_0023,2021-08-17,6.44862,8.36839,0.7705926707526777,13.383333333333333,18.41,8.79,9.62,71.41833333333334,2.2029166666666664,2
UKP_0023,2021-08-18,6.53508,8.21922,0.7950973450035405,13.66625,18.94,8.91,10.03,63.88875,1.90625,2
UKP_0023,2021-08-19,5.48419,7.78508,0.7044487661013118,14.19625,19.04,9.7,9.34,77.95833333333333,2.1529166666666666,2
UKP_0023,2021-08-20,3.02449,7.80756,0.3873796679116138,12.97125,15.39,10.88,4.51,93.08166666666666,1.7770833333333331,2
UKP_0023,2021-08-21,4.3688,7.73086,0.5651117728169959,12.557916666666666,15.98,9.77,6.210000000000001,88.81,1.690416666666667,2
UKP_0023,2021-08-22,4.98266,7.674390000000001,0.6492581169317692,13.603333333333332,17.03,10.26,6.770000000000001,85.14874999999999,2.075833333333333,2
UKP_0023,2021-08-23,5.50891,7.724069999999999,0.7132133706711618,14.449166666666663,18.06,10.6,7.459999999999999,89.235,2.8633333333333333,2
UKP_0023,2021-08-24,4.04451,7.88408,0.5129970776552242,13.7275,16.99,11.22,5.769999999999998,93.07,2.699583333333333,2
UKP_0023,2021-08-25,4.26908,7.69053,0.5551086856172461,14.279583333333331,18.43,9.86,8.57,90.56833333333331,2.6775,2
UKP_0023,2021-08-26,4.34298,7.75368,0.5601185501594081,14.0875,17.98,9.86,8.120000000000001,89.26375,2.4033333333333333,2
UKP_0023,2021-08-27,4.11076,7.67002,0.535951666358106,13.822916666666666,18.09,10.1,7.99,90.62958333333334,2.27,2
UKP_0023,2021-08-28,3.37284,7.43563,0.4536051417297525,12.9675,17.42,9.37,8.050000000000002,84.97458333333334,1.7975,2
UKP_0023,2021-08-29,5.7316,7.718520000000001,0.7425775925954716,12.425833333333337,16.98,8.58,8.4,84.42958333333333,1.765,2
UKP_0023,2021-08-30,6.48091,7.67927,0.8439487086663185,12.184583333333334,16.56,8.68,7.879999999999999,86.13583333333332,1.69625,2
UKP_0023,2021-08-31,6.37283,7.589060000000001,0.8397390454153741,12.582916666666668,17.43,8.58,8.85,83.92583333333333,1.82875,2
UKP_0023,2021-09-01,3.62064,7.66738,0.4722134549220202,12.332083333333337,16.13,8.58,7.549999999999999,81.6075,1.580833333333333,2
UKP_0023,2021-09-02,3.29018,7.44933,0.4416746204021032,12.27875,16.43,7.41,9.02,80.77875,1.90875,2
UKP_0023,2021-09-03,5.40066,7.420739999999999,0.7277791702714286,12.909583333333332,17.63,7.31,10.32,72.88958333333333,2.208333333333333,2
UKP_0023,2021-09-04,4.43019,7.46701,0.5933017365719343,13.121666666666668,16.64,9.64,7.0,79.27499999999999,1.846666666666667,2
UKP_0023,2021-09-05,5.9942,7.396349999999999,0.8104267645527863,14.186666666666667,19.19,9.86,9.330000000000002,81.77708333333334,2.0125,2
UKP_0023,2021-09-06,4.83907,7.324350000000001,0.6606825179026123,14.420833333333334,18.6,10.8,7.800000000000001,86.88916666666667,2.71625,2
UKP_0023,2021-09-07,4.29246,7.212029999999999,0.5951805524935421,12.008333333333333,16.14,8.48,7.66,90.90333333333332,2.36125,2
UKP_0023,2021-09-08,3.88789,7.26459,0.5351836786384366,12.351666666666668,16.15,9.18,6.969999999999999,87.13791666666667,1.9241666666666664,2
UKP_0023,2021-09-09,3.2159700000000004,7.088439999999999,0.4536922087229349,11.92625,14.96,9.24,5.720000000000001,91.975,1.9295833333333332,2
UKP_0023,2021-09-10,4.46212,7.192,0.6204282536151279,11.958333333333334,16.34,8.04,8.3,88.61458333333333,2.063333333333333,2
UKP_0023,2021-09-11,4.13111,7.09705,0.5820883324761696,11.232083333333334,14.35,7.92,6.43,86.22166666666668,1.3895833333333334,2
UKP_0023,2021-09-12,3.34483,7.102600000000001,0.4709303635288485,11.330416666666666,15.09,8.36,6.73,83.90458333333333,1.7929166666666667,2
UKP_0023,2021-09-13,4.01125,7.06821,0.5675057758612153,11.495416666666666,15.47,8.18,7.290000000000001,83.12708333333333,1.92375,2
UKP_0023,2021-09-14,2.8982,7.21858,0.4014917061250273,12.39,17.37,8.31,9.06,81.145,1.7654166666666666,2
UKP_0023,2021-09-15,5.99001,7.32113,0.8181810731403485,12.432916666666666,16.88,8.88,7.999999999999998,85.74958333333335,2.054583333333333,2
UKP_0023,2021-09-16,5.23487,7.0267100000000005,0.7449958800064326,11.639166666666668,14.86,8.49,6.369999999999999,90.25791666666667,2.235,2
UKP_0023,2021-09-17,4.585109999999999,6.99324,0.6556488837791924,12.597499999999998,17.16,8.2,8.96,83.34041666666667,2.23125,2
UKP_0023,2021-09-18,5.992430000000001,7.20451,0.8317609386342723,13.889166666666666,18.79,8.11,10.68,83.24208333333333,2.0391666666666666,2
UKP_0023,2021-09-19,6.062189999999999,6.96732,0.8700892165136666,14.1075,18.79,10.48,8.309999999999999,86.69916666666667,2.627083333333333,2
UKP_0023,2021-09-20,5.2334700000000005,6.86963,0.7618270561878879,13.760833333333332,18.11,10.06,8.049999999999999,87.11166666666666,2.46625,2
UKP_0023,2021-09-21,4.744940000000001,6.8427,0.6934309556169349,12.364166666666668,16.26,9.21,7.050000000000001,87.89541666666666,1.8716666666666668,2
UKP_0023,2021-09-22,3.47238,6.7167,0.5169770869623477,10.855,14.77,7.27,7.5,89.085,2.07875,2
UKP_0023,2021-09-23,2.35408,6.68205,0.3522990698962144,10.460416666666667,13.93,7.26,6.67,84.6275,1.6108333333333336,2
UKP_0023,2021-09-24,2.7968200000000003,6.72399,0.4159464841559848,11.171666666666669,15.14,7.92,7.220000000000001,81.91208333333334,1.9608333333333332,2
UKP_0023,2021-09-25,5.11823,6.71278,0.7624605603043746,11.515833333333331,16.71,7.07,9.64,80.44666666666667,2.11125,2
UKP_0023,2021-09-26,5.75105,6.91009,0.8322684653890181,12.2275,17.14,6.98,10.16,83.10916666666667,1.8354166666666665,2
UKP_0023,2021-09-27,5.71868,6.77467,0.8441267249917708,12.608333333333334,18.09,9.11,8.98,84.62916666666666,1.8958333333333333,2
UKP_0023,2021-09-28,5.7367,6.68316,0.8583813645042165,11.8825,16.22,8.58,7.639999999999999,87.87041666666666,2.2333333333333334,2
UKP_0023,2021-09-29,4.92135,6.6526000000000005,0.7397634007756366,12.124166666666667,17.47,8.35,9.12,79.64541666666666,1.8570833333333332,2
UKP_0023,2021-09-30,5.007569999999999,6.53832,0.7658802261131299,12.32,17.73,8.37,9.36,86.19083333333333,2.230833333333333,2
UKP_0023,2021-10-01,3.76713,6.39273,0.5892834516708825,12.1925,17.22,8.26,8.959999999999999,87.4525,2.2,2
UKP_0023,2021-10-02,4.34449,6.3466000000000005,0.6845381779220369,11.940833333333332,17.24,7.82,9.419999999999998,82.51291666666667,2.095,2
UKP_0023,2021-10-03,5.41191,6.588760000000001,0.8213852075352569,11.677916666666668,17.42,6.58,10.840000000000002,79.67,2.3416666666666663,2
UKP_0023,2021-10-04,4.60817,6.36684,0.7237766301650427,10.1975,16.77,5.35,11.42,68.13541666666667,2.004583333333333,2
UKP_0023,2021-10-05,4.18523,6.52805,0.6411148811666577,10.283333333333331,16.18,5.34,10.84,53.95374999999999,2.04125,2
UKP_0023,2021-10-06,5.66349,6.583279999999999,0.860283931414128,11.216666666666669,17.24,5.63,11.61,61.16625,2.0954166666666665,2
UKP_0023,2021-10-07,5.62696,6.49172,0.8667903113504588,11.680833333333334,18.01,7.26,10.750000000000002,66.01833333333333,2.2645833333333334,2
UKP_0023,2021-10-08,5.35853,6.485399999999999,0.8262451043883184,11.015,17.81,5.92,11.89,58.495,2.3466666666666667,2
UKP_0023,2021-10-09,5.819400000000001,6.5023800000000005,0.894964612957102,10.340416666666666,17.31,5.31,12.0,41.13291666666667,2.179583333333333,2
UKP_0023,2021-10-10,5.62505,6.573720000000001,0.8556874950560717,9.756666666666666,16.05,5.08,10.97,48.51041666666666,1.8808333333333331,2
UKP_0023,2021-10-11,5.6358500000000005,6.440939999999999,0.8750042695631385,9.825416666666667,16.53,4.84,11.69,36.602916666666665,1.78125,2
UKP_0023,2021-10-12,5.89059,6.4295,0.9161816626487286,9.516666666666667,16.38,4.47,11.91,40.39666666666667,1.9779166666666663,2
UKP_0023,2021-10-13,5.3709,6.366479999999999,0.843621593093829,9.692916666666669,16.35,4.72,11.630000000000004,50.09125,2.142916666666667,2
UKP_0023,2021-10-14,5.86504,6.516310000000001,0.9000553994515299,10.432083333333331,16.84,4.18,12.66,48.18833333333333,2.0308333333333333,2
UKP_0023,2021-10-15,5.81985,6.37471,0.9129591777508308,9.987916666666669,17.38,4.07,13.31,50.92916666666667,2.274583333333333,2
UKP_0023,2021-10-16,5.34906,5.953810000000001,0.8984263857932986,11.13125,17.52,5.1,12.42,35.455416666666665,1.742916666666667,2
UKP_0023,2021-10-17,1.96201,5.66902,0.3460933283001295,10.041666666666666,16.83,5.43,11.4,65.63708333333334,1.69375,2
UKP_0023,2021-10-18,0.40324,5.58357,0.0722190283277544,6.50125,8.9,4.66,4.24,91.31375,0.9745833333333334,2
UKP_0023,2021-10-19,1.61175,5.59151,0.2882495068416223,7.049166666666667,9.12,4.89,4.23,97.0375,1.8495833333333331,2
UKP_0023,2021-10-20,3.66123,5.95425,0.6148935634210858,6.611250000000001,11.22,0.5,10.72,82.22958333333334,1.7504166666666665,2
UKP_0023,2021-10-21,4.89585,6.09946,0.8026694166368827,7.285833333333333,13.65,0.38,13.27,63.96416666666667,1.9470833333333333,2
UKP_0023,2021-10-22,4.54405,5.915970000000001,0.7680988916441429,6.488333333333333,12.58,2.35,10.23,57.997083333333336,1.8854166666666667,2
UKP_0023,2021-10-23,3.79484,5.67687,0.6684740006376754,5.11875,11.07,0.21,10.86,52.55791666666666,1.9770833333333333,2
UKP_0023,2021-10-24,2.71064,5.24877,0.5164333739142694,3.98875,9.13,-0.87,10.0,66.31041666666667,1.8725,2
UKP_0023,2021-10-25,4.11487,5.59387,0.7356034373340817,2.7116666666666664,9.15,-2.17,11.32,58.49791666666667,2.117083333333333,2
UKP_0023,2021-10-26,4.302779999999999,5.72154,0.7520317956354406,2.61,9.08,-2.08,11.16,49.50541666666667,2.013333333333333,2
UKP_0023,2021-10-27,3.41792,5.66442,0.6034015839220962,1.98625,7.73,-2.6,10.33,52.03583333333333,2.210833333333333,2
UKP_0023,2021-10-28,4.56064,5.68402,0.8023617087906094,3.490833333333333,10.44,-2.97,13.41,55.337916666666665,2.0475,2
UKP_0023,2021-10-29,4.41668,5.65771,0.7806480006928599,3.44,10.01,-1.86,11.87,57.36041666666667,1.88875,2
UKP_0023,2021-10-30,4.654229999999999,5.61372,0.8290812509352086,3.736666666666667,10.03,-1.46,11.489999999999998,60.44375,1.6795833333333334,2
UKP_0023,2021-10-31,4.46144,5.65751,0.7885872053253109,3.900416666666666,10.12,-1.08,11.2,58.17041666666666,1.6145833333333333,2
UKP_0023,2021-11-01,3.30315,5.4455,0.6065834175006887,2.0829166666666667,7.91,-4.27,12.18,60.361250000000005,1.93,2
UKP_0023,2021-11-02,3.47106,5.08967,0.6819813465313076,0.9954166666666668,7.36,-5.7,13.06,56.259166666666665,2.049583333333333,2
UKP_0023,2021-11-03,4.09068,4.96615,0.8237125338541929,0.6491666666666667,6.71,-4.41,11.12,63.64125000000001,2.036666666666666,2
UKP_0023,2021-11-04,4.46341,5.25125,0.8499709592954058,1.6191666666666666,8.28,-4.78,13.06,52.95708333333334,1.9925,2
UKP_0023,2021-11-05,4.42627,5.41122,0.8179800488614397,2.30375,8.58,-2.55,11.13,52.315,2.0025,2
UKP_0023,2021-11-06,4.42184,5.31458,0.8320205924080548,3.074583333333333,9.75,-2.93,12.68,50.975,1.93625,2
UKP_0023,2021-11-07,4.25264,5.28749,0.8042833177935087,3.1045833333333337,9.63,-3.3,12.93,45.92083333333333,1.8729166666666668,2
UKP_0023,2021-11-08,4.3161000000000005,5.1384300000000005,0.8399647363105073,3.0570833333333334,10.63,-4.52,15.15,41.31333333333333,2.272083333333333,2
UKP_0023,2021-11-09,4.12718,5.197730000000001,0.7940350883943567,4.5575,11.75,-2.26,14.01,40.0725,1.877916666666667,2
UKP_0023,2021-11-10,4.26684,5.05249,0.8445024136613829,5.057083333333334,11.31,0.63,10.68,41.67916666666667,1.5066666666666666,2
UKP_0023,2021-11-11,3.98171,5.216810000000001,0.7632461216720562,4.8975,11.7,0.3,11.4,37.34291666666667,1.6879166666666665,2
UKP_0023,2021-11-12,4.28371,5.046690000000001,0.848815758447616,5.22375,11.61,0.23,11.38,29.10125,1.5545833333333334,2
UKP_0023,2021-11-13,4.41589,5.147279999999999,0.8579074773472593,5.0875,11.59,0.72,10.87,29.894583333333333,1.747083333333333,2
UKP_0023,2021-11-14,4.18937,5.01527,0.8353229237907431,3.846666666666667,10.82,-1.91,12.73,28.35291666666667,1.29,2
UKP_0023,2021-11-15,4.35792,4.97358,0.8762139143232842,1.62625,7.91,-3.78,11.69,34.599583333333335,1.7804166666666663,2
UKP_0023,2021-11-16,4.35873,5.07579,0.8587293800570945,3.3004166666666666,9.66,-4.65,14.31,33.95458333333333,1.8754166666666665,2
UKP_0023,2021-11-17,4.16725,4.82394,0.8638685389950954,5.539166666666667,12.24,1.32,10.92,26.86208333333333,1.5125,2
UKP_0023,2021-11-18,4.03975,4.72203,0.8555112949303583,4.931666666666667,11.93,0.31,11.62,32.755,1.61125,2
UKP_0023,2021-11-19,4.06835,4.578519999999999,0.8885731633803063,4.014166666666667,10.0,0.07,9.93,32.11083333333333,1.5925,2
UKP_0023,2021-11-20,3.80515,4.50505,0.8446410139732079,3.6275,9.4,-1.24,10.64,48.03708333333333,1.393333333333333,2
UKP_0023,2021-11-21,4.01379,4.7057,0.8529634273328092,3.4025,9.66,-2.79,12.45,34.14541666666667,1.7633333333333334,2
UKP_0023,2021-11-22,4.2138800000000005,4.848199999999999,0.8691638133740359,3.905,10.37,-0.59,10.96,32.57416666666666,2.0483333333333333,2
UKP_0023,2021-11-23,4.12571,4.81386,0.8570481900179897,4.327916666666667,10.46,0.74,9.72,31.215,1.68125,2
UKP_0023,2021-11-24,4.0096300000000005,4.61862,0.8681445973039567,3.1908333333333334,9.52,-1.97,11.49,42.10125,1.45375,2
UKP_0023,2021-11-25,3.4395300000000004,4.51401,0.7619677404347799,1.43625,7.75,-2.77,10.52,51.70458333333334,2.0766666666666667,2
UKP_0023,2021-11-26,3.80078,4.6913800000000005,0.8101624681863332,1.7625,8.35,-3.6,11.95,50.44583333333333,1.9533333333333327,2
UKP_0023,2021-11-27,3.79818,4.537739999999999,0.8370201906676011,1.450416666666667,7.54,-3.41,10.95,49.74916666666667,1.82625,2
UKP_0023,2021-11-28,3.88195,4.51265,0.8602373328310416,1.62875,8.68,-3.68,12.36,33.75833333333333,1.5279166666666668,2
UKP_0023,2021-11-29,3.9996,4.5281,0.883284379761931,2.4975,9.44,-2.8,12.239999999999998,29.37125,1.73375,2
UKP_0023,2021-11-30,3.83885,4.522399999999999,0.8488523792676456,4.1137500000000005,10.5,-1.42,11.92,24.543333333333333,1.5520833333333333,2
UKP_0023,2021-12-01,1.66067,4.2538800000000005,0.3903894797220419,4.0216666666666665,7.17,1.25,5.92,36.67333333333333,1.1375,2
UKP_0023,2021-12-02,1.11622,4.10962,0.2716114871934632,3.0258333333333334,6.9,-0.13,7.03,63.00291666666666,1.1383333333333334,2
UKP_0023,2021-12-03,1.34942,3.8645,0.3491835942554017,2.30625,7.49,-1.92,9.41,86.74541666666666,1.690416666666667,2
UKP_0023,2021-12-04,3.47284,4.35873,0.7967550180901318,2.908333333333333,9.41,-2.89,12.3,68.46625,1.752916666666667,2
UKP_0023,2021-12-05,2.48974,4.05656,0.6137564833257735,0.9133333333333334,6.89,-2.58,9.47,72.49041666666666,2.28375,2
UKP_0023,2021-12-06,1.36267,3.7369,0.3646525194680082,-2.775416666666666,2.21,-10.81,13.02,83.765,2.6758333333333333,2
UKP_0023,2021-12-07,3.4426,4.49672,0.7655802451564696,-0.52,6.47,-11.04,17.509999999999998,41.63875,2.1875,2
UKP_0023,2021-12-08,3.00028,4.353269999999999,0.689201450863374,0.5404166666666668,7.73,-6.21,13.94,43.29166666666666,1.8041666666666665,2
UKP_0023,2021-12-09,3.55142,4.430140000000001,0.8016496092674271,-1.5779166666666669,5.76,-8.09,13.85,40.897083333333335,1.9620833333333327,2
UKP_0023,2021-12-10,3.86843,4.49688,0.8602475494120368,-2.89125,6.24,-10.09,16.33,43.32583333333333,2.692083333333333,2
UKP_0023,2021-12-11,3.612,4.49892,0.8028593529113655,-0.4983333333333333,7.32,-10.48,17.8,34.6325,2.293333333333333,2
UKP_0023,2021-12-12,3.1468199999999995,4.27385,0.7362963136282275,0.8966666666666666,7.02,-3.43,10.45,33.41291666666667,1.4204166666666669,2
UKP_0023,2021-12-13,2.40606,4.202730000000001,0.572499304023813,-1.29875,5.17,-6.16,11.33,28.46083333333333,1.497083333333333,2
UKP_0023,2021-12-14,3.47806,4.25712,0.816998346299846,-3.2070833333333333,3.68,-7.3,10.98,39.93666666666667,1.98,2
UKP_0023,2021-12-15,3.89428,4.52971,0.8597194963916013,-4.255833333333333,2.62,-8.43,11.05,31.10833333333333,1.7891666666666666,2
UKP_0023,2021-12-16,3.49204,4.3142700000000005,0.8094161932377898,-4.7195833333333335,2.41,-9.64,12.05,44.736250000000005,2.523333333333333,2
UKP_0023,2021-12-17,3.44803,4.23216,0.8147210880496013,-5.5025,0.55,-9.6,10.15,59.24875,2.43625,2
UKP_0023,2021-12-18,3.23359,4.49281,0.719725516992706,-5.90375,0.03,-11.35,11.38,52.4475,2.29875,2
UKP_0023,2021-12-19,4.01193,4.45942,0.8996528696556952,-3.15875,5.24,-12.38,17.62,32.158750000000005,2.7245833333333334,2
UKP_0023,2021-12-20,3.66329,4.390890000000001,0.834293275395193,-0.1862499999999999,7.28,-6.47,13.75,33.05875,1.8058333333333332,2
UKP_0023,2021-12-21,3.65479,4.1591000000000005,0.8787454016493952,-1.9441666666666664,4.55,-7.32,11.87,40.954166666666666,2.259583333333333,2
UKP_0023,2021-12-22,2.88282,4.32142,0.66710016614909,-1.2283333333333333,6.42,-8.19,14.61,40.88583333333333,2.0195833333333333,2
UKP_0023,2021-12-23,2.90473,3.9606,0.73340655456244,-1.5337500000000002,5.54,-7.1,12.64,51.12083333333334,2.0795833333333333,2
UKP_0023,2021-12-24,3.29194,3.85235,0.8545277557854295,-3.55625,3.63,-10.75,14.38,62.6125,2.142916666666667,2
UKP_0023,2021-12-25,2.97468,4.26163,0.6980146094334796,-3.795416666666666,3.11,-11.9,15.01,60.836666666666666,2.065,2
UKP_0023,2021-12-26,2.16285,4.194319999999999,0.5156616567167026,-4.089166666666666,0.11,-8.19,8.299999999999999,68.93083333333333,1.2708333333333333,2
UKP_0023,2021-12-27,2.89947,4.105599999999999,0.7062232073265785,-4.299166666666667,2.27,-8.27,10.54,57.73708333333334,1.9166666666666667,2
UKP_0023,2021-12-28,2.0103,4.39565,0.4573385051130094,-4.345,-0.08,-7.93,7.85,53.08375,1.4170833333333333,2
UKP_0023,2021-12-29,2.06615,4.27885,0.4828750715729693,-5.35625,0.74,-10.8,11.54,65.4525,2.0508333333333333,2
UKP_0023,2021-12-30,3.12473,4.40012,0.7101465414579602,-4.655833333333333,1.66,-10.54,12.2,51.645,2.054583333333333,2
UKP_0023,2021-12-31,3.44087,4.34705,0.7915413901381396,-2.4304166666666664,4.1,-8.08,12.18,38.5275,1.945,2
UKP_0023,2022-01-01,3.33372,4.337400000000001,0.7685986996818369,-1.7616666666666667,4.71,-5.78,10.49,40.1225,1.8729166666666668,2
UKP_0023,2022-01-02,3.1619200000000003,4.26295,0.7417211086219637,-1.6075,4.53,-5.92,10.45,51.49916666666667,1.7408333333333337,2
UKP_0023,2022-01-03,3.38777,4.3419,0.7802505815426427,-0.715,5.8,-5.78,11.58,44.74583333333334,1.625,2
UKP_0023,2022-01-04,1.99872,4.244149999999999,0.4709352873955916,0.5437500000000001,6.13,-4.38,10.51,66.11791666666666,1.5845833333333337,2
UKP_0023,2022-01-05,0.8547,4.25892,0.2006846806232566,-1.8716666666666668,1.94,-4.77,6.709999999999999,91.03583333333334,1.66625,2
UKP_0023,2022-01-06,2.76667,3.84148,0.7202093984610097,-2.797083333333333,2.74,-5.98,8.72,69.11791666666666,1.595,2
UKP_0023,2022-01-07,2.68753,3.64336,0.7376515084976506,-1.788333333333333,3.73,-6.18,9.91,72.91916666666667,1.8283333333333331,2
UKP_0023,2022-01-08,1.00539,3.4810700000000003,0.2888163696794376,-2.9166666666666665,2.19,-8.29,10.48,79.1775,1.935,2
UKP_0023,2022-01-09,2.00355,3.88401,0.5158457367514502,-5.03875,0.45,-10.09,10.54,81.92333333333333,2.408333333333333,2
UKP_0023,2022-01-10,0.91002,3.93056,0.2315242611739802,-6.2179166666666665,-2.28,-10.53,8.25,88.34125,2.0483333333333333,2
UKP_0023,2022-01-11,2.9867799999999995,4.4945,0.6645411057959727,-5.733333333333333,-0.17,-10.86,10.69,79.85875,1.7125,2
UKP_0023,2022-01-12,3.0550900000000003,4.17936,0.730994697752766,-6.275416666666668,-0.88,-10.65,9.77,73.17041666666667,1.8520833333333333,2
UKP_0023,2022-01-13,3.4097,4.5462,0.7500109981962958,-6.681666666666666,0.32,-12.09,12.41,60.348333333333336,1.96875,2
UKP_0023,2022-01-14,3.37804,4.56662,0.7397243475480773,-8.149583333333334,-0.11,-16.23,16.12,58.321666666666665,2.464583333333333,2
UKP_0023,2022-01-15,3.83357,4.826269999999999,0.7943132066792783,-7.362916666666667,2.34,-16.42,18.76,61.85625,3.16875,2
UKP_0023,2022-01-16,3.7899,4.62167,0.8200282581837302,-1.46375,5.96,-8.49,14.45,45.86083333333334,2.14,2
UKP_0023,2022-01-17,2.73821,4.50849,0.6073452530669914,-0.4520833333333333,5.63,-5.24,10.87,59.395,1.25,2
UKP_0023,2022-01-18,3.10604,4.56124,0.6809639483999965,-2.3008333333333333,3.91,-6.7,10.61,68.46958333333333,2.106666666666667,2
UKP_0023,2022-01-19,2.4983,4.706150000000001,0.5308585574195467,-2.3854166666666665,2.41,-5.91,8.32,61.17875,1.09875,2
UKP_0023,2022-01-20,1.82438,4.78207,0.3815042439780262,-3.9325,0.74,-7.9,8.64,90.66458333333333,1.6245833333333335,2
UKP_0023,2022-01-21,2.42421,4.83488,0.5014002415778674,-5.391249999999999,-0.52,-9.43,8.91,86.37333333333333,1.4429166666666668,2
UKP_0023,2022-01-22,1.42909,4.27951,0.3339377639028767,-6.047083333333333,-1.1,-11.32,10.22,83.23375,2.1241666666666665,2
UKP_0023,2022-01-23,1.01209,4.37062,0.2315666884789801,-5.829166666666667,-0.62,-11.45,10.83,85.17375,2.17,2
UKP_0023,2022-01-24,1.77142,4.18724,0.4230519387472416,-6.7562500000000005,-1.79,-10.74,8.95,89.25458333333334,1.5962500000000002,2
UKP_0023,2022-01-25,3.25272,4.64838,0.6997534624966116,-7.059583333333333,-1.38,-11.47,10.09,83.62833333333333,1.5870833333333334,2
UKP_0023,2022-01-26,2.08707,4.66769,0.4471312362217713,-8.484583333333333,-2.86,-12.99,10.13,82.78416666666666,1.8854166666666667,2
UKP_0023,2022-01-27,3.55355,5.1064,0.6959012219959267,-7.828749999999999,-1.48,-13.1,11.62,70.14208333333333,2.35375,2
UKP_0023,2022-01-28,4.20694,5.1962,0.8096185674146492,-2.5704166666666666,5.64,-13.7,19.34,50.30791666666666,2.2675,2
UKP_0023,2022-01-29,4.10568,5.02775,0.8166038486400478,-2.0345833333333334,5.4,-6.65,12.05,45.692083333333336,2.66125,2
UKP_0023,2022-01-30,4.14234,5.17696,0.800149122264804,-0.2454166666666667,6.46,-6.06,12.52,51.31,1.805,2
UKP_0023,2022-01-31,3.71377,5.017440000000001,0.7401722790905321,-4.315833333333333,2.17,-10.19,12.36,67.96124999999999,2.0970833333333334,2
UKP_0023,2022-02-01,3.72915,5.33147,0.6994599988370936,-3.252916666666667,2.13,-10.36,12.489999999999998,52.22166666666666,2.283333333333333,2
UKP_0023,2022-02-02,3.65807,5.20121,0.7033113448601382,-1.7358333333333331,4.64,-7.27,11.91,72.425,1.7837500000000002,2
UKP_0023,2022-02-03,1.05908,4.67602,0.2264917600865693,-5.13625,-1.48,-9.25,7.77,95.93291666666666,3.123333333333333,2
UKP_0023,2022-02-04,1.94996,4.59836,0.4240555328421437,-9.532916666666669,-4.14,-16.95,12.81,89.14166666666667,2.2358333333333333,2
UKP_0023,2022-02-05,4.18795,5.5163,0.7591954752279607,-5.959583333333334,-0.14,-16.74,16.599999999999998,64.53,1.94,2
UKP_0023,2022-02-06,3.16844,5.28445,0.5995780071719857,-0.7933333333333333,5.04,-4.6,9.64,60.49875,1.4170833333333333,2
UKP_0023,2022-02-07,3.74058,5.31807,0.7033717119180455,-3.127916666666667,2.98,-9.16,12.14,79.15083333333332,1.934583333333333,2
UKP_0023,2022-02-08,3.87657,5.513599999999999,0.7030923534532793,-4.8220833333333335,1.41,-10.06,11.47,81.83749999999999,1.6783333333333337,2
UKP_0023,2022-02-09,1.30023,4.902520000000001,0.2652166640829613,-5.707083333333333,-0.96,-9.92,8.96,82.675,1.6395833333333334,2
UKP_0023,2022-02-10,4.1655500000000005,5.67252,0.7343385303180952,-5.925,0.83,-15.27,16.099999999999998,66.9225,1.9116666666666668,2
UKP_0023,2022-02-11,4.3209,5.870010000000001,0.7360975534965016,-5.68625,2.02,-16.82,18.84,49.31041666666667,3.1629166666666664,2
UKP_0023,2022-02-12,4.52954,5.75447,0.7871341756929829,-1.2970833333333334,5.07,-6.79,11.86,48.48916666666667,1.481666666666667,2
UKP_0023,2022-02-13,4.56304,5.80249,0.7863934276491644,-2.657083333333333,3.91,-7.2,11.11,62.279583333333335,2.0383333333333336,2
UKP_0023,2022-02-14,4.72283,5.674060000000001,0.8323546102790593,-2.5716666666666668,3.99,-8.18,12.17,66.23791666666666,1.8583333333333332,2
UKP_0023,2022-02-15,3.32289,5.68159,0.5848521276614468,-4.056666666666667,1.12,-9.42,10.54,79.95291666666667,1.92125,2
UKP_0023,2022-02-16,4.07522,5.90619,0.6899913480602554,-4.215416666666667,2.45,-10.12,12.57,74.90916666666666,2.25875,2
UKP_0023,2022-02-17,4.68438,6.076350000000001,0.7709200424597002,-4.375,2.76,-10.35,13.11,64.14375,2.2604166666666665,2
UKP_0023,2022-02-18,4.280810000000001,5.865810000000001,0.7297900886663564,-3.704583333333333,3.66,-11.63,15.29,64.06833333333334,2.1508333333333334,2
UKP_0023,2022-02-19,4.05952,5.85549,0.6932844219698096,-4.079583333333333,2.95,-13.26,16.21,67.3975,2.0941666666666667,2
UKP_0023,2022-02-20,3.2190100000000004,6.12794,0.5253005088169924,-5.5425,0.87,-14.59,15.46,76.675,2.3008333333333333,2
UKP_0023,2022-02-21,4.8675,6.259,0.7776801405975394,-2.765416666666667,3.87,-14.94,18.81,52.83916666666667,1.9733333333333332,2
UKP_0023,2022-02-22,3.82156,5.82015,0.6566085066536086,0.2158333333333333,6.53,-4.84,11.37,72.80458333333333,2.33625,2
UKP_0023,2022-02-23,3.1157799999999995,5.645849999999999,0.5518708431857028,-2.1216666666666666,3.24,-7.3,10.54,86.02541666666667,2.4541666666666666,2
UKP_0023,2022-02-24,2.79251,5.89297,0.4738714094930061,-3.1079166666666667,2.71,-8.19,10.9,81.355,1.98375,2
UKP_0023,2022-02-25,3.16146,5.59838,0.5647097910466957,-3.9591666666666665,0.92,-8.48,9.4,73.59416666666667,1.7679166666666666,2
UKP_0023,2022-02-26,0.6352300000000001,5.62464,0.1129370057461455,-4.370416666666666,1.06,-8.37,9.43,88.78083333333332,2.44875,2
UKP_0023,2022-02-27,4.27966,6.466270000000001,0.6618436904119376,-5.06375,2.2,-13.77,15.97,69.6725,2.4720833333333334,2
UKP_0023,2022-02-28,4.98212,6.48771,0.7679319821631978,-0.5770833333333333,6.26,-13.78,20.04,50.96,2.105,2
UKP_0023,2022-03-01,3.13091,6.119560000000001,0.5116233846877879,-0.93625,4.5,-5.29,9.79,72.82041666666667,2.14,2
UKP_0023,2022-03-02,4.89752,6.58363,0.7438935663152394,-1.1708333333333334,5.18,-7.92,13.1,65.56375,2.0966666666666667,2
UKP_0023,2022-03-03,3.46288,5.91496,0.585444364797057,-2.2133333333333334,5.07,-10.27,15.34,68.36541666666666,2.5154166666666664,2
UKP_0023,2022-03-04,3.5950900000000003,6.141979999999999,0.5853307890940708,-2.79625,4.25,-11.02,15.27,66.63625,2.747916666666667,2
UKP_0023,2022-03-05,5.23599,6.762230000000001,0.77429930658969,2.5020833333333337,9.25,-11.23,20.48,50.090833333333336,1.93625,2
UKP_0023,2022-03-06,4.48657,6.69404,0.6702335211621083,4.20125,8.61,0.97,7.64,46.23875,1.2858333333333334,2
UKP_0023,2022-03-07,3.84264,6.73127,0.5708640420009894,1.7291666666666667,7.28,-7.8,15.08,57.26375,1.7983333333333331,2
UKP_0023,2022-03-08,5.417520000000001,6.86513,0.7891358211716313,0.56875,8.57,-9.3,17.87,52.63583333333333,2.68625,2
UKP_0023,2022-03-09,5.51426,7.0031,0.7874027216518399,3.1991666666666667,10.25,-6.89,17.14,53.97375,2.185416666666667,2
UKP_0023,2022-03-10,4.71754,6.9301,0.6807318797708547,3.119166666666666,9.5,-3.23,12.73,58.2475,2.013333333333333,2
UKP_0023,2022-03-11,5.80093,7.001060000000001,0.8285788152079827,2.9433333333333334,11.24,-4.02,15.26,55.21,2.86,2
UKP_0023,2022-03-12,6.04875,6.9797,0.8666203418485035,6.062916666666666,13.68,-4.05,17.73,47.3725,2.32875,2
UKP_0023,2022-03-13,5.92618,6.898560000000001,0.859045945820577,6.756666666666667,14.3,0.1,14.2,48.81916666666667,2.42875,2
UKP_0023,2022-03-14,6.11038,7.03561,0.868493279189722,7.919166666666666,16.0,1.11,14.89,49.290416666666665,2.3825,2
UKP_0023,2022-03-15,5.76138,7.05703,0.8164029343789101,7.34125,14.8,-0.03,14.83,55.27541666666667,2.8579166666666667,2
UKP_0023,2022-03-16,6.36289,7.19241,0.8846673090104709,8.4225,17.32,-0.73,18.05,38.32458333333333,2.6495833333333336,2
UKP_0023,2022-03-17,6.09637,6.92245,0.8806665270243917,10.214166666666666,17.66,4.15,13.51,48.38333333333333,2.04875,2
UKP_0023,2022-03-18,5.994140000000001,7.095140000000001,0.8448233579605194,9.48375,15.88,3.71,12.170000000000002,62.009166666666665,2.009583333333333,2
UKP_0023,2022-03-19,5.72916,7.086720000000001,0.8084360606881603,8.30125,15.28,2.08,13.2,56.78375,2.106666666666667,2
UKP_0023,2022-03-20,4.59075,7.16216,0.6409728350106672,6.657916666666666,13.36,-0.6,13.96,61.27333333333333,2.5229166666666667,2
UKP_0023,2022-03-21,6.17362,7.53291,0.819553134180549,6.653333333333333,14.08,-1.44,15.52,51.82541666666666,2.6575,2
UKP_0023,2022-03-22,6.41341,7.50132,0.854970858462244,8.22625,16.08,1.12,14.959999999999996,46.01916666666667,2.4225,2
UKP_0023,2022-03-23,5.09037,7.436349999999999,0.6845253383716474,6.008333333333333,13.33,-0.58,13.91,55.97708333333333,2.505,2
UKP_0023,2022-03-24,4.76109,7.09916,0.6706554014841193,5.500416666666666,12.09,-0.86,12.95,57.25958333333333,2.379583333333333,2
UKP_0023,2022-03-25,5.69761,7.530930000000001,0.7565612746367314,5.2375,12.37,-1.32,13.69,56.30708333333333,3.0816666666666666,2
UKP_0023,2022-03-26,6.57325,7.71782,0.8516977592117981,8.502916666666666,15.61,-1.62,17.23,37.41666666666666,2.3629166666666666,2
UKP_0023,2022-03-27,6.88891,7.738609999999999,0.8901999196238085,9.749166666666666,17.54,3.53,14.01,35.379583333333336,2.41,2
UKP_0023,2022-03-28,6.6505600000000005,7.62869,0.871782704501035,10.224166666666669,17.51,3.97,13.54,31.9825,2.635,2
UKP_0023,2022-03-29,7.00028,7.91926,0.8839563292529857,10.722499999999998,18.46,4.24,14.22,25.2775,2.459583333333333,2
UKP_0023,2022-03-30,6.92838,7.83148,0.8846833548703438,9.536666666666669,17.09,4.18,12.91,21.62375,2.5166666666666666,2
UKP_0023,2022-03-31,6.86498,7.795850000000001,0.8805941622786482,9.346666666666666,17.01,2.22,14.79,27.326666666666668,3.0925,2
UKP_0023,2022-04-01,6.95445,7.9203,0.8780538615961516,11.305416666666666,20.3,1.8,18.5,29.10291666666667,2.334583333333333,2
UKP_0023,2022-04-02,6.406680000000001,7.799,0.8214745480189768,9.294166666666667,17.42,1.27,16.150000000000002,36.770833333333336,2.6679166666666667,2
UKP_0023,2022-04-03,6.71824,7.876650000000001,0.8529311318898262,8.356250000000001,15.32,0.8,14.52,29.815416666666664,2.79625,2
UKP_0023,2022-04-04,7.19457,8.035770000000001,0.8953180591281232,9.707083333333332,17.34,1.35,15.99,30.461250000000003,2.786666666666666,2
UKP_0023,2022-04-05,7.04473,8.06457,0.873540684748226,9.968333333333334,17.69,2.8,14.89,29.26708333333333,2.7125,2
UKP_0023,2022-04-06,6.98118,7.925479999999999,0.8808526423636172,9.729166666666666,17.58,2.46,15.119999999999996,29.910833333333333,2.802083333333333,2
UKP_0023,2022-04-07,6.77636,7.9757,0.849625738179721,9.84875,16.99,2.48,14.509999999999998,36.91041666666667,2.66125,2
UKP_0023,2022-04-08,6.7155,7.944949999999999,0.845253903422929,10.357916666666666,17.72,2.49,15.23,40.61958333333333,2.70375,2
UKP_0023,2022-04-09,6.05935,7.77349,0.779489006868215,10.21375,17.05,3.44,13.61,36.63208333333333,3.11375,2
UKP_0023,2022-04-10,7.05502,7.93392,0.8892224776655172,11.2075,18.58,3.51,15.07,31.73625,2.655,2
UKP_0023,2022-04-11,7.20841,8.05364,0.8950499401512856,12.108333333333334,18.93,5.23,13.7,35.32375,2.512083333333333,2
UKP_0023,2022-04-12,6.26151,7.96809,0.7858232022981668,11.137083333333337,17.48,5.73,11.75,33.5075,2.2475,2
UKP_0023,2022-04-13,5.06972,7.607369999999999,0.6664221669249689,9.559583333333334,17.07,1.24,15.83,44.87041666666667,2.379583333333333,2
UKP_0023,2022-04-14,4.070679999999999,8.03522,0.5066046729274368,7.194583333333334,14.5,-0.75,15.25,48.32,3.1962500000000005,2
UKP_0023,2022-04-15,4.92134,7.93765,0.6199996220543864,7.309583333333333,13.62,0.33,13.29,38.971250000000005,2.679583333333333,2
UKP_0023,2022-04-16,5.81333,8.12439,0.715540489809081,6.6379166666666665,13.11,1.18,11.93,50.70249999999999,3.12875,2
UKP_0023,2022-04-17,6.227390000000001,8.31547,0.748892125159492,9.865416666666668,16.54,1.42,15.12,38.95791666666667,2.405,2
UKP_0023,2022-04-18,5.8437600000000005,8.22216,0.7107329460871596,11.022916666666667,18.08,4.75,13.329999999999998,30.07375,2.469583333333333,2
UKP_0023,2022-04-19,6.59524,8.054559999999999,0.8188206432132855,10.89375,17.74,4.48,13.259999999999998,40.26,2.88875,2
UKP_0023,2022-04-20,7.17189,8.4224,0.8515256933890578,11.54625,18.16,4.31,13.85,37.160833333333336,2.704166666666667,2
UKP_0023,2022-04-21,4.406569999999999,7.98441,0.5518967588087285,8.705833333333333,16.41,4.2,12.21,56.617916666666666,2.526666666666667,2
UKP_0023,2022-04-22,4.11289,8.03905,0.5116139344823083,7.957083333333333,14.26,1.41,12.85,57.77625,3.1,2
UKP_0023,2022-04-23,6.54842,8.611379999999999,0.7604379321316678,8.892083333333334,15.84,1.83,14.01,36.8575,2.8129166666666667,2
UKP_0023,2022-04-24,6.4155,8.641399999999999,0.7424144235887704,9.487083333333333,16.94,2.21,14.73,34.76125,2.74,2
UKP_0023,2022-04-25,6.8308800000000005,8.26095,0.8268879487226046,10.345833333333331,17.33,3.75,13.579999999999998,41.22625,3.0420833333333337,2
UKP_0023,2022-04-26,5.7301,8.29638,0.690674728013905,9.75,16.26,4.33,11.93,42.864583333333336,2.982083333333333,2
UKP_0023,2022-04-27,7.68095,8.7364,0.879189368618653,12.136666666666663,19.66,5.0,14.66,34.455,2.6479166666666667,2
UKP_0023,2022-04-28,6.58381,8.628,0.7630748725081131,12.18,18.92,5.15,13.77,37.455,2.815,2
UKP_0023,2022-04-29,6.07653,8.26634,0.7350931609394242,12.594166666666666,19.85,5.63,14.220000000000002,40.0425,2.8608333333333333,2
UKP_0023,2022-04-30,6.12886,8.08713,0.7578535277657215,11.46625,18.44,5.45,12.990000000000002,44.835,2.817916666666666,2
UKP_0023,2022-05-01,4.98645,8.05562,0.619002634185823,10.35125,16.06,6.16,9.9,46.71208333333333,2.560833333333333,2
UKP_0023,2022-05-02,6.73121,8.22344,0.8185394433473097,11.67125,18.28,6.88,11.400000000000002,46.255833333333335,2.56,2
UKP_0023,2022-05-03,3.52651,8.249,0.4275075766759606,11.65375,18.11,6.56,11.55,54.463750000000005,2.8175000000000003,2
UKP_0023,2022-05-04,7.03455,8.28266,0.8493104872106304,10.565,17.43,4.28,13.15,57.395,2.7808333333333333,2
UKP_0023,2022-05-05,5.88835,8.37243,0.703302386523387,10.293333333333331,16.7,5.14,11.56,61.147083333333335,2.865,2
UKP_0023,2022-05-06,5.3718,8.586229999999999,0.6256296418800802,10.104583333333332,15.82,5.02,10.8,60.16625,3.0625,2
UKP_0023,2022-05-07,4.24422,8.58877,0.4941592335107355,10.125833333333334,16.09,5.13,10.96,54.13,2.8008333333333333,2
UKP_0023,2022-05-08,5.09429,8.24913,0.6175548209326317,10.708333333333334,15.57,6.79,8.780000000000001,59.26958333333334,2.595,2
UKP_0023,2022-05-09,4.74197,8.25541,0.5744075703084403,11.23625,16.24,6.55,9.689999999999998,64.78750000000001,2.490416666666667,2
UKP_0023,2022-05-10,4.46742,8.23342,0.5425959078973257,11.809583333333334,17.83,6.95,10.88,67.99374999999999,2.5625,2
UKP_0023,2022-05-11,5.40585,8.220030000000001,0.6576435852423895,12.596666666666666,18.39,7.94,10.45,69.52958333333333,2.778333333333333,2
UKP_0023,2022-05-12,4.87602,8.443010000000001,0.5775215237219901,12.391666666666666,17.36,6.99,10.37,66.91625,3.367083333333333,2
UKP_0023,2022-05-13,6.11696,8.72208,0.7013189514427751,13.059166666666668,19.19,6.79,12.400000000000002,48.94166666666666,3.0658333333333334,2
UKP_0023,2022-05-14,6.74983,8.8992,0.7584760427903632,14.052916666666668,21.33,6.46,14.869999999999996,32.291666666666664,3.0575,2
UKP_0023,2022-05-15,6.68243,8.838989999999999,0.7560173730256512,14.24375,21.69,6.78,14.91,28.69333333333333,3.1654166666666668,2
UKP_0023,2022-05-16,6.80031,8.4425,0.8054853420195438,13.420416666666666,21.07,6.39,14.68,37.4725,3.185833333333333,2
UKP_0023,2022-05-17,4.76774,8.2965,0.5746688362562526,11.460833333333332,17.18,5.92,11.26,47.91666666666666,2.504583333333333,2
UKP_0023,2022-05-18,4.4803500000000005,8.472100000000001,0.528835825828307,11.260833333333332,17.16,6.62,10.54,55.40583333333333,2.9737500000000003,2
UKP_0023,2022-05-19,5.90542,8.65475,0.6823328230162627,12.952916666666669,20.08,6.12,13.959999999999996,46.05583333333333,3.0854166666666667,2
UKP_0023,2022-05-20,5.63969,8.536280000000001,0.6606730332182167,12.585833333333332,19.81,5.19,14.619999999999996,41.224583333333335,3.924166666666667,2
UKP_0023,2022-05-21,5.60041,8.414959999999999,0.6655301985986862,11.306666666666668,18.05,5.43,12.62,44.26041666666666,3.2579166666666666,2
UKP_0023,2022-05-22,4.966069999999999,8.476389999999999,0.5858708719159925,9.143333333333333,14.44,4.36,10.079999999999998,64.4725,3.5908333333333338,2
UKP_0023,2022-05-23,4.91337,8.46389,0.5805096710850448,7.797083333333333,12.09,3.08,9.01,69.285,2.5829166666666667,2
UKP_0023,2022-05-24,0.91977,7.95235,0.1156601507730419,7.111249999999999,12.35,2.88,9.47,75.0525,2.8229166666666665,2
UKP_0023,2022-05-25,6.539,8.64967,0.7559825981800461,8.612916666666667,13.24,3.73,9.51,68.33,2.1825,2
UKP_0023,2022-05-26,4.7563,8.67915,0.5480144945069506,10.65,15.76,6.84,8.92,75.54208333333334,2.418333333333333,2
UKP_0023,2022-05-27,4.32694,8.48922,0.509698181929553,11.105416666666663,15.68,7.4,8.28,81.80083333333333,3.137083333333333,2
UKP_0023,2022-05-28,5.52423,8.63808,0.639520587908424,11.399166666666666,16.16,6.84,9.32,73.12958333333333,3.1991666666666667,2
UKP_0023,2022-05-29,5.42187,8.679170000000001,0.6246991359772881,11.313333333333333,16.38,6.38,10.0,68.55499999999999,2.4129166666666664,2
UKP_0023,2022-05-30,6.68887,8.65084,0.7732046830134414,11.177916666666668,16.99,4.93,12.06,60.53541666666666,2.9125,2
UKP_0023,2022-05-31,7.91561,8.86751,0.8926530672082693,11.73875,17.37,6.25,11.12,49.76541666666666,2.2383333333333333,2
UKP_0023,2022-06-01,7.9182,9.08651,0.8714236819196809,12.808749999999998,19.18,6.11,13.07,46.28666666666667,2.6316666666666664,2
UKP_0023,2022-06-02,8.15476,9.10161,0.8959689549431363,12.79875,19.15,6.09,13.06,42.355,2.755416666666666,2
UKP_0023,2022-06-03,8.07086,9.16532,0.8805868207547581,12.875416666666666,18.85,7.09,11.760000000000002,36.78916666666667,2.56625,2
UKP_0023,2022-06-04,8.217039999999999,9.13814,0.8992026823839424,13.2875,19.49,6.03,13.459999999999996,39.4825,2.6475,2
UKP_0023,2022-06-05,7.87979,9.05357,0.8703516955190052,13.972916666666668,20.5,7.1,13.4,39.2475,2.61125,2
UKP_0023,2022-06-06,7.92499,8.89902,0.8905463747693566,14.4975,21.0,8.42,12.58,44.48916666666667,2.5820833333333333,2
UKP_0023,2022-06-07,8.13224,8.87509,0.9162994403437036,14.559583333333334,21.27,8.5,12.77,45.71208333333333,2.6533333333333333,2
UKP_0023,2022-06-08,7.67369,8.87549,0.8645933914634573,14.972499999999998,21.61,8.64,12.97,47.223333333333336,2.8829166666666666,2
UKP_0023,2022-06-09,5.83288,8.680369999999998,0.6719621398627019,14.172083333333331,20.22,8.61,11.61,50.29208333333333,2.8995833333333336,2
UKP_0023,2022-06-10,6.183529999999999,8.71428,0.7095858751382786,13.734583333333331,20.05,7.49,12.56,55.578333333333326,3.009583333333333,2
UKP_0023,2022-06-11,6.81717,8.936219999999999,0.7628695354411598,13.992916666666666,20.48,7.55,12.93,52.10166666666667,2.830416666666667,2
UKP_0023,2022-06-12,7.560939999999999,8.93333,0.8463741964082823,14.82875,20.95,9.01,11.94,52.60833333333333,2.888333333333333,2
UKP_0023,2022-06-13,8.21205,9.054189999999998,0.9069889189425008,15.595416666666669,21.95,10.11,11.84,48.05708333333334,2.935833333333333,2
UKP_0023,2022-06-14,7.50723,9.01951,0.8323323550835909,15.675416666666663,21.91,9.6,12.31,49.90375,3.083333333333333,2
UKP_0023,2022-06-15,7.52351,8.85866,0.8492830744153178,14.78625,21.4,8.31,13.089999999999998,65.44291666666668,3.2575,2
UKP_0023,2022-06-16,4.78162,8.70161,0.5495098033582291,13.08125,17.96,8.85,9.11,77.05416666666666,3.0058333333333334,2
UKP_0023,2022-06-17,2.90144,8.72055,0.3327129596183727,13.004583333333334,18.3,8.44,9.86,74.10583333333334,2.6525,2
UKP_0023,2022-06-18,2.59315,8.533299999999999,0.3038859526795027,12.288333333333334,19.22,6.17,13.05,69.45541666666666,2.6129166666666666,2
UKP_0023,2022-06-19,4.16675,8.55341,0.4871448930894229,11.087083333333332,16.87,5.32,11.55,73.47,3.064583333333333,2
UKP_0023,2022-06-20,3.73079,8.7567,0.4260497676065184,9.94875,15.27,5.79,9.48,75.13333333333334,2.9129166666666664,2
UKP_0023,2022-06-21,3.52415,8.84633,0.3983742410694604,11.102083333333333,16.65,6.07,10.579999999999998,69.56,2.8070833333333334,2
UKP_0023,2022-06-22,7.35646,9.17222,0.8020370204814102,13.1375,19.36,7.82,11.54,55.65833333333333,2.2829166666666665,2
UKP_0023,2022-06-23,7.57639,9.14983,0.8280361493055063,14.430833333333332,20.6,8.74,11.86,56.10833333333333,2.34125,2
UKP_0023,2022-06-24,6.98353,9.07634,0.7694213746950863,14.783333333333331,20.53,10.06,10.47,60.76125,2.3070833333333334,2
UKP_0023,2022-06-25,7.003849999999999,8.787210000000002,0.7970504858766317,15.155,20.91,9.17,11.74,64.21208333333333,2.458333333333333,2
UKP_0023,2022-06-26,6.29438,8.684989999999999,0.7247423428236534,15.965416666666668,21.9,10.46,11.439999999999998,70.04458333333334,2.754583333333333,2
UKP_0023,2022-06-27,5.95966,8.7467,0.6813609704231309,15.573333333333332,20.79,10.37,10.42,79.98958333333333,3.067916666666666,2
UKP_0023,2022-06-28,6.33937,8.77948,0.7220666827648107,16.372916666666665,22.08,11.49,10.589999999999998,76.14083333333333,3.19375,2
UKP_0023,2022-06-29,4.889189999999999,8.68153,0.5631714686236181,16.04,21.19,11.39,9.8,81.35041666666667,3.420833333333333,2
UKP_0023,2022-06-30,3.01676,8.26464,0.3650201339683276,13.545,16.47,10.84,5.629999999999999,86.18583333333333,1.3233333333333333,2
UKP_0023,2022-07-01,4.83795,8.326030000000001,0.5810632438268898,14.61375,18.61,11.46,7.149999999999999,84.88541666666667,2.334166666666667,2
UKP_0023,2022-07-02,3.83122,8.3322,0.459808934015026,15.26,19.49,12.05,7.439999999999998,84.91041666666666,2.4141666666666666,2
UKP_0023,2022-07-03,5.75895,8.48317,0.6788676874328818,14.237916666666663,18.73,9.95,8.780000000000001,88.005,2.904583333333333,2
UKP_0023,2022-07-04,6.78,8.53495,0.7943807520840779,16.0325,21.05,12.05,9.0,80.85041666666667,2.347916666666667,2
UKP_0023,2022-07-05,6.308770000000001,8.44057,0.7474341187858168,16.017916666666668,19.58,12.56,7.019999999999998,85.3775,2.4541666666666666,2
UKP_0023,2022-07-06,4.96447,8.39106,0.5916380052103073,15.435,18.87,12.61,6.260000000000002,88.87,2.9154166666666668,2
UKP_0023,2022-07-07,5.78026,8.258049999999999,0.6999545897639274,14.27875,17.7,12.36,5.34,87.81833333333333,2.052916666666667,2
UKP_0023,2022-07-08,5.87316,8.434709999999999,0.6963084682223811,15.355833333333337,19.02,12.22,6.799999999999999,85.85916666666667,2.0820833333333333,2
UKP_0023,2022-07-09,4.03877,8.47931,0.4763088034285809,12.898333333333332,17.94,8.85,9.090000000000002,89.24291666666666,2.9287500000000004,2
UKP_0023,2022-07-10,4.40468,8.44506,0.5215688224832032,14.227083333333333,17.87,10.36,7.510000000000002,87.13958333333333,2.811666666666667,2
UKP_0023,2022-07-11,4.82538,8.44315,0.5715141860561521,14.591666666666669,18.48,11.17,7.31,86.12333333333333,3.0070833333333336,2
UKP_0023,2022-07-12,4.8212,8.455969999999999,0.5701533945839449,14.532916666666669,18.24,11.26,6.979999999999999,88.85625,3.075833333333333,2
UKP_0023,2022-07-13,4.9766,8.560039999999999,0.5813757879636078,14.591666666666669,18.94,11.23,7.710000000000001,87.35625,3.1004166666666664,2
UKP_0023,2022-07-14,4.90129,8.460600000000001,0.579307614117202,13.309166666666668,17.0,9.18,7.82,86.76083333333334,3.294166666666667,2
UKP_0023,2022-07-15,5.77051,8.617030000000002,0.6696634455258945,14.236666666666666,17.82,10.67,7.15,80.635,2.73375,2
UKP_0023,2022-07-16,6.7338000000000005,8.55721,0.7869153614320556,15.08625,19.44,11.07,8.370000000000001,77.69125,2.2575,2
UKP_0023,2022-07-17,6.53326,8.54059,0.7649658864317337,15.1625,19.84,10.6,9.24,80.80333333333333,2.2791666666666663,2
UKP_0023,2022-07-18,5.39313,8.54926,0.6308300367517189,15.97375,20.38,11.79,8.59,82.43791666666667,2.9737500000000003,2
UKP_0023,2022-07-19,4.753819999999999,8.49457,0.5596304462733251,15.85,20.51,12.85,7.660000000000002,86.84333333333335,2.705833333333333,2
UKP_0023,2022-07-20,3.00554,8.35429,0.3597600753624784,14.36375,17.44,10.63,6.8100000000000005,89.54916666666666,2.3466666666666667,2
UKP_0023,2022-07-21,3.70769,8.322059999999999,0.4455255069057421,14.2,17.33,11.18,6.149999999999999,86.78375,2.1479166666666667,2
UKP_0023,2022-07-22,5.14333,8.26449,0.6223408824984965,13.847499999999998,17.68,10.52,7.16,88.99708333333332,2.2091666666666665,2
UKP_0023,2022-07-23,5.92115,8.1254,0.728721047579196,14.34125,18.86,11.04,7.82,86.84208333333333,2.4391666666666665,2
UKP_0023,2022-07-24,4.76082,8.27287,0.5754738077595805,14.099583333333332,17.98,11.34,6.640000000000001,87.28541666666666,2.345833333333333,2
UKP_0023,2022-07-25,4.815840000000001,8.33142,0.5780335164953875,13.374166666666667,17.48,10.46,7.02,89.88083333333333,2.5658333333333334,2
UKP_0023,2022-07-26,4.0507100000000005,8.413950000000002,0.4814278668164179,14.052916666666668,18.02,11.06,6.959999999999999,88.23208333333334,3.013333333333333,2
UKP_0023,2022-07-27,3.70831,7.99759,0.4636784331279798,13.39625,17.76,10.45,7.310000000000002,91.51083333333334,2.8025,2
UKP_0023,2022-07-28,4.15343,8.02553,0.5175271913506024,14.017916666666666,17.56,11.03,6.529999999999999,89.22041666666667,2.74375,2
UKP_0023,2022-07-29,4.1665,8.07125,0.5162149605079759,14.131666666666668,17.7,11.18,6.52,92.105,3.09625,2
UKP_0023,2022-07-30,3.47274,8.163640000000001,0.4253911245473832,13.064166666666669,15.69,11.1,4.59,92.17333333333332,2.44375,2
UKP_0023,2022-07-31,3.95525,8.324399999999999,0.4751393493825381,13.424583333333333,16.21,11.3,4.91,91.92958333333333,2.7495833333333333,2
UKP_0023,2022-08-01,3.97264,7.98586,0.4974592592407079,13.96875,17.05,11.19,5.860000000000001,90.82541666666668,2.225416666666667,2
UKP_0023,2022-08-02,5.69344,8.3193,0.6843652711165602,14.789583333333333,18.36,11.68,6.68,89.44916666666667,2.2466666666666666,2
UKP_0023,2022-08-03,3.65418,8.18917,0.4462210456004698,14.005,17.57,10.8,6.77,90.01041666666667,1.7720833333333337,2
UKP_0023,2022-08-04,4.77146,8.18946,0.5826342640418294,13.846666666666666,17.31,11.12,6.19,92.0175,2.567083333333333,2
UKP_0023,2022-08-05,4.09726,8.03281,0.5100655934847209,13.891666666666666,17.31,11.32,5.989999999999998,92.37708333333336,2.953333333333333,2
UKP_0023,2022-08-06,5.14417,8.16103,0.6303334260503882,13.9325,17.54,11.22,6.319999999999999,92.91958333333334,3.07625,2
UKP_0023,2022-08-07,4.6121300000000005,8.09408,0.5698152229777813,12.22,14.29,10.9,3.389999999999999,87.07708333333333,1.11,2
UKP_0023,2022-08-08,4.70101,8.04521,0.5843240884948931,14.324583333333337,18.34,10.82,7.52,85.43583333333333,2.2695833333333333,2
UKP_0023,2022-08-09,4.86083,8.03438,0.6050037463998467,14.365,17.95,11.07,6.879999999999999,85.80874999999999,2.36375,2
UKP_0023,2022-08-10,5.16921,8.11238,0.637200180464919,14.442916666666669,17.84,10.71,7.129999999999999,90.53458333333332,2.853333333333333,2
UKP_0023,2022-08-11,4.40969,8.03083,0.549095174471381,12.817916666666669,16.85,10.44,6.410000000000002,83.92666666666666,2.0970833333333334,2
UKP_0023,2022-08-12,6.14845,8.1044,0.7586557919155026,14.257083333333334,18.21,10.86,7.350000000000001,80.70041666666667,2.5508333333333333,2
UKP_0023,2022-08-13,6.2626800000000005,7.94491,0.7882631773047146,15.655,20.3,11.41,8.89,79.39874999999999,2.4875000000000003,2
UKP_0023,2022-08-14,3.4072600000000004,7.88141,0.4323160449716485,13.22,17.47,9.34,8.129999999999999,90.19541666666667,3.078333333333333,2
UKP_0023,2022-08-15,2.83401,8.005,0.3540299812617113,12.766666666666666,15.29,9.59,5.699999999999999,85.18666666666667,1.57875,2
UKP_0023,2022-08-16,5.739490000000001,8.03369,0.7144276166991758,14.04,17.96,10.6,7.360000000000001,86.31041666666665,2.2687500000000003,2
UKP_0023,2022-08-17,5.48208,8.08747,0.6778485731631771,14.305833333333332,18.29,10.4,7.889999999999999,85.87791666666668,2.3075,2
UKP_0023,2022-08-18,5.46137,8.07669,0.6761891319339978,15.202916666666669,19.19,10.68,8.510000000000002,86.31166666666667,2.620833333333333,2
UKP_0023,2022-08-19,3.80497,7.882149999999999,0.4827325031875821,13.135416666666666,17.59,8.94,8.65,93.76333333333334,2.435,2
UKP_0023,2022-08-20,3.53368,7.850309999999999,0.4501325425365368,11.4775,14.94,9.2,5.74,89.22041666666667,1.9275,2
UKP_0023,2022-08-21,5.1588400000000005,7.75791,0.6649780675465429,13.181666666666668,16.68,9.99,6.69,86.80083333333333,2.2841666666666667,2
UKP_0023,2022-08-22,5.332320000000001,7.7512,0.6879347713902365,13.404166666666669,17.3,10.16,7.140000000000001,88.05541666666666,2.81125,2
UKP_0023,2022-08-23,5.080310000000001,7.63348,0.6655300072837029,13.70875,18.11,10.03,8.08,83.79458333333334,2.188333333333333,2
UKP_0023,2022-08-24,4.59243,7.625649999999999,0.6022345636109709,13.2075,17.05,10.16,6.890000000000001,84.38791666666667,1.8883333333333332,2
UKP_0023,2022-08-25,5.61291,7.772769999999999,0.7221248023548877,13.882916666666668,17.55,9.99,7.56,87.41875,2.169166666666667,2
UKP_0023,2022-08-26,6.28547,7.72004,0.8141758332858379,14.737083333333333,18.62,10.54,8.080000000000002,81.46375,2.13125,2
UKP_0023,2022-08-27,4.92997,7.69382,0.6407701245935049,14.997083333333334,18.68,11.42,7.26,86.22541666666666,2.33625,2
UKP_0023,2022-08-28,4.27851,7.48984,0.5712418422823451,14.262916666666667,17.84,10.36,7.48,89.51541666666667,3.134583333333333,2
UKP_0023,2022-08-29,2.4959,7.44327,0.3353230502185196,13.181666666666668,16.89,9.94,6.950000000000001,88.76833333333333,2.558333333333333,2
UKP_0023,2022-08-30,5.62783,7.5542,0.7449935135421356,13.88625,17.76,10.69,7.070000000000002,87.1125,2.388333333333333,2
UKP_0023,2022-08-31,5.732309999999999,7.6485,0.7494685232398508,14.810833333333331,19.14,11.26,7.880000000000001,84.57625,2.6625,2
UKP_0023,2022-09-01,5.33412,7.61221,0.700732113275908,14.232916666666666,18.0,10.7,7.300000000000001,88.53041666666667,2.98625,2
UKP_0023,2022-09-02,3.73256,7.49159,0.4982333523324154,13.81875,18.05,10.61,7.440000000000001,88.88541666666667,2.614583333333333,2
UKP_0023,2022-09-03,4.93872,7.474349999999999,0.6607557847839612,13.334583333333333,17.96,9.52,8.440000000000001,88.04958333333333,2.8350000000000004,2
UKP_0023,2022-09-04,4.880439999999999,7.49567,0.6511012357801236,12.153333333333334,16.62,7.01,9.61,87.96375,2.94375,2
UKP_0023,2022-09-05,5.58397,7.61096,0.7336748583621514,11.637916666666667,16.52,7.16,9.36,80.31416666666667,2.147083333333333,2
UKP_0023,2022-09-06,6.60463,7.56435,0.8731259129997951,12.590833333333334,18.01,7.72,10.290000000000004,73.53708333333333,2.099166666666666,2
UKP_0023,2022-09-07,6.0632600000000005,7.39485,0.8199300864791038,13.503749999999998,18.74,8.96,9.779999999999998,78.85583333333334,2.1991666666666667,2
UKP_0023,2022-09-08,5.0367,7.34288,0.685929771424836,13.77875,19.04,9.05,9.989999999999998,80.08375,2.205,2
UKP_0023,2022-09-09,5.87233,7.259390000000001,0.8089288493936817,13.960416666666667,19.2,9.71,9.489999999999998,81.45,2.3008333333333333,2
UKP_0023,2022-09-10,4.97942,7.27285,0.6846586963844985,13.390833333333331,18.86,9.06,9.8,83.28791666666667,2.106666666666667,2
UKP_0023,2022-09-11,5.32564,7.264939999999999,0.7330604244494794,11.919583333333334,15.78,9.63,6.149999999999999,91.30708333333332,1.9820833333333332,2
UKP_0023,2022-09-12,4.931360000000001,7.225560000000001,0.6824882777251867,12.222916666666668,16.7,8.9,7.799999999999999,86.85208333333333,2.0995833333333334,2
UKP_0023,2022-09-13,5.78621,7.18869,0.8049046488303153,12.370416666666666,16.21,9.36,6.850000000000001,88.73916666666666,2.299583333333333,2
UKP_0023,2022-09-14,3.54057,7.0956,0.4989810586842551,12.13375,16.37,8.81,7.56,88.11458333333333,2.4491666666666667,2
UKP_0023,2022-09-15,3.01599,7.01474,0.429950361667004,12.16375,15.14,9.03,6.110000000000001,84.86874999999999,1.5470833333333334,2
UKP_0023,2022-09-16,3.94105,7.09965,0.5551048291112943,12.085,15.98,8.15,7.83,90.51958333333332,2.15125,2
UKP_0023,2022-09-17,3.45087,7.05519,0.4891250271077037,9.739166666666668,12.81,7.7,5.11,93.17458333333332,1.3462500000000002,2
UKP_0023,2022-09-18,4.1695,7.05479,0.5910168835642167,11.82625,15.14,8.53,6.610000000000001,89.90750000000001,1.8479166666666669,2
UKP_0023,2022-09-19,2.87362,6.82468,0.4210629655895954,11.60375,15.09,8.82,6.27,90.3075,2.1904166666666667,2
UKP_0023,2022-09-20,3.42335,6.76189,0.5062711756624257,12.61625,15.93,9.39,6.539999999999999,90.55375,2.5170833333333333,2
UKP_0023,2022-09-21,4.0502,6.66829,0.6073821024580515,11.603333333333332,15.13,8.02,7.110000000000001,90.72541666666666,2.1254166666666667,2
UKP_0023,2022-09-22,2.79827,6.56843,0.4260180895586921,11.375416666666666,15.58,8.19,7.390000000000001,85.505,2.17875,2
UKP_0023,2022-09-23,3.3257,6.36547,0.5224594570393074,10.597916666666666,14.58,6.76,7.82,89.27541666666667,1.9279166666666667,2
UKP_0023,2022-09-24,1.8772,6.13181,0.3061412535613464,9.815833333333334,12.42,7.25,5.17,91.19875,1.6325,2
UKP_0023,2022-09-25,2.30023,6.57151,0.3500306626635279,8.874583333333334,11.92,6.47,5.45,94.73125,2.2041666666666666,2
UKP_0023,2022-09-26,4.60921,6.80491,0.6773359236198568,10.075833333333334,14.91,6.12,8.79,80.78916666666667,1.8675,2
UKP_0023,2022-09-27,5.3332,6.7918400000000005,0.7852364013286531,10.46625,15.0,6.15,8.85,83.29333333333334,2.0741666666666667,2
UKP_0023,2022-09-28,4.27127,6.70411,0.6371121595558545,9.8625,14.38,5.8,8.580000000000002,89.00375000000001,2.345833333333333,2
UKP_0023,2022-09-29,4.24013,6.62287,0.6402254611671375,9.943333333333332,13.72,6.03,7.69,89.40625,2.3825,2
UKP_0023,2022-09-30,4.89258,6.50216,0.7524545689432435,9.700416666666667,13.9,5.03,8.870000000000001,90.76833333333332,2.388333333333333,2
UKP_0023,2022-10-01,4.59821,6.57975,0.6988426611953342,9.339583333333334,13.93,5.7,8.23,85.27916666666667,1.9025,2
UKP_0023,2022-10-02,4.85192,6.4783800000000005,0.748940321500128,9.634166666666667,13.53,5.8,7.729999999999999,87.10000000000001,1.7591666666666663,2
UKP_0023,2022-10-03,5.51549,6.64484,0.8300410544121453,10.392916666666666,14.94,6.49,8.45,83.02583333333332,1.7083333333333333,2
UKP_0023,2022-10-04,4.201149999999999,6.44199,0.6521509657729987,10.12625,14.76,6.72,8.04,81.72583333333334,1.5329166666666667,2
UKP_0023,2022-10-05,5.28691,6.41149,0.8245992741156892,9.735,14.54,6.56,7.979999999999999,82.52499999999999,1.6783333333333337,2
UKP_0023,2022-10-06,4.46474,6.18653,0.7216872786521684,8.737083333333333,11.35,6.63,4.72,93.65791666666668,1.83375,2
UKP_0023,2022-10-07,1.95056,6.02715,0.3236289125042516,8.387916666666667,11.03,5.97,5.06,91.67541666666666,0.7191666666666667,2
UKP_0023,2022-10-08,1.14216,5.859850000000001,0.1949128390658464,7.454166666666667,10.19,5.6,4.59,95.08375,1.774166666666667,2
UKP_0023,2022-10-09,2.72716,5.92443,0.4603244531541431,6.670416666666667,8.86,4.7,4.159999999999999,92.97125,1.2208333333333334,2
UKP_0023,2022-10-10,3.2732400000000004,6.037739999999999,0.5421300022856236,6.5929166666666665,10.29,3.67,6.619999999999999,83.60958333333333,1.535,2
UKP_0023,2022-10-11,2.7633,6.16317,0.448356933201583,7.141249999999999,11.54,3.87,7.669999999999999,81.46375,1.4029166666666668,2
UKP_0023,2022-10-12,3.69979,6.1359200000000005,0.6029723334072152,6.3625,10.66,3.64,7.02,89.28791666666666,2.01125,2
UKP_0023,2022-10-13,4.30294,6.06952,0.7089423875364114,6.221666666666667,10.22,3.16,7.0600000000000005,85.92208333333333,1.9895833333333333,2
UKP_0023,2022-10-14,4.37356,6.06137,0.7215464490700948,7.042083333333333,11.42,2.86,8.56,80.8,1.9108333333333332,2
UKP_0023,2022-10-15,4.56308,6.04324,0.7550717826861089,7.411666666666666,12.06,4.43,7.630000000000001,81.07875,1.8670833333333332,2
UKP_0023,2022-10-16,4.6782200000000005,6.04395,0.7740335376699015,7.3691666666666675,12.0,3.7,8.3,76.53583333333333,1.9654166666666668,2
UKP_0023,2022-10-17,4.62937,6.03247,0.7674087065497217,6.788333333333333,11.86,2.23,9.63,79.315,1.6695833333333334,2
UKP_0023,2022-10-18,3.0156300000000003,5.999509999999999,0.50264604942737,4.65625,9.18,0.57,8.61,82.92083333333333,1.8504166666666664,2
UKP_0023,2022-10-19,3.82283,6.01752,0.635283306079581,3.890833333333333,8.5,-0.07,8.57,80.18208333333334,2.1633333333333336,2
UKP_0023,2022-10-20,2.59035,5.63641,0.4595744454360133,4.135,8.54,0.04,8.5,71.91,2.2075,2
UKP_0023,2022-10-21,4.03773,5.600029999999999,0.7210193516820446,4.032916666666667,9.15,-0.29,9.44,70.02208333333333,2.03875,2
UKP_0023,2022-10-22,4.231529999999999,5.808739999999999,0.7284763993568312,4.309166666666667,9.36,-0.53,9.89,67.10125000000001,1.7095833333333337,2
UKP_0023,2022-10-23,4.54463,5.70341,0.7968268106273264,5.343333333333334,10.12,1.32,8.799999999999999,71.09291666666667,2.00375,2
UKP_0023,2022-10-24,4.73257,5.63785,0.8394281508021675,5.912083333333334,11.15,2.11,9.04,69.96,1.9583333333333333,2
UKP_0023,2022-10-25,4.34079,5.7339,0.7570397111913357,5.265833333333333,10.73,0.98,9.75,60.25208333333333,1.9075,2
UKP_0023,2022-10-26,4.68938,5.70796,0.8215509569092986,5.2075000000000005,10.72,0.48,10.24,68.10000000000001,2.305833333333333,2
UKP_0023,2022-10-27,4.580139999999999,5.67957,0.8064237257398006,4.5200000000000005,10.7,-1.13,11.829999999999998,71.00916666666667,2.4120833333333334,2
UKP_0023,2022-10-28,4.68553,5.68201,0.8246254406451238,5.174166666666667,11.4,-1.4,12.8,69.44041666666666,2.0283333333333333,2
UKP_0023,2022-10-29,4.58811,5.5717,0.8234668054633235,5.129166666666667,10.74,-0.23,10.97,69.65375,2.1791666666666667,2
UKP_0023,2022-10-30,4.41127,5.4356,0.8115516226359556,5.140833333333333,11.21,-0.4,11.61,64.02666666666667,2.0970833333333334,2
UKP_0023,2022-10-31,4.3375200000000005,5.44738,0.7962580176158081,5.417916666666667,10.85,1.42,9.43,63.57041666666667,1.8708333333333331,2
UKP_0023,2022-11-01,3.54913,5.28118,0.6720335228111899,4.906666666666667,10.85,0.09,10.76,67.72416666666668,2.06,2
UKP_0023,2022-11-02,4.60204,5.4333,0.8470064233522905,5.838333333333334,12.1,-0.69,12.79,58.37958333333333,1.8816666666666668,2
UKP_0023,2022-11-03,4.58591,5.37432,0.8533005105762218,6.375416666666666,12.21,2.02,10.19,61.65125,2.0025,2
UKP_0023,2022-11-04,4.540649999999999,5.32068,0.8533965583346488,6.319583333333333,11.78,2.07,9.71,66.1775,1.7445833333333332,2
UKP_0023,2022-11-05,3.33026,4.82004,0.6909195774308927,5.2125,10.24,1.33,8.91,77.46541666666667,1.7154166666666668,2
UKP_0023,2022-11-06,3.84932,4.921390000000001,0.7821611374022379,5.1466666666666665,10.08,0.68,9.4,59.7825,1.72375,2
UKP_0023,2022-11-07,2.98514,4.948720000000001,0.6032145686157228,4.144583333333333,8.55,0.44,8.110000000000001,59.71333333333333,1.64125,2
UKP_0023,2022-11-08,4.21167,5.04501,0.8348189597245594,4.2225,8.91,0.07,8.84,67.39583333333333,1.5316666666666665,2
UKP_0023,2022-11-09,2.73545,4.6133500000000005,0.5929422220295446,2.527083333333333,7.55,-1.06,8.61,78.16250000000001,1.6404166666666666,2
UKP_0023,2022-11-10,2.3273,4.5698,0.5092783053962975,0.8408333333333333,5.0,-2.79,7.79,73.85000000000001,1.77125,2
UKP_0023,2022-11-11,3.6591,5.05855,0.7233495764596574,1.1920833333333334,6.72,-3.45,10.17,58.75208333333333,1.9908333333333332,2
UKP_0023,2022-11-12,3.92275,5.11589,0.766777628135085,1.2908333333333333,6.94,-2.97,9.91,53.20541666666667,2.0108333333333333,2
UKP_0023,2022-11-13,4.19849,5.04953,0.8314615419652918,3.053333333333333,8.6,-1.73,10.33,48.90416666666667,1.5650000000000002,2
UKP_0023,2022-11-14,1.89794,4.68488,0.4051203019074127,1.7491666666666663,4.89,-1.23,6.119999999999999,73.35125000000001,1.450416666666667,2
UKP_0023,2022-11-15,3.18333,4.72224,0.6741144033340108,2.154583333333333,7.55,-1.2,8.75,72.63583333333334,1.6970833333333335,2
UKP_0023,2022-11-16,3.15854,4.69373,0.6729275011557971,1.1079166666666669,6.44,-3.39,9.83,67.74625,1.79625,2
UKP_0023,2022-11-17,3.80167,4.9097100000000005,0.7743166093313046,1.9058333333333333,7.27,-3.65,10.92,55.05708333333333,1.9466666666666663,2
UKP_0023,2022-11-18,3.9958,4.80401,0.8317634642725557,3.606666666666667,9.37,-0.1,9.47,55.72208333333333,1.862083333333333,2
UKP_0023,2022-11-19,3.65227,4.65908,0.7839036891403453,3.348333333333333,9.21,-1.22,10.43,50.16125,1.3754166666666665,2
UKP_0023,2022-11-20,3.96075,4.823270000000001,0.8211752607670728,2.71125,8.36,-1.72,10.08,41.40958333333334,1.684583333333333,2
UKP_0023,2022-11-21,3.4993000000000003,4.71218,0.74260745557258,3.322083333333333,9.61,-0.96,10.57,33.90375,1.24625,2
UKP_0023,2022-11-22,3.81211,4.64917,0.8199549597024844,3.217916666666667,9.09,-1.37,10.46,44.28333333333333,1.71875,2
UKP_0023,2022-11-23,3.92428,4.7219,0.8310807090366166,2.1225,9.12,-4.4,13.52,55.149166666666666,2.5204166666666667,2
UKP_0023,2022-11-24,4.05757,4.71339,0.8608602301103876,5.635000000000001,13.69,-4.75,18.44,37.37625,1.757083333333333,2
UKP_0023,2022-11-25,4.14224,4.61537,0.8974881753792222,6.211666666666667,11.91,3.3,8.61,35.02833333333333,1.6245833333333335,2
UKP_0023,2022-11-26,3.97721,4.55304,0.8735284557131059,6.203749999999999,12.37,2.29,10.079999999999998,41.56625,1.4416666666666669,2
UKP_0023,2022-11-27,3.85521,4.54153,0.848879122234137,4.380833333333333,10.16,-0.02,10.18,48.81375,1.5233333333333334,2
UKP_0023,2022-11-28,3.96437,4.56734,0.8679822391151085,4.027916666666667,10.18,-0.13,10.31,45.83916666666667,1.7775,2
UKP_0023,2022-11-29,3.97258,4.59863,0.8638616283545317,4.572916666666667,10.36,1.32,9.04,44.06916666666667,1.4683333333333335,2
UKP_0023,2022-11-30,4.01954,4.48479,0.8962604715047973,4.42125,10.46,0.87,9.590000000000002,40.27375,1.695,2
UKP_0023,2022-12-01,3.90051,4.53943,0.8592510513434506,5.19125,11.56,1.17,10.39,38.935,1.5991666666666668,2
UKP_0023,2022-12-02,3.55567,4.33275,0.8206497028446137,4.439583333333333,10.11,1.27,8.84,46.19416666666667,1.14375,2
UKP_0023,2022-12-03,3.6818,4.33426,0.8494644991301858,2.36125,8.46,-2.9,11.36,43.41458333333333,1.84875,2
UKP_0023,2022-12-04,3.82768,4.46401,0.8574532763143452,2.26625,8.79,-3.34,12.13,37.05791666666666,1.534166666666667,2
UKP_0023,2022-12-05,3.87069,4.27726,0.9049461571192772,1.4691666666666665,7.7,-2.15,9.85,39.592083333333335,1.9141666666666663,2
UKP_0023,2022-12-06,3.91463,4.45979,0.8777610604983643,2.4341666666666666,8.89,-1.48,10.37,33.01791666666667,1.7895833333333335,2
UKP_0023,2022-12-07,3.93016,4.48397,0.8764911451236292,3.1220833333333338,9.6,-1.34,10.94,32.88916666666667,1.4795833333333333,2
UKP_0023,2022-12-08,3.81346,4.35388,0.8758762299374351,2.875,9.25,-1.26,10.51,36.13708333333333,1.4008333333333332,2
UKP_0023,2022-12-09,3.77041,4.33686,0.8693870680630688,1.8245833333333328,7.66,-1.83,9.49,43.33291666666667,1.4349999999999998,2
UKP_0023,2022-12-10,2.86292,4.31478,0.6635147099040971,1.25875,6.87,-2.07,8.94,34.79416666666666,1.252916666666667,2
UKP_0023,2022-12-11,3.94112,4.35053,0.9058942243818568,2.752083333333333,8.98,-2.14,11.12,28.78125,1.2708333333333333,2
UKP_0023,2022-12-12,3.8025,4.33216,0.8777376643521939,2.779166666666667,9.24,-1.24,10.48,22.638333333333332,1.23875,2
UKP_0023,2022-12-13,3.84208,4.43916,0.8654970760233917,2.9433333333333334,8.89,-1.36,10.25,23.592916666666667,1.3895833333333334,2
UKP_0023,2022-12-14,3.90506,4.43623,0.8802654506191067,2.2237500000000003,9.13,-4.06,13.19,27.921666666666667,1.9354166666666668,2
UKP_0023,2022-12-15,3.93572,4.39968,0.8945468761364462,2.78,9.44,-3.98,13.42,31.63,1.9325,2
UKP_0023,2022-12-16,3.91887,4.31225,0.908776160936866,3.2225,9.55,-1.57,11.12,34.03541666666667,1.7229166666666669,2
UKP_0023,2022-12-17,3.8141,4.32579,0.8817117798136295,3.14875,9.32,-1.74,11.06,33.70041666666667,1.856666666666667,2
UKP_0023,2022-12-18,3.85474,4.34413,0.8873445315863014,2.748333333333333,9.3,-1.91,11.21,32.57,1.632083333333333,2
UKP_0023,2022-12-19,3.83066,4.37612,0.8753553376050017,1.2125,7.45,-2.54,9.99,31.64875,1.3454166666666667,2
UKP_0023,2022-12-20,3.04971,4.36565,0.6985695142762247,0.9091666666666668,7.46,-3.53,10.99,22.75333333333333,1.14375,2
UKP_0023,2022-12-21,3.92901,4.35629,0.901916539073386,-0.9958333333333332,5.26,-4.99,10.25,27.83833333333333,1.45375,2
UKP_0023,2022-12-22,3.99874,4.40545,0.907680259678353,-0.7891666666666666,4.97,-5.13,10.1,31.405,1.5975,2
UKP_0023,2022-12-23,3.76711,4.28635,0.8788619688079603,-1.2704166666666663,5.28,-5.74,11.02,43.8825,1.7908333333333333,2
UKP_0023,2022-12-24,2.8728,4.07728,0.7045873719734725,-3.29,1.78,-7.47,9.25,72.51791666666666,1.635,2
UKP_0023,2022-12-25,2.71716,4.226769999999999,0.6428454824842611,-2.1479166666666667,3.12,-7.67,10.79,46.29458333333333,1.4525,2
UKP_0023,2022-12-26,2.5914300000000003,4.0559,0.6389284745679135,-2.6933333333333334,2.73,-7.19,9.92,71.64041666666667,2.140416666666667,2
UKP_0023,2022-12-27,3.58587,4.33763,0.8266887678294368,-1.375,5.03,-7.4,12.43,34.16708333333333,2.179583333333333,2
UKP_0023,2022-12-28,3.7892,4.36756,0.867578235902884,0.6004166666666667,7.34,-4.25,11.59,35.9575,2.09875,2
UKP_0023,2022-12-29,2.15043,4.14358,0.5189787574995535,1.10875,7.55,-3.5,11.05,69.24958333333333,2.1554166666666665,2
UKP_0023,2022-12-30,2.62594,3.89052,0.6749586173570628,-2.0575,2.93,-6.93,9.86,78.025,1.9945833333333327,2
UKP_0023,2022-12-31,3.70788,4.36469,0.849517376950024,-2.0354166666666664,4.58,-6.84,11.42,54.99666666666667,1.97125,2
UKP_0023,2023-01-01,2.57165,4.38533,0.5864210903170344,-2.4370833333333333,3.41,-6.65,10.06,55.58583333333333,1.45625,2
UKP_0023,2023-01-02,3.30774,4.3833400000000005,0.7546163427888322,-3.36375,3.18,-6.94,10.12,63.35375,1.7700000000000002,2
UKP_0023,2023-01-03,3.1989,4.373399999999999,0.7314446426121555,-4.630833333333333,0.0,-7.86,7.86,68.07208333333334,1.8658333333333332,2
UKP_0023,2023-01-04,3.69511,4.49584,0.8218953521477631,-3.0475,4.1,-8.29,12.39,43.76916666666667,2.09125,2
UKP_0023,2023-01-05,3.90823,4.57837,0.8536291300178885,-1.5054166666666664,7.2,-9.32,16.52,29.6975,2.52,2
UKP_0023,2023-01-06,4.01649,4.582520000000001,0.8764806263802448,0.9675,8.0,-9.04,17.04,25.227500000000003,1.9429166666666668,2
UKP_0023,2023-01-07,4.006,4.45238,0.8997435079665259,2.585833333333333,8.85,-2.07,10.92,33.062083333333334,1.6987500000000002,2
UKP_0023,2023-01-08,3.93481,4.44034,0.8861506100884167,3.015833333333333,9.68,-2.65,12.33,41.955,2.1354166666666665,2
UKP_0023,2023-01-09,2.94648,4.37996,0.6727184723148157,2.68125,8.69,-1.25,9.94,39.53833333333333,1.7,2
UKP_0023,2023-01-10,3.60736,4.52234,0.7976755396542499,1.9804166666666667,8.22,-2.06,10.28,36.424166666666665,1.7866666666666664,2
UKP_0023,2023-01-11,1.25825,4.2123,0.2987085440258291,-0.2474999999999999,6.33,-5.35,11.68,54.20125,1.7983333333333336,2
UKP_0023,2023-01-12,2.41259,4.386699999999999,0.5499783436296078,-2.1991666666666667,2.82,-5.32,8.14,80.03958333333334,2.3825,2
UKP_0023,2023-01-13,2.10077,4.229850000000001,0.4966535456340058,-2.563333333333333,1.64,-5.64,7.279999999999999,88.15750000000001,2.4658333333333333,2
UKP_0023,2023-01-14,3.0951,4.62271,0.6695423247402498,-3.699583333333333,1.95,-7.27,9.22,59.0625,1.8804166666666668,2
UKP_0023,2023-01-15,3.63754,4.77697,0.7614743236821667,-2.45125,4.68,-7.05,11.73,33.255,1.695,2
UKP_0023,2023-01-16,3.83607,4.8184700000000005,0.7961178548377389,-3.3808333333333334,2.82,-6.83,9.65,39.36625,1.88375,2
UKP_0023,2023-01-17,3.24887,4.74116,0.6852479140126044,-4.123333333333334,1.82,-7.66,9.48,42.94708333333333,2.0316666666666667,2
UKP_0023,2023-01-18,3.12135,4.81016,0.6489077286410432,-2.46625,2.42,-7.55,9.97,41.0325,1.5287499999999998,2
UKP_0023,2023-01-19,2.51043,4.54423,0.5524434282595732,-2.2879166666666664,2.44,-5.57,8.01,67.38916666666667,1.8275,2
UKP_0023,2023-01-20,1.109,4.564150000000001,0.2429806207070319,-3.89625,0.48,-6.66,7.140000000000001,90.55458333333333,2.86,2
UKP_0023,2023-01-21,3.17071,4.643020000000001,0.6828981998785273,-3.3158333333333334,2.9,-7.48,10.38,60.77125,1.9375,2
UKP_0023,2023-01-22,3.3839,4.84674,0.6981806327552129,-3.1162499999999995,3.68,-8.46,12.14,63.687916666666666,2.3233333333333333,2
UKP_0023,2023-01-23,3.6231,5.0385,0.7190830604346532,-1.856666666666667,4.42,-8.44,12.86,43.66583333333333,1.8445833333333328,2
UKP_0023,2023-01-24,1.1298700000000002,3.82439,0.2954379652702784,-0.9566666666666668,4.16,-5.84,10.0,88.63833333333334,3.09625,2
UKP_0023,2023-01-25,2.01983,4.19579,0.4813944453845402,-2.32375,3.21,-6.67,9.88,82.60375,2.564583333333333,2
UKP_0023,2023-01-26,3.3977,4.932189999999999,0.6888826261762017,-2.2125,4.76,-7.67,12.43,52.625416666666666,2.200416666666667,2
UKP_0023,2023-01-27,3.69795,5.10601,0.7242347743149739,-2.1016666666666666,5.69,-8.32,14.010000000000002,43.45291666666666,2.5641666666666665,2
UKP_0023,2023-01-28,4.184,5.13449,0.8148813221955833,0.95375,9.14,-7.82,16.96,28.805000000000003,2.115,2
UKP_0023,2023-01-29,2.53892,5.031020000000001,0.5046531319692626,0.5470833333333334,7.61,-3.92,11.53,42.18375,2.388333333333333,2
UKP_0023,2023-01-30,0.7017100000000001,4.379059999999999,0.1602421524254064,-2.247916666666667,4.54,-6.6,11.14,72.11416666666666,2.575833333333333,2
UKP_0023,2023-01-31,3.14297,5.09375,0.6170247852760735,-2.797916666666667,4.24,-8.5,12.74,59.00375,2.3725,2
UKP_0023,2023-02-01,3.52636,5.36908,0.6567903625947089,-1.0479166666666666,7.39,-8.71,16.1,35.11875,2.418333333333333,2
UKP_0023,2023-02-02,3.09853,5.32006,0.5824238824374162,1.5158333333333334,8.61,-6.26,14.87,32.03666666666667,1.78875,2
UKP_0023,2023-02-03,4.03396,5.31576,0.7588679699610217,1.294166666666667,8.2,-4.39,12.59,43.54666666666666,2.154166666666667,2
UKP_0023,2023-02-04,3.74137,5.35082,0.699214326028534,1.0733333333333337,7.7,-4.84,12.54,50.555,2.04,2
UKP_0023,2023-02-05,3.93816,5.43661,0.7243778751832484,0.8670833333333334,8.33,-3.94,12.27,55.59666666666666,1.7345833333333331,2
UKP_0023,2023-02-06,2.73525,5.137029999999999,0.5324574705617838,-1.4875,4.44,-7.67,12.11,67.79958333333333,2.395,2
UKP_0023,2023-02-07,3.76868,5.31061,0.7096510570348793,-1.0995833333333334,5.37,-8.23,13.6,54.145833333333336,2.3354166666666667,2
UKP_0023,2023-02-08,3.74037,5.53001,0.6763767154128112,0.5091666666666667,7.48,-4.89,12.37,44.07708333333333,1.7345833333333334,2
UKP_0023,2023-02-09,3.71787,5.2169,0.7126588587091951,0.1174999999999999,7.4,-4.29,11.69,71.40708333333333,2.3466666666666667,2
UKP_0023,2023-02-10,1.84272,5.2895900000000005,0.3483672647596506,-0.1683333333333333,4.63,-4.13,8.76,80.91083333333334,3.2779166666666666,2
UKP_0023,2023-02-11,2.36999,5.41646,0.4375533097262788,-2.03,4.25,-8.09,12.34,82.21208333333333,3.825416666666667,2
UKP_0023,2023-02-12,3.59419,5.81898,0.6176666701036952,-4.579583333333333,1.13,-8.79,9.919999999999998,42.65333333333333,3.5391666666666666,2
UKP_0023,2023-02-13,4.75378,5.81408,0.8176323683196653,3.6329166666666666,11.88,-7.88,19.76,34.089166666666664,2.273333333333333,2
UKP_0023,2023-02-14,4.70354,5.80233,0.8106295229674977,4.846666666666667,11.54,-1.74,13.28,37.99041666666667,2.705416666666667,2
UKP_0023,2023-02-15,4.66299,5.91749,0.7880013316456809,5.2175,13.66,-0.21,13.87,34.42375,2.6254166666666667,2
UKP_0023,2023-02-16,4.87021,5.84054,0.8338629647258644,6.177916666666667,14.55,-0.1,14.65,38.049166666666665,2.655416666666667,2
UKP_0023,2023-02-17,4.99723,5.87026,0.851279159696504,7.520416666666667,15.77,1.86,13.91,34.8125,2.5729166666666665,2
UKP_0023,2023-02-18,4.940480000000001,5.905399999999999,0.8366037863650221,7.459583333333334,15.66,1.51,14.15,28.669583333333332,2.672916666666667,2
UKP_0023,2023-02-19,4.384690000000001,5.90534,0.7424957750104145,6.000416666666666,13.17,1.74,11.43,34.55708333333333,2.219583333333333,2
UKP_0023,2023-02-20,3.72902,5.71996,0.6519311323855411,4.425833333333333,10.64,-0.55,11.19,45.28458333333333,2.08375,2
UKP_0023,2023-02-21,3.09259,5.32996,0.5802276189689979,2.4033333333333338,9.23,-3.66,12.89,64.98541666666667,2.9995833333333333,2
UKP_0023,2023-02-22,4.05937,5.96824,0.6801619908046592,1.6245833333333335,8.02,-4.2,12.22,49.50708333333333,2.09625,2
UKP_0023,2023-02-23,4.3708,6.16358,0.70913332835787,2.6595833333333334,9.31,-2.86,12.17,38.67208333333333,2.09375,2
UKP_0023,2023-02-24,4.649769999999999,6.27071,0.7415061452371421,2.960833333333333,9.74,-3.17,12.91,45.60833333333333,2.4075,2
UKP_0023,2023-02-25,4.24303,6.14064,0.69097520779593,2.3854166666666665,9.51,-3.53,13.04,50.95541666666667,2.4266666666666667,2
UKP_0023,2023-02-26,4.186520000000001,6.19844,0.6754151044456348,2.0725,8.8,-4.13,12.93,56.08375,2.5691666666666664,2
UKP_0023,2023-02-27,4.3723,6.1727,0.708328608226546,2.006666666666667,7.96,-3.19,11.15,58.19083333333333,2.5454166666666667,2
UKP_0023,2023-02-28,3.87983,6.26388,0.6193972426036258,2.8545833333333337,8.24,-2.29,10.53,50.465833333333336,1.9691666666666665,2
UKP_0023,2023-03-01,3.13791,6.09824,0.5145599386052369,2.524583333333333,8.1,-2.76,10.86,62.4575,2.67625,2
UKP_0023,2023-03-02,4.75506,6.47024,0.7349124607433419,3.1916666666666664,9.28,-3.32,12.6,55.81,2.4654166666666666,2
UKP_0023,2023-03-03,4.9782,6.51965,0.7635685964737372,5.079166666666667,11.24,-0.26,11.5,49.84041666666667,2.305,2
UKP_0023,2023-03-04,4.0009500000000005,6.51216,0.6143814034053219,4.452916666666667,10.05,0.25,9.8,50.49875,2.4466666666666668,2
UKP_0023,2023-03-05,4.2430900000000005,6.51765,0.6510153199389351,3.630416666666666,10.07,-1.3,11.37,54.375416666666666,2.5125,2
UKP_0023,2023-03-06,4.5375,6.63274,0.6841064175589575,3.29125,9.88,-1.61,11.49,56.03666666666667,2.415,2
UKP_0023,2023-03-07,4.09175,6.566529999999999,0.6231221055869691,3.664583333333333,10.31,-1.03,11.34,63.07833333333334,2.25875,2
UKP_0023,2023-03-08,2.74385,6.37234,0.4305875078856432,3.00125,8.72,-1.09,9.81,65.92999999999999,2.5654166666666667,2
UKP_0023,2023-03-09,3.86251,6.3070200000000005,0.6124144207565537,2.96875,7.57,-0.8,8.370000000000001,65.89916666666666,2.3241666666666667,2
UKP_0023,2023-03-10,5.00311,6.74137,0.7421503344275718,5.1000000000000005,12.86,0.01,12.85,53.38583333333333,2.3004166666666666,2
UKP_0023,2023-03-11,4.01442,6.59968,0.6082749466640807,5.44875,11.88,0.34,11.54,59.66875,2.2745833333333336,2
UKP_0023,2023-03-12,4.27704,6.54505,0.6534770551791049,5.2250000000000005,10.56,1.14,9.42,68.0475,2.2675,2
UKP_0023,2023-03-13,3.61011,6.7623500000000005,0.5338543553646291,5.02125,10.85,0.55,10.3,61.105,2.668333333333333,2
UKP_0023,2023-03-14,3.4156500000000003,6.91301,0.4940901286125725,4.257499999999999,10.6,-0.67,11.27,58.03208333333333,2.4341666666666666,2
UKP_0023,2023-03-15,4.39488,6.95911,0.631529031729632,4.095,10.05,-0.99,11.04,69.12416666666667,2.3004166666666666,2
UKP_0023,2023-03-16,4.46792,7.11344,0.6280955487077983,3.5379166666666664,8.38,-0.19,8.57,58.79416666666666,1.7375,2
UKP_0023,2023-03-17,4.03927,6.72565,0.6005768959134061,2.6441666666666666,7.37,-0.11,7.48,78.1775,1.93,2
UKP_0023,2023-03-18,2.49294,5.942849999999999,0.4194856003432697,1.465833333333333,4.58,-0.69,5.27,88.69916666666667,1.54375,2
UKP_0023,2023-03-19,3.67115,6.26834,0.5856654233816289,2.4575,6.7,-0.69,7.390000000000001,87.19791666666667,2.1791666666666667,2
UKP_0023,2023-03-20,2.41206,6.10629,0.395012356111485,1.9566666666666668,5.03,-0.53,5.5600000000000005,90.88541666666669,1.6870833333333335,2
UKP_0023,2023-03-21,2.2457,6.70197,0.3350805807844558,0.0249999999999999,2.65,-3.82,6.47,96.03791666666666,2.0516666666666667,2
UKP_0023,2023-03-22,4.555020000000001,7.253439999999999,0.6279806546962546,0.3974999999999999,5.77,-5.09,10.86,79.00208333333333,2.2983333333333333,2
UKP_0023,2023-03-23,5.556109999999999,7.46584,0.7442042690440727,2.64125,9.04,-4.95,13.989999999999998,64.91416666666667,2.267916666666667,2
UKP_0023,2023-03-24,4.00012,7.44763,0.5370997216564195,2.9150000000000005,8.23,-1.34,9.57,71.72375,2.063333333333333,2
UKP_0023,2023-03-25,4.71779,6.83106,0.6906380561728341,1.965833333333333,6.5,-2.24,8.74,89.20291666666667,3.3354166666666667,2
UKP_0023,2023-03-26,4.77768,7.37251,0.6480398127639027,1.5870833333333334,6.83,-3.73,10.56,75.50083333333333,2.563333333333333,2
UKP_0023,2023-03-27,5.41367,7.31203,0.7403785268933524,1.89125,8.11,-4.5,12.61,66.71041666666666,2.4883333333333333,2
UKP_0023,2023-03-28,5.424729999999999,7.68717,0.7056862278315686,2.6962500000000005,8.75,-3.25,12.0,67.38375,2.4208333333333334,2
UKP_0023,2023-03-29,5.52268,7.71888,0.7154768567460564,3.73625,9.79,-3.07,12.86,66.22625000000001,2.1908333333333334,2
UKP_0023,2023-03-30,5.16462,7.6122,0.6784661464491212,4.204583333333333,10.19,-1.37,11.56,67.76625,2.525,2
UKP_0023,2023-03-31,3.2669,7.43135,0.4396105687391927,2.51125,5.96,-0.95,6.91,89.02666666666666,2.997916666666667,2
UKP_0023,2023-04-01,3.0723200000000004,7.383439999999999,0.4161095641056202,0.6320833333333333,3.17,-1.76,4.93,94.67208333333332,2.01125,2
UKP_0023,2023-04-02,5.06038,7.75759,0.6523134117683456,1.3416666666666668,5.74,-2.4,8.14,81.12583333333333,2.1645833333333333,2
UKP_0023,2023-04-03,4.78967,7.8345,0.61135618099432,2.6733333333333333,8.53,-2.68,11.21,73.34625,2.43625,2
UKP_0023,2023-04-04,4.31896,7.48609,0.5769313486746752,1.6520833333333331,6.44,-4.13,10.57,83.15458333333333,3.0241666666666664,2
UKP_0023,2023-04-05,6.10584,8.13311,0.7507386473317095,2.6750000000000003,8.83,-4.81,13.64,54.93416666666667,2.28875,2
UKP_0023,2023-04-06,4.260800000000001,8.02476,0.5309566890473983,3.304583333333333,9.11,-1.88,10.989999999999998,48.81625,2.43125,2
UKP_0023,2023-04-07,6.026809999999999,8.10263,0.7438091088942725,5.264166666666667,11.26,-2.14,13.4,48.60625,2.1154166666666665,2
UKP_0023,2023-04-08,5.34542,8.16385,0.6547670523098783,5.577500000000001,12.18,-2.24,14.42,57.33958333333334,2.2616666666666667,2
UKP_0023,2023-04-09,5.351850000000001,8.102889999999999,0.6604865671383916,5.763333333333333,12.02,-0.1,12.12,62.024166666666666,2.0454166666666667,2
UKP_0023,2023-04-10,6.38519,8.08832,0.7894334052065201,5.461666666666667,12.16,-0.75,12.91,58.024166666666666,2.5,2
UKP_0023,2023-04-11,6.14171,8.07485,0.7605974104782133,6.822500000000001,13.19,-0.92,14.11,62.505833333333335,2.42125,2
UKP_0023,2023-04-12,6.35792,8.11932,0.7830606503992945,7.628333333333333,13.4,2.25,11.15,64.02291666666666,2.3508333333333336,2
UKP_0023,2023-04-13,6.660729999999999,8.23457,0.8088740517112611,7.944583333333334,14.25,0.69,13.56,62.94125,2.564583333333333,2
UKP_0023,2023-04-14,6.77823,8.20905,0.8257021214391435,9.640416666666669,16.17,0.45,15.720000000000002,56.96416666666667,2.17,2
UKP_0023,2023-04-15,3.93325,8.17146,0.4813399319093528,8.513333333333334,14.76,2.53,12.23,56.83291666666667,2.282083333333333,2
UKP_0023,2023-04-16,6.03931,8.09852,0.7457300840153509,8.88875,15.45,2.23,13.22,53.57,2.619166666666666,2
UKP_0023,2023-04-17,6.31576,8.27618,0.763125016613945,9.955416666666666,15.86,3.91,11.95,53.407916666666665,2.212916666666666,2
UKP_0023,2023-04-18,5.02844,7.91941,0.6349513410721253,9.697083333333332,15.54,4.35,11.19,59.3475,2.6154166666666665,2
UKP_0023,2023-04-19,3.79193,7.96895,0.4758380966124771,8.004166666666666,12.62,3.59,9.03,74.85208333333334,3.22125,2
UKP_0023,2023-04-20,2.9287,7.882020000000001,0.3715671870916338,5.062916666666667,8.3,1.01,7.290000000000001,84.51875,3.047083333333333,2
UKP_0023,2023-04-21,4.351730000000001,8.187949999999999,0.5314797965302672,4.065416666666667,10.31,-3.08,13.39,64.7775,3.10625,2
UKP_0023,2023-04-22,4.77346,8.46075,0.5641887539520728,4.1433333333333335,9.88,-2.53,12.41,50.92625,2.62625,2
UKP_0023,2023-04-23,4.16873,8.36859,0.4981400689960913,5.81125,11.09,-0.23,11.32,51.255,2.06125,2
UKP_0023,2023-04-24,4.69109,8.05054,0.5827050110924237,4.142083333333333,7.67,1.38,6.29,72.50750000000001,2.1791666666666667,2
UKP_0023,2023-04-25,3.61353,8.08338,0.4470320583716217,5.297083333333333,9.59,1.75,7.84,75.28291666666667,2.647083333333333,2
UKP_0023,2023-04-26,4.40908,7.92406,0.556416786344374,6.077916666666667,10.5,1.74,8.76,77.75541666666668,2.859166666666667,2
UKP_0023,2023-04-27,3.18976,8.33867,0.3825262302021785,5.178333333333334,8.52,0.56,7.959999999999999,79.87958333333333,2.85625,2
UKP_0023,2023-04-28,5.90929,8.21728,0.7191296876825422,6.944166666666667,12.05,0.97,11.08,70.47500000000001,2.48625,2
UKP_0023,2023-04-29,4.827100000000001,8.59043,0.5619159925638182,5.9870833333333335,10.26,2.04,8.219999999999999,85.05624999999999,3.1375,2
UKP_0023,2023-04-30,4.4184,8.371619999999998,0.5277831530814826,5.420416666666667,10.19,2.12,8.07,88.43458333333332,2.200833333333333,2
UKP_0023,2023-05-01,1.96189,7.818189999999999,0.2509391559939065,4.26125,6.88,1.52,5.359999999999999,93.01875,2.7270833333333333,2
UKP_0023,2023-05-02,2.45651,7.91162,0.3104939317105725,5.1525,8.95,1.7,7.249999999999999,88.67125,2.57375,2
UKP_0023,2023-05-03,1.53176,7.45473,0.2054749132430014,3.817916666666666,6.57,0.9,5.67,92.3875,1.88,2
UKP_0023,2023-05-04,4.05364,8.358979999999999,0.4849443353136388,5.060416666666667,9.31,0.83,8.48,83.28958333333334,2.1425,2
UKP_0023,2023-05-05,3.91722,8.51561,0.4600046267971407,6.277083333333334,11.41,1.2,10.21,75.92375,2.4129166666666664,2
UKP_0023,2023-05-06,5.982939999999999,8.540389999999999,0.7005464621639059,6.904166666666666,12.6,1.4,11.2,68.62625,2.2570833333333336,2
UKP_0023,2023-05-07,3.77768,8.93466,0.4228118361526907,6.5125,12.0,1.52,10.48,53.85958333333334,2.424166666666667,2
UKP_0023,2023-05-08,5.9003000000000005,8.46139,0.6973204166218554,6.310416666666666,11.27,1.16,10.11,71.49916666666667,3.73,2
UKP_0023,2023-05-09,4.589810000000001,8.652059999999999,0.5304875370720963,5.772083333333334,11.07,0.03,11.04,65.30125,3.45125,2
UKP_0023,2023-05-10,6.23259,8.751700000000001,0.7121576379446278,7.100416666666667,13.08,0.73,12.35,58.154583333333335,2.4054166666666665,2
UKP_0023,2023-05-11,5.2138100000000005,8.85149,0.5890319031033194,8.772499999999999,13.98,2.02,11.96,45.967083333333335,2.5145833333333334,2
UKP_0023,2023-05-12,7.3169,8.95497,0.8170769974662117,11.311666666666667,17.47,5.5,11.97,41.965,2.43375,2
UKP_0023,2023-05-13,5.73338,8.624780000000001,0.6647566662569944,10.82875,15.98,6.23,9.75,54.49333333333333,2.8504166666666664,2
UKP_0023,2023-05-14,3.96008,8.63792,0.458452960897994,10.5075,15.99,5.78,10.21,55.348333333333336,2.978333333333333,2
UKP_0023,2023-05-15,5.575519999999999,8.87055,0.6285427622864421,9.72,15.15,3.57,11.58,56.70333333333334,3.1341666666666668,2
UKP_0023,2023-05-16,6.865559999999999,8.78766,0.7812728303097751,10.904166666666669,16.48,4.05,12.43,57.267500000000005,2.660833333333333,2
UKP_0023,2023-05-17,5.07027,8.52015,0.5950916357106389,11.131666666666668,17.0,6.39,10.61,61.82833333333334,3.249166666666667,2
UKP_0023,2023-05-18,4.117970000000001,8.803049999999999,0.4677890049471491,10.434166666666666,15.99,5.06,10.93,59.07333333333333,2.44375,2
UKP_0023,2023-05-19,6.16953,8.789530000000001,0.7019180775308804,10.134583333333332,15.83,4.2,11.63,64.30875,2.7854166666666664,2
UKP_0023,2023-05-20,5.88124,8.80001,0.6683219678159457,10.205,15.41,5.04,10.37,57.7825,3.03,2
UKP_0023,2023-05-21,7.2378,9.04776,0.7999549059656754,12.46,18.59,7.33,11.26,49.10041666666667,2.790833333333333,2
UKP_0023,2023-05-22,6.22767,8.86633,0.7023954668955475,12.52,19.11,6.77,12.34,55.50375,3.047916666666667,2
UKP_0023,2023-05-23,6.73641,8.72913,0.7717160816713694,11.960833333333332,18.25,6.97,11.28,70.99083333333333,2.99,2
UKP_0023,2023-05-24,3.3963400000000004,8.293899999999999,0.4094985471249955,9.30625,13.05,5.68,7.370000000000001,84.43958333333333,4.0,2
UKP_0023,2023-05-25,4.00059,8.54017,0.4684438365981005,7.664583333333333,11.45,3.63,7.819999999999999,90.15541666666668,3.6,2
UKP_0023,2023-05-26,5.59013,8.91535,0.6270230557409412,8.37875,12.88,4.05,8.830000000000002,75.29083333333334,3.047916666666667,2
UKP_0023,2023-05-27,5.663729999999999,8.600520000000001,0.6585334375130805,8.060416666666667,14.48,3.66,10.82,66.68291666666667,2.584583333333333,2
UKP_0023,2023-05-28,6.58613,9.28446,0.7093713581619178,10.55125,15.8,4.54,11.260000000000002,57.9575,2.6654166666666668,2
UKP_0023,2023-05-29,4.385149999999999,8.72606,0.5025349355837571,10.00875,14.82,4.78,10.04,79.98791666666666,2.86,2
UKP_0023,2023-05-30,4.965229999999999,8.726690000000001,0.568970594807424,10.20625,16.21,5.37,10.84,72.52916666666667,3.09375,2
UKP_0023,2023-05-31,2.36958,8.37194,0.2830383399785474,8.702916666666667,13.0,4.36,8.64,83.82708333333333,4.177083333333333,2
UKP_0023,2023-06-01,4.9274700000000005,8.8651,0.5558279094426459,9.304166666666667,14.83,5.01,9.82,77.51,3.598333333333333,2
UKP_0023,2023-06-02,3.44544,8.84574,0.3895027436935745,8.1925,13.49,3.82,9.67,69.02416666666666,2.71125,2
UKP_0023,2023-06-03,5.74092,8.9511,0.6413647484666689,9.724583333333332,15.18,4.4,10.78,64.05958333333334,2.8941666666666666,2
UKP_0023,2023-06-04,7.06819,9.0337,0.7824246986284688,12.2725,18.43,5.61,12.82,55.71416666666667,2.427083333333333,2
UKP_0023,2023-06-05,3.37146,8.761470000000001,0.3848052895233333,11.029166666666669,15.69,6.29,9.4,70.39833333333333,3.76375,2
UKP_0023,2023-06-06,4.61097,8.87757,0.5193955102578746,10.463333333333331,15.46,5.81,9.650000000000002,65.03375,2.708333333333333,2
UKP_0023,2023-06-07,6.31528,8.97472,0.7036743207587535,11.239583333333334,16.84,6.75,10.09,59.8,2.7229166666666664,2
UKP_0023,2023-06-08,6.06629,8.85669,0.6849387299318368,11.7575,16.54,7.56,8.98,61.70166666666666,3.0525,2
UKP_0023,2023-06-09,5.668810000000001,8.60978,0.6584151976008679,11.73125,16.18,7.56,8.620000000000001,69.64458333333333,2.442916666666666,2
UKP_0023,2023-06-10,6.1269800000000005,8.563649999999999,0.7154636165653665,12.581666666666663,17.51,8.04,9.470000000000002,71.95958333333333,3.7458333333333336,2
UKP_0023,2023-06-11,5.01571,8.71082,0.575802278086334,13.407083333333333,19.25,8.39,10.86,71.86541666666666,2.587083333333333,2
UKP_0023,2023-06-12,5.77806,8.711799999999998,0.6632452535641316,13.842083333333331,19.11,9.86,9.25,71.17416666666666,2.9433333333333334,2
UKP_0023,2023-06-13,7.222090000000001,8.71453,0.8287411943042253,14.549166666666666,20.14,9.41,10.73,67.95541666666666,3.4333333333333336,2
UKP_0023,2023-06-14,6.41879,8.81661,0.7280337907653848,13.86625,19.58,8.56,11.019999999999998,66.23666666666666,3.404166666666667,2
UKP_0023,2023-06-15,4.35672,8.83891,0.4929024053870895,13.0175,17.56,8.13,9.429999999999998,69.52666666666667,3.3191666666666664,2
UKP_0023,2023-06-16,7.26505,9.01913,0.8055156095987087,13.58625,19.43,7.87,11.56,69.405,3.34125,2
UKP_0023,2023-06-17,6.72914,8.96486,0.7506129487800144,14.292916666666668,20.43,8.28,12.15,62.56708333333333,2.845833333333333,2
UKP_0023,2023-06-18,2.86035,8.651299999999999,0.3306266110295562,14.761666666666668,20.25,9.48,10.77,68.365,2.5691666666666664,2
UKP_0023,2023-06-19,5.168279999999999,8.63398,0.5985976339996154,14.2575,19.43,9.63,9.8,77.10541666666667,3.32375,2
UKP_0023,2023-06-20,5.41826,8.69441,0.6231889225375845,14.495833333333332,19.07,10.76,8.31,77.34416666666667,2.8120833333333333,2
UKP_0023,2023-06-21,6.87997,8.76646,0.784805953600427,14.768333333333333,19.64,10.98,8.66,80.03708333333334,2.3520833333333333,2
UKP_0023,2023-06-22,6.11167,8.54008,0.7156455208850503,15.842916666666667,20.29,12.54,7.75,82.615,1.9808333333333328,2
UKP_0023,2023-06-23,6.05867,8.39522,0.7216809088981587,15.392083333333334,19.29,12.04,7.25,82.25083333333333,1.995,2
UKP_0023,2023-06-24,5.15949,8.20818,0.6285790516289846,16.48875,21.92,12.62,9.300000000000002,82.44958333333334,2.6575,2
UKP_0023,2023-06-25,1.44997,8.07119,0.1796476108231871,12.645833333333334,15.18,8.37,6.8100000000000005,92.79041666666669,1.8954166666666667,2
UKP_0023,2023-06-26,3.90966,8.32654,0.4695419706144448,13.570416666666668,17.87,9.77,8.100000000000001,79.42999999999999,1.8516666666666663,2
UKP_0023,2023-06-27,4.8314900000000005,8.54683,0.5652961390363446,13.894166666666663,17.85,9.81,8.040000000000001,80.96374999999999,2.1720833333333336,2
UKP_0023,2023-06-28,4.75517,8.556700000000001,0.5557247537017774,14.505833333333332,18.46,10.71,7.75,84.37208333333334,3.0083333333333333,2
UKP_0023,2023-06-29,4.7668800000000005,8.64191,0.5516002828078516,14.350833333333334,18.3,11.01,7.290000000000001,86.11375,3.1508333333333334,2
UKP_0023,2023-06-30,3.86127,8.73432,0.4420802077322562,13.71375,17.47,10.77,6.699999999999999,84.61625,1.6325,2
UKP_0023,2023-07-01,4.97141,8.79707,0.5651211141891561,14.095416666666669,18.11,10.54,7.57,85.62916666666666,2.158333333333333,2
UKP_0023,2023-07-02,4.43168,8.96656,0.4942452847022716,15.112916666666663,19.67,11.26,8.410000000000002,82.36583333333333,2.69375,2
UKP_0023,2023-07-03,5.947850000000001,8.72118,0.6820006008361255,15.350416666666668,19.54,11.58,7.959999999999999,83.48083333333334,3.045,2
UKP_0023,2023-07-04,4.07308,8.553270000000001,0.4762014995434494,14.547083333333331,19.31,10.86,8.45,84.08833333333332,2.575416666666667,2
UKP_0023,2023-07-05,3.4970700000000003,8.555209999999999,0.4087649514155702,12.755416666666669,17.33,9.01,8.319999999999999,88.70708333333333,1.9108333333333332,2
UKP_0023,2023-07-06,2.78308,8.41375,0.3307775961967018,12.91375,15.96,10.17,5.790000000000001,87.63708333333334,2.043333333333333,2
UKP_0023,2023-07-07,2.89026,8.2501,0.3503302990266785,12.341666666666669,14.41,10.5,3.91,91.92666666666666,1.8983333333333332,2
UKP_0023,2023-07-08,2.88479,8.29067,0.3479561965438257,12.752916666666666,15.33,9.72,5.609999999999999,93.03041666666668,2.19375,2
UKP_0023,2023-07-09,2.15395,8.261940000000001,0.2607075335817011,13.8325,17.14,10.85,6.290000000000001,90.6,2.60625,2
UKP_0023,2023-07-10,3.68787,8.2944,0.4446216724537037,14.15,18.13,10.75,7.379999999999999,87.95333333333333,2.6445833333333333,2
UKP_0023,2023-07-11,1.7088299999999998,8.17663,0.2089895225783727,14.65,18.36,11.19,7.17,87.70791666666666,1.8766666666666667,2
UKP_0023,2023-07-12,2.99709,8.408610000000001,0.3564310867075533,14.238333333333337,16.42,11.83,4.590000000000002,94.31833333333331,2.9575,2
UKP_0023,2023-07-13,1.9561,8.215819999999999,0.2380894420763843,14.064166666666663,16.81,11.13,5.679999999999998,94.71916666666668,2.5245833333333336,2
UKP_0023,2023-07-14,5.821890000000001,8.41685,0.6916946363544557,13.852083333333333,16.52,11.31,5.209999999999999,91.93291666666666,1.76375,2
UKP_0023,2023-07-15,4.378010000000001,8.22872,0.5320402201071371,14.640833333333331,18.69,11.74,6.950000000000001,90.30916666666668,2.782083333333333,2
UKP_0023,2023-07-16,6.24162,8.41664,0.7415809634248347,15.114166666666668,18.55,11.54,7.010000000000002,90.35416666666669,2.6675,2
UKP_0023,2023-07-17,6.35704,8.23123,0.7723074194257723,14.708333333333334,17.75,12.09,5.66,92.53,2.3604166666666666,2
UKP_0023,2023-07-18,4.07319,8.40143,0.4848210364188002,14.082916666666668,17.04,11.95,5.09,94.13,2.1045833333333333,2
UKP_0023,2023-07-19,3.85692,8.10404,0.4759255877315512,13.955,17.25,11.62,5.630000000000001,90.94833333333332,1.84375,2
UKP_0023,2023-07-20,5.55242,8.40139,0.6608930188933022,14.918333333333337,18.36,12.19,6.17,90.8575,2.5125,2
UKP_0023,2023-07-21,5.27353,8.20666,0.64259150494842,15.205,18.2,11.9,6.299999999999999,91.77166666666666,2.87125,2
UKP_0023,2023-07-22,4.09775,7.938,0.5162194507432603,14.040416666666667,17.36,10.8,6.559999999999999,92.75833333333333,2.858333333333333,2
UKP_0023,2023-07-23,5.01706,8.222520000000001,0.610160875254788,14.05375,17.13,11.28,5.85,92.52208333333334,2.5900000000000003,2
UKP_0023,2023-07-24,6.09807,8.3059,0.7341853381331344,13.61625,15.95,11.34,4.609999999999999,94.05041666666666,2.6437500000000003,2
UKP_0023,2023-07-25,5.21379,8.06444,0.6465160631116359,14.364583333333334,17.41,11.01,6.4,93.40791666666668,3.112083333333333,2
UKP_0023,2023-07-26,2.67772,7.99226,0.3350391503779907,14.114166666666668,17.0,11.06,5.94,92.92541666666666,2.9125,2
UKP_0023,2023-07-27,4.83838,8.19754,0.5902234084859604,14.18,16.97,11.32,5.649999999999999,90.02041666666666,2.3666666666666667,2
UKP_0023,2023-07-28,4.38524,8.09359,0.5418164250968975,13.39625,16.85,9.99,6.860000000000001,91.56583333333332,2.4254166666666666,2
UKP_0023,2023-07-29,3.1738000000000004,7.997409999999999,0.3968534813145756,13.19875,15.71,10.78,4.9300000000000015,90.87416666666668,1.5795833333333331,2
UKP_0023,2023-07-30,4.209020000000001,8.06186,0.5220904357059042,14.338333333333331,17.5,11.12,6.380000000000001,92.1675,3.31,2
UKP_0023,2023-07-31,5.50606,8.285620000000002,0.6645320446749909,15.034583333333332,18.19,11.96,6.23,89.17166666666667,2.27,2
UKP_0023,2023-08-01,5.65854,8.24485,0.6863120614686745,15.526666666666666,18.67,12.56,6.110000000000001,91.04125,2.56125,2
UKP_0023,2023-08-02,2.79153,8.20143,0.3403711304004301,15.131666666666668,18.13,11.99,6.139999999999999,92.67458333333332,3.464166666666667,2
UKP_0023,2023-08-03,5.29889,8.19121,0.6468995423142613,14.78875,17.27,12.63,4.639999999999999,92.9625,2.669166666666667,2
UKP_0023,2023-08-04,4.03005,8.12931,0.4957431811555962,13.550416666666669,16.37,11.41,4.960000000000001,96.66041666666666,2.611666666666667,2
UKP_0023,2023-08-05,4.61028,7.981829999999999,0.5775968668839101,14.66125,17.62,11.67,5.950000000000001,93.23958333333331,2.85875,2
UKP_0023,2023-08-06,4.6802,7.94576,0.589018545740118,15.114583333333334,18.45,11.65,6.799999999999999,91.40583333333332,2.9658333333333338,2
UKP_0023,2023-08-07,5.09838,8.16882,0.6241268628761558,14.898333333333332,18.16,12.05,6.109999999999999,91.67875,3.135,2
UKP_0023,2023-08-08,4.95119,8.18965,0.6045667397263619,15.402916666666668,18.89,12.16,6.73,91.66958333333334,2.83,2
UKP_0023,2023-08-09,3.10931,7.961060000000001,0.3905648242821935,14.794583333333334,17.72,12.06,5.659999999999998,91.50166666666668,2.7929166666666667,2
UKP_0023,2023-08-10,4.03214,7.92228,0.5089620664758125,13.53,15.82,11.32,4.5,94.07125,1.930416666666667,2
UKP_0023,2023-08-11,4.86218,7.88998,0.6162474429592978,14.9125,18.45,11.77,6.68,91.58041666666666,2.5391666666666666,2
UKP_0023,2023-08-12,4.731529999999999,7.90117,0.5988391592637545,14.852916666666667,17.51,12.48,5.030000000000001,94.62291666666664,2.7770833333333336,2
UKP_0023,2023-08-13,4.06967,8.01395,0.507823233237043,15.022916666666667,18.46,10.66,7.800000000000001,93.61166666666666,3.1016666666666666,2
UKP_0023,2023-08-14,2.90714,7.66695,0.3791781608071006,12.856666666666667,16.11,10.62,5.49,89.83791666666667,1.8670833333333332,2
UKP_0023,2023-08-15,4.38348,7.97335,0.549766409351151,14.035833333333334,17.27,10.82,6.449999999999999,92.05416666666667,2.8312500000000003,2
UKP_0023,2023-08-16,6.402010000000001,7.80112,0.8206526755132597,14.270416666666668,17.43,11.41,6.02,91.74833333333332,2.1845833333333333,2
UKP_0023,2023-08-17,6.60875,7.9887,0.8272622579393393,14.67625,17.92,11.79,6.130000000000003,91.48333333333332,2.61125,2
UKP_0023,2023-08-18,4.34445,7.96304,0.5455768148847676,14.262916666666667,17.49,11.88,5.609999999999998,92.93375,2.333333333333333,2
UKP_0023,2023-08-19,5.779109999999999,7.80757,0.7401931714989426,14.628749999999998,17.6,12.02,5.580000000000002,93.06916666666666,2.08,2
UKP_0023,2023-08-20,5.18987,7.78665,0.6665087039997946,15.35,18.11,12.52,5.59,93.12458333333332,2.3058333333333336,2
UKP_0023,2023-08-21,4.1575,7.722659999999999,0.5383507755099927,15.404166666666669,18.91,12.89,6.02,92.72083333333336,2.46375,2
UKP_0023,2023-08-22,4.40494,7.568599999999999,0.5820019554475069,15.193333333333332,18.37,12.96,5.41,93.78208333333332,2.6591666666666667,2
UKP_0023,2023-08-23,2.46146,7.509930000000001,0.3277607114846609,13.230833333333337,15.81,11.39,4.42,97.49958333333332,2.0820833333333333,2
UKP_0023,2023-08-24,5.17696,7.53885,0.6867042055485917,13.898333333333332,17.66,10.23,7.43,92.5625,2.44125,2
UKP_0023,2023-08-25,5.12112,7.75765,0.6601380572724987,13.31125,17.4,9.74,7.659999999999998,88.13791666666667,2.2416666666666667,2
UKP_0023,2023-08-26,5.96154,7.94005,0.7508189495028369,12.563333333333333,16.69,9.24,7.450000000000001,87.73791666666666,2.3075,2
UKP_0023,2023-08-27,5.71135,7.786099999999999,0.7335315498131285,12.392916666666666,16.32,9.18,7.140000000000001,89.01291666666667,2.3808333333333334,2
UKP_0023,2023-08-28,5.26535,7.8268,0.6727334287320488,11.789583333333333,16.09,8.24,7.85,87.21249999999999,2.0225,2
UKP_0023,2023-08-29,6.942609999999999,7.88046,0.8809904497960778,12.504583333333334,16.5,8.54,7.960000000000001,85.33166666666666,2.018333333333333,2
UKP_0023,2023-08-30,6.859,7.819990000000001,0.8771110960499948,13.87625,17.51,9.37,8.140000000000002,86.44875,2.365416666666667,2
UKP_0023,2023-08-31,6.3035,7.63641,0.8254533216524519,14.625416666666666,18.29,11.6,6.69,90.79541666666668,2.3054166666666664,2
UKP_0023,2023-09-01,6.37955,7.47705,0.8532175122541644,14.696666666666667,18.55,11.63,6.92,83.37083333333334,2.20125,2
UKP_0023,2023-09-02,6.69145,7.5783,0.8829750735653114,14.493333333333332,18.63,10.57,8.059999999999999,87.49833333333333,1.9,2
UKP_0023,2023-09-03,6.18711,7.48672,0.8264112989399897,13.469583333333333,17.68,8.98,8.7,86.8075,2.0395833333333333,2
UKP_0023,2023-09-04,6.09449,7.660400000000001,0.7955837815257687,12.822916666666666,17.05,8.86,8.190000000000001,84.005,2.0454166666666667,2
UKP_0023,2023-09-05,4.47505,7.55157,0.5925986251865507,12.552916666666668,16.53,8.99,7.540000000000001,86.81166666666667,2.3820833333333336,2
UKP_0023,2023-09-06,3.47885,7.43657,0.4678030328498219,12.584583333333333,16.14,9.04,7.100000000000001,88.25916666666666,2.7325,2
UKP_0023,2023-09-07,6.69682,7.44182,0.8998900806523136,12.895,17.38,8.74,8.639999999999999,84.29291666666667,2.25125,2
UKP_0023,2023-09-08,3.63737,7.20791,0.5046358791938301,12.167916666666663,15.23,9.05,6.18,89.98375,1.4316666666666666,2
UKP_0023,2023-09-09,1.97739,7.22773,0.2735838223065887,12.45125,15.48,10.18,5.300000000000001,92.23958333333331,2.2358333333333333,2
UKP_0023,2023-09-10,0.8956500000000001,7.14821,0.1252971023514978,12.55625,15.74,9.51,6.23,90.965,2.0083333333333333,2
UKP_0023,2023-09-11,4.93178,7.25796,0.6794994736813099,13.467916666666667,17.79,9.91,7.879999999999999,86.64166666666667,2.19,2
UKP_0023,2023-09-12,5.80144,7.1688,0.8092623591117063,14.755833333333332,19.35,9.86,9.490000000000002,86.85666666666667,2.120416666666667,2
UKP_0023,2023-09-13,5.4320200000000005,7.09573,0.7655336378357126,15.20375,19.4,11.27,8.129999999999999,89.41833333333334,2.615416666666667,2
UKP_0023,2023-09-14,5.09588,6.93974,0.7343041670149026,13.637916666666667,15.81,10.83,4.98,96.04208333333334,2.0308333333333333,2
UKP_0023,2023-09-15,4.32107,6.845140000000001,0.6312610114621467,13.1775,16.13,10.1,6.029999999999999,92.26833333333332,1.725833333333333,2
UKP_0023,2023-09-16,3.96836,6.96748,0.5695545591806507,12.306666666666668,15.45,9.84,5.609999999999999,86.27625,1.3495833333333334,2
UKP_0023,2023-09-17,3.68907,6.86679,0.5372335545429524,11.719583333333333,14.46,8.92,5.540000000000001,90.50041666666668,1.3654166666666667,2
UKP_0023,2023-09-18,4.71629,6.83033,0.6904922602568251,12.459166666666668,16.51,8.84,7.670000000000002,88.10625,1.6345833333333333,2
UKP_0023,2023-09-19,5.8258600000000005,6.91302,0.8427373275355778,12.645,16.7,9.36,7.34,89.93916666666667,1.9783333333333333,2
UKP_0023,2023-09-20,5.20817,6.97579,0.7466064775459124,12.724166666666669,16.9,8.31,8.589999999999998,88.75875,2.285416666666667,2
UKP_0023,2023-09-21,5.3887,7.03058,0.7664659245752129,12.039166666666668,17.03,7.81,9.220000000000002,78.80166666666666,1.914583333333333,2
UKP_0023,2023-09-22,5.0726700000000005,7.02438,0.7221519906383198,11.5075,16.27,7.63,8.64,79.37541666666667,1.7516666666666667,2
UKP_0023,2023-09-23,4.78103,6.74149,0.7091948515832552,11.799166666666666,16.93,7.74,9.19,77.75583333333334,1.84125,2
UKP_0023,2023-09-24,5.94083,6.865819999999999,0.865276106859778,10.910833333333334,16.28,5.91,10.37,71.99958333333333,1.7837500000000002,2
UKP_0023,2023-09-25,6.08132,6.93641,0.8767244150792701,10.582083333333332,16.67,5.73,10.94,57.31791666666666,2.01375,2
UKP_0023,2023-09-26,5.88765,7.00278,0.8407589557290105,10.781666666666666,16.6,5.73,10.87,62.69791666666666,1.9458333333333333,2
UKP_0023,2023-09-27,6.007980000000001,6.964150000000001,0.8627011193038634,10.661666666666669,16.73,5.43,11.3,63.4975,2.1166666666666667,2
UKP_0023,2023-09-28,5.90993,6.906890000000001,0.8556571771086552,10.647916666666667,16.6,5.73,10.87,54.57083333333333,1.905,2
UKP_0023,2023-09-29,6.05523,6.78572,0.8923489327587933,11.121666666666668,17.1,6.12,10.98,58.31666666666666,1.90625,2
UKP_0023,2023-09-30,5.77913,6.6702200000000005,0.8664077046933985,11.265416666666669,17.08,6.5,10.579999999999998,73.88583333333334,2.1308333333333334,2
UKP_0023,2023-10-01,4.58562,6.68842,0.6856058680525445,11.00875,16.64,6.67,9.97,68.09041666666667,1.78875,2
UKP_0023,2023-10-02,3.61098,6.55491,0.5508817054696403,11.118333333333332,17.31,6.2,11.11,71.82625,1.9895833333333333,2
UKP_0023,2023-10-03,5.29409,6.56928,0.8058858809489016,10.8825,16.61,6.53,10.079999999999998,72.48916666666666,1.9016666666666664,2
UKP_0023,2023-10-04,5.62192,6.61173,0.8502948547505722,10.674166666666666,16.65,6.82,9.829999999999998,66.10708333333334,2.066666666666667,2
UKP_0023,2023-10-05,5.84797,6.62869,0.8822210723385767,11.189583333333331,17.37,6.6,10.77,62.51416666666666,2.14875,2
UKP_0023,2023-10-06,5.89817,6.58499,0.8956991582371425,11.65375,17.96,7.45,10.510000000000002,63.178333333333335,2.1825,2
UKP_0023,2023-10-07,4.42624,6.46913,0.6842094686611646,11.170416666666666,17.28,7.34,9.94,56.60583333333333,2.31,2
UKP_0023,2023-10-08,5.23541,6.443890000000001,0.8124611065676167,11.037083333333332,17.43,7.14,10.29,46.32916666666667,2.388333333333333,2
UKP_0023,2023-10-09,5.6174,6.44031,0.8722250947547555,10.185416666666669,16.69,4.91,11.78,39.265,1.7825,2
UKP_0023,2023-10-10,4.40455,6.15746,0.7153193037388794,7.9316666666666675,13.56,3.95,9.61,54.11375,2.209583333333333,2
UKP_0023,2023-10-11,5.6030500000000005,6.328390000000001,0.8853831701269991,9.335,15.9,3.8,12.1,48.05458333333333,2.0654166666666667,2
UKP_0023,2023-10-12,5.24722,6.23079,0.8421436126077112,9.765,16.42,5.03,11.39,56.775,2.347916666666667,2
UKP_0023,2023-10-13,4.71608,6.28236,0.7506860479182982,9.182083333333331,15.34,4.13,11.21,59.45458333333334,2.14125,2
UKP_0023,2023-10-14,4.39752,6.0686,0.7246350064265235,8.179583333333333,14.27,3.63,10.64,59.43666666666667,2.111666666666667,2
UKP_0023,2023-10-15,2.98092,5.59553,0.532732377451287,6.633333333333334,12.87,1.9,10.97,62.44125,2.177083333333333,2
UKP_0023,2023-10-16,1.24904,5.6437,0.2213158034622676,5.506666666666667,11.34,0.78,10.56,74.17916666666666,2.00625,2
UKP_0023,2023-10-17,2.87029,5.48345,0.5234460057080852,3.78375,8.46,-0.09,8.55,71.86125,1.7254166666666666,2
UKP_0023,2023-10-18,3.78893,5.949199999999999,0.6368805889867545,4.21375,10.14,0.15,9.99,63.47208333333333,2.089583333333333,2
UKP_0023,2023-10-19,4.3635,5.98086,0.7295773517520893,4.258333333333334,10.71,-0.52,11.23,62.19291666666667,2.1958333333333333,2
UKP_0023,2023-10-20,4.529769999999999,5.92875,0.7640345772717688,4.8,10.97,-0.56,11.53,67.33291666666666,2.26,2
UKP_0023,2023-10-21,4.84159,5.90844,0.8194362640561638,5.12,11.36,0.64,10.72,69.89416666666666,2.0170833333333333,2
UKP_0023,2023-10-22,3.4151700000000003,5.62804,0.6068133844109139,4.805833333333333,11.7,0.5,11.2,67.13125000000001,2.119166666666666,2
UKP_0023,2023-10-23,2.99456,5.58995,0.5357042549575577,3.999166666666667,9.79,-0.31,10.1,67.59708333333333,2.3295833333333333,2
UKP_0023,2023-10-24,3.98649,5.67407,0.7025803347508932,4.695833333333334,11.33,-0.25,11.58,56.97083333333333,2.1708333333333334,2
UKP_0023,2023-10-25,3.73417,5.6226,0.6641358090563084,5.121666666666667,10.71,1.21,9.5,70.29291666666667,2.0925,2
UKP_0023,2023-10-26,4.5963400000000005,5.62417,0.8172477005495923,5.8808333333333325,11.76,2.0,9.76,66.88250000000001,2.3429166666666665,2
UKP_0023,2023-10-27,4.806010000000001,5.47878,0.8772044141213922,6.6258333333333335,12.95,1.69,11.26,60.73708333333334,2.310833333333333,2
UKP_0023,2023-10-28,4.6054,5.56982,0.8268489825523986,7.410416666666666,12.7,4.07,8.629999999999999,68.81458333333333,1.9229166666666664,2
UKP_0023,2023-10-29,3.64981,5.35765,0.6812333765736844,5.7683333333333335,10.45,2.26,8.19,66.92916666666666,1.8125,2
UKP_0023,2023-10-30,4.32559,5.32984,0.8115797097098599,6.132916666666667,12.63,2.02,10.61,63.84291666666667,2.012083333333333,2
UKP_0023,2023-10-31,4.61537,5.428649999999999,0.850187431497702,6.110833333333333,12.31,1.87,10.44,64.00208333333333,1.819583333333333,2
UKP_0023,2023-11-01,4.65506,5.29169,0.8796924989937052,6.189166666666666,13.09,1.45,11.64,49.923750000000005,1.9441666666666664,2
UKP_0023,2023-11-02,4.43313,5.32135,0.8330837099608183,5.34375,12.1,1.31,10.79,53.22666666666667,2.0104166666666665,2
UKP_0023,2023-11-03,3.00293,5.25143,0.571830910818577,3.8329166666666654,9.99,-0.3,10.29,66.10166666666667,2.1095833333333336,2
UKP_0023,2023-11-04,4.26997,5.25842,0.8120252851617025,4.360833333333333,10.29,-0.12,10.409999999999998,59.4275,1.8758333333333328,2
UKP_0023,2023-11-05,4.64399,5.25059,0.8844701262143873,5.214166666666666,11.97,0.36,11.61,63.0625,1.8604166666666664,2
UKP_0023,2023-11-06,4.22791,5.0244,0.8414755990765066,4.464583333333334,10.88,0.07,10.81,65.86958333333334,2.0308333333333333,2
UKP_0023,2023-11-07,4.164269999999999,5.0343800000000005,0.8271664038074199,4.678333333333334,11.42,-0.22,11.64,58.904583333333335,2.0025,2
UKP_0023,2023-11-08,3.31635,4.95195,0.6697058734437948,4.12125,10.98,-0.01,10.99,55.34875,2.1966666666666668,2
UKP_0023,2023-11-09,3.8101,5.022939999999999,0.7585398193090104,3.7595833333333335,10.07,-0.29,10.36,60.43666666666667,1.8458333333333328,2
UKP_0023,2023-11-10,2.89741,4.68154,0.6189010453825023,2.64,8.93,-0.67,9.6,73.11375,1.9845833333333331,2
UKP_0023,2023-11-11,2.35714,4.63583,0.5084612679930023,2.802083333333333,7.27,-0.32,7.59,68.00958333333334,1.8729166666666668,2
UKP_0023,2023-11-12,4.04539,4.94695,0.8177543739071549,5.577916666666667,12.44,0.88,11.56,56.21416666666667,1.9325,2
UKP_0023,2023-11-13,3.86446,4.90678,0.7875755587167146,5.010416666666667,11.75,1.04,10.71,57.705000000000005,1.9141666666666663,2
UKP_0023,2023-11-14,3.97099,4.93243,0.8050778216822133,4.666666666666667,10.52,0.25,10.27,48.46541666666667,1.85875,2
UKP_0023,2023-11-15,4.27042,4.99906,0.854244597984421,4.652083333333334,12.22,-0.47,12.69,55.21791666666667,2.1016666666666666,2
UKP_0023,2023-11-16,4.29092,4.808140000000001,0.8924282570807005,4.98625,11.62,0.56,11.06,55.22291666666666,2.0695833333333336,2
UKP_0023,2023-11-17,4.18842,4.61589,0.9073916406153524,5.2775,12.13,1.11,11.02,58.88833333333333,2.1275,2
UKP_0023,2023-11-18,4.22745,4.67452,0.9043602337780136,5.4975,12.04,1.61,10.43,46.44458333333333,1.9475,2
UKP_0023,2023-11-19,4.04814,4.55692,0.8883500258946833,5.3566666666666665,12.12,1.64,10.48,47.185833333333335,1.6370833333333332,2
UKP_0023,2023-11-20,4.04235,4.59695,0.8793547895887491,4.074583333333334,10.81,-1.36,12.17,45.10583333333333,1.9520833333333332,2
UKP_0023,2023-11-21,4.04069,4.45626,0.9067446692966746,3.9141666666666666,10.99,-2.28,13.27,37.67958333333333,2.2975,2
UKP_0023,2023-11-22,4.242310000000001,4.66158,0.9100583922189474,5.608333333333333,13.77,-1.05,14.82,42.7775,1.73625,2
UKP_0023,2023-11-23,4.12316,4.55196,0.9057988207277744,3.8125,10.61,-0.96,11.57,65.16333333333334,1.8245833333333328,2
UKP_0023,2023-11-24,3.94034,4.60281,0.8560727034137842,2.975,9.39,-1.67,11.06,50.49541666666667,2.1175,2
UKP_0023,2023-11-25,4.00273,4.50889,0.8877417723652605,3.8575,11.28,-2.69,13.97,44.30666666666667,2.374166666666667,2
UKP_0023,2023-11-26,3.29448,4.33808,0.7594327444399366,5.634166666666666,11.31,1.58,9.73,40.87791666666666,1.5991666666666668,2
UKP_0023,2023-11-27,1.4281400000000002,3.86556,0.3694522915179172,3.1420833333333333,7.72,0.53,7.19,63.97916666666666,1.8025,2
UKP_0023,2023-11-28,2.14363,4.30667,0.4977465187720442,1.9470833333333333,7.42,-1.05,8.47,63.98208333333333,2.0116666666666667,2
UKP_0023,2023-11-29,2.95058,4.08441,0.7224005425508213,2.47625,8.76,-1.22,9.98,61.4775,1.9595833333333332,2
UKP_0023,2023-11-30,2.10758,3.66388,0.5752317215629332,1.5525,7.7,-2.0,9.7,72.68041666666666,2.0591666666666666,2
UKP_0023,2023-12-01,3.11857,4.17631,0.7467285713943649,1.5391666666666666,7.07,-2.09,9.16,63.97166666666666,1.66375,2
UKP_0023,2023-12-02,3.51283,4.24928,0.8266882860155133,1.2729166666666667,7.28,-3.7,10.98,50.43416666666667,2.1025,2
UKP_0023,2023-12-03,3.86642,4.323189999999999,0.894344222668909,2.0245833333333336,8.46,-4.37,12.830000000000002,57.91416666666667,2.056666666666666,2
UKP_0023,2023-12-04,2.40553,4.06106,0.5923404234362457,0.5795833333333333,6.45,-3.39,9.84,72.07208333333334,1.81375,2
UKP_0023,2023-12-05,3.18754,4.29559,0.7420494041563557,0.94875,6.83,-3.37,10.2,74.40291666666667,1.6483333333333334,2
UKP_0023,2023-12-06,3.63145,4.41079,0.8233105634138103,1.5045833333333334,8.49,-2.98,11.47,47.26625000000001,2.12875,2
UKP_0023,2023-12-07,3.74775,4.32197,0.8671392906475518,1.5854166666666665,8.69,-3.58,12.27,55.61666666666667,2.0375,2
UKP_0023,2023-12-08,3.90291,4.42422,0.8821690603089358,1.60875,8.64,-3.86,12.5,53.772083333333335,1.63,2
UKP_0023,2023-12-09,3.74201,4.398029999999999,0.8508377614522867,0.3695833333333334,6.95,-4.3,11.25,36.751666666666665,2.058333333333333,2
UKP_0023,2023-12-10,3.94583,4.49223,0.878367759442415,1.9125,8.55,-3.0,11.55,26.064166666666665,1.7795833333333333,2
UKP_0023,2023-12-11,3.01759,4.26602,0.7073548647216844,-0.4595833333333333,5.84,-5.35,11.19,44.3575,1.4145833333333335,2
UKP_0023,2023-12-12,1.91179,4.15469,0.4601522616609181,-2.910833333333333,3.04,-6.86,9.9,64.17166666666667,1.9516666666666664,2
UKP_0023,2023-12-13,3.58373,4.33251,0.8271717780224397,-0.7816666666666666,5.71,-7.08,12.79,38.935,2.1666666666666665,2
UKP_0023,2023-12-14,3.72929,4.23798,0.8799687587010792,3.702083333333333,10.58,-2.03,12.61,24.73708333333333,1.8145833333333328,2
UKP_0023,2023-12-15,3.31575,4.27306,0.7759661694429753,3.8791666666666655,11.03,-0.66,11.69,21.797916666666666,1.3075,2
UKP_0023,2023-12-16,3.47993,4.39987,0.7909165498071534,0.5954166666666666,8.4,-5.6,14.0,22.99291666666667,1.669166666666667,2
UKP_0023,2023-12-17,3.72222,4.2847100000000005,0.8687215704213354,-2.0854166666666667,4.27,-6.43,10.7,30.012083333333333,1.7520833333333332,2
UKP_0023,2023-12-18,3.9754,4.42855,0.8976753113321515,-1.367916666666667,5.49,-7.17,12.66,24.516666666666666,2.1904166666666667,2
UKP_0023,2023-12-19,4.05537,4.41158,0.9192556861713944,2.4620833333333336,10.42,-7.6,18.02,18.5325,2.2279166666666668,2
UKP_0023,2023-12-20,3.84358,4.28128,0.8977642200463413,5.908333333333334,14.41,-0.22,14.63,18.58875,2.255,2
UKP_0023,2023-12-21,3.82108,4.291,0.8904870659519925,6.167083333333333,13.24,2.35,10.89,16.50125,1.7375,2
UKP_0023,2023-12-22,3.61417,4.15792,0.8692254781236772,5.689166666666666,12.86,2.0,10.86,25.20833333333333,1.5679166666666668,2
UKP_0023,2023-12-23,3.00361,4.15845,0.7222907573735406,2.59875,9.07,-3.64,12.71,43.92291666666667,1.98875,2
UKP_0023,2023-12-24,3.76187,4.11251,0.9147382012444952,3.671666666666667,10.48,-4.7,15.18,33.17333333333333,2.25,2
UKP_0023,2023-12-25,3.92375,4.254809999999999,0.9221915902237704,4.1312500000000005,11.21,0.63,10.58,27.24,2.2758333333333334,2
UKP_0023,2023-12-26,3.25051,4.10834,0.7911979047498503,4.899166666666667,12.35,0.37,11.98,23.014166666666668,1.6987500000000002,2
UKP_0023,2023-12-27,3.86911,4.31897,0.8958409065124323,2.480833333333333,9.92,-2.11,12.03,24.480833333333333,2.450833333333333,2
UKP_0023,2023-12-28,3.97812,4.3817200000000005,0.907890052308226,3.0825,10.78,-2.98,13.76,23.340833333333336,1.8841666666666663,2
UKP_0023,2023-12-29,3.80945,4.22574,0.9014870768196814,2.165,8.58,-1.69,10.27,32.617916666666666,1.694583333333333,2
UKP_0023,2023-12-30,3.23109,4.12042,0.7841652064595357,1.4666666666666668,7.84,-2.53,10.37,39.73791666666667,1.4570833333333333,2
UKP_0023,2023-12-31,3.30415,4.17612,0.7912009233451146,0.5766666666666667,7.16,-3.62,10.78,40.312916666666666,1.8433333333333333,2
UKP_0023,2024-01-01,3.7458,4.4204,0.8473893765270112,-1.1654166666666668,6.33,-8.08,14.41,41.93875,2.242083333333333,2
UKP_0023,2024-01-02,3.904430000000001,4.37608,0.8922208917570064,-1.9004166666666664,5.79,-8.37,14.16,23.848333333333333,2.199583333333333,2
UKP_0023,2024-01-03,3.68158,4.21962,0.872490887805063,-1.7575,5.3,-6.27,11.57,23.180833333333336,2.01375,2
UKP_0023,2024-01-04,3.63693,4.14303,0.8778430279288348,-2.3866666666666667,4.98,-6.58,11.56,18.710416666666667,2.186666666666667,2
UKP_0023,2024-01-05,3.84404,4.34554,0.8845943196932948,-1.99875,5.34,-6.57,11.91,20.6625,2.0329166666666665,2
UKP_0023,2024-01-06,3.96321,4.487100000000001,0.8832453032025137,-2.195,5.32,-7.98,13.3,26.17375,2.2358333333333333,2
UKP_0023,2024-01-07,3.95426,4.44223,0.8901520182430896,-1.5891666666666666,5.14,-6.54,11.68,24.927916666666665,2.1308333333333334,2
UKP_0023,2024-01-08,4.05151,4.48681,0.9029822969994272,-0.62875,6.26,-5.23,11.49,24.95875,1.6587500000000002,2
UKP_0023,2024-01-09,3.82897,4.2061,0.910337367157224,-2.3125,4.57,-8.0,12.57,47.94791666666666,2.478333333333333,2
UKP_0023,2024-01-10,4.26545,4.64214,0.9188542353311188,0.1137499999999999,7.76,-8.22,15.98,22.98625,2.4891666666666667,2
UKP_0023,2024-01-11,4.13889,4.66182,0.8878270718303153,2.1245833333333333,9.42,-3.36,12.78,16.090833333333332,2.367083333333333,2
UKP_0023,2024-01-12,4.05343,4.51911,0.8969531611312845,4.659583333333333,11.73,-1.59,13.32,16.465,2.33625,2
UKP_0023,2024-01-13,3.3569,4.56084,0.7360266968365476,3.223333333333333,9.21,-3.19,12.4,18.097916666666663,1.350833333333333,2
UKP_0023,2024-01-14,4.054799999999999,4.45838,0.9094783306941084,2.0975,9.58,-3.35,12.93,15.617083333333332,1.9904166666666667,2
UKP_0023,2024-01-15,3.93545,4.302989999999999,0.9145849746339174,0.6525,7.64,-3.52,11.16,28.48583333333333,2.14625,2
UKP_0023,2024-01-16,3.08163,4.13562,0.7451434125959348,-1.0975,5.62,-4.76,10.38,48.21333333333333,1.7708333333333333,2
UKP_0023,2024-01-17,2.56964,4.27946,0.6004589364078644,-2.864583333333333,3.31,-6.65,9.96,68.24583333333334,2.0079166666666666,2
UKP_0023,2024-01-18,3.36938,4.4176400000000005,0.7627104064613685,-2.5091666666666668,4.51,-7.41,11.92,62.59041666666667,2.29375,2
UKP_0023,2024-01-19,3.89493,4.75884,0.818462062183221,-1.6383333333333334,5.66,-7.77,13.43,45.32083333333333,1.9608333333333332,2
UKP_0023,2024-01-20,3.60238,4.58144,0.7862986309981143,-2.8395833333333336,3.59,-7.61,11.2,63.03625,2.1241666666666665,2
UKP_0023,2024-01-21,4.07962,4.75732,0.8575458451397006,-1.28,6.46,-8.44,14.9,28.405833333333334,2.1925,2
UKP_0023,2024-01-22,3.81523,4.78127,0.7979532634634731,-1.1816666666666666,6.99,-6.65,13.64,30.0475,1.7383333333333333,2
UKP_0023,2024-01-23,3.2547,4.58262,0.710226900768556,-2.6283333333333334,4.14,-7.17,11.31,52.08125,1.83625,2
UKP_0023,2024-01-24,2.6909,4.42893,0.607573386799972,-3.9033333333333338,1.8,-7.11,8.91,60.395,2.053333333333333,2
UKP_0023,2024-01-25,2.84505,4.5069,0.6312653930639686,-2.3404166666666666,3.85,-7.03,10.88,53.85999999999999,2.2304166666666667,2
UKP_0023,2024-01-26,2.32047,4.50606,0.5149665117641576,-3.5066666666666664,2.27,-8.08,10.35,61.04416666666666,2.6870833333333333,2
UKP_0023,2024-01-27,4.136550000000001,4.86888,0.8495896386848723,-0.635,7.06,-8.59,15.65,40.810833333333335,2.5066666666666664,2
UKP_0023,2024-01-28,3.8646,4.85182,0.7965258397879558,0.3825,7.36,-4.89,12.25,54.2875,1.9308333333333327,2
UKP_0023,2024-01-29,3.95013,4.6703,0.8457979144808685,-1.2241666666666666,5.57,-5.85,11.42,64.11333333333333,2.2883333333333336,2
UKP_0023,2024-01-30,4.17819,4.892720000000001,0.8539605781651105,-1.1645833333333333,5.94,-5.65,11.59,51.055,2.1533333333333333,2
UKP_0023,2024-01-31,2.22243,4.201,0.5290240418947869,-2.630416666666666,3.54,-6.03,9.57,76.65833333333333,2.066666666666667,2
UKP_0023,2024-02-01,1.7998899999999998,4.305350000000001,0.4180589266842416,-5.7025,-0.68,-10.37,9.69,87.86666666666667,2.643333333333333,2
UKP_0023,2024-02-02,3.70516,5.33273,0.6947960988086778,-4.305,1.43,-10.26,11.69,37.73333333333333,2.3208333333333333,2
UKP_0023,2024-02-03,3.65782,5.07834,0.7202786737398441,-1.211666666666667,5.12,-4.98,10.1,53.23083333333333,1.7620833333333332,2
UKP_0023,2024-02-04,3.7955,4.912100000000001,0.7726837808676533,-3.06625,1.69,-6.77,8.459999999999999,91.98083333333334,2.1875,2
UKP_0023,2024-02-05,3.19017,4.9177100000000005,0.6487104770309757,-5.241666666666666,0.24,-10.06,10.3,81.79458333333334,2.1391666666666667,2
UKP_0023,2024-02-06,3.41941,5.420059999999999,0.6308804699578973,-5.600416666666667,0.44,-10.21,10.65,61.89041666666666,1.8945833333333333,2
UKP_0023,2024-02-07,4.07503,5.51681,0.7386569412395931,-5.508333333333333,1.6,-13.8,15.4,49.10625,2.347916666666667,2
UKP_0023,2024-02-08,4.25638,5.73908,0.7416484872139786,-2.7758333333333334,6.07,-14.21,20.28,30.89875,2.783333333333333,2
UKP_0023,2024-02-09,4.42707,5.6572,0.7825549741921799,-2.04125,5.92,-7.42,13.34,38.88458333333333,2.4991666666666665,2
UKP_0023,2024-02-10,4.502140000000001,5.64834,0.797073122368696,-1.6091666666666669,5.39,-7.53,12.92,38.36125,2.1366666666666667,2
UKP_0023,2024-02-11,4.45985,5.57565,0.7998798346381141,-1.4016666666666666,5.66,-8.27,13.93,52.130833333333335,2.3075,2
UKP_0023,2024-02-12,4.24788,5.6622,0.7502172300519234,0.1679166666666667,6.42,-6.62,13.04,52.83708333333333,1.7420833333333332,2
UKP_0023,2024-02-13,3.55284,5.27993,0.6728952845965761,-1.22875,5.61,-8.52,14.13,53.682500000000005,2.432916666666667,2
UKP_0023,2024-02-14,4.0470500000000005,5.54254,0.7301796649189722,-0.9508333333333332,6.57,-9.09,15.66,46.81666666666666,2.47375,2
UKP_0023,2024-02-15,4.63135,5.7961800000000006,0.7990348815944294,1.6079166666666664,9.68,-7.19,16.87,41.7025,2.0775,2
UKP_0023,2024-02-16,4.67549,5.69074,0.8215961368820224,1.7391666666666667,8.64,-2.38,11.02,45.162083333333335,2.1775,2
UKP_0023,2024-02-17,3.88481,5.63078,0.6899239536973564,2.907916666666667,9.9,-1.2,11.1,42.87291666666667,2.07875,2
UKP_0023,2024-02-18,3.08952,5.24948,0.5885382933166713,1.7095833333333337,8.55,-1.88,10.43,60.7125,1.9708333333333328,2
UKP_0023,2024-02-19,2.21662,5.29774,0.4184086044237731,-0.7025,4.36,-4.15,8.510000000000002,79.62291666666667,3.552083333333333,2
UKP_0023,2024-02-20,2.40512,5.47413,0.4393611404917311,-1.86,3.16,-5.74,8.9,87.39541666666666,3.052083333333333,2
UKP_0023,2024-02-21,1.89453,5.323519999999999,0.3558791927145949,-3.8816666666666655,1.39,-9.08,10.47,75.62916666666666,2.9333333333333336,2
UKP_0023,2024-02-22,2.54851,5.46102,0.4666728926098055,-5.579583333333333,-1.3,-10.09,8.79,68.54875,2.467916666666667,2
UKP_0023,2024-02-23,3.93296,6.204599999999999,0.6338780904490218,-4.6025,2.31,-10.49,12.8,55.94541666666667,2.2566666666666664,2
UKP_0023,2024-02-24,2.36408,5.91743,0.3995112743201017,-5.798750000000001,-0.21,-10.9,10.69,65.22791666666667,2.98625,2
UKP_0023,2024-02-25,4.014740000000001,6.222090000000001,0.6452397827739554,-4.38625,1.76,-10.78,12.54,47.49958333333333,2.2645833333333334,2
UKP_0023,2024-02-26,3.8325,6.34056,0.6044418789507552,-1.0295833333333333,3.87,-9.47,13.34,42.52458333333333,1.747083333333333,2
UKP_0023,2024-02-27,1.92139,6.015689999999999,0.3193964449630882,-1.9075,1.36,-5.81,7.17,81.80708333333332,1.6704166666666669,2
UKP_0023,2024-02-28,4.271100000000001,6.40686,0.6666448150888268,1.1891666666666667,9.02,-5.72,14.739999999999998,55.50125,2.339166666666667,2
UKP_0023,2024-02-29,4.42801,6.44997,0.6865163713939755,2.557916666666667,9.23,-4.92,14.15,46.555416666666666,2.24375,2
UKP_0023,2024-03-01,2.22336,6.09638,0.3647016754204955,2.1666666666666665,7.02,-1.65,8.67,68.55624999999999,1.7066666666666668,2
UKP_0023,2024-03-02,1.2731100000000002,5.937429999999999,0.2144210542271657,-1.1329166666666668,1.48,-3.81,5.29,95.99208333333333,2.6925000000000003,2
UKP_0023,2024-03-03,2.0574,6.08488,0.3381167746939956,-0.9095833333333332,1.48,-3.92,5.4,95.53041666666668,4.610416666666667,2
UKP_0023,2024-03-04,3.99175,6.60671,0.604196339781828,-4.035416666666667,0.41,-9.09,9.5,76.49166666666666,2.134583333333333,2
UKP_0023,2024-03-05,4.0715,6.67588,0.6098821428785419,-1.9808333333333328,3.27,-8.42,11.69,51.17,1.5325,2
UKP_0023,2024-03-06,3.89147,6.70332,0.5805287529164653,-0.93,4.66,-5.63,10.29,67.37458333333333,2.0775,2
UKP_0023,2024-03-07,2.50433,6.70847,0.3733086679973227,-2.5429166666666667,3.5,-10.43,13.93,77.40583333333333,2.580833333333333,2
UKP_0023,2024-03-08,5.08012,6.97099,0.728751583347559,-2.3475,5.11,-11.24,16.35,55.74125,2.060416666666667,2
UKP_0023,2024-03-09,5.02946,7.0297600000000005,0.7154525901310997,-0.5266666666666666,7.67,-7.47,15.14,47.87625,2.7070833333333333,2
UKP_0023,2024-03-10,4.55658,6.8704600000000005,0.6632132346305779,3.23,10.04,-5.2,15.239999999999998,46.8025,1.6258333333333332,2
UKP_0023,2024-03-11,3.44268,6.5593900000000005,0.5248475849126214,1.7204166666666667,7.38,-3.04,10.42,69.36791666666666,1.94125,2
UKP_0023,2024-03-12,3.76666,6.67549,0.564252212197157,1.6725,6.84,-3.31,10.15,67.37041666666667,2.1804166666666664,2
UKP_0023,2024-03-13,4.04528,6.725149999999999,0.6015152078392304,1.5379166666666666,7.73,-4.58,12.31,73.04625,2.9454166666666666,2
UKP_0023,2024-03-14,3.97807,6.94068,0.5731527746560856,1.1454166666666667,6.7,-4.8,11.5,67.16333333333334,1.9420833333333332,2
UKP_0023,2024-03-15,4.94794,7.21764,0.6855343297809255,2.4225,9.58,-3.66,13.24,66.83416666666666,2.1804166666666664,2
UKP_0023,2024-03-16,4.24137,7.13285,0.5946248694420884,2.0279166666666666,8.27,-3.49,11.76,63.35708333333333,2.199583333333333,2
UKP_0023,2024-03-17,5.28466,7.14388,0.7397464683057385,3.060833333333333,9.75,-4.13,13.88,52.71958333333333,2.30375,2
UKP_0023,2024-03-18,4.24224,6.9791300000000005,0.607846536745984,2.737083333333333,9.36,-3.17,12.53,53.54624999999999,2.3375,2
UKP_0023,2024-03-19,4.361140000000001,6.98958,0.6239487923451768,2.2204166666666665,8.56,-3.09,11.65,54.5975,2.3241666666666667,2
UKP_0023,2024-03-20,5.29359,7.08482,0.7471735344017209,4.597083333333333,12.55,-3.57,16.12,55.44375,2.223333333333333,2
UKP_0023,2024-03-21,4.8990100000000005,6.96816,0.7030564740189663,3.795416666666666,10.26,-0.77,11.03,69.85791666666667,2.22875,2
UKP_0023,2024-03-22,3.67004,7.15954,0.5126083519332247,4.170833333333333,10.23,-1.14,11.37,68.20583333333333,2.8941666666666666,2
UKP_0023,2024-03-23,5.61391,7.582019999999999,0.7404240558584652,5.011666666666667,11.68,-1.64,13.32,56.92166666666666,2.3916666666666666,2
UKP_0023,2024-03-24,4.45719,7.352349999999999,0.6062265806170816,5.398333333333333,10.91,0.08,10.83,53.47416666666667,1.86625,2
UKP_0023,2024-03-25,5.50758,7.46848,0.7374432280731823,5.152916666666667,12.36,-0.8,13.16,51.59125,2.8779166666666662,2
UKP_0023,2024-03-26,5.63066,7.63951,0.7370446533874554,7.73875,15.25,-1.2,16.45,55.03083333333333,2.16625,2
UKP_0023,2024-03-27,4.2797600000000005,7.1988900000000005,0.5945027636205026,7.748333333333334,13.06,2.9,10.16,61.34166666666667,2.286666666666666,2
UKP_0023,2024-03-28,5.48031,7.37799,0.7427917359606072,8.470833333333333,14.5,3.66,10.84,63.85666666666666,2.428333333333333,2
UKP_0023,2024-03-29,5.64291,7.3218,0.7706998279111693,8.095,12.6,4.29,8.309999999999999,67.52208333333333,3.1133333333333333,2
UKP_0023,2024-03-30,3.88552,7.18917,0.5404685102730914,5.948333333333333,10.96,1.09,9.87,74.0275,3.3941666666666666,2
UKP_0023,2024-03-31,3.68942,7.49598,0.4921864786192065,5.325,11.08,0.6,10.48,60.7575,2.5429166666666667,2
UKP_0023,2024-04-01,4.1662300000000005,7.95271,0.5238755091031863,6.2683333333333335,12.56,1.23,11.33,51.315,1.9933333333333327,2
UKP_0023,2024-04-02,5.12278,7.92468,0.6464336730315924,6.565,13.23,1.33,11.9,51.446666666666665,2.279583333333333,2
UKP_0023,2024-04-03,4.3775200000000005,7.804180000000001,0.5609199172751013,6.452083333333333,12.24,1.16,11.08,50.723333333333336,2.2504166666666667,2
UKP_0023,2024-04-04,4.0836,7.70168,0.5302219775425621,6.802499999999999,12.63,2.43,10.2,56.57125,2.59125,2
UKP_0023,2024-04-05,4.57679,7.86995,0.5815526146925964,5.177083333333333,11.9,-1.89,13.79,50.90541666666667,2.8608333333333333,2
UKP_0023,2024-04-06,5.76567,8.09017,0.7126760006279225,5.583333333333333,12.95,-2.34,15.29,40.2925,2.669583333333333,2
UKP_0023,2024-04-07,5.43742,7.99926,0.6797403759847785,6.0025,13.06,-1.4,14.46,42.49958333333333,2.622916666666667,2
UKP_0023,2024-04-08,5.17593,8.02786,0.6447459223255014,5.640833333333333,11.65,0.1,11.55,45.53875,2.525416666666666,2
UKP_0023,2024-04-09,4.19617,7.99749,0.5246858701917727,5.5425,11.57,0.43,11.14,53.85958333333334,2.4475,2
UKP_0023,2024-04-10,3.45188,7.85178,0.4396302494466223,5.805416666666667,12.73,-0.19,12.92,42.3275,2.585833333333333,2
UKP_0023,2024-04-11,3.1936,7.767510000000001,0.4111484890267279,5.762499999999999,12.03,-0.03,12.06,50.18291666666667,2.6366666666666667,2
UKP_0023,2024-04-12,5.63859,8.02545,0.702588639889352,7.744166666666666,14.03,0.0,14.03,47.15708333333333,2.3016666666666667,2
UKP_0023,2024-04-13,5.6088000000000005,7.886480000000001,0.7111918118095779,8.422500000000001,13.94,4.06,9.88,59.7725,2.87625,2
UKP_0023,2024-04-14,3.62349,7.70791,0.4701001957729138,7.339166666666667,11.22,3.39,7.83,65.46083333333333,2.024583333333333,2
UKP_0023,2024-04-15,4.307650000000001,7.38288,0.583464718375485,7.55,12.97,3.52,9.45,64.44250000000001,1.86125,2
UKP_0023,2024-04-16,4.50877,7.98106,0.5649337306072125,8.115416666666667,15.02,1.76,13.26,52.72666666666667,2.885,2
UKP_0023,2024-04-17,7.358149999999999,8.460809999999999,0.8696744165156765,10.765833333333331,17.53,1.47,16.060000000000002,33.21375,2.4704166666666665,2
UKP_0023,2024-04-18,4.96915,8.24159,0.6029358412636396,9.686666666666666,16.55,3.69,12.86,40.25375,2.79,2
UKP_0023,2024-04-19,4.93545,8.15973,0.6048545723939395,9.724166666666669,17.38,2.79,14.59,45.134166666666665,2.95875,2
UKP_0023,2024-04-20,4.3049,8.16241,0.5274055089121963,7.87875,14.67,1.33,13.34,57.46458333333334,3.43875,2
UKP_0023,2024-04-21,6.58611,8.468770000000001,0.7776938091363915,9.05375,16.75,1.96,14.79,50.07416666666666,2.6325,2
UKP_0023,2024-04-22,3.7955,8.02833,0.4727633268687261,7.040833333333333,12.88,1.84,11.04,66.47291666666666,2.3575,2
UKP_0023,2024-04-23,3.79614,8.13826,0.466455974618653,6.927916666666667,13.75,0.53,13.22,51.805416666666666,3.12125,2
UKP_0023,2024-04-24,5.818770000000001,8.37239,0.6949950969794767,7.536666666666666,14.43,1.12,13.31,48.23375000000001,2.84625,2
UKP_0023,2024-04-25,5.91037,8.44311,0.7000228588754617,9.845833333333331,15.97,1.91,14.06,41.020833333333336,2.45375,2
UKP_0023,2024-04-26,5.376399999999999,8.58703,0.6261070474890619,10.125,15.07,4.83,10.24,37.275,2.57125,2
UKP_0023,2024-04-27,2.445,7.75137,0.3154281114177235,7.5925,13.1,0.88,12.22,62.98375000000001,3.785833333333333,2
UKP_0023,2024-04-28,5.72798,8.4201,0.6802745810619826,8.43125,13.98,1.1,12.88,53.44125,2.4445833333333336,2
UKP_0023,2024-04-29,3.65329,8.049199999999999,0.4538699498086767,8.329166666666667,14.75,2.84,11.91,52.04958333333334,3.54125,2
UKP_0023,2024-04-30,5.94318,8.881120000000001,0.669192624353685,8.431666666666667,16.09,1.9,14.19,38.817083333333336,2.9029166666666666,2
UKP_0023,2024-05-01,4.05519,8.15294,0.497389898613261,5.1745833333333335,11.45,-1.13,12.579999999999998,37.55833333333333,3.968333333333333,2
UKP_0023,2024-05-02,7.947599999999999,8.984530000000001,0.884587173730846,9.448333333333332,17.28,-0.48,17.76,30.97458333333333,2.99375,2
UKP_0023,2024-05-03,6.527190000000001,8.78314,0.7431499440974414,12.27,19.67,3.7,15.970000000000002,36.32208333333333,2.7375000000000003,2
UKP_0023,2024-05-04,4.86322,8.395610000000001,0.5792574929040295,11.412083333333332,18.55,4.58,13.97,47.13916666666666,3.547083333333333,2
UKP_0023,2024-05-05,6.775860000000001,8.71623,0.7773842590202417,11.638333333333334,18.52,4.86,13.66,45.74041666666667,2.997916666666667,2
UKP_0023,2024-05-06,4.63879,8.40251,0.5520719404082828,11.101666666666668,17.51,5.06,12.450000000000005,48.51791666666667,2.75375,2
UKP_0023,2024-05-07,6.2898000000000005,8.39039,0.7496433419662257,10.244166666666668,15.57,5.09,10.48,53.28958333333333,3.03375,2
UKP_0023,2024-05-08,6.1637,8.05422,0.7652758429742419,10.589583333333334,18.12,5.14,12.98,53.744166666666665,3.0820833333333333,2
UKP_0023,2024-05-09,4.4933000000000005,7.84286,0.5729160025806913,11.369166666666668,18.4,5.4,12.999999999999998,61.556666666666665,3.0925,2
UKP_0023,2024-05-10,5.0225100000000005,7.9087,0.6350613880915954,11.51125,18.46,5.93,12.53,66.78208333333333,3.11875,2
UKP_0023,2024-05-11,4.34319,8.1186,0.5349678516000295,10.940833333333332,16.72,4.96,11.759999999999998,70.0475,3.49,2
UKP_0023,2024-05-12,5.24937,8.49917,0.6176332512468865,9.704583333333334,15.59,3.54,12.05,66.86208333333333,2.9925,2
UKP_0023,2024-05-13,7.00287,8.97608,0.7801701856489692,10.244583333333331,16.99,4.22,12.77,49.80125,2.845,2
UKP_0023,2024-05-14,7.06979,8.99567,0.7859103324154844,10.8075,17.16,5.02,12.14,38.57208333333333,2.7379166666666666,2
UKP_0023,2024-05-15,4.588970000000001,8.72198,0.5261385602810371,11.368333333333332,17.47,5.92,11.55,40.53916666666667,2.2958333333333334,2
UKP_0023,2024-05-16,7.03003,8.50533,0.8265440611945685,12.602916666666667,18.47,7.07,11.4,47.156666666666666,2.7079166666666663,2
UKP_0023,2024-05-17,6.9395500000000006,8.513129999999999,0.8151584669798302,14.246250000000002,20.16,8.26,11.9,52.07666666666666,2.645,2
UKP_0023,2024-05-18,7.01598,8.641860000000001,0.8118599468170046,14.075833333333334,20.45,8.24,12.21,50.49,2.775416666666666,2
UKP_0023,2024-05-19,4.53253,8.45515,0.5360673672258919,12.320416666666668,18.56,7.24,11.32,57.05458333333333,2.9575,2
UKP_0023,2024-05-20,6.7308,8.64249,0.7788033309844732,13.015416666666669,19.9,6.68,13.22,53.810833333333335,2.9570833333333333,2
UKP_0023,2024-05-21,6.60004,8.792,0.7506869881710646,13.170833333333334,19.64,7.46,12.18,52.06041666666667,2.7245833333333334,2
UKP_0023,2024-05-22,5.59473,8.49598,0.6585149682555751,12.964166666666666,18.39,8.2,10.19,56.44416666666667,2.93125,2
UKP_0023,2024-05-23,5.32547,8.21551,0.6482214737733871,13.307916666666666,19.08,8.46,10.619999999999996,69.66833333333334,2.9008333333333334,2
UKP_0023,2024-05-24,6.25892,8.439119999999999,0.7416555280645376,13.9,18.88,8.78,10.1,68.61791666666666,2.85,2
UKP_0023,2024-05-25,6.50496,8.694960000000002,0.7481299511441108,14.162083333333332,19.78,8.06,11.72,58.64166666666667,2.888333333333333,2
UKP_0023,2024-05-26,6.54824,8.8002,0.7441012704256721,14.446666666666664,20.96,7.95,13.010000000000002,51.678333333333335,3.0283333333333338,2
UKP_0023,2024-05-27,6.670139999999999,8.761959999999998,0.7612611790056106,15.206666666666663,21.79,8.3,13.489999999999998,46.23541666666667,2.9241666666666664,2
UKP_0023,2024-05-28,7.30079,9.15423,0.7975318513954751,14.445833333333333,21.78,6.57,15.21,35.60541666666666,3.0620833333333333,2
UKP_0023,2024-05-29,7.35219,9.07352,0.8102908242886995,14.879166666666668,21.5,7.98,13.52,35.022083333333335,2.920833333333333,2
UKP_0023,2024-05-30,6.09324,8.893720000000002,0.685117138835043,13.612916666666663,20.5,5.94,14.56,44.82,3.465,2
UKP_0023,2024-05-31,7.77517,9.03444,0.8606144929846233,13.7575,20.69,6.91,13.78,34.154583333333335,2.904583333333333,2
UKP_0023,2024-06-01,5.971,8.69959,0.6863541845075457,13.61125,20.63,6.82,13.81,38.9675,2.9716666666666662,2
UKP_0023,2024-06-02,6.658530000000001,8.65351,0.7694600225804327,12.59625,19.31,8.17,11.14,51.82666666666666,2.71125,2
UKP_0023,2024-06-03,6.54498,8.65273,0.7564063596113596,13.179166666666667,19.83,6.53,13.299999999999995,48.59625,2.939583333333333,2
UKP_0023,2024-06-04,4.64211,8.7049,0.5332755114935266,11.20875,15.24,6.4,8.84,59.13,2.7529166666666662,2
UKP_0023,2024-06-05,6.22037,8.63738,0.7201686159460392,12.126666666666669,19.12,4.82,14.3,60.68708333333333,3.398333333333333,2
UKP_0023,2024-06-06,6.918900000000001,8.83213,0.7833784149463381,12.040833333333332,17.95,6.23,11.72,57.85208333333333,3.1916666666666664,2
UKP_0023,2024-06-07,7.2565,8.97116,0.8088697559735866,13.370416666666666,19.91,7.51,12.4,50.55375,3.2591666666666668,2
UKP_0023,2024-06-08,5.83368,8.86549,0.6580211584469668,13.32,19.58,7.46,12.119999999999996,53.70708333333334,2.7975,2
UKP_0023,2024-06-09,6.3119,8.88108,0.7107131114684249,13.343333333333334,19.62,6.78,12.84,52.31458333333333,3.047083333333333,2
UKP_0023,2024-06-10,7.11462,9.20534,0.7728796546352443,14.49,21.42,8.49,12.93,36.255833333333335,2.7525,2
UKP_0023,2024-06-11,6.90516,9.02156,0.7654064263830203,14.574583333333337,21.67,7.81,13.860000000000005,33.3525,2.942083333333333,2
UKP_0023,2024-06-12,7.95781,9.26241,0.8591511280541458,15.275,22.09,8.81,13.28,33.555,2.58875,2
UKP_0023,2024-06-13,7.86301,9.04395,0.8694220998568103,16.160833333333333,23.16,9.58,13.58,39.263333333333335,2.829166666666666,2
UKP_0023,2024-06-14,6.88162,8.82957,0.7793833674799565,15.993333333333332,22.82,9.07,13.75,43.21333333333333,3.0683333333333334,2
UKP_0023,2024-06-15,7.692439999999999,8.848840000000001,0.869316204157833,16.309583333333332,23.02,9.97,13.05,44.62416666666667,3.0516666666666663,2
UKP_0023,2024-06-16,7.26742,8.82529,0.8234766222979641,17.409583333333334,24.02,11.44,12.58,43.79375,2.8516666666666666,2
UKP_0023,2024-06-17,7.14311,8.907,0.8019658695408106,17.36,23.96,10.77,13.19,46.276250000000005,2.98875,2
UKP_0023,2024-06-18,6.535489999999999,8.89154,0.7350234042696764,16.854166666666668,23.29,11.72,11.57,48.66208333333333,3.555,2
UKP_0023,2024-06-19,5.61987,8.80072,0.6385693443263732,15.425,22.61,7.6,15.01,60.10458333333333,3.821250000000001,2
UKP_0023,2024-06-20,3.30538,8.76328,0.3771852548360888,13.770416666666668,19.71,8.11,11.6,57.9825,2.47375,2
UKP_0023,2024-06-21,5.96633,8.753440000000001,0.6815983202032572,14.330833333333333,20.8,9.08,11.72,68.63458333333334,2.6808333333333336,2
UKP_0023,2024-06-22,5.32205,8.726469999999999,0.6098743248988423,14.752916666666666,20.22,10.5,9.72,69.0,2.161666666666666,2
UKP_0023,2024-06-23,4.191050000000001,8.58195,0.4883563758819382,15.366666666666667,20.38,11.1,9.28,74.71833333333333,2.325416666666667,2
UKP_0023,2024-06-24,3.09976,8.585840000000001,0.3610316521155763,15.545833333333334,19.57,11.67,7.9,73.76791666666666,2.61375,2
UKP_0023,2024-06-25,5.60956,8.56773,0.6547311831722056,16.158333333333335,21.59,11.48,10.11,73.03541666666666,2.9654166666666666,2
UKP_0023,2024-06-26,5.347,8.750710000000002,0.6110361330680596,16.1875,20.8,12.07,8.73,77.64291666666666,3.07375,2
UKP_0023,2024-06-27,4.16538,8.40113,0.4958118729266181,15.3375,18.94,12.19,6.750000000000002,85.0475,2.9266666666666663,2
UKP_0023,2024-06-28,5.241820000000001,8.459520000000001,0.6196356294446966,14.492083333333332,19.48,9.85,9.63,85.20833333333333,3.171666666666667,2
UKP_0023,2024-06-29,4.239319999999999,8.3416,0.5082142514625491,15.602916666666667,20.65,11.5,9.15,82.03458333333333,2.59,2
UKP_0023,2024-06-30,5.541180000000001,8.45431,0.6554266403763289,16.232916666666668,21.17,12.84,8.330000000000002,83.72833333333334,3.060833333333333,2
UKP_0023,2024-07-01,4.844099999999999,8.48342,0.5710079189760732,16.52208333333333,20.96,13.11,7.850000000000001,85.32583333333334,2.9425000000000003,2
UKP_0023,2024-07-02,4.73526,8.40061,0.5636804946307471,14.529166666666669,18.33,11.59,6.739999999999998,85.13083333333334,1.4679166666666663,2
UKP_0023,2024-07-03,3.73238,7.97446,0.4680417232013202,14.865416666666668,18.87,12.08,6.790000000000001,86.55583333333334,2.107083333333333,2
UKP_0023,2024-07-04,4.12,7.781269999999999,0.5294765507430022,14.647916666666667,18.6,11.7,6.900000000000002,86.67625,2.35125,2
UKP_0023,2024-07-05,3.21774,8.37115,0.3843844633055195,14.252083333333331,18.55,10.95,7.600000000000001,89.11916666666667,3.460833333333333,2
UKP_0023,2024-07-06,2.93723,8.57553,0.3425129408911169,14.152499999999998,17.69,10.99,6.700000000000001,90.19583333333333,3.0595833333333338,2
UKP_0023,2024-07-07,4.0997200000000005,8.79638,0.4660689965644959,13.677083333333334,18.16,10.03,8.13,84.0975,1.6183333333333334,2
UKP_0023,2024-07-08,5.12981,8.72439,0.5879849479447847,12.715000000000002,15.58,10.83,4.75,85.83916666666666,1.5199999999999998,2
UKP_0023,2024-07-09,6.51511,8.47624,0.7686320821496323,14.325833333333334,17.78,10.95,6.830000000000002,88.70041666666667,2.1358333333333333,2
UKP_0023,2024-07-10,5.22832,8.37571,0.6242240956289079,15.157916666666669,19.02,11.21,7.809999999999999,89.82875,2.4825,2
UKP_0023,2024-07-11,5.14355,8.589289999999998,0.5988329652392691,14.805416666666666,19.02,10.38,8.639999999999999,86.45458333333333,2.38875,2
UKP_0023,2024-07-12,5.1945,8.51392,0.6101184883109072,13.74,17.62,9.61,8.010000000000002,88.09708333333333,2.50625,2
UKP_0023,2024-07-13,5.45171,8.404969999999999,0.6486293228887196,14.259166666666667,18.35,10.39,7.960000000000001,80.56958333333334,2.1333333333333333,2
UKP_0023,2024-07-14,4.59042,8.41907,0.5452407451179287,14.947916666666666,18.64,11.5,7.140000000000001,84.87125,2.3808333333333334,2
UKP_0023,2024-07-15,5.801939999999999,8.327440000000001,0.6967255242907783,15.265833333333331,19.23,11.35,7.880000000000001,86.40708333333333,2.3979166666666667,2
UKP_0023,2024-07-16,6.18674,8.35717,0.7402912708488638,15.715833333333334,19.26,12.89,6.370000000000001,87.73875,2.93,2
UKP_0023,2024-07-17,5.29459,8.48039,0.6243333148593403,15.49875,19.14,12.42,6.720000000000001,90.18,2.76625,2
UKP_0023,2024-07-18,5.7916,8.372539999999999,0.6917375133472041,15.621249999999998,19.13,12.33,6.799999999999999,87.98416666666667,2.45375,2
UKP_0023,2024-07-19,6.37424,8.27581,0.7702255126688505,14.728333333333332,17.46,12.25,5.210000000000001,92.51583333333332,2.622916666666667,2
UKP_0023,2024-07-20,5.00072,8.34083,0.5995470474760906,15.582083333333332,19.43,12.83,6.6,89.68041666666666,2.7691666666666666,2
UKP_0023,2024-07-21,4.99767,8.18656,0.6104725305867178,15.584583333333333,19.02,12.97,6.049999999999999,91.76791666666666,3.27375,2
UKP_0023,2024-07-22,3.0989,7.956939999999999,0.3894587617853094,14.952083333333334,18.06,12.95,5.109999999999999,90.59458333333332,2.34375,2
UKP_0023,2024-07-23,5.97799,8.15417,0.7331205996441085,14.620416666666666,16.8,11.91,4.890000000000001,91.80916666666668,2.0341666666666667,2
UKP_0023,2024-07-24,5.77318,8.34645,0.6916928754140982,14.4125,17.06,12.01,5.049999999999999,89.6875,1.1558333333333333,2
UKP_0023,2024-07-25,4.5361400000000005,8.10913,0.5593867652880149,15.469583333333333,18.77,12.15,6.619999999999999,90.30875,3.2191666666666667,2
UKP_0023,2024-07-26,5.10062,8.11968,0.6281799282730354,15.175,19.07,12.37,6.700000000000001,92.24,3.16,2
UKP_0023,2024-07-27,3.9551,8.13156,0.4863888355985813,14.786666666666669,17.98,12.19,5.790000000000001,91.06,2.48875,2
UKP_0023,2024-07-28,5.211729999999999,8.21251,0.634608664099039,15.71125,19.59,12.15,7.439999999999999,88.25833333333333,2.558333333333333,2
UKP_0023,2024-07-29,5.8507,8.23256,0.710678087982353,16.316666666666666,20.86,11.68,9.18,86.77208333333334,3.0429166666666667,2
UKP_0023,2024-07-30,4.61043,8.15857,0.5651027079500452,16.10375,20.21,12.23,7.98,86.86041666666667,2.716666666666667,2
UKP_0023,2024-07-31,4.62655,7.92921,0.5834818348864514,15.60375,20.37,11.03,9.340000000000002,90.22416666666668,3.11125,2
UKP_0023,2024-08-01,5.53347,7.74538,0.7144220167377199,13.79875,17.28,11.16,6.120000000000001,90.56041666666664,2.174166666666667,2
UKP_0023,2024-08-02,4.31705,8.06712,0.5351414135403961,13.740416666666668,17.75,10.68,7.07,90.255,2.6008333333333336,2
UKP_0023,2024-08-03,4.35099,7.9663,0.5461745101238968,13.416666666666666,16.29,11.18,5.109999999999999,90.6275,2.449583333333333,2
UKP_0023,2024-08-04,4.582739999999999,8.15839,0.56172112389822,14.200833333333334,17.14,11.31,5.83,92.85958333333332,2.8954166666666663,2
UKP_0023,2024-08-05,4.14071,7.83798,0.5282879007091114,13.731666666666667,17.1,10.69,6.410000000000002,91.41541666666666,2.3525,2
UKP_0023,2024-08-06,3.21187,7.90567,0.4062742310265922,13.511666666666663,17.35,10.25,7.100000000000001,90.95166666666668,2.65875,2
UKP_0023,2024-08-07,3.76508,8.06459,0.4668656435107053,13.1225,15.92,10.44,5.48,93.26708333333332,2.063333333333333,2
UKP_0023,2024-08-08,4.2636,8.06669,0.5285439256993886,13.429583333333332,16.45,11.07,5.379999999999999,93.52208333333334,2.3495833333333334,2
UKP_0023,2024-08-09,4.977720000000001,8.14228,0.6113422775930084,13.665,16.81,11.26,5.549999999999999,92.44916666666668,1.8845833333333333,2
UKP_0023,2024-08-10,4.29258,7.78057,0.5517050807331597,13.818333333333332,16.95,11.38,5.569999999999999,92.88208333333334,2.4379166666666667,2
UKP_0023,2024-08-11,4.14235,7.70868,0.5373617791891738,13.16875,14.98,11.5,3.4800000000000004,95.09958333333331,1.88875,2
UKP_0023,2024-08-12,4.26621,7.78375,0.5480918580375783,13.8825,17.02,11.79,5.23,88.43666666666667,1.8012499999999998,2
UKP_0023,2024-08-13,4.65259,7.78428,0.5976904736211955,14.087083333333332,16.28,12.1,4.1800000000000015,92.885,2.0883333333333334,2
UKP_0023,2024-08-14,4.44219,7.90153,0.5621936511030142,15.547083333333331,19.1,12.34,6.760000000000002,89.07166666666666,2.44625,2
UKP_0023,2024-08-15,5.904310000000001,7.87058,0.7501747012291343,14.99875,17.57,12.91,4.66,92.95166666666668,2.254583333333333,2
UKP_0023,2024-08-16,5.1709,7.742970000000001,0.6678186793956323,13.808750000000002,16.59,11.38,5.209999999999999,91.33333333333331,2.404166666666667,2
UKP_0023,2024-08-17,5.36958,7.46775,0.7190358541729437,14.45875,17.57,12.07,5.5,81.41541666666667,1.8033333333333332,2
UKP_0023,2024-08-18,3.82036,7.52796,0.5074894128024059,14.5425,17.88,11.22,6.659999999999998,90.2325,3.3783333333333334,2
UKP_0023,2024-08-19,4.69255,7.73236,0.6068716407409898,13.975833333333334,16.66,11.29,5.370000000000001,93.60291666666666,3.02625,2
UKP_0023,2024-08-20,3.75673,7.70788,0.4873882312646279,13.457083333333337,16.04,11.55,4.489999999999998,95.4225,3.662083333333333,2
UKP_0023,2024-08-21,4.94034,7.799679999999999,0.6334029088372857,14.316666666666668,17.44,11.12,6.320000000000002,92.01666666666668,2.4858333333333333,2
UKP_0023,2024-08-22,4.52687,7.70713,0.5873613134850456,14.447916666666666,18.17,11.06,7.110000000000001,89.35333333333334,2.8504166666666664,2
UKP_0023,2024-08-23,3.8274,7.6822,0.4982166566868866,13.5025,15.9,11.21,4.69,94.02958333333332,3.1675,2
UKP_0023,2024-08-24,4.04808,7.70242,0.525559499481981,13.88625,17.27,11.41,5.859999999999999,92.80375,3.035833333333333,2
UKP_0023,2024-08-25,5.53228,7.72558,0.7160989854483417,13.879583333333334,17.45,10.05,7.399999999999999,91.49375,2.815416666666667,2
UKP_0023,2024-08-26,4.86145,7.60188,0.6395062800254673,13.216666666666669,17.07,10.25,6.82,86.00416666666666,2.2045833333333333,2
UKP_0023,2024-08-27,4.78913,7.47705,0.6405106291919942,13.192916666666669,16.5,10.4,6.1,89.31666666666666,2.1408333333333336,2
UKP_0023,2024-08-28,4.4400900000000005,7.47551,0.5939514494663242,13.16375,16.21,10.43,5.780000000000001,92.21583333333332,2.1991666666666667,2
UKP_0023,2024-08-29,4.49653,7.592779999999999,0.592211284931211,13.4525,16.94,10.83,6.110000000000001,89.66791666666667,2.18,2
UKP_0023,2024-08-30,4.41395,7.47103,0.5908087639856887,13.245833333333332,16.31,11.01,5.299999999999999,86.06124999999999,2.285833333333333,2
UKP_0023,2024-08-31,6.11942,7.506979999999999,0.8151640206847495,15.102083333333333,18.96,11.48,7.48,82.83833333333332,1.84625,2
UKP_0023,2024-09-01,3.94631,7.34636,0.537178956653363,14.144583333333337,17.49,11.38,6.109999999999998,92.78333333333336,2.5529166666666665,2
UKP_0023,2024-09-02,2.46023,7.06459,0.3482480936614864,12.3925,15.02,9.11,5.91,94.51208333333334,2.002083333333333,2
UKP_0023,2024-09-03,5.01288,7.33652,0.6832776302661208,12.823333333333332,16.86,9.2,7.66,85.90833333333335,2.0404166666666668,2
UKP_0023,2024-09-04,4.967059999999999,7.34688,0.6760774641752688,13.39,17.14,9.68,7.460000000000001,88.47333333333334,1.97375,2
UKP_0023,2024-09-05,4.31723,7.08662,0.6092086213173558,13.52875,17.09,10.54,6.550000000000001,89.44125000000001,2.6529166666666666,2
UKP_0023,2024-09-06,3.77612,6.95228,0.5431484347580937,13.259583333333332,16.5,10.19,6.3100000000000005,93.46375,3.27875,2
UKP_0023,2024-09-07,3.71055,6.92029,0.5361841772526874,13.29875,16.77,10.21,6.559999999999999,89.75291666666668,2.0995833333333334,2
UKP_0023,2024-09-08,4.69425,7.215079999999999,0.6506164865808834,13.800833333333337,17.85,9.94,7.910000000000002,86.10374999999999,1.8345833333333332,2
UKP_0023,2024-09-09,4.7712200000000005,7.2817,0.6552343546149938,13.770833333333334,17.28,11.1,6.1800000000000015,90.27708333333334,2.25,2
UKP_0023,2024-09-10,4.31938,7.28163,0.5931886129891246,13.48375,17.06,10.09,6.969999999999999,92.005,3.1666666666666665,2
UKP_0023,2024-09-11,3.20828,7.202109999999999,0.4454638987741093,13.264583333333334,16.38,10.04,6.34,86.375,1.79125,2
UKP_0023,2024-09-12,1.19058,7.13067,0.1669660775214671,12.353333333333332,15.26,10.32,4.94,86.35791666666667,1.8495833333333331,2
UKP_0023,2024-09-13,1.28887,7.14081,0.1804935294455391,9.574583333333331,12.76,6.92,5.84,87.72041666666667,2.73125,2
UKP_0023,2024-09-14,3.40624,7.2003,0.4730691776731525,10.455,13.58,7.85,5.73,86.85416666666667,1.6704166666666669,2
UKP_0023,2024-09-15,5.126720000000001,7.18717,0.7133155330957804,11.859583333333331,16.43,7.9,8.53,82.51916666666666,1.9225,2
UKP_0023,2024-09-16,6.07758,7.13767,0.8514795444451762,12.479166666666666,16.56,8.28,8.28,83.69083333333333,1.6675000000000002,2
UKP_0023,2024-09-17,4.82598,6.84294,0.7052494980227798,11.680416666666666,14.72,9.28,5.440000000000001,91.65916666666668,2.2583333333333333,2
UKP_0023,2024-09-18,1.40939,6.9382600000000005,0.2031330621798548,10.8625,12.04,9.89,2.1499999999999986,77.3575,1.3354166666666665,2
UKP_0023,2024-09-19,6.05642,7.02941,0.8615829778032581,13.78,18.47,9.82,8.649999999999999,77.15916666666666,2.04,2
UKP_0023,2024-09-20,6.461099999999999,6.91314,0.9346114790095382,14.331666666666663,18.48,9.77,8.71,85.9775,2.17375,2
UKP_0023,2024-09-21,5.87247,6.91972,0.8486571710994086,14.193333333333332,17.41,11.02,6.390000000000001,89.76291666666667,2.235,2
UKP_0023,2024-09-22,5.48094,6.67836,0.8207014895872639,14.2525,17.83,11.85,5.979999999999999,90.2875,2.045,2
UKP_0023,2024-09-23,5.43083,6.61106,0.8214764349438668,14.106666666666667,17.44,11.39,6.050000000000001,91.85916666666668,1.8995833333333332,2
UKP_0023,2024-09-24,5.6958,6.6364600000000005,0.858258770489086,14.047083333333331,17.79,11.05,6.739999999999998,89.40541666666667,2.117083333333333,2
UKP_0023,2024-09-25,4.38775,6.30318,0.696116880685622,12.614583333333334,16.15,8.6,7.549999999999999,92.14041666666668,2.120416666666667,2
UKP_0023,2024-09-26,3.49941,6.37337,0.5490674478337206,11.589999999999998,13.69,8.95,4.74,95.49958333333332,1.9925,2
UKP_0023,2024-09-27,4.742109999999999,6.50959,0.7284805955521007,11.49125,14.43,8.71,5.719999999999999,95.31416666666668,3.1679166666666667,2
UKP_0023,2024-09-28,5.12854,6.61803,0.7749345348993583,11.500833333333333,15.87,8.25,7.619999999999999,85.70583333333333,1.825,2
UKP_0023,2024-09-29,6.09009,6.65014,0.9157837278613684,12.217916666666667,16.78,8.16,8.620000000000001,82.75208333333333,2.0158333333333336,2
UKP_0023,2024-09-30,6.253849999999999,6.70078,0.9333017947164358,13.03,17.57,8.16,9.41,76.0975,1.8845833333333333,2
UKP_0023,2024-10-01,5.86575,6.463640000000001,0.907499489451764,12.858333333333334,17.46,9.3,8.16,77.97875,1.7079166666666667,2
UKP_0023,2024-10-02,6.03187,6.659260000000001,0.9057868291672048,12.5675,17.66,8.94,8.72,80.40125,1.7458333333333331,2
UKP_0023,2024-10-03,5.51015,6.60229,0.8345816375833234,11.580416666666666,16.5,7.89,8.61,76.8425,1.8966666666666665,2
UKP_0023,2024-10-04,5.48867,6.4842,0.8464683384226274,10.407916666666669,15.57,6.62,8.95,81.35708333333334,1.83125,2
UKP_0023,2024-10-05,5.73868,6.4443,0.8905047871762644,9.613333333333332,14.83,5.5,9.33,69.69083333333333,2.0345833333333334,2
UKP_0023,2024-10-06,5.60799,6.39149,0.877415125424588,9.554583333333332,14.78,5.62,9.16,71.60166666666667,2.0083333333333333,2
UKP_0023,2024-10-07,5.32003,6.33889,0.8392683892605803,9.974583333333332,15.58,6.0,9.58,75.16958333333334,1.9120833333333331,2
UKP_0023,2024-10-08,4.50054,6.27263,0.7174885175755623,9.755833333333332,14.64,6.37,8.27,80.34375,1.6758333333333333,2
UKP_0023,2024-10-09,4.01205,6.23182,0.6438006874396243,8.87,13.8,5.36,8.440000000000001,75.31333333333333,1.715,2
UKP_0023,2024-10-10,3.8401,6.301810000000001,0.6093646111196624,8.383333333333333,14.06,4.64,9.420000000000002,62.0025,2.294166666666667,2
UKP_0023,2024-10-11,5.705439999999999,6.34374,0.8993811221771384,9.595416666666669,15.43,4.71,10.72,63.2925,2.089166666666667,2
UKP_0023,2024-10-12,5.61249,6.28109,0.8935535074326272,9.668333333333331,15.18,5.24,9.94,67.93333333333334,2.1558333333333333,2
UKP_0023,2024-10-13,4.96453,6.154019999999999,0.8067133353482765,9.195416666666668,14.74,5.37,9.37,64.07416666666667,1.8479166666666669,2
UKP_0023,2024-10-14,4.59201,6.005109999999999,0.7646837443444001,8.661666666666667,14.3,4.1,10.2,67.43166666666666,2.0229166666666667,2
UKP_0023,2024-10-15,5.40104,6.0559400000000005,0.8918582416602542,9.566666666666666,15.84,3.92,11.92,69.00916666666667,2.09625,2
UKP_0023,2024-10-16,4.99632,5.96,0.8383087248322147,8.836666666666666,14.75,4.43,10.32,73.66416666666667,2.0258333333333334,2
UKP_0023,2024-10-17,4.875439999999999,5.90207,0.8260559430843754,7.902083333333334,13.31,4.0,9.31,69.90791666666667,2.0766666666666667,2
UKP_0023,2024-10-18,3.91609,5.8225,0.6725787891799055,8.023333333333333,13.54,3.82,9.72,69.44041666666666,2.1216666666666666,2
UKP_0023,2024-10-19,4.19172,5.71738,0.7331539971105646,7.786666666666666,13.41,3.31,10.1,79.42458333333333,2.018333333333333,2
UKP_0023,2024-10-20,3.83427,5.51417,0.6953485293344238,7.482499999999999,12.29,3.29,9.0,80.63000000000001,1.90375,2
UKP_0023,2024-10-21,4.6366,5.332479999999999,0.8695016202592415,7.282916666666666,12.31,3.55,8.760000000000002,81.98708333333333,2.012083333333333,2
UKP_0023,2024-10-22,3.75048,5.3651800000000005,0.6990408523106401,6.678333333333334,11.91,2.57,9.34,80.64041666666667,2.0075,2
UKP_0023,2024-10-23,4.14332,5.68074,0.7293627238704816,7.580833333333333,13.49,2.38,11.11,59.240833333333335,2.0004166666666667,2
UKP_0023,2024-10-24,4.60183,5.63412,0.8167788403512881,8.681666666666667,14.21,4.63,9.580000000000002,66.79166666666667,1.9829166666666669,2
UKP_0023,2024-10-25,5.17749,5.68497,0.9107330381690668,10.65875,16.67,4.64,12.03,50.63166666666667,1.8983333333333332,2
UKP_0023,2024-10-26,5.12081,5.57471,0.9185787242744464,10.322916666666666,16.65,5.86,10.79,60.965833333333336,2.115833333333333,2
UKP_0023,2024-10-27,4.99213,5.57022,0.8962177436438777,10.964583333333332,17.78,5.94,11.84,66.65875,1.80625,2
UKP_0023,2024-10-28,4.68189,5.56806,0.8408476201765067,10.059166666666668,15.96,6.42,9.54,78.75875,1.945,2
UKP_0023,2024-10-29,4.06582,5.44936,0.7461096348929048,9.235416666666667,15.03,5.33,9.7,73.1075,1.85625,2
UKP_0023,2024-10-30,4.74979,5.48288,0.8662947210225284,8.739583333333334,15.17,4.25,10.92,61.473333333333336,2.08875,2
UKP_0023,2024-10-31,4.93414,5.5265,0.8928146204650321,9.06875,15.92,4.33,11.59,54.66916666666666,2.114583333333333,2
UKP_0023,2024-11-01,5.10937,5.38134,0.9494605432847582,10.05375,17.16,4.59,12.57,49.645,2.0812500000000003,2
UKP_0023,2024-11-02,4.78707,5.2146300000000005,0.918007605525224,9.377916666666666,16.21,5.27,10.94,50.3325,1.9766666666666663,2
UKP_0023,2024-11-03,3.61246,4.94795,0.7300922604310877,8.695416666666667,14.68,4.92,9.76,61.84,1.850833333333333,2
UKP_0023,2024-11-04,3.13852,4.91416,0.6386686636169763,7.836666666666667,14.05,4.41,9.64,68.35541666666667,2.0016666666666665,2
UKP_0023,2024-11-05,3.52872,5.04174,0.6999012245772293,8.602916666666667,15.3,4.15,11.15,60.49333333333333,1.9008333333333327,2
UKP_0023,2024-11-06,4.44685,5.110600000000001,0.8701228818534027,9.70625,17.02,4.62,12.4,55.528333333333336,1.7041666666666666,2
UKP_0023,2024-11-07,4.681,5.03098,0.930435024587655,9.613333333333332,15.97,6.32,9.65,63.52333333333333,1.8175,2
UKP_0023,2024-11-08,4.08689,4.822559999999999,0.847452390431638,8.695833333333333,14.71,5.24,9.47,69.79833333333333,1.8658333333333332,2
UKP_0023,2024-11-09,3.55518,4.56515,0.7787652103435813,7.84625,13.93,4.27,9.66,70.625,1.7845833333333332,2
UKP_0023,2024-11-10,3.90768,4.56498,0.8560125126506578,6.84625,13.68,2.54,11.14,66.60875,1.9079166666666667,2
UKP_0023,2024-11-11,3.79409,4.73217,0.8017653634590474,5.2058333333333335,12.22,-0.16,12.38,65.97,1.95125,2
UKP_0023,2024-11-12,4.13772,4.77404,0.8667124699416008,4.902916666666667,11.88,0.31,11.57,48.41791666666666,2.1670833333333333,2
UKP_0023,2024-11-13,4.30685,4.73891,0.9088271353539104,5.236666666666666,12.2,1.39,10.81,41.37708333333333,1.9120833333333331,2
UKP_0023,2024-11-14,4.13618,4.6371400000000005,0.8919678940036315,5.958749999999999,12.92,2.12,10.8,29.152083333333334,1.7408333333333337,2
UKP_0023,2024-11-15,3.77542,4.82863,0.7818822316060663,5.9816666666666665,12.52,2.02,10.5,32.23291666666667,1.5229166666666665,2
UKP_0023,2024-11-16,4.42533,4.773029999999999,0.9271531919975362,3.5425,10.11,-1.23,11.34,51.93958333333333,1.9591666666666667,2
UKP_0023,2024-11-17,4.40151,4.68641,0.9392071969802046,3.8516666666666666,10.45,-1.16,11.61,44.76166666666666,1.9079166666666667,2
UKP_0023,2024-11-18,4.476109999999999,4.77871,0.936677471535205,4.01625,10.97,-0.38,11.35,33.843333333333334,1.7983333333333331,2
UKP_0023,2024-11-19,4.19273,4.80904,0.871843444845541,3.964166666666667,10.18,-0.66,10.84,43.99875,1.96,2
UKP_0023,2024-11-20,4.19513,4.70655,0.8913386663267149,4.41,10.94,0.55,10.39,40.35333333333333,2.145,2
UKP_0023,2024-11-21,4.00733,4.613770000000001,0.868558684112992,4.462916666666667,11.12,0.39,10.73,35.530833333333334,2.0204166666666667,2
UKP_0023,2024-11-22,3.64319,4.63795,0.7855173082935349,3.135,9.66,-0.51,10.17,41.03791666666667,1.8245833333333328,2
UKP_0023,2024-11-23,2.27261,4.5193900000000005,0.5028576865461932,1.8058333333333332,6.77,-2.11,8.879999999999999,45.48291666666666,1.7029166666666666,2
UKP_0023,2024-11-24,3.94169,4.56403,0.8636424388095608,2.41625,8.43,-1.99,10.42,43.564166666666665,1.8070833333333327,2
UKP_0023,2024-11-25,4.16464,4.50442,0.924567424884891,2.415833333333333,8.15,-0.86,9.01,50.865833333333335,1.5833333333333333,2
UKP_0023,2024-11-26,3.9176,4.5232,0.8661124867350547,2.07625,8.06,-1.89,9.95,61.26083333333333,1.6849999999999998,2
UKP_0023,2024-11-27,3.99656,4.49929,0.8882645928579842,1.6770833333333333,8.08,-3.01,11.09,64.28708333333334,1.9233333333333336,2
UKP_0023,2024-11-28,4.23047,4.602,0.9192677096914386,3.12,10.15,-3.7,13.85,41.055,1.705,2
UKP_0023,2024-11-29,4.1374,4.5212200000000005,0.9151069843980164,3.4204166666666667,10.01,-0.55,10.56,46.66416666666667,1.7129166666666666,2
UKP_0023,2024-11-30,3.82357,4.424510000000001,0.8641793102513046,3.467916666666667,9.75,-1.07,10.82,41.51833333333334,1.6316666666666666,2
UKP_0023,2024-12-01,3.20437,4.34884,0.7368332704813237,2.557916666666667,8.9,-1.95,10.85,44.890416666666674,1.7204166666666667,2
UKP_0023,2024-12-02,3.84632,4.34449,0.8853329159464057,1.6304166666666668,8.16,-2.92,11.08,37.58833333333333,1.622083333333333,2
UKP_0023,2024-12-03,4.03559,4.4343,0.9100850190559951,1.9820833333333332,8.51,-3.03,11.54,27.152916666666663,1.7754166666666666,2
UKP_0023,2024-12-04,4.17705,4.47866,0.9326561962729926,2.398333333333333,9.1,-1.87,10.97,33.39958333333333,1.7420833333333334,2
UKP_0023,2024-12-05,3.94578,4.52904,0.871217741508134,2.129166666666667,9.9,-2.58,12.48,23.05541666666667,1.5320833333333332,2
UKP_0023,2024-12-06,3.98176,4.48376,0.8880403946687601,1.2879166666666666,8.62,-3.53,12.15,20.7725,1.6050000000000002,2
UKP_0023,2024-12-07,3.94309,4.35804,0.904785178658296,-0.8887499999999999,6.02,-6.07,12.09,49.54541666666666,2.3266666666666667,2
UKP_0023,2024-12-08,3.26545,4.06462,0.8033838341591588,-3.79875,2.0,-7.41,9.41,77.67625,3.1641666666666666,2
UKP_0023,2024-12-09,1.71273,3.57912,0.4785338295446926,-5.4325,-1.52,-8.19,6.67,67.87416666666667,2.0929166666666665,2
UKP_0023,2024-12-10,3.60129,4.43125,0.8127029619181946,-0.6254166666666666,6.26,-4.56,10.82,27.79875,1.7583333333333335,2
UKP_0023,2024-12-11,3.24351,4.292800000000001,0.7555697912784196,-0.3820833333333333,6.56,-6.3,12.86,31.868333333333336,1.7120833333333332,2
UKP_0023,2024-12-12,3.56175,4.29824,0.8286531231387732,-1.595,5.75,-7.0,12.75,29.17333333333333,2.7145833333333336,2
UKP_0023,2024-12-13,3.93128,4.52714,0.8683804786244737,0.27,7.21,-7.08,14.29,15.740833333333333,2.043333333333333,2
UKP_0023,2024-12-14,3.95159,4.44224,0.8895489662872785,3.8041666666666663,10.89,-4.41,15.3,15.414166666666668,2.2625,2
UKP_0023,2024-12-15,3.8165,4.33666,0.8800551576558918,6.277083333333334,13.52,1.84,11.68,16.416666666666668,1.5691666666666666,2
UKP_0023,2024-12-16,3.78732,4.34138,0.872376986119621,4.645416666666667,12.4,-1.13,13.53,16.40041666666667,1.3575,2
UKP_0023,2024-12-17,2.07884,4.13755,0.5024325990018248,1.0983333333333334,7.57,-4.57,12.14,30.35875,2.162916666666667,2
UKP_0023,2024-12-18,3.92458,4.33409,0.9055141909835744,2.2970833333333336,9.88,-4.57,14.45,15.132083333333334,1.75875,2
UKP_0023,2024-12-19,3.72788,4.12245,0.904287498938738,0.7733333333333333,8.16,-5.12,13.28,28.460416666666664,1.92125,2
UKP_0023,2024-12-20,3.89682,4.19789,0.9282806362243888,-0.59,6.1,-5.52,11.62,31.945,1.8516666666666663,2
UKP_0023,2024-12-21,3.88393,4.36831,0.8891150124418826,-1.0170833333333331,5.7,-5.92,11.62,33.17916666666667,2.1654166666666668,2
UKP_0023,2024-12-22,3.31081,4.13892,0.7999212354913843,-0.1287499999999999,6.69,-4.84,11.53,25.696250000000003,1.6770833333333333,2
UKP_0023,2024-12-23,1.50472,3.83296,0.3925738854566706,-2.317916666666666,3.94,-5.43,9.37,62.51083333333333,2.412916666666667,2
UKP_0023,2024-12-24,2.14503,3.57899,0.5993394784562125,-2.35,2.06,-6.35,8.41,66.84625,1.7541666666666669,2
UKP_0023,2024-12-25,2.95411,3.54765,0.8326948825278706,-2.325,4.43,-7.43,11.86,50.29749999999999,2.2816666666666667,2
UKP_0023,2024-12-26,3.31821,4.370430000000001,0.7592410815411755,0.7641666666666667,7.26,-8.27,15.53,29.044166666666666,1.5329166666666667,2
UKP_0023,2024-12-27,0.54299,4.00977,0.1354167446013113,0.4483333333333334,7.28,-5.08,12.36,57.54708333333334,1.9320833333333336,2
UKP_0023,2024-12-28,0.48384,3.4223600000000003,0.1413761264156897,-1.6758333333333333,2.15,-3.88,6.029999999999999,95.74583333333334,2.739583333333333,2
UKP_0023,2024-12-29,2.40747,4.18157,0.5757335163586883,-3.76,2.61,-10.76,13.37,83.20625,2.475,2
UKP_0023,2024-12-30,2.8546600000000004,4.33387,0.6586861165655639,-1.3283333333333334,6.82,-10.8,17.62,42.224583333333335,2.0816666666666666,2
UKP_0023,2024-12-31,2.51287,4.42434,0.5679649394033912,0.3274999999999999,7.41,-6.07,13.48,37.29,1.85125,2
UKP_0023,2025-01-01,3.28167,4.32898,0.7580700303535707,1.1779166666666667,8.67,-3.78,12.45,39.96875,2.4079166666666665,2
UKP_0023,2025-01-02,2.9574000000000003,4.27637,0.6915678484321984,4.4158333333333335,9.99,-3.68,13.67,36.81583333333334,1.8183333333333331,2
UKP_0023,2025-01-03,2.98031,4.257440000000001,0.7000239580593031,4.257916666666667,10.51,-0.5,11.01,30.714166666666667,1.8045833333333332,2
UKP_0023,2025-01-04,3.06112,4.3096000000000005,0.7103025802858732,3.963333333333333,11.35,-0.97,12.32,28.902916666666663,1.37625,2
UKP_0023,2025-01-05,2.54522,4.370550000000001,0.5823569116015146,1.4579166666666667,8.81,-3.03,11.84,38.73666666666667,2.022083333333333,2
UKP_0023,2025-01-06,2.0627,4.16996,0.4946570230889505,-2.13,2.81,-6.07,8.88,79.57125,2.089166666666667,2
UKP_0023,2025-01-07,3.17452,4.48793,0.7073461484470568,-1.9804166666666667,4.72,-7.2,11.92,47.10708333333333,2.1954166666666666,2
UKP_0023,2025-01-08,3.34113,4.49798,0.7428067710394444,-0.0754166666666666,6.46,-4.39,10.85,35.80125,1.6675000000000002,2
UKP_0023,2025-01-09,3.66802,4.5602,0.8043550721459586,0.0741666666666667,6.18,-4.09,10.27,32.095416666666665,1.5929166666666663,2
UKP_0023,2025-01-10,3.81558,4.54689,0.8391625924533032,0.8716666666666667,7.98,-3.72,11.7,30.050416666666667,1.7804166666666663,2
UKP_0023,2025-01-11,2.7676,4.244,0.6521206409048068,-1.3150000000000002,5.34,-5.49,10.83,60.65291666666667,2.377083333333333,2
UKP_0023,2025-01-12,1.366,3.91367,0.3490330048266716,-4.469166666666667,-0.04,-9.44,9.4,80.72833333333334,2.3225,2
UKP_0023,2025-01-13,2.82153,4.61015,0.6120256390789888,-1.96125,4.83,-9.61,14.44,58.16708333333333,2.123333333333333,2
UKP_0023,2025-01-14,3.43843,4.605300000000001,0.7466245412893838,-0.7541666666666668,5.81,-5.03,10.84,41.38666666666666,1.865,2
UKP_0023,2025-01-15,3.67698,4.706840000000001,0.7811992759473446,-1.0291666666666666,6.13,-7.02,13.15,39.585,1.8070833333333327,2
UKP_0023,2025-01-16,1.63862,3.93977,0.4159176804737332,-3.577083333333333,1.69,-6.87,8.56,82.38708333333334,2.45875,2
UKP_0023,2025-01-17,3.67665,4.73642,0.7762508392414524,-1.7233333333333334,5.17,-7.22,12.39,50.04,2.00625,2
UKP_0023,2025-01-18,2.69238,4.58392,0.5873531824290127,0.4362500000000001,6.99,-3.79,10.78,46.01291666666666,1.6525,2
UKP_0023,2025-01-19,2.13731,4.6616800000000005,0.4584849238900996,2.62875,8.34,-3.0,11.34,40.72416666666667,1.278333333333333,2
UKP_0023,2025-01-20,2.30831,4.63651,0.4978550677125682,2.6579166666666665,8.47,-1.0,9.47,43.635,1.4275,2
UKP_0023,2025-01-21,2.32594,4.73989,0.490716029274941,1.315416666666667,6.65,-4.04,10.69,50.590833333333336,1.8225,2
UKP_0023,2025-01-22,2.20148,4.79029,0.4595713411922869,-0.4616666666666666,7.38,-6.39,13.77,63.29291666666666,2.575833333333333,2
UKP_0023,2025-01-23,2.26956,4.27821,0.5304928930557407,-2.52875,2.92,-6.83,9.75,71.50166666666667,2.2883333333333336,2
UKP_0023,2025-01-24,3.6019300000000003,4.787,0.7524399415082516,-0.6170833333333333,5.66,-7.07,12.73,46.45916666666667,2.21375,2
UKP_0023,2025-01-25,3.87415,5.01267,0.7728715435087489,2.5004166666666667,9.56,-3.16,12.72,25.06125,2.165833333333333,2
UKP_0023,2025-01-26,4.32475,5.05304,0.8558709212671975,3.10875,10.15,-1.03,11.18,23.33458333333333,2.23875,2
UKP_0023,2025-01-27,4.35491,5.14007,0.8472472164775967,2.9654166666666666,10.18,-1.2,11.38,23.3275,2.33625,2
UKP_0023,2025-01-28,4.34057,5.14576,0.8435236000124373,3.1208333333333336,10.49,-2.29,12.78,26.487916666666667,1.6429166666666666,2
UKP_0023,2025-01-29,1.89128,4.92604,0.383935169020146,-0.18875,6.42,-5.65,12.07,45.52916666666667,1.9583333333333333,2
UKP_0023,2025-01-30,4.10625,5.0048900000000005,0.8204476022450043,-2.058333333333333,4.61,-6.43,11.04,49.623333333333335,1.97625,2
UKP_0023,2025-01-31,4.29733,5.10526,0.8417455722137559,-1.7054166666666666,5.05,-6.77,11.82,51.08625,2.2204166666666665,2
UKP_0023,2025-02-01,4.47803,5.1727,0.8657045643474394,-2.083333333333333,4.41,-7.36,11.77,50.50833333333333,2.11125,2
UKP_0023,2025-02-02,4.730180000000001,5.48493,0.8623956914673478,0.5645833333333333,6.59,-7.83,14.42,25.346666666666664,1.515,2
UKP_0023,2025-02-03,4.617610000000001,5.500730000000001,0.839454036100663,3.682083333333333,11.4,-0.86,12.26,25.96083333333333,1.7387500000000002,2
UKP_0023,2025-02-04,1.19207,4.93008,0.241795264985558,0.9554166666666668,5.97,-4.4,10.37,83.67,3.39625,2
UKP_0023,2025-02-05,2.48592,4.959560000000001,0.5012380130495446,-2.415833333333333,4.37,-7.68,12.05,65.67791666666666,3.15875,2
UKP_0023,2025-02-06,4.64559,5.62701,0.8255876566773473,-2.0229166666666667,4.2,-7.7,11.9,21.83333333333333,1.5516666666666667,2
UKP_0023,2025-02-07,4.3203000000000005,5.504150000000001,0.7849168354786842,0.81625,7.93,-4.83,12.76,24.749583333333334,1.8741666666666663,2
UKP_0023,2025-02-08,3.89862,5.35286,0.7283246712972131,1.4754166666666666,8.53,-4.76,13.29,39.7675,1.7583333333333335,2
UKP_0023,2025-02-09,3.75656,5.1563,0.728537905086981,0.59875,7.12,-4.91,12.03,45.26083333333333,2.20375,2
UKP_0023,2025-02-10,2.794,5.33945,0.5232748691344614,-0.1320833333333333,6.34,-4.93,11.27,50.83208333333334,2.0625,2
UKP_0023,2025-02-11,4.0269900000000005,5.45256,0.7385503323209649,-0.8041666666666668,6.06,-6.9,12.96,55.58291666666667,2.165833333333333,2
UKP_0023,2025-02-12,3.96687,5.67723,0.698733361163807,-1.8033333333333332,5.02,-7.01,12.03,40.48291666666667,2.1879166666666667,2
UKP_0023,2025-02-13,3.86149,5.91424,0.6529139838762039,0.445,7.96,-6.19,14.15,20.85375,2.617083333333333,2
UKP_0023,2025-02-14,4.61204,5.7954,0.7958104703730545,1.8491666666666668,8.13,-3.05,11.18,28.5675,1.9666666666666668,2
UKP_0023,2025-02-15,1.5353899999999998,5.61659,0.2733669361658942,-0.7637499999999999,3.97,-3.79,7.76,49.836666666666666,1.7145833333333331,2
UKP_0023,2025-02-16,3.20188,5.69345,0.562379576530926,0.7158333333333333,7.61,-4.75,12.36,47.34583333333333,2.2029166666666664,2
UKP_0023,2025-02-17,3.78096,5.85771,0.645467255975458,-0.3183333333333333,6.16,-5.22,11.38,45.58625,2.4229166666666666,2
UKP_0023,2025-02-18,4.26585,5.9775,0.7136511919698871,-0.10875,6.45,-5.12,11.57,31.95208333333333,2.56,2
UKP_0023,2025-02-19,4.26001,6.04527,0.704684819702015,0.9229166666666668,7.69,-6.01,13.7,40.01708333333333,2.3208333333333333,2
UKP_0023,2025-02-20,0.99807,5.453390000000001,0.1830182693700615,-1.46125,4.1,-5.61,9.71,78.61458333333333,2.7550000000000003,2
UKP_0023,2025-02-21,3.62021,5.7654,0.6279200055503522,-0.8266666666666667,5.85,-6.15,12.0,62.38916666666666,2.3070833333333334,2
UKP_0023,2025-02-22,3.36387,5.88885,0.57122697980081,-0.6720833333333333,5.46,-5.05,10.51,70.86,2.103333333333333,2
UKP_0023,2025-02-23,3.1495,5.84315,0.5390072135748698,-0.6445833333333333,5.88,-6.71,12.59,66.94916666666667,2.5516666666666667,2
UKP_0023,2025-02-24,4.0606100000000005,6.09051,0.6667109979295659,0.2175,7.3,-7.1,14.4,46.63291666666667,2.889583333333333,2
UKP_0023,2025-02-25,4.36768,6.22247,0.7019206199467414,3.089166666666667,8.9,-2.6,11.5,39.50958333333333,2.057916666666667,2
UKP_0023,2025-02-26,4.20398,5.8907300000000005,0.7136602764003781,2.464583333333333,7.28,-0.51,7.79,65.21249999999999,1.5945833333333337,2
UKP_0023,2025-02-27,1.57249,5.65237,0.2782001178266816,0.5679166666666667,4.28,-1.73,6.01,83.93291666666667,1.7775,2
UKP_0023,2025-02-28,0.53318,5.92192,0.0900349886523289,-1.65125,-0.77,-4.26,3.49,98.25541666666668,2.5475,2
UKP_0023,2025-03-01,2.4788,6.02514,0.4114095274134708,-2.4008333333333334,2.12,-8.63,10.75,68.10875,1.555,2
UKP_0023,2025-03-02,4.6399300000000006,6.652819999999999,0.6974380788898544,-0.9975,5.64,-9.21,14.85,47.81708333333333,1.4904166666666667,2
UKP_0023,2025-03-03,3.2285099999999995,6.46072,0.4997136542057231,-0.4545833333333332,6.04,-5.85,11.89,64.70916666666666,2.3370833333333336,2
UKP_0023,2025-03-04,3.12272,6.19675,0.5039286722878928,-2.319166666666667,3.12,-7.1,10.22,75.70958333333333,2.8529166666666668,2
UKP_0023,2025-03-05,5.19518,6.98841,0.7433994284823013,0.99875,7.58,-5.79,13.37,40.34166666666667,2.0116666666666667,2
UKP_0023,2025-03-06,4.98107,6.62761,0.7515635349696195,1.0504166666666668,7.77,-5.06,12.829999999999998,58.04083333333333,2.053333333333333,2
UKP_0023,2025-03-07,4.722060000000001,6.71875,0.7028182325581397,0.5712499999999999,7.59,-8.92,16.509999999999998,59.81916666666666,2.37625,2
UKP_0023,2025-03-08,5.0178,6.85771,0.7317019821485599,1.3283333333333334,8.61,-9.36,17.97,56.56208333333333,2.20375,2
UKP_0023,2025-03-09,4.95851,6.58265,0.7532695798804433,2.9475,9.85,-4.29,14.14,60.29833333333334,2.075,2
UKP_0023,2025-03-10,3.26944,6.30402,0.5186277962316109,3.1020833333333333,8.91,-1.7,10.61,63.82833333333334,2.1708333333333334,2
UKP_0023,2025-03-11,3.8555,6.503100000000001,0.5928710922483122,3.5104166666666665,10.94,-2.45,13.39,63.69833333333333,2.754583333333333,2
UKP_0023,2025-03-12,4.97937,6.78442,0.7339418844941794,3.945833333333333,10.85,-1.68,12.53,63.59916666666667,2.5525,2
UKP_0023,2025-03-13,3.16161,6.70764,0.4713446159901247,2.8929166666666664,8.93,-2.74,11.67,69.58,2.984166666666667,2
UKP_0023,2025-03-14,4.33149,6.73362,0.6432632076060127,3.2091666666666665,8.95,-1.93,10.88,65.40666666666667,2.245833333333333,2
UKP_0023,2025-03-15,3.2318200000000004,6.4843,0.4984069213330661,1.7433333333333334,6.82,-2.05,8.870000000000001,82.68249999999999,2.734583333333333,2
UKP_0023,2025-03-16,2.72776,6.7001800000000005,0.4071174207260103,0.9875,6.16,-5.38,11.54,85.39375,3.1129166666666666,2
UKP_0023,2025-03-17,2.7319500000000003,6.67713,0.4091503385436558,0.0716666666666667,5.73,-5.49,11.22,62.34458333333333,2.652083333333333,2
UKP_0023,2025-03-18,4.73462,7.2043,0.6571936204766597,3.2770833333333336,9.17,-4.54,13.71,49.75791666666667,1.9079166666666667,2
UKP_0023,2025-03-19,3.71563,7.17195,0.5180780680289182,2.47375,8.63,-3.9,12.53,62.71791666666667,2.5816666666666666,2
UKP_0023,2025-03-20,4.38004,7.35966,0.595141623390211,2.3966666666666665,9.29,-4.05,13.34,56.80916666666667,2.572083333333333,2
UKP_0023,2025-03-21,3.56119,7.447850000000001,0.478150070154474,2.1283333333333334,8.59,-3.06,11.65,56.86000000000001,2.594583333333333,2
UKP_0023,2025-03-22,3.14306,7.29933,0.4305956848094276,1.836666666666667,8.14,-3.99,12.13,49.75375,2.161666666666666,2
UKP_0023,2025-03-23,5.43905,7.609439999999999,0.7147766458504174,3.556666666666666,12.13,-4.73,16.86,42.46625,2.527083333333333,2
UKP_0023,2025-03-24,6.50483,7.644339999999999,0.8509341552050277,6.153333333333333,13.44,-2.16,15.6,44.884166666666665,2.3916666666666666,2
UKP_0023,2025-03-25,6.12449,7.47224,0.8196323993875999,7.104583333333333,14.08,1.34,12.74,52.55166666666667,2.5195833333333333,2
UKP_0023,2025-03-26,4.95296,7.47567,0.6625439592705403,7.265833333333333,14.49,0.59,13.9,40.80916666666666,2.50125,2
UKP_0023,2025-03-27,5.04408,7.46741,0.6754791822064142,6.553333333333334,14.16,-0.08,14.24,47.24375,2.3095833333333333,2
UKP_0023,2025-03-28,5.48488,7.830070000000001,0.7004892676566109,4.89,11.57,-0.6,12.17,33.65416666666667,2.169583333333333,2
UKP_0023,2025-03-29,5.74385,8.04239,0.7141968991804676,6.199583333333333,13.27,-0.68,13.95,24.374583333333334,1.89125,2
UKP_0023,2025-03-30,5.06242,7.88483,0.6420455482236143,5.707083333333333,13.77,-1.11,14.88,33.9525,2.62,2
UKP_0023,2025-03-31,5.90721,7.974909999999999,0.7407243467324397,5.087916666666667,12.95,-2.92,15.87,38.48708333333333,2.5791666666666666,2
UKP_0023,2025-04-01,6.0585,8.038,0.7537322717093805,4.49,12.87,-3.84,16.71,41.97708333333333,2.8408333333333338,2
UKP_0023,2025-04-02,5.09512,8.10858,0.6283615626903847,4.332083333333333,12.37,-4.06,16.43,40.04583333333333,2.857083333333333,2
UKP_0023,2025-04-03,4.97292,7.884180000000001,0.6307466343995191,5.657916666666666,12.51,-2.4,14.91,40.68958333333333,2.4325,2
UKP_0023,2025-04-04,5.854430000000001,7.71045,0.7592851260302578,4.75125,11.59,-2.91,14.5,48.98166666666666,2.8058333333333336,2
UKP_0023,2025-04-05,6.50932,7.95374,0.818397382866425,7.082916666666667,15.3,-3.16,18.46,35.18666666666667,2.7566666666666664,2
UKP_0023,2025-04-06,6.64874,7.90163,0.8414390448553021,8.469583333333334,16.67,0.08,16.590000000000003,38.783750000000005,2.732083333333333,2
UKP_0023,2025-04-07,5.55039,7.42695,0.7473310039787531,9.202916666666669,16.41,1.49,14.92,46.0275,2.5066666666666664,2
UKP_0023,2025-04-08,5.48801,7.20324,0.761880764766966,9.13375,15.93,2.7,13.23,50.43125,2.335833333333333,2
UKP_0023,2025-04-09,4.64654,7.14866,0.6499875501142872,9.27,16.2,3.46,12.739999999999998,62.423750000000005,2.60125,2
UKP_0023,2025-04-10,5.97906,7.38394,0.8097384323274566,7.777916666666666,14.67,1.2,13.47,71.5025,3.083333333333333,2
UKP_0023,2025-04-11,5.08462,7.53126,0.6751353691148626,7.0875,14.06,0.23,13.83,65.89625,2.8350000000000004,2
UKP_0023,2025-04-12,3.99299,7.68054,0.5198840185716109,5.173333333333333,9.84,0.19,9.65,77.63833333333334,2.5900000000000003,2
UKP_0023,2025-04-13,4.99698,7.80269,0.6404175995714299,6.82,11.87,1.45,10.42,62.1475,2.3908333333333336,2
UKP_0023,2025-04-14,5.97276,7.82868,0.7629332147948313,9.264583333333333,16.99,0.99,15.999999999999998,48.33375,2.255,2
UKP_0023,2025-04-15,4.7432,7.869,0.6027703647223281,8.8225,14.97,3.3,11.670000000000002,61.8775,2.660416666666667,2
UKP_0023,2025-04-16,5.38783,7.907970000000001,0.6813164440431615,10.134166666666667,16.9,3.58,13.32,61.34958333333333,2.3866666666666667,2
UKP_0023,2025-04-17,4.318779999999999,7.75857,0.5566463923119853,9.488333333333332,15.41,4.86,10.55,62.77625,2.75,2
UKP_0023,2025-04-18,6.99002,8.10702,0.8622181763459322,10.826666666666666,17.87,5.02,12.85,56.32666666666666,2.8766666666666665,2
UKP_0023,2025-04-19,4.820729999999999,7.89699,0.61045157711989,9.06,15.32,3.92,11.4,63.32875000000001,2.8054166666666664,2
UKP_0023,2025-04-20,5.30213,7.82578,0.6775209627666507,9.3125,15.83,3.46,12.37,62.678333333333335,3.033333333333333,2
UKP_0023,2025-04-21,6.75443,8.06874,0.8371108748082104,9.772083333333333,16.36,3.07,13.29,57.713750000000005,2.900416666666666,2
UKP_0023,2025-04-22,5.62171,8.45091,0.6652194852388678,9.785,16.98,2.81,14.17,43.6125,2.6670833333333337,2
UKP_0023,2025-04-23,7.04017,8.69516,0.8096653770603416,9.7675,16.94,2.73,14.21,35.955416666666665,2.6575,2
UKP_0023,2025-04-24,5.24796,8.599350000000001,0.6102740323396535,8.811666666666666,15.7,2.26,13.44,35.93833333333333,3.01,2
UKP_0023,2025-04-25,6.39698,8.38979,0.7624720046628104,8.72625,15.09,1.83,13.26,38.885,3.1045833333333337,2
UKP_0023,2025-04-26,5.59873,8.50892,0.6579836218932602,9.401666666666666,16.88,2.15,14.73,28.57625,2.8341666666666665,2
UKP_0023,2025-04-27,4.83217,8.13785,0.5937895144294868,8.884583333333333,12.9,4.14,8.760000000000002,40.14333333333334,1.9195833333333332,2
UKP_0023,2025-04-28,5.56416,8.02785,0.693107120835591,9.92625,18.3,2.94,15.36,34.7025,2.7075,2
UKP_0023,2025-04-29,5.9667200000000005,8.35177,0.7144258043504551,10.498333333333331,18.83,3.2,15.63,31.92375,2.5258333333333334,2
UKP_0023,2025-04-30,5.70789,8.12561,0.7024568001663875,11.125,19.38,4.53,14.849999999999998,48.57875000000001,2.46625,2
UKP_0023,2025-05-01,3.71946,7.586150000000001,0.4902961317664427,9.55875,15.11,5.62,9.489999999999998,68.77833333333334,2.3145833333333337,2
UKP_0023,2025-05-02,4.47284,7.259390000000001,0.6161454337072397,8.7675,13.31,5.23,8.08,70.62458333333333,1.82625,2
UKP_0023,2025-05-03,3.00066,7.47174,0.4016012334476306,9.552916666666668,14.32,5.3,9.02,69.46833333333333,2.762083333333333,2
UKP_0023,2025-05-04,4.48655,7.42504,0.6042459030523741,7.94375,12.69,4.63,8.059999999999999,77.49,2.1241666666666665,2
UKP_0023,2025-05-05,3.84957,7.02102,0.5482921284941504,8.507916666666667,13.27,4.66,8.61,76.70458333333333,2.4658333333333333,2
UKP_0023,2025-05-06,4.82554,7.432930000000001,0.6492110110010453,8.824166666666667,13.99,5.17,8.82,79.78458333333333,2.5391666666666666,2
UKP_0023,2025-05-07,4.18388,7.746189999999999,0.5401210143309163,9.309166666666666,14.06,5.5,8.56,78.83708333333333,2.3404166666666666,2
UKP_0023,2025-05-08,4.94573,7.75108,0.6380697915645304,9.63,14.17,5.75,8.42,74.11541666666666,2.513333333333333,2
UKP_0023,2025-05-09,4.613,8.19384,0.5629839001005634,11.121666666666668,16.64,6.79,9.85,68.71249999999999,2.4704166666666665,2
UKP_0023,2025-05-10,3.48345,8.05729,0.4323351896233101,10.38375,15.79,6.48,9.31,75.98875,2.6133333333333333,2
UKP_0023,2025-05-11,3.9948,8.32051,0.4801148006552483,9.93375,14.53,4.82,9.71,79.54875,2.895833333333333,2
UKP_0023,2025-05-12,4.96687,8.77144,0.5662547996680135,9.92125,15.67,4.54,11.13,63.364583333333336,2.671666666666667,2
UKP_0023,2025-05-13,6.52204,8.71452,0.7484106984664674,10.922916666666666,17.02,5.43,11.59,56.18291666666667,3.045833333333333,2
UKP_0023,2025-05-14,6.75297,8.80415,0.767021234304277,11.476666666666668,17.52,5.75,11.77,56.4125,2.765833333333333,2
UKP_0023,2025-05-15,5.94583,8.82633,0.6736469178016231,11.784583333333332,17.94,6.14,11.8,58.61166666666667,2.938333333333333,2
UKP_0023,2025-05-16,5.75371,8.58835,0.669943586369908,11.45125,17.59,6.15,11.44,58.70041666666666,3.3091666666666666,2
UKP_0023,2025-05-17,5.48855,8.38218,0.6547878952730674,11.927916666666668,17.61,7.1,10.51,57.242916666666666,2.8425,2
UKP_0023,2025-05-18,5.45092,8.30914,0.6560149425813021,12.555,18.65,7.04,11.61,60.340833333333336,2.6879166666666667,2
UKP_0023,2025-05-19,5.34978,8.30599,0.6440869781928464,12.222916666666668,18.12,5.92,12.2,63.209583333333335,3.369166666666666,2
UKP_0023,2025-05-20,7.2145,8.723600000000001,0.8270094914943371,13.490416666666668,20.05,6.72,13.330000000000002,59.399166666666666,2.8575,2
UKP_0023,2025-05-21,4.80243,8.44455,0.568701707018136,11.871666666666668,18.98,7.28,11.7,65.58458333333333,2.73625,2
UKP_0023,2025-05-22,5.99673,8.47786,0.7073400598736002,13.034166666666666,20.48,5.79,14.69,54.71791666666667,2.4604166666666667,2
UKP_0023,2025-05-23,6.68728,8.54807,0.7823146043492859,14.300416666666663,21.62,7.11,14.510000000000002,56.55708333333333,2.252083333333333,2
UKP_0023,2025-05-24,6.486890000000001,8.767209999999999,0.7399035725162283,12.60625,17.4,7.48,9.919999999999998,76.98083333333334,2.7291666666666665,2
UKP_0023,2025-05-25,3.3500300000000003,8.636719999999999,0.3878822052816348,11.730833333333337,16.51,8.11,8.400000000000002,80.41250000000001,2.7062500000000003,2
UKP_0023,2025-05-26,6.088,8.55292,0.7118036880971644,12.293333333333337,18.04,8.65,9.39,79.59625,1.9891666666666667,2
UKP_0023,2025-05-27,7.04229,8.52839,0.8257467118647248,12.910416666666668,17.53,7.92,9.61,82.89416666666666,2.294583333333333,2
UKP_0023,2025-05-28,6.6623,8.61422,0.7734072266554605,12.76625,17.81,7.94,9.869999999999996,77.92916666666666,2.39,2
UKP_0023,2025-05-29,6.52489,8.65265,0.7540915210946936,12.713333333333331,18.13,7.66,10.47,75.19833333333334,2.4433333333333334,2
UKP_0023,2025-05-30,4.5659,8.72287,0.5234401062952904,11.970416666666669,18.1,6.18,11.920000000000002,63.67583333333334,2.625833333333333,2
UKP_0023,2025-05-31,6.07651,8.790119999999998,0.6912886285966519,11.188333333333333,17.13,5.45,11.68,55.37625,2.5904166666666666,2
UKP_0023,2025-06-01,5.4573,8.679969999999999,0.6287233711637253,9.980833333333331,15.68,3.78,11.9,54.27166666666667,3.0908333333333338,2
UKP_0023,2025-06-02,4.425590000000001,8.838809999999999,0.5006997548312501,8.989583333333334,13.56,3.33,10.23,60.79625000000001,2.6787499999999995,2
UKP_0023,2025-06-03,4.1873000000000005,8.7503,0.4785321646114991,7.95,13.44,2.41,11.03,66.01666666666667,3.0025,2
UKP_0023,2025-06-04,2.873,8.71408,0.329696307584966,8.050833333333333,13.16,3.85,9.31,68.08125,2.85875,2
UKP_0023,2025-06-05,4.55372,8.76692,0.5194207315682132,8.449166666666667,12.9,5.16,7.74,74.37416666666667,2.6558333333333333,2
UKP_0023,2025-06-06,7.10596,8.814729999999999,0.8061460759433358,12.36375,18.51,6.4,12.11,57.23291666666666,2.509583333333333,2
UKP_0023,2025-06-07,7.79784,8.82944,0.8831635981443897,14.2,20.68,8.54,12.14,58.26541666666666,2.5791666666666666,2
UKP_0023,2025-06-08,7.812390000000001,8.85573,0.8821847549552664,15.649583333333332,21.48,10.49,10.99,62.267500000000005,2.6104166666666666,2
UKP_0023,2025-06-09,7.834389999999999,8.99111,0.8713484764395051,15.72125,21.45,10.37,11.08,57.38916666666666,2.6425,2
UKP_0023,2025-06-10,7.7408,8.85277,0.8743929866019337,15.697916666666666,21.53,9.33,12.2,54.30583333333333,2.5675,2
UKP_0023,2025-06-11,6.00794,8.51654,0.7054437600246108,15.592916666666667,21.71,9.99,11.72,59.50125,2.8154166666666662,2
UKP_0023,2025-06-12,3.55465,8.379719999999999,0.4241967512040975,15.714166666666666,21.08,10.76,10.32,65.70708333333333,2.5708333333333333,2
UKP_0023,2025-06-13,2.32539,8.492659999999999,0.2738117386072208,15.03625,20.15,10.87,9.28,74.83291666666666,2.3529166666666668,2
UKP_0023,2025-06-14,7.32195,8.71674,0.8399871970484378,15.517083333333334,21.13,10.13,10.999999999999998,69.5725,2.860416666666667,2
UKP_0023,2025-06-15,2.38505,8.8263,0.270220817330025,14.713333333333331,20.0,10.05,9.95,73.34458333333333,2.872916666666667,2
UKP_0023,2025-06-16,5.24629,8.39042,0.6252714405238354,14.007083333333334,19.09,9.47,9.62,75.35083333333334,2.427083333333333,2
UKP_0023,2025-06-17,4.206860000000001,8.11322,0.5185191576217582,14.1875,18.36,10.68,7.68,77.00583333333334,2.52375,2
UKP_0023,2025-06-18,4.02976,8.51068,0.4734944798770485,13.746666666666668,18.0,9.97,8.03,77.79416666666667,2.3945833333333333,2
UKP_0023,2025-06-19,5.23114,8.624270000000001,0.6065603233664993,15.719583333333333,21.79,10.89,10.9,75.6425,2.605833333333333,2
UKP_0023,2025-06-20,5.43538,8.689950000000001,0.6254788577609767,16.277083333333334,22.16,12.08,10.08,78.4675,2.7429166666666664,2
UKP_0023,2025-06-21,4.81225,7.99933,0.6015816324617187,16.1225,20.99,12.05,8.939999999999998,80.85791666666667,2.490416666666667,2
UKP_0023,2025-06-22,5.493900000000001,7.926559999999999,0.6931001594638786,15.12375,19.49,11.69,7.799999999999999,84.2275,2.669583333333333,2
UKP_0023,2025-06-23,5.18714,8.34418,0.6216476634013169,15.177083333333334,19.24,11.75,7.489999999999998,85.58458333333334,2.709583333333333,2
UKP_0023,2025-06-24,5.12632,7.94445,0.6452705977128688,15.9,20.31,12.05,8.259999999999998,84.3925,2.695,2
UKP_0023,2025-06-25,4.54257,7.54764,0.6018530295562585,15.009166666666667,18.11,12.18,5.93,88.06791666666668,1.8808333333333331,2
UKP_0023,2025-06-26,4.86645,8.3034,0.5860791964737336,14.959583333333333,19.01,11.43,7.580000000000002,87.01458333333333,2.5429166666666667,2
UKP_0023,2025-06-27,4.91356,8.316780000000001,0.5908007666428593,15.118333333333334,19.41,11.59,7.82,84.97583333333334,2.998333333333333,2
UKP_0023,2025-06-28,6.45184,8.29732,0.7775811948918446,14.367916666666666,18.16,11.37,6.790000000000001,88.48375,2.795833333333333,2
UKP_0023,2025-06-29,1.34855,7.77735,0.1733945366995184,13.53875,16.78,10.61,6.170000000000002,90.8825,2.2429166666666664,2
UKP_0023,2025-06-30,3.68437,8.073929999999999,0.4563291978008232,13.121666666666668,15.41,10.98,4.43,89.20083333333334,2.138333333333333,2
UKP_0023,2025-07-01,4.789359999999999,7.842770000000001,0.6106719947161524,14.220416666666669,17.84,10.93,6.91,85.25541666666668,2.42,2
UKP_0023,2025-07-02,4.82059,8.48409,0.5681917565702391,14.875416666666666,18.73,11.76,6.970000000000001,87.8675,2.967083333333333,2
UKP_0023,2025-07-03,5.73258,8.51949,0.6728783060957875,14.7325,18.63,11.8,6.829999999999998,89.96041666666667,2.918333333333333,2
UKP_0023,2025-07-04,5.8198,8.74968,0.6651443252781816,16.286666666666665,21.87,10.7,11.170000000000002,80.59375,2.31375,2
UKP_0023,2025-07-05,5.97836,8.85886,0.6748452961216228,17.504166666666666,23.74,11.96,11.779999999999998,73.09291666666667,2.209583333333333,2
UKP_0023,2025-07-06,6.252560000000001,8.31155,0.7522736433035957,16.462500000000002,22.01,11.34,10.670000000000002,82.00916666666667,2.63,2
UKP_0023,2025-07-07,6.595650000000001,8.47268,0.7784608884083903,13.89875,17.52,11.31,6.209999999999999,85.85541666666667,1.4791666666666667,2
UKP_0023,2025-07-08,6.65338,8.50975,0.781853755985781,15.21375,18.62,11.87,6.750000000000002,85.06041666666667,2.0795833333333333,2
UKP_0023,2025-07-09,5.0002,8.26186,0.6052148063511121,13.991666666666667,16.64,11.53,5.110000000000001,91.31291666666668,2.695,2
UKP_0023,2025-07-10,3.52149,7.82362,0.4501100513573,12.232083333333334,14.51,10.08,4.43,91.32583333333334,1.9379166666666665,2
UKP_0023,2025-07-11,4.20676,8.16265,0.5153669457835385,13.26375,16.41,10.79,5.620000000000001,86.2725,2.049166666666667,2
UKP_0023,2025-07-12,5.16659,8.47542,0.6095969285297956,14.1575,18.31,11.0,7.309999999999999,83.33083333333333,2.085833333333333,2
UKP_0023,2025-07-13,5.75039,8.48724,0.6775335680386086,14.387916666666667,18.69,10.19,8.500000000000002,85.59541666666667,2.5766666666666667,2
UKP_0023,2025-07-14,4.54315,8.22613,0.5522827866809787,13.670833333333334,17.21,10.35,6.860000000000001,87.07249999999999,2.3091666666666666,2
UKP_0023,2025-07-15,5.09225,8.2222,0.6193293765658825,13.68625,17.83,10.18,7.649999999999999,87.47125,2.47125,2
UKP_0023,2025-07-16,3.89495,8.221200000000001,0.4737690361504402,12.964166666666666,16.27,9.86,6.41,88.97208333333333,2.1529166666666666,2
UKP_0023,2025-07-17,3.28087,8.29408,0.3955676820093368,12.645,16.1,9.85,6.250000000000002,90.75833333333333,1.6920833333333334,2
UKP_0023,2025-07-18,4.56916,8.35575,0.5468282320557699,14.30125,17.69,11.5,6.190000000000001,86.12916666666666,1.9291666666666665,2
UKP_0023,2025-07-19,6.09099,8.33168,0.7310638430664643,16.12,20.17,12.63,7.540000000000001,83.865,2.3858333333333333,2
UKP_0023,2025-07-20,4.04577,8.26614,0.4894388432811445,15.055,18.27,12.18,6.09,92.23958333333331,2.32,2
UKP_0023,2025-07-21,3.87587,8.03174,0.4825691568701178,13.557083333333331,16.5,11.11,5.390000000000001,93.96625,2.397083333333333,2
UKP_0023,2025-07-22,3.49258,8.03904,0.4344523724225778,14.413333333333334,17.18,11.76,5.42,92.42875,2.5854166666666667,2
UKP_0023,2025-07-23,4.29887,8.132010000000001,0.5286356017761905,14.27,16.87,11.75,5.120000000000001,94.31666666666666,2.43,2
UKP_0023,2025-07-24,3.99106,8.30561,0.4805258132756053,15.193333333333332,18.02,12.67,5.35,90.34291666666668,2.3554166666666667,2
UKP_0023,2025-07-25,4.888439999999999,8.31189,0.588126166250997,14.874583333333334,17.84,12.63,5.209999999999999,90.75041666666668,2.473333333333333,2
UKP_0023,2025-07-26,5.55129,8.14404,0.6816383514815743,15.61,18.37,12.97,5.4,89.955,2.220833333333333,2
UKP_0023,2025-07-27,4.95997,8.228639999999999,0.6027691088685373,15.235,19.29,12.18,7.109999999999999,88.18124999999999,2.4266666666666667,2
UKP_0023,2025-07-28,3.89672,8.239370000000001,0.4729390717979651,15.340833333333334,19.2,12.09,7.109999999999999,88.66041666666666,2.255416666666666,2
UKP_0023,2025-07-29,3.85169,7.96573,0.4835325827011461,14.114166666666668,17.4,10.98,6.419999999999998,91.43625,2.418333333333333,2
UKP_0023,2025-07-30,3.36255,7.96605,0.4221100796505169,14.04875,17.47,10.78,6.69,88.67750000000001,2.5729166666666665,2
UKP_0023,2025-07-31,4.98863,8.05936,0.6189858748089178,13.851666666666668,16.97,11.33,5.639999999999999,88.29791666666667,2.119166666666666,2
UKP_0023,2025-08-01,4.4086300000000005,8.05421,0.5473696365006625,14.510416666666666,17.79,11.18,6.609999999999999,89.85208333333333,2.4562500000000003,2
UKP_0023,2025-08-02,5.23939,8.0908,0.6475737875117418,14.5925,17.9,11.93,5.969999999999999,90.1825,2.5558333333333336,2
UKP_0023,2025-08-03,4.47618,8.114510000000001,0.5516266539815713,14.43875,17.81,11.79,6.02,89.59416666666668,2.47375,2
UKP_0023,2025-08-04,3.46331,8.11705,0.4266710196438361,14.0725,16.16,11.88,4.279999999999999,95.05166666666666,2.93875,2
UKP_0023,2025-08-05,3.56034,8.069,0.4412368323212293,12.701666666666666,14.72,10.64,4.08,97.18333333333334,2.89125,2
UKP_0023,2025-08-06,3.02094,7.777340000000001,0.3884284344004505,12.30125,14.47,10.56,3.91,93.87375,1.8329166666666667,2
UKP_0023,2025-08-07,5.452310000000001,8.08559,0.6743243226530161,14.620833333333332,17.98,11.11,6.870000000000001,88.84166666666665,2.4533333333333336,2
UKP_0023,2025-08-08,3.05919,8.00794,0.3820195955514152,13.96375,17.23,11.54,5.690000000000001,93.21291666666669,2.6625,2
UKP_0023,2025-08-09,4.82971,8.09684,0.5964931998162246,14.469166666666666,17.89,11.73,6.16,90.43166666666669,2.030416666666667,2
UKP_0023,2025-08-10,4.07046,8.07138,0.5043078135337452,13.489166666666668,16.66,9.71,6.949999999999999,94.21291666666669,2.4220833333333336,2
UKP_0023,2025-08-11,3.46855,7.83755,0.4425553903962335,13.955833333333333,17.6,10.14,7.460000000000001,91.11541666666666,2.4175,2
UKP_0023,2025-08-12,4.87172,7.65524,0.6363902372753826,15.491666666666667,18.85,11.99,6.860000000000001,89.87541666666668,2.2575,2
UKP_0023,2025-08-13,4.04493,7.4895,0.5400801121570199,15.19875,19.45,12.18,7.27,91.7025,2.62,2
UKP_0023,2025-08-14,3.58123,7.666819999999999,0.4671076143694518,13.664583333333333,16.35,11.38,4.970000000000001,95.09041666666668,2.1991666666666667,2
UKP_0023,2025-08-15,4.28902,7.91419,0.541940489171981,14.06,17.58,11.32,6.259999999999998,93.40583333333332,2.4833333333333334,2
UKP_0023,2025-08-16,4.05183,7.73363,0.5239234356957858,12.572916666666666,15.22,10.35,4.870000000000001,94.02958333333332,1.3420833333333333,2
UKP_0023,2025-08-17,4.19278,7.82776,0.5356296054043558,12.810416666666669,16.8,9.85,6.950000000000001,90.57125,2.1670833333333333,2
UKP_0023,2025-08-18,3.91385,7.900270000000001,0.4954071189971988,12.925833333333337,16.84,9.97,6.869999999999999,88.87833333333333,2.247916666666667,2
UKP_0023,2025-08-19,4.5953800000000005,7.81326,0.5881514246294121,13.651666666666666,16.8,10.55,6.25,90.24416666666669,2.763333333333333,2
UKP_0023,2025-08-20,4.889819999999999,7.83058,0.6244518286001802,13.365416666666668,16.44,10.68,5.760000000000002,91.415,2.710833333333333,2
UKP_0023,2025-08-21,5.546,7.70452,0.71983718648274,14.179583333333332,17.81,10.84,6.969999999999999,90.73833333333334,2.7304166666666667,2
UKP_0023,2025-08-22,4.69014,7.754779999999999,0.6048063259047969,14.18875,17.49,11.5,5.989999999999998,92.44208333333334,2.357083333333333,2
UKP_0023,2025-08-23,4.389060000000001,7.5649,0.5801874446456663,12.56,14.46,10.8,3.66,94.71708333333332,1.59,2
UKP_0023,2025-08-24,4.83016,7.596550000000001,0.6358360045020437,13.702083333333334,16.73,10.87,5.860000000000001,91.11458333333331,2.1329166666666666,2
UKP_0023,2025-08-25,3.2512600000000003,7.53289,0.4316085858150059,12.995,16.61,10.3,6.309999999999999,90.34083333333332,2.2270833333333333,2
UKP_0023,2025-08-26,3.38999,7.67542,0.4416683386707176,13.345416666666669,16.43,10.53,5.9,87.49374999999999,1.7920833333333333,2
UKP_0023,2025-08-27,5.56973,7.46586,0.7460265796572665,13.937083333333334,16.68,11.51,5.17,92.17416666666666,2.2279166666666668,2
UKP_0023,2025-08-28,4.7440500000000005,7.50075,0.6324767523247676,13.427916666666668,17.0,9.47,7.529999999999999,93.42916666666667,2.219583333333333,2
UKP_0023,2025-08-29,3.87925,7.33521,0.5288532979969217,12.120416666666666,15.02,8.97,6.049999999999999,91.47666666666667,1.51,2
UKP_0023,2025-08-30,4.62889,7.23329,0.639942543434592,12.734166666666669,16.14,10.04,6.100000000000001,91.59875,2.3316666666666666,2
UKP_0023,2025-08-31,3.76322,7.231829999999999,0.520368979912415,11.962916666666668,14.55,10.03,4.520000000000001,94.58291666666666,2.25875,2
UKP_0023,2025-09-01,1.93323,7.334020000000001,0.2635975904074436,10.420833333333333,12.85,7.77,5.08,91.52875,2.032083333333333,2
UKP_0023,2025-09-02,1.90578,7.0861,0.2689462468776901,10.834583333333336,14.03,7.88,6.15,91.4325,2.216666666666667,2
UKP_0023,2025-09-03,3.2001500000000003,7.34188,0.4358760971304353,11.639166666666666,15.31,8.13,7.18,86.20875000000001,1.6224999999999998,2
UKP_0023,2025-09-04,4.15128,7.34118,0.5654785742891469,12.432916666666666,16.4,8.84,7.559999999999999,82.54791666666667,1.8075,2
UKP_0023,2025-09-05,3.54651,7.35138,0.4824277890681749,12.664166666666668,16.16,9.39,6.77,86.4575,2.158333333333333,2
UKP_0023,2025-09-06,4.35429,7.226739999999999,0.6025247898775935,13.127916666666666,16.84,9.76,7.08,86.61666666666667,2.20375,2
UKP_0023,2025-09-07,4.00264,7.052899999999999,0.5675169079385785,12.230416666666663,15.37,9.17,6.199999999999999,90.17166666666668,1.8708333333333331,2
UKP_0023,2025-09-08,3.55377,7.13683,0.4979479684958168,12.93875,16.47,9.72,6.749999999999998,86.85583333333334,2.1454166666666667,2
UKP_0023,2025-09-09,4.83483,7.22235,0.6694261563064653,13.740833333333333,17.28,10.68,6.600000000000001,87.25625000000001,2.3779166666666667,2
UKP_0023,2025-09-10,5.82983,7.25671,0.803370949094011,14.27875,17.96,10.82,7.140000000000001,86.90249999999999,2.154166666666667,2
UKP_0023,2025-09-11,5.10081,7.23828,0.704699182678758,14.512083333333337,18.64,11.13,7.51,87.92583333333333,2.165,2
UKP_0023,2025-09-12,3.59648,7.067060000000001,0.508907523071829,13.45,16.45,11.31,5.139999999999999,93.53083333333332,1.8683333333333332,2
UKP_0023,2025-09-13,4.14237,7.12396,0.5814701373954935,12.67375,15.11,10.86,4.25,94.64791666666667,1.5220833333333337,2
UKP_0023,2025-09-14,3.25605,6.9633,0.4676015682219637,13.4225,17.01,10.78,6.230000000000002,93.82208333333334,2.55625,2
UKP_0023,2025-09-15,4.89112,7.01765,0.6969740582673687,13.532083333333333,17.34,10.54,6.800000000000001,91.96708333333332,2.4375,2
UKP_0023,2025-09-16,4.0053600000000005,6.95314,0.5760505325651433,12.88,15.77,10.06,5.709999999999999,94.47666666666667,2.855,2
UKP_0023,2025-09-17,5.53546,7.04641,0.7855716598948967,12.498333333333331,16.55,8.66,7.890000000000001,92.4525,2.31,2
UKP_0023,2025-09-18,4.51683,6.92423,0.6523223520882466,12.055416666666666,16.29,8.69,7.6,87.42541666666666,2.065,2
UKP_0023,2025-09-19,4.6845,6.87656,0.6812272415277405,11.962083333333332,16.01,9.3,6.710000000000001,89.355,1.731666666666667,2
UKP_0023,2025-09-20,5.4705,6.93715,0.7885803247731418,12.161666666666669,15.86,9.22,6.639999999999999,88.87708333333335,1.6958333333333335,2
UKP_0023,2025-09-21,6.40604,7.027819999999999,0.9115259070380288,13.405833333333334,18.26,9.11,9.150000000000002,77.65041666666666,1.7008333333333334,2
UKP_0023,2025-09-22,6.152279999999999,6.95789,0.884216335699472,13.81,18.56,9.49,9.07,81.3275,1.9566666666666668,2
UKP_0023,2025-09-23,5.52842,6.73524,0.8208200450169555,13.272916666666667,17.29,10.04,7.25,89.6825,2.1475,2
UKP_0023,2025-09-24,5.57254,6.85171,0.813306459263454,12.882916666666668,17.46,9.01,8.450000000000001,85.64666666666666,1.9108333333333332,2
UKP_0023,2025-09-25,6.08005,6.834350000000001,0.889631054891833,11.992916666666666,17.27,6.95,10.32,75.28,2.0504166666666666,2
UKP_0023,2025-09-26,6.41504,6.9339,0.9251705389463364,11.943333333333332,17.08,6.97,10.11,69.68083333333333,1.83375,2
UKP_0023,2025-09-27,6.11408,6.8555600000000005,0.8918425336515178,12.465000000000002,16.86,7.26,9.6,78.89874999999999,2.035,2
UKP_0023,2025-09-28,6.0294300000000005,6.63079,0.9093079406827844,12.784999999999998,17.18,9.15,8.03,87.0175,2.1416666666666666,2
UKP_0023,2025-09-29,4.7144200000000005,6.60126,0.7141697191142298,11.871666666666668,16.1,7.85,8.250000000000002,88.805,1.6933333333333334,2
UKP_0023,2025-09-30,4.96168,6.60053,0.7517093324323956,11.011666666666663,15.39,7.87,7.52,85.48333333333333,1.7895833333333335,2
UKP_0023,2025-10-01,4.59656,6.446059999999999,0.7130805484280321,10.77625,15.12,7.77,7.35,88.54708333333333,1.8016666666666667,2
UKP_0023,2025-10-02,4.60394,6.4385,0.715064067717636,10.66,14.47,7.64,6.830000000000001,87.02,1.6258333333333337,2
UKP_0023,2025-10-03,5.09788,6.53983,0.7795126173004496,10.01375,14.36,6.48,7.879999999999999,81.50750000000001,1.7441666666666666,2
UKP_0023,2025-10-04,5.75015,6.48504,0.886679187792211,9.783333333333331,15.28,5.31,9.97,73.60791666666667,1.6358333333333333,2
UKP_0023,2025-10-05,4.42256,6.44238,0.6864792204123321,8.654583333333333,13.84,5.05,8.79,57.3825,1.659166666666667,2
UKP_0023,2025-10-06,2.21103,6.20395,0.356390686578712,6.537916666666667,12.05,2.24,9.81,74.31375,2.1595833333333334,2
UKP_0023,2025-10-07,0.9893,5.92332,0.1670178210868229,4.51625,9.6,1.41,8.19,83.61541666666666,2.1875,2
UKP_0023,2025-10-08,3.04753,6.12765,0.4973407423726877,5.527916666666666,10.63,1.73,8.9,80.79333333333334,2.0695833333333336,2
UKP_0023,2025-10-09,4.01426,6.3103,0.6361440818978495,5.744166666666668,10.44,1.58,8.86,80.89625,2.18,2
UKP_0023,2025-10-10,4.0789,6.33799,0.6435636534611131,5.73875,11.34,0.69,10.65,74.1125,2.0975,2
UKP_0023,2025-10-11,4.74392,6.36483,0.7453333396178689,6.163333333333333,11.49,0.42,11.07,64.1925,2.0941666666666667,2
UKP_0023,2025-10-12,4.82017,6.19154,0.7785090623657442,8.13125,13.2,3.06,10.14,72.65291666666667,2.0283333333333333,2
UKP_0023,2025-10-13,4.92752,6.00197,0.8209837769932204,8.549583333333333,13.86,4.5,9.36,74.81458333333333,2.200416666666667,2
UKP_0023,2025-10-14,5.034470000000001,6.1002600000000005,0.8252877746194425,9.48125,14.86,4.63,10.23,73.64708333333333,1.9645833333333331,2
UKP_0023,2025-10-15,4.54183,5.88712,0.7714858878364974,8.571666666666667,13.44,4.98,8.459999999999999,76.23166666666667,2.0795833333333333,2
UKP_0023,2025-10-16,4.80327,5.91295,0.8123305625787468,8.305,13.64,4.42,9.22,68.52083333333333,2.0741666666666667,2
UKP_0023,2025-10-17,5.135149999999999,5.92692,0.8664112220175064,7.91125,12.7,4.21,8.489999999999998,78.04916666666666,1.7958333333333334,2
UKP_0023,2025-10-18,5.037310000000001,5.8933800000000005,0.8547404036393377,7.497916666666666,12.29,3.91,8.379999999999999,75.73916666666666,1.887916666666667,2
UKP_0023,2025-10-19,5.08019,5.85531,0.867621014088067,8.1225,12.94,4.23,8.709999999999999,75.22,1.9129166666666664,2
UKP_0023,2025-10-20,5.07943,5.76423,0.8811983560683734,7.980416666666667,12.97,4.32,8.65,71.5925,1.5370833333333334,2
UKP_0023,2025-10-21,4.41258,5.6983500000000005,0.774360999236621,7.1000000000000005,12.22,3.45,8.77,75.29291666666667,1.8179166666666668,2
UKP_0023,2025-10-22,4.34298,5.780270000000001,0.7513455253820323,6.2820833333333335,11.63,2.05,9.580000000000002,78.55791666666667,1.9475,2
UKP_0023,2025-10-23,4.035279999999999,5.43833,0.7420071970623334,5.597916666666666,10.24,2.22,8.02,79.65541666666667,2.130416666666666,2
UKP_0023,2025-10-24,4.83541,5.65276,0.8554069162674516,5.112916666666666,10.47,-0.07,10.54,78.66166666666666,2.0825,2
UKP_0023,2025-10-25,4.86301,5.66641,0.8582171074807506,4.547916666666667,9.82,-0.2,10.02,67.62166666666667,1.9966666666666668,2
UKP_0023,2025-10-26,4.960100000000001,5.582230000000001,0.8885517078300249,5.4558333333333335,10.84,0.38,10.46,75.09791666666666,2.0070833333333336,2
UKP_0023,2025-10-27,4.76516,5.60574,0.8500501271910578,5.336666666666667,10.78,1.26,9.52,60.992916666666666,1.924583333333333,2
UKP_0023,2025-10-28,3.96772,5.26666,0.7533655105892539,4.79875,10.66,0.22,10.44,56.67333333333334,2.267916666666667,2
UKP_0023,2025-10-29,4.96357,5.453060000000001,0.9102357208613144,6.478333333333333,11.33,0.12,11.21,67.32375,1.9070833333333332,2
UKP_0023,2025-10-30,3.31675,5.081930000000001,0.6526555855747717,6.746666666666667,10.04,3.24,6.799999999999999,58.74958333333333,1.1145833333333333,2
UKP_0023,2025-10-31,4.49075,5.2424,0.856621013276362,6.755,12.42,2.27,10.15,59.45375000000001,1.930416666666667,2
UKP_0023,2025-11-01,4.56216,5.2037,0.876714645348502,6.36625,12.04,2.02,10.02,64.13666666666667,1.8704166666666664,2
UKP_0023,2025-11-02,4.715529999999999,5.31493,0.8872233500723432,6.940833333333334,11.87,1.76,10.11,57.840833333333336,2.1216666666666666,2
UKP_0023,2025-11-03,4.90127,5.35258,0.9156836516222084,7.344166666666666,13.51,1.75,11.76,56.2775,1.4466666666666663,2
UKP_0023,2025-11-04,4.24684,5.07422,0.8369443973655063,4.019166666666666,9.1,-0.69,9.79,74.56041666666667,1.9820833333333332,2
UKP_0023,2025-11-05,3.5014000000000003,5.12652,0.6829974329564695,2.8745833333333333,8.36,-1.16,9.52,70.3075,1.8391666666666664,2
UKP_0023,2025-11-06,4.18046,5.31993,0.7858110914993243,2.462083333333333,8.78,-2.17,10.95,58.11291666666667,2.18,2
UKP_0023,2025-11-07,4.46246,5.31989,0.8388256148153439,3.83375,9.75,-1.23,10.98,44.298750000000005,1.9195833333333332,2
UKP_0023,2025-11-08,4.47207,5.2211300000000005,0.8565329727472787,3.3191666666666664,9.74,-3.04,12.78,42.04583333333333,1.9,2
UKP_0023,2025-11-09,4.569640000000001,5.24449,0.8713220923292828,2.13125,8.68,-3.74,12.42,43.36958333333333,1.995,2
UKP_0023,2025-11-10,4.62256,5.14396,0.8986384030980024,2.3291666666666666,8.87,-2.55,11.419999999999998,43.09916666666667,1.95375,2
UKP_0023,2025-11-11,4.55494,5.13356,0.8872867951285268,2.315,8.39,-2.52,10.91,35.46,1.8395833333333331,2
UKP_0023,2025-11-12,4.47463,5.04452,0.8870279035468192,2.7416666666666667,8.89,-2.32,11.21,35.905,1.6991666666666667,2
UKP_0023,2025-11-13,4.52549,5.12439,0.8831275527428629,1.14875,7.5,-4.79,12.29,42.85874999999999,2.1045833333333333,2
UKP_0023,2025-11-14,4.51493,5.03328,0.8970154650645304,2.1775,8.47,-5.49,13.96,47.64791666666667,2.0658333333333334,2
UKP_0023,2025-11-15,4.51694,4.98226,0.906604633238731,2.77125,8.63,-2.0,10.63,49.70541666666667,1.9958333333333331,2
UKP_0023,2025-11-16,4.522810000000001,4.98179,0.9078684569201032,4.49875,12.23,-3.11,15.34,38.30708333333333,2.2783333333333333,2
UKP_0023,2025-11-17,4.36972,4.77296,0.9155157386611242,6.159583333333334,12.96,0.96,12.0,41.73,1.8279166666666664,2
UKP_0023,2025-11-18,4.29016,4.7018,0.9124505508528648,6.08875,11.79,2.62,9.169999999999998,47.657916666666665,1.7833333333333332,2
UKP_0023,2025-11-19,4.0984300000000005,4.61256,0.8885369512808506,4.461666666666667,9.61,1.7,7.909999999999999,61.81375,1.8675,2
UKP_0023,2025-11-20,4.0194,4.56917,0.8796783660927477,3.60625,9.17,0.03,9.14,55.7525,1.6645833333333335,2
UKP_0023,2025-11-21,4.0147,4.56426,0.8795949398149973,2.0091666666666668,7.89,-3.3,11.19,51.13,1.7924999999999998,2
UKP_0023,2025-11-22,4.048719999999999,4.625,0.8753989189189187,0.3670833333333332,6.92,-6.34,13.26,48.89625,2.119166666666666,2
UKP_0023,2025-11-23,4.13926,4.5767,0.904420215439072,-0.6554166666666666,6.19,-7.71,13.9,49.38041666666666,2.294583333333333,2
UKP_0023,2025-11-24,4.25401,4.72663,0.9000090973907414,0.1541666666666666,6.74,-4.96,11.7,41.592083333333335,1.8695833333333327,2
UKP_0023,2025-11-25,4.1928,4.61413,0.9086870114192708,0.7091666666666666,7.19,-4.56,11.75,39.462916666666665,2.129166666666667,2
UKP_0023,2025-11-26,4.32185,4.61407,0.9366676274958984,1.6899999999999995,9.03,-5.08,14.11,35.3875,2.020833333333333,2
UKP_0023,2025-11-27,4.21471,4.67561,0.9014246269470724,2.9858333333333333,9.2,-1.03,10.23,26.5925,1.54375,2
UKP_0023,2025-11-28,4.09888,4.64333,0.8827457880443562,2.36875,8.69,-1.31,10.0,27.905,1.6191666666666666,2
UKP_0023,2025-11-29,4.090739999999999,4.5348500000000005,0.9020673230647096,2.965,9.62,-1.04,10.66,29.246666666666663,1.7645833333333334,2
UKP_0023,2025-11-30,3.70334,4.54387,0.8150189155939761,4.1762500000000005,10.24,-0.58,10.82,30.925416666666667,1.4095833333333332,2
UKP_0023,2025-12-01,3.80359,4.40579,0.8633162270557608,3.6220833333333338,10.19,-0.52,10.71,34.35875,1.518333333333333,2
UKP_0023,2025-12-02,3.86886,4.39052,0.8811849165930231,1.1145833333333333,7.25,-5.68,12.93,47.56375,1.69375,2
UKP_0023,2025-12-03,3.96311,4.51377,0.8780044175932756,-1.5933333333333335,5.68,-7.15,12.83,43.2325,2.4566666666666666,2
UKP_0023,2025-12-04,3.31242,4.47271,0.7405845672981257,0.8283333333333335,7.7,-7.55,15.25,32.14333333333333,1.778333333333333,2
UKP_0023,2025-12-05,3.92631,4.39291,0.8937833918746344,1.04,7.53,-2.92,10.45,31.04041666666667,1.9995833333333333,2
UKP_0023,2025-12-06,3.86582,4.36445,0.8857519275051841,3.0595833333333338,9.68,-1.81,11.49,32.17166666666667,1.705833333333333,2
UKP_0023,2025-12-07,3.86176,4.30423,0.8972011254045439,2.3004166666666666,8.21,-1.12,9.330000000000002,37.63041666666667,1.5287499999999998,2
UKP_0023,2025-12-08,3.13134,4.22362,0.7413877195391633,-0.0587499999999998,6.69,-5.92,12.61,47.46208333333333,2.242083333333333,2
UKP_0023,2025-12-09,3.84324,4.42501,0.8685268507867778,1.3708333333333331,9.33,-6.61,15.94,33.475,2.1083333333333334,2
UKP_0023,2025-12-10,3.87355,4.31412,0.8978772032303228,2.7445833333333334,10.21,-4.4,14.61,36.94791666666666,1.9695833333333332,2
UKP_0023,2025-12-11,4.03714,4.42267,0.9128286758903558,3.219583333333333,11.94,-5.18,17.119999999999997,33.27708333333333,2.276666666666667,2
UKP_0023,2025-12-12,3.99895,4.309159999999999,0.9280114917988658,2.2833333333333337,11.04,-4.05,15.09,36.755,2.5941666666666667,2
UKP_0023,2025-12-13,3.64282,4.2358400000000005,0.8599994334063609,3.6116666666666655,10.83,-3.1,13.93,39.40583333333333,2.364583333333333,2
UKP_0023,2025-12-14,3.61828,4.20607,0.8602519691778787,4.196666666666666,11.09,0.3,10.79,36.23083333333333,2.3829166666666666,2
UKP_0023,2025-12-15,3.67642,4.18117,0.879280201474707,3.052083333333333,11.06,-3.24,14.3,37.33375,2.634583333333333,2
UKP_0023,2025-12-16,3.84883,4.19875,0.9166609109854122,3.1933333333333334,11.53,-3.18,14.71,37.16791666666666,2.8654166666666665,2
UKP_0023,2025-12-17,3.90447,4.230359999999999,0.9229640030635692,5.43125,13.8,-3.02,16.82,28.61916666666667,2.494166666666666,2
UKP_0023,2025-12-18,3.42381,4.34883,0.7872945136967875,5.931666666666666,11.45,2.78,8.67,24.557916666666667,1.54125,2
UKP_0023,2025-12-19,3.46146,4.099069999999999,0.8444500825797073,6.795833333333333,13.2,2.91,10.29,32.084583333333335,2.1533333333333333,2
UKP_0023,2025-12-20,3.47096,4.151560000000001,0.8360616250277002,7.337083333333333,13.45,4.25,9.2,27.09625,1.3883333333333334,2
UKP_0023,2025-12-21,1.89459,4.1355200000000005,0.4581261848570433,5.78125,10.12,3.16,6.959999999999999,50.38166666666667,1.1366666666666667,2
UKP_0023,2025-12-22,2.96838,4.25708,0.6972807652193522,3.764583333333333,10.17,-0.94,11.11,34.13875,1.5408333333333333,2
UKP_0023,2025-12-23,4.05875,4.420319999999999,0.9182027545517067,0.9633333333333334,6.8,-2.72,9.52,24.81875,1.5429166666666667,2
UKP_0023,2025-12-24,3.9953,4.41495,0.9049479609055596,1.29,7.83,-2.18,10.01,25.56958333333333,1.7591666666666663,2
UKP_0023,2025-12-25,3.67662,4.31382,0.8522886907659568,3.7295833333333337,10.22,-0.81,11.03,23.479166666666668,1.768333333333333,2
UKP_0023,2025-12-26,2.14492,4.16008,0.515595853925886,1.7975,7.67,-3.55,11.22,31.969583333333333,1.731666666666667,2
UKP_0023,2025-12-27,3.76765,4.13329,0.9115377822509432,1.18,8.39,-4.55,12.94,30.70875,2.0654166666666667,2
UKP_0023,2025-12-28,3.62612,4.137779999999999,0.8763443199010098,1.3029166666666667,8.56,-3.8,12.36,38.57125,2.0791666666666666,2
UKP_0023,2025-12-29,2.88201,4.06419,0.7091228510478104,0.2112499999999999,7.81,-7.07,14.88,47.13833333333333,2.3241666666666667,2
UKP_0023,2025-12-30,3.37715,4.06771,0.8302337187262612,0.30875,8.13,-7.44,15.57,42.72875,2.564583333333333,2
UKP_0023,2025-12-31,2.8513200000000003,4.12041,0.6919990971772227,0.0675,5.88,-3.28,9.16,45.93875,1.68125,2
