timestamp_utc,GHI_Wm2,GHI_clearsky_Wm2,T_amb_C,RH_pct,wind_ms,point_id,cluster_id,year
2016-01-01 00:00:00+00:00,0.0,0.0,13.51,29.28,1.86,UKP_0004,0,2016
2016-01-01 01:00:00+00:00,3.58,5.28,13.67,27.89,1.76,UKP_0004,0,2016
2016-01-01 02:00:00+00:00,105.18,143.32,14.89,28.67,1.55,UKP_0004,0,2016
2016-01-01 03:00:00+00:00,272.65,348.55,18.08,24.78,1.16,UKP_0004,0,2016
2016-01-01 04:00:00+00:00,429.55,519.7,21.27,17.04,0.31,UKP_0004,0,2016
2016-01-01 05:00:00+00:00,530.65,637.2,23.85,14.03,1.7,UKP_0004,0,2016
2016-01-01 06:00:00+00:00,593.65,677.22,24.9,12.72,2.65,UKP_0004,0,2016
2016-01-01 07:00:00+00:00,562.1,663.22,25.24,12.16,3.21,UKP_0004,0,2016
2016-01-01 08:00:00+00:00,450.58,577.55,24.81,12.47,3.34,UKP_0004,0,2016
2016-01-01 09:00:00+00:00,337.12,431.33,23.9,14.23,2.99,UKP_0004,0,2016
2016-01-01 10:00:00+00:00,186.12,240.68,21.38,30.45,1.93,UKP_0004,0,2016
2016-01-01 11:00:00+00:00,33.1,44.45,18.2,33.88,2.23,UKP_0004,0,2016
2016-01-01 12:00:00+00:00,0.0,0.0,16.51,30.86,2.23,UKP_0004,0,2016
2016-01-01 13:00:00+00:00,0.0,0.0,15.48,31.46,2.19,UKP_0004,0,2016
2016-01-01 14:00:00+00:00,0.0,0.0,14.54,32.68,2.25,UKP_0004,0,2016
2016-01-01 15:00:00+00:00,0.0,0.0,13.69,33.94,2.4,UKP_0004,0,2016
2016-01-01 16:00:00+00:00,0.0,0.0,13.18,33.95,2.5,UKP_0004,0,2016
2016-01-01 17:00:00+00:00,0.0,0.0,12.99,33.42,2.53,UKP_0004,0,2016
2016-01-01 18:00:00+00:00,0.0,0.0,12.92,32.3,2.51,UKP_0004,0,2016
2016-01-01 19:00:00+00:00,0.0,0.0,12.98,31.21,2.4,UKP_0004,0,2016
2016-01-01 20:00:00+00:00,0.0,0.0,12.81,30.8,2.28,UKP_0004,0,2016
2016-01-01 21:00:00+00:00,0.0,0.0,12.78,30.74,2.12,UKP_0004,0,2016
2016-01-01 22:00:00+00:00,0.0,0.0,12.88,30.22,2.02,UKP_0004,0,2016
2016-01-01 23:00:00+00:00,0.0,0.0,12.92,29.83,1.97,UKP_0004,0,2016
2016-01-02 00:00:00+00:00,0.0,0.0,13.15,27.93,1.93,UKP_0004,0,2016
2016-01-02 01:00:00+00:00,3.67,4.35,13.01,27.05,1.86,UKP_0004,0,2016
2016-01-02 02:00:00+00:00,112.57,128.18,14.04,28.55,1.71,UKP_0004,0,2016
2016-01-02 03:00:00+00:00,295.2,326.6,17.36,27.15,1.33,UKP_0004,0,2016
2016-01-02 04:00:00+00:00,463.8,494.75,20.57,17.73,1.96,UKP_0004,0,2016
2016-01-02 05:00:00+00:00,605.97,611.0,22.88,15.22,3.56,UKP_0004,0,2016
2016-01-02 06:00:00+00:00,625.75,627.12,24.06,13.53,4.24,UKP_0004,0,2016
2016-01-02 07:00:00+00:00,605.17,611.38,24.65,12.58,4.75,UKP_0004,0,2016
2016-01-02 08:00:00+00:00,452.67,526.3,24.65,12.22,5.15,UKP_0004,0,2016
2016-01-02 09:00:00+00:00,330.42,384.08,24.03,12.57,5.16,UKP_0004,0,2016
2016-01-02 10:00:00+00:00,184.7,204.45,21.42,20.01,3.41,UKP_0004,0,2016
2016-01-02 11:00:00+00:00,30.6,35.0,16.18,32.12,3.23,UKP_0004,0,2016
2016-01-02 12:00:00+00:00,0.0,0.0,13.93,34.39,3.27,UKP_0004,0,2016
2016-01-02 13:00:00+00:00,0.0,0.0,13.19,34.97,3.0,UKP_0004,0,2016
2016-01-02 14:00:00+00:00,0.0,0.0,12.59,35.31,2.74,UKP_0004,0,2016
2016-01-02 15:00:00+00:00,0.0,0.0,12.06,35.68,2.6,UKP_0004,0,2016
2016-01-02 16:00:00+00:00,0.0,0.0,11.82,35.57,2.47,UKP_0004,0,2016
2016-01-02 17:00:00+00:00,0.0,0.0,11.86,34.78,2.34,UKP_0004,0,2016
2016-01-02 18:00:00+00:00,0.0,0.0,11.87,34.07,2.28,UKP_0004,0,2016
2016-01-02 19:00:00+00:00,0.0,0.0,11.85,33.65,2.26,UKP_0004,0,2016
2016-01-02 20:00:00+00:00,0.0,0.0,11.8,33.18,2.26,UKP_0004,0,2016
2016-01-02 21:00:00+00:00,0.0,0.0,11.64,33.17,2.28,UKP_0004,0,2016
2016-01-02 22:00:00+00:00,0.0,0.0,11.16,34.11,2.38,UKP_0004,0,2016
2016-01-02 23:00:00+00:00,0.0,0.0,10.67,34.87,2.48,UKP_0004,0,2016
2016-01-03 00:00:00+00:00,0.0,0.0,10.6,34.44,2.37,UKP_0004,0,2016
2016-01-03 01:00:00+00:00,0.0,0.0,10.74,33.64,2.11,UKP_0004,0,2016
2016-01-03 02:00:00+00:00,109.82,127.1,12.19,34.67,1.77,UKP_0004,0,2016
2016-01-03 03:00:00+00:00,276.62,312.25,16.05,28.82,1.31,UKP_0004,0,2016
2016-01-03 04:00:00+00:00,451.3,482.12,18.86,19.67,1.52,UKP_0004,0,2016
2016-01-03 05:00:00+00:00,579.0,600.15,20.91,17.25,2.9,UKP_0004,0,2016
2016-01-03 06:00:00+00:00,529.5,595.53,22.03,16.21,3.71,UKP_0004,0,2016
2016-01-03 07:00:00+00:00,498.4,583.1,23.12,15.27,4.47,UKP_0004,0,2016
2016-01-03 08:00:00+00:00,423.0,498.4,23.49,15.08,4.89,UKP_0004,0,2016
2016-01-03 09:00:00+00:00,324.2,360.75,23.1,15.77,4.6,UKP_0004,0,2016
2016-01-03 10:00:00+00:00,176.0,189.5,20.72,26.49,2.6,UKP_0004,0,2016
2016-01-03 11:00:00+00:00,31.42,32.75,16.89,34.56,2.38,UKP_0004,0,2016
2016-01-03 12:00:00+00:00,0.0,0.0,16.24,30.36,1.97,UKP_0004,0,2016
2016-01-03 13:00:00+00:00,0.0,0.0,16.23,28.1,1.37,UKP_0004,0,2016
2016-01-03 14:00:00+00:00,0.0,0.0,15.74,28.13,1.15,UKP_0004,0,2016
2016-01-03 15:00:00+00:00,0.0,0.0,14.86,29.87,1.63,UKP_0004,0,2016
2016-01-03 16:00:00+00:00,0.0,0.0,13.77,33.95,1.93,UKP_0004,0,2016
2016-01-03 17:00:00+00:00,0.0,0.0,13.63,35.47,1.96,UKP_0004,0,2016
2016-01-03 18:00:00+00:00,0.0,0.0,13.62,35.98,1.93,UKP_0004,0,2016
2016-01-03 19:00:00+00:00,0.0,0.0,13.76,35.55,1.85,UKP_0004,0,2016
2016-01-03 20:00:00+00:00,0.0,0.0,14.08,33.25,1.73,UKP_0004,0,2016
2016-01-03 21:00:00+00:00,0.0,0.0,13.67,32.64,1.7,UKP_0004,0,2016
2016-01-03 22:00:00+00:00,0.0,0.0,13.1,33.35,1.77,UKP_0004,0,2016
2016-01-03 23:00:00+00:00,0.0,0.0,12.8,33.28,1.79,UKP_0004,0,2016
2016-01-04 00:00:00+00:00,0.0,0.0,12.15,34.53,1.88,UKP_0004,0,2016
2016-01-04 01:00:00+00:00,0.0,0.0,11.36,36.3,2.11,UKP_0004,0,2016
2016-01-04 02:00:00+00:00,101.7,111.88,12.72,37.6,2.23,UKP_0004,0,2016
2016-01-04 03:00:00+00:00,260.0,282.67,17.09,29.92,2.32,UKP_0004,0,2016
2016-01-04 04:00:00+00:00,420.7,442.25,19.37,22.65,1.86,UKP_0004,0,2016
2016-01-04 05:00:00+00:00,509.88,552.6,20.47,21.09,1.54,UKP_0004,0,2016
2016-01-04 06:00:00+00:00,469.33,568.85,22.07,19.1,1.38,UKP_0004,0,2016
2016-01-04 07:00:00+00:00,434.55,551.15,23.44,17.55,1.5,UKP_0004,0,2016
2016-01-04 08:00:00+00:00,382.55,470.12,23.19,18.19,1.77,UKP_0004,0,2016
2016-01-04 09:00:00+00:00,288.58,343.1,21.17,30.96,1.43,UKP_0004,0,2016
2016-01-04 10:00:00+00:00,153.95,175.5,19.7,35.68,1.47,UKP_0004,0,2016
2016-01-04 11:00:00+00:00,27.33,30.6,18.99,29.81,1.14,UKP_0004,0,2016
2016-01-04 12:00:00+00:00,0.0,0.0,18.44,26.67,0.52,UKP_0004,0,2016
2016-01-04 13:00:00+00:00,0.0,0.0,17.2,28.94,1.02,UKP_0004,0,2016
2016-01-04 14:00:00+00:00,0.0,0.0,15.21,34.06,1.9,UKP_0004,0,2016
2016-01-04 15:00:00+00:00,0.0,0.0,14.16,38.12,2.47,UKP_0004,0,2016
2016-01-04 16:00:00+00:00,0.0,0.0,13.71,40.95,2.72,UKP_0004,0,2016
2016-01-04 17:00:00+00:00,0.0,0.0,13.65,40.69,2.78,UKP_0004,0,2016
2016-01-04 18:00:00+00:00,0.0,0.0,14.17,38.63,2.57,UKP_0004,0,2016
2016-01-04 19:00:00+00:00,0.0,0.0,14.62,36.66,2.24,UKP_0004,0,2016
2016-01-04 20:00:00+00:00,0.0,0.0,15.0,35.57,1.99,UKP_0004,0,2016
2016-01-04 21:00:00+00:00,0.0,0.0,15.08,35.28,1.78,UKP_0004,0,2016
2016-01-04 22:00:00+00:00,0.0,0.0,15.23,33.56,1.65,UKP_0004,0,2016
2016-01-04 23:00:00+00:00,0.0,0.0,15.13,32.59,1.6,UKP_0004,0,2016
2016-01-05 00:00:00+00:00,0.0,0.0,14.68,33.0,1.66,UKP_0004,0,2016
2016-01-05 01:00:00+00:00,0.0,0.0,14.47,33.28,1.6,UKP_0004,0,2016
2016-01-05 02:00:00+00:00,93.45,99.7,15.16,35.67,1.58,UKP_0004,0,2016
2016-01-05 03:00:00+00:00,250.3,264.05,18.23,32.36,1.65,UKP_0004,0,2016
2016-01-05 04:00:00+00:00,423.2,423.38,21.21,22.3,2.35,UKP_0004,0,2016
2016-01-05 05:00:00+00:00,541.8,543.88,23.51,19.59,3.44,UKP_0004,0,2016
2016-01-05 06:00:00+00:00,607.2,612.35,24.97,18.87,4.23,UKP_0004,0,2016
2016-01-05 07:00:00+00:00,563.25,601.08,25.74,19.04,4.75,UKP_0004,0,2016
2016-01-05 08:00:00+00:00,521.28,521.83,25.93,19.79,5.03,UKP_0004,0,2016
2016-01-05 09:00:00+00:00,382.67,385.55,25.71,20.93,5.01,UKP_0004,0,2016
2016-01-05 10:00:00+00:00,213.38,216.45,23.93,27.63,3.41,UKP_0004,0,2016
2016-01-05 11:00:00+00:00,38.9,39.4,19.18,40.68,2.87,UKP_0004,0,2016
2016-01-05 12:00:00+00:00,0.0,0.0,17.34,41.9,2.83,UKP_0004,0,2016
2016-01-05 13:00:00+00:00,0.0,0.0,17.2,40.87,2.5,UKP_0004,0,2016
2016-01-05 14:00:00+00:00,0.0,0.0,16.98,40.41,2.28,UKP_0004,0,2016
2016-01-05 15:00:00+00:00,0.0,0.0,16.05,42.55,2.42,UKP_0004,0,2016
2016-01-05 16:00:00+00:00,0.0,0.0,14.65,46.18,2.8,UKP_0004,0,2016
2016-01-05 17:00:00+00:00,0.0,0.0,13.87,48.48,3.06,UKP_0004,0,2016
2016-01-05 18:00:00+00:00,0.0,0.0,13.96,48.87,3.12,UKP_0004,0,2016
2016-01-05 19:00:00+00:00,0.0,0.0,13.98,48.8,3.11,UKP_0004,0,2016
2016-01-05 20:00:00+00:00,0.0,0.0,14.09,48.06,3.0,UKP_0004,0,2016
2016-01-05 21:00:00+00:00,0.0,0.0,14.32,47.06,2.78,UKP_0004,0,2016
2016-01-05 22:00:00+00:00,0.0,0.0,14.05,46.91,2.65,UKP_0004,0,2016
2016-01-05 23:00:00+00:00,0.0,0.0,13.24,48.43,2.74,UKP_0004,0,2016
2016-01-06 00:00:00+00:00,0.0,0.0,12.36,50.68,2.98,UKP_0004,0,2016
2016-01-06 01:00:00+00:00,0.0,0.0,11.92,51.75,3.09,UKP_0004,0,2016
2016-01-06 02:00:00+00:00,98.75,109.55,14.26,48.97,2.68,UKP_0004,0,2016
2016-01-06 03:00:00+00:00,259.38,282.92,18.76,35.5,3.09,UKP_0004,0,2016
2016-01-06 04:00:00+00:00,396.98,449.73,21.13,29.72,1.98,UKP_0004,0,2016
2016-01-06 05:00:00+00:00,519.35,569.0,23.39,25.68,1.3,UKP_0004,0,2016
2016-01-06 06:00:00+00:00,574.22,579.67,24.96,23.4,2.09,UKP_0004,0,2016
2016-01-06 07:00:00+00:00,553.17,570.4,25.51,22.86,2.81,UKP_0004,0,2016
2016-01-06 08:00:00+00:00,404.88,477.25,25.42,23.25,2.95,UKP_0004,0,2016
2016-01-06 09:00:00+00:00,284.65,342.85,24.21,28.34,2.18,UKP_0004,0,2016
2016-01-06 10:00:00+00:00,156.05,178.93,22.51,37.35,1.13,UKP_0004,0,2016
2016-01-06 11:00:00+00:00,30.8,32.75,21.46,33.8,0.67,UKP_0004,0,2016
2016-01-06 12:00:00+00:00,0.0,0.0,20.68,34.12,0.21,UKP_0004,0,2016
2016-01-06 13:00:00+00:00,0.0,0.0,19.56,36.66,1.05,UKP_0004,0,2016
2016-01-06 14:00:00+00:00,0.0,0.0,18.28,40.33,1.76,UKP_0004,0,2016
2016-01-06 15:00:00+00:00,0.0,0.0,17.26,44.05,2.21,UKP_0004,0,2016
2016-01-06 16:00:00+00:00,0.0,0.0,16.58,46.42,2.48,UKP_0004,0,2016
2016-01-06 17:00:00+00:00,0.0,0.0,16.12,47.54,2.69,UKP_0004,0,2016
2016-01-06 18:00:00+00:00,0.0,0.0,15.56,48.29,2.82,UKP_0004,0,2016
2016-01-06 19:00:00+00:00,0.0,0.0,15.27,47.93,2.79,UKP_0004,0,2016
2016-01-06 20:00:00+00:00,0.0,0.0,14.94,47.94,2.85,UKP_0004,0,2016
2016-01-06 21:00:00+00:00,0.0,0.0,14.67,47.93,2.9,UKP_0004,0,2016
2016-01-06 22:00:00+00:00,0.0,0.0,14.35,48.34,2.93,UKP_0004,0,2016
2016-01-06 23:00:00+00:00,0.0,0.0,14.04,48.84,2.95,UKP_0004,0,2016
2016-01-07 00:00:00+00:00,0.0,0.0,13.8,49.03,2.88,UKP_0004,0,2016
2016-01-07 01:00:00+00:00,0.0,0.0,13.81,48.54,2.68,UKP_0004,0,2016
2016-01-07 02:00:00+00:00,94.28,98.9,15.28,47.61,2.26,UKP_0004,0,2016
2016-01-07 03:00:00+00:00,250.55,266.27,18.85,39.52,1.98,UKP_0004,0,2016
2016-01-07 04:00:00+00:00,416.25,433.08,21.8,29.89,0.28,UKP_0004,0,2016
2016-01-07 05:00:00+00:00,525.47,552.8,24.08,25.82,1.68,UKP_0004,0,2016
2016-01-07 06:00:00+00:00,535.38,572.72,25.04,24.21,2.69,UKP_0004,0,2016
2016-01-07 07:00:00+00:00,528.1,563.4,25.44,23.51,3.27,UKP_0004,0,2016
2016-01-07 08:00:00+00:00,429.17,488.48,25.28,23.62,3.49,UKP_0004,0,2016
2016-01-07 09:00:00+00:00,266.15,353.52,24.83,24.3,3.43,UKP_0004,0,2016
2016-01-07 10:00:00+00:00,147.2,184.35,22.92,34.9,2.18,UKP_0004,0,2016
2016-01-07 11:00:00+00:00,29.77,34.47,19.76,43.11,2.24,UKP_0004,0,2016
2016-01-07 12:00:00+00:00,0.0,0.0,18.45,42.9,2.31,UKP_0004,0,2016
2016-01-07 13:00:00+00:00,0.0,0.0,17.87,42.98,2.29,UKP_0004,0,2016
2016-01-07 14:00:00+00:00,0.0,0.0,17.27,43.86,2.29,UKP_0004,0,2016
2016-01-07 15:00:00+00:00,0.0,0.0,16.56,45.81,2.41,UKP_0004,0,2016
2016-01-07 16:00:00+00:00,0.0,0.0,15.88,47.49,2.54,UKP_0004,0,2016
2016-01-07 17:00:00+00:00,0.0,0.0,15.19,49.0,2.66,UKP_0004,0,2016
2016-01-07 18:00:00+00:00,0.0,0.0,14.83,49.57,2.76,UKP_0004,0,2016
2016-01-07 19:00:00+00:00,0.0,0.0,14.82,49.4,2.7,UKP_0004,0,2016
2016-01-07 20:00:00+00:00,0.0,0.0,14.95,48.33,2.36,UKP_0004,0,2016
2016-01-07 21:00:00+00:00,0.0,0.0,14.89,47.86,2.05,UKP_0004,0,2016
2016-01-07 22:00:00+00:00,0.0,0.0,14.21,50.02,2.46,UKP_0004,0,2016
2016-01-07 23:00:00+00:00,0.0,0.0,13.51,52.45,2.79,UKP_0004,0,2016
2016-01-08 00:00:00+00:00,0.0,0.0,12.93,53.97,2.86,UKP_0004,0,2016
2016-01-08 01:00:00+00:00,0.0,0.0,12.27,55.39,2.89,UKP_0004,0,2016
2016-01-08 02:00:00+00:00,64.03,65.65,14.28,49.76,3.1,UKP_0004,0,2016
2016-01-08 03:00:00+00:00,182.6,186.7,17.62,39.52,4.13,UKP_0004,0,2016
2016-01-08 04:00:00+00:00,316.05,325.02,20.91,32.33,4.75,UKP_0004,0,2016
2016-01-08 05:00:00+00:00,431.4,436.5,23.13,28.17,5.69,UKP_0004,0,2016
2016-01-08 06:00:00+00:00,527.53,580.05,24.41,25.9,6.31,UKP_0004,0,2016
2016-01-08 07:00:00+00:00,460.52,565.62,25.01,25.06,6.75,UKP_0004,0,2016
2016-01-08 08:00:00+00:00,391.17,481.85,25.01,25.23,6.91,UKP_0004,0,2016
2016-01-08 09:00:00+00:00,277.55,349.15,24.54,25.78,6.72,UKP_0004,0,2016
2016-01-08 10:00:00+00:00,155.62,187.02,23.26,27.84,5.88,UKP_0004,0,2016
2016-01-08 11:00:00+00:00,29.25,36.38,19.24,38.14,3.64,UKP_0004,0,2016
2016-01-08 12:00:00+00:00,0.0,0.0,16.53,44.51,3.51,UKP_0004,0,2016
2016-01-08 13:00:00+00:00,0.0,0.0,15.64,46.0,3.5,UKP_0004,0,2016
2016-01-08 14:00:00+00:00,0.0,0.0,14.72,48.15,3.46,UKP_0004,0,2016
2016-01-08 15:00:00+00:00,0.0,0.0,13.93,50.09,3.46,UKP_0004,0,2016
2016-01-08 16:00:00+00:00,0.0,0.0,13.01,52.76,3.28,UKP_0004,0,2016
2016-01-08 17:00:00+00:00,0.0,0.0,12.21,55.38,3.17,UKP_0004,0,2016
2016-01-08 18:00:00+00:00,0.0,0.0,11.59,57.45,3.19,UKP_0004,0,2016
2016-01-08 19:00:00+00:00,0.0,0.0,11.18,59.24,3.26,UKP_0004,0,2016
2016-01-08 20:00:00+00:00,0.0,0.0,10.67,61.86,3.19,UKP_0004,0,2016
2016-01-08 21:00:00+00:00,0.0,0.0,10.17,64.57,3.12,UKP_0004,0,2016
2016-01-08 22:00:00+00:00,0.0,0.0,9.67,67.53,3.01,UKP_0004,0,2016
2016-01-08 23:00:00+00:00,0.0,0.0,9.23,70.36,2.89,UKP_0004,0,2016
2016-01-09 00:00:00+00:00,0.0,0.0,9.02,71.53,2.65,UKP_0004,0,2016
2016-01-09 01:00:00+00:00,0.0,0.0,9.16,70.35,2.28,UKP_0004,0,2016
2016-01-09 02:00:00+00:00,112.03,131.68,12.08,59.38,1.88,UKP_0004,0,2016
2016-01-09 03:00:00+00:00,272.35,322.42,15.67,45.3,2.59,UKP_0004,0,2016
2016-01-09 04:00:00+00:00,451.27,495.67,18.47,36.92,3.82,UKP_0004,0,2016
2016-01-09 05:00:00+00:00,606.67,616.47,20.87,30.78,5.06,UKP_0004,0,2016
2016-01-09 06:00:00+00:00,633.33,639.17,22.65,26.39,6.09,UKP_0004,0,2016
2016-01-09 07:00:00+00:00,618.5,627.9,23.45,24.31,6.8,UKP_0004,0,2016
2016-01-09 08:00:00+00:00,440.1,550.62,23.7,23.18,7.42,UKP_0004,0,2016
2016-01-09 09:00:00+00:00,318.38,408.73,23.43,22.91,7.49,UKP_0004,0,2016
2016-01-09 10:00:00+00:00,193.12,230.15,22.4,24.27,6.58,UKP_0004,0,2016
2016-01-09 11:00:00+00:00,44.35,48.12,18.5,33.24,4.1,UKP_0004,0,2016
2016-01-09 12:00:00+00:00,0.0,0.0,15.44,39.76,3.9,UKP_0004,0,2016
2016-01-09 13:00:00+00:00,0.0,0.0,14.42,40.78,3.8,UKP_0004,0,2016
2016-01-09 14:00:00+00:00,0.0,0.0,13.3,42.76,3.54,UKP_0004,0,2016
2016-01-09 15:00:00+00:00,0.0,0.0,12.4,44.71,3.4,UKP_0004,0,2016
2016-01-09 16:00:00+00:00,0.0,0.0,11.66,46.71,3.3,UKP_0004,0,2016
2016-01-09 17:00:00+00:00,0.0,0.0,11.05,48.75,3.23,UKP_0004,0,2016
2016-01-09 18:00:00+00:00,0.0,0.0,10.48,50.75,3.11,UKP_0004,0,2016
2016-01-09 19:00:00+00:00,0.0,0.0,10.1,51.92,2.93,UKP_0004,0,2016
2016-01-09 20:00:00+00:00,0.0,0.0,10.03,51.65,2.73,UKP_0004,0,2016
2016-01-09 21:00:00+00:00,0.0,0.0,10.09,50.81,2.48,UKP_0004,0,2016
2016-01-09 22:00:00+00:00,0.0,0.0,10.08,50.21,2.23,UKP_0004,0,2016
2016-01-09 23:00:00+00:00,0.0,0.0,10.0,49.99,2.03,UKP_0004,0,2016
2016-01-10 00:00:00+00:00,0.0,0.0,10.03,49.54,1.83,UKP_0004,0,2016
2016-01-10 01:00:00+00:00,0.0,0.0,10.17,49.0,1.71,UKP_0004,0,2016
2016-01-10 02:00:00+00:00,119.38,130.07,12.23,48.37,1.51,UKP_0004,0,2016
2016-01-10 03:00:00+00:00,304.08,319.75,16.19,35.92,0.95,UKP_0004,0,2016
2016-01-10 04:00:00+00:00,476.38,492.33,19.14,27.71,1.08,UKP_0004,0,2016
2016-01-10 05:00:00+00:00,604.88,613.12,21.76,22.55,2.72,UKP_0004,0,2016
2016-01-10 06:00:00+00:00,618.47,631.67,22.9,20.57,3.86,UKP_0004,0,2016
2016-01-10 07:00:00+00:00,579.92,620.95,23.45,19.62,4.41,UKP_0004,0,2016
2016-01-10 08:00:00+00:00,541.17,541.62,23.53,19.24,4.39,UKP_0004,0,2016
2016-01-10 09:00:00+00:00,403.33,404.6,23.11,19.62,4.05,UKP_0004,0,2016
2016-01-10 10:00:00+00:00,229.35,231.12,21.58,24.82,2.9,UKP_0004,0,2016
2016-01-10 11:00:00+00:00,49.0,49.53,17.26,38.2,2.45,UKP_0004,0,2016
2016-01-10 12:00:00+00:00,0.0,0.0,15.78,36.85,2.28,UKP_0004,0,2016
2016-01-10 13:00:00+00:00,0.0,0.0,16.01,33.67,1.56,UKP_0004,0,2016
2016-01-10 14:00:00+00:00,0.0,0.0,15.73,33.17,1.07,UKP_0004,0,2016
2016-01-10 15:00:00+00:00,0.0,0.0,14.94,34.83,1.49,UKP_0004,0,2016
2016-01-10 16:00:00+00:00,0.0,0.0,13.31,39.44,2.02,UKP_0004,0,2016
2016-01-10 17:00:00+00:00,0.0,0.0,12.4,42.17,2.44,UKP_0004,0,2016
2016-01-10 18:00:00+00:00,0.0,0.0,11.8,43.85,2.61,UKP_0004,0,2016
2016-01-10 19:00:00+00:00,0.0,0.0,11.69,43.92,2.57,UKP_0004,0,2016
2016-01-10 20:00:00+00:00,0.0,0.0,11.87,43.16,2.4,UKP_0004,0,2016
2016-01-10 21:00:00+00:00,0.0,0.0,12.03,42.35,2.17,UKP_0004,0,2016
2016-01-10 22:00:00+00:00,0.0,0.0,11.98,42.14,1.9,UKP_0004,0,2016
2016-01-10 23:00:00+00:00,0.0,0.0,12.65,39.68,1.54,UKP_0004,0,2016
2016-01-11 00:00:00+00:00,0.0,0.0,12.54,39.77,1.28,UKP_0004,0,2016
2016-01-11 01:00:00+00:00,0.0,0.0,12.08,41.03,1.26,UKP_0004,0,2016
2016-01-11 02:00:00+00:00,119.82,124.25,12.89,43.79,1.23,UKP_0004,0,2016
2016-01-11 03:00:00+00:00,292.3,310.25,16.54,33.88,0.88,UKP_0004,0,2016
2016-01-11 04:00:00+00:00,461.5,481.85,19.43,26.79,1.19,UKP_0004,0,2016
2016-01-11 05:00:00+00:00,582.05,602.17,21.67,23.63,2.34,UKP_0004,0,2016
2016-01-11 06:00:00+00:00,576.0,596.47,22.65,22.41,2.8,UKP_0004,0,2016
2016-01-11 07:00:00+00:00,556.8,588.42,23.26,21.68,2.95,UKP_0004,0,2016
2016-01-11 08:00:00+00:00,428.83,513.3,23.43,21.55,2.94,UKP_0004,0,2016
2016-01-11 09:00:00+00:00,311.73,381.02,23.04,22.16,2.96,UKP_0004,0,2016
2016-01-11 10:00:00+00:00,178.7,212.2,21.23,31.98,2.11,UKP_0004,0,2016
2016-01-11 11:00:00+00:00,39.05,45.45,17.46,40.27,2.28,UKP_0004,0,2016
2016-01-11 12:00:00+00:00,0.0,0.0,15.94,38.93,2.28,UKP_0004,0,2016
2016-01-11 13:00:00+00:00,0.0,0.0,15.36,38.99,2.08,UKP_0004,0,2016
2016-01-11 14:00:00+00:00,0.0,0.0,14.46,40.96,2.09,UKP_0004,0,2016
2016-01-11 15:00:00+00:00,0.0,0.0,13.53,42.92,2.26,UKP_0004,0,2016
2016-01-11 16:00:00+00:00,0.0,0.0,12.72,44.6,2.49,UKP_0004,0,2016
2016-01-11 17:00:00+00:00,0.0,0.0,12.27,45.37,2.57,UKP_0004,0,2016
2016-01-11 18:00:00+00:00,0.0,0.0,12.47,44.31,2.35,UKP_0004,0,2016
2016-01-11 19:00:00+00:00,0.0,0.0,12.74,43.2,1.95,UKP_0004,0,2016
2016-01-11 20:00:00+00:00,0.0,0.0,12.59,43.31,1.81,UKP_0004,0,2016
2016-01-11 21:00:00+00:00,0.0,0.0,11.96,44.69,2.18,UKP_0004,0,2016
2016-01-11 22:00:00+00:00,0.0,0.0,11.11,47.15,2.53,UKP_0004,0,2016
2016-01-11 23:00:00+00:00,0.0,0.0,10.38,49.26,2.77,UKP_0004,0,2016
2016-01-12 00:00:00+00:00,0.0,0.0,9.9,51.01,2.97,UKP_0004,0,2016
2016-01-12 01:00:00+00:00,0.0,0.0,10.05,51.3,3.05,UKP_0004,0,2016
2016-01-12 02:00:00+00:00,112.25,122.97,12.61,47.61,2.55,UKP_0004,0,2016
2016-01-12 03:00:00+00:00,297.3,310.5,16.56,35.34,2.75,UKP_0004,0,2016
2016-01-12 04:00:00+00:00,473.98,483.08,19.39,29.04,1.43,UKP_0004,0,2016
2016-01-12 05:00:00+00:00,593.83,604.0,21.82,25.41,1.44,UKP_0004,0,2016
2016-01-12 06:00:00+00:00,596.47,608.25,23.09,23.61,2.13,UKP_0004,0,2016
2016-01-12 07:00:00+00:00,568.65,596.65,23.69,22.74,2.35,UKP_0004,0,2016
2016-01-12 08:00:00+00:00,508.98,517.2,23.82,22.48,2.36,UKP_0004,0,2016
2016-01-12 09:00:00+00:00,374.17,380.75,23.49,22.92,2.23,UKP_0004,0,2016
2016-01-12 10:00:00+00:00,203.1,208.55,22.05,30.41,1.7,UKP_0004,0,2016
2016-01-12 11:00:00+00:00,43.55,44.53,18.88,36.41,1.73,UKP_0004,0,2016
2016-01-12 12:00:00+00:00,0.0,0.0,17.58,34.95,1.58,UKP_0004,0,2016
2016-01-12 13:00:00+00:00,0.0,0.0,17.55,34.04,0.97,UKP_0004,0,2016
2016-01-12 14:00:00+00:00,0.0,0.0,16.96,35.11,0.65,UKP_0004,0,2016
2016-01-12 15:00:00+00:00,0.0,0.0,15.36,39.16,1.43,UKP_0004,0,2016
2016-01-12 16:00:00+00:00,0.0,0.0,14.04,42.74,2.07,UKP_0004,0,2016
2016-01-12 17:00:00+00:00,0.0,0.0,12.98,45.68,2.41,UKP_0004,0,2016
2016-01-12 18:00:00+00:00,0.0,0.0,12.29,47.56,2.6,UKP_0004,0,2016
2016-01-12 19:00:00+00:00,0.0,0.0,11.78,48.82,2.76,UKP_0004,0,2016
2016-01-12 20:00:00+00:00,0.0,0.0,11.32,49.96,2.97,UKP_0004,0,2016
2016-01-12 21:00:00+00:00,0.0,0.0,11.05,50.24,3.13,UKP_0004,0,2016
2016-01-12 22:00:00+00:00,0.0,0.0,11.15,48.95,3.06,UKP_0004,0,2016
2016-01-12 23:00:00+00:00,0.0,0.0,11.49,46.95,2.86,UKP_0004,0,2016
2016-01-13 00:00:00+00:00,0.0,0.0,11.58,45.89,2.8,UKP_0004,0,2016
2016-01-13 01:00:00+00:00,0.0,0.0,11.75,44.73,2.69,UKP_0004,0,2016
2016-01-13 02:00:00+00:00,81.05,91.93,13.83,43.51,2.28,UKP_0004,0,2016
2016-01-13 03:00:00+00:00,228.7,253.65,18.33,32.59,2.08,UKP_0004,0,2016
2016-01-13 04:00:00+00:00,354.12,411.75,21.07,25.55,0.93,UKP_0004,0,2016
2016-01-13 05:00:00+00:00,442.3,530.72,23.12,22.32,1.97,UKP_0004,0,2016
2016-01-13 06:00:00+00:00,437.58,571.5,24.13,21.3,2.82,UKP_0004,0,2016
2016-01-13 07:00:00+00:00,461.38,560.58,24.49,21.48,3.15,UKP_0004,0,2016
2016-01-13 08:00:00+00:00,320.23,487.65,24.41,22.43,3.07,UKP_0004,0,2016
2016-01-13 09:00:00+00:00,238.98,355.9,23.67,24.35,2.95,UKP_0004,0,2016
2016-01-13 10:00:00+00:00,136.3,190.23,22.06,34.29,1.92,UKP_0004,0,2016
2016-01-13 11:00:00+00:00,35.83,41.75,19.41,37.89,1.65,UKP_0004,0,2016
2016-01-13 12:00:00+00:00,0.0,0.0,18.25,37.13,1.51,UKP_0004,0,2016
2016-01-13 13:00:00+00:00,0.0,0.0,18.03,36.77,1.41,UKP_0004,0,2016
2016-01-13 14:00:00+00:00,0.0,0.0,17.71,37.0,1.38,UKP_0004,0,2016
2016-01-13 15:00:00+00:00,0.0,0.0,16.43,40.56,1.54,UKP_0004,0,2016
2016-01-13 16:00:00+00:00,0.0,0.0,15.44,42.87,1.89,UKP_0004,0,2016
2016-01-13 17:00:00+00:00,0.0,0.0,14.37,45.54,2.2,UKP_0004,0,2016
2016-01-13 18:00:00+00:00,0.0,0.0,13.33,48.2,2.47,UKP_0004,0,2016
2016-01-13 19:00:00+00:00,0.0,0.0,12.61,50.08,2.66,UKP_0004,0,2016
2016-01-13 20:00:00+00:00,0.0,0.0,12.21,50.96,2.75,UKP_0004,0,2016
2016-01-13 21:00:00+00:00,0.0,0.0,12.22,50.47,2.66,UKP_0004,0,2016
2016-01-13 22:00:00+00:00,0.0,0.0,12.56,48.92,2.41,UKP_0004,0,2016
2016-01-13 23:00:00+00:00,0.0,0.0,12.75,47.89,2.2,UKP_0004,0,2016
2016-01-14 00:00:00+00:00,0.0,0.0,12.66,47.76,2.15,UKP_0004,0,2016
2016-01-14 01:00:00+00:00,0.0,0.0,12.74,47.01,2.04,UKP_0004,0,2016
2016-01-14 02:00:00+00:00,83.65,98.6,14.16,46.66,1.76,UKP_0004,0,2016
2016-01-14 03:00:00+00:00,225.43,266.73,17.62,37.35,1.78,UKP_0004,0,2016
2016-01-14 04:00:00+00:00,392.48,430.38,20.57,30.51,1.82,UKP_0004,0,2016
2016-01-14 05:00:00+00:00,392.27,549.1,22.4,27.73,2.47,UKP_0004,0,2016
2016-01-14 06:00:00+00:00,338.65,634.8,23.01,26.81,2.97,UKP_0004,0,2016
2016-01-14 07:00:00+00:00,275.45,621.78,23.19,26.27,3.44,UKP_0004,0,2016
2016-01-14 08:00:00+00:00,174.65,541.15,22.74,26.59,3.34,UKP_0004,0,2016
2016-01-14 09:00:00+00:00,173.45,402.23,21.65,29.54,2.4,UKP_0004,0,2016
2016-01-14 10:00:00+00:00,98.97,223.85,19.67,41.25,1.77,UKP_0004,0,2016
2016-01-14 11:00:00+00:00,23.85,50.92,17.36,44.24,2.45,UKP_0004,0,2016
2016-01-14 12:00:00+00:00,0.0,0.0,15.97,44.76,2.72,UKP_0004,0,2016
2016-01-14 13:00:00+00:00,0.0,0.0,15.39,44.97,2.68,UKP_0004,0,2016
2016-01-14 14:00:00+00:00,0.0,0.0,14.87,45.5,2.65,UKP_0004,0,2016
2016-01-14 15:00:00+00:00,0.0,0.0,14.41,46.4,2.63,UKP_0004,0,2016
2016-01-14 16:00:00+00:00,0.0,0.0,13.79,47.9,2.66,UKP_0004,0,2016
2016-01-14 17:00:00+00:00,0.0,0.0,13.63,48.98,2.6,UKP_0004,0,2016
2016-01-14 18:00:00+00:00,0.0,0.0,13.64,49.82,2.48,UKP_0004,0,2016
2016-01-14 19:00:00+00:00,0.0,0.0,13.56,50.05,2.29,UKP_0004,0,2016
2016-01-14 20:00:00+00:00,0.0,0.0,13.41,49.5,2.13,UKP_0004,0,2016
2016-01-14 21:00:00+00:00,0.0,0.0,13.35,49.48,2.0,UKP_0004,0,2016
2016-01-14 22:00:00+00:00,0.0,0.0,12.6,51.85,2.18,UKP_0004,0,2016
2016-01-14 23:00:00+00:00,0.0,0.0,11.54,55.26,2.39,UKP_0004,0,2016
2016-01-15 00:00:00+00:00,0.0,0.0,10.83,57.59,2.49,UKP_0004,0,2016
2016-01-15 01:00:00+00:00,0.0,0.0,10.46,58.95,2.37,UKP_0004,0,2016
2016-01-15 02:00:00+00:00,108.78,121.1,12.63,54.0,1.99,UKP_0004,0,2016
2016-01-15 03:00:00+00:00,275.42,308.4,16.33,41.04,2.23,UKP_0004,0,2016
2016-01-15 04:00:00+00:00,443.83,485.38,19.34,30.21,2.0,UKP_0004,0,2016
2016-01-15 05:00:00+00:00,540.8,612.17,21.22,24.72,2.2,UKP_0004,0,2016
2016-01-15 06:00:00+00:00,596.38,645.58,22.3,21.66,2.67,UKP_0004,0,2016
2016-01-15 07:00:00+00:00,566.0,642.9,22.85,19.91,3.3,UKP_0004,0,2016
2016-01-15 08:00:00+00:00,517.88,568.47,22.89,19.12,3.89,UKP_0004,0,2016
2016-01-15 09:00:00+00:00,397.7,432.23,22.36,19.33,4.33,UKP_0004,0,2016
2016-01-15 10:00:00+00:00,241.12,251.73,21.16,21.17,4.21,UKP_0004,0,2016
2016-01-15 11:00:00+00:00,60.12,62.22,16.68,34.19,2.95,UKP_0004,0,2016
2016-01-15 12:00:00+00:00,0.0,0.0,13.67,39.61,3.3,UKP_0004,0,2016
2016-01-15 13:00:00+00:00,0.0,0.0,12.75,40.92,3.29,UKP_0004,0,2016
2016-01-15 14:00:00+00:00,0.0,0.0,11.92,42.78,3.3,UKP_0004,0,2016
2016-01-15 15:00:00+00:00,0.0,0.0,11.16,45.35,3.23,UKP_0004,0,2016
2016-01-15 16:00:00+00:00,0.0,0.0,10.44,48.43,3.13,UKP_0004,0,2016
2016-01-15 17:00:00+00:00,0.0,0.0,9.86,50.98,3.07,UKP_0004,0,2016
2016-01-15 18:00:00+00:00,0.0,0.0,9.41,53.05,3.03,UKP_0004,0,2016
2016-01-15 19:00:00+00:00,0.0,0.0,9.08,54.35,2.97,UKP_0004,0,2016
2016-01-15 20:00:00+00:00,0.0,0.0,8.87,55.24,2.92,UKP_0004,0,2016
2016-01-15 21:00:00+00:00,0.0,0.0,8.64,55.94,2.87,UKP_0004,0,2016
2016-01-15 22:00:00+00:00,0.0,0.0,8.4,56.54,2.84,UKP_0004,0,2016
2016-01-15 23:00:00+00:00,0.0,0.0,8.04,57.77,2.86,UKP_0004,0,2016
2016-01-16 00:00:00+00:00,0.0,0.0,7.68,58.78,2.85,UKP_0004,0,2016
2016-01-16 01:00:00+00:00,0.0,0.0,7.52,59.01,2.77,UKP_0004,0,2016
2016-01-16 02:00:00+00:00,123.47,139.73,10.84,50.69,2.54,UKP_0004,0,2016
2016-01-16 03:00:00+00:00,278.92,336.6,14.76,38.95,2.91,UKP_0004,0,2016
2016-01-16 04:00:00+00:00,410.67,516.8,17.8,33.48,3.82,UKP_0004,0,2016
2016-01-16 05:00:00+00:00,523.33,643.58,20.44,28.58,4.25,UKP_0004,0,2016
2016-01-16 06:00:00+00:00,591.6,704.97,22.01,25.16,4.47,UKP_0004,0,2016
2016-01-16 07:00:00+00:00,585.05,694.53,22.83,23.24,4.87,UKP_0004,0,2016
2016-01-16 08:00:00+00:00,466.58,615.17,23.06,22.46,5.3,UKP_0004,0,2016
2016-01-16 09:00:00+00:00,337.12,472.0,22.73,22.68,5.31,UKP_0004,0,2016
2016-01-16 10:00:00+00:00,200.05,282.65,21.61,24.83,4.6,UKP_0004,0,2016
2016-01-16 11:00:00+00:00,53.72,75.9,17.12,37.79,3.0,UKP_0004,0,2016
2016-01-16 12:00:00+00:00,0.0,0.0,14.13,44.26,3.28,UKP_0004,0,2016
2016-01-16 13:00:00+00:00,0.0,0.0,13.29,45.66,3.13,UKP_0004,0,2016
2016-01-16 14:00:00+00:00,0.0,0.0,12.52,46.76,2.84,UKP_0004,0,2016
2016-01-16 15:00:00+00:00,0.0,0.0,11.65,48.4,2.58,UKP_0004,0,2016
2016-01-16 16:00:00+00:00,0.0,0.0,10.82,50.2,2.49,UKP_0004,0,2016
2016-01-16 17:00:00+00:00,0.0,0.0,10.18,51.89,2.5,UKP_0004,0,2016
2016-01-16 18:00:00+00:00,0.0,0.0,9.79,52.99,2.55,UKP_0004,0,2016
2016-01-16 19:00:00+00:00,0.0,0.0,9.77,53.31,2.42,UKP_0004,0,2016
2016-01-16 20:00:00+00:00,0.0,0.0,10.37,51.57,2.11,UKP_0004,0,2016
2016-01-16 21:00:00+00:00,0.0,0.0,11.04,49.66,1.69,UKP_0004,0,2016
2016-01-16 22:00:00+00:00,0.0,0.0,11.19,49.16,1.41,UKP_0004,0,2016
2016-01-16 23:00:00+00:00,0.0,0.0,10.82,50.15,1.23,UKP_0004,0,2016
2016-01-17 00:00:00+00:00,0.0,0.0,11.02,49.16,1.28,UKP_0004,0,2016
2016-01-17 01:00:00+00:00,0.0,0.0,10.65,49.83,1.5,UKP_0004,0,2016
2016-01-17 02:00:00+00:00,134.3,143.0,11.93,49.51,1.49,UKP_0004,0,2016
2016-01-17 03:00:00+00:00,320.9,339.15,15.68,36.21,1.4,UKP_0004,0,2016
2016-01-17 04:00:00+00:00,495.1,515.45,18.62,28.54,1.04,UKP_0004,0,2016
2016-01-17 05:00:00+00:00,634.75,638.17,20.56,25.3,2.17,UKP_0004,0,2016
2016-01-17 06:00:00+00:00,636.03,655.1,21.49,23.57,2.79,UKP_0004,0,2016
2016-01-17 07:00:00+00:00,601.72,642.38,21.99,22.36,2.89,UKP_0004,0,2016
2016-01-17 08:00:00+00:00,557.67,559.03,22.01,21.72,2.72,UKP_0004,0,2016
2016-01-17 09:00:00+00:00,415.58,419.77,21.59,21.73,2.61,UKP_0004,0,2016
2016-01-17 10:00:00+00:00,236.27,239.98,20.41,24.46,2.44,UKP_0004,0,2016
2016-01-17 11:00:00+00:00,58.75,59.7,16.03,39.4,2.38,UKP_0004,0,2016
2016-01-17 12:00:00+00:00,0.0,0.0,13.65,40.86,2.6,UKP_0004,0,2016
2016-01-17 13:00:00+00:00,0.0,0.0,14.09,37.5,1.84,UKP_0004,0,2016
2016-01-17 14:00:00+00:00,0.0,0.0,14.49,35.24,0.36,UKP_0004,0,2016
2016-01-17 15:00:00+00:00,0.0,0.0,13.51,38.17,1.19,UKP_0004,0,2016
2016-01-17 16:00:00+00:00,0.0,0.0,12.3,40.33,1.79,UKP_0004,0,2016
2016-01-17 17:00:00+00:00,0.0,0.0,11.35,42.82,1.96,UKP_0004,0,2016
2016-01-17 18:00:00+00:00,0.0,0.0,11.1,42.93,2.02,UKP_0004,0,2016
2016-01-17 19:00:00+00:00,0.0,0.0,11.06,42.54,2.06,UKP_0004,0,2016
2016-01-17 20:00:00+00:00,0.0,0.0,10.74,43.19,2.03,UKP_0004,0,2016
2016-01-17 21:00:00+00:00,0.0,0.0,10.52,43.31,1.96,UKP_0004,0,2016
2016-01-17 22:00:00+00:00,0.0,0.0,10.41,43.25,1.88,UKP_0004,0,2016
2016-01-17 23:00:00+00:00,0.0,0.0,10.2,43.36,1.84,UKP_0004,0,2016
2016-01-18 00:00:00+00:00,0.0,0.0,9.9,43.75,1.79,UKP_0004,0,2016
2016-01-18 01:00:00+00:00,0.0,0.0,9.73,43.64,1.75,UKP_0004,0,2016
2016-01-18 02:00:00+00:00,118.07,121.97,11.33,43.57,1.59,UKP_0004,0,2016
2016-01-18 03:00:00+00:00,287.05,304.77,15.27,32.9,1.16,UKP_0004,0,2016
2016-01-18 04:00:00+00:00,456.92,476.62,18.31,26.17,0.88,UKP_0004,0,2016
2016-01-18 05:00:00+00:00,587.53,597.58,20.7,22.04,1.8,UKP_0004,0,2016
2016-01-18 06:00:00+00:00,650.75,651.8,21.92,20.01,2.49,UKP_0004,0,2016
2016-01-18 07:00:00+00:00,642.97,643.65,22.53,19.03,2.83,UKP_0004,0,2016
2016-01-18 08:00:00+00:00,478.05,566.67,22.64,18.66,2.96,UKP_0004,0,2016
2016-01-18 09:00:00+00:00,365.25,428.12,22.26,18.97,2.85,UKP_0004,0,2016
2016-01-18 10:00:00+00:00,225.1,249.45,20.84,25.06,2.19,UKP_0004,0,2016
2016-01-18 11:00:00+00:00,60.72,64.55,16.81,35.9,2.24,UKP_0004,0,2016
2016-01-18 12:00:00+00:00,0.0,0.0,14.98,34.25,2.35,UKP_0004,0,2016
2016-01-18 13:00:00+00:00,0.0,0.0,14.68,32.98,2.03,UKP_0004,0,2016
2016-01-18 14:00:00+00:00,0.0,0.0,14.32,32.25,1.63,UKP_0004,0,2016
2016-01-18 15:00:00+00:00,0.0,0.0,13.66,32.87,1.57,UKP_0004,0,2016
2016-01-18 16:00:00+00:00,0.0,0.0,12.51,35.65,1.93,UKP_0004,0,2016
2016-01-18 17:00:00+00:00,0.0,0.0,11.3,39.06,2.39,UKP_0004,0,2016
2016-01-18 18:00:00+00:00,0.0,0.0,10.51,41.63,2.73,UKP_0004,0,2016
2016-01-18 19:00:00+00:00,0.0,0.0,10.26,42.44,2.86,UKP_0004,0,2016
2016-01-18 20:00:00+00:00,0.0,0.0,10.19,42.24,2.82,UKP_0004,0,2016
2016-01-18 21:00:00+00:00,0.0,0.0,10.22,41.64,2.68,UKP_0004,0,2016
2016-01-18 22:00:00+00:00,0.0,0.0,10.18,41.11,2.56,UKP_0004,0,2016
2016-01-18 23:00:00+00:00,0.0,0.0,10.11,40.68,2.49,UKP_0004,0,2016
2016-01-19 00:00:00+00:00,0.0,0.0,9.98,40.43,2.45,UKP_0004,0,2016
2016-01-19 01:00:00+00:00,2.5,3.5,9.65,40.97,2.58,UKP_0004,0,2016
2016-01-19 02:00:00+00:00,48.8,97.57,11.47,40.47,2.47,UKP_0004,0,2016
2016-01-19 03:00:00+00:00,129.02,274.02,16.26,28.65,2.72,UKP_0004,0,2016
2016-01-19 04:00:00+00:00,204.1,436.4,19.42,21.48,2.21,UKP_0004,0,2016
2016-01-19 05:00:00+00:00,229.38,552.97,21.42,18.24,2.26,UKP_0004,0,2016
2016-01-19 06:00:00+00:00,344.1,590.42,21.63,17.58,3.08,UKP_0004,0,2016
2016-01-19 07:00:00+00:00,214.85,590.38,21.03,18.27,2.59,UKP_0004,0,2016
2016-01-19 08:00:00+00:00,225.65,519.85,20.54,19.08,2.64,UKP_0004,0,2016
2016-01-19 09:00:00+00:00,189.5,388.98,19.77,21.02,3.0,UKP_0004,0,2016
2016-01-19 10:00:00+00:00,101.32,218.88,17.78,32.39,2.1,UKP_0004,0,2016
2016-01-19 11:00:00+00:00,30.48,55.58,15.1,39.99,2.44,UKP_0004,0,2016
2016-01-19 12:00:00+00:00,0.0,0.0,13.8,42.24,2.5,UKP_0004,0,2016
2016-01-19 13:00:00+00:00,0.0,0.0,13.06,44.88,2.41,UKP_0004,0,2016
2016-01-19 14:00:00+00:00,0.0,0.0,12.29,48.35,2.41,UKP_0004,0,2016
2016-01-19 15:00:00+00:00,0.0,0.0,11.48,52.19,2.31,UKP_0004,0,2016
2016-01-19 16:00:00+00:00,0.0,0.0,10.89,55.97,1.96,UKP_0004,0,2016
2016-01-19 17:00:00+00:00,0.0,0.0,10.5,58.29,1.39,UKP_0004,0,2016
2016-01-19 18:00:00+00:00,0.0,0.0,9.67,63.43,0.8,UKP_0004,0,2016
2016-01-19 19:00:00+00:00,0.0,0.0,8.95,68.21,0.45,UKP_0004,0,2016
2016-01-19 20:00:00+00:00,0.0,0.0,8.39,71.53,0.35,UKP_0004,0,2016
2016-01-19 21:00:00+00:00,0.0,0.0,8.23,71.72,0.39,UKP_0004,0,2016
2016-01-19 22:00:00+00:00,0.0,0.0,8.29,70.55,0.54,UKP_0004,0,2016
2016-01-19 23:00:00+00:00,0.0,0.0,8.33,69.65,0.75,UKP_0004,0,2016
2016-01-20 00:00:00+00:00,0.0,0.0,8.2,69.73,1.02,UKP_0004,0,2016
2016-01-20 01:00:00+00:00,2.45,3.3,8.06,70.45,1.28,UKP_0004,0,2016
2016-01-20 02:00:00+00:00,69.38,88.97,9.26,67.42,1.51,UKP_0004,0,2016
2016-01-20 03:00:00+00:00,201.73,259.62,10.98,57.4,2.04,UKP_0004,0,2016
2016-01-20 04:00:00+00:00,330.35,423.02,12.72,45.02,2.77,UKP_0004,0,2016
2016-01-20 05:00:00+00:00,434.83,541.8,14.85,34.64,3.1,UKP_0004,0,2016
2016-01-20 06:00:00+00:00,423.65,587.25,17.38,27.16,3.52,UKP_0004,0,2016
2016-01-20 07:00:00+00:00,407.45,586.7,18.77,24.43,3.71,UKP_0004,0,2016
2016-01-20 08:00:00+00:00,319.2,507.48,19.2,24.18,3.8,UKP_0004,0,2016
2016-01-20 09:00:00+00:00,247.95,375.48,19.04,24.98,3.8,UKP_0004,0,2016
2016-01-20 10:00:00+00:00,142.12,208.32,18.25,27.07,3.58,UKP_0004,0,2016
2016-01-20 11:00:00+00:00,39.5,53.62,14.47,40.24,2.62,UKP_0004,0,2016
2016-01-20 12:00:00+00:00,0.0,0.0,11.8,45.33,3.08,UKP_0004,0,2016
2016-01-20 13:00:00+00:00,0.0,0.0,11.02,46.58,3.13,UKP_0004,0,2016
2016-01-20 14:00:00+00:00,0.0,0.0,10.3,47.77,3.09,UKP_0004,0,2016
2016-01-20 15:00:00+00:00,0.0,0.0,9.59,48.94,3.04,UKP_0004,0,2016
2016-01-20 16:00:00+00:00,0.0,0.0,8.93,50.21,2.92,UKP_0004,0,2016
2016-01-20 17:00:00+00:00,0.0,0.0,8.36,51.19,2.82,UKP_0004,0,2016
2016-01-20 18:00:00+00:00,0.0,0.0,7.87,52.03,2.8,UKP_0004,0,2016
2016-01-20 19:00:00+00:00,0.0,0.0,7.49,52.65,2.8,UKP_0004,0,2016
2016-01-20 20:00:00+00:00,0.0,0.0,7.11,53.41,2.84,UKP_0004,0,2016
2016-01-20 21:00:00+00:00,0.0,0.0,6.71,53.92,2.87,UKP_0004,0,2016
2016-01-20 22:00:00+00:00,0.0,0.0,6.42,54.0,2.81,UKP_0004,0,2016
2016-01-20 23:00:00+00:00,0.0,0.0,6.43,52.81,2.62,UKP_0004,0,2016
2016-01-21 00:00:00+00:00,0.0,0.0,6.62,51.34,2.33,UKP_0004,0,2016
2016-01-21 01:00:00+00:00,3.22,4.15,6.55,50.97,2.19,UKP_0004,0,2016
2016-01-21 02:00:00+00:00,95.7,121.65,9.05,47.65,1.94,UKP_0004,0,2016
2016-01-21 03:00:00+00:00,257.4,327.45,12.89,32.93,3.0,UKP_0004,0,2016
2016-01-21 04:00:00+00:00,413.2,510.98,16.0,24.95,4.74,UKP_0004,0,2016
2016-01-21 05:00:00+00:00,540.42,642.08,18.43,20.58,5.47,UKP_0004,0,2016
2016-01-21 06:00:00+00:00,600.3,710.25,19.87,18.32,5.86,UKP_0004,0,2016
2016-01-21 07:00:00+00:00,551.75,704.25,20.67,16.9,6.24,UKP_0004,0,2016
2016-01-21 08:00:00+00:00,502.1,625.08,20.92,15.99,6.45,UKP_0004,0,2016
2016-01-21 09:00:00+00:00,392.23,483.25,20.52,15.8,6.27,UKP_0004,0,2016
2016-01-21 10:00:00+00:00,240.82,293.02,19.44,16.61,5.46,UKP_0004,0,2016
2016-01-21 11:00:00+00:00,75.43,87.2,14.91,26.66,3.34,UKP_0004,0,2016
2016-01-21 12:00:00+00:00,0.0,0.0,11.54,32.31,3.56,UKP_0004,0,2016
2016-01-21 13:00:00+00:00,0.0,0.0,10.56,33.03,3.56,UKP_0004,0,2016
2016-01-21 14:00:00+00:00,0.0,0.0,9.63,34.11,3.49,UKP_0004,0,2016
2016-01-21 15:00:00+00:00,0.0,0.0,8.73,35.55,3.43,UKP_0004,0,2016
2016-01-21 16:00:00+00:00,0.0,0.0,7.97,36.85,3.4,UKP_0004,0,2016
2016-01-21 17:00:00+00:00,0.0,0.0,7.29,38.13,3.35,UKP_0004,0,2016
2016-01-21 18:00:00+00:00,0.0,0.0,6.73,39.47,3.27,UKP_0004,0,2016
2016-01-21 19:00:00+00:00,0.0,0.0,6.27,40.4,3.16,UKP_0004,0,2016
2016-01-21 20:00:00+00:00,0.0,0.0,5.86,41.04,3.07,UKP_0004,0,2016
2016-01-21 21:00:00+00:00,0.0,0.0,5.43,41.4,2.96,UKP_0004,0,2016
2016-01-21 22:00:00+00:00,0.0,0.0,5.06,41.57,2.85,UKP_0004,0,2016
2016-01-21 23:00:00+00:00,0.0,0.0,4.86,41.43,2.72,UKP_0004,0,2016
2016-01-22 00:00:00+00:00,0.0,0.0,4.8,40.9,2.63,UKP_0004,0,2016
2016-01-22 01:00:00+00:00,3.67,3.92,4.91,40.43,2.52,UKP_0004,0,2016
2016-01-22 02:00:00+00:00,94.88,104.57,7.93,40.22,1.94,UKP_0004,0,2016
2016-01-22 03:00:00+00:00,262.7,296.25,12.33,24.72,2.23,UKP_0004,0,2016
2016-01-22 04:00:00+00:00,386.15,470.73,15.55,18.11,3.39,UKP_0004,0,2016
2016-01-22 05:00:00+00:00,481.73,601.85,18.05,14.61,4.23,UKP_0004,0,2016
2016-01-22 06:00:00+00:00,580.12,681.1,19.62,12.82,4.51,UKP_0004,0,2016
2016-01-22 07:00:00+00:00,610.55,677.85,20.55,11.64,4.7,UKP_0004,0,2016
2016-01-22 08:00:00+00:00,579.2,585.28,20.87,11.08,4.83,UKP_0004,0,2016
2016-01-22 09:00:00+00:00,430.45,446.25,20.18,11.43,4.75,UKP_0004,0,2016
2016-01-22 10:00:00+00:00,248.93,262.83,18.17,16.71,3.26,UKP_0004,0,2016
2016-01-22 11:00:00+00:00,70.85,75.07,13.49,27.72,3.0,UKP_0004,0,2016
2016-01-22 12:00:00+00:00,0.0,0.0,11.08,29.65,3.15,UKP_0004,0,2016
2016-01-22 13:00:00+00:00,0.0,0.0,10.47,30.05,2.91,UKP_0004,0,2016
2016-01-22 14:00:00+00:00,0.0,0.0,10.1,29.8,2.62,UKP_0004,0,2016
2016-01-22 15:00:00+00:00,0.0,0.0,9.53,30.32,2.53,UKP_0004,0,2016
2016-01-22 16:00:00+00:00,0.0,0.0,8.81,31.28,2.56,UKP_0004,0,2016
2016-01-22 17:00:00+00:00,0.0,0.0,8.1,32.39,2.65,UKP_0004,0,2016
2016-01-22 18:00:00+00:00,0.0,0.0,7.48,33.33,2.76,UKP_0004,0,2016
2016-01-22 19:00:00+00:00,0.0,0.0,7.14,33.63,2.77,UKP_0004,0,2016
2016-01-22 20:00:00+00:00,0.0,0.0,7.12,33.04,2.67,UKP_0004,0,2016
2016-01-22 21:00:00+00:00,0.0,0.0,7.27,32.07,2.54,UKP_0004,0,2016
2016-01-22 22:00:00+00:00,0.0,0.0,7.24,31.81,2.54,UKP_0004,0,2016
2016-01-22 23:00:00+00:00,0.0,0.0,7.03,31.8,2.6,UKP_0004,0,2016
2016-01-23 00:00:00+00:00,0.0,0.0,6.8,32.0,2.67,UKP_0004,0,2016
2016-01-23 01:00:00+00:00,3.8,4.22,6.92,31.6,2.62,UKP_0004,0,2016
2016-01-23 02:00:00+00:00,106.6,112.55,9.13,33.85,2.23,UKP_0004,0,2016
2016-01-23 03:00:00+00:00,291.55,308.95,13.78,22.4,2.07,UKP_0004,0,2016
2016-01-23 04:00:00+00:00,472.52,490.5,17.22,15.65,3.45,UKP_0004,0,2016
2016-01-23 05:00:00+00:00,577.35,618.97,19.59,13.28,4.86,UKP_0004,0,2016
2016-01-23 06:00:00+00:00,619.83,679.75,20.76,12.34,5.35,UKP_0004,0,2016
2016-01-23 07:00:00+00:00,665.33,668.1,21.48,11.8,5.56,UKP_0004,0,2016
2016-01-23 08:00:00+00:00,501.38,590.92,21.72,11.61,5.61,UKP_0004,0,2016
2016-01-23 09:00:00+00:00,376.58,450.48,21.48,11.84,5.41,UKP_0004,0,2016
2016-01-23 10:00:00+00:00,240.15,269.48,20.01,14.71,3.96,UKP_0004,0,2016
2016-01-23 11:00:00+00:00,72.05,78.62,14.84,26.72,3.14,UKP_0004,0,2016
2016-01-23 12:00:00+00:00,0.0,0.0,11.93,30.08,3.41,UKP_0004,0,2016
2016-01-23 13:00:00+00:00,0.0,0.0,11.11,30.83,3.26,UKP_0004,0,2016
2016-01-23 14:00:00+00:00,0.0,0.0,10.43,31.53,3.1,UKP_0004,0,2016
2016-01-23 15:00:00+00:00,0.0,0.0,9.93,31.83,2.94,UKP_0004,0,2016
2016-01-23 16:00:00+00:00,0.0,0.0,9.54,32.01,2.82,UKP_0004,0,2016
2016-01-23 17:00:00+00:00,0.0,0.0,9.26,31.94,2.74,UKP_0004,0,2016
2016-01-23 18:00:00+00:00,0.0,0.0,9.07,31.79,2.71,UKP_0004,0,2016
2016-01-23 19:00:00+00:00,0.0,0.0,9.01,31.36,2.71,UKP_0004,0,2016
2016-01-23 20:00:00+00:00,0.0,0.0,9.33,30.28,2.56,UKP_0004,0,2016
2016-01-23 21:00:00+00:00,0.0,0.0,9.64,28.99,2.39,UKP_0004,0,2016
2016-01-23 22:00:00+00:00,0.0,0.0,9.79,28.17,2.22,UKP_0004,0,2016
2016-01-23 23:00:00+00:00,0.0,0.0,9.84,27.69,2.02,UKP_0004,0,2016
2016-01-24 00:00:00+00:00,0.0,0.0,9.67,27.63,1.77,UKP_0004,0,2016
2016-01-24 01:00:00+00:00,4.35,4.53,10.12,26.82,1.69,UKP_0004,0,2016
2016-01-24 02:00:00+00:00,114.88,116.4,11.2,29.7,1.54,UKP_0004,0,2016
2016-01-24 03:00:00+00:00,296.17,310.1,14.96,22.04,1.19,UKP_0004,0,2016
2016-01-24 04:00:00+00:00,469.4,487.17,18.47,15.56,1.79,UKP_0004,0,2016
2016-01-24 05:00:00+00:00,602.47,615.25,20.64,13.85,3.33,UKP_0004,0,2016
2016-01-24 06:00:00+00:00,637.17,655.67,21.86,13.14,4.08,UKP_0004,0,2016
2016-01-24 07:00:00+00:00,608.45,649.47,22.49,12.81,4.48,UKP_0004,0,2016
2016-01-24 08:00:00+00:00,563.9,565.85,22.56,12.8,4.65,UKP_0004,0,2016
2016-01-24 09:00:00+00:00,422.58,429.25,22.08,13.11,4.6,UKP_0004,0,2016
2016-01-24 10:00:00+00:00,245.3,250.95,20.41,16.75,3.37,UKP_0004,0,2016
2016-01-24 11:00:00+00:00,69.72,71.62,15.46,28.58,2.87,UKP_0004,0,2016
2016-01-24 12:00:00+00:00,0.0,0.0,12.93,30.34,3.0,UKP_0004,0,2016
2016-01-24 13:00:00+00:00,0.0,0.0,12.21,30.51,2.86,UKP_0004,0,2016
2016-01-24 14:00:00+00:00,0.0,0.0,11.49,30.86,2.73,UKP_0004,0,2016
2016-01-24 15:00:00+00:00,0.0,0.0,10.55,32.12,2.81,UKP_0004,0,2016
2016-01-24 16:00:00+00:00,0.0,0.0,9.5,33.67,3.03,UKP_0004,0,2016
2016-01-24 17:00:00+00:00,0.0,0.0,8.69,34.72,3.28,UKP_0004,0,2016
2016-01-24 18:00:00+00:00,0.0,0.0,8.24,35.06,3.39,UKP_0004,0,2016
2016-01-24 19:00:00+00:00,0.0,0.0,8.07,35.15,3.3,UKP_0004,0,2016
2016-01-24 20:00:00+00:00,0.0,0.0,8.33,33.8,3.05,UKP_0004,0,2016
2016-01-24 21:00:00+00:00,0.0,0.0,9.06,31.34,2.63,UKP_0004,0,2016
2016-01-24 22:00:00+00:00,0.0,0.0,9.57,29.61,2.21,UKP_0004,0,2016
2016-01-24 23:00:00+00:00,0.0,0.0,9.16,29.9,1.95,UKP_0004,0,2016
2016-01-25 00:00:00+00:00,0.0,0.0,8.89,30.05,1.88,UKP_0004,0,2016
2016-01-25 01:00:00+00:00,3.88,4.22,8.59,30.55,1.91,UKP_0004,0,2016
2016-01-25 02:00:00+00:00,99.43,103.9,10.39,32.56,1.82,UKP_0004,0,2016
2016-01-25 03:00:00+00:00,287.0,293.77,14.72,21.7,1.7,UKP_0004,0,2016
2016-01-25 04:00:00+00:00,448.45,468.27,17.98,15.35,2.25,UKP_0004,0,2016
2016-01-25 05:00:00+00:00,576.5,601.03,19.97,12.74,3.31,UKP_0004,0,2016
2016-01-25 06:00:00+00:00,594.75,625.97,20.87,11.53,4.29,UKP_0004,0,2016
2016-01-25 07:00:00+00:00,611.12,612.75,21.37,10.92,5.05,UKP_0004,0,2016
2016-01-25 08:00:00+00:00,458.8,552.28,21.4,10.58,5.35,UKP_0004,0,2016
2016-01-25 09:00:00+00:00,345.35,422.58,21.0,10.65,5.14,UKP_0004,0,2016
2016-01-25 10:00:00+00:00,204.65,244.77,19.46,13.17,3.73,UKP_0004,0,2016
2016-01-25 11:00:00+00:00,62.3,70.85,14.34,24.55,3.0,UKP_0004,0,2016
2016-01-25 12:00:00+00:00,0.0,0.0,11.59,26.77,3.22,UKP_0004,0,2016
2016-01-25 13:00:00+00:00,0.0,0.0,10.88,27.0,2.97,UKP_0004,0,2016
2016-01-25 14:00:00+00:00,0.0,0.0,10.47,26.78,2.61,UKP_0004,0,2016
2016-01-25 15:00:00+00:00,0.0,0.0,10.07,26.75,2.43,UKP_0004,0,2016
2016-01-25 16:00:00+00:00,0.0,0.0,9.55,27.43,2.49,UKP_0004,0,2016
2016-01-25 17:00:00+00:00,0.0,0.0,9.19,27.97,2.59,UKP_0004,0,2016
2016-01-25 18:00:00+00:00,0.0,0.0,8.84,28.76,2.74,UKP_0004,0,2016
2016-01-25 19:00:00+00:00,0.0,0.0,8.49,29.71,2.95,UKP_0004,0,2016
2016-01-25 20:00:00+00:00,0.0,0.0,8.16,30.66,3.13,UKP_0004,0,2016
2016-01-25 21:00:00+00:00,0.0,0.0,8.03,31.06,3.15,UKP_0004,0,2016
2016-01-25 22:00:00+00:00,0.0,0.0,8.26,31.0,3.04,UKP_0004,0,2016
2016-01-25 23:00:00+00:00,0.0,0.0,9.12,30.06,2.77,UKP_0004,0,2016
2016-01-26 00:00:00+00:00,0.0,0.0,9.79,28.63,2.41,UKP_0004,0,2016
2016-01-26 01:00:00+00:00,2.53,4.22,10.35,27.97,2.11,UKP_0004,0,2016
2016-01-26 02:00:00+00:00,69.32,97.2,12.01,28.2,1.84,UKP_0004,0,2016
2016-01-26 03:00:00+00:00,185.82,274.3,15.43,23.75,1.58,UKP_0004,0,2016
2016-01-26 04:00:00+00:00,298.08,441.05,18.04,15.27,0.42,UKP_0004,0,2016
2016-01-26 05:00:00+00:00,428.0,561.83,20.24,13.05,1.02,UKP_0004,0,2016
2016-01-26 06:00:00+00:00,506.55,604.67,21.67,12.06,1.91,UKP_0004,0,2016
2016-01-26 07:00:00+00:00,516.72,607.92,22.34,11.74,2.61,UKP_0004,0,2016
2016-01-26 08:00:00+00:00,505.23,536.35,22.59,11.55,3.09,UKP_0004,0,2016
2016-01-26 09:00:00+00:00,402.08,410.38,22.36,11.64,3.27,UKP_0004,0,2016
2016-01-26 10:00:00+00:00,233.0,238.88,20.93,15.48,2.67,UKP_0004,0,2016
2016-01-26 11:00:00+00:00,69.35,70.8,17.01,24.3,2.22,UKP_0004,0,2016
2016-01-26 12:00:00+00:00,0.0,0.0,15.65,21.67,1.82,UKP_0004,0,2016
2016-01-26 13:00:00+00:00,0.0,0.0,16.31,18.09,1.06,UKP_0004,0,2016
2016-01-26 14:00:00+00:00,0.0,0.0,16.1,17.41,0.31,UKP_0004,0,2016
2016-01-26 15:00:00+00:00,0.0,0.0,14.2,20.85,1.37,UKP_0004,0,2016
2016-01-26 16:00:00+00:00,0.0,0.0,11.8,25.76,2.26,UKP_0004,0,2016
2016-01-26 17:00:00+00:00,0.0,0.0,10.16,29.61,2.84,UKP_0004,0,2016
2016-01-26 18:00:00+00:00,0.0,0.0,9.07,32.25,3.18,UKP_0004,0,2016
2016-01-26 19:00:00+00:00,0.0,0.0,8.62,33.37,3.39,UKP_0004,0,2016
2016-01-26 20:00:00+00:00,0.0,0.0,8.54,33.53,3.45,UKP_0004,0,2016
2016-01-26 21:00:00+00:00,0.0,0.0,8.73,33.21,3.32,UKP_0004,0,2016
2016-01-26 22:00:00+00:00,0.0,0.0,9.0,32.59,3.16,UKP_0004,0,2016
2016-01-26 23:00:00+00:00,0.0,0.0,9.13,32.71,3.07,UKP_0004,0,2016
2016-01-27 00:00:00+00:00,0.0,0.0,9.47,32.37,2.82,UKP_0004,0,2016
2016-01-27 01:00:00+00:00,4.0,4.62,9.88,32.28,2.38,UKP_0004,0,2016
2016-01-27 02:00:00+00:00,97.43,108.18,12.55,32.12,1.81,UKP_0004,0,2016
2016-01-27 03:00:00+00:00,264.0,294.65,16.73,21.67,1.07,UKP_0004,0,2016
2016-01-27 04:00:00+00:00,438.98,468.4,19.64,15.52,1.76,UKP_0004,0,2016
2016-01-27 05:00:00+00:00,561.3,593.67,21.66,13.46,2.86,UKP_0004,0,2016
2016-01-27 06:00:00+00:00,582.12,624.22,22.78,12.62,3.58,UKP_0004,0,2016
2016-01-27 07:00:00+00:00,587.2,618.95,23.44,12.16,4.03,UKP_0004,0,2016
2016-01-27 08:00:00+00:00,474.45,545.55,23.63,12.12,4.29,UKP_0004,0,2016
2016-01-27 09:00:00+00:00,351.08,413.35,23.28,12.54,4.42,UKP_0004,0,2016
2016-01-27 10:00:00+00:00,219.98,245.38,21.82,15.72,3.37,UKP_0004,0,2016
2016-01-27 11:00:00+00:00,68.85,75.32,17.26,25.86,2.87,UKP_0004,0,2016
2016-01-27 12:00:00+00:00,0.0,0.0,14.59,28.15,3.1,UKP_0004,0,2016
2016-01-27 13:00:00+00:00,0.0,0.0,13.94,28.6,2.95,UKP_0004,0,2016
2016-01-27 14:00:00+00:00,0.0,0.0,13.4,29.14,2.7,UKP_0004,0,2016
2016-01-27 15:00:00+00:00,0.0,0.0,12.66,30.28,2.57,UKP_0004,0,2016
2016-01-27 16:00:00+00:00,0.0,0.0,11.78,31.87,2.67,UKP_0004,0,2016
2016-01-27 17:00:00+00:00,0.0,0.0,11.08,32.91,2.79,UKP_0004,0,2016
2016-01-27 18:00:00+00:00,0.0,0.0,10.66,33.34,2.85,UKP_0004,0,2016
2016-01-27 19:00:00+00:00,0.0,0.0,10.56,33.07,2.81,UKP_0004,0,2016
2016-01-27 20:00:00+00:00,0.0,0.0,10.7,32.51,2.67,UKP_0004,0,2016
2016-01-27 21:00:00+00:00,0.0,0.0,10.91,31.92,2.5,UKP_0004,0,2016
2016-01-27 22:00:00+00:00,0.0,0.0,10.99,31.86,2.38,UKP_0004,0,2016
2016-01-27 23:00:00+00:00,0.0,0.0,10.93,32.1,2.34,UKP_0004,0,2016
2016-01-28 00:00:00+00:00,0.0,0.0,10.53,33.35,2.26,UKP_0004,0,2016
2016-01-28 01:00:00+00:00,4.35,5.0,11.26,32.61,2.1,UKP_0004,0,2016
2016-01-28 02:00:00+00:00,110.0,115.97,13.78,32.32,1.65,UKP_0004,0,2016
2016-01-28 03:00:00+00:00,302.4,314.9,17.92,23.9,1.03,UKP_0004,0,2016
2016-01-28 04:00:00+00:00,498.1,498.95,20.99,20.13,1.71,UKP_0004,0,2016
2016-01-28 05:00:00+00:00,615.65,634.53,23.09,18.65,3.6,UKP_0004,0,2016
2016-01-28 06:00:00+00:00,635.53,657.05,24.25,18.1,4.95,UKP_0004,0,2016
2016-01-28 07:00:00+00:00,613.22,659.0,24.91,17.97,5.77,UKP_0004,0,2016
2016-01-28 08:00:00+00:00,587.53,588.92,25.17,17.97,6.14,UKP_0004,0,2016
2016-01-28 09:00:00+00:00,453.75,455.55,25.07,18.17,6.01,UKP_0004,0,2016
2016-01-28 10:00:00+00:00,274.0,275.58,24.05,19.93,4.66,UKP_0004,0,2016
2016-01-28 11:00:00+00:00,89.5,90.2,19.35,29.83,3.1,UKP_0004,0,2016
2016-01-28 12:00:00+00:00,0.0,0.0,16.26,34.16,3.33,UKP_0004,0,2016
2016-01-28 13:00:00+00:00,0.0,0.0,15.6,34.6,3.02,UKP_0004,0,2016
2016-01-28 14:00:00+00:00,0.0,0.0,15.26,34.49,2.58,UKP_0004,0,2016
2016-01-28 15:00:00+00:00,0.0,0.0,14.02,37.01,2.83,UKP_0004,0,2016
2016-01-28 16:00:00+00:00,0.0,0.0,12.99,39.51,3.16,UKP_0004,0,2016
2016-01-28 17:00:00+00:00,0.0,0.0,12.4,41.62,3.23,UKP_0004,0,2016
2016-01-28 18:00:00+00:00,0.0,0.0,12.14,43.33,3.15,UKP_0004,0,2016
2016-01-28 19:00:00+00:00,0.0,0.0,12.18,44.41,2.92,UKP_0004,0,2016
2016-01-28 20:00:00+00:00,0.0,0.0,12.76,43.68,2.64,UKP_0004,0,2016
2016-01-28 21:00:00+00:00,0.0,0.0,13.5,42.41,2.29,UKP_0004,0,2016
2016-01-28 22:00:00+00:00,0.0,0.0,13.59,42.24,1.92,UKP_0004,0,2016
2016-01-28 23:00:00+00:00,0.0,0.0,13.31,42.83,1.89,UKP_0004,0,2016
2016-01-29 00:00:00+00:00,0.0,0.0,12.3,45.35,2.02,UKP_0004,0,2016
2016-01-29 01:00:00+00:00,3.8,5.05,12.2,44.91,1.98,UKP_0004,0,2016
2016-01-29 02:00:00+00:00,80.57,114.12,15.07,39.3,1.8,UKP_0004,0,2016
2016-01-29 03:00:00+00:00,200.88,301.77,19.16,29.15,1.44,UKP_0004,0,2016
2016-01-29 04:00:00+00:00,365.23,474.58,22.59,23.61,0.97,UKP_0004,0,2016
2016-01-29 05:00:00+00:00,501.0,599.58,25.05,19.08,2.65,UKP_0004,0,2016
2016-01-29 06:00:00+00:00,438.77,557.15,26.08,17.33,3.82,UKP_0004,0,2016
2016-01-29 07:00:00+00:00,486.88,562.75,26.52,16.37,4.66,UKP_0004,0,2016
2016-01-29 08:00:00+00:00,361.88,508.73,25.62,16.87,5.25,UKP_0004,0,2016
2016-01-29 09:00:00+00:00,230.73,388.98,24.69,18.08,3.8,UKP_0004,0,2016
2016-01-29 10:00:00+00:00,142.15,229.38,23.54,23.08,2.45,UKP_0004,0,2016
2016-01-29 11:00:00+00:00,42.17,73.57,20.84,33.41,1.79,UKP_0004,0,2016
2016-01-29 12:00:00+00:00,0.0,0.0,19.9,32.6,1.44,UKP_0004,0,2016
2016-01-29 13:00:00+00:00,0.0,0.0,20.14,31.42,0.99,UKP_0004,0,2016
2016-01-29 14:00:00+00:00,0.0,0.0,19.62,32.06,1.01,UKP_0004,0,2016
2016-01-29 15:00:00+00:00,0.0,0.0,18.5,34.32,1.36,UKP_0004,0,2016
2016-01-29 16:00:00+00:00,0.0,0.0,17.39,36.97,1.75,UKP_0004,0,2016
2016-01-29 17:00:00+00:00,0.0,0.0,16.57,39.02,2.13,UKP_0004,0,2016
2016-01-29 18:00:00+00:00,0.0,0.0,15.34,43.0,2.59,UKP_0004,0,2016
2016-01-29 19:00:00+00:00,0.0,0.0,14.59,45.97,2.91,UKP_0004,0,2016
2016-01-29 20:00:00+00:00,0.0,0.0,14.06,48.24,3.13,UKP_0004,0,2016
2016-01-29 21:00:00+00:00,0.0,0.0,13.74,50.21,3.24,UKP_0004,0,2016
2016-01-29 22:00:00+00:00,0.0,0.0,13.5,52.49,3.3,UKP_0004,0,2016
2016-01-29 23:00:00+00:00,0.0,0.0,13.33,54.3,3.33,UKP_0004,0,2016
2016-01-30 00:00:00+00:00,0.0,0.0,13.23,55.71,3.34,UKP_0004,0,2016
2016-01-30 01:00:00+00:00,4.43,4.97,13.43,56.13,3.29,UKP_0004,0,2016
2016-01-30 02:00:00+00:00,101.35,108.28,16.85,50.03,2.69,UKP_0004,0,2016
2016-01-30 03:00:00+00:00,285.58,297.45,21.09,37.48,3.3,UKP_0004,0,2016
2016-01-30 04:00:00+00:00,471.25,479.73,24.68,26.04,3.65,UKP_0004,0,2016
2016-01-30 05:00:00+00:00,604.08,616.45,26.6,23.76,4.09,UKP_0004,0,2016
2016-01-30 06:00:00+00:00,639.3,659.75,27.33,23.3,4.27,UKP_0004,0,2016
2016-01-30 07:00:00+00:00,652.58,668.08,27.82,22.86,4.42,UKP_0004,0,2016
2016-01-30 08:00:00+00:00,521.12,603.05,27.88,22.75,4.49,UKP_0004,0,2016
2016-01-30 09:00:00+00:00,394.88,473.55,27.63,22.89,4.57,UKP_0004,0,2016
2016-01-30 10:00:00+00:00,237.27,294.83,26.61,24.16,4.36,UKP_0004,0,2016
2016-01-30 11:00:00+00:00,84.4,104.15,22.47,33.35,2.96,UKP_0004,0,2016
2016-01-30 12:00:00+00:00,0.0,0.0,18.99,40.15,3.32,UKP_0004,0,2016
2016-01-30 13:00:00+00:00,0.0,0.0,18.07,42.34,3.4,UKP_0004,0,2016
2016-01-30 14:00:00+00:00,0.0,0.0,17.33,44.63,3.41,UKP_0004,0,2016
2016-01-30 15:00:00+00:00,0.0,0.0,16.66,46.99,3.41,UKP_0004,0,2016
2016-01-30 16:00:00+00:00,0.0,0.0,16.13,48.95,3.44,UKP_0004,0,2016
2016-01-30 17:00:00+00:00,0.0,0.0,15.63,50.63,3.45,UKP_0004,0,2016
2016-01-30 18:00:00+00:00,0.0,0.0,15.14,51.87,3.43,UKP_0004,0,2016
2016-01-30 19:00:00+00:00,0.0,0.0,14.68,52.94,3.41,UKP_0004,0,2016
2016-01-30 20:00:00+00:00,0.0,0.0,14.31,53.7,3.39,UKP_0004,0,2016
2016-01-30 21:00:00+00:00,0.0,0.0,14.01,54.23,3.38,UKP_0004,0,2016
2016-01-30 22:00:00+00:00,0.0,0.0,13.74,54.48,3.39,UKP_0004,0,2016
2016-01-30 23:00:00+00:00,0.0,0.0,13.44,54.86,3.36,UKP_0004,0,2016
2016-01-31 00:00:00+00:00,0.0,0.0,13.14,55.16,3.36,UKP_0004,0,2016
2016-01-31 01:00:00+00:00,4.43,6.15,13.5,52.81,3.27,UKP_0004,0,2016
2016-01-31 02:00:00+00:00,72.93,129.05,17.44,41.36,3.3,UKP_0004,0,2016
2016-01-31 03:00:00+00:00,177.98,323.05,20.71,33.24,3.93,UKP_0004,0,2016
2016-01-31 04:00:00+00:00,303.48,497.25,23.33,28.94,4.6,UKP_0004,0,2016
2016-01-31 05:00:00+00:00,359.2,619.22,25.21,25.81,5.2,UKP_0004,0,2016
2016-01-31 06:00:00+00:00,333.85,711.3,26.34,24.27,5.49,UKP_0004,0,2016
2016-01-31 07:00:00+00:00,253.57,701.75,26.71,23.46,5.37,UKP_0004,0,2016
2016-01-31 08:00:00+00:00,311.12,621.95,26.78,22.46,5.18,UKP_0004,0,2016
2016-01-31 09:00:00+00:00,253.65,479.45,26.35,21.94,5.19,UKP_0004,0,2016
2016-01-31 10:00:00+00:00,164.35,291.75,25.39,22.4,5.2,UKP_0004,0,2016
2016-01-31 11:00:00+00:00,72.38,100.97,22.28,28.29,3.44,UKP_0004,0,2016
2016-01-31 12:00:00+00:00,0.0,0.0,19.07,34.58,3.45,UKP_0004,0,2016
2016-01-31 13:00:00+00:00,0.0,0.0,18.35,35.47,3.64,UKP_0004,0,2016
2016-01-31 14:00:00+00:00,0.0,0.0,17.66,36.38,3.77,UKP_0004,0,2016
2016-01-31 15:00:00+00:00,0.0,0.0,16.8,37.37,3.84,UKP_0004,0,2016
2016-01-31 16:00:00+00:00,0.0,0.0,15.3,39.61,3.57,UKP_0004,0,2016
2016-01-31 17:00:00+00:00,0.0,0.0,14.13,40.96,3.45,UKP_0004,0,2016
2016-01-31 18:00:00+00:00,0.0,0.0,13.2,41.96,3.45,UKP_0004,0,2016
2016-01-31 19:00:00+00:00,0.0,0.0,12.48,43.21,3.5,UKP_0004,0,2016
2016-01-31 20:00:00+00:00,0.0,0.0,11.92,45.04,3.53,UKP_0004,0,2016
2016-01-31 21:00:00+00:00,0.0,0.0,11.43,47.65,3.49,UKP_0004,0,2016
2016-01-31 22:00:00+00:00,0.0,0.0,10.96,50.33,3.41,UKP_0004,0,2016
2016-01-31 23:00:00+00:00,0.0,0.0,10.58,52.12,3.33,UKP_0004,0,2016
2016-02-01 00:00:00+00:00,0.0,0.0,10.24,53.48,3.25,UKP_0004,0,2016
2016-02-01 01:00:00+00:00,7.15,7.65,10.35,53.38,3.09,UKP_0004,0,2016
2016-02-01 02:00:00+00:00,153.88,158.18,15.06,40.86,2.59,UKP_0004,0,2016
2016-02-01 03:00:00+00:00,371.3,377.42,19.72,28.27,2.25,UKP_0004,0,2016
2016-02-01 04:00:00+00:00,562.95,567.1,23.0,18.56,2.3,UKP_0004,0,2016
2016-02-01 05:00:00+00:00,699.8,703.15,24.74,13.95,3.48,UKP_0004,0,2016
2016-02-01 06:00:00+00:00,762.35,762.65,25.77,11.31,4.55,UKP_0004,0,2016
2016-02-01 07:00:00+00:00,760.78,761.6,26.26,9.83,5.19,UKP_0004,0,2016
2016-02-01 08:00:00+00:00,602.72,686.25,26.28,8.99,5.39,UKP_0004,0,2016
2016-02-01 09:00:00+00:00,541.65,545.8,25.86,8.64,5.19,UKP_0004,0,2016
2016-02-01 10:00:00+00:00,346.73,353.3,24.84,8.88,4.92,UKP_0004,0,2016
2016-02-01 11:00:00+00:00,136.2,140.8,20.29,15.26,3.22,UKP_0004,0,2016
2016-02-01 12:00:00+00:00,0.0,0.0,15.81,19.81,3.7,UKP_0004,0,2016
2016-02-01 13:00:00+00:00,0.0,0.0,14.73,20.04,3.79,UKP_0004,0,2016
2016-02-01 14:00:00+00:00,0.0,0.0,13.78,20.74,3.82,UKP_0004,0,2016
2016-02-01 15:00:00+00:00,0.0,0.0,12.92,22.15,3.87,UKP_0004,0,2016
2016-02-01 16:00:00+00:00,0.0,0.0,12.15,24.08,3.88,UKP_0004,0,2016
2016-02-01 17:00:00+00:00,0.0,0.0,11.45,26.15,3.78,UKP_0004,0,2016
2016-02-01 18:00:00+00:00,0.0,0.0,10.75,28.11,3.62,UKP_0004,0,2016
2016-02-01 19:00:00+00:00,0.0,0.0,10.21,29.63,3.51,UKP_0004,0,2016
2016-02-01 20:00:00+00:00,0.0,0.0,9.85,30.72,3.41,UKP_0004,0,2016
2016-02-01 21:00:00+00:00,0.0,0.0,9.67,31.21,3.27,UKP_0004,0,2016
2016-02-01 22:00:00+00:00,0.0,0.0,9.48,31.47,3.16,UKP_0004,0,2016
2016-02-01 23:00:00+00:00,0.0,0.0,9.26,31.81,3.09,UKP_0004,0,2016
2016-02-02 00:00:00+00:00,0.0,0.0,9.28,31.78,2.95,UKP_0004,0,2016
2016-02-02 01:00:00+00:00,8.57,9.7,9.8,30.96,2.59,UKP_0004,0,2016
2016-02-02 02:00:00+00:00,155.93,174.57,13.31,29.38,1.91,UKP_0004,0,2016
2016-02-02 03:00:00+00:00,361.0,395.17,17.36,19.5,1.71,UKP_0004,0,2016
2016-02-02 04:00:00+00:00,545.0,582.17,20.55,13.52,2.51,UKP_0004,0,2016
2016-02-02 05:00:00+00:00,689.22,714.92,22.22,10.86,3.08,UKP_0004,0,2016
2016-02-02 06:00:00+00:00,720.58,767.7,23.18,9.46,3.61,UKP_0004,0,2016
2016-02-02 07:00:00+00:00,688.92,761.72,23.62,8.73,4.12,UKP_0004,0,2016
2016-02-02 08:00:00+00:00,658.85,684.33,23.64,8.44,4.34,UKP_0004,0,2016
2016-02-02 09:00:00+00:00,511.85,543.08,23.21,8.55,4.28,UKP_0004,0,2016
2016-02-02 10:00:00+00:00,325.3,350.6,22.22,9.08,4.01,UKP_0004,0,2016
2016-02-02 11:00:00+00:00,129.38,140.43,17.83,16.91,2.72,UKP_0004,0,2016
2016-02-02 12:00:00+00:00,0.0,0.0,13.94,21.59,3.0,UKP_0004,0,2016
2016-02-02 13:00:00+00:00,0.0,0.0,13.19,22.37,2.75,UKP_0004,0,2016
2016-02-02 14:00:00+00:00,0.0,0.0,12.57,23.52,2.5,UKP_0004,0,2016
2016-02-02 15:00:00+00:00,0.0,0.0,11.66,25.33,2.58,UKP_0004,0,2016
2016-02-02 16:00:00+00:00,0.0,0.0,10.6,27.8,2.89,UKP_0004,0,2016
2016-02-02 17:00:00+00:00,0.0,0.0,9.95,29.55,3.05,UKP_0004,0,2016
2016-02-02 18:00:00+00:00,0.0,0.0,9.52,31.07,3.05,UKP_0004,0,2016
2016-02-02 19:00:00+00:00,0.0,0.0,9.25,31.9,2.97,UKP_0004,0,2016
2016-02-02 20:00:00+00:00,0.0,0.0,9.07,32.68,2.91,UKP_0004,0,2016
2016-02-02 21:00:00+00:00,0.0,0.0,8.92,33.41,2.81,UKP_0004,0,2016
2016-02-02 22:00:00+00:00,0.0,0.0,8.53,34.57,2.76,UKP_0004,0,2016
2016-02-02 23:00:00+00:00,0.0,0.0,8.05,35.71,2.75,UKP_0004,0,2016
2016-02-03 00:00:00+00:00,0.0,0.0,7.77,36.25,2.66,UKP_0004,0,2016
2016-02-03 01:00:00+00:00,8.27,9.0,7.77,36.27,2.68,UKP_0004,0,2016
2016-02-03 02:00:00+00:00,158.07,167.55,11.91,30.42,2.5,UKP_0004,0,2016
2016-02-03 03:00:00+00:00,370.62,387.42,16.12,22.38,2.69,UKP_0004,0,2016
2016-02-03 04:00:00+00:00,561.08,576.45,19.78,20.09,3.37,UKP_0004,0,2016
2016-02-03 05:00:00+00:00,699.88,711.55,22.55,17.12,4.07,UKP_0004,0,2016
2016-02-03 06:00:00+00:00,754.65,754.8,23.96,15.55,4.83,UKP_0004,0,2016
2016-02-03 07:00:00+00:00,753.83,755.38,24.81,14.66,5.35,UKP_0004,0,2016
2016-02-03 08:00:00+00:00,586.1,680.25,25.19,14.22,5.65,UKP_0004,0,2016
2016-02-03 09:00:00+00:00,535.9,540.25,24.96,14.41,5.8,UKP_0004,0,2016
2016-02-03 10:00:00+00:00,343.08,348.42,23.96,15.51,5.32,UKP_0004,0,2016
2016-02-03 11:00:00+00:00,132.5,140.4,19.64,22.86,3.17,UKP_0004,0,2016
2016-02-03 12:00:00+00:00,0.0,0.0,15.65,29.23,3.35,UKP_0004,0,2016
2016-02-03 13:00:00+00:00,0.0,0.0,14.52,30.31,3.23,UKP_0004,0,2016
2016-02-03 14:00:00+00:00,0.0,0.0,13.38,31.44,3.08,UKP_0004,0,2016
2016-02-03 15:00:00+00:00,0.0,0.0,12.24,32.91,2.95,UKP_0004,0,2016
2016-02-03 16:00:00+00:00,0.0,0.0,11.35,34.69,2.86,UKP_0004,0,2016
2016-02-03 17:00:00+00:00,0.0,0.0,10.73,36.27,2.76,UKP_0004,0,2016
2016-02-03 18:00:00+00:00,0.0,0.0,10.34,37.72,2.64,UKP_0004,0,2016
2016-02-03 19:00:00+00:00,0.0,0.0,10.15,38.83,2.51,UKP_0004,0,2016
2016-02-03 20:00:00+00:00,0.0,0.0,10.03,39.75,2.39,UKP_0004,0,2016
2016-02-03 21:00:00+00:00,0.0,0.0,10.32,39.33,2.1,UKP_0004,0,2016
2016-02-03 22:00:00+00:00,0.0,0.0,10.73,38.02,1.69,UKP_0004,0,2016
2016-02-03 23:00:00+00:00,0.0,0.0,10.53,37.91,1.44,UKP_0004,0,2016
2016-02-04 00:00:00+00:00,0.0,0.0,10.6,36.9,1.27,UKP_0004,0,2016
2016-02-04 01:00:00+00:00,8.55,8.9,10.73,35.89,1.1,UKP_0004,0,2016
2016-02-04 02:00:00+00:00,154.93,161.77,12.76,34.61,0.79,UKP_0004,0,2016
2016-02-04 03:00:00+00:00,357.8,379.27,16.17,26.09,0.27,UKP_0004,0,2016
2016-02-04 04:00:00+00:00,544.88,567.9,19.24,22.21,1.1,UKP_0004,0,2016
2016-02-04 05:00:00+00:00,699.42,702.53,22.09,18.86,1.99,UKP_0004,0,2016
2016-02-04 06:00:00+00:00,693.2,716.72,24.26,16.58,2.81,UKP_0004,0,2016
2016-02-04 07:00:00+00:00,625.35,717.72,25.22,15.65,3.27,UKP_0004,0,2016
2016-02-04 08:00:00+00:00,588.25,645.58,25.58,15.16,3.39,UKP_0004,0,2016
2016-02-04 09:00:00+00:00,435.98,510.92,25.37,15.2,3.22,UKP_0004,0,2016
2016-02-04 10:00:00+00:00,272.2,324.7,24.43,16.07,2.96,UKP_0004,0,2016
2016-02-04 11:00:00+00:00,106.93,127.68,20.33,24.81,2.32,UKP_0004,0,2016
2016-02-04 12:00:00+00:00,0.0,0.0,17.37,27.42,2.69,UKP_0004,0,2016
2016-02-04 13:00:00+00:00,0.0,0.0,16.25,28.01,2.68,UKP_0004,0,2016
2016-02-04 14:00:00+00:00,0.0,0.0,15.04,29.27,2.65,UKP_0004,0,2016
2016-02-04 15:00:00+00:00,0.0,0.0,14.02,30.89,2.64,UKP_0004,0,2016
2016-02-04 16:00:00+00:00,0.0,0.0,13.14,32.71,2.66,UKP_0004,0,2016
2016-02-04 17:00:00+00:00,0.0,0.0,12.63,34.24,2.61,UKP_0004,0,2016
2016-02-04 18:00:00+00:00,0.0,0.0,12.6,35.04,2.46,UKP_0004,0,2016
2016-02-04 19:00:00+00:00,0.0,0.0,12.96,34.94,2.14,UKP_0004,0,2016
2016-02-04 20:00:00+00:00,0.0,0.0,13.5,34.12,1.75,UKP_0004,0,2016
2016-02-04 21:00:00+00:00,0.0,0.0,13.53,34.14,1.48,UKP_0004,0,2016
2016-02-04 22:00:00+00:00,0.0,0.0,13.18,34.93,1.27,UKP_0004,0,2016
2016-02-04 23:00:00+00:00,0.0,0.0,12.66,35.94,1.19,UKP_0004,0,2016
2016-02-05 00:00:00+00:00,0.0,0.0,12.03,37.15,1.35,UKP_0004,0,2016
2016-02-05 01:00:00+00:00,9.1,9.43,11.62,37.85,1.57,UKP_0004,0,2016
2016-02-05 02:00:00+00:00,157.77,167.18,14.05,34.45,1.56,UKP_0004,0,2016
2016-02-05 03:00:00+00:00,361.85,387.27,18.02,24.93,1.41,UKP_0004,0,2016
2016-02-05 04:00:00+00:00,548.67,577.08,21.21,20.46,0.73,UKP_0004,0,2016
2016-02-05 05:00:00+00:00,695.4,713.33,24.28,16.61,1.59,UKP_0004,0,2016
2016-02-05 06:00:00+00:00,714.47,743.53,25.66,15.14,2.41,UKP_0004,0,2016
2016-02-05 07:00:00+00:00,723.53,746.6,26.52,14.19,3.01,UKP_0004,0,2016
2016-02-05 08:00:00+00:00,587.78,672.47,26.8,13.68,3.44,UKP_0004,0,2016
2016-02-05 09:00:00+00:00,498.08,531.65,26.5,13.6,3.55,UKP_0004,0,2016
2016-02-05 10:00:00+00:00,314.6,339.08,25.39,14.47,3.18,UKP_0004,0,2016
2016-02-05 11:00:00+00:00,118.32,125.5,20.73,23.01,2.48,UKP_0004,0,2016
2016-02-05 12:00:00+00:00,3.95,4.03,17.73,24.75,2.7,UKP_0004,0,2016
2016-02-05 13:00:00+00:00,0.0,0.0,16.78,24.91,2.56,UKP_0004,0,2016
2016-02-05 14:00:00+00:00,0.0,0.0,15.87,25.63,2.44,UKP_0004,0,2016
2016-02-05 15:00:00+00:00,0.0,0.0,15.18,26.52,2.37,UKP_0004,0,2016
2016-02-05 16:00:00+00:00,0.0,0.0,14.62,27.38,2.35,UKP_0004,0,2016
2016-02-05 17:00:00+00:00,0.0,0.0,14.24,28.33,2.29,UKP_0004,0,2016
2016-02-05 18:00:00+00:00,0.0,0.0,13.95,29.34,2.06,UKP_0004,0,2016
2016-02-05 19:00:00+00:00,0.0,0.0,14.36,29.22,1.83,UKP_0004,0,2016
2016-02-05 20:00:00+00:00,0.0,0.0,14.44,29.63,1.56,UKP_0004,0,2016
2016-02-05 21:00:00+00:00,0.0,0.0,14.19,30.68,1.47,UKP_0004,0,2016
2016-02-05 22:00:00+00:00,0.0,0.0,13.54,32.41,1.58,UKP_0004,0,2016
2016-02-05 23:00:00+00:00,0.0,0.0,12.49,35.15,1.83,UKP_0004,0,2016
2016-02-06 00:00:00+00:00,0.0,0.0,11.91,36.88,2.18,UKP_0004,0,2016
2016-02-06 01:00:00+00:00,8.25,8.73,11.26,39.11,2.51,UKP_0004,0,2016
2016-02-06 02:00:00+00:00,141.62,148.48,14.4,34.63,2.31,UKP_0004,0,2016
2016-02-06 03:00:00+00:00,347.1,356.12,19.52,23.12,2.97,UKP_0004,0,2016
2016-02-06 04:00:00+00:00,536.0,539.5,22.93,16.64,2.39,UKP_0004,0,2016
2016-02-06 05:00:00+00:00,647.1,672.08,25.28,13.67,3.09,UKP_0004,0,2016
2016-02-06 06:00:00+00:00,648.28,674.15,26.41,12.19,3.67,UKP_0004,0,2016
2016-02-06 07:00:00+00:00,631.58,671.7,27.13,11.19,3.88,UKP_0004,0,2016
2016-02-06 08:00:00+00:00,582.0,583.5,27.38,10.64,3.99,UKP_0004,0,2016
2016-02-06 09:00:00+00:00,446.17,453.12,27.16,10.47,4.05,UKP_0004,0,2016
2016-02-06 10:00:00+00:00,271.33,274.08,25.93,11.57,3.39,UKP_0004,0,2016
2016-02-06 11:00:00+00:00,89.47,90.38,21.07,19.82,2.55,UKP_0004,0,2016
2016-02-06 12:00:00+00:00,3.42,3.45,18.29,21.19,2.7,UKP_0004,0,2016
2016-02-06 13:00:00+00:00,0.0,0.0,16.58,23.22,3.02,UKP_0004,0,2016
2016-02-06 14:00:00+00:00,0.0,0.0,15.17,24.97,3.47,UKP_0004,0,2016
2016-02-06 15:00:00+00:00,0.0,0.0,14.41,26.05,3.55,UKP_0004,0,2016
2016-02-06 16:00:00+00:00,0.0,0.0,13.94,26.87,3.65,UKP_0004,0,2016
2016-02-06 17:00:00+00:00,0.0,0.0,13.89,26.85,3.85,UKP_0004,0,2016
2016-02-06 18:00:00+00:00,0.0,0.0,13.91,26.61,3.94,UKP_0004,0,2016
2016-02-06 19:00:00+00:00,0.0,0.0,13.95,26.32,3.99,UKP_0004,0,2016
2016-02-06 20:00:00+00:00,0.0,0.0,13.81,26.64,3.98,UKP_0004,0,2016
2016-02-06 21:00:00+00:00,0.0,0.0,13.53,27.41,3.96,UKP_0004,0,2016
2016-02-06 22:00:00+00:00,0.0,0.0,13.19,28.44,3.84,UKP_0004,0,2016
2016-02-06 23:00:00+00:00,0.0,0.0,13.05,29.01,3.65,UKP_0004,0,2016
2016-02-07 00:00:00+00:00,0.0,0.0,13.06,29.33,3.48,UKP_0004,0,2016
2016-02-07 01:00:00+00:00,4.07,6.1,13.44,30.46,3.25,UKP_0004,0,2016
2016-02-07 02:00:00+00:00,54.97,90.22,16.19,31.66,2.76,UKP_0004,0,2016
2016-02-07 03:00:00+00:00,135.32,253.4,18.9,28.92,3.84,UKP_0004,0,2016
2016-02-07 04:00:00+00:00,229.12,431.17,20.95,22.33,4.36,UKP_0004,0,2016
2016-02-07 05:00:00+00:00,284.08,549.33,22.83,18.61,4.55,UKP_0004,0,2016
2016-02-07 06:00:00+00:00,200.4,558.1,24.36,16.55,4.84,UKP_0004,0,2016
2016-02-07 07:00:00+00:00,197.35,545.55,25.15,15.68,5.25,UKP_0004,0,2016
2016-02-07 08:00:00+00:00,111.78,461.92,25.53,15.69,5.82,UKP_0004,0,2016
2016-02-07 09:00:00+00:00,75.7,328.73,25.35,17.49,6.1,UKP_0004,0,2016
2016-02-07 10:00:00+00:00,70.18,191.3,23.89,22.66,5.03,UKP_0004,0,2016
2016-02-07 11:00:00+00:00,23.23,66.1,20.9,32.47,4.03,UKP_0004,0,2016
2016-02-07 12:00:00+00:00,1.88,3.17,18.89,39.09,4.59,UKP_0004,0,2016
2016-02-07 13:00:00+00:00,0.0,0.0,18.39,42.06,5.75,UKP_0004,0,2016
2016-02-07 14:00:00+00:00,0.0,0.0,17.76,45.55,6.82,UKP_0004,0,2016
2016-02-07 15:00:00+00:00,0.0,0.0,16.74,50.82,7.88,UKP_0004,0,2016
2016-02-07 16:00:00+00:00,0.0,0.0,15.42,56.92,8.24,UKP_0004,0,2016
2016-02-07 17:00:00+00:00,0.0,0.0,14.38,61.84,7.59,UKP_0004,0,2016
2016-02-07 18:00:00+00:00,0.0,0.0,13.89,63.34,6.77,UKP_0004,0,2016
2016-02-07 19:00:00+00:00,0.0,0.0,13.57,63.56,5.91,UKP_0004,0,2016
2016-02-07 20:00:00+00:00,0.0,0.0,13.04,64.21,4.83,UKP_0004,0,2016
2016-02-07 21:00:00+00:00,0.0,0.0,12.32,64.56,3.85,UKP_0004,0,2016
2016-02-07 22:00:00+00:00,0.0,0.0,11.78,63.39,3.42,UKP_0004,0,2016
2016-02-07 23:00:00+00:00,0.0,0.0,11.4,62.22,3.28,UKP_0004,0,2016
2016-02-08 00:00:00+00:00,0.0,0.0,11.15,61.42,3.17,UKP_0004,0,2016
2016-02-08 01:00:00+00:00,7.97,8.52,11.38,59.5,3.01,UKP_0004,0,2016
2016-02-08 02:00:00+00:00,126.38,132.07,15.0,48.02,2.85,UKP_0004,0,2016
2016-02-08 03:00:00+00:00,315.17,329.62,18.57,37.14,2.45,UKP_0004,0,2016
2016-02-08 04:00:00+00:00,507.3,513.28,22.15,28.61,0.98,UKP_0004,0,2016
2016-02-08 05:00:00+00:00,635.75,645.47,23.9,25.41,1.35,UKP_0004,0,2016
2016-02-08 06:00:00+00:00,657.95,680.1,24.81,24.03,1.58,UKP_0004,0,2016
2016-02-08 07:00:00+00:00,655.42,682.15,25.34,23.21,1.84,UKP_0004,0,2016
2016-02-08 08:00:00+00:00,545.3,612.2,25.46,22.89,2.3,UKP_0004,0,2016
2016-02-08 09:00:00+00:00,436.65,479.25,25.29,22.91,2.81,UKP_0004,0,2016
2016-02-08 10:00:00+00:00,269.88,300.27,24.39,24.17,3.04,UKP_0004,0,2016
2016-02-08 11:00:00+00:00,101.45,110.45,20.85,36.56,2.29,UKP_0004,0,2016
2016-02-08 12:00:00+00:00,4.32,4.57,17.44,42.34,2.72,UKP_0004,0,2016
2016-02-08 13:00:00+00:00,0.0,0.0,16.56,43.14,2.73,UKP_0004,0,2016
2016-02-08 14:00:00+00:00,0.0,0.0,15.78,44.23,2.68,UKP_0004,0,2016
2016-02-08 15:00:00+00:00,0.0,0.0,14.82,46.87,2.74,UKP_0004,0,2016
2016-02-08 16:00:00+00:00,0.0,0.0,14.0,49.22,2.85,UKP_0004,0,2016
2016-02-08 17:00:00+00:00,0.0,0.0,13.45,51.2,2.95,UKP_0004,0,2016
2016-02-08 18:00:00+00:00,0.0,0.0,13.16,52.36,2.96,UKP_0004,0,2016
2016-02-08 19:00:00+00:00,0.0,0.0,13.12,53.0,2.83,UKP_0004,0,2016
2016-02-08 20:00:00+00:00,0.0,0.0,13.2,54.34,2.63,UKP_0004,0,2016
2016-02-08 21:00:00+00:00,0.0,0.0,13.19,55.17,2.46,UKP_0004,0,2016
2016-02-08 22:00:00+00:00,0.0,0.0,13.1,55.47,2.3,UKP_0004,0,2016
2016-02-08 23:00:00+00:00,0.0,0.0,12.67,56.41,2.11,UKP_0004,0,2016
2016-02-09 00:00:00+00:00,0.0,0.0,12.71,55.21,1.99,UKP_0004,0,2016
2016-02-09 01:00:00+00:00,9.3,10.57,12.96,54.14,1.89,UKP_0004,0,2016
2016-02-09 02:00:00+00:00,150.73,159.73,15.6,51.92,1.7,UKP_0004,0,2016
2016-02-09 03:00:00+00:00,358.05,373.02,19.05,40.22,0.75,UKP_0004,0,2016
2016-02-09 04:00:00+00:00,549.67,560.7,22.29,30.4,1.24,UKP_0004,0,2016
2016-02-09 05:00:00+00:00,694.05,695.55,24.09,26.06,2.24,UKP_0004,0,2016
2016-02-09 06:00:00+00:00,728.75,745.9,25.18,23.66,2.91,UKP_0004,0,2016
2016-02-09 07:00:00+00:00,708.12,743.55,25.73,22.22,3.27,UKP_0004,0,2016
2016-02-09 08:00:00+00:00,637.95,668.95,25.81,21.58,3.34,UKP_0004,0,2016
2016-02-09 09:00:00+00:00,511.17,529.85,25.44,21.57,3.18,UKP_0004,0,2016
2016-02-09 10:00:00+00:00,324.75,341.15,24.54,22.65,2.89,UKP_0004,0,2016
2016-02-09 11:00:00+00:00,126.32,132.23,21.27,34.62,2.04,UKP_0004,0,2016
2016-02-09 12:00:00+00:00,5.22,5.57,18.31,38.14,2.26,UKP_0004,0,2016
2016-02-09 13:00:00+00:00,0.0,0.0,17.81,37.55,2.06,UKP_0004,0,2016
2016-02-09 14:00:00+00:00,0.0,0.0,17.39,37.63,1.71,UKP_0004,0,2016
2016-02-09 15:00:00+00:00,0.0,0.0,16.65,39.28,1.66,UKP_0004,0,2016
2016-02-09 16:00:00+00:00,0.0,0.0,15.18,43.33,2.01,UKP_0004,0,2016
2016-02-09 17:00:00+00:00,0.0,0.0,13.99,47.07,2.37,UKP_0004,0,2016
2016-02-09 18:00:00+00:00,0.0,0.0,13.36,49.32,2.54,UKP_0004,0,2016
2016-02-09 19:00:00+00:00,0.0,0.0,13.21,49.98,2.51,UKP_0004,0,2016
2016-02-09 20:00:00+00:00,0.0,0.0,13.26,50.1,2.36,UKP_0004,0,2016
2016-02-09 21:00:00+00:00,0.0,0.0,13.27,50.04,2.13,UKP_0004,0,2016
2016-02-09 22:00:00+00:00,0.0,0.0,13.45,49.24,1.88,UKP_0004,0,2016
2016-02-09 23:00:00+00:00,0.0,0.0,13.67,48.45,1.69,UKP_0004,0,2016
2016-02-10 00:00:00+00:00,0.0,0.0,13.48,48.99,1.55,UKP_0004,0,2016
2016-02-10 01:00:00+00:00,9.88,11.98,13.52,49.01,1.49,UKP_0004,0,2016
2016-02-10 02:00:00+00:00,153.48,170.9,16.1,44.6,1.47,UKP_0004,0,2016
2016-02-10 03:00:00+00:00,361.6,385.05,19.82,33.97,0.25,UKP_0004,0,2016
2016-02-10 04:00:00+00:00,551.95,569.12,22.9,27.85,1.39,UKP_0004,0,2016
2016-02-10 05:00:00+00:00,653.22,698.95,24.62,24.6,2.32,UKP_0004,0,2016
2016-02-10 06:00:00+00:00,682.6,723.33,25.54,22.74,2.9,UKP_0004,0,2016
2016-02-10 07:00:00+00:00,650.0,720.53,26.13,21.34,3.33,UKP_0004,0,2016
2016-02-10 08:00:00+00:00,555.4,646.28,26.27,20.41,3.57,UKP_0004,0,2016
2016-02-10 09:00:00+00:00,437.95,508.23,25.95,19.95,3.56,UKP_0004,0,2016
2016-02-10 10:00:00+00:00,264.75,322.48,24.9,20.48,3.34,UKP_0004,0,2016
2016-02-10 11:00:00+00:00,99.8,122.18,21.29,31.19,2.28,UKP_0004,0,2016
2016-02-10 12:00:00+00:00,4.62,5.5,18.02,35.22,2.49,UKP_0004,0,2016
2016-02-10 13:00:00+00:00,0.0,0.0,17.48,34.13,2.26,UKP_0004,0,2016
2016-02-10 14:00:00+00:00,0.0,0.0,17.28,32.37,1.9,UKP_0004,0,2016
2016-02-10 15:00:00+00:00,0.0,0.0,16.88,32.07,1.66,UKP_0004,0,2016
2016-02-10 16:00:00+00:00,0.0,0.0,16.08,33.23,1.7,UKP_0004,0,2016
2016-02-10 17:00:00+00:00,0.0,0.0,15.07,35.17,1.93,UKP_0004,0,2016
2016-02-10 18:00:00+00:00,0.0,0.0,13.99,37.51,2.26,UKP_0004,0,2016
2016-02-10 19:00:00+00:00,0.0,0.0,13.1,39.94,2.53,UKP_0004,0,2016
2016-02-10 20:00:00+00:00,0.0,0.0,12.58,41.63,2.67,UKP_0004,0,2016
2016-02-10 21:00:00+00:00,0.0,0.0,12.37,42.95,2.7,UKP_0004,0,2016
2016-02-10 22:00:00+00:00,0.0,0.0,12.3,44.11,2.68,UKP_0004,0,2016
2016-02-10 23:00:00+00:00,0.0,0.0,12.05,45.62,2.73,UKP_0004,0,2016
2016-02-11 00:00:00+00:00,0.0,0.0,11.59,47.84,2.86,UKP_0004,0,2016
2016-02-11 01:00:00+00:00,8.9,10.0,11.51,49.5,2.98,UKP_0004,0,2016
2016-02-11 02:00:00+00:00,131.27,139.23,15.68,41.43,2.75,UKP_0004,0,2016
2016-02-11 03:00:00+00:00,321.55,339.0,19.75,30.19,3.7,UKP_0004,0,2016
2016-02-11 04:00:00+00:00,507.83,523.4,22.72,22.86,4.13,UKP_0004,0,2016
2016-02-11 05:00:00+00:00,652.83,658.17,24.44,19.94,4.47,UKP_0004,0,2016
2016-02-11 06:00:00+00:00,680.47,708.42,25.45,18.86,4.57,UKP_0004,0,2016
2016-02-11 07:00:00+00:00,621.85,707.53,25.95,18.24,4.43,UKP_0004,0,2016
2016-02-11 08:00:00+00:00,583.85,635.7,25.98,17.92,4.21,UKP_0004,0,2016
2016-02-11 09:00:00+00:00,446.1,499.8,25.55,18.04,3.84,UKP_0004,0,2016
2016-02-11 10:00:00+00:00,277.17,316.9,24.6,18.79,3.29,UKP_0004,0,2016
2016-02-11 11:00:00+00:00,105.03,120.75,21.13,29.51,2.05,UKP_0004,0,2016
2016-02-11 12:00:00+00:00,5.3,5.93,19.04,30.22,1.87,UKP_0004,0,2016
2016-02-11 13:00:00+00:00,0.0,0.0,19.08,28.34,1.43,UKP_0004,0,2016
2016-02-11 14:00:00+00:00,0.0,0.0,18.11,29.84,1.22,UKP_0004,0,2016
2016-02-11 15:00:00+00:00,0.0,0.0,17.63,30.31,1.49,UKP_0004,0,2016
2016-02-11 16:00:00+00:00,0.0,0.0,16.53,32.59,1.82,UKP_0004,0,2016
2016-02-11 17:00:00+00:00,0.0,0.0,15.42,34.89,2.12,UKP_0004,0,2016
2016-02-11 18:00:00+00:00,0.0,0.0,14.48,36.88,2.38,UKP_0004,0,2016
2016-02-11 19:00:00+00:00,0.0,0.0,13.67,38.96,2.59,UKP_0004,0,2016
2016-02-11 20:00:00+00:00,0.0,0.0,13.06,40.74,2.75,UKP_0004,0,2016
2016-02-11 21:00:00+00:00,0.0,0.0,12.66,41.8,2.83,UKP_0004,0,2016
2016-02-11 22:00:00+00:00,0.0,0.0,12.47,42.09,2.83,UKP_0004,0,2016
2016-02-11 23:00:00+00:00,0.0,0.0,12.33,42.03,2.8,UKP_0004,0,2016
2016-02-12 00:00:00+00:00,0.0,0.0,12.36,41.31,2.67,UKP_0004,0,2016
2016-02-12 01:00:00+00:00,10.32,12.25,12.9,39.57,2.44,UKP_0004,0,2016
2016-02-12 02:00:00+00:00,151.5,166.82,16.37,34.91,2.0,UKP_0004,0,2016
2016-02-12 03:00:00+00:00,354.02,384.12,20.75,23.37,1.77,UKP_0004,0,2016
2016-02-12 04:00:00+00:00,554.2,575.85,24.0,18.66,2.01,UKP_0004,0,2016
2016-02-12 05:00:00+00:00,713.92,713.97,25.43,16.41,2.5,UKP_0004,0,2016
2016-02-12 06:00:00+00:00,769.53,786.7,26.38,14.64,2.99,UKP_0004,0,2016
2016-02-12 07:00:00+00:00,781.08,781.75,26.8,13.34,3.42,UKP_0004,0,2016
2016-02-12 08:00:00+00:00,636.88,704.6,26.72,12.59,3.7,UKP_0004,0,2016
2016-02-12 09:00:00+00:00,546.6,560.97,26.19,12.2,3.82,UKP_0004,0,2016
2016-02-12 10:00:00+00:00,324.08,365.4,25.14,12.35,3.73,UKP_0004,0,2016
2016-02-12 11:00:00+00:00,130.57,146.25,21.29,20.63,2.59,UKP_0004,0,2016
2016-02-12 12:00:00+00:00,6.28,7.12,17.11,25.36,3.01,UKP_0004,0,2016
2016-02-12 13:00:00+00:00,0.0,0.0,16.01,24.82,3.05,UKP_0004,0,2016
2016-02-12 14:00:00+00:00,0.0,0.0,15.36,24.01,2.97,UKP_0004,0,2016
2016-02-12 15:00:00+00:00,0.0,0.0,14.6,23.72,2.97,UKP_0004,0,2016
2016-02-12 16:00:00+00:00,0.0,0.0,13.67,23.9,3.1,UKP_0004,0,2016
2016-02-12 17:00:00+00:00,0.0,0.0,12.77,24.5,3.32,UKP_0004,0,2016
2016-02-12 18:00:00+00:00,0.0,0.0,12.26,24.78,3.56,UKP_0004,0,2016
2016-02-12 19:00:00+00:00,0.0,0.0,12.11,25.14,3.71,UKP_0004,0,2016
2016-02-12 20:00:00+00:00,0.0,0.0,12.03,25.82,3.78,UKP_0004,0,2016
2016-02-12 21:00:00+00:00,0.0,0.0,11.95,26.72,3.74,UKP_0004,0,2016
2016-02-12 22:00:00+00:00,0.0,0.0,12.01,27.28,3.46,UKP_0004,0,2016
2016-02-12 23:00:00+00:00,0.0,0.0,12.85,26.03,2.91,UKP_0004,0,2016
2016-02-13 00:00:00+00:00,0.0,0.0,14.14,23.55,2.2,UKP_0004,0,2016
2016-02-13 01:00:00+00:00,10.38,11.93,15.31,22.13,1.52,UKP_0004,0,2016
2016-02-13 02:00:00+00:00,135.5,149.1,18.04,23.31,0.77,UKP_0004,0,2016
2016-02-13 03:00:00+00:00,321.73,351.45,21.24,15.96,0.07,UKP_0004,0,2016
2016-02-13 04:00:00+00:00,504.02,535.92,24.19,13.09,0.91,UKP_0004,0,2016
2016-02-13 05:00:00+00:00,571.6,669.2,25.65,13.24,1.2,UKP_0004,0,2016
2016-02-13 06:00:00+00:00,633.05,713.9,26.5,13.3,1.44,UKP_0004,0,2016
2016-02-13 07:00:00+00:00,616.55,710.08,26.93,13.48,1.74,UKP_0004,0,2016
2016-02-13 08:00:00+00:00,555.0,633.55,26.9,13.93,1.92,UKP_0004,0,2016
2016-02-13 09:00:00+00:00,392.98,493.75,26.51,14.66,1.86,UKP_0004,0,2016
2016-02-13 10:00:00+00:00,221.52,308.08,25.49,16.14,1.65,UKP_0004,0,2016
2016-02-13 11:00:00+00:00,90.43,116.85,22.94,24.44,1.09,UKP_0004,0,2016
2016-02-13 12:00:00+00:00,5.38,6.55,20.28,26.88,1.46,UKP_0004,0,2016
2016-02-13 13:00:00+00:00,0.0,0.0,18.87,28.29,2.04,UKP_0004,0,2016
2016-02-13 14:00:00+00:00,0.0,0.0,17.69,29.79,2.43,UKP_0004,0,2016
2016-02-13 15:00:00+00:00,0.0,0.0,16.41,31.74,2.78,UKP_0004,0,2016
2016-02-13 16:00:00+00:00,0.0,0.0,15.33,33.02,3.14,UKP_0004,0,2016
2016-02-13 17:00:00+00:00,0.0,0.0,14.59,33.77,3.42,UKP_0004,0,2016
2016-02-13 18:00:00+00:00,0.0,0.0,14.08,34.11,3.54,UKP_0004,0,2016
2016-02-13 19:00:00+00:00,0.0,0.0,13.62,34.93,3.6,UKP_0004,0,2016
2016-02-13 20:00:00+00:00,0.0,0.0,13.17,36.27,3.57,UKP_0004,0,2016
2016-02-13 21:00:00+00:00,0.0,0.0,12.77,37.64,3.49,UKP_0004,0,2016
2016-02-13 22:00:00+00:00,0.0,0.0,12.45,38.55,3.39,UKP_0004,0,2016
2016-02-13 23:00:00+00:00,0.0,0.0,12.31,38.92,3.17,UKP_0004,0,2016
2016-02-14 00:00:00+00:00,0.0,0.0,12.44,38.5,2.91,UKP_0004,0,2016
2016-02-14 01:00:00+00:00,11.65,14.05,13.11,37.3,2.61,UKP_0004,0,2016
2016-02-14 02:00:00+00:00,157.2,176.35,17.22,31.68,2.2,UKP_0004,0,2016
2016-02-14 03:00:00+00:00,361.5,395.65,21.16,21.87,1.58,UKP_0004,0,2016
2016-02-14 04:00:00+00:00,559.1,587.22,24.16,17.87,1.66,UKP_0004,0,2016
2016-02-14 05:00:00+00:00,701.05,724.72,25.92,16.66,2.04,UKP_0004,0,2016
2016-02-14 06:00:00+00:00,720.67,763.62,26.92,16.0,2.65,UKP_0004,0,2016
2016-02-14 07:00:00+00:00,703.2,762.7,27.4,15.66,3.02,UKP_0004,0,2016
2016-02-14 08:00:00+00:00,593.5,686.83,27.4,15.61,3.39,UKP_0004,0,2016
2016-02-14 09:00:00+00:00,493.4,544.17,26.91,15.88,3.47,UKP_0004,0,2016
2016-02-14 10:00:00+00:00,309.23,350.23,25.86,16.56,3.47,UKP_0004,0,2016
2016-02-14 11:00:00+00:00,124.47,138.48,22.47,23.81,2.42,UKP_0004,0,2016
2016-02-14 12:00:00+00:00,6.88,7.65,18.27,30.06,2.97,UKP_0004,0,2016
2016-02-14 13:00:00+00:00,0.0,0.0,17.08,30.82,3.0,UKP_0004,0,2016
2016-02-14 14:00:00+00:00,0.0,0.0,16.24,31.09,2.93,UKP_0004,0,2016
2016-02-14 15:00:00+00:00,0.0,0.0,15.34,31.6,2.9,UKP_0004,0,2016
2016-02-14 16:00:00+00:00,0.0,0.0,14.32,32.41,2.95,UKP_0004,0,2016
2016-02-14 17:00:00+00:00,0.0,0.0,13.39,33.62,3.02,UKP_0004,0,2016
2016-02-14 18:00:00+00:00,0.0,0.0,12.66,35.48,3.09,UKP_0004,0,2016
2016-02-14 19:00:00+00:00,0.0,0.0,12.15,37.79,3.15,UKP_0004,0,2016
2016-02-14 20:00:00+00:00,0.0,0.0,11.89,39.89,3.25,UKP_0004,0,2016
2016-02-14 21:00:00+00:00,0.0,0.0,11.91,40.15,3.24,UKP_0004,0,2016
2016-02-14 22:00:00+00:00,0.0,0.0,12.44,38.75,2.95,UKP_0004,0,2016
2016-02-14 23:00:00+00:00,0.0,0.0,13.03,37.39,2.5,UKP_0004,0,2016
2016-02-15 00:00:00+00:00,0.0,0.0,13.11,37.33,2.19,UKP_0004,0,2016
2016-02-15 01:00:00+00:00,11.5,15.27,13.2,37.55,2.12,UKP_0004,0,2016
2016-02-15 02:00:00+00:00,124.95,182.2,16.43,32.2,2.19,UKP_0004,0,2016
2016-02-15 03:00:00+00:00,286.4,401.65,20.38,23.12,1.58,UKP_0004,0,2016
2016-02-15 04:00:00+00:00,423.27,591.33,23.32,18.56,2.38,UKP_0004,0,2016
2016-02-15 05:00:00+00:00,480.73,726.92,24.73,16.95,2.97,UKP_0004,0,2016
2016-02-15 06:00:00+00:00,500.4,737.75,25.54,16.05,3.27,UKP_0004,0,2016
2016-02-15 07:00:00+00:00,434.88,741.83,25.99,15.33,3.43,UKP_0004,0,2016
2016-02-15 08:00:00+00:00,425.8,671.12,25.97,14.82,3.53,UKP_0004,0,2016
2016-02-15 09:00:00+00:00,376.62,534.1,25.45,14.75,2.89,UKP_0004,0,2016
2016-02-15 10:00:00+00:00,244.05,346.25,24.65,15.06,2.28,UKP_0004,0,2016
2016-02-15 11:00:00+00:00,103.25,138.8,21.83,23.65,1.83,UKP_0004,0,2016
2016-02-15 12:00:00+00:00,7.12,8.15,18.43,25.88,2.54,UKP_0004,0,2016
2016-02-15 13:00:00+00:00,0.0,0.0,16.8,26.16,2.86,UKP_0004,0,2016
2016-02-15 14:00:00+00:00,0.0,0.0,15.53,26.8,3.06,UKP_0004,0,2016
2016-02-15 15:00:00+00:00,0.0,0.0,14.54,27.45,3.21,UKP_0004,0,2016
2016-02-15 16:00:00+00:00,0.0,0.0,13.83,28.75,3.32,UKP_0004,0,2016
2016-02-15 17:00:00+00:00,0.0,0.0,13.27,30.85,3.36,UKP_0004,0,2016
2016-02-15 18:00:00+00:00,0.0,0.0,12.98,32.91,3.37,UKP_0004,0,2016
2016-02-15 19:00:00+00:00,0.0,0.0,12.91,34.52,3.38,UKP_0004,0,2016
2016-02-15 20:00:00+00:00,0.0,0.0,12.85,35.9,3.36,UKP_0004,0,2016
2016-02-15 21:00:00+00:00,0.0,0.0,12.82,36.9,3.22,UKP_0004,0,2016
2016-02-15 22:00:00+00:00,0.0,0.0,12.92,37.17,3.02,UKP_0004,0,2016
2016-02-15 23:00:00+00:00,0.0,0.0,13.23,36.74,2.8,UKP_0004,0,2016
2016-02-16 00:00:00+00:00,0.0,0.0,13.44,36.36,2.61,UKP_0004,0,2016
2016-02-16 01:00:00+00:00,13.82,14.88,13.82,36.0,2.52,UKP_0004,0,2016
2016-02-16 02:00:00+00:00,158.82,170.02,17.69,30.76,2.0,UKP_0004,0,2016
2016-02-16 03:00:00+00:00,352.23,384.38,21.78,20.21,1.57,UKP_0004,0,2016
2016-02-16 04:00:00+00:00,548.78,574.45,24.68,15.5,0.91,UKP_0004,0,2016
2016-02-16 05:00:00+00:00,705.28,710.75,26.72,13.69,1.94,UKP_0004,0,2016
2016-02-16 06:00:00+00:00,752.55,765.15,28.01,12.93,2.83,UKP_0004,0,2016
2016-02-16 07:00:00+00:00,749.6,765.88,28.5,12.84,3.25,UKP_0004,0,2016
2016-02-16 08:00:00+00:00,684.25,692.4,28.52,13.05,3.67,UKP_0004,0,2016
2016-02-16 09:00:00+00:00,536.95,550.08,28.11,13.44,3.83,UKP_0004,0,2016
2016-02-16 10:00:00+00:00,340.85,356.05,27.16,14.21,3.8,UKP_0004,0,2016
2016-02-16 11:00:00+00:00,133.0,142.65,23.73,20.41,2.53,UKP_0004,0,2016
2016-02-16 12:00:00+00:00,7.93,8.57,19.48,25.94,3.02,UKP_0004,0,2016
2016-02-16 13:00:00+00:00,0.0,0.0,18.4,25.77,3.17,UKP_0004,0,2016
2016-02-16 14:00:00+00:00,0.0,0.0,17.61,25.23,3.21,UKP_0004,0,2016
2016-02-16 15:00:00+00:00,0.0,0.0,16.85,25.18,3.22,UKP_0004,0,2016
2016-02-16 16:00:00+00:00,0.0,0.0,16.22,25.61,3.23,UKP_0004,0,2016
2016-02-16 17:00:00+00:00,0.0,0.0,15.75,26.48,3.23,UKP_0004,0,2016
2016-02-16 18:00:00+00:00,0.0,0.0,15.52,27.49,3.17,UKP_0004,0,2016
2016-02-16 19:00:00+00:00,0.0,0.0,15.27,28.65,3.11,UKP_0004,0,2016
2016-02-16 20:00:00+00:00,0.0,0.0,14.99,29.8,3.1,UKP_0004,0,2016
2016-02-16 21:00:00+00:00,0.0,0.0,14.72,30.87,3.14,UKP_0004,0,2016
2016-02-16 22:00:00+00:00,0.0,0.0,14.42,31.76,3.22,UKP_0004,0,2016
2016-02-16 23:00:00+00:00,0.0,0.0,14.25,32.21,3.26,UKP_0004,0,2016
2016-02-17 00:00:00+00:00,0.0,0.0,14.16,32.5,3.25,UKP_0004,0,2016
2016-02-17 01:00:00+00:00,15.52,17.05,14.83,31.69,3.13,UKP_0004,0,2016
2016-02-17 02:00:00+00:00,172.95,188.68,19.95,24.76,2.84,UKP_0004,0,2016
2016-02-17 03:00:00+00:00,360.05,406.25,24.7,15.88,2.78,UKP_0004,0,2016
2016-02-17 04:00:00+00:00,537.7,594.97,27.93,13.34,2.63,UKP_0004,0,2016
2016-02-17 05:00:00+00:00,651.97,729.05,29.48,13.41,3.29,UKP_0004,0,2016
2016-02-17 06:00:00+00:00,735.92,789.38,30.34,13.01,3.99,UKP_0004,0,2016
2016-02-17 07:00:00+00:00,697.25,784.35,30.72,12.68,4.54,UKP_0004,0,2016
2016-02-17 08:00:00+00:00,576.72,707.35,30.72,12.67,4.96,UKP_0004,0,2016
2016-02-17 09:00:00+00:00,512.08,564.2,30.34,12.86,5.01,UKP_0004,0,2016
2016-02-17 10:00:00+00:00,332.12,369.92,29.38,13.35,4.8,UKP_0004,0,2016
2016-02-17 11:00:00+00:00,145.88,154.45,26.23,17.33,3.15,UKP_0004,0,2016
2016-02-17 12:00:00+00:00,9.18,9.38,21.87,22.1,3.37,UKP_0004,0,2016
2016-02-17 13:00:00+00:00,0.0,0.0,20.63,21.94,3.59,UKP_0004,0,2016
2016-02-17 14:00:00+00:00,0.0,0.0,19.76,21.75,3.67,UKP_0004,0,2016
2016-02-17 15:00:00+00:00,0.0,0.0,19.2,21.61,3.66,UKP_0004,0,2016
2016-02-17 16:00:00+00:00,0.0,0.0,18.58,22.03,3.59,UKP_0004,0,2016
2016-02-17 17:00:00+00:00,0.0,0.0,17.87,22.72,3.44,UKP_0004,0,2016
2016-02-17 18:00:00+00:00,0.0,0.0,17.21,23.59,3.34,UKP_0004,0,2016
2016-02-17 19:00:00+00:00,0.0,0.0,16.98,23.84,3.33,UKP_0004,0,2016
2016-02-17 20:00:00+00:00,0.0,0.0,17.01,23.86,3.25,UKP_0004,0,2016
2016-02-17 21:00:00+00:00,0.0,0.0,17.33,23.44,3.03,UKP_0004,0,2016
2016-02-17 22:00:00+00:00,0.0,0.0,17.6,22.89,2.9,UKP_0004,0,2016
2016-02-17 23:00:00+00:00,0.0,0.0,17.73,22.7,2.89,UKP_0004,0,2016
2016-02-18 00:00:00+00:00,0.0,0.0,17.82,22.36,3.05,UKP_0004,0,2016
2016-02-18 01:00:00+00:00,11.45,16.62,18.53,21.33,3.13,UKP_0004,0,2016
2016-02-18 02:00:00+00:00,100.2,178.6,22.03,17.78,3.34,UKP_0004,0,2016
2016-02-18 03:00:00+00:00,237.12,389.25,25.03,13.37,4.83,UKP_0004,0,2016
2016-02-18 04:00:00+00:00,386.25,574.75,27.37,14.4,5.3,UKP_0004,0,2016
2016-02-18 05:00:00+00:00,519.28,707.9,30.02,17.07,5.66,UKP_0004,0,2016
2016-02-18 06:00:00+00:00,659.4,762.05,31.87,18.68,5.98,UKP_0004,0,2016
2016-02-18 07:00:00+00:00,585.15,763.72,32.64,19.07,6.56,UKP_0004,0,2016
2016-02-18 08:00:00+00:00,554.42,694.1,32.5,19.64,7.23,UKP_0004,0,2016
2016-02-18 09:00:00+00:00,343.55,559.15,31.7,20.69,7.46,UKP_0004,0,2016
2016-02-18 10:00:00+00:00,220.15,373.2,30.54,22.2,7.38,UKP_0004,0,2016
2016-02-18 11:00:00+00:00,104.07,161.57,28.62,25.08,6.32,UKP_0004,0,2016
2016-02-18 12:00:00+00:00,6.18,10.48,25.47,30.61,4.56,UKP_0004,0,2016
2016-02-18 13:00:00+00:00,0.0,0.0,24.07,33.46,4.44,UKP_0004,0,2016
2016-02-18 14:00:00+00:00,0.0,0.0,22.92,36.0,4.22,UKP_0004,0,2016
2016-02-18 15:00:00+00:00,0.0,0.0,21.92,38.22,3.99,UKP_0004,0,2016
2016-02-18 16:00:00+00:00,0.0,0.0,21.25,39.83,3.7,UKP_0004,0,2016
2016-02-18 17:00:00+00:00,0.0,0.0,20.87,40.83,3.56,UKP_0004,0,2016
2016-02-18 18:00:00+00:00,0.0,0.0,20.36,42.24,3.35,UKP_0004,0,2016
2016-02-18 19:00:00+00:00,0.0,0.0,19.74,44.13,3.21,UKP_0004,0,2016
2016-02-18 20:00:00+00:00,0.0,0.0,19.54,45.07,3.26,UKP_0004,0,2016
2016-02-18 21:00:00+00:00,0.0,0.0,19.63,45.27,3.32,UKP_0004,0,2016
2016-02-18 22:00:00+00:00,0.0,0.0,19.75,45.2,3.35,UKP_0004,0,2016
2016-02-18 23:00:00+00:00,0.0,0.0,19.86,44.77,3.42,UKP_0004,0,2016
2016-02-19 00:00:00+00:00,0.0,0.0,19.85,44.49,3.43,UKP_0004,0,2016
2016-02-19 01:00:00+00:00,12.48,19.15,20.52,42.53,3.37,UKP_0004,0,2016
2016-02-19 02:00:00+00:00,125.2,192.25,23.83,35.38,3.95,UKP_0004,0,2016
2016-02-19 03:00:00+00:00,272.48,406.25,26.47,29.57,4.08,UKP_0004,0,2016
2016-02-19 04:00:00+00:00,420.75,591.08,28.98,24.73,5.18,UKP_0004,0,2016
2016-02-19 05:00:00+00:00,497.12,724.78,30.79,21.37,5.5,UKP_0004,0,2016
2016-02-19 06:00:00+00:00,507.08,751.25,31.72,19.25,5.62,UKP_0004,0,2016
2016-02-19 07:00:00+00:00,425.42,753.1,32.39,17.81,6.13,UKP_0004,0,2016
2016-02-19 08:00:00+00:00,351.88,681.5,31.97,17.96,6.33,UKP_0004,0,2016
2016-02-19 09:00:00+00:00,251.12,544.75,31.12,19.08,5.91,UKP_0004,0,2016
2016-02-19 10:00:00+00:00,171.95,358.38,29.75,21.7,4.33,UKP_0004,0,2016
2016-02-19 11:00:00+00:00,78.9,151.23,27.0,26.63,3.12,UKP_0004,0,2016
2016-02-19 12:00:00+00:00,6.35,10.23,24.92,30.42,3.11,UKP_0004,0,2016
2016-02-19 13:00:00+00:00,0.0,0.0,24.19,32.06,3.05,UKP_0004,0,2016
2016-02-19 14:00:00+00:00,0.0,0.0,23.72,33.22,2.95,UKP_0004,0,2016
2016-02-19 15:00:00+00:00,0.0,0.0,23.35,34.04,2.86,UKP_0004,0,2016
2016-02-19 16:00:00+00:00,0.0,0.0,23.07,34.69,2.81,UKP_0004,0,2016
2016-02-19 17:00:00+00:00,0.0,0.0,22.79,35.17,2.75,UKP_0004,0,2016
2016-02-19 18:00:00+00:00,0.0,0.0,22.5,35.68,2.72,UKP_0004,0,2016
2016-02-19 19:00:00+00:00,0.0,0.0,22.32,35.95,2.78,UKP_0004,0,2016
2016-02-19 20:00:00+00:00,0.0,0.0,22.13,37.17,2.9,UKP_0004,0,2016
2016-02-19 21:00:00+00:00,0.0,0.0,22.05,38.28,3.06,UKP_0004,0,2016
2016-02-19 22:00:00+00:00,0.0,0.0,22.25,38.16,2.99,UKP_0004,0,2016
2016-02-19 23:00:00+00:00,0.0,0.0,22.86,37.4,2.51,UKP_0004,0,2016
2016-02-20 00:00:00+00:00,0.0,0.0,23.01,38.58,1.84,UKP_0004,0,2016
2016-02-20 01:00:00+00:00,8.07,13.7,22.2,44.23,1.71,UKP_0004,0,2016
2016-02-20 02:00:00+00:00,68.18,128.18,23.02,48.28,1.48,UKP_0004,0,2016
2016-02-20 03:00:00+00:00,140.95,302.8,24.24,45.55,1.95,UKP_0004,0,2016
2016-02-20 04:00:00+00:00,262.05,457.62,25.92,39.35,3.32,UKP_0004,0,2016
2016-02-20 05:00:00+00:00,224.18,596.3,26.99,35.88,3.67,UKP_0004,0,2016
2016-02-20 06:00:00+00:00,260.2,694.1,27.63,34.27,3.32,UKP_0004,0,2016
2016-02-20 07:00:00+00:00,369.33,699.95,28.05,33.28,2.84,UKP_0004,0,2016
2016-02-20 08:00:00+00:00,258.25,632.95,27.84,33.75,2.95,UKP_0004,0,2016
2016-02-20 09:00:00+00:00,256.77,502.7,27.21,35.59,3.43,UKP_0004,0,2016
2016-02-20 10:00:00+00:00,169.43,326.92,26.2,40.77,2.95,UKP_0004,0,2016
2016-02-20 11:00:00+00:00,79.12,134.57,24.41,52.23,2.22,UKP_0004,0,2016
2016-02-20 12:00:00+00:00,7.82,10.02,21.5,59.1,2.69,UKP_0004,0,2016
2016-02-20 13:00:00+00:00,0.0,0.0,20.42,59.63,2.9,UKP_0004,0,2016
2016-02-20 14:00:00+00:00,0.0,0.0,19.58,60.32,3.01,UKP_0004,0,2016
2016-02-20 15:00:00+00:00,0.0,0.0,18.98,61.43,2.97,UKP_0004,0,2016
2016-02-20 16:00:00+00:00,0.0,0.0,18.41,63.51,2.84,UKP_0004,0,2016
2016-02-20 17:00:00+00:00,0.0,0.0,17.91,66.14,2.79,UKP_0004,0,2016
2016-02-20 18:00:00+00:00,0.0,0.0,17.45,68.69,2.78,UKP_0004,0,2016
2016-02-20 19:00:00+00:00,0.0,0.0,16.91,71.7,2.74,UKP_0004,0,2016
2016-02-20 20:00:00+00:00,0.0,0.0,16.33,75.01,2.74,UKP_0004,0,2016
2016-02-20 21:00:00+00:00,0.0,0.0,15.91,77.28,2.77,UKP_0004,0,2016
2016-02-20 22:00:00+00:00,0.0,0.0,15.49,79.09,2.79,UKP_0004,0,2016
2016-02-20 23:00:00+00:00,0.0,0.0,15.04,81.15,2.79,UKP_0004,0,2016
2016-02-21 00:00:00+00:00,0.0,0.0,14.6,83.16,2.77,UKP_0004,0,2016
2016-02-21 01:00:00+00:00,19.83,24.12,15.37,79.46,2.95,UKP_0004,0,2016
2016-02-21 02:00:00+00:00,184.18,214.48,18.89,64.33,3.92,UKP_0004,0,2016
2016-02-21 03:00:00+00:00,379.48,436.42,22.5,51.81,4.78,UKP_0004,0,2016
2016-02-21 04:00:00+00:00,557.22,626.55,25.67,41.28,5.57,UKP_0004,0,2016
2016-02-21 05:00:00+00:00,705.65,760.78,27.84,34.87,6.24,UKP_0004,0,2016
2016-02-21 06:00:00+00:00,780.8,812.85,29.12,31.08,7.01,UKP_0004,0,2016
2016-02-21 07:00:00+00:00,784.58,810.22,29.79,28.14,7.81,UKP_0004,0,2016
2016-02-21 08:00:00+00:00,698.45,736.22,29.96,25.09,8.48,UKP_0004,0,2016
2016-02-21 09:00:00+00:00,558.12,598.0,29.56,22.4,8.63,UKP_0004,0,2016
2016-02-21 10:00:00+00:00,364.9,406.62,28.59,20.59,8.27,UKP_0004,0,2016
2016-02-21 11:00:00+00:00,166.5,185.12,26.43,21.51,6.43,UKP_0004,0,2016
2016-02-21 12:00:00+00:00,12.8,13.98,21.72,29.08,4.4,UKP_0004,0,2016
2016-02-21 13:00:00+00:00,0.0,0.0,19.79,30.89,4.34,UKP_0004,0,2016
2016-02-21 14:00:00+00:00,0.0,0.0,18.54,31.52,4.3,UKP_0004,0,2016
2016-02-21 15:00:00+00:00,0.0,0.0,17.44,32.55,4.23,UKP_0004,0,2016
2016-02-21 16:00:00+00:00,0.0,0.0,16.3,34.75,3.9,UKP_0004,0,2016
2016-02-21 17:00:00+00:00,0.0,0.0,15.08,38.49,3.47,UKP_0004,0,2016
2016-02-21 18:00:00+00:00,0.0,0.0,14.21,41.28,3.31,UKP_0004,0,2016
2016-02-21 19:00:00+00:00,0.0,0.0,13.52,43.56,3.16,UKP_0004,0,2016
2016-02-21 20:00:00+00:00,0.0,0.0,12.94,45.31,3.04,UKP_0004,0,2016
2016-02-21 21:00:00+00:00,0.0,0.0,12.51,46.25,3.01,UKP_0004,0,2016
2016-02-21 22:00:00+00:00,0.0,0.0,12.23,46.76,2.98,UKP_0004,0,2016
2016-02-21 23:00:00+00:00,0.0,0.0,11.88,47.18,2.99,UKP_0004,0,2016
2016-02-22 00:00:00+00:00,0.0,0.0,11.42,48.08,2.99,UKP_0004,0,2016
2016-02-22 01:00:00+00:00,24.65,28.58,12.28,46.33,2.91,UKP_0004,0,2016
2016-02-22 02:00:00+00:00,222.35,234.7,16.46,36.29,3.81,UKP_0004,0,2016
2016-02-22 03:00:00+00:00,450.4,465.77,20.4,26.94,4.66,UKP_0004,0,2016
2016-02-22 04:00:00+00:00,652.05,660.97,23.91,21.18,5.95,UKP_0004,0,2016
2016-02-22 05:00:00+00:00,793.38,799.55,26.94,16.85,6.96,UKP_0004,0,2016
2016-02-22 06:00:00+00:00,821.1,851.03,29.22,13.71,7.66,UKP_0004,0,2016
2016-02-22 07:00:00+00:00,837.58,847.85,30.41,11.71,7.93,UKP_0004,0,2016
2016-02-22 08:00:00+00:00,767.17,769.33,30.85,10.51,8.03,UKP_0004,0,2016
2016-02-22 09:00:00+00:00,616.53,625.33,30.66,9.8,8.02,UKP_0004,0,2016
2016-02-22 10:00:00+00:00,416.27,426.35,29.79,9.79,7.69,UKP_0004,0,2016
2016-02-22 11:00:00+00:00,191.93,196.18,26.91,12.76,5.33,UKP_0004,0,2016
2016-02-22 12:00:00+00:00,14.7,15.43,21.14,21.23,4.1,UKP_0004,0,2016
2016-02-22 13:00:00+00:00,0.0,0.0,19.31,23.31,4.1,UKP_0004,0,2016
2016-02-22 14:00:00+00:00,0.0,0.0,18.0,25.01,3.92,UKP_0004,0,2016
2016-02-22 15:00:00+00:00,0.0,0.0,16.83,26.94,3.67,UKP_0004,0,2016
2016-02-22 16:00:00+00:00,0.0,0.0,15.71,29.37,3.33,UKP_0004,0,2016
2016-02-22 17:00:00+00:00,0.0,0.0,14.76,32.06,3.03,UKP_0004,0,2016
2016-02-22 18:00:00+00:00,0.0,0.0,14.2,34.0,2.73,UKP_0004,0,2016
2016-02-22 19:00:00+00:00,0.0,0.0,14.15,34.11,2.35,UKP_0004,0,2016
2016-02-22 20:00:00+00:00,0.0,0.0,14.07,33.98,2.05,UKP_0004,0,2016
2016-02-22 21:00:00+00:00,0.0,0.0,13.88,33.8,1.97,UKP_0004,0,2016
2016-02-22 22:00:00+00:00,0.0,0.0,13.52,34.29,1.98,UKP_0004,0,2016
2016-02-22 23:00:00+00:00,0.0,0.0,13.13,34.87,2.05,UKP_0004,0,2016
2016-02-23 00:00:00+00:00,0.0,0.0,12.85,35.21,2.11,UKP_0004,0,2016
2016-02-23 01:00:00+00:00,25.98,28.7,13.53,35.91,2.02,UKP_0004,0,2016
2016-02-23 02:00:00+00:00,221.95,230.57,18.33,28.51,1.74,UKP_0004,0,2016
2016-02-23 03:00:00+00:00,433.58,458.27,21.94,19.14,1.48,UKP_0004,0,2016
2016-02-23 04:00:00+00:00,633.92,651.1,24.75,15.71,3.08,UKP_0004,0,2016
2016-02-23 05:00:00+00:00,773.92,787.5,27.47,12.78,4.56,UKP_0004,0,2016
2016-02-23 06:00:00+00:00,785.75,820.88,28.85,11.27,5.32,UKP_0004,0,2016
2016-02-23 07:00:00+00:00,751.7,817.0,29.6,10.29,5.6,UKP_0004,0,2016
2016-02-23 08:00:00+00:00,697.72,720.8,29.89,9.44,5.58,UKP_0004,0,2016
2016-02-23 09:00:00+00:00,520.8,579.17,29.56,8.9,5.36,UKP_0004,0,2016
2016-02-23 10:00:00+00:00,335.2,386.2,28.63,8.83,4.82,UKP_0004,0,2016
2016-02-23 11:00:00+00:00,150.4,169.95,24.8,17.03,2.82,UKP_0004,0,2016
2016-02-23 12:00:00+00:00,11.73,13.23,20.15,22.99,2.95,UKP_0004,0,2016
2016-02-23 13:00:00+00:00,0.0,0.0,19.27,22.28,2.75,UKP_0004,0,2016
2016-02-23 14:00:00+00:00,0.0,0.0,18.82,21.57,2.46,UKP_0004,0,2016
2016-02-23 15:00:00+00:00,0.0,0.0,18.36,21.32,2.16,UKP_0004,0,2016
2016-02-23 16:00:00+00:00,0.0,0.0,17.75,21.7,1.93,UKP_0004,0,2016
2016-02-23 17:00:00+00:00,0.0,0.0,17.09,22.23,1.87,UKP_0004,0,2016
2016-02-23 18:00:00+00:00,0.0,0.0,16.56,22.74,1.85,UKP_0004,0,2016
2016-02-23 19:00:00+00:00,0.0,0.0,16.14,22.85,1.72,UKP_0004,0,2016
2016-02-23 20:00:00+00:00,0.0,0.0,15.73,23.1,1.59,UKP_0004,0,2016
2016-02-23 21:00:00+00:00,0.0,0.0,15.12,24.28,1.81,UKP_0004,0,2016
2016-02-23 22:00:00+00:00,0.0,0.0,15.1,24.31,1.87,UKP_0004,0,2016
2016-02-23 23:00:00+00:00,0.0,0.0,16.0,22.27,1.72,UKP_0004,0,2016
2016-02-24 00:00:00+00:00,0.0,0.0,16.34,21.64,1.55,UKP_0004,0,2016
2016-02-24 01:00:00+00:00,21.0,24.6,16.69,22.08,1.55,UKP_0004,0,2016
2016-02-24 02:00:00+00:00,195.1,208.23,19.83,24.77,1.45,UKP_0004,0,2016
2016-02-24 03:00:00+00:00,410.65,430.38,24.02,12.38,0.16,UKP_0004,0,2016
2016-02-24 04:00:00+00:00,611.33,623.5,26.9,9.47,2.0,UKP_0004,0,2016
2016-02-24 05:00:00+00:00,756.17,762.08,28.73,8.7,2.32,UKP_0004,0,2016
2016-02-24 06:00:00+00:00,797.67,804.97,29.85,8.34,2.76,UKP_0004,0,2016
2016-02-24 07:00:00+00:00,796.0,802.05,30.43,8.24,3.17,UKP_0004,0,2016
2016-02-24 08:00:00+00:00,712.42,724.55,30.54,8.32,3.41,UKP_0004,0,2016
2016-02-24 09:00:00+00:00,575.15,581.15,30.18,8.52,3.58,UKP_0004,0,2016
2016-02-24 10:00:00+00:00,380.88,386.9,29.32,9.07,3.52,UKP_0004,0,2016
2016-02-24 11:00:00+00:00,165.65,170.32,25.9,18.11,2.27,UKP_0004,0,2016
2016-02-24 12:00:00+00:00,13.18,13.55,22.46,20.73,2.29,UKP_0004,0,2016
2016-02-24 13:00:00+00:00,0.0,0.0,21.92,19.6,1.97,UKP_0004,0,2016
2016-02-24 14:00:00+00:00,0.0,0.0,21.95,18.21,1.42,UKP_0004,0,2016
2016-02-24 15:00:00+00:00,0.0,0.0,20.95,19.0,0.88,UKP_0004,0,2016
2016-02-24 16:00:00+00:00,0.0,0.0,19.26,20.82,1.31,UKP_0004,0,2016
2016-02-24 17:00:00+00:00,0.0,0.0,17.91,23.12,1.9,UKP_0004,0,2016
2016-02-24 18:00:00+00:00,0.0,0.0,16.62,25.17,2.16,UKP_0004,0,2016
2016-02-24 19:00:00+00:00,0.0,0.0,15.12,27.99,2.59,UKP_0004,0,2016
2016-02-24 20:00:00+00:00,0.0,0.0,13.63,31.01,3.27,UKP_0004,0,2016
2016-02-24 21:00:00+00:00,0.0,0.0,13.33,31.52,3.45,UKP_0004,0,2016
2016-02-24 22:00:00+00:00,0.0,0.0,13.27,31.44,3.43,UKP_0004,0,2016
2016-02-24 23:00:00+00:00,0.0,0.0,13.24,31.09,3.35,UKP_0004,0,2016
2016-02-25 00:00:00+00:00,0.0,0.0,13.19,30.8,3.23,UKP_0004,0,2016
2016-02-25 01:00:00+00:00,26.25,28.98,14.09,29.96,2.97,UKP_0004,0,2016
2016-02-25 02:00:00+00:00,220.15,226.38,19.32,23.19,2.7,UKP_0004,0,2016
2016-02-25 03:00:00+00:00,441.67,451.8,23.17,14.79,2.16,UKP_0004,0,2016
2016-02-25 04:00:00+00:00,633.7,643.95,25.95,12.1,1.88,UKP_0004,0,2016
2016-02-25 05:00:00+00:00,773.97,780.1,27.79,10.86,2.19,UKP_0004,0,2016
2016-02-25 06:00:00+00:00,802.92,810.22,28.92,10.2,2.47,UKP_0004,0,2016
2016-02-25 07:00:00+00:00,799.17,804.95,29.56,9.85,2.76,UKP_0004,0,2016
2016-02-25 08:00:00+00:00,717.7,726.25,29.75,9.74,3.09,UKP_0004,0,2016
2016-02-25 09:00:00+00:00,570.47,582.58,29.33,9.94,3.17,UKP_0004,0,2016
2016-02-25 10:00:00+00:00,372.58,388.67,28.29,10.59,2.81,UKP_0004,0,2016
2016-02-25 11:00:00+00:00,163.35,172.75,25.31,19.4,1.76,UKP_0004,0,2016
2016-02-25 12:00:00+00:00,13.55,14.25,22.16,21.3,1.95,UKP_0004,0,2016
2016-02-25 13:00:00+00:00,0.0,0.0,21.41,20.36,1.71,UKP_0004,0,2016
2016-02-25 14:00:00+00:00,0.0,0.0,22.01,18.4,0.95,UKP_0004,0,2016
2016-02-25 15:00:00+00:00,0.0,0.0,21.67,18.25,0.86,UKP_0004,0,2016
2016-02-25 16:00:00+00:00,0.0,0.0,19.37,22.71,1.91,UKP_0004,0,2016
2016-02-25 17:00:00+00:00,0.0,0.0,17.61,26.21,2.56,UKP_0004,0,2016
2016-02-25 18:00:00+00:00,0.0,0.0,16.4,27.89,2.83,UKP_0004,0,2016
2016-02-25 19:00:00+00:00,0.0,0.0,15.17,29.35,3.08,UKP_0004,0,2016
2016-02-25 20:00:00+00:00,0.0,0.0,15.05,29.47,3.25,UKP_0004,0,2016
2016-02-25 21:00:00+00:00,0.0,0.0,14.65,29.85,3.44,UKP_0004,0,2016
2016-02-25 22:00:00+00:00,0.0,0.0,14.34,30.07,3.52,UKP_0004,0,2016
2016-02-25 23:00:00+00:00,0.0,0.0,14.31,30.05,3.46,UKP_0004,0,2016
2016-02-26 00:00:00+00:00,0.0,0.0,14.22,30.06,3.39,UKP_0004,0,2016
2016-02-26 01:00:00+00:00,23.45,26.33,15.4,28.61,3.14,UKP_0004,0,2016
2016-02-26 02:00:00+00:00,192.85,206.05,19.77,22.35,2.93,UKP_0004,0,2016
2016-02-26 03:00:00+00:00,375.92,422.6,23.35,15.06,3.3,UKP_0004,0,2016
2016-02-26 04:00:00+00:00,580.17,612.22,26.03,11.99,3.34,UKP_0004,0,2016
2016-02-26 05:00:00+00:00,699.22,748.58,28.13,10.31,3.74,UKP_0004,0,2016
2016-02-26 06:00:00+00:00,685.2,738.1,29.52,9.42,3.87,UKP_0004,0,2016
2016-02-26 07:00:00+00:00,619.78,735.1,30.26,9.02,3.81,UKP_0004,0,2016
2016-02-26 08:00:00+00:00,605.22,659.72,30.45,8.99,3.59,UKP_0004,0,2016
2016-02-26 09:00:00+00:00,453.6,520.5,29.99,9.33,3.25,UKP_0004,0,2016
2016-02-26 10:00:00+00:00,282.9,335.17,28.99,10.0,2.85,UKP_0004,0,2016
2016-02-26 11:00:00+00:00,123.78,141.38,25.71,18.09,1.95,UKP_0004,0,2016
2016-02-26 12:00:00+00:00,10.73,12.32,22.28,20.67,2.19,UKP_0004,0,2016
2016-02-26 13:00:00+00:00,0.0,0.0,21.84,19.81,1.84,UKP_0004,0,2016
2016-02-26 14:00:00+00:00,0.0,0.0,21.16,20.16,1.31,UKP_0004,0,2016
2016-02-26 15:00:00+00:00,0.0,0.0,20.8,19.59,1.44,UKP_0004,0,2016
2016-02-26 16:00:00+00:00,0.0,0.0,18.93,22.43,1.86,UKP_0004,0,2016
2016-02-26 17:00:00+00:00,0.0,0.0,17.89,23.71,2.21,UKP_0004,0,2016
2016-02-26 18:00:00+00:00,0.0,0.0,16.98,25.02,2.37,UKP_0004,0,2016
2016-02-26 19:00:00+00:00,0.0,0.0,16.4,25.95,2.42,UKP_0004,0,2016
2016-02-26 20:00:00+00:00,0.0,0.0,16.09,26.28,2.38,UKP_0004,0,2016
2016-02-26 21:00:00+00:00,0.0,0.0,15.91,26.49,2.3,UKP_0004,0,2016
2016-02-26 22:00:00+00:00,0.0,0.0,15.6,26.94,2.29,UKP_0004,0,2016
2016-02-26 23:00:00+00:00,0.0,0.0,15.0,27.92,2.43,UKP_0004,0,2016
2016-02-27 00:00:00+00:00,0.0,0.0,14.24,29.25,2.7,UKP_0004,0,2016
2016-02-27 01:00:00+00:00,18.3,21.52,14.52,29.9,2.84,UKP_0004,0,2016
2016-02-27 02:00:00+00:00,152.23,163.57,19.51,22.99,2.89,UKP_0004,0,2016
2016-02-27 03:00:00+00:00,326.08,354.92,23.56,15.79,2.39,UKP_0004,0,2016
2016-02-27 04:00:00+00:00,508.85,536.2,26.45,12.98,2.1,UKP_0004,0,2016
2016-02-27 05:00:00+00:00,643.65,670.12,28.29,11.69,2.73,UKP_0004,0,2016
2016-02-27 06:00:00+00:00,603.83,728.97,29.45,11.0,2.91,UKP_0004,0,2016
2016-02-27 07:00:00+00:00,666.6,723.85,30.11,10.62,2.87,UKP_0004,0,2016
2016-02-27 08:00:00+00:00,570.62,647.25,30.29,10.57,2.78,UKP_0004,0,2016
2016-02-27 09:00:00+00:00,446.67,509.45,29.92,10.86,2.81,UKP_0004,0,2016
2016-02-27 10:00:00+00:00,250.95,327.45,29.05,11.49,2.86,UKP_0004,0,2016
2016-02-27 11:00:00+00:00,112.03,138.75,26.01,18.43,2.06,UKP_0004,0,2016
2016-02-27 12:00:00+00:00,9.98,12.52,22.38,21.81,2.35,UKP_0004,0,2016
2016-02-27 13:00:00+00:00,0.0,0.0,21.31,22.0,2.37,UKP_0004,0,2016
2016-02-27 14:00:00+00:00,0.0,0.0,20.61,22.33,2.28,UKP_0004,0,2016
2016-02-27 15:00:00+00:00,0.0,0.0,19.79,23.02,2.2,UKP_0004,0,2016
2016-02-27 16:00:00+00:00,0.0,0.0,18.63,24.39,2.3,UKP_0004,0,2016
2016-02-27 17:00:00+00:00,0.0,0.0,17.59,25.8,2.43,UKP_0004,0,2016
2016-02-27 18:00:00+00:00,0.0,0.0,16.93,26.65,2.48,UKP_0004,0,2016
2016-02-27 19:00:00+00:00,0.0,0.0,16.36,27.46,2.58,UKP_0004,0,2016
2016-02-27 20:00:00+00:00,0.0,0.0,15.98,27.95,2.68,UKP_0004,0,2016
2016-02-27 21:00:00+00:00,0.0,0.0,15.99,27.67,2.67,UKP_0004,0,2016
2016-02-27 22:00:00+00:00,0.0,0.0,16.29,26.97,2.5,UKP_0004,0,2016
2016-02-27 23:00:00+00:00,0.0,0.0,16.48,26.41,2.34,UKP_0004,0,2016
2016-02-28 00:00:00+00:00,0.0,0.0,16.27,26.62,2.35,UKP_0004,0,2016
2016-02-28 01:00:00+00:00,19.62,23.42,16.43,27.38,2.46,UKP_0004,0,2016
2016-02-28 02:00:00+00:00,154.95,171.32,20.51,23.38,2.5,UKP_0004,0,2016
2016-02-28 03:00:00+00:00,325.55,366.58,24.71,15.1,1.36,UKP_0004,0,2016
2016-02-28 04:00:00+00:00,510.7,549.7,27.53,12.23,1.24,UKP_0004,0,2016
2016-02-28 05:00:00+00:00,635.12,684.35,29.07,11.37,2.22,UKP_0004,0,2016
2016-02-28 06:00:00+00:00,678.45,729.2,29.94,10.96,2.69,UKP_0004,0,2016
2016-02-28 07:00:00+00:00,682.03,727.67,30.43,10.78,2.94,UKP_0004,0,2016
2016-02-28 08:00:00+00:00,612.92,655.35,30.47,10.86,3.09,UKP_0004,0,2016
2016-02-28 09:00:00+00:00,485.67,519.8,30.09,11.12,3.08,UKP_0004,0,2016
2016-02-28 10:00:00+00:00,293.85,338.58,29.18,11.76,2.99,UKP_0004,0,2016
2016-02-28 11:00:00+00:00,135.73,146.77,26.16,17.9,2.13,UKP_0004,0,2016
2016-02-28 12:00:00+00:00,12.35,13.77,22.12,21.99,2.56,UKP_0004,0,2016
2016-02-28 13:00:00+00:00,0.0,0.0,20.79,22.53,2.64,UKP_0004,0,2016
2016-02-28 14:00:00+00:00,0.0,0.0,19.94,22.89,2.61,UKP_0004,0,2016
2016-02-28 15:00:00+00:00,0.0,0.0,19.0,23.49,2.58,UKP_0004,0,2016
2016-02-28 16:00:00+00:00,0.0,0.0,18.03,24.43,2.63,UKP_0004,0,2016
2016-02-28 17:00:00+00:00,0.0,0.0,17.32,25.24,2.64,UKP_0004,0,2016
2016-02-28 18:00:00+00:00,0.0,0.0,16.85,25.91,2.62,UKP_0004,0,2016
2016-02-28 19:00:00+00:00,0.0,0.0,16.64,26.42,2.54,UKP_0004,0,2016
2016-02-28 20:00:00+00:00,0.0,0.0,16.34,27.09,2.59,UKP_0004,0,2016
2016-02-28 21:00:00+00:00,0.0,0.0,16.06,27.75,2.69,UKP_0004,0,2016
2016-02-28 22:00:00+00:00,0.0,0.0,15.87,28.08,2.79,UKP_0004,0,2016
2016-02-28 23:00:00+00:00,0.0,0.0,16.18,27.46,2.74,UKP_0004,0,2016
2016-02-29 00:00:00+00:00,0.0,0.0,16.73,26.45,2.55,UKP_0004,0,2016
2016-02-29 01:00:00+00:00,23.67,28.17,17.68,25.86,2.34,UKP_0004,0,2016
2016-02-29 02:00:00+00:00,168.9,197.07,21.18,24.38,1.91,UKP_0004,0,2016
2016-02-29 03:00:00+00:00,345.1,407.6,25.72,14.46,1.15,UKP_0004,0,2016
2016-02-29 04:00:00+00:00,536.15,596.97,28.43,11.89,0.99,UKP_0004,0,2016
2016-02-29 05:00:00+00:00,641.4,733.9,29.86,11.28,1.76,UKP_0004,0,2016
2016-02-29 06:00:00+00:00,623.4,763.25,30.78,10.97,2.28,UKP_0004,0,2016
2016-02-29 07:00:00+00:00,700.92,762.95,31.22,10.86,2.7,UKP_0004,0,2016
2016-02-29 08:00:00+00:00,611.85,688.17,31.16,11.02,2.98,UKP_0004,0,2016
2016-02-29 09:00:00+00:00,504.2,549.25,30.79,11.31,3.17,UKP_0004,0,2016
2016-02-29 10:00:00+00:00,304.62,361.35,29.82,11.95,3.26,UKP_0004,0,2016
2016-02-29 11:00:00+00:00,140.98,158.7,27.04,16.36,2.33,UKP_0004,0,2016
2016-02-29 12:00:00+00:00,13.8,15.45,22.4,22.05,2.69,UKP_0004,0,2016
2016-02-29 13:00:00+00:00,0.0,0.0,20.95,22.97,2.8,UKP_0004,0,2016
2016-02-29 14:00:00+00:00,0.0,0.0,20.02,23.67,2.84,UKP_0004,0,2016
2016-02-29 15:00:00+00:00,0.0,0.0,19.12,24.48,2.88,UKP_0004,0,2016
2016-02-29 16:00:00+00:00,0.0,0.0,18.18,25.59,2.92,UKP_0004,0,2016
2016-02-29 17:00:00+00:00,0.0,0.0,17.3,26.88,3.0,UKP_0004,0,2016
2016-02-29 18:00:00+00:00,0.0,0.0,16.59,28.36,3.07,UKP_0004,0,2016
2016-02-29 19:00:00+00:00,0.0,0.0,16.18,29.43,3.06,UKP_0004,0,2016
2016-02-29 20:00:00+00:00,0.0,0.0,16.13,29.76,2.93,UKP_0004,0,2016
2016-02-29 21:00:00+00:00,0.0,0.0,16.42,29.28,2.73,UKP_0004,0,2016
2016-02-29 22:00:00+00:00,0.0,0.0,16.8,28.58,2.46,UKP_0004,0,2016
2016-02-29 23:00:00+00:00,0.0,0.0,16.76,28.57,2.16,UKP_0004,0,2016
2016-03-01 00:00:00+00:00,0.0,0.0,17.28,27.67,1.9,UKP_0004,0,2016
2016-03-01 01:00:00+00:00,27.17,29.95,17.85,27.17,1.7,UKP_0004,0,2016
2016-03-01 02:00:00+00:00,190.35,197.6,21.45,23.9,1.55,UKP_0004,0,2016
2016-03-01 03:00:00+00:00,387.17,404.62,25.47,15.97,1.34,UKP_0004,0,2016
2016-03-01 04:00:00+00:00,577.4,592.03,28.72,12.28,2.62,UKP_0004,0,2016
2016-03-01 05:00:00+00:00,725.45,727.03,30.48,10.99,3.01,UKP_0004,0,2016
2016-03-01 06:00:00+00:00,770.72,804.3,31.41,10.31,3.56,UKP_0004,0,2016
2016-03-01 07:00:00+00:00,765.1,799.8,31.96,9.78,4.17,UKP_0004,0,2016
2016-03-01 08:00:00+00:00,660.6,722.62,32.07,9.51,4.7,UKP_0004,0,2016
2016-03-01 09:00:00+00:00,536.58,580.0,31.56,9.58,4.99,UKP_0004,0,2016
2016-03-01 10:00:00+00:00,356.27,387.17,30.59,9.94,4.94,UKP_0004,0,2016
2016-03-01 11:00:00+00:00,164.38,174.93,27.48,13.3,3.1,UKP_0004,0,2016
2016-03-01 12:00:00+00:00,16.4,17.48,22.63,18.56,3.27,UKP_0004,0,2016
2016-03-01 13:00:00+00:00,0.0,0.0,21.04,19.84,3.38,UKP_0004,0,2016
2016-03-01 14:00:00+00:00,0.0,0.0,20.07,20.61,3.38,UKP_0004,0,2016
2016-03-01 15:00:00+00:00,0.0,0.0,19.2,21.41,3.31,UKP_0004,0,2016
2016-03-01 16:00:00+00:00,0.0,0.0,18.4,22.44,3.23,UKP_0004,0,2016
2016-03-01 17:00:00+00:00,0.0,0.0,17.72,23.57,3.15,UKP_0004,0,2016
2016-03-01 18:00:00+00:00,0.0,0.0,17.18,24.78,3.06,UKP_0004,0,2016
2016-03-01 19:00:00+00:00,0.0,0.0,16.78,26.08,3.06,UKP_0004,0,2016
2016-03-01 20:00:00+00:00,0.0,0.0,16.48,27.16,3.1,UKP_0004,0,2016
2016-03-01 21:00:00+00:00,0.0,0.0,16.33,28.09,3.12,UKP_0004,0,2016
2016-03-01 22:00:00+00:00,0.0,0.0,16.49,28.55,3.03,UKP_0004,0,2016
2016-03-01 23:00:00+00:00,0.0,0.0,17.11,28.09,2.8,UKP_0004,0,2016
2016-03-02 00:00:00+00:00,0.0,0.0,18.19,26.77,2.39,UKP_0004,0,2016
2016-03-02 01:00:00+00:00,31.02,32.6,19.28,25.93,1.83,UKP_0004,0,2016
2016-03-02 02:00:00+00:00,193.75,206.4,22.05,24.95,1.32,UKP_0004,0,2016
2016-03-02 03:00:00+00:00,382.95,415.45,25.81,17.19,0.21,UKP_0004,0,2016
2016-03-02 04:00:00+00:00,573.83,600.55,29.18,14.39,2.44,UKP_0004,0,2016
2016-03-02 05:00:00+00:00,684.22,734.15,31.21,13.05,3.31,UKP_0004,0,2016
2016-03-02 06:00:00+00:00,750.17,801.0,32.53,12.16,4.07,UKP_0004,0,2016
2016-03-02 07:00:00+00:00,733.85,797.95,33.22,11.44,4.74,UKP_0004,0,2016
2016-03-02 08:00:00+00:00,695.72,720.0,33.38,10.93,5.24,UKP_0004,0,2016
2016-03-02 09:00:00+00:00,548.97,577.38,32.92,10.8,5.46,UKP_0004,0,2016
2016-03-02 10:00:00+00:00,359.88,385.15,31.92,11.13,5.38,UKP_0004,0,2016
2016-03-02 11:00:00+00:00,165.65,174.62,29.4,13.38,3.59,UKP_0004,0,2016
2016-03-02 12:00:00+00:00,16.67,17.77,23.95,19.87,3.15,UKP_0004,0,2016
2016-03-02 13:00:00+00:00,0.0,0.0,22.31,21.61,3.18,UKP_0004,0,2016
2016-03-02 14:00:00+00:00,0.0,0.0,21.45,22.67,3.07,UKP_0004,0,2016
2016-03-02 15:00:00+00:00,0.0,0.0,20.62,23.74,2.97,UKP_0004,0,2016
2016-03-02 16:00:00+00:00,0.0,0.0,19.79,25.14,2.91,UKP_0004,0,2016
2016-03-02 17:00:00+00:00,0.0,0.0,18.95,26.84,2.91,UKP_0004,0,2016
2016-03-02 18:00:00+00:00,0.0,0.0,18.35,28.68,2.95,UKP_0004,0,2016
2016-03-02 19:00:00+00:00,0.0,0.0,18.01,30.59,3.0,UKP_0004,0,2016
2016-03-02 20:00:00+00:00,0.0,0.0,17.79,32.69,3.07,UKP_0004,0,2016
2016-03-02 21:00:00+00:00,0.0,0.0,17.69,34.28,3.1,UKP_0004,0,2016
2016-03-02 22:00:00+00:00,0.0,0.0,17.59,35.35,3.09,UKP_0004,0,2016
2016-03-02 23:00:00+00:00,0.0,0.0,17.43,36.03,3.08,UKP_0004,0,2016
2016-03-03 00:00:00+00:00,0.0,0.0,17.28,36.55,3.0,UKP_0004,0,2016
2016-03-03 01:00:00+00:00,35.5,38.65,18.91,33.23,2.41,UKP_0004,0,2016
2016-03-03 02:00:00+00:00,230.35,234.5,23.52,25.82,1.58,UKP_0004,0,2016
2016-03-03 03:00:00+00:00,442.73,453.58,27.15,18.39,2.33,UKP_0004,0,2016
2016-03-03 04:00:00+00:00,634.9,642.97,29.53,15.22,4.88,UKP_0004,0,2016
2016-03-03 05:00:00+00:00,776.75,777.08,31.19,13.83,5.8,UKP_0004,0,2016
2016-03-03 06:00:00+00:00,838.25,840.1,32.5,13.08,6.21,UKP_0004,0,2016
2016-03-03 07:00:00+00:00,832.0,836.6,33.44,12.6,6.53,UKP_0004,0,2016
2016-03-03 08:00:00+00:00,747.45,759.55,33.85,12.18,6.82,UKP_0004,0,2016
2016-03-03 09:00:00+00:00,608.92,614.22,33.67,11.91,6.99,UKP_0004,0,2016
2016-03-03 10:00:00+00:00,407.27,416.58,32.93,12.0,6.94,UKP_0004,0,2016
2016-03-03 11:00:00+00:00,185.88,193.7,30.97,13.33,5.34,UKP_0004,0,2016
2016-03-03 12:00:00+00:00,19.1,20.1,25.59,19.08,3.67,UKP_0004,0,2016
2016-03-03 13:00:00+00:00,0.0,0.0,23.7,21.37,3.76,UKP_0004,0,2016
2016-03-03 14:00:00+00:00,0.0,0.0,22.73,22.73,3.75,UKP_0004,0,2016
2016-03-03 15:00:00+00:00,0.0,0.0,21.9,24.09,3.71,UKP_0004,0,2016
2016-03-03 16:00:00+00:00,0.0,0.0,20.88,26.09,3.42,UKP_0004,0,2016
2016-03-03 17:00:00+00:00,0.0,0.0,19.91,28.16,3.18,UKP_0004,0,2016
2016-03-03 18:00:00+00:00,0.0,0.0,19.13,29.91,3.1,UKP_0004,0,2016
2016-03-03 19:00:00+00:00,0.0,0.0,18.54,31.46,3.1,UKP_0004,0,2016
2016-03-03 20:00:00+00:00,0.0,0.0,18.32,32.18,3.04,UKP_0004,0,2016
2016-03-03 21:00:00+00:00,0.0,0.0,18.52,31.99,2.84,UKP_0004,0,2016
2016-03-03 22:00:00+00:00,0.0,0.0,19.23,30.67,2.5,UKP_0004,0,2016
2016-03-03 23:00:00+00:00,0.0,0.0,19.46,30.31,2.13,UKP_0004,0,2016
2016-03-04 00:00:00+00:00,0.0,0.0,19.62,30.1,1.96,UKP_0004,0,2016
2016-03-04 01:00:00+00:00,36.28,38.75,20.28,29.24,1.85,UKP_0004,0,2016
2016-03-04 02:00:00+00:00,222.93,230.1,24.24,23.61,2.06,UKP_0004,0,2016
2016-03-04 03:00:00+00:00,443.67,450.12,28.09,17.83,2.46,UKP_0004,0,2016
2016-03-04 04:00:00+00:00,632.47,642.0,31.64,14.0,4.86,UKP_0004,0,2016
2016-03-04 05:00:00+00:00,774.15,778.35,33.7,12.61,6.08,UKP_0004,0,2016
2016-03-04 06:00:00+00:00,832.72,834.45,34.65,12.09,6.62,UKP_0004,0,2016
2016-03-04 07:00:00+00:00,825.2,834.97,35.09,11.9,6.88,UKP_0004,0,2016
2016-03-04 08:00:00+00:00,753.92,758.62,35.03,12.04,7.0,UKP_0004,0,2016
2016-03-04 09:00:00+00:00,601.0,615.88,34.53,12.51,6.85,UKP_0004,0,2016
2016-03-04 10:00:00+00:00,398.25,420.3,33.57,13.37,6.46,UKP_0004,0,2016
2016-03-04 11:00:00+00:00,193.15,198.98,31.62,15.19,4.82,UKP_0004,0,2016
2016-03-04 12:00:00+00:00,19.92,21.65,26.13,22.07,3.27,UKP_0004,0,2016
2016-03-04 13:00:00+00:00,0.0,0.0,24.16,24.78,3.41,UKP_0004,0,2016
2016-03-04 14:00:00+00:00,0.0,0.0,23.11,26.32,3.41,UKP_0004,0,2016
2016-03-04 15:00:00+00:00,0.0,0.0,22.16,27.72,3.43,UKP_0004,0,2016
2016-03-04 16:00:00+00:00,0.0,0.0,21.39,28.82,3.44,UKP_0004,0,2016
2016-03-04 17:00:00+00:00,0.0,0.0,20.87,29.5,3.43,UKP_0004,0,2016
2016-03-04 18:00:00+00:00,0.0,0.0,20.25,30.38,3.44,UKP_0004,0,2016
2016-03-04 19:00:00+00:00,0.0,0.0,19.42,31.84,3.48,UKP_0004,0,2016
2016-03-04 20:00:00+00:00,0.0,0.0,18.88,33.63,3.52,UKP_0004,0,2016
2016-03-04 21:00:00+00:00,0.0,0.0,18.73,34.72,3.49,UKP_0004,0,2016
2016-03-04 22:00:00+00:00,0.0,0.0,18.69,34.8,3.47,UKP_0004,0,2016
2016-03-04 23:00:00+00:00,0.0,0.0,18.34,34.4,3.48,UKP_0004,0,2016
2016-03-05 00:00:00+00:00,0.0,0.0,18.03,34.26,3.36,UKP_0004,0,2016
2016-03-05 01:00:00+00:00,38.22,43.58,19.75,30.73,2.9,UKP_0004,0,2016
2016-03-05 02:00:00+00:00,197.88,241.18,25.13,22.03,2.6,UKP_0004,0,2016
2016-03-05 03:00:00+00:00,373.95,461.6,29.21,17.05,0.2,UKP_0004,0,2016
2016-03-05 04:00:00+00:00,559.55,650.72,31.29,14.96,1.37,UKP_0004,0,2016
2016-03-05 05:00:00+00:00,769.9,784.58,32.65,13.63,1.98,UKP_0004,0,2016
2016-03-05 06:00:00+00:00,626.78,827.9,33.43,13.16,2.41,UKP_0004,0,2016
2016-03-05 07:00:00+00:00,476.45,822.17,33.83,13.51,2.65,UKP_0004,0,2016
2016-03-05 08:00:00+00:00,405.58,742.35,34.0,13.95,2.62,UKP_0004,0,2016
2016-03-05 09:00:00+00:00,329.0,596.3,33.67,14.5,2.49,UKP_0004,0,2016
2016-03-05 10:00:00+00:00,205.6,398.92,32.87,15.22,2.48,UKP_0004,0,2016
2016-03-05 11:00:00+00:00,91.6,180.35,30.97,17.81,1.97,UKP_0004,0,2016
2016-03-05 12:00:00+00:00,9.77,19.77,27.48,22.3,1.78,UKP_0004,0,2016
2016-03-05 13:00:00+00:00,0.0,0.0,26.8,22.21,1.44,UKP_0004,0,2016
2016-03-05 14:00:00+00:00,0.0,0.0,26.85,21.81,0.94,UKP_0004,0,2016
2016-03-05 15:00:00+00:00,0.0,0.0,26.11,22.74,0.66,UKP_0004,0,2016
2016-03-05 16:00:00+00:00,0.0,0.0,25.35,23.7,1.01,UKP_0004,0,2016
2016-03-05 17:00:00+00:00,0.0,0.0,23.93,26.01,1.46,UKP_0004,0,2016
2016-03-05 18:00:00+00:00,0.0,0.0,21.68,30.95,2.11,UKP_0004,0,2016
2016-03-05 19:00:00+00:00,0.0,0.0,19.89,38.04,2.96,UKP_0004,0,2016
2016-03-05 20:00:00+00:00,0.0,0.0,19.68,42.61,4.32,UKP_0004,0,2016
2016-03-05 21:00:00+00:00,0.0,0.0,19.29,44.76,4.88,UKP_0004,0,2016
2016-03-05 22:00:00+00:00,0.0,0.0,19.18,44.36,4.55,UKP_0004,0,2016
2016-03-05 23:00:00+00:00,0.0,0.0,18.98,43.08,3.96,UKP_0004,0,2016
2016-03-06 00:00:00+00:00,0.0,0.0,18.74,41.02,3.68,UKP_0004,0,2016
2016-03-06 01:00:00+00:00,32.58,38.53,20.23,36.56,3.24,UKP_0004,0,2016
2016-03-06 02:00:00+00:00,184.98,216.43,25.27,26.03,3.82,UKP_0004,0,2016
2016-03-06 03:00:00+00:00,359.35,426.77,29.46,17.5,3.03,UKP_0004,0,2016
2016-03-06 04:00:00+00:00,532.58,617.78,31.56,14.88,3.95,UKP_0004,0,2016
2016-03-06 05:00:00+00:00,628.05,755.3,32.63,14.32,4.97,UKP_0004,0,2016
2016-03-06 06:00:00+00:00,680.88,829.92,33.26,14.34,5.63,UKP_0004,0,2016
2016-03-06 07:00:00+00:00,559.4,822.25,33.56,14.65,5.9,UKP_0004,0,2016
2016-03-06 08:00:00+00:00,499.27,742.53,33.51,15.34,5.82,UKP_0004,0,2016
2016-03-06 09:00:00+00:00,375.58,596.78,33.1,16.45,5.45,UKP_0004,0,2016
2016-03-06 10:00:00+00:00,240.65,399.85,32.09,18.03,4.9,UKP_0004,0,2016
2016-03-06 11:00:00+00:00,112.72,185.65,30.38,20.4,3.73,UKP_0004,0,2016
2016-03-06 12:00:00+00:00,16.0,20.95,25.85,27.92,2.47,UKP_0004,0,2016
2016-03-06 13:00:00+00:00,0.0,0.0,24.81,29.48,2.2,UKP_0004,0,2016
2016-03-06 14:00:00+00:00,0.0,0.0,24.93,29.24,1.6,UKP_0004,0,2016
2016-03-06 15:00:00+00:00,0.0,0.0,24.91,29.39,0.97,UKP_0004,0,2016
2016-03-06 16:00:00+00:00,0.0,0.0,24.32,30.45,0.89,UKP_0004,0,2016
2016-03-06 17:00:00+00:00,0.0,0.0,22.56,33.8,1.73,UKP_0004,0,2016
2016-03-06 18:00:00+00:00,0.0,0.0,21.1,37.81,2.45,UKP_0004,0,2016
2016-03-06 19:00:00+00:00,0.0,0.0,20.23,42.83,2.86,UKP_0004,0,2016
2016-03-06 20:00:00+00:00,0.0,0.0,19.61,47.55,3.09,UKP_0004,0,2016
2016-03-06 21:00:00+00:00,0.0,0.0,19.22,51.13,3.22,UKP_0004,0,2016
2016-03-06 22:00:00+00:00,0.0,0.0,19.0,53.95,3.21,UKP_0004,0,2016
2016-03-06 23:00:00+00:00,0.0,0.0,18.76,55.93,3.11,UKP_0004,0,2016
2016-03-07 00:00:00+00:00,0.0,0.0,18.5,56.96,2.97,UKP_0004,0,2016
2016-03-07 01:00:00+00:00,46.05,49.85,19.89,54.48,2.55,UKP_0004,0,2016
2016-03-07 02:00:00+00:00,245.75,255.23,23.66,42.2,2.61,UKP_0004,0,2016
2016-03-07 03:00:00+00:00,475.25,477.8,27.99,25.92,0.96,UKP_0004,0,2016
2016-03-07 04:00:00+00:00,658.97,666.7,30.05,21.58,1.83,UKP_0004,0,2016
2016-03-07 05:00:00+00:00,774.0,799.62,31.32,19.89,2.23,UKP_0004,0,2016
2016-03-07 06:00:00+00:00,674.92,856.42,32.27,18.73,2.57,UKP_0004,0,2016
2016-03-07 07:00:00+00:00,631.55,846.92,32.8,17.97,3.22,UKP_0004,0,2016
2016-03-07 08:00:00+00:00,661.58,763.97,32.82,17.74,3.8,UKP_0004,0,2016
2016-03-07 09:00:00+00:00,472.27,617.65,32.41,17.94,3.87,UKP_0004,0,2016
2016-03-07 10:00:00+00:00,315.02,420.17,31.51,18.74,3.76,UKP_0004,0,2016
2016-03-07 11:00:00+00:00,151.68,198.82,29.94,20.6,3.3,UKP_0004,0,2016
2016-03-07 12:00:00+00:00,18.88,22.92,26.05,27.74,2.41,UKP_0004,0,2016
2016-03-07 13:00:00+00:00,0.0,0.0,24.33,30.19,2.74,UKP_0004,0,2016
2016-03-07 14:00:00+00:00,0.0,0.0,23.39,31.53,2.85,UKP_0004,0,2016
2016-03-07 15:00:00+00:00,0.0,0.0,22.39,33.12,2.96,UKP_0004,0,2016
2016-03-07 16:00:00+00:00,0.0,0.0,21.73,34.43,3.04,UKP_0004,0,2016
2016-03-07 17:00:00+00:00,0.0,0.0,21.63,34.69,3.15,UKP_0004,0,2016
2016-03-07 18:00:00+00:00,0.0,0.0,21.32,35.47,3.43,UKP_0004,0,2016
2016-03-07 19:00:00+00:00,0.0,0.0,20.87,36.38,3.39,UKP_0004,0,2016
2016-03-07 20:00:00+00:00,0.0,0.0,20.29,37.55,3.09,UKP_0004,0,2016
2016-03-07 21:00:00+00:00,0.0,0.0,19.9,38.31,2.88,UKP_0004,0,2016
2016-03-07 22:00:00+00:00,0.0,0.0,19.7,38.64,2.61,UKP_0004,0,2016
2016-03-07 23:00:00+00:00,0.0,0.0,19.44,39.22,2.08,UKP_0004,0,2016
2016-03-08 00:00:00+00:00,0.0,0.0,19.37,39.43,1.59,UKP_0004,0,2016
2016-03-08 01:00:00+00:00,43.75,47.03,20.35,37.46,1.27,UKP_0004,0,2016
2016-03-08 02:00:00+00:00,232.68,239.38,23.77,30.6,1.05,UKP_0004,0,2016
2016-03-08 03:00:00+00:00,453.4,457.02,27.08,24.76,1.44,UKP_0004,0,2016
2016-03-08 04:00:00+00:00,615.45,644.2,29.79,20.75,2.52,UKP_0004,0,2016
2016-03-08 05:00:00+00:00,693.72,778.65,31.36,18.93,3.34,UKP_0004,0,2016
2016-03-08 06:00:00+00:00,739.78,815.72,32.28,18.08,4.06,UKP_0004,0,2016
2016-03-08 07:00:00+00:00,704.1,811.15,32.89,17.58,4.61,UKP_0004,0,2016
2016-03-08 08:00:00+00:00,711.9,734.35,32.89,17.53,4.98,UKP_0004,0,2016
2016-03-08 09:00:00+00:00,534.53,592.38,32.37,17.81,5.0,UKP_0004,0,2016
2016-03-08 10:00:00+00:00,358.38,400.5,31.39,18.65,4.95,UKP_0004,0,2016
2016-03-08 11:00:00+00:00,174.2,188.45,29.8,20.43,4.69,UKP_0004,0,2016
2016-03-08 12:00:00+00:00,20.35,22.4,25.55,27.14,3.0,UKP_0004,0,2016
2016-03-08 13:00:00+00:00,0.0,0.0,23.49,30.77,3.12,UKP_0004,0,2016
2016-03-08 14:00:00+00:00,0.0,0.0,22.55,32.59,3.19,UKP_0004,0,2016
2016-03-08 15:00:00+00:00,0.0,0.0,21.78,34.11,3.32,UKP_0004,0,2016
2016-03-08 16:00:00+00:00,0.0,0.0,20.91,35.73,3.4,UKP_0004,0,2016
2016-03-08 17:00:00+00:00,0.0,0.0,20.02,37.42,3.31,UKP_0004,0,2016
2016-03-08 18:00:00+00:00,0.0,0.0,19.39,38.35,3.31,UKP_0004,0,2016
2016-03-08 19:00:00+00:00,0.0,0.0,19.09,38.65,3.21,UKP_0004,0,2016
2016-03-08 20:00:00+00:00,0.0,0.0,18.95,38.62,2.95,UKP_0004,0,2016
2016-03-08 21:00:00+00:00,0.0,0.0,18.71,38.98,2.79,UKP_0004,0,2016
2016-03-08 22:00:00+00:00,0.0,0.0,18.53,39.2,2.71,UKP_0004,0,2016
2016-03-08 23:00:00+00:00,0.0,0.0,18.35,39.51,2.65,UKP_0004,0,2016
2016-03-09 00:00:00+00:00,0.0,0.0,18.05,40.12,2.6,UKP_0004,0,2016
2016-03-09 01:00:00+00:00,50.7,56.83,19.41,36.93,2.24,UKP_0004,0,2016
2016-03-09 02:00:00+00:00,240.95,267.45,23.03,29.54,2.67,UKP_0004,0,2016
2016-03-09 03:00:00+00:00,465.83,491.9,26.51,24.37,3.11,UKP_0004,0,2016
2016-03-09 04:00:00+00:00,666.9,681.33,28.77,22.19,3.75,UKP_0004,0,2016
2016-03-09 05:00:00+00:00,729.83,813.33,30.3,20.21,4.58,UKP_0004,0,2016
2016-03-09 06:00:00+00:00,827.92,861.12,31.13,18.65,5.37,UKP_0004,0,2016
2016-03-09 07:00:00+00:00,799.67,854.08,31.67,17.27,6.05,UKP_0004,0,2016
2016-03-09 08:00:00+00:00,728.38,771.8,31.9,16.48,6.27,UKP_0004,0,2016
2016-03-09 09:00:00+00:00,529.85,624.05,31.51,16.46,5.76,UKP_0004,0,2016
2016-03-09 10:00:00+00:00,363.1,425.1,30.6,16.94,5.07,UKP_0004,0,2016
2016-03-09 11:00:00+00:00,179.82,204.1,29.02,18.32,4.43,UKP_0004,0,2016
2016-03-09 12:00:00+00:00,22.75,25.12,24.47,24.87,2.9,UKP_0004,0,2016
2016-03-09 13:00:00+00:00,0.0,0.0,22.3,28.38,3.06,UKP_0004,0,2016
2016-03-09 14:00:00+00:00,0.0,0.0,21.4,30.07,2.94,UKP_0004,0,2016
2016-03-09 15:00:00+00:00,0.0,0.0,20.58,31.71,2.86,UKP_0004,0,2016
2016-03-09 16:00:00+00:00,0.0,0.0,19.76,33.77,2.89,UKP_0004,0,2016
2016-03-09 17:00:00+00:00,0.0,0.0,18.97,36.19,2.88,UKP_0004,0,2016
2016-03-09 18:00:00+00:00,0.0,0.0,18.26,38.86,2.84,UKP_0004,0,2016
2016-03-09 19:00:00+00:00,0.0,0.0,17.61,41.55,2.81,UKP_0004,0,2016
2016-03-09 20:00:00+00:00,0.0,0.0,17.13,43.92,2.82,UKP_0004,0,2016
2016-03-09 21:00:00+00:00,0.0,0.0,16.85,45.68,2.84,UKP_0004,0,2016
2016-03-09 22:00:00+00:00,0.0,0.0,16.68,46.98,2.76,UKP_0004,0,2016
2016-03-09 23:00:00+00:00,0.0,0.0,16.59,48.0,2.68,UKP_0004,0,2016
2016-03-10 00:00:00+00:00,0.0,0.0,16.29,49.54,2.72,UKP_0004,0,2016
2016-03-10 01:00:00+00:00,59.85,61.92,18.22,44.4,2.52,UKP_0004,0,2016
2016-03-10 02:00:00+00:00,271.55,277.45,22.66,34.28,3.37,UKP_0004,0,2016
2016-03-10 03:00:00+00:00,496.05,502.85,26.65,26.89,4.09,UKP_0004,0,2016
2016-03-10 04:00:00+00:00,681.17,692.33,29.61,22.22,4.52,UKP_0004,0,2016
2016-03-10 05:00:00+00:00,823.38,824.42,31.49,19.41,5.05,UKP_0004,0,2016
2016-03-10 06:00:00+00:00,836.33,863.22,32.61,17.48,5.64,UKP_0004,0,2016
2016-03-10 07:00:00+00:00,831.65,859.85,33.34,15.79,5.99,UKP_0004,0,2016
2016-03-10 08:00:00+00:00,713.45,760.97,33.66,14.55,6.16,UKP_0004,0,2016
2016-03-10 09:00:00+00:00,548.05,615.65,33.35,14.09,6.2,UKP_0004,0,2016
2016-03-10 10:00:00+00:00,359.3,421.02,32.44,14.38,6.02,UKP_0004,0,2016
2016-03-10 11:00:00+00:00,174.18,203.43,30.85,15.63,4.97,UKP_0004,0,2016
2016-03-10 12:00:00+00:00,21.83,25.58,26.03,21.71,3.19,UKP_0004,0,2016
2016-03-10 13:00:00+00:00,0.0,0.0,24.23,24.55,3.46,UKP_0004,0,2016
2016-03-10 14:00:00+00:00,0.0,0.0,23.84,25.95,3.69,UKP_0004,0,2016
2016-03-10 15:00:00+00:00,0.0,0.0,23.45,27.77,3.87,UKP_0004,0,2016
2016-03-10 16:00:00+00:00,0.0,0.0,22.86,30.13,3.82,UKP_0004,0,2016
2016-03-10 17:00:00+00:00,0.0,0.0,21.58,33.66,3.4,UKP_0004,0,2016
2016-03-10 18:00:00+00:00,0.0,0.0,20.41,36.54,3.01,UKP_0004,0,2016
2016-03-10 19:00:00+00:00,0.0,0.0,20.25,36.95,2.75,UKP_0004,0,2016
2016-03-10 20:00:00+00:00,0.0,0.0,20.27,37.87,2.63,UKP_0004,0,2016
2016-03-10 21:00:00+00:00,0.0,0.0,20.4,38.14,2.6,UKP_0004,0,2016
2016-03-10 22:00:00+00:00,0.0,0.0,20.51,38.06,2.61,UKP_0004,0,2016
2016-03-10 23:00:00+00:00,0.0,0.0,20.49,37.4,2.49,UKP_0004,0,2016
2016-03-11 00:00:00+00:00,0.0,0.0,20.89,35.82,2.07,UKP_0004,0,2016
2016-03-11 01:00:00+00:00,41.0,51.62,22.16,33.75,1.57,UKP_0004,0,2016
2016-03-11 02:00:00+00:00,171.88,239.62,25.39,27.91,1.86,UKP_0004,0,2016
2016-03-11 03:00:00+00:00,320.1,454.55,28.63,23.5,3.96,UKP_0004,0,2016
2016-03-11 04:00:00+00:00,455.8,641.12,31.0,21.38,4.8,UKP_0004,0,2016
2016-03-11 05:00:00+00:00,679.47,768.0,32.74,19.99,5.03,UKP_0004,0,2016
2016-03-11 06:00:00+00:00,672.33,829.8,33.63,19.2,5.28,UKP_0004,0,2016
2016-03-11 07:00:00+00:00,604.78,826.88,33.49,19.3,5.47,UKP_0004,0,2016
2016-03-11 08:00:00+00:00,576.38,749.67,33.56,19.11,5.27,UKP_0004,0,2016
2016-03-11 09:00:00+00:00,358.23,608.72,33.2,19.27,4.73,UKP_0004,0,2016
2016-03-11 10:00:00+00:00,215.77,417.85,32.7,19.47,4.49,UKP_0004,0,2016
2016-03-11 11:00:00+00:00,94.82,202.7,31.43,20.85,3.5,UKP_0004,0,2016
2016-03-11 12:00:00+00:00,12.15,26.38,27.19,27.88,2.58,UKP_0004,0,2016
2016-03-11 13:00:00+00:00,0.0,0.0,25.8,29.44,2.63,UKP_0004,0,2016
2016-03-11 14:00:00+00:00,0.0,0.0,25.06,31.07,2.5,UKP_0004,0,2016
2016-03-11 15:00:00+00:00,0.0,0.0,23.77,36.01,2.67,UKP_0004,0,2016
2016-03-11 16:00:00+00:00,0.0,0.0,22.64,42.63,2.87,UKP_0004,0,2016
2016-03-11 17:00:00+00:00,0.0,0.0,21.73,49.18,2.97,UKP_0004,0,2016
2016-03-11 18:00:00+00:00,0.0,0.0,21.1,52.29,3.03,UKP_0004,0,2016
2016-03-11 19:00:00+00:00,0.0,0.0,20.86,53.24,3.16,UKP_0004,0,2016
2016-03-11 20:00:00+00:00,0.0,0.0,20.87,52.18,3.33,UKP_0004,0,2016
2016-03-11 21:00:00+00:00,0.0,0.0,20.81,50.63,3.33,UKP_0004,0,2016
2016-03-11 22:00:00+00:00,0.0,0.0,20.75,50.11,3.17,UKP_0004,0,2016
2016-03-11 23:00:00+00:00,0.0,0.0,20.68,50.29,3.15,UKP_0004,0,2016
2016-03-12 00:00:00+00:00,0.0,0.0,20.64,49.1,3.64,UKP_0004,0,2016
2016-03-12 01:00:00+00:00,22.33,62.65,22.72,42.42,5.47,UKP_0004,0,2016
2016-03-12 02:00:00+00:00,73.1,268.33,24.78,37.86,7.02,UKP_0004,0,2016
2016-03-12 03:00:00+00:00,256.95,486.9,26.33,33.24,7.97,UKP_0004,0,2016
2016-03-12 04:00:00+00:00,286.38,671.53,27.97,27.06,7.35,UKP_0004,0,2016
2016-03-12 05:00:00+00:00,95.03,799.4,29.92,23.13,4.35,UKP_0004,0,2016
2016-03-12 06:00:00+00:00,322.52,875.1,31.35,21.23,1.38,UKP_0004,0,2016
2016-03-12 07:00:00+00:00,403.08,866.55,32.77,19.79,1.1,UKP_0004,0,2016
2016-03-12 08:00:00+00:00,399.05,781.95,33.18,19.4,2.31,UKP_0004,0,2016
2016-03-12 09:00:00+00:00,538.35,633.12,32.91,19.72,2.82,UKP_0004,0,2016
2016-03-12 10:00:00+00:00,317.8,434.25,31.95,21.0,2.93,UKP_0004,0,2016
2016-03-12 11:00:00+00:00,147.48,212.93,29.91,27.78,2.14,UKP_0004,0,2016
2016-03-12 12:00:00+00:00,14.62,28.35,26.19,42.68,2.11,UKP_0004,0,2016
2016-03-12 13:00:00+00:00,0.0,0.0,24.29,50.81,2.5,UKP_0004,0,2016
2016-03-12 14:00:00+00:00,0.0,0.0,23.06,59.45,2.64,UKP_0004,0,2016
2016-03-12 15:00:00+00:00,0.0,0.0,22.21,63.43,2.81,UKP_0004,0,2016
2016-03-12 16:00:00+00:00,0.0,0.0,21.18,68.55,3.03,UKP_0004,0,2016
2016-03-12 17:00:00+00:00,0.0,0.0,20.28,73.25,3.24,UKP_0004,0,2016
2016-03-12 18:00:00+00:00,0.0,0.0,19.66,76.17,3.41,UKP_0004,0,2016
2016-03-12 19:00:00+00:00,0.0,0.0,19.29,77.81,3.52,UKP_0004,0,2016
2016-03-12 20:00:00+00:00,0.0,0.0,18.86,78.69,3.85,UKP_0004,0,2016
2016-03-12 21:00:00+00:00,0.0,0.0,18.54,78.59,4.32,UKP_0004,0,2016
2016-03-12 22:00:00+00:00,0.0,0.0,18.3,78.34,5.33,UKP_0004,0,2016
2016-03-12 23:00:00+00:00,0.0,0.0,18.11,79.13,5.94,UKP_0004,0,2016
2016-03-13 00:00:00+00:00,0.0,0.0,17.98,79.74,6.09,UKP_0004,0,2016
2016-03-13 01:00:00+00:00,51.62,61.35,18.7,76.28,6.31,UKP_0004,0,2016
2016-03-13 02:00:00+00:00,199.7,261.7,20.88,66.75,6.6,UKP_0004,0,2016
2016-03-13 03:00:00+00:00,349.8,483.38,23.45,55.29,7.67,UKP_0004,0,2016
2016-03-13 04:00:00+00:00,536.75,673.05,25.34,48.15,8.02,UKP_0004,0,2016
2016-03-13 05:00:00+00:00,631.4,806.88,26.89,42.84,8.02,UKP_0004,0,2016
2016-03-13 06:00:00+00:00,713.45,858.35,27.97,39.24,7.78,UKP_0004,0,2016
2016-03-13 07:00:00+00:00,711.72,846.72,28.32,37.46,7.28,UKP_0004,0,2016
2016-03-13 08:00:00+00:00,604.78,764.58,28.2,36.79,6.79,UKP_0004,0,2016
2016-03-13 09:00:00+00:00,487.27,622.25,27.42,37.84,6.23,UKP_0004,0,2016
2016-03-13 10:00:00+00:00,322.25,425.92,26.85,39.2,5.54,UKP_0004,0,2016
2016-03-13 11:00:00+00:00,152.48,206.23,25.78,43.8,3.95,UKP_0004,0,2016
2016-03-13 12:00:00+00:00,17.02,27.6,22.76,58.91,2.55,UKP_0004,0,2016
2016-03-13 13:00:00+00:00,0.0,0.0,21.39,63.41,2.6,UKP_0004,0,2016
2016-03-13 14:00:00+00:00,0.0,0.0,20.92,65.08,2.4,UKP_0004,0,2016
2016-03-13 15:00:00+00:00,0.0,0.0,20.66,65.59,2.11,UKP_0004,0,2016
2016-03-13 16:00:00+00:00,0.0,0.0,20.45,66.6,1.95,UKP_0004,0,2016
2016-03-13 17:00:00+00:00,0.0,0.0,19.64,70.51,2.25,UKP_0004,0,2016
2016-03-13 18:00:00+00:00,0.0,0.0,18.97,74.35,2.71,UKP_0004,0,2016
2016-03-13 19:00:00+00:00,0.0,0.0,18.66,76.72,3.53,UKP_0004,0,2016
2016-03-13 20:00:00+00:00,0.0,0.0,18.52,78.05,4.8,UKP_0004,0,2016
2016-03-13 21:00:00+00:00,0.0,0.0,18.2,78.9,5.12,UKP_0004,0,2016
2016-03-13 22:00:00+00:00,0.0,0.0,18.13,76.22,4.79,UKP_0004,0,2016
2016-03-13 23:00:00+00:00,0.0,0.0,18.13,71.34,4.09,UKP_0004,0,2016
2016-03-14 00:00:00+00:00,0.0,0.0,17.76,68.49,3.02,UKP_0004,0,2016
2016-03-14 01:00:00+00:00,50.2,69.85,18.62,65.02,2.33,UKP_0004,0,2016
2016-03-14 02:00:00+00:00,174.27,279.95,20.5,58.11,2.3,UKP_0004,0,2016
2016-03-14 03:00:00+00:00,342.95,501.38,21.93,55.88,2.26,UKP_0004,0,2016
2016-03-14 04:00:00+00:00,499.42,688.45,22.92,54.21,2.27,UKP_0004,0,2016
2016-03-14 05:00:00+00:00,671.53,820.5,23.63,51.03,2.19,UKP_0004,0,2016
2016-03-14 06:00:00+00:00,498.0,828.03,23.92,48.49,1.73,UKP_0004,0,2016
2016-03-14 07:00:00+00:00,439.42,830.58,24.78,44.36,1.2,UKP_0004,0,2016
2016-03-14 08:00:00+00:00,233.9,755.67,25.8,39.5,0.96,UKP_0004,0,2016
2016-03-14 09:00:00+00:00,350.88,615.58,26.31,36.16,1.22,UKP_0004,0,2016
2016-03-14 10:00:00+00:00,235.43,424.77,26.14,34.85,1.41,UKP_0004,0,2016
2016-03-14 11:00:00+00:00,111.78,208.6,25.24,37.66,1.1,UKP_0004,0,2016
2016-03-14 12:00:00+00:00,22.85,29.0,23.21,45.33,0.53,UKP_0004,0,2016
2016-03-14 13:00:00+00:00,0.0,0.0,21.94,45.46,0.3,UKP_0004,0,2016
2016-03-14 14:00:00+00:00,0.0,0.0,21.08,47.84,0.35,UKP_0004,0,2016
2016-03-14 15:00:00+00:00,0.0,0.0,20.51,49.39,0.51,UKP_0004,0,2016
2016-03-14 16:00:00+00:00,0.0,0.0,19.71,52.18,0.52,UKP_0004,0,2016
2016-03-14 17:00:00+00:00,0.0,0.0,19.07,53.81,0.38,UKP_0004,0,2016
2016-03-14 18:00:00+00:00,0.0,0.0,18.36,55.36,0.53,UKP_0004,0,2016
2016-03-14 19:00:00+00:00,0.0,0.0,17.53,57.84,1.09,UKP_0004,0,2016
2016-03-14 20:00:00+00:00,0.0,0.0,16.61,60.55,1.7,UKP_0004,0,2016
2016-03-14 21:00:00+00:00,0.0,0.0,15.6,63.43,2.15,UKP_0004,0,2016
2016-03-14 22:00:00+00:00,0.0,0.0,14.88,64.86,2.43,UKP_0004,0,2016
2016-03-14 23:00:00+00:00,0.0,0.0,14.68,64.12,2.49,UKP_0004,0,2016
2016-03-15 00:00:00+00:00,0.0,0.0,14.86,61.95,2.35,UKP_0004,0,2016
2016-03-15 01:00:00+00:00,76.0,80.32,17.01,59.33,1.92,UKP_0004,0,2016
2016-03-15 02:00:00+00:00,302.12,304.1,21.31,42.66,2.23,UKP_0004,0,2016
2016-03-15 03:00:00+00:00,530.67,533.2,24.87,31.09,2.94,UKP_0004,0,2016
2016-03-15 04:00:00+00:00,718.2,721.95,26.59,26.6,3.23,UKP_0004,0,2016
2016-03-15 05:00:00+00:00,821.17,857.72,27.65,24.23,3.7,UKP_0004,0,2016
2016-03-15 06:00:00+00:00,854.97,927.28,28.49,22.5,4.26,UKP_0004,0,2016
2016-03-15 07:00:00+00:00,858.05,915.65,28.88,21.46,4.72,UKP_0004,0,2016
2016-03-15 08:00:00+00:00,698.92,830.88,28.73,21.19,5.41,UKP_0004,0,2016
2016-03-15 09:00:00+00:00,558.53,680.25,28.25,21.44,6.05,UKP_0004,0,2016
2016-03-15 10:00:00+00:00,368.5,476.77,27.27,22.57,6.21,UKP_0004,0,2016
2016-03-15 11:00:00+00:00,177.6,243.7,25.68,25.68,5.33,UKP_0004,0,2016
2016-03-15 12:00:00+00:00,26.45,35.97,22.57,34.42,3.7,UKP_0004,0,2016
2016-03-15 13:00:00+00:00,0.0,0.0,20.73,38.86,3.73,UKP_0004,0,2016
2016-03-15 14:00:00+00:00,0.0,0.0,19.05,43.0,3.48,UKP_0004,0,2016
2016-03-15 15:00:00+00:00,0.0,0.0,17.84,46.17,3.27,UKP_0004,0,2016
2016-03-15 16:00:00+00:00,0.0,0.0,16.97,48.62,3.14,UKP_0004,0,2016
2016-03-15 17:00:00+00:00,0.0,0.0,16.37,50.33,3.19,UKP_0004,0,2016
2016-03-15 18:00:00+00:00,0.0,0.0,15.99,51.29,3.23,UKP_0004,0,2016
2016-03-15 19:00:00+00:00,0.0,0.0,15.53,52.89,3.17,UKP_0004,0,2016
2016-03-15 20:00:00+00:00,0.0,0.0,15.09,54.65,3.11,UKP_0004,0,2016
2016-03-15 21:00:00+00:00,0.0,0.0,14.66,56.46,3.03,UKP_0004,0,2016
2016-03-15 22:00:00+00:00,0.0,0.0,14.22,57.8,2.95,UKP_0004,0,2016
2016-03-15 23:00:00+00:00,0.0,0.0,13.78,58.8,2.87,UKP_0004,0,2016
2016-03-16 00:00:00+00:00,0.0,0.0,13.41,59.13,2.65,UKP_0004,0,2016
2016-03-16 01:00:00+00:00,76.43,91.47,15.86,54.3,2.05,UKP_0004,0,2016
2016-03-16 02:00:00+00:00,297.02,324.67,19.91,39.16,2.51,UKP_0004,0,2016
2016-03-16 03:00:00+00:00,539.67,556.12,23.56,29.04,4.08,UKP_0004,0,2016
2016-03-16 04:00:00+00:00,743.83,747.92,26.81,21.68,4.86,UKP_0004,0,2016
2016-03-16 05:00:00+00:00,881.05,881.58,28.8,18.46,5.31,UKP_0004,0,2016
2016-03-16 06:00:00+00:00,943.15,945.97,30.1,16.57,6.31,UKP_0004,0,2016
2016-03-16 07:00:00+00:00,857.8,935.2,30.9,15.46,7.01,UKP_0004,0,2016
2016-03-16 08:00:00+00:00,838.17,850.2,31.25,14.9,7.5,UKP_0004,0,2016
2016-03-16 09:00:00+00:00,589.6,699.1,31.0,14.83,7.58,UKP_0004,0,2016
2016-03-16 10:00:00+00:00,401.8,494.25,30.05,15.28,7.34,UKP_0004,0,2016
2016-03-16 11:00:00+00:00,205.25,257.35,28.3,17.2,6.38,UKP_0004,0,2016
2016-03-16 12:00:00+00:00,31.35,39.75,23.96,26.24,3.83,UKP_0004,0,2016
2016-03-16 13:00:00+00:00,0.0,0.0,21.29,31.79,3.75,UKP_0004,0,2016
2016-03-16 14:00:00+00:00,0.0,0.0,19.92,33.76,3.96,UKP_0004,0,2016
2016-03-16 15:00:00+00:00,0.0,0.0,18.83,36.23,3.82,UKP_0004,0,2016
2016-03-16 16:00:00+00:00,0.0,0.0,17.73,39.9,3.36,UKP_0004,0,2016
2016-03-16 17:00:00+00:00,0.0,0.0,16.97,42.43,3.29,UKP_0004,0,2016
2016-03-16 18:00:00+00:00,0.0,0.0,16.48,44.25,3.24,UKP_0004,0,2016
2016-03-16 19:00:00+00:00,0.0,0.0,16.36,45.65,3.11,UKP_0004,0,2016
2016-03-16 20:00:00+00:00,0.0,0.0,16.27,47.56,2.97,UKP_0004,0,2016
2016-03-16 21:00:00+00:00,0.0,0.0,16.09,49.1,2.87,UKP_0004,0,2016
2016-03-16 22:00:00+00:00,0.0,0.0,15.69,49.94,2.84,UKP_0004,0,2016
2016-03-16 23:00:00+00:00,0.0,0.0,15.85,49.36,2.72,UKP_0004,0,2016
2016-03-17 00:00:00+00:00,0.0,0.0,16.23,48.29,2.38,UKP_0004,0,2016
2016-03-17 01:00:00+00:00,64.47,83.45,18.38,48.57,1.7,UKP_0004,0,2016
2016-03-17 02:00:00+00:00,207.07,291.52,22.33,34.35,1.45,UKP_0004,0,2016
2016-03-17 03:00:00+00:00,350.73,493.6,25.32,25.93,1.62,UKP_0004,0,2016
2016-03-17 04:00:00+00:00,473.02,682.03,28.39,21.61,2.47,UKP_0004,0,2016
2016-03-17 05:00:00+00:00,582.17,813.1,30.12,19.55,3.15,UKP_0004,0,2016
2016-03-17 06:00:00+00:00,716.33,880.4,31.15,18.35,3.66,UKP_0004,0,2016
2016-03-17 07:00:00+00:00,731.83,873.08,31.73,17.64,4.15,UKP_0004,0,2016
2016-03-17 08:00:00+00:00,630.2,777.17,32.02,17.2,4.38,UKP_0004,0,2016
2016-03-17 09:00:00+00:00,488.3,625.47,31.86,17.18,4.11,UKP_0004,0,2016
2016-03-17 10:00:00+00:00,315.15,421.42,31.15,17.88,3.68,UKP_0004,0,2016
2016-03-17 11:00:00+00:00,168.18,205.7,29.37,23.25,2.61,UKP_0004,0,2016
2016-03-17 12:00:00+00:00,23.38,29.15,25.25,38.04,2.31,UKP_0004,0,2016
2016-03-17 13:00:00+00:00,0.0,0.0,23.77,39.59,2.34,UKP_0004,0,2016
2016-03-17 14:00:00+00:00,0.0,0.0,23.35,40.1,2.1,UKP_0004,0,2016
2016-03-17 15:00:00+00:00,0.0,0.0,22.78,41.2,2.1,UKP_0004,0,2016
2016-03-17 16:00:00+00:00,0.0,0.0,21.8,43.75,2.49,UKP_0004,0,2016
2016-03-17 17:00:00+00:00,0.0,0.0,20.69,47.97,3.17,UKP_0004,0,2016
2016-03-17 18:00:00+00:00,0.0,0.0,20.12,50.0,3.58,UKP_0004,0,2016
2016-03-17 19:00:00+00:00,0.0,0.0,19.82,51.06,3.85,UKP_0004,0,2016
2016-03-17 20:00:00+00:00,0.0,0.0,19.58,51.88,3.96,UKP_0004,0,2016
2016-03-17 21:00:00+00:00,0.0,0.0,19.57,52.24,3.93,UKP_0004,0,2016
2016-03-17 22:00:00+00:00,0.0,0.0,19.54,52.6,3.87,UKP_0004,0,2016
2016-03-17 23:00:00+00:00,0.0,0.0,19.49,52.51,3.88,UKP_0004,0,2016
2016-03-18 00:00:00+00:00,0.0,0.0,19.35,52.51,4.04,UKP_0004,0,2016
2016-03-18 01:00:00+00:00,45.8,73.05,21.0,47.38,5.05,UKP_0004,0,2016
2016-03-18 02:00:00+00:00,157.55,273.48,23.86,39.49,5.82,UKP_0004,0,2016
2016-03-18 03:00:00+00:00,269.88,488.85,27.44,28.6,4.76,UKP_0004,0,2016
2016-03-18 04:00:00+00:00,335.35,679.83,29.5,23.11,3.31,UKP_0004,0,2016
2016-03-18 05:00:00+00:00,524.97,809.9,30.82,21.0,2.06,UKP_0004,0,2016
2016-03-18 06:00:00+00:00,721.28,887.45,31.88,19.75,1.5,UKP_0004,0,2016
2016-03-18 07:00:00+00:00,762.72,875.5,32.64,19.11,1.65,UKP_0004,0,2016
2016-03-18 08:00:00+00:00,562.75,809.53,32.82,19.24,2.04,UKP_0004,0,2016
2016-03-18 09:00:00+00:00,631.97,657.62,32.78,19.45,2.19,UKP_0004,0,2016
2016-03-18 10:00:00+00:00,414.23,455.98,32.12,20.3,2.18,UKP_0004,0,2016
2016-03-18 11:00:00+00:00,213.45,229.93,30.68,23.85,1.97,UKP_0004,0,2016
2016-03-18 12:00:00+00:00,31.55,34.97,27.15,36.22,1.72,UKP_0004,0,2016
2016-03-18 13:00:00+00:00,0.0,0.0,25.84,35.29,1.76,UKP_0004,0,2016
2016-03-18 14:00:00+00:00,0.0,0.0,25.64,34.23,1.5,UKP_0004,0,2016
2016-03-18 15:00:00+00:00,0.0,0.0,25.55,33.3,1.19,UKP_0004,0,2016
2016-03-18 16:00:00+00:00,0.0,0.0,25.17,33.97,0.69,UKP_0004,0,2016
2016-03-18 17:00:00+00:00,0.0,0.0,24.37,35.17,0.63,UKP_0004,0,2016
2016-03-18 18:00:00+00:00,0.0,0.0,22.33,39.83,1.64,UKP_0004,0,2016
2016-03-18 19:00:00+00:00,0.0,0.0,20.55,44.98,2.53,UKP_0004,0,2016
2016-03-18 20:00:00+00:00,0.0,0.0,19.43,47.78,2.99,UKP_0004,0,2016
2016-03-18 21:00:00+00:00,0.0,0.0,18.94,49.18,3.17,UKP_0004,0,2016
2016-03-18 22:00:00+00:00,0.0,0.0,18.7,49.63,3.2,UKP_0004,0,2016
2016-03-18 23:00:00+00:00,0.0,0.0,18.65,49.29,3.13,UKP_0004,0,2016
2016-03-19 00:00:00+00:00,0.0,0.0,18.88,47.61,2.98,UKP_0004,0,2016
2016-03-19 01:00:00+00:00,86.8,89.4,21.4,44.59,2.57,UKP_0004,0,2016
2016-03-19 02:00:00+00:00,300.52,303.62,26.38,30.6,2.45,UKP_0004,0,2016
2016-03-19 03:00:00+00:00,525.65,528.53,30.0,23.34,1.93,UKP_0004,0,2016
2016-03-19 04:00:00+00:00,701.97,716.08,32.14,20.37,3.1,UKP_0004,0,2016
2016-03-19 05:00:00+00:00,810.28,847.22,33.51,18.38,3.88,UKP_0004,0,2016
2016-03-19 06:00:00+00:00,860.45,908.5,34.36,17.2,4.29,UKP_0004,0,2016
2016-03-19 07:00:00+00:00,762.3,896.7,34.78,16.65,4.49,UKP_0004,0,2016
2016-03-19 08:00:00+00:00,604.38,810.5,34.77,16.56,4.6,UKP_0004,0,2016
2016-03-19 09:00:00+00:00,444.92,661.03,34.33,16.87,4.6,UKP_0004,0,2016
2016-03-19 10:00:00+00:00,300.15,456.95,33.42,17.71,4.53,UKP_0004,0,2016
2016-03-19 11:00:00+00:00,157.18,229.7,31.72,20.48,3.81,UKP_0004,0,2016
2016-03-19 12:00:00+00:00,27.85,35.22,26.88,35.26,2.72,UKP_0004,0,2016
2016-03-19 13:00:00+00:00,0.0,0.0,24.67,39.48,2.99,UKP_0004,0,2016
2016-03-19 14:00:00+00:00,0.0,0.0,23.81,41.24,2.99,UKP_0004,0,2016
2016-03-19 15:00:00+00:00,0.0,0.0,23.05,42.7,3.01,UKP_0004,0,2016
2016-03-19 16:00:00+00:00,0.0,0.0,22.39,43.95,3.02,UKP_0004,0,2016
2016-03-19 17:00:00+00:00,0.0,0.0,21.81,45.05,3.02,UKP_0004,0,2016
2016-03-19 18:00:00+00:00,0.0,0.0,21.34,45.81,2.97,UKP_0004,0,2016
2016-03-19 19:00:00+00:00,0.0,0.0,20.96,46.36,2.87,UKP_0004,0,2016
2016-03-19 20:00:00+00:00,0.0,0.0,20.58,46.85,2.84,UKP_0004,0,2016
2016-03-19 21:00:00+00:00,0.0,0.0,20.1,47.78,2.9,UKP_0004,0,2016
2016-03-19 22:00:00+00:00,0.0,0.0,19.7,48.37,3.0,UKP_0004,0,2016
2016-03-19 23:00:00+00:00,0.0,0.0,19.49,48.55,3.06,UKP_0004,0,2016
2016-03-20 00:00:00+00:00,0.0,0.0,19.43,48.28,3.06,UKP_0004,0,2016
2016-03-20 01:00:00+00:00,52.15,79.72,21.85,45.7,2.61,UKP_0004,0,2016
2016-03-20 02:00:00+00:00,176.05,276.35,26.84,30.59,2.9,UKP_0004,0,2016
2016-03-20 03:00:00+00:00,308.15,486.73,30.08,23.28,1.52,UKP_0004,0,2016
2016-03-20 04:00:00+00:00,547.6,672.25,31.65,20.93,1.59,UKP_0004,0,2016
2016-03-20 05:00:00+00:00,605.5,803.12,32.84,20.22,2.52,UKP_0004,0,2016
2016-03-20 06:00:00+00:00,646.1,885.25,33.65,19.96,3.31,UKP_0004,0,2016
2016-03-20 07:00:00+00:00,616.05,883.5,34.06,19.9,3.92,UKP_0004,0,2016
2016-03-20 08:00:00+00:00,666.12,803.2,34.07,19.87,4.42,UKP_0004,0,2016
2016-03-20 09:00:00+00:00,640.7,657.22,33.82,19.93,4.68,UKP_0004,0,2016
2016-03-20 10:00:00+00:00,444.1,459.8,32.98,20.61,4.73,UKP_0004,0,2016
2016-03-20 11:00:00+00:00,225.0,236.07,31.44,22.69,4.25,UKP_0004,0,2016
2016-03-20 12:00:00+00:00,35.65,38.2,26.99,35.5,2.76,UKP_0004,0,2016
2016-03-20 13:00:00+00:00,0.0,0.0,24.61,39.99,3.08,UKP_0004,0,2016
2016-03-20 14:00:00+00:00,0.0,0.0,23.68,40.67,3.2,UKP_0004,0,2016
2016-03-20 15:00:00+00:00,0.0,0.0,22.85,41.11,3.31,UKP_0004,0,2016
2016-03-20 16:00:00+00:00,0.0,0.0,22.11,41.39,3.45,UKP_0004,0,2016
2016-03-20 17:00:00+00:00,0.0,0.0,21.45,41.58,3.68,UKP_0004,0,2016
2016-03-20 18:00:00+00:00,0.0,0.0,20.88,41.74,3.95,UKP_0004,0,2016
2016-03-20 19:00:00+00:00,0.0,0.0,20.28,42.53,4.16,UKP_0004,0,2016
2016-03-20 20:00:00+00:00,0.0,0.0,19.51,45.0,4.17,UKP_0004,0,2016
2016-03-20 21:00:00+00:00,0.0,0.0,18.78,47.08,4.0,UKP_0004,0,2016
2016-03-20 22:00:00+00:00,0.0,0.0,18.16,48.56,3.84,UKP_0004,0,2016
2016-03-20 23:00:00+00:00,0.0,0.0,17.64,49.4,3.69,UKP_0004,0,2016
2016-03-21 00:00:00+00:00,0.0,0.0,17.18,50.55,3.64,UKP_0004,0,2016
2016-03-21 01:00:00+00:00,117.53,121.93,19.8,44.33,4.52,UKP_0004,0,2016
2016-03-21 02:00:00+00:00,353.55,361.8,23.44,34.7,5.63,UKP_0004,0,2016
2016-03-21 03:00:00+00:00,594.55,597.1,27.76,22.0,7.06,UKP_0004,0,2016
2016-03-21 04:00:00+00:00,789.62,791.17,30.7,12.65,8.46,UKP_0004,0,2016
2016-03-21 05:00:00+00:00,924.9,925.42,31.86,10.78,8.84,UKP_0004,0,2016
2016-03-21 06:00:00+00:00,983.05,983.2,32.64,9.93,9.14,UKP_0004,0,2016
2016-03-21 07:00:00+00:00,971.05,971.1,32.99,9.79,9.4,UKP_0004,0,2016
2016-03-21 08:00:00+00:00,873.4,883.55,32.8,10.19,9.58,UKP_0004,0,2016
2016-03-21 09:00:00+00:00,729.92,730.25,32.16,10.88,9.61,UKP_0004,0,2016
2016-03-21 10:00:00+00:00,520.55,522.22,31.06,11.82,9.43,UKP_0004,0,2016
2016-03-21 11:00:00+00:00,273.4,280.25,29.38,13.36,8.7,UKP_0004,0,2016
2016-03-21 12:00:00+00:00,47.9,49.92,26.14,17.51,6.44,UKP_0004,0,2016
2016-03-21 13:00:00+00:00,0.0,0.0,23.3,22.22,5.72,UKP_0004,0,2016
2016-03-21 14:00:00+00:00,0.0,0.0,21.82,24.98,5.49,UKP_0004,0,2016
2016-03-21 15:00:00+00:00,0.0,0.0,20.68,26.92,5.46,UKP_0004,0,2016
2016-03-21 16:00:00+00:00,0.0,0.0,18.89,31.23,4.23,UKP_0004,0,2016
2016-03-21 17:00:00+00:00,0.0,0.0,17.43,35.16,3.72,UKP_0004,0,2016
2016-03-21 18:00:00+00:00,0.0,0.0,16.46,37.54,3.66,UKP_0004,0,2016
2016-03-21 19:00:00+00:00,0.0,0.0,15.6,39.64,3.63,UKP_0004,0,2016
2016-03-21 20:00:00+00:00,0.0,0.0,14.81,41.59,3.55,UKP_0004,0,2016
2016-03-21 21:00:00+00:00,0.0,0.0,14.04,43.79,3.28,UKP_0004,0,2016
2016-03-21 22:00:00+00:00,0.0,0.0,13.4,45.84,3.07,UKP_0004,0,2016
2016-03-21 23:00:00+00:00,0.0,0.0,13.0,47.06,3.01,UKP_0004,0,2016
2016-03-22 00:00:00+00:00,0.0,0.0,12.74,47.78,2.99,UKP_0004,0,2016
2016-03-22 01:00:00+00:00,134.2,139.73,15.72,40.8,3.76,UKP_0004,0,2016
2016-03-22 02:00:00+00:00,378.9,383.88,19.81,29.86,4.07,UKP_0004,0,2016
2016-03-22 03:00:00+00:00,611.45,619.88,23.82,22.33,4.88,UKP_0004,0,2016
2016-03-22 04:00:00+00:00,806.15,812.97,27.49,17.2,5.79,UKP_0004,0,2016
2016-03-22 05:00:00+00:00,941.58,945.42,30.51,13.48,6.45,UKP_0004,0,2016
2016-03-22 06:00:00+00:00,987.62,987.8,32.42,11.32,6.85,UKP_0004,0,2016
2016-03-22 07:00:00+00:00,976.62,977.0,33.49,9.99,7.53,UKP_0004,0,2016
2016-03-22 08:00:00+00:00,881.25,888.83,33.88,9.19,8.35,UKP_0004,0,2016
2016-03-22 09:00:00+00:00,729.72,733.08,33.7,8.74,8.67,UKP_0004,0,2016
2016-03-22 10:00:00+00:00,524.08,524.15,33.0,8.72,8.76,UKP_0004,0,2016
2016-03-22 11:00:00+00:00,281.4,283.58,31.38,9.73,8.0,UKP_0004,0,2016
2016-03-22 12:00:00+00:00,52.0,52.92,26.87,14.83,5.36,UKP_0004,0,2016
2016-03-22 13:00:00+00:00,0.0,0.0,23.2,20.1,4.71,UKP_0004,0,2016
2016-03-22 14:00:00+00:00,0.0,0.0,21.5,22.67,4.24,UKP_0004,0,2016
2016-03-22 15:00:00+00:00,0.0,0.0,19.98,25.51,3.62,UKP_0004,0,2016
2016-03-22 16:00:00+00:00,0.0,0.0,18.61,29.09,3.12,UKP_0004,0,2016
2016-03-22 17:00:00+00:00,0.0,0.0,17.6,32.09,2.91,UKP_0004,0,2016
2016-03-22 18:00:00+00:00,0.0,0.0,17.06,34.32,2.66,UKP_0004,0,2016
2016-03-22 19:00:00+00:00,0.0,0.0,17.75,32.47,1.99,UKP_0004,0,2016
2016-03-22 20:00:00+00:00,0.0,0.0,18.89,28.79,0.97,UKP_0004,0,2016
2016-03-22 21:00:00+00:00,0.0,0.0,17.98,30.09,1.0,UKP_0004,0,2016
2016-03-22 22:00:00+00:00,0.0,0.0,16.42,34.05,1.8,UKP_0004,0,2016
2016-03-22 23:00:00+00:00,0.0,0.0,15.53,36.23,2.18,UKP_0004,0,2016
2016-03-23 00:00:00+00:00,0.0,0.0,15.41,36.35,2.21,UKP_0004,0,2016
2016-03-23 01:00:00+00:00,138.57,140.88,17.78,36.94,1.9,UKP_0004,0,2016
2016-03-23 02:00:00+00:00,375.75,378.17,22.62,22.36,1.35,UKP_0004,0,2016
2016-03-23 03:00:00+00:00,609.33,610.2,25.88,17.66,1.4,UKP_0004,0,2016
2016-03-23 04:00:00+00:00,799.9,801.08,29.09,14.36,3.02,UKP_0004,0,2016
2016-03-23 05:00:00+00:00,931.47,931.62,32.13,11.39,3.97,UKP_0004,0,2016
2016-03-23 06:00:00+00:00,963.6,967.42,34.0,9.98,4.61,UKP_0004,0,2016
2016-03-23 07:00:00+00:00,938.53,953.1,35.18,9.15,5.28,UKP_0004,0,2016
2016-03-23 08:00:00+00:00,862.47,862.55,35.78,8.67,5.69,UKP_0004,0,2016
2016-03-23 09:00:00+00:00,705.2,707.75,35.67,8.53,5.81,UKP_0004,0,2016
2016-03-23 10:00:00+00:00,496.98,501.6,34.89,8.79,5.61,UKP_0004,0,2016
2016-03-23 11:00:00+00:00,262.92,265.65,32.93,11.17,4.2,UKP_0004,0,2016
2016-03-23 12:00:00+00:00,46.05,47.33,27.03,23.63,3.07,UKP_0004,0,2016
2016-03-23 13:00:00+00:00,0.0,0.0,24.34,26.87,3.14,UKP_0004,0,2016
2016-03-23 14:00:00+00:00,0.0,0.0,23.73,27.0,2.72,UKP_0004,0,2016
2016-03-23 15:00:00+00:00,0.0,0.0,23.26,26.97,2.23,UKP_0004,0,2016
2016-03-23 16:00:00+00:00,0.0,0.0,22.34,29.91,2.15,UKP_0004,0,2016
2016-03-23 17:00:00+00:00,0.0,0.0,21.49,32.05,2.39,UKP_0004,0,2016
2016-03-23 18:00:00+00:00,0.0,0.0,20.68,31.53,2.34,UKP_0004,0,2016
2016-03-23 19:00:00+00:00,0.0,0.0,20.24,31.43,2.35,UKP_0004,0,2016
2016-03-23 20:00:00+00:00,0.0,0.0,19.45,32.17,2.73,UKP_0004,0,2016
2016-03-23 21:00:00+00:00,0.0,0.0,18.49,33.98,3.34,UKP_0004,0,2016
2016-03-23 22:00:00+00:00,0.0,0.0,18.65,33.21,3.22,UKP_0004,0,2016
2016-03-23 23:00:00+00:00,0.0,0.0,18.37,33.53,2.91,UKP_0004,0,2016
2016-03-24 00:00:00+00:00,0.0,0.0,17.37,35.44,2.95,UKP_0004,0,2016
2016-03-24 01:00:00+00:00,126.07,127.3,20.16,33.3,2.78,UKP_0004,0,2016
2016-03-24 02:00:00+00:00,347.92,353.25,25.39,19.75,3.9,UKP_0004,0,2016
2016-03-24 03:00:00+00:00,575.53,579.2,29.01,14.51,3.06,UKP_0004,0,2016
2016-03-24 04:00:00+00:00,764.0,764.1,32.16,11.63,1.96,UKP_0004,0,2016
2016-03-24 05:00:00+00:00,888.92,890.17,34.36,10.19,2.03,UKP_0004,0,2016
2016-03-24 06:00:00+00:00,904.78,904.97,35.66,9.34,2.32,UKP_0004,0,2016
2016-03-24 07:00:00+00:00,892.03,892.83,36.5,8.68,2.57,UKP_0004,0,2016
2016-03-24 08:00:00+00:00,803.12,807.15,36.81,8.3,3.04,UKP_0004,0,2016
2016-03-24 09:00:00+00:00,654.6,655.15,35.99,8.52,3.45,UKP_0004,0,2016
2016-03-24 10:00:00+00:00,455.55,456.52,35.14,8.95,3.71,UKP_0004,0,2016
2016-03-24 11:00:00+00:00,221.2,231.68,33.21,12.93,2.79,UKP_0004,0,2016
2016-03-24 12:00:00+00:00,37.35,39.53,28.35,24.68,2.59,UKP_0004,0,2016
2016-03-24 13:00:00+00:00,0.0,0.0,26.41,26.18,2.8,UKP_0004,0,2016
2016-03-24 14:00:00+00:00,0.0,0.0,25.65,27.26,2.66,UKP_0004,0,2016
2016-03-24 15:00:00+00:00,0.0,0.0,24.86,28.19,2.52,UKP_0004,0,2016
2016-03-24 16:00:00+00:00,0.0,0.0,24.14,29.19,2.38,UKP_0004,0,2016
2016-03-24 17:00:00+00:00,0.0,0.0,23.45,29.84,2.35,UKP_0004,0,2016
2016-03-24 18:00:00+00:00,0.0,0.0,22.79,29.42,2.52,UKP_0004,0,2016
2016-03-24 19:00:00+00:00,0.0,0.0,21.9,29.69,2.87,UKP_0004,0,2016
2016-03-24 20:00:00+00:00,0.0,0.0,20.97,30.59,3.18,UKP_0004,0,2016
2016-03-24 21:00:00+00:00,0.0,0.0,20.23,31.42,3.37,UKP_0004,0,2016
2016-03-24 22:00:00+00:00,0.0,0.0,19.57,32.25,3.48,UKP_0004,0,2016
2016-03-24 23:00:00+00:00,0.0,0.0,19.03,33.01,3.51,UKP_0004,0,2016
2016-03-25 00:00:00+00:00,0.0,0.0,18.63,33.72,3.45,UKP_0004,0,2016
2016-03-25 01:00:00+00:00,116.53,122.05,21.84,30.12,2.89,UKP_0004,0,2016
2016-03-25 02:00:00+00:00,318.15,340.45,26.94,18.56,3.56,UKP_0004,0,2016
2016-03-25 03:00:00+00:00,528.95,565.65,30.24,14.14,2.84,UKP_0004,0,2016
2016-03-25 04:00:00+00:00,668.92,752.05,32.9,12.25,2.33,UKP_0004,0,2016
2016-03-25 05:00:00+00:00,852.25,880.95,34.59,11.34,2.08,UKP_0004,0,2016
2016-03-25 06:00:00+00:00,854.05,890.4,35.54,10.97,1.85,UKP_0004,0,2016
2016-03-25 07:00:00+00:00,852.4,881.47,35.9,10.98,1.8,UKP_0004,0,2016
2016-03-25 08:00:00+00:00,733.67,798.15,35.8,11.3,1.98,UKP_0004,0,2016
2016-03-25 09:00:00+00:00,627.25,648.55,35.31,11.87,2.36,UKP_0004,0,2016
2016-03-25 10:00:00+00:00,410.05,448.9,34.3,12.95,2.55,UKP_0004,0,2016
2016-03-25 11:00:00+00:00,207.98,226.35,32.07,21.44,1.79,UKP_0004,0,2016
2016-03-25 12:00:00+00:00,36.35,39.1,28.6,28.3,2.31,UKP_0004,0,2016
2016-03-25 13:00:00+00:00,0.0,0.0,26.99,28.97,2.51,UKP_0004,0,2016
2016-03-25 14:00:00+00:00,0.0,0.0,26.3,29.51,2.53,UKP_0004,0,2016
2016-03-25 15:00:00+00:00,0.0,0.0,25.61,30.23,2.55,UKP_0004,0,2016
2016-03-25 16:00:00+00:00,0.0,0.0,24.83,31.23,2.65,UKP_0004,0,2016
2016-03-25 17:00:00+00:00,0.0,0.0,24.05,32.2,2.8,UKP_0004,0,2016
2016-03-25 18:00:00+00:00,0.0,0.0,23.34,32.94,2.95,UKP_0004,0,2016
2016-03-25 19:00:00+00:00,0.0,0.0,22.76,33.99,3.03,UKP_0004,0,2016
2016-03-25 20:00:00+00:00,0.0,0.0,22.41,35.5,3.01,UKP_0004,0,2016
2016-03-25 21:00:00+00:00,0.0,0.0,22.44,35.71,2.85,UKP_0004,0,2016
2016-03-25 22:00:00+00:00,0.0,0.0,22.68,34.78,2.61,UKP_0004,0,2016
2016-03-25 23:00:00+00:00,0.0,0.0,22.72,33.81,2.41,UKP_0004,0,2016
2016-03-26 00:00:00+00:00,0.0,0.0,22.44,33.49,2.27,UKP_0004,0,2016
2016-03-26 01:00:00+00:00,105.5,109.7,23.88,35.61,2.07,UKP_0004,0,2016
2016-03-26 02:00:00+00:00,282.45,309.0,27.89,25.05,2.85,UKP_0004,0,2016
2016-03-26 03:00:00+00:00,485.27,524.72,31.14,18.68,3.62,UKP_0004,0,2016
2016-03-26 04:00:00+00:00,661.1,707.5,34.1,14.44,4.8,UKP_0004,0,2016
2016-03-26 05:00:00+00:00,770.35,835.78,36.09,11.44,5.5,UKP_0004,0,2016
2016-03-26 06:00:00+00:00,821.45,848.42,36.45,11.26,5.74,UKP_0004,0,2016
2016-03-26 07:00:00+00:00,665.72,848.83,37.0,11.66,6.36,UKP_0004,0,2016
2016-03-26 08:00:00+00:00,502.27,752.4,36.84,12.43,7.12,UKP_0004,0,2016
2016-03-26 09:00:00+00:00,338.38,609.35,36.09,13.49,7.62,UKP_0004,0,2016
2016-03-26 10:00:00+00:00,220.32,417.3,34.81,15.0,7.44,UKP_0004,0,2016
2016-03-26 11:00:00+00:00,99.5,205.77,32.86,17.91,5.97,UKP_0004,0,2016
2016-03-26 12:00:00+00:00,20.1,35.3,29.91,23.01,4.56,UKP_0004,0,2016
2016-03-26 13:00:00+00:00,0.0,0.0,28.22,26.32,4.43,UKP_0004,0,2016
2016-03-26 14:00:00+00:00,0.0,0.0,27.28,28.58,4.37,UKP_0004,0,2016
2016-03-26 15:00:00+00:00,0.0,0.0,26.61,30.37,4.53,UKP_0004,0,2016
2016-03-26 16:00:00+00:00,0.0,0.0,26.17,31.57,5.7,UKP_0004,0,2016
2016-03-26 17:00:00+00:00,0.0,0.0,26.37,32.1,7.94,UKP_0004,0,2016
2016-03-26 18:00:00+00:00,0.0,0.0,25.41,35.91,7.85,UKP_0004,0,2016
2016-03-26 19:00:00+00:00,0.0,0.0,24.29,41.82,8.17,UKP_0004,0,2016
2016-03-26 20:00:00+00:00,0.0,0.0,23.52,47.88,7.91,UKP_0004,0,2016
2016-03-26 21:00:00+00:00,0.0,0.0,23.73,48.45,7.42,UKP_0004,0,2016
2016-03-26 22:00:00+00:00,0.0,0.0,23.41,49.48,5.49,UKP_0004,0,2016
2016-03-26 23:00:00+00:00,0.0,0.0,22.79,50.83,3.75,UKP_0004,0,2016
2016-03-27 00:00:00+00:00,2.25,3.25,22.58,50.23,2.59,UKP_0004,0,2016
2016-03-27 01:00:00+00:00,60.3,95.25,24.48,44.9,3.66,UKP_0004,0,2016
2016-03-27 02:00:00+00:00,155.23,298.25,26.1,41.05,4.96,UKP_0004,0,2016
2016-03-27 03:00:00+00:00,248.15,515.75,28.09,33.61,5.65,UKP_0004,0,2016
2016-03-27 04:00:00+00:00,241.55,703.03,29.67,26.47,5.56,UKP_0004,0,2016
2016-03-27 05:00:00+00:00,595.45,831.7,30.83,23.89,5.67,UKP_0004,0,2016
2016-03-27 06:00:00+00:00,712.92,920.65,31.94,21.99,5.31,UKP_0004,0,2016
2016-03-27 07:00:00+00:00,686.83,908.38,32.48,20.99,4.58,UKP_0004,0,2016
2016-03-27 08:00:00+00:00,638.3,823.6,32.4,20.8,3.82,UKP_0004,0,2016
2016-03-27 09:00:00+00:00,612.6,672.65,32.36,20.57,3.1,UKP_0004,0,2016
2016-03-27 10:00:00+00:00,415.3,469.38,32.08,20.69,2.72,UKP_0004,0,2016
2016-03-27 11:00:00+00:00,205.8,239.95,31.24,21.87,2.58,UKP_0004,0,2016
2016-03-27 12:00:00+00:00,37.5,43.38,27.48,33.27,2.1,UKP_0004,0,2016
2016-03-27 13:00:00+00:00,0.0,0.0,25.06,36.55,2.5,UKP_0004,0,2016
2016-03-27 14:00:00+00:00,0.0,0.0,24.15,38.06,2.56,UKP_0004,0,2016
2016-03-27 15:00:00+00:00,0.0,0.0,23.36,39.24,2.54,UKP_0004,0,2016
2016-03-27 16:00:00+00:00,0.0,0.0,22.51,40.41,2.63,UKP_0004,0,2016
2016-03-27 17:00:00+00:00,0.0,0.0,21.65,41.39,2.69,UKP_0004,0,2016
2016-03-27 18:00:00+00:00,0.0,0.0,20.86,42.31,2.71,UKP_0004,0,2016
2016-03-27 19:00:00+00:00,0.0,0.0,20.25,43.33,2.78,UKP_0004,0,2016
2016-03-27 20:00:00+00:00,0.0,0.0,19.86,44.23,2.79,UKP_0004,0,2016
2016-03-27 21:00:00+00:00,0.0,0.0,19.82,44.32,2.6,UKP_0004,0,2016
2016-03-27 22:00:00+00:00,0.0,0.0,20.1,43.49,2.36,UKP_0004,0,2016
2016-03-27 23:00:00+00:00,0.0,0.0,20.47,42.38,2.08,UKP_0004,0,2016
2016-03-28 00:00:00+00:00,4.3,4.53,20.54,42.16,1.77,UKP_0004,0,2016
2016-03-28 01:00:00+00:00,122.43,126.93,22.7,40.23,1.31,UKP_0004,0,2016
2016-03-28 02:00:00+00:00,347.2,355.52,26.67,27.53,1.19,UKP_0004,0,2016
2016-03-28 03:00:00+00:00,574.72,580.9,30.07,19.43,2.99,UKP_0004,0,2016
2016-03-28 04:00:00+00:00,764.1,766.22,32.15,17.46,3.51,UKP_0004,0,2016
2016-03-28 05:00:00+00:00,869.33,893.95,33.54,16.05,3.86,UKP_0004,0,2016
2016-03-28 06:00:00+00:00,944.22,955.72,34.56,14.52,4.28,UKP_0004,0,2016
2016-03-28 07:00:00+00:00,930.6,940.85,35.17,13.12,4.67,UKP_0004,0,2016
2016-03-28 08:00:00+00:00,809.4,853.03,35.32,11.94,5.1,UKP_0004,0,2016
2016-03-28 09:00:00+00:00,643.33,700.58,34.97,11.08,5.56,UKP_0004,0,2016
2016-03-28 10:00:00+00:00,483.48,496.25,34.01,10.89,5.8,UKP_0004,0,2016
2016-03-28 11:00:00+00:00,249.77,262.95,32.42,11.55,5.51,UKP_0004,0,2016
2016-03-28 12:00:00+00:00,48.6,50.38,27.89,18.21,3.32,UKP_0004,0,2016
2016-03-28 13:00:00+00:00,0.0,0.0,25.01,22.52,3.38,UKP_0004,0,2016
2016-03-28 14:00:00+00:00,0.0,0.0,23.62,23.8,3.55,UKP_0004,0,2016
2016-03-28 15:00:00+00:00,0.0,0.0,22.38,26.06,3.37,UKP_0004,0,2016
2016-03-28 16:00:00+00:00,0.0,0.0,21.41,28.14,3.26,UKP_0004,0,2016
2016-03-28 17:00:00+00:00,0.0,0.0,20.77,29.46,3.3,UKP_0004,0,2016
2016-03-28 18:00:00+00:00,0.0,0.0,20.27,30.78,3.34,UKP_0004,0,2016
2016-03-28 19:00:00+00:00,0.0,0.0,19.76,32.51,3.23,UKP_0004,0,2016
2016-03-28 20:00:00+00:00,0.0,0.0,19.22,34.31,3.05,UKP_0004,0,2016
2016-03-28 21:00:00+00:00,0.0,0.0,18.8,35.78,2.89,UKP_0004,0,2016
2016-03-28 22:00:00+00:00,0.0,0.0,18.67,36.28,2.63,UKP_0004,0,2016
2016-03-28 23:00:00+00:00,0.0,0.0,19.22,34.85,2.25,UKP_0004,0,2016
2016-03-29 00:00:00+00:00,4.28,4.95,20.21,32.93,1.88,UKP_0004,0,2016
2016-03-29 01:00:00+00:00,122.55,126.2,22.36,33.31,1.42,UKP_0004,0,2016
2016-03-29 02:00:00+00:00,334.67,348.05,26.02,23.62,0.99,UKP_0004,0,2016
2016-03-29 03:00:00+00:00,562.3,567.75,28.96,19.31,1.37,UKP_0004,0,2016
2016-03-29 04:00:00+00:00,748.35,749.65,31.52,16.78,2.23,UKP_0004,0,2016
2016-03-29 05:00:00+00:00,872.5,873.35,32.77,15.85,2.91,UKP_0004,0,2016
2016-03-29 06:00:00+00:00,909.9,913.6,33.58,15.28,3.42,UKP_0004,0,2016
2016-03-29 07:00:00+00:00,886.03,903.25,34.25,14.88,3.82,UKP_0004,0,2016
2016-03-29 08:00:00+00:00,759.0,815.55,34.78,14.58,4.13,UKP_0004,0,2016
2016-03-29 09:00:00+00:00,609.4,662.35,34.81,14.57,4.27,UKP_0004,0,2016
2016-03-29 10:00:00+00:00,411.67,459.45,34.24,14.91,4.28,UKP_0004,0,2016
2016-03-29 11:00:00+00:00,203.23,233.62,32.89,16.02,3.96,UKP_0004,0,2016
2016-03-29 12:00:00+00:00,39.45,43.65,28.65,24.01,2.65,UKP_0004,0,2016
2016-03-29 13:00:00+00:00,0.0,0.0,25.97,27.32,2.95,UKP_0004,0,2016
2016-03-29 14:00:00+00:00,0.0,0.0,24.96,27.7,2.93,UKP_0004,0,2016
2016-03-29 15:00:00+00:00,0.0,0.0,23.96,28.13,2.92,UKP_0004,0,2016
2016-03-29 16:00:00+00:00,0.0,0.0,22.99,28.84,2.95,UKP_0004,0,2016
2016-03-29 17:00:00+00:00,0.0,0.0,22.1,30.04,3.03,UKP_0004,0,2016
2016-03-29 18:00:00+00:00,0.0,0.0,21.61,31.13,3.04,UKP_0004,0,2016
2016-03-29 19:00:00+00:00,0.0,0.0,21.31,32.25,3.03,UKP_0004,0,2016
2016-03-29 20:00:00+00:00,0.0,0.0,21.28,33.09,2.95,UKP_0004,0,2016
2016-03-29 21:00:00+00:00,0.0,0.0,21.52,33.2,2.71,UKP_0004,0,2016
2016-03-29 22:00:00+00:00,0.0,0.0,21.56,33.12,2.41,UKP_0004,0,2016
2016-03-29 23:00:00+00:00,0.0,0.0,21.83,32.12,2.12,UKP_0004,0,2016
2016-03-30 00:00:00+00:00,5.32,5.43,22.0,31.57,1.85,UKP_0004,0,2016
2016-03-30 01:00:00+00:00,119.53,125.28,23.88,32.3,1.48,UKP_0004,0,2016
2016-03-30 02:00:00+00:00,317.1,346.65,27.97,21.66,1.05,UKP_0004,0,2016
2016-03-30 03:00:00+00:00,512.92,568.8,31.22,17.19,0.37,UKP_0004,0,2016
2016-03-30 04:00:00+00:00,668.58,752.97,33.42,15.15,0.88,UKP_0004,0,2016
2016-03-30 05:00:00+00:00,777.65,878.95,34.92,13.99,1.76,UKP_0004,0,2016
2016-03-30 06:00:00+00:00,846.8,886.9,35.78,13.38,2.61,UKP_0004,0,2016
2016-03-30 07:00:00+00:00,809.3,876.3,36.26,13.2,3.36,UKP_0004,0,2016
2016-03-30 08:00:00+00:00,675.05,791.03,36.56,13.28,3.91,UKP_0004,0,2016
2016-03-30 09:00:00+00:00,550.9,642.25,36.33,13.71,4.33,UKP_0004,0,2016
2016-03-30 10:00:00+00:00,349.33,444.9,35.5,14.56,4.58,UKP_0004,0,2016
2016-03-30 11:00:00+00:00,178.55,226.38,34.13,15.9,4.48,UKP_0004,0,2016
2016-03-30 12:00:00+00:00,35.5,43.6,30.01,23.04,2.73,UKP_0004,0,2016
2016-03-30 13:00:00+00:00,0.0,0.0,27.02,27.85,2.8,UKP_0004,0,2016
2016-03-30 14:00:00+00:00,0.0,0.0,26.2,28.39,2.69,UKP_0004,0,2016
2016-03-30 15:00:00+00:00,0.0,0.0,25.45,28.74,2.57,UKP_0004,0,2016
2016-03-30 16:00:00+00:00,0.0,0.0,24.66,29.34,2.49,UKP_0004,0,2016
2016-03-30 17:00:00+00:00,0.0,0.0,23.78,30.35,2.46,UKP_0004,0,2016
2016-03-30 18:00:00+00:00,0.0,0.0,22.83,32.03,2.54,UKP_0004,0,2016
2016-03-30 19:00:00+00:00,0.0,0.0,22.0,33.55,2.75,UKP_0004,0,2016
2016-03-30 20:00:00+00:00,0.0,0.0,21.61,34.28,2.81,UKP_0004,0,2016
2016-03-30 21:00:00+00:00,0.0,0.0,21.39,34.68,2.77,UKP_0004,0,2016
2016-03-30 22:00:00+00:00,0.0,0.0,20.99,35.35,2.78,UKP_0004,0,2016
2016-03-30 23:00:00+00:00,0.0,0.0,20.4,36.34,2.87,UKP_0004,0,2016
2016-03-31 00:00:00+00:00,5.85,6.2,19.9,37.17,2.97,UKP_0004,0,2016
2016-03-31 01:00:00+00:00,127.18,131.05,23.49,31.15,3.04,UKP_0004,0,2016
2016-03-31 02:00:00+00:00,350.02,356.58,28.0,22.21,3.11,UKP_0004,0,2016
2016-03-31 03:00:00+00:00,582.03,582.15,31.84,16.46,1.26,UKP_0004,0,2016
2016-03-31 04:00:00+00:00,766.95,767.17,34.36,13.86,2.38,UKP_0004,0,2016
2016-03-31 05:00:00+00:00,888.6,894.22,35.99,12.53,3.44,UKP_0004,0,2016
2016-03-31 06:00:00+00:00,919.4,936.08,36.94,11.74,4.24,UKP_0004,0,2016
2016-03-31 07:00:00+00:00,891.53,921.55,37.5,11.08,4.89,UKP_0004,0,2016
2016-03-31 08:00:00+00:00,777.53,833.62,37.64,10.68,5.57,UKP_0004,0,2016
2016-03-31 09:00:00+00:00,657.8,680.67,37.29,10.53,6.07,UKP_0004,0,2016
2016-03-31 10:00:00+00:00,470.58,476.85,36.53,10.61,5.98,UKP_0004,0,2016
2016-03-31 11:00:00+00:00,229.73,247.23,35.16,11.27,5.7,UKP_0004,0,2016
2016-03-31 12:00:00+00:00,42.22,48.25,31.11,15.38,3.81,UKP_0004,0,2016
2016-03-31 13:00:00+00:00,0.0,0.0,28.04,18.73,3.89,UKP_0004,0,2016
2016-03-31 14:00:00+00:00,0.0,0.0,26.89,20.09,3.89,UKP_0004,0,2016
2016-03-31 15:00:00+00:00,0.0,0.0,25.68,21.76,3.77,UKP_0004,0,2016
2016-03-31 16:00:00+00:00,0.0,0.0,24.72,23.29,3.6,UKP_0004,0,2016
2016-03-31 17:00:00+00:00,0.0,0.0,24.09,24.55,3.52,UKP_0004,0,2016
2016-03-31 18:00:00+00:00,0.0,0.0,23.41,26.74,3.06,UKP_0004,0,2016
2016-03-31 19:00:00+00:00,0.0,0.0,22.74,28.95,2.93,UKP_0004,0,2016
2016-03-31 20:00:00+00:00,0.0,0.0,22.14,30.65,3.0,UKP_0004,0,2016
2016-03-31 21:00:00+00:00,0.0,0.0,22.42,30.35,2.52,UKP_0004,0,2016
2016-03-31 22:00:00+00:00,0.0,0.0,22.97,29.23,1.87,UKP_0004,0,2016
2016-03-31 23:00:00+00:00,0.0,0.0,22.16,30.71,1.82,UKP_0004,0,2016
2016-04-01 00:00:00+00:00,6.43,6.6,21.21,32.25,2.08,UKP_0004,0,2016
2016-04-01 01:00:00+00:00,125.62,130.68,23.51,29.29,2.46,UKP_0004,0,2016
2016-04-01 02:00:00+00:00,336.0,354.52,26.98,22.24,2.71,UKP_0004,0,2016
2016-04-01 03:00:00+00:00,555.33,580.0,29.8,18.89,1.73,UKP_0004,0,2016
2016-04-01 04:00:00+00:00,718.75,766.78,32.64,16.29,1.81,UKP_0004,0,2016
2016-04-01 05:00:00+00:00,881.78,894.83,35.28,14.22,3.17,UKP_0004,0,2016
2016-04-01 06:00:00+00:00,921.55,925.33,37.0,13.21,4.13,UKP_0004,0,2016
2016-04-01 07:00:00+00:00,911.2,912.83,38.09,12.83,4.79,UKP_0004,0,2016
2016-04-01 08:00:00+00:00,816.85,827.2,38.71,12.78,5.58,UKP_0004,0,2016
2016-04-01 09:00:00+00:00,630.38,676.75,38.77,13.06,6.08,UKP_0004,0,2016
2016-04-01 10:00:00+00:00,450.2,475.88,38.27,13.71,5.36,UKP_0004,0,2016
2016-04-01 11:00:00+00:00,229.45,249.55,37.06,14.98,4.43,UKP_0004,0,2016
2016-04-01 12:00:00+00:00,48.47,49.83,32.74,21.7,2.63,UKP_0004,0,2016
2016-04-01 13:00:00+00:00,0.0,0.0,29.94,25.61,2.79,UKP_0004,0,2016
2016-04-01 14:00:00+00:00,0.0,0.0,29.12,26.62,2.81,UKP_0004,0,2016
2016-04-01 15:00:00+00:00,0.0,0.0,28.26,27.69,2.86,UKP_0004,0,2016
2016-04-01 16:00:00+00:00,0.0,0.0,27.28,29.04,2.98,UKP_0004,0,2016
2016-04-01 17:00:00+00:00,0.0,0.0,26.36,30.76,2.98,UKP_0004,0,2016
2016-04-01 18:00:00+00:00,0.0,0.0,25.62,32.71,2.97,UKP_0004,0,2016
2016-04-01 19:00:00+00:00,0.0,0.0,25.11,34.74,2.93,UKP_0004,0,2016
2016-04-01 20:00:00+00:00,0.0,0.0,24.79,36.28,2.71,UKP_0004,0,2016
2016-04-01 21:00:00+00:00,0.0,0.0,25.37,35.42,2.04,UKP_0004,0,2016
2016-04-01 22:00:00+00:00,0.0,0.0,26.09,33.84,1.31,UKP_0004,0,2016
2016-04-01 23:00:00+00:00,0.0,0.0,25.36,34.97,1.44,UKP_0004,0,2016
2016-04-02 00:00:00+00:00,7.2,7.12,23.45,38.64,2.25,UKP_0004,0,2016
2016-04-02 01:00:00+00:00,121.35,132.52,25.93,32.79,3.23,UKP_0004,0,2016
2016-04-02 02:00:00+00:00,311.25,352.27,29.62,25.9,3.59,UKP_0004,0,2016
2016-04-02 03:00:00+00:00,504.38,573.25,33.19,21.13,2.27,UKP_0004,0,2016
2016-04-02 04:00:00+00:00,670.03,756.2,35.6,18.13,2.07,UKP_0004,0,2016
2016-04-02 05:00:00+00:00,792.7,881.65,37.46,16.2,2.81,UKP_0004,0,2016
2016-04-02 06:00:00+00:00,909.9,913.95,38.75,15.09,3.87,UKP_0004,0,2016
2016-04-02 07:00:00+00:00,846.12,902.38,39.64,14.54,4.88,UKP_0004,0,2016
2016-04-02 08:00:00+00:00,789.0,810.0,39.96,14.48,5.64,UKP_0004,0,2016
2016-04-02 09:00:00+00:00,630.3,656.53,39.69,14.82,6.08,UKP_0004,0,2016
2016-04-02 10:00:00+00:00,447.38,453.95,38.98,15.43,6.31,UKP_0004,0,2016
2016-04-02 11:00:00+00:00,221.62,234.43,37.87,16.36,6.17,UKP_0004,0,2016
2016-04-02 12:00:00+00:00,41.2,45.47,34.53,20.14,3.88,UKP_0004,0,2016
2016-04-02 13:00:00+00:00,0.0,0.0,31.27,24.34,3.52,UKP_0004,0,2016
2016-04-02 14:00:00+00:00,0.0,0.0,30.13,25.68,3.52,UKP_0004,0,2016
2016-04-02 15:00:00+00:00,0.0,0.0,29.29,26.93,3.36,UKP_0004,0,2016
2016-04-02 16:00:00+00:00,0.0,0.0,28.75,27.92,3.17,UKP_0004,0,2016
2016-04-02 17:00:00+00:00,0.0,0.0,28.09,29.3,2.89,UKP_0004,0,2016
2016-04-02 18:00:00+00:00,0.0,0.0,27.54,30.63,2.7,UKP_0004,0,2016
2016-04-02 19:00:00+00:00,0.0,0.0,27.07,31.83,2.65,UKP_0004,0,2016
2016-04-02 20:00:00+00:00,0.0,0.0,26.7,32.79,2.59,UKP_0004,0,2016
2016-04-02 21:00:00+00:00,0.0,0.0,26.94,32.58,2.33,UKP_0004,0,2016
2016-04-02 22:00:00+00:00,0.0,0.0,27.54,31.75,1.88,UKP_0004,0,2016
2016-04-02 23:00:00+00:00,0.0,0.0,27.58,31.98,1.53,UKP_0004,0,2016
2016-04-03 00:00:00+00:00,7.32,7.38,27.01,33.39,1.66,UKP_0004,0,2016
2016-04-03 01:00:00+00:00,124.1,126.28,27.5,33.52,1.89,UKP_0004,0,2016
2016-04-03 02:00:00+00:00,333.4,340.08,30.03,28.5,2.66,UKP_0004,0,2016
2016-04-03 03:00:00+00:00,556.7,562.17,33.82,23.11,1.62,UKP_0004,0,2016
2016-04-03 04:00:00+00:00,723.5,748.0,36.88,20.12,1.24,UKP_0004,0,2016
2016-04-03 05:00:00+00:00,844.25,877.62,38.75,18.17,1.9,UKP_0004,0,2016
2016-04-03 06:00:00+00:00,816.88,896.67,40.08,16.73,2.67,UKP_0004,0,2016
2016-04-03 07:00:00+00:00,713.0,886.7,40.72,15.93,3.46,UKP_0004,0,2016
2016-04-03 08:00:00+00:00,579.22,805.75,40.5,15.95,4.35,UKP_0004,0,2016
2016-04-03 09:00:00+00:00,523.33,654.15,39.79,16.45,5.03,UKP_0004,0,2016
2016-04-03 10:00:00+00:00,362.5,453.15,38.79,17.32,5.42,UKP_0004,0,2016
2016-04-03 11:00:00+00:00,181.4,230.88,37.39,18.86,4.78,UKP_0004,0,2016
2016-04-03 12:00:00+00:00,38.72,45.5,34.22,23.66,2.7,UKP_0004,0,2016
2016-04-03 13:00:00+00:00,0.0,0.0,32.06,27.12,2.66,UKP_0004,0,2016
2016-04-03 14:00:00+00:00,0.0,0.0,30.9,28.96,2.61,UKP_0004,0,2016
2016-04-03 15:00:00+00:00,0.0,0.0,29.96,30.32,2.47,UKP_0004,0,2016
2016-04-03 16:00:00+00:00,0.0,0.0,29.79,30.65,2.28,UKP_0004,0,2016
2016-04-03 17:00:00+00:00,0.0,0.0,29.15,31.88,2.39,UKP_0004,0,2016
2016-04-03 18:00:00+00:00,0.0,0.0,28.38,33.36,2.61,UKP_0004,0,2016
2016-04-03 19:00:00+00:00,0.0,0.0,27.74,34.74,2.68,UKP_0004,0,2016
2016-04-03 20:00:00+00:00,0.0,0.0,27.06,36.35,2.63,UKP_0004,0,2016
2016-04-03 21:00:00+00:00,0.0,0.0,26.58,37.55,2.46,UKP_0004,0,2016
2016-04-03 22:00:00+00:00,0.0,0.0,26.22,38.53,2.2,UKP_0004,0,2016
2016-04-03 23:00:00+00:00,0.0,0.0,25.95,39.25,1.88,UKP_0004,0,2016
2016-04-04 00:00:00+00:00,8.15,8.32,25.81,39.64,1.58,UKP_0004,0,2016
2016-04-04 01:00:00+00:00,110.75,135.1,27.72,35.96,1.4,UKP_0004,0,2016
2016-04-04 02:00:00+00:00,288.52,354.6,30.08,30.63,1.16,UKP_0004,0,2016
2016-04-04 03:00:00+00:00,448.98,569.9,32.43,25.58,2.26,UKP_0004,0,2016
2016-04-04 04:00:00+00:00,656.05,751.6,33.93,22.87,2.28,UKP_0004,0,2016
2016-04-04 05:00:00+00:00,738.03,878.05,35.02,21.36,2.35,UKP_0004,0,2016
2016-04-04 06:00:00+00:00,806.83,911.7,35.85,20.33,2.87,UKP_0004,0,2016
2016-04-04 07:00:00+00:00,739.12,896.6,36.74,19.1,3.43,UKP_0004,0,2016
2016-04-04 08:00:00+00:00,549.88,811.72,37.7,17.25,3.98,UKP_0004,0,2016
2016-04-04 09:00:00+00:00,481.95,659.17,37.87,15.63,4.57,UKP_0004,0,2016
2016-04-04 10:00:00+00:00,333.45,453.67,37.37,14.31,4.83,UKP_0004,0,2016
2016-04-04 11:00:00+00:00,191.68,236.4,36.4,13.59,4.44,UKP_0004,0,2016
2016-04-04 12:00:00+00:00,45.92,47.95,32.71,17.21,2.71,UKP_0004,0,2016
2016-04-04 13:00:00+00:00,0.0,0.0,29.76,19.4,3.0,UKP_0004,0,2016
2016-04-04 14:00:00+00:00,0.0,0.0,28.97,19.42,2.95,UKP_0004,0,2016
2016-04-04 15:00:00+00:00,0.0,0.0,28.24,20.07,2.71,UKP_0004,0,2016
2016-04-04 16:00:00+00:00,0.0,0.0,27.54,21.0,2.35,UKP_0004,0,2016
2016-04-04 17:00:00+00:00,0.0,0.0,26.71,22.23,2.25,UKP_0004,0,2016
2016-04-04 18:00:00+00:00,0.0,0.0,25.94,23.4,2.55,UKP_0004,0,2016
2016-04-04 19:00:00+00:00,0.0,0.0,25.39,24.56,2.72,UKP_0004,0,2016
2016-04-04 20:00:00+00:00,0.0,0.0,24.47,26.34,2.88,UKP_0004,0,2016
2016-04-04 21:00:00+00:00,0.0,0.0,23.81,27.76,2.97,UKP_0004,0,2016
2016-04-04 22:00:00+00:00,0.0,0.0,23.54,28.69,2.93,UKP_0004,0,2016
2016-04-04 23:00:00+00:00,0.0,0.0,23.52,29.41,2.77,UKP_0004,0,2016
2016-04-05 00:00:00+00:00,9.73,9.9,23.99,29.58,2.51,UKP_0004,0,2016
2016-04-05 01:00:00+00:00,136.0,157.85,26.4,27.76,2.01,UKP_0004,0,2016
2016-04-05 02:00:00+00:00,329.27,391.05,30.53,21.5,2.58,UKP_0004,0,2016
2016-04-05 03:00:00+00:00,533.2,615.72,34.16,16.8,2.35,UKP_0004,0,2016
2016-04-05 04:00:00+00:00,723.0,799.25,36.59,14.5,3.08,UKP_0004,0,2016
2016-04-05 05:00:00+00:00,725.12,924.1,37.79,14.35,4.34,UKP_0004,0,2016
2016-04-05 06:00:00+00:00,657.83,941.72,38.03,15.14,5.24,UKP_0004,0,2016
2016-04-05 07:00:00+00:00,586.53,932.25,38.61,15.56,5.8,UKP_0004,0,2016
2016-04-05 08:00:00+00:00,497.38,846.38,38.84,16.06,6.23,UKP_0004,0,2016
2016-04-05 09:00:00+00:00,432.23,696.25,38.16,17.08,6.96,UKP_0004,0,2016
2016-04-05 10:00:00+00:00,308.12,495.58,37.02,18.33,7.72,UKP_0004,0,2016
2016-04-05 11:00:00+00:00,158.95,265.48,35.55,19.96,7.97,UKP_0004,0,2016
2016-04-05 12:00:00+00:00,43.83,57.92,33.47,22.47,6.87,UKP_0004,0,2016
2016-04-05 13:00:00+00:00,0.0,0.0,30.96,26.08,5.37,UKP_0004,0,2016
2016-04-05 14:00:00+00:00,0.0,0.0,29.43,28.56,4.59,UKP_0004,0,2016
2016-04-05 15:00:00+00:00,0.0,0.0,28.32,30.64,4.19,UKP_0004,0,2016
2016-04-05 16:00:00+00:00,0.0,0.0,27.51,32.47,4.09,UKP_0004,0,2016
2016-04-05 17:00:00+00:00,0.0,0.0,26.72,34.41,3.84,UKP_0004,0,2016
2016-04-05 18:00:00+00:00,0.0,0.0,26.12,35.92,3.62,UKP_0004,0,2016
2016-04-05 19:00:00+00:00,0.0,0.0,25.64,36.95,3.51,UKP_0004,0,2016
2016-04-05 20:00:00+00:00,0.0,0.0,25.38,37.27,3.52,UKP_0004,0,2016
2016-04-05 21:00:00+00:00,0.0,0.0,24.85,38.63,3.03,UKP_0004,0,2016
2016-04-05 22:00:00+00:00,0.0,0.0,23.96,40.84,2.9,UKP_0004,0,2016
2016-04-05 23:00:00+00:00,0.0,0.0,23.45,41.68,2.92,UKP_0004,0,2016
2016-04-06 00:00:00+00:00,4.8,10.12,23.51,41.39,2.88,UKP_0004,0,2016
2016-04-06 01:00:00+00:00,45.42,145.5,26.91,33.88,3.55,UKP_0004,0,2016
2016-04-06 02:00:00+00:00,158.55,368.4,30.46,25.81,4.42,UKP_0004,0,2016
2016-04-06 03:00:00+00:00,151.18,588.72,33.69,17.26,6.16,UKP_0004,0,2016
2016-04-06 04:00:00+00:00,275.65,770.72,33.98,15.22,6.73,UKP_0004,0,2016
2016-04-06 05:00:00+00:00,409.2,895.1,34.88,14.11,6.58,UKP_0004,0,2016
2016-04-06 06:00:00+00:00,763.58,961.3,36.0,13.99,5.86,UKP_0004,0,2016
2016-04-06 07:00:00+00:00,912.25,944.33,35.77,15.09,5.22,UKP_0004,0,2016
2016-04-06 08:00:00+00:00,766.42,854.53,36.2,15.42,4.97,UKP_0004,0,2016
2016-04-06 09:00:00+00:00,599.45,701.97,36.5,15.79,4.8,UKP_0004,0,2016
2016-04-06 10:00:00+00:00,400.52,496.15,36.0,16.69,4.71,UKP_0004,0,2016
2016-04-06 11:00:00+00:00,209.1,263.55,34.78,18.3,4.64,UKP_0004,0,2016
2016-04-06 12:00:00+00:00,47.53,54.8,31.87,22.72,2.98,UKP_0004,0,2016
2016-04-06 13:00:00+00:00,0.0,0.0,28.44,28.4,2.74,UKP_0004,0,2016
2016-04-06 14:00:00+00:00,0.0,0.0,27.69,29.51,2.71,UKP_0004,0,2016
2016-04-06 15:00:00+00:00,0.0,0.0,27.05,30.39,2.65,UKP_0004,0,2016
2016-04-06 16:00:00+00:00,0.0,0.0,26.4,31.31,2.68,UKP_0004,0,2016
2016-04-06 17:00:00+00:00,0.0,0.0,25.92,32.06,2.82,UKP_0004,0,2016
2016-04-06 18:00:00+00:00,0.0,0.0,25.44,32.88,2.95,UKP_0004,0,2016
2016-04-06 19:00:00+00:00,0.0,0.0,24.9,34.68,3.07,UKP_0004,0,2016
2016-04-06 20:00:00+00:00,0.0,0.0,24.48,37.85,3.18,UKP_0004,0,2016
2016-04-06 21:00:00+00:00,0.0,0.0,24.1,39.94,3.2,UKP_0004,0,2016
2016-04-06 22:00:00+00:00,0.0,0.0,23.83,40.43,3.13,UKP_0004,0,2016
2016-04-06 23:00:00+00:00,0.0,0.0,23.8,39.04,3.05,UKP_0004,0,2016
2016-04-07 00:00:00+00:00,10.6,11.88,24.04,37.25,2.89,UKP_0004,0,2016
2016-04-07 01:00:00+00:00,128.7,167.52,26.79,31.22,2.74,UKP_0004,0,2016
2016-04-07 02:00:00+00:00,302.05,400.05,29.63,25.18,2.92,UKP_0004,0,2016
2016-04-07 03:00:00+00:00,497.3,622.8,33.1,20.05,0.98,UKP_0004,0,2016
2016-04-07 04:00:00+00:00,669.38,802.4,35.05,17.74,1.73,UKP_0004,0,2016
2016-04-07 05:00:00+00:00,805.7,924.1,36.41,16.15,2.42,UKP_0004,0,2016
2016-04-07 06:00:00+00:00,808.88,958.55,37.09,15.31,3.12,UKP_0004,0,2016
2016-04-07 07:00:00+00:00,773.08,942.33,37.58,14.61,3.77,UKP_0004,0,2016
2016-04-07 08:00:00+00:00,641.0,855.4,37.83,14.1,4.31,UKP_0004,0,2016
2016-04-07 09:00:00+00:00,525.05,704.9,37.62,14.01,4.45,UKP_0004,0,2016
2016-04-07 10:00:00+00:00,399.2,504.42,36.79,14.48,4.29,UKP_0004,0,2016
2016-04-07 11:00:00+00:00,199.68,275.92,35.45,15.47,3.97,UKP_0004,0,2016
2016-04-07 12:00:00+00:00,43.17,63.28,32.28,21.28,2.4,UKP_0004,0,2016
2016-04-07 13:00:00+00:00,0.0,0.0,29.53,26.59,2.35,UKP_0004,0,2016
2016-04-07 14:00:00+00:00,0.0,0.0,29.12,27.05,1.76,UKP_0004,0,2016
2016-04-07 15:00:00+00:00,0.0,0.0,28.08,28.43,1.12,UKP_0004,0,2016
2016-04-07 16:00:00+00:00,0.0,0.0,27.23,29.59,1.24,UKP_0004,0,2016
2016-04-07 17:00:00+00:00,0.0,0.0,26.38,31.03,1.89,UKP_0004,0,2016
2016-04-07 18:00:00+00:00,0.0,0.0,25.62,32.46,2.5,UKP_0004,0,2016
2016-04-07 19:00:00+00:00,0.0,0.0,24.56,35.48,2.72,UKP_0004,0,2016
2016-04-07 20:00:00+00:00,0.0,0.0,23.7,38.87,2.85,UKP_0004,0,2016
2016-04-07 21:00:00+00:00,0.0,0.0,22.82,41.49,2.92,UKP_0004,0,2016
2016-04-07 22:00:00+00:00,0.0,0.0,22.31,42.68,2.85,UKP_0004,0,2016
2016-04-07 23:00:00+00:00,0.0,0.0,22.34,41.81,2.68,UKP_0004,0,2016
2016-04-08 00:00:00+00:00,12.4,14.2,22.36,40.99,2.46,UKP_0004,0,2016
2016-04-08 01:00:00+00:00,171.9,186.9,25.6,34.8,2.21,UKP_0004,0,2016
2016-04-08 02:00:00+00:00,400.25,426.15,29.93,23.9,2.02,UKP_0004,0,2016
2016-04-08 03:00:00+00:00,638.7,649.53,32.92,19.12,2.21,UKP_0004,0,2016
2016-04-08 04:00:00+00:00,817.58,830.08,34.73,16.73,2.45,UKP_0004,0,2016
2016-04-08 05:00:00+00:00,950.75,951.62,36.2,14.72,2.98,UKP_0004,0,2016
2016-04-08 06:00:00+00:00,981.9,997.6,37.25,13.13,3.55,UKP_0004,0,2016
2016-04-08 07:00:00+00:00,859.83,980.35,37.88,11.86,4.06,UKP_0004,0,2016
2016-04-08 08:00:00+00:00,838.6,891.75,38.0,10.86,4.46,UKP_0004,0,2016
2016-04-08 09:00:00+00:00,669.45,740.12,37.68,10.01,4.82,UKP_0004,0,2016
2016-04-08 10:00:00+00:00,442.98,537.22,36.79,9.46,5.0,UKP_0004,0,2016
2016-04-08 11:00:00+00:00,243.05,302.73,35.32,9.41,4.82,UKP_0004,0,2016
2016-04-08 12:00:00+00:00,60.05,74.53,31.42,13.26,2.98,UKP_0004,0,2016
2016-04-08 13:00:00+00:00,0.0,0.0,27.34,17.73,3.16,UKP_0004,0,2016
2016-04-08 14:00:00+00:00,0.0,0.0,26.18,18.81,3.2,UKP_0004,0,2016
2016-04-08 15:00:00+00:00,0.0,0.0,25.21,20.18,3.15,UKP_0004,0,2016
2016-04-08 16:00:00+00:00,0.0,0.0,24.36,21.75,3.12,UKP_0004,0,2016
2016-04-08 17:00:00+00:00,0.0,0.0,23.6,23.35,3.17,UKP_0004,0,2016
2016-04-08 18:00:00+00:00,0.0,0.0,22.95,24.95,3.26,UKP_0004,0,2016
2016-04-08 19:00:00+00:00,0.0,0.0,22.42,26.5,3.33,UKP_0004,0,2016
2016-04-08 20:00:00+00:00,0.0,0.0,22.0,27.88,3.38,UKP_0004,0,2016
2016-04-08 21:00:00+00:00,0.0,0.0,21.67,28.91,3.45,UKP_0004,0,2016
2016-04-08 22:00:00+00:00,0.0,0.0,21.36,29.63,3.51,UKP_0004,0,2016
2016-04-08 23:00:00+00:00,0.0,0.0,21.09,30.26,3.55,UKP_0004,0,2016
2016-04-09 00:00:00+00:00,14.15,15.93,21.15,30.41,3.47,UKP_0004,0,2016
2016-04-09 01:00:00+00:00,180.05,192.9,25.85,23.86,3.45,UKP_0004,0,2016
2016-04-09 02:00:00+00:00,409.8,431.38,30.53,16.69,3.83,UKP_0004,0,2016
2016-04-09 03:00:00+00:00,643.3,653.22,34.19,11.5,3.98,UKP_0004,0,2016
2016-04-09 04:00:00+00:00,830.78,832.08,36.16,9.67,4.07,UKP_0004,0,2016
2016-04-09 05:00:00+00:00,951.67,951.78,37.53,9.14,4.7,UKP_0004,0,2016
2016-04-09 06:00:00+00:00,981.9,985.28,37.96,9.26,5.34,UKP_0004,0,2016
2016-04-09 07:00:00+00:00,964.85,970.6,38.73,9.16,5.79,UKP_0004,0,2016
2016-04-09 08:00:00+00:00,867.15,880.3,39.13,9.18,5.83,UKP_0004,0,2016
2016-04-09 09:00:00+00:00,714.6,725.15,38.76,9.47,6.03,UKP_0004,0,2016
2016-04-09 10:00:00+00:00,513.97,518.4,38.06,9.95,6.34,UKP_0004,0,2016
2016-04-09 11:00:00+00:00,271.23,282.7,36.72,10.97,6.19,UKP_0004,0,2016
2016-04-09 12:00:00+00:00,60.25,65.47,33.35,14.44,4.02,UKP_0004,0,2016
2016-04-09 13:00:00+00:00,0.0,0.0,30.77,17.9,3.84,UKP_0004,0,2016
2016-04-09 14:00:00+00:00,0.0,0.0,30.4,18.52,4.59,UKP_0004,0,2016
2016-04-09 15:00:00+00:00,0.0,0.0,29.95,18.94,5.03,UKP_0004,0,2016
2016-04-09 16:00:00+00:00,0.0,0.0,29.23,19.45,4.97,UKP_0004,0,2016
2016-04-09 17:00:00+00:00,0.0,0.0,28.37,20.24,4.74,UKP_0004,0,2016
2016-04-09 18:00:00+00:00,0.0,0.0,27.38,21.61,4.21,UKP_0004,0,2016
2016-04-09 19:00:00+00:00,0.0,0.0,26.58,22.99,3.7,UKP_0004,0,2016
2016-04-09 20:00:00+00:00,0.0,0.0,26.36,23.54,3.45,UKP_0004,0,2016
2016-04-09 21:00:00+00:00,0.0,0.0,25.34,25.04,3.39,UKP_0004,0,2016
2016-04-09 22:00:00+00:00,0.0,0.0,24.7,25.9,3.4,UKP_0004,0,2016
2016-04-09 23:00:00+00:00,0.0,0.0,24.02,26.93,3.32,UKP_0004,0,2016
2016-04-10 00:00:00+00:00,13.35,14.32,24.07,26.87,3.19,UKP_0004,0,2016
2016-04-10 01:00:00+00:00,157.45,167.07,27.65,21.92,4.12,UKP_0004,0,2016
2016-04-10 02:00:00+00:00,376.42,393.27,31.48,16.89,4.69,UKP_0004,0,2016
2016-04-10 03:00:00+00:00,603.05,613.17,35.1,12.75,5.31,UKP_0004,0,2016
2016-04-10 04:00:00+00:00,747.08,792.67,36.08,12.52,5.35,UKP_0004,0,2016
2016-04-10 05:00:00+00:00,892.42,914.9,36.63,12.7,5.61,UKP_0004,0,2016
2016-04-10 06:00:00+00:00,865.2,927.17,37.36,12.75,5.88,UKP_0004,0,2016
2016-04-10 07:00:00+00:00,865.85,913.62,38.23,12.71,6.22,UKP_0004,0,2016
2016-04-10 08:00:00+00:00,735.62,826.6,38.34,13.19,6.52,UKP_0004,0,2016
2016-04-10 09:00:00+00:00,522.35,673.9,37.65,14.21,6.74,UKP_0004,0,2016
2016-04-10 10:00:00+00:00,310.7,473.3,36.7,15.25,6.66,UKP_0004,0,2016
2016-04-10 11:00:00+00:00,174.18,249.9,35.5,16.37,6.09,UKP_0004,0,2016
2016-04-10 12:00:00+00:00,44.2,56.42,33.43,18.58,4.35,UKP_0004,0,2016
2016-04-10 13:00:00+00:00,0.0,0.0,31.25,21.16,3.67,UKP_0004,0,2016
2016-04-10 14:00:00+00:00,0.0,0.0,30.39,21.85,3.71,UKP_0004,0,2016
2016-04-10 15:00:00+00:00,0.0,0.0,29.66,21.91,3.86,UKP_0004,0,2016
2016-04-10 16:00:00+00:00,0.0,0.0,29.08,21.46,4.14,UKP_0004,0,2016
2016-04-10 17:00:00+00:00,0.0,0.0,28.48,21.07,4.27,UKP_0004,0,2016
2016-04-10 18:00:00+00:00,0.0,0.0,27.9,20.92,4.3,UKP_0004,0,2016
2016-04-10 19:00:00+00:00,0.0,0.0,27.12,21.37,4.25,UKP_0004,0,2016
2016-04-10 20:00:00+00:00,0.0,0.0,25.9,22.77,4.01,UKP_0004,0,2016
2016-04-10 21:00:00+00:00,0.0,0.0,24.79,24.51,3.77,UKP_0004,0,2016
2016-04-10 22:00:00+00:00,0.0,0.0,24.08,26.03,3.53,UKP_0004,0,2016
2016-04-10 23:00:00+00:00,0.0,0.0,23.6,27.07,3.39,UKP_0004,0,2016
2016-04-11 00:00:00+00:00,14.7,14.65,23.6,27.24,3.32,UKP_0004,0,2016
2016-04-11 01:00:00+00:00,163.48,164.82,27.16,22.45,4.34,UKP_0004,0,2016
2016-04-11 02:00:00+00:00,389.52,391.45,30.74,17.74,5.04,UKP_0004,0,2016
2016-04-11 03:00:00+00:00,612.78,614.47,34.11,14.16,5.71,UKP_0004,0,2016
2016-04-11 04:00:00+00:00,794.12,797.62,36.12,12.64,5.86,UKP_0004,0,2016
2016-04-11 05:00:00+00:00,885.88,922.38,37.46,11.77,6.16,UKP_0004,0,2016
2016-04-11 06:00:00+00:00,919.17,946.6,38.36,11.29,6.55,UKP_0004,0,2016
2016-04-11 07:00:00+00:00,881.92,937.22,38.78,11.25,7.09,UKP_0004,0,2016
2016-04-11 08:00:00+00:00,833.45,833.5,38.65,11.61,7.62,UKP_0004,0,2016
2016-04-11 09:00:00+00:00,682.12,687.6,38.03,12.37,7.94,UKP_0004,0,2016
2016-04-11 10:00:00+00:00,488.77,491.6,36.99,13.62,7.96,UKP_0004,0,2016
2016-04-11 11:00:00+00:00,255.57,268.52,35.52,15.49,7.81,UKP_0004,0,2016
2016-04-11 12:00:00+00:00,58.08,64.75,33.37,18.39,6.59,UKP_0004,0,2016
2016-04-11 13:00:00+00:00,0.0,0.0,30.58,22.6,5.11,UKP_0004,0,2016
2016-04-11 14:00:00+00:00,0.0,0.0,29.35,24.96,5.13,UKP_0004,0,2016
2016-04-11 15:00:00+00:00,0.0,0.0,28.18,27.09,4.71,UKP_0004,0,2016
2016-04-11 16:00:00+00:00,0.0,0.0,27.07,29.0,4.42,UKP_0004,0,2016
2016-04-11 17:00:00+00:00,0.0,0.0,26.13,30.51,4.38,UKP_0004,0,2016
2016-04-11 18:00:00+00:00,0.0,0.0,25.3,31.71,4.49,UKP_0004,0,2016
2016-04-11 19:00:00+00:00,0.0,0.0,24.55,32.69,4.69,UKP_0004,0,2016
2016-04-11 20:00:00+00:00,0.0,0.0,23.88,33.65,4.75,UKP_0004,0,2016
2016-04-11 21:00:00+00:00,0.0,0.0,23.4,34.52,5.01,UKP_0004,0,2016
2016-04-11 22:00:00+00:00,0.0,0.0,22.69,36.02,4.97,UKP_0004,0,2016
2016-04-11 23:00:00+00:00,0.0,0.0,22.01,37.71,4.93,UKP_0004,0,2016
2016-04-12 00:00:00+00:00,16.45,18.4,21.67,38.94,5.11,UKP_0004,0,2016
2016-04-12 01:00:00+00:00,183.45,194.77,23.89,34.53,5.91,UKP_0004,0,2016
2016-04-12 02:00:00+00:00,402.4,433.45,27.65,28.02,6.94,UKP_0004,0,2016
2016-04-12 03:00:00+00:00,643.78,658.47,31.12,22.4,7.72,UKP_0004,0,2016
2016-04-12 04:00:00+00:00,834.42,840.67,33.34,18.82,7.39,UKP_0004,0,2016
2016-04-12 05:00:00+00:00,962.6,962.9,34.93,16.22,7.14,UKP_0004,0,2016
2016-04-12 06:00:00+00:00,962.28,963.97,36.18,14.08,7.12,UKP_0004,0,2016
2016-04-12 07:00:00+00:00,950.67,951.95,36.98,12.67,7.21,UKP_0004,0,2016
2016-04-12 08:00:00+00:00,865.53,866.15,37.3,11.79,7.38,UKP_0004,0,2016
2016-04-12 09:00:00+00:00,714.75,716.2,37.16,11.33,7.49,UKP_0004,0,2016
2016-04-12 10:00:00+00:00,515.42,516.45,36.52,11.4,7.41,UKP_0004,0,2016
2016-04-12 11:00:00+00:00,284.88,288.15,35.3,12.08,7.14,UKP_0004,0,2016
2016-04-12 12:00:00+00:00,71.1,73.03,32.8,14.11,5.25,UKP_0004,0,2016
2016-04-12 13:00:00+00:00,0.0,0.0,28.66,18.52,3.8,UKP_0004,0,2016
2016-04-12 14:00:00+00:00,0.0,0.0,27.49,20.09,3.93,UKP_0004,0,2016
2016-04-12 15:00:00+00:00,0.0,0.0,26.33,21.84,3.8,UKP_0004,0,2016
2016-04-12 16:00:00+00:00,0.0,0.0,25.25,23.53,3.68,UKP_0004,0,2016
2016-04-12 17:00:00+00:00,0.0,0.0,24.35,24.98,3.69,UKP_0004,0,2016
2016-04-12 18:00:00+00:00,0.0,0.0,23.62,26.25,3.84,UKP_0004,0,2016
2016-04-12 19:00:00+00:00,0.0,0.0,23.04,27.34,4.07,UKP_0004,0,2016
2016-04-12 20:00:00+00:00,0.0,0.0,22.48,28.5,4.11,UKP_0004,0,2016
2016-04-12 21:00:00+00:00,0.0,0.0,22.08,29.6,4.44,UKP_0004,0,2016
2016-04-12 22:00:00+00:00,0.0,0.0,21.83,30.7,4.8,UKP_0004,0,2016
2016-04-12 23:00:00+00:00,0.0,0.0,21.4,32.3,4.75,UKP_0004,0,2016
2016-04-13 00:00:00+00:00,21.02,22.48,21.23,33.56,4.72,UKP_0004,0,2016
2016-04-13 01:00:00+00:00,210.75,217.7,23.92,29.23,4.94,UKP_0004,0,2016
2016-04-13 02:00:00+00:00,452.88,461.1,27.68,23.77,5.44,UKP_0004,0,2016
2016-04-13 03:00:00+00:00,682.03,684.28,31.54,19.24,7.05,UKP_0004,0,2016
2016-04-13 04:00:00+00:00,861.85,863.42,34.48,15.92,8.08,UKP_0004,0,2016
2016-04-13 05:00:00+00:00,982.5,983.65,36.44,13.7,8.57,UKP_0004,0,2016
2016-04-13 06:00:00+00:00,1006.62,1007.17,37.81,12.09,8.89,UKP_0004,0,2016
2016-04-13 07:00:00+00:00,981.03,988.95,38.68,11.1,8.99,UKP_0004,0,2016
2016-04-13 08:00:00+00:00,895.5,898.97,39.03,10.57,9.24,UKP_0004,0,2016
2016-04-13 09:00:00+00:00,744.58,745.22,38.8,10.41,9.45,UKP_0004,0,2016
2016-04-13 10:00:00+00:00,539.72,540.78,38.09,10.53,9.45,UKP_0004,0,2016
2016-04-13 11:00:00+00:00,291.3,305.35,36.87,10.93,9.19,UKP_0004,0,2016
2016-04-13 12:00:00+00:00,77.22,79.65,34.75,12.01,7.51,UKP_0004,0,2016
2016-04-13 13:00:00+00:00,0.0,0.0,31.39,14.57,5.49,UKP_0004,0,2016
2016-04-13 14:00:00+00:00,0.0,0.0,29.98,16.09,5.35,UKP_0004,0,2016
2016-04-13 15:00:00+00:00,0.0,0.0,28.91,17.89,5.28,UKP_0004,0,2016
2016-04-13 16:00:00+00:00,0.0,0.0,28.03,19.94,5.34,UKP_0004,0,2016
2016-04-13 17:00:00+00:00,0.0,0.0,27.14,22.12,5.19,UKP_0004,0,2016
2016-04-13 18:00:00+00:00,0.0,0.0,26.18,24.4,4.79,UKP_0004,0,2016
2016-04-13 19:00:00+00:00,0.0,0.0,25.1,26.78,4.17,UKP_0004,0,2016
2016-04-13 20:00:00+00:00,0.0,0.0,24.24,28.75,3.98,UKP_0004,0,2016
2016-04-13 21:00:00+00:00,0.0,0.0,23.49,30.45,3.84,UKP_0004,0,2016
2016-04-13 22:00:00+00:00,0.0,0.0,22.82,32.1,3.62,UKP_0004,0,2016
2016-04-13 23:00:00+00:00,0.0,0.0,22.14,33.87,3.35,UKP_0004,0,2016
2016-04-14 00:00:00+00:00,22.12,23.2,22.04,34.45,3.08,UKP_0004,0,2016
2016-04-14 01:00:00+00:00,208.4,217.55,25.82,27.84,4.12,UKP_0004,0,2016
2016-04-14 02:00:00+00:00,449.33,459.2,29.78,21.31,4.37,UKP_0004,0,2016
2016-04-14 03:00:00+00:00,670.8,680.65,34.0,15.37,5.53,UKP_0004,0,2016
2016-04-14 04:00:00+00:00,854.5,857.92,36.71,12.26,5.96,UKP_0004,0,2016
2016-04-14 05:00:00+00:00,972.83,976.42,38.2,10.96,5.95,UKP_0004,0,2016
2016-04-14 06:00:00+00:00,990.6,998.5,39.31,9.93,6.14,UKP_0004,0,2016
2016-04-14 07:00:00+00:00,957.38,982.88,40.05,9.1,6.54,UKP_0004,0,2016
2016-04-14 08:00:00+00:00,878.5,893.03,40.4,8.48,6.97,UKP_0004,0,2016
2016-04-14 09:00:00+00:00,719.28,740.22,40.24,8.11,7.43,UKP_0004,0,2016
2016-04-14 10:00:00+00:00,520.2,537.42,39.6,8.0,7.84,UKP_0004,0,2016
2016-04-14 11:00:00+00:00,290.33,304.65,38.43,8.32,7.74,UKP_0004,0,2016
2016-04-14 12:00:00+00:00,77.88,80.82,35.53,10.06,5.25,UKP_0004,0,2016
2016-04-14 13:00:00+00:00,0.0,0.0,30.71,14.35,3.75,UKP_0004,0,2016
2016-04-14 14:00:00+00:00,0.0,0.0,29.31,16.5,3.63,UKP_0004,0,2016
2016-04-14 15:00:00+00:00,0.0,0.0,28.14,18.56,3.47,UKP_0004,0,2016
2016-04-14 16:00:00+00:00,0.0,0.0,27.19,20.36,3.35,UKP_0004,0,2016
2016-04-14 17:00:00+00:00,0.0,0.0,26.4,21.83,3.3,UKP_0004,0,2016
2016-04-14 18:00:00+00:00,0.0,0.0,25.7,23.07,3.26,UKP_0004,0,2016
2016-04-14 19:00:00+00:00,0.0,0.0,25.02,24.21,3.21,UKP_0004,0,2016
2016-04-14 20:00:00+00:00,0.0,0.0,24.41,25.15,3.09,UKP_0004,0,2016
2016-04-14 21:00:00+00:00,0.0,0.0,23.87,25.81,2.97,UKP_0004,0,2016
2016-04-14 22:00:00+00:00,0.0,0.0,23.51,26.17,2.91,UKP_0004,0,2016
2016-04-14 23:00:00+00:00,0.0,0.0,23.25,26.38,2.94,UKP_0004,0,2016
2016-04-15 00:00:00+00:00,21.12,24.88,23.46,25.85,2.87,UKP_0004,0,2016
2016-04-15 01:00:00+00:00,199.1,220.88,27.96,20.22,3.09,UKP_0004,0,2016
2016-04-15 02:00:00+00:00,421.7,461.67,32.1,15.53,4.16,UKP_0004,0,2016
2016-04-15 03:00:00+00:00,662.75,681.95,35.67,12.63,5.5,UKP_0004,0,2016
2016-04-15 04:00:00+00:00,811.4,857.5,38.46,10.62,6.46,UKP_0004,0,2016
2016-04-15 05:00:00+00:00,915.03,974.08,39.88,9.69,6.37,UKP_0004,0,2016
2016-04-15 06:00:00+00:00,950.12,970.4,40.88,9.0,6.36,UKP_0004,0,2016
2016-04-15 07:00:00+00:00,916.97,955.0,41.52,8.49,6.49,UKP_0004,0,2016
2016-04-15 08:00:00+00:00,688.1,865.3,41.5,8.2,6.58,UKP_0004,0,2016
2016-04-15 09:00:00+00:00,695.83,711.5,41.4,7.98,6.64,UKP_0004,0,2016
2016-04-15 10:00:00+00:00,484.75,508.08,40.49,8.08,6.54,UKP_0004,0,2016
2016-04-15 11:00:00+00:00,256.12,278.73,39.31,8.35,6.38,UKP_0004,0,2016
2016-04-15 12:00:00+00:00,64.43,71.07,35.91,10.22,3.9,UKP_0004,0,2016
2016-04-15 13:00:00+00:00,0.0,0.0,31.26,13.77,3.32,UKP_0004,0,2016
2016-04-15 14:00:00+00:00,0.0,0.0,30.72,14.41,3.07,UKP_0004,0,2016
2016-04-15 15:00:00+00:00,0.0,0.0,29.5,15.39,3.07,UKP_0004,0,2016
2016-04-15 16:00:00+00:00,0.0,0.0,28.37,16.32,3.09,UKP_0004,0,2016
2016-04-15 17:00:00+00:00,0.0,0.0,27.62,17.1,3.13,UKP_0004,0,2016
2016-04-15 18:00:00+00:00,0.0,0.0,27.1,17.71,3.05,UKP_0004,0,2016
2016-04-15 19:00:00+00:00,0.0,0.0,26.68,18.24,2.95,UKP_0004,0,2016
2016-04-15 20:00:00+00:00,0.0,0.0,26.58,18.43,2.82,UKP_0004,0,2016
2016-04-15 21:00:00+00:00,0.0,0.0,26.69,18.39,2.58,UKP_0004,0,2016
2016-04-15 22:00:00+00:00,0.0,0.0,26.88,18.31,2.33,UKP_0004,0,2016
2016-04-15 23:00:00+00:00,0.0,0.0,26.81,18.52,2.2,UKP_0004,0,2016
2016-04-16 00:00:00+00:00,19.25,21.6,26.76,18.81,2.11,UKP_0004,0,2016
2016-04-16 01:00:00+00:00,158.0,191.55,28.94,17.73,1.74,UKP_0004,0,2016
2016-04-16 02:00:00+00:00,341.17,420.98,32.76,13.99,2.62,UKP_0004,0,2016
2016-04-16 03:00:00+00:00,515.65,639.88,36.6,12.97,5.05,UKP_0004,0,2016
2016-04-16 04:00:00+00:00,704.28,816.75,39.66,12.27,6.38,UKP_0004,0,2016
2016-04-16 05:00:00+00:00,898.78,935.03,41.31,11.41,6.47,UKP_0004,0,2016
2016-04-16 06:00:00+00:00,913.05,915.7,42.38,10.69,6.68,UKP_0004,0,2016
2016-04-16 07:00:00+00:00,854.78,906.6,43.11,10.08,6.97,UKP_0004,0,2016
2016-04-16 08:00:00+00:00,816.45,824.1,43.33,9.8,7.27,UKP_0004,0,2016
2016-04-16 09:00:00+00:00,671.55,678.55,42.87,9.97,7.75,UKP_0004,0,2016
2016-04-16 10:00:00+00:00,481.83,484.88,41.99,10.55,8.09,UKP_0004,0,2016
2016-04-16 11:00:00+00:00,259.02,266.7,40.44,11.63,7.82,UKP_0004,0,2016
2016-04-16 12:00:00+00:00,66.95,69.38,38.12,13.47,6.08,UKP_0004,0,2016
2016-04-16 13:00:00+00:00,0.0,0.0,35.57,15.88,4.93,UKP_0004,0,2016
2016-04-16 14:00:00+00:00,0.0,0.0,34.19,17.42,4.6,UKP_0004,0,2016
2016-04-16 15:00:00+00:00,0.0,0.0,32.3,19.6,3.5,UKP_0004,0,2016
2016-04-16 16:00:00+00:00,0.0,0.0,30.81,21.33,3.06,UKP_0004,0,2016
2016-04-16 17:00:00+00:00,0.0,0.0,29.99,22.25,2.84,UKP_0004,0,2016
2016-04-16 18:00:00+00:00,0.0,0.0,29.18,23.12,2.69,UKP_0004,0,2016
2016-04-16 19:00:00+00:00,0.0,0.0,28.34,24.1,2.63,UKP_0004,0,2016
2016-04-16 20:00:00+00:00,0.0,0.0,27.73,24.84,2.58,UKP_0004,0,2016
2016-04-16 21:00:00+00:00,0.0,0.0,27.43,25.23,2.51,UKP_0004,0,2016
2016-04-16 22:00:00+00:00,0.0,0.0,27.47,25.17,2.39,UKP_0004,0,2016
2016-04-16 23:00:00+00:00,0.0,0.0,27.64,25.01,2.27,UKP_0004,0,2016
2016-04-17 00:00:00+00:00,13.35,22.73,28.52,23.86,2.07,UKP_0004,0,2016
2016-04-17 01:00:00+00:00,115.93,193.8,31.75,20.67,1.36,UKP_0004,0,2016
2016-04-17 02:00:00+00:00,264.95,423.05,36.53,15.0,1.54,UKP_0004,0,2016
2016-04-17 03:00:00+00:00,464.38,639.25,39.35,12.41,2.4,UKP_0004,0,2016
2016-04-17 04:00:00+00:00,680.83,813.92,40.81,11.62,2.61,UKP_0004,0,2016
2016-04-17 05:00:00+00:00,780.55,930.35,41.96,11.25,3.0,UKP_0004,0,2016
2016-04-17 06:00:00+00:00,808.0,910.95,42.76,11.11,3.48,UKP_0004,0,2016
2016-04-17 07:00:00+00:00,843.5,896.08,43.18,11.17,3.83,UKP_0004,0,2016
2016-04-17 08:00:00+00:00,731.33,807.25,43.19,11.49,4.2,UKP_0004,0,2016
2016-04-17 09:00:00+00:00,605.97,655.62,42.52,12.11,4.47,UKP_0004,0,2016
2016-04-17 10:00:00+00:00,436.35,457.4,41.57,12.67,4.43,UKP_0004,0,2016
2016-04-17 11:00:00+00:00,238.2,245.68,40.41,13.31,4.47,UKP_0004,0,2016
2016-04-17 12:00:00+00:00,58.47,60.7,37.76,15.48,2.88,UKP_0004,0,2016
2016-04-17 13:00:00+00:00,0.0,0.0,34.28,18.95,2.8,UKP_0004,0,2016
2016-04-17 14:00:00+00:00,0.0,0.0,33.06,20.31,2.87,UKP_0004,0,2016
2016-04-17 15:00:00+00:00,0.0,0.0,32.16,21.57,2.78,UKP_0004,0,2016
2016-04-17 16:00:00+00:00,0.0,0.0,31.29,22.88,2.61,UKP_0004,0,2016
2016-04-17 17:00:00+00:00,0.0,0.0,30.21,24.3,2.43,UKP_0004,0,2016
2016-04-17 18:00:00+00:00,0.0,0.0,29.17,25.23,2.2,UKP_0004,0,2016
2016-04-17 19:00:00+00:00,0.0,0.0,28.51,25.7,1.89,UKP_0004,0,2016
2016-04-17 20:00:00+00:00,0.0,0.0,28.12,26.68,1.64,UKP_0004,0,2016
2016-04-17 21:00:00+00:00,0.0,0.0,27.95,27.43,1.48,UKP_0004,0,2016
2016-04-17 22:00:00+00:00,0.0,0.0,27.73,28.08,1.51,UKP_0004,0,2016
2016-04-17 23:00:00+00:00,0.0,0.0,26.99,29.68,1.87,UKP_0004,0,2016
2016-04-18 00:00:00+00:00,17.38,20.1,26.18,32.07,2.35,UKP_0004,0,2016
2016-04-18 01:00:00+00:00,136.2,155.4,29.28,27.5,3.1,UKP_0004,0,2016
2016-04-18 02:00:00+00:00,306.3,356.38,32.79,20.64,3.76,UKP_0004,0,2016
2016-04-18 03:00:00+00:00,489.5,547.17,36.12,16.29,3.14,UKP_0004,0,2016
2016-04-18 04:00:00+00:00,532.85,716.85,38.51,14.24,2.74,UKP_0004,0,2016
2016-04-18 05:00:00+00:00,666.25,837.53,39.81,13.25,2.76,UKP_0004,0,2016
2016-04-18 06:00:00+00:00,746.65,904.72,40.62,12.74,2.88,UKP_0004,0,2016
2016-04-18 07:00:00+00:00,727.12,899.47,41.09,12.55,2.98,UKP_0004,0,2016
2016-04-18 08:00:00+00:00,496.12,809.53,41.19,12.73,3.23,UKP_0004,0,2016
2016-04-18 09:00:00+00:00,326.52,661.2,40.86,13.36,3.87,UKP_0004,0,2016
2016-04-18 10:00:00+00:00,259.23,465.65,40.14,14.47,4.37,UKP_0004,0,2016
2016-04-18 11:00:00+00:00,151.88,253.62,38.98,16.03,4.67,UKP_0004,0,2016
2016-04-18 12:00:00+00:00,41.0,65.47,36.64,19.53,3.3,UKP_0004,0,2016
2016-04-18 13:00:00+00:00,0.0,0.0,33.18,24.97,2.69,UKP_0004,0,2016
2016-04-18 14:00:00+00:00,0.0,0.0,32.49,26.1,2.73,UKP_0004,0,2016
2016-04-18 15:00:00+00:00,0.0,0.0,31.87,27.03,2.65,UKP_0004,0,2016
2016-04-18 16:00:00+00:00,0.0,0.0,30.77,28.54,2.64,UKP_0004,0,2016
2016-04-18 17:00:00+00:00,0.0,0.0,30.27,29.13,2.46,UKP_0004,0,2016
2016-04-18 18:00:00+00:00,0.0,0.0,29.8,29.51,2.26,UKP_0004,0,2016
2016-04-18 19:00:00+00:00,0.0,0.0,29.66,30.44,2.07,UKP_0004,0,2016
2016-04-18 20:00:00+00:00,0.0,0.0,29.19,34.22,2.02,UKP_0004,0,2016
2016-04-18 21:00:00+00:00,0.0,0.0,28.56,39.02,2.08,UKP_0004,0,2016
2016-04-18 22:00:00+00:00,0.0,0.0,28.28,42.57,2.08,UKP_0004,0,2016
2016-04-18 23:00:00+00:00,0.0,0.0,28.45,41.15,1.9,UKP_0004,0,2016
2016-04-19 00:00:00+00:00,16.92,23.77,28.58,40.6,1.75,UKP_0004,0,2016
2016-04-19 01:00:00+00:00,128.38,190.27,29.59,42.49,1.39,UKP_0004,0,2016
2016-04-19 02:00:00+00:00,293.6,417.38,32.95,30.13,0.87,UKP_0004,0,2016
2016-04-19 03:00:00+00:00,435.42,635.0,35.95,21.41,1.55,UKP_0004,0,2016
2016-04-19 04:00:00+00:00,593.25,811.72,36.6,20.86,2.22,UKP_0004,0,2016
2016-04-19 05:00:00+00:00,690.58,930.03,36.59,21.42,2.69,UKP_0004,0,2016
2016-04-19 06:00:00+00:00,809.88,931.85,37.38,21.11,3.53,UKP_0004,0,2016
2016-04-19 07:00:00+00:00,674.83,921.05,38.28,20.76,4.22,UKP_0004,0,2016
2016-04-19 08:00:00+00:00,522.1,832.25,38.86,20.84,4.75,UKP_0004,0,2016
2016-04-19 09:00:00+00:00,467.52,678.95,38.55,21.74,5.1,UKP_0004,0,2016
2016-04-19 10:00:00+00:00,302.45,473.25,37.83,22.82,5.16,UKP_0004,0,2016
2016-04-19 11:00:00+00:00,169.55,256.45,37.06,23.93,4.94,UKP_0004,0,2016
2016-04-19 12:00:00+00:00,48.45,66.03,34.82,29.49,2.94,UKP_0004,0,2016
2016-04-19 13:00:00+00:00,0.0,0.0,31.51,37.43,2.7,UKP_0004,0,2016
2016-04-19 14:00:00+00:00,0.0,0.0,30.55,38.76,2.76,UKP_0004,0,2016
2016-04-19 15:00:00+00:00,0.0,0.0,29.88,39.44,2.8,UKP_0004,0,2016
2016-04-19 16:00:00+00:00,0.0,0.0,29.29,39.99,2.83,UKP_0004,0,2016
2016-04-19 17:00:00+00:00,0.0,0.0,28.92,40.47,2.74,UKP_0004,0,2016
2016-04-19 18:00:00+00:00,0.0,0.0,28.58,41.1,2.59,UKP_0004,0,2016
2016-04-19 19:00:00+00:00,0.0,0.0,28.25,41.71,2.51,UKP_0004,0,2016
2016-04-19 20:00:00+00:00,0.0,0.0,27.94,42.32,2.52,UKP_0004,0,2016
2016-04-19 21:00:00+00:00,0.0,0.0,27.7,42.91,2.54,UKP_0004,0,2016
2016-04-19 22:00:00+00:00,0.0,0.0,27.37,43.33,2.65,UKP_0004,0,2016
2016-04-19 23:00:00+00:00,0.0,0.0,27.05,43.48,2.76,UKP_0004,0,2016
2016-04-20 00:00:00+00:00,23.33,24.17,27.12,42.81,2.76,UKP_0004,0,2016
2016-04-20 01:00:00+00:00,181.18,185.95,29.93,35.63,3.68,UKP_0004,0,2016
2016-04-20 02:00:00+00:00,391.55,406.8,33.32,27.38,4.52,UKP_0004,0,2016
2016-04-20 03:00:00+00:00,616.9,624.9,36.27,21.82,5.25,UKP_0004,0,2016
2016-04-20 04:00:00+00:00,798.78,804.35,37.96,19.44,5.4,UKP_0004,0,2016
2016-04-20 05:00:00+00:00,919.83,925.5,39.22,17.39,5.74,UKP_0004,0,2016
2016-04-20 06:00:00+00:00,956.2,982.22,40.28,15.51,5.88,UKP_0004,0,2016
2016-04-20 07:00:00+00:00,933.9,960.12,40.72,14.14,6.17,UKP_0004,0,2016
2016-04-20 08:00:00+00:00,834.53,866.92,40.83,12.94,6.7,UKP_0004,0,2016
2016-04-20 09:00:00+00:00,701.67,711.25,40.41,12.2,6.95,UKP_0004,0,2016
2016-04-20 10:00:00+00:00,500.08,507.8,39.58,12.06,6.8,UKP_0004,0,2016
2016-04-20 11:00:00+00:00,268.7,280.4,38.3,12.55,6.45,UKP_0004,0,2016
2016-04-20 12:00:00+00:00,74.38,76.93,35.64,15.25,4.49,UKP_0004,0,2016
2016-04-20 13:00:00+00:00,0.0,0.0,31.71,20.55,3.73,UKP_0004,0,2016
2016-04-20 14:00:00+00:00,0.0,0.0,30.82,21.53,4.18,UKP_0004,0,2016
2016-04-20 15:00:00+00:00,0.0,0.0,30.06,23.08,4.37,UKP_0004,0,2016
2016-04-20 16:00:00+00:00,0.0,0.0,29.44,24.86,4.65,UKP_0004,0,2016
2016-04-20 17:00:00+00:00,0.0,0.0,29.08,26.11,4.91,UKP_0004,0,2016
2016-04-20 18:00:00+00:00,0.0,0.0,28.1,28.0,4.2,UKP_0004,0,2016
2016-04-20 19:00:00+00:00,0.0,0.0,26.89,29.82,3.63,UKP_0004,0,2016
2016-04-20 20:00:00+00:00,0.0,0.0,26.33,29.76,3.55,UKP_0004,0,2016
2016-04-20 21:00:00+00:00,0.0,0.0,26.01,28.9,3.83,UKP_0004,0,2016
2016-04-20 22:00:00+00:00,0.0,0.0,25.57,28.38,4.07,UKP_0004,0,2016
2016-04-20 23:00:00+00:00,0.0,0.0,24.9,28.61,4.25,UKP_0004,0,2016
2016-04-21 00:00:00+00:00,31.83,33.97,24.83,28.14,4.99,UKP_0004,0,2016
2016-04-21 01:00:00+00:00,231.25,239.23,27.54,23.7,6.13,UKP_0004,0,2016
2016-04-21 02:00:00+00:00,470.0,481.25,31.04,19.1,7.08,UKP_0004,0,2016
2016-04-21 03:00:00+00:00,699.62,702.05,34.61,15.15,8.74,UKP_0004,0,2016
2016-04-21 04:00:00+00:00,876.85,878.45,37.46,12.0,9.64,UKP_0004,0,2016
2016-04-21 05:00:00+00:00,995.65,995.88,39.19,10.34,9.69,UKP_0004,0,2016
2016-04-21 06:00:00+00:00,1015.75,1016.58,40.32,9.11,9.79,UKP_0004,0,2016
2016-04-21 07:00:00+00:00,997.85,1000.3,40.86,8.11,9.96,UKP_0004,0,2016
2016-04-21 08:00:00+00:00,904.83,909.92,40.9,7.29,10.14,UKP_0004,0,2016
2016-04-21 09:00:00+00:00,752.47,756.45,40.47,6.78,10.01,UKP_0004,0,2016
2016-04-21 10:00:00+00:00,525.67,553.1,39.68,6.66,9.6,UKP_0004,0,2016
2016-04-21 11:00:00+00:00,296.88,320.02,38.4,7.09,8.88,UKP_0004,0,2016
2016-04-21 12:00:00+00:00,89.03,95.22,35.85,8.59,6.45,UKP_0004,0,2016
2016-04-21 13:00:00+00:00,0.0,0.0,31.18,12.68,4.33,UKP_0004,0,2016
2016-04-21 14:00:00+00:00,0.0,0.0,29.63,14.65,4.24,UKP_0004,0,2016
2016-04-21 15:00:00+00:00,0.0,0.0,28.5,16.79,4.03,UKP_0004,0,2016
2016-04-21 16:00:00+00:00,0.0,0.0,27.73,18.97,3.96,UKP_0004,0,2016
2016-04-21 17:00:00+00:00,0.0,0.0,27.26,21.03,4.17,UKP_0004,0,2016
2016-04-21 18:00:00+00:00,0.0,0.0,26.66,23.41,4.15,UKP_0004,0,2016
2016-04-21 19:00:00+00:00,0.0,0.0,26.08,25.63,4.17,UKP_0004,0,2016
2016-04-21 20:00:00+00:00,0.0,0.0,25.49,27.99,4.24,UKP_0004,0,2016
2016-04-21 21:00:00+00:00,0.0,0.0,25.08,29.54,4.4,UKP_0004,0,2016
2016-04-21 22:00:00+00:00,0.0,0.0,25.16,29.69,4.83,UKP_0004,0,2016
2016-04-21 23:00:00+00:00,0.0,0.0,25.1,29.8,4.82,UKP_0004,0,2016
2016-04-22 00:00:00+00:00,27.8,30.3,25.41,29.61,4.87,UKP_0004,0,2016
2016-04-22 01:00:00+00:00,210.07,212.4,28.38,25.2,5.53,UKP_0004,0,2016
2016-04-22 02:00:00+00:00,440.1,443.7,32.47,19.86,5.83,UKP_0004,0,2016
2016-04-22 03:00:00+00:00,659.92,660.7,36.49,14.94,7.02,UKP_0004,0,2016
2016-04-22 04:00:00+00:00,817.28,835.95,38.28,13.03,6.66,UKP_0004,0,2016
2016-04-22 05:00:00+00:00,933.45,952.55,39.52,12.16,6.37,UKP_0004,0,2016
2016-04-22 06:00:00+00:00,837.8,969.97,40.42,11.66,6.34,UKP_0004,0,2016
2016-04-22 07:00:00+00:00,809.17,950.67,40.92,11.39,6.45,UKP_0004,0,2016
2016-04-22 08:00:00+00:00,617.78,858.72,41.0,11.39,6.44,UKP_0004,0,2016
2016-04-22 09:00:00+00:00,658.58,702.47,40.57,11.62,6.41,UKP_0004,0,2016
2016-04-22 10:00:00+00:00,469.23,497.6,39.77,12.02,6.28,UKP_0004,0,2016
2016-04-22 11:00:00+00:00,238.6,269.9,38.52,12.76,5.86,UKP_0004,0,2016
2016-04-22 12:00:00+00:00,62.45,73.5,35.92,15.32,3.69,UKP_0004,0,2016
2016-04-22 13:00:00+00:00,0.0,0.0,31.8,20.78,2.89,UKP_0004,0,2016
2016-04-22 14:00:00+00:00,0.0,0.0,30.66,22.29,2.82,UKP_0004,0,2016
2016-04-22 15:00:00+00:00,0.0,0.0,29.98,23.18,2.7,UKP_0004,0,2016
2016-04-22 16:00:00+00:00,0.0,0.0,29.47,23.91,2.68,UKP_0004,0,2016
2016-04-22 17:00:00+00:00,0.0,0.0,28.94,24.74,2.82,UKP_0004,0,2016
2016-04-22 18:00:00+00:00,0.0,0.0,28.7,25.52,2.99,UKP_0004,0,2016
2016-04-22 19:00:00+00:00,0.0,0.0,28.32,28.08,3.01,UKP_0004,0,2016
2016-04-22 20:00:00+00:00,0.0,0.0,27.71,31.56,3.09,UKP_0004,0,2016
2016-04-22 21:00:00+00:00,0.0,0.0,27.14,34.12,3.13,UKP_0004,0,2016
2016-04-22 22:00:00+00:00,0.0,0.0,26.59,35.81,2.93,UKP_0004,0,2016
2016-04-22 23:00:00+00:00,0.0,0.0,25.85,36.77,2.6,UKP_0004,0,2016
2016-04-23 00:00:00+00:00,24.77,31.33,25.44,37.51,2.29,UKP_0004,0,2016
2016-04-23 01:00:00+00:00,198.57,220.02,28.32,32.01,2.39,UKP_0004,0,2016
2016-04-23 02:00:00+00:00,432.38,458.38,31.95,22.16,1.91,UKP_0004,0,2016
2016-04-23 03:00:00+00:00,680.03,682.22,34.77,16.44,3.2,UKP_0004,0,2016
2016-04-23 04:00:00+00:00,844.12,863.0,36.34,14.19,3.99,UKP_0004,0,2016
2016-04-23 05:00:00+00:00,953.1,985.7,37.44,12.83,4.54,UKP_0004,0,2016
2016-04-23 06:00:00+00:00,1000.35,1027.82,38.28,11.72,4.94,UKP_0004,0,2016
2016-04-23 07:00:00+00:00,973.62,1012.83,38.71,10.86,5.17,UKP_0004,0,2016
2016-04-23 08:00:00+00:00,879.85,925.88,38.77,10.2,5.43,UKP_0004,0,2016
2016-04-23 09:00:00+00:00,722.28,776.03,38.41,9.82,5.7,UKP_0004,0,2016
2016-04-23 10:00:00+00:00,552.45,575.08,37.62,9.89,6.03,UKP_0004,0,2016
2016-04-23 11:00:00+00:00,308.8,341.92,36.36,10.29,6.3,UKP_0004,0,2016
2016-04-23 12:00:00+00:00,94.07,109.93,34.14,11.44,5.35,UKP_0004,0,2016
2016-04-23 13:00:00+00:00,0.0,0.0,29.91,14.79,3.85,UKP_0004,0,2016
2016-04-23 14:00:00+00:00,0.0,0.0,28.4,14.41,4.1,UKP_0004,0,2016
2016-04-23 15:00:00+00:00,0.0,0.0,26.95,14.13,4.0,UKP_0004,0,2016
2016-04-23 16:00:00+00:00,0.0,0.0,25.66,14.6,3.78,UKP_0004,0,2016
2016-04-23 17:00:00+00:00,0.0,0.0,24.66,15.49,3.64,UKP_0004,0,2016
2016-04-23 18:00:00+00:00,0.0,0.0,23.86,16.52,3.6,UKP_0004,0,2016
2016-04-23 19:00:00+00:00,0.0,0.0,23.2,17.46,3.6,UKP_0004,0,2016
2016-04-23 20:00:00+00:00,0.0,0.0,22.65,18.38,3.61,UKP_0004,0,2016
2016-04-23 21:00:00+00:00,0.0,0.0,22.27,19.21,3.7,UKP_0004,0,2016
2016-04-23 22:00:00+00:00,0.0,0.0,22.04,19.76,3.79,UKP_0004,0,2016
2016-04-23 23:00:00+00:00,0.0,0.0,21.82,20.32,3.81,UKP_0004,0,2016
2016-04-24 00:00:00+00:00,34.45,42.47,22.45,19.79,3.73,UKP_0004,0,2016
2016-04-24 01:00:00+00:00,245.27,257.88,27.56,14.23,4.83,UKP_0004,0,2016
2016-04-24 02:00:00+00:00,495.45,500.25,31.7,10.09,5.9,UKP_0004,0,2016
2016-04-24 03:00:00+00:00,718.08,720.78,34.74,7.32,7.18,UKP_0004,0,2016
2016-04-24 04:00:00+00:00,882.6,895.28,36.16,6.74,7.23,UKP_0004,0,2016
2016-04-24 05:00:00+00:00,1008.58,1013.72,37.28,6.41,7.33,UKP_0004,0,2016
2016-04-24 06:00:00+00:00,1030.65,1032.72,38.06,6.26,7.62,UKP_0004,0,2016
2016-04-24 07:00:00+00:00,991.03,1015.25,38.5,6.2,8.01,UKP_0004,0,2016
2016-04-24 08:00:00+00:00,920.83,925.45,38.53,6.23,8.36,UKP_0004,0,2016
2016-04-24 09:00:00+00:00,769.35,772.92,38.12,6.3,8.56,UKP_0004,0,2016
2016-04-24 10:00:00+00:00,568.0,569.7,37.27,6.42,8.58,UKP_0004,0,2016
2016-04-24 11:00:00+00:00,320.88,335.62,35.99,6.71,8.23,UKP_0004,0,2016
2016-04-24 12:00:00+00:00,101.53,107.25,33.71,7.64,6.19,UKP_0004,0,2016
2016-04-24 13:00:00+00:00,0.0,0.0,29.11,10.7,4.04,UKP_0004,0,2016
2016-04-24 14:00:00+00:00,0.0,0.0,27.41,11.91,3.93,UKP_0004,0,2016
2016-04-24 15:00:00+00:00,0.0,0.0,26.29,12.64,3.94,UKP_0004,0,2016
2016-04-24 16:00:00+00:00,0.0,0.0,25.45,13.14,4.0,UKP_0004,0,2016
2016-04-24 17:00:00+00:00,0.0,0.0,24.74,13.71,4.07,UKP_0004,0,2016
2016-04-24 18:00:00+00:00,0.0,0.0,24.13,14.52,4.17,UKP_0004,0,2016
2016-04-24 19:00:00+00:00,0.0,0.0,23.67,15.4,4.29,UKP_0004,0,2016
2016-04-24 20:00:00+00:00,0.0,0.0,23.23,16.35,4.34,UKP_0004,0,2016
2016-04-24 21:00:00+00:00,0.0,0.0,22.88,17.2,4.41,UKP_0004,0,2016
2016-04-24 22:00:00+00:00,0.0,0.0,22.53,18.02,4.45,UKP_0004,0,2016
2016-04-24 23:00:00+00:00,0.0,0.0,22.19,18.8,4.37,UKP_0004,0,2016
2016-04-25 00:00:00+00:00,39.58,44.97,22.58,18.94,4.1,UKP_0004,0,2016
2016-04-25 01:00:00+00:00,241.8,262.45,27.44,14.44,5.17,UKP_0004,0,2016
2016-04-25 02:00:00+00:00,491.52,505.67,31.68,10.92,5.8,UKP_0004,0,2016
2016-04-25 03:00:00+00:00,721.72,727.03,35.64,6.95,7.37,UKP_0004,0,2016
2016-04-25 04:00:00+00:00,886.08,903.97,37.47,5.4,7.98,UKP_0004,0,2016
2016-04-25 05:00:00+00:00,892.42,1021.25,37.96,4.97,8.36,UKP_0004,0,2016
2016-04-25 06:00:00+00:00,1000.72,1021.12,38.22,4.88,8.9,UKP_0004,0,2016
2016-04-25 07:00:00+00:00,897.35,1005.88,39.26,4.7,9.4,UKP_0004,0,2016
2016-04-25 08:00:00+00:00,737.12,914.2,39.46,4.73,9.58,UKP_0004,0,2016
2016-04-25 09:00:00+00:00,689.0,758.12,38.8,5.01,9.46,UKP_0004,0,2016
2016-04-25 10:00:00+00:00,474.1,552.12,37.91,5.33,9.04,UKP_0004,0,2016
2016-04-25 11:00:00+00:00,276.23,318.23,36.77,5.74,8.33,UKP_0004,0,2016
2016-04-25 12:00:00+00:00,89.15,98.28,34.59,6.76,6.03,UKP_0004,0,2016
2016-04-25 13:00:00+00:00,0.0,0.0,30.18,9.62,3.96,UKP_0004,0,2016
2016-04-25 14:00:00+00:00,0.0,0.0,28.16,11.31,3.71,UKP_0004,0,2016
2016-04-25 15:00:00+00:00,0.0,0.0,26.68,12.65,3.58,UKP_0004,0,2016
2016-04-25 16:00:00+00:00,0.0,0.0,25.67,13.53,3.55,UKP_0004,0,2016
2016-04-25 17:00:00+00:00,0.0,0.0,24.82,14.28,3.56,UKP_0004,0,2016
2016-04-25 18:00:00+00:00,0.0,0.0,24.18,14.89,3.61,UKP_0004,0,2016
2016-04-25 19:00:00+00:00,0.0,0.0,23.8,15.38,3.64,UKP_0004,0,2016
2016-04-25 20:00:00+00:00,0.0,0.0,23.37,16.05,3.63,UKP_0004,0,2016
2016-04-25 21:00:00+00:00,0.0,0.0,22.99,16.59,3.66,UKP_0004,0,2016
2016-04-25 22:00:00+00:00,0.0,0.0,22.7,16.88,3.72,UKP_0004,0,2016
2016-04-25 23:00:00+00:00,0.0,0.0,22.4,17.14,3.75,UKP_0004,0,2016
2016-04-26 00:00:00+00:00,32.65,38.9,23.04,16.5,3.55,UKP_0004,0,2016
2016-04-26 01:00:00+00:00,202.77,235.75,28.65,11.76,3.31,UKP_0004,0,2016
2016-04-26 02:00:00+00:00,442.73,471.35,33.57,7.79,3.42,UKP_0004,0,2016
2016-04-26 03:00:00+00:00,670.47,689.47,37.05,5.86,3.94,UKP_0004,0,2016
2016-04-26 04:00:00+00:00,855.35,863.65,39.0,5.32,4.38,UKP_0004,0,2016
2016-04-26 05:00:00+00:00,975.2,979.67,40.35,5.34,5.05,UKP_0004,0,2016
2016-04-26 06:00:00+00:00,936.12,940.72,40.97,5.55,5.76,UKP_0004,0,2016
2016-04-26 07:00:00+00:00,909.25,929.45,41.11,5.74,6.28,UKP_0004,0,2016
2016-04-26 08:00:00+00:00,795.88,843.72,40.97,5.93,6.64,UKP_0004,0,2016
2016-04-26 09:00:00+00:00,656.22,695.2,40.52,6.14,6.9,UKP_0004,0,2016
2016-04-26 10:00:00+00:00,472.55,498.83,39.78,6.38,6.89,UKP_0004,0,2016
2016-04-26 11:00:00+00:00,242.73,278.98,38.56,6.81,6.65,UKP_0004,0,2016
2016-04-26 12:00:00+00:00,75.95,83.75,35.72,8.27,4.47,UKP_0004,0,2016
2016-04-26 13:00:00+00:00,0.0,0.0,31.15,11.41,3.56,UKP_0004,0,2016
2016-04-26 14:00:00+00:00,0.0,0.0,29.77,12.35,3.6,UKP_0004,0,2016
2016-04-26 15:00:00+00:00,0.0,0.0,28.82,12.9,3.67,UKP_0004,0,2016
2016-04-26 16:00:00+00:00,0.0,0.0,27.99,13.29,3.73,UKP_0004,0,2016
2016-04-26 17:00:00+00:00,0.0,0.0,27.26,13.57,3.77,UKP_0004,0,2016
2016-04-26 18:00:00+00:00,0.0,0.0,26.79,13.64,3.84,UKP_0004,0,2016
2016-04-26 19:00:00+00:00,0.0,0.0,26.61,13.51,3.86,UKP_0004,0,2016
2016-04-26 20:00:00+00:00,0.0,0.0,26.42,13.52,3.79,UKP_0004,0,2016
2016-04-26 21:00:00+00:00,0.0,0.0,26.04,13.73,3.69,UKP_0004,0,2016
2016-04-26 22:00:00+00:00,0.0,0.0,25.37,14.29,3.47,UKP_0004,0,2016
2016-04-26 23:00:00+00:00,0.0,0.0,24.38,15.16,3.41,UKP_0004,0,2016
2016-04-27 00:00:00+00:00,30.85,35.08,24.56,15.05,3.26,UKP_0004,0,2016
2016-04-27 01:00:00+00:00,175.73,211.62,28.61,11.86,3.01,UKP_0004,0,2016
2016-04-27 02:00:00+00:00,403.42,439.1,32.78,8.57,3.79,UKP_0004,0,2016
2016-04-27 03:00:00+00:00,631.7,655.05,36.52,6.59,5.43,UKP_0004,0,2016
2016-04-27 04:00:00+00:00,813.42,829.78,38.62,5.9,5.72,UKP_0004,0,2016
2016-04-27 05:00:00+00:00,925.78,946.38,40.1,5.6,6.2,UKP_0004,0,2016
2016-04-27 06:00:00+00:00,871.17,890.33,41.23,5.4,6.59,UKP_0004,0,2016
2016-04-27 07:00:00+00:00,785.72,881.67,41.68,5.45,6.76,UKP_0004,0,2016
2016-04-27 08:00:00+00:00,780.05,780.83,41.69,5.51,6.79,UKP_0004,0,2016
2016-04-27 09:00:00+00:00,593.67,643.1,41.2,5.65,6.76,UKP_0004,0,2016
2016-04-27 10:00:00+00:00,421.52,456.25,40.3,5.93,6.74,UKP_0004,0,2016
2016-04-27 11:00:00+00:00,239.77,255.2,38.98,6.43,6.51,UKP_0004,0,2016
2016-04-27 12:00:00+00:00,67.93,75.15,35.98,7.98,4.26,UKP_0004,0,2016
2016-04-27 13:00:00+00:00,0.0,0.0,31.48,11.0,3.51,UKP_0004,0,2016
2016-04-27 14:00:00+00:00,0.0,0.0,30.06,12.12,3.53,UKP_0004,0,2016
2016-04-27 15:00:00+00:00,0.0,0.0,29.01,13.08,3.49,UKP_0004,0,2016
2016-04-27 16:00:00+00:00,0.0,0.0,28.12,14.02,3.46,UKP_0004,0,2016
2016-04-27 17:00:00+00:00,0.0,0.0,27.31,15.0,3.44,UKP_0004,0,2016
2016-04-27 18:00:00+00:00,0.0,0.0,26.6,15.99,3.44,UKP_0004,0,2016
2016-04-27 19:00:00+00:00,0.0,0.0,25.95,17.11,3.46,UKP_0004,0,2016
2016-04-27 20:00:00+00:00,0.0,0.0,25.34,18.31,3.46,UKP_0004,0,2016
2016-04-27 21:00:00+00:00,0.0,0.0,24.79,19.51,3.4,UKP_0004,0,2016
2016-04-27 22:00:00+00:00,0.0,0.0,24.42,20.4,3.39,UKP_0004,0,2016
2016-04-27 23:00:00+00:00,0.0,0.0,24.2,20.93,3.37,UKP_0004,0,2016
2016-04-28 00:00:00+00:00,32.58,38.78,24.75,20.5,3.19,UKP_0004,0,2016
2016-04-28 01:00:00+00:00,191.73,228.62,29.69,15.73,3.2,UKP_0004,0,2016
2016-04-28 02:00:00+00:00,423.17,465.25,34.26,11.72,3.78,UKP_0004,0,2016
2016-04-28 03:00:00+00:00,645.97,687.92,37.92,8.94,4.94,UKP_0004,0,2016
2016-04-28 04:00:00+00:00,846.28,868.47,39.69,7.87,5.76,UKP_0004,0,2016
2016-04-28 05:00:00+00:00,981.15,988.97,40.86,7.15,6.67,UKP_0004,0,2016
2016-04-28 06:00:00+00:00,876.67,942.03,41.42,6.47,7.43,UKP_0004,0,2016
2016-04-28 07:00:00+00:00,877.88,929.65,41.74,5.75,7.95,UKP_0004,0,2016
2016-04-28 08:00:00+00:00,812.55,845.2,41.7,5.24,8.32,UKP_0004,0,2016
2016-04-28 09:00:00+00:00,654.92,698.75,41.08,5.17,8.37,UKP_0004,0,2016
2016-04-28 10:00:00+00:00,467.3,505.7,40.1,5.57,8.1,UKP_0004,0,2016
2016-04-28 11:00:00+00:00,249.1,289.05,38.69,6.37,7.48,UKP_0004,0,2016
2016-04-28 12:00:00+00:00,80.4,91.55,36.02,7.86,4.91,UKP_0004,0,2016
2016-04-28 13:00:00+00:00,0.0,0.0,31.23,11.12,3.42,UKP_0004,0,2016
2016-04-28 14:00:00+00:00,0.0,0.0,29.67,12.51,3.3,UKP_0004,0,2016
2016-04-28 15:00:00+00:00,0.0,0.0,28.74,13.44,3.15,UKP_0004,0,2016
2016-04-28 16:00:00+00:00,0.0,0.0,28.05,14.08,3.05,UKP_0004,0,2016
2016-04-28 17:00:00+00:00,0.0,0.0,27.34,14.8,3.06,UKP_0004,0,2016
2016-04-28 18:00:00+00:00,0.0,0.0,26.61,15.49,3.18,UKP_0004,0,2016
2016-04-28 19:00:00+00:00,0.0,0.0,25.98,16.16,3.33,UKP_0004,0,2016
2016-04-28 20:00:00+00:00,0.0,0.0,25.5,16.72,3.45,UKP_0004,0,2016
2016-04-28 21:00:00+00:00,0.0,0.0,25.13,17.14,3.58,UKP_0004,0,2016
2016-04-28 22:00:00+00:00,0.0,0.0,24.83,17.45,3.67,UKP_0004,0,2016
2016-04-28 23:00:00+00:00,0.0,0.0,24.47,17.93,3.69,UKP_0004,0,2016
2016-04-29 00:00:00+00:00,42.83,48.35,24.89,17.69,3.58,UKP_0004,0,2016
2016-04-29 01:00:00+00:00,215.8,256.2,29.56,13.61,4.44,UKP_0004,0,2016
2016-04-29 02:00:00+00:00,427.85,490.62,33.62,10.61,4.97,UKP_0004,0,2016
2016-04-29 03:00:00+00:00,673.0,704.35,37.37,8.37,6.25,UKP_0004,0,2016
2016-04-29 04:00:00+00:00,787.35,874.62,39.31,7.65,6.48,UKP_0004,0,2016
2016-04-29 05:00:00+00:00,917.42,986.78,40.59,7.34,6.8,UKP_0004,0,2016
2016-04-29 06:00:00+00:00,876.6,949.42,41.26,7.2,7.37,UKP_0004,0,2016
2016-04-29 07:00:00+00:00,887.2,934.78,41.54,7.3,7.91,UKP_0004,0,2016
2016-04-29 08:00:00+00:00,783.47,848.05,41.39,7.72,8.27,UKP_0004,0,2016
2016-04-29 09:00:00+00:00,669.0,699.12,40.79,8.29,8.25,UKP_0004,0,2016
2016-04-29 10:00:00+00:00,491.38,503.2,39.9,8.84,7.81,UKP_0004,0,2016
2016-04-29 11:00:00+00:00,263.9,284.23,38.62,9.46,7.09,UKP_0004,0,2016
2016-04-29 12:00:00+00:00,83.0,89.9,36.19,10.91,4.65,UKP_0004,0,2016
2016-04-29 13:00:00+00:00,0.0,0.0,31.65,14.52,3.21,UKP_0004,0,2016
2016-04-29 14:00:00+00:00,0.0,0.0,30.22,15.8,3.13,UKP_0004,0,2016
2016-04-29 15:00:00+00:00,0.0,0.0,29.45,16.45,2.89,UKP_0004,0,2016
2016-04-29 16:00:00+00:00,0.0,0.0,29.04,16.62,2.58,UKP_0004,0,2016
2016-04-29 17:00:00+00:00,0.0,0.0,28.63,16.71,2.33,UKP_0004,0,2016
2016-04-29 18:00:00+00:00,0.0,0.0,27.97,16.95,2.19,UKP_0004,0,2016
2016-04-29 19:00:00+00:00,0.0,0.0,27.2,17.34,2.16,UKP_0004,0,2016
2016-04-29 20:00:00+00:00,0.0,0.0,26.42,17.78,2.23,UKP_0004,0,2016
2016-04-29 21:00:00+00:00,0.0,0.0,25.57,18.37,2.36,UKP_0004,0,2016
2016-04-29 22:00:00+00:00,0.0,0.0,24.73,19.11,2.53,UKP_0004,0,2016
2016-04-29 23:00:00+00:00,0.0,0.0,24.08,19.77,2.67,UKP_0004,0,2016
2016-04-30 00:00:00+00:00,37.4,43.5,24.29,19.63,2.64,UKP_0004,0,2016
2016-04-30 01:00:00+00:00,178.07,236.75,28.27,16.01,2.16,UKP_0004,0,2016
2016-04-30 02:00:00+00:00,368.7,468.8,32.8,10.71,1.59,UKP_0004,0,2016
2016-04-30 03:00:00+00:00,571.65,683.83,35.99,7.72,1.34,UKP_0004,0,2016
2016-04-30 04:00:00+00:00,730.58,856.17,37.89,6.99,1.98,UKP_0004,0,2016
2016-04-30 05:00:00+00:00,884.25,969.72,39.33,6.53,2.99,UKP_0004,0,2016
2016-04-30 06:00:00+00:00,729.8,890.17,39.96,6.33,3.97,UKP_0004,0,2016
2016-04-30 07:00:00+00:00,686.53,865.97,40.48,6.21,4.73,UKP_0004,0,2016
2016-04-30 08:00:00+00:00,709.35,780.65,40.67,6.18,5.23,UKP_0004,0,2016
2016-04-30 09:00:00+00:00,583.2,632.33,40.36,6.3,5.23,UKP_0004,0,2016
2016-04-30 10:00:00+00:00,392.55,443.33,39.69,6.51,4.89,UKP_0004,0,2016
2016-04-30 11:00:00+00:00,195.35,242.2,38.6,6.9,4.19,UKP_0004,0,2016
2016-04-30 12:00:00+00:00,60.7,73.22,35.12,9.21,2.38,UKP_0004,0,2016
2016-04-30 13:00:00+00:00,0.0,0.0,32.31,10.91,2.51,UKP_0004,0,2016
2016-04-30 14:00:00+00:00,0.0,0.0,31.47,11.18,2.49,UKP_0004,0,2016
2016-04-30 15:00:00+00:00,0.0,0.0,30.68,11.35,2.41,UKP_0004,0,2016
2016-04-30 16:00:00+00:00,0.0,0.0,29.93,11.56,2.27,UKP_0004,0,2016
2016-04-30 17:00:00+00:00,0.0,0.0,28.96,11.91,2.19,UKP_0004,0,2016
2016-04-30 18:00:00+00:00,0.0,0.0,27.85,12.42,2.3,UKP_0004,0,2016
2016-04-30 19:00:00+00:00,0.0,0.0,26.76,13.01,2.51,UKP_0004,0,2016
2016-04-30 20:00:00+00:00,0.0,0.0,25.83,13.6,2.68,UKP_0004,0,2016
2016-04-30 21:00:00+00:00,0.0,0.0,24.93,14.29,2.84,UKP_0004,0,2016
2016-04-30 22:00:00+00:00,0.0,0.0,24.14,15.04,2.95,UKP_0004,0,2016
2016-04-30 23:00:00+00:00,0.0,0.0,23.62,15.89,2.91,UKP_0004,0,2016
2016-05-01 00:00:00+00:00,38.1,43.42,24.16,15.85,2.72,UKP_0004,0,2016
2016-05-01 01:00:00+00:00,195.88,233.57,28.35,13.14,2.11,UKP_0004,0,2016
2016-05-01 02:00:00+00:00,405.02,464.23,32.89,9.25,1.88,UKP_0004,0,2016
2016-05-01 03:00:00+00:00,634.4,678.95,36.9,7.36,3.97,UKP_0004,0,2016
2016-05-01 04:00:00+00:00,782.5,851.42,39.43,6.57,5.01,UKP_0004,0,2016
2016-05-01 05:00:00+00:00,950.08,966.0,41.18,6.06,5.73,UKP_0004,0,2016
2016-05-01 06:00:00+00:00,873.15,902.38,42.16,5.81,6.37,UKP_0004,0,2016
2016-05-01 07:00:00+00:00,854.45,886.47,42.86,5.61,6.86,UKP_0004,0,2016
2016-05-01 08:00:00+00:00,782.28,801.6,43.17,5.46,7.25,UKP_0004,0,2016
2016-05-01 09:00:00+00:00,551.9,657.4,42.95,5.37,7.62,UKP_0004,0,2016
2016-05-01 10:00:00+00:00,417.12,469.58,42.33,5.31,7.94,UKP_0004,0,2016
2016-05-01 11:00:00+00:00,242.52,268.5,41.17,5.36,7.78,UKP_0004,0,2016
2016-05-01 12:00:00+00:00,75.38,84.72,38.08,6.17,5.1,UKP_0004,0,2016
2016-05-01 13:00:00+00:00,0.0,0.0,32.95,8.18,3.82,UKP_0004,0,2016
2016-05-01 14:00:00+00:00,0.0,0.0,31.03,9.02,3.63,UKP_0004,0,2016
2016-05-01 15:00:00+00:00,0.0,0.0,29.74,9.68,3.38,UKP_0004,0,2016
2016-05-01 16:00:00+00:00,0.0,0.0,28.68,10.26,3.12,UKP_0004,0,2016
2016-05-01 17:00:00+00:00,0.0,0.0,27.74,10.8,2.97,UKP_0004,0,2016
2016-05-01 18:00:00+00:00,0.0,0.0,26.9,11.3,2.98,UKP_0004,0,2016
2016-05-01 19:00:00+00:00,0.0,0.0,26.25,11.61,3.06,UKP_0004,0,2016
2016-05-01 20:00:00+00:00,0.0,0.0,25.78,11.89,3.12,UKP_0004,0,2016
2016-05-01 21:00:00+00:00,0.0,0.0,25.54,12.1,3.1,UKP_0004,0,2016
2016-05-01 22:00:00+00:00,0.0,0.0,25.45,12.22,2.98,UKP_0004,0,2016
2016-05-01 23:00:00+00:00,0.0,0.0,25.61,12.2,2.78,UKP_0004,0,2016
2016-05-02 00:00:00+00:00,38.55,44.72,26.36,11.9,2.53,UKP_0004,0,2016
2016-05-02 01:00:00+00:00,176.57,233.62,30.17,10.44,1.91,UKP_0004,0,2016
2016-05-02 02:00:00+00:00,378.52,464.35,34.67,7.69,1.86,UKP_0004,0,2016
2016-05-02 03:00:00+00:00,597.6,680.22,37.81,6.81,3.05,UKP_0004,0,2016
2016-05-02 04:00:00+00:00,768.83,854.22,40.8,5.98,4.16,UKP_0004,0,2016
2016-05-02 05:00:00+00:00,916.4,970.0,43.05,5.39,4.82,UKP_0004,0,2016
2016-05-02 06:00:00+00:00,885.4,899.88,43.99,5.16,4.95,UKP_0004,0,2016
2016-05-02 07:00:00+00:00,798.1,889.6,44.58,5.0,5.01,UKP_0004,0,2016
2016-05-02 08:00:00+00:00,761.42,805.92,44.7,4.95,5.03,UKP_0004,0,2016
2016-05-02 09:00:00+00:00,614.53,660.22,44.41,4.94,4.93,UKP_0004,0,2016
2016-05-02 10:00:00+00:00,420.12,469.15,43.67,4.99,4.8,UKP_0004,0,2016
2016-05-02 11:00:00+00:00,244.4,264.73,42.43,5.23,4.49,UKP_0004,0,2016
2016-05-02 12:00:00+00:00,75.43,82.68,38.41,7.05,2.73,UKP_0004,0,2016
2016-05-02 13:00:00+00:00,0.0,0.0,34.58,8.87,2.72,UKP_0004,0,2016
2016-05-02 14:00:00+00:00,0.0,0.0,34.29,8.96,2.22,UKP_0004,0,2016
2016-05-02 15:00:00+00:00,0.0,0.0,34.18,9.05,1.45,UKP_0004,0,2016
2016-05-02 16:00:00+00:00,0.0,0.0,32.93,9.83,1.26,UKP_0004,0,2016
2016-05-02 17:00:00+00:00,0.0,0.0,30.69,11.27,2.31,UKP_0004,0,2016
2016-05-02 18:00:00+00:00,0.0,0.0,28.15,13.45,3.31,UKP_0004,0,2016
2016-05-02 19:00:00+00:00,0.0,0.0,27.11,15.42,3.73,UKP_0004,0,2016
2016-05-02 20:00:00+00:00,0.0,0.0,26.37,18.17,4.01,UKP_0004,0,2016
2016-05-02 21:00:00+00:00,0.0,0.0,25.61,21.17,3.85,UKP_0004,0,2016
2016-05-02 22:00:00+00:00,0.0,0.0,24.81,24.38,3.36,UKP_0004,0,2016
2016-05-02 23:00:00+00:00,0.0,0.0,24.28,26.46,2.95,UKP_0004,0,2016
2016-05-03 00:00:00+00:00,38.42,41.12,25.0,25.71,2.7,UKP_0004,0,2016
2016-05-03 01:00:00+00:00,196.93,215.18,28.84,20.73,3.47,UKP_0004,0,2016
2016-05-03 02:00:00+00:00,376.85,430.12,30.96,22.86,5.42,UKP_0004,0,2016
2016-05-03 03:00:00+00:00,564.35,639.33,32.2,25.34,6.12,UKP_0004,0,2016
2016-05-03 04:00:00+00:00,779.3,809.0,33.41,25.71,5.65,UKP_0004,0,2016
2016-05-03 05:00:00+00:00,900.62,921.85,34.49,24.96,4.86,UKP_0004,0,2016
2016-05-03 06:00:00+00:00,848.22,873.3,35.05,24.01,3.87,UKP_0004,0,2016
2016-05-03 07:00:00+00:00,830.05,853.25,35.49,22.96,2.83,UKP_0004,0,2016
2016-05-03 08:00:00+00:00,722.65,762.08,35.85,21.97,2.17,UKP_0004,0,2016
2016-05-03 09:00:00+00:00,498.8,611.15,36.09,21.08,1.88,UKP_0004,0,2016
2016-05-03 10:00:00+00:00,355.9,429.88,36.23,20.34,1.74,UKP_0004,0,2016
2016-05-03 11:00:00+00:00,186.4,228.18,35.86,20.39,1.97,UKP_0004,0,2016
2016-05-03 12:00:00+00:00,57.9,70.28,34.1,22.24,1.74,UKP_0004,0,2016
2016-05-03 13:00:00+00:00,0.0,0.0,31.66,25.2,2.14,UKP_0004,0,2016
2016-05-03 14:00:00+00:00,0.0,0.0,30.99,25.81,1.83,UKP_0004,0,2016
2016-05-03 15:00:00+00:00,0.0,0.0,30.6,26.45,1.02,UKP_0004,0,2016
2016-05-03 16:00:00+00:00,0.0,0.0,30.01,28.12,1.74,UKP_0004,0,2016
2016-05-03 17:00:00+00:00,0.0,0.0,29.57,30.17,2.44,UKP_0004,0,2016
2016-05-03 18:00:00+00:00,0.0,0.0,28.92,32.62,2.78,UKP_0004,0,2016
2016-05-03 19:00:00+00:00,0.0,0.0,28.38,35.48,2.84,UKP_0004,0,2016
2016-05-03 20:00:00+00:00,0.0,0.0,27.63,44.83,2.64,UKP_0004,0,2016
2016-05-03 21:00:00+00:00,0.0,0.0,27.08,58.17,2.01,UKP_0004,0,2016
2016-05-03 22:00:00+00:00,0.0,0.0,26.83,59.12,1.11,UKP_0004,0,2016
2016-05-03 23:00:00+00:00,0.0,0.0,25.41,61.96,0.58,UKP_0004,0,2016
2016-05-04 00:00:00+00:00,34.2,37.92,24.27,67.06,1.56,UKP_0004,0,2016
2016-05-04 01:00:00+00:00,140.05,192.27,24.32,66.59,3.57,UKP_0004,0,2016
2016-05-04 02:00:00+00:00,279.35,394.62,25.95,60.13,4.9,UKP_0004,0,2016
2016-05-04 03:00:00+00:00,567.4,604.7,29.48,46.99,4.89,UKP_0004,0,2016
2016-05-04 04:00:00+00:00,760.88,780.4,33.06,34.19,3.41,UKP_0004,0,2016
2016-05-04 05:00:00+00:00,880.78,899.97,35.57,28.02,2.05,UKP_0004,0,2016
2016-05-04 06:00:00+00:00,913.2,947.85,37.45,24.76,2.45,UKP_0004,0,2016
2016-05-04 07:00:00+00:00,813.88,928.33,38.37,23.35,3.36,UKP_0004,0,2016
2016-05-04 08:00:00+00:00,707.97,839.42,38.66,22.71,4.03,UKP_0004,0,2016
2016-05-04 09:00:00+00:00,575.3,689.5,38.54,22.25,4.64,UKP_0004,0,2016
2016-05-04 10:00:00+00:00,381.12,493.7,37.99,21.84,4.94,UKP_0004,0,2016
2016-05-04 11:00:00+00:00,200.73,276.17,37.02,22.12,4.75,UKP_0004,0,2016
2016-05-04 12:00:00+00:00,65.22,91.22,34.37,32.23,2.79,UKP_0004,0,2016
2016-05-04 13:00:00+00:00,0.0,0.0,31.44,40.3,2.32,UKP_0004,0,2016
2016-05-04 14:00:00+00:00,0.0,0.0,31.69,35.99,1.7,UKP_0004,0,2016
2016-05-04 15:00:00+00:00,0.0,0.0,32.45,31.19,0.87,UKP_0004,0,2016
2016-05-04 16:00:00+00:00,0.0,0.0,31.98,30.75,0.41,UKP_0004,0,2016
2016-05-04 17:00:00+00:00,0.0,0.0,30.39,33.98,1.06,UKP_0004,0,2016
2016-05-04 18:00:00+00:00,0.0,0.0,28.75,39.33,1.64,UKP_0004,0,2016
2016-05-04 19:00:00+00:00,0.0,0.0,27.05,47.51,2.18,UKP_0004,0,2016
2016-05-04 20:00:00+00:00,0.0,0.0,25.33,58.65,2.67,UKP_0004,0,2016
2016-05-04 21:00:00+00:00,0.0,0.0,24.09,63.65,2.84,UKP_0004,0,2016
2016-05-04 22:00:00+00:00,0.0,0.0,23.56,65.08,2.92,UKP_0004,0,2016
2016-05-04 23:00:00+00:00,0.0,0.0,23.33,64.61,2.97,UKP_0004,0,2016
2016-05-05 00:00:00+00:00,17.45,42.8,23.73,63.41,2.84,UKP_0004,0,2016
2016-05-05 01:00:00+00:00,67.22,210.52,25.69,55.34,3.3,UKP_0004,0,2016
2016-05-05 02:00:00+00:00,158.32,426.5,27.04,49.73,3.68,UKP_0004,0,2016
2016-05-05 03:00:00+00:00,246.98,634.2,28.35,46.42,4.03,UKP_0004,0,2016
2016-05-05 04:00:00+00:00,379.7,804.15,30.13,39.73,4.23,UKP_0004,0,2016
2016-05-05 05:00:00+00:00,545.7,915.58,31.7,35.33,3.84,UKP_0004,0,2016
2016-05-05 06:00:00+00:00,657.6,941.62,32.97,32.56,3.05,UKP_0004,0,2016
2016-05-05 07:00:00+00:00,616.88,924.45,34.13,30.14,2.1,UKP_0004,0,2016
2016-05-05 08:00:00+00:00,551.83,839.1,34.78,28.51,1.46,UKP_0004,0,2016
2016-05-05 09:00:00+00:00,678.8,694.9,34.95,27.48,1.58,UKP_0004,0,2016
2016-05-05 10:00:00+00:00,405.12,490.83,34.61,27.05,2.03,UKP_0004,0,2016
2016-05-05 11:00:00+00:00,235.43,279.6,33.77,27.84,2.28,UKP_0004,0,2016
2016-05-05 12:00:00+00:00,84.25,92.35,31.93,37.23,1.65,UKP_0004,0,2016
2016-05-05 13:00:00+00:00,0.0,0.0,29.37,46.52,1.73,UKP_0004,0,2016
2016-05-05 14:00:00+00:00,0.0,0.0,28.49,45.79,1.86,UKP_0004,0,2016
2016-05-05 15:00:00+00:00,0.0,0.0,27.7,47.44,2.02,UKP_0004,0,2016
2016-05-05 16:00:00+00:00,0.0,0.0,26.99,49.39,2.15,UKP_0004,0,2016
2016-05-05 17:00:00+00:00,0.0,0.0,26.32,50.44,2.27,UKP_0004,0,2016
2016-05-05 18:00:00+00:00,0.0,0.0,25.68,52.27,2.4,UKP_0004,0,2016
2016-05-05 19:00:00+00:00,0.0,0.0,25.09,53.87,2.52,UKP_0004,0,2016
2016-05-05 20:00:00+00:00,0.0,0.0,24.47,55.52,2.72,UKP_0004,0,2016
2016-05-05 21:00:00+00:00,0.0,0.0,23.89,56.85,2.99,UKP_0004,0,2016
2016-05-05 22:00:00+00:00,0.0,0.0,23.48,57.41,3.24,UKP_0004,0,2016
2016-05-05 23:00:00+00:00,0.0,0.0,22.91,58.92,2.92,UKP_0004,0,2016
2016-05-06 00:00:00+00:00,40.58,43.95,23.31,58.44,2.49,UKP_0004,0,2016
2016-05-06 01:00:00+00:00,195.4,212.4,25.95,48.14,2.81,UKP_0004,0,2016
2016-05-06 02:00:00+00:00,355.7,422.42,29.29,37.59,1.56,UKP_0004,0,2016
2016-05-06 03:00:00+00:00,589.85,630.33,31.66,32.45,2.84,UKP_0004,0,2016
2016-05-06 04:00:00+00:00,718.15,800.22,33.23,29.68,3.88,UKP_0004,0,2016
2016-05-06 05:00:00+00:00,760.62,914.25,34.49,27.63,4.52,UKP_0004,0,2016
2016-05-06 06:00:00+00:00,807.25,943.92,35.45,26.03,4.89,UKP_0004,0,2016
2016-05-06 07:00:00+00:00,678.2,920.0,35.87,25.18,5.01,UKP_0004,0,2016
2016-05-06 08:00:00+00:00,568.08,829.88,35.97,24.6,4.97,UKP_0004,0,2016
2016-05-06 09:00:00+00:00,447.27,678.3,35.73,24.37,4.85,UKP_0004,0,2016
2016-05-06 10:00:00+00:00,273.8,485.3,35.11,24.9,4.51,UKP_0004,0,2016
2016-05-06 11:00:00+00:00,146.5,273.62,34.09,26.92,3.65,UKP_0004,0,2016
2016-05-06 12:00:00+00:00,46.58,93.45,31.97,37.08,2.13,UKP_0004,0,2016
2016-05-06 13:00:00+00:00,0.0,0.0,29.71,43.55,2.36,UKP_0004,0,2016
2016-05-06 14:00:00+00:00,0.0,0.0,28.92,43.77,2.54,UKP_0004,0,2016
2016-05-06 15:00:00+00:00,0.0,0.0,28.29,43.51,2.74,UKP_0004,0,2016
2016-05-06 16:00:00+00:00,0.0,0.0,27.61,43.91,2.81,UKP_0004,0,2016
2016-05-06 17:00:00+00:00,0.0,0.0,26.87,45.78,2.58,UKP_0004,0,2016
2016-05-06 18:00:00+00:00,0.0,0.0,26.18,48.64,2.07,UKP_0004,0,2016
2016-05-06 19:00:00+00:00,0.0,0.0,25.66,51.88,1.68,UKP_0004,0,2016
2016-05-06 20:00:00+00:00,0.0,0.0,25.4,54.96,1.42,UKP_0004,0,2016
2016-05-06 21:00:00+00:00,0.0,0.0,25.32,55.93,1.84,UKP_0004,0,2016
2016-05-06 22:00:00+00:00,0.0,0.0,24.74,60.13,2.68,UKP_0004,0,2016
2016-05-06 23:00:00+00:00,0.0,0.0,24.57,60.82,3.2,UKP_0004,0,2016
2016-05-07 00:00:00+00:00,37.05,44.9,24.68,61.16,4.04,UKP_0004,0,2016
2016-05-07 01:00:00+00:00,168.15,213.75,25.33,59.55,5.13,UKP_0004,0,2016
2016-05-07 02:00:00+00:00,336.58,424.5,26.53,54.23,5.76,UKP_0004,0,2016
2016-05-07 03:00:00+00:00,537.1,624.2,27.82,46.98,6.11,UKP_0004,0,2016
2016-05-07 04:00:00+00:00,698.33,789.1,28.76,43.36,5.72,UKP_0004,0,2016
2016-05-07 05:00:00+00:00,810.38,898.25,30.09,39.72,5.04,UKP_0004,0,2016
2016-05-07 06:00:00+00:00,768.25,894.05,32.22,34.43,3.92,UKP_0004,0,2016
2016-05-07 07:00:00+00:00,595.53,871.95,33.68,30.92,2.82,UKP_0004,0,2016
2016-05-07 08:00:00+00:00,519.7,784.83,34.37,29.22,1.92,UKP_0004,0,2016
2016-05-07 09:00:00+00:00,455.75,637.83,34.48,28.56,1.4,UKP_0004,0,2016
2016-05-07 10:00:00+00:00,281.98,449.58,34.31,28.39,1.33,UKP_0004,0,2016
2016-05-07 11:00:00+00:00,162.25,247.88,33.73,29.2,1.4,UKP_0004,0,2016
2016-05-07 12:00:00+00:00,51.78,76.2,32.22,37.27,1.22,UKP_0004,0,2016
2016-05-07 13:00:00+00:00,2.28,2.67,29.58,46.93,1.71,UKP_0004,0,2016
2016-05-07 14:00:00+00:00,0.0,0.0,28.7,46.79,1.93,UKP_0004,0,2016
2016-05-07 15:00:00+00:00,0.0,0.0,28.13,47.3,1.94,UKP_0004,0,2016
2016-05-07 16:00:00+00:00,0.0,0.0,27.74,47.21,1.8,UKP_0004,0,2016
2016-05-07 17:00:00+00:00,0.0,0.0,27.1,49.1,1.72,UKP_0004,0,2016
2016-05-07 18:00:00+00:00,0.0,0.0,26.58,50.92,1.83,UKP_0004,0,2016
2016-05-07 19:00:00+00:00,0.0,0.0,26.23,51.48,2.34,UKP_0004,0,2016
2016-05-07 20:00:00+00:00,0.0,0.0,25.83,53.17,3.74,UKP_0004,0,2016
2016-05-07 21:00:00+00:00,0.0,0.0,25.29,57.39,5.49,UKP_0004,0,2016
2016-05-07 22:00:00+00:00,0.0,0.0,24.8,62.27,6.07,UKP_0004,0,2016
2016-05-07 23:00:00+00:00,0.0,0.0,24.62,64.18,5.68,UKP_0004,0,2016
2016-05-08 00:00:00+00:00,28.55,41.55,24.67,63.52,5.72,UKP_0004,0,2016
2016-05-08 01:00:00+00:00,116.75,193.32,25.22,60.37,6.05,UKP_0004,0,2016
2016-05-08 02:00:00+00:00,227.45,396.52,26.4,54.88,6.15,UKP_0004,0,2016
2016-05-08 03:00:00+00:00,260.4,596.9,28.23,47.03,6.07,UKP_0004,0,2016
2016-05-08 04:00:00+00:00,302.0,761.62,29.89,42.92,5.46,UKP_0004,0,2016
2016-05-08 05:00:00+00:00,145.7,870.38,31.48,40.52,4.31,UKP_0004,0,2016
2016-05-08 06:00:00+00:00,449.67,840.45,33.09,37.32,3.53,UKP_0004,0,2016
2016-05-08 07:00:00+00:00,498.52,818.28,34.25,34.35,3.25,UKP_0004,0,2016
2016-05-08 08:00:00+00:00,506.2,731.45,34.77,32.49,2.9,UKP_0004,0,2016
2016-05-08 09:00:00+00:00,505.48,582.0,34.87,31.32,2.45,UKP_0004,0,2016
2016-05-08 10:00:00+00:00,370.02,402.85,34.52,31.02,2.05,UKP_0004,0,2016
2016-05-08 11:00:00+00:00,206.12,224.8,33.69,33.04,1.69,UKP_0004,0,2016
2016-05-08 12:00:00+00:00,68.35,69.0,32.05,43.02,1.36,UKP_0004,0,2016
2016-05-08 13:00:00+00:00,2.9,2.62,29.39,52.11,2.04,UKP_0004,0,2016
2016-05-08 14:00:00+00:00,0.0,0.0,28.35,52.51,2.43,UKP_0004,0,2016
2016-05-08 15:00:00+00:00,0.0,0.0,27.93,52.82,2.48,UKP_0004,0,2016
2016-05-08 16:00:00+00:00,0.0,0.0,27.56,53.24,2.47,UKP_0004,0,2016
2016-05-08 17:00:00+00:00,0.0,0.0,27.16,53.78,2.46,UKP_0004,0,2016
2016-05-08 18:00:00+00:00,0.0,0.0,26.84,54.19,2.43,UKP_0004,0,2016
2016-05-08 19:00:00+00:00,0.0,0.0,26.66,54.54,2.38,UKP_0004,0,2016
2016-05-08 20:00:00+00:00,0.0,0.0,26.49,55.17,2.28,UKP_0004,0,2016
2016-05-08 21:00:00+00:00,0.0,0.0,26.23,55.98,2.21,UKP_0004,0,2016
2016-05-08 22:00:00+00:00,0.0,0.0,25.86,57.09,2.14,UKP_0004,0,2016
2016-05-08 23:00:00+00:00,0.0,0.0,25.41,57.9,2.09,UKP_0004,0,2016
2016-05-09 00:00:00+00:00,34.42,41.5,25.46,57.09,2.19,UKP_0004,0,2016
2016-05-09 01:00:00+00:00,117.0,191.85,27.09,50.03,3.3,UKP_0004,0,2016
2016-05-09 02:00:00+00:00,225.57,393.15,29.74,40.14,3.91,UKP_0004,0,2016
2016-05-09 03:00:00+00:00,353.88,588.97,32.36,33.09,4.39,UKP_0004,0,2016
2016-05-09 04:00:00+00:00,609.12,758.03,34.09,29.92,4.58,UKP_0004,0,2016
2016-05-09 05:00:00+00:00,753.58,865.65,35.26,28.25,4.5,UKP_0004,0,2016
2016-05-09 06:00:00+00:00,745.85,834.62,35.94,27.66,4.11,UKP_0004,0,2016
2016-05-09 07:00:00+00:00,721.95,813.03,36.25,27.7,3.47,UKP_0004,0,2016
2016-05-09 08:00:00+00:00,659.9,725.55,36.21,28.4,2.73,UKP_0004,0,2016
2016-05-09 09:00:00+00:00,536.53,588.78,35.9,29.41,2.06,UKP_0004,0,2016
2016-05-09 10:00:00+00:00,319.35,402.92,35.28,31.06,1.32,UKP_0004,0,2016
2016-05-09 11:00:00+00:00,184.12,224.2,34.65,34.16,0.68,UKP_0004,0,2016
2016-05-09 12:00:00+00:00,58.58,69.28,33.51,41.94,0.3,UKP_0004,0,2016
2016-05-09 13:00:00+00:00,2.28,2.78,32.24,44.77,0.56,UKP_0004,0,2016
2016-05-09 14:00:00+00:00,0.0,0.0,31.68,42.55,0.98,UKP_0004,0,2016
2016-05-09 15:00:00+00:00,0.0,0.0,30.95,45.76,1.39,UKP_0004,0,2016
2016-05-09 16:00:00+00:00,0.0,0.0,30.33,46.83,1.66,UKP_0004,0,2016
2016-05-09 17:00:00+00:00,0.0,0.0,29.97,46.54,1.74,UKP_0004,0,2016
2016-05-09 18:00:00+00:00,0.0,0.0,29.72,46.5,1.65,UKP_0004,0,2016
2016-05-09 19:00:00+00:00,0.0,0.0,29.53,48.34,1.41,UKP_0004,0,2016
2016-05-09 20:00:00+00:00,0.0,0.0,29.05,53.61,1.12,UKP_0004,0,2016
2016-05-09 21:00:00+00:00,0.0,0.0,28.61,58.43,0.71,UKP_0004,0,2016
2016-05-09 22:00:00+00:00,0.0,0.0,28.62,54.85,0.43,UKP_0004,0,2016
2016-05-09 23:00:00+00:00,0.0,0.0,28.7,50.19,0.94,UKP_0004,0,2016
2016-05-10 00:00:00+00:00,28.33,41.97,28.16,56.13,1.58,UKP_0004,0,2016
2016-05-10 01:00:00+00:00,99.6,188.85,29.29,54.79,2.24,UKP_0004,0,2016
2016-05-10 02:00:00+00:00,47.2,388.23,30.96,44.12,3.28,UKP_0004,0,2016
2016-05-10 03:00:00+00:00,193.77,586.3,33.07,36.55,2.95,UKP_0004,0,2016
2016-05-10 04:00:00+00:00,289.12,749.58,34.86,29.88,2.28,UKP_0004,0,2016
2016-05-10 05:00:00+00:00,99.22,858.75,36.07,26.32,2.43,UKP_0004,0,2016
2016-05-10 06:00:00+00:00,541.42,871.75,37.13,24.29,2.69,UKP_0004,0,2016
2016-05-10 07:00:00+00:00,602.1,850.12,38.06,22.95,2.79,UKP_0004,0,2016
2016-05-10 08:00:00+00:00,526.35,761.65,38.35,22.66,2.64,UKP_0004,0,2016
2016-05-10 09:00:00+00:00,560.67,612.03,38.18,22.78,2.3,UKP_0004,0,2016
2016-05-10 10:00:00+00:00,410.98,426.73,37.63,23.4,1.83,UKP_0004,0,2016
2016-05-10 11:00:00+00:00,233.55,238.88,36.66,24.94,1.35,UKP_0004,0,2016
2016-05-10 12:00:00+00:00,72.03,74.5,34.7,34.47,0.82,UKP_0004,0,2016
2016-05-10 13:00:00+00:00,3.1,3.08,32.41,41.27,0.96,UKP_0004,0,2016
2016-05-10 14:00:00+00:00,0.0,0.0,31.35,41.37,1.37,UKP_0004,0,2016
2016-05-10 15:00:00+00:00,0.0,0.0,30.31,43.64,1.82,UKP_0004,0,2016
2016-05-10 16:00:00+00:00,0.0,0.0,29.41,46.08,2.11,UKP_0004,0,2016
2016-05-10 17:00:00+00:00,0.0,0.0,28.75,46.59,2.28,UKP_0004,0,2016
2016-05-10 18:00:00+00:00,0.0,0.0,28.09,48.05,2.44,UKP_0004,0,2016
2016-05-10 19:00:00+00:00,0.0,0.0,27.44,50.24,2.62,UKP_0004,0,2016
2016-05-10 20:00:00+00:00,0.0,0.0,26.84,53.68,2.8,UKP_0004,0,2016
2016-05-10 21:00:00+00:00,0.0,0.0,26.36,57.36,2.86,UKP_0004,0,2016
2016-05-10 22:00:00+00:00,0.0,0.0,26.04,59.1,2.89,UKP_0004,0,2016
2016-05-10 23:00:00+00:00,0.0,0.0,25.82,58.97,2.92,UKP_0004,0,2016
2016-05-11 00:00:00+00:00,42.78,45.5,26.36,58.18,2.73,UKP_0004,0,2016
2016-05-11 01:00:00+00:00,188.43,202.0,29.09,48.5,3.18,UKP_0004,0,2016
2016-05-11 02:00:00+00:00,364.27,400.95,31.76,38.1,3.19,UKP_0004,0,2016
2016-05-11 03:00:00+00:00,582.97,601.92,34.76,30.38,2.15,UKP_0004,0,2016
2016-05-11 04:00:00+00:00,661.5,766.38,36.57,27.09,2.6,UKP_0004,0,2016
2016-05-11 05:00:00+00:00,772.28,875.6,37.76,25.49,3.09,UKP_0004,0,2016
2016-05-11 06:00:00+00:00,780.8,932.58,38.87,24.01,3.43,UKP_0004,0,2016
2016-05-11 07:00:00+00:00,653.6,906.8,39.43,23.32,3.6,UKP_0004,0,2016
2016-05-11 08:00:00+00:00,611.22,815.83,39.52,23.12,3.61,UKP_0004,0,2016
2016-05-11 09:00:00+00:00,497.92,668.53,39.07,23.53,3.61,UKP_0004,0,2016
2016-05-11 10:00:00+00:00,364.23,480.3,37.94,24.9,3.44,UKP_0004,0,2016
2016-05-11 11:00:00+00:00,190.93,274.25,36.75,26.65,3.08,UKP_0004,0,2016
2016-05-11 12:00:00+00:00,73.43,91.03,35.03,33.98,1.84,UKP_0004,0,2016
2016-05-11 13:00:00+00:00,3.38,3.65,32.98,42.6,1.37,UKP_0004,0,2016
2016-05-11 14:00:00+00:00,0.0,0.0,32.73,39.37,0.72,UKP_0004,0,2016
2016-05-11 15:00:00+00:00,0.0,0.0,32.13,40.22,0.52,UKP_0004,0,2016
2016-05-11 16:00:00+00:00,0.0,0.0,31.18,42.06,0.84,UKP_0004,0,2016
2016-05-11 17:00:00+00:00,0.0,0.0,30.36,43.47,1.03,UKP_0004,0,2016
2016-05-11 18:00:00+00:00,0.0,0.0,29.71,44.89,1.16,UKP_0004,0,2016
2016-05-11 19:00:00+00:00,0.0,0.0,29.16,46.82,1.24,UKP_0004,0,2016
2016-05-11 20:00:00+00:00,0.0,0.0,28.56,48.53,1.29,UKP_0004,0,2016
2016-05-11 21:00:00+00:00,0.0,0.0,27.85,50.64,1.37,UKP_0004,0,2016
2016-05-11 22:00:00+00:00,0.0,0.0,27.02,52.9,1.5,UKP_0004,0,2016
2016-05-11 23:00:00+00:00,0.0,0.0,26.43,54.38,1.69,UKP_0004,0,2016
2016-05-12 00:00:00+00:00,55.58,56.83,26.63,56.58,1.67,UKP_0004,0,2016
2016-05-12 01:00:00+00:00,236.93,239.38,29.46,45.78,2.11,UKP_0004,0,2016
2016-05-12 02:00:00+00:00,458.85,459.35,32.63,34.84,0.68,UKP_0004,0,2016
2016-05-12 03:00:00+00:00,664.65,665.58,34.8,29.73,0.58,UKP_0004,0,2016
2016-05-12 04:00:00+00:00,822.85,831.72,36.17,27.57,1.07,UKP_0004,0,2016
2016-05-12 05:00:00+00:00,909.4,941.22,37.26,25.96,1.66,UKP_0004,0,2016
2016-05-12 06:00:00+00:00,959.12,984.47,38.09,24.77,2.22,UKP_0004,0,2016
2016-05-12 07:00:00+00:00,896.72,959.62,38.59,24.06,2.68,UKP_0004,0,2016
2016-05-12 08:00:00+00:00,761.53,867.95,38.71,23.84,3.01,UKP_0004,0,2016
2016-05-12 09:00:00+00:00,629.22,716.78,38.61,23.8,3.22,UKP_0004,0,2016
2016-05-12 10:00:00+00:00,406.4,519.75,38.34,23.7,3.53,UKP_0004,0,2016
2016-05-12 11:00:00+00:00,224.57,299.7,37.64,24.2,3.88,UKP_0004,0,2016
2016-05-12 12:00:00+00:00,79.62,99.82,36.03,28.5,2.98,UKP_0004,0,2016
2016-05-12 13:00:00+00:00,3.78,4.28,32.74,39.75,2.43,UKP_0004,0,2016
2016-05-12 14:00:00+00:00,0.0,0.0,31.55,41.19,2.66,UKP_0004,0,2016
2016-05-12 15:00:00+00:00,0.0,0.0,30.7,41.71,2.77,UKP_0004,0,2016
2016-05-12 16:00:00+00:00,0.0,0.0,29.81,42.81,2.81,UKP_0004,0,2016
2016-05-12 17:00:00+00:00,0.0,0.0,29.0,44.14,2.75,UKP_0004,0,2016
2016-05-12 18:00:00+00:00,0.0,0.0,28.35,45.4,2.57,UKP_0004,0,2016
2016-05-12 19:00:00+00:00,0.0,0.0,27.99,46.03,2.24,UKP_0004,0,2016
2016-05-12 20:00:00+00:00,0.0,0.0,27.99,45.71,1.76,UKP_0004,0,2016
2016-05-12 21:00:00+00:00,0.0,0.0,28.18,44.73,1.19,UKP_0004,0,2016
2016-05-12 22:00:00+00:00,0.0,0.0,27.9,44.66,0.9,UKP_0004,0,2016
2016-05-12 23:00:00+00:00,0.0,0.0,26.95,47.89,1.35,UKP_0004,0,2016
2016-05-13 00:00:00+00:00,47.58,55.53,26.53,51.82,1.91,UKP_0004,0,2016
2016-05-13 01:00:00+00:00,205.45,234.1,29.09,41.48,3.51,UKP_0004,0,2016
2016-05-13 02:00:00+00:00,384.42,448.85,31.98,33.47,2.98,UKP_0004,0,2016
2016-05-13 03:00:00+00:00,595.85,658.47,34.76,27.59,2.1,UKP_0004,0,2016
2016-05-13 04:00:00+00:00,824.08,828.97,36.68,24.55,1.83,UKP_0004,0,2016
2016-05-13 05:00:00+00:00,910.08,942.88,38.02,22.72,1.79,UKP_0004,0,2016
2016-05-13 06:00:00+00:00,884.0,951.5,39.16,21.3,2.01,UKP_0004,0,2016
2016-05-13 07:00:00+00:00,808.15,940.53,39.85,20.24,2.38,UKP_0004,0,2016
2016-05-13 08:00:00+00:00,802.42,835.6,40.2,19.35,2.75,UKP_0004,0,2016
2016-05-13 09:00:00+00:00,656.0,694.35,40.27,18.52,3.22,UKP_0004,0,2016
2016-05-13 10:00:00+00:00,452.27,507.83,40.07,17.74,3.74,UKP_0004,0,2016
2016-05-13 11:00:00+00:00,248.4,297.65,39.37,17.4,4.09,UKP_0004,0,2016
2016-05-13 12:00:00+00:00,89.0,102.75,36.87,24.99,2.56,UKP_0004,0,2016
2016-05-13 13:00:00+00:00,4.25,4.57,33.18,33.39,2.68,UKP_0004,0,2016
2016-05-13 14:00:00+00:00,0.0,0.0,31.88,34.11,2.88,UKP_0004,0,2016
2016-05-13 15:00:00+00:00,0.0,0.0,30.86,34.94,3.06,UKP_0004,0,2016
2016-05-13 16:00:00+00:00,0.0,0.0,29.93,35.89,3.18,UKP_0004,0,2016
2016-05-13 17:00:00+00:00,0.0,0.0,29.17,36.91,3.24,UKP_0004,0,2016
2016-05-13 18:00:00+00:00,0.0,0.0,28.52,38.2,3.25,UKP_0004,0,2016
2016-05-13 19:00:00+00:00,0.0,0.0,27.89,40.4,3.2,UKP_0004,0,2016
2016-05-13 20:00:00+00:00,0.0,0.0,27.28,43.47,3.14,UKP_0004,0,2016
2016-05-13 21:00:00+00:00,0.0,0.0,26.79,45.83,3.06,UKP_0004,0,2016
2016-05-13 22:00:00+00:00,0.0,0.0,26.45,47.08,2.95,UKP_0004,0,2016
2016-05-13 23:00:00+00:00,0.0,0.0,26.25,47.3,2.83,UKP_0004,0,2016
2016-05-14 00:00:00+00:00,56.67,58.9,27.16,47.25,2.5,UKP_0004,0,2016
2016-05-14 01:00:00+00:00,237.07,241.9,31.09,35.64,2.42,UKP_0004,0,2016
2016-05-14 02:00:00+00:00,451.17,457.92,34.61,25.44,2.14,UKP_0004,0,2016
2016-05-14 03:00:00+00:00,666.78,669.2,37.96,20.03,3.05,UKP_0004,0,2016
2016-05-14 04:00:00+00:00,835.22,839.3,39.52,18.57,3.21,UKP_0004,0,2016
2016-05-14 05:00:00+00:00,941.12,947.92,40.67,17.84,3.44,UKP_0004,0,2016
2016-05-14 06:00:00+00:00,942.95,984.7,41.52,17.29,3.86,UKP_0004,0,2016
2016-05-14 07:00:00+00:00,879.97,965.42,42.09,16.8,4.31,UKP_0004,0,2016
2016-05-14 08:00:00+00:00,820.85,878.45,42.33,16.19,4.66,UKP_0004,0,2016
2016-05-14 09:00:00+00:00,677.33,732.83,42.24,15.55,4.75,UKP_0004,0,2016
2016-05-14 10:00:00+00:00,487.58,541.42,41.66,14.86,4.75,UKP_0004,0,2016
2016-05-14 11:00:00+00:00,271.55,324.42,40.59,14.59,4.62,UKP_0004,0,2016
2016-05-14 12:00:00+00:00,99.78,116.6,37.67,21.31,2.83,UKP_0004,0,2016
2016-05-14 13:00:00+00:00,4.45,5.25,33.48,30.43,2.74,UKP_0004,0,2016
2016-05-14 14:00:00+00:00,0.0,0.0,32.34,31.33,2.64,UKP_0004,0,2016
2016-05-14 15:00:00+00:00,0.0,0.0,31.47,32.27,2.68,UKP_0004,0,2016
2016-05-14 16:00:00+00:00,0.0,0.0,30.47,33.75,2.83,UKP_0004,0,2016
2016-05-14 17:00:00+00:00,0.0,0.0,29.55,35.47,2.94,UKP_0004,0,2016
2016-05-14 18:00:00+00:00,0.0,0.0,28.74,37.05,3.03,UKP_0004,0,2016
2016-05-14 19:00:00+00:00,0.0,0.0,28.03,38.76,3.07,UKP_0004,0,2016
2016-05-14 20:00:00+00:00,0.0,0.0,27.39,40.85,3.05,UKP_0004,0,2016
2016-05-14 21:00:00+00:00,0.0,0.0,26.86,42.91,2.88,UKP_0004,0,2016
2016-05-14 22:00:00+00:00,0.0,0.0,26.5,44.38,2.6,UKP_0004,0,2016
2016-05-14 23:00:00+00:00,0.0,0.0,26.31,44.77,2.3,UKP_0004,0,2016
2016-05-15 00:00:00+00:00,61.78,68.1,27.13,45.47,1.87,UKP_0004,0,2016
2016-05-15 01:00:00+00:00,244.85,262.02,30.57,33.79,1.75,UKP_0004,0,2016
2016-05-15 02:00:00+00:00,478.15,487.45,33.7,25.9,1.1,UKP_0004,0,2016
2016-05-15 03:00:00+00:00,691.7,696.08,36.97,21.12,2.16,UKP_0004,0,2016
2016-05-15 04:00:00+00:00,862.72,863.33,39.59,18.14,3.19,UKP_0004,0,2016
2016-05-15 05:00:00+00:00,972.45,973.9,41.07,16.94,3.6,UKP_0004,0,2016
2016-05-15 06:00:00+00:00,990.15,994.72,42.16,16.08,4.11,UKP_0004,0,2016
2016-05-15 07:00:00+00:00,934.78,975.33,42.81,15.56,4.75,UKP_0004,0,2016
2016-05-15 08:00:00+00:00,816.7,887.97,43.05,15.22,5.37,UKP_0004,0,2016
2016-05-15 09:00:00+00:00,664.3,742.28,42.91,14.85,5.72,UKP_0004,0,2016
2016-05-15 10:00:00+00:00,455.3,550.35,42.48,14.3,6.0,UKP_0004,0,2016
2016-05-15 11:00:00+00:00,259.27,331.2,41.53,13.9,6.16,UKP_0004,0,2016
2016-05-15 12:00:00+00:00,96.7,120.25,38.91,17.15,4.4,UKP_0004,0,2016
2016-05-15 13:00:00+00:00,4.97,5.57,34.57,23.7,3.74,UKP_0004,0,2016
2016-05-15 14:00:00+00:00,0.0,0.0,33.02,24.39,4.02,UKP_0004,0,2016
2016-05-15 15:00:00+00:00,0.0,0.0,31.93,25.43,4.04,UKP_0004,0,2016
2016-05-15 16:00:00+00:00,0.0,0.0,30.88,27.42,3.94,UKP_0004,0,2016
2016-05-15 17:00:00+00:00,0.0,0.0,29.97,29.42,3.79,UKP_0004,0,2016
2016-05-15 18:00:00+00:00,0.0,0.0,29.13,31.18,3.7,UKP_0004,0,2016
2016-05-15 19:00:00+00:00,0.0,0.0,28.32,32.82,3.68,UKP_0004,0,2016
2016-05-15 20:00:00+00:00,0.0,0.0,27.5,35.09,3.65,UKP_0004,0,2016
2016-05-15 21:00:00+00:00,0.0,0.0,26.8,36.59,3.61,UKP_0004,0,2016
2016-05-15 22:00:00+00:00,0.0,0.0,26.19,37.35,3.55,UKP_0004,0,2016
2016-05-15 23:00:00+00:00,0.0,0.0,25.67,37.54,3.5,UKP_0004,0,2016
2016-05-16 00:00:00+00:00,69.03,72.65,26.53,36.45,3.2,UKP_0004,0,2016
2016-05-16 01:00:00+00:00,268.02,273.3,30.94,26.05,3.89,UKP_0004,0,2016
2016-05-16 02:00:00+00:00,501.6,502.52,34.53,19.19,4.05,UKP_0004,0,2016
2016-05-16 03:00:00+00:00,710.83,711.72,38.68,13.31,5.45,UKP_0004,0,2016
2016-05-16 04:00:00+00:00,877.1,878.72,40.84,10.96,5.82,UKP_0004,0,2016
2016-05-16 05:00:00+00:00,987.17,987.97,42.06,9.94,5.8,UKP_0004,0,2016
2016-05-16 06:00:00+00:00,1048.55,1051.2,42.98,9.2,5.98,UKP_0004,0,2016
2016-05-16 07:00:00+00:00,1020.55,1026.8,43.5,8.65,6.21,UKP_0004,0,2016
2016-05-16 08:00:00+00:00,935.92,936.75,43.62,8.36,6.34,UKP_0004,0,2016
2016-05-16 09:00:00+00:00,786.83,787.15,43.37,8.32,6.34,UKP_0004,0,2016
2016-05-16 10:00:00+00:00,590.3,590.4,42.74,8.59,6.33,UKP_0004,0,2016
2016-05-16 11:00:00+00:00,355.88,364.25,41.57,9.4,6.13,UKP_0004,0,2016
2016-05-16 12:00:00+00:00,133.27,138.62,38.6,14.22,3.93,UKP_0004,0,2016
2016-05-16 13:00:00+00:00,6.32,6.53,33.72,23.18,3.41,UKP_0004,0,2016
2016-05-16 14:00:00+00:00,0.0,0.0,32.17,25.56,3.51,UKP_0004,0,2016
2016-05-16 15:00:00+00:00,0.0,0.0,31.28,26.96,3.51,UKP_0004,0,2016
2016-05-16 16:00:00+00:00,0.0,0.0,30.5,28.24,3.48,UKP_0004,0,2016
2016-05-16 17:00:00+00:00,0.0,0.0,29.76,29.61,3.42,UKP_0004,0,2016
2016-05-16 18:00:00+00:00,0.0,0.0,29.08,30.86,3.34,UKP_0004,0,2016
2016-05-16 19:00:00+00:00,0.0,0.0,28.43,32.08,3.25,UKP_0004,0,2016
2016-05-16 20:00:00+00:00,0.0,0.0,27.79,33.33,3.2,UKP_0004,0,2016
2016-05-16 21:00:00+00:00,0.0,0.0,27.21,34.43,3.14,UKP_0004,0,2016
2016-05-16 22:00:00+00:00,0.0,0.0,26.71,35.42,3.09,UKP_0004,0,2016
2016-05-16 23:00:00+00:00,0.0,0.0,26.33,36.14,3.06,UKP_0004,0,2016
2016-05-17 00:00:00+00:00,76.3,77.88,27.32,35.79,2.74,UKP_0004,0,2016
2016-05-17 01:00:00+00:00,278.67,284.4,31.6,25.9,3.26,UKP_0004,0,2016
2016-05-17 02:00:00+00:00,509.02,512.85,35.15,19.62,3.35,UKP_0004,0,2016
2016-05-17 03:00:00+00:00,710.88,720.35,38.74,15.69,4.7,UKP_0004,0,2016
2016-05-17 04:00:00+00:00,883.05,885.22,41.2,13.51,5.64,UKP_0004,0,2016
2016-05-17 05:00:00+00:00,986.83,993.0,42.59,12.33,6.04,UKP_0004,0,2016
2016-05-17 06:00:00+00:00,1015.95,1022.92,43.54,11.28,6.39,UKP_0004,0,2016
2016-05-17 07:00:00+00:00,986.5,1002.1,43.97,10.48,6.6,UKP_0004,0,2016
2016-05-17 08:00:00+00:00,880.58,915.0,44.0,9.9,6.68,UKP_0004,0,2016
2016-05-17 09:00:00+00:00,740.8,768.33,43.63,9.58,6.67,UKP_0004,0,2016
2016-05-17 10:00:00+00:00,548.6,575.4,42.93,9.52,6.51,UKP_0004,0,2016
2016-05-17 11:00:00+00:00,327.7,354.55,41.79,9.84,6.18,UKP_0004,0,2016
2016-05-17 12:00:00+00:00,125.3,135.1,38.99,13.55,3.94,UKP_0004,0,2016
2016-05-17 13:00:00+00:00,6.07,6.47,34.14,21.24,3.36,UKP_0004,0,2016
2016-05-17 14:00:00+00:00,0.0,0.0,32.4,22.96,3.46,UKP_0004,0,2016
2016-05-17 15:00:00+00:00,0.0,0.0,31.29,23.96,3.41,UKP_0004,0,2016
2016-05-17 16:00:00+00:00,0.0,0.0,30.3,24.9,3.33,UKP_0004,0,2016
2016-05-17 17:00:00+00:00,0.0,0.0,29.44,25.79,3.22,UKP_0004,0,2016
2016-05-17 18:00:00+00:00,0.0,0.0,28.71,26.67,3.1,UKP_0004,0,2016
2016-05-17 19:00:00+00:00,0.0,0.0,28.07,27.68,2.99,UKP_0004,0,2016
2016-05-17 20:00:00+00:00,0.0,0.0,27.55,28.86,2.86,UKP_0004,0,2016
2016-05-17 21:00:00+00:00,0.0,0.0,27.06,29.92,2.76,UKP_0004,0,2016
2016-05-17 22:00:00+00:00,0.0,0.0,26.74,30.54,2.69,UKP_0004,0,2016
2016-05-17 23:00:00+00:00,0.0,0.0,26.65,30.62,2.62,UKP_0004,0,2016
2016-05-18 00:00:00+00:00,80.47,88.8,27.74,31.5,2.4,UKP_0004,0,2016
2016-05-18 01:00:00+00:00,285.7,304.05,32.41,23.77,2.16,UKP_0004,0,2016
2016-05-18 02:00:00+00:00,531.2,532.78,36.55,14.63,0.98,UKP_0004,0,2016
2016-05-18 03:00:00+00:00,738.17,738.6,40.2,10.72,1.78,UKP_0004,0,2016
2016-05-18 04:00:00+00:00,901.88,902.22,41.78,9.75,2.87,UKP_0004,0,2016
2016-05-18 05:00:00+00:00,1009.42,1009.65,42.89,9.28,3.31,UKP_0004,0,2016
2016-05-18 06:00:00+00:00,1031.05,1031.3,43.67,9.01,3.61,UKP_0004,0,2016
2016-05-18 07:00:00+00:00,1004.75,1006.17,44.13,8.87,3.77,UKP_0004,0,2016
2016-05-18 08:00:00+00:00,910.62,916.85,44.22,8.87,3.81,UKP_0004,0,2016
2016-05-18 09:00:00+00:00,762.9,768.4,43.99,8.94,3.71,UKP_0004,0,2016
2016-05-18 10:00:00+00:00,568.25,573.78,43.44,9.09,3.65,UKP_0004,0,2016
2016-05-18 11:00:00+00:00,334.65,351.52,42.45,9.53,3.57,UKP_0004,0,2016
2016-05-18 12:00:00+00:00,126.78,133.12,39.6,16.31,2.2,UKP_0004,0,2016
2016-05-18 13:00:00+00:00,6.1,6.68,35.53,22.41,2.47,UKP_0004,0,2016
2016-05-18 14:00:00+00:00,0.0,0.0,34.28,22.48,2.53,UKP_0004,0,2016
2016-05-18 15:00:00+00:00,0.0,0.0,33.64,22.43,2.37,UKP_0004,0,2016
2016-05-18 16:00:00+00:00,0.0,0.0,33.16,22.33,2.07,UKP_0004,0,2016
2016-05-18 17:00:00+00:00,0.0,0.0,32.46,22.86,1.8,UKP_0004,0,2016
2016-05-18 18:00:00+00:00,0.0,0.0,31.19,24.53,1.94,UKP_0004,0,2016
2016-05-18 19:00:00+00:00,0.0,0.0,29.54,27.0,2.4,UKP_0004,0,2016
2016-05-18 20:00:00+00:00,0.0,0.0,28.33,28.28,2.82,UKP_0004,0,2016
2016-05-18 21:00:00+00:00,0.0,0.0,27.52,28.83,3.16,UKP_0004,0,2016
2016-05-18 22:00:00+00:00,0.0,0.0,27.03,29.08,3.43,UKP_0004,0,2016
2016-05-18 23:00:00+00:00,0.0,0.0,26.68,29.57,3.71,UKP_0004,0,2016
2016-05-19 00:00:00+00:00,78.93,83.35,27.92,28.09,4.45,UKP_0004,0,2016
2016-05-19 01:00:00+00:00,274.67,290.12,31.43,23.67,6.11,UKP_0004,0,2016
2016-05-19 02:00:00+00:00,512.95,515.8,34.16,24.33,7.37,UKP_0004,0,2016
2016-05-19 03:00:00+00:00,719.28,719.55,36.53,23.32,7.58,UKP_0004,0,2016
2016-05-19 04:00:00+00:00,854.58,881.65,38.59,21.21,7.02,UKP_0004,0,2016
2016-05-19 05:00:00+00:00,958.33,978.67,40.2,19.59,6.16,UKP_0004,0,2016
2016-05-19 06:00:00+00:00,954.6,984.15,41.36,18.51,5.16,UKP_0004,0,2016
2016-05-19 07:00:00+00:00,915.08,963.92,42.15,17.92,4.18,UKP_0004,0,2016
2016-05-19 08:00:00+00:00,833.5,876.55,42.51,17.75,3.39,UKP_0004,0,2016
2016-05-19 09:00:00+00:00,711.92,728.95,42.51,17.66,2.96,UKP_0004,0,2016
2016-05-19 10:00:00+00:00,508.05,537.42,42.11,17.59,2.63,UKP_0004,0,2016
2016-05-19 11:00:00+00:00,292.73,322.15,41.24,17.87,2.26,UKP_0004,0,2016
2016-05-19 12:00:00+00:00,111.2,118.65,39.55,22.1,1.42,UKP_0004,0,2016
2016-05-19 13:00:00+00:00,6.22,6.62,37.68,24.77,0.88,UKP_0004,0,2016
2016-05-19 14:00:00+00:00,0.0,0.0,36.89,24.58,0.78,UKP_0004,0,2016
2016-05-19 15:00:00+00:00,0.0,0.0,35.78,26.11,1.02,UKP_0004,0,2016
2016-05-19 16:00:00+00:00,0.0,0.0,34.79,27.37,1.36,UKP_0004,0,2016
2016-05-19 17:00:00+00:00,0.0,0.0,33.47,29.55,1.74,UKP_0004,0,2016
2016-05-19 18:00:00+00:00,0.0,0.0,32.25,31.96,2.01,UKP_0004,0,2016
2016-05-19 19:00:00+00:00,0.0,0.0,31.27,34.09,2.13,UKP_0004,0,2016
2016-05-19 20:00:00+00:00,0.0,0.0,30.38,36.5,2.11,UKP_0004,0,2016
2016-05-19 21:00:00+00:00,0.0,0.0,29.16,40.05,2.44,UKP_0004,0,2016
2016-05-19 22:00:00+00:00,0.0,0.0,28.26,43.68,2.82,UKP_0004,0,2016
2016-05-19 23:00:00+00:00,0.0,0.0,27.82,47.0,3.36,UKP_0004,0,2016
2016-05-20 00:00:00+00:00,56.55,69.3,28.65,47.45,4.79,UKP_0004,0,2016
2016-05-20 01:00:00+00:00,196.4,254.02,31.1,43.14,6.15,UKP_0004,0,2016
2016-05-20 02:00:00+00:00,417.0,469.92,33.69,39.2,7.19,UKP_0004,0,2016
2016-05-20 03:00:00+00:00,599.1,671.53,35.4,36.59,6.79,UKP_0004,0,2016
2016-05-20 04:00:00+00:00,806.1,834.53,36.75,34.4,5.47,UKP_0004,0,2016
2016-05-20 05:00:00+00:00,862.28,943.15,38.27,30.99,4.31,UKP_0004,0,2016
2016-05-20 06:00:00+00:00,843.8,928.1,39.61,27.77,3.63,UKP_0004,0,2016
2016-05-20 07:00:00+00:00,809.33,909.58,40.62,25.1,3.3,UKP_0004,0,2016
2016-05-20 08:00:00+00:00,679.6,824.9,41.3,22.91,3.03,UKP_0004,0,2016
2016-05-20 09:00:00+00:00,491.62,683.42,41.57,21.25,2.79,UKP_0004,0,2016
2016-05-20 10:00:00+00:00,343.45,499.95,41.34,20.12,2.5,UKP_0004,0,2016
2016-05-20 11:00:00+00:00,204.0,295.8,40.61,19.67,2.23,UKP_0004,0,2016
2016-05-20 12:00:00+00:00,71.25,107.22,39.05,24.13,1.35,UKP_0004,0,2016
2016-05-20 13:00:00+00:00,3.97,6.3,37.16,27.93,0.85,UKP_0004,0,2016
2016-05-20 14:00:00+00:00,0.0,0.0,35.88,28.38,1.08,UKP_0004,0,2016
2016-05-20 15:00:00+00:00,0.0,0.0,34.57,30.12,1.47,UKP_0004,0,2016
2016-05-20 16:00:00+00:00,0.0,0.0,33.22,32.46,1.73,UKP_0004,0,2016
2016-05-20 17:00:00+00:00,0.0,0.0,31.99,34.83,1.89,UKP_0004,0,2016
2016-05-20 18:00:00+00:00,0.0,0.0,30.81,37.14,2.0,UKP_0004,0,2016
2016-05-20 19:00:00+00:00,0.0,0.0,29.43,43.24,2.2,UKP_0004,0,2016
2016-05-20 20:00:00+00:00,0.0,0.0,27.88,55.13,2.61,UKP_0004,0,2016
2016-05-20 21:00:00+00:00,0.0,0.0,26.45,67.88,3.27,UKP_0004,0,2016
2016-05-20 22:00:00+00:00,0.0,0.0,25.62,75.93,3.93,UKP_0004,0,2016
2016-05-20 23:00:00+00:00,0.0,0.0,25.43,78.97,4.49,UKP_0004,0,2016
2016-05-21 00:00:00+00:00,54.95,72.05,26.03,77.33,4.87,UKP_0004,0,2016
2016-05-21 01:00:00+00:00,179.43,260.25,28.14,67.44,4.88,UKP_0004,0,2016
2016-05-21 02:00:00+00:00,341.4,476.67,30.7,56.43,4.27,UKP_0004,0,2016
2016-05-21 03:00:00+00:00,501.3,676.2,33.13,47.18,3.63,UKP_0004,0,2016
2016-05-21 04:00:00+00:00,780.67,836.75,35.23,39.79,2.88,UKP_0004,0,2016
2016-05-21 05:00:00+00:00,735.4,943.38,36.94,34.08,2.38,UKP_0004,0,2016
2016-05-21 06:00:00+00:00,848.65,923.58,38.2,29.7,2.29,UKP_0004,0,2016
2016-05-21 07:00:00+00:00,798.62,903.65,39.18,25.99,2.35,UKP_0004,0,2016
2016-05-21 08:00:00+00:00,708.65,816.38,39.74,23.27,2.24,UKP_0004,0,2016
2016-05-21 09:00:00+00:00,621.5,672.1,39.92,21.31,1.88,UKP_0004,0,2016
2016-05-21 10:00:00+00:00,393.6,486.12,39.74,20.16,1.5,UKP_0004,0,2016
2016-05-21 11:00:00+00:00,224.43,281.8,39.03,20.22,1.27,UKP_0004,0,2016
2016-05-21 12:00:00+00:00,81.72,100.53,36.74,28.26,1.73,UKP_0004,0,2016
2016-05-21 13:00:00+00:00,5.2,6.15,32.68,42.81,2.69,UKP_0004,0,2016
2016-05-21 14:00:00+00:00,0.0,0.0,31.21,44.08,3.22,UKP_0004,0,2016
2016-05-21 15:00:00+00:00,0.0,0.0,30.42,44.79,3.44,UKP_0004,0,2016
2016-05-21 16:00:00+00:00,0.0,0.0,29.75,46.14,3.61,UKP_0004,0,2016
2016-05-21 17:00:00+00:00,0.0,0.0,29.11,48.67,3.64,UKP_0004,0,2016
2016-05-21 18:00:00+00:00,0.0,0.0,28.51,51.89,3.55,UKP_0004,0,2016
2016-05-21 19:00:00+00:00,0.0,0.0,27.91,55.51,3.42,UKP_0004,0,2016
2016-05-21 20:00:00+00:00,0.0,0.0,27.4,58.97,3.37,UKP_0004,0,2016
2016-05-21 21:00:00+00:00,0.0,0.0,27.03,61.39,3.42,UKP_0004,0,2016
2016-05-21 22:00:00+00:00,0.0,0.0,26.69,63.38,3.56,UKP_0004,0,2016
2016-05-21 23:00:00+00:00,0.0,0.0,26.46,64.46,3.95,UKP_0004,0,2016
2016-05-22 00:00:00+00:00,56.08,64.05,27.06,62.91,4.88,UKP_0004,0,2016
2016-05-22 01:00:00+00:00,187.57,235.93,29.36,54.4,5.76,UKP_0004,0,2016
2016-05-22 02:00:00+00:00,347.83,449.02,32.31,43.66,5.97,UKP_0004,0,2016
2016-05-22 03:00:00+00:00,565.22,652.08,34.92,35.08,5.43,UKP_0004,0,2016
2016-05-22 04:00:00+00:00,695.85,817.85,37.1,28.94,4.2,UKP_0004,0,2016
2016-05-22 05:00:00+00:00,838.08,930.05,38.8,25.19,3.49,UKP_0004,0,2016
2016-05-22 06:00:00+00:00,933.88,952.78,40.17,22.71,3.31,UKP_0004,0,2016
2016-05-22 07:00:00+00:00,909.62,935.75,41.16,20.97,3.27,UKP_0004,0,2016
2016-05-22 08:00:00+00:00,836.92,852.38,41.74,19.79,3.32,UKP_0004,0,2016
2016-05-22 09:00:00+00:00,696.58,710.35,41.9,19.08,3.42,UKP_0004,0,2016
2016-05-22 10:00:00+00:00,508.27,523.47,41.68,18.59,3.48,UKP_0004,0,2016
2016-05-22 11:00:00+00:00,301.17,313.35,41.02,18.59,3.28,UKP_0004,0,2016
2016-05-22 12:00:00+00:00,111.65,116.2,39.11,25.79,1.79,UKP_0004,0,2016
2016-05-22 13:00:00+00:00,6.88,7.1,36.84,29.61,1.34,UKP_0004,0,2016
2016-05-22 14:00:00+00:00,0.0,0.0,34.74,32.75,1.96,UKP_0004,0,2016
2016-05-22 15:00:00+00:00,0.0,0.0,32.93,36.05,2.5,UKP_0004,0,2016
2016-05-22 16:00:00+00:00,0.0,0.0,31.75,37.52,2.73,UKP_0004,0,2016
2016-05-22 17:00:00+00:00,0.0,0.0,30.78,39.08,2.84,UKP_0004,0,2016
2016-05-22 18:00:00+00:00,0.0,0.0,29.89,40.74,2.96,UKP_0004,0,2016
2016-05-22 19:00:00+00:00,0.0,0.0,28.86,45.93,3.14,UKP_0004,0,2016
2016-05-22 20:00:00+00:00,0.0,0.0,27.26,59.09,3.33,UKP_0004,0,2016
2016-05-22 21:00:00+00:00,0.0,0.0,26.02,68.09,3.64,UKP_0004,0,2016
2016-05-22 22:00:00+00:00,0.0,0.0,25.27,70.7,4.05,UKP_0004,0,2016
2016-05-22 23:00:00+00:00,0.0,0.0,24.99,69.73,4.38,UKP_0004,0,2016
2016-05-23 00:00:00+00:00,43.6,66.25,25.69,66.2,4.91,UKP_0004,0,2016
2016-05-23 01:00:00+00:00,153.05,239.07,28.18,54.88,6.12,UKP_0004,0,2016
2016-05-23 02:00:00+00:00,294.3,441.7,31.1,43.95,6.68,UKP_0004,0,2016
2016-05-23 03:00:00+00:00,416.05,640.5,34.25,33.79,6.88,UKP_0004,0,2016
2016-05-23 04:00:00+00:00,563.72,796.3,36.74,27.69,6.74,UKP_0004,0,2016
2016-05-23 05:00:00+00:00,724.47,902.12,38.32,24.67,6.38,UKP_0004,0,2016
2016-05-23 06:00:00+00:00,839.05,965.83,39.37,23.06,5.8,UKP_0004,0,2016
2016-05-23 07:00:00+00:00,903.8,941.67,39.97,22.23,5.18,UKP_0004,0,2016
2016-05-23 08:00:00+00:00,823.58,850.4,40.14,22.01,4.67,UKP_0004,0,2016
2016-05-23 09:00:00+00:00,657.95,699.95,40.02,21.91,4.11,UKP_0004,0,2016
2016-05-23 10:00:00+00:00,277.27,508.58,39.56,22.04,3.64,UKP_0004,0,2016
2016-05-23 11:00:00+00:00,155.55,294.35,38.63,22.9,3.14,UKP_0004,0,2016
2016-05-23 12:00:00+00:00,60.28,103.35,36.91,28.82,1.86,UKP_0004,0,2016
2016-05-23 13:00:00+00:00,3.67,6.85,35.07,36.35,1.03,UKP_0004,0,2016
2016-05-23 14:00:00+00:00,0.0,0.0,34.92,31.57,0.3,UKP_0004,0,2016
2016-05-23 15:00:00+00:00,0.0,0.0,34.14,33.94,0.52,UKP_0004,0,2016
2016-05-23 16:00:00+00:00,0.0,0.0,33.09,35.98,0.97,UKP_0004,0,2016
2016-05-23 17:00:00+00:00,0.0,0.0,32.04,37.9,1.36,UKP_0004,0,2016
2016-05-23 18:00:00+00:00,0.0,0.0,31.34,40.4,1.51,UKP_0004,0,2016
2016-05-23 19:00:00+00:00,0.0,0.0,31.36,40.62,1.24,UKP_0004,0,2016
2016-05-23 20:00:00+00:00,0.0,0.0,30.98,44.06,0.96,UKP_0004,0,2016
2016-05-23 21:00:00+00:00,0.0,0.0,29.27,53.57,1.97,UKP_0004,0,2016
2016-05-23 22:00:00+00:00,0.0,0.0,27.64,57.35,2.75,UKP_0004,0,2016
2016-05-23 23:00:00+00:00,0.0,0.0,26.75,58.59,2.61,UKP_0004,0,2016
2016-05-24 00:00:00+00:00,49.47,53.62,27.34,58.3,2.25,UKP_0004,0,2016
2016-05-24 01:00:00+00:00,160.98,195.57,28.61,50.79,3.02,UKP_0004,0,2016
2016-05-24 02:00:00+00:00,303.83,391.27,30.33,43.76,3.57,UKP_0004,0,2016
2016-05-24 03:00:00+00:00,311.08,588.42,32.23,38.36,3.32,UKP_0004,0,2016
2016-05-24 04:00:00+00:00,373.05,756.5,33.94,34.92,2.81,UKP_0004,0,2016
2016-05-24 05:00:00+00:00,397.62,872.12,35.33,32.71,2.85,UKP_0004,0,2016
2016-05-24 06:00:00+00:00,888.8,974.53,36.44,31.34,3.16,UKP_0004,0,2016
2016-05-24 07:00:00+00:00,927.7,949.35,37.22,30.49,3.64,UKP_0004,0,2016
2016-05-24 08:00:00+00:00,855.58,858.6,37.59,30.3,4.09,UKP_0004,0,2016
2016-05-24 09:00:00+00:00,697.03,703.28,37.62,30.43,4.51,UKP_0004,0,2016
2016-05-24 10:00:00+00:00,496.05,503.77,37.2,31.06,4.73,UKP_0004,0,2016
2016-05-24 11:00:00+00:00,291.35,293.02,36.31,32.65,4.67,UKP_0004,0,2016
2016-05-24 12:00:00+00:00,100.82,101.47,34.92,36.33,3.73,UKP_0004,0,2016
2016-05-24 13:00:00+00:00,6.95,7.07,32.32,48.13,2.23,UKP_0004,0,2016
2016-05-24 14:00:00+00:00,0.0,0.0,31.33,51.84,2.24,UKP_0004,0,2016
2016-05-24 15:00:00+00:00,0.0,0.0,30.84,52.82,2.46,UKP_0004,0,2016
2016-05-24 16:00:00+00:00,0.0,0.0,30.34,53.74,2.74,UKP_0004,0,2016
2016-05-24 17:00:00+00:00,0.0,0.0,29.84,54.68,2.94,UKP_0004,0,2016
2016-05-24 18:00:00+00:00,0.0,0.0,29.34,55.21,3.08,UKP_0004,0,2016
2016-05-24 19:00:00+00:00,0.0,0.0,28.81,55.6,3.15,UKP_0004,0,2016
2016-05-24 20:00:00+00:00,0.0,0.0,28.26,55.86,3.2,UKP_0004,0,2016
2016-05-24 21:00:00+00:00,0.0,0.0,27.67,56.41,3.15,UKP_0004,0,2016
2016-05-24 22:00:00+00:00,0.0,0.0,26.99,57.46,3.05,UKP_0004,0,2016
2016-05-24 23:00:00+00:00,0.0,0.0,26.33,58.52,2.95,UKP_0004,0,2016
2016-05-25 00:00:00+00:00,66.32,69.85,27.14,55.99,2.8,UKP_0004,0,2016
2016-05-25 01:00:00+00:00,248.52,255.6,29.87,45.6,3.72,UKP_0004,0,2016
2016-05-25 02:00:00+00:00,461.48,474.02,32.95,34.04,3.93,UKP_0004,0,2016
2016-05-25 03:00:00+00:00,677.67,681.42,35.17,26.78,4.7,UKP_0004,0,2016
2016-05-25 04:00:00+00:00,779.3,847.78,36.75,22.5,5.42,UKP_0004,0,2016
2016-05-25 05:00:00+00:00,916.17,955.58,38.0,19.59,6.4,UKP_0004,0,2016
2016-05-25 06:00:00+00:00,900.4,978.53,38.82,17.91,7.38,UKP_0004,0,2016
2016-05-25 07:00:00+00:00,914.35,952.95,39.32,17.16,8.18,UKP_0004,0,2016
2016-05-25 08:00:00+00:00,826.1,863.65,39.5,17.06,8.78,UKP_0004,0,2016
2016-05-25 09:00:00+00:00,675.2,717.55,39.26,17.4,8.9,UKP_0004,0,2016
2016-05-25 10:00:00+00:00,452.3,528.47,38.58,18.17,8.72,UKP_0004,0,2016
2016-05-25 11:00:00+00:00,261.3,316.98,37.52,19.37,8.2,UKP_0004,0,2016
2016-05-25 12:00:00+00:00,99.68,120.5,35.84,22.03,6.35,UKP_0004,0,2016
2016-05-25 13:00:00+00:00,7.15,8.25,32.52,29.81,3.91,UKP_0004,0,2016
2016-05-25 14:00:00+00:00,0.0,0.0,30.88,34.3,3.44,UKP_0004,0,2016
2016-05-25 15:00:00+00:00,0.0,0.0,30.0,36.71,3.3,UKP_0004,0,2016
2016-05-25 16:00:00+00:00,0.0,0.0,29.2,38.88,3.2,UKP_0004,0,2016
2016-05-25 17:00:00+00:00,0.0,0.0,28.46,40.95,3.12,UKP_0004,0,2016
2016-05-25 18:00:00+00:00,0.0,0.0,27.79,42.91,3.03,UKP_0004,0,2016
2016-05-25 19:00:00+00:00,0.0,0.0,27.15,45.19,2.88,UKP_0004,0,2016
2016-05-25 20:00:00+00:00,0.0,0.0,26.59,47.8,2.66,UKP_0004,0,2016
2016-05-25 21:00:00+00:00,0.0,0.0,26.22,49.09,2.37,UKP_0004,0,2016
2016-05-25 22:00:00+00:00,0.0,0.0,26.18,48.73,1.96,UKP_0004,0,2016
2016-05-25 23:00:00+00:00,0.0,0.0,26.39,47.04,1.48,UKP_0004,0,2016
2016-05-26 00:00:00+00:00,78.32,84.97,27.16,46.65,0.94,UKP_0004,0,2016
2016-05-26 01:00:00+00:00,270.25,287.27,29.51,38.25,0.57,UKP_0004,0,2016
2016-05-26 02:00:00+00:00,508.38,516.03,32.6,28.92,1.48,UKP_0004,0,2016
2016-05-26 03:00:00+00:00,718.15,724.03,35.87,21.66,2.5,UKP_0004,0,2016
2016-05-26 04:00:00+00:00,864.88,889.67,37.56,19.44,2.89,UKP_0004,0,2016
2016-05-26 05:00:00+00:00,964.15,999.35,38.8,18.2,3.39,UKP_0004,0,2016
2016-05-26 06:00:00+00:00,966.22,1012.58,39.79,17.33,3.94,UKP_0004,0,2016
2016-05-26 07:00:00+00:00,926.45,992.83,40.4,16.86,4.49,UKP_0004,0,2016
2016-05-26 08:00:00+00:00,775.0,905.78,40.61,16.86,4.94,UKP_0004,0,2016
2016-05-26 09:00:00+00:00,690.05,761.12,40.46,17.15,5.4,UKP_0004,0,2016
2016-05-26 10:00:00+00:00,527.53,570.5,39.86,17.82,5.84,UKP_0004,0,2016
2016-05-26 11:00:00+00:00,321.05,353.3,38.87,18.87,6.0,UKP_0004,0,2016
2016-05-26 12:00:00+00:00,128.7,139.8,37.2,21.23,4.84,UKP_0004,0,2016
2016-05-26 13:00:00+00:00,9.02,9.45,33.31,31.19,3.01,UKP_0004,0,2016
2016-05-26 14:00:00+00:00,0.0,0.0,31.62,34.99,3.03,UKP_0004,0,2016
2016-05-26 15:00:00+00:00,0.0,0.0,30.71,36.73,3.0,UKP_0004,0,2016
2016-05-26 16:00:00+00:00,0.0,0.0,29.91,38.65,2.81,UKP_0004,0,2016
2016-05-26 17:00:00+00:00,0.0,0.0,29.28,39.86,2.67,UKP_0004,0,2016
2016-05-26 18:00:00+00:00,0.0,0.0,28.64,41.0,2.59,UKP_0004,0,2016
2016-05-26 19:00:00+00:00,0.0,0.0,28.04,42.53,2.42,UKP_0004,0,2016
2016-05-26 20:00:00+00:00,0.0,0.0,27.3,44.4,2.42,UKP_0004,0,2016
2016-05-26 21:00:00+00:00,0.0,0.0,26.65,45.7,2.55,UKP_0004,0,2016
2016-05-26 22:00:00+00:00,0.0,0.0,26.23,46.45,2.61,UKP_0004,0,2016
2016-05-26 23:00:00+00:00,0.0,0.0,25.95,46.88,2.64,UKP_0004,0,2016
2016-05-27 00:00:00+00:00,81.03,87.38,27.2,44.55,2.44,UKP_0004,0,2016
2016-05-27 01:00:00+00:00,262.27,288.17,30.69,33.17,3.32,UKP_0004,0,2016
2016-05-27 02:00:00+00:00,483.75,512.2,33.95,28.65,0.76,UKP_0004,0,2016
2016-05-27 03:00:00+00:00,712.95,714.83,36.88,25.73,2.56,UKP_0004,0,2016
2016-05-27 04:00:00+00:00,869.85,878.4,39.06,22.73,3.71,UKP_0004,0,2016
2016-05-27 05:00:00+00:00,959.05,985.08,40.76,20.35,4.68,UKP_0004,0,2016
2016-05-27 06:00:00+00:00,976.08,997.42,42.08,18.41,5.59,UKP_0004,0,2016
2016-05-27 07:00:00+00:00,913.75,980.45,42.96,16.82,6.38,UKP_0004,0,2016
2016-05-27 08:00:00+00:00,833.42,899.92,43.41,15.55,7.11,UKP_0004,0,2016
2016-05-27 09:00:00+00:00,662.4,760.4,43.41,14.76,7.73,UKP_0004,0,2016
2016-05-27 10:00:00+00:00,490.75,574.3,42.82,14.62,8.33,UKP_0004,0,2016
2016-05-27 11:00:00+00:00,276.17,359.7,41.67,15.21,8.65,UKP_0004,0,2016
2016-05-27 12:00:00+00:00,113.57,146.38,39.77,16.9,7.6,UKP_0004,0,2016
2016-05-27 13:00:00+00:00,8.77,10.27,36.15,21.79,5.25,UKP_0004,0,2016
2016-05-27 14:00:00+00:00,0.0,0.0,33.87,25.7,4.49,UKP_0004,0,2016
2016-05-27 15:00:00+00:00,0.0,0.0,32.66,27.76,4.37,UKP_0004,0,2016
2016-05-27 16:00:00+00:00,0.0,0.0,31.49,30.07,4.18,UKP_0004,0,2016
2016-05-27 17:00:00+00:00,0.0,0.0,30.29,33.19,3.87,UKP_0004,0,2016
2016-05-27 18:00:00+00:00,0.0,0.0,29.52,35.54,3.81,UKP_0004,0,2016
2016-05-27 19:00:00+00:00,0.0,0.0,28.58,39.84,3.35,UKP_0004,0,2016
2016-05-27 20:00:00+00:00,0.0,0.0,27.52,46.7,2.94,UKP_0004,0,2016
2016-05-27 21:00:00+00:00,0.0,0.0,26.93,52.38,2.45,UKP_0004,0,2016
2016-05-27 22:00:00+00:00,0.0,0.0,27.03,51.87,1.83,UKP_0004,0,2016
2016-05-27 23:00:00+00:00,0.0,0.0,27.34,48.44,1.41,UKP_0004,0,2016
2016-05-28 00:00:00+00:00,69.15,75.2,27.75,50.49,1.47,UKP_0004,0,2016
2016-05-28 01:00:00+00:00,243.93,257.65,30.54,37.11,2.14,UKP_0004,0,2016
2016-05-28 02:00:00+00:00,439.6,469.02,33.57,31.29,1.01,UKP_0004,0,2016
2016-05-28 03:00:00+00:00,650.15,671.88,36.41,26.65,1.39,UKP_0004,0,2016
2016-05-28 04:00:00+00:00,799.53,836.03,38.28,23.52,1.94,UKP_0004,0,2016
2016-05-28 05:00:00+00:00,858.83,944.38,39.67,21.15,2.37,UKP_0004,0,2016
2016-05-28 06:00:00+00:00,857.15,944.78,40.61,19.57,2.92,UKP_0004,0,2016
2016-05-28 07:00:00+00:00,793.53,920.83,41.26,18.54,3.56,UKP_0004,0,2016
2016-05-28 08:00:00+00:00,654.72,828.67,41.57,18.07,4.22,UKP_0004,0,2016
2016-05-28 09:00:00+00:00,445.4,685.42,41.49,18.05,4.81,UKP_0004,0,2016
2016-05-28 10:00:00+00:00,331.52,493.88,41.07,18.31,5.35,UKP_0004,0,2016
2016-05-28 11:00:00+00:00,184.12,285.55,40.14,19.15,5.55,UKP_0004,0,2016
2016-05-28 12:00:00+00:00,62.1,103.22,38.17,23.19,3.95,UKP_0004,0,2016
2016-05-28 13:00:00+00:00,5.47,8.12,34.72,32.05,2.79,UKP_0004,0,2016
2016-05-28 14:00:00+00:00,0.0,0.0,33.16,35.34,2.75,UKP_0004,0,2016
2016-05-28 15:00:00+00:00,0.0,0.0,32.29,38.13,2.48,UKP_0004,0,2016
2016-05-28 16:00:00+00:00,0.0,0.0,31.82,39.57,2.1,UKP_0004,0,2016
2016-05-28 17:00:00+00:00,0.0,0.0,31.87,38.66,1.6,UKP_0004,0,2016
2016-05-28 18:00:00+00:00,0.0,0.0,32.01,37.08,0.96,UKP_0004,0,2016
2016-05-28 19:00:00+00:00,0.0,0.0,31.89,37.36,0.25,UKP_0004,0,2016
2016-05-28 20:00:00+00:00,0.0,0.0,31.0,42.18,0.92,UKP_0004,0,2016
2016-05-28 21:00:00+00:00,0.0,0.0,29.73,47.88,1.54,UKP_0004,0,2016
2016-05-28 22:00:00+00:00,0.0,0.0,28.8,54.45,1.67,UKP_0004,0,2016
2016-05-28 23:00:00+00:00,0.0,0.0,28.08,64.16,1.62,UKP_0004,0,2016
2016-05-29 00:00:00+00:00,55.65,65.62,28.2,76.33,1.49,UKP_0004,0,2016
2016-05-29 01:00:00+00:00,191.98,233.2,29.71,59.28,2.31,UKP_0004,0,2016
2016-05-29 02:00:00+00:00,334.38,439.08,31.37,51.15,3.12,UKP_0004,0,2016
2016-05-29 03:00:00+00:00,558.78,643.6,32.77,44.03,4.29,UKP_0004,0,2016
2016-05-29 04:00:00+00:00,557.97,809.85,33.76,39.03,4.47,UKP_0004,0,2016
2016-05-29 05:00:00+00:00,708.15,920.6,34.88,35.15,4.16,UKP_0004,0,2016
2016-05-29 06:00:00+00:00,721.65,937.47,35.8,32.1,3.77,UKP_0004,0,2016
2016-05-29 07:00:00+00:00,642.38,920.25,36.55,29.33,3.53,UKP_0004,0,2016
2016-05-29 08:00:00+00:00,651.88,810.88,36.99,27.59,3.55,UKP_0004,0,2016
2016-05-29 09:00:00+00:00,426.62,666.22,37.08,26.56,3.64,UKP_0004,0,2016
2016-05-29 10:00:00+00:00,328.05,479.67,36.79,26.38,3.87,UKP_0004,0,2016
2016-05-29 11:00:00+00:00,167.45,278.4,35.99,27.4,3.88,UKP_0004,0,2016
2016-05-29 12:00:00+00:00,68.6,101.65,34.2,35.3,2.61,UKP_0004,0,2016
2016-05-29 13:00:00+00:00,6.68,8.27,31.21,50.45,2.11,UKP_0004,0,2016
2016-05-29 14:00:00+00:00,0.0,0.0,30.18,52.08,2.13,UKP_0004,0,2016
2016-05-29 15:00:00+00:00,0.0,0.0,29.5,52.3,2.2,UKP_0004,0,2016
2016-05-29 16:00:00+00:00,0.0,0.0,28.95,53.59,2.07,UKP_0004,0,2016
2016-05-29 17:00:00+00:00,0.0,0.0,28.74,53.48,1.72,UKP_0004,0,2016
2016-05-29 18:00:00+00:00,0.0,0.0,28.51,53.04,1.37,UKP_0004,0,2016
2016-05-29 19:00:00+00:00,0.0,0.0,28.07,53.6,1.2,UKP_0004,0,2016
2016-05-29 20:00:00+00:00,0.0,0.0,27.54,54.79,1.22,UKP_0004,0,2016
2016-05-29 21:00:00+00:00,0.0,0.0,27.28,54.96,1.09,UKP_0004,0,2016
2016-05-29 22:00:00+00:00,0.0,0.0,27.37,55.11,0.75,UKP_0004,0,2016
2016-05-29 23:00:00+00:00,0.0,0.0,27.21,58.02,0.24,UKP_0004,0,2016
2016-05-30 00:00:00+00:00,48.55,62.33,27.41,58.47,0.48,UKP_0004,0,2016
2016-05-30 01:00:00+00:00,155.73,219.1,29.22,47.67,2.5,UKP_0004,0,2016
2016-05-30 02:00:00+00:00,264.48,422.7,30.96,40.27,3.91,UKP_0004,0,2016
2016-05-30 03:00:00+00:00,288.5,622.9,32.28,37.71,3.76,UKP_0004,0,2016
2016-05-30 04:00:00+00:00,490.1,788.03,33.58,35.57,3.49,UKP_0004,0,2016
2016-05-30 05:00:00+00:00,304.62,896.55,34.73,33.68,3.49,UKP_0004,0,2016
2016-05-30 06:00:00+00:00,386.2,981.65,35.67,32.2,3.43,UKP_0004,0,2016
2016-05-30 07:00:00+00:00,459.27,965.97,36.33,31.03,3.24,UKP_0004,0,2016
2016-05-30 08:00:00+00:00,642.9,880.58,36.77,29.84,3.16,UKP_0004,0,2016
2016-05-30 09:00:00+00:00,623.25,737.38,36.85,29.03,3.15,UKP_0004,0,2016
2016-05-30 10:00:00+00:00,454.67,549.67,36.41,29.14,3.05,UKP_0004,0,2016
2016-05-30 11:00:00+00:00,272.67,337.25,35.58,29.94,2.78,UKP_0004,0,2016
2016-05-30 12:00:00+00:00,114.95,133.55,34.24,32.64,2.28,UKP_0004,0,2016
2016-05-30 13:00:00+00:00,9.62,10.23,31.85,45.01,1.32,UKP_0004,0,2016
2016-05-30 14:00:00+00:00,0.0,0.0,30.71,47.67,1.28,UKP_0004,0,2016
2016-05-30 15:00:00+00:00,0.0,0.0,29.75,49.48,1.5,UKP_0004,0,2016
2016-05-30 16:00:00+00:00,0.0,0.0,28.66,52.16,1.82,UKP_0004,0,2016
2016-05-30 17:00:00+00:00,0.0,0.0,27.85,54.07,1.98,UKP_0004,0,2016
2016-05-30 18:00:00+00:00,0.0,0.0,27.17,55.84,2.0,UKP_0004,0,2016
2016-05-30 19:00:00+00:00,0.0,0.0,26.6,57.43,1.98,UKP_0004,0,2016
2016-05-30 20:00:00+00:00,0.0,0.0,26.13,58.68,2.01,UKP_0004,0,2016
2016-05-30 21:00:00+00:00,0.0,0.0,25.67,60.07,2.01,UKP_0004,0,2016
2016-05-30 22:00:00+00:00,0.0,0.0,25.21,61.36,2.06,UKP_0004,0,2016
2016-05-30 23:00:00+00:00,0.0,0.0,24.85,62.32,2.02,UKP_0004,0,2016
2016-05-31 00:00:00+00:00,78.1,80.88,26.16,58.98,2.01,UKP_0004,0,2016
2016-05-31 01:00:00+00:00,258.52,267.8,29.11,47.12,2.08,UKP_0004,0,2016
2016-05-31 02:00:00+00:00,483.83,485.92,32.33,37.16,3.13,UKP_0004,0,2016
2016-05-31 03:00:00+00:00,686.78,688.17,34.61,31.88,4.08,UKP_0004,0,2016
2016-05-31 04:00:00+00:00,850.78,851.38,36.37,28.15,4.88,UKP_0004,0,2016
2016-05-31 05:00:00+00:00,918.55,959.95,37.81,24.85,5.64,UKP_0004,0,2016
2016-05-31 06:00:00+00:00,974.53,1011.5,38.99,21.85,6.37,UKP_0004,0,2016
2016-05-31 07:00:00+00:00,925.0,988.1,39.76,19.54,6.99,UKP_0004,0,2016
2016-05-31 08:00:00+00:00,805.8,899.97,40.04,18.2,7.55,UKP_0004,0,2016
2016-05-31 09:00:00+00:00,719.47,755.65,39.92,17.63,7.9,UKP_0004,0,2016
2016-05-31 10:00:00+00:00,523.62,566.17,39.33,17.91,7.95,UKP_0004,0,2016
2016-05-31 11:00:00+00:00,311.58,350.2,38.28,19.08,7.69,UKP_0004,0,2016
2016-05-31 12:00:00+00:00,125.35,140.38,36.6,22.12,6.28,UKP_0004,0,2016
2016-05-31 13:00:00+00:00,9.75,10.85,33.05,30.98,3.83,UKP_0004,0,2016
2016-05-31 14:00:00+00:00,0.0,0.0,31.33,36.44,3.49,UKP_0004,0,2016
2016-05-31 15:00:00+00:00,0.0,0.0,30.53,39.6,3.39,UKP_0004,0,2016
2016-05-31 16:00:00+00:00,0.0,0.0,29.82,42.47,3.32,UKP_0004,0,2016
2016-05-31 17:00:00+00:00,0.0,0.0,29.15,45.41,3.17,UKP_0004,0,2016
2016-05-31 18:00:00+00:00,0.0,0.0,28.52,47.97,3.04,UKP_0004,0,2016
2016-05-31 19:00:00+00:00,0.0,0.0,27.91,50.35,2.92,UKP_0004,0,2016
2016-05-31 20:00:00+00:00,0.0,0.0,27.35,52.49,2.8,UKP_0004,0,2016
2016-05-31 21:00:00+00:00,0.0,0.0,26.82,54.72,2.47,UKP_0004,0,2016
2016-05-31 22:00:00+00:00,0.0,0.0,26.39,56.76,1.93,UKP_0004,0,2016
2016-05-31 23:00:00+00:00,1.35,1.55,26.16,57.84,1.46,UKP_0004,0,2016
2016-06-01 00:00:00+00:00,72.88,75.25,27.23,54.84,1.63,UKP_0004,0,2016
2016-06-01 01:00:00+00:00,253.35,263.3,29.86,45.0,1.42,UKP_0004,0,2016
2016-06-01 02:00:00+00:00,469.25,483.27,32.99,38.54,1.4,UKP_0004,0,2016
2016-06-01 03:00:00+00:00,682.65,688.22,34.97,35.01,1.93,UKP_0004,0,2016
2016-06-01 04:00:00+00:00,845.53,853.12,36.53,32.35,2.34,UKP_0004,0,2016
2016-06-01 05:00:00+00:00,913.35,962.08,37.88,30.0,2.86,UKP_0004,0,2016
2016-06-01 06:00:00+00:00,871.7,958.62,38.99,28.02,3.36,UKP_0004,0,2016
2016-06-01 07:00:00+00:00,855.5,939.08,39.8,26.37,3.69,UKP_0004,0,2016
2016-06-01 08:00:00+00:00,654.42,855.53,40.22,25.19,3.82,UKP_0004,0,2016
2016-06-01 09:00:00+00:00,559.35,714.97,40.28,24.29,3.91,UKP_0004,0,2016
2016-06-01 10:00:00+00:00,448.98,531.03,40.01,23.77,4.27,UKP_0004,0,2016
2016-06-01 11:00:00+00:00,238.4,324.27,39.28,23.97,4.61,UKP_0004,0,2016
2016-06-01 12:00:00+00:00,100.05,128.85,37.81,26.45,3.82,UKP_0004,0,2016
2016-06-01 13:00:00+00:00,8.68,10.57,34.44,36.85,2.63,UKP_0004,0,2016
2016-06-01 14:00:00+00:00,0.0,0.0,33.02,39.39,2.87,UKP_0004,0,2016
2016-06-01 15:00:00+00:00,0.0,0.0,32.27,40.29,3.05,UKP_0004,0,2016
2016-06-01 16:00:00+00:00,0.0,0.0,31.62,41.55,3.18,UKP_0004,0,2016
2016-06-01 17:00:00+00:00,0.0,0.0,30.97,43.46,3.18,UKP_0004,0,2016
2016-06-01 18:00:00+00:00,0.0,0.0,30.34,45.65,2.98,UKP_0004,0,2016
2016-06-01 19:00:00+00:00,0.0,0.0,29.75,47.92,2.67,UKP_0004,0,2016
2016-06-01 20:00:00+00:00,0.0,0.0,29.29,50.0,2.37,UKP_0004,0,2016
2016-06-01 21:00:00+00:00,0.0,0.0,28.91,52.06,2.03,UKP_0004,0,2016
2016-06-01 22:00:00+00:00,0.0,0.0,28.7,53.42,1.6,UKP_0004,0,2016
2016-06-01 23:00:00+00:00,0.0,0.0,28.64,54.64,1.11,UKP_0004,0,2016
2016-06-02 00:00:00+00:00,62.45,77.35,29.33,53.4,1.16,UKP_0004,0,2016
2016-06-02 01:00:00+00:00,175.8,256.62,31.3,43.96,2.63,UKP_0004,0,2016
2016-06-02 02:00:00+00:00,381.27,473.58,33.23,38.97,3.59,UKP_0004,0,2016
2016-06-02 03:00:00+00:00,564.7,673.0,35.01,35.49,3.78,UKP_0004,0,2016
2016-06-02 04:00:00+00:00,561.33,835.4,36.73,32.92,3.39,UKP_0004,0,2016
2016-06-02 05:00:00+00:00,630.62,943.55,38.12,31.18,2.52,UKP_0004,0,2016
2016-06-02 06:00:00+00:00,662.08,889.08,39.02,30.1,1.61,UKP_0004,0,2016
2016-06-02 07:00:00+00:00,621.38,872.97,39.77,29.2,1.17,UKP_0004,0,2016
2016-06-02 08:00:00+00:00,600.83,787.62,40.28,28.31,1.48,UKP_0004,0,2016
2016-06-02 09:00:00+00:00,530.97,658.6,40.43,27.56,1.86,UKP_0004,0,2016
2016-06-02 10:00:00+00:00,309.48,484.0,40.41,26.57,2.36,UKP_0004,0,2016
2016-06-02 11:00:00+00:00,190.0,291.0,39.77,26.41,2.77,UKP_0004,0,2016
2016-06-02 12:00:00+00:00,74.8,113.07,38.44,29.7,2.02,UKP_0004,0,2016
2016-06-02 13:00:00+00:00,7.53,10.1,35.68,38.9,1.61,UKP_0004,0,2016
2016-06-02 14:00:00+00:00,0.0,0.0,34.33,40.03,1.69,UKP_0004,0,2016
2016-06-02 15:00:00+00:00,0.0,0.0,33.18,42.0,1.6,UKP_0004,0,2016
2016-06-02 16:00:00+00:00,0.0,0.0,32.03,44.86,1.34,UKP_0004,0,2016
2016-06-02 17:00:00+00:00,0.0,0.0,31.12,47.72,0.91,UKP_0004,0,2016
2016-06-02 18:00:00+00:00,0.0,0.0,30.8,48.4,1.03,UKP_0004,0,2016
2016-06-02 19:00:00+00:00,0.0,0.0,29.8,52.86,2.03,UKP_0004,0,2016
2016-06-02 20:00:00+00:00,0.0,0.0,28.59,57.39,2.6,UKP_0004,0,2016
2016-06-02 21:00:00+00:00,0.0,0.0,28.23,59.62,3.17,UKP_0004,0,2016
2016-06-02 22:00:00+00:00,0.0,0.0,28.13,61.27,4.38,UKP_0004,0,2016
2016-06-02 23:00:00+00:00,0.0,0.0,27.74,63.17,4.84,UKP_0004,0,2016
2016-06-03 00:00:00+00:00,68.85,79.28,28.15,61.65,5.39,UKP_0004,0,2016
2016-06-03 01:00:00+00:00,201.52,263.05,30.13,53.74,6.09,UKP_0004,0,2016
2016-06-03 02:00:00+00:00,367.15,481.7,32.82,43.8,6.88,UKP_0004,0,2016
2016-06-03 03:00:00+00:00,595.1,682.78,35.1,37.19,6.23,UKP_0004,0,2016
2016-06-03 04:00:00+00:00,744.4,846.17,36.95,32.62,5.16,UKP_0004,0,2016
2016-06-03 05:00:00+00:00,811.28,955.53,38.41,29.31,4.18,UKP_0004,0,2016
2016-06-03 06:00:00+00:00,844.12,927.95,39.45,27.05,3.38,UKP_0004,0,2016
2016-06-03 07:00:00+00:00,791.2,909.9,40.19,25.4,2.85,UKP_0004,0,2016
2016-06-03 08:00:00+00:00,716.9,834.2,40.59,24.3,2.61,UKP_0004,0,2016
2016-06-03 09:00:00+00:00,486.88,700.17,40.63,23.64,2.61,UKP_0004,0,2016
2016-06-03 10:00:00+00:00,401.4,523.15,40.45,23.0,2.94,UKP_0004,0,2016
2016-06-03 11:00:00+00:00,208.65,320.1,39.83,22.78,3.18,UKP_0004,0,2016
2016-06-03 12:00:00+00:00,92.6,129.7,38.34,27.07,2.24,UKP_0004,0,2016
2016-06-03 13:00:00+00:00,9.88,11.2,35.23,37.73,1.83,UKP_0004,0,2016
2016-06-03 14:00:00+00:00,0.0,0.0,33.8,38.73,2.06,UKP_0004,0,2016
2016-06-03 15:00:00+00:00,0.0,0.0,32.93,39.5,1.99,UKP_0004,0,2016
2016-06-03 16:00:00+00:00,0.0,0.0,32.42,39.51,1.65,UKP_0004,0,2016
2016-06-03 17:00:00+00:00,0.0,0.0,32.16,38.89,1.23,UKP_0004,0,2016
2016-06-03 18:00:00+00:00,0.0,0.0,31.6,39.45,1.4,UKP_0004,0,2016
2016-06-03 19:00:00+00:00,0.0,0.0,30.0,46.32,2.1,UKP_0004,0,2016
2016-06-03 20:00:00+00:00,0.0,0.0,28.67,53.19,2.6,UKP_0004,0,2016
2016-06-03 21:00:00+00:00,0.0,0.0,28.04,57.24,2.94,UKP_0004,0,2016
2016-06-03 22:00:00+00:00,0.0,0.0,27.84,59.84,3.82,UKP_0004,0,2016
2016-06-03 23:00:00+00:00,0.0,0.0,27.66,62.0,4.49,UKP_0004,0,2016
2016-06-04 00:00:00+00:00,55.15,78.75,28.16,61.28,5.02,UKP_0004,0,2016
2016-06-04 01:00:00+00:00,170.85,259.52,29.94,54.68,5.48,UKP_0004,0,2016
2016-06-04 02:00:00+00:00,325.15,471.6,32.86,44.15,6.23,UKP_0004,0,2016
2016-06-04 03:00:00+00:00,551.1,667.62,35.53,36.51,6.24,UKP_0004,0,2016
2016-06-04 04:00:00+00:00,673.2,827.08,37.44,32.39,5.45,UKP_0004,0,2016
2016-06-04 05:00:00+00:00,705.28,933.2,38.87,29.77,4.7,UKP_0004,0,2016
2016-06-04 06:00:00+00:00,703.83,901.95,39.71,28.35,4.11,UKP_0004,0,2016
2016-06-04 07:00:00+00:00,744.12,885.83,40.32,27.41,3.61,UKP_0004,0,2016
2016-06-04 08:00:00+00:00,688.78,805.55,40.61,26.95,3.19,UKP_0004,0,2016
2016-06-04 09:00:00+00:00,503.85,670.2,40.63,26.75,2.72,UKP_0004,0,2016
2016-06-04 10:00:00+00:00,406.3,494.05,40.36,26.49,2.18,UKP_0004,0,2016
2016-06-04 11:00:00+00:00,224.05,298.8,39.77,26.55,1.74,UKP_0004,0,2016
2016-06-04 12:00:00+00:00,96.07,119.7,38.75,28.95,1.14,UKP_0004,0,2016
2016-06-04 13:00:00+00:00,9.38,10.8,36.99,36.85,0.74,UKP_0004,0,2016
2016-06-04 14:00:00+00:00,0.0,0.0,35.65,38.16,1.25,UKP_0004,0,2016
2016-06-04 15:00:00+00:00,0.0,0.0,34.2,41.42,1.8,UKP_0004,0,2016
2016-06-04 16:00:00+00:00,0.0,0.0,32.84,45.35,2.2,UKP_0004,0,2016
2016-06-04 17:00:00+00:00,0.0,0.0,31.87,46.87,2.44,UKP_0004,0,2016
2016-06-04 18:00:00+00:00,0.0,0.0,31.07,48.5,2.44,UKP_0004,0,2016
2016-06-04 19:00:00+00:00,0.0,0.0,30.23,51.34,2.32,UKP_0004,0,2016
2016-06-04 20:00:00+00:00,0.0,0.0,29.37,55.22,2.19,UKP_0004,0,2016
2016-06-04 21:00:00+00:00,0.0,0.0,28.53,58.76,2.23,UKP_0004,0,2016
2016-06-04 22:00:00+00:00,0.0,0.0,27.91,61.6,2.49,UKP_0004,0,2016
2016-06-04 23:00:00+00:00,0.0,0.0,27.6,63.3,3.09,UKP_0004,0,2016
2016-06-05 00:00:00+00:00,60.55,81.75,28.54,60.64,4.31,UKP_0004,0,2016
2016-06-05 01:00:00+00:00,170.25,264.5,30.86,51.9,5.1,UKP_0004,0,2016
2016-06-05 02:00:00+00:00,326.83,478.27,33.78,42.15,5.47,UKP_0004,0,2016
2016-06-05 03:00:00+00:00,503.3,674.53,36.36,34.92,5.59,UKP_0004,0,2016
2016-06-05 04:00:00+00:00,555.92,833.88,38.27,30.26,5.23,UKP_0004,0,2016
2016-06-05 05:00:00+00:00,736.38,939.2,39.65,27.27,4.73,UKP_0004,0,2016
2016-06-05 06:00:00+00:00,793.15,903.4,40.61,25.28,4.25,UKP_0004,0,2016
2016-06-05 07:00:00+00:00,683.05,885.95,41.2,24.09,3.75,UKP_0004,0,2016
2016-06-05 08:00:00+00:00,640.6,801.4,41.46,23.4,3.25,UKP_0004,0,2016
2016-06-05 09:00:00+00:00,570.05,660.92,41.41,23.13,2.86,UKP_0004,0,2016
2016-06-05 10:00:00+00:00,372.12,480.4,41.02,23.26,2.45,UKP_0004,0,2016
2016-06-05 11:00:00+00:00,221.32,289.73,40.21,23.97,2.08,UKP_0004,0,2016
2016-06-05 12:00:00+00:00,89.95,111.75,38.89,27.28,1.47,UKP_0004,0,2016
2016-06-05 13:00:00+00:00,9.23,10.55,36.59,36.72,1.22,UKP_0004,0,2016
2016-06-05 14:00:00+00:00,0.0,0.0,35.16,38.52,1.63,UKP_0004,0,2016
2016-06-05 15:00:00+00:00,0.0,0.0,34.05,41.56,1.87,UKP_0004,0,2016
2016-06-05 16:00:00+00:00,0.0,0.0,32.97,44.26,2.01,UKP_0004,0,2016
2016-06-05 17:00:00+00:00,0.0,0.0,31.9,47.43,2.11,UKP_0004,0,2016
2016-06-05 18:00:00+00:00,0.0,0.0,30.92,50.73,2.12,UKP_0004,0,2016
2016-06-05 19:00:00+00:00,0.0,0.0,30.07,53.78,2.01,UKP_0004,0,2016
2016-06-05 20:00:00+00:00,0.0,0.0,29.36,56.35,1.89,UKP_0004,0,2016
2016-06-05 21:00:00+00:00,0.0,0.0,28.76,58.34,1.94,UKP_0004,0,2016
2016-06-05 22:00:00+00:00,0.0,0.0,28.24,59.94,2.11,UKP_0004,0,2016
2016-06-05 23:00:00+00:00,0.0,0.0,27.81,61.16,2.22,UKP_0004,0,2016
2016-06-06 00:00:00+00:00,57.2,69.43,28.73,59.02,2.68,UKP_0004,0,2016
2016-06-06 01:00:00+00:00,173.35,233.12,30.88,50.82,3.35,UKP_0004,0,2016
2016-06-06 02:00:00+00:00,358.58,445.02,34.23,39.44,3.38,UKP_0004,0,2016
2016-06-06 03:00:00+00:00,475.95,643.0,36.39,34.51,3.18,UKP_0004,0,2016
2016-06-06 04:00:00+00:00,517.28,809.3,36.94,35.2,2.36,UKP_0004,0,2016
2016-06-06 05:00:00+00:00,506.85,919.05,37.68,33.89,1.64,UKP_0004,0,2016
2016-06-06 06:00:00+00:00,505.08,895.03,38.23,32.12,1.04,UKP_0004,0,2016
2016-06-06 07:00:00+00:00,293.33,880.35,38.78,30.23,0.63,UKP_0004,0,2016
2016-06-06 08:00:00+00:00,418.33,796.47,39.19,28.46,0.87,UKP_0004,0,2016
2016-06-06 09:00:00+00:00,537.75,658.95,39.5,26.91,1.47,UKP_0004,0,2016
2016-06-06 10:00:00+00:00,437.83,481.08,39.29,26.17,2.08,UKP_0004,0,2016
2016-06-06 11:00:00+00:00,270.65,291.62,38.52,26.44,2.37,UKP_0004,0,2016
2016-06-06 12:00:00+00:00,106.12,113.3,37.09,30.67,1.74,UKP_0004,0,2016
2016-06-06 13:00:00+00:00,10.23,10.85,34.67,42.47,1.13,UKP_0004,0,2016
2016-06-06 14:00:00+00:00,0.0,0.0,34.13,39.44,0.9,UKP_0004,0,2016
2016-06-06 15:00:00+00:00,0.0,0.0,33.86,38.13,0.44,UKP_0004,0,2016
2016-06-06 16:00:00+00:00,0.0,0.0,33.49,37.28,0.34,UKP_0004,0,2016
2016-06-06 17:00:00+00:00,0.0,0.0,32.52,39.84,0.94,UKP_0004,0,2016
2016-06-06 18:00:00+00:00,0.0,0.0,31.41,42.67,1.32,UKP_0004,0,2016
2016-06-06 19:00:00+00:00,0.0,0.0,30.42,44.86,1.59,UKP_0004,0,2016
2016-06-06 20:00:00+00:00,0.0,0.0,29.61,47.67,1.79,UKP_0004,0,2016
2016-06-06 21:00:00+00:00,0.0,0.0,28.71,51.37,2.03,UKP_0004,0,2016
2016-06-06 22:00:00+00:00,0.0,0.0,27.77,54.43,2.33,UKP_0004,0,2016
2016-06-06 23:00:00+00:00,0.0,0.0,27.09,56.2,2.58,UKP_0004,0,2016
2016-06-07 00:00:00+00:00,60.53,70.47,28.09,54.9,2.58,UKP_0004,0,2016
2016-06-07 01:00:00+00:00,193.5,234.65,30.92,44.12,3.99,UKP_0004,0,2016
2016-06-07 02:00:00+00:00,383.25,442.38,34.04,34.13,4.02,UKP_0004,0,2016
2016-06-07 03:00:00+00:00,472.08,641.4,36.2,28.33,3.91,UKP_0004,0,2016
2016-06-07 04:00:00+00:00,474.2,806.03,37.11,27.0,3.44,UKP_0004,0,2016
2016-06-07 05:00:00+00:00,251.8,916.35,37.73,26.54,2.98,UKP_0004,0,2016
2016-06-07 06:00:00+00:00,464.0,939.22,38.31,25.78,2.63,UKP_0004,0,2016
2016-06-07 07:00:00+00:00,668.97,923.5,38.68,25.08,2.33,UKP_0004,0,2016
2016-06-07 08:00:00+00:00,656.47,841.4,38.91,24.33,2.09,UKP_0004,0,2016
2016-06-07 09:00:00+00:00,541.3,702.47,38.88,23.82,1.84,UKP_0004,0,2016
2016-06-07 10:00:00+00:00,383.55,519.97,38.5,23.69,1.57,UKP_0004,0,2016
2016-06-07 11:00:00+00:00,231.55,315.2,37.7,24.24,1.22,UKP_0004,0,2016
2016-06-07 12:00:00+00:00,103.82,126.07,36.49,28.28,0.49,UKP_0004,0,2016
2016-06-07 13:00:00+00:00,11.5,11.77,34.21,36.39,0.53,UKP_0004,0,2016
2016-06-07 14:00:00+00:00,0.0,0.0,32.05,42.51,1.58,UKP_0004,0,2016
2016-06-07 15:00:00+00:00,0.0,0.0,30.61,46.41,2.15,UKP_0004,0,2016
2016-06-07 16:00:00+00:00,0.0,0.0,29.75,47.25,2.46,UKP_0004,0,2016
2016-06-07 17:00:00+00:00,0.0,0.0,29.01,48.32,2.65,UKP_0004,0,2016
2016-06-07 18:00:00+00:00,0.0,0.0,28.37,49.54,2.75,UKP_0004,0,2016
2016-06-07 19:00:00+00:00,0.0,0.0,27.74,51.75,2.78,UKP_0004,0,2016
2016-06-07 20:00:00+00:00,0.0,0.0,27.05,55.58,2.78,UKP_0004,0,2016
2016-06-07 21:00:00+00:00,0.0,0.0,26.45,58.76,2.85,UKP_0004,0,2016
2016-06-07 22:00:00+00:00,0.0,0.0,26.03,60.46,2.94,UKP_0004,0,2016
2016-06-07 23:00:00+00:00,0.0,0.0,25.78,60.37,2.99,UKP_0004,0,2016
2016-06-08 00:00:00+00:00,68.35,71.45,27.08,56.79,2.99,UKP_0004,0,2016
2016-06-08 01:00:00+00:00,217.98,236.18,30.28,44.15,4.31,UKP_0004,0,2016
2016-06-08 02:00:00+00:00,427.38,443.2,32.98,37.07,4.24,UKP_0004,0,2016
2016-06-08 03:00:00+00:00,639.88,641.42,35.62,30.99,3.98,UKP_0004,0,2016
2016-06-08 04:00:00+00:00,794.47,803.7,37.63,26.63,3.59,UKP_0004,0,2016
2016-06-08 05:00:00+00:00,895.03,912.7,39.03,23.95,3.19,UKP_0004,0,2016
2016-06-08 06:00:00+00:00,902.33,945.33,40.08,21.92,2.86,UKP_0004,0,2016
2016-06-08 07:00:00+00:00,873.05,928.45,40.81,20.39,2.71,UKP_0004,0,2016
2016-06-08 08:00:00+00:00,802.65,842.33,41.21,19.32,2.7,UKP_0004,0,2016
2016-06-08 09:00:00+00:00,610.53,699.03,41.25,18.58,2.72,UKP_0004,0,2016
2016-06-08 10:00:00+00:00,415.88,513.42,40.84,18.28,2.72,UKP_0004,0,2016
2016-06-08 11:00:00+00:00,251.85,307.8,39.97,18.72,2.55,UKP_0004,0,2016
2016-06-08 12:00:00+00:00,104.82,122.35,38.35,24.4,1.56,UKP_0004,0,2016
2016-06-08 13:00:00+00:00,10.38,11.82,36.63,30.34,0.81,UKP_0004,0,2016
2016-06-08 14:00:00+00:00,0.0,0.0,36.3,26.17,0.29,UKP_0004,0,2016
2016-06-08 15:00:00+00:00,0.0,0.0,35.76,25.9,0.16,UKP_0004,0,2016
2016-06-08 16:00:00+00:00,0.0,0.0,35.19,26.07,0.01,UKP_0004,0,2016
2016-06-08 17:00:00+00:00,0.0,0.0,34.3,27.96,0.39,UKP_0004,0,2016
2016-06-08 18:00:00+00:00,0.0,0.0,32.9,31.77,0.87,UKP_0004,0,2016
2016-06-08 19:00:00+00:00,0.0,0.0,31.29,36.13,1.41,UKP_0004,0,2016
2016-06-08 20:00:00+00:00,0.0,0.0,29.48,42.15,1.87,UKP_0004,0,2016
2016-06-08 21:00:00+00:00,0.0,0.0,28.17,47.04,2.25,UKP_0004,0,2016
2016-06-08 22:00:00+00:00,0.0,0.0,27.3,50.18,2.54,UKP_0004,0,2016
2016-06-08 23:00:00+00:00,0.0,0.0,26.8,51.7,3.08,UKP_0004,0,2016
2016-06-09 00:00:00+00:00,58.67,73.75,27.66,49.64,4.17,UKP_0004,0,2016
2016-06-09 01:00:00+00:00,176.38,243.25,30.14,41.56,5.04,UKP_0004,0,2016
2016-06-09 02:00:00+00:00,388.25,452.92,33.08,33.61,5.34,UKP_0004,0,2016
2016-06-09 03:00:00+00:00,562.47,651.42,35.5,28.48,5.06,UKP_0004,0,2016
2016-06-09 04:00:00+00:00,743.78,812.78,37.28,25.27,4.54,UKP_0004,0,2016
2016-06-09 05:00:00+00:00,875.0,921.1,38.62,23.28,4.08,UKP_0004,0,2016
2016-06-09 06:00:00+00:00,911.2,941.55,39.68,21.87,3.86,UKP_0004,0,2016
2016-06-09 07:00:00+00:00,843.12,919.88,40.35,21.04,3.72,UKP_0004,0,2016
2016-06-09 08:00:00+00:00,687.92,832.97,40.68,20.57,3.52,UKP_0004,0,2016
2016-06-09 09:00:00+00:00,434.7,693.75,40.73,20.15,3.52,UKP_0004,0,2016
2016-06-09 10:00:00+00:00,346.4,507.17,40.44,20.01,3.72,UKP_0004,0,2016
2016-06-09 11:00:00+00:00,208.7,304.62,39.74,20.39,3.69,UKP_0004,0,2016
2016-06-09 12:00:00+00:00,89.25,122.1,38.07,26.76,2.32,UKP_0004,0,2016
2016-06-09 13:00:00+00:00,10.65,11.98,35.6,35.7,1.74,UKP_0004,0,2016
2016-06-09 14:00:00+00:00,0.0,0.0,35.25,32.63,1.61,UKP_0004,0,2016
2016-06-09 15:00:00+00:00,0.0,0.0,35.07,32.06,1.38,UKP_0004,0,2016
2016-06-09 16:00:00+00:00,0.0,0.0,34.83,31.53,0.95,UKP_0004,0,2016
2016-06-09 17:00:00+00:00,0.0,0.0,34.72,30.58,0.45,UKP_0004,0,2016
2016-06-09 18:00:00+00:00,0.0,0.0,33.98,32.09,0.39,UKP_0004,0,2016
2016-06-09 19:00:00+00:00,0.0,0.0,32.61,35.98,0.89,UKP_0004,0,2016
2016-06-09 20:00:00+00:00,0.0,0.0,31.24,40.83,1.37,UKP_0004,0,2016
2016-06-09 21:00:00+00:00,0.0,0.0,29.82,46.32,1.69,UKP_0004,0,2016
2016-06-09 22:00:00+00:00,0.0,0.0,28.56,50.7,2.02,UKP_0004,0,2016
2016-06-09 23:00:00+00:00,0.0,0.0,27.6,53.93,2.2,UKP_0004,0,2016
2016-06-10 00:00:00+00:00,64.57,71.75,28.07,55.68,2.23,UKP_0004,0,2016
2016-06-10 01:00:00+00:00,205.68,238.15,30.17,46.43,3.13,UKP_0004,0,2016
2016-06-10 02:00:00+00:00,425.02,448.73,33.31,35.71,3.06,UKP_0004,0,2016
2016-06-10 03:00:00+00:00,641.15,650.15,36.37,27.5,2.62,UKP_0004,0,2016
2016-06-10 04:00:00+00:00,785.38,814.58,38.22,23.24,1.99,UKP_0004,0,2016
2016-06-10 05:00:00+00:00,904.67,925.7,39.46,21.08,1.78,UKP_0004,0,2016
2016-06-10 06:00:00+00:00,947.33,983.53,40.5,19.34,1.85,UKP_0004,0,2016
2016-06-10 07:00:00+00:00,959.97,965.75,41.24,17.92,2.12,UKP_0004,0,2016
2016-06-10 08:00:00+00:00,851.7,882.4,41.62,16.9,2.44,UKP_0004,0,2016
2016-06-10 09:00:00+00:00,716.33,741.88,41.77,16.15,2.97,UKP_0004,0,2016
2016-06-10 10:00:00+00:00,514.05,557.22,41.58,15.73,3.63,UKP_0004,0,2016
2016-06-10 11:00:00+00:00,295.65,347.02,40.93,15.96,4.06,UKP_0004,0,2016
2016-06-10 12:00:00+00:00,123.57,143.65,38.93,22.62,2.66,UKP_0004,0,2016
2016-06-10 13:00:00+00:00,11.82,13.62,35.37,33.08,2.32,UKP_0004,0,2016
2016-06-10 14:00:00+00:00,0.0,0.0,34.24,33.9,2.43,UKP_0004,0,2016
2016-06-10 15:00:00+00:00,0.0,0.0,33.66,34.54,2.5,UKP_0004,0,2016
2016-06-10 16:00:00+00:00,0.0,0.0,33.06,35.49,2.53,UKP_0004,0,2016
2016-06-10 17:00:00+00:00,0.0,0.0,32.41,36.74,2.57,UKP_0004,0,2016
2016-06-10 18:00:00+00:00,0.0,0.0,32.05,38.04,2.65,UKP_0004,0,2016
2016-06-10 19:00:00+00:00,0.0,0.0,31.66,40.45,2.84,UKP_0004,0,2016
2016-06-10 20:00:00+00:00,0.0,0.0,31.05,44.75,3.2,UKP_0004,0,2016
2016-06-10 21:00:00+00:00,0.0,0.0,30.49,48.33,3.31,UKP_0004,0,2016
2016-06-10 22:00:00+00:00,0.0,0.0,29.82,51.69,3.19,UKP_0004,0,2016
2016-06-10 23:00:00+00:00,0.0,0.0,29.37,52.4,3.1,UKP_0004,0,2016
2016-06-11 00:00:00+00:00,65.62,73.0,30.23,50.15,3.1,UKP_0004,0,2016
2016-06-11 01:00:00+00:00,217.27,242.8,33.13,38.83,4.11,UKP_0004,0,2016
2016-06-11 02:00:00+00:00,431.08,453.38,36.41,28.95,4.16,UKP_0004,0,2016
2016-06-11 03:00:00+00:00,646.12,653.2,38.6,24.22,4.12,UKP_0004,0,2016
2016-06-11 04:00:00+00:00,808.83,816.12,40.09,22.56,3.96,UKP_0004,0,2016
2016-06-11 05:00:00+00:00,920.33,923.78,41.31,21.56,4.3,UKP_0004,0,2016
2016-06-11 06:00:00+00:00,940.17,955.45,42.22,20.86,5.01,UKP_0004,0,2016
2016-06-11 07:00:00+00:00,891.8,940.15,42.8,20.49,5.84,UKP_0004,0,2016
2016-06-11 08:00:00+00:00,771.28,860.0,42.95,20.54,6.57,UKP_0004,0,2016
2016-06-11 09:00:00+00:00,683.7,723.05,42.79,20.61,7.04,UKP_0004,0,2016
2016-06-11 10:00:00+00:00,526.1,541.75,42.25,20.73,7.19,UKP_0004,0,2016
2016-06-11 11:00:00+00:00,324.58,335.52,41.27,21.38,7.03,UKP_0004,0,2016
2016-06-11 12:00:00+00:00,134.48,138.2,39.78,23.18,6.01,UKP_0004,0,2016
2016-06-11 13:00:00+00:00,13.23,13.38,36.61,30.07,3.84,UKP_0004,0,2016
2016-06-11 14:00:00+00:00,0.0,0.0,34.99,33.84,3.6,UKP_0004,0,2016
2016-06-11 15:00:00+00:00,0.0,0.0,34.14,35.5,3.69,UKP_0004,0,2016
2016-06-11 16:00:00+00:00,0.0,0.0,33.36,37.33,3.7,UKP_0004,0,2016
2016-06-11 17:00:00+00:00,0.0,0.0,32.61,39.59,3.56,UKP_0004,0,2016
2016-06-11 18:00:00+00:00,0.0,0.0,31.93,41.8,3.41,UKP_0004,0,2016
2016-06-11 19:00:00+00:00,0.0,0.0,31.38,43.51,3.39,UKP_0004,0,2016
2016-06-11 20:00:00+00:00,0.0,0.0,30.94,44.82,3.52,UKP_0004,0,2016
2016-06-11 21:00:00+00:00,0.0,0.0,30.41,47.03,3.2,UKP_0004,0,2016
2016-06-11 22:00:00+00:00,0.0,0.0,30.03,49.3,2.79,UKP_0004,0,2016
2016-06-11 23:00:00+00:00,0.0,0.0,29.88,51.05,2.36,UKP_0004,0,2016
2016-06-12 00:00:00+00:00,65.88,69.43,30.85,49.62,2.14,UKP_0004,0,2016
2016-06-12 01:00:00+00:00,206.15,229.15,32.27,44.74,2.54,UKP_0004,0,2016
2016-06-12 02:00:00+00:00,410.7,434.83,34.06,41.64,4.0,UKP_0004,0,2016
2016-06-12 03:00:00+00:00,613.22,634.67,35.35,39.55,4.54,UKP_0004,0,2016
2016-06-12 04:00:00+00:00,757.35,800.88,37.05,35.83,4.62,UKP_0004,0,2016
2016-06-12 05:00:00+00:00,842.88,914.92,39.19,30.71,4.72,UKP_0004,0,2016
2016-06-12 06:00:00+00:00,891.28,946.62,40.77,26.67,4.97,UKP_0004,0,2016
2016-06-12 07:00:00+00:00,827.22,936.1,41.71,24.09,5.37,UKP_0004,0,2016
2016-06-12 08:00:00+00:00,732.25,855.45,42.17,22.54,5.83,UKP_0004,0,2016
2016-06-12 09:00:00+00:00,577.42,718.72,42.17,21.82,6.18,UKP_0004,0,2016
2016-06-12 10:00:00+00:00,371.5,532.2,41.6,21.94,6.35,UKP_0004,0,2016
2016-06-12 11:00:00+00:00,210.48,325.12,40.82,22.38,6.29,UKP_0004,0,2016
2016-06-12 12:00:00+00:00,96.32,132.85,39.57,23.91,5.3,UKP_0004,0,2016
2016-06-12 13:00:00+00:00,11.57,13.4,36.55,30.92,3.38,UKP_0004,0,2016
2016-06-12 14:00:00+00:00,0.0,0.0,35.03,33.96,3.42,UKP_0004,0,2016
2016-06-12 15:00:00+00:00,0.0,0.0,34.24,35.28,3.56,UKP_0004,0,2016
2016-06-12 16:00:00+00:00,0.0,0.0,33.46,36.84,3.67,UKP_0004,0,2016
2016-06-12 17:00:00+00:00,0.0,0.0,32.78,38.4,3.73,UKP_0004,0,2016
2016-06-12 18:00:00+00:00,0.0,0.0,32.16,40.23,3.72,UKP_0004,0,2016
2016-06-12 19:00:00+00:00,0.0,0.0,31.58,42.32,3.75,UKP_0004,0,2016
2016-06-12 20:00:00+00:00,0.0,0.0,31.1,44.36,3.86,UKP_0004,0,2016
2016-06-12 21:00:00+00:00,0.0,0.0,30.62,46.67,3.74,UKP_0004,0,2016
2016-06-12 22:00:00+00:00,0.0,0.0,30.24,48.95,3.47,UKP_0004,0,2016
2016-06-12 23:00:00+00:00,0.0,0.0,30.02,50.6,3.22,UKP_0004,0,2016
2016-06-13 00:00:00+00:00,62.62,68.7,31.31,48.07,3.64,UKP_0004,0,2016
2016-06-13 01:00:00+00:00,199.5,226.52,33.84,41.97,4.36,UKP_0004,0,2016
2016-06-13 02:00:00+00:00,385.12,428.65,36.83,34.87,5.07,UKP_0004,0,2016
2016-06-13 03:00:00+00:00,615.4,624.35,38.63,30.47,5.25,UKP_0004,0,2016
2016-06-13 04:00:00+00:00,775.28,785.65,39.82,27.8,5.63,UKP_0004,0,2016
2016-06-13 05:00:00+00:00,861.83,893.95,40.82,25.73,6.09,UKP_0004,0,2016
2016-06-13 06:00:00+00:00,857.42,899.92,41.6,24.0,6.48,UKP_0004,0,2016
2016-06-13 07:00:00+00:00,590.25,880.9,42.15,22.59,6.74,UKP_0004,0,2016
2016-06-13 08:00:00+00:00,642.95,792.6,42.39,21.6,6.94,UKP_0004,0,2016
2016-06-13 09:00:00+00:00,339.9,657.58,42.09,21.37,6.85,UKP_0004,0,2016
2016-06-13 10:00:00+00:00,280.05,477.48,41.87,21.31,6.49,UKP_0004,0,2016
2016-06-13 11:00:00+00:00,170.2,282.08,41.23,21.93,5.97,UKP_0004,0,2016
2016-06-13 12:00:00+00:00,71.05,110.28,39.6,26.0,4.19,UKP_0004,0,2016
2016-06-13 13:00:00+00:00,8.12,11.93,36.84,35.68,3.0,UKP_0004,0,2016
2016-06-13 14:00:00+00:00,0.0,0.0,35.95,38.79,3.7,UKP_0004,0,2016
2016-06-13 15:00:00+00:00,0.0,0.0,35.33,40.92,4.48,UKP_0004,0,2016
2016-06-13 16:00:00+00:00,0.0,0.0,34.28,44.41,4.78,UKP_0004,0,2016
2016-06-13 17:00:00+00:00,0.0,0.0,33.27,47.75,4.64,UKP_0004,0,2016
2016-06-13 18:00:00+00:00,0.0,0.0,32.37,50.86,4.21,UKP_0004,0,2016
2016-06-13 19:00:00+00:00,0.0,0.0,31.37,54.98,3.32,UKP_0004,0,2016
2016-06-13 20:00:00+00:00,0.0,0.0,30.51,59.2,2.65,UKP_0004,0,2016
2016-06-13 21:00:00+00:00,0.0,0.0,29.89,62.35,2.25,UKP_0004,0,2016
2016-06-13 22:00:00+00:00,0.0,0.0,29.47,64.47,2.05,UKP_0004,0,2016
2016-06-13 23:00:00+00:00,0.0,0.0,29.13,65.76,2.0,UKP_0004,0,2016
2016-06-14 00:00:00+00:00,55.35,61.1,29.79,62.86,2.6,UKP_0004,0,2016
2016-06-14 01:00:00+00:00,178.75,207.98,31.62,53.75,3.85,UKP_0004,0,2016
2016-06-14 02:00:00+00:00,363.52,395.3,34.02,43.36,4.48,UKP_0004,0,2016
2016-06-14 03:00:00+00:00,581.15,588.72,35.78,37.69,4.64,UKP_0004,0,2016
2016-06-14 04:00:00+00:00,738.45,750.53,37.25,33.44,5.01,UKP_0004,0,2016
2016-06-14 05:00:00+00:00,854.3,860.38,38.49,30.14,5.55,UKP_0004,0,2016
2016-06-14 06:00:00+00:00,889.0,912.78,39.61,27.45,6.14,UKP_0004,0,2016
2016-06-14 07:00:00+00:00,801.3,894.22,40.28,25.73,6.56,UKP_0004,0,2016
2016-06-14 08:00:00+00:00,740.28,789.45,40.47,24.84,6.89,UKP_0004,0,2016
2016-06-14 09:00:00+00:00,541.85,647.83,40.3,24.62,6.91,UKP_0004,0,2016
2016-06-14 10:00:00+00:00,370.08,466.3,39.91,24.9,6.75,UKP_0004,0,2016
2016-06-14 11:00:00+00:00,233.6,278.98,39.1,25.77,6.48,UKP_0004,0,2016
2016-06-14 12:00:00+00:00,96.85,108.65,37.84,27.93,5.46,UKP_0004,0,2016
2016-06-14 13:00:00+00:00,11.7,11.88,35.49,34.61,3.6,UKP_0004,0,2016
2016-06-14 14:00:00+00:00,0.0,0.0,34.32,37.98,3.6,UKP_0004,0,2016
2016-06-14 15:00:00+00:00,0.0,0.0,33.72,39.86,3.64,UKP_0004,0,2016
2016-06-14 16:00:00+00:00,0.0,0.0,33.15,42.12,3.34,UKP_0004,0,2016
2016-06-14 17:00:00+00:00,0.0,0.0,32.56,45.09,2.88,UKP_0004,0,2016
2016-06-14 18:00:00+00:00,0.0,0.0,32.06,47.97,2.54,UKP_0004,0,2016
2016-06-14 19:00:00+00:00,0.0,0.0,31.71,50.12,2.33,UKP_0004,0,2016
2016-06-14 20:00:00+00:00,0.0,0.0,31.36,52.03,2.18,UKP_0004,0,2016
2016-06-14 21:00:00+00:00,0.0,0.0,31.01,53.87,1.97,UKP_0004,0,2016
2016-06-14 22:00:00+00:00,0.0,0.0,30.68,55.7,1.78,UKP_0004,0,2016
2016-06-14 23:00:00+00:00,0.0,0.0,30.37,57.26,1.53,UKP_0004,0,2016
2016-06-15 00:00:00+00:00,35.38,58.17,31.21,56.33,1.13,UKP_0004,0,2016
2016-06-15 01:00:00+00:00,114.85,197.07,33.18,47.41,1.78,UKP_0004,0,2016
2016-06-15 02:00:00+00:00,207.07,383.1,34.96,39.8,3.06,UKP_0004,0,2016
2016-06-15 03:00:00+00:00,230.2,570.17,35.93,37.03,3.65,UKP_0004,0,2016
2016-06-15 04:00:00+00:00,326.15,725.22,36.28,36.09,3.83,UKP_0004,0,2016
2016-06-15 05:00:00+00:00,132.57,825.67,36.29,35.98,3.75,UKP_0004,0,2016
2016-06-15 06:00:00+00:00,156.9,861.42,35.97,36.56,3.55,UKP_0004,0,2016
2016-06-15 07:00:00+00:00,195.15,839.42,35.8,36.78,3.3,UKP_0004,0,2016
2016-06-15 08:00:00+00:00,388.02,752.6,35.74,36.71,2.97,UKP_0004,0,2016
2016-06-15 09:00:00+00:00,371.4,613.12,35.72,36.59,2.79,UKP_0004,0,2016
2016-06-15 10:00:00+00:00,286.95,439.02,35.5,36.89,2.56,UKP_0004,0,2016
2016-06-15 11:00:00+00:00,184.68,256.25,34.88,38.19,2.18,UKP_0004,0,2016
2016-06-15 12:00:00+00:00,82.1,100.45,33.96,42.11,1.45,UKP_0004,0,2016
2016-06-15 13:00:00+00:00,10.52,11.4,32.72,50.9,0.93,UKP_0004,0,2016
2016-06-15 14:00:00+00:00,0.0,0.0,32.07,53.05,0.98,UKP_0004,0,2016
2016-06-15 15:00:00+00:00,0.0,0.0,31.79,52.57,1.16,UKP_0004,0,2016
2016-06-15 16:00:00+00:00,0.0,0.0,31.4,53.5,1.36,UKP_0004,0,2016
2016-06-15 17:00:00+00:00,0.0,0.0,30.98,54.47,1.49,UKP_0004,0,2016
2016-06-15 18:00:00+00:00,0.0,0.0,30.46,56.31,1.66,UKP_0004,0,2016
2016-06-15 19:00:00+00:00,0.0,0.0,29.81,59.63,1.89,UKP_0004,0,2016
2016-06-15 20:00:00+00:00,0.0,0.0,28.94,67.41,2.16,UKP_0004,0,2016
2016-06-15 21:00:00+00:00,0.0,0.0,27.97,74.84,2.46,UKP_0004,0,2016
2016-06-15 22:00:00+00:00,0.0,0.0,27.23,78.83,2.73,UKP_0004,0,2016
2016-06-15 23:00:00+00:00,0.0,0.0,26.68,80.6,2.97,UKP_0004,0,2016
2016-06-16 00:00:00+00:00,16.85,58.9,27.06,79.25,3.24,UKP_0004,0,2016
2016-06-16 01:00:00+00:00,33.95,201.75,28.37,72.64,4.09,UKP_0004,0,2016
2016-06-16 02:00:00+00:00,66.25,393.55,29.81,67.17,4.26,UKP_0004,0,2016
2016-06-16 03:00:00+00:00,155.0,584.92,31.8,58.35,3.45,UKP_0004,0,2016
2016-06-16 04:00:00+00:00,245.05,745.12,34.06,46.7,2.16,UKP_0004,0,2016
2016-06-16 05:00:00+00:00,221.5,854.03,35.49,41.79,1.36,UKP_0004,0,2016
2016-06-16 06:00:00+00:00,423.92,897.28,36.47,38.56,1.74,UKP_0004,0,2016
2016-06-16 07:00:00+00:00,511.0,880.38,37.13,36.44,2.37,UKP_0004,0,2016
2016-06-16 08:00:00+00:00,476.02,799.12,37.51,34.92,2.82,UKP_0004,0,2016
2016-06-16 09:00:00+00:00,332.38,662.92,37.54,34.08,3.07,UKP_0004,0,2016
2016-06-16 10:00:00+00:00,235.02,485.7,37.17,34.18,3.19,UKP_0004,0,2016
2016-06-16 11:00:00+00:00,141.35,290.58,36.38,35.23,3.11,UKP_0004,0,2016
2016-06-16 12:00:00+00:00,58.85,115.05,35.09,39.52,2.38,UKP_0004,0,2016
2016-06-16 13:00:00+00:00,8.2,12.75,32.85,52.97,1.63,UKP_0004,0,2016
2016-06-16 14:00:00+00:00,0.0,0.0,31.83,55.13,1.7,UKP_0004,0,2016
2016-06-16 15:00:00+00:00,0.0,0.0,31.28,56.06,1.75,UKP_0004,0,2016
2016-06-16 16:00:00+00:00,0.0,0.0,30.73,57.53,1.82,UKP_0004,0,2016
2016-06-16 17:00:00+00:00,0.0,0.0,30.31,58.52,1.82,UKP_0004,0,2016
2016-06-16 18:00:00+00:00,0.0,0.0,29.97,59.21,1.73,UKP_0004,0,2016
2016-06-16 19:00:00+00:00,0.0,0.0,29.77,59.01,1.5,UKP_0004,0,2016
2016-06-16 20:00:00+00:00,0.0,0.0,29.66,58.97,1.14,UKP_0004,0,2016
2016-06-16 21:00:00+00:00,0.0,0.0,29.5,58.8,0.78,UKP_0004,0,2016
2016-06-16 22:00:00+00:00,0.0,0.0,28.82,62.66,1.08,UKP_0004,0,2016
2016-06-16 23:00:00+00:00,0.0,0.0,27.9,66.76,1.63,UKP_0004,0,2016
2016-06-17 00:00:00+00:00,59.22,60.05,28.46,64.81,2.14,UKP_0004,0,2016
2016-06-17 01:00:00+00:00,186.02,201.02,30.04,56.97,3.51,UKP_0004,0,2016
2016-06-17 02:00:00+00:00,331.55,382.05,32.49,47.75,3.79,UKP_0004,0,2016
2016-06-17 03:00:00+00:00,503.77,573.17,34.5,41.27,3.45,UKP_0004,0,2016
2016-06-17 04:00:00+00:00,620.45,730.9,35.83,37.9,2.83,UKP_0004,0,2016
2016-06-17 05:00:00+00:00,723.58,841.6,37.0,35.34,2.43,UKP_0004,0,2016
2016-06-17 06:00:00+00:00,743.7,908.67,37.93,33.25,2.27,UKP_0004,0,2016
2016-06-17 07:00:00+00:00,670.78,890.92,38.69,31.51,2.15,UKP_0004,0,2016
2016-06-17 08:00:00+00:00,647.22,808.35,39.19,30.15,2.08,UKP_0004,0,2016
2016-06-17 09:00:00+00:00,536.15,666.8,39.28,29.49,1.87,UKP_0004,0,2016
2016-06-17 10:00:00+00:00,384.42,486.27,39.01,29.25,1.65,UKP_0004,0,2016
2016-06-17 11:00:00+00:00,226.65,290.23,38.3,29.73,1.45,UKP_0004,0,2016
2016-06-17 12:00:00+00:00,105.03,119.43,37.19,32.56,1.13,UKP_0004,0,2016
2016-06-17 13:00:00+00:00,12.62,13.65,35.18,42.64,1.03,UKP_0004,0,2016
2016-06-17 14:00:00+00:00,0.0,0.0,33.63,46.4,1.65,UKP_0004,0,2016
2016-06-17 15:00:00+00:00,0.0,0.0,32.55,49.71,1.99,UKP_0004,0,2016
2016-06-17 16:00:00+00:00,0.0,0.0,31.82,51.61,2.11,UKP_0004,0,2016
2016-06-17 17:00:00+00:00,0.0,0.0,31.25,53.52,2.04,UKP_0004,0,2016
2016-06-17 18:00:00+00:00,0.0,0.0,30.76,55.58,1.9,UKP_0004,0,2016
2016-06-17 19:00:00+00:00,0.0,0.0,30.27,58.31,1.75,UKP_0004,0,2016
2016-06-17 20:00:00+00:00,0.0,0.0,29.76,61.52,1.74,UKP_0004,0,2016
2016-06-17 21:00:00+00:00,0.0,0.0,29.22,63.88,2.01,UKP_0004,0,2016
2016-06-17 22:00:00+00:00,0.0,0.0,28.84,65.58,2.53,UKP_0004,0,2016
2016-06-17 23:00:00+00:00,0.0,0.0,28.57,66.42,3.21,UKP_0004,0,2016
2016-06-18 00:00:00+00:00,48.7,63.3,28.93,64.75,3.98,UKP_0004,0,2016
2016-06-18 01:00:00+00:00,153.2,216.2,30.15,59.23,4.58,UKP_0004,0,2016
2016-06-18 02:00:00+00:00,272.23,409.55,32.28,49.38,4.94,UKP_0004,0,2016
2016-06-18 03:00:00+00:00,391.65,610.22,34.24,42.53,4.72,UKP_0004,0,2016
2016-06-18 04:00:00+00:00,512.55,772.4,36.1,38.23,3.96,UKP_0004,0,2016
2016-06-18 05:00:00+00:00,519.42,883.28,37.57,35.36,3.19,UKP_0004,0,2016
2016-06-18 06:00:00+00:00,641.33,913.95,38.55,33.49,2.6,UKP_0004,0,2016
2016-06-18 07:00:00+00:00,771.08,899.78,39.19,32.33,2.19,UKP_0004,0,2016
2016-06-18 08:00:00+00:00,695.35,821.12,39.54,31.62,2.01,UKP_0004,0,2016
2016-06-18 09:00:00+00:00,609.4,686.28,39.58,31.36,1.87,UKP_0004,0,2016
2016-06-18 10:00:00+00:00,457.05,505.35,39.24,31.71,1.83,UKP_0004,0,2016
2016-06-18 11:00:00+00:00,272.5,307.73,38.57,32.46,1.95,UKP_0004,0,2016
2016-06-18 12:00:00+00:00,118.6,127.38,37.4,34.87,2.15,UKP_0004,0,2016
2016-06-18 13:00:00+00:00,13.93,14.1,35.08,45.11,1.8,UKP_0004,0,2016
2016-06-18 14:00:00+00:00,0.0,0.0,33.6,49.24,2.17,UKP_0004,0,2016
2016-06-18 15:00:00+00:00,0.0,0.0,32.91,50.66,2.52,UKP_0004,0,2016
2016-06-18 16:00:00+00:00,0.0,0.0,32.38,52.13,3.09,UKP_0004,0,2016
2016-06-18 17:00:00+00:00,0.0,0.0,31.9,54.03,3.85,UKP_0004,0,2016
2016-06-18 18:00:00+00:00,0.0,0.0,31.37,56.51,4.17,UKP_0004,0,2016
2016-06-18 19:00:00+00:00,0.0,0.0,30.87,59.06,4.1,UKP_0004,0,2016
2016-06-18 20:00:00+00:00,0.0,0.0,30.39,61.46,3.92,UKP_0004,0,2016
2016-06-18 21:00:00+00:00,0.0,0.0,29.93,63.64,3.79,UKP_0004,0,2016
2016-06-18 22:00:00+00:00,0.0,0.0,29.44,65.97,3.59,UKP_0004,0,2016
2016-06-18 23:00:00+00:00,0.0,0.0,28.96,68.43,3.29,UKP_0004,0,2016
2016-06-19 00:00:00+00:00,56.03,72.53,29.06,68.57,3.59,UKP_0004,0,2016
2016-06-19 01:00:00+00:00,158.88,243.85,30.22,62.84,4.24,UKP_0004,0,2016
2016-06-19 02:00:00+00:00,283.7,450.77,31.57,57.16,4.42,UKP_0004,0,2016
2016-06-19 03:00:00+00:00,558.15,645.2,32.7,53.69,4.33,UKP_0004,0,2016
2016-06-19 04:00:00+00:00,720.0,803.45,33.85,50.08,4.37,UKP_0004,0,2016
2016-06-19 05:00:00+00:00,765.88,909.9,35.09,46.38,4.49,UKP_0004,0,2016
2016-06-19 06:00:00+00:00,837.47,950.28,36.03,43.37,4.46,UKP_0004,0,2016
2016-06-19 07:00:00+00:00,802.5,936.1,36.73,41.15,4.28,UKP_0004,0,2016
2016-06-19 08:00:00+00:00,805.03,856.6,37.32,39.17,4.01,UKP_0004,0,2016
2016-06-19 09:00:00+00:00,659.22,722.17,37.98,37.05,3.43,UKP_0004,0,2016
2016-06-19 10:00:00+00:00,471.65,544.22,37.79,36.69,2.79,UKP_0004,0,2016
2016-06-19 11:00:00+00:00,283.77,341.6,37.23,37.34,2.3,UKP_0004,0,2016
2016-06-19 12:00:00+00:00,121.1,145.48,36.39,39.47,1.81,UKP_0004,0,2016
2016-06-19 13:00:00+00:00,13.55,15.65,34.61,50.41,1.14,UKP_0004,0,2016
2016-06-19 14:00:00+00:00,0.0,0.0,33.64,51.99,1.3,UKP_0004,0,2016
2016-06-19 15:00:00+00:00,0.0,0.0,32.78,54.92,1.67,UKP_0004,0,2016
2016-06-19 16:00:00+00:00,0.0,0.0,32.09,56.19,2.01,UKP_0004,0,2016
2016-06-19 17:00:00+00:00,0.0,0.0,31.57,57.34,2.37,UKP_0004,0,2016
2016-06-19 18:00:00+00:00,0.0,0.0,31.17,58.37,3.12,UKP_0004,0,2016
2016-06-19 19:00:00+00:00,0.0,0.0,30.76,60.07,3.91,UKP_0004,0,2016
2016-06-19 20:00:00+00:00,0.0,0.0,30.19,62.86,3.95,UKP_0004,0,2016
2016-06-19 21:00:00+00:00,0.0,0.0,29.64,65.64,3.89,UKP_0004,0,2016
2016-06-19 22:00:00+00:00,0.0,0.0,29.18,68.09,4.01,UKP_0004,0,2016
2016-06-19 23:00:00+00:00,0.0,0.0,28.76,70.43,4.14,UKP_0004,0,2016
2016-06-20 00:00:00+00:00,57.55,80.3,28.91,70.24,4.58,UKP_0004,0,2016
2016-06-20 01:00:00+00:00,177.5,261.95,29.9,64.7,5.01,UKP_0004,0,2016
2016-06-20 02:00:00+00:00,325.85,469.38,31.24,58.79,5.2,UKP_0004,0,2016
2016-06-20 03:00:00+00:00,505.73,660.97,32.64,54.26,4.89,UKP_0004,0,2016
2016-06-20 04:00:00+00:00,674.83,816.1,34.21,49.94,4.48,UKP_0004,0,2016
2016-06-20 05:00:00+00:00,630.92,919.67,35.35,46.84,4.35,UKP_0004,0,2016
2016-06-20 06:00:00+00:00,826.95,914.22,36.04,44.99,4.48,UKP_0004,0,2016
2016-06-20 07:00:00+00:00,823.83,898.3,36.46,43.98,4.7,UKP_0004,0,2016
2016-06-20 08:00:00+00:00,634.15,818.85,36.56,43.68,4.84,UKP_0004,0,2016
2016-06-20 09:00:00+00:00,629.42,684.08,36.2,44.32,4.66,UKP_0004,0,2016
2016-06-20 10:00:00+00:00,408.33,507.8,35.71,45.25,4.19,UKP_0004,0,2016
2016-06-20 11:00:00+00:00,249.1,311.7,35.11,46.52,3.66,UKP_0004,0,2016
2016-06-20 12:00:00+00:00,107.68,130.12,34.23,48.88,3.13,UKP_0004,0,2016
2016-06-20 13:00:00+00:00,11.6,14.52,32.76,55.7,1.98,UKP_0004,0,2016
2016-06-20 14:00:00+00:00,0.0,0.0,31.75,59.95,1.82,UKP_0004,0,2016
2016-06-20 15:00:00+00:00,0.0,0.0,31.26,61.27,2.09,UKP_0004,0,2016
2016-06-20 16:00:00+00:00,0.0,0.0,30.85,62.64,2.36,UKP_0004,0,2016
2016-06-20 17:00:00+00:00,0.0,0.0,30.46,64.44,2.46,UKP_0004,0,2016
2016-06-20 18:00:00+00:00,0.0,0.0,30.06,66.49,2.48,UKP_0004,0,2016
2016-06-20 19:00:00+00:00,0.0,0.0,29.61,68.97,2.39,UKP_0004,0,2016
2016-06-20 20:00:00+00:00,0.0,0.0,29.17,71.69,2.22,UKP_0004,0,2016
2016-06-20 21:00:00+00:00,0.0,0.0,28.79,74.29,1.88,UKP_0004,0,2016
2016-06-20 22:00:00+00:00,0.0,0.0,28.51,76.64,1.51,UKP_0004,0,2016
2016-06-20 23:00:00+00:00,0.0,0.0,28.29,78.57,1.37,UKP_0004,0,2016
2016-06-21 00:00:00+00:00,42.53,64.2,29.03,75.9,1.63,UKP_0004,0,2016
2016-06-21 01:00:00+00:00,127.38,219.48,30.94,65.96,2.47,UKP_0004,0,2016
2016-06-21 02:00:00+00:00,219.2,407.7,32.91,56.78,2.94,UKP_0004,0,2016
2016-06-21 03:00:00+00:00,208.62,600.42,34.19,52.16,2.75,UKP_0004,0,2016
2016-06-21 04:00:00+00:00,219.62,754.72,35.18,49.05,2.88,UKP_0004,0,2016
2016-06-21 05:00:00+00:00,336.2,859.28,36.09,46.27,3.24,UKP_0004,0,2016
2016-06-21 06:00:00+00:00,355.2,902.05,36.67,44.43,3.66,UKP_0004,0,2016
2016-06-21 07:00:00+00:00,315.05,885.75,36.97,43.25,4.03,UKP_0004,0,2016
2016-06-21 08:00:00+00:00,260.33,806.58,36.95,42.81,4.39,UKP_0004,0,2016
2016-06-21 09:00:00+00:00,253.2,674.25,36.7,42.84,4.44,UKP_0004,0,2016
2016-06-21 10:00:00+00:00,275.83,501.8,36.04,43.86,4.18,UKP_0004,0,2016
2016-06-21 11:00:00+00:00,185.02,309.98,35.14,45.72,3.84,UKP_0004,0,2016
2016-06-21 12:00:00+00:00,91.3,128.95,33.99,49.55,3.2,UKP_0004,0,2016
2016-06-21 13:00:00+00:00,13.85,14.73,32.27,59.87,2.06,UKP_0004,0,2016
2016-06-21 14:00:00+00:00,0.0,0.0,31.42,63.24,1.96,UKP_0004,0,2016
2016-06-21 15:00:00+00:00,0.0,0.0,31.03,64.11,1.93,UKP_0004,0,2016
2016-06-21 16:00:00+00:00,0.0,0.0,30.66,65.37,1.85,UKP_0004,0,2016
2016-06-21 17:00:00+00:00,0.0,0.0,30.25,66.69,1.78,UKP_0004,0,2016
2016-06-21 18:00:00+00:00,0.0,0.0,29.81,68.02,1.73,UKP_0004,0,2016
2016-06-21 19:00:00+00:00,0.0,0.0,29.41,69.25,1.7,UKP_0004,0,2016
2016-06-21 20:00:00+00:00,0.0,0.0,29.05,70.72,1.67,UKP_0004,0,2016
2016-06-21 21:00:00+00:00,0.0,0.0,28.64,72.48,1.83,UKP_0004,0,2016
2016-06-21 22:00:00+00:00,0.0,0.0,28.2,74.48,2.21,UKP_0004,0,2016
2016-06-21 23:00:00+00:00,0.0,0.0,27.75,76.94,2.66,UKP_0004,0,2016
2016-06-22 00:00:00+00:00,64.1,66.12,27.96,76.98,3.69,UKP_0004,0,2016
2016-06-22 01:00:00+00:00,207.77,225.77,29.18,70.72,4.13,UKP_0004,0,2016
2016-06-22 02:00:00+00:00,399.3,427.25,30.53,63.4,4.02,UKP_0004,0,2016
2016-06-22 03:00:00+00:00,587.4,624.62,31.48,59.62,3.43,UKP_0004,0,2016
2016-06-22 04:00:00+00:00,665.17,788.1,32.52,56.28,2.86,UKP_0004,0,2016
2016-06-22 05:00:00+00:00,798.38,893.65,33.4,53.52,2.52,UKP_0004,0,2016
2016-06-22 06:00:00+00:00,731.25,933.2,34.06,51.4,2.36,UKP_0004,0,2016
2016-06-22 07:00:00+00:00,549.28,913.92,34.59,49.59,2.37,UKP_0004,0,2016
2016-06-22 08:00:00+00:00,508.8,833.3,34.89,48.16,2.43,UKP_0004,0,2016
2016-06-22 09:00:00+00:00,397.3,701.3,34.66,48.14,2.39,UKP_0004,0,2016
2016-06-22 10:00:00+00:00,297.7,526.3,34.14,49.17,2.22,UKP_0004,0,2016
2016-06-22 11:00:00+00:00,178.62,331.73,33.41,51.29,2.1,UKP_0004,0,2016
2016-06-22 12:00:00+00:00,77.8,140.88,32.5,56.84,1.86,UKP_0004,0,2016
2016-06-22 13:00:00+00:00,9.6,15.7,31.08,65.79,1.76,UKP_0004,0,2016
2016-06-22 14:00:00+00:00,0.0,0.0,29.88,71.94,1.92,UKP_0004,0,2016
2016-06-22 15:00:00+00:00,0.0,0.0,29.43,72.25,2.19,UKP_0004,0,2016
2016-06-22 16:00:00+00:00,0.0,0.0,29.08,72.5,2.42,UKP_0004,0,2016
2016-06-22 17:00:00+00:00,0.0,0.0,28.81,73.19,2.44,UKP_0004,0,2016
2016-06-22 18:00:00+00:00,0.0,0.0,28.57,74.63,2.24,UKP_0004,0,2016
2016-06-22 19:00:00+00:00,0.0,0.0,28.34,76.36,1.9,UKP_0004,0,2016
2016-06-22 20:00:00+00:00,0.0,0.0,28.13,77.99,1.52,UKP_0004,0,2016
2016-06-22 21:00:00+00:00,0.0,0.0,27.93,79.31,1.13,UKP_0004,0,2016
2016-06-22 22:00:00+00:00,0.0,0.0,27.67,80.28,0.88,UKP_0004,0,2016
2016-06-22 23:00:00+00:00,0.0,0.0,27.43,81.15,0.84,UKP_0004,0,2016
2016-06-23 00:00:00+00:00,59.15,63.5,28.0,78.53,1.07,UKP_0004,0,2016
2016-06-23 01:00:00+00:00,193.65,219.15,29.78,68.01,2.43,UKP_0004,0,2016
2016-06-23 02:00:00+00:00,380.55,412.05,31.95,56.87,3.4,UKP_0004,0,2016
2016-06-23 03:00:00+00:00,566.65,604.72,33.88,48.81,3.59,UKP_0004,0,2016
2016-06-23 04:00:00+00:00,726.62,767.58,35.49,43.66,3.57,UKP_0004,0,2016
2016-06-23 05:00:00+00:00,731.03,879.62,36.97,39.55,3.68,UKP_0004,0,2016
2016-06-23 06:00:00+00:00,866.9,918.8,38.18,36.34,3.92,UKP_0004,0,2016
2016-06-23 07:00:00+00:00,810.33,904.0,39.06,33.64,4.15,UKP_0004,0,2016
2016-06-23 08:00:00+00:00,691.33,824.92,39.55,31.97,4.34,UKP_0004,0,2016
2016-06-23 09:00:00+00:00,623.0,690.67,39.45,31.5,4.69,UKP_0004,0,2016
2016-06-23 10:00:00+00:00,491.23,515.35,39.17,31.3,5.11,UKP_0004,0,2016
2016-06-23 11:00:00+00:00,287.9,318.67,38.32,32.75,5.3,UKP_0004,0,2016
2016-06-23 12:00:00+00:00,124.12,135.1,37.08,36.49,4.59,UKP_0004,0,2016
2016-06-23 13:00:00+00:00,14.57,15.32,34.76,45.07,2.95,UKP_0004,0,2016
2016-06-23 14:00:00+00:00,0.0,0.0,33.62,49.19,2.76,UKP_0004,0,2016
2016-06-23 15:00:00+00:00,0.0,0.0,33.07,51.39,2.62,UKP_0004,0,2016
2016-06-23 16:00:00+00:00,0.0,0.0,32.58,53.57,2.42,UKP_0004,0,2016
2016-06-23 17:00:00+00:00,0.0,0.0,32.14,55.63,2.17,UKP_0004,0,2016
2016-06-23 18:00:00+00:00,0.0,0.0,31.89,56.77,1.77,UKP_0004,0,2016
2016-06-23 19:00:00+00:00,0.0,0.0,31.59,57.44,1.22,UKP_0004,0,2016
2016-06-23 20:00:00+00:00,0.0,0.0,30.84,60.57,0.7,UKP_0004,0,2016
2016-06-23 21:00:00+00:00,0.0,0.0,30.09,63.56,0.59,UKP_0004,0,2016
2016-06-23 22:00:00+00:00,0.0,0.0,29.42,65.97,0.85,UKP_0004,0,2016
2016-06-23 23:00:00+00:00,0.0,0.0,28.91,67.31,0.94,UKP_0004,0,2016
2016-06-24 00:00:00+00:00,57.08,60.9,29.57,64.68,1.02,UKP_0004,0,2016
2016-06-24 01:00:00+00:00,194.48,213.2,31.69,53.69,0.41,UKP_0004,0,2016
2016-06-24 02:00:00+00:00,379.58,401.9,34.15,43.76,1.54,UKP_0004,0,2016
2016-06-24 03:00:00+00:00,576.78,594.58,36.0,38.14,2.55,UKP_0004,0,2016
2016-06-24 04:00:00+00:00,737.22,755.08,37.48,34.52,3.22,UKP_0004,0,2016
2016-06-24 05:00:00+00:00,839.72,864.53,38.74,31.49,3.66,UKP_0004,0,2016
2016-06-24 06:00:00+00:00,688.38,838.5,39.91,28.85,3.93,UKP_0004,0,2016
2016-06-24 07:00:00+00:00,633.5,831.03,40.71,27.01,4.08,UKP_0004,0,2016
2016-06-24 08:00:00+00:00,702.5,756.8,41.21,25.58,4.1,UKP_0004,0,2016
2016-06-24 09:00:00+00:00,549.25,629.75,41.19,25.14,4.0,UKP_0004,0,2016
2016-06-24 10:00:00+00:00,367.75,463.62,40.85,24.91,3.85,UKP_0004,0,2016
2016-06-24 11:00:00+00:00,235.8,288.98,40.02,25.67,3.61,UKP_0004,0,2016
2016-06-24 12:00:00+00:00,101.62,119.75,38.45,29.81,2.64,UKP_0004,0,2016
2016-06-24 13:00:00+00:00,13.02,14.5,35.29,42.44,2.1,UKP_0004,0,2016
2016-06-24 14:00:00+00:00,0.0,0.0,33.92,45.26,2.28,UKP_0004,0,2016
2016-06-24 15:00:00+00:00,0.0,0.0,33.2,46.63,2.29,UKP_0004,0,2016
2016-06-24 16:00:00+00:00,0.0,0.0,32.53,48.12,2.24,UKP_0004,0,2016
2016-06-24 17:00:00+00:00,0.0,0.0,31.92,49.7,2.15,UKP_0004,0,2016
2016-06-24 18:00:00+00:00,0.0,0.0,31.29,51.82,2.1,UKP_0004,0,2016
2016-06-24 19:00:00+00:00,0.0,0.0,30.69,53.91,2.13,UKP_0004,0,2016
2016-06-24 20:00:00+00:00,0.0,0.0,30.12,56.52,2.35,UKP_0004,0,2016
2016-06-24 21:00:00+00:00,0.0,0.0,29.7,59.19,2.88,UKP_0004,0,2016
2016-06-24 22:00:00+00:00,0.0,0.0,29.29,62.54,3.51,UKP_0004,0,2016
2016-06-24 23:00:00+00:00,0.0,0.0,28.84,66.1,3.71,UKP_0004,0,2016
2016-06-25 00:00:00+00:00,26.62,58.03,29.13,67.09,4.23,UKP_0004,0,2016
2016-06-25 01:00:00+00:00,78.45,209.5,30.39,63.12,4.53,UKP_0004,0,2016
2016-06-25 02:00:00+00:00,165.27,405.3,31.98,57.06,4.49,UKP_0004,0,2016
2016-06-25 03:00:00+00:00,196.43,597.1,33.49,51.46,3.95,UKP_0004,0,2016
2016-06-25 04:00:00+00:00,209.07,757.22,34.95,46.22,3.34,UKP_0004,0,2016
2016-06-25 05:00:00+00:00,234.35,867.7,36.2,42.29,2.88,UKP_0004,0,2016
2016-06-25 06:00:00+00:00,341.48,786.38,37.28,39.21,2.56,UKP_0004,0,2016
2016-06-25 07:00:00+00:00,432.98,782.85,37.96,37.36,2.33,UKP_0004,0,2016
2016-06-25 08:00:00+00:00,446.42,715.28,38.28,36.41,2.33,UKP_0004,0,2016
2016-06-25 09:00:00+00:00,497.35,591.3,38.0,36.78,2.44,UKP_0004,0,2016
2016-06-25 10:00:00+00:00,359.67,421.92,37.74,37.07,2.49,UKP_0004,0,2016
2016-06-25 11:00:00+00:00,226.48,254.98,37.08,38.45,2.56,UKP_0004,0,2016
2016-06-25 12:00:00+00:00,93.43,101.62,35.93,41.78,2.67,UKP_0004,0,2016
2016-06-25 13:00:00+00:00,12.07,12.48,33.95,50.94,2.14,UKP_0004,0,2016
2016-06-25 14:00:00+00:00,0.0,0.0,32.93,53.92,2.41,UKP_0004,0,2016
2016-06-25 15:00:00+00:00,0.0,0.0,32.36,55.71,2.49,UKP_0004,0,2016
2016-06-25 16:00:00+00:00,0.0,0.0,31.83,57.73,2.5,UKP_0004,0,2016
2016-06-25 17:00:00+00:00,0.0,0.0,31.32,59.83,2.62,UKP_0004,0,2016
2016-06-25 18:00:00+00:00,0.0,0.0,30.73,62.73,2.91,UKP_0004,0,2016
2016-06-25 19:00:00+00:00,0.0,0.0,30.18,65.59,3.15,UKP_0004,0,2016
2016-06-25 20:00:00+00:00,0.0,0.0,29.73,67.88,3.11,UKP_0004,0,2016
2016-06-25 21:00:00+00:00,0.0,0.0,29.36,69.78,2.96,UKP_0004,0,2016
2016-06-25 22:00:00+00:00,0.0,0.0,28.98,71.83,3.0,UKP_0004,0,2016
2016-06-25 23:00:00+00:00,0.0,0.0,28.64,73.71,3.08,UKP_0004,0,2016
2016-06-26 00:00:00+00:00,43.47,50.92,28.84,73.39,3.66,UKP_0004,0,2016
2016-06-26 01:00:00+00:00,139.77,185.57,30.23,66.15,4.31,UKP_0004,0,2016
2016-06-26 02:00:00+00:00,245.02,361.7,31.83,58.67,4.39,UKP_0004,0,2016
2016-06-26 03:00:00+00:00,385.48,554.62,32.74,55.44,3.82,UKP_0004,0,2016
2016-06-26 04:00:00+00:00,542.12,714.17,33.11,54.55,3.39,UKP_0004,0,2016
2016-06-26 05:00:00+00:00,728.35,825.8,33.56,53.0,3.04,UKP_0004,0,2016
2016-06-26 06:00:00+00:00,702.62,881.7,34.23,50.93,2.58,UKP_0004,0,2016
2016-06-26 07:00:00+00:00,648.22,869.3,34.9,48.7,2.14,UKP_0004,0,2016
2016-06-26 08:00:00+00:00,687.65,790.62,35.92,45.84,1.92,UKP_0004,0,2016
2016-06-26 09:00:00+00:00,583.33,657.1,36.25,44.66,2.12,UKP_0004,0,2016
2016-06-26 10:00:00+00:00,431.73,482.62,36.45,43.77,2.29,UKP_0004,0,2016
2016-06-26 11:00:00+00:00,250.52,290.25,36.11,44.07,2.4,UKP_0004,0,2016
2016-06-26 12:00:00+00:00,108.1,119.7,35.25,47.06,2.41,UKP_0004,0,2016
2016-06-26 13:00:00+00:00,13.43,14.0,33.32,58.17,1.78,UKP_0004,0,2016
2016-06-26 14:00:00+00:00,0.0,0.0,32.37,60.96,1.89,UKP_0004,0,2016
2016-06-26 15:00:00+00:00,0.0,0.0,32.02,62.05,1.76,UKP_0004,0,2016
2016-06-26 16:00:00+00:00,0.0,0.0,31.71,63.2,1.5,UKP_0004,0,2016
2016-06-26 17:00:00+00:00,0.0,0.0,31.47,64.11,1.22,UKP_0004,0,2016
2016-06-26 18:00:00+00:00,0.0,0.0,31.09,65.17,1.05,UKP_0004,0,2016
2016-06-26 19:00:00+00:00,0.0,0.0,30.55,66.79,1.06,UKP_0004,0,2016
2016-06-26 20:00:00+00:00,0.0,0.0,30.05,68.29,1.05,UKP_0004,0,2016
2016-06-26 21:00:00+00:00,0.0,0.0,29.48,70.52,1.21,UKP_0004,0,2016
2016-06-26 22:00:00+00:00,0.0,0.0,28.92,73.64,1.42,UKP_0004,0,2016
2016-06-26 23:00:00+00:00,0.0,0.0,28.49,75.91,1.58,UKP_0004,0,2016
2016-06-27 00:00:00+00:00,49.8,56.33,28.97,73.9,2.28,UKP_0004,0,2016
2016-06-27 01:00:00+00:00,164.45,205.48,30.39,66.42,3.01,UKP_0004,0,2016
2016-06-27 02:00:00+00:00,315.2,397.55,32.66,55.55,3.24,UKP_0004,0,2016
2016-06-27 03:00:00+00:00,479.08,586.78,34.07,51.08,3.21,UKP_0004,0,2016
2016-06-27 04:00:00+00:00,597.28,745.4,35.3,47.67,3.26,UKP_0004,0,2016
2016-06-27 05:00:00+00:00,641.83,852.47,36.52,44.31,3.39,UKP_0004,0,2016
2016-06-27 06:00:00+00:00,581.12,877.62,37.48,41.83,3.61,UKP_0004,0,2016
2016-06-27 07:00:00+00:00,598.33,864.1,38.21,39.8,3.8,UKP_0004,0,2016
2016-06-27 08:00:00+00:00,590.15,786.83,38.61,38.5,3.83,UKP_0004,0,2016
2016-06-27 09:00:00+00:00,500.23,657.4,38.73,37.54,3.78,UKP_0004,0,2016
2016-06-27 10:00:00+00:00,359.83,481.7,38.22,38.09,3.71,UKP_0004,0,2016
2016-06-27 11:00:00+00:00,225.48,293.42,37.55,39.05,3.63,UKP_0004,0,2016
2016-06-27 12:00:00+00:00,103.53,123.97,36.3,42.87,3.17,UKP_0004,0,2016
2016-06-27 13:00:00+00:00,13.85,14.73,34.16,54.05,2.05,UKP_0004,0,2016
2016-06-27 14:00:00+00:00,0.0,0.0,33.09,58.34,1.99,UKP_0004,0,2016
2016-06-27 15:00:00+00:00,0.0,0.0,32.58,60.39,1.89,UKP_0004,0,2016
2016-06-27 16:00:00+00:00,0.0,0.0,32.15,62.34,1.65,UKP_0004,0,2016
2016-06-27 17:00:00+00:00,0.0,0.0,31.82,64.07,1.32,UKP_0004,0,2016
2016-06-27 18:00:00+00:00,0.0,0.0,31.52,65.43,0.96,UKP_0004,0,2016
2016-06-27 19:00:00+00:00,0.0,0.0,31.21,66.41,0.66,UKP_0004,0,2016
2016-06-27 20:00:00+00:00,0.0,0.0,30.98,66.0,0.58,UKP_0004,0,2016
2016-06-27 21:00:00+00:00,0.0,0.0,30.45,68.69,1.04,UKP_0004,0,2016
2016-06-27 22:00:00+00:00,0.0,0.0,29.77,72.93,1.54,UKP_0004,0,2016
2016-06-27 23:00:00+00:00,0.0,0.0,29.29,75.31,1.79,UKP_0004,0,2016
2016-06-28 00:00:00+00:00,48.65,48.7,29.81,73.21,2.31,UKP_0004,0,2016
2016-06-28 01:00:00+00:00,170.0,174.85,31.07,66.35,3.1,UKP_0004,0,2016
2016-06-28 02:00:00+00:00,316.9,337.83,33.66,52.4,3.8,UKP_0004,0,2016
2016-06-28 03:00:00+00:00,488.27,532.42,35.19,46.45,4.06,UKP_0004,0,2016
2016-06-28 04:00:00+00:00,535.22,730.4,36.01,44.94,4.06,UKP_0004,0,2016
2016-06-28 05:00:00+00:00,459.83,842.58,36.76,43.54,4.28,UKP_0004,0,2016
2016-06-28 06:00:00+00:00,457.77,959.33,37.15,42.89,4.54,UKP_0004,0,2016
2016-06-28 07:00:00+00:00,607.78,942.22,37.3,42.89,4.69,UKP_0004,0,2016
2016-06-28 08:00:00+00:00,695.3,862.7,37.27,43.36,4.54,UKP_0004,0,2016
2016-06-28 09:00:00+00:00,636.15,725.1,37.03,44.0,4.08,UKP_0004,0,2016
2016-06-28 10:00:00+00:00,463.9,539.33,36.75,44.28,3.53,UKP_0004,0,2016
2016-06-28 11:00:00+00:00,289.38,333.58,36.12,45.42,3.03,UKP_0004,0,2016
2016-06-28 12:00:00+00:00,128.0,147.68,35.1,49.35,2.29,UKP_0004,0,2016
2016-06-28 13:00:00+00:00,16.3,16.67,33.55,58.94,1.43,UKP_0004,0,2016
2016-06-28 14:00:00+00:00,0.0,0.0,32.97,62.35,0.98,UKP_0004,0,2016
2016-06-28 15:00:00+00:00,0.0,0.0,33.04,60.04,0.55,UKP_0004,0,2016
2016-06-28 16:00:00+00:00,0.0,0.0,32.8,60.73,0.18,UKP_0004,0,2016
2016-06-28 17:00:00+00:00,0.0,0.0,32.24,62.06,0.33,UKP_0004,0,2016
2016-06-28 18:00:00+00:00,0.0,0.0,31.44,65.99,0.76,UKP_0004,0,2016
2016-06-28 19:00:00+00:00,0.0,0.0,30.66,69.1,1.29,UKP_0004,0,2016
2016-06-28 20:00:00+00:00,0.0,0.0,30.01,71.23,1.91,UKP_0004,0,2016
2016-06-28 21:00:00+00:00,0.0,0.0,29.51,73.27,2.38,UKP_0004,0,2016
2016-06-28 22:00:00+00:00,0.0,0.0,29.0,75.63,2.63,UKP_0004,0,2016
2016-06-28 23:00:00+00:00,0.0,0.0,28.53,78.08,2.4,UKP_0004,0,2016
2016-06-29 00:00:00+00:00,65.75,67.32,28.85,76.71,2.82,UKP_0004,0,2016
2016-06-29 01:00:00+00:00,236.98,245.02,30.34,68.57,3.42,UKP_0004,0,2016
2016-06-29 02:00:00+00:00,452.62,460.23,32.29,58.75,3.82,UKP_0004,0,2016
2016-06-29 03:00:00+00:00,629.62,654.78,33.99,52.6,3.76,UKP_0004,0,2016
2016-06-29 04:00:00+00:00,697.4,813.4,35.62,47.45,3.7,UKP_0004,0,2016
2016-06-29 05:00:00+00:00,842.4,920.58,36.97,43.66,3.68,UKP_0004,0,2016
2016-06-29 06:00:00+00:00,891.25,959.75,38.12,40.72,3.66,UKP_0004,0,2016
2016-06-29 07:00:00+00:00,815.53,945.17,38.88,38.61,3.6,UKP_0004,0,2016
2016-06-29 08:00:00+00:00,698.6,868.3,39.35,37.17,3.55,UKP_0004,0,2016
2016-06-29 09:00:00+00:00,562.2,735.9,39.52,36.32,3.35,UKP_0004,0,2016
2016-06-29 10:00:00+00:00,392.77,560.42,38.97,37.05,3.18,UKP_0004,0,2016
2016-06-29 11:00:00+00:00,247.07,358.92,38.25,38.37,3.09,UKP_0004,0,2016
2016-06-29 12:00:00+00:00,111.07,158.05,37.16,41.49,2.91,UKP_0004,0,2016
2016-06-29 13:00:00+00:00,15.2,17.8,35.2,50.6,1.96,UKP_0004,0,2016
2016-06-29 14:00:00+00:00,0.0,0.0,34.06,54.84,1.96,UKP_0004,0,2016
2016-06-29 15:00:00+00:00,0.0,0.0,33.5,57.02,1.89,UKP_0004,0,2016
2016-06-29 16:00:00+00:00,0.0,0.0,32.97,59.5,1.72,UKP_0004,0,2016
2016-06-29 17:00:00+00:00,0.0,0.0,32.53,61.71,1.48,UKP_0004,0,2016
2016-06-29 18:00:00+00:00,0.0,0.0,31.99,63.71,1.35,UKP_0004,0,2016
2016-06-29 19:00:00+00:00,0.0,0.0,31.32,66.2,1.63,UKP_0004,0,2016
2016-06-29 20:00:00+00:00,0.0,0.0,30.59,69.33,2.07,UKP_0004,0,2016
2016-06-29 21:00:00+00:00,0.0,0.0,29.91,73.22,2.43,UKP_0004,0,2016
2016-06-29 22:00:00+00:00,0.0,0.0,29.34,76.82,2.81,UKP_0004,0,2016
2016-06-29 23:00:00+00:00,0.0,0.0,28.85,80.19,3.22,UKP_0004,0,2016
2016-06-30 00:00:00+00:00,50.9,72.97,28.97,79.98,3.67,UKP_0004,0,2016
2016-06-30 01:00:00+00:00,157.8,254.02,30.3,70.61,3.54,UKP_0004,0,2016
2016-06-30 02:00:00+00:00,301.0,459.95,32.03,62.15,3.39,UKP_0004,0,2016
2016-06-30 03:00:00+00:00,343.73,650.7,33.68,55.7,3.15,UKP_0004,0,2016
2016-06-30 04:00:00+00:00,344.15,805.05,35.08,50.98,2.86,UKP_0004,0,2016
2016-06-30 05:00:00+00:00,496.5,909.05,36.13,47.71,2.37,UKP_0004,0,2016
2016-06-30 06:00:00+00:00,505.25,872.95,36.77,45.74,2.14,UKP_0004,0,2016
2016-06-30 07:00:00+00:00,475.33,855.78,37.35,44.03,2.12,UKP_0004,0,2016
2016-06-30 08:00:00+00:00,623.7,753.05,38.07,42.08,2.34,UKP_0004,0,2016
2016-06-30 09:00:00+00:00,453.38,624.05,38.82,39.8,2.66,UKP_0004,0,2016
2016-06-30 10:00:00+00:00,310.02,457.65,38.94,38.56,3.02,UKP_0004,0,2016
2016-06-30 11:00:00+00:00,193.27,276.55,38.41,38.97,3.11,UKP_0004,0,2016
2016-06-30 12:00:00+00:00,89.25,112.28,37.09,43.27,2.71,UKP_0004,0,2016
2016-06-30 13:00:00+00:00,11.15,13.23,34.77,53.39,2.29,UKP_0004,0,2016
2016-06-30 14:00:00+00:00,0.0,0.0,33.56,56.85,2.93,UKP_0004,0,2016
2016-06-30 15:00:00+00:00,0.0,0.0,32.73,59.69,3.44,UKP_0004,0,2016
2016-06-30 16:00:00+00:00,0.0,0.0,31.91,63.08,3.23,UKP_0004,0,2016
2016-06-30 17:00:00+00:00,0.0,0.0,31.18,66.38,2.89,UKP_0004,0,2016
2016-06-30 18:00:00+00:00,0.0,0.0,30.52,69.36,2.61,UKP_0004,0,2016
2016-06-30 19:00:00+00:00,0.0,0.0,29.88,72.49,2.32,UKP_0004,0,2016
2016-06-30 20:00:00+00:00,0.0,0.0,29.28,75.53,2.01,UKP_0004,0,2016
2016-06-30 21:00:00+00:00,0.0,0.0,28.71,78.27,1.98,UKP_0004,0,2016
2016-06-30 22:00:00+00:00,0.0,0.0,28.11,80.89,2.08,UKP_0004,0,2016
2016-06-30 23:00:00+00:00,0.45,0.62,27.61,83.34,2.22,UKP_0004,0,2016
2016-07-01 00:00:00+00:00,19.3,48.17,27.52,83.85,2.72,UKP_0004,0,2016
2016-07-01 01:00:00+00:00,60.95,186.55,28.06,80.64,3.0,UKP_0004,0,2016
2016-07-01 02:00:00+00:00,114.22,370.85,28.7,77.73,3.54,UKP_0004,0,2016
2016-07-01 03:00:00+00:00,190.15,557.45,29.71,73.76,3.75,UKP_0004,0,2016
2016-07-01 04:00:00+00:00,250.8,715.65,31.06,68.06,3.63,UKP_0004,0,2016
2016-07-01 05:00:00+00:00,92.25,820.72,32.28,63.6,3.42,UKP_0004,0,2016
2016-07-01 06:00:00+00:00,161.82,848.88,33.13,60.81,3.07,UKP_0004,0,2016
2016-07-01 07:00:00+00:00,93.8,822.65,33.64,59.05,2.62,UKP_0004,0,2016
2016-07-01 08:00:00+00:00,259.45,733.35,34.0,57.69,2.26,UKP_0004,0,2016
2016-07-01 09:00:00+00:00,338.45,593.03,34.01,57.11,2.06,UKP_0004,0,2016
2016-07-01 10:00:00+00:00,260.1,420.4,33.73,57.63,2.07,UKP_0004,0,2016
2016-07-01 11:00:00+00:00,149.68,242.9,33.19,59.55,2.45,UKP_0004,0,2016
2016-07-01 12:00:00+00:00,65.47,94.88,32.13,64.85,2.87,UKP_0004,0,2016
2016-07-01 13:00:00+00:00,7.62,11.65,30.33,73.89,3.27,UKP_0004,0,2016
2016-07-01 14:00:00+00:00,0.0,0.0,29.23,78.29,4.56,UKP_0004,0,2016
2016-07-01 15:00:00+00:00,0.0,0.0,28.48,83.17,5.02,UKP_0004,0,2016
2016-07-01 16:00:00+00:00,0.0,0.0,28.02,87.14,4.92,UKP_0004,0,2016
2016-07-01 17:00:00+00:00,0.0,0.0,27.79,89.64,4.74,UKP_0004,0,2016
2016-07-01 18:00:00+00:00,0.0,0.0,27.55,91.79,4.59,UKP_0004,0,2016
2016-07-01 19:00:00+00:00,0.0,0.0,27.3,93.52,4.32,UKP_0004,0,2016
2016-07-01 20:00:00+00:00,0.0,0.0,27.09,94.37,3.84,UKP_0004,0,2016
2016-07-01 21:00:00+00:00,0.0,0.0,26.9,94.97,3.49,UKP_0004,0,2016
2016-07-01 22:00:00+00:00,0.0,0.0,26.75,95.47,3.06,UKP_0004,0,2016
2016-07-01 23:00:00+00:00,0.0,0.0,26.64,95.99,2.55,UKP_0004,0,2016
2016-07-02 00:00:00+00:00,5.82,40.62,26.89,94.58,3.13,UKP_0004,0,2016
2016-07-02 01:00:00+00:00,32.05,151.23,27.51,91.29,4.03,UKP_0004,0,2016
2016-07-02 02:00:00+00:00,130.25,311.1,28.37,86.51,4.54,UKP_0004,0,2016
2016-07-02 03:00:00+00:00,417.62,492.12,29.48,80.79,4.74,UKP_0004,0,2016
2016-07-02 04:00:00+00:00,561.75,650.25,30.69,74.23,4.83,UKP_0004,0,2016
2016-07-02 05:00:00+00:00,193.45,747.8,31.77,68.94,4.91,UKP_0004,0,2016
2016-07-02 06:00:00+00:00,707.35,800.4,32.53,64.86,5.03,UKP_0004,0,2016
2016-07-02 07:00:00+00:00,659.95,790.12,32.98,62.24,5.24,UKP_0004,0,2016
2016-07-02 08:00:00+00:00,230.2,718.65,32.97,61.75,5.34,UKP_0004,0,2016
2016-07-02 09:00:00+00:00,331.0,586.58,32.74,62.19,5.22,UKP_0004,0,2016
2016-07-02 10:00:00+00:00,217.73,435.38,31.96,65.1,4.75,UKP_0004,0,2016
2016-07-02 11:00:00+00:00,123.4,260.92,31.14,68.47,4.02,UKP_0004,0,2016
2016-07-02 12:00:00+00:00,49.88,105.93,30.19,73.44,2.87,UKP_0004,0,2016
2016-07-02 13:00:00+00:00,6.95,13.2,29.18,79.18,1.71,UKP_0004,0,2016
2016-07-02 14:00:00+00:00,0.0,0.0,28.52,84.18,1.12,UKP_0004,0,2016
2016-07-02 15:00:00+00:00,0.0,0.0,28.14,86.59,1.05,UKP_0004,0,2016
2016-07-02 16:00:00+00:00,0.0,0.0,27.78,88.47,1.22,UKP_0004,0,2016
2016-07-02 17:00:00+00:00,0.0,0.0,27.44,90.18,1.4,UKP_0004,0,2016
2016-07-02 18:00:00+00:00,0.0,0.0,27.13,91.84,1.52,UKP_0004,0,2016
2016-07-02 19:00:00+00:00,0.0,0.0,26.88,93.18,1.5,UKP_0004,0,2016
2016-07-02 20:00:00+00:00,0.0,0.0,26.69,94.07,1.4,UKP_0004,0,2016
2016-07-02 21:00:00+00:00,0.0,0.0,26.56,94.37,1.44,UKP_0004,0,2016
2016-07-02 22:00:00+00:00,0.0,0.0,26.44,94.51,1.61,UKP_0004,0,2016
2016-07-02 23:00:00+00:00,0.0,0.0,26.29,94.67,1.87,UKP_0004,0,2016
2016-07-03 00:00:00+00:00,31.12,43.1,26.59,93.14,2.54,UKP_0004,0,2016
2016-07-03 01:00:00+00:00,82.0,158.18,27.16,90.24,3.46,UKP_0004,0,2016
2016-07-03 02:00:00+00:00,170.55,332.33,28.02,85.03,4.06,UKP_0004,0,2016
2016-07-03 03:00:00+00:00,362.45,522.2,28.9,78.83,4.43,UKP_0004,0,2016
2016-07-03 04:00:00+00:00,351.2,646.05,29.52,76.07,4.51,UKP_0004,0,2016
2016-07-03 05:00:00+00:00,390.1,777.83,29.99,74.14,4.56,UKP_0004,0,2016
2016-07-03 06:00:00+00:00,350.45,819.42,30.33,70.99,4.4,UKP_0004,0,2016
2016-07-03 07:00:00+00:00,406.67,805.78,30.66,67.47,4.07,UKP_0004,0,2016
2016-07-03 08:00:00+00:00,637.58,734.95,30.88,64.88,3.74,UKP_0004,0,2016
2016-07-03 09:00:00+00:00,497.38,601.15,30.93,63.71,3.64,UKP_0004,0,2016
2016-07-03 10:00:00+00:00,321.4,428.1,30.75,64.06,3.76,UKP_0004,0,2016
2016-07-03 11:00:00+00:00,199.35,260.38,30.28,66.0,3.82,UKP_0004,0,2016
2016-07-03 12:00:00+00:00,84.9,106.07,29.34,71.01,3.52,UKP_0004,0,2016
2016-07-03 13:00:00+00:00,11.48,13.05,27.84,79.89,2.75,UKP_0004,0,2016
2016-07-03 14:00:00+00:00,0.0,0.0,26.91,85.05,2.43,UKP_0004,0,2016
2016-07-03 15:00:00+00:00,0.0,0.0,26.52,87.02,2.11,UKP_0004,0,2016
2016-07-03 16:00:00+00:00,0.0,0.0,26.33,87.9,1.79,UKP_0004,0,2016
2016-07-03 17:00:00+00:00,0.0,0.0,26.22,88.11,1.58,UKP_0004,0,2016
2016-07-03 18:00:00+00:00,0.0,0.0,26.18,87.93,1.46,UKP_0004,0,2016
2016-07-03 19:00:00+00:00,0.0,0.0,26.24,87.14,1.35,UKP_0004,0,2016
2016-07-03 20:00:00+00:00,0.0,0.0,26.35,86.02,1.18,UKP_0004,0,2016
2016-07-03 21:00:00+00:00,0.0,0.0,26.41,84.94,1.1,UKP_0004,0,2016
2016-07-03 22:00:00+00:00,0.0,0.0,26.32,84.55,1.1,UKP_0004,0,2016
2016-07-03 23:00:00+00:00,0.0,0.0,26.17,85.05,1.17,UKP_0004,0,2016
2016-07-04 00:00:00+00:00,30.35,47.3,26.69,84.79,1.32,UKP_0004,0,2016
2016-07-04 01:00:00+00:00,101.0,182.15,28.11,77.1,2.05,UKP_0004,0,2016
2016-07-04 02:00:00+00:00,177.02,370.2,29.74,68.57,3.11,UKP_0004,0,2016
2016-07-04 03:00:00+00:00,333.77,561.92,31.3,62.35,3.84,UKP_0004,0,2016
2016-07-04 04:00:00+00:00,368.35,725.38,32.58,58.56,4.16,UKP_0004,0,2016
2016-07-04 05:00:00+00:00,417.25,838.6,33.48,56.1,4.33,UKP_0004,0,2016
2016-07-04 06:00:00+00:00,557.78,885.17,34.01,54.74,4.47,UKP_0004,0,2016
2016-07-04 07:00:00+00:00,475.8,863.53,34.22,54.29,4.52,UKP_0004,0,2016
2016-07-04 08:00:00+00:00,449.3,779.78,34.24,54.13,4.45,UKP_0004,0,2016
2016-07-04 09:00:00+00:00,449.6,647.53,34.05,54.34,4.22,UKP_0004,0,2016
2016-07-04 10:00:00+00:00,334.8,469.77,33.55,55.51,3.79,UKP_0004,0,2016
2016-07-04 11:00:00+00:00,206.5,283.15,32.72,58.64,3.17,UKP_0004,0,2016
2016-07-04 12:00:00+00:00,83.65,123.72,31.75,63.19,2.46,UKP_0004,0,2016
2016-07-04 13:00:00+00:00,13.65,14.95,30.4,72.02,1.58,UKP_0004,0,2016
2016-07-04 14:00:00+00:00,0.0,0.0,29.74,76.82,1.17,UKP_0004,0,2016
2016-07-04 15:00:00+00:00,0.0,0.0,29.72,74.53,0.81,UKP_0004,0,2016
2016-07-04 16:00:00+00:00,0.0,0.0,29.68,73.4,0.59,UKP_0004,0,2016
2016-07-04 17:00:00+00:00,0.0,0.0,29.48,74.11,0.46,UKP_0004,0,2016
2016-07-04 18:00:00+00:00,0.0,0.0,29.24,73.71,0.12,UKP_0004,0,2016
2016-07-04 19:00:00+00:00,0.0,0.0,28.9,75.18,0.35,UKP_0004,0,2016
2016-07-04 20:00:00+00:00,0.0,0.0,28.22,80.92,0.77,UKP_0004,0,2016
2016-07-04 21:00:00+00:00,0.0,0.0,27.79,83.91,0.78,UKP_0004,0,2016
2016-07-04 22:00:00+00:00,0.0,0.0,27.47,85.77,0.67,UKP_0004,0,2016
2016-07-04 23:00:00+00:00,0.0,0.0,27.14,87.36,0.71,UKP_0004,0,2016
2016-07-05 00:00:00+00:00,47.5,66.22,27.65,84.37,0.8,UKP_0004,0,2016
2016-07-05 01:00:00+00:00,138.27,246.62,29.48,75.07,1.6,UKP_0004,0,2016
2016-07-05 02:00:00+00:00,252.73,453.58,31.18,67.02,2.3,UKP_0004,0,2016
2016-07-05 03:00:00+00:00,390.42,645.85,32.64,61.4,2.59,UKP_0004,0,2016
2016-07-05 04:00:00+00:00,455.1,802.47,33.81,57.47,2.78,UKP_0004,0,2016
2016-07-05 05:00:00+00:00,525.05,908.47,34.45,55.32,3.12,UKP_0004,0,2016
2016-07-05 06:00:00+00:00,533.58,965.0,35.27,52.42,3.61,UKP_0004,0,2016
2016-07-05 07:00:00+00:00,528.75,944.45,35.92,49.98,4.19,UKP_0004,0,2016
2016-07-05 08:00:00+00:00,483.77,861.45,36.3,47.65,4.71,UKP_0004,0,2016
2016-07-05 09:00:00+00:00,424.35,723.08,36.48,45.7,4.87,UKP_0004,0,2016
2016-07-05 10:00:00+00:00,308.38,542.12,36.1,45.68,4.68,UKP_0004,0,2016
2016-07-05 11:00:00+00:00,188.7,338.8,34.92,49.85,4.39,UKP_0004,0,2016
2016-07-05 12:00:00+00:00,76.53,140.52,33.11,57.95,4.46,UKP_0004,0,2016
2016-07-05 13:00:00+00:00,10.93,15.82,30.92,68.81,4.73,UKP_0004,0,2016
2016-07-05 14:00:00+00:00,0.0,0.0,29.58,76.26,4.92,UKP_0004,0,2016
2016-07-05 15:00:00+00:00,0.0,0.0,28.86,80.41,4.65,UKP_0004,0,2016
2016-07-05 16:00:00+00:00,0.0,0.0,28.29,83.76,4.0,UKP_0004,0,2016
2016-07-05 17:00:00+00:00,0.0,0.0,27.82,86.62,3.1,UKP_0004,0,2016
2016-07-05 18:00:00+00:00,0.0,0.0,27.48,88.33,2.21,UKP_0004,0,2016
2016-07-05 19:00:00+00:00,0.0,0.0,27.22,89.56,1.43,UKP_0004,0,2016
2016-07-05 20:00:00+00:00,0.0,0.0,27.0,90.59,0.92,UKP_0004,0,2016
2016-07-05 21:00:00+00:00,0.0,0.0,26.83,91.21,0.77,UKP_0004,0,2016
2016-07-05 22:00:00+00:00,0.0,0.0,26.7,91.26,0.8,UKP_0004,0,2016
2016-07-05 23:00:00+00:00,0.0,0.0,26.63,91.08,0.82,UKP_0004,0,2016
2016-07-06 00:00:00+00:00,16.8,55.2,27.4,87.3,1.08,UKP_0004,0,2016
2016-07-06 01:00:00+00:00,54.62,211.0,28.98,77.9,1.75,UKP_0004,0,2016
2016-07-06 02:00:00+00:00,99.75,402.77,30.77,68.49,2.72,UKP_0004,0,2016
2016-07-06 03:00:00+00:00,193.35,588.7,32.11,63.28,3.41,UKP_0004,0,2016
2016-07-06 04:00:00+00:00,321.48,743.8,33.13,59.78,4.05,UKP_0004,0,2016
2016-07-06 05:00:00+00:00,375.0,852.58,34.02,57.33,4.41,UKP_0004,0,2016
2016-07-06 06:00:00+00:00,514.25,920.45,34.53,55.65,4.6,UKP_0004,0,2016
2016-07-06 07:00:00+00:00,381.4,901.6,34.7,54.35,4.61,UKP_0004,0,2016
2016-07-06 08:00:00+00:00,423.92,820.1,34.84,53.27,4.53,UKP_0004,0,2016
2016-07-06 09:00:00+00:00,500.95,683.97,34.65,53.04,4.29,UKP_0004,0,2016
2016-07-06 10:00:00+00:00,391.52,502.83,34.17,54.05,3.8,UKP_0004,0,2016
2016-07-06 11:00:00+00:00,236.3,306.7,33.36,57.13,3.24,UKP_0004,0,2016
2016-07-06 12:00:00+00:00,107.75,128.55,32.32,61.71,2.9,UKP_0004,0,2016
2016-07-06 13:00:00+00:00,14.05,14.98,30.77,69.85,2.48,UKP_0004,0,2016
2016-07-06 14:00:00+00:00,0.0,0.0,29.89,73.74,2.86,UKP_0004,0,2016
2016-07-06 15:00:00+00:00,0.0,0.0,29.35,76.32,2.86,UKP_0004,0,2016
2016-07-06 16:00:00+00:00,0.0,0.0,29.01,78.12,2.6,UKP_0004,0,2016
2016-07-06 17:00:00+00:00,0.0,0.0,28.81,78.25,2.15,UKP_0004,0,2016
2016-07-06 18:00:00+00:00,0.0,0.0,28.45,80.01,1.39,UKP_0004,0,2016
2016-07-06 19:00:00+00:00,0.0,0.0,27.87,83.76,1.06,UKP_0004,0,2016
2016-07-06 20:00:00+00:00,0.0,0.0,27.55,85.13,1.15,UKP_0004,0,2016
2016-07-06 21:00:00+00:00,0.0,0.0,27.35,85.52,1.42,UKP_0004,0,2016
2016-07-06 22:00:00+00:00,0.0,0.0,27.31,85.22,1.57,UKP_0004,0,2016
2016-07-06 23:00:00+00:00,0.0,0.0,27.33,84.64,1.64,UKP_0004,0,2016
2016-07-07 00:00:00+00:00,29.0,53.8,28.12,82.38,1.59,UKP_0004,0,2016
2016-07-07 01:00:00+00:00,88.8,215.6,29.85,71.52,1.62,UKP_0004,0,2016
2016-07-07 02:00:00+00:00,171.65,419.02,32.08,59.91,1.08,UKP_0004,0,2016
2016-07-07 03:00:00+00:00,314.6,635.7,33.03,54.99,1.64,UKP_0004,0,2016
2016-07-07 04:00:00+00:00,447.73,802.15,33.69,53.56,1.88,UKP_0004,0,2016
2016-07-07 05:00:00+00:00,606.38,914.12,34.29,53.05,2.06,UKP_0004,0,2016
2016-07-07 06:00:00+00:00,716.8,936.67,34.95,51.38,2.23,UKP_0004,0,2016
2016-07-07 07:00:00+00:00,674.17,924.62,35.36,49.9,2.36,UKP_0004,0,2016
2016-07-07 08:00:00+00:00,649.22,846.92,35.52,48.96,2.46,UKP_0004,0,2016
2016-07-07 09:00:00+00:00,566.78,710.88,35.46,48.93,2.6,UKP_0004,0,2016
2016-07-07 10:00:00+00:00,431.25,529.4,35.41,48.51,2.72,UKP_0004,0,2016
2016-07-07 11:00:00+00:00,261.67,324.02,34.83,50.27,2.62,UKP_0004,0,2016
2016-07-07 12:00:00+00:00,117.5,134.23,33.88,52.97,2.37,UKP_0004,0,2016
2016-07-07 13:00:00+00:00,15.02,15.07,31.67,67.69,1.81,UKP_0004,0,2016
2016-07-07 14:00:00+00:00,0.0,0.0,30.62,71.6,1.93,UKP_0004,0,2016
2016-07-07 15:00:00+00:00,0.0,0.0,30.11,72.46,2.03,UKP_0004,0,2016
2016-07-07 16:00:00+00:00,0.0,0.0,29.68,73.86,1.98,UKP_0004,0,2016
2016-07-07 17:00:00+00:00,0.0,0.0,29.31,75.79,1.74,UKP_0004,0,2016
2016-07-07 18:00:00+00:00,0.0,0.0,28.92,77.92,1.37,UKP_0004,0,2016
2016-07-07 19:00:00+00:00,0.0,0.0,28.47,81.04,0.97,UKP_0004,0,2016
2016-07-07 20:00:00+00:00,0.0,0.0,28.03,84.47,0.74,UKP_0004,0,2016
2016-07-07 21:00:00+00:00,0.0,0.0,27.7,86.23,0.8,UKP_0004,0,2016
2016-07-07 22:00:00+00:00,0.0,0.0,27.39,88.14,0.99,UKP_0004,0,2016
2016-07-07 23:00:00+00:00,0.0,0.0,27.11,89.41,1.15,UKP_0004,0,2016
2016-07-08 00:00:00+00:00,28.1,45.33,27.69,86.82,1.49,UKP_0004,0,2016
2016-07-08 01:00:00+00:00,92.0,181.38,29.2,79.28,1.84,UKP_0004,0,2016
2016-07-08 02:00:00+00:00,182.25,366.27,30.8,70.9,2.81,UKP_0004,0,2016
2016-07-08 03:00:00+00:00,114.55,558.03,32.01,65.44,3.27,UKP_0004,0,2016
2016-07-08 04:00:00+00:00,190.75,720.53,32.94,61.83,3.15,UKP_0004,0,2016
2016-07-08 05:00:00+00:00,412.08,832.65,33.63,59.14,2.98,UKP_0004,0,2016
2016-07-08 06:00:00+00:00,671.5,904.62,34.03,57.36,2.84,UKP_0004,0,2016
2016-07-08 07:00:00+00:00,723.03,887.22,34.43,55.75,2.76,UKP_0004,0,2016
2016-07-08 08:00:00+00:00,584.9,809.62,34.58,55.12,2.73,UKP_0004,0,2016
2016-07-08 09:00:00+00:00,476.48,667.9,34.8,54.6,2.61,UKP_0004,0,2016
2016-07-08 10:00:00+00:00,328.62,482.2,34.74,54.56,2.48,UKP_0004,0,2016
2016-07-08 11:00:00+00:00,211.25,295.58,34.27,56.8,2.34,UKP_0004,0,2016
2016-07-08 12:00:00+00:00,85.25,123.18,33.36,60.33,2.27,UKP_0004,0,2016
2016-07-08 13:00:00+00:00,12.85,14.27,31.21,72.96,2.16,UKP_0004,0,2016
2016-07-08 14:00:00+00:00,0.0,0.0,30.06,76.93,2.71,UKP_0004,0,2016
2016-07-08 15:00:00+00:00,0.0,0.0,29.49,79.07,3.08,UKP_0004,0,2016
2016-07-08 16:00:00+00:00,0.0,0.0,28.97,81.82,3.07,UKP_0004,0,2016
2016-07-08 17:00:00+00:00,0.0,0.0,28.51,84.56,2.97,UKP_0004,0,2016
2016-07-08 18:00:00+00:00,0.0,0.0,28.13,86.81,2.94,UKP_0004,0,2016
2016-07-08 19:00:00+00:00,0.0,0.0,27.81,88.76,2.78,UKP_0004,0,2016
2016-07-08 20:00:00+00:00,0.0,0.0,27.53,90.48,2.43,UKP_0004,0,2016
2016-07-08 21:00:00+00:00,0.0,0.0,27.33,91.87,1.91,UKP_0004,0,2016
2016-07-08 22:00:00+00:00,0.0,0.0,27.19,92.83,1.4,UKP_0004,0,2016
2016-07-08 23:00:00+00:00,0.0,0.0,27.13,93.16,1.16,UKP_0004,0,2016
2016-07-09 00:00:00+00:00,36.85,49.53,27.76,90.26,1.37,UKP_0004,0,2016
2016-07-09 01:00:00+00:00,129.5,208.2,29.08,82.83,2.13,UKP_0004,0,2016
2016-07-09 02:00:00+00:00,248.0,415.1,30.66,71.91,2.85,UKP_0004,0,2016
2016-07-09 03:00:00+00:00,430.5,628.92,31.91,65.57,3.01,UKP_0004,0,2016
2016-07-09 04:00:00+00:00,628.05,792.72,32.92,62.06,3.21,UKP_0004,0,2016
2016-07-09 05:00:00+00:00,785.75,905.9,33.72,59.47,3.55,UKP_0004,0,2016
2016-07-09 06:00:00+00:00,713.7,941.97,34.26,57.42,3.77,UKP_0004,0,2016
2016-07-09 07:00:00+00:00,625.45,932.92,34.59,55.84,3.92,UKP_0004,0,2016
2016-07-09 08:00:00+00:00,624.55,859.03,34.66,55.1,3.92,UKP_0004,0,2016
2016-07-09 09:00:00+00:00,512.45,725.8,34.56,54.82,3.83,UKP_0004,0,2016
2016-07-09 10:00:00+00:00,355.27,546.92,34.15,55.54,3.55,UKP_0004,0,2016
2016-07-09 11:00:00+00:00,214.02,342.83,33.38,57.95,3.16,UKP_0004,0,2016
2016-07-09 12:00:00+00:00,99.28,146.38,32.26,63.1,2.6,UKP_0004,0,2016
2016-07-09 13:00:00+00:00,13.0,16.15,30.5,73.34,1.92,UKP_0004,0,2016
2016-07-09 14:00:00+00:00,0.0,0.0,29.4,79.01,1.89,UKP_0004,0,2016
2016-07-09 15:00:00+00:00,0.0,0.0,28.82,80.65,2.02,UKP_0004,0,2016
2016-07-09 16:00:00+00:00,0.0,0.0,28.35,82.12,2.07,UKP_0004,0,2016
2016-07-09 17:00:00+00:00,0.0,0.0,27.92,83.8,1.98,UKP_0004,0,2016
2016-07-09 18:00:00+00:00,0.0,0.0,27.55,85.36,1.84,UKP_0004,0,2016
2016-07-09 19:00:00+00:00,0.0,0.0,27.23,86.58,1.75,UKP_0004,0,2016
2016-07-09 20:00:00+00:00,0.0,0.0,26.99,87.35,1.68,UKP_0004,0,2016
2016-07-09 21:00:00+00:00,0.0,0.0,26.83,87.64,1.63,UKP_0004,0,2016
2016-07-09 22:00:00+00:00,0.0,0.0,26.71,87.64,1.55,UKP_0004,0,2016
2016-07-09 23:00:00+00:00,0.0,0.0,26.78,86.59,1.36,UKP_0004,0,2016
2016-07-10 00:00:00+00:00,35.22,48.15,28.01,83.54,1.05,UKP_0004,0,2016
2016-07-10 01:00:00+00:00,142.05,200.8,30.01,73.13,0.32,UKP_0004,0,2016
2016-07-10 02:00:00+00:00,306.1,412.65,32.2,61.52,1.23,UKP_0004,0,2016
2016-07-10 03:00:00+00:00,423.52,617.45,33.43,56.07,1.6,UKP_0004,0,2016
2016-07-10 04:00:00+00:00,529.65,786.58,34.26,53.2,1.64,UKP_0004,0,2016
2016-07-10 05:00:00+00:00,608.17,903.33,35.05,50.73,1.73,UKP_0004,0,2016
2016-07-10 06:00:00+00:00,569.3,959.15,35.65,48.96,1.95,UKP_0004,0,2016
2016-07-10 07:00:00+00:00,531.17,941.7,35.98,47.99,2.21,UKP_0004,0,2016
2016-07-10 08:00:00+00:00,491.35,856.42,36.12,47.64,2.31,UKP_0004,0,2016
2016-07-10 09:00:00+00:00,473.15,701.45,36.02,47.87,2.24,UKP_0004,0,2016
2016-07-10 10:00:00+00:00,277.33,514.62,35.75,48.57,2.29,UKP_0004,0,2016
2016-07-10 11:00:00+00:00,160.23,312.92,35.05,50.65,2.48,UKP_0004,0,2016
2016-07-10 12:00:00+00:00,70.07,128.12,33.95,55.68,2.47,UKP_0004,0,2016
2016-07-10 13:00:00+00:00,9.52,14.32,32.05,66.3,1.94,UKP_0004,0,2016
2016-07-10 14:00:00+00:00,0.0,0.0,30.93,72.76,1.89,UKP_0004,0,2016
2016-07-10 15:00:00+00:00,0.0,0.0,30.37,75.76,1.84,UKP_0004,0,2016
2016-07-10 16:00:00+00:00,0.0,0.0,29.88,78.67,1.67,UKP_0004,0,2016
2016-07-10 17:00:00+00:00,0.0,0.0,29.43,81.3,1.56,UKP_0004,0,2016
2016-07-10 18:00:00+00:00,0.0,0.0,29.03,83.57,1.46,UKP_0004,0,2016
2016-07-10 19:00:00+00:00,0.0,0.0,28.74,85.68,1.24,UKP_0004,0,2016
2016-07-10 20:00:00+00:00,0.0,0.0,28.53,87.1,1.12,UKP_0004,0,2016
2016-07-10 21:00:00+00:00,0.0,0.0,28.27,88.34,1.01,UKP_0004,0,2016
2016-07-10 22:00:00+00:00,0.0,0.0,27.99,89.64,0.9,UKP_0004,0,2016
2016-07-10 23:00:00+00:00,0.0,0.0,27.69,90.82,0.9,UKP_0004,0,2016
2016-07-11 00:00:00+00:00,24.12,49.6,27.8,89.87,1.38,UKP_0004,0,2016
2016-07-11 01:00:00+00:00,85.03,204.48,28.66,84.48,2.26,UKP_0004,0,2016
2016-07-11 02:00:00+00:00,172.27,410.5,29.61,78.03,3.12,UKP_0004,0,2016
2016-07-11 03:00:00+00:00,225.93,607.5,30.5,71.93,3.86,UKP_0004,0,2016
2016-07-11 04:00:00+00:00,360.45,768.5,31.09,68.65,4.81,UKP_0004,0,2016
2016-07-11 05:00:00+00:00,408.7,883.85,30.99,68.94,5.91,UKP_0004,0,2016
2016-07-11 06:00:00+00:00,477.58,954.47,30.72,69.66,6.63,UKP_0004,0,2016
2016-07-11 07:00:00+00:00,472.98,938.67,30.47,69.94,6.81,UKP_0004,0,2016
2016-07-11 08:00:00+00:00,447.85,862.38,30.35,69.88,6.59,UKP_0004,0,2016
2016-07-11 09:00:00+00:00,441.23,728.58,30.33,69.37,5.85,UKP_0004,0,2016
2016-07-11 10:00:00+00:00,308.1,551.62,30.22,69.79,5.0,UKP_0004,0,2016
2016-07-11 11:00:00+00:00,184.0,350.83,29.7,72.84,4.05,UKP_0004,0,2016
2016-07-11 12:00:00+00:00,79.03,153.2,28.89,77.67,3.13,UKP_0004,0,2016
2016-07-11 13:00:00+00:00,10.65,16.62,27.99,83.87,2.35,UKP_0004,0,2016
2016-07-11 14:00:00+00:00,0.0,0.0,27.47,87.4,2.25,UKP_0004,0,2016
2016-07-11 15:00:00+00:00,0.0,0.0,27.21,88.95,2.41,UKP_0004,0,2016
2016-07-11 16:00:00+00:00,0.0,0.0,27.02,89.83,2.56,UKP_0004,0,2016
2016-07-11 17:00:00+00:00,0.0,0.0,26.87,90.46,2.49,UKP_0004,0,2016
2016-07-11 18:00:00+00:00,0.0,0.0,26.77,90.84,2.18,UKP_0004,0,2016
2016-07-11 19:00:00+00:00,0.0,0.0,26.69,91.04,2.09,UKP_0004,0,2016
2016-07-11 20:00:00+00:00,0.0,0.0,26.59,91.19,2.09,UKP_0004,0,2016
2016-07-11 21:00:00+00:00,0.0,0.0,26.49,91.4,1.91,UKP_0004,0,2016
2016-07-11 22:00:00+00:00,0.0,0.0,26.4,91.63,1.8,UKP_0004,0,2016
2016-07-11 23:00:00+00:00,0.0,0.0,26.35,91.58,1.71,UKP_0004,0,2016
2016-07-12 00:00:00+00:00,22.73,62.3,26.71,90.57,1.84,UKP_0004,0,2016
2016-07-12 01:00:00+00:00,99.32,251.57,27.51,86.11,2.57,UKP_0004,0,2016
2016-07-12 02:00:00+00:00,215.85,464.23,28.47,79.72,3.53,UKP_0004,0,2016
2016-07-12 03:00:00+00:00,380.85,660.35,29.53,73.0,4.19,UKP_0004,0,2016
2016-07-12 04:00:00+00:00,588.72,820.3,30.8,67.73,4.51,UKP_0004,0,2016
2016-07-12 05:00:00+00:00,748.75,927.55,31.99,63.95,4.6,UKP_0004,0,2016
2016-07-12 06:00:00+00:00,676.97,952.1,32.83,61.62,4.6,UKP_0004,0,2016
2016-07-12 07:00:00+00:00,645.45,942.6,33.39,60.02,4.74,UKP_0004,0,2016
2016-07-12 08:00:00+00:00,572.15,868.28,33.57,59.41,4.85,UKP_0004,0,2016
2016-07-12 09:00:00+00:00,489.52,737.9,33.61,59.01,4.71,UKP_0004,0,2016
2016-07-12 10:00:00+00:00,364.52,562.72,33.46,59.08,4.33,UKP_0004,0,2016
2016-07-12 11:00:00+00:00,217.85,359.83,32.98,60.71,3.81,UKP_0004,0,2016
2016-07-12 12:00:00+00:00,81.18,157.27,32.03,65.35,3.12,UKP_0004,0,2016
2016-07-12 13:00:00+00:00,10.32,16.6,30.42,74.27,2.09,UKP_0004,0,2016
2016-07-12 14:00:00+00:00,0.0,0.0,29.55,77.85,1.98,UKP_0004,0,2016
2016-07-12 15:00:00+00:00,0.0,0.0,29.15,79.42,1.9,UKP_0004,0,2016
2016-07-12 16:00:00+00:00,0.0,0.0,28.83,80.75,1.77,UKP_0004,0,2016
2016-07-12 17:00:00+00:00,0.0,0.0,28.61,81.75,1.63,UKP_0004,0,2016
2016-07-12 18:00:00+00:00,0.0,0.0,28.42,82.69,1.58,UKP_0004,0,2016
2016-07-12 19:00:00+00:00,0.0,0.0,28.26,83.25,1.65,UKP_0004,0,2016
2016-07-12 20:00:00+00:00,0.0,0.0,28.13,83.71,1.7,UKP_0004,0,2016
2016-07-12 21:00:00+00:00,0.0,0.0,27.91,84.42,1.82,UKP_0004,0,2016
2016-07-12 22:00:00+00:00,0.0,0.0,27.6,84.9,2.11,UKP_0004,0,2016
2016-07-12 23:00:00+00:00,0.0,0.0,27.35,85.06,2.46,UKP_0004,0,2016
2016-07-13 00:00:00+00:00,27.98,62.85,27.48,84.34,2.93,UKP_0004,0,2016
2016-07-13 01:00:00+00:00,115.88,251.57,27.9,82.46,3.55,UKP_0004,0,2016
2016-07-13 02:00:00+00:00,236.73,461.75,28.46,79.23,4.01,UKP_0004,0,2016
2016-07-13 03:00:00+00:00,433.92,655.03,29.49,72.36,4.47,UKP_0004,0,2016
2016-07-13 04:00:00+00:00,567.75,813.08,30.44,67.71,4.46,UKP_0004,0,2016
2016-07-13 05:00:00+00:00,618.1,921.28,31.36,64.61,4.12,UKP_0004,0,2016
2016-07-13 06:00:00+00:00,625.12,956.75,32.19,62.26,3.7,UKP_0004,0,2016
2016-07-13 07:00:00+00:00,649.62,941.15,32.79,60.59,3.42,UKP_0004,0,2016
2016-07-13 08:00:00+00:00,524.45,865.53,33.14,59.61,3.25,UKP_0004,0,2016
2016-07-13 09:00:00+00:00,409.8,733.17,33.33,59.19,3.12,UKP_0004,0,2016
2016-07-13 10:00:00+00:00,283.92,558.1,33.36,59.27,2.98,UKP_0004,0,2016
2016-07-13 11:00:00+00:00,179.73,356.12,32.99,60.95,2.79,UKP_0004,0,2016
2016-07-13 12:00:00+00:00,82.8,154.45,32.12,65.47,2.5,UKP_0004,0,2016
2016-07-13 13:00:00+00:00,9.68,15.93,30.54,74.43,1.87,UKP_0004,0,2016
2016-07-13 14:00:00+00:00,0.0,0.0,29.67,78.5,1.92,UKP_0004,0,2016
2016-07-13 15:00:00+00:00,0.0,0.0,29.15,80.86,2.13,UKP_0004,0,2016
2016-07-13 16:00:00+00:00,0.0,0.0,28.61,83.79,2.42,UKP_0004,0,2016
2016-07-13 17:00:00+00:00,0.0,0.0,28.13,86.93,2.27,UKP_0004,0,2016
2016-07-13 18:00:00+00:00,0.0,0.0,27.77,89.45,1.88,UKP_0004,0,2016
2016-07-13 19:00:00+00:00,0.0,0.0,27.56,90.73,1.65,UKP_0004,0,2016
2016-07-13 20:00:00+00:00,0.0,0.0,27.28,92.41,1.42,UKP_0004,0,2016
2016-07-13 21:00:00+00:00,0.0,0.0,27.05,93.83,1.3,UKP_0004,0,2016
2016-07-13 22:00:00+00:00,0.0,0.0,26.86,94.72,1.22,UKP_0004,0,2016
2016-07-13 23:00:00+00:00,0.0,0.0,26.72,95.22,1.26,UKP_0004,0,2016
2016-07-14 00:00:00+00:00,22.58,51.6,26.92,94.29,1.51,UKP_0004,0,2016
2016-07-14 01:00:00+00:00,81.62,223.88,27.43,91.34,1.54,UKP_0004,0,2016
2016-07-14 02:00:00+00:00,162.32,430.73,28.33,85.8,1.24,UKP_0004,0,2016
2016-07-14 03:00:00+00:00,294.33,627.47,29.42,78.23,1.01,UKP_0004,0,2016
2016-07-14 04:00:00+00:00,307.83,787.4,30.29,73.23,1.07,UKP_0004,0,2016
2016-07-14 05:00:00+00:00,393.88,898.22,31.1,68.93,1.29,UKP_0004,0,2016
2016-07-14 06:00:00+00:00,384.9,934.53,31.84,65.48,1.53,UKP_0004,0,2016
2016-07-14 07:00:00+00:00,458.65,917.15,32.31,63.28,1.69,UKP_0004,0,2016
2016-07-14 08:00:00+00:00,436.85,838.97,32.44,62.62,1.82,UKP_0004,0,2016
2016-07-14 09:00:00+00:00,413.17,703.75,32.4,62.82,2.04,UKP_0004,0,2016
2016-07-14 10:00:00+00:00,292.52,524.05,32.12,64.05,2.22,UKP_0004,0,2016
2016-07-14 11:00:00+00:00,163.85,321.65,31.71,66.42,2.2,UKP_0004,0,2016
2016-07-14 12:00:00+00:00,69.8,130.57,30.96,69.32,2.07,UKP_0004,0,2016
2016-07-14 13:00:00+00:00,8.7,13.45,29.63,78.57,1.63,UKP_0004,0,2016
2016-07-14 14:00:00+00:00,0.0,0.0,28.95,81.71,1.61,UKP_0004,0,2016
2016-07-14 15:00:00+00:00,0.0,0.0,28.65,82.59,1.55,UKP_0004,0,2016
2016-07-14 16:00:00+00:00,0.0,0.0,28.44,83.05,1.41,UKP_0004,0,2016
2016-07-14 17:00:00+00:00,0.0,0.0,28.33,83.08,1.25,UKP_0004,0,2016
2016-07-14 18:00:00+00:00,0.0,0.0,28.09,84.32,1.23,UKP_0004,0,2016
2016-07-14 19:00:00+00:00,0.0,0.0,27.67,86.3,1.42,UKP_0004,0,2016
2016-07-14 20:00:00+00:00,0.0,0.0,27.27,87.81,1.64,UKP_0004,0,2016
2016-07-14 21:00:00+00:00,0.0,0.0,27.08,88.44,1.65,UKP_0004,0,2016
2016-07-14 22:00:00+00:00,0.0,0.0,27.18,87.64,1.43,UKP_0004,0,2016
2016-07-14 23:00:00+00:00,0.0,0.0,27.42,85.46,1.15,UKP_0004,0,2016
2016-07-15 00:00:00+00:00,19.52,47.92,28.01,85.35,0.81,UKP_0004,0,2016
2016-07-15 01:00:00+00:00,74.03,216.57,29.16,76.68,0.79,UKP_0004,0,2016
2016-07-15 02:00:00+00:00,154.8,425.42,30.1,73.6,1.74,UKP_0004,0,2016
2016-07-15 03:00:00+00:00,346.25,621.38,30.68,69.88,2.43,UKP_0004,0,2016
2016-07-15 04:00:00+00:00,569.15,781.38,31.48,66.3,2.76,UKP_0004,0,2016
2016-07-15 05:00:00+00:00,574.22,890.8,32.38,63.04,2.94,UKP_0004,0,2016
2016-07-15 06:00:00+00:00,586.35,925.7,33.07,60.0,3.04,UKP_0004,0,2016
2016-07-15 07:00:00+00:00,630.53,912.53,33.44,58.08,3.2,UKP_0004,0,2016
2016-07-15 08:00:00+00:00,581.25,834.67,33.6,57.14,3.5,UKP_0004,0,2016
2016-07-15 09:00:00+00:00,432.48,700.28,33.55,56.61,3.74,UKP_0004,0,2016
2016-07-15 10:00:00+00:00,278.08,520.17,33.11,57.47,3.74,UKP_0004,0,2016
2016-07-15 11:00:00+00:00,175.23,319.0,32.32,61.16,3.35,UKP_0004,0,2016
2016-07-15 12:00:00+00:00,83.0,129.98,31.29,65.24,3.06,UKP_0004,0,2016
2016-07-15 13:00:00+00:00,8.5,13.38,29.59,75.58,2.28,UKP_0004,0,2016
2016-07-15 14:00:00+00:00,0.0,0.0,28.68,79.43,2.33,UKP_0004,0,2016
2016-07-15 15:00:00+00:00,0.0,0.0,28.19,82.38,2.08,UKP_0004,0,2016
2016-07-15 16:00:00+00:00,0.0,0.0,27.82,85.01,1.83,UKP_0004,0,2016
2016-07-15 17:00:00+00:00,0.0,0.0,27.56,86.69,1.37,UKP_0004,0,2016
2016-07-15 18:00:00+00:00,0.0,0.0,27.3,88.84,1.14,UKP_0004,0,2016
2016-07-15 19:00:00+00:00,0.0,0.0,26.99,91.19,1.23,UKP_0004,0,2016
2016-07-15 20:00:00+00:00,0.0,0.0,26.67,92.59,1.35,UKP_0004,0,2016
2016-07-15 21:00:00+00:00,0.0,0.0,26.38,93.76,1.63,UKP_0004,0,2016
2016-07-15 22:00:00+00:00,0.0,0.0,26.11,94.61,2.22,UKP_0004,0,2016
2016-07-15 23:00:00+00:00,0.0,0.0,25.93,95.34,2.66,UKP_0004,0,2016
2016-07-16 00:00:00+00:00,7.8,41.92,26.06,95.1,3.17,UKP_0004,0,2016
2016-07-16 01:00:00+00:00,18.15,170.43,26.68,93.17,3.63,UKP_0004,0,2016
2016-07-16 02:00:00+00:00,40.65,364.08,27.75,88.37,3.99,UKP_0004,0,2016
2016-07-16 03:00:00+00:00,46.05,584.47,28.99,81.78,4.15,UKP_0004,0,2016
2016-07-16 04:00:00+00:00,67.65,751.38,29.8,77.99,4.09,UKP_0004,0,2016
2016-07-16 05:00:00+00:00,85.78,863.97,30.26,75.77,3.9,UKP_0004,0,2016
2016-07-16 06:00:00+00:00,154.98,910.33,30.5,74.43,3.51,UKP_0004,0,2016
2016-07-16 07:00:00+00:00,261.35,902.65,30.69,73.16,2.99,UKP_0004,0,2016
2016-07-16 08:00:00+00:00,211.8,809.97,30.81,72.04,2.64,UKP_0004,0,2016
2016-07-16 09:00:00+00:00,145.15,685.17,30.64,72.48,2.45,UKP_0004,0,2016
2016-07-16 10:00:00+00:00,83.25,516.08,30.42,73.73,2.04,UKP_0004,0,2016
2016-07-16 11:00:00+00:00,52.15,322.4,30.31,74.99,1.38,UKP_0004,0,2016
2016-07-16 12:00:00+00:00,22.75,133.62,29.88,75.4,1.23,UKP_0004,0,2016
2016-07-16 13:00:00+00:00,2.95,13.65,28.47,87.71,1.56,UKP_0004,0,2016
2016-07-16 14:00:00+00:00,0.0,0.0,27.65,89.25,2.24,UKP_0004,0,2016
2016-07-16 15:00:00+00:00,0.0,0.0,27.25,90.43,2.44,UKP_0004,0,2016
2016-07-16 16:00:00+00:00,0.0,0.0,26.91,92.01,2.42,UKP_0004,0,2016
2016-07-16 17:00:00+00:00,0.0,0.0,26.62,92.88,2.42,UKP_0004,0,2016
2016-07-16 18:00:00+00:00,0.0,0.0,26.37,93.4,2.27,UKP_0004,0,2016
2016-07-16 19:00:00+00:00,0.0,0.0,26.21,93.59,2.06,UKP_0004,0,2016
2016-07-16 20:00:00+00:00,0.0,0.0,26.11,93.64,1.92,UKP_0004,0,2016
2016-07-16 21:00:00+00:00,0.0,0.0,26.0,93.8,1.99,UKP_0004,0,2016
2016-07-16 22:00:00+00:00,0.0,0.0,25.83,94.36,2.37,UKP_0004,0,2016
2016-07-16 23:00:00+00:00,0.0,0.0,25.69,95.12,2.79,UKP_0004,0,2016
2016-07-17 00:00:00+00:00,17.48,49.42,25.77,95.16,3.19,UKP_0004,0,2016
2016-07-17 01:00:00+00:00,64.22,217.88,26.2,94.09,3.67,UKP_0004,0,2016
2016-07-17 02:00:00+00:00,137.45,440.62,26.98,91.39,3.8,UKP_0004,0,2016
2016-07-17 03:00:00+00:00,237.82,640.12,27.78,86.24,4.02,UKP_0004,0,2016
2016-07-17 04:00:00+00:00,195.55,803.42,28.41,82.64,4.18,UKP_0004,0,2016
2016-07-17 05:00:00+00:00,289.73,910.6,29.05,79.92,4.17,UKP_0004,0,2016
2016-07-17 06:00:00+00:00,356.0,959.42,29.62,77.51,4.12,UKP_0004,0,2016
2016-07-17 07:00:00+00:00,278.88,949.55,29.93,75.92,4.04,UKP_0004,0,2016
2016-07-17 08:00:00+00:00,282.05,876.3,30.11,74.92,3.97,UKP_0004,0,2016
2016-07-17 09:00:00+00:00,275.5,742.72,30.05,74.9,3.79,UKP_0004,0,2016
2016-07-17 10:00:00+00:00,227.43,563.33,29.81,75.76,3.55,UKP_0004,0,2016
2016-07-17 11:00:00+00:00,129.02,356.9,29.29,78.34,3.17,UKP_0004,0,2016
2016-07-17 12:00:00+00:00,54.92,151.55,28.46,83.21,2.59,UKP_0004,0,2016
2016-07-17 13:00:00+00:00,7.0,14.82,27.22,90.09,2.04,UKP_0004,0,2016
2016-07-17 14:00:00+00:00,0.0,0.0,26.52,93.23,1.91,UKP_0004,0,2016
2016-07-17 15:00:00+00:00,0.0,0.0,26.19,94.27,1.97,UKP_0004,0,2016
2016-07-17 16:00:00+00:00,0.0,0.0,25.95,95.15,2.05,UKP_0004,0,2016
2016-07-17 17:00:00+00:00,0.0,0.0,25.75,96.05,1.97,UKP_0004,0,2016
2016-07-17 18:00:00+00:00,0.0,0.0,25.61,96.69,1.8,UKP_0004,0,2016
2016-07-17 19:00:00+00:00,0.0,0.0,25.54,96.98,1.66,UKP_0004,0,2016
2016-07-17 20:00:00+00:00,0.0,0.0,25.5,96.96,1.66,UKP_0004,0,2016
2016-07-17 21:00:00+00:00,0.0,0.0,25.45,96.94,1.69,UKP_0004,0,2016
2016-07-17 22:00:00+00:00,0.0,0.0,25.4,96.74,1.75,UKP_0004,0,2016
2016-07-17 23:00:00+00:00,0.0,0.0,25.34,96.41,1.74,UKP_0004,0,2016
2016-07-18 00:00:00+00:00,28.83,52.6,25.48,95.38,1.64,UKP_0004,0,2016
2016-07-18 01:00:00+00:00,109.95,231.2,26.03,92.93,1.68,UKP_0004,0,2016
2016-07-18 02:00:00+00:00,203.75,436.85,26.67,89.33,2.01,UKP_0004,0,2016
2016-07-18 03:00:00+00:00,308.83,632.78,27.22,86.69,1.75,UKP_0004,0,2016
2016-07-18 04:00:00+00:00,341.95,791.5,27.79,83.38,1.33,UKP_0004,0,2016
2016-07-18 05:00:00+00:00,447.27,899.45,28.31,81.0,0.94,UKP_0004,0,2016
2016-07-18 06:00:00+00:00,395.35,944.88,28.57,79.95,0.86,UKP_0004,0,2016
2016-07-18 07:00:00+00:00,409.15,932.15,28.77,79.6,1.17,UKP_0004,0,2016
2016-07-18 08:00:00+00:00,517.4,855.17,29.06,78.95,1.53,UKP_0004,0,2016
2016-07-18 09:00:00+00:00,431.67,724.45,29.32,78.13,1.93,UKP_0004,0,2016
2016-07-18 10:00:00+00:00,313.62,549.05,29.41,77.72,2.44,UKP_0004,0,2016
2016-07-18 11:00:00+00:00,175.45,346.15,29.32,78.64,2.75,UKP_0004,0,2016
2016-07-18 12:00:00+00:00,72.43,146.12,28.71,81.8,2.61,UKP_0004,0,2016
2016-07-18 13:00:00+00:00,11.5,14.5,27.39,89.55,2.09,UKP_0004,0,2016
2016-07-18 14:00:00+00:00,0.0,0.0,26.83,91.08,2.19,UKP_0004,0,2016
2016-07-18 15:00:00+00:00,0.0,0.0,26.6,91.8,2.22,UKP_0004,0,2016
2016-07-18 16:00:00+00:00,0.0,0.0,26.34,93.18,2.23,UKP_0004,0,2016
2016-07-18 17:00:00+00:00,0.0,0.0,26.1,94.38,2.36,UKP_0004,0,2016
2016-07-18 18:00:00+00:00,0.0,0.0,25.86,95.63,2.47,UKP_0004,0,2016
2016-07-18 19:00:00+00:00,0.0,0.0,25.66,96.83,2.45,UKP_0004,0,2016
2016-07-18 20:00:00+00:00,0.0,0.0,25.58,96.6,2.87,UKP_0004,0,2016
2016-07-18 21:00:00+00:00,0.0,0.0,25.48,96.45,3.33,UKP_0004,0,2016
2016-07-18 22:00:00+00:00,0.0,0.0,25.42,96.13,3.56,UKP_0004,0,2016
2016-07-18 23:00:00+00:00,0.0,0.0,25.32,95.91,3.51,UKP_0004,0,2016
2016-07-19 00:00:00+00:00,36.15,40.55,25.61,94.61,3.74,UKP_0004,0,2016
2016-07-19 01:00:00+00:00,160.85,186.2,26.67,90.75,4.25,UKP_0004,0,2016
2016-07-19 02:00:00+00:00,315.7,403.05,28.56,82.5,5.05,UKP_0004,0,2016
2016-07-19 03:00:00+00:00,524.45,610.0,30.42,74.12,5.96,UKP_0004,0,2016
2016-07-19 04:00:00+00:00,587.8,773.8,31.85,67.77,6.49,UKP_0004,0,2016
2016-07-19 05:00:00+00:00,727.3,888.08,32.82,63.6,6.75,UKP_0004,0,2016
2016-07-19 06:00:00+00:00,723.9,977.58,33.43,61.2,6.83,UKP_0004,0,2016
2016-07-19 07:00:00+00:00,747.25,964.12,33.8,59.74,6.99,UKP_0004,0,2016
2016-07-19 08:00:00+00:00,707.55,885.35,33.92,58.82,7.17,UKP_0004,0,2016
2016-07-19 09:00:00+00:00,587.45,747.25,33.75,58.62,7.23,UKP_0004,0,2016
2016-07-19 10:00:00+00:00,407.55,559.62,33.13,60.75,6.77,UKP_0004,0,2016
2016-07-19 11:00:00+00:00,248.0,347.05,32.08,66.73,5.63,UKP_0004,0,2016
2016-07-19 12:00:00+00:00,112.82,144.9,30.5,75.93,4.15,UKP_0004,0,2016
2016-07-19 13:00:00+00:00,12.0,13.95,28.7,82.6,3.53,UKP_0004,0,2016
2016-07-19 14:00:00+00:00,0.0,0.0,27.81,85.26,3.52,UKP_0004,0,2016
2016-07-19 15:00:00+00:00,0.0,0.0,27.17,88.18,3.17,UKP_0004,0,2016
2016-07-19 16:00:00+00:00,0.0,0.0,26.62,91.13,2.62,UKP_0004,0,2016
2016-07-19 17:00:00+00:00,0.0,0.0,26.2,93.11,2.24,UKP_0004,0,2016
2016-07-19 18:00:00+00:00,0.0,0.0,25.82,94.69,1.97,UKP_0004,0,2016
2016-07-19 19:00:00+00:00,0.0,0.0,25.46,95.97,1.84,UKP_0004,0,2016
2016-07-19 20:00:00+00:00,0.0,0.0,25.16,96.57,1.84,UKP_0004,0,2016
2016-07-19 21:00:00+00:00,0.0,0.0,24.91,96.9,1.77,UKP_0004,0,2016
2016-07-19 22:00:00+00:00,0.0,0.0,24.75,96.9,1.74,UKP_0004,0,2016
2016-07-19 23:00:00+00:00,0.0,0.0,24.62,96.8,1.77,UKP_0004,0,2016
2016-07-20 00:00:00+00:00,34.35,40.85,25.6,94.11,1.91,UKP_0004,0,2016
2016-07-20 01:00:00+00:00,176.82,195.45,27.43,84.84,2.69,UKP_0004,0,2016
2016-07-20 02:00:00+00:00,368.1,422.23,29.24,76.08,3.17,UKP_0004,0,2016
2016-07-20 03:00:00+00:00,572.1,630.25,30.96,68.82,4.04,UKP_0004,0,2016
2016-07-20 04:00:00+00:00,710.05,802.53,32.64,62.58,4.99,UKP_0004,0,2016
2016-07-20 05:00:00+00:00,828.97,919.03,34.29,54.71,5.9,UKP_0004,0,2016
2016-07-20 06:00:00+00:00,749.88,947.67,35.26,49.94,6.27,UKP_0004,0,2016
2016-07-20 07:00:00+00:00,827.05,935.97,35.66,48.82,6.27,UKP_0004,0,2016
2016-07-20 08:00:00+00:00,700.22,857.35,35.72,48.88,6.24,UKP_0004,0,2016
2016-07-20 09:00:00+00:00,618.0,719.03,35.25,50.82,6.06,UKP_0004,0,2016
2016-07-20 10:00:00+00:00,428.92,536.3,34.56,54.31,5.68,UKP_0004,0,2016
2016-07-20 11:00:00+00:00,255.98,329.62,33.4,60.88,4.8,UKP_0004,0,2016
2016-07-20 12:00:00+00:00,104.62,135.6,31.65,71.13,3.55,UKP_0004,0,2016
2016-07-20 13:00:00+00:00,10.9,13.12,29.64,78.4,2.95,UKP_0004,0,2016
2016-07-20 14:00:00+00:00,0.0,0.0,28.71,80.86,2.92,UKP_0004,0,2016
2016-07-20 15:00:00+00:00,0.0,0.0,28.09,83.31,2.85,UKP_0004,0,2016
2016-07-20 16:00:00+00:00,0.0,0.0,27.56,85.58,2.72,UKP_0004,0,2016
2016-07-20 17:00:00+00:00,0.0,0.0,27.16,87.53,2.61,UKP_0004,0,2016
2016-07-20 18:00:00+00:00,0.0,0.0,26.88,89.14,2.45,UKP_0004,0,2016
2016-07-20 19:00:00+00:00,0.0,0.0,26.64,90.38,2.32,UKP_0004,0,2016
2016-07-20 20:00:00+00:00,0.0,0.0,26.4,91.55,2.19,UKP_0004,0,2016
2016-07-20 21:00:00+00:00,0.0,0.0,26.22,92.37,1.98,UKP_0004,0,2016
2016-07-20 22:00:00+00:00,0.0,0.0,26.1,92.6,1.8,UKP_0004,0,2016
2016-07-20 23:00:00+00:00,0.0,0.0,26.11,91.59,1.59,UKP_0004,0,2016
2016-07-21 00:00:00+00:00,19.58,37.42,27.04,89.3,1.23,UKP_0004,0,2016
2016-07-21 01:00:00+00:00,75.3,187.23,29.04,76.21,0.9,UKP_0004,0,2016
2016-07-21 02:00:00+00:00,162.9,387.08,31.08,65.38,1.88,UKP_0004,0,2016
2016-07-21 03:00:00+00:00,149.5,583.95,32.67,58.49,2.62,UKP_0004,0,2016
2016-07-21 04:00:00+00:00,173.32,751.78,33.24,55.87,3.51,UKP_0004,0,2016
2016-07-21 05:00:00+00:00,443.05,872.33,33.79,54.33,4.14,UKP_0004,0,2016
2016-07-21 06:00:00+00:00,391.05,873.45,34.16,53.95,4.47,UKP_0004,0,2016
2016-07-21 07:00:00+00:00,390.88,871.15,34.41,53.42,4.72,UKP_0004,0,2016
2016-07-21 08:00:00+00:00,416.33,798.65,34.32,53.85,4.85,UKP_0004,0,2016
2016-07-21 09:00:00+00:00,372.25,664.65,33.77,56.31,4.77,UKP_0004,0,2016
2016-07-21 10:00:00+00:00,311.4,483.85,33.27,59.03,4.55,UKP_0004,0,2016
2016-07-21 11:00:00+00:00,189.12,292.48,32.45,63.12,4.08,UKP_0004,0,2016
2016-07-21 12:00:00+00:00,76.25,117.88,31.08,71.09,3.2,UKP_0004,0,2016
2016-07-21 13:00:00+00:00,8.93,11.73,29.45,81.15,2.2,UKP_0004,0,2016
2016-07-21 14:00:00+00:00,0.0,0.0,28.87,83.11,2.04,UKP_0004,0,2016
2016-07-21 15:00:00+00:00,0.0,0.0,28.59,84.1,1.84,UKP_0004,0,2016
2016-07-21 16:00:00+00:00,0.0,0.0,28.42,84.59,1.53,UKP_0004,0,2016
2016-07-21 17:00:00+00:00,0.0,0.0,28.36,84.87,1.01,UKP_0004,0,2016
2016-07-21 18:00:00+00:00,0.0,0.0,28.07,87.91,0.39,UKP_0004,0,2016
2016-07-21 19:00:00+00:00,0.0,0.0,27.81,87.61,0.26,UKP_0004,0,2016
2016-07-21 20:00:00+00:00,0.0,0.0,27.71,86.07,0.51,UKP_0004,0,2016
2016-07-21 21:00:00+00:00,0.0,0.0,27.39,86.77,0.75,UKP_0004,0,2016
2016-07-21 22:00:00+00:00,0.0,0.0,27.09,87.8,0.89,UKP_0004,0,2016
2016-07-21 23:00:00+00:00,0.0,0.0,26.84,89.33,0.86,UKP_0004,0,2016
2016-07-22 00:00:00+00:00,9.23,37.67,27.09,88.15,0.66,UKP_0004,0,2016
2016-07-22 01:00:00+00:00,30.2,184.68,27.96,80.64,1.11,UKP_0004,0,2016
2016-07-22 02:00:00+00:00,39.6,377.6,28.78,77.64,2.21,UKP_0004,0,2016
2016-07-22 03:00:00+00:00,99.72,581.5,29.68,73.88,2.76,UKP_0004,0,2016
2016-07-22 04:00:00+00:00,122.03,749.9,30.35,70.59,3.01,UKP_0004,0,2016
2016-07-22 05:00:00+00:00,142.73,863.55,30.81,68.14,3.21,UKP_0004,0,2016
2016-07-22 06:00:00+00:00,249.12,911.2,31.28,66.74,3.3,UKP_0004,0,2016
2016-07-22 07:00:00+00:00,277.6,894.2,31.84,65.67,3.57,UKP_0004,0,2016
2016-07-22 08:00:00+00:00,292.95,812.22,32.04,65.68,3.82,UKP_0004,0,2016
2016-07-22 09:00:00+00:00,171.0,673.78,31.89,66.91,3.85,UKP_0004,0,2016
2016-07-22 10:00:00+00:00,122.3,492.48,31.56,68.5,3.71,UKP_0004,0,2016
2016-07-22 11:00:00+00:00,90.97,293.35,30.83,73.18,3.26,UKP_0004,0,2016
2016-07-22 12:00:00+00:00,43.53,113.0,29.78,77.27,3.1,UKP_0004,0,2016
2016-07-22 13:00:00+00:00,6.15,10.95,28.26,87.69,2.2,UKP_0004,0,2016
2016-07-22 14:00:00+00:00,0.0,0.0,27.6,90.36,2.02,UKP_0004,0,2016
2016-07-22 15:00:00+00:00,0.0,0.0,27.23,91.82,1.92,UKP_0004,0,2016
2016-07-22 16:00:00+00:00,0.0,0.0,26.88,93.15,1.84,UKP_0004,0,2016
2016-07-22 17:00:00+00:00,0.0,0.0,26.56,94.17,1.84,UKP_0004,0,2016
2016-07-22 18:00:00+00:00,0.0,0.0,26.3,95.02,2.06,UKP_0004,0,2016
2016-07-22 19:00:00+00:00,0.0,0.0,26.2,95.5,2.58,UKP_0004,0,2016
2016-07-22 20:00:00+00:00,0.0,0.0,26.16,96.11,2.94,UKP_0004,0,2016
2016-07-22 21:00:00+00:00,0.0,0.0,26.06,96.79,2.85,UKP_0004,0,2016
2016-07-22 22:00:00+00:00,0.0,0.0,25.96,97.0,2.65,UKP_0004,0,2016
2016-07-22 23:00:00+00:00,0.0,0.0,25.83,96.95,2.65,UKP_0004,0,2016
2016-07-23 00:00:00+00:00,8.88,28.52,25.94,96.31,2.87,UKP_0004,0,2016
2016-07-23 01:00:00+00:00,33.03,134.55,26.46,94.5,3.5,UKP_0004,0,2016
2016-07-23 02:00:00+00:00,60.2,298.62,27.49,89.99,3.96,UKP_0004,0,2016
2016-07-23 03:00:00+00:00,113.5,479.9,28.53,84.05,4.53,UKP_0004,0,2016
2016-07-23 04:00:00+00:00,173.68,632.58,29.01,80.54,4.91,UKP_0004,0,2016
2016-07-23 05:00:00+00:00,202.73,781.1,29.01,79.63,5.13,UKP_0004,0,2016
2016-07-23 06:00:00+00:00,255.45,851.55,28.86,79.69,5.36,UKP_0004,0,2016
2016-07-23 07:00:00+00:00,209.77,848.38,28.58,80.54,5.42,UKP_0004,0,2016
2016-07-23 08:00:00+00:00,439.35,771.78,28.26,81.75,5.31,UKP_0004,0,2016
2016-07-23 09:00:00+00:00,447.0,642.85,27.89,83.27,4.96,UKP_0004,0,2016
2016-07-23 10:00:00+00:00,387.67,465.62,27.57,85.01,4.19,UKP_0004,0,2016
2016-07-23 11:00:00+00:00,244.5,286.12,27.31,86.81,3.39,UKP_0004,0,2016
2016-07-23 12:00:00+00:00,96.2,111.8,26.82,89.8,2.65,UKP_0004,0,2016
2016-07-23 13:00:00+00:00,9.85,10.77,25.97,94.33,1.9,UKP_0004,0,2016
2016-07-23 14:00:00+00:00,0.0,0.0,25.55,95.05,1.64,UKP_0004,0,2016
2016-07-23 15:00:00+00:00,0.0,0.0,25.36,94.69,1.58,UKP_0004,0,2016
2016-07-23 16:00:00+00:00,0.0,0.0,25.17,94.7,1.61,UKP_0004,0,2016
2016-07-23 17:00:00+00:00,0.0,0.0,24.98,94.83,1.56,UKP_0004,0,2016
2016-07-23 18:00:00+00:00,0.0,0.0,24.77,95.29,1.43,UKP_0004,0,2016
2016-07-23 19:00:00+00:00,0.0,0.0,24.51,96.21,1.3,UKP_0004,0,2016
2016-07-23 20:00:00+00:00,0.0,0.0,24.29,96.86,1.26,UKP_0004,0,2016
2016-07-23 21:00:00+00:00,0.0,0.0,24.1,97.09,1.31,UKP_0004,0,2016
2016-07-23 22:00:00+00:00,0.0,0.0,23.92,97.19,1.47,UKP_0004,0,2016
2016-07-23 23:00:00+00:00,0.0,0.0,23.85,96.76,1.63,UKP_0004,0,2016
2016-07-24 00:00:00+00:00,30.23,32.53,24.64,95.02,1.85,UKP_0004,0,2016
2016-07-24 01:00:00+00:00,146.0,162.48,26.15,89.29,2.01,UKP_0004,0,2016
2016-07-24 02:00:00+00:00,319.62,370.35,27.95,78.45,1.14,UKP_0004,0,2016
2016-07-24 03:00:00+00:00,503.83,562.88,29.22,72.25,1.1,UKP_0004,0,2016
2016-07-24 04:00:00+00:00,638.95,728.75,30.14,69.26,1.33,UKP_0004,0,2016
2016-07-24 05:00:00+00:00,744.35,843.75,30.89,67.27,1.52,UKP_0004,0,2016
2016-07-24 06:00:00+00:00,834.25,931.47,31.47,66.07,1.7,UKP_0004,0,2016
2016-07-24 07:00:00+00:00,784.15,917.78,31.83,65.46,1.87,UKP_0004,0,2016
2016-07-24 08:00:00+00:00,715.22,837.95,31.97,65.43,2.07,UKP_0004,0,2016
2016-07-24 09:00:00+00:00,608.9,701.45,31.95,65.71,2.26,UKP_0004,0,2016
2016-07-24 10:00:00+00:00,441.58,521.0,31.79,66.66,2.42,UKP_0004,0,2016
2016-07-24 11:00:00+00:00,261.52,315.25,31.41,70.35,2.28,UKP_0004,0,2016
2016-07-24 12:00:00+00:00,109.57,125.85,30.51,72.61,2.35,UKP_0004,0,2016
2016-07-24 13:00:00+00:00,10.35,11.32,28.87,85.14,1.85,UKP_0004,0,2016
2016-07-24 14:00:00+00:00,0.0,0.0,28.13,88.57,1.78,UKP_0004,0,2016
2016-07-24 15:00:00+00:00,0.0,0.0,27.73,89.14,1.77,UKP_0004,0,2016
2016-07-24 16:00:00+00:00,0.0,0.0,27.39,89.69,1.69,UKP_0004,0,2016
2016-07-24 17:00:00+00:00,0.0,0.0,27.04,90.64,1.6,UKP_0004,0,2016
2016-07-24 18:00:00+00:00,0.0,0.0,26.68,91.83,1.49,UKP_0004,0,2016
2016-07-24 19:00:00+00:00,0.0,0.0,26.41,92.52,1.3,UKP_0004,0,2016
2016-07-24 20:00:00+00:00,0.0,0.0,26.21,92.48,1.05,UKP_0004,0,2016
2016-07-24 21:00:00+00:00,0.0,0.0,26.11,91.44,0.75,UKP_0004,0,2016
2016-07-24 22:00:00+00:00,0.0,0.0,26.03,90.76,0.6,UKP_0004,0,2016
2016-07-24 23:00:00+00:00,0.0,0.0,25.64,93.05,0.96,UKP_0004,0,2016
2016-07-25 00:00:00+00:00,32.17,37.62,26.05,93.82,1.28,UKP_0004,0,2016
2016-07-25 01:00:00+00:00,158.82,190.05,28.0,84.15,1.33,UKP_0004,0,2016
2016-07-25 02:00:00+00:00,333.8,403.15,30.05,72.81,1.43,UKP_0004,0,2016
2016-07-25 03:00:00+00:00,467.98,605.5,30.71,69.62,1.76,UKP_0004,0,2016
2016-07-25 04:00:00+00:00,667.85,772.25,31.57,67.0,2.04,UKP_0004,0,2016
2016-07-25 05:00:00+00:00,701.53,886.22,32.25,65.27,2.42,UKP_0004,0,2016
2016-07-25 06:00:00+00:00,724.97,912.22,32.76,64.11,2.85,UKP_0004,0,2016
2016-07-25 07:00:00+00:00,670.8,899.4,33.02,63.68,3.3,UKP_0004,0,2016
2016-07-25 08:00:00+00:00,623.47,818.15,33.03,64.01,3.73,UKP_0004,0,2016
2016-07-25 09:00:00+00:00,414.3,680.62,32.75,65.62,3.82,UKP_0004,0,2016
2016-07-25 10:00:00+00:00,273.9,496.92,32.4,66.89,3.74,UKP_0004,0,2016
2016-07-25 11:00:00+00:00,164.62,293.98,31.59,71.6,3.33,UKP_0004,0,2016
2016-07-25 12:00:00+00:00,66.5,111.0,30.51,75.77,3.04,UKP_0004,0,2016
2016-07-25 13:00:00+00:00,7.5,10.05,28.92,86.93,2.16,UKP_0004,0,2016
2016-07-25 14:00:00+00:00,0.0,0.0,28.29,88.93,2.04,UKP_0004,0,2016
2016-07-25 15:00:00+00:00,0.0,0.0,27.93,90.02,1.94,UKP_0004,0,2016
2016-07-25 16:00:00+00:00,0.0,0.0,27.65,91.08,1.81,UKP_0004,0,2016
2016-07-25 17:00:00+00:00,0.0,0.0,27.35,92.05,1.73,UKP_0004,0,2016
2016-07-25 18:00:00+00:00,0.0,0.0,27.05,93.1,1.6,UKP_0004,0,2016
2016-07-25 19:00:00+00:00,0.0,0.0,26.81,94.15,1.49,UKP_0004,0,2016
2016-07-25 20:00:00+00:00,0.0,0.0,26.59,95.14,1.44,UKP_0004,0,2016
2016-07-25 21:00:00+00:00,0.0,0.0,26.38,96.17,1.42,UKP_0004,0,2016
2016-07-25 22:00:00+00:00,0.0,0.0,26.16,97.12,1.61,UKP_0004,0,2016
2016-07-25 23:00:00+00:00,0.0,0.0,26.05,97.49,1.74,UKP_0004,0,2016
2016-07-26 00:00:00+00:00,7.82,30.5,26.19,97.07,2.07,UKP_0004,0,2016
2016-07-26 01:00:00+00:00,34.83,155.55,26.6,95.32,2.84,UKP_0004,0,2016
2016-07-26 02:00:00+00:00,74.8,357.55,27.11,93.24,3.42,UKP_0004,0,2016
2016-07-26 03:00:00+00:00,94.57,556.03,27.6,91.18,4.05,UKP_0004,0,2016
2016-07-26 04:00:00+00:00,105.15,723.33,28.06,89.71,4.58,UKP_0004,0,2016
2016-07-26 05:00:00+00:00,111.07,839.72,28.36,89.32,5.19,UKP_0004,0,2016
2016-07-26 06:00:00+00:00,89.85,889.25,28.51,89.8,5.85,UKP_0004,0,2016
2016-07-26 07:00:00+00:00,164.32,869.03,28.59,90.7,6.42,UKP_0004,0,2016
2016-07-26 08:00:00+00:00,239.48,787.0,28.62,91.91,6.67,UKP_0004,0,2016
2016-07-26 09:00:00+00:00,280.9,647.62,28.61,92.96,6.34,UKP_0004,0,2016
2016-07-26 10:00:00+00:00,297.65,473.02,28.53,93.88,5.86,UKP_0004,0,2016
2016-07-26 11:00:00+00:00,173.38,280.73,28.25,95.0,5.31,UKP_0004,0,2016
2016-07-26 12:00:00+00:00,59.25,105.95,27.77,96.21,4.87,UKP_0004,0,2016
2016-07-26 13:00:00+00:00,6.28,9.5,27.26,96.88,4.35,UKP_0004,0,2016
2016-07-26 14:00:00+00:00,0.0,0.0,26.87,96.83,4.23,UKP_0004,0,2016
2016-07-26 15:00:00+00:00,0.0,0.0,26.51,96.54,4.57,UKP_0004,0,2016
2016-07-26 16:00:00+00:00,0.0,0.0,26.14,96.31,4.85,UKP_0004,0,2016
2016-07-26 17:00:00+00:00,0.0,0.0,25.79,96.28,4.87,UKP_0004,0,2016
2016-07-26 18:00:00+00:00,0.0,0.0,25.51,95.68,4.62,UKP_0004,0,2016
2016-07-26 19:00:00+00:00,0.0,0.0,25.22,95.66,3.85,UKP_0004,0,2016
2016-07-26 20:00:00+00:00,0.0,0.0,24.95,95.82,3.18,UKP_0004,0,2016
2016-07-26 21:00:00+00:00,0.0,0.0,24.73,95.65,3.0,UKP_0004,0,2016
2016-07-26 22:00:00+00:00,0.0,0.0,24.54,95.35,2.95,UKP_0004,0,2016
2016-07-26 23:00:00+00:00,0.0,0.0,24.44,95.11,2.89,UKP_0004,0,2016
2016-07-27 00:00:00+00:00,16.48,33.33,24.67,94.54,3.0,UKP_0004,0,2016
2016-07-27 01:00:00+00:00,85.05,172.02,25.36,92.1,3.48,UKP_0004,0,2016
2016-07-27 02:00:00+00:00,198.2,362.5,26.1,89.54,3.75,UKP_0004,0,2016
2016-07-27 03:00:00+00:00,316.33,558.08,27.03,85.6,3.99,UKP_0004,0,2016
2016-07-27 04:00:00+00:00,383.0,720.95,27.89,81.74,4.06,UKP_0004,0,2016
2016-07-27 05:00:00+00:00,424.3,849.8,28.47,79.37,3.82,UKP_0004,0,2016
2016-07-27 06:00:00+00:00,590.62,886.67,28.74,78.57,3.48,UKP_0004,0,2016
2016-07-27 07:00:00+00:00,576.65,881.67,28.72,79.31,3.32,UKP_0004,0,2016
2016-07-27 08:00:00+00:00,546.53,807.97,28.57,81.12,3.21,UKP_0004,0,2016
2016-07-27 09:00:00+00:00,405.4,661.88,28.32,83.37,3.29,UKP_0004,0,2016
2016-07-27 10:00:00+00:00,292.23,473.3,27.94,86.2,3.31,UKP_0004,0,2016
2016-07-27 11:00:00+00:00,200.15,283.67,27.51,89.41,3.03,UKP_0004,0,2016
2016-07-27 12:00:00+00:00,80.5,108.4,26.93,93.19,2.42,UKP_0004,0,2016
2016-07-27 13:00:00+00:00,8.35,9.4,26.17,96.27,1.85,UKP_0004,0,2016
2016-07-27 14:00:00+00:00,0.0,0.0,25.83,96.8,1.89,UKP_0004,0,2016
2016-07-27 15:00:00+00:00,0.0,0.0,25.63,96.87,1.98,UKP_0004,0,2016
2016-07-27 16:00:00+00:00,0.0,0.0,25.48,96.71,1.98,UKP_0004,0,2016
2016-07-27 17:00:00+00:00,0.0,0.0,25.33,96.58,1.93,UKP_0004,0,2016
2016-07-27 18:00:00+00:00,0.0,0.0,25.22,96.15,1.94,UKP_0004,0,2016
2016-07-27 19:00:00+00:00,0.0,0.0,25.14,95.75,1.86,UKP_0004,0,2016
2016-07-27 20:00:00+00:00,0.0,0.0,25.09,95.31,1.71,UKP_0004,0,2016
2016-07-27 21:00:00+00:00,0.0,0.0,25.06,94.76,1.61,UKP_0004,0,2016
2016-07-27 22:00:00+00:00,0.0,0.0,24.99,94.21,1.55,UKP_0004,0,2016
2016-07-27 23:00:00+00:00,0.0,0.0,24.9,93.8,1.39,UKP_0004,0,2016
2016-07-28 00:00:00+00:00,29.2,37.45,25.01,93.86,1.16,UKP_0004,0,2016
2016-07-28 01:00:00+00:00,124.15,200.68,25.37,90.06,1.68,UKP_0004,0,2016
2016-07-28 02:00:00+00:00,211.02,411.02,25.58,86.55,2.71,UKP_0004,0,2016
2016-07-28 03:00:00+00:00,372.27,624.33,25.83,85.29,3.7,UKP_0004,0,2016
2016-07-28 04:00:00+00:00,444.3,790.3,26.58,84.47,4.42,UKP_0004,0,2016
2016-07-28 05:00:00+00:00,597.58,905.2,27.09,85.03,5.21,UKP_0004,0,2016
2016-07-28 06:00:00+00:00,620.92,934.17,27.29,86.61,5.62,UKP_0004,0,2016
2016-07-28 07:00:00+00:00,656.12,918.9,27.32,87.53,5.7,UKP_0004,0,2016
2016-07-28 08:00:00+00:00,518.12,838.25,27.25,87.46,5.46,UKP_0004,0,2016
2016-07-28 09:00:00+00:00,444.55,701.53,27.17,87.41,4.82,UKP_0004,0,2016
2016-07-28 10:00:00+00:00,295.12,512.17,27.06,87.94,3.93,UKP_0004,0,2016
2016-07-28 11:00:00+00:00,173.5,307.42,26.86,89.69,2.99,UKP_0004,0,2016
2016-07-28 12:00:00+00:00,72.97,119.72,26.45,92.82,1.98,UKP_0004,0,2016
2016-07-28 13:00:00+00:00,6.05,9.62,25.71,96.13,1.36,UKP_0004,0,2016
2016-07-28 14:00:00+00:00,0.0,0.0,25.4,96.43,1.3,UKP_0004,0,2016
2016-07-28 15:00:00+00:00,0.0,0.0,25.21,96.8,1.36,UKP_0004,0,2016
2016-07-28 16:00:00+00:00,0.0,0.0,25.06,97.09,1.47,UKP_0004,0,2016
2016-07-28 17:00:00+00:00,0.0,0.0,24.97,97.21,1.54,UKP_0004,0,2016
2016-07-28 18:00:00+00:00,0.0,0.0,24.89,97.31,1.59,UKP_0004,0,2016
2016-07-28 19:00:00+00:00,0.0,0.0,24.91,97.49,1.7,UKP_0004,0,2016
2016-07-28 20:00:00+00:00,0.0,0.0,24.99,97.55,1.73,UKP_0004,0,2016
2016-07-28 21:00:00+00:00,0.0,0.0,25.07,97.47,1.9,UKP_0004,0,2016
2016-07-28 22:00:00+00:00,0.0,0.0,25.08,97.54,2.21,UKP_0004,0,2016
2016-07-28 23:00:00+00:00,0.0,0.0,24.98,97.84,2.36,UKP_0004,0,2016
2016-07-29 00:00:00+00:00,12.07,37.88,25.1,97.5,2.48,UKP_0004,0,2016
2016-07-29 01:00:00+00:00,58.08,205.23,25.66,95.96,3.15,UKP_0004,0,2016
2016-07-29 02:00:00+00:00,131.5,406.88,26.38,93.54,3.78,UKP_0004,0,2016
2016-07-29 03:00:00+00:00,177.0,604.53,27.38,89.66,4.09,UKP_0004,0,2016
2016-07-29 04:00:00+00:00,281.1,768.5,28.2,85.96,4.06,UKP_0004,0,2016
2016-07-29 05:00:00+00:00,195.52,878.47,28.77,83.56,4.14,UKP_0004,0,2016
2016-07-29 06:00:00+00:00,307.58,921.45,29.1,82.45,4.31,UKP_0004,0,2016
2016-07-29 07:00:00+00:00,276.88,895.92,29.17,82.45,4.58,UKP_0004,0,2016
2016-07-29 08:00:00+00:00,313.05,812.28,29.04,83.69,4.8,UKP_0004,0,2016
2016-07-29 09:00:00+00:00,370.6,675.88,28.71,86.44,4.75,UKP_0004,0,2016
2016-07-29 10:00:00+00:00,271.25,490.1,28.37,89.29,4.48,UKP_0004,0,2016
2016-07-29 11:00:00+00:00,153.55,295.7,28.0,91.97,4.0,UKP_0004,0,2016
2016-07-29 12:00:00+00:00,62.78,113.88,27.45,94.4,3.61,UKP_0004,0,2016
2016-07-29 13:00:00+00:00,6.55,9.15,26.78,95.62,3.57,UKP_0004,0,2016
2016-07-29 14:00:00+00:00,0.0,0.0,26.39,95.56,3.76,UKP_0004,0,2016
2016-07-29 15:00:00+00:00,0.0,0.0,26.07,95.95,3.53,UKP_0004,0,2016
2016-07-29 16:00:00+00:00,0.0,0.0,25.8,96.53,3.2,UKP_0004,0,2016
2016-07-29 17:00:00+00:00,0.0,0.0,25.58,96.95,2.98,UKP_0004,0,2016
2016-07-29 18:00:00+00:00,0.0,0.0,25.33,97.16,3.04,UKP_0004,0,2016
2016-07-29 19:00:00+00:00,0.0,0.0,25.15,96.93,3.84,UKP_0004,0,2016
2016-07-29 20:00:00+00:00,0.0,0.0,25.01,96.6,5.03,UKP_0004,0,2016
2016-07-29 21:00:00+00:00,0.0,0.0,24.85,96.43,5.95,UKP_0004,0,2016
2016-07-29 22:00:00+00:00,0.0,0.0,24.72,96.29,6.35,UKP_0004,0,2016
2016-07-29 23:00:00+00:00,0.0,0.0,24.56,96.13,6.27,UKP_0004,0,2016
2016-07-30 00:00:00+00:00,20.85,35.88,24.51,95.61,6.17,UKP_0004,0,2016
2016-07-30 01:00:00+00:00,119.72,199.77,24.71,94.77,6.12,UKP_0004,0,2016
2016-07-30 02:00:00+00:00,274.67,406.85,25.01,93.92,5.8,UKP_0004,0,2016
2016-07-30 03:00:00+00:00,352.58,604.08,25.53,92.45,5.62,UKP_0004,0,2016
2016-07-30 04:00:00+00:00,576.12,773.03,26.36,90.2,5.47,UKP_0004,0,2016
2016-07-30 05:00:00+00:00,324.42,887.1,27.23,88.08,5.28,UKP_0004,0,2016
2016-07-30 06:00:00+00:00,734.4,938.17,27.92,86.65,4.98,UKP_0004,0,2016
2016-07-30 07:00:00+00:00,485.35,924.05,28.31,85.99,4.51,UKP_0004,0,2016
2016-07-30 08:00:00+00:00,772.58,852.25,28.52,85.78,4.04,UKP_0004,0,2016
2016-07-30 09:00:00+00:00,599.83,710.15,28.53,86.21,3.41,UKP_0004,0,2016
2016-07-30 10:00:00+00:00,313.85,522.95,28.46,86.99,2.74,UKP_0004,0,2016
2016-07-30 11:00:00+00:00,184.35,317.98,28.29,87.91,2.15,UKP_0004,0,2016
2016-07-30 12:00:00+00:00,88.4,125.75,27.77,91.07,1.67,UKP_0004,0,2016
2016-07-30 13:00:00+00:00,8.38,9.3,26.82,93.93,1.36,UKP_0004,0,2016
2016-07-30 14:00:00+00:00,0.0,0.0,26.64,92.67,1.25,UKP_0004,0,2016
2016-07-30 15:00:00+00:00,0.0,0.0,26.43,93.18,1.32,UKP_0004,0,2016
2016-07-30 16:00:00+00:00,0.0,0.0,26.03,94.97,1.6,UKP_0004,0,2016
2016-07-30 17:00:00+00:00,0.0,0.0,25.77,95.84,1.69,UKP_0004,0,2016
2016-07-30 18:00:00+00:00,0.0,0.0,25.57,96.3,1.64,UKP_0004,0,2016
2016-07-30 19:00:00+00:00,0.0,0.0,25.38,96.79,1.54,UKP_0004,0,2016
2016-07-30 20:00:00+00:00,0.0,0.0,25.2,97.22,1.48,UKP_0004,0,2016
2016-07-30 21:00:00+00:00,0.0,0.0,25.08,97.55,1.45,UKP_0004,0,2016
2016-07-30 22:00:00+00:00,0.0,0.0,24.98,97.7,1.51,UKP_0004,0,2016
2016-07-30 23:00:00+00:00,0.0,0.0,24.9,97.71,1.72,UKP_0004,0,2016
2016-07-31 00:00:00+00:00,15.23,37.62,25.26,96.92,2.44,UKP_0004,0,2016
2016-07-31 01:00:00+00:00,81.75,208.18,26.08,94.84,3.53,UKP_0004,0,2016
2016-07-31 02:00:00+00:00,223.48,422.7,26.98,91.94,4.24,UKP_0004,0,2016
2016-07-31 03:00:00+00:00,476.92,627.58,27.89,87.97,5.09,UKP_0004,0,2016
2016-07-31 04:00:00+00:00,238.27,788.8,28.62,84.05,5.77,UKP_0004,0,2016
2016-07-31 05:00:00+00:00,605.67,903.88,28.98,80.74,6.13,UKP_0004,0,2016
2016-07-31 06:00:00+00:00,584.55,950.97,29.24,78.74,6.32,UKP_0004,0,2016
2016-07-31 07:00:00+00:00,818.83,943.92,29.41,77.76,6.26,UKP_0004,0,2016
2016-07-31 08:00:00+00:00,381.08,858.67,29.35,77.63,6.09,UKP_0004,0,2016
2016-07-31 09:00:00+00:00,604.12,725.88,29.0,78.64,6.02,UKP_0004,0,2016
2016-07-31 10:00:00+00:00,455.98,539.33,28.38,80.71,5.79,UKP_0004,0,2016
2016-07-31 11:00:00+00:00,258.65,330.98,27.57,83.96,5.21,UKP_0004,0,2016
2016-07-31 12:00:00+00:00,94.25,130.4,26.66,89.54,4.29,UKP_0004,0,2016
2016-07-31 13:00:00+00:00,8.02,9.12,25.58,95.4,3.11,UKP_0004,0,2016
2016-07-31 14:00:00+00:00,0.0,0.0,25.09,96.79,2.79,UKP_0004,0,2016
2016-07-31 15:00:00+00:00,0.0,0.0,24.84,97.06,2.56,UKP_0004,0,2016
2016-07-31 16:00:00+00:00,0.0,0.0,24.62,97.29,2.33,UKP_0004,0,2016
2016-07-31 17:00:00+00:00,0.0,0.0,24.45,97.44,2.3,UKP_0004,0,2016
2016-07-31 18:00:00+00:00,0.0,0.0,24.38,97.22,2.47,UKP_0004,0,2016
2016-07-31 19:00:00+00:00,0.0,0.0,24.34,96.8,2.67,UKP_0004,0,2016
2016-07-31 20:00:00+00:00,0.0,0.0,24.33,96.22,2.89,UKP_0004,0,2016
2016-07-31 21:00:00+00:00,0.0,0.0,24.3,95.67,2.88,UKP_0004,0,2016
2016-07-31 22:00:00+00:00,0.0,0.0,24.29,95.08,2.82,UKP_0004,0,2016
2016-07-31 23:00:00+00:00,0.0,0.0,24.31,94.59,2.92,UKP_0004,0,2016
2016-08-01 00:00:00+00:00,28.62,37.03,24.59,93.75,3.22,UKP_0004,0,2016
2016-08-01 01:00:00+00:00,130.8,215.73,25.29,91.8,3.89,UKP_0004,0,2016
2016-08-01 02:00:00+00:00,271.5,433.08,26.06,90.02,4.48,UKP_0004,0,2016
2016-08-01 03:00:00+00:00,516.2,636.45,26.96,87.99,5.01,UKP_0004,0,2016
2016-08-01 04:00:00+00:00,628.42,800.6,27.66,85.11,5.51,UKP_0004,0,2016
2016-08-01 05:00:00+00:00,334.83,908.83,28.13,81.86,5.67,UKP_0004,0,2016
2016-08-01 06:00:00+00:00,646.8,967.17,28.42,79.2,5.56,UKP_0004,0,2016
2016-08-01 07:00:00+00:00,387.62,953.5,28.61,77.88,5.29,UKP_0004,0,2016
2016-08-01 08:00:00+00:00,319.0,853.55,28.76,77.53,4.98,UKP_0004,0,2016
2016-08-01 09:00:00+00:00,509.58,710.25,28.84,78.04,4.76,UKP_0004,0,2016
2016-08-01 10:00:00+00:00,350.48,524.35,28.84,79.34,4.55,UKP_0004,0,2016
2016-08-01 11:00:00+00:00,177.98,310.05,28.48,82.48,4.15,UKP_0004,0,2016
2016-08-01 12:00:00+00:00,69.43,118.53,27.72,88.16,3.16,UKP_0004,0,2016
2016-08-01 13:00:00+00:00,6.55,8.38,26.43,94.64,2.09,UKP_0004,0,2016
2016-08-01 14:00:00+00:00,0.0,0.0,25.9,96.02,1.97,UKP_0004,0,2016
2016-08-01 15:00:00+00:00,0.0,0.0,25.64,96.48,1.91,UKP_0004,0,2016
2016-08-01 16:00:00+00:00,0.0,0.0,25.39,96.94,1.92,UKP_0004,0,2016
2016-08-01 17:00:00+00:00,0.0,0.0,25.2,97.15,1.93,UKP_0004,0,2016
2016-08-01 18:00:00+00:00,0.0,0.0,25.08,97.03,2.08,UKP_0004,0,2016
2016-08-01 19:00:00+00:00,0.0,0.0,25.03,96.53,2.34,UKP_0004,0,2016
2016-08-01 20:00:00+00:00,0.0,0.0,24.95,95.76,2.52,UKP_0004,0,2016
2016-08-01 21:00:00+00:00,0.0,0.0,24.86,94.7,2.57,UKP_0004,0,2016
2016-08-01 22:00:00+00:00,0.0,0.0,24.78,93.49,2.51,UKP_0004,0,2016
2016-08-01 23:00:00+00:00,0.0,0.0,24.68,92.3,2.45,UKP_0004,0,2016
2016-08-02 00:00:00+00:00,20.48,36.28,25.04,91.39,2.15,UKP_0004,0,2016
2016-08-02 01:00:00+00:00,136.93,210.9,26.44,88.33,2.06,UKP_0004,0,2016
2016-08-02 02:00:00+00:00,350.65,427.38,27.46,81.51,2.75,UKP_0004,0,2016
2016-08-02 03:00:00+00:00,598.0,630.8,28.14,76.95,3.64,UKP_0004,0,2016
2016-08-02 04:00:00+00:00,533.92,795.83,28.54,74.98,4.12,UKP_0004,0,2016
2016-08-02 05:00:00+00:00,568.65,905.2,28.75,73.8,4.3,UKP_0004,0,2016
2016-08-02 06:00:00+00:00,659.2,947.95,28.85,73.39,4.29,UKP_0004,0,2016
2016-08-02 07:00:00+00:00,659.92,938.22,28.78,74.45,4.09,UKP_0004,0,2016
2016-08-02 08:00:00+00:00,657.88,863.08,28.7,76.07,3.77,UKP_0004,0,2016
2016-08-02 09:00:00+00:00,533.2,717.2,28.86,76.79,3.26,UKP_0004,0,2016
2016-08-02 10:00:00+00:00,424.58,538.08,29.01,77.16,2.63,UKP_0004,0,2016
2016-08-02 11:00:00+00:00,245.38,326.62,28.95,77.36,2.24,UKP_0004,0,2016
2016-08-02 12:00:00+00:00,89.22,124.97,28.32,81.95,1.71,UKP_0004,0,2016
2016-08-02 13:00:00+00:00,6.47,8.3,27.45,85.62,1.41,UKP_0004,0,2016
2016-08-02 14:00:00+00:00,0.0,0.0,27.14,84.35,1.37,UKP_0004,0,2016
2016-08-02 15:00:00+00:00,0.0,0.0,26.82,84.94,1.33,UKP_0004,0,2016
2016-08-02 16:00:00+00:00,0.0,0.0,26.52,85.49,1.31,UKP_0004,0,2016
2016-08-02 17:00:00+00:00,0.0,0.0,26.53,84.18,1.3,UKP_0004,0,2016
2016-08-02 18:00:00+00:00,0.0,0.0,26.91,80.47,1.04,UKP_0004,0,2016
2016-08-02 19:00:00+00:00,0.0,0.0,26.88,79.82,1.06,UKP_0004,0,2016
2016-08-02 20:00:00+00:00,0.0,0.0,26.65,81.24,1.31,UKP_0004,0,2016
2016-08-02 21:00:00+00:00,0.0,0.0,26.47,82.13,1.42,UKP_0004,0,2016
2016-08-02 22:00:00+00:00,0.0,0.0,26.44,81.54,1.43,UKP_0004,0,2016
2016-08-02 23:00:00+00:00,0.0,0.0,26.35,81.59,1.49,UKP_0004,0,2016
2016-08-03 00:00:00+00:00,25.98,36.7,26.51,85.39,1.49,UKP_0004,0,2016
2016-08-03 01:00:00+00:00,169.9,214.55,28.46,77.05,1.45,UKP_0004,0,2016
2016-08-03 02:00:00+00:00,373.75,426.65,30.62,68.7,1.99,UKP_0004,0,2016
2016-08-03 03:00:00+00:00,617.2,640.1,31.36,64.5,2.76,UKP_0004,0,2016
2016-08-03 04:00:00+00:00,792.47,805.17,31.67,64.14,2.91,UKP_0004,0,2016
2016-08-03 05:00:00+00:00,885.35,919.03,31.91,64.8,2.97,UKP_0004,0,2016
2016-08-03 06:00:00+00:00,916.9,970.9,32.04,65.54,3.13,UKP_0004,0,2016
2016-08-03 07:00:00+00:00,868.45,956.83,32.01,66.66,3.28,UKP_0004,0,2016
2016-08-03 08:00:00+00:00,764.22,877.9,31.77,68.17,3.35,UKP_0004,0,2016
2016-08-03 09:00:00+00:00,628.38,742.62,31.57,69.36,3.2,UKP_0004,0,2016
2016-08-03 10:00:00+00:00,527.83,558.92,31.33,71.66,2.89,UKP_0004,0,2016
2016-08-03 11:00:00+00:00,312.67,347.42,30.89,75.53,2.41,UKP_0004,0,2016
2016-08-03 12:00:00+00:00,117.38,136.35,29.94,79.26,2.21,UKP_0004,0,2016
2016-08-03 13:00:00+00:00,7.2,8.32,28.49,89.5,1.62,UKP_0004,0,2016
2016-08-03 14:00:00+00:00,0.0,0.0,28.18,89.28,1.47,UKP_0004,0,2016
2016-08-03 15:00:00+00:00,0.0,0.0,27.96,89.78,1.36,UKP_0004,0,2016
2016-08-03 16:00:00+00:00,0.0,0.0,27.5,91.87,1.54,UKP_0004,0,2016
2016-08-03 17:00:00+00:00,0.0,0.0,27.13,92.95,1.85,UKP_0004,0,2016
2016-08-03 18:00:00+00:00,0.0,0.0,26.78,93.7,2.17,UKP_0004,0,2016
2016-08-03 19:00:00+00:00,0.0,0.0,26.38,95.0,2.35,UKP_0004,0,2016
2016-08-03 20:00:00+00:00,0.0,0.0,26.06,95.49,2.11,UKP_0004,0,2016
2016-08-03 21:00:00+00:00,0.0,0.0,25.73,95.66,1.38,UKP_0004,0,2016
2016-08-03 22:00:00+00:00,0.0,0.0,25.38,96.33,1.01,UKP_0004,0,2016
2016-08-03 23:00:00+00:00,0.0,0.0,25.29,95.55,1.27,UKP_0004,0,2016
2016-08-04 00:00:00+00:00,27.5,35.78,25.76,94.67,1.42,UKP_0004,0,2016
2016-08-04 01:00:00+00:00,174.15,212.95,27.53,88.4,1.33,UKP_0004,0,2016
2016-08-04 02:00:00+00:00,378.2,426.25,30.32,69.79,1.41,UKP_0004,0,2016
2016-08-04 03:00:00+00:00,611.38,636.92,31.71,62.22,3.05,UKP_0004,0,2016
2016-08-04 04:00:00+00:00,786.1,803.33,32.0,62.13,3.9,UKP_0004,0,2016
2016-08-04 05:00:00+00:00,889.1,916.85,32.06,64.58,3.95,UKP_0004,0,2016
2016-08-04 06:00:00+00:00,939.62,982.38,32.25,65.22,3.51,UKP_0004,0,2016
2016-08-04 07:00:00+00:00,887.28,970.22,32.49,65.9,2.87,UKP_0004,0,2016
2016-08-04 08:00:00+00:00,779.78,890.05,32.69,65.7,2.18,UKP_0004,0,2016
2016-08-04 09:00:00+00:00,658.95,752.15,32.7,66.35,1.8,UKP_0004,0,2016
2016-08-04 10:00:00+00:00,478.7,563.83,32.47,68.73,1.81,UKP_0004,0,2016
2016-08-04 11:00:00+00:00,270.6,345.12,32.28,71.24,1.71,UKP_0004,0,2016
2016-08-04 12:00:00+00:00,100.62,131.0,31.09,75.82,1.88,UKP_0004,0,2016
2016-08-04 13:00:00+00:00,5.72,8.0,29.45,88.77,1.63,UKP_0004,0,2016
2016-08-04 14:00:00+00:00,0.0,0.0,28.9,89.42,1.71,UKP_0004,0,2016
2016-08-04 15:00:00+00:00,0.0,0.0,28.69,89.0,1.49,UKP_0004,0,2016
2016-08-04 16:00:00+00:00,0.0,0.0,28.67,87.12,1.03,UKP_0004,0,2016
2016-08-04 17:00:00+00:00,0.0,0.0,28.32,89.33,0.59,UKP_0004,0,2016
2016-08-04 18:00:00+00:00,0.0,0.0,28.0,90.2,0.66,UKP_0004,0,2016
2016-08-04 19:00:00+00:00,0.0,0.0,27.64,91.89,1.17,UKP_0004,0,2016
2016-08-04 20:00:00+00:00,0.0,0.0,27.39,92.67,1.51,UKP_0004,0,2016
2016-08-04 21:00:00+00:00,0.0,0.0,27.29,92.15,1.61,UKP_0004,0,2016
2016-08-04 22:00:00+00:00,0.0,0.0,27.28,91.0,1.67,UKP_0004,0,2016
2016-08-04 23:00:00+00:00,0.0,0.0,27.22,90.27,1.78,UKP_0004,0,2016
2016-08-05 00:00:00+00:00,23.2,33.2,27.4,89.61,1.85,UKP_0004,0,2016
2016-08-05 01:00:00+00:00,136.02,197.55,28.29,88.18,2.02,UKP_0004,0,2016
2016-08-05 02:00:00+00:00,320.67,424.1,29.13,78.95,2.69,UKP_0004,0,2016
2016-08-05 03:00:00+00:00,513.35,627.97,30.14,70.77,2.72,UKP_0004,0,2016
2016-08-05 04:00:00+00:00,583.85,796.72,31.9,60.38,2.0,UKP_0004,0,2016
2016-08-05 05:00:00+00:00,735.22,909.95,33.54,53.65,1.73,UKP_0004,0,2016
2016-08-05 06:00:00+00:00,719.12,950.08,33.6,54.35,1.94,UKP_0004,0,2016
2016-08-05 07:00:00+00:00,706.88,936.65,33.2,57.16,2.15,UKP_0004,0,2016
2016-08-05 08:00:00+00:00,549.35,856.22,33.36,58.5,2.25,UKP_0004,0,2016
2016-08-05 09:00:00+00:00,482.5,715.15,33.42,59.51,2.22,UKP_0004,0,2016
2016-08-05 10:00:00+00:00,323.27,526.67,33.85,58.71,2.16,UKP_0004,0,2016
2016-08-05 11:00:00+00:00,183.43,318.25,33.75,58.66,1.99,UKP_0004,0,2016
2016-08-05 12:00:00+00:00,68.1,113.95,32.54,62.92,1.96,UKP_0004,0,2016
2016-08-05 13:00:00+00:00,4.35,6.88,30.61,80.17,1.49,UKP_0004,0,2016
2016-08-05 14:00:00+00:00,0.0,0.0,30.09,81.45,1.41,UKP_0004,0,2016
2016-08-05 15:00:00+00:00,0.0,0.0,29.95,79.57,1.15,UKP_0004,0,2016
2016-08-05 16:00:00+00:00,0.0,0.0,30.2,74.42,0.45,UKP_0004,0,2016
2016-08-05 17:00:00+00:00,0.0,0.0,29.96,74.89,0.54,UKP_0004,0,2016
2016-08-05 18:00:00+00:00,0.0,0.0,29.19,80.07,1.03,UKP_0004,0,2016
2016-08-05 19:00:00+00:00,0.0,0.0,28.82,81.03,1.21,UKP_0004,0,2016
2016-08-05 20:00:00+00:00,0.0,0.0,28.68,80.7,1.17,UKP_0004,0,2016
2016-08-05 21:00:00+00:00,0.0,0.0,28.87,77.32,0.73,UKP_0004,0,2016
2016-08-05 22:00:00+00:00,0.0,0.0,28.1,83.27,1.07,UKP_0004,0,2016
2016-08-05 23:00:00+00:00,0.0,0.0,27.23,88.73,1.63,UKP_0004,0,2016
2016-08-06 00:00:00+00:00,14.1,28.27,27.34,91.0,1.63,UKP_0004,0,2016
2016-08-06 01:00:00+00:00,69.93,181.93,28.23,87.32,2.11,UKP_0004,0,2016
2016-08-06 02:00:00+00:00,131.57,401.6,29.01,84.26,2.65,UKP_0004,0,2016
2016-08-06 03:00:00+00:00,229.48,599.67,29.11,83.96,3.19,UKP_0004,0,2016
2016-08-06 04:00:00+00:00,354.7,765.72,29.19,84.25,3.74,UKP_0004,0,2016
2016-08-06 05:00:00+00:00,401.95,880.92,29.29,84.55,4.33,UKP_0004,0,2016
2016-08-06 06:00:00+00:00,519.97,948.62,29.33,84.33,4.8,UKP_0004,0,2016
2016-08-06 07:00:00+00:00,497.5,935.88,29.36,83.47,4.95,UKP_0004,0,2016
2016-08-06 08:00:00+00:00,464.2,851.53,29.42,82.4,4.71,UKP_0004,0,2016
2016-08-06 09:00:00+00:00,518.12,720.55,29.49,81.44,4.0,UKP_0004,0,2016
2016-08-06 10:00:00+00:00,398.6,539.0,29.49,81.04,2.91,UKP_0004,0,2016
2016-08-06 11:00:00+00:00,233.95,324.58,29.25,82.2,1.87,UKP_0004,0,2016
2016-08-06 12:00:00+00:00,86.35,120.12,28.86,81.39,1.43,UKP_0004,0,2016
2016-08-06 13:00:00+00:00,5.62,6.5,27.84,89.55,0.96,UKP_0004,0,2016
2016-08-06 14:00:00+00:00,0.0,0.0,27.21,91.39,1.28,UKP_0004,0,2016
2016-08-06 15:00:00+00:00,0.0,0.0,26.78,92.52,1.62,UKP_0004,0,2016
2016-08-06 16:00:00+00:00,0.0,0.0,26.52,92.42,1.87,UKP_0004,0,2016
2016-08-06 17:00:00+00:00,0.0,0.0,26.4,91.71,2.02,UKP_0004,0,2016
2016-08-06 18:00:00+00:00,0.0,0.0,26.31,90.8,2.22,UKP_0004,0,2016
2016-08-06 19:00:00+00:00,0.0,0.0,26.34,88.9,2.3,UKP_0004,0,2016
2016-08-06 20:00:00+00:00,0.0,0.0,26.44,86.81,2.24,UKP_0004,0,2016
2016-08-06 21:00:00+00:00,0.0,0.0,26.55,84.39,2.19,UKP_0004,0,2016
2016-08-06 22:00:00+00:00,0.0,0.0,26.71,81.51,2.05,UKP_0004,0,2016
2016-08-06 23:00:00+00:00,0.0,0.0,26.68,80.28,1.9,UKP_0004,0,2016
2016-08-07 00:00:00+00:00,24.1,28.6,27.0,84.32,1.68,UKP_0004,0,2016
2016-08-07 01:00:00+00:00,141.15,190.88,29.25,74.9,2.04,UKP_0004,0,2016
2016-08-07 02:00:00+00:00,284.98,400.83,31.27,68.24,2.98,UKP_0004,0,2016
2016-08-07 03:00:00+00:00,422.88,605.33,31.69,67.43,3.32,UKP_0004,0,2016
2016-08-07 04:00:00+00:00,465.23,773.4,31.75,68.4,3.28,UKP_0004,0,2016
2016-08-07 05:00:00+00:00,582.45,884.55,31.87,69.17,3.21,UKP_0004,0,2016
2016-08-07 06:00:00+00:00,815.53,937.58,31.76,70.09,3.24,UKP_0004,0,2016
2016-08-07 07:00:00+00:00,822.75,920.2,31.65,70.91,3.44,UKP_0004,0,2016
2016-08-07 08:00:00+00:00,500.25,841.6,31.49,71.38,3.69,UKP_0004,0,2016
2016-08-07 09:00:00+00:00,570.85,700.92,31.15,72.87,3.73,UKP_0004,0,2016
2016-08-07 10:00:00+00:00,379.27,517.6,30.68,75.71,3.41,UKP_0004,0,2016
2016-08-07 11:00:00+00:00,212.88,304.73,30.08,79.31,2.83,UKP_0004,0,2016
2016-08-07 12:00:00+00:00,83.53,111.12,29.28,83.63,2.19,UKP_0004,0,2016
2016-08-07 13:00:00+00:00,4.93,6.0,28.03,91.52,1.5,UKP_0004,0,2016
2016-08-07 14:00:00+00:00,0.0,0.0,27.63,92.51,1.32,UKP_0004,0,2016
2016-08-07 15:00:00+00:00,0.0,0.0,27.38,92.64,1.25,UKP_0004,0,2016
2016-08-07 16:00:00+00:00,0.0,0.0,27.06,93.19,1.24,UKP_0004,0,2016
2016-08-07 17:00:00+00:00,0.0,0.0,26.75,93.66,1.23,UKP_0004,0,2016
2016-08-07 18:00:00+00:00,0.0,0.0,26.45,94.09,1.25,UKP_0004,0,2016
2016-08-07 19:00:00+00:00,0.0,0.0,26.26,94.06,1.19,UKP_0004,0,2016
2016-08-07 20:00:00+00:00,0.0,0.0,26.14,94.07,1.12,UKP_0004,0,2016
2016-08-07 21:00:00+00:00,0.0,0.0,25.91,94.83,1.3,UKP_0004,0,2016
2016-08-07 22:00:00+00:00,0.0,0.0,25.68,95.04,1.6,UKP_0004,0,2016
2016-08-07 23:00:00+00:00,0.0,0.0,25.56,94.58,1.85,UKP_0004,0,2016
2016-08-08 00:00:00+00:00,19.15,28.75,26.12,93.9,1.91,UKP_0004,0,2016
2016-08-08 01:00:00+00:00,124.3,190.02,27.73,88.07,2.34,UKP_0004,0,2016
2016-08-08 02:00:00+00:00,281.85,410.95,29.19,81.07,2.75,UKP_0004,0,2016
2016-08-08 03:00:00+00:00,533.95,621.42,29.77,76.43,3.46,UKP_0004,0,2016
2016-08-08 04:00:00+00:00,641.12,787.67,30.35,73.89,3.63,UKP_0004,0,2016
2016-08-08 05:00:00+00:00,502.62,892.8,31.04,71.97,3.34,UKP_0004,0,2016
2016-08-08 06:00:00+00:00,864.03,957.97,31.63,70.26,2.85,UKP_0004,0,2016
2016-08-08 07:00:00+00:00,629.35,940.15,31.94,69.33,2.4,UKP_0004,0,2016
2016-08-08 08:00:00+00:00,712.5,863.35,31.96,69.1,2.1,UKP_0004,0,2016
2016-08-08 09:00:00+00:00,515.4,723.1,31.68,70.09,2.04,UKP_0004,0,2016
2016-08-08 10:00:00+00:00,290.6,536.2,31.25,74.08,2.02,UKP_0004,0,2016
2016-08-08 11:00:00+00:00,175.32,322.62,30.57,77.34,2.22,UKP_0004,0,2016
2016-08-08 12:00:00+00:00,65.6,116.32,29.47,82.77,2.29,UKP_0004,0,2016
2016-08-08 13:00:00+00:00,3.85,5.65,28.22,91.34,1.77,UKP_0004,0,2016
2016-08-08 14:00:00+00:00,0.0,0.0,27.72,92.84,1.8,UKP_0004,0,2016
2016-08-08 15:00:00+00:00,0.0,0.0,27.33,93.94,1.87,UKP_0004,0,2016
2016-08-08 16:00:00+00:00,0.0,0.0,27.02,94.71,1.96,UKP_0004,0,2016
2016-08-08 17:00:00+00:00,0.0,0.0,26.75,95.31,2.21,UKP_0004,0,2016
2016-08-08 18:00:00+00:00,0.0,0.0,26.56,95.71,2.77,UKP_0004,0,2016
2016-08-08 19:00:00+00:00,0.0,0.0,26.39,96.12,3.22,UKP_0004,0,2016
2016-08-08 20:00:00+00:00,0.0,0.0,26.21,96.49,3.39,UKP_0004,0,2016
2016-08-08 21:00:00+00:00,0.0,0.0,25.99,96.85,3.21,UKP_0004,0,2016
2016-08-08 22:00:00+00:00,0.0,0.0,25.8,96.94,2.97,UKP_0004,0,2016
2016-08-08 23:00:00+00:00,0.0,0.0,25.62,96.99,2.84,UKP_0004,0,2016
2016-08-09 00:00:00+00:00,22.8,29.23,25.71,96.52,3.0,UKP_0004,0,2016
2016-08-09 01:00:00+00:00,139.1,197.25,26.44,94.22,3.75,UKP_0004,0,2016
2016-08-09 02:00:00+00:00,290.35,410.58,27.32,90.35,4.17,UKP_0004,0,2016
2016-08-09 03:00:00+00:00,483.5,622.15,28.31,84.63,4.52,UKP_0004,0,2016
2016-08-09 04:00:00+00:00,640.03,786.03,29.21,79.76,4.62,UKP_0004,0,2016
2016-08-09 05:00:00+00:00,671.35,897.55,29.88,76.67,4.6,UKP_0004,0,2016
2016-08-09 06:00:00+00:00,685.15,923.9,30.34,75.03,4.65,UKP_0004,0,2016
2016-08-09 07:00:00+00:00,640.22,900.65,30.54,74.52,4.73,UKP_0004,0,2016
2016-08-09 08:00:00+00:00,547.47,805.15,30.53,74.76,4.72,UKP_0004,0,2016
2016-08-09 09:00:00+00:00,424.88,645.28,30.3,75.92,4.37,UKP_0004,0,2016
2016-08-09 10:00:00+00:00,261.45,450.5,29.97,78.38,3.78,UKP_0004,0,2016
2016-08-09 11:00:00+00:00,141.82,256.33,29.54,81.93,3.22,UKP_0004,0,2016
2016-08-09 12:00:00+00:00,51.1,87.03,28.7,86.78,2.7,UKP_0004,0,2016
2016-08-09 13:00:00+00:00,1.98,4.43,27.41,93.59,2.04,UKP_0004,0,2016
2016-08-09 14:00:00+00:00,0.0,0.0,26.98,94.7,2.37,UKP_0004,0,2016
2016-08-09 15:00:00+00:00,0.0,0.0,26.79,95.0,3.04,UKP_0004,0,2016
2016-08-09 16:00:00+00:00,0.0,0.0,26.63,95.45,3.7,UKP_0004,0,2016
2016-08-09 17:00:00+00:00,0.0,0.0,26.45,95.95,3.9,UKP_0004,0,2016
2016-08-09 18:00:00+00:00,0.0,0.0,26.3,95.89,4.05,UKP_0004,0,2016
2016-08-09 19:00:00+00:00,0.0,0.0,26.13,95.61,4.26,UKP_0004,0,2016
2016-08-09 20:00:00+00:00,0.0,0.0,25.92,95.47,4.41,UKP_0004,0,2016
2016-08-09 21:00:00+00:00,0.0,0.0,25.69,95.43,4.41,UKP_0004,0,2016
2016-08-09 22:00:00+00:00,0.0,0.0,25.47,95.45,4.18,UKP_0004,0,2016
2016-08-09 23:00:00+00:00,0.0,0.0,25.24,95.73,3.84,UKP_0004,0,2016
2016-08-10 00:00:00+00:00,12.8,26.42,25.28,95.45,3.61,UKP_0004,0,2016
2016-08-10 01:00:00+00:00,71.2,183.18,26.03,93.24,4.05,UKP_0004,0,2016
2016-08-10 02:00:00+00:00,148.77,387.62,26.85,89.75,4.47,UKP_0004,0,2016
2016-08-10 03:00:00+00:00,230.07,600.85,27.63,82.93,4.85,UKP_0004,0,2016
2016-08-10 04:00:00+00:00,239.07,766.05,28.32,78.04,4.83,UKP_0004,0,2016
2016-08-10 05:00:00+00:00,347.6,882.88,29.03,75.2,4.9,UKP_0004,0,2016
2016-08-10 06:00:00+00:00,412.1,930.47,29.67,73.43,5.05,UKP_0004,0,2016
2016-08-10 07:00:00+00:00,455.3,912.75,29.98,73.08,5.16,UKP_0004,0,2016
2016-08-10 08:00:00+00:00,424.23,829.88,30.08,73.53,5.17,UKP_0004,0,2016
2016-08-10 09:00:00+00:00,374.73,686.5,29.93,74.8,4.94,UKP_0004,0,2016
2016-08-10 10:00:00+00:00,234.73,494.77,29.5,77.02,4.49,UKP_0004,0,2016
2016-08-10 11:00:00+00:00,112.97,286.85,28.83,81.09,3.83,UKP_0004,0,2016
2016-08-10 12:00:00+00:00,41.12,97.75,27.78,87.02,2.95,UKP_0004,0,2016
2016-08-10 13:00:00+00:00,2.15,4.45,26.53,93.29,2.19,UKP_0004,0,2016
2016-08-10 14:00:00+00:00,0.0,0.0,26.06,94.4,2.2,UKP_0004,0,2016
2016-08-10 15:00:00+00:00,0.0,0.0,25.77,94.63,2.36,UKP_0004,0,2016
2016-08-10 16:00:00+00:00,0.0,0.0,25.48,94.89,2.46,UKP_0004,0,2016
2016-08-10 17:00:00+00:00,0.0,0.0,25.24,95.09,2.41,UKP_0004,0,2016
2016-08-10 18:00:00+00:00,0.0,0.0,25.04,95.13,2.24,UKP_0004,0,2016
2016-08-10 19:00:00+00:00,0.0,0.0,24.97,94.75,2.03,UKP_0004,0,2016
2016-08-10 20:00:00+00:00,0.0,0.0,24.92,94.16,1.89,UKP_0004,0,2016
2016-08-10 21:00:00+00:00,0.0,0.0,24.86,93.55,1.8,UKP_0004,0,2016
2016-08-10 22:00:00+00:00,0.0,0.0,24.78,92.92,1.77,UKP_0004,0,2016
2016-08-10 23:00:00+00:00,0.0,0.0,24.75,91.98,1.78,UKP_0004,0,2016
2016-08-11 00:00:00+00:00,15.27,27.55,25.34,91.65,1.63,UKP_0004,0,2016
2016-08-11 01:00:00+00:00,88.88,193.57,27.48,82.95,2.04,UKP_0004,0,2016
2016-08-11 02:00:00+00:00,198.3,410.25,29.26,76.45,2.93,UKP_0004,0,2016
2016-08-11 03:00:00+00:00,323.98,613.28,29.78,74.56,3.91,UKP_0004,0,2016
2016-08-11 04:00:00+00:00,384.85,779.35,30.24,74.12,4.43,UKP_0004,0,2016
2016-08-11 05:00:00+00:00,474.15,892.28,30.76,73.66,4.62,UKP_0004,0,2016
2016-08-11 06:00:00+00:00,559.7,937.7,31.04,73.53,4.65,UKP_0004,0,2016
2016-08-11 07:00:00+00:00,585.22,924.17,31.16,73.74,4.63,UKP_0004,0,2016
2016-08-11 08:00:00+00:00,514.9,836.6,31.07,74.63,4.46,UKP_0004,0,2016
2016-08-11 09:00:00+00:00,495.65,689.0,30.87,76.03,4.25,UKP_0004,0,2016
2016-08-11 10:00:00+00:00,311.12,492.73,30.36,79.32,3.86,UKP_0004,0,2016
2016-08-11 11:00:00+00:00,174.12,283.58,29.69,83.56,3.18,UKP_0004,0,2016
2016-08-11 12:00:00+00:00,60.67,95.35,28.77,87.91,2.58,UKP_0004,0,2016
2016-08-11 13:00:00+00:00,2.33,4.3,27.65,94.53,1.66,UKP_0004,0,2016
2016-08-11 14:00:00+00:00,0.0,0.0,27.23,95.6,1.66,UKP_0004,0,2016
2016-08-11 15:00:00+00:00,0.0,0.0,26.97,96.18,1.66,UKP_0004,0,2016
2016-08-11 16:00:00+00:00,0.0,0.0,26.78,96.59,1.59,UKP_0004,0,2016
2016-08-11 17:00:00+00:00,0.0,0.0,26.66,96.65,1.52,UKP_0004,0,2016
2016-08-11 18:00:00+00:00,0.0,0.0,26.51,96.64,1.46,UKP_0004,0,2016
2016-08-11 19:00:00+00:00,0.0,0.0,26.38,96.37,1.46,UKP_0004,0,2016
2016-08-11 20:00:00+00:00,0.0,0.0,26.27,96.23,1.51,UKP_0004,0,2016
2016-08-11 21:00:00+00:00,0.0,0.0,26.14,95.95,1.74,UKP_0004,0,2016
2016-08-11 22:00:00+00:00,0.0,0.0,25.92,95.69,2.03,UKP_0004,0,2016
2016-08-11 23:00:00+00:00,0.0,0.0,25.7,95.81,2.18,UKP_0004,0,2016
2016-08-12 00:00:00+00:00,20.88,27.38,25.73,96.14,2.15,UKP_0004,0,2016
2016-08-12 01:00:00+00:00,149.18,191.8,26.42,94.07,2.5,UKP_0004,0,2016
2016-08-12 02:00:00+00:00,328.58,400.98,27.09,91.58,2.95,UKP_0004,0,2016
2016-08-12 03:00:00+00:00,517.28,609.83,27.85,88.46,3.14,UKP_0004,0,2016
2016-08-12 04:00:00+00:00,546.03,775.0,28.6,85.16,3.21,UKP_0004,0,2016
2016-08-12 05:00:00+00:00,580.17,886.15,29.21,82.28,3.22,UKP_0004,0,2016
2016-08-12 06:00:00+00:00,603.28,910.72,29.75,79.87,3.12,UKP_0004,0,2016
2016-08-12 07:00:00+00:00,615.53,894.8,29.95,78.73,3.04,UKP_0004,0,2016
2016-08-12 08:00:00+00:00,567.53,809.78,29.64,80.57,2.84,UKP_0004,0,2016
2016-08-12 09:00:00+00:00,425.85,660.85,29.3,82.56,2.57,UKP_0004,0,2016
2016-08-12 10:00:00+00:00,304.52,476.42,28.94,85.16,2.25,UKP_0004,0,2016
2016-08-12 11:00:00+00:00,159.7,271.5,28.61,87.53,1.77,UKP_0004,0,2016
2016-08-12 12:00:00+00:00,53.75,92.03,28.16,88.71,1.5,UKP_0004,0,2016
2016-08-12 13:00:00+00:00,2.17,3.88,27.47,91.85,1.07,UKP_0004,0,2016
2016-08-12 14:00:00+00:00,0.0,0.0,27.29,90.65,0.96,UKP_0004,0,2016
2016-08-12 15:00:00+00:00,0.0,0.0,27.12,90.63,0.81,UKP_0004,0,2016
2016-08-12 16:00:00+00:00,0.0,0.0,27.01,90.19,0.55,UKP_0004,0,2016
2016-08-12 17:00:00+00:00,0.0,0.0,26.78,91.74,0.15,UKP_0004,0,2016
2016-08-12 18:00:00+00:00,0.0,0.0,26.39,94.39,0.46,UKP_0004,0,2016
2016-08-12 19:00:00+00:00,0.0,0.0,26.01,96.15,0.76,UKP_0004,0,2016
2016-08-12 20:00:00+00:00,0.0,0.0,25.87,95.86,0.71,UKP_0004,0,2016
2016-08-12 21:00:00+00:00,0.0,0.0,25.97,94.01,0.41,UKP_0004,0,2016
2016-08-12 22:00:00+00:00,0.0,0.0,25.87,93.59,0.38,UKP_0004,0,2016
2016-08-12 23:00:00+00:00,0.0,0.0,25.66,94.35,0.51,UKP_0004,0,2016
2016-08-13 00:00:00+00:00,14.82,26.55,25.68,95.36,0.42,UKP_0004,0,2016
2016-08-13 01:00:00+00:00,102.47,194.18,26.54,91.92,0.54,UKP_0004,0,2016
2016-08-13 02:00:00+00:00,235.2,411.38,27.64,84.83,1.26,UKP_0004,0,2016
2016-08-13 03:00:00+00:00,440.2,615.08,28.29,81.32,2.01,UKP_0004,0,2016
2016-08-13 04:00:00+00:00,611.2,781.03,28.55,80.39,2.62,UKP_0004,0,2016
2016-08-13 05:00:00+00:00,718.3,896.7,28.84,80.33,2.86,UKP_0004,0,2016
2016-08-13 06:00:00+00:00,735.4,918.0,29.1,80.17,2.96,UKP_0004,0,2016
2016-08-13 07:00:00+00:00,691.97,906.5,28.96,81.49,3.15,UKP_0004,0,2016
2016-08-13 08:00:00+00:00,504.5,826.47,28.64,84.34,3.38,UKP_0004,0,2016
2016-08-13 09:00:00+00:00,403.88,686.8,28.47,87.23,3.44,UKP_0004,0,2016
2016-08-13 10:00:00+00:00,227.77,500.8,28.34,89.94,3.13,UKP_0004,0,2016
2016-08-13 11:00:00+00:00,134.6,290.02,28.1,93.2,2.31,UKP_0004,0,2016
2016-08-13 12:00:00+00:00,47.67,94.0,27.78,95.76,1.55,UKP_0004,0,2016
2016-08-13 13:00:00+00:00,1.98,3.53,27.18,97.45,1.23,UKP_0004,0,2016
2016-08-13 14:00:00+00:00,0.0,0.0,26.99,97.55,1.38,UKP_0004,0,2016
2016-08-13 15:00:00+00:00,0.0,0.0,26.82,97.5,1.58,UKP_0004,0,2016
2016-08-13 16:00:00+00:00,0.0,0.0,26.61,97.48,1.63,UKP_0004,0,2016
2016-08-13 17:00:00+00:00,0.0,0.0,26.39,97.43,1.61,UKP_0004,0,2016
2016-08-13 18:00:00+00:00,0.0,0.0,26.15,97.37,1.49,UKP_0004,0,2016
2016-08-13 19:00:00+00:00,0.0,0.0,25.89,97.29,1.36,UKP_0004,0,2016
2016-08-13 20:00:00+00:00,0.0,0.0,25.58,97.39,1.32,UKP_0004,0,2016
2016-08-13 21:00:00+00:00,0.0,0.0,25.31,97.3,1.3,UKP_0004,0,2016
2016-08-13 22:00:00+00:00,0.0,0.0,25.17,96.53,1.2,UKP_0004,0,2016
2016-08-13 23:00:00+00:00,0.0,0.0,25.21,95.65,1.14,UKP_0004,0,2016
2016-08-14 00:00:00+00:00,19.38,20.52,25.63,95.46,0.94,UKP_0004,0,2016
2016-08-14 01:00:00+00:00,135.25,151.5,27.49,87.79,0.57,UKP_0004,0,2016
2016-08-14 02:00:00+00:00,284.65,347.08,30.05,74.58,1.35,UKP_0004,0,2016
2016-08-14 03:00:00+00:00,478.67,551.55,30.82,69.06,1.75,UKP_0004,0,2016
2016-08-14 04:00:00+00:00,604.97,723.22,31.17,69.21,2.19,UKP_0004,0,2016
2016-08-14 05:00:00+00:00,695.0,839.38,31.49,69.09,2.7,UKP_0004,0,2016
2016-08-14 06:00:00+00:00,678.38,886.88,31.67,69.1,3.14,UKP_0004,0,2016
2016-08-14 07:00:00+00:00,534.6,874.0,31.76,69.09,3.42,UKP_0004,0,2016
2016-08-14 08:00:00+00:00,465.92,785.17,31.73,69.35,3.64,UKP_0004,0,2016
2016-08-14 09:00:00+00:00,367.45,637.92,31.34,71.28,3.76,UKP_0004,0,2016
2016-08-14 10:00:00+00:00,229.65,446.58,31.06,72.44,3.64,UKP_0004,0,2016
2016-08-14 11:00:00+00:00,115.12,236.7,30.34,76.16,3.12,UKP_0004,0,2016
2016-08-14 12:00:00+00:00,35.22,75.3,29.22,80.49,2.76,UKP_0004,0,2016
2016-08-14 13:00:00+00:00,1.48,2.88,27.66,90.05,1.97,UKP_0004,0,2016
2016-08-14 14:00:00+00:00,0.0,0.0,27.09,90.95,1.98,UKP_0004,0,2016
2016-08-14 15:00:00+00:00,0.0,0.0,26.72,91.56,1.92,UKP_0004,0,2016
2016-08-14 16:00:00+00:00,0.0,0.0,26.43,92.09,1.83,UKP_0004,0,2016
2016-08-14 17:00:00+00:00,0.0,0.0,26.17,92.67,1.75,UKP_0004,0,2016
2016-08-14 18:00:00+00:00,0.0,0.0,25.96,93.14,1.65,UKP_0004,0,2016
2016-08-14 19:00:00+00:00,0.0,0.0,25.86,93.41,1.54,UKP_0004,0,2016
2016-08-14 20:00:00+00:00,0.0,0.0,25.73,93.82,1.55,UKP_0004,0,2016
2016-08-14 21:00:00+00:00,0.0,0.0,25.57,94.08,1.67,UKP_0004,0,2016
2016-08-14 22:00:00+00:00,0.0,0.0,25.38,94.21,1.85,UKP_0004,0,2016
2016-08-14 23:00:00+00:00,0.0,0.0,25.23,94.21,2.04,UKP_0004,0,2016
2016-08-15 00:00:00+00:00,16.67,20.55,25.55,93.81,2.07,UKP_0004,0,2016
2016-08-15 01:00:00+00:00,121.53,151.68,26.88,88.89,2.65,UKP_0004,0,2016
2016-08-15 02:00:00+00:00,266.85,336.92,27.97,84.11,3.07,UKP_0004,0,2016
2016-08-15 03:00:00+00:00,452.98,534.15,29.32,77.46,3.61,UKP_0004,0,2016
2016-08-15 04:00:00+00:00,551.3,721.5,30.36,73.28,3.9,UKP_0004,0,2016
2016-08-15 05:00:00+00:00,572.25,835.38,31.26,69.53,3.93,UKP_0004,0,2016
2016-08-15 06:00:00+00:00,608.55,898.28,31.94,67.23,3.89,UKP_0004,0,2016
2016-08-15 07:00:00+00:00,653.1,891.03,32.34,66.12,3.96,UKP_0004,0,2016
2016-08-15 08:00:00+00:00,569.17,808.17,32.39,66.29,4.12,UKP_0004,0,2016
2016-08-15 09:00:00+00:00,486.3,667.5,32.18,67.73,4.34,UKP_0004,0,2016
2016-08-15 10:00:00+00:00,329.75,482.23,31.74,69.44,4.39,UKP_0004,0,2016
2016-08-15 11:00:00+00:00,179.93,272.0,30.75,73.54,4.26,UKP_0004,0,2016
2016-08-15 12:00:00+00:00,56.53,83.35,29.15,82.75,3.24,UKP_0004,0,2016
2016-08-15 13:00:00+00:00,1.6,2.72,27.52,89.63,2.57,UKP_0004,0,2016
2016-08-15 14:00:00+00:00,0.0,0.0,27.01,91.12,2.49,UKP_0004,0,2016
2016-08-15 15:00:00+00:00,0.0,0.0,26.68,92.36,2.24,UKP_0004,0,2016
2016-08-15 16:00:00+00:00,0.0,0.0,26.42,93.32,1.96,UKP_0004,0,2016
2016-08-15 17:00:00+00:00,0.0,0.0,26.18,94.18,1.7,UKP_0004,0,2016
2016-08-15 18:00:00+00:00,0.0,0.0,26.0,94.51,1.69,UKP_0004,0,2016
2016-08-15 19:00:00+00:00,0.0,0.0,25.79,94.94,1.83,UKP_0004,0,2016
2016-08-15 20:00:00+00:00,0.0,0.0,25.57,95.48,1.86,UKP_0004,0,2016
2016-08-15 21:00:00+00:00,0.0,0.0,25.36,95.82,1.76,UKP_0004,0,2016
2016-08-15 22:00:00+00:00,0.0,0.0,25.2,95.75,1.57,UKP_0004,0,2016
2016-08-15 23:00:00+00:00,0.0,0.0,25.17,94.67,1.35,UKP_0004,0,2016
2016-08-16 00:00:00+00:00,14.4,20.0,25.43,93.96,1.17,UKP_0004,0,2016
2016-08-16 01:00:00+00:00,87.97,156.27,26.58,89.21,1.52,UKP_0004,0,2016
2016-08-16 02:00:00+00:00,177.5,352.9,28.37,80.3,2.06,UKP_0004,0,2016
2016-08-16 03:00:00+00:00,286.55,575.9,30.02,72.77,2.29,UKP_0004,0,2016
2016-08-16 04:00:00+00:00,323.2,746.92,31.13,68.99,2.54,UKP_0004,0,2016
2016-08-16 05:00:00+00:00,303.62,866.9,31.83,67.59,2.86,UKP_0004,0,2016
2016-08-16 06:00:00+00:00,232.65,809.1,32.32,67.04,3.26,UKP_0004,0,2016
2016-08-16 07:00:00+00:00,262.77,800.95,32.33,68.2,3.53,UKP_0004,0,2016
2016-08-16 08:00:00+00:00,318.4,727.67,32.12,69.62,3.74,UKP_0004,0,2016
2016-08-16 09:00:00+00:00,361.17,594.4,31.63,72.31,3.84,UKP_0004,0,2016
2016-08-16 10:00:00+00:00,243.27,419.42,31.01,75.32,3.88,UKP_0004,0,2016
2016-08-16 11:00:00+00:00,129.77,229.55,30.25,79.01,3.62,UKP_0004,0,2016
2016-08-16 12:00:00+00:00,44.92,75.47,29.13,86.51,2.71,UKP_0004,0,2016
2016-08-16 13:00:00+00:00,0.0,0.0,27.96,91.56,2.23,UKP_0004,0,2016
2016-08-16 14:00:00+00:00,0.0,0.0,27.57,92.63,2.19,UKP_0004,0,2016
2016-08-16 15:00:00+00:00,0.0,0.0,27.3,93.32,2.05,UKP_0004,0,2016
2016-08-16 16:00:00+00:00,0.0,0.0,27.05,93.85,1.91,UKP_0004,0,2016
2016-08-16 17:00:00+00:00,0.0,0.0,26.83,94.05,1.77,UKP_0004,0,2016
2016-08-16 18:00:00+00:00,0.0,0.0,26.62,93.95,1.67,UKP_0004,0,2016
2016-08-16 19:00:00+00:00,0.0,0.0,26.48,93.28,1.56,UKP_0004,0,2016
2016-08-16 20:00:00+00:00,0.0,0.0,26.35,92.53,1.51,UKP_0004,0,2016
2016-08-16 21:00:00+00:00,0.0,0.0,26.26,91.52,1.29,UKP_0004,0,2016
2016-08-16 22:00:00+00:00,0.0,0.0,26.24,90.23,0.83,UKP_0004,0,2016
2016-08-16 23:00:00+00:00,0.0,0.0,26.08,90.78,0.32,UKP_0004,0,2016
2016-08-17 00:00:00+00:00,9.27,18.67,26.08,91.96,0.35,UKP_0004,0,2016
2016-08-17 01:00:00+00:00,56.53,142.1,26.87,88.91,1.0,UKP_0004,0,2016
2016-08-17 02:00:00+00:00,128.43,323.02,28.62,78.83,1.24,UKP_0004,0,2016
2016-08-17 03:00:00+00:00,171.57,490.0,29.85,73.4,1.53,UKP_0004,0,2016
2016-08-17 04:00:00+00:00,197.12,624.95,29.92,73.09,1.86,UKP_0004,0,2016
2016-08-17 05:00:00+00:00,226.32,734.1,30.01,72.88,2.03,UKP_0004,0,2016
2016-08-17 06:00:00+00:00,234.12,774.38,30.25,72.94,2.06,UKP_0004,0,2016
2016-08-17 07:00:00+00:00,301.23,772.08,30.34,73.09,1.94,UKP_0004,0,2016
2016-08-17 08:00:00+00:00,280.62,682.25,30.3,73.05,1.64,UKP_0004,0,2016
2016-08-17 09:00:00+00:00,450.1,559.12,30.23,72.81,1.57,UKP_0004,0,2016
2016-08-17 10:00:00+00:00,318.98,403.12,30.05,73.63,1.66,UKP_0004,0,2016
2016-08-17 11:00:00+00:00,183.07,234.9,29.75,77.18,1.71,UKP_0004,0,2016
2016-08-17 12:00:00+00:00,60.75,79.0,28.78,80.57,2.1,UKP_0004,0,2016
2016-08-17 13:00:00+00:00,0.0,0.0,27.28,90.13,1.84,UKP_0004,0,2016
2016-08-17 14:00:00+00:00,0.0,0.0,26.75,91.12,1.96,UKP_0004,0,2016
2016-08-17 15:00:00+00:00,0.0,0.0,26.43,91.88,1.92,UKP_0004,0,2016
2016-08-17 16:00:00+00:00,0.0,0.0,26.11,92.96,1.81,UKP_0004,0,2016
2016-08-17 17:00:00+00:00,0.0,0.0,25.83,93.89,1.74,UKP_0004,0,2016
2016-08-17 18:00:00+00:00,0.0,0.0,25.6,94.42,1.75,UKP_0004,0,2016
2016-08-17 19:00:00+00:00,0.0,0.0,25.42,94.7,1.78,UKP_0004,0,2016
2016-08-17 20:00:00+00:00,0.0,0.0,25.3,94.58,1.7,UKP_0004,0,2016
2016-08-17 21:00:00+00:00,0.0,0.0,25.33,93.25,1.47,UKP_0004,0,2016
2016-08-17 22:00:00+00:00,0.0,0.0,25.59,90.43,1.13,UKP_0004,0,2016
2016-08-17 23:00:00+00:00,0.0,0.0,25.74,88.55,1.17,UKP_0004,0,2016
2016-08-18 00:00:00+00:00,18.65,23.88,25.91,90.51,1.45,UKP_0004,0,2016
2016-08-18 01:00:00+00:00,170.75,194.2,28.17,83.18,1.5,UKP_0004,0,2016
2016-08-18 02:00:00+00:00,376.33,414.02,30.66,68.5,1.13,UKP_0004,0,2016
2016-08-18 03:00:00+00:00,611.95,620.45,31.41,64.9,2.38,UKP_0004,0,2016
2016-08-18 04:00:00+00:00,618.15,788.6,31.64,66.37,2.86,UKP_0004,0,2016
2016-08-18 05:00:00+00:00,750.1,899.55,31.99,66.24,3.04,UKP_0004,0,2016
2016-08-18 06:00:00+00:00,543.55,916.7,32.23,66.51,3.11,UKP_0004,0,2016
2016-08-18 07:00:00+00:00,568.38,900.17,32.32,66.72,3.22,UKP_0004,0,2016
2016-08-18 08:00:00+00:00,585.47,818.83,32.28,67.05,3.39,UKP_0004,0,2016
2016-08-18 09:00:00+00:00,454.88,672.17,32.07,68.1,3.53,UKP_0004,0,2016
2016-08-18 10:00:00+00:00,290.17,485.08,31.89,69.88,3.41,UKP_0004,0,2016
2016-08-18 11:00:00+00:00,166.18,277.15,31.28,72.79,3.2,UKP_0004,0,2016
2016-08-18 12:00:00+00:00,61.4,91.97,29.88,79.65,2.88,UKP_0004,0,2016
2016-08-18 13:00:00+00:00,0.0,0.0,28.06,88.37,2.42,UKP_0004,0,2016
2016-08-18 14:00:00+00:00,0.0,0.0,27.43,88.84,2.68,UKP_0004,0,2016
2016-08-18 15:00:00+00:00,0.0,0.0,26.99,89.16,2.97,UKP_0004,0,2016
2016-08-18 16:00:00+00:00,0.0,0.0,26.57,90.41,2.85,UKP_0004,0,2016
2016-08-18 17:00:00+00:00,0.0,0.0,26.24,92.24,2.36,UKP_0004,0,2016
2016-08-18 18:00:00+00:00,0.0,0.0,26.04,93.12,2.07,UKP_0004,0,2016
2016-08-18 19:00:00+00:00,0.0,0.0,26.0,92.75,1.78,UKP_0004,0,2016
2016-08-18 20:00:00+00:00,0.0,0.0,26.03,92.17,1.33,UKP_0004,0,2016
2016-08-18 21:00:00+00:00,0.0,0.0,25.78,93.85,1.01,UKP_0004,0,2016
2016-08-18 22:00:00+00:00,0.0,0.0,25.61,94.54,1.12,UKP_0004,0,2016
2016-08-18 23:00:00+00:00,0.0,0.0,25.4,95.8,1.57,UKP_0004,0,2016
2016-08-19 00:00:00+00:00,17.33,22.73,25.47,96.38,1.96,UKP_0004,0,2016
2016-08-19 01:00:00+00:00,113.85,188.98,26.29,94.09,2.92,UKP_0004,0,2016
2016-08-19 02:00:00+00:00,231.93,412.12,27.34,90.47,2.82,UKP_0004,0,2016
2016-08-19 03:00:00+00:00,392.42,618.22,28.29,86.95,2.75,UKP_0004,0,2016
2016-08-19 04:00:00+00:00,507.38,784.2,29.12,83.15,2.84,UKP_0004,0,2016
2016-08-19 05:00:00+00:00,484.38,896.6,29.62,79.79,2.68,UKP_0004,0,2016
2016-08-19 06:00:00+00:00,640.45,912.7,30.03,76.97,2.08,UKP_0004,0,2016
2016-08-19 07:00:00+00:00,585.55,903.05,30.43,74.16,1.36,UKP_0004,0,2016
2016-08-19 08:00:00+00:00,561.3,825.12,30.66,72.35,0.72,UKP_0004,0,2016
2016-08-19 09:00:00+00:00,374.3,687.1,30.68,71.57,0.12,UKP_0004,0,2016
2016-08-19 10:00:00+00:00,213.95,502.48,30.77,71.84,0.52,UKP_0004,0,2016
2016-08-19 11:00:00+00:00,105.45,290.8,30.96,68.04,0.53,UKP_0004,0,2016
2016-08-19 12:00:00+00:00,29.52,95.07,30.24,70.76,0.62,UKP_0004,0,2016
2016-08-19 13:00:00+00:00,0.0,0.0,29.55,73.21,0.48,UKP_0004,0,2016
2016-08-19 14:00:00+00:00,0.0,0.0,29.35,71.22,0.14,UKP_0004,0,2016
2016-08-19 15:00:00+00:00,0.0,0.0,28.25,79.65,0.9,UKP_0004,0,2016
2016-08-19 16:00:00+00:00,0.0,0.0,27.13,87.8,1.63,UKP_0004,0,2016
2016-08-19 17:00:00+00:00,0.0,0.0,26.58,90.72,2.04,UKP_0004,0,2016
2016-08-19 18:00:00+00:00,0.0,0.0,26.24,91.67,2.3,UKP_0004,0,2016
2016-08-19 19:00:00+00:00,0.0,0.0,26.09,92.0,2.43,UKP_0004,0,2016
2016-08-19 20:00:00+00:00,0.0,0.0,26.04,92.28,2.43,UKP_0004,0,2016
2016-08-19 21:00:00+00:00,0.0,0.0,25.98,92.54,2.39,UKP_0004,0,2016
2016-08-19 22:00:00+00:00,0.0,0.0,25.89,92.66,2.45,UKP_0004,0,2016
2016-08-19 23:00:00+00:00,0.0,0.0,25.79,92.86,2.52,UKP_0004,0,2016
2016-08-20 00:00:00+00:00,15.32,20.7,25.89,93.25,2.54,UKP_0004,0,2016
2016-08-20 01:00:00+00:00,132.98,179.27,27.09,90.43,3.42,UKP_0004,0,2016
2016-08-20 02:00:00+00:00,307.25,395.83,28.09,86.55,4.71,UKP_0004,0,2016
2016-08-20 03:00:00+00:00,493.25,599.28,29.03,82.23,5.33,UKP_0004,0,2016
2016-08-20 04:00:00+00:00,663.0,767.12,29.78,79.13,5.4,UKP_0004,0,2016
2016-08-20 05:00:00+00:00,745.72,881.38,30.3,77.14,5.27,UKP_0004,0,2016
2016-08-20 06:00:00+00:00,756.55,929.92,30.72,75.68,5.11,UKP_0004,0,2016
2016-08-20 07:00:00+00:00,737.08,917.12,30.9,74.88,4.86,UKP_0004,0,2016
2016-08-20 08:00:00+00:00,575.0,832.17,30.9,74.68,4.43,UKP_0004,0,2016
2016-08-20 09:00:00+00:00,435.95,682.97,30.75,74.97,4.02,UKP_0004,0,2016
2016-08-20 10:00:00+00:00,313.23,489.58,30.36,77.21,3.64,UKP_0004,0,2016
2016-08-20 11:00:00+00:00,187.75,277.02,29.83,80.57,3.13,UKP_0004,0,2016
2016-08-20 12:00:00+00:00,61.03,84.72,28.76,85.85,2.52,UKP_0004,0,2016
2016-08-20 13:00:00+00:00,0.0,0.0,27.4,92.53,1.91,UKP_0004,0,2016
2016-08-20 14:00:00+00:00,0.0,0.0,26.91,93.35,1.95,UKP_0004,0,2016
2016-08-20 15:00:00+00:00,0.0,0.0,26.55,94.07,1.86,UKP_0004,0,2016
2016-08-20 16:00:00+00:00,0.0,0.0,26.21,94.92,1.77,UKP_0004,0,2016
2016-08-20 17:00:00+00:00,0.0,0.0,25.92,95.64,1.75,UKP_0004,0,2016
2016-08-20 18:00:00+00:00,0.0,0.0,25.61,96.41,1.74,UKP_0004,0,2016
2016-08-20 19:00:00+00:00,0.0,0.0,25.24,97.24,1.69,UKP_0004,0,2016
2016-08-20 20:00:00+00:00,0.0,0.0,24.87,98.11,1.6,UKP_0004,0,2016
2016-08-20 21:00:00+00:00,0.0,0.0,24.62,98.62,1.52,UKP_0004,0,2016
2016-08-20 22:00:00+00:00,0.0,0.0,24.44,98.8,1.48,UKP_0004,0,2016
2016-08-20 23:00:00+00:00,0.0,0.0,24.29,98.91,1.48,UKP_0004,0,2016
2016-08-21 00:00:00+00:00,17.23,20.17,24.62,97.88,1.6,UKP_0004,0,2016
2016-08-21 01:00:00+00:00,141.73,174.88,26.11,92.71,2.39,UKP_0004,0,2016
2016-08-21 02:00:00+00:00,317.75,388.6,27.93,84.89,2.11,UKP_0004,0,2016
2016-08-21 03:00:00+00:00,515.25,596.17,29.46,79.04,2.59,UKP_0004,0,2016
2016-08-21 04:00:00+00:00,654.67,779.65,30.43,76.27,3.25,UKP_0004,0,2016
2016-08-21 05:00:00+00:00,733.17,895.47,31.11,74.49,3.59,UKP_0004,0,2016
2016-08-21 06:00:00+00:00,733.92,957.45,31.6,73.06,3.73,UKP_0004,0,2016
2016-08-21 07:00:00+00:00,777.6,942.03,31.8,72.22,3.74,UKP_0004,0,2016
2016-08-21 08:00:00+00:00,670.22,859.53,31.83,72.01,3.71,UKP_0004,0,2016
2016-08-21 09:00:00+00:00,598.8,714.0,31.71,72.32,3.63,UKP_0004,0,2016
2016-08-21 10:00:00+00:00,434.9,518.53,31.36,73.92,3.55,UKP_0004,0,2016
2016-08-21 11:00:00+00:00,214.77,289.42,30.63,78.52,3.06,UKP_0004,0,2016
2016-08-21 12:00:00+00:00,67.2,86.9,29.5,83.58,2.59,UKP_0004,0,2016
2016-08-21 13:00:00+00:00,0.0,0.0,27.89,91.76,1.94,UKP_0004,0,2016
2016-08-21 14:00:00+00:00,0.0,0.0,27.28,92.71,1.94,UKP_0004,0,2016
2016-08-21 15:00:00+00:00,0.0,0.0,26.85,93.41,1.81,UKP_0004,0,2016
2016-08-21 16:00:00+00:00,0.0,0.0,26.56,94.03,1.54,UKP_0004,0,2016
2016-08-21 17:00:00+00:00,0.0,0.0,26.29,94.69,1.3,UKP_0004,0,2016
2016-08-21 18:00:00+00:00,0.0,0.0,25.97,95.47,1.12,UKP_0004,0,2016
2016-08-21 19:00:00+00:00,0.0,0.0,25.67,96.01,0.98,UKP_0004,0,2016
2016-08-21 20:00:00+00:00,0.0,0.0,25.37,96.56,0.9,UKP_0004,0,2016
2016-08-21 21:00:00+00:00,0.0,0.0,25.18,96.43,0.83,UKP_0004,0,2016
2016-08-21 22:00:00+00:00,0.0,0.0,25.06,95.86,0.68,UKP_0004,0,2016
2016-08-21 23:00:00+00:00,0.0,0.0,24.97,95.53,0.43,UKP_0004,0,2016
2016-08-22 00:00:00+00:00,15.85,19.67,25.18,95.76,0.18,UKP_0004,0,2016
2016-08-22 01:00:00+00:00,126.57,170.5,26.83,87.76,0.28,UKP_0004,0,2016
2016-08-22 02:00:00+00:00,264.1,372.67,28.56,79.3,1.04,UKP_0004,0,2016
2016-08-22 03:00:00+00:00,451.42,595.62,29.86,75.51,1.55,UKP_0004,0,2016
2016-08-22 04:00:00+00:00,581.95,761.3,30.84,73.58,1.9,UKP_0004,0,2016
2016-08-22 05:00:00+00:00,656.33,877.12,31.5,72.25,2.15,UKP_0004,0,2016
2016-08-22 06:00:00+00:00,560.55,915.65,31.74,71.47,2.3,UKP_0004,0,2016
2016-08-22 07:00:00+00:00,476.48,902.62,31.77,71.14,2.3,UKP_0004,0,2016
2016-08-22 08:00:00+00:00,383.7,822.0,31.6,71.36,2.26,UKP_0004,0,2016
2016-08-22 09:00:00+00:00,277.7,680.9,31.29,72.76,2.17,UKP_0004,0,2016
2016-08-22 10:00:00+00:00,72.9,494.1,31.24,72.7,2.08,UKP_0004,0,2016
2016-08-22 11:00:00+00:00,50.47,280.95,30.65,76.75,2.04,UKP_0004,0,2016
2016-08-22 12:00:00+00:00,18.85,84.88,29.42,81.44,2.16,UKP_0004,0,2016
2016-08-22 13:00:00+00:00,0.0,0.0,27.93,90.79,1.79,UKP_0004,0,2016
2016-08-22 14:00:00+00:00,0.0,0.0,27.51,91.58,1.78,UKP_0004,0,2016
2016-08-22 15:00:00+00:00,0.0,0.0,27.16,92.47,1.84,UKP_0004,0,2016
2016-08-22 16:00:00+00:00,0.0,0.0,26.83,93.11,1.87,UKP_0004,0,2016
2016-08-22 17:00:00+00:00,0.0,0.0,26.52,93.94,1.76,UKP_0004,0,2016
2016-08-22 18:00:00+00:00,0.0,0.0,26.23,94.22,1.91,UKP_0004,0,2016
2016-08-22 19:00:00+00:00,0.0,0.0,26.04,94.0,2.22,UKP_0004,0,2016
2016-08-22 20:00:00+00:00,0.0,0.0,25.93,93.49,2.4,UKP_0004,0,2016
2016-08-22 21:00:00+00:00,0.0,0.0,25.86,92.6,2.22,UKP_0004,0,2016
2016-08-22 22:00:00+00:00,0.0,0.0,25.97,90.49,1.96,UKP_0004,0,2016
2016-08-22 23:00:00+00:00,0.0,0.0,26.51,85.16,1.39,UKP_0004,0,2016
2016-08-23 00:00:00+00:00,14.9,20.52,27.39,79.65,0.46,UKP_0004,0,2016
2016-08-23 01:00:00+00:00,103.7,183.8,28.78,77.8,1.2,UKP_0004,0,2016
2016-08-23 02:00:00+00:00,239.73,404.48,30.07,73.5,2.29,UKP_0004,0,2016
2016-08-23 03:00:00+00:00,379.88,610.95,30.22,72.24,2.85,UKP_0004,0,2016
2016-08-23 04:00:00+00:00,478.95,777.78,30.43,71.61,3.13,UKP_0004,0,2016
2016-08-23 05:00:00+00:00,585.78,890.5,30.8,70.98,3.2,UKP_0004,0,2016
2016-08-23 06:00:00+00:00,624.95,939.35,30.94,71.01,3.33,UKP_0004,0,2016
2016-08-23 07:00:00+00:00,647.03,925.62,30.73,72.6,3.53,UKP_0004,0,2016
2016-08-23 08:00:00+00:00,626.3,846.0,30.61,73.9,3.65,UKP_0004,0,2016
2016-08-23 09:00:00+00:00,553.22,702.83,30.56,74.64,3.56,UKP_0004,0,2016
2016-08-23 10:00:00+00:00,421.35,512.28,30.21,76.47,3.3,UKP_0004,0,2016
2016-08-23 11:00:00+00:00,230.25,293.4,29.69,79.73,2.78,UKP_0004,0,2016
2016-08-23 12:00:00+00:00,67.62,86.43,28.75,84.55,2.13,UKP_0004,0,2016
2016-08-23 13:00:00+00:00,0.0,0.0,27.41,92.88,1.53,UKP_0004,0,2016
2016-08-23 14:00:00+00:00,0.0,0.0,26.94,93.97,1.48,UKP_0004,0,2016
2016-08-23 15:00:00+00:00,0.0,0.0,26.53,94.72,1.51,UKP_0004,0,2016
2016-08-23 16:00:00+00:00,0.0,0.0,26.1,95.35,1.62,UKP_0004,0,2016
2016-08-23 17:00:00+00:00,0.0,0.0,25.69,95.85,1.74,UKP_0004,0,2016
2016-08-23 18:00:00+00:00,0.0,0.0,25.34,96.09,1.86,UKP_0004,0,2016
2016-08-23 19:00:00+00:00,0.0,0.0,25.05,96.05,2.01,UKP_0004,0,2016
2016-08-23 20:00:00+00:00,0.0,0.0,24.82,95.73,2.27,UKP_0004,0,2016
2016-08-23 21:00:00+00:00,0.0,0.0,24.62,95.14,2.49,UKP_0004,0,2016
2016-08-23 22:00:00+00:00,0.0,0.0,24.48,94.06,2.66,UKP_0004,0,2016
2016-08-23 23:00:00+00:00,0.0,0.0,24.37,93.01,2.71,UKP_0004,0,2016
2016-08-24 00:00:00+00:00,14.18,17.08,24.66,91.69,2.65,UKP_0004,0,2016
2016-08-24 01:00:00+00:00,108.7,154.07,26.74,84.65,3.34,UKP_0004,0,2016
2016-08-24 02:00:00+00:00,236.23,359.38,28.09,79.58,4.57,UKP_0004,0,2016
2016-08-24 03:00:00+00:00,459.9,572.2,28.88,76.84,5.88,UKP_0004,0,2016
2016-08-24 04:00:00+00:00,584.78,749.38,29.17,76.39,6.26,UKP_0004,0,2016
2016-08-24 05:00:00+00:00,630.85,866.1,29.25,76.76,6.15,UKP_0004,0,2016
2016-08-24 06:00:00+00:00,693.0,938.7,29.42,76.54,5.83,UKP_0004,0,2016
2016-08-24 07:00:00+00:00,717.47,921.97,29.82,75.46,5.51,UKP_0004,0,2016
2016-08-24 08:00:00+00:00,732.95,834.38,30.11,74.66,5.23,UKP_0004,0,2016
2016-08-24 09:00:00+00:00,620.1,682.97,30.23,74.42,4.87,UKP_0004,0,2016
2016-08-24 10:00:00+00:00,435.65,475.12,30.01,76.03,4.26,UKP_0004,0,2016
2016-08-24 11:00:00+00:00,232.6,254.65,29.52,79.72,3.41,UKP_0004,0,2016
2016-08-24 12:00:00+00:00,68.28,71.32,28.49,85.97,2.46,UKP_0004,0,2016
2016-08-24 13:00:00+00:00,0.0,0.0,27.1,92.54,1.85,UKP_0004,0,2016
2016-08-24 14:00:00+00:00,0.0,0.0,26.81,92.6,1.68,UKP_0004,0,2016
2016-08-24 15:00:00+00:00,0.0,0.0,26.67,92.47,1.44,UKP_0004,0,2016
2016-08-24 16:00:00+00:00,0.0,0.0,26.37,93.32,1.4,UKP_0004,0,2016
2016-08-24 17:00:00+00:00,0.0,0.0,26.07,94.41,1.52,UKP_0004,0,2016
2016-08-24 18:00:00+00:00,0.0,0.0,25.88,94.58,1.51,UKP_0004,0,2016
2016-08-24 19:00:00+00:00,0.0,0.0,25.72,94.39,1.48,UKP_0004,0,2016
2016-08-24 20:00:00+00:00,0.0,0.0,25.52,94.45,1.48,UKP_0004,0,2016
2016-08-24 21:00:00+00:00,0.0,0.0,25.32,94.57,1.55,UKP_0004,0,2016
2016-08-24 22:00:00+00:00,0.0,0.0,25.16,94.54,1.56,UKP_0004,0,2016
2016-08-24 23:00:00+00:00,0.0,0.0,25.11,93.9,1.46,UKP_0004,0,2016
2016-08-25 00:00:00+00:00,19.9,20.17,25.3,94.37,1.31,UKP_0004,0,2016
2016-08-25 01:00:00+00:00,180.38,182.88,27.29,88.84,1.3,UKP_0004,0,2016
2016-08-25 02:00:00+00:00,398.02,400.08,29.46,79.3,1.24,UKP_0004,0,2016
2016-08-25 03:00:00+00:00,602.22,604.38,30.22,73.49,1.98,UKP_0004,0,2016
2016-08-25 04:00:00+00:00,759.95,772.15,30.78,71.8,2.39,UKP_0004,0,2016
2016-08-25 05:00:00+00:00,874.58,882.97,31.38,70.31,2.51,UKP_0004,0,2016
2016-08-25 06:00:00+00:00,913.38,948.47,31.79,69.32,2.5,UKP_0004,0,2016
2016-08-25 07:00:00+00:00,849.15,925.58,31.98,68.8,2.49,UKP_0004,0,2016
2016-08-25 08:00:00+00:00,726.47,830.12,32.01,68.86,2.5,UKP_0004,0,2016
2016-08-25 09:00:00+00:00,590.55,676.15,31.79,69.68,2.46,UKP_0004,0,2016
2016-08-25 10:00:00+00:00,421.77,468.7,31.37,71.4,2.33,UKP_0004,0,2016
2016-08-25 11:00:00+00:00,211.8,253.7,30.76,75.5,1.86,UKP_0004,0,2016
2016-08-25 12:00:00+00:00,56.7,68.9,29.83,78.62,1.53,UKP_0004,0,2016
2016-08-25 13:00:00+00:00,0.0,0.0,28.44,88.52,1.21,UKP_0004,0,2016
2016-08-25 14:00:00+00:00,0.0,0.0,28.21,87.17,1.04,UKP_0004,0,2016
2016-08-25 15:00:00+00:00,0.0,0.0,28.19,83.82,0.7,UKP_0004,0,2016
2016-08-25 16:00:00+00:00,0.0,0.0,28.05,82.31,0.76,UKP_0004,0,2016
2016-08-25 17:00:00+00:00,0.0,0.0,27.78,83.18,0.92,UKP_0004,0,2016
2016-08-25 18:00:00+00:00,0.0,0.0,27.6,83.74,1.02,UKP_0004,0,2016
2016-08-25 19:00:00+00:00,0.0,0.0,27.45,84.11,1.1,UKP_0004,0,2016
2016-08-25 20:00:00+00:00,0.0,0.0,27.46,83.0,1.09,UKP_0004,0,2016
2016-08-25 21:00:00+00:00,0.0,0.0,27.4,82.61,0.95,UKP_0004,0,2016
2016-08-25 22:00:00+00:00,0.0,0.0,27.01,84.58,1.0,UKP_0004,0,2016
2016-08-25 23:00:00+00:00,0.0,0.0,26.67,86.02,1.14,UKP_0004,0,2016
2016-08-26 00:00:00+00:00,15.07,20.45,26.5,88.78,1.18,UKP_0004,0,2016
2016-08-26 01:00:00+00:00,140.88,191.77,28.15,83.62,1.28,UKP_0004,0,2016
2016-08-26 02:00:00+00:00,329.58,411.1,30.25,74.66,1.5,UKP_0004,0,2016
2016-08-26 03:00:00+00:00,547.35,614.03,30.76,72.92,2.2,UKP_0004,0,2016
2016-08-26 04:00:00+00:00,643.62,781.3,31.17,71.11,2.63,UKP_0004,0,2016
2016-08-26 05:00:00+00:00,722.42,891.5,31.78,70.28,2.76,UKP_0004,0,2016
2016-08-26 06:00:00+00:00,676.3,893.75,32.16,69.76,2.85,UKP_0004,0,2016
2016-08-26 07:00:00+00:00,604.62,871.53,32.3,69.62,2.9,UKP_0004,0,2016
2016-08-26 08:00:00+00:00,481.23,782.55,32.29,69.93,2.95,UKP_0004,0,2016
2016-08-26 09:00:00+00:00,326.95,632.38,31.96,71.61,2.92,UKP_0004,0,2016
2016-08-26 10:00:00+00:00,128.7,431.02,31.42,74.25,2.85,UKP_0004,0,2016
2016-08-26 11:00:00+00:00,78.03,229.12,30.66,78.02,2.62,UKP_0004,0,2016
2016-08-26 12:00:00+00:00,14.27,57.55,29.43,83.83,2.3,UKP_0004,0,2016
2016-08-26 13:00:00+00:00,0.0,0.0,28.07,91.24,1.8,UKP_0004,0,2016
2016-08-26 14:00:00+00:00,0.0,0.0,27.53,92.3,1.86,UKP_0004,0,2016
2016-08-26 15:00:00+00:00,0.0,0.0,27.13,93.03,1.88,UKP_0004,0,2016
2016-08-26 16:00:00+00:00,0.0,0.0,26.75,94.03,1.86,UKP_0004,0,2016
2016-08-26 17:00:00+00:00,0.0,0.0,26.48,94.88,1.84,UKP_0004,0,2016
2016-08-26 18:00:00+00:00,0.0,0.0,26.34,95.35,1.93,UKP_0004,0,2016
2016-08-26 19:00:00+00:00,0.0,0.0,26.26,95.61,2.02,UKP_0004,0,2016
2016-08-26 20:00:00+00:00,0.0,0.0,26.17,95.84,2.1,UKP_0004,0,2016
2016-08-26 21:00:00+00:00,0.0,0.0,26.05,96.11,2.31,UKP_0004,0,2016
2016-08-26 22:00:00+00:00,0.0,0.0,25.94,96.32,2.51,UKP_0004,0,2016
2016-08-26 23:00:00+00:00,0.0,0.0,25.81,96.47,2.6,UKP_0004,0,2016
2016-08-27 00:00:00+00:00,11.75,17.98,25.73,96.43,2.68,UKP_0004,0,2016
2016-08-27 01:00:00+00:00,89.55,182.18,26.17,94.91,2.92,UKP_0004,0,2016
2016-08-27 02:00:00+00:00,200.4,406.23,26.78,91.83,3.21,UKP_0004,0,2016
2016-08-27 03:00:00+00:00,314.83,613.8,27.78,86.01,3.27,UKP_0004,0,2016
2016-08-27 04:00:00+00:00,386.52,780.7,28.91,76.9,3.15,UKP_0004,0,2016
2016-08-27 05:00:00+00:00,472.65,891.83,29.82,71.32,2.8,UKP_0004,0,2016
2016-08-27 06:00:00+00:00,603.9,943.2,30.63,68.11,2.41,UKP_0004,0,2016
2016-08-27 07:00:00+00:00,558.17,926.55,31.24,66.31,2.37,UKP_0004,0,2016
2016-08-27 08:00:00+00:00,619.88,841.28,31.35,66.57,2.43,UKP_0004,0,2016
2016-08-27 09:00:00+00:00,663.78,696.58,31.27,67.73,2.39,UKP_0004,0,2016
2016-08-27 10:00:00+00:00,481.85,506.77,30.98,70.78,2.38,UKP_0004,0,2016
2016-08-27 11:00:00+00:00,267.5,288.3,30.58,75.03,2.15,UKP_0004,0,2016
2016-08-27 12:00:00+00:00,71.95,78.57,29.32,81.78,1.97,UKP_0004,0,2016
2016-08-27 13:00:00+00:00,0.0,0.0,27.75,90.15,1.72,UKP_0004,0,2016
2016-08-27 14:00:00+00:00,0.0,0.0,27.64,88.87,1.42,UKP_0004,0,2016
2016-08-27 15:00:00+00:00,0.0,0.0,28.01,83.77,0.76,UKP_0004,0,2016
2016-08-27 16:00:00+00:00,0.0,0.0,28.06,81.6,0.2,UKP_0004,0,2016
2016-08-27 17:00:00+00:00,0.0,0.0,27.33,86.38,0.94,UKP_0004,0,2016
2016-08-27 18:00:00+00:00,0.0,0.0,26.61,90.59,1.39,UKP_0004,0,2016
2016-08-27 19:00:00+00:00,0.0,0.0,26.19,92.44,1.63,UKP_0004,0,2016
2016-08-27 20:00:00+00:00,0.0,0.0,25.93,93.16,1.75,UKP_0004,0,2016
2016-08-27 21:00:00+00:00,0.0,0.0,25.7,93.92,1.84,UKP_0004,0,2016
2016-08-27 22:00:00+00:00,0.0,0.0,25.45,94.47,1.9,UKP_0004,0,2016
2016-08-27 23:00:00+00:00,0.0,0.0,25.27,94.89,1.9,UKP_0004,0,2016
2016-08-28 00:00:00+00:00,16.65,18.0,25.37,95.12,1.83,UKP_0004,0,2016
2016-08-28 01:00:00+00:00,172.6,177.15,27.02,89.79,2.36,UKP_0004,0,2016
2016-08-28 02:00:00+00:00,390.75,394.4,28.49,83.32,2.43,UKP_0004,0,2016
2016-08-28 03:00:00+00:00,598.8,600.15,29.69,77.84,2.69,UKP_0004,0,2016
2016-08-28 04:00:00+00:00,754.03,767.95,30.5,74.75,2.78,UKP_0004,0,2016
2016-08-28 05:00:00+00:00,832.28,881.17,30.99,72.77,2.85,UKP_0004,0,2016
2016-08-28 06:00:00+00:00,872.33,940.1,31.03,72.26,2.84,UKP_0004,0,2016
2016-08-28 07:00:00+00:00,728.53,921.12,30.78,72.79,2.77,UKP_0004,0,2016
2016-08-28 08:00:00+00:00,717.75,833.47,30.49,73.61,2.61,UKP_0004,0,2016
2016-08-28 09:00:00+00:00,573.2,685.22,30.21,75.02,2.41,UKP_0004,0,2016
2016-08-28 10:00:00+00:00,395.1,490.23,29.87,77.8,2.09,UKP_0004,0,2016
2016-08-28 11:00:00+00:00,210.62,266.88,29.44,79.01,1.94,UKP_0004,0,2016
2016-08-28 12:00:00+00:00,52.95,65.97,28.43,85.48,1.66,UKP_0004,0,2016
2016-08-28 13:00:00+00:00,0.0,0.0,27.32,90.6,1.61,UKP_0004,0,2016
2016-08-28 14:00:00+00:00,0.0,0.0,26.99,90.96,1.62,UKP_0004,0,2016
2016-08-28 15:00:00+00:00,0.0,0.0,26.75,91.21,1.59,UKP_0004,0,2016
2016-08-28 16:00:00+00:00,0.0,0.0,26.47,91.78,1.63,UKP_0004,0,2016
2016-08-28 17:00:00+00:00,0.0,0.0,26.17,92.52,1.69,UKP_0004,0,2016
2016-08-28 18:00:00+00:00,0.0,0.0,25.88,93.08,1.76,UKP_0004,0,2016
2016-08-28 19:00:00+00:00,0.0,0.0,25.58,93.72,1.86,UKP_0004,0,2016
2016-08-28 20:00:00+00:00,0.0,0.0,25.34,94.01,1.95,UKP_0004,0,2016
2016-08-28 21:00:00+00:00,0.0,0.0,25.12,94.29,1.99,UKP_0004,0,2016
2016-08-28 22:00:00+00:00,0.0,0.0,24.98,94.23,2.0,UKP_0004,0,2016
2016-08-28 23:00:00+00:00,0.0,0.0,24.92,93.98,1.96,UKP_0004,0,2016
2016-08-29 00:00:00+00:00,14.15,17.02,25.25,93.33,1.78,UKP_0004,0,2016
2016-08-29 01:00:00+00:00,150.98,171.52,27.4,86.06,1.74,UKP_0004,0,2016
2016-08-29 02:00:00+00:00,352.55,385.15,30.13,74.01,1.86,UKP_0004,0,2016
2016-08-29 03:00:00+00:00,556.75,588.38,31.43,67.82,2.37,UKP_0004,0,2016
2016-08-29 04:00:00+00:00,607.97,751.88,31.77,67.53,2.9,UKP_0004,0,2016
2016-08-29 05:00:00+00:00,558.45,858.65,31.99,68.26,3.26,UKP_0004,0,2016
2016-08-29 06:00:00+00:00,569.12,912.75,32.11,68.23,3.49,UKP_0004,0,2016
2016-08-29 07:00:00+00:00,527.67,890.22,32.15,68.25,3.68,UKP_0004,0,2016
2016-08-29 08:00:00+00:00,479.15,794.65,32.13,68.17,3.74,UKP_0004,0,2016
2016-08-29 09:00:00+00:00,402.52,642.67,31.94,68.23,3.85,UKP_0004,0,2016
2016-08-29 10:00:00+00:00,235.62,447.48,31.46,69.78,3.69,UKP_0004,0,2016
2016-08-29 11:00:00+00:00,132.68,234.45,30.69,72.55,3.4,UKP_0004,0,2016
2016-08-29 12:00:00+00:00,33.28,55.8,28.91,81.67,2.72,UKP_0004,0,2016
2016-08-29 13:00:00+00:00,0.0,0.0,27.15,87.69,2.48,UKP_0004,0,2016
2016-08-29 14:00:00+00:00,0.0,0.0,26.56,88.86,2.5,UKP_0004,0,2016
2016-08-29 15:00:00+00:00,0.0,0.0,26.13,89.91,2.49,UKP_0004,0,2016
2016-08-29 16:00:00+00:00,0.0,0.0,25.82,90.92,2.33,UKP_0004,0,2016
2016-08-29 17:00:00+00:00,0.0,0.0,25.7,91.42,2.02,UKP_0004,0,2016
2016-08-29 18:00:00+00:00,0.0,0.0,25.8,90.79,1.65,UKP_0004,0,2016
2016-08-29 19:00:00+00:00,0.0,0.0,26.01,89.33,1.32,UKP_0004,0,2016
2016-08-29 20:00:00+00:00,0.0,0.0,26.06,88.35,1.15,UKP_0004,0,2016
2016-08-29 21:00:00+00:00,0.0,0.0,26.09,87.11,0.94,UKP_0004,0,2016
2016-08-29 22:00:00+00:00,0.0,0.0,25.96,86.96,0.71,UKP_0004,0,2016
2016-08-29 23:00:00+00:00,0.0,0.0,25.78,87.45,0.63,UKP_0004,0,2016
2016-08-30 00:00:00+00:00,7.32,15.5,25.78,88.59,0.65,UKP_0004,0,2016
2016-08-30 01:00:00+00:00,48.88,160.52,27.54,85.14,0.53,UKP_0004,0,2016
2016-08-30 02:00:00+00:00,114.43,374.42,29.96,71.81,0.76,UKP_0004,0,2016
2016-08-30 03:00:00+00:00,223.93,581.55,31.01,64.68,0.96,UKP_0004,0,2016
2016-08-30 04:00:00+00:00,335.5,756.55,31.21,64.25,1.43,UKP_0004,0,2016
2016-08-30 05:00:00+00:00,386.9,873.3,31.57,63.79,1.76,UKP_0004,0,2016
2016-08-30 06:00:00+00:00,525.53,902.78,31.87,63.65,1.9,UKP_0004,0,2016
2016-08-30 07:00:00+00:00,668.12,888.38,31.99,63.94,1.97,UKP_0004,0,2016
2016-08-30 08:00:00+00:00,640.7,802.25,31.87,64.75,2.11,UKP_0004,0,2016
2016-08-30 09:00:00+00:00,484.58,658.03,31.67,65.81,2.19,UKP_0004,0,2016
2016-08-30 10:00:00+00:00,310.75,466.95,31.3,68.25,2.27,UKP_0004,0,2016
2016-08-30 11:00:00+00:00,164.5,253.88,30.84,70.93,2.25,UKP_0004,0,2016
2016-08-30 12:00:00+00:00,38.12,59.72,29.35,78.13,2.11,UKP_0004,0,2016
2016-08-30 13:00:00+00:00,0.0,0.0,27.95,87.47,1.6,UKP_0004,0,2016
2016-08-30 14:00:00+00:00,0.0,0.0,27.76,86.09,1.39,UKP_0004,0,2016
2016-08-30 15:00:00+00:00,0.0,0.0,27.55,85.51,1.26,UKP_0004,0,2016
2016-08-30 16:00:00+00:00,0.0,0.0,27.27,85.61,1.22,UKP_0004,0,2016
2016-08-30 17:00:00+00:00,0.0,0.0,27.05,85.5,1.19,UKP_0004,0,2016
2016-08-30 18:00:00+00:00,0.0,0.0,26.85,85.94,1.16,UKP_0004,0,2016
2016-08-30 19:00:00+00:00,0.0,0.0,26.71,86.38,1.14,UKP_0004,0,2016
2016-08-30 20:00:00+00:00,0.0,0.0,26.6,86.6,1.07,UKP_0004,0,2016
2016-08-30 21:00:00+00:00,0.0,0.0,26.45,86.95,1.08,UKP_0004,0,2016
2016-08-30 22:00:00+00:00,0.0,0.0,26.34,86.3,1.11,UKP_0004,0,2016
2016-08-30 23:00:00+00:00,0.0,0.0,26.43,84.18,0.99,UKP_0004,0,2016
2016-08-31 00:00:00+00:00,11.88,15.73,26.74,82.56,0.69,UKP_0004,0,2016
2016-08-31 01:00:00+00:00,124.8,168.93,27.97,79.97,0.2,UKP_0004,0,2016
2016-08-31 02:00:00+00:00,284.33,384.05,29.87,70.98,0.89,UKP_0004,0,2016
2016-08-31 03:00:00+00:00,426.5,587.65,30.78,66.55,1.54,UKP_0004,0,2016
2016-08-31 04:00:00+00:00,529.53,753.6,30.76,67.16,1.93,UKP_0004,0,2016
2016-08-31 05:00:00+00:00,457.1,862.85,30.63,68.26,2.19,UKP_0004,0,2016
2016-08-31 06:00:00+00:00,285.23,872.1,30.48,69.75,2.39,UKP_0004,0,2016
2016-08-31 07:00:00+00:00,250.55,859.2,30.26,71.54,2.49,UKP_0004,0,2016
2016-08-31 08:00:00+00:00,269.17,777.33,29.8,73.95,2.6,UKP_0004,0,2016
2016-08-31 09:00:00+00:00,305.23,632.97,29.26,77.15,2.65,UKP_0004,0,2016
2016-08-31 10:00:00+00:00,197.48,441.88,28.82,80.97,2.42,UKP_0004,0,2016
2016-08-31 11:00:00+00:00,110.38,233.0,28.23,82.66,2.33,UKP_0004,0,2016
2016-08-31 12:00:00+00:00,29.42,51.22,27.3,87.97,1.83,UKP_0004,0,2016
2016-08-31 13:00:00+00:00,0.0,0.0,26.58,92.52,1.36,UKP_0004,0,2016
2016-08-31 14:00:00+00:00,0.0,0.0,26.61,90.11,1.05,UKP_0004,0,2016
2016-08-31 15:00:00+00:00,0.0,0.0,26.7,86.95,0.69,UKP_0004,0,2016
2016-08-31 16:00:00+00:00,0.0,0.0,26.54,86.13,0.64,UKP_0004,0,2016
2016-08-31 17:00:00+00:00,0.0,0.0,26.0,89.54,0.95,UKP_0004,0,2016
2016-08-31 18:00:00+00:00,0.0,0.0,25.47,93.02,1.37,UKP_0004,0,2016
2016-08-31 19:00:00+00:00,0.0,0.0,25.11,94.37,1.66,UKP_0004,0,2016
2016-08-31 20:00:00+00:00,0.0,0.0,24.93,94.38,1.83,UKP_0004,0,2016
2016-08-31 21:00:00+00:00,0.0,0.0,24.85,93.91,1.9,UKP_0004,0,2016
2016-08-31 22:00:00+00:00,0.0,0.0,24.92,92.69,1.81,UKP_0004,0,2016
2016-08-31 23:00:00+00:00,0.0,0.0,25.39,88.54,1.46,UKP_0004,0,2016
2016-09-01 00:00:00+00:00,10.15,15.18,25.96,84.94,1.01,UKP_0004,0,2016
2016-09-01 01:00:00+00:00,92.5,167.43,27.48,81.93,0.54,UKP_0004,0,2016
2016-09-01 02:00:00+00:00,220.9,382.88,29.75,71.07,0.38,UKP_0004,0,2016
2016-09-01 03:00:00+00:00,416.48,586.75,31.29,62.81,1.04,UKP_0004,0,2016
2016-09-01 04:00:00+00:00,596.25,754.3,31.25,63.02,2.06,UKP_0004,0,2016
2016-09-01 05:00:00+00:00,744.25,864.9,31.44,65.12,2.88,UKP_0004,0,2016
2016-09-01 06:00:00+00:00,812.05,915.03,31.63,66.2,3.2,UKP_0004,0,2016
2016-09-01 07:00:00+00:00,754.75,894.55,31.51,67.71,3.32,UKP_0004,0,2016
2016-09-01 08:00:00+00:00,695.75,805.25,31.22,69.25,3.36,UKP_0004,0,2016
2016-09-01 09:00:00+00:00,525.45,653.62,30.85,71.33,3.16,UKP_0004,0,2016
2016-09-01 10:00:00+00:00,327.48,453.83,30.45,73.6,2.84,UKP_0004,0,2016
2016-09-01 11:00:00+00:00,163.52,235.85,29.86,76.45,2.54,UKP_0004,0,2016
2016-09-01 12:00:00+00:00,34.33,49.47,28.62,83.28,2.12,UKP_0004,0,2016
2016-09-01 13:00:00+00:00,0.0,0.0,27.35,90.24,1.78,UKP_0004,0,2016
2016-09-01 14:00:00+00:00,0.0,0.0,26.93,90.88,1.81,UKP_0004,0,2016
2016-09-01 15:00:00+00:00,0.0,0.0,26.54,91.52,1.84,UKP_0004,0,2016
2016-09-01 16:00:00+00:00,0.0,0.0,26.15,92.25,1.83,UKP_0004,0,2016
2016-09-01 17:00:00+00:00,0.0,0.0,25.78,92.97,1.79,UKP_0004,0,2016
2016-09-01 18:00:00+00:00,0.0,0.0,25.41,93.59,1.72,UKP_0004,0,2016
2016-09-01 19:00:00+00:00,0.0,0.0,25.12,94.12,1.65,UKP_0004,0,2016
2016-09-01 20:00:00+00:00,0.0,0.0,24.85,94.43,1.56,UKP_0004,0,2016
2016-09-01 21:00:00+00:00,0.0,0.0,24.65,94.35,1.44,UKP_0004,0,2016
2016-09-01 22:00:00+00:00,0.0,0.0,24.51,94.1,1.33,UKP_0004,0,2016
2016-09-01 23:00:00+00:00,0.0,0.0,24.29,94.62,1.37,UKP_0004,0,2016
2016-09-02 00:00:00+00:00,11.75,14.5,24.27,95.49,1.45,UKP_0004,0,2016
2016-09-02 01:00:00+00:00,138.57,163.15,25.72,90.38,2.41,UKP_0004,0,2016
2016-09-02 02:00:00+00:00,328.77,380.58,27.2,84.29,3.42,UKP_0004,0,2016
2016-09-02 03:00:00+00:00,551.7,589.1,28.59,78.98,3.74,UKP_0004,0,2016
2016-09-02 04:00:00+00:00,695.4,758.72,29.75,74.75,3.69,UKP_0004,0,2016
2016-09-02 05:00:00+00:00,703.15,872.65,30.58,71.45,3.88,UKP_0004,0,2016
2016-09-02 06:00:00+00:00,701.17,899.53,31.15,69.55,4.29,UKP_0004,0,2016
2016-09-02 07:00:00+00:00,728.92,885.45,31.47,68.58,4.73,UKP_0004,0,2016
2016-09-02 08:00:00+00:00,714.0,778.25,31.55,68.29,5.07,UKP_0004,0,2016
2016-09-02 09:00:00+00:00,469.67,633.8,31.36,69.01,5.33,UKP_0004,0,2016
2016-09-02 10:00:00+00:00,350.9,443.6,30.76,71.85,5.28,UKP_0004,0,2016
2016-09-02 11:00:00+00:00,180.07,232.55,29.82,76.95,4.85,UKP_0004,0,2016
2016-09-02 12:00:00+00:00,39.4,48.8,28.21,84.26,3.86,UKP_0004,0,2016
2016-09-02 13:00:00+00:00,0.0,0.0,26.76,88.26,3.43,UKP_0004,0,2016
2016-09-02 14:00:00+00:00,0.0,0.0,26.14,89.85,3.19,UKP_0004,0,2016
2016-09-02 15:00:00+00:00,0.0,0.0,25.54,92.12,2.74,UKP_0004,0,2016
2016-09-02 16:00:00+00:00,0.0,0.0,25.0,94.01,2.47,UKP_0004,0,2016
2016-09-02 17:00:00+00:00,0.0,0.0,24.49,95.7,2.3,UKP_0004,0,2016
2016-09-02 18:00:00+00:00,0.0,0.0,24.03,97.12,2.16,UKP_0004,0,2016
2016-09-02 19:00:00+00:00,0.0,0.0,23.62,98.45,2.07,UKP_0004,0,2016
2016-09-02 20:00:00+00:00,0.0,0.0,23.3,99.17,2.09,UKP_0004,0,2016
2016-09-02 21:00:00+00:00,0.0,0.0,23.08,99.18,2.31,UKP_0004,0,2016
2016-09-02 22:00:00+00:00,0.0,0.0,22.88,98.8,2.59,UKP_0004,0,2016
2016-09-02 23:00:00+00:00,0.0,0.0,22.69,98.31,2.84,UKP_0004,0,2016
2016-09-03 00:00:00+00:00,13.6,15.07,22.7,97.14,3.16,UKP_0004,0,2016
2016-09-03 01:00:00+00:00,153.15,175.55,24.19,91.02,4.17,UKP_0004,0,2016
2016-09-03 02:00:00+00:00,358.4,403.17,25.91,83.62,4.64,UKP_0004,0,2016
2016-09-03 03:00:00+00:00,571.53,616.45,27.72,76.53,5.2,UKP_0004,0,2016
2016-09-03 04:00:00+00:00,755.4,789.92,29.24,70.76,5.81,UKP_0004,0,2016
2016-09-03 05:00:00+00:00,864.3,900.83,30.4,66.11,6.44,UKP_0004,0,2016
2016-09-03 06:00:00+00:00,826.47,905.15,31.14,63.35,6.76,UKP_0004,0,2016
2016-09-03 07:00:00+00:00,809.88,891.55,31.5,62.44,6.9,UKP_0004,0,2016
2016-09-03 08:00:00+00:00,717.75,801.83,31.52,62.85,6.9,UKP_0004,0,2016
2016-09-03 09:00:00+00:00,589.92,651.22,31.25,64.65,6.61,UKP_0004,0,2016
2016-09-03 10:00:00+00:00,414.23,453.52,30.64,68.73,5.87,UKP_0004,0,2016
2016-09-03 11:00:00+00:00,202.6,235.1,29.48,74.74,4.82,UKP_0004,0,2016
2016-09-03 12:00:00+00:00,42.33,47.2,27.57,82.18,3.73,UKP_0004,0,2016
2016-09-03 13:00:00+00:00,0.0,0.0,25.98,85.57,3.46,UKP_0004,0,2016
2016-09-03 14:00:00+00:00,0.0,0.0,25.39,87.08,3.26,UKP_0004,0,2016
2016-09-03 15:00:00+00:00,0.0,0.0,24.86,88.85,3.02,UKP_0004,0,2016
2016-09-03 16:00:00+00:00,0.0,0.0,24.38,90.33,2.9,UKP_0004,0,2016
2016-09-03 17:00:00+00:00,0.0,0.0,23.96,91.47,2.8,UKP_0004,0,2016
2016-09-03 18:00:00+00:00,0.0,0.0,23.58,92.38,2.76,UKP_0004,0,2016
2016-09-03 19:00:00+00:00,0.0,0.0,23.32,92.73,2.77,UKP_0004,0,2016
2016-09-03 20:00:00+00:00,0.0,0.0,23.1,92.9,2.81,UKP_0004,0,2016
2016-09-03 21:00:00+00:00,0.0,0.0,22.94,92.95,2.66,UKP_0004,0,2016
2016-09-03 22:00:00+00:00,0.0,0.0,22.7,93.24,2.37,UKP_0004,0,2016
2016-09-03 23:00:00+00:00,0.0,0.0,22.55,93.08,2.32,UKP_0004,0,2016
2016-09-04 00:00:00+00:00,10.77,13.93,22.59,92.42,2.31,UKP_0004,0,2016
2016-09-04 01:00:00+00:00,114.6,160.35,24.2,87.86,2.88,UKP_0004,0,2016
2016-09-04 02:00:00+00:00,250.95,369.95,26.03,78.25,3.7,UKP_0004,0,2016
2016-09-04 03:00:00+00:00,470.4,565.47,27.62,71.26,4.28,UKP_0004,0,2016
2016-09-04 04:00:00+00:00,622.25,726.03,28.91,67.72,4.82,UKP_0004,0,2016
2016-09-04 05:00:00+00:00,699.03,830.47,29.96,65.13,5.16,UKP_0004,0,2016
2016-09-04 06:00:00+00:00,784.22,894.85,30.7,63.22,5.37,UKP_0004,0,2016
2016-09-04 07:00:00+00:00,750.62,890.2,31.1,62.34,5.44,UKP_0004,0,2016
2016-09-04 08:00:00+00:00,724.9,794.55,31.16,62.39,5.4,UKP_0004,0,2016
2016-09-04 09:00:00+00:00,546.03,640.12,30.93,63.36,5.22,UKP_0004,0,2016
2016-09-04 10:00:00+00:00,337.45,422.98,30.38,66.56,4.75,UKP_0004,0,2016
2016-09-04 11:00:00+00:00,156.52,208.88,29.18,72.56,4.05,UKP_0004,0,2016
2016-09-04 12:00:00+00:00,32.38,42.62,27.27,82.41,3.11,UKP_0004,0,2016
2016-09-04 13:00:00+00:00,0.0,0.0,25.71,85.76,3.03,UKP_0004,0,2016
2016-09-04 14:00:00+00:00,0.0,0.0,25.14,86.72,2.96,UKP_0004,0,2016
2016-09-04 15:00:00+00:00,0.0,0.0,24.64,87.87,2.79,UKP_0004,0,2016
2016-09-04 16:00:00+00:00,0.0,0.0,24.2,89.13,2.57,UKP_0004,0,2016
2016-09-04 17:00:00+00:00,0.0,0.0,23.81,90.16,2.45,UKP_0004,0,2016
2016-09-04 18:00:00+00:00,0.0,0.0,23.49,90.75,2.58,UKP_0004,0,2016
2016-09-04 19:00:00+00:00,0.0,0.0,23.25,91.19,2.74,UKP_0004,0,2016
2016-09-04 20:00:00+00:00,0.0,0.0,23.08,91.62,2.91,UKP_0004,0,2016
2016-09-04 21:00:00+00:00,0.0,0.0,22.93,91.82,3.14,UKP_0004,0,2016
2016-09-04 22:00:00+00:00,0.0,0.0,22.68,92.49,3.06,UKP_0004,0,2016
2016-09-04 23:00:00+00:00,0.0,0.0,22.43,93.4,2.69,UKP_0004,0,2016
2016-09-05 00:00:00+00:00,11.52,12.12,22.34,93.54,2.58,UKP_0004,0,2016
2016-09-05 01:00:00+00:00,135.12,145.93,23.57,90.22,3.37,UKP_0004,0,2016
2016-09-05 02:00:00+00:00,300.65,339.0,25.05,84.33,4.32,UKP_0004,0,2016
2016-09-05 03:00:00+00:00,516.97,543.58,26.95,76.12,4.84,UKP_0004,0,2016
2016-09-05 04:00:00+00:00,722.88,761.9,28.61,70.1,5.15,UKP_0004,0,2016
2016-09-05 05:00:00+00:00,816.25,879.65,29.9,65.87,5.4,UKP_0004,0,2016
2016-09-05 06:00:00+00:00,856.62,912.78,30.69,63.58,5.46,UKP_0004,0,2016
2016-09-05 07:00:00+00:00,740.12,886.1,31.19,62.45,5.39,UKP_0004,0,2016
2016-09-05 08:00:00+00:00,654.03,789.3,31.37,62.03,5.23,UKP_0004,0,2016
2016-09-05 09:00:00+00:00,537.22,627.62,31.28,62.65,4.95,UKP_0004,0,2016
2016-09-05 10:00:00+00:00,323.17,410.25,30.74,65.9,4.48,UKP_0004,0,2016
2016-09-05 11:00:00+00:00,159.48,195.3,29.61,71.59,3.92,UKP_0004,0,2016
2016-09-05 12:00:00+00:00,31.85,37.38,27.62,82.74,2.87,UKP_0004,0,2016
2016-09-05 13:00:00+00:00,0.0,0.0,26.11,86.43,2.79,UKP_0004,0,2016
2016-09-05 14:00:00+00:00,0.0,0.0,25.61,87.41,2.75,UKP_0004,0,2016
2016-09-05 15:00:00+00:00,0.0,0.0,25.13,88.47,2.69,UKP_0004,0,2016
2016-09-05 16:00:00+00:00,0.0,0.0,24.63,89.75,2.58,UKP_0004,0,2016
2016-09-05 17:00:00+00:00,0.0,0.0,24.2,90.74,2.57,UKP_0004,0,2016
2016-09-05 18:00:00+00:00,0.0,0.0,23.84,91.12,2.7,UKP_0004,0,2016
2016-09-05 19:00:00+00:00,0.0,0.0,23.49,91.82,2.88,UKP_0004,0,2016
2016-09-05 20:00:00+00:00,0.0,0.0,23.12,92.95,2.77,UKP_0004,0,2016
2016-09-05 21:00:00+00:00,0.0,0.0,22.84,93.73,2.56,UKP_0004,0,2016
2016-09-05 22:00:00+00:00,0.0,0.0,22.58,94.44,2.4,UKP_0004,0,2016
2016-09-05 23:00:00+00:00,0.0,0.0,22.26,95.47,2.15,UKP_0004,0,2016
2016-09-06 00:00:00+00:00,11.85,12.1,22.2,95.92,1.95,UKP_0004,0,2016
2016-09-06 01:00:00+00:00,133.45,142.12,23.88,90.58,2.49,UKP_0004,0,2016
2016-09-06 02:00:00+00:00,335.98,367.55,25.6,82.86,3.32,UKP_0004,0,2016
2016-09-06 03:00:00+00:00,539.12,589.75,27.26,76.4,4.2,UKP_0004,0,2016
2016-09-06 04:00:00+00:00,681.97,762.88,28.69,71.85,4.87,UKP_0004,0,2016
2016-09-06 05:00:00+00:00,777.15,878.35,29.85,68.43,5.42,UKP_0004,0,2016
2016-09-06 06:00:00+00:00,766.22,899.65,30.64,66.09,5.76,UKP_0004,0,2016
2016-09-06 07:00:00+00:00,729.25,874.58,31.11,64.9,5.9,UKP_0004,0,2016
2016-09-06 08:00:00+00:00,626.92,780.17,31.22,64.84,5.91,UKP_0004,0,2016
2016-09-06 09:00:00+00:00,541.85,627.17,31.05,65.97,5.68,UKP_0004,0,2016
2016-09-06 10:00:00+00:00,374.6,429.6,30.48,69.32,4.99,UKP_0004,0,2016
2016-09-06 11:00:00+00:00,186.5,214.48,29.4,75.09,4.02,UKP_0004,0,2016
2016-09-06 12:00:00+00:00,35.47,38.38,27.54,84.4,2.89,UKP_0004,0,2016
2016-09-06 13:00:00+00:00,0.0,0.0,26.0,87.92,2.67,UKP_0004,0,2016
2016-09-06 14:00:00+00:00,0.0,0.0,25.45,89.15,2.55,UKP_0004,0,2016
2016-09-06 15:00:00+00:00,0.0,0.0,24.97,90.48,2.33,UKP_0004,0,2016
2016-09-06 16:00:00+00:00,0.0,0.0,24.57,91.6,2.17,UKP_0004,0,2016
2016-09-06 17:00:00+00:00,0.0,0.0,24.2,92.3,2.12,UKP_0004,0,2016
2016-09-06 18:00:00+00:00,0.0,0.0,23.86,92.45,2.28,UKP_0004,0,2016
2016-09-06 19:00:00+00:00,0.0,0.0,23.49,93.06,2.33,UKP_0004,0,2016
2016-09-06 20:00:00+00:00,0.0,0.0,23.14,93.89,2.33,UKP_0004,0,2016
2016-09-06 21:00:00+00:00,0.0,0.0,22.83,94.66,2.28,UKP_0004,0,2016
2016-09-06 22:00:00+00:00,0.0,0.0,22.56,95.33,2.16,UKP_0004,0,2016
2016-09-06 23:00:00+00:00,0.0,0.0,22.35,95.84,2.02,UKP_0004,0,2016
2016-09-07 00:00:00+00:00,12.02,12.35,22.37,95.98,1.85,UKP_0004,0,2016
2016-09-07 01:00:00+00:00,143.75,156.0,24.09,91.16,2.28,UKP_0004,0,2016
2016-09-07 02:00:00+00:00,337.02,371.9,26.04,82.06,2.9,UKP_0004,0,2016
2016-09-07 03:00:00+00:00,528.08,582.1,27.76,75.17,3.84,UKP_0004,0,2016
2016-09-07 04:00:00+00:00,687.45,749.97,29.14,71.31,4.67,UKP_0004,0,2016
2016-09-07 05:00:00+00:00,791.1,861.6,30.24,68.1,5.08,UKP_0004,0,2016
2016-09-07 06:00:00+00:00,686.22,910.85,30.97,65.84,5.24,UKP_0004,0,2016
2016-09-07 07:00:00+00:00,755.9,882.75,31.33,64.69,5.37,UKP_0004,0,2016
2016-09-07 08:00:00+00:00,659.95,785.95,31.4,64.38,5.48,UKP_0004,0,2016
2016-09-07 09:00:00+00:00,472.67,627.4,31.1,65.01,5.36,UKP_0004,0,2016
2016-09-07 10:00:00+00:00,316.9,423.88,30.5,67.62,4.86,UKP_0004,0,2016
2016-09-07 11:00:00+00:00,160.0,205.9,29.27,73.76,4.04,UKP_0004,0,2016
2016-09-07 12:00:00+00:00,30.23,34.92,27.32,83.08,3.05,UKP_0004,0,2016
2016-09-07 13:00:00+00:00,0.0,0.0,25.86,86.32,2.84,UKP_0004,0,2016
2016-09-07 14:00:00+00:00,0.0,0.0,25.33,87.55,2.7,UKP_0004,0,2016
2016-09-07 15:00:00+00:00,0.0,0.0,24.89,88.67,2.57,UKP_0004,0,2016
2016-09-07 16:00:00+00:00,0.0,0.0,24.49,89.7,2.48,UKP_0004,0,2016
2016-09-07 17:00:00+00:00,0.0,0.0,24.13,90.75,2.37,UKP_0004,0,2016
2016-09-07 18:00:00+00:00,0.0,0.0,23.81,91.61,2.28,UKP_0004,0,2016
2016-09-07 19:00:00+00:00,0.0,0.0,23.48,92.58,2.23,UKP_0004,0,2016
2016-09-07 20:00:00+00:00,0.0,0.0,23.17,93.34,2.24,UKP_0004,0,2016
2016-09-07 21:00:00+00:00,0.0,0.0,22.92,93.86,2.22,UKP_0004,0,2016
2016-09-07 22:00:00+00:00,0.0,0.0,22.73,94.17,2.12,UKP_0004,0,2016
2016-09-07 23:00:00+00:00,0.0,0.0,22.62,94.0,2.02,UKP_0004,0,2016
2016-09-08 00:00:00+00:00,10.43,12.02,22.73,93.52,1.87,UKP_0004,0,2016
2016-09-08 01:00:00+00:00,130.5,155.73,24.84,88.2,1.98,UKP_0004,0,2016
2016-09-08 02:00:00+00:00,323.58,370.92,27.25,76.42,2.45,UKP_0004,0,2016
2016-09-08 03:00:00+00:00,506.05,579.75,29.01,69.2,3.06,UKP_0004,0,2016
2016-09-08 04:00:00+00:00,666.1,751.45,30.16,67.31,3.91,UKP_0004,0,2016
2016-09-08 05:00:00+00:00,691.42,863.17,31.12,65.14,4.64,UKP_0004,0,2016
2016-09-08 06:00:00+00:00,781.92,886.92,31.64,63.84,5.06,UKP_0004,0,2016
2016-09-08 07:00:00+00:00,733.05,859.72,31.94,63.22,5.25,UKP_0004,0,2016
2016-09-08 08:00:00+00:00,634.38,761.72,32.0,62.9,5.31,UKP_0004,0,2016
2016-09-08 09:00:00+00:00,394.38,606.4,31.66,64.13,5.03,UKP_0004,0,2016
2016-09-08 10:00:00+00:00,291.7,404.33,31.09,67.13,4.53,UKP_0004,0,2016
2016-09-08 11:00:00+00:00,137.62,192.93,29.92,73.04,3.89,UKP_0004,0,2016
2016-09-08 12:00:00+00:00,25.75,31.8,28.01,82.95,2.93,UKP_0004,0,2016
2016-09-08 13:00:00+00:00,0.0,0.0,26.64,86.23,2.8,UKP_0004,0,2016
2016-09-08 14:00:00+00:00,0.0,0.0,26.13,87.44,2.7,UKP_0004,0,2016
2016-09-08 15:00:00+00:00,0.0,0.0,25.68,88.42,2.63,UKP_0004,0,2016
2016-09-08 16:00:00+00:00,0.0,0.0,25.32,89.12,2.61,UKP_0004,0,2016
2016-09-08 17:00:00+00:00,0.0,0.0,24.98,89.87,2.58,UKP_0004,0,2016
2016-09-08 18:00:00+00:00,0.0,0.0,24.55,91.0,2.57,UKP_0004,0,2016
2016-09-08 19:00:00+00:00,0.0,0.0,24.16,92.2,2.53,UKP_0004,0,2016
2016-09-08 20:00:00+00:00,0.0,0.0,23.83,93.35,2.5,UKP_0004,0,2016
2016-09-08 21:00:00+00:00,0.0,0.0,23.54,94.4,2.34,UKP_0004,0,2016
2016-09-08 22:00:00+00:00,0.0,0.0,23.29,94.99,2.15,UKP_0004,0,2016
2016-09-08 23:00:00+00:00,0.0,0.0,23.14,94.87,2.0,UKP_0004,0,2016
2016-09-09 00:00:00+00:00,11.12,11.25,23.19,94.31,1.91,UKP_0004,0,2016
2016-09-09 01:00:00+00:00,140.77,149.62,25.06,89.34,2.4,UKP_0004,0,2016
2016-09-09 02:00:00+00:00,342.52,365.0,27.31,77.7,3.03,UKP_0004,0,2016
2016-09-09 03:00:00+00:00,546.2,575.17,28.9,70.46,3.81,UKP_0004,0,2016
2016-09-09 04:00:00+00:00,697.42,749.03,30.05,67.14,4.49,UKP_0004,0,2016
2016-09-09 05:00:00+00:00,714.08,864.67,31.04,64.04,4.88,UKP_0004,0,2016
2016-09-09 06:00:00+00:00,807.62,884.05,31.8,61.6,5.09,UKP_0004,0,2016
2016-09-09 07:00:00+00:00,789.78,859.7,32.29,59.36,5.35,UKP_0004,0,2016
2016-09-09 08:00:00+00:00,647.03,766.03,32.44,58.49,5.48,UKP_0004,0,2016
2016-09-09 09:00:00+00:00,530.72,611.6,32.23,59.16,5.25,UKP_0004,0,2016
2016-09-09 10:00:00+00:00,356.48,412.7,31.49,62.91,4.69,UKP_0004,0,2016
2016-09-09 11:00:00+00:00,170.73,197.95,30.17,69.55,3.91,UKP_0004,0,2016
2016-09-09 12:00:00+00:00,28.45,30.83,27.92,80.75,2.9,UKP_0004,0,2016
2016-09-09 13:00:00+00:00,0.0,0.0,26.41,83.5,2.92,UKP_0004,0,2016
2016-09-09 14:00:00+00:00,0.0,0.0,25.89,84.66,2.86,UKP_0004,0,2016
2016-09-09 15:00:00+00:00,0.0,0.0,25.42,85.97,2.72,UKP_0004,0,2016
2016-09-09 16:00:00+00:00,0.0,0.0,24.96,87.51,2.57,UKP_0004,0,2016
2016-09-09 17:00:00+00:00,0.0,0.0,24.51,88.9,2.48,UKP_0004,0,2016
2016-09-09 18:00:00+00:00,0.0,0.0,24.08,89.98,2.48,UKP_0004,0,2016
2016-09-09 19:00:00+00:00,0.0,0.0,23.67,90.94,2.44,UKP_0004,0,2016
2016-09-09 20:00:00+00:00,0.0,0.0,23.29,91.78,2.43,UKP_0004,0,2016
2016-09-09 21:00:00+00:00,0.0,0.0,23.01,92.23,2.43,UKP_0004,0,2016
2016-09-09 22:00:00+00:00,0.0,0.0,22.78,92.49,2.5,UKP_0004,0,2016
2016-09-09 23:00:00+00:00,0.0,0.0,22.6,92.43,2.64,UKP_0004,0,2016
2016-09-10 00:00:00+00:00,8.73,10.02,22.56,91.93,2.81,UKP_0004,0,2016
2016-09-10 01:00:00+00:00,104.82,132.57,24.25,86.5,3.54,UKP_0004,0,2016
2016-09-10 02:00:00+00:00,253.07,342.15,26.0,79.09,4.26,UKP_0004,0,2016
2016-09-10 03:00:00+00:00,405.92,553.17,27.87,71.18,4.69,UKP_0004,0,2016
2016-09-10 04:00:00+00:00,612.45,727.67,29.48,65.03,5.22,UKP_0004,0,2016
2016-09-10 05:00:00+00:00,776.08,845.55,30.79,60.37,5.55,UKP_0004,0,2016
2016-09-10 06:00:00+00:00,768.3,857.97,31.65,57.74,5.61,UKP_0004,0,2016
2016-09-10 07:00:00+00:00,724.75,833.92,32.18,56.72,5.64,UKP_0004,0,2016
2016-09-10 08:00:00+00:00,613.25,734.55,32.37,56.83,5.62,UKP_0004,0,2016
2016-09-10 09:00:00+00:00,477.33,579.05,32.09,58.86,5.44,UKP_0004,0,2016
2016-09-10 10:00:00+00:00,304.55,380.15,31.35,63.4,4.91,UKP_0004,0,2016
2016-09-10 11:00:00+00:00,146.07,178.65,30.05,71.2,3.9,UKP_0004,0,2016
2016-09-10 12:00:00+00:00,23.83,27.02,28.08,80.16,2.96,UKP_0004,0,2016
2016-09-10 13:00:00+00:00,0.0,0.0,26.71,82.78,2.92,UKP_0004,0,2016
2016-09-10 14:00:00+00:00,0.0,0.0,26.22,84.24,2.82,UKP_0004,0,2016
2016-09-10 15:00:00+00:00,0.0,0.0,25.77,85.78,2.64,UKP_0004,0,2016
2016-09-10 16:00:00+00:00,0.0,0.0,25.35,87.31,2.44,UKP_0004,0,2016
2016-09-10 17:00:00+00:00,0.0,0.0,25.03,88.38,2.29,UKP_0004,0,2016
2016-09-10 18:00:00+00:00,0.0,0.0,24.75,89.32,2.21,UKP_0004,0,2016
2016-09-10 19:00:00+00:00,0.0,0.0,24.44,90.18,2.21,UKP_0004,0,2016
2016-09-10 20:00:00+00:00,0.0,0.0,24.11,91.05,2.19,UKP_0004,0,2016
2016-09-10 21:00:00+00:00,0.0,0.0,23.77,91.82,2.18,UKP_0004,0,2016
2016-09-10 22:00:00+00:00,0.0,0.0,23.46,92.39,2.16,UKP_0004,0,2016
2016-09-10 23:00:00+00:00,0.0,0.0,23.2,92.82,2.11,UKP_0004,0,2016
2016-09-11 00:00:00+00:00,6.45,9.43,23.06,92.94,2.01,UKP_0004,0,2016
2016-09-11 01:00:00+00:00,67.57,123.5,24.61,87.68,2.24,UKP_0004,0,2016
2016-09-11 02:00:00+00:00,175.6,334.27,26.49,76.02,2.69,UKP_0004,0,2016
2016-09-11 03:00:00+00:00,309.35,559.15,28.05,68.52,3.28,UKP_0004,0,2016
2016-09-11 04:00:00+00:00,456.35,735.17,29.25,64.15,3.92,UKP_0004,0,2016
2016-09-11 05:00:00+00:00,544.17,853.9,30.48,60.17,4.34,UKP_0004,0,2016
2016-09-11 06:00:00+00:00,560.8,830.97,31.29,57.97,4.55,UKP_0004,0,2016
2016-09-11 07:00:00+00:00,513.95,809.2,31.82,56.74,4.8,UKP_0004,0,2016
2016-09-11 08:00:00+00:00,491.48,714.38,32.04,56.62,5.0,UKP_0004,0,2016
2016-09-11 09:00:00+00:00,376.77,558.7,31.91,57.44,4.96,UKP_0004,0,2016
2016-09-11 10:00:00+00:00,249.98,365.3,31.33,60.66,4.51,UKP_0004,0,2016
2016-09-11 11:00:00+00:00,125.38,169.9,30.18,66.15,3.88,UKP_0004,0,2016
2016-09-11 12:00:00+00:00,20.33,25.23,28.04,79.32,2.53,UKP_0004,0,2016
2016-09-11 13:00:00+00:00,0.0,0.0,26.61,82.85,2.46,UKP_0004,0,2016
2016-09-11 14:00:00+00:00,0.0,0.0,26.22,83.94,2.31,UKP_0004,0,2016
2016-09-11 15:00:00+00:00,0.0,0.0,25.91,84.58,2.09,UKP_0004,0,2016
2016-09-11 16:00:00+00:00,0.0,0.0,25.7,84.51,1.89,UKP_0004,0,2016
2016-09-11 17:00:00+00:00,0.0,0.0,25.59,84.11,1.67,UKP_0004,0,2016
2016-09-11 18:00:00+00:00,0.0,0.0,25.35,84.84,1.57,UKP_0004,0,2016
2016-09-11 19:00:00+00:00,0.0,0.0,25.0,86.95,1.62,UKP_0004,0,2016
2016-09-11 20:00:00+00:00,0.0,0.0,24.68,88.35,1.73,UKP_0004,0,2016
2016-09-11 21:00:00+00:00,0.0,0.0,24.64,88.58,1.62,UKP_0004,0,2016
2016-09-11 22:00:00+00:00,0.0,0.0,24.64,88.12,1.3,UKP_0004,0,2016
2016-09-11 23:00:00+00:00,0.0,0.0,24.62,88.1,0.85,UKP_0004,0,2016
2016-09-12 00:00:00+00:00,8.55,9.55,24.73,87.07,0.41,UKP_0004,0,2016
2016-09-12 01:00:00+00:00,99.47,129.82,25.38,85.58,0.14,UKP_0004,0,2016
2016-09-12 02:00:00+00:00,227.48,328.83,26.68,77.46,0.55,UKP_0004,0,2016
2016-09-12 03:00:00+00:00,373.5,546.75,28.15,69.85,1.18,UKP_0004,0,2016
2016-09-12 04:00:00+00:00,494.12,718.5,29.33,65.14,1.83,UKP_0004,0,2016
2016-09-12 05:00:00+00:00,576.05,832.97,29.82,64.05,2.39,UKP_0004,0,2016
2016-09-12 06:00:00+00:00,529.25,839.12,30.27,63.44,2.96,UKP_0004,0,2016
2016-09-12 07:00:00+00:00,522.47,811.53,30.78,63.05,3.64,UKP_0004,0,2016
2016-09-12 08:00:00+00:00,351.23,717.45,31.24,62.59,4.16,UKP_0004,0,2016
2016-09-12 09:00:00+00:00,337.35,563.55,31.42,62.72,4.16,UKP_0004,0,2016
2016-09-12 10:00:00+00:00,239.6,371.15,31.19,63.26,3.91,UKP_0004,0,2016
2016-09-12 11:00:00+00:00,117.68,173.02,29.91,68.32,3.54,UKP_0004,0,2016
2016-09-12 12:00:00+00:00,18.48,24.4,27.85,82.46,2.29,UKP_0004,0,2016
2016-09-12 13:00:00+00:00,0.0,0.0,26.71,84.8,2.03,UKP_0004,0,2016
2016-09-12 14:00:00+00:00,0.0,0.0,26.55,83.54,1.71,UKP_0004,0,2016
2016-09-12 15:00:00+00:00,0.0,0.0,26.6,80.57,1.24,UKP_0004,0,2016
2016-09-12 16:00:00+00:00,0.0,0.0,26.67,77.93,0.66,UKP_0004,0,2016
2016-09-12 17:00:00+00:00,0.0,0.0,26.41,77.56,0.17,UKP_0004,0,2016
2016-09-12 18:00:00+00:00,0.0,0.0,25.75,80.91,0.53,UKP_0004,0,2016
2016-09-12 19:00:00+00:00,0.0,0.0,24.95,85.28,0.83,UKP_0004,0,2016
2016-09-12 20:00:00+00:00,0.0,0.0,24.23,89.21,1.01,UKP_0004,0,2016
2016-09-12 21:00:00+00:00,0.0,0.0,24.05,89.16,0.94,UKP_0004,0,2016
2016-09-12 22:00:00+00:00,0.0,0.0,23.58,91.83,1.17,UKP_0004,0,2016
2016-09-12 23:00:00+00:00,0.0,0.0,23.09,94.68,1.32,UKP_0004,0,2016
2016-09-13 00:00:00+00:00,6.53,9.35,22.83,96.46,1.43,UKP_0004,0,2016
2016-09-13 01:00:00+00:00,89.12,130.77,23.76,94.89,2.16,UKP_0004,0,2016
2016-09-13 02:00:00+00:00,219.2,327.88,25.09,89.57,1.9,UKP_0004,0,2016
2016-09-13 03:00:00+00:00,364.42,537.92,27.06,79.25,0.8,UKP_0004,0,2016
2016-09-13 04:00:00+00:00,468.12,714.1,28.73,69.62,0.84,UKP_0004,0,2016
2016-09-13 05:00:00+00:00,490.48,825.42,29.8,66.05,1.38,UKP_0004,0,2016
2016-09-13 06:00:00+00:00,649.58,896.6,30.24,65.35,1.66,UKP_0004,0,2016
2016-09-13 07:00:00+00:00,685.0,868.45,30.5,65.1,1.83,UKP_0004,0,2016
2016-09-13 08:00:00+00:00,615.3,771.22,30.55,65.24,2.02,UKP_0004,0,2016
2016-09-13 09:00:00+00:00,544.85,612.47,30.4,65.85,2.15,UKP_0004,0,2016
2016-09-13 10:00:00+00:00,371.5,415.9,30.15,68.47,2.1,UKP_0004,0,2016
2016-09-13 11:00:00+00:00,181.45,199.23,29.86,68.69,2.07,UKP_0004,0,2016
2016-09-13 12:00:00+00:00,25.98,27.05,28.14,81.21,1.65,UKP_0004,0,2016
2016-09-13 13:00:00+00:00,0.0,0.0,26.9,84.16,1.66,UKP_0004,0,2016
2016-09-13 14:00:00+00:00,0.0,0.0,26.43,85.09,1.63,UKP_0004,0,2016
2016-09-13 15:00:00+00:00,0.0,0.0,26.06,85.82,1.53,UKP_0004,0,2016
2016-09-13 16:00:00+00:00,0.0,0.0,25.69,86.6,1.39,UKP_0004,0,2016
2016-09-13 17:00:00+00:00,0.0,0.0,25.26,87.76,1.24,UKP_0004,0,2016
2016-09-13 18:00:00+00:00,0.0,0.0,24.88,88.8,1.11,UKP_0004,0,2016
2016-09-13 19:00:00+00:00,0.0,0.0,24.47,90.25,1.09,UKP_0004,0,2016
2016-09-13 20:00:00+00:00,0.0,0.0,24.0,92.28,1.21,UKP_0004,0,2016
2016-09-13 21:00:00+00:00,0.0,0.0,23.59,93.98,1.4,UKP_0004,0,2016
2016-09-13 22:00:00+00:00,0.0,0.0,23.28,95.05,1.58,UKP_0004,0,2016
2016-09-13 23:00:00+00:00,0.0,0.0,23.06,95.75,1.74,UKP_0004,0,2016
2016-09-14 00:00:00+00:00,9.0,10.05,22.99,96.2,1.89,UKP_0004,0,2016
2016-09-14 01:00:00+00:00,132.82,149.73,24.26,94.36,2.65,UKP_0004,0,2016
2016-09-14 02:00:00+00:00,337.58,368.92,25.7,90.8,2.88,UKP_0004,0,2016
2016-09-14 03:00:00+00:00,544.75,574.38,27.34,84.47,3.14,UKP_0004,0,2016
2016-09-14 04:00:00+00:00,717.67,738.35,28.7,78.93,3.32,UKP_0004,0,2016
2016-09-14 05:00:00+00:00,812.8,845.7,29.63,75.21,3.29,UKP_0004,0,2016
2016-09-14 06:00:00+00:00,764.3,897.95,30.24,72.47,3.13,UKP_0004,0,2016
2016-09-14 07:00:00+00:00,658.2,876.97,30.61,70.85,2.96,UKP_0004,0,2016
2016-09-14 08:00:00+00:00,658.3,783.05,30.72,70.09,2.86,UKP_0004,0,2016
2016-09-14 09:00:00+00:00,557.85,630.0,30.6,70.24,2.73,UKP_0004,0,2016
2016-09-14 10:00:00+00:00,379.5,431.7,30.29,71.68,2.56,UKP_0004,0,2016
2016-09-14 11:00:00+00:00,186.0,211.5,29.77,75.87,2.13,UKP_0004,0,2016
2016-09-14 12:00:00+00:00,25.92,27.77,28.35,83.58,1.78,UKP_0004,0,2016
2016-09-14 13:00:00+00:00,0.0,0.0,27.07,88.45,1.68,UKP_0004,0,2016
2016-09-14 14:00:00+00:00,0.0,0.0,26.75,88.27,1.63,UKP_0004,0,2016
2016-09-14 15:00:00+00:00,0.0,0.0,26.48,87.89,1.46,UKP_0004,0,2016
2016-09-14 16:00:00+00:00,0.0,0.0,26.18,87.79,1.26,UKP_0004,0,2016
2016-09-14 17:00:00+00:00,0.0,0.0,25.9,87.48,1.0,UKP_0004,0,2016
2016-09-14 18:00:00+00:00,0.0,0.0,25.57,87.39,0.7,UKP_0004,0,2016
2016-09-14 19:00:00+00:00,0.0,0.0,25.31,86.94,0.43,UKP_0004,0,2016
2016-09-14 20:00:00+00:00,0.0,0.0,24.82,88.84,0.68,UKP_0004,0,2016
2016-09-14 21:00:00+00:00,0.0,0.0,24.51,89.53,0.79,UKP_0004,0,2016
2016-09-14 22:00:00+00:00,0.0,0.0,24.52,89.75,0.54,UKP_0004,0,2016
2016-09-14 23:00:00+00:00,0.0,0.0,24.45,88.31,0.28,UKP_0004,0,2016
2016-09-15 00:00:00+00:00,8.65,9.85,24.29,88.79,0.14,UKP_0004,0,2016
2016-09-15 01:00:00+00:00,139.38,151.45,25.76,85.39,0.24,UKP_0004,0,2016
2016-09-15 02:00:00+00:00,356.35,366.77,28.81,71.08,1.31,UKP_0004,0,2016
2016-09-15 03:00:00+00:00,578.1,581.2,29.98,65.28,1.85,UKP_0004,0,2016
2016-09-15 04:00:00+00:00,692.95,746.6,30.45,64.92,2.28,UKP_0004,0,2016
2016-09-15 05:00:00+00:00,713.62,854.95,31.04,63.84,2.52,UKP_0004,0,2016
2016-09-15 06:00:00+00:00,681.75,861.53,31.49,62.87,2.75,UKP_0004,0,2016
2016-09-15 07:00:00+00:00,594.53,834.47,31.77,62.27,3.04,UKP_0004,0,2016
2016-09-15 08:00:00+00:00,481.38,737.8,31.83,62.19,3.28,UKP_0004,0,2016
2016-09-15 09:00:00+00:00,499.45,582.45,31.81,62.56,3.35,UKP_0004,0,2016
2016-09-15 10:00:00+00:00,331.2,385.17,31.74,63.0,2.98,UKP_0004,0,2016
2016-09-15 11:00:00+00:00,159.1,176.6,31.01,64.07,2.88,UKP_0004,0,2016
2016-09-15 12:00:00+00:00,20.52,21.45,28.84,78.68,2.23,UKP_0004,0,2016
2016-09-15 13:00:00+00:00,0.0,0.0,27.44,82.0,2.14,UKP_0004,0,2016
2016-09-15 14:00:00+00:00,0.0,0.0,26.99,82.11,2.04,UKP_0004,0,2016
2016-09-15 15:00:00+00:00,0.0,0.0,26.67,81.81,1.79,UKP_0004,0,2016
2016-09-15 16:00:00+00:00,0.0,0.0,26.47,80.86,1.39,UKP_0004,0,2016
2016-09-15 17:00:00+00:00,0.0,0.0,26.55,77.64,0.96,UKP_0004,0,2016
2016-09-15 18:00:00+00:00,0.0,0.0,26.36,76.92,0.64,UKP_0004,0,2016
2016-09-15 19:00:00+00:00,0.0,0.0,26.0,77.7,0.7,UKP_0004,0,2016
2016-09-15 20:00:00+00:00,0.0,0.0,25.24,82.27,0.92,UKP_0004,0,2016
2016-09-15 21:00:00+00:00,0.0,0.0,24.58,86.04,1.18,UKP_0004,0,2016
2016-09-15 22:00:00+00:00,0.0,0.0,23.94,89.76,1.41,UKP_0004,0,2016
2016-09-15 23:00:00+00:00,0.0,0.0,23.46,92.31,1.62,UKP_0004,0,2016
2016-09-16 00:00:00+00:00,7.8,8.7,23.25,93.49,1.74,UKP_0004,0,2016
2016-09-16 01:00:00+00:00,123.18,135.75,24.86,90.02,2.03,UKP_0004,0,2016
2016-09-16 02:00:00+00:00,321.48,351.75,27.15,78.93,1.65,UKP_0004,0,2016
2016-09-16 03:00:00+00:00,545.78,560.95,29.49,66.54,0.92,UKP_0004,0,2016
2016-09-16 04:00:00+00:00,686.25,728.75,30.64,62.08,1.48,UKP_0004,0,2016
2016-09-16 05:00:00+00:00,696.2,839.35,31.3,61.16,2.24,UKP_0004,0,2016
2016-09-16 06:00:00+00:00,772.2,877.53,31.72,60.62,2.69,UKP_0004,0,2016
2016-09-16 07:00:00+00:00,741.38,850.22,31.96,60.17,2.94,UKP_0004,0,2016
2016-09-16 08:00:00+00:00,656.25,752.35,32.02,60.0,3.07,UKP_0004,0,2016
2016-09-16 09:00:00+00:00,551.22,594.97,31.97,60.02,2.99,UKP_0004,0,2016
2016-09-16 10:00:00+00:00,362.7,394.25,32.05,59.28,2.63,UKP_0004,0,2016
2016-09-16 11:00:00+00:00,166.35,179.98,31.45,58.42,2.5,UKP_0004,0,2016
2016-09-16 12:00:00+00:00,19.92,21.02,29.13,74.13,1.91,UKP_0004,0,2016
2016-09-16 13:00:00+00:00,0.0,0.0,27.78,74.63,1.81,UKP_0004,0,2016
2016-09-16 14:00:00+00:00,0.0,0.0,27.46,72.18,1.48,UKP_0004,0,2016
2016-09-16 15:00:00+00:00,0.0,0.0,27.54,67.7,0.93,UKP_0004,0,2016
2016-09-16 16:00:00+00:00,0.0,0.0,27.02,68.53,0.7,UKP_0004,0,2016
2016-09-16 17:00:00+00:00,0.0,0.0,26.37,70.67,1.06,UKP_0004,0,2016
2016-09-16 18:00:00+00:00,0.0,0.0,25.39,76.33,1.35,UKP_0004,0,2016
2016-09-16 19:00:00+00:00,0.0,0.0,24.8,79.34,1.53,UKP_0004,0,2016
2016-09-16 20:00:00+00:00,0.0,0.0,24.23,82.57,1.61,UKP_0004,0,2016
2016-09-16 21:00:00+00:00,0.0,0.0,23.81,84.87,1.6,UKP_0004,0,2016
2016-09-16 22:00:00+00:00,0.0,0.0,23.42,86.72,1.58,UKP_0004,0,2016
2016-09-16 23:00:00+00:00,0.0,0.0,23.03,88.51,1.64,UKP_0004,0,2016
2016-09-17 00:00:00+00:00,7.0,8.9,22.68,90.76,1.75,UKP_0004,0,2016
2016-09-17 01:00:00+00:00,99.3,144.5,24.39,89.08,1.96,UKP_0004,0,2016
2016-09-17 02:00:00+00:00,259.75,362.52,26.31,80.35,2.06,UKP_0004,0,2016
2016-09-17 03:00:00+00:00,444.52,571.08,28.42,68.69,1.69,UKP_0004,0,2016
2016-09-17 04:00:00+00:00,614.33,742.4,30.02,62.7,1.55,UKP_0004,0,2016
2016-09-17 05:00:00+00:00,677.08,853.15,31.01,60.68,1.83,UKP_0004,0,2016
2016-09-17 06:00:00+00:00,730.05,832.12,31.53,59.85,1.97,UKP_0004,0,2016
2016-09-17 07:00:00+00:00,698.75,807.5,31.84,59.46,1.94,UKP_0004,0,2016
2016-09-17 08:00:00+00:00,587.05,710.4,31.95,59.44,1.88,UKP_0004,0,2016
2016-09-17 09:00:00+00:00,412.1,555.97,31.84,59.99,1.83,UKP_0004,0,2016
2016-09-17 10:00:00+00:00,275.9,359.58,31.66,61.84,1.68,UKP_0004,0,2016
2016-09-17 11:00:00+00:00,132.88,158.85,31.48,60.84,1.6,UKP_0004,0,2016
2016-09-17 12:00:00+00:00,16.75,18.17,29.33,75.58,1.45,UKP_0004,0,2016
2016-09-17 13:00:00+00:00,0.0,0.0,27.79,77.82,1.75,UKP_0004,0,2016
2016-09-17 14:00:00+00:00,0.0,0.0,27.25,77.45,1.74,UKP_0004,0,2016
2016-09-17 15:00:00+00:00,0.0,0.0,26.89,76.29,1.57,UKP_0004,0,2016
2016-09-17 16:00:00+00:00,0.0,0.0,26.51,76.17,1.28,UKP_0004,0,2016
2016-09-17 17:00:00+00:00,0.0,0.0,25.99,77.89,0.94,UKP_0004,0,2016
2016-09-17 18:00:00+00:00,0.0,0.0,25.58,79.16,0.44,UKP_0004,0,2016
2016-09-17 19:00:00+00:00,0.0,0.0,25.41,77.84,0.21,UKP_0004,0,2016
2016-09-17 20:00:00+00:00,0.0,0.0,25.18,78.13,0.82,UKP_0004,0,2016
2016-09-17 21:00:00+00:00,0.0,0.0,24.64,81.26,1.29,UKP_0004,0,2016
2016-09-17 22:00:00+00:00,0.0,0.0,24.41,82.07,1.5,UKP_0004,0,2016
2016-09-17 23:00:00+00:00,0.0,0.0,24.46,80.79,1.41,UKP_0004,0,2016
2016-09-18 00:00:00+00:00,7.05,8.3,24.94,76.66,1.21,UKP_0004,0,2016
2016-09-18 01:00:00+00:00,105.5,135.85,26.27,78.75,0.77,UKP_0004,0,2016
2016-09-18 02:00:00+00:00,254.5,352.17,29.67,59.07,0.77,UKP_0004,0,2016
2016-09-18 03:00:00+00:00,480.98,569.55,31.78,52.84,1.5,UKP_0004,0,2016
2016-09-18 04:00:00+00:00,608.2,745.33,31.6,55.73,2.02,UKP_0004,0,2016
2016-09-18 05:00:00+00:00,692.47,861.25,31.52,57.78,2.5,UKP_0004,0,2016
2016-09-18 06:00:00+00:00,733.28,846.67,31.72,58.79,2.57,UKP_0004,0,2016
2016-09-18 07:00:00+00:00,723.67,827.2,31.76,59.68,2.44,UKP_0004,0,2016
2016-09-18 08:00:00+00:00,657.55,707.95,31.77,60.33,2.31,UKP_0004,0,2016
2016-09-18 09:00:00+00:00,479.2,552.5,31.52,61.74,2.22,UKP_0004,0,2016
2016-09-18 10:00:00+00:00,300.7,356.17,31.3,63.46,2.08,UKP_0004,0,2016
2016-09-18 11:00:00+00:00,133.55,155.65,30.9,64.0,2.03,UKP_0004,0,2016
2016-09-18 12:00:00+00:00,14.85,16.7,28.72,78.65,1.71,UKP_0004,0,2016
2016-09-18 13:00:00+00:00,0.0,0.0,27.25,82.87,1.83,UKP_0004,0,2016
2016-09-18 14:00:00+00:00,0.0,0.0,26.76,83.31,1.73,UKP_0004,0,2016
2016-09-18 15:00:00+00:00,0.0,0.0,26.47,82.93,1.41,UKP_0004,0,2016
2016-09-18 16:00:00+00:00,0.0,0.0,26.08,83.84,0.96,UKP_0004,0,2016
2016-09-18 17:00:00+00:00,0.0,0.0,25.69,84.68,0.84,UKP_0004,0,2016
2016-09-18 18:00:00+00:00,0.0,0.0,25.35,84.69,1.11,UKP_0004,0,2016
2016-09-18 19:00:00+00:00,0.0,0.0,25.01,84.95,1.32,UKP_0004,0,2016
2016-09-18 20:00:00+00:00,0.0,0.0,24.64,85.72,1.3,UKP_0004,0,2016
2016-09-18 21:00:00+00:00,0.0,0.0,24.54,84.53,1.03,UKP_0004,0,2016
2016-09-18 22:00:00+00:00,0.0,0.0,24.52,82.76,0.68,UKP_0004,0,2016
2016-09-18 23:00:00+00:00,0.0,0.0,24.44,81.75,0.42,UKP_0004,0,2016
2016-09-19 00:00:00+00:00,7.47,7.88,24.46,80.46,0.21,UKP_0004,0,2016
2016-09-19 01:00:00+00:00,118.55,133.7,25.35,81.36,0.26,UKP_0004,0,2016
2016-09-19 02:00:00+00:00,298.17,348.42,28.22,68.78,1.38,UKP_0004,0,2016
2016-09-19 03:00:00+00:00,493.88,560.35,29.84,61.19,2.06,UKP_0004,0,2016
2016-09-19 04:00:00+00:00,645.15,735.3,30.42,60.38,2.58,UKP_0004,0,2016
2016-09-19 05:00:00+00:00,761.95,848.85,31.05,59.61,2.81,UKP_0004,0,2016
2016-09-19 06:00:00+00:00,741.72,845.33,31.55,58.88,2.94,UKP_0004,0,2016
2016-09-19 07:00:00+00:00,675.67,814.72,31.93,58.37,3.09,UKP_0004,0,2016
2016-09-19 08:00:00+00:00,607.88,713.28,32.07,58.49,3.18,UKP_0004,0,2016
2016-09-19 09:00:00+00:00,478.1,553.3,32.24,58.19,3.03,UKP_0004,0,2016
2016-09-19 10:00:00+00:00,301.55,353.12,32.36,58.14,2.69,UKP_0004,0,2016
2016-09-19 11:00:00+00:00,135.3,151.7,31.56,59.13,2.72,UKP_0004,0,2016
2016-09-19 12:00:00+00:00,14.5,15.35,29.02,75.76,2.09,UKP_0004,0,2016
2016-09-19 13:00:00+00:00,0.0,0.0,27.68,78.5,2.08,UKP_0004,0,2016
2016-09-19 14:00:00+00:00,0.0,0.0,27.18,79.19,1.94,UKP_0004,0,2016
2016-09-19 15:00:00+00:00,0.0,0.0,26.66,80.25,1.79,UKP_0004,0,2016
2016-09-19 16:00:00+00:00,0.0,0.0,26.24,80.94,1.6,UKP_0004,0,2016
2016-09-19 17:00:00+00:00,0.0,0.0,26.05,80.12,1.32,UKP_0004,0,2016
2016-09-19 18:00:00+00:00,0.0,0.0,25.93,78.97,0.99,UKP_0004,0,2016
2016-09-19 19:00:00+00:00,0.0,0.0,25.93,76.97,0.7,UKP_0004,0,2016
2016-09-19 20:00:00+00:00,0.0,0.0,25.61,77.58,0.53,UKP_0004,0,2016
2016-09-19 21:00:00+00:00,0.0,0.0,25.28,78.61,0.55,UKP_0004,0,2016
2016-09-19 22:00:00+00:00,0.0,0.0,25.0,80.07,0.74,UKP_0004,0,2016
2016-09-19 23:00:00+00:00,0.0,0.0,24.73,80.75,1.0,UKP_0004,0,2016
2016-09-20 00:00:00+00:00,5.72,6.35,24.6,80.22,1.17,UKP_0004,0,2016
2016-09-20 01:00:00+00:00,95.55,107.62,25.76,82.39,1.05,UKP_0004,0,2016
2016-09-20 02:00:00+00:00,257.02,301.05,29.23,65.56,1.12,UKP_0004,0,2016
2016-09-20 03:00:00+00:00,460.77,522.4,31.49,57.09,1.69,UKP_0004,0,2016
2016-09-20 04:00:00+00:00,633.3,695.3,31.92,56.59,1.94,UKP_0004,0,2016
2016-09-20 05:00:00+00:00,722.88,811.38,32.47,56.15,2.05,UKP_0004,0,2016
2016-09-20 06:00:00+00:00,597.47,782.97,32.84,55.74,2.19,UKP_0004,0,2016
2016-09-20 07:00:00+00:00,638.38,760.58,33.04,55.59,2.31,UKP_0004,0,2016
2016-09-20 08:00:00+00:00,588.05,665.65,32.98,56.11,2.47,UKP_0004,0,2016
2016-09-20 09:00:00+00:00,436.83,513.9,32.76,57.26,2.61,UKP_0004,0,2016
2016-09-20 10:00:00+00:00,266.38,323.15,32.6,58.27,2.44,UKP_0004,0,2016
2016-09-20 11:00:00+00:00,115.55,134.88,31.85,58.83,2.4,UKP_0004,0,2016
2016-09-20 12:00:00+00:00,11.88,13.1,29.3,75.21,1.96,UKP_0004,0,2016
2016-09-20 13:00:00+00:00,0.0,0.0,27.83,78.41,2.06,UKP_0004,0,2016
2016-09-20 14:00:00+00:00,0.0,0.0,27.4,77.53,1.95,UKP_0004,0,2016
2016-09-20 15:00:00+00:00,0.0,0.0,27.05,77.01,1.68,UKP_0004,0,2016
2016-09-20 16:00:00+00:00,0.0,0.0,26.8,77.03,1.3,UKP_0004,0,2016
2016-09-20 17:00:00+00:00,0.0,0.0,26.16,80.95,0.94,UKP_0004,0,2016
2016-09-20 18:00:00+00:00,0.0,0.0,25.63,84.94,0.96,UKP_0004,0,2016
2016-09-20 19:00:00+00:00,0.0,0.0,25.25,87.03,1.27,UKP_0004,0,2016
2016-09-20 20:00:00+00:00,0.0,0.0,24.94,88.02,1.54,UKP_0004,0,2016
2016-09-20 21:00:00+00:00,0.0,0.0,24.59,88.77,1.8,UKP_0004,0,2016
2016-09-20 22:00:00+00:00,0.0,0.0,24.48,88.73,1.94,UKP_0004,0,2016
2016-09-20 23:00:00+00:00,0.0,0.0,24.43,88.79,2.02,UKP_0004,0,2016
2016-09-21 00:00:00+00:00,5.35,6.22,24.27,89.66,2.12,UKP_0004,0,2016
2016-09-21 01:00:00+00:00,73.47,105.38,25.63,88.4,2.3,UKP_0004,0,2016
2016-09-21 02:00:00+00:00,170.43,273.3,27.19,82.52,3.16,UKP_0004,0,2016
2016-09-21 03:00:00+00:00,335.85,488.23,29.18,74.29,3.13,UKP_0004,0,2016
2016-09-21 04:00:00+00:00,482.05,669.9,30.59,68.03,3.18,UKP_0004,0,2016
2016-09-21 05:00:00+00:00,653.25,803.4,31.62,63.39,3.06,UKP_0004,0,2016
2016-09-21 06:00:00+00:00,591.72,766.15,32.0,62.42,2.86,UKP_0004,0,2016
2016-09-21 07:00:00+00:00,604.88,733.53,32.18,62.35,2.72,UKP_0004,0,2016
2016-09-21 08:00:00+00:00,529.33,647.28,32.1,63.04,2.71,UKP_0004,0,2016
2016-09-21 09:00:00+00:00,382.83,495.95,31.82,64.88,2.73,UKP_0004,0,2016
2016-09-21 10:00:00+00:00,232.4,314.52,31.64,66.6,2.47,UKP_0004,0,2016
2016-09-21 11:00:00+00:00,104.6,131.9,30.61,69.9,2.56,UKP_0004,0,2016
2016-09-21 12:00:00+00:00,9.4,12.52,28.46,83.29,2.13,UKP_0004,0,2016
2016-09-21 13:00:00+00:00,0.0,0.0,27.14,87.69,2.19,UKP_0004,0,2016
2016-09-21 14:00:00+00:00,0.0,0.0,26.6,89.28,2.21,UKP_0004,0,2016
2016-09-21 15:00:00+00:00,0.0,0.0,26.12,90.9,2.15,UKP_0004,0,2016
2016-09-21 16:00:00+00:00,0.0,0.0,25.65,92.72,2.06,UKP_0004,0,2016
2016-09-21 17:00:00+00:00,0.0,0.0,25.23,94.44,1.93,UKP_0004,0,2016
2016-09-21 18:00:00+00:00,0.0,0.0,24.89,95.91,1.75,UKP_0004,0,2016
2016-09-21 19:00:00+00:00,0.0,0.0,24.68,96.91,1.68,UKP_0004,0,2016
2016-09-21 20:00:00+00:00,0.0,0.0,24.69,97.06,1.67,UKP_0004,0,2016
2016-09-21 21:00:00+00:00,0.0,0.0,24.71,97.2,1.55,UKP_0004,0,2016
2016-09-21 22:00:00+00:00,0.0,0.0,24.72,97.5,1.65,UKP_0004,0,2016
2016-09-21 23:00:00+00:00,0.0,0.0,24.69,97.67,1.98,UKP_0004,0,2016
2016-09-22 00:00:00+00:00,3.08,6.5,24.66,97.76,2.51,UKP_0004,0,2016
2016-09-22 01:00:00+00:00,52.8,118.3,25.17,96.9,3.37,UKP_0004,0,2016
2016-09-22 02:00:00+00:00,141.95,323.4,25.84,95.43,4.0,UKP_0004,0,2016
2016-09-22 03:00:00+00:00,223.18,531.3,26.54,92.33,4.7,UKP_0004,0,2016
2016-09-22 04:00:00+00:00,208.73,696.55,27.33,86.5,5.17,UKP_0004,0,2016
2016-09-22 05:00:00+00:00,252.0,804.42,28.01,81.93,5.33,UKP_0004,0,2016
2016-09-22 06:00:00+00:00,298.15,820.17,28.5,78.7,5.46,UKP_0004,0,2016
2016-09-22 07:00:00+00:00,298.73,793.88,28.69,77.41,5.44,UKP_0004,0,2016
2016-09-22 08:00:00+00:00,280.52,698.88,28.51,77.91,5.15,UKP_0004,0,2016
2016-09-22 09:00:00+00:00,321.77,545.9,28.41,78.51,4.74,UKP_0004,0,2016
2016-09-22 10:00:00+00:00,199.68,351.08,28.06,80.7,4.2,UKP_0004,0,2016
2016-09-22 11:00:00+00:00,99.57,148.95,27.42,84.99,3.43,UKP_0004,0,2016
2016-09-22 12:00:00+00:00,10.73,12.82,26.28,91.08,2.59,UKP_0004,0,2016
2016-09-22 13:00:00+00:00,0.0,0.0,25.48,93.9,2.42,UKP_0004,0,2016
2016-09-22 14:00:00+00:00,0.0,0.0,25.09,94.75,2.47,UKP_0004,0,2016
2016-09-22 15:00:00+00:00,0.0,0.0,24.76,95.29,2.51,UKP_0004,0,2016
2016-09-22 16:00:00+00:00,0.0,0.0,24.45,95.89,2.54,UKP_0004,0,2016
2016-09-22 17:00:00+00:00,0.0,0.0,24.2,96.26,2.5,UKP_0004,0,2016
2016-09-22 18:00:00+00:00,0.0,0.0,23.96,96.61,2.52,UKP_0004,0,2016
2016-09-22 19:00:00+00:00,0.0,0.0,23.72,96.88,2.63,UKP_0004,0,2016
2016-09-22 20:00:00+00:00,0.0,0.0,23.49,96.92,2.77,UKP_0004,0,2016
2016-09-22 21:00:00+00:00,0.0,0.0,23.2,97.25,2.82,UKP_0004,0,2016
2016-09-22 22:00:00+00:00,0.0,0.0,22.98,97.39,2.7,UKP_0004,0,2016
2016-09-22 23:00:00+00:00,0.0,0.0,22.78,97.46,2.41,UKP_0004,0,2016
2016-09-23 00:00:00+00:00,6.12,6.95,22.64,97.23,2.21,UKP_0004,0,2016
2016-09-23 01:00:00+00:00,128.38,136.12,23.53,94.03,2.54,UKP_0004,0,2016
2016-09-23 02:00:00+00:00,350.9,351.17,25.12,88.12,2.74,UKP_0004,0,2016
2016-09-23 03:00:00+00:00,556.05,557.95,26.75,81.34,2.87,UKP_0004,0,2016
2016-09-23 04:00:00+00:00,720.58,723.42,27.91,76.97,2.57,UKP_0004,0,2016
2016-09-23 05:00:00+00:00,816.75,830.67,28.83,73.55,2.14,UKP_0004,0,2016
2016-09-23 06:00:00+00:00,838.67,884.22,29.6,70.53,1.92,UKP_0004,0,2016
2016-09-23 07:00:00+00:00,775.67,856.8,30.05,68.69,1.92,UKP_0004,0,2016
2016-09-23 08:00:00+00:00,648.92,757.17,30.17,67.86,1.94,UKP_0004,0,2016
2016-09-23 09:00:00+00:00,510.0,597.78,30.1,67.61,1.8,UKP_0004,0,2016
2016-09-23 10:00:00+00:00,317.77,392.9,29.75,68.72,1.73,UKP_0004,0,2016
2016-09-23 11:00:00+00:00,131.23,170.52,29.19,72.98,1.44,UKP_0004,0,2016
2016-09-23 12:00:00+00:00,11.7,13.65,27.58,81.33,1.14,UKP_0004,0,2016
2016-09-23 13:00:00+00:00,0.0,0.0,26.28,84.18,1.22,UKP_0004,0,2016
2016-09-23 14:00:00+00:00,0.0,0.0,25.96,83.44,1.22,UKP_0004,0,2016
2016-09-23 15:00:00+00:00,0.0,0.0,25.55,84.75,1.26,UKP_0004,0,2016
2016-09-23 16:00:00+00:00,0.0,0.0,25.06,86.1,1.31,UKP_0004,0,2016
2016-09-23 17:00:00+00:00,0.0,0.0,24.51,88.14,1.29,UKP_0004,0,2016
2016-09-23 18:00:00+00:00,0.0,0.0,24.17,89.07,1.22,UKP_0004,0,2016
2016-09-23 19:00:00+00:00,0.0,0.0,23.79,90.06,1.18,UKP_0004,0,2016
2016-09-23 20:00:00+00:00,0.0,0.0,23.51,90.31,1.21,UKP_0004,0,2016
2016-09-23 21:00:00+00:00,0.0,0.0,23.39,89.68,1.3,UKP_0004,0,2016
2016-09-23 22:00:00+00:00,0.0,0.0,23.35,88.68,1.36,UKP_0004,0,2016
2016-09-23 23:00:00+00:00,0.0,0.0,23.39,87.37,1.32,UKP_0004,0,2016
2016-09-24 00:00:00+00:00,5.97,7.07,23.34,86.73,1.23,UKP_0004,0,2016
2016-09-24 01:00:00+00:00,128.0,144.7,24.81,86.8,1.09,UKP_0004,0,2016
2016-09-24 02:00:00+00:00,341.9,366.62,28.04,74.53,1.15,UKP_0004,0,2016
2016-09-24 03:00:00+00:00,568.35,575.25,29.37,67.71,1.9,UKP_0004,0,2016
2016-09-24 04:00:00+00:00,713.97,744.15,29.86,66.55,2.1,UKP_0004,0,2016
2016-09-24 05:00:00+00:00,819.12,850.4,30.36,65.84,2.12,UKP_0004,0,2016
2016-09-24 06:00:00+00:00,708.4,874.9,30.67,65.4,2.15,UKP_0004,0,2016
2016-09-24 07:00:00+00:00,681.0,844.12,30.75,65.35,2.16,UKP_0004,0,2016
2016-09-24 08:00:00+00:00,560.85,742.9,30.7,65.23,2.15,UKP_0004,0,2016
2016-09-24 09:00:00+00:00,310.77,583.12,30.6,65.28,2.01,UKP_0004,0,2016
2016-09-24 10:00:00+00:00,203.4,379.52,30.26,66.93,1.76,UKP_0004,0,2016
2016-09-24 11:00:00+00:00,89.5,161.07,29.87,69.81,1.37,UKP_0004,0,2016
2016-09-24 12:00:00+00:00,8.25,11.98,28.26,78.66,1.21,UKP_0004,0,2016
2016-09-24 13:00:00+00:00,0.0,0.0,26.93,83.25,1.44,UKP_0004,0,2016
2016-09-24 14:00:00+00:00,0.0,0.0,26.32,85.19,1.52,UKP_0004,0,2016
2016-09-24 15:00:00+00:00,0.0,0.0,25.77,87.03,1.51,UKP_0004,0,2016
2016-09-24 16:00:00+00:00,0.0,0.0,25.27,88.73,1.37,UKP_0004,0,2016
2016-09-24 17:00:00+00:00,0.0,0.0,24.93,89.2,1.16,UKP_0004,0,2016
2016-09-24 18:00:00+00:00,0.0,0.0,24.84,87.96,0.84,UKP_0004,0,2016
2016-09-24 19:00:00+00:00,0.0,0.0,24.69,87.26,0.48,UKP_0004,0,2016
2016-09-24 20:00:00+00:00,0.0,0.0,24.52,86.46,0.26,UKP_0004,0,2016
2016-09-24 21:00:00+00:00,0.0,0.0,24.12,87.85,0.43,UKP_0004,0,2016
2016-09-24 22:00:00+00:00,0.0,0.0,23.41,91.24,0.89,UKP_0004,0,2016
2016-09-24 23:00:00+00:00,0.0,0.0,22.74,94.9,1.39,UKP_0004,0,2016
2016-09-25 00:00:00+00:00,6.07,6.55,22.43,96.78,1.64,UKP_0004,0,2016
2016-09-25 01:00:00+00:00,129.18,139.07,23.72,94.16,2.26,UKP_0004,0,2016
2016-09-25 02:00:00+00:00,338.27,357.58,25.28,88.58,2.64,UKP_0004,0,2016
2016-09-25 03:00:00+00:00,560.25,564.78,26.86,81.61,2.52,UKP_0004,0,2016
2016-09-25 04:00:00+00:00,680.08,730.53,28.15,75.95,2.33,UKP_0004,0,2016
2016-09-25 05:00:00+00:00,800.83,837.78,29.02,72.04,2.31,UKP_0004,0,2016
2016-09-25 06:00:00+00:00,814.67,878.03,29.69,69.38,2.37,UKP_0004,0,2016
2016-09-25 07:00:00+00:00,820.9,847.5,30.03,67.65,2.38,UKP_0004,0,2016
2016-09-25 08:00:00+00:00,635.33,749.95,30.12,67.03,2.29,UKP_0004,0,2016
2016-09-25 09:00:00+00:00,471.55,593.45,30.11,66.73,2.23,UKP_0004,0,2016
2016-09-25 10:00:00+00:00,297.48,390.88,29.84,68.04,2.26,UKP_0004,0,2016
2016-09-25 11:00:00+00:00,121.6,167.1,29.25,72.22,2.07,UKP_0004,0,2016
2016-09-25 12:00:00+00:00,9.57,11.45,27.34,82.99,1.85,UKP_0004,0,2016
2016-09-25 13:00:00+00:00,0.0,0.0,25.92,87.18,2.11,UKP_0004,0,2016
2016-09-25 14:00:00+00:00,0.0,0.0,25.42,87.89,2.26,UKP_0004,0,2016
2016-09-25 15:00:00+00:00,0.0,0.0,25.01,88.91,2.24,UKP_0004,0,2016
2016-09-25 16:00:00+00:00,0.0,0.0,24.58,90.42,2.04,UKP_0004,0,2016
2016-09-25 17:00:00+00:00,0.0,0.0,24.18,91.83,1.84,UKP_0004,0,2016
2016-09-25 18:00:00+00:00,0.0,0.0,23.8,93.09,1.72,UKP_0004,0,2016
2016-09-25 19:00:00+00:00,0.0,0.0,23.42,94.34,1.63,UKP_0004,0,2016
2016-09-25 20:00:00+00:00,0.0,0.0,23.1,95.26,1.54,UKP_0004,0,2016
2016-09-25 21:00:00+00:00,0.0,0.0,22.83,95.93,1.53,UKP_0004,0,2016
2016-09-25 22:00:00+00:00,0.0,0.0,22.65,96.54,1.55,UKP_0004,0,2016
2016-09-25 23:00:00+00:00,0.0,0.0,22.52,97.02,1.59,UKP_0004,0,2016
2016-09-26 00:00:00+00:00,4.43,6.03,22.45,97.32,1.57,UKP_0004,0,2016
2016-09-26 01:00:00+00:00,96.28,127.97,23.98,93.71,1.54,UKP_0004,0,2016
2016-09-26 02:00:00+00:00,267.17,342.25,25.78,86.95,1.94,UKP_0004,0,2016
2016-09-26 03:00:00+00:00,495.58,551.08,27.64,79.08,2.97,UKP_0004,0,2016
2016-09-26 04:00:00+00:00,677.35,728.0,28.88,73.99,3.26,UKP_0004,0,2016
2016-09-26 05:00:00+00:00,775.17,835.7,29.67,69.9,3.22,UKP_0004,0,2016
2016-09-26 06:00:00+00:00,743.62,840.45,30.17,66.92,3.35,UKP_0004,0,2016
2016-09-26 07:00:00+00:00,694.45,811.95,30.48,64.96,3.46,UKP_0004,0,2016
2016-09-26 08:00:00+00:00,596.53,710.8,30.61,63.71,3.48,UKP_0004,0,2016
2016-09-26 09:00:00+00:00,463.88,548.9,30.55,63.33,3.3,UKP_0004,0,2016
2016-09-26 10:00:00+00:00,271.35,333.42,30.48,63.66,2.88,UKP_0004,0,2016
2016-09-26 11:00:00+00:00,110.32,135.25,29.89,64.53,2.48,UKP_0004,0,2016
2016-09-26 12:00:00+00:00,8.15,9.2,27.95,75.59,1.76,UKP_0004,0,2016
2016-09-26 13:00:00+00:00,0.0,0.0,27.31,73.34,1.39,UKP_0004,0,2016
2016-09-26 14:00:00+00:00,0.0,0.0,27.05,71.78,1.07,UKP_0004,0,2016
2016-09-26 15:00:00+00:00,0.0,0.0,26.47,73.25,0.82,UKP_0004,0,2016
2016-09-26 16:00:00+00:00,0.0,0.0,26.16,73.1,0.62,UKP_0004,0,2016
2016-09-26 17:00:00+00:00,0.0,0.0,25.36,77.28,0.6,UKP_0004,0,2016
2016-09-26 18:00:00+00:00,0.0,0.0,24.43,82.94,0.85,UKP_0004,0,2016
2016-09-26 19:00:00+00:00,0.0,0.0,23.54,88.28,0.96,UKP_0004,0,2016
2016-09-26 20:00:00+00:00,0.0,0.0,22.88,91.64,0.96,UKP_0004,0,2016
2016-09-26 21:00:00+00:00,0.0,0.0,22.38,93.84,1.09,UKP_0004,0,2016
2016-09-26 22:00:00+00:00,0.0,0.0,22.0,95.3,1.3,UKP_0004,0,2016
2016-09-26 23:00:00+00:00,0.0,0.0,21.82,95.87,1.46,UKP_0004,0,2016
2016-09-27 00:00:00+00:00,4.18,4.78,21.73,95.93,1.55,UKP_0004,0,2016
2016-09-27 01:00:00+00:00,87.75,99.78,23.1,92.98,1.71,UKP_0004,0,2016
2016-09-27 02:00:00+00:00,248.25,286.35,25.04,85.22,1.33,UKP_0004,0,2016
2016-09-27 03:00:00+00:00,480.7,510.25,26.93,77.17,1.27,UKP_0004,0,2016
2016-09-27 04:00:00+00:00,556.08,676.75,28.41,71.12,1.85,UKP_0004,0,2016
2016-09-27 05:00:00+00:00,638.35,787.05,29.54,66.95,2.36,UKP_0004,0,2016
2016-09-27 06:00:00+00:00,728.65,852.88,30.37,63.91,2.72,UKP_0004,0,2016
2016-09-27 07:00:00+00:00,725.88,821.67,30.84,62.25,3.0,UKP_0004,0,2016
2016-09-27 08:00:00+00:00,633.05,718.47,31.02,61.56,3.19,UKP_0004,0,2016
2016-09-27 09:00:00+00:00,485.25,554.9,30.94,61.76,3.13,UKP_0004,0,2016
2016-09-27 10:00:00+00:00,285.73,343.23,30.71,62.94,2.75,UKP_0004,0,2016
2016-09-27 11:00:00+00:00,106.53,132.27,29.98,64.44,2.39,UKP_0004,0,2016
2016-09-27 12:00:00+00:00,7.18,8.38,28.17,74.95,1.65,UKP_0004,0,2016
2016-09-27 13:00:00+00:00,0.0,0.0,27.66,71.99,1.34,UKP_0004,0,2016
2016-09-27 14:00:00+00:00,0.0,0.0,27.44,70.6,1.02,UKP_0004,0,2016
2016-09-27 15:00:00+00:00,0.0,0.0,27.13,70.14,0.72,UKP_0004,0,2016
2016-09-27 16:00:00+00:00,0.0,0.0,26.45,72.76,0.55,UKP_0004,0,2016
2016-09-27 17:00:00+00:00,0.0,0.0,25.51,77.78,0.67,UKP_0004,0,2016
2016-09-27 18:00:00+00:00,0.0,0.0,24.6,82.81,0.91,UKP_0004,0,2016
2016-09-27 19:00:00+00:00,0.0,0.0,23.81,87.08,1.07,UKP_0004,0,2016
2016-09-27 20:00:00+00:00,0.0,0.0,23.27,89.56,1.08,UKP_0004,0,2016
2016-09-27 21:00:00+00:00,0.0,0.0,22.81,91.5,1.22,UKP_0004,0,2016
2016-09-27 22:00:00+00:00,0.0,0.0,22.45,92.88,1.46,UKP_0004,0,2016
2016-09-27 23:00:00+00:00,0.0,0.0,22.18,93.62,1.67,UKP_0004,0,2016
2016-09-28 00:00:00+00:00,4.5,5.4,22.07,93.34,1.78,UKP_0004,0,2016
2016-09-28 01:00:00+00:00,108.45,126.55,23.59,91.3,1.55,UKP_0004,0,2016
2016-09-28 02:00:00+00:00,313.45,343.55,26.15,79.85,1.58,UKP_0004,0,2016
2016-09-28 03:00:00+00:00,525.78,552.6,28.23,68.2,1.51,UKP_0004,0,2016
2016-09-28 04:00:00+00:00,671.85,721.2,29.41,64.14,1.89,UKP_0004,0,2016
2016-09-28 05:00:00+00:00,774.15,830.15,30.45,61.42,2.18,UKP_0004,0,2016
2016-09-28 06:00:00+00:00,805.47,848.35,31.26,59.48,2.21,UKP_0004,0,2016
2016-09-28 07:00:00+00:00,731.78,815.75,31.7,58.48,2.17,UKP_0004,0,2016
2016-09-28 08:00:00+00:00,639.58,715.88,31.85,58.24,2.14,UKP_0004,0,2016
2016-09-28 09:00:00+00:00,486.62,557.67,31.76,58.86,2.01,UKP_0004,0,2016
2016-09-28 10:00:00+00:00,292.1,357.12,31.51,59.95,1.8,UKP_0004,0,2016
2016-09-28 11:00:00+00:00,115.53,144.05,30.8,61.5,1.69,UKP_0004,0,2016
2016-09-28 12:00:00+00:00,7.25,8.32,28.36,75.21,1.57,UKP_0004,0,2016
2016-09-28 13:00:00+00:00,0.0,0.0,27.01,77.96,1.81,UKP_0004,0,2016
2016-09-28 14:00:00+00:00,0.0,0.0,26.4,79.25,1.83,UKP_0004,0,2016
2016-09-28 15:00:00+00:00,0.0,0.0,25.78,81.64,1.68,UKP_0004,0,2016
2016-09-28 16:00:00+00:00,0.0,0.0,25.21,84.1,1.5,UKP_0004,0,2016
2016-09-28 17:00:00+00:00,0.0,0.0,24.53,87.45,1.5,UKP_0004,0,2016
2016-09-28 18:00:00+00:00,0.0,0.0,23.99,89.76,1.72,UKP_0004,0,2016
2016-09-28 19:00:00+00:00,0.0,0.0,23.61,90.99,1.92,UKP_0004,0,2016
2016-09-28 20:00:00+00:00,0.0,0.0,23.35,91.5,2.0,UKP_0004,0,2016
2016-09-28 21:00:00+00:00,0.0,0.0,23.16,91.72,2.02,UKP_0004,0,2016
2016-09-28 22:00:00+00:00,0.0,0.0,22.96,92.3,2.01,UKP_0004,0,2016
2016-09-28 23:00:00+00:00,0.0,0.0,22.77,93.07,1.91,UKP_0004,0,2016
2016-09-29 00:00:00+00:00,5.0,5.75,22.59,93.86,1.74,UKP_0004,0,2016
2016-09-29 01:00:00+00:00,123.88,142.18,23.96,91.17,1.55,UKP_0004,0,2016
2016-09-29 02:00:00+00:00,341.08,365.42,25.9,82.94,1.77,UKP_0004,0,2016
2016-09-29 03:00:00+00:00,550.17,572.62,27.64,76.58,1.68,UKP_0004,0,2016
2016-09-29 04:00:00+00:00,720.2,736.62,29.04,70.67,1.46,UKP_0004,0,2016
2016-09-29 05:00:00+00:00,820.95,842.22,29.97,66.95,1.52,UKP_0004,0,2016
2016-09-29 06:00:00+00:00,804.88,855.08,30.47,64.88,1.79,UKP_0004,0,2016
2016-09-29 07:00:00+00:00,688.35,825.35,30.83,63.55,2.01,UKP_0004,0,2016
2016-09-29 08:00:00+00:00,652.78,724.75,30.93,62.87,2.03,UKP_0004,0,2016
2016-09-29 09:00:00+00:00,529.72,565.35,30.88,62.6,1.94,UKP_0004,0,2016
2016-09-29 10:00:00+00:00,333.08,362.65,30.54,63.85,1.9,UKP_0004,0,2016
2016-09-29 11:00:00+00:00,129.6,145.68,30.0,66.67,1.7,UKP_0004,0,2016
2016-09-29 12:00:00+00:00,7.28,7.72,28.1,77.75,1.47,UKP_0004,0,2016
2016-09-29 13:00:00+00:00,0.0,0.0,26.73,81.89,1.69,UKP_0004,0,2016
2016-09-29 14:00:00+00:00,0.0,0.0,26.15,83.08,1.77,UKP_0004,0,2016
2016-09-29 15:00:00+00:00,0.0,0.0,25.68,84.32,1.78,UKP_0004,0,2016
2016-09-29 16:00:00+00:00,0.0,0.0,25.16,86.59,1.77,UKP_0004,0,2016
2016-09-29 17:00:00+00:00,0.0,0.0,24.64,88.95,1.74,UKP_0004,0,2016
2016-09-29 18:00:00+00:00,0.0,0.0,24.27,90.6,1.65,UKP_0004,0,2016
2016-09-29 19:00:00+00:00,0.0,0.0,23.96,91.79,1.49,UKP_0004,0,2016
2016-09-29 20:00:00+00:00,0.0,0.0,23.77,91.99,1.37,UKP_0004,0,2016
2016-09-29 21:00:00+00:00,0.0,0.0,23.56,92.08,1.37,UKP_0004,0,2016
2016-09-29 22:00:00+00:00,0.0,0.0,23.41,91.95,1.41,UKP_0004,0,2016
2016-09-29 23:00:00+00:00,0.0,0.0,23.43,90.74,1.35,UKP_0004,0,2016
2016-09-30 00:00:00+00:00,5.05,5.38,23.59,88.74,1.19,UKP_0004,0,2016
2016-09-30 01:00:00+00:00,132.98,138.02,24.85,87.13,0.9,UKP_0004,0,2016
2016-09-30 02:00:00+00:00,345.3,357.77,27.57,74.66,0.42,UKP_0004,0,2016
2016-09-30 03:00:00+00:00,553.58,561.28,29.05,68.33,1.38,UKP_0004,0,2016
2016-09-30 04:00:00+00:00,720.17,722.53,29.98,66.13,1.82,UKP_0004,0,2016
2016-09-30 05:00:00+00:00,800.4,826.5,30.84,63.96,2.08,UKP_0004,0,2016
2016-09-30 06:00:00+00:00,853.55,856.4,31.55,62.08,2.24,UKP_0004,0,2016
2016-09-30 07:00:00+00:00,802.3,823.35,32.0,60.62,2.35,UKP_0004,0,2016
2016-09-30 08:00:00+00:00,684.33,720.28,32.16,60.0,2.42,UKP_0004,0,2016
2016-09-30 09:00:00+00:00,527.2,561.85,32.07,60.17,2.37,UKP_0004,0,2016
2016-09-30 10:00:00+00:00,327.02,356.83,31.77,61.63,2.19,UKP_0004,0,2016
2016-09-30 11:00:00+00:00,122.72,136.62,31.16,64.16,1.97,UKP_0004,0,2016
2016-09-30 12:00:00+00:00,6.38,6.9,28.85,77.06,1.66,UKP_0004,0,2016
2016-09-30 13:00:00+00:00,0.0,0.0,27.56,79.97,1.87,UKP_0004,0,2016
2016-09-30 14:00:00+00:00,0.0,0.0,27.15,79.94,1.77,UKP_0004,0,2016
2016-09-30 15:00:00+00:00,0.0,0.0,26.9,79.58,1.4,UKP_0004,0,2016
2016-09-30 16:00:00+00:00,0.0,0.0,26.5,80.93,0.92,UKP_0004,0,2016
2016-09-30 17:00:00+00:00,0.0,0.0,25.96,83.4,0.81,UKP_0004,0,2016
2016-09-30 18:00:00+00:00,0.0,0.0,25.4,85.89,1.08,UKP_0004,0,2016
2016-09-30 19:00:00+00:00,0.0,0.0,25.03,87.12,1.29,UKP_0004,0,2016
2016-09-30 20:00:00+00:00,0.0,0.0,24.82,87.13,1.38,UKP_0004,0,2016
2016-09-30 21:00:00+00:00,0.0,0.0,24.67,86.67,1.42,UKP_0004,0,2016
2016-09-30 22:00:00+00:00,0.0,0.0,24.42,86.75,1.52,UKP_0004,0,2016
2016-09-30 23:00:00+00:00,0.0,0.0,24.28,86.06,1.59,UKP_0004,0,2016
2016-10-01 00:00:00+00:00,4.53,4.88,24.2,85.0,1.59,UKP_0004,0,2016
2016-10-01 01:00:00+00:00,117.32,128.38,25.52,85.64,1.35,UKP_0004,0,2016
2016-10-01 02:00:00+00:00,320.75,348.7,28.6,70.21,0.85,UKP_0004,0,2016
2016-10-01 03:00:00+00:00,521.78,553.9,30.69,60.09,1.27,UKP_0004,0,2016
2016-10-01 04:00:00+00:00,690.35,715.1,31.29,57.76,1.9,UKP_0004,0,2016
2016-10-01 05:00:00+00:00,768.53,817.78,31.83,57.46,2.28,UKP_0004,0,2016
2016-10-01 06:00:00+00:00,729.53,814.83,32.2,56.79,2.48,UKP_0004,0,2016
2016-10-01 07:00:00+00:00,666.78,773.9,32.5,56.0,2.6,UKP_0004,0,2016
2016-10-01 08:00:00+00:00,545.33,655.78,32.63,55.51,2.68,UKP_0004,0,2016
2016-10-01 09:00:00+00:00,442.65,493.98,32.88,53.73,2.49,UKP_0004,0,2016
2016-10-01 10:00:00+00:00,246.65,297.33,32.72,54.39,2.1,UKP_0004,0,2016
2016-10-01 11:00:00+00:00,91.88,106.22,31.97,54.47,1.96,UKP_0004,0,2016
2016-10-01 12:00:00+00:00,4.6,5.22,29.49,69.33,1.63,UKP_0004,0,2016
2016-10-01 13:00:00+00:00,0.0,0.0,28.32,71.82,1.64,UKP_0004,0,2016
2016-10-01 14:00:00+00:00,0.0,0.0,27.79,72.68,1.5,UKP_0004,0,2016
2016-10-01 15:00:00+00:00,0.0,0.0,27.47,72.81,1.19,UKP_0004,0,2016
2016-10-01 16:00:00+00:00,0.0,0.0,27.2,73.43,0.75,UKP_0004,0,2016
2016-10-01 17:00:00+00:00,0.0,0.0,26.49,77.88,0.82,UKP_0004,0,2016
2016-10-01 18:00:00+00:00,0.0,0.0,25.77,82.2,0.97,UKP_0004,0,2016
2016-10-01 19:00:00+00:00,0.0,0.0,25.27,84.56,0.95,UKP_0004,0,2016
2016-10-01 20:00:00+00:00,0.0,0.0,25.02,84.69,1.09,UKP_0004,0,2016
2016-10-01 21:00:00+00:00,0.0,0.0,24.8,84.59,1.32,UKP_0004,0,2016
2016-10-01 22:00:00+00:00,0.0,0.0,24.56,84.93,1.49,UKP_0004,0,2016
2016-10-01 23:00:00+00:00,0.0,0.0,24.41,84.99,1.62,UKP_0004,0,2016
2016-10-02 00:00:00+00:00,3.38,4.15,24.3,85.0,1.67,UKP_0004,0,2016
2016-10-02 01:00:00+00:00,90.53,111.57,25.54,85.78,1.4,UKP_0004,0,2016
2016-10-02 02:00:00+00:00,258.23,324.25,28.45,73.32,1.31,UKP_0004,0,2016
2016-10-02 03:00:00+00:00,474.2,526.05,30.58,63.96,1.41,UKP_0004,0,2016
2016-10-02 04:00:00+00:00,630.83,688.88,31.41,60.44,1.7,UKP_0004,0,2016
2016-10-02 05:00:00+00:00,675.78,795.2,32.09,58.74,1.96,UKP_0004,0,2016
2016-10-02 06:00:00+00:00,740.1,806.85,32.62,57.52,2.06,UKP_0004,0,2016
2016-10-02 07:00:00+00:00,715.88,777.17,32.89,56.97,2.08,UKP_0004,0,2016
2016-10-02 08:00:00+00:00,608.55,674.92,32.91,57.07,2.08,UKP_0004,0,2016
2016-10-02 09:00:00+00:00,448.45,513.1,32.73,57.85,2.08,UKP_0004,0,2016
2016-10-02 10:00:00+00:00,267.5,311.98,32.31,59.79,2.05,UKP_0004,0,2016
2016-10-02 11:00:00+00:00,96.35,111.12,31.51,62.45,2.05,UKP_0004,0,2016
2016-10-02 12:00:00+00:00,4.38,4.82,29.17,75.59,1.81,UKP_0004,0,2016
2016-10-02 13:00:00+00:00,0.0,0.0,27.95,79.26,1.9,UKP_0004,0,2016
2016-10-02 14:00:00+00:00,0.0,0.0,27.53,79.74,1.79,UKP_0004,0,2016
2016-10-02 15:00:00+00:00,0.0,0.0,27.16,80.38,1.56,UKP_0004,0,2016
2016-10-02 16:00:00+00:00,0.0,0.0,26.71,82.16,1.25,UKP_0004,0,2016
2016-10-02 17:00:00+00:00,0.0,0.0,26.29,83.82,0.98,UKP_0004,0,2016
2016-10-02 18:00:00+00:00,0.0,0.0,26.1,83.36,0.9,UKP_0004,0,2016
2016-10-02 19:00:00+00:00,0.0,0.0,25.82,83.22,1.0,UKP_0004,0,2016
2016-10-02 20:00:00+00:00,0.0,0.0,25.49,83.53,1.16,UKP_0004,0,2016
2016-10-02 21:00:00+00:00,0.0,0.0,25.27,83.07,1.17,UKP_0004,0,2016
2016-10-02 22:00:00+00:00,0.0,0.0,25.27,81.16,1.05,UKP_0004,0,2016
2016-10-02 23:00:00+00:00,0.0,0.0,25.29,79.38,0.86,UKP_0004,0,2016
2016-10-03 00:00:00+00:00,2.7,3.62,25.3,77.94,0.53,UKP_0004,0,2016
2016-10-03 01:00:00+00:00,83.47,100.62,25.74,79.83,0.01,UKP_0004,0,2016
2016-10-03 02:00:00+00:00,248.57,293.33,27.93,70.78,0.78,UKP_0004,0,2016
2016-10-03 03:00:00+00:00,451.65,491.8,29.93,62.13,1.58,UKP_0004,0,2016
2016-10-03 04:00:00+00:00,594.7,664.2,30.96,59.11,2.03,UKP_0004,0,2016
2016-10-03 05:00:00+00:00,703.8,772.65,31.65,57.63,2.28,UKP_0004,0,2016
2016-10-03 06:00:00+00:00,635.17,732.9,32.18,56.32,2.4,UKP_0004,0,2016
2016-10-03 07:00:00+00:00,485.48,701.8,32.57,55.37,2.47,UKP_0004,0,2016
2016-10-03 08:00:00+00:00,477.3,598.15,32.92,54.01,2.52,UKP_0004,0,2016
2016-10-03 09:00:00+00:00,361.88,437.23,33.13,53.24,2.48,UKP_0004,0,2016
2016-10-03 10:00:00+00:00,210.4,254.52,33.08,53.27,2.33,UKP_0004,0,2016
2016-10-03 11:00:00+00:00,69.9,84.0,31.94,57.11,2.22,UKP_0004,0,2016
2016-10-03 12:00:00+00:00,3.05,3.6,29.52,72.79,1.79,UKP_0004,0,2016
2016-10-03 13:00:00+00:00,0.0,0.0,28.48,73.7,1.95,UKP_0004,0,2016
2016-10-03 14:00:00+00:00,0.0,0.0,27.87,75.58,1.98,UKP_0004,0,2016
2016-10-03 15:00:00+00:00,0.0,0.0,27.39,76.81,1.9,UKP_0004,0,2016
2016-10-03 16:00:00+00:00,0.0,0.0,26.88,78.26,1.83,UKP_0004,0,2016
2016-10-03 17:00:00+00:00,0.0,0.0,26.32,80.03,1.87,UKP_0004,0,2016
2016-10-03 18:00:00+00:00,0.0,0.0,25.87,81.25,1.93,UKP_0004,0,2016
2016-10-03 19:00:00+00:00,0.0,0.0,25.57,81.7,1.92,UKP_0004,0,2016
2016-10-03 20:00:00+00:00,0.0,0.0,25.44,81.37,1.78,UKP_0004,0,2016
2016-10-03 21:00:00+00:00,0.0,0.0,25.67,77.85,1.43,UKP_0004,0,2016
2016-10-03 22:00:00+00:00,0.0,0.0,26.09,73.29,0.84,UKP_0004,0,2016
2016-10-03 23:00:00+00:00,0.0,0.0,26.02,72.61,0.63,UKP_0004,0,2016
2016-10-04 00:00:00+00:00,2.05,2.67,25.04,79.08,1.06,UKP_0004,0,2016
2016-10-04 01:00:00+00:00,56.4,70.9,25.1,85.08,1.33,UKP_0004,0,2016
2016-10-04 02:00:00+00:00,172.52,223.88,27.32,73.52,1.43,UKP_0004,0,2016
2016-10-04 03:00:00+00:00,313.38,396.2,30.69,56.62,0.87,UKP_0004,0,2016
2016-10-04 04:00:00+00:00,348.02,535.62,31.95,51.54,1.31,UKP_0004,0,2016
2016-10-04 05:00:00+00:00,454.12,637.2,32.2,51.87,1.79,UKP_0004,0,2016
2016-10-04 06:00:00+00:00,508.45,606.62,32.58,52.09,2.11,UKP_0004,0,2016
2016-10-04 07:00:00+00:00,480.05,574.33,32.81,52.11,2.29,UKP_0004,0,2016
2016-10-04 08:00:00+00:00,233.32,475.9,32.89,52.27,2.37,UKP_0004,0,2016
2016-10-04 09:00:00+00:00,193.98,342.85,32.97,52.54,2.31,UKP_0004,0,2016
2016-10-04 10:00:00+00:00,128.25,199.43,32.78,51.52,2.27,UKP_0004,0,2016
2016-10-04 11:00:00+00:00,46.85,65.43,31.35,56.82,2.09,UKP_0004,0,2016
2016-10-04 12:00:00+00:00,2.55,2.8,28.94,74.62,1.72,UKP_0004,0,2016
2016-10-04 13:00:00+00:00,0.0,0.0,28.05,75.3,1.83,UKP_0004,0,2016
2016-10-04 14:00:00+00:00,0.0,0.0,27.53,76.94,1.72,UKP_0004,0,2016
2016-10-04 15:00:00+00:00,0.0,0.0,27.04,78.84,1.47,UKP_0004,0,2016
2016-10-04 16:00:00+00:00,0.0,0.0,26.53,81.18,1.35,UKP_0004,0,2016
2016-10-04 17:00:00+00:00,0.0,0.0,26.17,81.52,1.38,UKP_0004,0,2016
2016-10-04 18:00:00+00:00,0.0,0.0,25.81,81.46,1.46,UKP_0004,0,2016
2016-10-04 19:00:00+00:00,0.0,0.0,25.46,81.16,1.52,UKP_0004,0,2016
2016-10-04 20:00:00+00:00,0.0,0.0,25.11,80.67,1.56,UKP_0004,0,2016
2016-10-04 21:00:00+00:00,0.0,0.0,25.08,78.63,1.39,UKP_0004,0,2016
2016-10-04 22:00:00+00:00,0.0,0.0,24.93,77.92,1.21,UKP_0004,0,2016
2016-10-04 23:00:00+00:00,0.0,0.0,24.53,79.04,1.29,UKP_0004,0,2016
2016-10-05 00:00:00+00:00,2.15,2.95,23.85,82.8,1.53,UKP_0004,0,2016
2016-10-05 01:00:00+00:00,49.8,87.65,24.34,85.47,1.55,UKP_0004,0,2016
2016-10-05 02:00:00+00:00,146.95,271.52,26.5,74.49,1.74,UKP_0004,0,2016
2016-10-05 03:00:00+00:00,245.2,465.45,30.01,56.59,0.16,UKP_0004,0,2016
2016-10-05 04:00:00+00:00,352.67,626.35,31.78,49.73,1.04,UKP_0004,0,2016
2016-10-05 05:00:00+00:00,187.6,731.0,32.42,48.32,1.62,UKP_0004,0,2016
2016-10-05 06:00:00+00:00,306.35,638.75,32.77,48.2,2.0,UKP_0004,0,2016
2016-10-05 07:00:00+00:00,381.3,616.33,33.08,47.89,2.21,UKP_0004,0,2016
2016-10-05 08:00:00+00:00,407.25,520.75,33.16,47.69,2.29,UKP_0004,0,2016
2016-10-05 09:00:00+00:00,315.08,378.48,32.92,48.79,2.19,UKP_0004,0,2016
2016-10-05 10:00:00+00:00,196.25,220.85,32.81,47.0,2.11,UKP_0004,0,2016
2016-10-05 11:00:00+00:00,62.92,70.65,31.38,51.29,1.78,UKP_0004,0,2016
2016-10-05 12:00:00+00:00,2.4,2.6,29.46,65.48,0.99,UKP_0004,0,2016
2016-10-05 13:00:00+00:00,0.0,0.0,29.02,62.23,0.35,UKP_0004,0,2016
2016-10-05 14:00:00+00:00,0.0,0.0,28.5,62.72,0.52,UKP_0004,0,2016
2016-10-05 15:00:00+00:00,0.0,0.0,27.1,70.91,1.33,UKP_0004,0,2016
2016-10-05 16:00:00+00:00,0.0,0.0,25.89,78.01,1.83,UKP_0004,0,2016
2016-10-05 17:00:00+00:00,0.0,0.0,25.1,81.42,2.05,UKP_0004,0,2016
2016-10-05 18:00:00+00:00,0.0,0.0,24.58,83.34,2.13,UKP_0004,0,2016
2016-10-05 19:00:00+00:00,0.0,0.0,24.19,85.46,2.13,UKP_0004,0,2016
2016-10-05 20:00:00+00:00,0.0,0.0,23.89,87.43,2.05,UKP_0004,0,2016
2016-10-05 21:00:00+00:00,0.0,0.0,23.68,88.75,1.89,UKP_0004,0,2016
2016-10-05 22:00:00+00:00,0.0,0.0,23.56,88.89,1.72,UKP_0004,0,2016
2016-10-05 23:00:00+00:00,0.0,0.0,23.49,88.46,1.58,UKP_0004,0,2016
2016-10-06 00:00:00+00:00,2.15,2.45,23.39,88.14,1.47,UKP_0004,0,2016
2016-10-06 01:00:00+00:00,60.2,72.1,24.1,89.15,1.21,UKP_0004,0,2016
2016-10-06 02:00:00+00:00,190.3,232.25,25.9,80.84,1.16,UKP_0004,0,2016
2016-10-06 03:00:00+00:00,353.12,412.77,28.68,64.58,0.8,UKP_0004,0,2016
2016-10-06 04:00:00+00:00,437.75,567.12,30.02,54.73,1.2,UKP_0004,0,2016
2016-10-06 05:00:00+00:00,508.45,673.65,30.68,53.0,1.59,UKP_0004,0,2016
2016-10-06 06:00:00+00:00,497.25,685.8,30.92,53.14,1.95,UKP_0004,0,2016
2016-10-06 07:00:00+00:00,438.0,652.25,31.22,52.79,2.08,UKP_0004,0,2016
2016-10-06 08:00:00+00:00,392.08,560.7,31.25,52.98,2.12,UKP_0004,0,2016
2016-10-06 09:00:00+00:00,324.73,414.38,31.09,53.8,2.06,UKP_0004,0,2016
2016-10-06 10:00:00+00:00,194.35,237.23,30.91,54.99,1.87,UKP_0004,0,2016
2016-10-06 11:00:00+00:00,72.15,81.03,29.73,58.83,1.86,UKP_0004,0,2016
2016-10-06 12:00:00+00:00,0.0,0.0,27.3,74.74,1.81,UKP_0004,0,2016
2016-10-06 13:00:00+00:00,0.0,0.0,26.37,75.66,1.98,UKP_0004,0,2016
2016-10-06 14:00:00+00:00,0.0,0.0,26.09,74.76,1.78,UKP_0004,0,2016
2016-10-06 15:00:00+00:00,0.0,0.0,25.96,73.5,1.34,UKP_0004,0,2016
2016-10-06 16:00:00+00:00,0.0,0.0,25.59,75.67,0.76,UKP_0004,0,2016
2016-10-06 17:00:00+00:00,0.0,0.0,25.2,77.02,0.25,UKP_0004,0,2016
2016-10-06 18:00:00+00:00,0.0,0.0,25.01,75.78,0.36,UKP_0004,0,2016
2016-10-06 19:00:00+00:00,0.0,0.0,24.76,76.22,0.85,UKP_0004,0,2016
2016-10-06 20:00:00+00:00,0.0,0.0,24.16,78.48,1.19,UKP_0004,0,2016
2016-10-06 21:00:00+00:00,0.0,0.0,23.63,80.31,1.37,UKP_0004,0,2016
2016-10-06 22:00:00+00:00,0.0,0.0,23.39,80.51,1.44,UKP_0004,0,2016
2016-10-06 23:00:00+00:00,0.0,0.0,23.2,80.26,1.42,UKP_0004,0,2016
2016-10-07 00:00:00+00:00,0.0,0.0,23.03,79.92,1.36,UKP_0004,0,2016
2016-10-07 01:00:00+00:00,86.7,90.82,23.85,80.4,1.17,UKP_0004,0,2016
2016-10-07 02:00:00+00:00,264.85,269.45,26.7,66.85,0.99,UKP_0004,0,2016
2016-10-07 03:00:00+00:00,452.75,460.58,29.25,55.15,1.74,UKP_0004,0,2016
2016-10-07 04:00:00+00:00,610.8,625.33,30.48,51.81,2.23,UKP_0004,0,2016
2016-10-07 05:00:00+00:00,711.2,734.3,31.34,50.54,2.66,UKP_0004,0,2016
2016-10-07 06:00:00+00:00,738.53,785.58,32.03,49.04,2.96,UKP_0004,0,2016
2016-10-07 07:00:00+00:00,672.42,751.7,32.57,47.15,3.17,UKP_0004,0,2016
2016-10-07 08:00:00+00:00,598.12,646.45,32.79,46.19,3.19,UKP_0004,0,2016
2016-10-07 09:00:00+00:00,444.45,483.42,32.92,45.3,2.85,UKP_0004,0,2016
2016-10-07 10:00:00+00:00,263.02,284.73,32.87,43.85,2.46,UKP_0004,0,2016
2016-10-07 11:00:00+00:00,95.72,99.65,31.26,50.11,1.92,UKP_0004,0,2016
2016-10-07 12:00:00+00:00,0.0,0.0,28.6,64.0,1.53,UKP_0004,0,2016
2016-10-07 13:00:00+00:00,0.0,0.0,27.77,62.34,1.36,UKP_0004,0,2016
2016-10-07 14:00:00+00:00,0.0,0.0,27.41,61.75,0.9,UKP_0004,0,2016
2016-10-07 15:00:00+00:00,0.0,0.0,26.95,62.19,0.32,UKP_0004,0,2016
2016-10-07 16:00:00+00:00,0.0,0.0,26.53,62.68,0.37,UKP_0004,0,2016
2016-10-07 17:00:00+00:00,0.0,0.0,25.54,67.32,1.11,UKP_0004,0,2016
2016-10-07 18:00:00+00:00,0.0,0.0,24.45,73.09,1.65,UKP_0004,0,2016
2016-10-07 19:00:00+00:00,0.0,0.0,23.71,77.39,1.91,UKP_0004,0,2016
2016-10-07 20:00:00+00:00,0.0,0.0,23.43,80.27,1.97,UKP_0004,0,2016
2016-10-07 21:00:00+00:00,0.0,0.0,23.27,82.2,2.02,UKP_0004,0,2016
2016-10-07 22:00:00+00:00,0.0,0.0,23.01,83.27,2.08,UKP_0004,0,2016
2016-10-07 23:00:00+00:00,0.0,0.0,22.75,83.63,2.09,UKP_0004,0,2016
2016-10-08 00:00:00+00:00,0.0,0.0,22.59,84.39,2.07,UKP_0004,0,2016
2016-10-08 01:00:00+00:00,92.03,110.62,23.51,85.28,1.82,UKP_0004,0,2016
2016-10-08 02:00:00+00:00,261.4,310.25,25.95,75.28,2.11,UKP_0004,0,2016
2016-10-08 03:00:00+00:00,474.55,516.45,28.8,58.75,1.23,UKP_0004,0,2016
2016-10-08 04:00:00+00:00,625.4,682.45,30.57,51.54,0.98,UKP_0004,0,2016
2016-10-08 05:00:00+00:00,633.42,788.28,31.55,49.28,1.32,UKP_0004,0,2016
2016-10-08 06:00:00+00:00,599.72,742.83,32.15,48.64,1.62,UKP_0004,0,2016
2016-10-08 07:00:00+00:00,555.65,713.1,32.6,47.68,1.81,UKP_0004,0,2016
2016-10-08 08:00:00+00:00,487.3,613.38,32.8,46.98,1.99,UKP_0004,0,2016
2016-10-08 09:00:00+00:00,403.95,456.02,32.77,46.74,2.06,UKP_0004,0,2016
2016-10-08 10:00:00+00:00,233.45,269.75,32.51,46.78,1.96,UKP_0004,0,2016
2016-10-08 11:00:00+00:00,76.25,89.85,31.39,50.23,1.64,UKP_0004,0,2016
2016-10-08 12:00:00+00:00,0.0,0.0,29.0,62.51,1.38,UKP_0004,0,2016
2016-10-08 13:00:00+00:00,0.0,0.0,28.07,60.98,1.28,UKP_0004,0,2016
2016-10-08 14:00:00+00:00,0.0,0.0,27.5,61.03,0.98,UKP_0004,0,2016
2016-10-08 15:00:00+00:00,0.0,0.0,27.04,60.9,0.48,UKP_0004,0,2016
2016-10-08 16:00:00+00:00,0.0,0.0,26.82,59.69,0.32,UKP_0004,0,2016
2016-10-08 17:00:00+00:00,0.0,0.0,26.22,61.49,0.79,UKP_0004,0,2016
2016-10-08 18:00:00+00:00,0.0,0.0,25.3,65.65,1.14,UKP_0004,0,2016
2016-10-08 19:00:00+00:00,0.0,0.0,24.22,70.98,1.35,UKP_0004,0,2016
2016-10-08 20:00:00+00:00,0.0,0.0,23.77,72.81,1.5,UKP_0004,0,2016
2016-10-08 21:00:00+00:00,0.0,0.0,23.26,74.95,1.63,UKP_0004,0,2016
2016-10-08 22:00:00+00:00,0.0,0.0,22.76,77.23,1.81,UKP_0004,0,2016
2016-10-08 23:00:00+00:00,0.0,0.0,22.45,78.49,1.93,UKP_0004,0,2016
2016-10-09 00:00:00+00:00,0.0,0.0,22.23,79.35,1.96,UKP_0004,0,2016
2016-10-09 01:00:00+00:00,90.47,97.82,22.91,82.22,1.8,UKP_0004,0,2016
2016-10-09 02:00:00+00:00,266.3,284.33,25.71,73.14,1.79,UKP_0004,0,2016
2016-10-09 03:00:00+00:00,469.17,486.4,29.05,52.59,0.61,UKP_0004,0,2016
2016-10-09 04:00:00+00:00,641.65,652.67,30.72,45.22,0.46,UKP_0004,0,2016
2016-10-09 05:00:00+00:00,712.75,760.3,31.86,40.67,1.17,UKP_0004,0,2016
2016-10-09 06:00:00+00:00,757.58,814.42,32.3,39.86,1.76,UKP_0004,0,2016
2016-10-09 07:00:00+00:00,734.12,780.42,32.66,38.98,2.07,UKP_0004,0,2016
2016-10-09 08:00:00+00:00,625.7,674.38,32.69,38.53,2.29,UKP_0004,0,2016
2016-10-09 09:00:00+00:00,468.95,509.27,32.43,38.82,2.4,UKP_0004,0,2016
2016-10-09 10:00:00+00:00,275.52,304.3,32.22,37.32,2.44,UKP_0004,0,2016
2016-10-09 11:00:00+00:00,95.38,103.62,30.29,46.21,2.0,UKP_0004,0,2016
2016-10-09 12:00:00+00:00,0.0,0.0,27.65,56.31,1.74,UKP_0004,0,2016
2016-10-09 13:00:00+00:00,0.0,0.0,26.83,52.82,1.61,UKP_0004,0,2016
2016-10-09 14:00:00+00:00,0.0,0.0,26.24,52.66,1.5,UKP_0004,0,2016
2016-10-09 15:00:00+00:00,0.0,0.0,25.06,57.19,1.68,UKP_0004,0,2016
2016-10-09 16:00:00+00:00,0.0,0.0,23.75,62.76,2.01,UKP_0004,0,2016
2016-10-09 17:00:00+00:00,0.0,0.0,22.74,66.94,2.27,UKP_0004,0,2016
2016-10-09 18:00:00+00:00,0.0,0.0,22.08,69.28,2.46,UKP_0004,0,2016
2016-10-09 19:00:00+00:00,0.0,0.0,21.59,70.97,2.56,UKP_0004,0,2016
2016-10-09 20:00:00+00:00,0.0,0.0,21.16,72.73,2.68,UKP_0004,0,2016
2016-10-09 21:00:00+00:00,0.0,0.0,20.97,73.32,2.69,UKP_0004,0,2016
2016-10-09 22:00:00+00:00,0.0,0.0,20.92,73.29,2.62,UKP_0004,0,2016
2016-10-09 23:00:00+00:00,0.0,0.0,20.97,72.64,2.51,UKP_0004,0,2016
2016-10-10 00:00:00+00:00,0.0,0.0,21.07,71.37,2.36,UKP_0004,0,2016
2016-10-10 01:00:00+00:00,91.78,107.07,22.27,70.02,1.96,UKP_0004,0,2016
2016-10-10 02:00:00+00:00,262.62,306.35,25.47,59.89,1.83,UKP_0004,0,2016
2016-10-10 03:00:00+00:00,472.35,512.28,29.31,43.15,1.83,UKP_0004,0,2016
2016-10-10 04:00:00+00:00,602.03,678.38,31.46,36.15,2.74,UKP_0004,0,2016
2016-10-10 05:00:00+00:00,712.2,782.88,32.01,34.84,3.17,UKP_0004,0,2016
2016-10-10 06:00:00+00:00,717.45,769.03,32.55,34.21,3.46,UKP_0004,0,2016
2016-10-10 07:00:00+00:00,663.67,734.8,32.75,34.01,3.78,UKP_0004,0,2016
2016-10-10 08:00:00+00:00,522.3,628.83,32.76,34.24,3.88,UKP_0004,0,2016
2016-10-10 09:00:00+00:00,408.38,464.65,32.82,33.42,3.89,UKP_0004,0,2016
2016-10-10 10:00:00+00:00,238.07,271.0,31.97,33.86,3.91,UKP_0004,0,2016
2016-10-10 11:00:00+00:00,73.3,84.9,29.16,50.93,2.78,UKP_0004,0,2016
2016-10-10 12:00:00+00:00,0.0,0.0,25.84,61.21,2.72,UKP_0004,0,2016
2016-10-10 13:00:00+00:00,0.0,0.0,24.65,61.7,2.78,UKP_0004,0,2016
2016-10-10 14:00:00+00:00,0.0,0.0,23.86,62.92,2.78,UKP_0004,0,2016
2016-10-10 15:00:00+00:00,0.0,0.0,22.99,64.7,2.83,UKP_0004,0,2016
2016-10-10 16:00:00+00:00,0.0,0.0,22.19,66.12,2.84,UKP_0004,0,2016
2016-10-10 17:00:00+00:00,0.0,0.0,21.53,67.18,2.81,UKP_0004,0,2016
2016-10-10 18:00:00+00:00,0.0,0.0,20.96,67.96,2.77,UKP_0004,0,2016
2016-10-10 19:00:00+00:00,0.0,0.0,20.5,68.75,2.76,UKP_0004,0,2016
2016-10-10 20:00:00+00:00,0.0,0.0,20.09,70.03,2.78,UKP_0004,0,2016
2016-10-10 21:00:00+00:00,0.0,0.0,19.83,70.62,2.74,UKP_0004,0,2016
2016-10-10 22:00:00+00:00,0.0,0.0,19.69,70.29,2.68,UKP_0004,0,2016
2016-10-10 23:00:00+00:00,0.0,0.0,19.6,69.41,2.62,UKP_0004,0,2016
2016-10-11 00:00:00+00:00,0.0,0.0,19.44,69.12,2.61,UKP_0004,0,2016
2016-10-11 01:00:00+00:00,99.62,109.85,20.32,71.93,2.44,UKP_0004,0,2016
2016-10-11 02:00:00+00:00,302.17,317.35,24.1,61.99,2.39,UKP_0004,0,2016
2016-10-11 03:00:00+00:00,524.05,527.45,27.38,44.1,2.62,UKP_0004,0,2016
2016-10-11 04:00:00+00:00,697.58,698.1,30.02,37.55,3.46,UKP_0004,0,2016
2016-10-11 05:00:00+00:00,804.55,804.58,31.33,35.87,4.2,UKP_0004,0,2016
2016-10-11 06:00:00+00:00,848.62,848.85,32.16,34.68,4.65,UKP_0004,0,2016
2016-10-11 07:00:00+00:00,807.42,813.42,32.69,33.19,4.95,UKP_0004,0,2016
2016-10-11 08:00:00+00:00,705.47,705.55,32.77,32.49,5.06,UKP_0004,0,2016
2016-10-11 09:00:00+00:00,533.03,536.83,32.42,32.59,4.83,UKP_0004,0,2016
2016-10-11 10:00:00+00:00,312.1,324.6,31.48,33.39,4.59,UKP_0004,0,2016
2016-10-11 11:00:00+00:00,105.9,108.22,28.6,49.73,3.04,UKP_0004,0,2016
2016-10-11 12:00:00+00:00,0.0,0.0,25.11,57.37,2.99,UKP_0004,0,2016
2016-10-11 13:00:00+00:00,0.0,0.0,23.8,58.37,3.03,UKP_0004,0,2016
2016-10-11 14:00:00+00:00,0.0,0.0,22.92,60.54,2.93,UKP_0004,0,2016
2016-10-11 15:00:00+00:00,0.0,0.0,22.17,63.0,2.8,UKP_0004,0,2016
2016-10-11 16:00:00+00:00,0.0,0.0,21.66,64.77,2.65,UKP_0004,0,2016
2016-10-11 17:00:00+00:00,0.0,0.0,21.39,65.26,2.5,UKP_0004,0,2016
2016-10-11 18:00:00+00:00,0.0,0.0,21.3,64.64,2.41,UKP_0004,0,2016
2016-10-11 19:00:00+00:00,0.0,0.0,21.29,63.46,2.31,UKP_0004,0,2016
2016-10-11 20:00:00+00:00,0.0,0.0,21.1,62.4,2.4,UKP_0004,0,2016
2016-10-11 21:00:00+00:00,0.0,0.0,20.16,65.32,2.75,UKP_0004,0,2016
2016-10-11 22:00:00+00:00,0.0,0.0,19.3,67.86,3.0,UKP_0004,0,2016
2016-10-11 23:00:00+00:00,0.0,0.0,18.67,69.38,3.15,UKP_0004,0,2016
2016-10-12 00:00:00+00:00,0.0,0.0,18.28,69.96,3.24,UKP_0004,0,2016
2016-10-12 01:00:00+00:00,115.43,126.45,19.23,69.55,3.06,UKP_0004,0,2016
2016-10-12 02:00:00+00:00,322.35,344.23,23.12,61.93,3.14,UKP_0004,0,2016
2016-10-12 03:00:00+00:00,539.28,554.42,26.21,45.27,3.68,UKP_0004,0,2016
2016-10-12 04:00:00+00:00,719.25,719.25,28.6,36.92,3.96,UKP_0004,0,2016
2016-10-12 05:00:00+00:00,824.3,824.4,30.56,32.16,4.51,UKP_0004,0,2016
2016-10-12 06:00:00+00:00,841.92,842.17,31.66,29.86,4.9,UKP_0004,0,2016
2016-10-12 07:00:00+00:00,802.38,806.05,32.23,28.95,4.98,UKP_0004,0,2016
2016-10-12 08:00:00+00:00,686.08,698.95,32.37,29.08,4.84,UKP_0004,0,2016
2016-10-12 09:00:00+00:00,519.28,531.22,32.29,28.68,4.6,UKP_0004,0,2016
2016-10-12 10:00:00+00:00,303.45,320.08,31.4,28.93,4.37,UKP_0004,0,2016
2016-10-12 11:00:00+00:00,96.47,104.22,28.18,47.14,2.91,UKP_0004,0,2016
2016-10-12 12:00:00+00:00,0.0,0.0,24.55,54.25,3.03,UKP_0004,0,2016
2016-10-12 13:00:00+00:00,0.0,0.0,23.41,54.24,3.03,UKP_0004,0,2016
2016-10-12 14:00:00+00:00,0.0,0.0,22.57,55.98,2.99,UKP_0004,0,2016
2016-10-12 15:00:00+00:00,0.0,0.0,21.77,58.39,2.93,UKP_0004,0,2016
2016-10-12 16:00:00+00:00,0.0,0.0,21.06,60.88,2.9,UKP_0004,0,2016
2016-10-12 17:00:00+00:00,0.0,0.0,20.57,62.54,2.9,UKP_0004,0,2016
2016-10-12 18:00:00+00:00,0.0,0.0,20.18,63.67,2.89,UKP_0004,0,2016
2016-10-12 19:00:00+00:00,0.0,0.0,19.82,64.42,2.95,UKP_0004,0,2016
2016-10-12 20:00:00+00:00,0.0,0.0,19.41,65.32,3.06,UKP_0004,0,2016
2016-10-12 21:00:00+00:00,0.0,0.0,19.17,65.41,3.08,UKP_0004,0,2016
2016-10-12 22:00:00+00:00,0.0,0.0,18.99,65.25,3.05,UKP_0004,0,2016
2016-10-12 23:00:00+00:00,0.0,0.0,18.82,65.06,3.05,UKP_0004,0,2016
2016-10-13 00:00:00+00:00,0.0,0.0,18.7,64.73,3.01,UKP_0004,0,2016
2016-10-13 01:00:00+00:00,112.03,118.4,19.58,65.72,2.78,UKP_0004,0,2016
2016-10-13 02:00:00+00:00,330.48,334.27,23.67,61.85,2.37,UKP_0004,0,2016
2016-10-13 03:00:00+00:00,542.35,544.33,26.96,40.01,2.97,UKP_0004,0,2016
2016-10-13 04:00:00+00:00,709.7,710.0,29.19,32.09,3.66,UKP_0004,0,2016
2016-10-13 05:00:00+00:00,809.6,814.08,30.65,29.71,4.26,UKP_0004,0,2016
2016-10-13 06:00:00+00:00,821.3,826.12,31.6,28.03,4.85,UKP_0004,0,2016
2016-10-13 07:00:00+00:00,768.12,787.45,32.18,26.76,4.99,UKP_0004,0,2016
2016-10-13 08:00:00+00:00,650.05,678.17,32.21,26.34,4.91,UKP_0004,0,2016
2016-10-13 09:00:00+00:00,504.88,510.17,32.48,24.44,4.6,UKP_0004,0,2016
2016-10-13 10:00:00+00:00,286.7,302.23,31.64,24.57,4.33,UKP_0004,0,2016
2016-10-13 11:00:00+00:00,89.22,94.1,28.1,45.4,2.79,UKP_0004,0,2016
2016-10-13 12:00:00+00:00,0.0,0.0,24.41,50.6,3.13,UKP_0004,0,2016
2016-10-13 13:00:00+00:00,0.0,0.0,22.89,51.23,3.34,UKP_0004,0,2016
2016-10-13 14:00:00+00:00,0.0,0.0,21.79,52.62,3.44,UKP_0004,0,2016
2016-10-13 15:00:00+00:00,0.0,0.0,20.9,54.17,3.38,UKP_0004,0,2016
2016-10-13 16:00:00+00:00,0.0,0.0,20.16,55.94,3.22,UKP_0004,0,2016
2016-10-13 17:00:00+00:00,0.0,0.0,19.51,57.57,3.1,UKP_0004,0,2016
2016-10-13 18:00:00+00:00,0.0,0.0,19.09,58.39,3.01,UKP_0004,0,2016
2016-10-13 19:00:00+00:00,0.0,0.0,19.13,57.26,2.82,UKP_0004,0,2016
2016-10-13 20:00:00+00:00,0.0,0.0,19.82,53.24,2.5,UKP_0004,0,2016
2016-10-13 21:00:00+00:00,0.0,0.0,20.31,50.73,2.12,UKP_0004,0,2016
2016-10-13 22:00:00+00:00,0.0,0.0,20.43,50.16,1.85,UKP_0004,0,2016
2016-10-13 23:00:00+00:00,0.0,0.0,20.45,49.79,1.72,UKP_0004,0,2016
2016-10-14 00:00:00+00:00,0.0,0.0,19.98,51.62,1.75,UKP_0004,0,2016
2016-10-14 01:00:00+00:00,106.0,114.93,19.86,57.64,1.87,UKP_0004,0,2016
2016-10-14 02:00:00+00:00,316.35,329.42,22.99,57.85,1.7,UKP_0004,0,2016
2016-10-14 03:00:00+00:00,528.75,538.67,27.16,35.14,0.52,UKP_0004,0,2016
2016-10-14 04:00:00+00:00,702.85,703.65,30.45,25.84,1.9,UKP_0004,0,2016
2016-10-14 05:00:00+00:00,805.05,805.7,31.29,24.89,2.55,UKP_0004,0,2016
2016-10-14 06:00:00+00:00,817.83,818.35,31.87,25.09,3.0,UKP_0004,0,2016
2016-10-14 07:00:00+00:00,750.17,781.28,32.21,24.86,3.06,UKP_0004,0,2016
2016-10-14 08:00:00+00:00,634.75,671.55,32.22,25.47,2.88,UKP_0004,0,2016
2016-10-14 09:00:00+00:00,484.58,503.7,32.27,25.1,2.48,UKP_0004,0,2016
2016-10-14 10:00:00+00:00,271.6,295.45,31.78,23.4,2.15,UKP_0004,0,2016
2016-10-14 11:00:00+00:00,83.4,88.62,29.16,42.86,1.55,UKP_0004,0,2016
2016-10-14 12:00:00+00:00,0.0,0.0,27.27,38.11,1.52,UKP_0004,0,2016
2016-10-14 13:00:00+00:00,0.0,0.0,26.84,33.72,1.29,UKP_0004,0,2016
2016-10-14 14:00:00+00:00,0.0,0.0,25.71,36.4,1.25,UKP_0004,0,2016
2016-10-14 15:00:00+00:00,0.0,0.0,24.35,40.81,1.52,UKP_0004,0,2016
2016-10-14 16:00:00+00:00,0.0,0.0,23.12,45.16,1.74,UKP_0004,0,2016
2016-10-14 17:00:00+00:00,0.0,0.0,22.14,48.68,1.93,UKP_0004,0,2016
2016-10-14 18:00:00+00:00,0.0,0.0,21.39,51.98,2.05,UKP_0004,0,2016
2016-10-14 19:00:00+00:00,0.0,0.0,20.9,54.43,2.09,UKP_0004,0,2016
2016-10-14 20:00:00+00:00,0.0,0.0,20.58,56.06,2.07,UKP_0004,0,2016
2016-10-14 21:00:00+00:00,0.0,0.0,20.28,57.49,2.01,UKP_0004,0,2016
2016-10-14 22:00:00+00:00,0.0,0.0,20.14,58.06,1.92,UKP_0004,0,2016
2016-10-14 23:00:00+00:00,0.0,0.0,19.81,59.33,2.01,UKP_0004,0,2016
2016-10-15 00:00:00+00:00,0.0,0.0,19.52,60.44,2.24,UKP_0004,0,2016
2016-10-15 01:00:00+00:00,104.65,115.75,19.57,65.18,2.35,UKP_0004,0,2016
2016-10-15 02:00:00+00:00,319.95,334.15,22.92,62.88,2.34,UKP_0004,0,2016
2016-10-15 03:00:00+00:00,531.65,544.97,26.16,45.56,1.39,UKP_0004,0,2016
2016-10-15 04:00:00+00:00,708.62,709.53,28.99,34.33,0.77,UKP_0004,0,2016
2016-10-15 05:00:00+00:00,794.78,813.17,30.58,31.07,1.97,UKP_0004,0,2016
2016-10-15 06:00:00+00:00,770.65,809.97,31.32,30.0,2.7,UKP_0004,0,2016
2016-10-15 07:00:00+00:00,722.42,773.22,31.69,29.39,2.96,UKP_0004,0,2016
2016-10-15 08:00:00+00:00,614.4,665.72,31.73,29.49,2.97,UKP_0004,0,2016
2016-10-15 09:00:00+00:00,464.83,499.62,31.62,29.8,2.74,UKP_0004,0,2016
2016-10-15 10:00:00+00:00,260.25,292.6,31.16,28.78,2.5,UKP_0004,0,2016
2016-10-15 11:00:00+00:00,73.82,85.57,28.59,46.05,1.72,UKP_0004,0,2016
2016-10-15 12:00:00+00:00,0.0,0.0,26.46,44.64,1.53,UKP_0004,0,2016
2016-10-15 13:00:00+00:00,0.0,0.0,25.99,40.78,1.1,UKP_0004,0,2016
2016-10-15 14:00:00+00:00,0.0,0.0,25.73,38.73,0.52,UKP_0004,0,2016
2016-10-15 15:00:00+00:00,0.0,0.0,24.81,40.87,0.88,UKP_0004,0,2016
2016-10-15 16:00:00+00:00,0.0,0.0,23.13,47.84,1.52,UKP_0004,0,2016
2016-10-15 17:00:00+00:00,0.0,0.0,21.82,53.63,1.94,UKP_0004,0,2016
2016-10-15 18:00:00+00:00,0.0,0.0,21.2,56.0,2.07,UKP_0004,0,2016
2016-10-15 19:00:00+00:00,0.0,0.0,20.98,56.0,1.93,UKP_0004,0,2016
2016-10-15 20:00:00+00:00,0.0,0.0,20.89,55.67,1.74,UKP_0004,0,2016
2016-10-15 21:00:00+00:00,0.0,0.0,21.39,52.34,1.55,UKP_0004,0,2016
2016-10-15 22:00:00+00:00,0.0,0.0,21.34,51.59,1.36,UKP_0004,0,2016
2016-10-15 23:00:00+00:00,0.0,0.0,20.92,52.77,1.32,UKP_0004,0,2016
2016-10-16 00:00:00+00:00,0.0,0.0,20.2,55.08,1.56,UKP_0004,0,2016
2016-10-16 01:00:00+00:00,96.88,111.62,19.63,61.94,1.89,UKP_0004,0,2016
2016-10-16 02:00:00+00:00,316.17,329.0,22.36,62.27,2.19,UKP_0004,0,2016
2016-10-16 03:00:00+00:00,522.3,538.42,25.35,45.6,1.65,UKP_0004,0,2016
2016-10-16 04:00:00+00:00,700.9,700.97,27.64,37.38,0.74,UKP_0004,0,2016
2016-10-16 05:00:00+00:00,799.92,802.08,29.76,30.9,1.42,UKP_0004,0,2016
2016-10-16 06:00:00+00:00,780.3,788.15,30.84,28.78,2.4,UKP_0004,0,2016
2016-10-16 07:00:00+00:00,723.72,747.4,31.38,27.81,2.89,UKP_0004,0,2016
2016-10-16 08:00:00+00:00,631.47,638.75,31.51,27.65,3.13,UKP_0004,0,2016
2016-10-16 09:00:00+00:00,467.3,472.42,31.55,27.4,2.92,UKP_0004,0,2016
2016-10-16 10:00:00+00:00,260.1,268.73,30.93,26.82,2.73,UKP_0004,0,2016
2016-10-16 11:00:00+00:00,68.78,73.57,28.1,46.39,1.86,UKP_0004,0,2016
2016-10-16 12:00:00+00:00,0.0,0.0,25.89,44.19,1.75,UKP_0004,0,2016
2016-10-16 13:00:00+00:00,0.0,0.0,25.55,39.83,1.47,UKP_0004,0,2016
2016-10-16 14:00:00+00:00,0.0,0.0,25.05,39.25,1.18,UKP_0004,0,2016
2016-10-16 15:00:00+00:00,0.0,0.0,23.61,43.86,1.46,UKP_0004,0,2016
2016-10-16 16:00:00+00:00,0.0,0.0,22.05,49.96,1.98,UKP_0004,0,2016
2016-10-16 17:00:00+00:00,0.0,0.0,20.78,54.93,2.36,UKP_0004,0,2016
2016-10-16 18:00:00+00:00,0.0,0.0,19.99,57.65,2.55,UKP_0004,0,2016
2016-10-16 19:00:00+00:00,0.0,0.0,19.59,58.66,2.6,UKP_0004,0,2016
2016-10-16 20:00:00+00:00,0.0,0.0,19.36,58.93,2.59,UKP_0004,0,2016
2016-10-16 21:00:00+00:00,0.0,0.0,19.35,58.12,2.51,UKP_0004,0,2016
2016-10-16 22:00:00+00:00,0.0,0.0,19.49,56.52,2.34,UKP_0004,0,2016
2016-10-16 23:00:00+00:00,0.0,0.0,19.68,54.71,2.11,UKP_0004,0,2016
2016-10-17 00:00:00+00:00,0.0,0.0,19.85,53.1,1.84,UKP_0004,0,2016
2016-10-17 01:00:00+00:00,94.3,101.2,20.38,54.4,1.58,UKP_0004,0,2016
2016-10-17 02:00:00+00:00,298.2,311.4,23.2,56.06,1.22,UKP_0004,0,2016
2016-10-17 03:00:00+00:00,507.35,519.55,26.72,35.89,0.8,UKP_0004,0,2016
2016-10-17 04:00:00+00:00,682.45,683.25,29.42,29.54,2.2,UKP_0004,0,2016
2016-10-17 05:00:00+00:00,783.7,785.12,30.61,28.19,2.88,UKP_0004,0,2016
2016-10-17 06:00:00+00:00,786.7,792.35,31.45,27.56,3.16,UKP_0004,0,2016
2016-10-17 07:00:00+00:00,748.47,752.78,31.91,27.35,3.28,UKP_0004,0,2016
2016-10-17 08:00:00+00:00,638.3,643.53,32.02,27.45,3.27,UKP_0004,0,2016
2016-10-17 09:00:00+00:00,476.3,477.67,31.93,28.19,3.1,UKP_0004,0,2016
2016-10-17 10:00:00+00:00,266.67,272.65,31.34,27.48,2.95,UKP_0004,0,2016
2016-10-17 11:00:00+00:00,69.88,73.78,28.33,46.87,2.1,UKP_0004,0,2016
2016-10-17 12:00:00+00:00,0.0,0.0,25.47,48.65,2.26,UKP_0004,0,2016
2016-10-17 13:00:00+00:00,0.0,0.0,24.3,48.17,2.34,UKP_0004,0,2016
2016-10-17 14:00:00+00:00,0.0,0.0,23.31,49.8,2.37,UKP_0004,0,2016
2016-10-17 15:00:00+00:00,0.0,0.0,22.16,53.02,2.48,UKP_0004,0,2016
2016-10-17 16:00:00+00:00,0.0,0.0,21.16,55.93,2.62,UKP_0004,0,2016
2016-10-17 17:00:00+00:00,0.0,0.0,20.46,57.67,2.73,UKP_0004,0,2016
2016-10-17 18:00:00+00:00,0.0,0.0,20.08,58.04,2.72,UKP_0004,0,2016
2016-10-17 19:00:00+00:00,0.0,0.0,20.06,56.97,2.6,UKP_0004,0,2016
2016-10-17 20:00:00+00:00,0.0,0.0,20.32,54.48,2.4,UKP_0004,0,2016
2016-10-17 21:00:00+00:00,0.0,0.0,20.66,51.75,2.07,UKP_0004,0,2016
2016-10-17 22:00:00+00:00,0.0,0.0,20.69,50.57,1.76,UKP_0004,0,2016
2016-10-17 23:00:00+00:00,0.0,0.0,20.74,49.54,1.7,UKP_0004,0,2016
2016-10-18 00:00:00+00:00,0.0,0.0,20.1,51.63,1.78,UKP_0004,0,2016
2016-10-18 01:00:00+00:00,94.38,100.35,19.76,56.93,1.87,UKP_0004,0,2016
2016-10-18 02:00:00+00:00,306.48,310.9,22.57,58.17,1.82,UKP_0004,0,2016
2016-10-18 03:00:00+00:00,517.55,517.9,26.08,37.69,0.69,UKP_0004,0,2016
2016-10-18 04:00:00+00:00,679.28,679.9,29.15,28.51,1.19,UKP_0004,0,2016
2016-10-18 05:00:00+00:00,779.62,780.03,30.32,26.76,2.12,UKP_0004,0,2016
2016-10-18 06:00:00+00:00,799.6,799.65,30.94,26.68,2.67,UKP_0004,0,2016
2016-10-18 07:00:00+00:00,753.92,757.42,31.26,26.82,2.91,UKP_0004,0,2016
2016-10-18 08:00:00+00:00,642.03,647.15,31.24,26.8,2.91,UKP_0004,0,2016
2016-10-18 09:00:00+00:00,477.3,477.98,31.02,27.42,2.66,UKP_0004,0,2016
2016-10-18 10:00:00+00:00,261.25,273.2,30.45,27.54,2.4,UKP_0004,0,2016
2016-10-18 11:00:00+00:00,68.97,72.15,27.73,46.1,1.8,UKP_0004,0,2016
2016-10-18 12:00:00+00:00,0.0,0.0,25.42,44.29,1.89,UKP_0004,0,2016
2016-10-18 13:00:00+00:00,0.0,0.0,24.75,42.06,1.7,UKP_0004,0,2016
2016-10-18 14:00:00+00:00,0.0,0.0,23.93,43.05,1.61,UKP_0004,0,2016
2016-10-18 15:00:00+00:00,0.0,0.0,22.67,46.46,1.95,UKP_0004,0,2016
2016-10-18 16:00:00+00:00,0.0,0.0,21.17,52.02,2.38,UKP_0004,0,2016
2016-10-18 17:00:00+00:00,0.0,0.0,20.22,55.15,2.61,UKP_0004,0,2016
2016-10-18 18:00:00+00:00,0.0,0.0,19.86,55.64,2.65,UKP_0004,0,2016
2016-10-18 19:00:00+00:00,0.0,0.0,19.9,54.55,2.55,UKP_0004,0,2016
2016-10-18 20:00:00+00:00,0.0,0.0,20.19,52.45,2.33,UKP_0004,0,2016
2016-10-18 21:00:00+00:00,0.0,0.0,20.77,49.02,1.87,UKP_0004,0,2016
2016-10-18 22:00:00+00:00,0.0,0.0,21.36,45.63,1.59,UKP_0004,0,2016
2016-10-18 23:00:00+00:00,0.0,0.0,20.98,46.54,1.51,UKP_0004,0,2016
2016-10-19 00:00:00+00:00,0.0,0.0,20.08,49.83,1.56,UKP_0004,0,2016
2016-10-19 01:00:00+00:00,87.9,97.45,19.66,55.31,1.71,UKP_0004,0,2016
2016-10-19 02:00:00+00:00,292.8,306.9,22.46,58.84,1.84,UKP_0004,0,2016
2016-10-19 03:00:00+00:00,494.15,511.85,26.33,37.36,1.09,UKP_0004,0,2016
2016-10-19 04:00:00+00:00,671.2,671.7,29.31,28.54,1.11,UKP_0004,0,2016
2016-10-19 05:00:00+00:00,770.6,771.47,30.55,26.71,2.03,UKP_0004,0,2016
2016-10-19 06:00:00+00:00,785.55,792.08,31.3,26.56,2.66,UKP_0004,0,2016
2016-10-19 07:00:00+00:00,735.75,747.4,31.69,26.19,2.88,UKP_0004,0,2016
2016-10-19 08:00:00+00:00,625.58,634.47,31.7,26.48,2.99,UKP_0004,0,2016
2016-10-19 09:00:00+00:00,464.55,466.15,31.47,27.08,2.99,UKP_0004,0,2016
2016-10-19 10:00:00+00:00,255.52,261.17,30.69,27.22,3.06,UKP_0004,0,2016
2016-10-19 11:00:00+00:00,64.78,66.25,27.38,46.59,2.32,UKP_0004,0,2016
2016-10-19 12:00:00+00:00,0.0,0.0,24.28,50.16,2.59,UKP_0004,0,2016
2016-10-19 13:00:00+00:00,0.0,0.0,23.1,50.44,2.71,UKP_0004,0,2016
2016-10-19 14:00:00+00:00,0.0,0.0,22.0,52.66,2.85,UKP_0004,0,2016
2016-10-19 15:00:00+00:00,0.0,0.0,20.88,55.35,3.04,UKP_0004,0,2016
2016-10-19 16:00:00+00:00,0.0,0.0,20.05,57.0,3.14,UKP_0004,0,2016
2016-10-19 17:00:00+00:00,0.0,0.0,19.55,57.76,3.13,UKP_0004,0,2016
2016-10-19 18:00:00+00:00,0.0,0.0,19.39,57.35,3.01,UKP_0004,0,2016
2016-10-19 19:00:00+00:00,0.0,0.0,19.58,55.5,2.78,UKP_0004,0,2016
2016-10-19 20:00:00+00:00,0.0,0.0,19.87,53.22,2.53,UKP_0004,0,2016
2016-10-19 21:00:00+00:00,0.0,0.0,20.14,51.15,2.23,UKP_0004,0,2016
2016-10-19 22:00:00+00:00,0.0,0.0,20.02,50.94,1.97,UKP_0004,0,2016
2016-10-19 23:00:00+00:00,0.0,0.0,20.4,48.48,1.88,UKP_0004,0,2016
2016-10-20 00:00:00+00:00,0.0,0.0,20.37,47.83,1.79,UKP_0004,0,2016
2016-10-20 01:00:00+00:00,89.47,91.75,20.63,49.01,1.7,UKP_0004,0,2016
2016-10-20 02:00:00+00:00,284.88,297.15,23.04,53.9,1.31,UKP_0004,0,2016
2016-10-20 03:00:00+00:00,492.6,501.15,26.76,34.64,1.22,UKP_0004,0,2016
2016-10-20 04:00:00+00:00,657.08,662.12,29.45,27.51,3.2,UKP_0004,0,2016
2016-10-20 05:00:00+00:00,761.78,761.97,30.69,26.38,4.07,UKP_0004,0,2016
2016-10-20 06:00:00+00:00,773.88,774.12,31.37,26.23,4.79,UKP_0004,0,2016
2016-10-20 07:00:00+00:00,722.78,734.38,31.76,26.02,5.22,UKP_0004,0,2016
2016-10-20 08:00:00+00:00,606.33,606.35,31.78,26.52,5.39,UKP_0004,0,2016
2016-10-20 09:00:00+00:00,439.98,440.92,30.83,29.57,4.83,UKP_0004,0,2016
2016-10-20 10:00:00+00:00,240.07,241.45,29.76,33.59,3.93,UKP_0004,0,2016
2016-10-20 11:00:00+00:00,57.9,58.25,26.59,50.81,2.61,UKP_0004,0,2016
2016-10-20 12:00:00+00:00,0.0,0.0,23.8,52.41,2.95,UKP_0004,0,2016
2016-10-20 13:00:00+00:00,0.0,0.0,22.89,52.77,2.92,UKP_0004,0,2016
2016-10-20 14:00:00+00:00,0.0,0.0,22.16,53.87,2.84,UKP_0004,0,2016
2016-10-20 15:00:00+00:00,0.0,0.0,21.34,55.64,2.89,UKP_0004,0,2016
2016-10-20 16:00:00+00:00,0.0,0.0,20.57,57.33,2.93,UKP_0004,0,2016
2016-10-20 17:00:00+00:00,0.0,0.0,19.92,58.75,2.91,UKP_0004,0,2016
2016-10-20 18:00:00+00:00,0.0,0.0,19.36,59.92,2.89,UKP_0004,0,2016
2016-10-20 19:00:00+00:00,0.0,0.0,18.93,60.69,2.86,UKP_0004,0,2016
2016-10-20 20:00:00+00:00,0.0,0.0,18.66,60.85,2.82,UKP_0004,0,2016
2016-10-20 21:00:00+00:00,0.0,0.0,18.56,60.28,2.77,UKP_0004,0,2016
2016-10-20 22:00:00+00:00,0.0,0.0,18.76,58.53,2.62,UKP_0004,0,2016
2016-10-20 23:00:00+00:00,0.0,0.0,18.99,56.88,2.49,UKP_0004,0,2016
2016-10-21 00:00:00+00:00,0.0,0.0,19.15,55.51,2.35,UKP_0004,0,2016
2016-10-21 01:00:00+00:00,79.38,81.0,19.91,54.92,2.1,UKP_0004,0,2016
2016-10-21 02:00:00+00:00,274.88,278.12,22.97,56.69,1.53,UKP_0004,0,2016
2016-10-21 03:00:00+00:00,478.17,482.73,26.38,37.87,1.03,UKP_0004,0,2016
2016-10-21 04:00:00+00:00,647.05,647.42,28.89,30.69,2.72,UKP_0004,0,2016
2016-10-21 05:00:00+00:00,748.55,749.45,30.46,27.85,3.76,UKP_0004,0,2016
2016-10-21 06:00:00+00:00,746.78,757.72,31.16,26.87,4.32,UKP_0004,0,2016
2016-10-21 07:00:00+00:00,714.47,719.67,31.59,26.1,4.65,UKP_0004,0,2016
2016-10-21 08:00:00+00:00,603.55,606.6,31.67,25.99,4.75,UKP_0004,0,2016
2016-10-21 09:00:00+00:00,438.1,439.35,31.49,26.14,4.58,UKP_0004,0,2016
2016-10-21 10:00:00+00:00,236.95,238.18,30.31,28.89,4.01,UKP_0004,0,2016
2016-10-21 11:00:00+00:00,55.95,56.3,26.66,47.82,2.62,UKP_0004,0,2016
2016-10-21 12:00:00+00:00,0.0,0.0,23.62,50.21,2.92,UKP_0004,0,2016
2016-10-21 13:00:00+00:00,0.0,0.0,22.41,51.11,3.03,UKP_0004,0,2016
2016-10-21 14:00:00+00:00,0.0,0.0,21.36,52.96,3.12,UKP_0004,0,2016
2016-10-21 15:00:00+00:00,0.0,0.0,20.52,54.45,3.1,UKP_0004,0,2016
2016-10-21 16:00:00+00:00,0.0,0.0,19.91,55.56,3.0,UKP_0004,0,2016
2016-10-21 17:00:00+00:00,0.0,0.0,19.55,55.85,2.92,UKP_0004,0,2016
2016-10-21 18:00:00+00:00,0.0,0.0,19.45,55.03,2.84,UKP_0004,0,2016
2016-10-21 19:00:00+00:00,0.0,0.0,19.61,53.11,2.71,UKP_0004,0,2016
2016-10-21 20:00:00+00:00,0.0,0.0,19.86,51.0,2.54,UKP_0004,0,2016
2016-10-21 21:00:00+00:00,0.0,0.0,20.02,49.37,2.33,UKP_0004,0,2016
2016-10-21 22:00:00+00:00,0.0,0.0,19.84,49.31,2.1,UKP_0004,0,2016
2016-10-21 23:00:00+00:00,0.0,0.0,20.04,47.6,1.99,UKP_0004,0,2016
2016-10-22 00:00:00+00:00,0.0,0.0,19.48,49.04,1.94,UKP_0004,0,2016
2016-10-22 01:00:00+00:00,74.28,82.28,19.09,52.87,1.92,UKP_0004,0,2016
2016-10-22 02:00:00+00:00,259.0,283.02,21.8,57.53,1.67,UKP_0004,0,2016
2016-10-22 03:00:00+00:00,465.9,487.17,25.03,38.9,2.32,UKP_0004,0,2016
2016-10-22 04:00:00+00:00,640.53,650.42,27.37,32.99,3.87,UKP_0004,0,2016
2016-10-22 05:00:00+00:00,752.47,752.5,29.25,29.79,4.99,UKP_0004,0,2016
2016-10-22 06:00:00+00:00,769.1,769.17,30.74,27.02,5.7,UKP_0004,0,2016
2016-10-22 07:00:00+00:00,726.67,726.78,31.46,25.81,5.86,UKP_0004,0,2016
2016-10-22 08:00:00+00:00,613.5,613.62,31.6,25.52,5.72,UKP_0004,0,2016
2016-10-22 09:00:00+00:00,436.95,441.85,31.22,26.47,5.25,UKP_0004,0,2016
2016-10-22 10:00:00+00:00,231.02,236.05,29.97,31.6,4.25,UKP_0004,0,2016
2016-10-22 11:00:00+00:00,52.83,53.4,26.39,46.89,2.91,UKP_0004,0,2016
2016-10-22 12:00:00+00:00,0.0,0.0,23.04,50.14,3.32,UKP_0004,0,2016
2016-10-22 13:00:00+00:00,0.0,0.0,21.88,51.07,3.42,UKP_0004,0,2016
2016-10-22 14:00:00+00:00,0.0,0.0,21.01,52.34,3.42,UKP_0004,0,2016
2016-10-22 15:00:00+00:00,0.0,0.0,20.25,53.63,3.4,UKP_0004,0,2016
2016-10-22 16:00:00+00:00,0.0,0.0,19.57,55.06,3.36,UKP_0004,0,2016
2016-10-22 17:00:00+00:00,0.0,0.0,18.99,56.3,3.33,UKP_0004,0,2016
2016-10-22 18:00:00+00:00,0.0,0.0,18.46,57.32,3.31,UKP_0004,0,2016
2016-10-22 19:00:00+00:00,0.0,0.0,18.02,58.17,3.32,UKP_0004,0,2016
2016-10-22 20:00:00+00:00,0.0,0.0,17.7,58.5,3.32,UKP_0004,0,2016
2016-10-22 21:00:00+00:00,0.0,0.0,17.48,58.52,3.3,UKP_0004,0,2016
2016-10-22 22:00:00+00:00,0.0,0.0,17.33,58.29,3.28,UKP_0004,0,2016
2016-10-22 23:00:00+00:00,0.0,0.0,17.14,58.36,3.28,UKP_0004,0,2016
2016-10-23 00:00:00+00:00,0.0,0.0,16.95,58.45,3.23,UKP_0004,0,2016
2016-10-23 01:00:00+00:00,69.62,73.53,17.5,58.72,3.03,UKP_0004,0,2016
2016-10-23 02:00:00+00:00,259.5,267.2,21.57,56.71,2.31,UKP_0004,0,2016
2016-10-23 03:00:00+00:00,455.4,462.9,25.35,38.01,2.73,UKP_0004,0,2016
2016-10-23 04:00:00+00:00,622.03,625.95,27.75,31.22,3.6,UKP_0004,0,2016
2016-10-23 05:00:00+00:00,726.53,728.0,29.62,27.85,4.71,UKP_0004,0,2016
2016-10-23 06:00:00+00:00,793.75,793.8,30.84,25.54,5.5,UKP_0004,0,2016
2016-10-23 07:00:00+00:00,753.6,753.6,31.29,24.57,5.76,UKP_0004,0,2016
2016-10-23 08:00:00+00:00,639.08,641.53,31.29,24.35,5.74,UKP_0004,0,2016
2016-10-23 09:00:00+00:00,464.98,468.58,30.95,25.22,5.44,UKP_0004,0,2016
2016-10-23 10:00:00+00:00,253.75,255.7,29.83,29.27,4.63,UKP_0004,0,2016
2016-10-23 11:00:00+00:00,55.83,56.6,26.26,44.05,3.07,UKP_0004,0,2016
2016-10-23 12:00:00+00:00,0.0,0.0,22.72,48.37,3.43,UKP_0004,0,2016
2016-10-23 13:00:00+00:00,0.0,0.0,21.51,49.27,3.52,UKP_0004,0,2016
2016-10-23 14:00:00+00:00,0.0,0.0,20.59,50.44,3.53,UKP_0004,0,2016
2016-10-23 15:00:00+00:00,0.0,0.0,19.76,52.18,3.45,UKP_0004,0,2016
2016-10-23 16:00:00+00:00,0.0,0.0,18.98,54.79,3.33,UKP_0004,0,2016
2016-10-23 17:00:00+00:00,0.0,0.0,18.39,56.99,3.22,UKP_0004,0,2016
2016-10-23 18:00:00+00:00,0.0,0.0,18.0,58.17,3.11,UKP_0004,0,2016
2016-10-23 19:00:00+00:00,0.0,0.0,17.82,58.36,2.98,UKP_0004,0,2016
2016-10-23 20:00:00+00:00,0.0,0.0,17.81,57.69,2.83,UKP_0004,0,2016
2016-10-23 21:00:00+00:00,0.0,0.0,17.78,57.09,2.72,UKP_0004,0,2016
2016-10-23 22:00:00+00:00,0.0,0.0,17.57,57.46,2.72,UKP_0004,0,2016
2016-10-23 23:00:00+00:00,0.0,0.0,17.29,58.11,2.77,UKP_0004,0,2016
2016-10-24 00:00:00+00:00,0.0,0.0,17.02,58.67,2.84,UKP_0004,0,2016
2016-10-24 01:00:00+00:00,69.0,73.07,17.33,59.44,2.83,UKP_0004,0,2016
2016-10-24 02:00:00+00:00,258.3,265.35,20.86,58.87,2.3,UKP_0004,0,2016
2016-10-24 03:00:00+00:00,464.58,467.7,24.59,40.13,3.29,UKP_0004,0,2016
2016-10-24 04:00:00+00:00,631.95,632.0,26.95,31.82,4.16,UKP_0004,0,2016
2016-10-24 05:00:00+00:00,734.03,734.05,28.85,27.89,4.74,UKP_0004,0,2016
2016-10-24 06:00:00+00:00,789.08,789.17,30.6,23.76,5.64,UKP_0004,0,2016
2016-10-24 07:00:00+00:00,742.62,742.78,31.33,22.16,5.95,UKP_0004,0,2016
2016-10-24 08:00:00+00:00,625.2,625.38,31.38,22.11,5.94,UKP_0004,0,2016
2016-10-24 09:00:00+00:00,442.08,448.23,30.86,23.6,5.57,UKP_0004,0,2016
2016-10-24 10:00:00+00:00,230.5,237.4,29.53,28.19,4.53,UKP_0004,0,2016
2016-10-24 11:00:00+00:00,47.62,50.6,25.71,43.11,3.02,UKP_0004,0,2016
2016-10-24 12:00:00+00:00,0.0,0.0,22.12,47.38,3.35,UKP_0004,0,2016
2016-10-24 13:00:00+00:00,0.0,0.0,21.05,48.33,3.28,UKP_0004,0,2016
2016-10-24 14:00:00+00:00,0.0,0.0,20.27,49.45,3.19,UKP_0004,0,2016
2016-10-24 15:00:00+00:00,0.0,0.0,19.53,50.63,3.13,UKP_0004,0,2016
2016-10-24 16:00:00+00:00,0.0,0.0,18.9,51.75,3.08,UKP_0004,0,2016
2016-10-24 17:00:00+00:00,0.0,0.0,18.39,52.62,3.04,UKP_0004,0,2016
2016-10-24 18:00:00+00:00,0.0,0.0,17.96,53.23,3.06,UKP_0004,0,2016
2016-10-24 19:00:00+00:00,0.0,0.0,17.65,53.2,3.1,UKP_0004,0,2016
2016-10-24 20:00:00+00:00,0.0,0.0,17.44,52.88,3.1,UKP_0004,0,2016
2016-10-24 21:00:00+00:00,0.0,0.0,17.53,51.18,2.99,UKP_0004,0,2016
2016-10-24 22:00:00+00:00,0.0,0.0,17.9,48.11,2.79,UKP_0004,0,2016
2016-10-24 23:00:00+00:00,0.0,0.0,18.14,45.54,2.6,UKP_0004,0,2016
2016-10-25 00:00:00+00:00,0.0,0.0,18.2,44.2,2.47,UKP_0004,0,2016
2016-10-25 01:00:00+00:00,67.95,71.68,18.52,45.02,2.38,UKP_0004,0,2016
2016-10-25 02:00:00+00:00,258.38,266.0,21.31,54.8,1.91,UKP_0004,0,2016
2016-10-25 03:00:00+00:00,456.95,469.6,25.6,31.87,1.94,UKP_0004,0,2016
2016-10-25 04:00:00+00:00,633.6,633.65,28.88,23.23,2.88,UKP_0004,0,2016
2016-10-25 05:00:00+00:00,734.35,738.05,30.39,22.29,3.82,UKP_0004,0,2016
2016-10-25 06:00:00+00:00,748.17,749.42,31.12,22.32,4.41,UKP_0004,0,2016
2016-10-25 07:00:00+00:00,697.5,715.2,31.4,22.86,4.89,UKP_0004,0,2016
2016-10-25 08:00:00+00:00,600.22,602.72,31.29,23.62,5.18,UKP_0004,0,2016
2016-10-25 09:00:00+00:00,430.55,439.92,30.76,24.93,5.05,UKP_0004,0,2016
2016-10-25 10:00:00+00:00,225.93,236.02,29.42,29.32,4.36,UKP_0004,0,2016
2016-10-25 11:00:00+00:00,47.88,49.75,25.82,46.24,2.73,UKP_0004,0,2016
2016-10-25 12:00:00+00:00,0.0,0.0,22.55,50.93,2.96,UKP_0004,0,2016
2016-10-25 13:00:00+00:00,0.0,0.0,21.51,51.6,2.92,UKP_0004,0,2016
2016-10-25 14:00:00+00:00,0.0,0.0,20.64,52.57,2.86,UKP_0004,0,2016
2016-10-25 15:00:00+00:00,0.0,0.0,19.83,53.55,2.81,UKP_0004,0,2016
2016-10-25 16:00:00+00:00,0.0,0.0,19.2,54.1,2.8,UKP_0004,0,2016
2016-10-25 17:00:00+00:00,0.0,0.0,18.86,53.7,2.75,UKP_0004,0,2016
2016-10-25 18:00:00+00:00,0.0,0.0,18.75,52.56,2.66,UKP_0004,0,2016
2016-10-25 19:00:00+00:00,0.0,0.0,18.67,51.61,2.58,UKP_0004,0,2016
2016-10-25 20:00:00+00:00,0.0,0.0,18.44,51.55,2.6,UKP_0004,0,2016
2016-10-25 21:00:00+00:00,0.0,0.0,18.25,51.44,2.61,UKP_0004,0,2016
2016-10-25 22:00:00+00:00,0.0,0.0,18.07,51.36,2.6,UKP_0004,0,2016
2016-10-25 23:00:00+00:00,0.0,0.0,17.8,51.58,2.61,UKP_0004,0,2016
2016-10-26 00:00:00+00:00,0.0,0.0,17.48,52.13,2.65,UKP_0004,0,2016
2016-10-26 01:00:00+00:00,61.85,70.12,17.69,53.01,2.61,UKP_0004,0,2016
2016-10-26 02:00:00+00:00,243.07,261.8,20.68,56.35,2.1,UKP_0004,0,2016
2016-10-26 03:00:00+00:00,455.92,459.85,24.82,36.69,1.5,UKP_0004,0,2016
2016-10-26 04:00:00+00:00,617.6,617.67,27.78,27.4,1.34,UKP_0004,0,2016
2016-10-26 05:00:00+00:00,716.72,716.95,29.7,23.95,2.86,UKP_0004,0,2016
2016-10-26 06:00:00+00:00,781.47,782.35,30.89,22.47,3.77,UKP_0004,0,2016
2016-10-26 07:00:00+00:00,733.4,737.8,31.41,21.83,4.3,UKP_0004,0,2016
2016-10-26 08:00:00+00:00,615.65,623.55,31.38,22.09,4.54,UKP_0004,0,2016
2016-10-26 09:00:00+00:00,435.23,451.35,31.04,22.69,4.39,UKP_0004,0,2016
2016-10-26 10:00:00+00:00,229.27,242.38,29.85,24.92,3.78,UKP_0004,0,2016
2016-10-26 11:00:00+00:00,46.6,49.9,25.96,43.95,2.49,UKP_0004,0,2016
2016-10-26 12:00:00+00:00,0.0,0.0,23.2,45.06,2.57,UKP_0004,0,2016
2016-10-26 13:00:00+00:00,0.0,0.0,22.53,43.96,2.39,UKP_0004,0,2016
2016-10-26 14:00:00+00:00,0.0,0.0,21.88,44.23,2.28,UKP_0004,0,2016
2016-10-26 15:00:00+00:00,0.0,0.0,20.86,46.98,2.32,UKP_0004,0,2016
2016-10-26 16:00:00+00:00,0.0,0.0,19.68,50.69,2.55,UKP_0004,0,2016
2016-10-26 17:00:00+00:00,0.0,0.0,18.88,52.93,2.71,UKP_0004,0,2016
2016-10-26 18:00:00+00:00,0.0,0.0,18.45,53.64,2.77,UKP_0004,0,2016
2016-10-26 19:00:00+00:00,0.0,0.0,18.24,53.76,2.75,UKP_0004,0,2016
2016-10-26 20:00:00+00:00,0.0,0.0,18.19,53.19,2.66,UKP_0004,0,2016
2016-10-26 21:00:00+00:00,0.0,0.0,18.21,52.23,2.52,UKP_0004,0,2016
2016-10-26 22:00:00+00:00,0.0,0.0,18.13,51.45,2.41,UKP_0004,0,2016
2016-10-26 23:00:00+00:00,0.0,0.0,18.03,50.74,2.35,UKP_0004,0,2016
2016-10-27 00:00:00+00:00,0.0,0.0,17.86,50.25,2.33,UKP_0004,0,2016
2016-10-27 01:00:00+00:00,75.7,87.8,18.14,50.3,2.19,UKP_0004,0,2016
2016-10-27 02:00:00+00:00,282.65,306.85,21.53,51.76,1.73,UKP_0004,0,2016
2016-10-27 03:00:00+00:00,493.33,513.38,25.49,33.29,1.11,UKP_0004,0,2016
2016-10-27 04:00:00+00:00,674.4,675.0,28.4,26.41,2.35,UKP_0004,0,2016
2016-10-27 05:00:00+00:00,774.0,774.6,29.91,24.45,3.29,UKP_0004,0,2016
2016-10-27 06:00:00+00:00,788.53,788.9,30.98,22.94,4.07,UKP_0004,0,2016
2016-10-27 07:00:00+00:00,746.22,747.88,31.51,22.27,4.57,UKP_0004,0,2016
2016-10-27 08:00:00+00:00,636.25,636.5,31.54,22.32,4.85,UKP_0004,0,2016
2016-10-27 09:00:00+00:00,460.58,466.05,31.01,23.3,4.74,UKP_0004,0,2016
2016-10-27 10:00:00+00:00,249.48,256.02,29.74,26.36,4.02,UKP_0004,0,2016
2016-10-27 11:00:00+00:00,51.15,52.35,25.85,43.68,2.63,UKP_0004,0,2016
2016-10-27 12:00:00+00:00,0.0,0.0,22.81,45.9,2.82,UKP_0004,0,2016
2016-10-27 13:00:00+00:00,0.0,0.0,21.98,45.31,2.7,UKP_0004,0,2016
2016-10-27 14:00:00+00:00,0.0,0.0,21.11,46.34,2.57,UKP_0004,0,2016
2016-10-27 15:00:00+00:00,0.0,0.0,20.04,49.12,2.54,UKP_0004,0,2016
2016-10-27 16:00:00+00:00,0.0,0.0,19.18,51.46,2.52,UKP_0004,0,2016
2016-10-27 17:00:00+00:00,0.0,0.0,18.86,51.63,2.44,UKP_0004,0,2016
2016-10-27 18:00:00+00:00,0.0,0.0,18.84,50.6,2.33,UKP_0004,0,2016
2016-10-27 19:00:00+00:00,0.0,0.0,18.96,49.21,2.17,UKP_0004,0,2016
2016-10-27 20:00:00+00:00,0.0,0.0,18.68,49.62,1.95,UKP_0004,0,2016
2016-10-27 21:00:00+00:00,0.0,0.0,18.44,49.85,1.83,UKP_0004,0,2016
2016-10-27 22:00:00+00:00,0.0,0.0,18.44,48.88,1.79,UKP_0004,0,2016
2016-10-27 23:00:00+00:00,0.0,0.0,18.22,48.89,1.74,UKP_0004,0,2016
2016-10-28 00:00:00+00:00,0.0,0.0,17.91,49.34,1.74,UKP_0004,0,2016
2016-10-28 01:00:00+00:00,74.03,76.5,17.62,52.05,1.75,UKP_0004,0,2016
2016-10-28 02:00:00+00:00,280.27,286.88,19.82,56.08,1.63,UKP_0004,0,2016
2016-10-28 03:00:00+00:00,487.05,492.38,22.8,39.46,1.3,UKP_0004,0,2016
2016-10-28 04:00:00+00:00,654.1,654.1,25.39,31.19,0.76,UKP_0004,0,2016
2016-10-28 05:00:00+00:00,754.35,754.47,27.62,26.66,1.73,UKP_0004,0,2016
2016-10-28 06:00:00+00:00,755.72,755.78,28.92,24.81,2.27,UKP_0004,0,2016
2016-10-28 07:00:00+00:00,712.83,713.03,29.54,23.88,2.41,UKP_0004,0,2016
2016-10-28 08:00:00+00:00,598.38,600.15,29.67,23.79,2.34,UKP_0004,0,2016
2016-10-28 09:00:00+00:00,413.25,433.8,29.38,24.44,2.15,UKP_0004,0,2016
2016-10-28 10:00:00+00:00,229.35,232.23,28.61,26.18,1.83,UKP_0004,0,2016
2016-10-28 11:00:00+00:00,43.08,44.8,26.03,40.43,1.48,UKP_0004,0,2016
2016-10-28 12:00:00+00:00,0.0,0.0,24.25,36.89,1.4,UKP_0004,0,2016
2016-10-28 13:00:00+00:00,0.0,0.0,23.92,35.09,0.97,UKP_0004,0,2016
2016-10-28 14:00:00+00:00,0.0,0.0,23.23,36.11,0.97,UKP_0004,0,2016
2016-10-28 15:00:00+00:00,0.0,0.0,22.01,39.49,1.47,UKP_0004,0,2016
2016-10-28 16:00:00+00:00,0.0,0.0,20.37,45.3,1.89,UKP_0004,0,2016
2016-10-28 17:00:00+00:00,0.0,0.0,19.42,48.53,2.26,UKP_0004,0,2016
2016-10-28 18:00:00+00:00,0.0,0.0,18.7,51.11,2.44,UKP_0004,0,2016
2016-10-28 19:00:00+00:00,0.0,0.0,18.25,52.41,2.52,UKP_0004,0,2016
2016-10-28 20:00:00+00:00,0.0,0.0,18.0,52.85,2.53,UKP_0004,0,2016
2016-10-28 21:00:00+00:00,0.0,0.0,17.8,52.97,2.56,UKP_0004,0,2016
2016-10-28 22:00:00+00:00,0.0,0.0,17.56,53.23,2.58,UKP_0004,0,2016
2016-10-28 23:00:00+00:00,0.0,0.0,17.28,53.64,2.57,UKP_0004,0,2016
2016-10-29 00:00:00+00:00,0.0,0.0,16.87,54.52,2.59,UKP_0004,0,2016
2016-10-29 01:00:00+00:00,60.47,66.35,16.77,56.14,2.6,UKP_0004,0,2016
2016-10-29 02:00:00+00:00,247.32,262.15,19.34,58.46,2.21,UKP_0004,0,2016
2016-10-29 03:00:00+00:00,446.58,461.52,23.25,41.19,2.18,UKP_0004,0,2016
2016-10-29 04:00:00+00:00,618.55,619.25,26.1,30.98,1.23,UKP_0004,0,2016
2016-10-29 05:00:00+00:00,711.28,716.53,27.85,26.5,1.23,UKP_0004,0,2016
2016-10-29 06:00:00+00:00,699.35,712.17,29.46,22.91,1.55,UKP_0004,0,2016
2016-10-29 07:00:00+00:00,651.4,669.1,29.98,22.1,2.0,UKP_0004,0,2016
2016-10-29 08:00:00+00:00,531.5,558.75,29.9,22.26,2.1,UKP_0004,0,2016
2016-10-29 09:00:00+00:00,364.83,394.25,29.43,23.24,1.86,UKP_0004,0,2016
2016-10-29 10:00:00+00:00,185.38,203.65,28.45,25.11,1.51,UKP_0004,0,2016
2016-10-29 11:00:00+00:00,33.88,37.33,26.19,36.21,1.09,UKP_0004,0,2016
2016-10-29 12:00:00+00:00,0.0,0.0,25.39,30.18,0.67,UKP_0004,0,2016
2016-10-29 13:00:00+00:00,0.0,0.0,24.49,31.56,0.52,UKP_0004,0,2016
2016-10-29 14:00:00+00:00,0.0,0.0,22.46,37.99,1.3,UKP_0004,0,2016
2016-10-29 15:00:00+00:00,0.0,0.0,20.58,44.31,2.11,UKP_0004,0,2016
2016-10-29 16:00:00+00:00,0.0,0.0,19.03,50.13,2.7,UKP_0004,0,2016
2016-10-29 17:00:00+00:00,0.0,0.0,18.07,53.53,2.98,UKP_0004,0,2016
2016-10-29 18:00:00+00:00,0.0,0.0,17.57,55.07,3.08,UKP_0004,0,2016
2016-10-29 19:00:00+00:00,0.0,0.0,17.31,55.33,3.11,UKP_0004,0,2016
2016-10-29 20:00:00+00:00,0.0,0.0,17.23,54.63,3.04,UKP_0004,0,2016
2016-10-29 21:00:00+00:00,0.0,0.0,17.33,52.93,2.86,UKP_0004,0,2016
2016-10-29 22:00:00+00:00,0.0,0.0,17.35,51.76,2.66,UKP_0004,0,2016
2016-10-29 23:00:00+00:00,0.0,0.0,17.19,51.44,2.53,UKP_0004,0,2016
2016-10-30 00:00:00+00:00,0.0,0.0,16.86,52.08,2.5,UKP_0004,0,2016
2016-10-30 01:00:00+00:00,51.3,62.75,16.81,53.68,2.51,UKP_0004,0,2016
2016-10-30 02:00:00+00:00,225.05,256.65,19.54,56.65,2.1,UKP_0004,0,2016
2016-10-30 03:00:00+00:00,421.05,455.8,23.58,37.68,2.07,UKP_0004,0,2016
2016-10-30 04:00:00+00:00,613.5,613.7,26.43,28.72,1.37,UKP_0004,0,2016
2016-10-30 05:00:00+00:00,712.92,713.6,28.17,26.54,1.76,UKP_0004,0,2016
2016-10-30 06:00:00+00:00,736.58,739.5,29.21,26.01,2.39,UKP_0004,0,2016
2016-10-30 07:00:00+00:00,690.78,695.12,29.35,26.72,2.71,UKP_0004,0,2016
2016-10-30 08:00:00+00:00,566.88,586.25,29.02,28.07,2.65,UKP_0004,0,2016
2016-10-30 09:00:00+00:00,399.45,421.42,28.52,29.69,2.28,UKP_0004,0,2016
2016-10-30 10:00:00+00:00,214.32,223.32,27.67,31.86,1.87,UKP_0004,0,2016
2016-10-30 11:00:00+00:00,39.08,40.67,25.38,46.39,1.44,UKP_0004,0,2016
2016-10-30 12:00:00+00:00,0.0,0.0,23.84,43.42,1.33,UKP_0004,0,2016
2016-10-30 13:00:00+00:00,0.0,0.0,23.86,40.66,0.91,UKP_0004,0,2016
2016-10-30 14:00:00+00:00,0.0,0.0,23.56,39.99,0.72,UKP_0004,0,2016
2016-10-30 15:00:00+00:00,0.0,0.0,22.16,43.95,1.27,UKP_0004,0,2016
2016-10-30 16:00:00+00:00,0.0,0.0,20.38,48.84,1.84,UKP_0004,0,2016
2016-10-30 17:00:00+00:00,0.0,0.0,19.25,52.8,2.27,UKP_0004,0,2016
2016-10-30 18:00:00+00:00,0.0,0.0,18.32,56.47,2.52,UKP_0004,0,2016
2016-10-30 19:00:00+00:00,0.0,0.0,17.7,59.01,2.64,UKP_0004,0,2016
2016-10-30 20:00:00+00:00,0.0,0.0,17.31,60.94,2.66,UKP_0004,0,2016
2016-10-30 21:00:00+00:00,0.0,0.0,17.04,61.9,2.56,UKP_0004,0,2016
2016-10-30 22:00:00+00:00,0.0,0.0,16.96,61.91,2.44,UKP_0004,0,2016
2016-10-30 23:00:00+00:00,0.0,0.0,16.75,62.7,2.38,UKP_0004,0,2016
2016-10-31 00:00:00+00:00,0.0,0.0,16.43,64.14,2.4,UKP_0004,0,2016
2016-10-31 01:00:00+00:00,65.3,67.7,16.49,65.46,2.45,UKP_0004,0,2016
2016-10-31 02:00:00+00:00,260.62,267.88,19.71,60.86,2.3,UKP_0004,0,2016
2016-10-31 03:00:00+00:00,457.3,464.38,22.58,48.73,2.58,UKP_0004,0,2016
2016-10-31 04:00:00+00:00,615.38,618.3,25.19,40.34,2.31,UKP_0004,0,2016
2016-10-31 05:00:00+00:00,712.72,712.8,27.23,35.1,2.28,UKP_0004,0,2016
2016-10-31 06:00:00+00:00,719.55,719.97,28.47,33.55,2.5,UKP_0004,0,2016
2016-10-31 07:00:00+00:00,678.42,680.25,29.07,33.33,2.51,UKP_0004,0,2016
2016-10-31 08:00:00+00:00,572.53,575.08,29.27,33.49,2.32,UKP_0004,0,2016
2016-10-31 09:00:00+00:00,405.25,411.7,28.96,34.23,2.06,UKP_0004,0,2016
2016-10-31 10:00:00+00:00,213.9,215.98,28.15,36.52,1.72,UKP_0004,0,2016
2016-10-31 11:00:00+00:00,36.78,38.9,25.86,49.23,1.36,UKP_0004,0,2016
2016-10-31 12:00:00+00:00,0.0,0.0,23.93,48.92,1.44,UKP_0004,0,2016
2016-10-31 13:00:00+00:00,0.0,0.0,22.99,50.07,1.32,UKP_0004,0,2016
2016-10-31 14:00:00+00:00,0.0,0.0,22.14,51.28,1.48,UKP_0004,0,2016
2016-10-31 15:00:00+00:00,0.0,0.0,21.03,53.59,1.86,UKP_0004,0,2016
2016-10-31 16:00:00+00:00,0.0,0.0,20.05,55.26,2.13,UKP_0004,0,2016
2016-10-31 17:00:00+00:00,0.0,0.0,19.38,55.51,2.23,UKP_0004,0,2016
2016-10-31 18:00:00+00:00,0.0,0.0,18.93,54.94,2.24,UKP_0004,0,2016
2016-10-31 19:00:00+00:00,0.0,0.0,18.6,54.1,2.22,UKP_0004,0,2016
2016-10-31 20:00:00+00:00,0.0,0.0,18.4,53.14,2.19,UKP_0004,0,2016
2016-10-31 21:00:00+00:00,0.0,0.0,18.36,51.94,2.11,UKP_0004,0,2016
2016-10-31 22:00:00+00:00,0.0,0.0,18.5,50.32,1.96,UKP_0004,0,2016
2016-10-31 23:00:00+00:00,0.0,0.0,18.51,49.64,1.74,UKP_0004,0,2016
2016-11-01 00:00:00+00:00,0.0,0.0,18.74,48.67,1.56,UKP_0004,0,2016
2016-11-01 01:00:00+00:00,53.55,61.33,19.02,48.92,1.51,UKP_0004,0,2016
2016-11-01 02:00:00+00:00,235.77,256.2,21.01,54.0,1.36,UKP_0004,0,2016
2016-11-01 03:00:00+00:00,429.62,455.27,24.75,35.88,0.56,UKP_0004,0,2016
2016-11-01 04:00:00+00:00,596.78,613.7,27.78,28.12,1.02,UKP_0004,0,2016
2016-11-01 05:00:00+00:00,713.0,713.15,29.31,26.63,1.79,UKP_0004,0,2016
2016-11-01 06:00:00+00:00,739.5,740.9,30.2,25.72,2.42,UKP_0004,0,2016
2016-11-01 07:00:00+00:00,696.08,702.95,30.69,25.01,2.92,UKP_0004,0,2016
2016-11-01 08:00:00+00:00,593.78,594.97,30.72,24.55,3.29,UKP_0004,0,2016
2016-11-01 09:00:00+00:00,427.7,430.27,30.19,25.14,3.29,UKP_0004,0,2016
2016-11-01 10:00:00+00:00,222.88,229.18,29.1,26.73,2.87,UKP_0004,0,2016
2016-11-01 11:00:00+00:00,39.95,41.1,25.45,44.51,2.13,UKP_0004,0,2016
2016-11-01 12:00:00+00:00,0.0,0.0,23.26,42.88,2.11,UKP_0004,0,2016
2016-11-01 13:00:00+00:00,0.0,0.0,22.72,41.24,1.79,UKP_0004,0,2016
2016-11-01 14:00:00+00:00,0.0,0.0,22.2,40.85,1.46,UKP_0004,0,2016
2016-11-01 15:00:00+00:00,0.0,0.0,21.45,41.93,1.53,UKP_0004,0,2016
2016-11-01 16:00:00+00:00,0.0,0.0,20.48,44.84,1.76,UKP_0004,0,2016
2016-11-01 17:00:00+00:00,0.0,0.0,19.55,47.77,1.99,UKP_0004,0,2016
2016-11-01 18:00:00+00:00,0.0,0.0,18.83,49.88,2.19,UKP_0004,0,2016
2016-11-01 19:00:00+00:00,0.0,0.0,18.43,50.69,2.29,UKP_0004,0,2016
2016-11-01 20:00:00+00:00,0.0,0.0,18.24,50.76,2.31,UKP_0004,0,2016
2016-11-01 21:00:00+00:00,0.0,0.0,18.1,50.68,2.31,UKP_0004,0,2016
2016-11-01 22:00:00+00:00,0.0,0.0,17.99,50.5,2.28,UKP_0004,0,2016
2016-11-01 23:00:00+00:00,0.0,0.0,17.94,50.14,2.18,UKP_0004,0,2016
2016-11-02 00:00:00+00:00,0.0,0.0,17.5,51.35,2.1,UKP_0004,0,2016
2016-11-02 01:00:00+00:00,56.78,65.53,17.75,51.43,2.11,UKP_0004,0,2016
2016-11-02 02:00:00+00:00,251.85,271.67,20.49,55.23,1.8,UKP_0004,0,2016
2016-11-02 03:00:00+00:00,455.83,475.02,24.59,35.92,1.23,UKP_0004,0,2016
2016-11-02 04:00:00+00:00,633.08,634.33,27.65,27.2,0.44,UKP_0004,0,2016
2016-11-02 05:00:00+00:00,730.88,733.42,29.15,25.69,1.12,UKP_0004,0,2016
2016-11-02 06:00:00+00:00,756.78,757.47,30.22,25.37,1.81,UKP_0004,0,2016
2016-11-02 07:00:00+00:00,717.25,718.95,30.68,25.57,2.25,UKP_0004,0,2016
2016-11-02 08:00:00+00:00,608.33,612.62,30.68,26.04,2.44,UKP_0004,0,2016
2016-11-02 09:00:00+00:00,435.0,449.35,30.18,26.92,2.37,UKP_0004,0,2016
2016-11-02 10:00:00+00:00,239.57,245.55,29.19,29.1,2.08,UKP_0004,0,2016
2016-11-02 11:00:00+00:00,41.67,45.33,26.29,44.68,1.65,UKP_0004,0,2016
2016-11-02 12:00:00+00:00,0.0,0.0,23.87,43.66,1.82,UKP_0004,0,2016
2016-11-02 13:00:00+00:00,0.0,0.0,23.3,42.11,1.57,UKP_0004,0,2016
2016-11-02 14:00:00+00:00,0.0,0.0,22.35,43.12,1.58,UKP_0004,0,2016
2016-11-02 15:00:00+00:00,0.0,0.0,20.88,46.82,1.98,UKP_0004,0,2016
2016-11-02 16:00:00+00:00,0.0,0.0,19.89,48.9,2.22,UKP_0004,0,2016
2016-11-02 17:00:00+00:00,0.0,0.0,19.41,49.83,2.27,UKP_0004,0,2016
2016-11-02 18:00:00+00:00,0.0,0.0,19.15,50.23,2.26,UKP_0004,0,2016
2016-11-02 19:00:00+00:00,0.0,0.0,18.9,50.66,2.28,UKP_0004,0,2016
2016-11-02 20:00:00+00:00,0.0,0.0,18.57,51.42,2.39,UKP_0004,0,2016
2016-11-02 21:00:00+00:00,0.0,0.0,18.3,51.99,2.49,UKP_0004,0,2016
2016-11-02 22:00:00+00:00,0.0,0.0,18.23,51.69,2.46,UKP_0004,0,2016
2016-11-02 23:00:00+00:00,0.0,0.0,18.38,50.63,2.32,UKP_0004,0,2016
2016-11-03 00:00:00+00:00,0.0,0.0,18.45,49.93,2.14,UKP_0004,0,2016
2016-11-03 01:00:00+00:00,59.1,69.2,18.59,50.85,1.92,UKP_0004,0,2016
2016-11-03 02:00:00+00:00,259.0,277.92,21.67,51.63,1.58,UKP_0004,0,2016
2016-11-03 03:00:00+00:00,460.02,477.67,25.18,34.78,0.71,UKP_0004,0,2016
2016-11-03 04:00:00+00:00,631.55,633.55,28.54,27.19,0.6,UKP_0004,0,2016
2016-11-03 05:00:00+00:00,730.97,730.97,29.98,26.04,0.92,UKP_0004,0,2016
2016-11-03 06:00:00+00:00,757.12,757.8,30.83,25.09,1.58,UKP_0004,0,2016
2016-11-03 07:00:00+00:00,718.38,718.55,31.16,24.9,2.1,UKP_0004,0,2016
2016-11-03 08:00:00+00:00,609.42,611.1,31.13,24.61,2.41,UKP_0004,0,2016
2016-11-03 09:00:00+00:00,428.12,445.62,30.54,25.41,2.37,UKP_0004,0,2016
2016-11-03 10:00:00+00:00,233.12,242.6,29.44,27.89,2.04,UKP_0004,0,2016
2016-11-03 11:00:00+00:00,40.22,43.72,26.39,44.15,1.66,UKP_0004,0,2016
2016-11-03 12:00:00+00:00,0.0,0.0,23.44,46.47,1.98,UKP_0004,0,2016
2016-11-03 13:00:00+00:00,0.0,0.0,22.75,46.0,1.73,UKP_0004,0,2016
2016-11-03 14:00:00+00:00,0.0,0.0,22.57,44.54,1.2,UKP_0004,0,2016
2016-11-03 15:00:00+00:00,0.0,0.0,22.0,45.13,0.68,UKP_0004,0,2016
2016-11-03 16:00:00+00:00,0.0,0.0,21.48,46.23,0.88,UKP_0004,0,2016
2016-11-03 17:00:00+00:00,0.0,0.0,20.56,48.53,1.33,UKP_0004,0,2016
2016-11-03 18:00:00+00:00,0.0,0.0,19.69,50.39,1.63,UKP_0004,0,2016
2016-11-03 19:00:00+00:00,0.0,0.0,18.7,53.0,1.77,UKP_0004,0,2016
2016-11-03 20:00:00+00:00,0.0,0.0,18.27,53.09,1.82,UKP_0004,0,2016
2016-11-03 21:00:00+00:00,0.0,0.0,18.14,52.23,1.73,UKP_0004,0,2016
2016-11-03 22:00:00+00:00,0.0,0.0,18.39,49.86,1.65,UKP_0004,0,2016
2016-11-03 23:00:00+00:00,0.0,0.0,18.22,49.05,1.56,UKP_0004,0,2016
2016-11-04 00:00:00+00:00,0.0,0.0,17.87,49.1,1.54,UKP_0004,0,2016
2016-11-04 01:00:00+00:00,55.25,59.12,17.36,52.14,1.57,UKP_0004,0,2016
2016-11-04 02:00:00+00:00,240.5,253.5,19.83,53.1,1.54,UKP_0004,0,2016
2016-11-04 03:00:00+00:00,431.05,446.52,22.96,38.52,0.82,UKP_0004,0,2016
2016-11-04 04:00:00+00:00,600.3,600.35,26.26,29.84,0.85,UKP_0004,0,2016
2016-11-04 05:00:00+00:00,695.58,695.78,28.29,26.11,1.42,UKP_0004,0,2016
2016-11-04 06:00:00+00:00,729.58,729.85,29.39,24.69,1.77,UKP_0004,0,2016
2016-11-04 07:00:00+00:00,677.53,679.05,30.0,24.03,2.01,UKP_0004,0,2016
2016-11-04 08:00:00+00:00,558.45,561.38,30.16,23.64,2.27,UKP_0004,0,2016
2016-11-04 09:00:00+00:00,383.98,390.8,29.8,24.04,2.44,UKP_0004,0,2016
2016-11-04 10:00:00+00:00,191.57,193.52,28.78,26.31,2.35,UKP_0004,0,2016
2016-11-04 11:00:00+00:00,29.12,30.45,25.6,43.44,1.84,UKP_0004,0,2016
2016-11-04 12:00:00+00:00,0.0,0.0,23.22,43.36,1.98,UKP_0004,0,2016
2016-11-04 13:00:00+00:00,0.0,0.0,22.4,41.71,1.84,UKP_0004,0,2016
2016-11-04 14:00:00+00:00,0.0,0.0,21.24,43.19,1.86,UKP_0004,0,2016
2016-11-04 15:00:00+00:00,0.0,0.0,20.23,45.46,1.85,UKP_0004,0,2016
2016-11-04 16:00:00+00:00,0.0,0.0,19.83,46.2,1.8,UKP_0004,0,2016
2016-11-04 17:00:00+00:00,0.0,0.0,19.43,47.3,1.8,UKP_0004,0,2016
2016-11-04 18:00:00+00:00,0.0,0.0,18.77,49.77,1.92,UKP_0004,0,2016
2016-11-04 19:00:00+00:00,0.0,0.0,17.79,53.52,2.13,UKP_0004,0,2016
2016-11-04 20:00:00+00:00,0.0,0.0,16.84,57.38,2.34,UKP_0004,0,2016
2016-11-04 21:00:00+00:00,0.0,0.0,16.05,60.59,2.52,UKP_0004,0,2016
2016-11-04 22:00:00+00:00,0.0,0.0,15.58,62.09,2.67,UKP_0004,0,2016
2016-11-04 23:00:00+00:00,0.0,0.0,15.34,62.53,2.73,UKP_0004,0,2016
2016-11-05 00:00:00+00:00,0.0,0.0,15.26,61.98,2.72,UKP_0004,0,2016
2016-11-05 01:00:00+00:00,38.83,42.2,15.6,60.76,2.59,UKP_0004,0,2016
2016-11-05 02:00:00+00:00,194.15,204.48,18.71,58.62,2.02,UKP_0004,0,2016
2016-11-05 03:00:00+00:00,385.5,395.0,22.47,41.71,1.64,UKP_0004,0,2016
2016-11-05 04:00:00+00:00,541.47,549.03,24.8,34.12,0.47,UKP_0004,0,2016
2016-11-05 05:00:00+00:00,650.65,650.75,27.09,29.13,1.33,UKP_0004,0,2016
2016-11-05 06:00:00+00:00,731.25,731.65,28.37,27.09,2.16,UKP_0004,0,2016
2016-11-05 07:00:00+00:00,691.22,697.28,28.79,26.41,2.71,UKP_0004,0,2016
2016-11-05 08:00:00+00:00,572.2,572.33,28.65,26.6,3.16,UKP_0004,0,2016
2016-11-05 09:00:00+00:00,407.98,410.45,28.1,27.94,3.47,UKP_0004,0,2016
2016-11-05 10:00:00+00:00,210.82,211.9,26.62,33.12,3.09,UKP_0004,0,2016
2016-11-05 11:00:00+00:00,32.58,33.05,22.83,49.47,2.51,UKP_0004,0,2016
2016-11-05 12:00:00+00:00,0.0,0.0,20.17,53.47,2.87,UKP_0004,0,2016
2016-11-05 13:00:00+00:00,0.0,0.0,19.37,54.36,2.87,UKP_0004,0,2016
2016-11-05 14:00:00+00:00,0.0,0.0,18.73,55.31,2.85,UKP_0004,0,2016
2016-11-05 15:00:00+00:00,0.0,0.0,18.23,56.2,2.78,UKP_0004,0,2016
2016-11-05 16:00:00+00:00,0.0,0.0,17.8,57.23,2.64,UKP_0004,0,2016
2016-11-05 17:00:00+00:00,0.0,0.0,17.52,57.79,2.51,UKP_0004,0,2016
2016-11-05 18:00:00+00:00,0.0,0.0,17.63,56.69,2.33,UKP_0004,0,2016
2016-11-05 19:00:00+00:00,0.0,0.0,17.91,54.64,2.11,UKP_0004,0,2016
2016-11-05 20:00:00+00:00,0.0,0.0,17.94,53.62,1.95,UKP_0004,0,2016
2016-11-05 21:00:00+00:00,0.0,0.0,17.58,54.08,1.88,UKP_0004,0,2016
2016-11-05 22:00:00+00:00,0.0,0.0,17.19,54.64,1.95,UKP_0004,0,2016
2016-11-05 23:00:00+00:00,0.0,0.0,16.69,55.52,2.08,UKP_0004,0,2016
2016-11-06 00:00:00+00:00,0.0,0.0,16.46,55.38,2.23,UKP_0004,0,2016
2016-11-06 01:00:00+00:00,46.72,48.67,16.22,56.28,2.38,UKP_0004,0,2016
2016-11-06 02:00:00+00:00,231.15,236.93,18.35,57.17,2.16,UKP_0004,0,2016
2016-11-06 03:00:00+00:00,428.38,434.77,22.13,43.06,2.19,UKP_0004,0,2016
2016-11-06 04:00:00+00:00,595.58,595.58,24.83,35.31,0.47,UKP_0004,0,2016
2016-11-06 05:00:00+00:00,696.72,696.92,27.01,29.89,1.95,UKP_0004,0,2016
2016-11-06 06:00:00+00:00,724.25,724.35,28.2,26.93,3.0,UKP_0004,0,2016
2016-11-06 07:00:00+00:00,681.45,683.9,28.8,25.16,3.77,UKP_0004,0,2016
2016-11-06 08:00:00+00:00,571.7,573.67,28.86,24.35,4.26,UKP_0004,0,2016
2016-11-06 09:00:00+00:00,399.8,406.95,28.52,24.71,4.4,UKP_0004,0,2016
2016-11-06 10:00:00+00:00,200.73,207.07,27.01,30.14,3.57,UKP_0004,0,2016
2016-11-06 11:00:00+00:00,30.48,31.77,22.84,45.28,2.83,UKP_0004,0,2016
2016-11-06 12:00:00+00:00,0.0,0.0,19.86,48.3,3.26,UKP_0004,0,2016
2016-11-06 13:00:00+00:00,0.0,0.0,18.86,49.09,3.36,UKP_0004,0,2016
2016-11-06 14:00:00+00:00,0.0,0.0,18.02,50.04,3.4,UKP_0004,0,2016
2016-11-06 15:00:00+00:00,0.0,0.0,17.26,51.26,3.43,UKP_0004,0,2016
2016-11-06 16:00:00+00:00,0.0,0.0,16.61,52.44,3.43,UKP_0004,0,2016
2016-11-06 17:00:00+00:00,0.0,0.0,16.06,53.55,3.43,UKP_0004,0,2016
2016-11-06 18:00:00+00:00,0.0,0.0,15.61,54.5,3.41,UKP_0004,0,2016
2016-11-06 19:00:00+00:00,0.0,0.0,15.3,55.14,3.4,UKP_0004,0,2016
2016-11-06 20:00:00+00:00,0.0,0.0,15.09,55.51,3.36,UKP_0004,0,2016
2016-11-06 21:00:00+00:00,0.0,0.0,15.09,54.96,3.24,UKP_0004,0,2016
2016-11-06 22:00:00+00:00,0.0,0.0,15.38,53.06,3.05,UKP_0004,0,2016
2016-11-06 23:00:00+00:00,0.0,0.0,15.82,50.47,2.83,UKP_0004,0,2016
2016-11-07 00:00:00+00:00,0.0,0.0,16.19,48.55,2.63,UKP_0004,0,2016
2016-11-07 01:00:00+00:00,36.4,41.28,16.52,47.65,2.43,UKP_0004,0,2016
2016-11-07 02:00:00+00:00,190.68,208.2,18.45,51.21,2.07,UKP_0004,0,2016
2016-11-07 03:00:00+00:00,375.73,399.3,22.14,38.93,2.15,UKP_0004,0,2016
2016-11-07 04:00:00+00:00,561.08,561.38,24.47,29.52,3.34,UKP_0004,0,2016
2016-11-07 05:00:00+00:00,675.62,675.67,26.28,25.63,4.34,UKP_0004,0,2016
2016-11-07 06:00:00+00:00,740.55,741.08,28.0,22.17,5.13,UKP_0004,0,2016
2016-11-07 07:00:00+00:00,707.55,707.65,28.62,20.8,5.65,UKP_0004,0,2016
2016-11-07 08:00:00+00:00,598.3,603.5,28.54,20.56,5.95,UKP_0004,0,2016
2016-11-07 09:00:00+00:00,433.4,438.42,28.04,21.61,5.8,UKP_0004,0,2016
2016-11-07 10:00:00+00:00,229.5,232.02,26.63,27.29,4.53,UKP_0004,0,2016
2016-11-07 11:00:00+00:00,35.88,36.55,22.51,40.2,3.2,UKP_0004,0,2016
2016-11-07 12:00:00+00:00,0.0,0.0,19.39,44.81,3.56,UKP_0004,0,2016
2016-11-07 13:00:00+00:00,0.0,0.0,18.4,46.23,3.58,UKP_0004,0,2016
2016-11-07 14:00:00+00:00,0.0,0.0,17.48,48.24,3.44,UKP_0004,0,2016
2016-11-07 15:00:00+00:00,0.0,0.0,16.56,50.98,3.27,UKP_0004,0,2016
2016-11-07 16:00:00+00:00,0.0,0.0,15.84,53.03,3.14,UKP_0004,0,2016
2016-11-07 17:00:00+00:00,0.0,0.0,15.3,54.08,3.1,UKP_0004,0,2016
2016-11-07 18:00:00+00:00,0.0,0.0,14.9,54.46,3.15,UKP_0004,0,2016
2016-11-07 19:00:00+00:00,0.0,0.0,14.49,55.25,3.18,UKP_0004,0,2016
2016-11-07 20:00:00+00:00,0.0,0.0,14.21,55.29,3.21,UKP_0004,0,2016
2016-11-07 21:00:00+00:00,0.0,0.0,13.93,55.42,3.19,UKP_0004,0,2016
2016-11-07 22:00:00+00:00,0.0,0.0,13.72,55.29,3.13,UKP_0004,0,2016
2016-11-07 23:00:00+00:00,0.0,0.0,13.62,54.57,2.96,UKP_0004,0,2016
2016-11-08 00:00:00+00:00,0.0,0.0,13.76,52.52,2.61,UKP_0004,0,2016
2016-11-08 01:00:00+00:00,55.62,62.5,14.3,50.36,2.19,UKP_0004,0,2016
2016-11-08 02:00:00+00:00,270.62,277.42,17.19,52.59,1.62,UKP_0004,0,2016
2016-11-08 03:00:00+00:00,466.88,480.23,21.33,34.46,1.51,UKP_0004,0,2016
2016-11-08 04:00:00+00:00,638.38,638.45,24.17,27.83,0.85,UKP_0004,0,2016
2016-11-08 05:00:00+00:00,736.3,736.38,26.38,24.36,1.37,UKP_0004,0,2016
2016-11-08 06:00:00+00:00,742.55,742.65,27.61,22.7,2.54,UKP_0004,0,2016
2016-11-08 07:00:00+00:00,696.47,696.53,28.32,21.65,3.2,UKP_0004,0,2016
2016-11-08 08:00:00+00:00,584.35,584.42,28.42,21.27,3.29,UKP_0004,0,2016
2016-11-08 09:00:00+00:00,416.5,417.1,27.9,22.21,2.83,UKP_0004,0,2016
2016-11-08 10:00:00+00:00,218.25,218.93,26.3,31.89,1.78,UKP_0004,0,2016
2016-11-08 11:00:00+00:00,32.28,32.4,23.89,36.76,1.52,UKP_0004,0,2016
2016-11-08 12:00:00+00:00,0.0,0.0,22.69,32.32,1.31,UKP_0004,0,2016
2016-11-08 13:00:00+00:00,0.0,0.0,21.85,32.91,0.97,UKP_0004,0,2016
2016-11-08 14:00:00+00:00,0.0,0.0,20.14,36.58,1.15,UKP_0004,0,2016
2016-11-08 15:00:00+00:00,0.0,0.0,18.92,40.26,1.62,UKP_0004,0,2016
2016-11-08 16:00:00+00:00,0.0,0.0,18.12,42.24,1.9,UKP_0004,0,2016
2016-11-08 17:00:00+00:00,0.0,0.0,17.76,42.35,2.17,UKP_0004,0,2016
2016-11-08 18:00:00+00:00,0.0,0.0,17.05,43.96,2.42,UKP_0004,0,2016
2016-11-08 19:00:00+00:00,0.0,0.0,16.47,45.25,2.58,UKP_0004,0,2016
2016-11-08 20:00:00+00:00,0.0,0.0,16.07,45.89,2.63,UKP_0004,0,2016
2016-11-08 21:00:00+00:00,0.0,0.0,15.88,45.49,2.53,UKP_0004,0,2016
2016-11-08 22:00:00+00:00,0.0,0.0,15.92,44.34,2.3,UKP_0004,0,2016
2016-11-08 23:00:00+00:00,0.0,0.0,16.12,42.85,1.87,UKP_0004,0,2016
2016-11-09 00:00:00+00:00,0.0,0.0,16.56,40.69,1.43,UKP_0004,0,2016
2016-11-09 01:00:00+00:00,49.35,53.8,16.25,42.55,1.41,UKP_0004,0,2016
2016-11-09 02:00:00+00:00,245.82,258.98,17.12,51.08,1.66,UKP_0004,0,2016
2016-11-09 03:00:00+00:00,443.6,460.33,20.42,38.21,2.5,UKP_0004,0,2016
2016-11-09 04:00:00+00:00,619.75,620.47,22.99,31.51,2.38,UKP_0004,0,2016
2016-11-09 05:00:00+00:00,716.33,716.38,25.29,27.07,1.84,UKP_0004,0,2016
2016-11-09 06:00:00+00:00,727.42,728.38,27.34,23.24,1.55,UKP_0004,0,2016
2016-11-09 07:00:00+00:00,680.2,680.28,28.84,20.02,1.88,UKP_0004,0,2016
2016-11-09 08:00:00+00:00,567.9,567.9,29.18,19.27,2.28,UKP_0004,0,2016
2016-11-09 09:00:00+00:00,401.7,402.65,28.76,20.05,2.38,UKP_0004,0,2016
2016-11-09 10:00:00+00:00,203.35,204.15,27.27,26.89,1.96,UKP_0004,0,2016
2016-11-09 11:00:00+00:00,29.02,29.17,23.5,40.3,2.04,UKP_0004,0,2016
2016-11-09 12:00:00+00:00,0.0,0.0,21.65,35.91,2.05,UKP_0004,0,2016
2016-11-09 13:00:00+00:00,0.0,0.0,21.4,33.43,1.49,UKP_0004,0,2016
2016-11-09 14:00:00+00:00,0.0,0.0,20.82,33.38,0.83,UKP_0004,0,2016
2016-11-09 15:00:00+00:00,0.0,0.0,20.3,33.69,1.05,UKP_0004,0,2016
2016-11-09 16:00:00+00:00,0.0,0.0,19.3,35.98,1.39,UKP_0004,0,2016
2016-11-09 17:00:00+00:00,0.0,0.0,18.5,37.38,1.58,UKP_0004,0,2016
2016-11-09 18:00:00+00:00,0.0,0.0,17.96,38.35,1.64,UKP_0004,0,2016
2016-11-09 19:00:00+00:00,0.0,0.0,17.67,38.97,1.58,UKP_0004,0,2016
2016-11-09 20:00:00+00:00,0.0,0.0,17.38,39.6,1.48,UKP_0004,0,2016
2016-11-09 21:00:00+00:00,0.0,0.0,16.86,40.5,1.54,UKP_0004,0,2016
2016-11-09 22:00:00+00:00,0.0,0.0,15.64,43.86,1.76,UKP_0004,0,2016
2016-11-09 23:00:00+00:00,0.0,0.0,14.71,46.29,2.11,UKP_0004,0,2016
2016-11-10 00:00:00+00:00,0.0,0.0,13.63,49.97,2.51,UKP_0004,0,2016
2016-11-10 01:00:00+00:00,44.65,47.78,12.91,53.67,2.87,UKP_0004,0,2016
2016-11-10 02:00:00+00:00,236.32,244.7,15.93,52.28,2.78,UKP_0004,0,2016
2016-11-10 03:00:00+00:00,435.48,443.27,20.4,38.07,3.73,UKP_0004,0,2016
2016-11-10 04:00:00+00:00,602.8,604.03,23.4,29.7,3.0,UKP_0004,0,2016
2016-11-10 05:00:00+00:00,701.38,701.45,25.67,24.5,2.12,UKP_0004,0,2016
2016-11-10 06:00:00+00:00,725.15,725.78,27.16,21.56,1.86,UKP_0004,0,2016
2016-11-10 07:00:00+00:00,677.28,679.22,28.0,20.01,2.27,UKP_0004,0,2016
2016-11-10 08:00:00+00:00,566.47,567.35,28.13,19.55,2.61,UKP_0004,0,2016
2016-11-10 09:00:00+00:00,389.7,404.1,27.57,20.45,2.56,UKP_0004,0,2016
2016-11-10 10:00:00+00:00,200.62,205.55,25.95,28.47,1.99,UKP_0004,0,2016
2016-11-10 11:00:00+00:00,28.33,29.05,22.86,38.05,1.77,UKP_0004,0,2016
2016-11-10 12:00:00+00:00,0.0,0.0,21.35,32.92,1.51,UKP_0004,0,2016
2016-11-10 13:00:00+00:00,0.0,0.0,21.31,30.07,1.06,UKP_0004,0,2016
2016-11-10 14:00:00+00:00,0.0,0.0,20.55,30.43,1.1,UKP_0004,0,2016
2016-11-10 15:00:00+00:00,0.0,0.0,19.49,32.43,1.4,UKP_0004,0,2016
2016-11-10 16:00:00+00:00,0.0,0.0,18.61,34.19,1.59,UKP_0004,0,2016
2016-11-10 17:00:00+00:00,0.0,0.0,17.85,35.93,1.76,UKP_0004,0,2016
2016-11-10 18:00:00+00:00,0.0,0.0,17.29,36.91,1.83,UKP_0004,0,2016
2016-11-10 19:00:00+00:00,0.0,0.0,16.93,37.19,1.82,UKP_0004,0,2016
2016-11-10 20:00:00+00:00,0.0,0.0,16.73,37.25,1.73,UKP_0004,0,2016
2016-11-10 21:00:00+00:00,0.0,0.0,16.45,37.57,1.68,UKP_0004,0,2016
2016-11-10 22:00:00+00:00,0.0,0.0,15.85,38.95,1.72,UKP_0004,0,2016
2016-11-10 23:00:00+00:00,0.0,0.0,15.1,40.88,1.78,UKP_0004,0,2016
2016-11-11 00:00:00+00:00,0.0,0.0,14.87,41.06,1.93,UKP_0004,0,2016
2016-11-11 01:00:00+00:00,35.62,38.12,14.73,41.73,2.08,UKP_0004,0,2016
2016-11-11 02:00:00+00:00,208.18,209.95,16.58,45.03,2.01,UKP_0004,0,2016
2016-11-11 03:00:00+00:00,388.38,399.38,20.84,35.79,1.87,UKP_0004,0,2016
2016-11-11 04:00:00+00:00,553.38,558.17,23.92,23.75,1.03,UKP_0004,0,2016
2016-11-11 05:00:00+00:00,656.65,657.25,26.12,20.0,0.78,UKP_0004,0,2016
2016-11-11 06:00:00+00:00,722.03,722.17,28.01,18.34,1.4,UKP_0004,0,2016
2016-11-11 07:00:00+00:00,677.83,679.83,28.76,18.13,2.11,UKP_0004,0,2016
2016-11-11 08:00:00+00:00,553.97,571.78,28.82,18.64,2.38,UKP_0004,0,2016
2016-11-11 09:00:00+00:00,395.92,408.35,28.28,20.0,2.24,UKP_0004,0,2016
2016-11-11 10:00:00+00:00,202.2,209.27,26.99,24.92,1.71,UKP_0004,0,2016
2016-11-11 11:00:00+00:00,28.67,29.65,23.6,38.64,1.69,UKP_0004,0,2016
2016-11-11 12:00:00+00:00,0.0,0.0,21.67,34.28,1.7,UKP_0004,0,2016
2016-11-11 13:00:00+00:00,0.0,0.0,20.9,33.75,1.39,UKP_0004,0,2016
2016-11-11 14:00:00+00:00,0.0,0.0,20.21,34.25,1.35,UKP_0004,0,2016
2016-11-11 15:00:00+00:00,0.0,0.0,19.11,36.62,1.83,UKP_0004,0,2016
2016-11-11 16:00:00+00:00,0.0,0.0,17.67,40.4,2.39,UKP_0004,0,2016
2016-11-11 17:00:00+00:00,0.0,0.0,16.59,43.76,2.78,UKP_0004,0,2016
2016-11-11 18:00:00+00:00,0.0,0.0,15.96,45.54,2.99,UKP_0004,0,2016
2016-11-11 19:00:00+00:00,0.0,0.0,15.77,45.74,3.06,UKP_0004,0,2016
2016-11-11 20:00:00+00:00,0.0,0.0,15.72,44.81,3.05,UKP_0004,0,2016
2016-11-11 21:00:00+00:00,0.0,0.0,16.07,42.78,2.87,UKP_0004,0,2016
2016-11-11 22:00:00+00:00,0.0,0.0,16.41,40.6,2.66,UKP_0004,0,2016
2016-11-11 23:00:00+00:00,0.0,0.0,16.6,38.89,2.44,UKP_0004,0,2016
2016-11-12 00:00:00+00:00,0.0,0.0,16.44,38.4,2.21,UKP_0004,0,2016
2016-11-12 01:00:00+00:00,40.83,46.28,16.4,38.36,1.94,UKP_0004,0,2016
2016-11-12 02:00:00+00:00,234.23,241.7,18.69,43.44,1.6,UKP_0004,0,2016
2016-11-12 03:00:00+00:00,427.92,437.27,22.66,28.42,0.84,UKP_0004,0,2016
2016-11-12 04:00:00+00:00,591.47,593.0,25.72,21.2,0.9,UKP_0004,0,2016
2016-11-12 05:00:00+00:00,688.42,688.42,27.59,20.38,1.53,UKP_0004,0,2016
2016-11-12 06:00:00+00:00,729.8,730.58,28.74,20.35,2.15,UKP_0004,0,2016
2016-11-12 07:00:00+00:00,690.15,690.2,29.27,20.64,2.6,UKP_0004,0,2016
2016-11-12 08:00:00+00:00,581.12,581.38,29.26,21.21,2.79,UKP_0004,0,2016
2016-11-12 09:00:00+00:00,409.05,415.02,28.62,22.68,2.7,UKP_0004,0,2016
2016-11-12 10:00:00+00:00,205.15,211.05,27.28,27.65,2.2,UKP_0004,0,2016
2016-11-12 11:00:00+00:00,27.73,28.7,23.63,43.19,1.98,UKP_0004,0,2016
2016-11-12 12:00:00+00:00,0.0,0.0,21.82,40.03,2.05,UKP_0004,0,2016
2016-11-12 13:00:00+00:00,0.0,0.0,21.4,38.9,1.82,UKP_0004,0,2016
2016-11-12 14:00:00+00:00,0.0,0.0,20.84,38.33,1.58,UKP_0004,0,2016
2016-11-12 15:00:00+00:00,0.0,0.0,19.88,39.68,1.5,UKP_0004,0,2016
2016-11-12 16:00:00+00:00,0.0,0.0,18.92,41.21,1.77,UKP_0004,0,2016
2016-11-12 17:00:00+00:00,0.0,0.0,18.06,42.35,2.15,UKP_0004,0,2016
2016-11-12 18:00:00+00:00,0.0,0.0,17.29,43.89,2.46,UKP_0004,0,2016
2016-11-12 19:00:00+00:00,0.0,0.0,16.73,45.21,2.61,UKP_0004,0,2016
2016-11-12 20:00:00+00:00,0.0,0.0,16.55,45.21,2.62,UKP_0004,0,2016
2016-11-12 21:00:00+00:00,0.0,0.0,16.82,43.3,2.44,UKP_0004,0,2016
2016-11-12 22:00:00+00:00,0.0,0.0,17.19,40.63,2.09,UKP_0004,0,2016
2016-11-12 23:00:00+00:00,0.0,0.0,17.11,39.81,1.96,UKP_0004,0,2016
2016-11-13 00:00:00+00:00,0.0,0.0,16.99,39.09,1.9,UKP_0004,0,2016
2016-11-13 01:00:00+00:00,35.62,38.65,16.91,38.75,1.84,UKP_0004,0,2016
2016-11-13 02:00:00+00:00,210.45,220.62,18.47,42.65,1.67,UKP_0004,0,2016
2016-11-13 03:00:00+00:00,408.08,414.88,21.85,33.91,1.52,UKP_0004,0,2016
2016-11-13 04:00:00+00:00,571.92,571.92,24.91,22.68,1.34,UKP_0004,0,2016
2016-11-13 05:00:00+00:00,671.83,672.38,26.98,19.44,1.83,UKP_0004,0,2016
2016-11-13 06:00:00+00:00,715.7,716.72,28.58,17.65,2.34,UKP_0004,0,2016
2016-11-13 07:00:00+00:00,676.33,678.42,29.31,16.83,2.74,UKP_0004,0,2016
2016-11-13 08:00:00+00:00,571.08,571.35,29.33,16.87,2.93,UKP_0004,0,2016
2016-11-13 09:00:00+00:00,403.05,407.3,28.82,18.04,3.01,UKP_0004,0,2016
2016-11-13 10:00:00+00:00,202.73,206.2,27.2,24.27,2.51,UKP_0004,0,2016
2016-11-13 11:00:00+00:00,27.0,27.5,22.67,41.7,2.45,UKP_0004,0,2016
2016-11-13 12:00:00+00:00,0.0,0.0,20.24,40.47,2.66,UKP_0004,0,2016
2016-11-13 13:00:00+00:00,0.0,0.0,19.61,40.26,2.47,UKP_0004,0,2016
2016-11-13 14:00:00+00:00,0.0,0.0,18.67,41.91,2.38,UKP_0004,0,2016
2016-11-13 15:00:00+00:00,0.0,0.0,17.7,44.25,2.42,UKP_0004,0,2016
2016-11-13 16:00:00+00:00,0.0,0.0,16.97,45.87,2.5,UKP_0004,0,2016
2016-11-13 17:00:00+00:00,0.0,0.0,16.44,46.52,2.58,UKP_0004,0,2016
2016-11-13 18:00:00+00:00,0.0,0.0,16.15,46.52,2.58,UKP_0004,0,2016
2016-11-13 19:00:00+00:00,0.0,0.0,16.17,45.34,2.46,UKP_0004,0,2016
2016-11-13 20:00:00+00:00,0.0,0.0,16.35,43.47,2.27,UKP_0004,0,2016
2016-11-13 21:00:00+00:00,0.0,0.0,16.47,41.88,2.12,UKP_0004,0,2016
2016-11-13 22:00:00+00:00,0.0,0.0,16.16,41.94,1.97,UKP_0004,0,2016
2016-11-13 23:00:00+00:00,0.0,0.0,16.04,41.49,1.92,UKP_0004,0,2016
2016-11-14 00:00:00+00:00,0.0,0.0,15.77,41.54,1.95,UKP_0004,0,2016
2016-11-14 01:00:00+00:00,33.3,36.4,15.59,41.96,1.97,UKP_0004,0,2016
2016-11-14 02:00:00+00:00,208.9,213.25,17.78,45.82,1.77,UKP_0004,0,2016
2016-11-14 03:00:00+00:00,398.67,405.45,21.65,32.61,1.67,UKP_0004,0,2016
2016-11-14 04:00:00+00:00,561.72,562.5,24.38,26.68,2.22,UKP_0004,0,2016
2016-11-14 05:00:00+00:00,661.38,661.42,26.78,23.66,3.27,UKP_0004,0,2016
2016-11-14 06:00:00+00:00,691.38,691.42,27.98,22.24,3.67,UKP_0004,0,2016
2016-11-14 07:00:00+00:00,649.17,649.25,28.46,21.65,3.93,UKP_0004,0,2016
2016-11-14 08:00:00+00:00,540.42,540.47,28.42,21.6,4.09,UKP_0004,0,2016
2016-11-14 09:00:00+00:00,371.92,376.4,27.8,22.72,4.03,UKP_0004,0,2016
2016-11-14 10:00:00+00:00,178.5,182.62,26.14,29.12,3.08,UKP_0004,0,2016
2016-11-14 11:00:00+00:00,22.9,23.42,21.85,44.99,2.69,UKP_0004,0,2016
2016-11-14 12:00:00+00:00,0.0,0.0,19.18,46.97,3.03,UKP_0004,0,2016
2016-11-14 13:00:00+00:00,0.0,0.0,18.29,47.83,3.0,UKP_0004,0,2016
2016-11-14 14:00:00+00:00,0.0,0.0,17.38,49.41,2.92,UKP_0004,0,2016
2016-11-14 15:00:00+00:00,0.0,0.0,16.51,51.32,2.92,UKP_0004,0,2016
2016-11-14 16:00:00+00:00,0.0,0.0,15.83,52.75,2.94,UKP_0004,0,2016
2016-11-14 17:00:00+00:00,0.0,0.0,15.31,53.82,2.93,UKP_0004,0,2016
2016-11-14 18:00:00+00:00,0.0,0.0,14.93,54.59,2.89,UKP_0004,0,2016
2016-11-14 19:00:00+00:00,0.0,0.0,14.67,54.94,2.83,UKP_0004,0,2016
2016-11-14 20:00:00+00:00,0.0,0.0,14.61,54.48,2.74,UKP_0004,0,2016
2016-11-14 21:00:00+00:00,0.0,0.0,14.7,53.4,2.62,UKP_0004,0,2016
2016-11-14 22:00:00+00:00,0.0,0.0,14.87,52.07,2.49,UKP_0004,0,2016
2016-11-14 23:00:00+00:00,0.0,0.0,15.02,50.77,2.39,UKP_0004,0,2016
2016-11-15 00:00:00+00:00,0.0,0.0,15.05,49.88,2.31,UKP_0004,0,2016
2016-11-15 01:00:00+00:00,29.52,30.2,15.2,49.17,2.2,UKP_0004,0,2016
2016-11-15 02:00:00+00:00,182.77,186.4,17.19,52.49,1.85,UKP_0004,0,2016
2016-11-15 03:00:00+00:00,370.95,374.42,21.2,37.25,1.77,UKP_0004,0,2016
2016-11-15 04:00:00+00:00,525.12,526.42,23.81,29.67,2.45,UKP_0004,0,2016
2016-11-15 05:00:00+00:00,627.55,628.3,25.69,26.37,3.27,UKP_0004,0,2016
2016-11-15 06:00:00+00:00,684.42,684.65,26.75,24.7,3.51,UKP_0004,0,2016
2016-11-15 07:00:00+00:00,647.65,647.75,27.33,23.85,3.68,UKP_0004,0,2016
2016-11-15 08:00:00+00:00,542.97,543.03,27.37,23.64,3.77,UKP_0004,0,2016
2016-11-15 09:00:00+00:00,378.9,382.95,26.94,24.32,3.72,UKP_0004,0,2016
2016-11-15 10:00:00+00:00,184.15,189.48,25.45,30.19,2.93,UKP_0004,0,2016
2016-11-15 11:00:00+00:00,23.33,23.95,21.25,46.11,2.59,UKP_0004,0,2016
2016-11-15 12:00:00+00:00,0.0,0.0,18.67,47.84,2.9,UKP_0004,0,2016
2016-11-15 13:00:00+00:00,0.0,0.0,17.83,48.25,2.9,UKP_0004,0,2016
2016-11-15 14:00:00+00:00,0.0,0.0,16.9,49.26,3.02,UKP_0004,0,2016
2016-11-15 15:00:00+00:00,0.0,0.0,16.06,50.29,3.14,UKP_0004,0,2016
2016-11-15 16:00:00+00:00,0.0,0.0,15.36,51.45,3.15,UKP_0004,0,2016
2016-11-15 17:00:00+00:00,0.0,0.0,14.79,52.62,3.13,UKP_0004,0,2016
2016-11-15 18:00:00+00:00,0.0,0.0,14.39,53.32,3.07,UKP_0004,0,2016
2016-11-15 19:00:00+00:00,0.0,0.0,14.18,53.27,3.0,UKP_0004,0,2016
2016-11-15 20:00:00+00:00,0.0,0.0,14.05,52.73,2.94,UKP_0004,0,2016
2016-11-15 21:00:00+00:00,0.0,0.0,13.94,52.02,2.88,UKP_0004,0,2016
2016-11-15 22:00:00+00:00,0.0,0.0,13.87,50.98,2.78,UKP_0004,0,2016
2016-11-15 23:00:00+00:00,0.0,0.0,13.88,49.48,2.69,UKP_0004,0,2016
2016-11-16 00:00:00+00:00,0.0,0.0,13.94,47.84,2.54,UKP_0004,0,2016
2016-11-16 01:00:00+00:00,34.4,35.8,14.13,46.52,2.39,UKP_0004,0,2016
2016-11-16 02:00:00+00:00,218.43,221.8,16.29,50.13,1.96,UKP_0004,0,2016
2016-11-16 03:00:00+00:00,414.38,419.3,20.35,34.36,1.97,UKP_0004,0,2016
2016-11-16 04:00:00+00:00,577.97,578.42,23.31,26.88,3.05,UKP_0004,0,2016
2016-11-16 05:00:00+00:00,677.88,677.97,25.43,23.86,3.89,UKP_0004,0,2016
2016-11-16 06:00:00+00:00,703.1,703.17,26.88,22.06,4.19,UKP_0004,0,2016
2016-11-16 07:00:00+00:00,662.58,662.6,27.67,21.08,4.6,UKP_0004,0,2016
2016-11-16 08:00:00+00:00,556.4,556.4,27.8,20.82,4.88,UKP_0004,0,2016
2016-11-16 09:00:00+00:00,393.1,394.88,27.27,21.59,4.93,UKP_0004,0,2016
2016-11-16 10:00:00+00:00,195.65,197.8,25.61,27.03,3.95,UKP_0004,0,2016
2016-11-16 11:00:00+00:00,24.45,24.75,21.07,41.3,2.95,UKP_0004,0,2016
2016-11-16 12:00:00+00:00,0.0,0.0,18.17,45.07,3.2,UKP_0004,0,2016
2016-11-16 13:00:00+00:00,0.0,0.0,17.21,46.01,3.09,UKP_0004,0,2016
2016-11-16 14:00:00+00:00,0.0,0.0,16.3,47.18,3.01,UKP_0004,0,2016
2016-11-16 15:00:00+00:00,0.0,0.0,15.57,48.31,2.88,UKP_0004,0,2016
2016-11-16 16:00:00+00:00,0.0,0.0,15.08,48.86,2.74,UKP_0004,0,2016
2016-11-16 17:00:00+00:00,0.0,0.0,14.78,48.79,2.67,UKP_0004,0,2016
2016-11-16 18:00:00+00:00,0.0,0.0,14.57,48.51,2.68,UKP_0004,0,2016
2016-11-16 19:00:00+00:00,0.0,0.0,14.38,47.86,2.75,UKP_0004,0,2016
2016-11-16 20:00:00+00:00,0.0,0.0,14.18,47.5,2.81,UKP_0004,0,2016
2016-11-16 21:00:00+00:00,0.0,0.0,13.97,47.16,2.82,UKP_0004,0,2016
2016-11-16 22:00:00+00:00,0.0,0.0,13.76,46.7,2.76,UKP_0004,0,2016
2016-11-16 23:00:00+00:00,0.0,0.0,13.49,46.3,2.66,UKP_0004,0,2016
2016-11-17 00:00:00+00:00,0.0,0.0,13.15,46.11,2.56,UKP_0004,0,2016
2016-11-17 01:00:00+00:00,35.08,40.28,12.89,46.39,2.47,UKP_0004,0,2016
2016-11-17 02:00:00+00:00,231.38,238.65,15.56,49.13,2.06,UKP_0004,0,2016
2016-11-17 03:00:00+00:00,420.73,437.67,19.76,31.81,2.03,UKP_0004,0,2016
2016-11-17 04:00:00+00:00,595.17,595.33,22.54,25.74,2.59,UKP_0004,0,2016
2016-11-17 05:00:00+00:00,691.65,692.17,24.81,22.64,3.73,UKP_0004,0,2016
2016-11-17 06:00:00+00:00,710.85,710.85,26.58,19.87,4.57,UKP_0004,0,2016
2016-11-17 07:00:00+00:00,667.45,667.47,27.54,18.34,5.14,UKP_0004,0,2016
2016-11-17 08:00:00+00:00,558.88,559.47,27.82,17.73,5.38,UKP_0004,0,2016
2016-11-17 09:00:00+00:00,394.98,396.12,27.47,18.13,5.19,UKP_0004,0,2016
2016-11-17 10:00:00+00:00,199.68,200.98,25.72,25.33,3.51,UKP_0004,0,2016
2016-11-17 11:00:00+00:00,24.58,24.75,21.06,39.6,2.82,UKP_0004,0,2016
2016-11-17 12:00:00+00:00,0.0,0.0,18.7,39.64,2.89,UKP_0004,0,2016
2016-11-17 13:00:00+00:00,0.0,0.0,18.09,39.03,2.62,UKP_0004,0,2016
2016-11-17 14:00:00+00:00,0.0,0.0,17.19,40.52,2.43,UKP_0004,0,2016
2016-11-17 15:00:00+00:00,0.0,0.0,16.47,42.35,2.32,UKP_0004,0,2016
2016-11-17 16:00:00+00:00,0.0,0.0,16.25,42.45,2.16,UKP_0004,0,2016
2016-11-17 17:00:00+00:00,0.0,0.0,16.28,41.36,1.95,UKP_0004,0,2016
2016-11-17 18:00:00+00:00,0.0,0.0,16.15,41.11,1.74,UKP_0004,0,2016
2016-11-17 19:00:00+00:00,0.0,0.0,15.74,42.11,1.53,UKP_0004,0,2016
2016-11-17 20:00:00+00:00,0.0,0.0,15.45,42.45,1.36,UKP_0004,0,2016
2016-11-17 21:00:00+00:00,0.0,0.0,15.06,42.79,1.41,UKP_0004,0,2016
2016-11-17 22:00:00+00:00,0.0,0.0,14.48,43.56,1.56,UKP_0004,0,2016
2016-11-17 23:00:00+00:00,0.0,0.0,14.15,43.54,1.42,UKP_0004,0,2016
2016-11-18 00:00:00+00:00,0.0,0.0,14.17,42.53,1.13,UKP_0004,0,2016
2016-11-18 01:00:00+00:00,32.92,36.95,14.11,42.43,1.01,UKP_0004,0,2016
2016-11-18 02:00:00+00:00,213.05,229.6,15.1,46.65,0.97,UKP_0004,0,2016
2016-11-18 03:00:00+00:00,407.15,427.48,18.08,37.48,0.9,UKP_0004,0,2016
2016-11-18 04:00:00+00:00,570.58,584.62,20.43,30.04,0.74,UKP_0004,0,2016
2016-11-18 05:00:00+00:00,681.95,681.95,22.6,26.46,1.17,UKP_0004,0,2016
2016-11-18 06:00:00+00:00,680.1,680.12,24.42,23.53,2.13,UKP_0004,0,2016
2016-11-18 07:00:00+00:00,635.97,636.03,25.55,21.79,3.07,UKP_0004,0,2016
2016-11-18 08:00:00+00:00,526.6,526.62,26.0,20.82,3.56,UKP_0004,0,2016
2016-11-18 09:00:00+00:00,364.05,367.5,25.85,21.0,3.73,UKP_0004,0,2016
2016-11-18 10:00:00+00:00,175.93,177.4,24.06,29.69,2.77,UKP_0004,0,2016
2016-11-18 11:00:00+00:00,20.52,21.12,19.81,42.71,2.68,UKP_0004,0,2016
2016-11-18 12:00:00+00:00,0.0,0.0,17.76,42.05,2.8,UKP_0004,0,2016
2016-11-18 13:00:00+00:00,0.0,0.0,17.17,41.44,2.62,UKP_0004,0,2016
2016-11-18 14:00:00+00:00,0.0,0.0,16.28,42.85,2.63,UKP_0004,0,2016
2016-11-18 15:00:00+00:00,0.0,0.0,15.88,43.19,2.56,UKP_0004,0,2016
2016-11-18 16:00:00+00:00,0.0,0.0,16.0,42.18,2.33,UKP_0004,0,2016
2016-11-18 17:00:00+00:00,0.0,0.0,16.35,40.17,2.04,UKP_0004,0,2016
2016-11-18 18:00:00+00:00,0.0,0.0,16.43,39.96,1.69,UKP_0004,0,2016
2016-11-18 19:00:00+00:00,0.0,0.0,16.93,38.38,1.54,UKP_0004,0,2016
2016-11-18 20:00:00+00:00,0.0,0.0,16.65,39.38,1.55,UKP_0004,0,2016
2016-11-18 21:00:00+00:00,0.0,0.0,16.19,41.13,1.63,UKP_0004,0,2016
2016-11-18 22:00:00+00:00,0.0,0.0,15.79,42.18,1.65,UKP_0004,0,2016
2016-11-18 23:00:00+00:00,0.0,0.0,15.54,42.59,1.55,UKP_0004,0,2016
2016-11-19 00:00:00+00:00,0.0,0.0,15.38,42.25,1.4,UKP_0004,0,2016
2016-11-19 01:00:00+00:00,24.48,27.7,15.37,41.59,1.17,UKP_0004,0,2016
2016-11-19 02:00:00+00:00,179.2,193.1,16.41,44.87,0.83,UKP_0004,0,2016
2016-11-19 03:00:00+00:00,363.73,382.2,19.04,38.04,0.48,UKP_0004,0,2016
2016-11-19 04:00:00+00:00,529.08,539.42,21.49,28.57,0.86,UKP_0004,0,2016
2016-11-19 05:00:00+00:00,636.7,637.25,23.63,24.44,2.11,UKP_0004,0,2016
2016-11-19 06:00:00+00:00,662.95,663.72,25.08,22.1,2.97,UKP_0004,0,2016
2016-11-19 07:00:00+00:00,615.83,616.75,26.03,20.54,3.67,UKP_0004,0,2016
2016-11-19 08:00:00+00:00,503.95,507.2,26.38,19.88,3.93,UKP_0004,0,2016
2016-11-19 09:00:00+00:00,348.1,350.95,25.96,21.3,3.47,UKP_0004,0,2016
2016-11-19 10:00:00+00:00,161.12,161.68,23.69,36.79,2.05,UKP_0004,0,2016
2016-11-19 11:00:00+00:00,18.55,18.85,21.55,35.5,1.73,UKP_0004,0,2016
2016-11-19 12:00:00+00:00,0.0,0.0,21.01,29.34,1.17,UKP_0004,0,2016
2016-11-19 13:00:00+00:00,0.0,0.0,20.89,28.88,0.69,UKP_0004,0,2016
2016-11-19 14:00:00+00:00,0.0,0.0,19.43,31.97,1.38,UKP_0004,0,2016
2016-11-19 15:00:00+00:00,0.0,0.0,17.39,37.91,1.91,UKP_0004,0,2016
2016-11-19 16:00:00+00:00,0.0,0.0,16.52,40.24,2.15,UKP_0004,0,2016
2016-11-19 17:00:00+00:00,0.0,0.0,15.64,43.45,2.37,UKP_0004,0,2016
2016-11-19 18:00:00+00:00,0.0,0.0,14.74,46.4,2.64,UKP_0004,0,2016
2016-11-19 19:00:00+00:00,0.0,0.0,14.17,48.04,2.86,UKP_0004,0,2016
2016-11-19 20:00:00+00:00,0.0,0.0,14.01,47.95,2.94,UKP_0004,0,2016
2016-11-19 21:00:00+00:00,0.0,0.0,14.15,46.92,2.79,UKP_0004,0,2016
2016-11-19 22:00:00+00:00,0.0,0.0,14.22,46.13,2.56,UKP_0004,0,2016
2016-11-19 23:00:00+00:00,0.0,0.0,14.03,46.33,2.36,UKP_0004,0,2016
2016-11-20 00:00:00+00:00,0.0,0.0,13.66,47.28,2.26,UKP_0004,0,2016
2016-11-20 01:00:00+00:00,22.05,23.12,13.36,48.37,2.23,UKP_0004,0,2016
2016-11-20 02:00:00+00:00,162.9,164.05,14.8,50.31,2.12,UKP_0004,0,2016
2016-11-20 03:00:00+00:00,340.25,343.9,18.9,40.95,2.17,UKP_0004,0,2016
2016-11-20 04:00:00+00:00,487.75,487.75,21.87,29.4,1.38,UKP_0004,0,2016
2016-11-20 05:00:00+00:00,590.72,592.35,24.35,23.41,0.28,UKP_0004,0,2016
2016-11-20 06:00:00+00:00,670.97,671.83,26.29,20.52,1.57,UKP_0004,0,2016
2016-11-20 07:00:00+00:00,631.08,631.5,27.03,19.8,2.36,UKP_0004,0,2016
2016-11-20 08:00:00+00:00,522.47,523.25,27.09,19.92,2.58,UKP_0004,0,2016
2016-11-20 09:00:00+00:00,358.05,362.3,26.59,21.0,2.67,UKP_0004,0,2016
2016-11-20 10:00:00+00:00,170.65,171.35,24.78,30.68,2.09,UKP_0004,0,2016
2016-11-20 11:00:00+00:00,18.95,19.8,21.33,40.0,1.94,UKP_0004,0,2016
2016-11-20 12:00:00+00:00,0.0,0.0,20.09,34.72,1.65,UKP_0004,0,2016
2016-11-20 13:00:00+00:00,0.0,0.0,20.07,32.59,0.99,UKP_0004,0,2016
2016-11-20 14:00:00+00:00,0.0,0.0,19.55,32.99,0.97,UKP_0004,0,2016
2016-11-20 15:00:00+00:00,0.0,0.0,18.05,36.71,1.53,UKP_0004,0,2016
2016-11-20 16:00:00+00:00,0.0,0.0,16.42,41.37,2.06,UKP_0004,0,2016
2016-11-20 17:00:00+00:00,0.0,0.0,15.26,45.63,2.48,UKP_0004,0,2016
2016-11-20 18:00:00+00:00,0.0,0.0,14.38,48.56,2.8,UKP_0004,0,2016
2016-11-20 19:00:00+00:00,0.0,0.0,14.03,49.56,2.99,UKP_0004,0,2016
2016-11-20 20:00:00+00:00,0.0,0.0,14.15,48.68,2.96,UKP_0004,0,2016
2016-11-20 21:00:00+00:00,0.0,0.0,14.82,45.77,2.58,UKP_0004,0,2016
2016-11-20 22:00:00+00:00,0.0,0.0,15.38,43.27,2.04,UKP_0004,0,2016
2016-11-20 23:00:00+00:00,0.0,0.0,15.77,41.26,1.65,UKP_0004,0,2016
2016-11-21 00:00:00+00:00,0.0,0.0,16.05,39.7,1.45,UKP_0004,0,2016
2016-11-21 01:00:00+00:00,23.38,26.35,15.84,40.09,1.43,UKP_0004,0,2016
2016-11-21 02:00:00+00:00,187.15,192.25,16.88,42.01,1.44,UKP_0004,0,2016
2016-11-21 03:00:00+00:00,374.33,384.58,20.0,36.03,1.38,UKP_0004,0,2016
2016-11-21 04:00:00+00:00,544.72,545.88,22.6,26.73,1.82,UKP_0004,0,2016
2016-11-21 05:00:00+00:00,650.03,650.05,24.69,23.46,2.71,UKP_0004,0,2016
2016-11-21 06:00:00+00:00,689.33,689.58,26.59,20.63,3.71,UKP_0004,0,2016
2016-11-21 07:00:00+00:00,653.85,654.28,27.53,19.33,4.48,UKP_0004,0,2016
2016-11-21 08:00:00+00:00,536.6,536.97,27.74,18.91,4.81,UKP_0004,0,2016
2016-11-21 09:00:00+00:00,377.05,377.38,27.1,20.18,4.55,UKP_0004,0,2016
2016-11-21 10:00:00+00:00,183.73,183.93,24.73,31.23,2.8,UKP_0004,0,2016
2016-11-21 11:00:00+00:00,21.2,21.2,20.16,42.4,2.94,UKP_0004,0,2016
2016-11-21 12:00:00+00:00,0.0,0.0,17.66,43.74,3.18,UKP_0004,0,2016
2016-11-21 13:00:00+00:00,0.0,0.0,16.69,44.75,3.18,UKP_0004,0,2016
2016-11-21 14:00:00+00:00,0.0,0.0,15.73,46.3,3.25,UKP_0004,0,2016
2016-11-21 15:00:00+00:00,0.0,0.0,15.06,47.54,3.21,UKP_0004,0,2016
2016-11-21 16:00:00+00:00,0.0,0.0,14.64,48.65,3.07,UKP_0004,0,2016
2016-11-21 17:00:00+00:00,0.0,0.0,14.49,48.74,2.92,UKP_0004,0,2016
2016-11-21 18:00:00+00:00,0.0,0.0,14.69,47.43,2.71,UKP_0004,0,2016
2016-11-21 19:00:00+00:00,0.0,0.0,15.18,45.04,2.42,UKP_0004,0,2016
2016-11-21 20:00:00+00:00,0.0,0.0,15.45,43.63,2.1,UKP_0004,0,2016
2016-11-21 21:00:00+00:00,0.0,0.0,15.49,42.8,1.88,UKP_0004,0,2016
2016-11-21 22:00:00+00:00,0.0,0.0,15.87,40.82,1.79,UKP_0004,0,2016
2016-11-21 23:00:00+00:00,0.0,0.0,15.33,41.56,1.77,UKP_0004,0,2016
2016-11-22 00:00:00+00:00,0.0,0.0,14.42,43.25,2.0,UKP_0004,0,2016
2016-11-22 01:00:00+00:00,22.73,24.42,14.11,43.56,2.31,UKP_0004,0,2016
2016-11-22 02:00:00+00:00,177.07,186.32,15.77,47.85,2.26,UKP_0004,0,2016
2016-11-22 03:00:00+00:00,367.02,375.83,20.33,33.98,2.35,UKP_0004,0,2016
2016-11-22 04:00:00+00:00,531.78,531.8,23.42,25.45,3.57,UKP_0004,0,2016
2016-11-22 05:00:00+00:00,633.53,633.53,25.96,21.99,5.13,UKP_0004,0,2016
2016-11-22 06:00:00+00:00,688.95,688.95,27.99,19.3,6.21,UKP_0004,0,2016
2016-11-22 07:00:00+00:00,650.58,650.58,29.23,17.78,6.61,UKP_0004,0,2016
2016-11-22 08:00:00+00:00,545.55,547.83,29.68,16.97,6.66,UKP_0004,0,2016
2016-11-22 09:00:00+00:00,385.2,388.73,29.19,17.68,6.43,UKP_0004,0,2016
2016-11-22 10:00:00+00:00,191.98,194.9,27.12,23.22,4.75,UKP_0004,0,2016
2016-11-22 11:00:00+00:00,22.2,22.62,21.89,35.17,3.61,UKP_0004,0,2016
2016-11-22 12:00:00+00:00,0.0,0.0,18.62,40.17,3.83,UKP_0004,0,2016
2016-11-22 13:00:00+00:00,0.0,0.0,17.51,42.08,3.75,UKP_0004,0,2016
2016-11-22 14:00:00+00:00,0.0,0.0,16.5,44.3,3.64,UKP_0004,0,2016
2016-11-22 15:00:00+00:00,0.0,0.0,15.64,46.73,3.47,UKP_0004,0,2016
2016-11-22 16:00:00+00:00,0.0,0.0,15.08,48.1,3.28,UKP_0004,0,2016
2016-11-22 17:00:00+00:00,0.0,0.0,14.74,48.43,3.13,UKP_0004,0,2016
2016-11-22 18:00:00+00:00,0.0,0.0,14.55,48.26,2.98,UKP_0004,0,2016
2016-11-22 19:00:00+00:00,0.0,0.0,14.7,46.85,2.72,UKP_0004,0,2016
2016-11-22 20:00:00+00:00,0.0,0.0,15.23,44.19,2.33,UKP_0004,0,2016
2016-11-22 21:00:00+00:00,0.0,0.0,15.52,42.32,2.0,UKP_0004,0,2016
2016-11-22 22:00:00+00:00,0.0,0.0,15.52,41.26,1.79,UKP_0004,0,2016
2016-11-22 23:00:00+00:00,0.0,0.0,15.4,40.61,1.58,UKP_0004,0,2016
2016-11-23 00:00:00+00:00,0.0,0.0,14.97,41.05,1.36,UKP_0004,0,2016
2016-11-23 01:00:00+00:00,24.92,26.95,15.27,39.49,1.12,UKP_0004,0,2016
2016-11-23 02:00:00+00:00,197.25,203.93,17.04,40.74,0.89,UKP_0004,0,2016
2016-11-23 03:00:00+00:00,386.5,398.83,19.61,35.11,0.6,UKP_0004,0,2016
2016-11-23 04:00:00+00:00,546.6,557.33,22.26,29.38,0.6,UKP_0004,0,2016
2016-11-23 05:00:00+00:00,657.15,657.25,24.6,26.42,1.9,UKP_0004,0,2016
2016-11-23 06:00:00+00:00,670.8,670.85,26.53,23.91,2.87,UKP_0004,0,2016
2016-11-23 07:00:00+00:00,615.3,634.2,28.19,21.18,3.42,UKP_0004,0,2016
2016-11-23 08:00:00+00:00,521.85,529.6,28.82,19.69,3.93,UKP_0004,0,2016
2016-11-23 09:00:00+00:00,360.2,368.4,28.28,20.24,4.22,UKP_0004,0,2016
2016-11-23 10:00:00+00:00,171.95,175.07,26.05,31.26,2.61,UKP_0004,0,2016
2016-11-23 11:00:00+00:00,19.17,19.33,22.1,40.39,2.36,UKP_0004,0,2016
2016-11-23 12:00:00+00:00,0.0,0.0,20.54,36.95,2.24,UKP_0004,0,2016
2016-11-23 13:00:00+00:00,0.0,0.0,19.88,36.78,1.93,UKP_0004,0,2016
2016-11-23 14:00:00+00:00,0.0,0.0,19.0,37.82,1.86,UKP_0004,0,2016
2016-11-23 15:00:00+00:00,0.0,0.0,17.71,41.02,2.23,UKP_0004,0,2016
2016-11-23 16:00:00+00:00,0.0,0.0,16.65,44.28,2.55,UKP_0004,0,2016
2016-11-23 17:00:00+00:00,0.0,0.0,16.1,46.01,2.67,UKP_0004,0,2016
2016-11-23 18:00:00+00:00,0.0,0.0,15.93,46.25,2.63,UKP_0004,0,2016
2016-11-23 19:00:00+00:00,0.0,0.0,15.61,46.58,2.74,UKP_0004,0,2016
2016-11-23 20:00:00+00:00,0.0,0.0,15.39,46.87,2.83,UKP_0004,0,2016
2016-11-23 21:00:00+00:00,0.0,0.0,15.25,46.11,2.81,UKP_0004,0,2016
2016-11-23 22:00:00+00:00,0.0,0.0,14.9,46.51,2.83,UKP_0004,0,2016
2016-11-23 23:00:00+00:00,0.0,0.0,14.64,47.67,2.94,UKP_0004,0,2016
2016-11-24 00:00:00+00:00,0.0,0.0,13.9,48.07,3.01,UKP_0004,0,2016
2016-11-24 01:00:00+00:00,19.1,21.6,13.49,47.69,2.91,UKP_0004,0,2016
2016-11-24 02:00:00+00:00,165.6,177.52,16.07,49.1,2.33,UKP_0004,0,2016
2016-11-24 03:00:00+00:00,349.5,365.65,20.4,33.99,2.31,UKP_0004,0,2016
2016-11-24 04:00:00+00:00,520.22,524.65,23.39,27.31,2.39,UKP_0004,0,2016
2016-11-24 05:00:00+00:00,626.05,627.45,26.1,22.9,3.41,UKP_0004,0,2016
2016-11-24 06:00:00+00:00,683.0,684.2,27.95,19.7,4.01,UKP_0004,0,2016
2016-11-24 07:00:00+00:00,649.22,649.72,28.85,17.74,4.36,UKP_0004,0,2016
2016-11-24 08:00:00+00:00,547.62,548.4,29.04,16.64,4.57,UKP_0004,0,2016
2016-11-24 09:00:00+00:00,389.38,390.3,28.63,16.87,4.58,UKP_0004,0,2016
2016-11-24 10:00:00+00:00,194.62,195.27,26.65,23.87,3.36,UKP_0004,0,2016
2016-11-24 11:00:00+00:00,22.3,22.38,21.61,36.88,3.1,UKP_0004,0,2016
2016-11-24 12:00:00+00:00,0.0,0.0,18.84,38.94,3.43,UKP_0004,0,2016
2016-11-24 13:00:00+00:00,0.0,0.0,17.9,39.58,3.49,UKP_0004,0,2016
2016-11-24 14:00:00+00:00,0.0,0.0,17.0,40.62,3.54,UKP_0004,0,2016
2016-11-24 15:00:00+00:00,0.0,0.0,16.2,42.42,3.5,UKP_0004,0,2016
2016-11-24 16:00:00+00:00,0.0,0.0,15.48,44.69,3.4,UKP_0004,0,2016
2016-11-24 17:00:00+00:00,0.0,0.0,14.93,46.57,3.32,UKP_0004,0,2016
2016-11-24 18:00:00+00:00,0.0,0.0,14.56,47.49,3.29,UKP_0004,0,2016
2016-11-24 19:00:00+00:00,0.0,0.0,14.2,48.01,3.38,UKP_0004,0,2016
2016-11-24 20:00:00+00:00,0.0,0.0,13.77,48.66,3.54,UKP_0004,0,2016
2016-11-24 21:00:00+00:00,0.0,0.0,13.42,49.16,3.68,UKP_0004,0,2016
2016-11-24 22:00:00+00:00,0.0,0.0,13.13,49.57,3.76,UKP_0004,0,2016
2016-11-24 23:00:00+00:00,0.0,0.0,12.86,49.93,3.79,UKP_0004,0,2016
2016-11-25 00:00:00+00:00,0.0,0.0,12.58,50.44,3.8,UKP_0004,0,2016
2016-11-25 01:00:00+00:00,23.7,25.95,12.54,50.49,3.73,UKP_0004,0,2016
2016-11-25 02:00:00+00:00,198.25,205.93,16.14,45.01,3.31,UKP_0004,0,2016
2016-11-25 03:00:00+00:00,390.12,401.52,20.73,32.04,3.9,UKP_0004,0,2016
2016-11-25 04:00:00+00:00,547.25,557.67,23.95,25.25,4.27,UKP_0004,0,2016
2016-11-25 05:00:00+00:00,657.2,657.2,26.92,20.8,5.22,UKP_0004,0,2016
2016-11-25 06:00:00+00:00,680.28,680.33,28.91,18.23,5.85,UKP_0004,0,2016
2016-11-25 07:00:00+00:00,645.33,645.4,30.37,16.28,6.39,UKP_0004,0,2016
2016-11-25 08:00:00+00:00,545.33,545.33,31.01,15.47,6.63,UKP_0004,0,2016
2016-11-25 09:00:00+00:00,389.52,389.77,30.75,16.15,6.38,UKP_0004,0,2016
2016-11-25 10:00:00+00:00,195.5,195.88,28.75,21.87,4.5,UKP_0004,0,2016
2016-11-25 11:00:00+00:00,22.83,22.88,23.55,32.56,3.71,UKP_0004,0,2016
2016-11-25 12:00:00+00:00,0.0,0.0,20.64,35.34,4.17,UKP_0004,0,2016
2016-11-25 13:00:00+00:00,0.0,0.0,19.68,36.17,4.25,UKP_0004,0,2016
2016-11-25 14:00:00+00:00,0.0,0.0,18.54,38.42,4.04,UKP_0004,0,2016
2016-11-25 15:00:00+00:00,0.0,0.0,17.35,41.81,3.62,UKP_0004,0,2016
2016-11-25 16:00:00+00:00,0.0,0.0,16.43,44.24,3.33,UKP_0004,0,2016
2016-11-25 17:00:00+00:00,0.0,0.0,15.7,45.66,3.18,UKP_0004,0,2016
2016-11-25 18:00:00+00:00,0.0,0.0,15.11,46.52,3.14,UKP_0004,0,2016
2016-11-25 19:00:00+00:00,0.0,0.0,14.7,47.02,3.12,UKP_0004,0,2016
2016-11-25 20:00:00+00:00,0.0,0.0,14.56,46.79,3.0,UKP_0004,0,2016
2016-11-25 21:00:00+00:00,0.0,0.0,14.61,45.98,2.82,UKP_0004,0,2016
2016-11-25 22:00:00+00:00,0.0,0.0,14.77,44.86,2.43,UKP_0004,0,2016
2016-11-25 23:00:00+00:00,0.0,0.0,14.97,43.56,1.75,UKP_0004,0,2016
2016-11-26 00:00:00+00:00,0.0,0.0,15.1,42.78,1.17,UKP_0004,0,2016
2016-11-26 01:00:00+00:00,22.77,23.9,14.61,45.52,1.71,UKP_0004,0,2016
2016-11-26 02:00:00+00:00,195.88,197.62,15.97,49.05,2.15,UKP_0004,0,2016
2016-11-26 03:00:00+00:00,373.88,390.8,19.57,36.94,3.46,UKP_0004,0,2016
2016-11-26 04:00:00+00:00,532.3,547.92,22.37,32.9,4.02,UKP_0004,0,2016
2016-11-26 05:00:00+00:00,618.47,646.85,24.58,29.95,3.54,UKP_0004,0,2016
2016-11-26 06:00:00+00:00,614.53,640.15,25.87,28.14,2.8,UKP_0004,0,2016
2016-11-26 07:00:00+00:00,572.22,607.08,26.71,26.93,2.25,UKP_0004,0,2016
2016-11-26 08:00:00+00:00,496.2,510.38,27.08,26.29,1.95,UKP_0004,0,2016
2016-11-26 09:00:00+00:00,341.73,358.92,26.8,26.67,1.66,UKP_0004,0,2016
2016-11-26 10:00:00+00:00,169.77,174.73,25.59,33.27,1.18,UKP_0004,0,2016
2016-11-26 11:00:00+00:00,18.98,19.38,23.13,39.0,1.02,UKP_0004,0,2016
2016-11-26 12:00:00+00:00,0.0,0.0,21.92,37.03,0.76,UKP_0004,0,2016
2016-11-26 13:00:00+00:00,0.0,0.0,20.45,40.75,0.88,UKP_0004,0,2016
2016-11-26 14:00:00+00:00,0.0,0.0,18.44,47.0,1.69,UKP_0004,0,2016
2016-11-26 15:00:00+00:00,0.0,0.0,16.63,53.03,2.19,UKP_0004,0,2016
2016-11-26 16:00:00+00:00,0.0,0.0,15.61,56.44,2.33,UKP_0004,0,2016
2016-11-26 17:00:00+00:00,0.0,0.0,15.11,57.65,2.28,UKP_0004,0,2016
2016-11-26 18:00:00+00:00,0.0,0.0,14.94,57.26,2.08,UKP_0004,0,2016
2016-11-26 19:00:00+00:00,0.0,0.0,15.0,55.84,1.83,UKP_0004,0,2016
2016-11-26 20:00:00+00:00,0.0,0.0,15.13,54.09,1.58,UKP_0004,0,2016
2016-11-26 21:00:00+00:00,0.0,0.0,15.21,52.63,1.31,UKP_0004,0,2016
2016-11-26 22:00:00+00:00,0.0,0.0,15.07,52.01,1.08,UKP_0004,0,2016
2016-11-26 23:00:00+00:00,0.0,0.0,14.72,52.09,0.94,UKP_0004,0,2016
2016-11-27 00:00:00+00:00,0.0,0.0,14.56,51.53,0.99,UKP_0004,0,2016
2016-11-27 01:00:00+00:00,20.7,22.1,14.33,51.29,1.05,UKP_0004,0,2016
2016-11-27 02:00:00+00:00,188.27,191.98,15.97,52.44,0.96,UKP_0004,0,2016
2016-11-27 03:00:00+00:00,376.95,385.92,19.37,40.54,0.57,UKP_0004,0,2016
2016-11-27 04:00:00+00:00,542.92,543.47,21.78,35.5,0.8,UKP_0004,0,2016
2016-11-27 05:00:00+00:00,643.12,643.7,23.77,32.35,1.88,UKP_0004,0,2016
2016-11-27 06:00:00+00:00,642.45,643.03,25.36,29.49,3.11,UKP_0004,0,2016
2016-11-27 07:00:00+00:00,613.22,613.8,26.74,26.43,4.3,UKP_0004,0,2016
2016-11-27 08:00:00+00:00,516.55,518.88,27.59,24.37,5.11,UKP_0004,0,2016
2016-11-27 09:00:00+00:00,366.27,368.48,27.7,23.81,5.34,UKP_0004,0,2016
2016-11-27 10:00:00+00:00,182.07,183.32,26.24,30.48,3.6,UKP_0004,0,2016
2016-11-27 11:00:00+00:00,20.2,20.33,21.8,42.62,3.12,UKP_0004,0,2016
2016-11-27 12:00:00+00:00,0.0,0.0,19.31,45.0,3.41,UKP_0004,0,2016
2016-11-27 13:00:00+00:00,0.0,0.0,18.56,45.37,3.28,UKP_0004,0,2016
2016-11-27 14:00:00+00:00,0.0,0.0,17.78,45.99,3.05,UKP_0004,0,2016
2016-11-27 15:00:00+00:00,0.0,0.0,16.93,47.18,2.72,UKP_0004,0,2016
2016-11-27 16:00:00+00:00,0.0,0.0,16.29,47.88,2.3,UKP_0004,0,2016
2016-11-27 17:00:00+00:00,0.0,0.0,16.15,46.88,1.91,UKP_0004,0,2016
2016-11-27 18:00:00+00:00,0.0,0.0,15.99,46.75,1.55,UKP_0004,0,2016
2016-11-27 19:00:00+00:00,0.0,0.0,16.16,45.89,1.27,UKP_0004,0,2016
2016-11-27 20:00:00+00:00,0.0,0.0,15.75,47.18,1.05,UKP_0004,0,2016
2016-11-27 21:00:00+00:00,0.0,0.0,15.23,47.78,0.79,UKP_0004,0,2016
2016-11-27 22:00:00+00:00,0.0,0.0,14.7,47.95,0.57,UKP_0004,0,2016
2016-11-27 23:00:00+00:00,0.0,0.0,14.1,48.51,0.48,UKP_0004,0,2016
2016-11-28 00:00:00+00:00,0.0,0.0,13.51,48.85,0.64,UKP_0004,0,2016
2016-11-28 01:00:00+00:00,19.42,22.48,12.94,49.49,1.11,UKP_0004,0,2016
2016-11-28 02:00:00+00:00,180.93,196.82,14.16,52.51,1.57,UKP_0004,0,2016
2016-11-28 03:00:00+00:00,366.4,391.35,17.62,42.05,2.91,UKP_0004,0,2016
2016-11-28 04:00:00+00:00,541.53,548.15,20.48,37.72,3.61,UKP_0004,0,2016
2016-11-28 05:00:00+00:00,619.9,646.83,22.85,33.35,3.33,UKP_0004,0,2016
2016-11-28 06:00:00+00:00,640.08,643.65,24.42,29.87,2.82,UKP_0004,0,2016
2016-11-28 07:00:00+00:00,570.78,609.33,25.36,27.36,2.43,UKP_0004,0,2016
2016-11-28 08:00:00+00:00,485.05,512.97,25.7,25.57,2.14,UKP_0004,0,2016
2016-11-28 09:00:00+00:00,338.42,361.83,25.41,24.91,1.75,UKP_0004,0,2016
2016-11-28 10:00:00+00:00,167.32,176.25,24.35,30.25,1.11,UKP_0004,0,2016
2016-11-28 11:00:00+00:00,17.85,19.3,21.67,36.54,0.98,UKP_0004,0,2016
2016-11-28 12:00:00+00:00,0.0,0.0,19.55,38.23,1.44,UKP_0004,0,2016
2016-11-28 13:00:00+00:00,0.0,0.0,17.28,45.29,2.03,UKP_0004,0,2016
2016-11-28 14:00:00+00:00,0.0,0.0,15.57,51.68,2.56,UKP_0004,0,2016
2016-11-28 15:00:00+00:00,0.0,0.0,14.68,56.23,2.91,UKP_0004,0,2016
2016-11-28 16:00:00+00:00,0.0,0.0,14.26,57.97,3.06,UKP_0004,0,2016
2016-11-28 17:00:00+00:00,0.0,0.0,14.09,57.53,2.98,UKP_0004,0,2016
2016-11-28 18:00:00+00:00,0.0,0.0,14.34,54.5,2.69,UKP_0004,0,2016
2016-11-28 19:00:00+00:00,0.0,0.0,14.83,50.39,2.37,UKP_0004,0,2016
2016-11-28 20:00:00+00:00,0.0,0.0,15.12,47.28,2.1,UKP_0004,0,2016
2016-11-28 21:00:00+00:00,0.0,0.0,15.19,44.99,1.89,UKP_0004,0,2016
2016-11-28 22:00:00+00:00,0.0,0.0,14.91,44.16,1.83,UKP_0004,0,2016
2016-11-28 23:00:00+00:00,0.0,0.0,14.27,44.88,1.92,UKP_0004,0,2016
2016-11-29 00:00:00+00:00,0.0,0.0,13.53,46.51,2.14,UKP_0004,0,2016
2016-11-29 01:00:00+00:00,17.08,20.75,12.74,49.34,2.45,UKP_0004,0,2016
2016-11-29 02:00:00+00:00,175.23,190.27,14.57,51.75,2.42,UKP_0004,0,2016
2016-11-29 03:00:00+00:00,362.55,384.48,19.12,40.99,2.86,UKP_0004,0,2016
2016-11-29 04:00:00+00:00,540.15,541.65,21.72,37.7,2.73,UKP_0004,0,2016
2016-11-29 05:00:00+00:00,641.4,641.85,23.9,32.87,2.63,UKP_0004,0,2016
2016-11-29 06:00:00+00:00,638.05,638.53,25.24,29.05,2.54,UKP_0004,0,2016
2016-11-29 07:00:00+00:00,601.0,603.08,25.94,27.34,2.51,UKP_0004,0,2016
2016-11-29 08:00:00+00:00,499.23,501.67,26.08,26.67,2.5,UKP_0004,0,2016
2016-11-29 09:00:00+00:00,338.62,348.02,25.6,27.0,2.38,UKP_0004,0,2016
2016-11-29 10:00:00+00:00,162.4,164.7,23.96,36.0,1.66,UKP_0004,0,2016
2016-11-29 11:00:00+00:00,16.6,17.7,21.33,40.58,1.3,UKP_0004,0,2016
2016-11-29 12:00:00+00:00,0.0,0.0,20.76,36.9,0.68,UKP_0004,0,2016
2016-11-29 13:00:00+00:00,0.0,0.0,19.52,39.46,0.65,UKP_0004,0,2016
2016-11-29 14:00:00+00:00,0.0,0.0,17.47,45.91,1.69,UKP_0004,0,2016
2016-11-29 15:00:00+00:00,0.0,0.0,15.84,51.64,2.29,UKP_0004,0,2016
2016-11-29 16:00:00+00:00,0.0,0.0,14.98,54.75,2.56,UKP_0004,0,2016
2016-11-29 17:00:00+00:00,0.0,0.0,14.49,56.4,2.68,UKP_0004,0,2016
2016-11-29 18:00:00+00:00,0.0,0.0,14.29,56.53,2.67,UKP_0004,0,2016
2016-11-29 19:00:00+00:00,0.0,0.0,14.36,55.4,2.55,UKP_0004,0,2016
2016-11-29 20:00:00+00:00,0.0,0.0,14.55,53.97,2.35,UKP_0004,0,2016
2016-11-29 21:00:00+00:00,0.0,0.0,14.44,53.78,2.34,UKP_0004,0,2016
2016-11-29 22:00:00+00:00,0.0,0.0,14.13,54.3,2.47,UKP_0004,0,2016
2016-11-29 23:00:00+00:00,0.0,0.0,13.86,54.61,2.6,UKP_0004,0,2016
2016-11-30 00:00:00+00:00,0.0,0.0,13.55,55.16,2.74,UKP_0004,0,2016
2016-11-30 01:00:00+00:00,14.2,16.42,13.22,56.3,2.91,UKP_0004,0,2016
2016-11-30 02:00:00+00:00,162.27,164.32,15.34,54.86,2.81,UKP_0004,0,2016
2016-11-30 03:00:00+00:00,340.38,350.88,19.74,43.14,3.24,UKP_0004,0,2016
2016-11-30 04:00:00+00:00,505.67,507.23,22.84,38.15,2.66,UKP_0004,0,2016
2016-11-30 05:00:00+00:00,603.6,608.95,24.87,35.84,2.55,UKP_0004,0,2016
2016-11-30 06:00:00+00:00,632.17,633.7,26.15,34.42,2.5,UKP_0004,0,2016
2016-11-30 07:00:00+00:00,595.05,602.83,26.78,33.65,2.53,UKP_0004,0,2016
2016-11-30 08:00:00+00:00,500.83,505.08,26.89,33.49,2.58,UKP_0004,0,2016
2016-11-30 09:00:00+00:00,343.0,353.2,26.31,34.54,2.63,UKP_0004,0,2016
2016-11-30 10:00:00+00:00,164.0,168.68,24.95,39.75,2.28,UKP_0004,0,2016
2016-11-30 11:00:00+00:00,17.48,18.12,21.19,53.86,2.1,UKP_0004,0,2016
2016-11-30 12:00:00+00:00,0.0,0.0,19.6,53.3,2.03,UKP_0004,0,2016
2016-11-30 13:00:00+00:00,0.0,0.0,19.51,51.5,1.43,UKP_0004,0,2016
2016-11-30 14:00:00+00:00,0.0,0.0,18.83,52.47,1.31,UKP_0004,0,2016
2016-11-30 15:00:00+00:00,0.0,0.0,17.87,54.68,1.77,UKP_0004,0,2016
2016-11-30 16:00:00+00:00,0.0,0.0,17.1,56.53,2.12,UKP_0004,0,2016
2016-11-30 17:00:00+00:00,0.0,0.0,16.39,58.22,2.36,UKP_0004,0,2016
2016-11-30 18:00:00+00:00,0.0,0.0,15.89,59.33,2.53,UKP_0004,0,2016
2016-11-30 19:00:00+00:00,0.0,0.0,15.66,59.24,2.62,UKP_0004,0,2016
2016-11-30 20:00:00+00:00,0.0,0.0,15.62,58.41,2.64,UKP_0004,0,2016
2016-11-30 21:00:00+00:00,0.0,0.0,15.62,57.44,2.64,UKP_0004,0,2016
2016-11-30 22:00:00+00:00,0.0,0.0,15.62,56.29,2.62,UKP_0004,0,2016
2016-11-30 23:00:00+00:00,0.0,0.0,15.51,55.81,2.58,UKP_0004,0,2016
2016-12-01 00:00:00+00:00,0.0,0.0,15.19,56.37,2.57,UKP_0004,0,2016
2016-12-01 01:00:00+00:00,13.82,15.95,14.79,57.5,2.6,UKP_0004,0,2016
2016-12-01 02:00:00+00:00,152.0,163.95,16.78,56.46,2.31,UKP_0004,0,2016
2016-12-01 03:00:00+00:00,326.08,349.08,20.88,42.39,2.31,UKP_0004,0,2016
2016-12-01 04:00:00+00:00,486.35,504.1,23.91,34.85,0.87,UKP_0004,0,2016
2016-12-01 05:00:00+00:00,594.9,603.22,25.94,33.61,1.5,UKP_0004,0,2016
2016-12-01 06:00:00+00:00,624.75,626.35,26.91,33.38,2.17,UKP_0004,0,2016
2016-12-01 07:00:00+00:00,593.92,595.83,27.37,33.09,2.73,UKP_0004,0,2016
2016-12-01 08:00:00+00:00,489.55,497.33,27.35,33.23,3.09,UKP_0004,0,2016
2016-12-01 09:00:00+00:00,336.27,343.67,26.89,34.03,3.35,UKP_0004,0,2016
2016-12-01 10:00:00+00:00,160.5,161.62,25.43,39.87,2.84,UKP_0004,0,2016
2016-12-01 11:00:00+00:00,16.95,17.27,21.58,53.49,2.42,UKP_0004,0,2016
2016-12-01 12:00:00+00:00,0.0,0.0,19.45,55.87,2.66,UKP_0004,0,2016
2016-12-01 13:00:00+00:00,0.0,0.0,18.59,56.23,2.71,UKP_0004,0,2016
2016-12-01 14:00:00+00:00,0.0,0.0,17.76,55.67,2.78,UKP_0004,0,2016
2016-12-01 15:00:00+00:00,0.0,0.0,16.95,54.5,2.78,UKP_0004,0,2016
2016-12-01 16:00:00+00:00,0.0,0.0,16.31,52.98,2.72,UKP_0004,0,2016
2016-12-01 17:00:00+00:00,0.0,0.0,15.91,51.24,2.61,UKP_0004,0,2016
2016-12-01 18:00:00+00:00,0.0,0.0,15.79,49.7,2.51,UKP_0004,0,2016
2016-12-01 19:00:00+00:00,0.0,0.0,15.82,48.46,2.42,UKP_0004,0,2016
2016-12-01 20:00:00+00:00,0.0,0.0,15.95,47.46,2.31,UKP_0004,0,2016
2016-12-01 21:00:00+00:00,0.0,0.0,16.09,46.69,2.11,UKP_0004,0,2016
2016-12-01 22:00:00+00:00,0.0,0.0,15.75,48.15,1.93,UKP_0004,0,2016
2016-12-01 23:00:00+00:00,0.0,0.0,15.66,48.8,1.9,UKP_0004,0,2016
2016-12-02 00:00:00+00:00,0.0,0.0,15.55,49.53,1.92,UKP_0004,0,2016
2016-12-02 01:00:00+00:00,12.55,15.02,14.97,52.0,1.97,UKP_0004,0,2016
2016-12-02 02:00:00+00:00,153.07,159.68,16.01,54.1,1.85,UKP_0004,0,2016
2016-12-02 03:00:00+00:00,331.45,347.17,19.54,44.99,1.91,UKP_0004,0,2016
2016-12-02 04:00:00+00:00,504.67,504.92,22.31,31.45,0.72,UKP_0004,0,2016
2016-12-02 05:00:00+00:00,607.88,608.2,24.55,23.96,1.63,UKP_0004,0,2016
2016-12-02 06:00:00+00:00,627.42,634.1,25.94,21.3,2.74,UKP_0004,0,2016
2016-12-02 07:00:00+00:00,597.2,601.33,26.48,20.24,3.52,UKP_0004,0,2016
2016-12-02 08:00:00+00:00,498.62,501.62,26.41,20.04,3.96,UKP_0004,0,2016
2016-12-02 09:00:00+00:00,343.3,345.2,25.86,20.59,4.02,UKP_0004,0,2016
2016-12-02 10:00:00+00:00,158.27,160.7,23.79,29.75,2.74,UKP_0004,0,2016
2016-12-02 11:00:00+00:00,16.92,17.15,19.44,42.63,2.68,UKP_0004,0,2016
2016-12-02 12:00:00+00:00,0.0,0.0,17.49,43.27,2.74,UKP_0004,0,2016
2016-12-02 13:00:00+00:00,0.0,0.0,17.06,42.73,2.45,UKP_0004,0,2016
2016-12-02 14:00:00+00:00,0.0,0.0,16.87,41.56,2.12,UKP_0004,0,2016
2016-12-02 15:00:00+00:00,0.0,0.0,16.64,40.95,1.88,UKP_0004,0,2016
2016-12-02 16:00:00+00:00,0.0,0.0,16.15,41.58,1.9,UKP_0004,0,2016
2016-12-02 17:00:00+00:00,0.0,0.0,15.55,43.03,2.1,UKP_0004,0,2016
2016-12-02 18:00:00+00:00,0.0,0.0,15.19,43.94,2.25,UKP_0004,0,2016
2016-12-02 19:00:00+00:00,0.0,0.0,15.1,43.91,2.16,UKP_0004,0,2016
2016-12-02 20:00:00+00:00,0.0,0.0,15.26,43.08,1.97,UKP_0004,0,2016
2016-12-02 21:00:00+00:00,0.0,0.0,15.74,40.88,1.85,UKP_0004,0,2016
2016-12-02 22:00:00+00:00,0.0,0.0,15.48,41.13,1.79,UKP_0004,0,2016
2016-12-02 23:00:00+00:00,0.0,0.0,14.37,43.83,2.01,UKP_0004,0,2016
2016-12-03 00:00:00+00:00,0.0,0.0,14.51,42.33,1.88,UKP_0004,0,2016
2016-12-03 01:00:00+00:00,11.93,12.9,15.12,40.17,1.25,UKP_0004,0,2016
2016-12-03 02:00:00+00:00,133.85,138.7,16.24,41.51,1.21,UKP_0004,0,2016
2016-12-03 03:00:00+00:00,311.92,316.73,19.25,32.74,0.62,UKP_0004,0,2016
2016-12-03 04:00:00+00:00,456.95,462.48,21.92,26.35,1.29,UKP_0004,0,2016
2016-12-03 05:00:00+00:00,553.65,559.88,24.42,21.63,2.79,UKP_0004,0,2016
2016-12-03 06:00:00+00:00,568.4,587.53,25.68,19.67,3.69,UKP_0004,0,2016
2016-12-03 07:00:00+00:00,557.08,558.5,26.29,18.76,4.24,UKP_0004,0,2016
2016-12-03 08:00:00+00:00,451.73,454.65,26.38,18.6,4.46,UKP_0004,0,2016
2016-12-03 09:00:00+00:00,301.88,303.12,25.21,21.73,3.84,UKP_0004,0,2016
2016-12-03 10:00:00+00:00,132.55,133.23,22.09,34.88,2.66,UKP_0004,0,2016
2016-12-03 11:00:00+00:00,14.73,14.93,18.53,41.95,2.97,UKP_0004,0,2016
2016-12-03 12:00:00+00:00,0.0,0.0,17.06,42.49,2.82,UKP_0004,0,2016
2016-12-03 13:00:00+00:00,0.0,0.0,16.78,41.55,2.38,UKP_0004,0,2016
2016-12-03 14:00:00+00:00,0.0,0.0,16.53,40.73,2.09,UKP_0004,0,2016
2016-12-03 15:00:00+00:00,0.0,0.0,16.09,40.44,1.96,UKP_0004,0,2016
2016-12-03 16:00:00+00:00,0.0,0.0,15.54,41.44,2.04,UKP_0004,0,2016
2016-12-03 17:00:00+00:00,0.0,0.0,15.34,41.43,2.05,UKP_0004,0,2016
2016-12-03 18:00:00+00:00,0.0,0.0,15.16,42.08,1.9,UKP_0004,0,2016
2016-12-03 19:00:00+00:00,0.0,0.0,15.11,42.11,1.73,UKP_0004,0,2016
2016-12-03 20:00:00+00:00,0.0,0.0,14.93,42.21,1.69,UKP_0004,0,2016
2016-12-03 21:00:00+00:00,0.0,0.0,14.72,42.31,1.76,UKP_0004,0,2016
2016-12-03 22:00:00+00:00,0.0,0.0,14.44,42.41,1.68,UKP_0004,0,2016
2016-12-03 23:00:00+00:00,0.0,0.0,14.42,41.81,1.36,UKP_0004,0,2016
2016-12-04 00:00:00+00:00,0.0,0.0,14.63,41.17,0.93,UKP_0004,0,2016
2016-12-04 01:00:00+00:00,10.6,11.98,14.2,42.27,0.78,UKP_0004,0,2016
2016-12-04 02:00:00+00:00,127.8,132.68,14.88,45.04,0.84,UKP_0004,0,2016
2016-12-04 03:00:00+00:00,307.48,309.6,17.59,39.32,0.73,UKP_0004,0,2016
2016-12-04 04:00:00+00:00,453.88,457.73,20.04,29.66,1.0,UKP_0004,0,2016
2016-12-04 05:00:00+00:00,553.03,554.85,21.75,25.29,2.51,UKP_0004,0,2016
2016-12-04 06:00:00+00:00,591.8,593.8,23.35,22.05,3.45,UKP_0004,0,2016
2016-12-04 07:00:00+00:00,513.35,555.88,24.75,19.45,4.07,UKP_0004,0,2016
2016-12-04 08:00:00+00:00,442.23,456.15,25.16,18.67,4.23,UKP_0004,0,2016
2016-12-04 09:00:00+00:00,310.73,313.35,24.92,18.98,4.04,UKP_0004,0,2016
2016-12-04 10:00:00+00:00,139.77,140.98,22.56,30.85,2.52,UKP_0004,0,2016
2016-12-04 11:00:00+00:00,15.57,15.55,18.34,40.56,2.66,UKP_0004,0,2016
2016-12-04 12:00:00+00:00,0.0,0.0,16.81,39.04,2.57,UKP_0004,0,2016
2016-12-04 13:00:00+00:00,0.0,0.0,16.37,38.24,2.3,UKP_0004,0,2016
2016-12-04 14:00:00+00:00,0.0,0.0,15.79,38.29,2.2,UKP_0004,0,2016
2016-12-04 15:00:00+00:00,0.0,0.0,15.16,38.96,2.19,UKP_0004,0,2016
2016-12-04 16:00:00+00:00,0.0,0.0,14.63,39.47,2.28,UKP_0004,0,2016
2016-12-04 17:00:00+00:00,0.0,0.0,14.39,39.69,2.26,UKP_0004,0,2016
2016-12-04 18:00:00+00:00,0.0,0.0,14.06,40.82,2.11,UKP_0004,0,2016
2016-12-04 19:00:00+00:00,0.0,0.0,14.49,39.3,1.96,UKP_0004,0,2016
2016-12-04 20:00:00+00:00,0.0,0.0,14.65,38.69,1.79,UKP_0004,0,2016
2016-12-04 21:00:00+00:00,0.0,0.0,14.61,39.24,1.53,UKP_0004,0,2016
2016-12-04 22:00:00+00:00,0.0,0.0,14.45,39.55,1.24,UKP_0004,0,2016
2016-12-04 23:00:00+00:00,0.0,0.0,13.97,40.7,1.09,UKP_0004,0,2016
2016-12-05 00:00:00+00:00,0.0,0.0,13.48,41.43,1.09,UKP_0004,0,2016
2016-12-05 01:00:00+00:00,11.9,12.95,13.09,42.32,1.11,UKP_0004,0,2016
2016-12-05 02:00:00+00:00,137.93,152.88,13.92,44.44,1.07,UKP_0004,0,2016
2016-12-05 03:00:00+00:00,294.5,336.85,17.02,37.57,0.9,UKP_0004,0,2016
2016-12-05 04:00:00+00:00,446.58,491.45,19.39,28.84,0.58,UKP_0004,0,2016
2016-12-05 05:00:00+00:00,543.9,590.55,21.41,25.32,1.76,UKP_0004,0,2016
2016-12-05 06:00:00+00:00,595.62,634.38,23.28,22.41,2.74,UKP_0004,0,2016
2016-12-05 07:00:00+00:00,554.05,594.1,24.23,21.14,3.41,UKP_0004,0,2016
2016-12-05 08:00:00+00:00,477.5,491.0,24.43,20.93,3.76,UKP_0004,0,2016
2016-12-05 09:00:00+00:00,323.92,336.27,23.95,21.85,3.69,UKP_0004,0,2016
2016-12-05 10:00:00+00:00,160.25,163.1,21.58,34.73,2.36,UKP_0004,0,2016
2016-12-05 11:00:00+00:00,16.98,17.15,18.0,42.4,2.47,UKP_0004,0,2016
2016-12-05 12:00:00+00:00,0.0,0.0,17.22,38.6,2.1,UKP_0004,0,2016
2016-12-05 13:00:00+00:00,0.0,0.0,17.42,35.71,1.26,UKP_0004,0,2016
2016-12-05 14:00:00+00:00,0.0,0.0,17.26,34.9,0.84,UKP_0004,0,2016
2016-12-05 15:00:00+00:00,0.0,0.0,16.31,37.76,1.45,UKP_0004,0,2016
2016-12-05 16:00:00+00:00,0.0,0.0,14.5,43.18,2.19,UKP_0004,0,2016
2016-12-05 17:00:00+00:00,0.0,0.0,13.3,48.11,2.7,UKP_0004,0,2016
2016-12-05 18:00:00+00:00,0.0,0.0,12.6,50.89,2.95,UKP_0004,0,2016
2016-12-05 19:00:00+00:00,0.0,0.0,12.4,51.77,3.0,UKP_0004,0,2016
2016-12-05 20:00:00+00:00,0.0,0.0,12.53,50.9,2.89,UKP_0004,0,2016
2016-12-05 21:00:00+00:00,0.0,0.0,12.82,49.09,2.72,UKP_0004,0,2016
2016-12-05 22:00:00+00:00,0.0,0.0,12.94,47.66,2.59,UKP_0004,0,2016
2016-12-05 23:00:00+00:00,0.0,0.0,12.77,47.35,2.59,UKP_0004,0,2016
2016-12-06 00:00:00+00:00,0.0,0.0,12.26,48.22,2.76,UKP_0004,0,2016
2016-12-06 01:00:00+00:00,11.18,12.23,11.67,49.94,2.98,UKP_0004,0,2016
2016-12-06 02:00:00+00:00,135.62,149.75,13.36,49.73,2.88,UKP_0004,0,2016
2016-12-06 03:00:00+00:00,301.3,337.02,18.07,38.84,2.85,UKP_0004,0,2016
2016-12-06 04:00:00+00:00,444.42,495.6,21.25,28.72,2.66,UKP_0004,0,2016
2016-12-06 05:00:00+00:00,566.22,598.78,23.5,24.01,2.2,UKP_0004,0,2016
2016-12-06 06:00:00+00:00,627.35,644.5,25.16,21.67,2.16,UKP_0004,0,2016
2016-12-06 07:00:00+00:00,603.5,611.03,25.98,20.75,2.32,UKP_0004,0,2016
2016-12-06 08:00:00+00:00,512.0,512.25,26.0,20.85,2.46,UKP_0004,0,2016
2016-12-06 09:00:00+00:00,358.83,359.48,25.27,22.06,2.6,UKP_0004,0,2016
2016-12-06 10:00:00+00:00,175.55,176.25,23.1,33.3,2.02,UKP_0004,0,2016
2016-12-06 11:00:00+00:00,18.77,18.85,19.14,43.05,2.26,UKP_0004,0,2016
2016-12-06 12:00:00+00:00,0.0,0.0,18.21,38.33,1.91,UKP_0004,0,2016
2016-12-06 13:00:00+00:00,0.0,0.0,18.27,35.53,1.09,UKP_0004,0,2016
2016-12-06 14:00:00+00:00,0.0,0.0,18.03,35.41,0.98,UKP_0004,0,2016
2016-12-06 15:00:00+00:00,0.0,0.0,16.81,38.43,1.52,UKP_0004,0,2016
2016-12-06 16:00:00+00:00,0.0,0.0,15.48,42.36,1.95,UKP_0004,0,2016
2016-12-06 17:00:00+00:00,0.0,0.0,14.81,45.05,2.15,UKP_0004,0,2016
2016-12-06 18:00:00+00:00,0.0,0.0,14.61,45.81,2.1,UKP_0004,0,2016
2016-12-06 19:00:00+00:00,0.0,0.0,14.75,45.29,1.91,UKP_0004,0,2016
2016-12-06 20:00:00+00:00,0.0,0.0,14.93,44.39,1.71,UKP_0004,0,2016
2016-12-06 21:00:00+00:00,0.0,0.0,15.51,41.77,1.57,UKP_0004,0,2016
2016-12-06 22:00:00+00:00,0.0,0.0,15.55,40.75,1.39,UKP_0004,0,2016
2016-12-06 23:00:00+00:00,0.0,0.0,15.42,40.28,1.2,UKP_0004,0,2016
2016-12-07 00:00:00+00:00,0.0,0.0,15.1,40.59,1.06,UKP_0004,0,2016
2016-12-07 01:00:00+00:00,12.52,13.7,14.68,41.18,1.01,UKP_0004,0,2016
2016-12-07 02:00:00+00:00,157.02,169.98,15.46,43.2,0.98,UKP_0004,0,2016
2016-12-07 03:00:00+00:00,334.77,365.02,18.26,37.83,0.76,UKP_0004,0,2016
2016-12-07 04:00:00+00:00,488.42,524.97,20.84,28.41,0.69,UKP_0004,0,2016
2016-12-07 05:00:00+00:00,601.25,628.8,23.0,24.78,1.75,UKP_0004,0,2016
2016-12-07 06:00:00+00:00,645.55,647.17,24.8,22.12,2.5,UKP_0004,0,2016
2016-12-07 07:00:00+00:00,618.85,619.42,25.6,21.11,2.91,UKP_0004,0,2016
2016-12-07 08:00:00+00:00,508.73,508.73,25.8,20.89,3.07,UKP_0004,0,2016
2016-12-07 09:00:00+00:00,356.45,357.38,25.31,21.69,2.99,UKP_0004,0,2016
2016-12-07 10:00:00+00:00,171.65,172.65,23.3,32.0,2.04,UKP_0004,0,2016
2016-12-07 11:00:00+00:00,18.6,18.75,19.22,42.84,2.23,UKP_0004,0,2016
2016-12-07 12:00:00+00:00,0.0,0.0,17.76,39.82,2.09,UKP_0004,0,2016
2016-12-07 13:00:00+00:00,0.0,0.0,17.33,38.65,1.57,UKP_0004,0,2016
2016-12-07 14:00:00+00:00,0.0,0.0,16.66,39.1,1.28,UKP_0004,0,2016
2016-12-07 15:00:00+00:00,0.0,0.0,16.32,38.79,1.5,UKP_0004,0,2016
2016-12-07 16:00:00+00:00,0.0,0.0,15.33,41.32,1.8,UKP_0004,0,2016
2016-12-07 17:00:00+00:00,0.0,0.0,14.51,43.65,2.05,UKP_0004,0,2016
2016-12-07 18:00:00+00:00,0.0,0.0,14.06,44.73,2.25,UKP_0004,0,2016
2016-12-07 19:00:00+00:00,0.0,0.0,13.84,45.06,2.26,UKP_0004,0,2016
2016-12-07 20:00:00+00:00,0.0,0.0,13.92,44.42,2.16,UKP_0004,0,2016
2016-12-07 21:00:00+00:00,0.0,0.0,14.11,43.46,1.88,UKP_0004,0,2016
2016-12-07 22:00:00+00:00,0.0,0.0,14.73,41.18,1.55,UKP_0004,0,2016
2016-12-07 23:00:00+00:00,0.0,0.0,14.74,41.25,1.29,UKP_0004,0,2016
2016-12-08 00:00:00+00:00,0.0,0.0,14.06,42.94,1.31,UKP_0004,0,2016
2016-12-08 01:00:00+00:00,10.48,10.77,12.66,46.98,1.58,UKP_0004,0,2016
2016-12-08 02:00:00+00:00,135.18,139.52,13.09,51.53,1.75,UKP_0004,0,2016
2016-12-08 03:00:00+00:00,305.42,321.5,16.53,43.38,1.68,UKP_0004,0,2016
2016-12-08 04:00:00+00:00,451.0,477.15,19.19,33.19,0.66,UKP_0004,0,2016
2016-12-08 05:00:00+00:00,557.88,575.9,21.32,28.78,1.14,UKP_0004,0,2016
2016-12-08 06:00:00+00:00,612.53,640.38,23.66,24.89,2.15,UKP_0004,0,2016
2016-12-08 07:00:00+00:00,609.12,609.55,24.79,23.19,2.7,UKP_0004,0,2016
2016-12-08 08:00:00+00:00,503.2,511.45,24.99,22.99,2.89,UKP_0004,0,2016
2016-12-08 09:00:00+00:00,350.6,358.3,24.45,23.89,2.8,UKP_0004,0,2016
2016-12-08 10:00:00+00:00,168.75,172.35,22.64,34.4,1.96,UKP_0004,0,2016
2016-12-08 11:00:00+00:00,18.8,19.08,19.05,42.77,2.08,UKP_0004,0,2016
2016-12-08 12:00:00+00:00,0.0,0.0,17.87,39.22,1.86,UKP_0004,0,2016
2016-12-08 13:00:00+00:00,0.0,0.0,17.59,38.15,1.18,UKP_0004,0,2016
2016-12-08 14:00:00+00:00,0.0,0.0,17.39,37.71,0.65,UKP_0004,0,2016
2016-12-08 15:00:00+00:00,0.0,0.0,16.85,39.35,0.85,UKP_0004,0,2016
2016-12-08 16:00:00+00:00,0.0,0.0,16.0,41.71,1.23,UKP_0004,0,2016
2016-12-08 17:00:00+00:00,0.0,0.0,15.24,43.6,1.46,UKP_0004,0,2016
2016-12-08 18:00:00+00:00,0.0,0.0,14.77,44.45,1.52,UKP_0004,0,2016
2016-12-08 19:00:00+00:00,0.0,0.0,14.5,44.83,1.44,UKP_0004,0,2016
2016-12-08 20:00:00+00:00,0.0,0.0,14.36,44.83,1.24,UKP_0004,0,2016
2016-12-08 21:00:00+00:00,0.0,0.0,14.12,45.03,1.06,UKP_0004,0,2016
2016-12-08 22:00:00+00:00,0.0,0.0,13.7,46.16,1.0,UKP_0004,0,2016
2016-12-08 23:00:00+00:00,0.0,0.0,12.87,48.63,1.05,UKP_0004,0,2016
2016-12-09 00:00:00+00:00,0.0,0.0,12.33,50.19,1.18,UKP_0004,0,2016
2016-12-09 01:00:00+00:00,9.75,10.35,12.17,50.53,1.35,UKP_0004,0,2016
2016-12-09 02:00:00+00:00,133.6,143.82,13.02,51.57,1.37,UKP_0004,0,2016
2016-12-09 03:00:00+00:00,297.35,334.4,16.25,45.43,1.31,UKP_0004,0,2016
2016-12-09 04:00:00+00:00,444.42,498.8,18.79,35.17,0.66,UKP_0004,0,2016
2016-12-09 05:00:00+00:00,524.3,609.12,20.81,30.7,0.49,UKP_0004,0,2016
2016-12-09 06:00:00+00:00,591.62,650.2,22.79,27.34,1.39,UKP_0004,0,2016
2016-12-09 07:00:00+00:00,565.03,626.28,24.12,25.05,2.21,UKP_0004,0,2016
2016-12-09 08:00:00+00:00,492.15,533.9,24.55,24.24,2.78,UKP_0004,0,2016
2016-12-09 09:00:00+00:00,355.58,382.35,23.95,25.22,2.97,UKP_0004,0,2016
2016-12-09 10:00:00+00:00,181.6,189.73,21.92,35.78,2.16,UKP_0004,0,2016
2016-12-09 11:00:00+00:00,20.55,20.98,18.21,45.54,2.13,UKP_0004,0,2016
2016-12-09 12:00:00+00:00,0.0,0.0,17.34,41.55,1.79,UKP_0004,0,2016
2016-12-09 13:00:00+00:00,0.0,0.0,17.34,39.77,1.02,UKP_0004,0,2016
2016-12-09 14:00:00+00:00,0.0,0.0,17.23,39.84,0.69,UKP_0004,0,2016
2016-12-09 15:00:00+00:00,0.0,0.0,15.9,42.94,1.18,UKP_0004,0,2016
2016-12-09 16:00:00+00:00,0.0,0.0,14.44,47.45,1.61,UKP_0004,0,2016
2016-12-09 17:00:00+00:00,0.0,0.0,13.49,50.48,1.86,UKP_0004,0,2016
2016-12-09 18:00:00+00:00,0.0,0.0,12.78,52.66,1.96,UKP_0004,0,2016
2016-12-09 19:00:00+00:00,0.0,0.0,12.09,55.09,2.14,UKP_0004,0,2016
2016-12-09 20:00:00+00:00,0.0,0.0,11.67,56.73,2.29,UKP_0004,0,2016
2016-12-09 21:00:00+00:00,0.0,0.0,11.62,56.68,2.22,UKP_0004,0,2016
2016-12-09 22:00:00+00:00,0.0,0.0,11.57,56.39,2.2,UKP_0004,0,2016
2016-12-09 23:00:00+00:00,0.0,0.0,11.65,55.42,2.1,UKP_0004,0,2016
2016-12-10 00:00:00+00:00,0.0,0.0,11.73,54.49,2.03,UKP_0004,0,2016
2016-12-10 01:00:00+00:00,9.23,9.45,11.73,53.51,2.08,UKP_0004,0,2016
2016-12-10 02:00:00+00:00,129.82,134.95,13.26,51.81,1.99,UKP_0004,0,2016
2016-12-10 03:00:00+00:00,287.42,317.23,17.51,41.57,1.65,UKP_0004,0,2016
2016-12-10 04:00:00+00:00,427.98,475.92,20.36,32.06,0.5,UKP_0004,0,2016
2016-12-10 05:00:00+00:00,539.53,581.97,22.51,28.03,1.58,UKP_0004,0,2016
2016-12-10 06:00:00+00:00,624.7,646.53,24.28,25.01,2.65,UKP_0004,0,2016
2016-12-10 07:00:00+00:00,590.42,616.2,25.5,22.6,3.61,UKP_0004,0,2016
2016-12-10 08:00:00+00:00,493.67,520.17,25.89,21.4,4.05,UKP_0004,0,2016
2016-12-10 09:00:00+00:00,342.35,366.27,25.3,21.96,4.17,UKP_0004,0,2016
2016-12-10 10:00:00+00:00,171.52,176.1,23.19,30.55,2.91,UKP_0004,0,2016
2016-12-10 11:00:00+00:00,18.6,19.17,18.52,43.28,2.82,UKP_0004,0,2016
2016-12-10 12:00:00+00:00,0.0,0.0,16.55,44.1,2.91,UKP_0004,0,2016
2016-12-10 13:00:00+00:00,0.0,0.0,16.03,43.73,2.75,UKP_0004,0,2016
2016-12-10 14:00:00+00:00,0.0,0.0,15.48,43.92,2.67,UKP_0004,0,2016
2016-12-10 15:00:00+00:00,0.0,0.0,14.99,44.14,2.58,UKP_0004,0,2016
2016-12-10 16:00:00+00:00,0.0,0.0,14.79,43.23,2.4,UKP_0004,0,2016
2016-12-10 17:00:00+00:00,0.0,0.0,14.81,42.62,2.1,UKP_0004,0,2016
2016-12-10 18:00:00+00:00,0.0,0.0,14.24,44.49,2.07,UKP_0004,0,2016
2016-12-10 19:00:00+00:00,0.0,0.0,13.11,48.3,2.36,UKP_0004,0,2016
2016-12-10 20:00:00+00:00,0.0,0.0,12.07,52.04,2.66,UKP_0004,0,2016
2016-12-10 21:00:00+00:00,0.0,0.0,11.54,53.77,2.8,UKP_0004,0,2016
2016-12-10 22:00:00+00:00,0.0,0.0,11.49,52.91,2.76,UKP_0004,0,2016
2016-12-10 23:00:00+00:00,0.0,0.0,11.81,50.0,2.58,UKP_0004,0,2016
2016-12-11 00:00:00+00:00,0.0,0.0,12.67,45.13,2.46,UKP_0004,0,2016
2016-12-11 01:00:00+00:00,8.38,9.48,13.0,42.3,2.77,UKP_0004,0,2016
2016-12-11 02:00:00+00:00,131.85,138.77,15.11,41.72,2.9,UKP_0004,0,2016
2016-12-11 03:00:00+00:00,301.23,322.35,20.36,27.49,3.59,UKP_0004,0,2016
2016-12-11 04:00:00+00:00,454.55,480.23,23.73,22.12,4.19,UKP_0004,0,2016
2016-12-11 05:00:00+00:00,540.12,585.88,26.71,20.25,4.79,UKP_0004,0,2016
2016-12-11 06:00:00+00:00,634.78,642.12,28.45,19.31,4.83,UKP_0004,0,2016
2016-12-11 07:00:00+00:00,588.95,612.3,29.02,19.05,5.1,UKP_0004,0,2016
2016-12-11 08:00:00+00:00,516.67,516.78,28.83,19.56,5.52,UKP_0004,0,2016
2016-12-11 09:00:00+00:00,362.5,364.3,27.98,21.08,5.62,UKP_0004,0,2016
2016-12-11 10:00:00+00:00,178.0,180.02,25.87,26.83,4.35,UKP_0004,0,2016
2016-12-11 11:00:00+00:00,20.25,20.55,20.81,39.97,3.43,UKP_0004,0,2016
2016-12-11 12:00:00+00:00,0.0,0.0,18.16,44.85,3.63,UKP_0004,0,2016
2016-12-11 13:00:00+00:00,0.0,0.0,17.23,46.58,3.56,UKP_0004,0,2016
2016-12-11 14:00:00+00:00,0.0,0.0,16.47,47.84,3.51,UKP_0004,0,2016
2016-12-11 15:00:00+00:00,0.0,0.0,15.78,49.05,3.47,UKP_0004,0,2016
2016-12-11 16:00:00+00:00,0.0,0.0,15.11,50.39,3.42,UKP_0004,0,2016
2016-12-11 17:00:00+00:00,0.0,0.0,14.51,51.72,3.39,UKP_0004,0,2016
2016-12-11 18:00:00+00:00,0.0,0.0,14.17,51.89,3.31,UKP_0004,0,2016
2016-12-11 19:00:00+00:00,0.0,0.0,14.05,51.21,3.15,UKP_0004,0,2016
2016-12-11 20:00:00+00:00,0.0,0.0,14.01,50.16,2.96,UKP_0004,0,2016
2016-12-11 21:00:00+00:00,0.0,0.0,13.78,49.72,2.89,UKP_0004,0,2016
2016-12-11 22:00:00+00:00,0.0,0.0,13.51,49.39,2.89,UKP_0004,0,2016
2016-12-11 23:00:00+00:00,0.0,0.0,13.23,49.27,2.98,UKP_0004,0,2016
2016-12-12 00:00:00+00:00,0.0,0.0,12.76,49.88,3.13,UKP_0004,0,2016
2016-12-12 01:00:00+00:00,8.5,9.27,12.39,50.37,3.26,UKP_0004,0,2016
2016-12-12 02:00:00+00:00,130.32,141.77,14.87,48.51,2.99,UKP_0004,0,2016
2016-12-12 03:00:00+00:00,299.65,331.5,19.68,35.4,3.57,UKP_0004,0,2016
2016-12-12 04:00:00+00:00,454.4,494.08,22.9,28.78,4.33,UKP_0004,0,2016
2016-12-12 05:00:00+00:00,583.0,603.38,25.32,23.73,5.07,UKP_0004,0,2016
2016-12-12 06:00:00+00:00,638.45,645.22,26.44,20.2,5.3,UKP_0004,0,2016
2016-12-12 07:00:00+00:00,603.55,620.45,26.85,18.29,5.7,UKP_0004,0,2016
2016-12-12 08:00:00+00:00,501.58,529.17,26.79,17.38,5.98,UKP_0004,0,2016
2016-12-12 09:00:00+00:00,353.2,381.45,26.11,17.44,5.94,UKP_0004,0,2016
2016-12-12 10:00:00+00:00,185.73,194.98,24.11,21.67,4.39,UKP_0004,0,2016
2016-12-12 11:00:00+00:00,22.8,24.08,18.94,34.49,3.37,UKP_0004,0,2016
2016-12-12 12:00:00+00:00,0.0,0.0,16.31,38.04,3.66,UKP_0004,0,2016
2016-12-12 13:00:00+00:00,0.0,0.0,15.39,39.03,3.65,UKP_0004,0,2016
2016-12-12 14:00:00+00:00,0.0,0.0,14.51,40.67,3.57,UKP_0004,0,2016
2016-12-12 15:00:00+00:00,0.0,0.0,13.69,42.8,3.47,UKP_0004,0,2016
2016-12-12 16:00:00+00:00,0.0,0.0,13.07,44.48,3.47,UKP_0004,0,2016
2016-12-12 17:00:00+00:00,0.0,0.0,12.61,45.74,3.52,UKP_0004,0,2016
2016-12-12 18:00:00+00:00,0.0,0.0,12.31,46.22,3.6,UKP_0004,0,2016
2016-12-12 19:00:00+00:00,0.0,0.0,12.04,46.6,3.6,UKP_0004,0,2016
2016-12-12 20:00:00+00:00,0.0,0.0,11.83,46.79,3.53,UKP_0004,0,2016
2016-12-12 21:00:00+00:00,0.0,0.0,11.73,46.63,3.5,UKP_0004,0,2016
2016-12-12 22:00:00+00:00,0.0,0.0,11.7,46.14,3.51,UKP_0004,0,2016
2016-12-12 23:00:00+00:00,0.0,0.0,11.53,46.07,3.57,UKP_0004,0,2016
2016-12-13 00:00:00+00:00,0.0,0.0,11.34,46.09,3.63,UKP_0004,0,2016
2016-12-13 01:00:00+00:00,7.38,8.12,11.18,46.02,3.66,UKP_0004,0,2016
2016-12-13 02:00:00+00:00,108.6,123.1,13.78,42.29,3.49,UKP_0004,0,2016
2016-12-13 03:00:00+00:00,251.48,295.9,18.25,31.06,4.48,UKP_0004,0,2016
2016-12-13 04:00:00+00:00,380.17,447.38,21.23,25.27,5.03,UKP_0004,0,2016
2016-12-13 05:00:00+00:00,518.83,548.6,24.17,21.51,6.22,UKP_0004,0,2016
2016-12-13 06:00:00+00:00,612.97,638.1,25.63,20.13,6.3,UKP_0004,0,2016
2016-12-13 07:00:00+00:00,571.4,611.12,26.19,19.55,5.94,UKP_0004,0,2016
2016-12-13 08:00:00+00:00,507.35,517.7,26.16,19.62,5.65,UKP_0004,0,2016
2016-12-13 09:00:00+00:00,363.62,367.95,25.66,20.39,5.4,UKP_0004,0,2016
2016-12-13 10:00:00+00:00,181.82,184.45,23.79,26.07,3.86,UKP_0004,0,2016
2016-12-13 11:00:00+00:00,21.27,21.52,18.91,39.38,3.28,UKP_0004,0,2016
2016-12-13 12:00:00+00:00,0.0,0.0,16.59,42.54,3.61,UKP_0004,0,2016
2016-12-13 13:00:00+00:00,0.0,0.0,15.83,42.95,3.66,UKP_0004,0,2016
2016-12-13 14:00:00+00:00,0.0,0.0,15.13,43.67,3.72,UKP_0004,0,2016
2016-12-13 15:00:00+00:00,0.0,0.0,14.43,44.94,3.7,UKP_0004,0,2016
2016-12-13 16:00:00+00:00,0.0,0.0,13.75,46.47,3.66,UKP_0004,0,2016
2016-12-13 17:00:00+00:00,0.0,0.0,13.17,47.84,3.65,UKP_0004,0,2016
2016-12-13 18:00:00+00:00,0.0,0.0,12.67,49.1,3.65,UKP_0004,0,2016
2016-12-13 19:00:00+00:00,0.0,0.0,12.26,50.21,3.65,UKP_0004,0,2016
2016-12-13 20:00:00+00:00,0.0,0.0,11.94,50.94,3.65,UKP_0004,0,2016
2016-12-13 21:00:00+00:00,0.0,0.0,11.64,51.62,3.63,UKP_0004,0,2016
2016-12-13 22:00:00+00:00,0.0,0.0,11.39,51.91,3.6,UKP_0004,0,2016
2016-12-13 23:00:00+00:00,0.0,0.0,11.18,51.83,3.53,UKP_0004,0,2016
2016-12-14 00:00:00+00:00,0.0,0.0,10.97,51.76,3.42,UKP_0004,0,2016
2016-12-14 01:00:00+00:00,6.97,7.95,10.82,51.59,3.29,UKP_0004,0,2016
2016-12-14 02:00:00+00:00,116.93,121.4,13.42,47.66,2.81,UKP_0004,0,2016
2016-12-14 03:00:00+00:00,298.4,299.6,17.57,35.93,3.38,UKP_0004,0,2016
2016-12-14 04:00:00+00:00,429.83,449.4,20.31,30.3,3.99,UKP_0004,0,2016
2016-12-14 05:00:00+00:00,532.28,551.12,23.23,24.52,5.45,UKP_0004,0,2016
2016-12-14 06:00:00+00:00,626.45,643.7,24.71,21.87,5.66,UKP_0004,0,2016
2016-12-14 07:00:00+00:00,612.97,613.8,25.35,20.5,5.59,UKP_0004,0,2016
2016-12-14 08:00:00+00:00,492.85,517.35,25.44,19.8,5.43,UKP_0004,0,2016
2016-12-14 09:00:00+00:00,345.7,365.3,24.78,20.13,5.13,UKP_0004,0,2016
2016-12-14 10:00:00+00:00,175.25,179.93,22.51,27.03,3.49,UKP_0004,0,2016
2016-12-14 11:00:00+00:00,20.48,21.42,17.97,38.14,3.3,UKP_0004,0,2016
2016-12-14 12:00:00+00:00,0.0,0.0,15.85,40.27,3.58,UKP_0004,0,2016
2016-12-14 13:00:00+00:00,0.0,0.0,14.99,40.83,3.57,UKP_0004,0,2016
2016-12-14 14:00:00+00:00,0.0,0.0,14.14,42.08,3.5,UKP_0004,0,2016
2016-12-14 15:00:00+00:00,0.0,0.0,13.35,43.69,3.44,UKP_0004,0,2016
2016-12-14 16:00:00+00:00,0.0,0.0,12.69,45.19,3.46,UKP_0004,0,2016
2016-12-14 17:00:00+00:00,0.0,0.0,12.17,46.43,3.53,UKP_0004,0,2016
2016-12-14 18:00:00+00:00,0.0,0.0,11.72,47.35,3.58,UKP_0004,0,2016
2016-12-14 19:00:00+00:00,0.0,0.0,11.19,48.91,3.51,UKP_0004,0,2016
2016-12-14 20:00:00+00:00,0.0,0.0,10.74,50.02,3.49,UKP_0004,0,2016
2016-12-14 21:00:00+00:00,0.0,0.0,10.32,50.92,3.49,UKP_0004,0,2016
2016-12-14 22:00:00+00:00,0.0,0.0,9.9,51.57,3.47,UKP_0004,0,2016
2016-12-14 23:00:00+00:00,0.0,0.0,9.51,52.41,3.38,UKP_0004,0,2016
2016-12-15 00:00:00+00:00,0.0,0.0,9.15,53.03,3.22,UKP_0004,0,2016
2016-12-15 01:00:00+00:00,6.8,7.62,9.12,52.22,3.0,UKP_0004,0,2016
2016-12-15 02:00:00+00:00,109.57,128.23,11.65,49.94,2.35,UKP_0004,0,2016
2016-12-15 03:00:00+00:00,255.05,312.62,15.93,35.69,2.57,UKP_0004,0,2016
2016-12-15 04:00:00+00:00,392.75,473.62,18.79,27.14,3.61,UKP_0004,0,2016
2016-12-15 05:00:00+00:00,520.42,582.03,21.5,21.84,4.89,UKP_0004,0,2016
2016-12-15 06:00:00+00:00,569.55,620.25,23.0,19.65,5.37,UKP_0004,0,2016
2016-12-15 07:00:00+00:00,584.65,592.97,23.75,18.76,5.42,UKP_0004,0,2016
2016-12-15 08:00:00+00:00,475.6,499.9,23.9,18.63,5.38,UKP_0004,0,2016
2016-12-15 09:00:00+00:00,328.88,351.75,23.61,19.17,5.22,UKP_0004,0,2016
2016-12-15 10:00:00+00:00,169.3,172.0,21.48,26.39,3.41,UKP_0004,0,2016
2016-12-15 11:00:00+00:00,19.48,20.27,16.8,39.58,3.02,UKP_0004,0,2016
2016-12-15 12:00:00+00:00,0.0,0.0,14.84,41.57,3.0,UKP_0004,0,2016
2016-12-15 13:00:00+00:00,0.0,0.0,14.18,41.76,2.74,UKP_0004,0,2016
2016-12-15 14:00:00+00:00,0.0,0.0,13.37,42.51,2.68,UKP_0004,0,2016
2016-12-15 15:00:00+00:00,0.0,0.0,12.8,42.87,2.59,UKP_0004,0,2016
2016-12-15 16:00:00+00:00,0.0,0.0,12.22,43.66,2.62,UKP_0004,0,2016
2016-12-15 17:00:00+00:00,0.0,0.0,11.83,44.01,2.69,UKP_0004,0,2016
2016-12-15 18:00:00+00:00,0.0,0.0,11.77,43.49,2.62,UKP_0004,0,2016
2016-12-15 19:00:00+00:00,0.0,0.0,12.19,41.51,2.35,UKP_0004,0,2016
2016-12-15 20:00:00+00:00,0.0,0.0,12.71,39.57,1.94,UKP_0004,0,2016
2016-12-15 21:00:00+00:00,0.0,0.0,12.87,38.62,1.61,UKP_0004,0,2016
2016-12-15 22:00:00+00:00,0.0,0.0,13.06,37.41,1.41,UKP_0004,0,2016
2016-12-15 23:00:00+00:00,0.0,0.0,12.87,38.1,1.09,UKP_0004,0,2016
2016-12-16 00:00:00+00:00,0.0,0.0,12.56,38.7,0.84,UKP_0004,0,2016
2016-12-16 01:00:00+00:00,6.97,7.45,12.14,39.72,0.95,UKP_0004,0,2016
2016-12-16 02:00:00+00:00,132.57,135.25,12.72,42.76,1.17,UKP_0004,0,2016
2016-12-16 03:00:00+00:00,310.8,324.73,15.87,34.47,1.27,UKP_0004,0,2016
2016-12-16 04:00:00+00:00,468.98,486.12,18.62,25.98,0.22,UKP_0004,0,2016
2016-12-16 05:00:00+00:00,568.42,593.42,21.5,20.87,1.52,UKP_0004,0,2016
2016-12-16 06:00:00+00:00,625.75,632.3,22.96,19.24,2.01,UKP_0004,0,2016
2016-12-16 07:00:00+00:00,573.17,604.28,23.67,18.53,2.54,UKP_0004,0,2016
2016-12-16 08:00:00+00:00,506.62,512.92,23.82,18.35,2.93,UKP_0004,0,2016
2016-12-16 09:00:00+00:00,356.0,365.08,23.22,19.13,3.07,UKP_0004,0,2016
2016-12-16 10:00:00+00:00,177.05,182.1,21.2,29.83,2.2,UKP_0004,0,2016
2016-12-16 11:00:00+00:00,21.4,22.1,17.12,40.31,2.43,UKP_0004,0,2016
2016-12-16 12:00:00+00:00,0.0,0.0,15.75,38.49,2.37,UKP_0004,0,2016
2016-12-16 13:00:00+00:00,0.0,0.0,15.52,37.12,2.01,UKP_0004,0,2016
2016-12-16 14:00:00+00:00,0.0,0.0,15.22,35.59,1.79,UKP_0004,0,2016
2016-12-16 15:00:00+00:00,0.0,0.0,14.75,35.66,1.85,UKP_0004,0,2016
2016-12-16 16:00:00+00:00,0.0,0.0,14.11,37.45,1.92,UKP_0004,0,2016
2016-12-16 17:00:00+00:00,0.0,0.0,13.67,37.52,1.88,UKP_0004,0,2016
2016-12-16 18:00:00+00:00,0.0,0.0,13.91,35.83,1.75,UKP_0004,0,2016
2016-12-16 19:00:00+00:00,0.0,0.0,13.55,36.88,1.72,UKP_0004,0,2016
2016-12-16 20:00:00+00:00,0.0,0.0,13.05,38.51,1.77,UKP_0004,0,2016
2016-12-16 21:00:00+00:00,0.0,0.0,12.71,39.48,1.81,UKP_0004,0,2016
2016-12-16 22:00:00+00:00,0.0,0.0,12.69,39.63,1.86,UKP_0004,0,2016
2016-12-16 23:00:00+00:00,0.0,0.0,12.85,39.63,1.8,UKP_0004,0,2016
2016-12-17 00:00:00+00:00,0.0,0.0,13.14,38.39,1.69,UKP_0004,0,2016
2016-12-17 01:00:00+00:00,7.78,8.27,13.07,37.76,1.53,UKP_0004,0,2016
2016-12-17 02:00:00+00:00,142.62,150.05,14.08,39.29,1.38,UKP_0004,0,2016
2016-12-17 03:00:00+00:00,338.35,346.42,17.13,34.58,1.3,UKP_0004,0,2016
2016-12-17 04:00:00+00:00,498.52,510.02,19.76,25.45,0.41,UKP_0004,0,2016
2016-12-17 05:00:00+00:00,611.17,618.42,22.44,20.89,1.07,UKP_0004,0,2016
2016-12-17 06:00:00+00:00,660.15,660.15,24.17,18.54,1.96,UKP_0004,0,2016
2016-12-17 07:00:00+00:00,635.38,635.67,24.81,17.72,2.58,UKP_0004,0,2016
2016-12-17 08:00:00+00:00,517.12,544.58,24.69,17.89,2.9,UKP_0004,0,2016
2016-12-17 09:00:00+00:00,374.58,396.0,24.07,18.92,2.88,UKP_0004,0,2016
2016-12-17 10:00:00+00:00,197.57,206.88,22.17,29.0,2.12,UKP_0004,0,2016
2016-12-17 11:00:00+00:00,26.05,27.67,17.58,40.8,2.52,UKP_0004,0,2016
2016-12-17 12:00:00+00:00,0.0,0.0,15.55,40.17,2.63,UKP_0004,0,2016
2016-12-17 13:00:00+00:00,0.0,0.0,14.68,40.53,2.53,UKP_0004,0,2016
2016-12-17 14:00:00+00:00,0.0,0.0,13.84,41.33,2.61,UKP_0004,0,2016
2016-12-17 15:00:00+00:00,0.0,0.0,13.02,42.46,2.83,UKP_0004,0,2016
2016-12-17 16:00:00+00:00,0.0,0.0,12.35,43.49,3.03,UKP_0004,0,2016
2016-12-17 17:00:00+00:00,0.0,0.0,11.87,44.32,3.2,UKP_0004,0,2016
2016-12-17 18:00:00+00:00,0.0,0.0,11.61,44.38,3.29,UKP_0004,0,2016
2016-12-17 19:00:00+00:00,0.0,0.0,11.71,43.72,3.21,UKP_0004,0,2016
2016-12-17 20:00:00+00:00,0.0,0.0,11.69,43.08,3.14,UKP_0004,0,2016
2016-12-17 21:00:00+00:00,0.0,0.0,11.46,42.93,3.11,UKP_0004,0,2016
2016-12-17 22:00:00+00:00,0.0,0.0,11.09,43.16,3.05,UKP_0004,0,2016
2016-12-17 23:00:00+00:00,0.0,0.0,11.32,42.39,2.78,UKP_0004,0,2016
2016-12-18 00:00:00+00:00,0.0,0.0,11.65,40.24,2.44,UKP_0004,0,2016
2016-12-18 01:00:00+00:00,6.97,7.93,12.01,37.32,1.92,UKP_0004,0,2016
2016-12-18 02:00:00+00:00,139.57,148.7,13.3,40.16,1.67,UKP_0004,0,2016
2016-12-18 03:00:00+00:00,325.88,345.92,16.81,33.38,1.41,UKP_0004,0,2016
2016-12-18 04:00:00+00:00,492.75,510.58,19.66,23.89,1.17,UKP_0004,0,2016
2016-12-18 05:00:00+00:00,605.42,619.6,22.31,20.65,2.29,UKP_0004,0,2016
2016-12-18 06:00:00+00:00,636.08,654.03,24.19,18.0,2.47,UKP_0004,0,2016
2016-12-18 07:00:00+00:00,591.78,628.3,24.83,17.01,2.77,UKP_0004,0,2016
2016-12-18 08:00:00+00:00,533.03,536.55,24.82,16.86,2.9,UKP_0004,0,2016
2016-12-18 09:00:00+00:00,384.02,387.52,24.18,17.57,2.84,UKP_0004,0,2016
2016-12-18 10:00:00+00:00,196.68,199.0,22.09,27.81,2.1,UKP_0004,0,2016
2016-12-18 11:00:00+00:00,25.6,25.83,17.45,39.37,2.49,UKP_0004,0,2016
2016-12-18 12:00:00+00:00,0.0,0.0,15.56,37.98,2.58,UKP_0004,0,2016
2016-12-18 13:00:00+00:00,0.0,0.0,15.03,36.85,2.31,UKP_0004,0,2016
2016-12-18 14:00:00+00:00,0.0,0.0,14.42,36.72,2.12,UKP_0004,0,2016
2016-12-18 15:00:00+00:00,0.0,0.0,13.62,37.48,2.21,UKP_0004,0,2016
2016-12-18 16:00:00+00:00,0.0,0.0,13.08,38.09,2.28,UKP_0004,0,2016
2016-12-18 17:00:00+00:00,0.0,0.0,12.81,38.12,2.28,UKP_0004,0,2016
2016-12-18 18:00:00+00:00,0.0,0.0,12.57,37.95,2.32,UKP_0004,0,2016
2016-12-18 19:00:00+00:00,0.0,0.0,12.42,38.0,2.35,UKP_0004,0,2016
2016-12-18 20:00:00+00:00,0.0,0.0,12.42,37.66,2.31,UKP_0004,0,2016
2016-12-18 21:00:00+00:00,0.0,0.0,12.44,36.95,2.26,UKP_0004,0,2016
2016-12-18 22:00:00+00:00,0.0,0.0,12.42,36.22,2.11,UKP_0004,0,2016
2016-12-18 23:00:00+00:00,0.0,0.0,11.98,36.61,2.12,UKP_0004,0,2016
2016-12-19 00:00:00+00:00,0.0,0.0,11.34,37.27,2.21,UKP_0004,0,2016
2016-12-19 01:00:00+00:00,6.6,7.18,10.65,37.82,2.36,UKP_0004,0,2016
2016-12-19 02:00:00+00:00,136.07,142.8,11.77,41.6,2.3,UKP_0004,0,2016
2016-12-19 03:00:00+00:00,325.65,339.25,16.16,30.19,2.25,UKP_0004,0,2016
2016-12-19 04:00:00+00:00,486.25,503.95,19.08,21.85,2.82,UKP_0004,0,2016
2016-12-19 05:00:00+00:00,604.0,614.58,21.85,18.47,4.04,UKP_0004,0,2016
2016-12-19 06:00:00+00:00,650.55,650.55,23.81,16.23,4.59,UKP_0004,0,2016
2016-12-19 07:00:00+00:00,626.45,626.45,24.7,15.31,4.9,UKP_0004,0,2016
2016-12-19 08:00:00+00:00,504.75,534.85,24.88,15.09,5.2,UKP_0004,0,2016
2016-12-19 09:00:00+00:00,362.5,385.27,24.51,15.52,5.26,UKP_0004,0,2016
2016-12-19 10:00:00+00:00,187.05,196.18,21.89,24.18,3.35,UKP_0004,0,2016
2016-12-19 11:00:00+00:00,23.75,25.25,16.86,35.83,3.28,UKP_0004,0,2016
2016-12-19 12:00:00+00:00,0.0,0.0,14.65,37.64,3.45,UKP_0004,0,2016
2016-12-19 13:00:00+00:00,0.0,0.0,13.7,38.36,3.46,UKP_0004,0,2016
2016-12-19 14:00:00+00:00,0.0,0.0,12.82,39.28,3.46,UKP_0004,0,2016
2016-12-19 15:00:00+00:00,0.0,0.0,12.05,40.54,3.34,UKP_0004,0,2016
2016-12-19 16:00:00+00:00,0.0,0.0,11.44,41.75,3.19,UKP_0004,0,2016
2016-12-19 17:00:00+00:00,0.0,0.0,10.98,42.43,3.1,UKP_0004,0,2016
2016-12-19 18:00:00+00:00,0.0,0.0,10.56,42.75,3.12,UKP_0004,0,2016
2016-12-19 19:00:00+00:00,0.0,0.0,10.08,43.24,3.24,UKP_0004,0,2016
2016-12-19 20:00:00+00:00,0.0,0.0,9.61,43.7,3.39,UKP_0004,0,2016
2016-12-19 21:00:00+00:00,0.0,0.0,9.19,44.0,3.48,UKP_0004,0,2016
2016-12-19 22:00:00+00:00,0.0,0.0,8.78,44.39,3.53,UKP_0004,0,2016
2016-12-19 23:00:00+00:00,0.0,0.0,8.39,44.86,3.53,UKP_0004,0,2016
2016-12-20 00:00:00+00:00,0.0,0.0,8.03,45.11,3.52,UKP_0004,0,2016
2016-12-20 01:00:00+00:00,6.25,7.1,7.75,45.27,3.5,UKP_0004,0,2016
2016-12-20 02:00:00+00:00,129.62,145.25,10.61,41.99,3.01,UKP_0004,0,2016
2016-12-20 03:00:00+00:00,317.23,346.48,15.5,29.54,3.69,UKP_0004,0,2016
2016-12-20 04:00:00+00:00,482.5,516.1,18.86,21.95,4.04,UKP_0004,0,2016
2016-12-20 05:00:00+00:00,596.1,630.75,21.93,17.8,5.24,UKP_0004,0,2016
2016-12-20 06:00:00+00:00,635.83,649.9,24.13,15.36,5.98,UKP_0004,0,2016
2016-12-20 07:00:00+00:00,584.55,634.2,25.49,13.96,6.48,UKP_0004,0,2016
2016-12-20 08:00:00+00:00,547.15,547.35,26.06,13.07,6.52,UKP_0004,0,2016
2016-12-20 09:00:00+00:00,400.52,400.7,25.69,13.49,6.04,UKP_0004,0,2016
2016-12-20 10:00:00+00:00,211.18,211.32,22.95,21.41,3.61,UKP_0004,0,2016
2016-12-20 11:00:00+00:00,29.67,29.7,17.3,34.01,3.4,UKP_0004,0,2016
2016-12-20 12:00:00+00:00,0.0,0.0,14.78,36.36,3.5,UKP_0004,0,2016
2016-12-20 13:00:00+00:00,0.0,0.0,13.85,37.36,3.28,UKP_0004,0,2016
2016-12-20 14:00:00+00:00,0.0,0.0,13.09,38.24,2.98,UKP_0004,0,2016
2016-12-20 15:00:00+00:00,0.0,0.0,12.6,38.43,2.6,UKP_0004,0,2016
2016-12-20 16:00:00+00:00,0.0,0.0,12.31,37.98,2.24,UKP_0004,0,2016
2016-12-20 17:00:00+00:00,0.0,0.0,12.03,37.79,2.02,UKP_0004,0,2016
2016-12-20 18:00:00+00:00,0.0,0.0,11.94,36.67,1.86,UKP_0004,0,2016
2016-12-20 19:00:00+00:00,0.0,0.0,12.02,35.13,1.62,UKP_0004,0,2016
2016-12-20 20:00:00+00:00,0.0,0.0,11.91,34.7,1.36,UKP_0004,0,2016
2016-12-20 21:00:00+00:00,0.0,0.0,11.2,36.01,1.51,UKP_0004,0,2016
2016-12-20 22:00:00+00:00,0.0,0.0,10.33,37.28,1.8,UKP_0004,0,2016
2016-12-20 23:00:00+00:00,0.0,0.0,9.8,37.59,1.85,UKP_0004,0,2016
2016-12-21 00:00:00+00:00,0.0,0.0,9.57,37.01,1.85,UKP_0004,0,2016
2016-12-21 01:00:00+00:00,6.65,6.97,9.39,36.42,1.89,UKP_0004,0,2016
2016-12-21 02:00:00+00:00,141.6,146.07,10.96,39.86,1.75,UKP_0004,0,2016
2016-12-21 03:00:00+00:00,330.1,343.83,15.14,30.34,1.2,UKP_0004,0,2016
2016-12-21 04:00:00+00:00,498.27,510.5,18.28,22.33,1.04,UKP_0004,0,2016
2016-12-21 05:00:00+00:00,618.88,621.58,20.7,20.11,2.25,UKP_0004,0,2016
2016-12-21 06:00:00+00:00,614.35,631.28,22.31,18.61,3.28,UKP_0004,0,2016
2016-12-21 07:00:00+00:00,607.5,607.95,23.6,17.25,4.12,UKP_0004,0,2016
2016-12-21 08:00:00+00:00,481.88,520.72,24.41,16.21,4.67,UKP_0004,0,2016
2016-12-21 09:00:00+00:00,344.55,374.23,24.38,16.19,4.81,UKP_0004,0,2016
2016-12-21 10:00:00+00:00,181.2,191.25,21.85,26.18,3.01,UKP_0004,0,2016
2016-12-21 11:00:00+00:00,23.65,25.45,16.96,36.05,3.15,UKP_0004,0,2016
2016-12-21 12:00:00+00:00,0.0,0.0,15.3,34.89,3.07,UKP_0004,0,2016
2016-12-21 13:00:00+00:00,0.0,0.0,14.93,33.64,2.71,UKP_0004,0,2016
2016-12-21 14:00:00+00:00,0.0,0.0,14.35,33.51,2.4,UKP_0004,0,2016
2016-12-21 15:00:00+00:00,0.0,0.0,14.22,33.04,2.02,UKP_0004,0,2016
2016-12-21 16:00:00+00:00,0.0,0.0,14.13,32.56,1.84,UKP_0004,0,2016
2016-12-21 17:00:00+00:00,0.0,0.0,14.04,32.95,1.99,UKP_0004,0,2016
2016-12-21 18:00:00+00:00,0.0,0.0,12.89,36.88,2.05,UKP_0004,0,2016
2016-12-21 19:00:00+00:00,0.0,0.0,12.16,39.68,2.14,UKP_0004,0,2016
2016-12-21 20:00:00+00:00,0.0,0.0,11.87,40.43,2.23,UKP_0004,0,2016
2016-12-21 21:00:00+00:00,0.0,0.0,11.21,41.99,2.36,UKP_0004,0,2016
2016-12-21 22:00:00+00:00,0.0,0.0,10.44,43.82,2.63,UKP_0004,0,2016
2016-12-21 23:00:00+00:00,0.0,0.0,9.69,45.83,2.89,UKP_0004,0,2016
2016-12-22 00:00:00+00:00,0.0,0.0,8.95,48.06,3.11,UKP_0004,0,2016
2016-12-22 01:00:00+00:00,5.65,6.3,8.52,49.51,3.25,UKP_0004,0,2016
2016-12-22 02:00:00+00:00,132.38,139.48,10.95,47.47,2.93,UKP_0004,0,2016
2016-12-22 03:00:00+00:00,328.2,337.5,16.11,34.8,3.31,UKP_0004,0,2016
2016-12-22 04:00:00+00:00,431.23,459.63,19.33,26.6,3.36,UKP_0004,0,2016
2016-12-22 05:00:00+00:00,613.75,615.17,21.79,21.41,2.81,UKP_0004,0,2016
2016-12-22 06:00:00+00:00,631.55,634.33,23.24,18.93,2.39,UKP_0004,0,2016
2016-12-22 07:00:00+00:00,591.38,613.95,24.06,17.69,2.48,UKP_0004,0,2016
2016-12-22 08:00:00+00:00,479.39,505.97,24.25,17.27,2.64,UKP_0004,0,2016
2016-12-22 09:00:00+00:00,379.05,385.05,23.66,18.04,2.54,UKP_0004,0,2016
2016-12-22 10:00:00+00:00,198.15,202.12,21.13,32.93,1.83,UKP_0004,0,2016
2016-12-22 11:00:00+00:00,27.58,28.75,17.95,34.38,1.97,UKP_0004,0,2016
2016-12-22 12:00:00+00:00,0.0,0.0,17.34,29.75,1.43,UKP_0004,0,2016
2016-12-22 13:00:00+00:00,0.0,0.0,16.33,31.41,1.08,UKP_0004,0,2016
2016-12-22 14:00:00+00:00,0.0,0.0,14.59,35.8,1.68,UKP_0004,0,2016
2016-12-22 15:00:00+00:00,0.0,0.0,13.1,39.76,2.26,UKP_0004,0,2016
2016-12-22 16:00:00+00:00,0.0,0.0,12.04,42.96,2.69,UKP_0004,0,2016
2016-12-22 17:00:00+00:00,0.0,0.0,11.49,44.3,2.93,UKP_0004,0,2016
2016-12-22 18:00:00+00:00,0.0,0.0,11.4,44.08,3.02,UKP_0004,0,2016
2016-12-22 19:00:00+00:00,0.0,0.0,11.6,42.8,2.99,UKP_0004,0,2016
2016-12-22 20:00:00+00:00,0.0,0.0,11.89,40.94,2.9,UKP_0004,0,2016
2016-12-22 21:00:00+00:00,0.0,0.0,12.19,39.01,2.69,UKP_0004,0,2016
2016-12-22 22:00:00+00:00,0.0,0.0,12.37,37.45,2.46,UKP_0004,0,2016
2016-12-22 23:00:00+00:00,0.0,0.0,12.11,37.09,2.23,UKP_0004,0,2016
2016-12-23 00:00:00+00:00,0.0,0.0,12.1,36.02,2.05,UKP_0004,0,2016
2016-12-23 01:00:00+00:00,6.1,6.7,12.46,34.01,1.99,UKP_0004,0,2016
2016-12-23 02:00:00+00:00,134.3,146.38,13.68,35.32,1.81,UKP_0004,0,2016
2016-12-23 03:00:00+00:00,327.5,345.52,17.5,32.27,1.58,UKP_0004,0,2016
2016-12-23 04:00:00+00:00,496.42,510.58,20.39,21.66,0.78,UKP_0004,0,2016
2016-12-23 05:00:00+00:00,621.0,621.03,22.71,19.18,1.25,UKP_0004,0,2016
2016-12-23 06:00:00+00:00,651.9,652.7,24.09,17.58,2.44,UKP_0004,0,2016
2016-12-23 07:00:00+00:00,629.95,632.75,24.74,16.39,3.41,UKP_0004,0,2016
2016-12-23 08:00:00+00:00,533.2,533.2,24.79,15.62,3.9,UKP_0004,0,2016
2016-12-23 09:00:00+00:00,384.73,387.83,24.12,15.58,3.98,UKP_0004,0,2016
2016-12-23 10:00:00+00:00,198.95,202.15,21.51,26.32,2.62,UKP_0004,0,2016
2016-12-23 11:00:00+00:00,28.15,28.75,16.94,35.23,2.8,UKP_0004,0,2016
2016-12-23 12:00:00+00:00,0.0,0.0,15.72,32.27,2.55,UKP_0004,0,2016
2016-12-23 13:00:00+00:00,0.0,0.0,16.04,28.55,1.76,UKP_0004,0,2016
2016-12-23 14:00:00+00:00,0.0,0.0,16.32,24.95,1.25,UKP_0004,0,2016
2016-12-23 15:00:00+00:00,0.0,0.0,14.55,29.09,1.8,UKP_0004,0,2016
2016-12-23 16:00:00+00:00,0.0,0.0,13.09,32.19,2.33,UKP_0004,0,2016
2016-12-23 17:00:00+00:00,0.0,0.0,11.94,36.28,2.65,UKP_0004,0,2016
2016-12-23 18:00:00+00:00,0.0,0.0,11.17,38.98,2.83,UKP_0004,0,2016
2016-12-23 19:00:00+00:00,0.0,0.0,10.8,39.81,2.9,UKP_0004,0,2016
2016-12-23 20:00:00+00:00,0.0,0.0,10.92,39.48,2.78,UKP_0004,0,2016
2016-12-23 21:00:00+00:00,0.0,0.0,11.24,38.06,2.52,UKP_0004,0,2016
2016-12-23 22:00:00+00:00,0.0,0.0,11.16,37.55,2.43,UKP_0004,0,2016
2016-12-23 23:00:00+00:00,0.0,0.0,10.45,39.0,2.65,UKP_0004,0,2016
2016-12-24 00:00:00+00:00,0.0,0.0,9.6,41.16,2.9,UKP_0004,0,2016
2016-12-24 01:00:00+00:00,4.65,5.2,9.18,42.24,2.99,UKP_0004,0,2016
2016-12-24 02:00:00+00:00,118.6,122.8,11.12,42.68,2.76,UKP_0004,0,2016
2016-12-24 03:00:00+00:00,302.35,311.2,16.25,32.19,2.7,UKP_0004,0,2016
2016-12-24 04:00:00+00:00,471.9,471.95,19.74,20.9,2.42,UKP_0004,0,2016
2016-12-24 05:00:00+00:00,580.12,580.25,22.27,16.95,1.8,UKP_0004,0,2016
2016-12-24 06:00:00+00:00,607.97,608.9,23.59,16.28,2.25,UKP_0004,0,2016
2016-12-24 07:00:00+00:00,581.03,585.88,24.16,16.43,2.82,UKP_0004,0,2016
2016-12-24 08:00:00+00:00,473.52,493.5,24.11,17.19,3.03,UKP_0004,0,2016
2016-12-24 09:00:00+00:00,330.52,345.65,23.64,18.42,2.86,UKP_0004,0,2016
2016-12-24 10:00:00+00:00,165.52,168.73,21.29,32.36,1.87,UKP_0004,0,2016
2016-12-24 11:00:00+00:00,22.48,23.08,17.73,37.16,1.94,UKP_0004,0,2016
2016-12-24 12:00:00+00:00,0.0,0.0,16.88,33.32,1.56,UKP_0004,0,2016
2016-12-24 13:00:00+00:00,0.0,0.0,16.45,32.6,1.17,UKP_0004,0,2016
2016-12-24 14:00:00+00:00,0.0,0.0,15.01,36.23,1.67,UKP_0004,0,2016
2016-12-24 15:00:00+00:00,0.0,0.0,13.31,41.38,2.45,UKP_0004,0,2016
2016-12-24 16:00:00+00:00,0.0,0.0,12.12,45.62,3.02,UKP_0004,0,2016
2016-12-24 17:00:00+00:00,0.0,0.0,11.64,47.77,3.33,UKP_0004,0,2016
2016-12-24 18:00:00+00:00,0.0,0.0,11.48,48.51,3.45,UKP_0004,0,2016
2016-12-24 19:00:00+00:00,0.0,0.0,11.39,49.25,3.52,UKP_0004,0,2016
2016-12-24 20:00:00+00:00,0.0,0.0,11.26,50.37,3.63,UKP_0004,0,2016
2016-12-24 21:00:00+00:00,0.0,0.0,11.12,51.42,3.72,UKP_0004,0,2016
2016-12-24 22:00:00+00:00,0.0,0.0,10.96,52.09,3.73,UKP_0004,0,2016
2016-12-24 23:00:00+00:00,0.0,0.0,10.83,52.44,3.75,UKP_0004,0,2016
2016-12-25 00:00:00+00:00,0.0,0.0,10.68,52.52,3.76,UKP_0004,0,2016
2016-12-25 01:00:00+00:00,3.4,4.12,10.62,52.52,3.75,UKP_0004,0,2016
2016-12-25 02:00:00+00:00,78.93,92.2,12.56,50.09,3.29,UKP_0004,0,2016
2016-12-25 03:00:00+00:00,216.88,256.5,16.99,41.7,2.79,UKP_0004,0,2016
2016-12-25 04:00:00+00:00,352.6,411.05,20.24,32.07,2.9,UKP_0004,0,2016
2016-12-25 05:00:00+00:00,444.5,519.55,21.98,28.51,2.99,UKP_0004,0,2016
2016-12-25 06:00:00+00:00,397.8,501.0,23.16,26.41,3.5,UKP_0004,0,2016
2016-12-25 07:00:00+00:00,310.35,480.38,23.52,26.03,3.96,UKP_0004,0,2016
2016-12-25 08:00:00+00:00,226.77,397.33,23.31,26.94,3.93,UKP_0004,0,2016
2016-12-25 09:00:00+00:00,160.12,272.67,22.41,29.89,3.62,UKP_0004,0,2016
2016-12-25 10:00:00+00:00,74.35,124.55,19.98,45.02,2.13,UKP_0004,0,2016
2016-12-25 11:00:00+00:00,10.27,18.25,16.99,54.32,2.12,UKP_0004,0,2016
2016-12-25 12:00:00+00:00,0.0,0.0,16.73,50.06,1.46,UKP_0004,0,2016
2016-12-25 13:00:00+00:00,0.0,0.0,16.85,48.59,1.09,UKP_0004,0,2016
2016-12-25 14:00:00+00:00,0.0,0.0,15.3,51.87,1.72,UKP_0004,0,2016
2016-12-25 15:00:00+00:00,0.0,0.0,14.28,53.88,2.25,UKP_0004,0,2016
2016-12-25 16:00:00+00:00,0.0,0.0,14.03,53.1,2.23,UKP_0004,0,2016
2016-12-25 17:00:00+00:00,0.0,0.0,13.93,51.97,2.0,UKP_0004,0,2016
2016-12-25 18:00:00+00:00,0.0,0.0,13.61,51.44,1.87,UKP_0004,0,2016
2016-12-25 19:00:00+00:00,0.0,0.0,13.08,52.2,2.12,UKP_0004,0,2016
2016-12-25 20:00:00+00:00,0.0,0.0,11.8,56.66,2.6,UKP_0004,0,2016
2016-12-25 21:00:00+00:00,0.0,0.0,11.05,59.19,2.81,UKP_0004,0,2016
2016-12-25 22:00:00+00:00,0.0,0.0,11.01,57.67,2.78,UKP_0004,0,2016
2016-12-25 23:00:00+00:00,0.0,0.0,11.19,54.89,2.73,UKP_0004,0,2016
2016-12-26 00:00:00+00:00,0.0,0.0,11.52,51.66,2.58,UKP_0004,0,2016
2016-12-26 01:00:00+00:00,2.7,3.4,11.35,50.89,2.6,UKP_0004,0,2016
2016-12-26 02:00:00+00:00,69.75,74.62,12.58,52.76,2.46,UKP_0004,0,2016
2016-12-26 03:00:00+00:00,206.43,219.18,16.6,48.41,2.09,UKP_0004,0,2016
2016-12-26 04:00:00+00:00,351.6,364.25,19.64,32.13,3.07,UKP_0004,0,2016
2016-12-26 05:00:00+00:00,471.67,472.58,22.37,24.03,3.98,UKP_0004,0,2016
2016-12-26 06:00:00+00:00,651.22,652.0,23.99,21.5,4.65,UKP_0004,0,2016
2016-12-26 07:00:00+00:00,634.15,634.15,24.69,20.4,5.21,UKP_0004,0,2016
2016-12-26 08:00:00+00:00,512.15,544.72,24.75,20.05,5.75,UKP_0004,0,2016
2016-12-26 09:00:00+00:00,371.12,396.2,24.21,20.19,6.1,UKP_0004,0,2016
2016-12-26 10:00:00+00:00,197.75,207.2,22.32,23.84,4.83,UKP_0004,0,2016
2016-12-26 11:00:00+00:00,27.73,30.27,17.09,37.08,3.45,UKP_0004,0,2016
2016-12-26 12:00:00+00:00,0.0,0.0,14.4,40.56,3.61,UKP_0004,0,2016
2016-12-26 13:00:00+00:00,0.0,0.0,13.27,41.32,3.51,UKP_0004,0,2016
2016-12-26 14:00:00+00:00,0.0,0.0,12.19,43.82,3.27,UKP_0004,0,2016
2016-12-26 15:00:00+00:00,0.0,0.0,11.44,45.84,2.94,UKP_0004,0,2016
2016-12-26 16:00:00+00:00,0.0,0.0,10.94,46.81,2.87,UKP_0004,0,2016
2016-12-26 17:00:00+00:00,0.0,0.0,10.62,47.34,2.89,UKP_0004,0,2016
2016-12-26 18:00:00+00:00,0.0,0.0,10.74,46.47,2.78,UKP_0004,0,2016
2016-12-26 19:00:00+00:00,0.0,0.0,11.17,44.55,2.59,UKP_0004,0,2016
2016-12-26 20:00:00+00:00,0.0,0.0,11.35,43.42,2.49,UKP_0004,0,2016
2016-12-26 21:00:00+00:00,0.0,0.0,10.87,43.97,2.56,UKP_0004,0,2016
2016-12-26 22:00:00+00:00,0.0,0.0,10.15,44.74,2.67,UKP_0004,0,2016
2016-12-26 23:00:00+00:00,0.0,0.0,9.73,44.45,2.63,UKP_0004,0,2016
2016-12-27 00:00:00+00:00,0.0,0.0,9.84,42.47,2.34,UKP_0004,0,2016
2016-12-27 01:00:00+00:00,4.15,4.32,9.88,41.22,1.96,UKP_0004,0,2016
2016-12-27 02:00:00+00:00,110.55,112.03,11.74,40.42,1.58,UKP_0004,0,2016
2016-12-27 03:00:00+00:00,291.62,297.9,15.66,35.14,1.33,UKP_0004,0,2016
2016-12-27 04:00:00+00:00,456.7,461.75,18.33,23.21,1.22,UKP_0004,0,2016
2016-12-27 05:00:00+00:00,572.22,572.53,20.54,18.73,1.59,UKP_0004,0,2016
2016-12-27 06:00:00+00:00,607.92,616.62,22.16,16.01,2.14,UKP_0004,0,2016
2016-12-27 07:00:00+00:00,555.22,596.62,23.26,14.14,2.44,UKP_0004,0,2016
2016-12-27 08:00:00+00:00,509.1,509.5,23.46,13.8,2.28,UKP_0004,0,2016
2016-12-27 09:00:00+00:00,363.27,368.23,22.91,14.49,1.89,UKP_0004,0,2016
2016-12-27 10:00:00+00:00,186.43,190.62,20.83,27.94,1.41,UKP_0004,0,2016
2016-12-27 11:00:00+00:00,27.95,28.6,17.9,28.89,1.54,UKP_0004,0,2016
2016-12-27 12:00:00+00:00,0.0,0.0,17.21,24.14,1.03,UKP_0004,0,2016
2016-12-27 13:00:00+00:00,0.0,0.0,16.77,24.1,0.6,UKP_0004,0,2016
2016-12-27 14:00:00+00:00,0.0,0.0,15.19,27.12,1.43,UKP_0004,0,2016
2016-12-27 15:00:00+00:00,0.0,0.0,13.4,32.29,1.9,UKP_0004,0,2016
2016-12-27 16:00:00+00:00,0.0,0.0,12.7,33.7,2.04,UKP_0004,0,2016
2016-12-27 17:00:00+00:00,0.0,0.0,12.34,35.27,2.13,UKP_0004,0,2016
2016-12-27 18:00:00+00:00,0.0,0.0,11.87,36.58,2.0,UKP_0004,0,2016
2016-12-27 19:00:00+00:00,0.0,0.0,12.54,34.34,1.7,UKP_0004,0,2016
2016-12-27 20:00:00+00:00,0.0,0.0,12.82,34.13,1.41,UKP_0004,0,2016
2016-12-27 21:00:00+00:00,0.0,0.0,12.97,33.15,1.18,UKP_0004,0,2016
2016-12-27 22:00:00+00:00,0.0,0.0,12.59,33.76,1.01,UKP_0004,0,2016
2016-12-27 23:00:00+00:00,0.0,0.0,11.98,34.13,1.09,UKP_0004,0,2016
2016-12-28 00:00:00+00:00,0.0,0.0,10.73,37.1,1.44,UKP_0004,0,2016
2016-12-28 01:00:00+00:00,3.65,4.18,9.93,39.29,1.84,UKP_0004,0,2016
2016-12-28 02:00:00+00:00,99.4,109.5,11.09,42.69,1.88,UKP_0004,0,2016
2016-12-28 03:00:00+00:00,262.83,292.83,15.28,31.94,1.98,UKP_0004,0,2016
2016-12-28 04:00:00+00:00,418.58,455.35,18.1,22.78,1.3,UKP_0004,0,2016
2016-12-28 05:00:00+00:00,543.38,567.03,20.42,18.59,1.62,UKP_0004,0,2016
2016-12-28 06:00:00+00:00,540.72,583.95,21.79,16.84,2.71,UKP_0004,0,2016
2016-12-28 07:00:00+00:00,538.95,563.45,22.39,16.27,3.25,UKP_0004,0,2016
2016-12-28 08:00:00+00:00,436.8,478.83,22.46,16.25,3.29,UKP_0004,0,2016
2016-12-28 09:00:00+00:00,316.12,340.42,21.93,17.25,3.06,UKP_0004,0,2016
2016-12-28 10:00:00+00:00,166.23,172.07,19.45,32.8,1.97,UKP_0004,0,2016
2016-12-28 11:00:00+00:00,25.33,26.02,16.79,33.47,1.98,UKP_0004,0,2016
2016-12-28 12:00:00+00:00,0.0,0.0,16.37,28.19,1.43,UKP_0004,0,2016
2016-12-28 13:00:00+00:00,0.0,0.0,16.42,26.2,0.44,UKP_0004,0,2016
2016-12-28 14:00:00+00:00,0.0,0.0,15.13,29.12,0.83,UKP_0004,0,2016
2016-12-28 15:00:00+00:00,0.0,0.0,13.43,33.55,1.71,UKP_0004,0,2016
2016-12-28 16:00:00+00:00,0.0,0.0,11.69,39.46,2.42,UKP_0004,0,2016
2016-12-28 17:00:00+00:00,0.0,0.0,10.47,44.03,2.91,UKP_0004,0,2016
2016-12-28 18:00:00+00:00,0.0,0.0,9.91,45.69,3.17,UKP_0004,0,2016
2016-12-28 19:00:00+00:00,0.0,0.0,9.66,46.19,3.26,UKP_0004,0,2016
2016-12-28 20:00:00+00:00,0.0,0.0,9.54,46.16,3.28,UKP_0004,0,2016
2016-12-28 21:00:00+00:00,0.0,0.0,9.47,45.83,3.25,UKP_0004,0,2016
2016-12-28 22:00:00+00:00,0.0,0.0,9.4,45.5,3.17,UKP_0004,0,2016
2016-12-28 23:00:00+00:00,0.0,0.0,9.4,44.72,3.01,UKP_0004,0,2016
2016-12-29 00:00:00+00:00,0.0,0.0,9.43,43.86,2.83,UKP_0004,0,2016
2016-12-29 01:00:00+00:00,3.55,3.83,9.43,43.23,2.72,UKP_0004,0,2016
2016-12-29 02:00:00+00:00,95.82,104.32,10.8,43.82,2.51,UKP_0004,0,2016
2016-12-29 03:00:00+00:00,258.23,286.88,14.93,36.68,2.28,UKP_0004,0,2016
2016-12-29 04:00:00+00:00,413.8,452.92,17.99,24.79,2.63,UKP_0004,0,2016
2016-12-29 05:00:00+00:00,503.25,569.67,19.96,21.44,2.68,UKP_0004,0,2016
2016-12-29 06:00:00+00:00,545.35,624.7,21.52,19.34,2.84,UKP_0004,0,2016
2016-12-29 07:00:00+00:00,560.8,605.62,22.27,18.69,2.86,UKP_0004,0,2016
2016-12-29 08:00:00+00:00,491.2,515.38,22.33,19.07,2.73,UKP_0004,0,2016
2016-12-29 09:00:00+00:00,352.2,365.5,21.8,20.35,2.58,UKP_0004,0,2016
2016-12-29 10:00:00+00:00,176.75,181.68,19.62,33.75,1.8,UKP_0004,0,2016
2016-12-29 11:00:00+00:00,26.33,26.92,16.43,38.76,1.87,UKP_0004,0,2016
2016-12-29 12:00:00+00:00,0.0,0.0,15.79,34.12,1.39,UKP_0004,0,2016
2016-12-29 13:00:00+00:00,0.0,0.0,15.29,34.34,0.66,UKP_0004,0,2016
2016-12-29 14:00:00+00:00,0.0,0.0,13.83,37.76,1.11,UKP_0004,0,2016
2016-12-29 15:00:00+00:00,0.0,0.0,12.54,42.05,1.91,UKP_0004,0,2016
2016-12-29 16:00:00+00:00,0.0,0.0,11.56,45.19,2.38,UKP_0004,0,2016
2016-12-29 17:00:00+00:00,0.0,0.0,11.02,46.83,2.62,UKP_0004,0,2016
2016-12-29 18:00:00+00:00,0.0,0.0,10.71,47.68,2.77,UKP_0004,0,2016
2016-12-29 19:00:00+00:00,0.0,0.0,10.58,47.96,2.87,UKP_0004,0,2016
2016-12-29 20:00:00+00:00,0.0,0.0,10.6,47.65,2.9,UKP_0004,0,2016
2016-12-29 21:00:00+00:00,0.0,0.0,10.52,47.65,2.89,UKP_0004,0,2016
2016-12-29 22:00:00+00:00,0.0,0.0,10.26,48.23,2.92,UKP_0004,0,2016
2016-12-29 23:00:00+00:00,0.0,0.0,10.07,48.47,2.94,UKP_0004,0,2016
2016-12-30 00:00:00+00:00,0.0,0.0,9.98,48.27,2.92,UKP_0004,0,2016
2016-12-30 01:00:00+00:00,3.28,3.42,10.0,47.85,2.86,UKP_0004,0,2016
2016-12-30 02:00:00+00:00,79.28,81.03,12.01,46.59,2.58,UKP_0004,0,2016
2016-12-30 03:00:00+00:00,233.98,235.52,16.9,36.42,2.36,UKP_0004,0,2016
2016-12-30 04:00:00+00:00,384.83,385.33,19.98,26.14,1.59,UKP_0004,0,2016
2016-12-30 05:00:00+00:00,517.45,517.47,22.06,22.88,2.11,UKP_0004,0,2016
2016-12-30 06:00:00+00:00,609.92,610.55,23.29,21.44,2.68,UKP_0004,0,2016
2016-12-30 07:00:00+00:00,569.03,591.78,23.83,20.83,2.98,UKP_0004,0,2016
2016-12-30 08:00:00+00:00,466.73,504.85,23.81,20.95,2.99,UKP_0004,0,2016
2016-12-30 09:00:00+00:00,328.45,362.62,23.18,22.13,3.01,UKP_0004,0,2016
2016-12-30 10:00:00+00:00,174.2,187.45,21.15,30.9,2.29,UKP_0004,0,2016
2016-12-30 11:00:00+00:00,27.48,29.88,16.48,44.97,2.56,UKP_0004,0,2016
2016-12-30 12:00:00+00:00,0.0,0.0,14.76,45.21,2.41,UKP_0004,0,2016
2016-12-30 13:00:00+00:00,0.0,0.0,14.96,42.73,1.55,UKP_0004,0,2016
2016-12-30 14:00:00+00:00,0.0,0.0,14.96,41.19,0.25,UKP_0004,0,2016
2016-12-30 15:00:00+00:00,0.0,0.0,14.01,43.62,1.32,UKP_0004,0,2016
2016-12-30 16:00:00+00:00,0.0,0.0,12.48,48.75,2.29,UKP_0004,0,2016
2016-12-30 17:00:00+00:00,0.0,0.0,11.67,51.41,2.68,UKP_0004,0,2016
2016-12-30 18:00:00+00:00,0.0,0.0,11.66,51.08,2.67,UKP_0004,0,2016
2016-12-30 19:00:00+00:00,0.0,0.0,11.92,49.63,2.53,UKP_0004,0,2016
2016-12-30 20:00:00+00:00,0.0,0.0,12.09,48.28,2.39,UKP_0004,0,2016
2016-12-30 21:00:00+00:00,0.0,0.0,11.97,48.09,2.33,UKP_0004,0,2016
2016-12-30 22:00:00+00:00,0.0,0.0,11.72,48.41,2.35,UKP_0004,0,2016
2016-12-30 23:00:00+00:00,0.0,0.0,11.47,48.64,2.36,UKP_0004,0,2016
2016-12-31 00:00:00+00:00,0.0,0.0,11.2,48.95,2.39,UKP_0004,0,2016
2016-12-31 01:00:00+00:00,3.1,3.62,10.96,49.05,2.44,UKP_0004,0,2016
2016-12-31 02:00:00+00:00,89.72,93.78,12.53,49.32,2.34,UKP_0004,0,2016
2016-12-31 03:00:00+00:00,250.82,262.98,17.17,37.31,2.37,UKP_0004,0,2016
2016-12-31 04:00:00+00:00,401.95,410.83,20.07,32.26,2.17,UKP_0004,0,2016
2016-12-31 05:00:00+00:00,460.17,515.25,21.96,32.45,3.11,UKP_0004,0,2016
2016-12-31 06:00:00+00:00,567.05,629.58,22.98,31.8,3.44,UKP_0004,0,2016
2016-12-31 07:00:00+00:00,546.67,608.7,23.26,31.67,3.34,UKP_0004,0,2016
2016-12-31 08:00:00+00:00,445.83,521.95,23.23,31.97,2.95,UKP_0004,0,2016
2016-12-31 09:00:00+00:00,304.62,376.2,22.81,33.28,2.47,UKP_0004,0,2016
2016-12-31 10:00:00+00:00,165.05,196.12,21.02,45.13,1.56,UKP_0004,0,2016
2016-12-31 11:00:00+00:00,28.55,32.17,18.69,50.06,1.72,UKP_0004,0,2016
2016-12-31 12:00:00+00:00,0.0,0.0,17.83,50.26,1.55,UKP_0004,0,2016
2016-12-31 13:00:00+00:00,0.0,0.0,17.81,49.51,1.04,UKP_0004,0,2016
2016-12-31 14:00:00+00:00,0.0,0.0,17.55,49.43,0.1,UKP_0004,0,2016
2016-12-31 15:00:00+00:00,0.0,0.0,16.46,51.65,1.06,UKP_0004,0,2016
2016-12-31 16:00:00+00:00,0.0,0.0,14.61,57.32,1.95,UKP_0004,0,2016
2016-12-31 17:00:00+00:00,0.0,0.0,13.38,61.97,2.5,UKP_0004,0,2016
2016-12-31 18:00:00+00:00,0.0,0.0,12.75,64.14,2.79,UKP_0004,0,2016
2016-12-31 19:00:00+00:00,0.0,0.0,12.45,64.74,2.99,UKP_0004,0,2016
2016-12-31 20:00:00+00:00,0.0,0.0,12.27,64.5,3.12,UKP_0004,0,2016
2016-12-31 21:00:00+00:00,0.0,0.0,12.11,63.73,3.27,UKP_0004,0,2016
2016-12-31 22:00:00+00:00,0.0,0.0,11.99,62.56,3.35,UKP_0004,0,2016
2016-12-31 23:00:00+00:00,0.0,0.0,11.89,61.52,3.34,UKP_0004,0,2016
